county,chamber,district,days_out,ballots
APPLING,house,157,0,4
APPLING,house,157,1,19
APPLING,house,157,4,224
APPLING,house,157,5,148
APPLING,house,157,6,177
APPLING,house,157,7,140
APPLING,house,157,8,146
APPLING,house,157,10,93
APPLING,house,157,11,200
APPLING,house,157,12,140
APPLING,house,157,13,122
APPLING,house,157,14,137
APPLING,house,157,15,159
APPLING,house,157,17,33
APPLING,house,157,18,180
APPLING,house,157,19,146
APPLING,house,157,20,151
APPLING,house,157,21,163
APPLING,house,157,22,153
APPLING,house,157,25,8
APPLING,house,178,1,10
APPLING,house,178,4,121
APPLING,house,178,5,73
APPLING,house,178,6,85
APPLING,house,178,7,69
APPLING,house,178,8,61
APPLING,house,178,10,43
APPLING,house,178,11,115
APPLING,house,178,12,54
APPLING,house,178,13,60
APPLING,house,178,14,50
APPLING,house,178,15,63
APPLING,house,178,17,12
APPLING,house,178,18,59
APPLING,house,178,19,69
APPLING,house,178,20,60
APPLING,house,178,21,73
APPLING,house,178,22,68
APPLING,house,178,25,2
APPLING,senate,19,0,4
APPLING,senate,19,1,29
APPLING,senate,19,4,345
APPLING,senate,19,5,221
APPLING,senate,19,6,262
APPLING,senate,19,7,209
APPLING,senate,19,8,207
APPLING,senate,19,10,136
APPLING,senate,19,11,315
APPLING,senate,19,12,194
APPLING,senate,19,13,182
APPLING,senate,19,14,187
APPLING,senate,19,15,222
APPLING,senate,19,17,45
APPLING,senate,19,18,239
APPLING,senate,19,19,215
APPLING,senate,19,20,211
APPLING,senate,19,21,236
APPLING,senate,19,22,221
APPLING,senate,19,25,10
ATKINSON,house,176,0,1
ATKINSON,house,176,3,3
ATKINSON,house,176,4,146
ATKINSON,house,176,5,82
ATKINSON,house,176,6,65
ATKINSON,house,176,7,68
ATKINSON,house,176,8,53
ATKINSON,house,176,10,35
ATKINSON,house,176,11,86
ATKINSON,house,176,12,86
ATKINSON,house,176,13,63
ATKINSON,house,176,14,74
ATKINSON,house,176,15,70
ATKINSON,house,176,17,9
ATKINSON,house,176,18,79
ATKINSON,house,176,19,62
ATKINSON,house,176,20,54
ATKINSON,house,176,21,79
ATKINSON,house,176,22,57
ATKINSON,senate,8,0,1
ATKINSON,senate,8,3,3
ATKINSON,senate,8,4,146
ATKINSON,senate,8,5,82
ATKINSON,senate,8,6,65
ATKINSON,senate,8,7,68
ATKINSON,senate,8,8,53
ATKINSON,senate,8,10,35
ATKINSON,senate,8,11,86
ATKINSON,senate,8,12,86
ATKINSON,senate,8,13,63
ATKINSON,senate,8,14,74
ATKINSON,senate,8,15,70
ATKINSON,senate,8,17,9
ATKINSON,senate,8,18,79
ATKINSON,senate,8,19,62
ATKINSON,senate,8,20,54
ATKINSON,senate,8,21,79
ATKINSON,senate,8,22,57
BACON,house,178,0,5
BACON,house,178,1,6
BACON,house,178,4,326
BACON,house,178,5,202
BACON,house,178,6,158
BACON,house,178,7,153
BACON,house,178,8,133
BACON,house,178,10,87
BACON,house,178,11,222
BACON,house,178,12,182
BACON,house,178,13,122
BACON,house,178,14,163
BACON,house,178,15,149
BACON,house,178,17,40
BACON,house,178,18,196
BACON,house,178,19,178
BACON,house,178,20,118
BACON,house,178,21,156
BACON,house,178,22,146
BACON,house,178,25,8
BACON,house,178,26,2
BACON,house,178,27,2
BACON,senate,19,0,5
BACON,senate,19,1,6
BACON,senate,19,4,326
BACON,senate,19,5,202
BACON,senate,19,6,158
BACON,senate,19,7,153
BACON,senate,19,8,133
BACON,senate,19,10,87
BACON,senate,19,11,222
BACON,senate,19,12,182
BACON,senate,19,13,122
BACON,senate,19,14,163
BACON,senate,19,15,149
BACON,senate,19,17,40
BACON,senate,19,18,196
BACON,senate,19,19,178
BACON,senate,19,20,118
BACON,senate,19,21,156
BACON,senate,19,22,146
BACON,senate,19,25,8
BACON,senate,19,26,2
BACON,senate,19,27,2
BAKER,house,154,0,1
BAKER,house,154,1,5
BAKER,house,154,4,64
BAKER,house,154,5,48
BAKER,house,154,6,20
BAKER,house,154,7,39
BAKER,house,154,8,36
BAKER,house,154,10,25
BAKER,house,154,11,57
BAKER,house,154,12,28
BAKER,house,154,13,36
BAKER,house,154,14,30
BAKER,house,154,15,33
BAKER,house,154,17,8
BAKER,house,154,18,75
BAKER,house,154,19,49
BAKER,house,154,20,44
BAKER,house,154,21,58
BAKER,house,154,22,65
BAKER,house,154,23,3
BAKER,house,154,24,3
BAKER,house,154,25,1
BAKER,house,154,26,1
BAKER,house,154,27,1
BAKER,senate,12,0,1
BAKER,senate,12,1,5
BAKER,senate,12,4,64
BAKER,senate,12,5,48
BAKER,senate,12,6,20
BAKER,senate,12,7,39
BAKER,senate,12,8,36
BAKER,senate,12,10,25
BAKER,senate,12,11,57
BAKER,senate,12,12,28
BAKER,senate,12,13,36
BAKER,senate,12,14,30
BAKER,senate,12,15,33
BAKER,senate,12,17,8
BAKER,senate,12,18,75
BAKER,senate,12,19,49
BAKER,senate,12,20,44
BAKER,senate,12,21,58
BAKER,senate,12,22,65
BAKER,senate,12,23,3
BAKER,senate,12,24,3
BAKER,senate,12,25,1
BAKER,senate,12,26,1
BAKER,senate,12,27,1
BALDWIN,house,128,0,3
BALDWIN,house,128,1,8
BALDWIN,house,128,4,114
BALDWIN,house,128,5,83
BALDWIN,house,128,6,78
BALDWIN,house,128,7,86
BALDWIN,house,128,8,61
BALDWIN,house,128,10,68
BALDWIN,house,128,11,112
BALDWIN,house,128,12,81
BALDWIN,house,128,13,94
BALDWIN,house,128,14,132
BALDWIN,house,128,15,107
BALDWIN,house,128,16,13
BALDWIN,house,128,17,38
BALDWIN,house,128,18,122
BALDWIN,house,128,19,109
BALDWIN,house,128,20,110
BALDWIN,house,128,21,91
BALDWIN,house,128,22,82
BALDWIN,house,133,0,51
BALDWIN,house,133,1,52
BALDWIN,house,133,4,682
BALDWIN,house,133,5,457
BALDWIN,house,133,6,401
BALDWIN,house,133,7,368
BALDWIN,house,133,8,362
BALDWIN,house,133,10,291
BALDWIN,house,133,11,543
BALDWIN,house,133,12,420
BALDWIN,house,133,13,470
BALDWIN,house,133,14,493
BALDWIN,house,133,15,536
BALDWIN,house,133,16,80
BALDWIN,house,133,17,264
BALDWIN,house,133,18,598
BALDWIN,house,133,19,567
BALDWIN,house,133,20,657
BALDWIN,house,133,21,572
BALDWIN,house,133,22,572
BALDWIN,house,133,25,1
BALDWIN,house,133,27,1
BALDWIN,senate,25,0,54
BALDWIN,senate,25,1,60
BALDWIN,senate,25,4,796
BALDWIN,senate,25,5,540
BALDWIN,senate,25,6,479
BALDWIN,senate,25,7,454
BALDWIN,senate,25,8,423
BALDWIN,senate,25,10,359
BALDWIN,senate,25,11,655
BALDWIN,senate,25,12,501
BALDWIN,senate,25,13,564
BALDWIN,senate,25,14,625
BALDWIN,senate,25,15,643
BALDWIN,senate,25,16,93
BALDWIN,senate,25,17,302
BALDWIN,senate,25,18,720
BALDWIN,senate,25,19,676
BALDWIN,senate,25,20,767
BALDWIN,senate,25,21,663
BALDWIN,senate,25,22,654
BALDWIN,senate,25,25,1
BALDWIN,senate,25,27,1
BANKS,house,32,0,10
BANKS,house,32,1,9
BANKS,house,32,4,488
BANKS,house,32,5,342
BANKS,house,32,6,274
BANKS,house,32,7,267
BANKS,house,32,8,291
BANKS,house,32,10,183
BANKS,house,32,11,319
BANKS,house,32,12,267
BANKS,house,32,13,270
BANKS,house,32,14,273
BANKS,house,32,15,279
BANKS,house,32,17,146
BANKS,house,32,18,318
BANKS,house,32,19,240
BANKS,house,32,20,284
BANKS,house,32,21,259
BANKS,house,32,22,211
BANKS,house,32,25,7
BANKS,house,32,26,3
BANKS,house,32,46,2
BANKS,senate,50,0,10
BANKS,senate,50,1,9
BANKS,senate,50,4,488
BANKS,senate,50,5,342
BANKS,senate,50,6,274
BANKS,senate,50,7,267
BANKS,senate,50,8,291
BANKS,senate,50,10,183
BANKS,senate,50,11,319
BANKS,senate,50,12,267
BANKS,senate,50,13,270
BANKS,senate,50,14,273
BANKS,senate,50,15,279
BANKS,senate,50,17,146
BANKS,senate,50,18,318
BANKS,senate,50,19,240
BANKS,senate,50,20,284
BANKS,senate,50,21,259
BANKS,senate,50,22,211
BANKS,senate,50,25,7
BANKS,senate,50,26,3
BANKS,senate,50,46,2
BARROW,house,104,0,6
BARROW,house,104,1,21
BARROW,house,104,4,463
BARROW,house,104,5,265
BARROW,house,104,6,227
BARROW,house,104,7,185
BARROW,house,104,8,211
BARROW,house,104,10,217
BARROW,house,104,11,247
BARROW,house,104,12,177
BARROW,house,104,13,226
BARROW,house,104,14,198
BARROW,house,104,15,205
BARROW,house,104,17,216
BARROW,house,104,18,226
BARROW,house,104,19,215
BARROW,house,104,20,208
BARROW,house,104,21,190
BARROW,house,104,22,243
BARROW,house,104,25,1
BARROW,house,104,26,1
BARROW,house,104,36,2
BARROW,house,119,0,19
BARROW,house,119,1,38
BARROW,house,119,4,1157
BARROW,house,119,5,772
BARROW,house,119,6,613
BARROW,house,119,7,614
BARROW,house,119,8,686
BARROW,house,119,10,532
BARROW,house,119,11,656
BARROW,house,119,12,599
BARROW,house,119,13,651
BARROW,house,119,14,646
BARROW,house,119,15,747
BARROW,house,119,17,485
BARROW,house,119,18,768
BARROW,house,119,19,728
BARROW,house,119,20,818
BARROW,house,119,21,682
BARROW,house,119,22,798
BARROW,house,119,25,10
BARROW,house,119,26,3
BARROW,house,120,0,4
BARROW,house,120,1,4
BARROW,house,120,4,98
BARROW,house,120,5,66
BARROW,house,120,6,59
BARROW,house,120,7,47
BARROW,house,120,8,60
BARROW,house,120,10,66
BARROW,house,120,11,64
BARROW,house,120,12,52
BARROW,house,120,13,59
BARROW,house,120,14,45
BARROW,house,120,15,53
BARROW,house,120,17,46
BARROW,house,120,18,71
BARROW,house,120,19,68
BARROW,house,120,20,57
BARROW,house,120,21,53
BARROW,house,120,22,59
BARROW,senate,45,0,14
BARROW,senate,45,1,33
BARROW,senate,45,4,821
BARROW,senate,45,5,496
BARROW,senate,45,6,388
BARROW,senate,45,7,392
BARROW,senate,45,8,434
BARROW,senate,45,10,399
BARROW,senate,45,11,415
BARROW,senate,45,12,342
BARROW,senate,45,13,421
BARROW,senate,45,14,389
BARROW,senate,45,15,415
BARROW,senate,45,17,322
BARROW,senate,45,18,448
BARROW,senate,45,19,440
BARROW,senate,45,20,463
BARROW,senate,45,21,408
BARROW,senate,45,22,498
BARROW,senate,45,25,6
BARROW,senate,45,36,1
BARROW,senate,46,0,2
BARROW,senate,46,1,14
BARROW,senate,46,4,297
BARROW,senate,46,5,192
BARROW,senate,46,6,177
BARROW,senate,46,7,150
BARROW,senate,46,8,152
BARROW,senate,46,10,146
BARROW,senate,46,11,156
BARROW,senate,46,12,125
BARROW,senate,46,13,140
BARROW,senate,46,14,158
BARROW,senate,46,15,173
BARROW,senate,46,17,160
BARROW,senate,46,18,196
BARROW,senate,46,19,190
BARROW,senate,46,20,180
BARROW,senate,46,21,156
BARROW,senate,46,22,191
BARROW,senate,46,26,1
BARROW,senate,46,36,1
BARROW,senate,47,0,13
BARROW,senate,47,1,16
BARROW,senate,47,4,600
BARROW,senate,47,5,415
BARROW,senate,47,6,334
BARROW,senate,47,7,304
BARROW,senate,47,8,371
BARROW,senate,47,10,270
BARROW,senate,47,11,396
BARROW,senate,47,12,361
BARROW,senate,47,13,375
BARROW,senate,47,14,342
BARROW,senate,47,15,417
BARROW,senate,47,17,265
BARROW,senate,47,18,421
BARROW,senate,47,19,381
BARROW,senate,47,20,440
BARROW,senate,47,21,361
BARROW,senate,47,22,411
BARROW,senate,47,25,5
BARROW,senate,47,26,3
BARTOW,house,14,0,21
BARTOW,house,14,1,70
BARTOW,house,14,4,1095
BARTOW,house,14,5,829
BARTOW,house,14,6,823
BARTOW,house,14,7,780
BARTOW,house,14,8,883
BARTOW,house,14,10,290
BARTOW,house,14,11,551
BARTOW,house,14,12,373
BARTOW,house,14,13,460
BARTOW,house,14,14,469
BARTOW,house,14,15,524
BARTOW,house,14,17,267
BARTOW,house,14,18,516
BARTOW,house,14,19,467
BARTOW,house,14,20,466
BARTOW,house,14,21,422
BARTOW,house,14,22,476
BARTOW,house,14,23,1
BARTOW,house,14,25,5
BARTOW,house,14,26,9
BARTOW,house,15,0,41
BARTOW,house,15,1,54
BARTOW,house,15,3,1
BARTOW,house,15,4,1338
BARTOW,house,15,5,989
BARTOW,house,15,6,816
BARTOW,house,15,7,851
BARTOW,house,15,8,1069
BARTOW,house,15,9,1
BARTOW,house,15,10,292
BARTOW,house,15,11,764
BARTOW,house,15,12,545
BARTOW,house,15,13,602
BARTOW,house,15,14,700
BARTOW,house,15,15,741
BARTOW,house,15,16,1
BARTOW,house,15,17,260
BARTOW,house,15,18,770
BARTOW,house,15,19,663
BARTOW,house,15,20,766
BARTOW,house,15,21,715
BARTOW,house,15,22,748
BARTOW,house,15,25,35
BARTOW,house,15,26,14
BARTOW,house,15,27,2
BARTOW,senate,37,0,9
BARTOW,senate,37,1,11
BARTOW,senate,37,4,289
BARTOW,senate,37,5,232
BARTOW,senate,37,6,163
BARTOW,senate,37,7,203
BARTOW,senate,37,8,361
BARTOW,senate,37,10,44
BARTOW,senate,37,11,68
BARTOW,senate,37,12,62
BARTOW,senate,37,13,59
BARTOW,senate,37,14,86
BARTOW,senate,37,15,81
BARTOW,senate,37,17,25
BARTOW,senate,37,18,64
BARTOW,senate,37,19,50
BARTOW,senate,37,20,69
BARTOW,senate,37,21,60
BARTOW,senate,37,22,93
BARTOW,senate,52,0,53
BARTOW,senate,52,1,113
BARTOW,senate,52,3,1
BARTOW,senate,52,4,2144
BARTOW,senate,52,5,1586
BARTOW,senate,52,6,1476
BARTOW,senate,52,7,1428
BARTOW,senate,52,8,1591
BARTOW,senate,52,9,1
BARTOW,senate,52,10,538
BARTOW,senate,52,11,1247
BARTOW,senate,52,12,856
BARTOW,senate,52,13,1003
BARTOW,senate,52,14,1083
BARTOW,senate,52,15,1184
BARTOW,senate,52,16,1
BARTOW,senate,52,17,502
BARTOW,senate,52,18,1222
BARTOW,senate,52,19,1080
BARTOW,senate,52,20,1163
BARTOW,senate,52,21,1077
BARTOW,senate,52,22,1131
BARTOW,senate,52,23,1
BARTOW,senate,52,25,40
BARTOW,senate,52,26,23
BARTOW,senate,52,27,2
BEN HILL,house,148,1,2
BEN HILL,house,148,4,97
BEN HILL,house,148,5,55
BEN HILL,house,148,6,60
BEN HILL,house,148,7,69
BEN HILL,house,148,8,50
BEN HILL,house,148,10,26
BEN HILL,house,148,11,75
BEN HILL,house,148,12,52
BEN HILL,house,148,13,80
BEN HILL,house,148,14,53
BEN HILL,house,148,15,65
BEN HILL,house,148,17,32
BEN HILL,house,148,18,85
BEN HILL,house,148,19,85
BEN HILL,house,148,20,60
BEN HILL,house,148,21,92
BEN HILL,house,148,22,87
BEN HILL,house,156,0,5
BEN HILL,house,156,1,2
BEN HILL,house,156,4,202
BEN HILL,house,156,5,171
BEN HILL,house,156,6,127
BEN HILL,house,156,7,117
BEN HILL,house,156,8,143
BEN HILL,house,156,10,60
BEN HILL,house,156,11,164
BEN HILL,house,156,12,118
BEN HILL,house,156,13,131
BEN HILL,house,156,14,149
BEN HILL,house,156,15,145
BEN HILL,house,156,17,60
BEN HILL,house,156,18,188
BEN HILL,house,156,19,187
BEN HILL,house,156,20,168
BEN HILL,house,156,21,205
BEN HILL,house,156,22,256
BEN HILL,house,156,25,15
BEN HILL,house,156,26,6
BEN HILL,house,156,27,1
BEN HILL,house,156,28,1
BEN HILL,senate,13,0,5
BEN HILL,senate,13,1,4
BEN HILL,senate,13,4,299
BEN HILL,senate,13,5,226
BEN HILL,senate,13,6,187
BEN HILL,senate,13,7,186
BEN HILL,senate,13,8,193
BEN HILL,senate,13,10,86
BEN HILL,senate,13,11,239
BEN HILL,senate,13,12,170
BEN HILL,senate,13,13,211
BEN HILL,senate,13,14,202
BEN HILL,senate,13,15,210
BEN HILL,senate,13,17,92
BEN HILL,senate,13,18,273
BEN HILL,senate,13,19,272
BEN HILL,senate,13,20,228
BEN HILL,senate,13,21,297
BEN HILL,senate,13,22,343
BEN HILL,senate,13,25,15
BEN HILL,senate,13,26,6
BEN HILL,senate,13,27,1
BEN HILL,senate,13,28,1
BERRIEN,house,170,0,8
BERRIEN,house,170,1,16
BERRIEN,house,170,4,364
BERRIEN,house,170,5,201
BERRIEN,house,170,6,174
BERRIEN,house,170,7,179
BERRIEN,house,170,8,217
BERRIEN,house,170,10,120
BERRIEN,house,170,11,252
BERRIEN,house,170,12,157
BERRIEN,house,170,13,176
BERRIEN,house,170,14,158
BERRIEN,house,170,15,176
BERRIEN,house,170,17,111
BERRIEN,house,170,18,219
BERRIEN,house,170,19,175
BERRIEN,house,170,20,174
BERRIEN,house,170,21,182
BERRIEN,house,170,22,207
BERRIEN,house,170,25,7
BERRIEN,senate,13,0,8
BERRIEN,senate,13,1,16
BERRIEN,senate,13,4,364
BERRIEN,senate,13,5,201
BERRIEN,senate,13,6,174
BERRIEN,senate,13,7,179
BERRIEN,senate,13,8,217
BERRIEN,senate,13,10,120
BERRIEN,senate,13,11,252
BERRIEN,senate,13,12,157
BERRIEN,senate,13,13,176
BERRIEN,senate,13,14,158
BERRIEN,senate,13,15,176
BERRIEN,senate,13,17,111
BERRIEN,senate,13,18,219
BERRIEN,senate,13,19,175
BERRIEN,senate,13,20,174
BERRIEN,senate,13,21,182
BERRIEN,senate,13,22,207
BERRIEN,senate,13,25,7
BIBB,house,142,0,88
BIBB,house,142,1,64
BIBB,house,142,3,74
BIBB,house,142,4,958
BIBB,house,142,5,753
BIBB,house,142,6,715
BIBB,house,142,7,639
BIBB,house,142,8,725
BIBB,house,142,9,258
BIBB,house,142,10,417
BIBB,house,142,11,608
BIBB,house,142,12,655
BIBB,house,142,13,867
BIBB,house,142,14,703
BIBB,house,142,15,687
BIBB,house,142,16,192
BIBB,house,142,17,547
BIBB,house,142,18,807
BIBB,house,142,19,647
BIBB,house,142,20,686
BIBB,house,142,21,647
BIBB,house,142,22,594
BIBB,house,142,24,2
BIBB,house,142,28,1
BIBB,house,143,0,111
BIBB,house,143,1,73
BIBB,house,143,3,52
BIBB,house,143,4,904
BIBB,house,143,5,576
BIBB,house,143,6,598
BIBB,house,143,7,475
BIBB,house,143,8,548
BIBB,house,143,9,165
BIBB,house,143,10,354
BIBB,house,143,11,557
BIBB,house,143,12,492
BIBB,house,143,13,720
BIBB,house,143,14,574
BIBB,house,143,15,594
BIBB,house,143,16,160
BIBB,house,143,17,443
BIBB,house,143,18,657
BIBB,house,143,19,615
BIBB,house,143,20,634
BIBB,house,143,21,665
BIBB,house,143,22,577
BIBB,house,143,24,16
BIBB,house,143,27,1
BIBB,house,143,32,1
BIBB,house,144,0,60
BIBB,house,144,1,40
BIBB,house,144,3,34
BIBB,house,144,4,735
BIBB,house,144,5,512
BIBB,house,144,6,527
BIBB,house,144,7,439
BIBB,house,144,8,491
BIBB,house,144,9,105
BIBB,house,144,10,228
BIBB,house,144,11,439
BIBB,house,144,12,364
BIBB,house,144,13,469
BIBB,house,144,14,379
BIBB,house,144,15,470
BIBB,house,144,16,99
BIBB,house,144,17,335
BIBB,house,144,18,509
BIBB,house,144,19,364
BIBB,house,144,20,371
BIBB,house,144,21,370
BIBB,house,144,22,304
BIBB,house,145,0,7
BIBB,house,145,1,1
BIBB,house,145,3,7
BIBB,house,145,4,80
BIBB,house,145,5,51
BIBB,house,145,6,58
BIBB,house,145,7,36
BIBB,house,145,8,33
BIBB,house,145,9,8
BIBB,house,145,10,40
BIBB,house,145,11,57
BIBB,house,145,12,57
BIBB,house,145,13,71
BIBB,house,145,14,54
BIBB,house,145,15,56
BIBB,house,145,16,11
BIBB,house,145,17,47
BIBB,house,145,18,32
BIBB,house,145,19,45
BIBB,house,145,20,70
BIBB,house,145,21,52
BIBB,house,145,22,36
BIBB,senate,18,0,101
BIBB,senate,18,1,56
BIBB,senate,18,3,57
BIBB,senate,18,4,1064
BIBB,senate,18,5,796
BIBB,senate,18,6,779
BIBB,senate,18,7,659
BIBB,senate,18,8,754
BIBB,senate,18,9,191
BIBB,senate,18,10,373
BIBB,senate,18,11,678
BIBB,senate,18,12,615
BIBB,senate,18,13,802
BIBB,senate,18,14,653
BIBB,senate,18,15,752
BIBB,senate,18,16,168
BIBB,senate,18,17,539
BIBB,senate,18,18,795
BIBB,senate,18,19,633
BIBB,senate,18,20,645
BIBB,senate,18,21,636
BIBB,senate,18,22,485
BIBB,senate,18,28,1
BIBB,senate,25,0,27
BIBB,senate,25,1,17
BIBB,senate,25,3,14
BIBB,senate,25,4,339
BIBB,senate,25,5,212
BIBB,senate,25,6,210
BIBB,senate,25,7,189
BIBB,senate,25,8,208
BIBB,senate,25,9,70
BIBB,senate,25,10,111
BIBB,senate,25,11,195
BIBB,senate,25,12,199
BIBB,senate,25,13,251
BIBB,senate,25,14,179
BIBB,senate,25,15,206
BIBB,senate,25,16,23
BIBB,senate,25,17,136
BIBB,senate,25,18,238
BIBB,senate,25,19,197
BIBB,senate,25,20,170
BIBB,senate,25,21,210
BIBB,senate,25,22,198
BIBB,senate,25,24,1
BIBB,senate,26,0,138
BIBB,senate,26,1,105
BIBB,senate,26,3,96
BIBB,senate,26,4,1274
BIBB,senate,26,5,884
BIBB,senate,26,6,909
BIBB,senate,26,7,741
BIBB,senate,26,8,835
BIBB,senate,26,9,275
BIBB,senate,26,10,555
BIBB,senate,26,11,788
BIBB,senate,26,12,754
BIBB,senate,26,13,1074
BIBB,senate,26,14,878
BIBB,senate,26,15,849
BIBB,senate,26,16,271
BIBB,senate,26,17,697
BIBB,senate,26,18,972
BIBB,senate,26,19,841
BIBB,senate,26,20,946
BIBB,senate,26,21,888
BIBB,senate,26,22,828
BIBB,senate,26,24,17
BIBB,senate,26,27,1
BIBB,senate,26,32,1
BLECKLEY,house,149,0,5
BLECKLEY,house,149,1,21
BLECKLEY,house,149,4,312
BLECKLEY,house,149,5,163
BLECKLEY,house,149,6,114
BLECKLEY,house,149,7,134
BLECKLEY,house,149,8,158
BLECKLEY,house,149,10,87
BLECKLEY,house,149,11,172
BLECKLEY,house,149,12,188
BLECKLEY,house,149,13,129
BLECKLEY,house,149,14,150
BLECKLEY,house,149,15,171
BLECKLEY,house,149,17,159
BLECKLEY,house,149,18,195
BLECKLEY,house,149,19,189
BLECKLEY,house,149,20,169
BLECKLEY,house,149,21,224
BLECKLEY,house,149,22,222
BLECKLEY,senate,20,0,5
BLECKLEY,senate,20,1,21
BLECKLEY,senate,20,4,312
BLECKLEY,senate,20,5,163
BLECKLEY,senate,20,6,114
BLECKLEY,senate,20,7,134
BLECKLEY,senate,20,8,158
BLECKLEY,senate,20,10,87
BLECKLEY,senate,20,11,172
BLECKLEY,senate,20,12,188
BLECKLEY,senate,20,13,129
BLECKLEY,senate,20,14,150
BLECKLEY,senate,20,15,171
BLECKLEY,senate,20,17,159
BLECKLEY,senate,20,18,195
BLECKLEY,senate,20,19,189
BLECKLEY,senate,20,20,169
BLECKLEY,senate,20,21,224
BLECKLEY,senate,20,22,222
BRANTLEY,house,174,0,1
BRANTLEY,house,174,1,8
BRANTLEY,house,174,4,269
BRANTLEY,house,174,5,203
BRANTLEY,house,174,6,158
BRANTLEY,house,174,7,168
BRANTLEY,house,174,8,151
BRANTLEY,house,174,10,119
BRANTLEY,house,174,11,229
BRANTLEY,house,174,12,131
BRANTLEY,house,174,13,144
BRANTLEY,house,174,14,154
BRANTLEY,house,174,15,199
BRANTLEY,house,174,17,93
BRANTLEY,house,174,18,196
BRANTLEY,house,174,19,206
BRANTLEY,house,174,20,193
BRANTLEY,house,174,21,211
BRANTLEY,house,174,22,172
BRANTLEY,house,174,25,4
BRANTLEY,senate,3,0,1
BRANTLEY,senate,3,1,8
BRANTLEY,senate,3,4,269
BRANTLEY,senate,3,5,203
BRANTLEY,senate,3,6,158
BRANTLEY,senate,3,7,168
BRANTLEY,senate,3,8,151
BRANTLEY,senate,3,10,119
BRANTLEY,senate,3,11,229
BRANTLEY,senate,3,12,131
BRANTLEY,senate,3,13,144
BRANTLEY,senate,3,14,154
BRANTLEY,senate,3,15,199
BRANTLEY,senate,3,17,93
BRANTLEY,senate,3,18,196
BRANTLEY,senate,3,19,206
BRANTLEY,senate,3,20,193
BRANTLEY,senate,3,21,211
BRANTLEY,senate,3,22,172
BRANTLEY,senate,3,25,4
BROOKS,house,175,0,31
BROOKS,house,175,1,13
BROOKS,house,175,4,286
BROOKS,house,175,5,186
BROOKS,house,175,6,184
BROOKS,house,175,7,169
BROOKS,house,175,8,192
BROOKS,house,175,10,102
BROOKS,house,175,11,182
BROOKS,house,175,12,154
BROOKS,house,175,13,171
BROOKS,house,175,14,137
BROOKS,house,175,15,192
BROOKS,house,175,17,55
BROOKS,house,175,18,214
BROOKS,house,175,19,175
BROOKS,house,175,20,179
BROOKS,house,175,21,195
BROOKS,house,175,22,161
BROOKS,house,175,26,14
BROOKS,senate,11,0,31
BROOKS,senate,11,1,13
BROOKS,senate,11,4,286
BROOKS,senate,11,5,182
BROOKS,senate,11,6,181
BROOKS,senate,11,7,168
BROOKS,senate,11,8,184
BROOKS,senate,11,10,100
BROOKS,senate,11,11,180
BROOKS,senate,11,12,151
BROOKS,senate,11,13,168
BROOKS,senate,11,14,129
BROOKS,senate,11,15,183
BROOKS,senate,11,17,54
BROOKS,senate,11,18,211
BROOKS,senate,11,19,172
BROOKS,senate,11,20,177
BROOKS,senate,11,21,193
BROOKS,senate,11,22,161
BROOKS,senate,11,26,14
BROOKS,senate,8,5,4
BROOKS,senate,8,6,3
BROOKS,senate,8,7,1
BROOKS,senate,8,8,8
BROOKS,senate,8,10,2
BROOKS,senate,8,11,2
BROOKS,senate,8,12,3
BROOKS,senate,8,13,3
BROOKS,senate,8,14,8
BROOKS,senate,8,15,9
BROOKS,senate,8,17,1
BROOKS,senate,8,18,3
BROOKS,senate,8,19,3
BROOKS,senate,8,20,2
BROOKS,senate,8,21,2
BRYAN,house,160,0,3
BRYAN,house,160,1,9
BRYAN,house,160,4,235
BRYAN,house,160,5,168
BRYAN,house,160,6,131
BRYAN,house,160,7,110
BRYAN,house,160,8,125
BRYAN,house,160,10,79
BRYAN,house,160,11,141
BRYAN,house,160,12,102
BRYAN,house,160,13,120
BRYAN,house,160,14,120
BRYAN,house,160,15,149
BRYAN,house,160,17,75
BRYAN,house,160,18,135
BRYAN,house,160,19,145
BRYAN,house,160,20,145
BRYAN,house,160,21,138
BRYAN,house,160,22,151
BRYAN,house,160,25,1
BRYAN,house,160,26,1
BRYAN,house,164,0,11
BRYAN,house,164,1,25
BRYAN,house,164,3,7
BRYAN,house,164,4,516
BRYAN,house,164,5,319
BRYAN,house,164,6,245
BRYAN,house,164,7,201
BRYAN,house,164,8,258
BRYAN,house,164,10,276
BRYAN,house,164,11,338
BRYAN,house,164,12,226
BRYAN,house,164,13,244
BRYAN,house,164,14,210
BRYAN,house,164,15,290
BRYAN,house,164,17,242
BRYAN,house,164,18,397
BRYAN,house,164,19,230
BRYAN,house,164,20,323
BRYAN,house,164,21,313
BRYAN,house,164,22,367
BRYAN,house,164,26,1
BRYAN,house,164,28,4
BRYAN,house,164,32,3
BRYAN,house,164,34,2
BRYAN,house,166,0,2
BRYAN,house,166,1,11
BRYAN,house,166,4,476
BRYAN,house,166,5,259
BRYAN,house,166,6,228
BRYAN,house,166,7,207
BRYAN,house,166,8,229
BRYAN,house,166,10,204
BRYAN,house,166,11,300
BRYAN,house,166,12,208
BRYAN,house,166,13,205
BRYAN,house,166,14,191
BRYAN,house,166,15,240
BRYAN,house,166,17,193
BRYAN,house,166,18,303
BRYAN,house,166,19,223
BRYAN,house,166,20,236
BRYAN,house,166,21,239
BRYAN,house,166,22,244
BRYAN,house,166,36,1
BRYAN,senate,1,0,16
BRYAN,senate,1,1,45
BRYAN,senate,1,3,7
BRYAN,senate,1,4,1227
BRYAN,senate,1,5,746
BRYAN,senate,1,6,604
BRYAN,senate,1,7,518
BRYAN,senate,1,8,612
BRYAN,senate,1,10,559
BRYAN,senate,1,11,779
BRYAN,senate,1,12,536
BRYAN,senate,1,13,569
BRYAN,senate,1,14,521
BRYAN,senate,1,15,679
BRYAN,senate,1,17,510
BRYAN,senate,1,18,835
BRYAN,senate,1,19,598
BRYAN,senate,1,20,704
BRYAN,senate,1,21,690
BRYAN,senate,1,22,762
BRYAN,senate,1,25,1
BRYAN,senate,1,26,2
BRYAN,senate,1,28,4
BRYAN,senate,1,32,3
BRYAN,senate,1,34,2
BRYAN,senate,1,36,1
BULLOCH,house,158,0,6
BULLOCH,house,158,1,27
BULLOCH,house,158,4,362
BULLOCH,house,158,5,235
BULLOCH,house,158,6,236
BULLOCH,house,158,7,191
BULLOCH,house,158,8,235
BULLOCH,house,158,10,116
BULLOCH,house,158,11,197
BULLOCH,house,158,12,246
BULLOCH,house,158,13,232
BULLOCH,house,158,14,225
BULLOCH,house,158,15,208
BULLOCH,house,158,17,81
BULLOCH,house,158,18,271
BULLOCH,house,158,19,218
BULLOCH,house,158,20,203
BULLOCH,house,158,21,204
BULLOCH,house,158,22,209
BULLOCH,house,158,25,12
BULLOCH,house,158,26,1
BULLOCH,house,158,33,1
BULLOCH,house,159,0,1
BULLOCH,house,159,1,7
BULLOCH,house,159,4,250
BULLOCH,house,159,5,178
BULLOCH,house,159,6,133
BULLOCH,house,159,7,129
BULLOCH,house,159,8,150
BULLOCH,house,159,10,74
BULLOCH,house,159,11,131
BULLOCH,house,159,12,151
BULLOCH,house,159,13,159
BULLOCH,house,159,14,165
BULLOCH,house,159,15,137
BULLOCH,house,159,17,74
BULLOCH,house,159,18,158
BULLOCH,house,159,19,122
BULLOCH,house,159,20,150
BULLOCH,house,159,21,131
BULLOCH,house,159,22,177
BULLOCH,house,159,25,5
BULLOCH,house,160,0,16
BULLOCH,house,160,1,52
BULLOCH,house,160,4,664
BULLOCH,house,160,5,479
BULLOCH,house,160,6,406
BULLOCH,house,160,7,388
BULLOCH,house,160,8,361
BULLOCH,house,160,10,198
BULLOCH,house,160,11,388
BULLOCH,house,160,12,402
BULLOCH,house,160,13,354
BULLOCH,house,160,14,403
BULLOCH,house,160,15,375
BULLOCH,house,160,17,170
BULLOCH,house,160,18,405
BULLOCH,house,160,19,318
BULLOCH,house,160,20,358
BULLOCH,house,160,21,333
BULLOCH,house,160,22,338
BULLOCH,house,160,25,10
BULLOCH,house,160,26,1
BULLOCH,house,160,33,2
BULLOCH,house,160,46,2
BULLOCH,senate,4,0,23
BULLOCH,senate,4,1,86
BULLOCH,senate,4,4,1276
BULLOCH,senate,4,5,892
BULLOCH,senate,4,6,775
BULLOCH,senate,4,7,708
BULLOCH,senate,4,8,746
BULLOCH,senate,4,10,388
BULLOCH,senate,4,11,716
BULLOCH,senate,4,12,799
BULLOCH,senate,4,13,745
BULLOCH,senate,4,14,793
BULLOCH,senate,4,15,720
BULLOCH,senate,4,17,325
BULLOCH,senate,4,18,834
BULLOCH,senate,4,19,658
BULLOCH,senate,4,20,711
BULLOCH,senate,4,21,668
BULLOCH,senate,4,22,724
BULLOCH,senate,4,25,27
BULLOCH,senate,4,26,2
BULLOCH,senate,4,33,3
BULLOCH,senate,4,46,2
BURKE,house,126,0,11
BURKE,house,126,1,20
BURKE,house,126,3,10
BURKE,house,126,4,452
BURKE,house,126,5,305
BURKE,house,126,6,210
BURKE,house,126,7,210
BURKE,house,126,8,233
BURKE,house,126,10,176
BURKE,house,126,11,246
BURKE,house,126,12,208
BURKE,house,126,13,232
BURKE,house,126,14,194
BURKE,house,126,15,259
BURKE,house,126,17,153
BURKE,house,126,18,271
BURKE,house,126,19,300
BURKE,house,126,20,230
BURKE,house,126,21,271
BURKE,house,126,22,267
BURKE,house,126,25,5
BURKE,house,126,26,2
BURKE,senate,23,0,11
BURKE,senate,23,1,20
BURKE,senate,23,3,10
BURKE,senate,23,4,452
BURKE,senate,23,5,305
BURKE,senate,23,6,210
BURKE,senate,23,7,210
BURKE,senate,23,8,233
BURKE,senate,23,10,176
BURKE,senate,23,11,246
BURKE,senate,23,12,208
BURKE,senate,23,13,232
BURKE,senate,23,14,194
BURKE,senate,23,15,259
BURKE,senate,23,17,153
BURKE,senate,23,18,271
BURKE,senate,23,19,300
BURKE,senate,23,20,230
BURKE,senate,23,21,271
BURKE,senate,23,22,267
BURKE,senate,23,25,5
BURKE,senate,23,26,2
BUTTS,house,118,0,26
BUTTS,house,118,1,8
BUTTS,house,118,4,688
BUTTS,house,118,5,405
BUTTS,house,118,6,348
BUTTS,house,118,7,376
BUTTS,house,118,8,367
BUTTS,house,118,10,231
BUTTS,house,118,11,455
BUTTS,house,118,12,374
BUTTS,house,118,13,342
BUTTS,house,118,14,423
BUTTS,house,118,15,423
BUTTS,house,118,17,271
BUTTS,house,118,18,532
BUTTS,house,118,19,456
BUTTS,house,118,20,526
BUTTS,house,118,21,627
BUTTS,house,118,22,566
BUTTS,house,118,25,3
BUTTS,house,118,26,1
BUTTS,house,118,33,1
BUTTS,senate,25,0,26
BUTTS,senate,25,1,8
BUTTS,senate,25,4,688
BUTTS,senate,25,5,405
BUTTS,senate,25,6,348
BUTTS,senate,25,7,376
BUTTS,senate,25,8,367
BUTTS,senate,25,10,231
BUTTS,senate,25,11,455
BUTTS,senate,25,12,374
BUTTS,senate,25,13,342
BUTTS,senate,25,14,423
BUTTS,senate,25,15,423
BUTTS,senate,25,17,271
BUTTS,senate,25,18,532
BUTTS,senate,25,19,456
BUTTS,senate,25,20,526
BUTTS,senate,25,21,627
BUTTS,senate,25,22,566
BUTTS,senate,25,25,3
BUTTS,senate,25,26,1
BUTTS,senate,25,33,1
CALHOUN,house,154,1,3
CALHOUN,house,154,4,92
CALHOUN,house,154,5,53
CALHOUN,house,154,6,40
CALHOUN,house,154,7,35
CALHOUN,house,154,8,48
CALHOUN,house,154,10,40
CALHOUN,house,154,11,39
CALHOUN,house,154,12,59
CALHOUN,house,154,13,40
CALHOUN,house,154,14,36
CALHOUN,house,154,15,52
CALHOUN,house,154,17,12
CALHOUN,house,154,18,65
CALHOUN,house,154,19,51
CALHOUN,house,154,20,83
CALHOUN,house,154,21,59
CALHOUN,house,154,22,79
CALHOUN,house,154,25,2
CALHOUN,senate,12,1,3
CALHOUN,senate,12,4,92
CALHOUN,senate,12,5,53
CALHOUN,senate,12,6,40
CALHOUN,senate,12,7,35
CALHOUN,senate,12,8,48
CALHOUN,senate,12,10,40
CALHOUN,senate,12,11,39
CALHOUN,senate,12,12,59
CALHOUN,senate,12,13,40
CALHOUN,senate,12,14,36
CALHOUN,senate,12,15,52
CALHOUN,senate,12,17,12
CALHOUN,senate,12,18,65
CALHOUN,senate,12,19,51
CALHOUN,senate,12,20,83
CALHOUN,senate,12,21,59
CALHOUN,senate,12,22,79
CALHOUN,senate,12,25,2
CAMDEN,house,180,0,29
CAMDEN,house,180,1,39
CAMDEN,house,180,2,20
CAMDEN,house,180,4,844
CAMDEN,house,180,5,584
CAMDEN,house,180,6,479
CAMDEN,house,180,7,442
CAMDEN,house,180,8,444
CAMDEN,house,180,10,503
CAMDEN,house,180,11,927
CAMDEN,house,180,12,643
CAMDEN,house,180,13,733
CAMDEN,house,180,14,674
CAMDEN,house,180,15,895
CAMDEN,house,180,17,325
CAMDEN,house,180,18,660
CAMDEN,house,180,19,650
CAMDEN,house,180,20,658
CAMDEN,house,180,21,694
CAMDEN,house,180,22,771
CAMDEN,house,180,25,4
CAMDEN,house,180,33,3
CAMDEN,house,180,35,1
CAMDEN,house,180,36,1
CAMDEN,house,180,37,1
CAMDEN,senate,3,0,29
CAMDEN,senate,3,1,39
CAMDEN,senate,3,2,20
CAMDEN,senate,3,4,844
CAMDEN,senate,3,5,584
CAMDEN,senate,3,6,479
CAMDEN,senate,3,7,442
CAMDEN,senate,3,8,444
CAMDEN,senate,3,10,503
CAMDEN,senate,3,11,927
CAMDEN,senate,3,12,643
CAMDEN,senate,3,13,733
CAMDEN,senate,3,14,674
CAMDEN,senate,3,15,895
CAMDEN,senate,3,17,325
CAMDEN,senate,3,18,660
CAMDEN,senate,3,19,650
CAMDEN,senate,3,20,658
CAMDEN,senate,3,21,694
CAMDEN,senate,3,22,771
CAMDEN,senate,3,25,4
CAMDEN,senate,3,33,3
CAMDEN,senate,3,35,1
CAMDEN,senate,3,36,1
CAMDEN,senate,3,37,1
CANDLER,house,158,0,3
CANDLER,house,158,1,8
CANDLER,house,158,4,264
CANDLER,house,158,5,152
CANDLER,house,158,6,142
CANDLER,house,158,7,142
CANDLER,house,158,8,127
CANDLER,house,158,10,88
CANDLER,house,158,11,197
CANDLER,house,158,12,137
CANDLER,house,158,13,169
CANDLER,house,158,14,152
CANDLER,house,158,15,186
CANDLER,house,158,17,58
CANDLER,house,158,18,158
CANDLER,house,158,19,141
CANDLER,house,158,20,155
CANDLER,house,158,21,164
CANDLER,house,158,22,107
CANDLER,senate,4,0,3
CANDLER,senate,4,1,8
CANDLER,senate,4,4,264
CANDLER,senate,4,5,152
CANDLER,senate,4,6,142
CANDLER,senate,4,7,142
CANDLER,senate,4,8,127
CANDLER,senate,4,10,88
CANDLER,senate,4,11,197
CANDLER,senate,4,12,137
CANDLER,senate,4,13,169
CANDLER,senate,4,14,152
CANDLER,senate,4,15,186
CANDLER,senate,4,17,58
CANDLER,senate,4,18,158
CANDLER,senate,4,19,141
CANDLER,senate,4,20,155
CANDLER,senate,4,21,164
CANDLER,senate,4,22,107
CARROLL,house,18,0,5
CARROLL,house,18,1,15
CARROLL,house,18,4,355
CARROLL,house,18,5,221
CARROLL,house,18,6,182
CARROLL,house,18,7,182
CARROLL,house,18,8,216
CARROLL,house,18,10,138
CARROLL,house,18,11,219
CARROLL,house,18,12,162
CARROLL,house,18,13,172
CARROLL,house,18,14,172
CARROLL,house,18,15,200
CARROLL,house,18,17,88
CARROLL,house,18,18,205
CARROLL,house,18,19,190
CARROLL,house,18,20,210
CARROLL,house,18,21,178
CARROLL,house,18,22,195
CARROLL,house,18,25,2
CARROLL,house,70,4,44
CARROLL,house,70,5,49
CARROLL,house,70,6,38
CARROLL,house,70,7,16
CARROLL,house,70,8,24
CARROLL,house,70,10,14
CARROLL,house,70,11,31
CARROLL,house,70,12,20
CARROLL,house,70,13,24
CARROLL,house,70,14,30
CARROLL,house,70,15,25
CARROLL,house,70,17,13
CARROLL,house,70,18,30
CARROLL,house,70,19,24
CARROLL,house,70,20,31
CARROLL,house,70,21,30
CARROLL,house,70,22,31
CARROLL,house,71,0,16
CARROLL,house,71,1,35
CARROLL,house,71,4,1467
CARROLL,house,71,5,1104
CARROLL,house,71,6,1013
CARROLL,house,71,7,1086
CARROLL,house,71,8,1470
CARROLL,house,71,10,379
CARROLL,house,71,11,544
CARROLL,house,71,12,431
CARROLL,house,71,13,500
CARROLL,house,71,14,476
CARROLL,house,71,15,559
CARROLL,house,71,17,349
CARROLL,house,71,18,489
CARROLL,house,71,19,550
CARROLL,house,71,20,618
CARROLL,house,71,21,614
CARROLL,house,71,22,664
CARROLL,house,71,25,7
CARROLL,house,72,0,13
CARROLL,house,72,1,30
CARROLL,house,72,4,751
CARROLL,house,72,5,491
CARROLL,house,72,6,378
CARROLL,house,72,7,350
CARROLL,house,72,8,410
CARROLL,house,72,10,233
CARROLL,house,72,11,447
CARROLL,house,72,12,345
CARROLL,house,72,13,362
CARROLL,house,72,14,388
CARROLL,house,72,15,533
CARROLL,house,72,17,210
CARROLL,house,72,18,505
CARROLL,house,72,19,449
CARROLL,house,72,20,453
CARROLL,house,72,21,488
CARROLL,house,72,22,471
CARROLL,house,72,25,5
CARROLL,house,72,26,3
CARROLL,house,72,36,1
CARROLL,senate,30,0,34
CARROLL,senate,30,1,80
CARROLL,senate,30,4,2617
CARROLL,senate,30,5,1865
CARROLL,senate,30,6,1611
CARROLL,senate,30,7,1634
CARROLL,senate,30,8,2120
CARROLL,senate,30,10,764
CARROLL,senate,30,11,1241
CARROLL,senate,30,12,958
CARROLL,senate,30,13,1058
CARROLL,senate,30,14,1066
CARROLL,senate,30,15,1317
CARROLL,senate,30,17,660
CARROLL,senate,30,18,1229
CARROLL,senate,30,19,1213
CARROLL,senate,30,20,1312
CARROLL,senate,30,21,1310
CARROLL,senate,30,22,1361
CARROLL,senate,30,25,14
CARROLL,senate,30,26,3
CARROLL,senate,30,36,1
CATOOSA,house,2,0,2
CATOOSA,house,2,1,15
CATOOSA,house,2,4,166
CATOOSA,house,2,5,150
CATOOSA,house,2,6,109
CATOOSA,house,2,7,91
CATOOSA,house,2,8,102
CATOOSA,house,2,10,89
CATOOSA,house,2,11,123
CATOOSA,house,2,12,101
CATOOSA,house,2,13,125
CATOOSA,house,2,14,106
CATOOSA,house,2,15,111
CATOOSA,house,2,17,63
CATOOSA,house,2,18,126
CATOOSA,house,2,19,105
CATOOSA,house,2,20,102
CATOOSA,house,2,21,102
CATOOSA,house,2,22,101
CATOOSA,house,3,0,26
CATOOSA,house,3,1,59
CATOOSA,house,3,4,1092
CATOOSA,house,3,5,1088
CATOOSA,house,3,6,622
CATOOSA,house,3,7,676
CATOOSA,house,3,8,673
CATOOSA,house,3,10,516
CATOOSA,house,3,11,902
CATOOSA,house,3,12,601
CATOOSA,house,3,13,578
CATOOSA,house,3,14,725
CATOOSA,house,3,15,772
CATOOSA,house,3,17,361
CATOOSA,house,3,18,926
CATOOSA,house,3,19,814
CATOOSA,house,3,20,948
CATOOSA,house,3,21,844
CATOOSA,house,3,22,858
CATOOSA,house,3,25,11
CATOOSA,house,3,32,1
CATOOSA,house,3,36,1
CATOOSA,senate,53,0,28
CATOOSA,senate,53,1,74
CATOOSA,senate,53,4,1258
CATOOSA,senate,53,5,1238
CATOOSA,senate,53,6,731
CATOOSA,senate,53,7,767
CATOOSA,senate,53,8,775
CATOOSA,senate,53,10,605
CATOOSA,senate,53,11,1025
CATOOSA,senate,53,12,702
CATOOSA,senate,53,13,703
CATOOSA,senate,53,14,831
CATOOSA,senate,53,15,883
CATOOSA,senate,53,17,424
CATOOSA,senate,53,18,1052
CATOOSA,senate,53,19,919
CATOOSA,senate,53,20,1050
CATOOSA,senate,53,21,946
CATOOSA,senate,53,22,959
CATOOSA,senate,53,25,11
CATOOSA,senate,53,32,1
CATOOSA,senate,53,36,1
CHARLTON,house,174,0,3
CHARLTON,house,174,1,5
CHARLTON,house,174,4,180
CHARLTON,house,174,5,120
CHARLTON,house,174,6,84
CHARLTON,house,174,7,75
CHARLTON,house,174,8,86
CHARLTON,house,174,10,52
CHARLTON,house,174,11,125
CHARLTON,house,174,12,81
CHARLTON,house,174,13,96
CHARLTON,house,174,14,111
CHARLTON,house,174,15,131
CHARLTON,house,174,17,26
CHARLTON,house,174,18,133
CHARLTON,house,174,19,125
CHARLTON,house,174,20,118
CHARLTON,house,174,21,137
CHARLTON,house,174,22,162
CHARLTON,house,174,25,6
CHARLTON,house,174,42,1
CHARLTON,senate,3,0,3
CHARLTON,senate,3,1,5
CHARLTON,senate,3,4,180
CHARLTON,senate,3,5,120
CHARLTON,senate,3,6,84
CHARLTON,senate,3,7,75
CHARLTON,senate,3,8,86
CHARLTON,senate,3,10,52
CHARLTON,senate,3,11,125
CHARLTON,senate,3,12,81
CHARLTON,senate,3,13,96
CHARLTON,senate,3,14,111
CHARLTON,senate,3,15,131
CHARLTON,senate,3,17,26
CHARLTON,senate,3,18,133
CHARLTON,senate,3,19,125
CHARLTON,senate,3,20,118
CHARLTON,senate,3,21,137
CHARLTON,senate,3,22,162
CHARLTON,senate,3,25,6
CHARLTON,senate,3,42,1
CHATHAM,house,161,0,20
CHATHAM,house,161,1,30
CHATHAM,house,161,2,13
CHATHAM,house,161,3,11
CHATHAM,house,161,4,402
CHATHAM,house,161,5,305
CHATHAM,house,161,6,232
CHATHAM,house,161,7,215
CHATHAM,house,161,8,252
CHATHAM,house,161,9,105
CHATHAM,house,161,10,98
CHATHAM,house,161,11,240
CHATHAM,house,161,12,187
CHATHAM,house,161,13,219
CHATHAM,house,161,14,191
CHATHAM,house,161,15,251
CHATHAM,house,161,16,37
CHATHAM,house,161,17,137
CHATHAM,house,161,18,269
CHATHAM,house,161,19,177
CHATHAM,house,161,20,220
CHATHAM,house,161,21,242
CHATHAM,house,161,22,211
CHATHAM,house,161,24,1
CHATHAM,house,161,25,5
CHATHAM,house,161,33,2
CHATHAM,house,161,42,3
CHATHAM,house,162,0,87
CHATHAM,house,162,1,74
CHATHAM,house,162,2,34
CHATHAM,house,162,3,46
CHATHAM,house,162,4,920
CHATHAM,house,162,5,740
CHATHAM,house,162,6,599
CHATHAM,house,162,7,507
CHATHAM,house,162,8,611
CHATHAM,house,162,9,223
CHATHAM,house,162,10,243
CHATHAM,house,162,11,614
CHATHAM,house,162,12,475
CHATHAM,house,162,13,532
CHATHAM,house,162,14,504
CHATHAM,house,162,15,631
CHATHAM,house,162,16,154
CHATHAM,house,162,17,269
CHATHAM,house,162,18,739
CHATHAM,house,162,19,555
CHATHAM,house,162,20,723
CHATHAM,house,162,21,668
CHATHAM,house,162,22,714
CHATHAM,house,162,24,1
CHATHAM,house,162,25,25
CHATHAM,house,162,27,1
CHATHAM,house,162,34,2
CHATHAM,house,162,42,2
CHATHAM,house,163,0,96
CHATHAM,house,163,1,82
CHATHAM,house,163,2,28
CHATHAM,house,163,3,66
CHATHAM,house,163,4,884
CHATHAM,house,163,5,705
CHATHAM,house,163,6,588
CHATHAM,house,163,7,539
CHATHAM,house,163,8,626
CHATHAM,house,163,9,317
CHATHAM,house,163,10,282
CHATHAM,house,163,11,568
CHATHAM,house,163,12,456
CHATHAM,house,163,13,583
CHATHAM,house,163,14,521
CHATHAM,house,163,15,633
CHATHAM,house,163,16,147
CHATHAM,house,163,17,272
CHATHAM,house,163,18,654
CHATHAM,house,163,19,463
CHATHAM,house,163,20,653
CHATHAM,house,163,21,622
CHATHAM,house,163,22,542
CHATHAM,house,163,24,4
CHATHAM,house,163,25,36
CHATHAM,house,163,26,1
CHATHAM,house,163,27,4
CHATHAM,house,164,0,48
CHATHAM,house,164,1,52
CHATHAM,house,164,2,28
CHATHAM,house,164,3,32
CHATHAM,house,164,4,759
CHATHAM,house,164,5,560
CHATHAM,house,164,6,458
CHATHAM,house,164,7,488
CHATHAM,house,164,8,562
CHATHAM,house,164,9,155
CHATHAM,house,164,10,154
CHATHAM,house,164,11,505
CHATHAM,house,164,12,421
CHATHAM,house,164,13,452
CHATHAM,house,164,14,446
CHATHAM,house,164,15,531
CHATHAM,house,164,16,68
CHATHAM,house,164,17,161
CHATHAM,house,164,18,589
CHATHAM,house,164,19,466
CHATHAM,house,164,20,588
CHATHAM,house,164,21,529
CHATHAM,house,164,22,485
CHATHAM,house,164,24,1
CHATHAM,house,164,25,13
CHATHAM,house,164,27,2
CHATHAM,house,164,28,1
CHATHAM,house,164,42,1
CHATHAM,house,165,0,89
CHATHAM,house,165,1,76
CHATHAM,house,165,2,26
CHATHAM,house,165,3,57
CHATHAM,house,165,4,898
CHATHAM,house,165,5,715
CHATHAM,house,165,6,607
CHATHAM,house,165,7,528
CHATHAM,house,165,8,601
CHATHAM,house,165,9,298
CHATHAM,house,165,10,256
CHATHAM,house,165,11,479
CHATHAM,house,165,12,502
CHATHAM,house,165,13,547
CHATHAM,house,165,14,502
CHATHAM,house,165,15,612
CHATHAM,house,165,16,202
CHATHAM,house,165,17,316
CHATHAM,house,165,18,558
CHATHAM,house,165,19,484
CHATHAM,house,165,20,670
CHATHAM,house,165,21,713
CHATHAM,house,165,22,519
CHATHAM,house,165,24,13
CHATHAM,house,165,25,29
CHATHAM,house,165,27,4
CHATHAM,house,166,0,69
CHATHAM,house,166,1,102
CHATHAM,house,166,2,34
CHATHAM,house,166,3,49
CHATHAM,house,166,4,1036
CHATHAM,house,166,5,939
CHATHAM,house,166,6,839
CHATHAM,house,166,7,850
CHATHAM,house,166,8,951
CHATHAM,house,166,9,212
CHATHAM,house,166,10,133
CHATHAM,house,166,11,837
CHATHAM,house,166,12,814
CHATHAM,house,166,13,835
CHATHAM,house,166,14,820
CHATHAM,house,166,15,939
CHATHAM,house,166,16,87
CHATHAM,house,166,17,172
CHATHAM,house,166,18,912
CHATHAM,house,166,19,777
CHATHAM,house,166,20,931
CHATHAM,house,166,21,837
CHATHAM,house,166,22,709
CHATHAM,house,166,24,5
CHATHAM,house,166,25,17
CHATHAM,house,166,26,2
CHATHAM,house,166,27,4
CHATHAM,house,166,28,1
CHATHAM,senate,1,0,119
CHATHAM,senate,1,1,145
CHATHAM,senate,1,2,57
CHATHAM,senate,1,3,81
CHATHAM,senate,1,4,1664
CHATHAM,senate,1,5,1378
CHATHAM,senate,1,6,1195
CHATHAM,senate,1,7,1223
CHATHAM,senate,1,8,1354
CHATHAM,senate,1,9,380
CHATHAM,senate,1,10,260
CHATHAM,senate,1,11,1235
CHATHAM,senate,1,12,1125
CHATHAM,senate,1,13,1189
CHATHAM,senate,1,14,1154
CHATHAM,senate,1,15,1388
CHATHAM,senate,1,16,163
CHATHAM,senate,1,17,321
CHATHAM,senate,1,18,1379
CHATHAM,senate,1,19,1146
CHATHAM,senate,1,20,1399
CHATHAM,senate,1,21,1239
CHATHAM,senate,1,22,1072
CHATHAM,senate,1,24,11
CHATHAM,senate,1,25,40
CHATHAM,senate,1,26,2
CHATHAM,senate,1,27,5
CHATHAM,senate,1,28,2
CHATHAM,senate,2,0,265
CHATHAM,senate,2,1,235
CHATHAM,senate,2,2,87
CHATHAM,senate,2,3,170
CHATHAM,senate,2,4,2769
CHATHAM,senate,2,5,2208
CHATHAM,senate,2,6,1845
CHATHAM,senate,2,7,1610
CHATHAM,senate,2,8,1879
CHATHAM,senate,2,9,830
CHATHAM,senate,2,10,802
CHATHAM,senate,2,11,1667
CHATHAM,senate,2,12,1459
CHATHAM,senate,2,13,1673
CHATHAM,senate,2,14,1546
CHATHAM,senate,2,15,1869
CHATHAM,senate,2,16,491
CHATHAM,senate,2,17,897
CHATHAM,senate,2,18,1965
CHATHAM,senate,2,19,1495
CHATHAM,senate,2,20,2025
CHATHAM,senate,2,21,2017
CHATHAM,senate,2,22,1808
CHATHAM,senate,2,24,14
CHATHAM,senate,2,25,80
CHATHAM,senate,2,26,1
CHATHAM,senate,2,27,10
CHATHAM,senate,2,34,2
CHATHAM,senate,2,42,3
CHATHAM,senate,4,0,25
CHATHAM,senate,4,1,36
CHATHAM,senate,4,2,19
CHATHAM,senate,4,3,10
CHATHAM,senate,4,4,466
CHATHAM,senate,4,5,378
CHATHAM,senate,4,6,283
CHATHAM,senate,4,7,294
CHATHAM,senate,4,8,370
CHATHAM,senate,4,9,100
CHATHAM,senate,4,10,104
CHATHAM,senate,4,11,341
CHATHAM,senate,4,12,271
CHATHAM,senate,4,13,306
CHATHAM,senate,4,14,284
CHATHAM,senate,4,15,340
CHATHAM,senate,4,16,41
CHATHAM,senate,4,17,109
CHATHAM,senate,4,18,377
CHATHAM,senate,4,19,281
CHATHAM,senate,4,20,361
CHATHAM,senate,4,21,355
CHATHAM,senate,4,22,300
CHATHAM,senate,4,25,5
CHATHAM,senate,4,33,2
CHATHAM,senate,4,42,3
CHATTAHOOCHEE,house,151,1,3
CHATTAHOOCHEE,house,151,4,45
CHATTAHOOCHEE,house,151,5,39
CHATTAHOOCHEE,house,151,6,29
CHATTAHOOCHEE,house,151,7,22
CHATTAHOOCHEE,house,151,8,38
CHATTAHOOCHEE,house,151,10,10
CHATTAHOOCHEE,house,151,11,41
CHATTAHOOCHEE,house,151,12,31
CHATTAHOOCHEE,house,151,13,18
CHATTAHOOCHEE,house,151,14,36
CHATTAHOOCHEE,house,151,15,40
CHATTAHOOCHEE,house,151,17,18
CHATTAHOOCHEE,house,151,18,38
CHATTAHOOCHEE,house,151,19,44
CHATTAHOOCHEE,house,151,20,27
CHATTAHOOCHEE,house,151,21,33
CHATTAHOOCHEE,house,151,22,37
CHATTAHOOCHEE,senate,15,1,3
CHATTAHOOCHEE,senate,15,4,45
CHATTAHOOCHEE,senate,15,5,39
CHATTAHOOCHEE,senate,15,6,29
CHATTAHOOCHEE,senate,15,7,22
CHATTAHOOCHEE,senate,15,8,38
CHATTAHOOCHEE,senate,15,10,10
CHATTAHOOCHEE,senate,15,11,41
CHATTAHOOCHEE,senate,15,12,31
CHATTAHOOCHEE,senate,15,13,18
CHATTAHOOCHEE,senate,15,14,36
CHATTAHOOCHEE,senate,15,15,40
CHATTAHOOCHEE,senate,15,17,18
CHATTAHOOCHEE,senate,15,18,38
CHATTAHOOCHEE,senate,15,19,44
CHATTAHOOCHEE,senate,15,20,27
CHATTAHOOCHEE,senate,15,21,33
CHATTAHOOCHEE,senate,15,22,37
CHATTOOGA,house,12,0,10
CHATTOOGA,house,12,1,15
CHATTOOGA,house,12,4,392
CHATTOOGA,house,12,5,274
CHATTOOGA,house,12,6,205
CHATTOOGA,house,12,7,221
CHATTOOGA,house,12,8,233
CHATTOOGA,house,12,10,187
CHATTOOGA,house,12,11,298
CHATTOOGA,house,12,12,195
CHATTOOGA,house,12,13,250
CHATTOOGA,house,12,14,208
CHATTOOGA,house,12,15,247
CHATTOOGA,house,12,17,166
CHATTOOGA,house,12,18,265
CHATTOOGA,house,12,19,248
CHATTOOGA,house,12,20,269
CHATTOOGA,house,12,21,275
CHATTOOGA,house,12,22,233
CHATTOOGA,house,12,25,2
CHATTOOGA,house,12,26,1
CHATTOOGA,senate,53,0,10
CHATTOOGA,senate,53,1,15
CHATTOOGA,senate,53,4,392
CHATTOOGA,senate,53,5,274
CHATTOOGA,senate,53,6,205
CHATTOOGA,senate,53,7,221
CHATTOOGA,senate,53,8,233
CHATTOOGA,senate,53,10,187
CHATTOOGA,senate,53,11,298
CHATTOOGA,senate,53,12,195
CHATTOOGA,senate,53,13,250
CHATTOOGA,senate,53,14,208
CHATTOOGA,senate,53,15,247
CHATTOOGA,senate,53,17,166
CHATTOOGA,senate,53,18,265
CHATTOOGA,senate,53,19,248
CHATTOOGA,senate,53,20,269
CHATTOOGA,senate,53,21,275
CHATTOOGA,senate,53,22,233
CHATTOOGA,senate,53,25,2
CHATTOOGA,senate,53,26,1
CHEROKEE,house,11,0,1
CHEROKEE,house,11,1,4
CHEROKEE,house,11,3,2
CHEROKEE,house,11,4,215
CHEROKEE,house,11,5,154
CHEROKEE,house,11,6,131
CHEROKEE,house,11,7,111
CHEROKEE,house,11,8,165
CHEROKEE,house,11,10,82
CHEROKEE,house,11,11,220
CHEROKEE,house,11,12,124
CHEROKEE,house,11,13,182
CHEROKEE,house,11,14,242
CHEROKEE,house,11,15,247
CHEROKEE,house,11,16,8
CHEROKEE,house,11,17,11
CHEROKEE,house,11,18,25
CHEROKEE,house,11,19,23
CHEROKEE,house,11,20,19
CHEROKEE,house,11,21,30
CHEROKEE,house,11,22,25
CHEROKEE,house,11,28,1
CHEROKEE,house,14,0,5
CHEROKEE,house,14,1,17
CHEROKEE,house,14,3,7
CHEROKEE,house,14,4,232
CHEROKEE,house,14,5,155
CHEROKEE,house,14,6,186
CHEROKEE,house,14,7,194
CHEROKEE,house,14,8,171
CHEROKEE,house,14,10,92
CHEROKEE,house,14,11,163
CHEROKEE,house,14,12,186
CHEROKEE,house,14,13,187
CHEROKEE,house,14,14,175
CHEROKEE,house,14,15,204
CHEROKEE,house,14,16,18
CHEROKEE,house,14,17,86
CHEROKEE,house,14,18,150
CHEROKEE,house,14,19,215
CHEROKEE,house,14,20,172
CHEROKEE,house,14,21,158
CHEROKEE,house,14,22,142
CHEROKEE,house,14,25,1
CHEROKEE,house,20,0,64
CHEROKEE,house,20,1,106
CHEROKEE,house,20,3,56
CHEROKEE,house,20,4,1585
CHEROKEE,house,20,5,1298
CHEROKEE,house,20,6,1207
CHEROKEE,house,20,7,1079
CHEROKEE,house,20,8,1209
CHEROKEE,house,20,10,752
CHEROKEE,house,20,11,1247
CHEROKEE,house,20,12,1143
CHEROKEE,house,20,13,1132
CHEROKEE,house,20,14,1133
CHEROKEE,house,20,15,1253
CHEROKEE,house,20,16,59
CHEROKEE,house,20,17,364
CHEROKEE,house,20,18,611
CHEROKEE,house,20,19,559
CHEROKEE,house,20,20,501
CHEROKEE,house,20,21,445
CHEROKEE,house,20,22,430
CHEROKEE,house,20,26,1
CHEROKEE,house,20,28,1
CHEROKEE,house,20,32,1
CHEROKEE,house,20,35,1
CHEROKEE,house,20,36,1
CHEROKEE,house,20,43,1
CHEROKEE,house,21,0,72
CHEROKEE,house,21,1,114
CHEROKEE,house,21,3,71
CHEROKEE,house,21,4,1892
CHEROKEE,house,21,5,1406
CHEROKEE,house,21,6,1252
CHEROKEE,house,21,7,1067
CHEROKEE,house,21,8,1163
CHEROKEE,house,21,10,827
CHEROKEE,house,21,11,1243
CHEROKEE,house,21,12,1128
CHEROKEE,house,21,13,1203
CHEROKEE,house,21,14,1327
CHEROKEE,house,21,15,1554
CHEROKEE,house,21,16,99
CHEROKEE,house,21,17,514
CHEROKEE,house,21,18,726
CHEROKEE,house,21,19,642
CHEROKEE,house,21,20,712
CHEROKEE,house,21,21,596
CHEROKEE,house,21,22,607
CHEROKEE,house,21,25,4
CHEROKEE,house,21,26,1
CHEROKEE,house,21,28,1
CHEROKEE,house,21,49,2
CHEROKEE,house,22,0,19
CHEROKEE,house,22,1,26
CHEROKEE,house,22,3,29
CHEROKEE,house,22,4,825
CHEROKEE,house,22,5,512
CHEROKEE,house,22,6,490
CHEROKEE,house,22,7,451
CHEROKEE,house,22,8,555
CHEROKEE,house,22,10,379
CHEROKEE,house,22,11,545
CHEROKEE,house,22,12,447
CHEROKEE,house,22,13,532
CHEROKEE,house,22,14,560
CHEROKEE,house,22,15,707
CHEROKEE,house,22,16,16
CHEROKEE,house,22,17,131
CHEROKEE,house,22,18,221
CHEROKEE,house,22,19,173
CHEROKEE,house,22,20,165
CHEROKEE,house,22,21,176
CHEROKEE,house,22,22,177
CHEROKEE,house,22,26,1
CHEROKEE,house,23,0,58
CHEROKEE,house,23,1,68
CHEROKEE,house,23,3,37
CHEROKEE,house,23,4,1541
CHEROKEE,house,23,5,1064
CHEROKEE,house,23,6,1025
CHEROKEE,house,23,7,989
CHEROKEE,house,23,8,977
CHEROKEE,house,23,10,660
CHEROKEE,house,23,11,1053
CHEROKEE,house,23,12,897
CHEROKEE,house,23,13,957
CHEROKEE,house,23,14,1109
CHEROKEE,house,23,15,1121
CHEROKEE,house,23,16,107
CHEROKEE,house,23,17,437
CHEROKEE,house,23,18,995
CHEROKEE,house,23,19,886
CHEROKEE,house,23,20,866
CHEROKEE,house,23,21,867
CHEROKEE,house,23,22,778
CHEROKEE,house,23,26,1
CHEROKEE,house,23,28,2
CHEROKEE,house,44,0,36
CHEROKEE,house,44,1,33
CHEROKEE,house,44,3,32
CHEROKEE,house,44,4,477
CHEROKEE,house,44,5,428
CHEROKEE,house,44,6,384
CHEROKEE,house,44,7,330
CHEROKEE,house,44,8,343
CHEROKEE,house,44,10,292
CHEROKEE,house,44,11,348
CHEROKEE,house,44,12,302
CHEROKEE,house,44,13,372
CHEROKEE,house,44,14,368
CHEROKEE,house,44,15,389
CHEROKEE,house,44,16,4
CHEROKEE,house,44,17,175
CHEROKEE,house,44,18,294
CHEROKEE,house,44,19,288
CHEROKEE,house,44,20,243
CHEROKEE,house,44,21,241
CHEROKEE,house,44,22,251
CHEROKEE,house,46,0,16
CHEROKEE,house,46,1,28
CHEROKEE,house,46,3,25
CHEROKEE,house,46,4,383
CHEROKEE,house,46,5,326
CHEROKEE,house,46,6,306
CHEROKEE,house,46,7,242
CHEROKEE,house,46,8,256
CHEROKEE,house,46,10,218
CHEROKEE,house,46,11,260
CHEROKEE,house,46,12,226
CHEROKEE,house,46,13,234
CHEROKEE,house,46,14,238
CHEROKEE,house,46,15,292
CHEROKEE,house,46,16,13
CHEROKEE,house,46,17,118
CHEROKEE,house,46,18,210
CHEROKEE,house,46,19,229
CHEROKEE,house,46,20,231
CHEROKEE,house,46,21,158
CHEROKEE,house,46,22,235
CHEROKEE,house,46,27,1
CHEROKEE,house,46,28,1
CHEROKEE,house,46,41,1
CHEROKEE,house,46,42,1
CHEROKEE,house,47,0,10
CHEROKEE,house,47,1,8
CHEROKEE,house,47,3,13
CHEROKEE,house,47,4,130
CHEROKEE,house,47,5,102
CHEROKEE,house,47,6,107
CHEROKEE,house,47,7,84
CHEROKEE,house,47,8,100
CHEROKEE,house,47,10,78
CHEROKEE,house,47,11,132
CHEROKEE,house,47,12,82
CHEROKEE,house,47,13,105
CHEROKEE,house,47,14,141
CHEROKEE,house,47,15,163
CHEROKEE,house,47,16,8
CHEROKEE,house,47,17,24
CHEROKEE,house,47,18,58
CHEROKEE,house,47,19,44
CHEROKEE,house,47,20,38
CHEROKEE,house,47,21,25
CHEROKEE,house,47,22,26
CHEROKEE,senate,21,0,104
CHEROKEE,senate,21,1,164
CHEROKEE,senate,21,3,98
CHEROKEE,senate,21,4,3216
CHEROKEE,senate,21,5,2316
CHEROKEE,senate,21,6,2201
CHEROKEE,senate,21,7,2002
CHEROKEE,senate,21,8,2103
CHEROKEE,senate,21,10,1395
CHEROKEE,senate,21,11,2348
CHEROKEE,senate,21,12,1982
CHEROKEE,senate,21,13,2171
CHEROKEE,senate,21,14,2578
CHEROKEE,senate,21,15,2761
CHEROKEE,senate,21,16,216
CHEROKEE,senate,21,17,825
CHEROKEE,senate,21,18,1608
CHEROKEE,senate,21,19,1490
CHEROKEE,senate,21,20,1470
CHEROKEE,senate,21,21,1398
CHEROKEE,senate,21,22,1309
CHEROKEE,senate,21,25,5
CHEROKEE,senate,21,26,2
CHEROKEE,senate,21,28,4
CHEROKEE,senate,21,49,2
CHEROKEE,senate,32,0,83
CHEROKEE,senate,32,1,132
CHEROKEE,senate,32,3,85
CHEROKEE,senate,32,4,2410
CHEROKEE,senate,32,5,1810
CHEROKEE,senate,32,6,1697
CHEROKEE,senate,32,7,1530
CHEROKEE,senate,32,8,1764
CHEROKEE,senate,32,10,1131
CHEROKEE,senate,32,11,1792
CHEROKEE,senate,32,12,1590
CHEROKEE,senate,32,13,1664
CHEROKEE,senate,32,14,1693
CHEROKEE,senate,32,15,1960
CHEROKEE,senate,32,16,75
CHEROKEE,senate,32,17,495
CHEROKEE,senate,32,18,832
CHEROKEE,senate,32,19,732
CHEROKEE,senate,32,20,666
CHEROKEE,senate,32,21,621
CHEROKEE,senate,32,22,607
CHEROKEE,senate,32,26,2
CHEROKEE,senate,32,28,1
CHEROKEE,senate,32,32,1
CHEROKEE,senate,32,35,1
CHEROKEE,senate,32,36,1
CHEROKEE,senate,32,43,1
CHEROKEE,senate,56,0,94
CHEROKEE,senate,56,1,108
CHEROKEE,senate,56,3,89
CHEROKEE,senate,56,4,1654
CHEROKEE,senate,56,5,1319
CHEROKEE,senate,56,6,1190
CHEROKEE,senate,56,7,1015
CHEROKEE,senate,56,8,1072
CHEROKEE,senate,56,10,854
CHEROKEE,senate,56,11,1071
CHEROKEE,senate,56,12,963
CHEROKEE,senate,56,13,1069
CHEROKEE,senate,56,14,1022
CHEROKEE,senate,56,15,1209
CHEROKEE,senate,56,16,41
CHEROKEE,senate,56,17,540
CHEROKEE,senate,56,18,850
CHEROKEE,senate,56,19,837
CHEROKEE,senate,56,20,811
CHEROKEE,senate,56,21,677
CHEROKEE,senate,56,22,755
CHEROKEE,senate,56,27,1
CHEROKEE,senate,56,28,1
CHEROKEE,senate,56,41,1
CHEROKEE,senate,56,42,1
CLARKE,house,120,0,38
CLARKE,house,120,1,66
CLARKE,house,120,4,838
CLARKE,house,120,5,721
CLARKE,house,120,6,915
CLARKE,house,120,7,777
CLARKE,house,120,8,991
CLARKE,house,120,9,80
CLARKE,house,120,10,790
CLARKE,house,120,11,233
CLARKE,house,120,12,246
CLARKE,house,120,13,224
CLARKE,house,120,14,217
CLARKE,house,120,15,332
CLARKE,house,120,16,103
CLARKE,house,120,17,154
CLARKE,house,120,18,305
CLARKE,house,120,19,259
CLARKE,house,120,20,353
CLARKE,house,120,21,218
CLARKE,house,120,22,187
CLARKE,house,120,25,1
CLARKE,house,120,27,2
CLARKE,house,120,28,1
CLARKE,house,121,0,15
CLARKE,house,121,1,58
CLARKE,house,121,4,641
CLARKE,house,121,5,536
CLARKE,house,121,6,583
CLARKE,house,121,7,494
CLARKE,house,121,8,579
CLARKE,house,121,9,71
CLARKE,house,121,10,489
CLARKE,house,121,11,173
CLARKE,house,121,12,163
CLARKE,house,121,13,149
CLARKE,house,121,14,127
CLARKE,house,121,15,249
CLARKE,house,121,16,71
CLARKE,house,121,17,107
CLARKE,house,121,18,201
CLARKE,house,121,19,185
CLARKE,house,121,20,211
CLARKE,house,121,21,140
CLARKE,house,121,22,183
CLARKE,house,121,25,4
CLARKE,house,121,27,3
CLARKE,house,121,28,1
CLARKE,house,121,33,1
CLARKE,house,121,35,1
CLARKE,house,122,0,45
CLARKE,house,122,1,113
CLARKE,house,122,4,1035
CLARKE,house,122,5,912
CLARKE,house,122,6,930
CLARKE,house,122,7,699
CLARKE,house,122,8,754
CLARKE,house,122,9,133
CLARKE,house,122,10,646
CLARKE,house,122,11,328
CLARKE,house,122,12,334
CLARKE,house,122,13,329
CLARKE,house,122,14,262
CLARKE,house,122,15,461
CLARKE,house,122,16,174
CLARKE,house,122,17,214
CLARKE,house,122,18,351
CLARKE,house,122,19,361
CLARKE,house,122,20,374
CLARKE,house,122,21,314
CLARKE,house,122,22,300
CLARKE,house,122,25,2
CLARKE,house,122,26,1
CLARKE,house,122,27,1
CLARKE,house,122,28,1
CLARKE,house,122,33,1
CLARKE,house,122,39,1
CLARKE,house,122,40,1
CLARKE,house,122,42,1
CLARKE,house,124,0,17
CLARKE,house,124,1,42
CLARKE,house,124,4,346
CLARKE,house,124,5,282
CLARKE,house,124,6,424
CLARKE,house,124,7,312
CLARKE,house,124,8,374
CLARKE,house,124,9,30
CLARKE,house,124,10,518
CLARKE,house,124,11,64
CLARKE,house,124,12,79
CLARKE,house,124,13,97
CLARKE,house,124,14,72
CLARKE,house,124,15,107
CLARKE,house,124,16,47
CLARKE,house,124,17,46
CLARKE,house,124,18,93
CLARKE,house,124,19,89
CLARKE,house,124,20,101
CLARKE,house,124,21,76
CLARKE,house,124,22,58
CLARKE,house,124,25,1
CLARKE,house,124,28,3
CLARKE,house,124,32,1
CLARKE,senate,46,0,44
CLARKE,senate,46,1,81
CLARKE,senate,46,4,1134
CLARKE,senate,46,5,980
CLARKE,senate,46,6,1174
CLARKE,senate,46,7,986
CLARKE,senate,46,8,1195
CLARKE,senate,46,9,106
CLARKE,senate,46,10,953
CLARKE,senate,46,11,307
CLARKE,senate,46,12,284
CLARKE,senate,46,13,264
CLARKE,senate,46,14,259
CLARKE,senate,46,15,439
CLARKE,senate,46,16,147
CLARKE,senate,46,17,209
CLARKE,senate,46,18,378
CLARKE,senate,46,19,329
CLARKE,senate,46,20,405
CLARKE,senate,46,21,277
CLARKE,senate,46,22,282
CLARKE,senate,46,25,2
CLARKE,senate,46,27,2
CLARKE,senate,46,28,2
CLARKE,senate,46,33,1
CLARKE,senate,46,35,1
CLARKE,senate,47,0,71
CLARKE,senate,47,1,198
CLARKE,senate,47,4,1726
CLARKE,senate,47,5,1471
CLARKE,senate,47,6,1678
CLARKE,senate,47,7,1296
CLARKE,senate,47,8,1503
CLARKE,senate,47,9,208
CLARKE,senate,47,10,1490
CLARKE,senate,47,11,491
CLARKE,senate,47,12,538
CLARKE,senate,47,13,535
CLARKE,senate,47,14,419
CLARKE,senate,47,15,710
CLARKE,senate,47,16,248
CLARKE,senate,47,17,312
CLARKE,senate,47,18,572
CLARKE,senate,47,19,565
CLARKE,senate,47,20,634
CLARKE,senate,47,21,471
CLARKE,senate,47,22,446
CLARKE,senate,47,25,6
CLARKE,senate,47,26,1
CLARKE,senate,47,27,4
CLARKE,senate,47,28,4
CLARKE,senate,47,32,1
CLARKE,senate,47,33,1
CLARKE,senate,47,39,1
CLARKE,senate,47,40,1
CLARKE,senate,47,42,1
CLAY,house,154,0,3
CLAY,house,154,1,1
CLAY,house,154,4,61
CLAY,house,154,5,30
CLAY,house,154,6,34
CLAY,house,154,7,40
CLAY,house,154,8,35
CLAY,house,154,10,28
CLAY,house,154,11,60
CLAY,house,154,12,42
CLAY,house,154,13,39
CLAY,house,154,14,38
CLAY,house,154,15,60
CLAY,house,154,17,10
CLAY,house,154,18,49
CLAY,house,154,19,39
CLAY,house,154,20,55
CLAY,house,154,21,41
CLAY,house,154,22,57
CLAY,senate,12,0,3
CLAY,senate,12,1,1
CLAY,senate,12,4,61
CLAY,senate,12,5,30
CLAY,senate,12,6,34
CLAY,senate,12,7,40
CLAY,senate,12,8,35
CLAY,senate,12,10,28
CLAY,senate,12,11,60
CLAY,senate,12,12,42
CLAY,senate,12,13,39
CLAY,senate,12,14,38
CLAY,senate,12,15,60
CLAY,senate,12,17,10
CLAY,senate,12,18,49
CLAY,senate,12,19,39
CLAY,senate,12,20,55
CLAY,senate,12,21,41
CLAY,senate,12,22,57
CLAYTON,house,116,0,4
CLAYTON,house,116,1,4
CLAYTON,house,116,4,77
CLAYTON,house,116,5,52
CLAYTON,house,116,6,44
CLAYTON,house,116,7,36
CLAYTON,house,116,8,29
CLAYTON,house,116,9,12
CLAYTON,house,116,10,28
CLAYTON,house,116,11,33
CLAYTON,house,116,12,29
CLAYTON,house,116,13,30
CLAYTON,house,116,14,32
CLAYTON,house,116,15,33
CLAYTON,house,116,16,16
CLAYTON,house,116,17,22
CLAYTON,house,116,18,53
CLAYTON,house,116,19,54
CLAYTON,house,116,20,46
CLAYTON,house,116,21,72
CLAYTON,house,116,22,75
CLAYTON,house,75,0,65
CLAYTON,house,75,1,59
CLAYTON,house,75,4,1365
CLAYTON,house,75,5,740
CLAYTON,house,75,6,622
CLAYTON,house,75,7,569
CLAYTON,house,75,8,626
CLAYTON,house,75,9,249
CLAYTON,house,75,10,388
CLAYTON,house,75,11,598
CLAYTON,house,75,12,464
CLAYTON,house,75,13,486
CLAYTON,house,75,14,569
CLAYTON,house,75,15,683
CLAYTON,house,75,16,189
CLAYTON,house,75,17,435
CLAYTON,house,75,18,755
CLAYTON,house,75,19,702
CLAYTON,house,75,20,770
CLAYTON,house,75,21,902
CLAYTON,house,75,22,1011
CLAYTON,house,75,25,11
CLAYTON,house,75,27,2
CLAYTON,house,76,0,46
CLAYTON,house,76,1,78
CLAYTON,house,76,4,1304
CLAYTON,house,76,5,820
CLAYTON,house,76,6,677
CLAYTON,house,76,7,557
CLAYTON,house,76,8,619
CLAYTON,house,76,9,229
CLAYTON,house,76,10,386
CLAYTON,house,76,11,589
CLAYTON,house,76,12,581
CLAYTON,house,76,13,511
CLAYTON,house,76,14,627
CLAYTON,house,76,15,777
CLAYTON,house,76,16,190
CLAYTON,house,76,17,412
CLAYTON,house,76,18,784
CLAYTON,house,76,19,791
CLAYTON,house,76,20,839
CLAYTON,house,76,21,915
CLAYTON,house,76,22,1005
CLAYTON,house,76,25,5
CLAYTON,house,76,26,1
CLAYTON,house,76,27,1
CLAYTON,house,76,32,1
CLAYTON,house,76,36,1
CLAYTON,house,76,39,2
CLAYTON,house,77,0,50
CLAYTON,house,77,1,64
CLAYTON,house,77,4,1120
CLAYTON,house,77,5,628
CLAYTON,house,77,6,568
CLAYTON,house,77,7,476
CLAYTON,house,77,8,522
CLAYTON,house,77,9,148
CLAYTON,house,77,10,378
CLAYTON,house,77,11,512
CLAYTON,house,77,12,466
CLAYTON,house,77,13,480
CLAYTON,house,77,14,500
CLAYTON,house,77,15,670
CLAYTON,house,77,16,190
CLAYTON,house,77,17,356
CLAYTON,house,77,18,611
CLAYTON,house,77,19,689
CLAYTON,house,77,20,753
CLAYTON,house,77,21,833
CLAYTON,house,77,22,911
CLAYTON,house,77,25,2
CLAYTON,house,77,40,1
CLAYTON,house,78,0,64
CLAYTON,house,78,1,72
CLAYTON,house,78,4,1401
CLAYTON,house,78,5,866
CLAYTON,house,78,6,696
CLAYTON,house,78,7,644
CLAYTON,house,78,8,723
CLAYTON,house,78,9,312
CLAYTON,house,78,10,492
CLAYTON,house,78,11,718
CLAYTON,house,78,12,611
CLAYTON,house,78,13,671
CLAYTON,house,78,14,679
CLAYTON,house,78,15,961
CLAYTON,house,78,16,257
CLAYTON,house,78,17,475
CLAYTON,house,78,18,1014
CLAYTON,house,78,19,904
CLAYTON,house,78,20,1138
CLAYTON,house,78,21,1166
CLAYTON,house,78,22,1349
CLAYTON,house,78,25,11
CLAYTON,house,78,43,1
CLAYTON,house,79,0,30
CLAYTON,house,79,1,39
CLAYTON,house,79,4,1054
CLAYTON,house,79,5,580
CLAYTON,house,79,6,452
CLAYTON,house,79,7,414
CLAYTON,house,79,8,451
CLAYTON,house,79,9,149
CLAYTON,house,79,10,281
CLAYTON,house,79,11,392
CLAYTON,house,79,12,378
CLAYTON,house,79,13,382
CLAYTON,house,79,14,442
CLAYTON,house,79,15,545
CLAYTON,house,79,16,159
CLAYTON,house,79,17,284
CLAYTON,house,79,18,503
CLAYTON,house,79,19,499
CLAYTON,house,79,20,612
CLAYTON,house,79,21,631
CLAYTON,house,79,22,737
CLAYTON,house,79,25,1
CLAYTON,house,79,36,1
CLAYTON,senate,34,0,122
CLAYTON,senate,34,1,149
CLAYTON,senate,34,4,2982
CLAYTON,senate,34,5,1690
CLAYTON,senate,34,6,1388
CLAYTON,senate,34,7,1250
CLAYTON,senate,34,8,1320
CLAYTON,senate,34,9,464
CLAYTON,senate,34,10,903
CLAYTON,senate,34,11,1247
CLAYTON,senate,34,12,1114
CLAYTON,senate,34,13,1120
CLAYTON,senate,34,14,1301
CLAYTON,senate,34,15,1618
CLAYTON,senate,34,16,452
CLAYTON,senate,34,17,891
CLAYTON,senate,34,18,1575
CLAYTON,senate,34,19,1556
CLAYTON,senate,34,20,1816
CLAYTON,senate,34,21,1980
CLAYTON,senate,34,22,2217
CLAYTON,senate,34,25,9
CLAYTON,senate,34,36,1
CLAYTON,senate,34,40,1
CLAYTON,senate,44,0,137
CLAYTON,senate,44,1,167
CLAYTON,senate,44,4,3339
CLAYTON,senate,44,5,1996
CLAYTON,senate,44,6,1671
CLAYTON,senate,44,7,1446
CLAYTON,senate,44,8,1650
CLAYTON,senate,44,9,635
CLAYTON,senate,44,10,1050
CLAYTON,senate,44,11,1595
CLAYTON,senate,44,12,1415
CLAYTON,senate,44,13,1440
CLAYTON,senate,44,14,1548
CLAYTON,senate,44,15,2051
CLAYTON,senate,44,16,549
CLAYTON,senate,44,17,1093
CLAYTON,senate,44,18,2145
CLAYTON,senate,44,19,2083
CLAYTON,senate,44,20,2342
CLAYTON,senate,44,21,2539
CLAYTON,senate,44,22,2871
CLAYTON,senate,44,25,21
CLAYTON,senate,44,26,1
CLAYTON,senate,44,27,3
CLAYTON,senate,44,32,1
CLAYTON,senate,44,36,1
CLAYTON,senate,44,39,2
CLAYTON,senate,44,43,1
CLINCH,house,174,0,3
CLINCH,house,174,1,3
CLINCH,house,174,4,143
CLINCH,house,174,5,96
CLINCH,house,174,6,80
CLINCH,house,174,7,75
CLINCH,house,174,8,53
CLINCH,house,174,10,34
CLINCH,house,174,11,95
CLINCH,house,174,12,54
CLINCH,house,174,13,53
CLINCH,house,174,14,66
CLINCH,house,174,15,62
CLINCH,house,174,17,7
CLINCH,house,174,18,62
CLINCH,house,174,19,75
CLINCH,house,174,20,78
CLINCH,house,174,21,51
CLINCH,house,174,22,81
CLINCH,house,174,25,1
CLINCH,house,174,26,3
CLINCH,house,174,27,1
CLINCH,senate,8,0,3
CLINCH,senate,8,1,3
CLINCH,senate,8,4,143
CLINCH,senate,8,5,96
CLINCH,senate,8,6,80
CLINCH,senate,8,7,75
CLINCH,senate,8,8,53
CLINCH,senate,8,10,34
CLINCH,senate,8,11,95
CLINCH,senate,8,12,54
CLINCH,senate,8,13,53
CLINCH,senate,8,14,66
CLINCH,senate,8,15,62
CLINCH,senate,8,17,7
CLINCH,senate,8,18,62
CLINCH,senate,8,19,75
CLINCH,senate,8,20,78
CLINCH,senate,8,21,51
CLINCH,senate,8,22,81
CLINCH,senate,8,25,1
CLINCH,senate,8,26,3
CLINCH,senate,8,27,1
COBB,house,0,0,1
COBB,house,0,1,9
COBB,house,0,3,2
COBB,house,0,4,2
COBB,house,0,5,4
COBB,house,0,7,2
COBB,house,0,10,5
COBB,house,0,11,3
COBB,house,0,12,4
COBB,house,0,13,1
COBB,house,0,14,4
COBB,house,0,15,5
COBB,house,0,18,2
COBB,house,0,19,1
COBB,house,0,21,14
COBB,house,0,22,1
COBB,house,0,26,3
COBB,house,0,27,6
COBB,house,0,28,8
COBB,house,0,29,6
COBB,house,0,35,2
COBB,house,0,36,2
COBB,house,0,40,4
COBB,house,0,43,1
COBB,house,22,0,34
COBB,house,22,1,62
COBB,house,22,2,4
COBB,house,22,3,32
COBB,house,22,4,699
COBB,house,22,5,491
COBB,house,22,6,426
COBB,house,22,7,424
COBB,house,22,8,440
COBB,house,22,9,127
COBB,house,22,10,317
COBB,house,22,11,434
COBB,house,22,12,341
COBB,house,22,13,301
COBB,house,22,14,349
COBB,house,22,15,338
COBB,house,22,17,261
COBB,house,22,18,350
COBB,house,22,19,290
COBB,house,22,20,299
COBB,house,22,21,309
COBB,house,22,22,353
COBB,house,22,24,2
COBB,house,22,27,5
COBB,house,22,29,2
COBB,house,34,0,88
COBB,house,34,1,139
COBB,house,34,2,7
COBB,house,34,3,99
COBB,house,34,4,2063
COBB,house,34,5,1478
COBB,house,34,6,1149
COBB,house,34,7,1183
COBB,house,34,8,1494
COBB,house,34,9,150
COBB,house,34,10,783
COBB,house,34,11,1407
COBB,house,34,12,950
COBB,house,34,13,1112
COBB,house,34,14,1190
COBB,house,34,15,1088
COBB,house,34,17,568
COBB,house,34,18,1337
COBB,house,34,19,1040
COBB,house,34,20,1082
COBB,house,34,21,1209
COBB,house,34,22,1181
COBB,house,34,24,10
COBB,house,34,25,7
COBB,house,34,27,1
COBB,house,34,28,1
COBB,house,34,29,2
COBB,house,34,43,2
COBB,house,35,0,53
COBB,house,35,1,98
COBB,house,35,2,7
COBB,house,35,3,49
COBB,house,35,4,1421
COBB,house,35,5,905
COBB,house,35,6,785
COBB,house,35,7,754
COBB,house,35,8,836
COBB,house,35,9,75
COBB,house,35,10,554
COBB,house,35,11,842
COBB,house,35,12,604
COBB,house,35,13,596
COBB,house,35,14,685
COBB,house,35,15,661
COBB,house,35,17,497
COBB,house,35,18,778
COBB,house,35,19,658
COBB,house,35,20,594
COBB,house,35,21,614
COBB,house,35,22,793
COBB,house,35,24,1
COBB,house,35,25,2
COBB,house,35,28,1
COBB,house,35,34,1
COBB,house,36,0,79
COBB,house,36,1,125
COBB,house,36,2,3
COBB,house,36,3,79
COBB,house,36,4,2150
COBB,house,36,5,1474
COBB,house,36,6,1280
COBB,house,36,7,1305
COBB,house,36,8,1508
COBB,house,36,9,121
COBB,house,36,10,776
COBB,house,36,11,1457
COBB,house,36,12,1209
COBB,house,36,13,1108
COBB,house,36,14,1273
COBB,house,36,15,1334
COBB,house,36,17,710
COBB,house,36,18,1570
COBB,house,36,19,1110
COBB,house,36,20,1292
COBB,house,36,21,1231
COBB,house,36,22,1359
COBB,house,36,24,4
COBB,house,36,25,4
COBB,house,36,26,1
COBB,house,36,27,7
COBB,house,36,28,1
COBB,house,36,34,1
COBB,house,36,36,1
COBB,house,36,43,2
COBB,house,37,0,94
COBB,house,37,1,102
COBB,house,37,2,7
COBB,house,37,3,84
COBB,house,37,4,1328
COBB,house,37,5,899
COBB,house,37,6,793
COBB,house,37,7,820
COBB,house,37,8,820
COBB,house,37,9,224
COBB,house,37,10,493
COBB,house,37,11,752
COBB,house,37,12,618
COBB,house,37,13,596
COBB,house,37,14,618
COBB,house,37,15,644
COBB,house,37,17,430
COBB,house,37,18,760
COBB,house,37,19,666
COBB,house,37,20,613
COBB,house,37,21,665
COBB,house,37,22,697
COBB,house,37,24,10
COBB,house,37,25,7
COBB,house,37,26,1
COBB,house,37,28,2
COBB,house,37,29,1
COBB,house,37,43,1
COBB,house,38,0,75
COBB,house,38,1,87
COBB,house,38,2,6
COBB,house,38,3,81
COBB,house,38,4,1726
COBB,house,38,5,1057
COBB,house,38,6,872
COBB,house,38,7,932
COBB,house,38,8,1044
COBB,house,38,9,136
COBB,house,38,10,669
COBB,house,38,11,844
COBB,house,38,12,869
COBB,house,38,13,699
COBB,house,38,14,849
COBB,house,38,15,874
COBB,house,38,17,577
COBB,house,38,18,1045
COBB,house,38,19,851
COBB,house,38,20,824
COBB,house,38,21,967
COBB,house,38,22,1125
COBB,house,38,24,7
COBB,house,38,25,4
COBB,house,38,35,1
COBB,house,38,40,1
COBB,house,39,0,93
COBB,house,39,1,100
COBB,house,39,3,47
COBB,house,39,4,1540
COBB,house,39,5,1001
COBB,house,39,6,759
COBB,house,39,7,796
COBB,house,39,8,993
COBB,house,39,9,92
COBB,house,39,10,605
COBB,house,39,11,901
COBB,house,39,12,692
COBB,house,39,13,646
COBB,house,39,14,777
COBB,house,39,15,838
COBB,house,39,17,568
COBB,house,39,18,953
COBB,house,39,19,777
COBB,house,39,20,715
COBB,house,39,21,918
COBB,house,39,22,953
COBB,house,39,24,3
COBB,house,39,35,1
COBB,house,40,0,134
COBB,house,40,1,200
COBB,house,40,2,13
COBB,house,40,3,117
COBB,house,40,4,1945
COBB,house,40,5,1371
COBB,house,40,6,1106
COBB,house,40,7,1186
COBB,house,40,8,1518
COBB,house,40,9,161
COBB,house,40,10,722
COBB,house,40,11,1211
COBB,house,40,12,1047
COBB,house,40,13,916
COBB,house,40,14,1042
COBB,house,40,15,1046
COBB,house,40,17,702
COBB,house,40,18,1136
COBB,house,40,19,803
COBB,house,40,20,828
COBB,house,40,21,872
COBB,house,40,22,870
COBB,house,40,29,2
COBB,house,40,34,1
COBB,house,40,35,2
COBB,house,40,40,1
COBB,house,41,0,62
COBB,house,41,1,84
COBB,house,41,2,11
COBB,house,41,3,70
COBB,house,41,4,1184
COBB,house,41,5,871
COBB,house,41,6,679
COBB,house,41,7,689
COBB,house,41,8,966
COBB,house,41,9,128
COBB,house,41,10,382
COBB,house,41,11,543
COBB,house,41,12,537
COBB,house,41,13,457
COBB,house,41,14,550
COBB,house,41,15,573
COBB,house,41,17,363
COBB,house,41,18,669
COBB,house,41,19,540
COBB,house,41,20,497
COBB,house,41,21,589
COBB,house,41,22,725
COBB,house,41,24,1
COBB,house,41,35,1
COBB,house,41,49,2
COBB,house,42,0,77
COBB,house,42,1,97
COBB,house,42,2,6
COBB,house,42,3,41
COBB,house,42,4,1249
COBB,house,42,5,897
COBB,house,42,6,820
COBB,house,42,7,648
COBB,house,42,8,859
COBB,house,42,9,110
COBB,house,42,10,509
COBB,house,42,11,677
COBB,house,42,12,612
COBB,house,42,13,562
COBB,house,42,14,647
COBB,house,42,15,631
COBB,house,42,17,455
COBB,house,42,18,706
COBB,house,42,19,476
COBB,house,42,20,514
COBB,house,42,21,515
COBB,house,42,22,623
COBB,house,42,24,6
COBB,house,42,25,2
COBB,house,42,27,1
COBB,house,42,28,1
COBB,house,42,29,1
COBB,house,42,36,1
COBB,house,42,39,1
COBB,house,43,0,81
COBB,house,43,1,115
COBB,house,43,2,3
COBB,house,43,3,91
COBB,house,43,4,1278
COBB,house,43,5,876
COBB,house,43,6,788
COBB,house,43,7,717
COBB,house,43,8,891
COBB,house,43,9,191
COBB,house,43,10,549
COBB,house,43,11,793
COBB,house,43,12,555
COBB,house,43,13,583
COBB,house,43,14,615
COBB,house,43,15,617
COBB,house,43,17,385
COBB,house,43,18,668
COBB,house,43,19,547
COBB,house,43,20,593
COBB,house,43,21,555
COBB,house,43,22,543
COBB,house,43,24,10
COBB,house,43,25,2
COBB,house,43,29,1
COBB,house,43,34,2
COBB,house,44,0,42
COBB,house,44,1,104
COBB,house,44,2,9
COBB,house,44,3,56
COBB,house,44,4,815
COBB,house,44,5,701
COBB,house,44,6,600
COBB,house,44,7,624
COBB,house,44,8,745
COBB,house,44,9,90
COBB,house,44,10,427
COBB,house,44,11,667
COBB,house,44,12,514
COBB,house,44,13,504
COBB,house,44,14,548
COBB,house,44,15,577
COBB,house,44,17,344
COBB,house,44,18,633
COBB,house,44,19,488
COBB,house,44,20,523
COBB,house,44,21,581
COBB,house,44,22,586
COBB,house,44,24,1
COBB,house,44,25,2
COBB,house,44,26,2
COBB,house,45,0,97
COBB,house,45,1,216
COBB,house,45,2,12
COBB,house,45,3,138
COBB,house,45,4,1516
COBB,house,45,5,1389
COBB,house,45,6,1250
COBB,house,45,7,1325
COBB,house,45,8,1524
COBB,house,45,9,207
COBB,house,45,10,707
COBB,house,45,11,1196
COBB,house,45,12,1119
COBB,house,45,13,1041
COBB,house,45,14,1173
COBB,house,45,15,1154
COBB,house,45,17,590
COBB,house,45,18,1245
COBB,house,45,19,1049
COBB,house,45,20,1065
COBB,house,45,21,1068
COBB,house,45,22,1085
COBB,house,45,27,1
COBB,house,45,28,1
COBB,house,45,29,1
COBB,house,45,32,1
COBB,house,45,34,3
COBB,house,45,47,2
COBB,house,45,48,2
COBB,house,46,0,55
COBB,house,46,1,129
COBB,house,46,2,5
COBB,house,46,3,84
COBB,house,46,4,1133
COBB,house,46,5,1025
COBB,house,46,6,911
COBB,house,46,7,896
COBB,house,46,8,1151
COBB,house,46,9,149
COBB,house,46,10,497
COBB,house,46,11,998
COBB,house,46,12,799
COBB,house,46,13,687
COBB,house,46,14,783
COBB,house,46,15,813
COBB,house,46,17,483
COBB,house,46,18,867
COBB,house,46,19,728
COBB,house,46,20,781
COBB,house,46,21,810
COBB,house,46,22,829
COBB,house,46,25,1
COBB,house,46,36,1
COBB,house,46,42,1
COBB,senate,0,0,1
COBB,senate,0,1,9
COBB,senate,0,3,2
COBB,senate,0,4,2
COBB,senate,0,5,4
COBB,senate,0,7,2
COBB,senate,0,10,5
COBB,senate,0,11,3
COBB,senate,0,12,4
COBB,senate,0,13,1
COBB,senate,0,14,4
COBB,senate,0,15,5
COBB,senate,0,18,2
COBB,senate,0,19,1
COBB,senate,0,21,14
COBB,senate,0,22,1
COBB,senate,0,26,3
COBB,senate,0,27,6
COBB,senate,0,28,8
COBB,senate,0,29,6
COBB,senate,0,35,2
COBB,senate,0,36,2
COBB,senate,0,40,4
COBB,senate,0,43,1
COBB,senate,32,0,151
COBB,senate,32,1,227
COBB,senate,32,2,15
COBB,senate,32,3,132
COBB,senate,32,4,2288
COBB,senate,32,5,1717
COBB,senate,32,6,1443
COBB,senate,32,7,1480
COBB,senate,32,8,1609
COBB,senate,32,9,331
COBB,senate,32,10,1055
COBB,senate,32,11,1457
COBB,senate,32,12,1156
COBB,senate,32,13,1127
COBB,senate,32,14,1196
COBB,senate,32,15,1185
COBB,senate,32,17,791
COBB,senate,32,18,1389
COBB,senate,32,19,1101
COBB,senate,32,20,1092
COBB,senate,32,21,1154
COBB,senate,32,22,1261
COBB,senate,32,24,11
COBB,senate,32,25,4
COBB,senate,32,26,2
COBB,senate,32,27,2
COBB,senate,32,28,2
COBB,senate,32,29,2
COBB,senate,32,32,1
COBB,senate,32,34,2
COBB,senate,32,48,2
COBB,senate,33,0,212
COBB,senate,33,1,282
COBB,senate,33,2,20
COBB,senate,33,3,223
COBB,senate,33,4,4366
COBB,senate,33,5,2840
COBB,senate,33,6,2316
COBB,senate,33,7,2464
COBB,senate,33,8,2943
COBB,senate,33,9,459
COBB,senate,33,10,1595
COBB,senate,33,11,2231
COBB,senate,33,12,2108
COBB,senate,33,13,1754
COBB,senate,33,14,2145
COBB,senate,33,15,2146
COBB,senate,33,17,1389
COBB,senate,33,18,2568
COBB,senate,33,19,2107
COBB,senate,33,20,2020
COBB,senate,33,21,2407
COBB,senate,33,22,2681
COBB,senate,33,24,16
COBB,senate,33,25,10
COBB,senate,33,26,1
COBB,senate,33,29,1
COBB,senate,33,35,2
COBB,senate,33,40,1
COBB,senate,33,43,1
COBB,senate,33,49,2
COBB,senate,37,0,227
COBB,senate,37,1,373
COBB,senate,37,2,17
COBB,senate,37,3,231
COBB,senate,37,4,5726
COBB,senate,37,5,3946
COBB,senate,37,6,3331
COBB,senate,37,7,3331
COBB,senate,37,8,3919
COBB,senate,37,9,369
COBB,senate,37,10,2184
COBB,senate,37,11,3803
COBB,senate,37,12,2841
COBB,senate,37,13,2880
COBB,senate,37,14,3229
COBB,senate,37,15,3193
COBB,senate,37,17,1864
COBB,senate,37,18,3765
COBB,senate,37,19,2881
COBB,senate,37,20,3016
COBB,senate,37,21,3132
COBB,senate,37,22,3443
COBB,senate,37,24,17
COBB,senate,37,25,13
COBB,senate,37,26,1
COBB,senate,37,27,11
COBB,senate,37,28,3
COBB,senate,37,29,2
COBB,senate,37,34,2
COBB,senate,37,36,1
COBB,senate,37,43,4
COBB,senate,38,0,201
COBB,senate,38,1,252
COBB,senate,38,2,14
COBB,senate,38,3,140
COBB,senate,38,4,3084
COBB,senate,38,5,2129
COBB,senate,38,6,1764
COBB,senate,38,7,1674
COBB,senate,38,8,2167
COBB,senate,38,9,220
COBB,senate,38,10,1173
COBB,senate,38,11,1767
COBB,senate,38,12,1521
COBB,senate,38,13,1397
COBB,senate,38,14,1590
COBB,senate,38,15,1637
COBB,senate,38,17,1138
COBB,senate,38,18,1803
COBB,senate,38,19,1362
COBB,senate,38,20,1356
COBB,senate,38,21,1453
COBB,senate,38,22,1556
COBB,senate,38,24,6
COBB,senate,38,25,2
COBB,senate,38,27,1
COBB,senate,38,28,1
COBB,senate,38,29,2
COBB,senate,38,35,1
COBB,senate,38,36,1
COBB,senate,38,39,1
COBB,senate,38,40,1
COBB,senate,56,0,126
COBB,senate,56,1,301
COBB,senate,56,2,18
COBB,senate,56,3,195
COBB,senate,56,4,2301
COBB,senate,56,5,2104
COBB,senate,56,6,1847
COBB,senate,56,7,1878
COBB,senate,56,8,2305
COBB,senate,56,9,315
COBB,senate,56,10,1039
COBB,senate,56,11,1919
COBB,senate,56,12,1649
COBB,senate,56,13,1416
COBB,senate,56,14,1683
COBB,senate,56,15,1678
COBB,senate,56,17,913
COBB,senate,56,18,1819
COBB,senate,56,19,1495
COBB,senate,56,20,1579
COBB,senate,56,21,1626
COBB,senate,56,22,1607
COBB,senate,56,25,1
COBB,senate,56,28,1
COBB,senate,56,29,1
COBB,senate,56,34,1
COBB,senate,56,36,1
COBB,senate,56,42,1
COBB,senate,56,47,2
COBB,senate,6,0,147
COBB,senate,6,1,223
COBB,senate,6,2,9
COBB,senate,6,3,147
COBB,senate,6,4,2282
COBB,senate,6,5,1699
COBB,senate,6,6,1517
COBB,senate,6,7,1472
COBB,senate,6,8,1846
COBB,senate,6,9,267
COBB,senate,6,10,944
COBB,senate,6,11,1545
COBB,senate,6,12,1191
COBB,senate,6,13,1234
COBB,senate,6,14,1256
COBB,senate,6,15,1349
COBB,senate,6,17,838
COBB,senate,6,18,1373
COBB,senate,6,19,1077
COBB,senate,6,20,1157
COBB,senate,6,21,1131
COBB,senate,6,22,1174
COBB,senate,6,24,5
COBB,senate,6,25,1
COBB,senate,6,27,1
COBB,senate,6,29,2
COBB,senate,6,34,3
COBB,senate,6,35,2
COFFEE,house,169,0,11
COFFEE,house,169,1,18
COFFEE,house,169,4,538
COFFEE,house,169,5,358
COFFEE,house,169,6,275
COFFEE,house,169,7,278
COFFEE,house,169,8,334
COFFEE,house,169,10,130
COFFEE,house,169,11,471
COFFEE,house,169,12,346
COFFEE,house,169,13,359
COFFEE,house,169,14,309
COFFEE,house,169,15,342
COFFEE,house,169,17,129
COFFEE,house,169,18,420
COFFEE,house,169,19,316
COFFEE,house,169,20,309
COFFEE,house,169,21,362
COFFEE,house,169,22,300
COFFEE,house,169,25,2
COFFEE,house,176,0,4
COFFEE,house,176,1,4
COFFEE,house,176,4,168
COFFEE,house,176,5,115
COFFEE,house,176,6,107
COFFEE,house,176,7,88
COFFEE,house,176,8,95
COFFEE,house,176,10,40
COFFEE,house,176,11,139
COFFEE,house,176,12,103
COFFEE,house,176,13,111
COFFEE,house,176,14,102
COFFEE,house,176,15,104
COFFEE,house,176,17,37
COFFEE,house,176,18,143
COFFEE,house,176,19,111
COFFEE,house,176,20,119
COFFEE,house,176,21,104
COFFEE,house,176,22,88
COFFEE,senate,13,0,6
COFFEE,senate,13,1,12
COFFEE,senate,13,4,348
COFFEE,senate,13,5,243
COFFEE,senate,13,6,205
COFFEE,senate,13,7,187
COFFEE,senate,13,8,216
COFFEE,senate,13,10,83
COFFEE,senate,13,11,341
COFFEE,senate,13,12,245
COFFEE,senate,13,13,234
COFFEE,senate,13,14,214
COFFEE,senate,13,15,220
COFFEE,senate,13,17,79
COFFEE,senate,13,18,297
COFFEE,senate,13,19,216
COFFEE,senate,13,20,205
COFFEE,senate,13,21,226
COFFEE,senate,13,22,166
COFFEE,senate,13,25,1
COFFEE,senate,19,0,9
COFFEE,senate,19,1,10
COFFEE,senate,19,4,358
COFFEE,senate,19,5,230
COFFEE,senate,19,6,177
COFFEE,senate,19,7,179
COFFEE,senate,19,8,213
COFFEE,senate,19,10,87
COFFEE,senate,19,11,269
COFFEE,senate,19,12,204
COFFEE,senate,19,13,236
COFFEE,senate,19,14,197
COFFEE,senate,19,15,226
COFFEE,senate,19,17,87
COFFEE,senate,19,18,266
COFFEE,senate,19,19,211
COFFEE,senate,19,20,223
COFFEE,senate,19,21,240
COFFEE,senate,19,22,222
COFFEE,senate,19,25,1
COLQUITT,house,172,0,12
COLQUITT,house,172,1,14
COLQUITT,house,172,4,578
COLQUITT,house,172,5,424
COLQUITT,house,172,6,350
COLQUITT,house,172,7,350
COLQUITT,house,172,8,377
COLQUITT,house,172,10,205
COLQUITT,house,172,11,439
COLQUITT,house,172,12,329
COLQUITT,house,172,13,351
COLQUITT,house,172,14,345
COLQUITT,house,172,15,442
COLQUITT,house,172,17,155
COLQUITT,house,172,18,465
COLQUITT,house,172,19,399
COLQUITT,house,172,20,371
COLQUITT,house,172,21,469
COLQUITT,house,172,22,407
COLQUITT,house,172,25,27
COLQUITT,house,172,26,6
COLQUITT,house,172,27,2
COLQUITT,senate,11,0,12
COLQUITT,senate,11,1,14
COLQUITT,senate,11,4,578
COLQUITT,senate,11,5,424
COLQUITT,senate,11,6,350
COLQUITT,senate,11,7,350
COLQUITT,senate,11,8,377
COLQUITT,senate,11,10,205
COLQUITT,senate,11,11,439
COLQUITT,senate,11,12,329
COLQUITT,senate,11,13,351
COLQUITT,senate,11,14,345
COLQUITT,senate,11,15,442
COLQUITT,senate,11,17,155
COLQUITT,senate,11,18,465
COLQUITT,senate,11,19,399
COLQUITT,senate,11,20,371
COLQUITT,senate,11,21,469
COLQUITT,senate,11,22,407
COLQUITT,senate,11,25,27
COLQUITT,senate,11,26,6
COLQUITT,senate,11,27,2
COLUMBIA,house,123,0,1
COLUMBIA,house,123,1,2
COLUMBIA,house,123,4,41
COLUMBIA,house,123,5,37
COLUMBIA,house,123,6,25
COLUMBIA,house,123,7,32
COLUMBIA,house,123,8,38
COLUMBIA,house,123,10,19
COLUMBIA,house,123,11,31
COLUMBIA,house,123,12,30
COLUMBIA,house,123,13,23
COLUMBIA,house,123,14,30
COLUMBIA,house,123,15,26
COLUMBIA,house,123,17,15
COLUMBIA,house,123,18,28
COLUMBIA,house,123,19,36
COLUMBIA,house,123,20,35
COLUMBIA,house,123,21,25
COLUMBIA,house,123,22,37
COLUMBIA,house,125,0,32
COLUMBIA,house,125,1,32
COLUMBIA,house,125,3,24
COLUMBIA,house,125,4,1133
COLUMBIA,house,125,5,769
COLUMBIA,house,125,6,709
COLUMBIA,house,125,7,556
COLUMBIA,house,125,8,612
COLUMBIA,house,125,10,615
COLUMBIA,house,125,11,766
COLUMBIA,house,125,12,586
COLUMBIA,house,125,13,607
COLUMBIA,house,125,14,607
COLUMBIA,house,125,15,621
COLUMBIA,house,125,17,562
COLUMBIA,house,125,18,764
COLUMBIA,house,125,19,734
COLUMBIA,house,125,20,695
COLUMBIA,house,125,21,645
COLUMBIA,house,125,22,588
COLUMBIA,house,125,25,7
COLUMBIA,house,125,26,1
COLUMBIA,house,125,27,1
COLUMBIA,house,125,32,2
COLUMBIA,house,125,43,2
COLUMBIA,house,127,0,26
COLUMBIA,house,127,1,37
COLUMBIA,house,127,3,27
COLUMBIA,house,127,4,740
COLUMBIA,house,127,5,564
COLUMBIA,house,127,6,472
COLUMBIA,house,127,7,471
COLUMBIA,house,127,8,518
COLUMBIA,house,127,10,422
COLUMBIA,house,127,11,542
COLUMBIA,house,127,12,474
COLUMBIA,house,127,13,530
COLUMBIA,house,127,14,539
COLUMBIA,house,127,15,552
COLUMBIA,house,127,17,370
COLUMBIA,house,127,18,553
COLUMBIA,house,127,19,581
COLUMBIA,house,127,20,574
COLUMBIA,house,127,21,525
COLUMBIA,house,127,22,551
COLUMBIA,house,127,25,14
COLUMBIA,house,127,26,14
COLUMBIA,house,127,27,2
COLUMBIA,house,127,28,1
COLUMBIA,house,127,29,1
COLUMBIA,house,127,34,1
COLUMBIA,house,127,43,1
COLUMBIA,house,131,0,51
COLUMBIA,house,131,1,59
COLUMBIA,house,131,3,37
COLUMBIA,house,131,4,1332
COLUMBIA,house,131,5,961
COLUMBIA,house,131,6,687
COLUMBIA,house,131,7,712
COLUMBIA,house,131,8,907
COLUMBIA,house,131,10,796
COLUMBIA,house,131,11,987
COLUMBIA,house,131,12,748
COLUMBIA,house,131,13,797
COLUMBIA,house,131,14,958
COLUMBIA,house,131,15,931
COLUMBIA,house,131,17,693
COLUMBIA,house,131,18,1043
COLUMBIA,house,131,19,943
COLUMBIA,house,131,20,942
COLUMBIA,house,131,21,1000
COLUMBIA,house,131,22,994
COLUMBIA,house,131,25,23
COLUMBIA,house,131,26,6
COLUMBIA,house,131,27,1
COLUMBIA,house,131,28,1
COLUMBIA,house,131,29,1
COLUMBIA,house,131,32,1
COLUMBIA,house,131,34,1
COLUMBIA,house,131,36,2
COLUMBIA,senate,23,0,34
COLUMBIA,senate,23,1,35
COLUMBIA,senate,23,3,21
COLUMBIA,senate,23,4,1135
COLUMBIA,senate,23,5,817
COLUMBIA,senate,23,6,641
COLUMBIA,senate,23,7,525
COLUMBIA,senate,23,8,607
COLUMBIA,senate,23,10,642
COLUMBIA,senate,23,11,688
COLUMBIA,senate,23,12,581
COLUMBIA,senate,23,13,577
COLUMBIA,senate,23,14,608
COLUMBIA,senate,23,15,583
COLUMBIA,senate,23,17,547
COLUMBIA,senate,23,18,696
COLUMBIA,senate,23,19,711
COLUMBIA,senate,23,20,675
COLUMBIA,senate,23,21,639
COLUMBIA,senate,23,22,647
COLUMBIA,senate,23,25,5
COLUMBIA,senate,23,26,9
COLUMBIA,senate,23,27,1
COLUMBIA,senate,23,32,2
COLUMBIA,senate,23,34,1
COLUMBIA,senate,24,0,76
COLUMBIA,senate,24,1,95
COLUMBIA,senate,24,3,67
COLUMBIA,senate,24,4,2111
COLUMBIA,senate,24,5,1514
COLUMBIA,senate,24,6,1252
COLUMBIA,senate,24,7,1246
COLUMBIA,senate,24,8,1468
COLUMBIA,senate,24,10,1210
COLUMBIA,senate,24,11,1638
COLUMBIA,senate,24,12,1257
COLUMBIA,senate,24,13,1380
COLUMBIA,senate,24,14,1526
COLUMBIA,senate,24,15,1547
COLUMBIA,senate,24,17,1093
COLUMBIA,senate,24,18,1692
COLUMBIA,senate,24,19,1583
COLUMBIA,senate,24,20,1571
COLUMBIA,senate,24,21,1556
COLUMBIA,senate,24,22,1523
COLUMBIA,senate,24,25,39
COLUMBIA,senate,24,26,12
COLUMBIA,senate,24,27,3
COLUMBIA,senate,24,28,2
COLUMBIA,senate,24,29,2
COLUMBIA,senate,24,32,1
COLUMBIA,senate,24,34,1
COLUMBIA,senate,24,36,2
COLUMBIA,senate,24,43,3
COOK,house,170,1,7
COOK,house,170,4,196
COOK,house,170,5,110
COOK,house,170,6,106
COOK,house,170,7,79
COOK,house,170,8,94
COOK,house,170,10,48
COOK,house,170,11,91
COOK,house,170,12,69
COOK,house,170,13,85
COOK,house,170,14,63
COOK,house,170,15,83
COOK,house,170,17,57
COOK,house,170,18,103
COOK,house,170,19,97
COOK,house,170,20,79
COOK,house,170,21,83
COOK,house,170,22,82
COOK,house,170,25,6
COOK,house,172,0,2
COOK,house,172,1,4
COOK,house,172,4,188
COOK,house,172,5,136
COOK,house,172,6,102
COOK,house,172,7,76
COOK,house,172,8,89
COOK,house,172,10,90
COOK,house,172,11,118
COOK,house,172,12,78
COOK,house,172,13,74
COOK,house,172,14,98
COOK,house,172,15,108
COOK,house,172,17,46
COOK,house,172,18,124
COOK,house,172,19,134
COOK,house,172,20,95
COOK,house,172,21,131
COOK,house,172,22,100
COOK,house,172,25,1
COOK,house,172,28,1
COOK,senate,11,0,2
COOK,senate,11,1,11
COOK,senate,11,4,384
COOK,senate,11,5,246
COOK,senate,11,6,208
COOK,senate,11,7,155
COOK,senate,11,8,183
COOK,senate,11,10,138
COOK,senate,11,11,209
COOK,senate,11,12,147
COOK,senate,11,13,159
COOK,senate,11,14,161
COOK,senate,11,15,191
COOK,senate,11,17,103
COOK,senate,11,18,227
COOK,senate,11,19,231
COOK,senate,11,20,174
COOK,senate,11,21,214
COOK,senate,11,22,182
COOK,senate,11,25,7
COOK,senate,11,28,1
COWETA,house,136,0,27
COWETA,house,136,1,46
COWETA,house,136,4,585
COWETA,house,136,5,430
COWETA,house,136,6,370
COWETA,house,136,7,350
COWETA,house,136,8,445
COWETA,house,136,10,317
COWETA,house,136,11,443
COWETA,house,136,12,352
COWETA,house,136,13,378
COWETA,house,136,14,397
COWETA,house,136,15,505
COWETA,house,136,17,258
COWETA,house,136,18,436
COWETA,house,136,19,395
COWETA,house,136,20,429
COWETA,house,136,21,339
COWETA,house,136,22,303
COWETA,house,136,25,3
COWETA,house,136,33,1
COWETA,house,65,0,18
COWETA,house,65,1,31
COWETA,house,65,4,372
COWETA,house,65,5,259
COWETA,house,65,6,279
COWETA,house,65,7,244
COWETA,house,65,8,251
COWETA,house,65,10,170
COWETA,house,65,11,295
COWETA,house,65,12,201
COWETA,house,65,13,197
COWETA,house,65,14,215
COWETA,house,65,15,315
COWETA,house,65,17,152
COWETA,house,65,18,318
COWETA,house,65,19,248
COWETA,house,65,20,267
COWETA,house,65,21,244
COWETA,house,65,22,267
COWETA,house,65,25,12
COWETA,house,65,26,1
COWETA,house,67,0,18
COWETA,house,67,1,39
COWETA,house,67,4,450
COWETA,house,67,5,331
COWETA,house,67,6,283
COWETA,house,67,7,282
COWETA,house,67,8,334
COWETA,house,67,10,209
COWETA,house,67,11,348
COWETA,house,67,12,248
COWETA,house,67,13,302
COWETA,house,67,14,289
COWETA,house,67,15,342
COWETA,house,67,17,176
COWETA,house,67,18,366
COWETA,house,67,19,239
COWETA,house,67,20,302
COWETA,house,67,21,302
COWETA,house,67,22,273
COWETA,house,67,25,4
COWETA,house,67,26,1
COWETA,house,67,28,2
COWETA,house,70,0,36
COWETA,house,70,1,102
COWETA,house,70,4,791
COWETA,house,70,5,664
COWETA,house,70,6,555
COWETA,house,70,7,520
COWETA,house,70,8,604
COWETA,house,70,10,443
COWETA,house,70,11,552
COWETA,house,70,12,502
COWETA,house,70,13,502
COWETA,house,70,14,556
COWETA,house,70,15,689
COWETA,house,70,17,371
COWETA,house,70,18,576
COWETA,house,70,19,538
COWETA,house,70,20,590
COWETA,house,70,21,644
COWETA,house,70,22,576
COWETA,house,70,25,39
COWETA,house,70,26,10
COWETA,house,70,27,3
COWETA,house,70,28,1
COWETA,house,70,35,2
COWETA,house,70,47,2
COWETA,house,73,0,25
COWETA,house,73,1,63
COWETA,house,73,4,788
COWETA,house,73,5,588
COWETA,house,73,6,525
COWETA,house,73,7,481
COWETA,house,73,8,580
COWETA,house,73,10,439
COWETA,house,73,11,709
COWETA,house,73,12,444
COWETA,house,73,13,542
COWETA,house,73,14,653
COWETA,house,73,15,638
COWETA,house,73,17,461
COWETA,house,73,18,797
COWETA,house,73,19,676
COWETA,house,73,20,744
COWETA,house,73,21,750
COWETA,house,73,22,737
COWETA,house,73,25,15
COWETA,house,73,26,6
COWETA,house,73,32,1
COWETA,senate,28,0,124
COWETA,senate,28,1,281
COWETA,senate,28,4,2986
COWETA,senate,28,5,2272
COWETA,senate,28,6,2012
COWETA,senate,28,7,1877
COWETA,senate,28,8,2214
COWETA,senate,28,10,1578
COWETA,senate,28,11,2347
COWETA,senate,28,12,1747
COWETA,senate,28,13,1921
COWETA,senate,28,14,2110
COWETA,senate,28,15,2489
COWETA,senate,28,17,1418
COWETA,senate,28,18,2493
COWETA,senate,28,19,2096
COWETA,senate,28,20,2332
COWETA,senate,28,21,2279
COWETA,senate,28,22,2156
COWETA,senate,28,25,73
COWETA,senate,28,26,18
COWETA,senate,28,27,3
COWETA,senate,28,28,3
COWETA,senate,28,32,1
COWETA,senate,28,33,1
COWETA,senate,28,35,2
COWETA,senate,28,47,2
CRAWFORD,house,145,0,22
CRAWFORD,house,145,1,18
CRAWFORD,house,145,4,266
CRAWFORD,house,145,5,191
CRAWFORD,house,145,6,155
CRAWFORD,house,145,7,177
CRAWFORD,house,145,8,156
CRAWFORD,house,145,10,83
CRAWFORD,house,145,11,175
CRAWFORD,house,145,12,117
CRAWFORD,house,145,13,181
CRAWFORD,house,145,14,154
CRAWFORD,house,145,15,152
CRAWFORD,house,145,17,60
CRAWFORD,house,145,18,171
CRAWFORD,house,145,19,150
CRAWFORD,house,145,20,183
CRAWFORD,house,145,21,179
CRAWFORD,house,145,22,206
CRAWFORD,house,145,25,2
CRAWFORD,senate,18,0,22
CRAWFORD,senate,18,1,18
CRAWFORD,senate,18,4,266
CRAWFORD,senate,18,5,191
CRAWFORD,senate,18,6,155
CRAWFORD,senate,18,7,177
CRAWFORD,senate,18,8,156
CRAWFORD,senate,18,10,83
CRAWFORD,senate,18,11,175
CRAWFORD,senate,18,12,117
CRAWFORD,senate,18,13,181
CRAWFORD,senate,18,14,154
CRAWFORD,senate,18,15,152
CRAWFORD,senate,18,17,60
CRAWFORD,senate,18,18,171
CRAWFORD,senate,18,19,150
CRAWFORD,senate,18,20,183
CRAWFORD,senate,18,21,179
CRAWFORD,senate,18,22,206
CRAWFORD,senate,18,25,2
CRISP,house,148,0,15
CRISP,house,148,1,13
CRISP,house,148,2,1
CRISP,house,148,4,382
CRISP,house,148,5,246
CRISP,house,148,6,212
CRISP,house,148,7,197
CRISP,house,148,8,207
CRISP,house,148,10,100
CRISP,house,148,11,217
CRISP,house,148,12,204
CRISP,house,148,13,235
CRISP,house,148,14,246
CRISP,house,148,15,312
CRISP,house,148,17,96
CRISP,house,148,18,296
CRISP,house,148,19,291
CRISP,house,148,20,295
CRISP,house,148,21,303
CRISP,house,148,22,308
CRISP,house,148,26,2
CRISP,senate,13,0,15
CRISP,senate,13,1,13
CRISP,senate,13,2,1
CRISP,senate,13,4,382
CRISP,senate,13,5,246
CRISP,senate,13,6,212
CRISP,senate,13,7,197
CRISP,senate,13,8,207
CRISP,senate,13,10,100
CRISP,senate,13,11,217
CRISP,senate,13,12,204
CRISP,senate,13,13,235
CRISP,senate,13,14,246
CRISP,senate,13,15,312
CRISP,senate,13,17,96
CRISP,senate,13,18,296
CRISP,senate,13,19,291
CRISP,senate,13,20,295
CRISP,senate,13,21,303
CRISP,senate,13,22,308
CRISP,senate,13,26,2
DADE,house,1,0,17
DADE,house,1,4,230
DADE,house,1,5,165
DADE,house,1,6,119
DADE,house,1,7,165
DADE,house,1,8,153
DADE,house,1,10,64
DADE,house,1,11,189
DADE,house,1,12,146
DADE,house,1,13,134
DADE,house,1,14,160
DADE,house,1,15,168
DADE,house,1,17,59
DADE,house,1,18,200
DADE,house,1,19,210
DADE,house,1,20,217
DADE,house,1,21,223
DADE,house,1,22,193
DADE,house,1,25,1
DADE,house,1,42,1
DADE,senate,53,0,17
DADE,senate,53,4,230
DADE,senate,53,5,165
DADE,senate,53,6,119
DADE,senate,53,7,165
DADE,senate,53,8,153
DADE,senate,53,10,64
DADE,senate,53,11,189
DADE,senate,53,12,146
DADE,senate,53,13,134
DADE,senate,53,14,160
DADE,senate,53,15,168
DADE,senate,53,17,59
DADE,senate,53,18,200
DADE,senate,53,19,210
DADE,senate,53,20,217
DADE,senate,53,21,223
DADE,senate,53,22,193
DADE,senate,53,25,1
DADE,senate,53,42,1
DAWSON,house,7,0,1
DAWSON,house,7,1,6
DAWSON,house,7,4,82
DAWSON,house,7,5,41
DAWSON,house,7,6,50
DAWSON,house,7,7,92
DAWSON,house,7,8,68
DAWSON,house,7,10,38
DAWSON,house,7,11,102
DAWSON,house,7,12,63
DAWSON,house,7,13,71
DAWSON,house,7,14,75
DAWSON,house,7,15,100
DAWSON,house,7,17,33
DAWSON,house,7,18,101
DAWSON,house,7,19,88
DAWSON,house,7,20,95
DAWSON,house,7,21,121
DAWSON,house,7,22,88
DAWSON,house,9,0,19
DAWSON,house,9,1,32
DAWSON,house,9,4,773
DAWSON,house,9,5,513
DAWSON,house,9,6,457
DAWSON,house,9,7,420
DAWSON,house,9,8,469
DAWSON,house,9,9,1
DAWSON,house,9,10,379
DAWSON,house,9,11,589
DAWSON,house,9,12,384
DAWSON,house,9,13,449
DAWSON,house,9,14,482
DAWSON,house,9,15,510
DAWSON,house,9,17,219
DAWSON,house,9,18,540
DAWSON,house,9,19,508
DAWSON,house,9,20,520
DAWSON,house,9,21,586
DAWSON,house,9,22,508
DAWSON,house,9,25,7
DAWSON,house,9,28,1
DAWSON,house,9,36,1
DAWSON,senate,51,0,20
DAWSON,senate,51,1,38
DAWSON,senate,51,4,855
DAWSON,senate,51,5,554
DAWSON,senate,51,6,507
DAWSON,senate,51,7,512
DAWSON,senate,51,8,537
DAWSON,senate,51,9,1
DAWSON,senate,51,10,417
DAWSON,senate,51,11,691
DAWSON,senate,51,12,447
DAWSON,senate,51,13,520
DAWSON,senate,51,14,557
DAWSON,senate,51,15,610
DAWSON,senate,51,17,252
DAWSON,senate,51,18,641
DAWSON,senate,51,19,596
DAWSON,senate,51,20,615
DAWSON,senate,51,21,707
DAWSON,senate,51,22,596
DAWSON,senate,51,25,7
DAWSON,senate,51,28,1
DAWSON,senate,51,36,1
DECATUR,house,171,0,20
DECATUR,house,171,1,25
DECATUR,house,171,3,1
DECATUR,house,171,4,430
DECATUR,house,171,5,340
DECATUR,house,171,6,300
DECATUR,house,171,7,244
DECATUR,house,171,8,278
DECATUR,house,171,10,150
DECATUR,house,171,11,322
DECATUR,house,171,12,275
DECATUR,house,171,13,285
DECATUR,house,171,14,296
DECATUR,house,171,15,314
DECATUR,house,171,17,144
DECATUR,house,171,18,400
DECATUR,house,171,19,427
DECATUR,house,171,20,362
DECATUR,house,171,21,418
DECATUR,house,171,22,433
DECATUR,house,171,25,12
DECATUR,house,171,26,3
DECATUR,house,171,28,1
DECATUR,senate,11,0,20
DECATUR,senate,11,1,25
DECATUR,senate,11,3,1
DECATUR,senate,11,4,430
DECATUR,senate,11,5,340
DECATUR,senate,11,6,300
DECATUR,senate,11,7,244
DECATUR,senate,11,8,278
DECATUR,senate,11,10,150
DECATUR,senate,11,11,322
DECATUR,senate,11,12,275
DECATUR,senate,11,13,285
DECATUR,senate,11,14,296
DECATUR,senate,11,15,314
DECATUR,senate,11,17,144
DECATUR,senate,11,18,400
DECATUR,senate,11,19,427
DECATUR,senate,11,20,362
DECATUR,senate,11,21,418
DECATUR,senate,11,22,433
DECATUR,senate,11,25,12
DECATUR,senate,11,26,3
DECATUR,senate,11,28,1
DEKALB,house,52,0,32
DEKALB,house,52,1,53
DEKALB,house,52,3,26
DEKALB,house,52,4,782
DEKALB,house,52,5,509
DEKALB,house,52,6,457
DEKALB,house,52,7,329
DEKALB,house,52,8,419
DEKALB,house,52,9,249
DEKALB,house,52,10,347
DEKALB,house,52,11,491
DEKALB,house,52,12,364
DEKALB,house,52,13,386
DEKALB,house,52,14,317
DEKALB,house,52,15,497
DEKALB,house,52,16,142
DEKALB,house,52,17,289
DEKALB,house,52,18,469
DEKALB,house,52,19,389
DEKALB,house,52,20,456
DEKALB,house,52,21,380
DEKALB,house,52,22,463
DEKALB,house,52,25,1
DEKALB,house,52,28,1
DEKALB,house,80,0,44
DEKALB,house,80,1,67
DEKALB,house,80,3,21
DEKALB,house,80,4,1217
DEKALB,house,80,5,910
DEKALB,house,80,6,795
DEKALB,house,80,7,633
DEKALB,house,80,8,758
DEKALB,house,80,9,351
DEKALB,house,80,10,550
DEKALB,house,80,11,886
DEKALB,house,80,12,722
DEKALB,house,80,13,736
DEKALB,house,80,14,741
DEKALB,house,80,15,903
DEKALB,house,80,16,285
DEKALB,house,80,17,551
DEKALB,house,80,18,903
DEKALB,house,80,19,799
DEKALB,house,80,20,858
DEKALB,house,80,21,886
DEKALB,house,80,22,843
DEKALB,house,80,29,2
DEKALB,house,80,40,3
DEKALB,house,81,0,74
DEKALB,house,81,1,68
DEKALB,house,81,3,27
DEKALB,house,81,4,1260
DEKALB,house,81,5,1015
DEKALB,house,81,6,930
DEKALB,house,81,7,761
DEKALB,house,81,8,860
DEKALB,house,81,9,422
DEKALB,house,81,10,649
DEKALB,house,81,11,918
DEKALB,house,81,12,766
DEKALB,house,81,13,862
DEKALB,house,81,14,736
DEKALB,house,81,15,1049
DEKALB,house,81,16,347
DEKALB,house,81,17,635
DEKALB,house,81,18,947
DEKALB,house,81,19,745
DEKALB,house,81,20,865
DEKALB,house,81,21,765
DEKALB,house,81,22,758
DEKALB,house,81,26,1
DEKALB,house,81,28,1
DEKALB,house,81,33,1
DEKALB,house,81,36,1
DEKALB,house,82,0,98
DEKALB,house,82,1,131
DEKALB,house,82,3,47
DEKALB,house,82,4,1971
DEKALB,house,82,5,1343
DEKALB,house,82,6,1120
DEKALB,house,82,7,923
DEKALB,house,82,8,1066
DEKALB,house,82,9,556
DEKALB,house,82,10,795
DEKALB,house,82,11,1179
DEKALB,house,82,12,877
DEKALB,house,82,13,994
DEKALB,house,82,14,901
DEKALB,house,82,15,1463
DEKALB,house,82,16,428
DEKALB,house,82,17,736
DEKALB,house,82,18,1132
DEKALB,house,82,19,852
DEKALB,house,82,20,1096
DEKALB,house,82,21,789
DEKALB,house,82,22,949
DEKALB,house,82,25,2
DEKALB,house,82,26,2
DEKALB,house,82,27,1
DEKALB,house,82,28,2
DEKALB,house,82,29,2
DEKALB,house,82,32,5
DEKALB,house,82,39,1
DEKALB,house,83,0,43
DEKALB,house,83,1,65
DEKALB,house,83,3,24
DEKALB,house,83,4,1462
DEKALB,house,83,5,859
DEKALB,house,83,6,761
DEKALB,house,83,7,589
DEKALB,house,83,8,690
DEKALB,house,83,9,306
DEKALB,house,83,10,490
DEKALB,house,83,11,746
DEKALB,house,83,12,527
DEKALB,house,83,13,605
DEKALB,house,83,14,567
DEKALB,house,83,15,754
DEKALB,house,83,16,223
DEKALB,house,83,17,456
DEKALB,house,83,18,675
DEKALB,house,83,19,612
DEKALB,house,83,20,619
DEKALB,house,83,21,608
DEKALB,house,83,22,727
DEKALB,house,83,36,1
DEKALB,house,83,43,2
DEKALB,house,84,0,91
DEKALB,house,84,1,66
DEKALB,house,84,3,24
DEKALB,house,84,4,2050
DEKALB,house,84,5,1374
DEKALB,house,84,6,1140
DEKALB,house,84,7,889
DEKALB,house,84,8,1030
DEKALB,house,84,9,406
DEKALB,house,84,10,762
DEKALB,house,84,11,1160
DEKALB,house,84,12,1014
DEKALB,house,84,13,989
DEKALB,house,84,14,1020
DEKALB,house,84,15,1431
DEKALB,house,84,16,311
DEKALB,house,84,17,669
DEKALB,house,84,18,1238
DEKALB,house,84,19,1126
DEKALB,house,84,20,1435
DEKALB,house,84,21,1425
DEKALB,house,84,22,1558
DEKALB,house,84,27,2
DEKALB,house,84,36,1
DEKALB,house,85,0,66
DEKALB,house,85,1,66
DEKALB,house,85,3,12
DEKALB,house,85,4,1287
DEKALB,house,85,5,937
DEKALB,house,85,6,812
DEKALB,house,85,7,604
DEKALB,house,85,8,728
DEKALB,house,85,9,280
DEKALB,house,85,10,518
DEKALB,house,85,11,640
DEKALB,house,85,12,543
DEKALB,house,85,13,633
DEKALB,house,85,14,589
DEKALB,house,85,15,911
DEKALB,house,85,16,231
DEKALB,house,85,17,424
DEKALB,house,85,18,751
DEKALB,house,85,19,640
DEKALB,house,85,20,764
DEKALB,house,85,21,723
DEKALB,house,85,22,863
DEKALB,house,85,36,2
DEKALB,house,85,39,2
DEKALB,house,86,0,66
DEKALB,house,86,1,57
DEKALB,house,86,3,19
DEKALB,house,86,4,1329
DEKALB,house,86,5,923
DEKALB,house,86,6,730
DEKALB,house,86,7,690
DEKALB,house,86,8,745
DEKALB,house,86,9,248
DEKALB,house,86,10,579
DEKALB,house,86,11,650
DEKALB,house,86,12,574
DEKALB,house,86,13,551
DEKALB,house,86,14,600
DEKALB,house,86,15,960
DEKALB,house,86,16,214
DEKALB,house,86,17,506
DEKALB,house,86,18,810
DEKALB,house,86,19,714
DEKALB,house,86,20,767
DEKALB,house,86,21,733
DEKALB,house,86,22,875
DEKALB,house,86,28,1
DEKALB,house,86,29,1
DEKALB,house,86,35,1
DEKALB,house,86,39,1
DEKALB,house,87,0,66
DEKALB,house,87,1,49
DEKALB,house,87,3,18
DEKALB,house,87,4,1342
DEKALB,house,87,5,985
DEKALB,house,87,6,706
DEKALB,house,87,7,634
DEKALB,house,87,8,701
DEKALB,house,87,9,261
DEKALB,house,87,10,479
DEKALB,house,87,11,719
DEKALB,house,87,12,627
DEKALB,house,87,13,717
DEKALB,house,87,14,716
DEKALB,house,87,15,919
DEKALB,house,87,16,196
DEKALB,house,87,17,468
DEKALB,house,87,18,862
DEKALB,house,87,19,753
DEKALB,house,87,20,801
DEKALB,house,87,21,707
DEKALB,house,87,22,855
DEKALB,house,87,29,1
DEKALB,house,88,0,74
DEKALB,house,88,1,50
DEKALB,house,88,3,22
DEKALB,house,88,4,1265
DEKALB,house,88,5,854
DEKALB,house,88,6,757
DEKALB,house,88,7,637
DEKALB,house,88,8,755
DEKALB,house,88,9,241
DEKALB,house,88,10,512
DEKALB,house,88,11,703
DEKALB,house,88,12,678
DEKALB,house,88,13,731
DEKALB,house,88,14,710
DEKALB,house,88,15,1020
DEKALB,house,88,16,197
DEKALB,house,88,17,495
DEKALB,house,88,18,785
DEKALB,house,88,19,723
DEKALB,house,88,20,823
DEKALB,house,88,21,791
DEKALB,house,88,22,895
DEKALB,house,88,40,1
DEKALB,house,89,0,99
DEKALB,house,89,1,110
DEKALB,house,89,3,42
DEKALB,house,89,4,1879
DEKALB,house,89,5,1418
DEKALB,house,89,6,1126
DEKALB,house,89,7,936
DEKALB,house,89,8,1073
DEKALB,house,89,9,503
DEKALB,house,89,10,784
DEKALB,house,89,11,1149
DEKALB,house,89,12,877
DEKALB,house,89,13,1106
DEKALB,house,89,14,1003
DEKALB,house,89,15,1457
DEKALB,house,89,16,297
DEKALB,house,89,17,766
DEKALB,house,89,18,1351
DEKALB,house,89,19,1082
DEKALB,house,89,20,1406
DEKALB,house,89,21,1284
DEKALB,house,89,22,1489
DEKALB,house,89,26,3
DEKALB,house,89,27,1
DEKALB,house,89,28,7
DEKALB,house,89,29,9
DEKALB,house,89,32,4
DEKALB,house,89,33,5
DEKALB,house,89,34,2
DEKALB,house,89,35,2
DEKALB,house,89,36,2
DEKALB,house,89,39,1
DEKALB,house,89,41,1
DEKALB,house,89,42,1
DEKALB,house,90,0,111
DEKALB,house,90,1,102
DEKALB,house,90,3,30
DEKALB,house,90,4,2261
DEKALB,house,90,5,1537
DEKALB,house,90,6,1316
DEKALB,house,90,7,1071
DEKALB,house,90,8,1121
DEKALB,house,90,9,473
DEKALB,house,90,10,795
DEKALB,house,90,11,1284
DEKALB,house,90,12,994
DEKALB,house,90,13,989
DEKALB,house,90,14,1077
DEKALB,house,90,15,1519
DEKALB,house,90,16,332
DEKALB,house,90,17,657
DEKALB,house,90,18,1423
DEKALB,house,90,19,1136
DEKALB,house,90,20,1241
DEKALB,house,90,21,1242
DEKALB,house,90,22,1392
DEKALB,house,90,25,1
DEKALB,house,90,26,1
DEKALB,house,90,28,2
DEKALB,house,90,29,2
DEKALB,house,90,35,1
DEKALB,house,90,36,2
DEKALB,house,90,39,1
DEKALB,house,91,0,17
DEKALB,house,91,1,24
DEKALB,house,91,3,7
DEKALB,house,91,4,522
DEKALB,house,91,5,379
DEKALB,house,91,6,277
DEKALB,house,91,7,217
DEKALB,house,91,8,269
DEKALB,house,91,9,134
DEKALB,house,91,10,204
DEKALB,house,91,11,242
DEKALB,house,91,12,260
DEKALB,house,91,13,231
DEKALB,house,91,14,283
DEKALB,house,91,15,358
DEKALB,house,91,16,105
DEKALB,house,91,17,213
DEKALB,house,91,18,333
DEKALB,house,91,19,340
DEKALB,house,91,20,337
DEKALB,house,91,21,369
DEKALB,house,91,22,375
DEKALB,house,92,0,17
DEKALB,house,92,1,8
DEKALB,house,92,3,1
DEKALB,house,92,4,441
DEKALB,house,92,5,292
DEKALB,house,92,6,244
DEKALB,house,92,7,188
DEKALB,house,92,8,208
DEKALB,house,92,9,80
DEKALB,house,92,10,128
DEKALB,house,92,11,179
DEKALB,house,92,12,194
DEKALB,house,92,13,198
DEKALB,house,92,14,183
DEKALB,house,92,15,263
DEKALB,house,92,16,92
DEKALB,house,92,17,182
DEKALB,house,92,18,259
DEKALB,house,92,19,227
DEKALB,house,92,20,266
DEKALB,house,92,21,284
DEKALB,house,92,22,321
DEKALB,house,93,0,11
DEKALB,house,93,1,4
DEKALB,house,93,3,1
DEKALB,house,93,4,143
DEKALB,house,93,5,127
DEKALB,house,93,6,94
DEKALB,house,93,7,79
DEKALB,house,93,8,107
DEKALB,house,93,9,29
DEKALB,house,93,10,72
DEKALB,house,93,11,95
DEKALB,house,93,12,94
DEKALB,house,93,13,84
DEKALB,house,93,14,80
DEKALB,house,93,15,121
DEKALB,house,93,16,35
DEKALB,house,93,17,51
DEKALB,house,93,18,115
DEKALB,house,93,19,101
DEKALB,house,93,20,104
DEKALB,house,93,21,94
DEKALB,house,93,22,118
DEKALB,house,93,35,1
DEKALB,house,94,0,33
DEKALB,house,94,1,40
DEKALB,house,94,3,8
DEKALB,house,94,4,944
DEKALB,house,94,5,571
DEKALB,house,94,6,493
DEKALB,house,94,7,397
DEKALB,house,94,8,454
DEKALB,house,94,9,239
DEKALB,house,94,10,383
DEKALB,house,94,11,509
DEKALB,house,94,12,427
DEKALB,house,94,13,454
DEKALB,house,94,14,450
DEKALB,house,94,15,655
DEKALB,house,94,16,162
DEKALB,house,94,17,333
DEKALB,house,94,18,546
DEKALB,house,94,19,518
DEKALB,house,94,20,563
DEKALB,house,94,21,579
DEKALB,house,94,22,633
DEKALB,house,94,28,1
DEKALB,house,95,0,22
DEKALB,house,95,1,8
DEKALB,house,95,3,5
DEKALB,house,95,4,463
DEKALB,house,95,5,282
DEKALB,house,95,6,230
DEKALB,house,95,7,214
DEKALB,house,95,8,215
DEKALB,house,95,9,119
DEKALB,house,95,10,195
DEKALB,house,95,11,222
DEKALB,house,95,12,190
DEKALB,house,95,13,197
DEKALB,house,95,14,187
DEKALB,house,95,15,313
DEKALB,house,95,16,86
DEKALB,house,95,17,199
DEKALB,house,95,18,266
DEKALB,house,95,19,259
DEKALB,house,95,20,267
DEKALB,house,95,21,233
DEKALB,house,95,22,311
DEKALB,house,95,41,2
DEKALB,senate,10,0,79
DEKALB,senate,10,1,74
DEKALB,senate,10,3,27
DEKALB,senate,10,4,2185
DEKALB,senate,10,5,1460
DEKALB,senate,10,6,1190
DEKALB,senate,10,7,957
DEKALB,senate,10,8,1127
DEKALB,senate,10,9,450
DEKALB,senate,10,10,858
DEKALB,senate,10,11,1206
DEKALB,senate,10,12,1092
DEKALB,senate,10,13,1151
DEKALB,senate,10,14,1178
DEKALB,senate,10,15,1688
DEKALB,senate,10,16,367
DEKALB,senate,10,17,878
DEKALB,senate,10,18,1564
DEKALB,senate,10,19,1484
DEKALB,senate,10,20,1774
DEKALB,senate,10,21,1891
DEKALB,senate,10,22,2100
DEKALB,senate,10,36,1
DEKALB,senate,10,39,1
DEKALB,senate,40,0,141
DEKALB,senate,40,1,192
DEKALB,senate,40,3,78
DEKALB,senate,40,4,3671
DEKALB,senate,40,5,2581
DEKALB,senate,40,6,2284
DEKALB,senate,40,7,1756
DEKALB,senate,40,8,2106
DEKALB,senate,40,9,1023
DEKALB,senate,40,10,1549
DEKALB,senate,40,11,2346
DEKALB,senate,40,12,1800
DEKALB,senate,40,13,1932
DEKALB,senate,40,14,1819
DEKALB,senate,40,15,2454
DEKALB,senate,40,16,754
DEKALB,senate,40,17,1474
DEKALB,senate,40,18,2310
DEKALB,senate,40,19,1958
DEKALB,senate,40,20,2186
DEKALB,senate,40,21,2038
DEKALB,senate,40,22,2171
DEKALB,senate,40,25,1
DEKALB,senate,40,28,1
DEKALB,senate,40,29,2
DEKALB,senate,40,33,1
DEKALB,senate,40,36,2
DEKALB,senate,40,40,3
DEKALB,senate,40,43,2
DEKALB,senate,41,0,210
DEKALB,senate,41,1,172
DEKALB,senate,41,3,61
DEKALB,senate,41,4,4049
DEKALB,senate,41,5,2893
DEKALB,senate,41,6,2319
DEKALB,senate,41,7,2036
DEKALB,senate,41,8,2303
DEKALB,senate,41,9,908
DEKALB,senate,41,10,1668
DEKALB,senate,41,11,2173
DEKALB,senate,41,12,1938
DEKALB,senate,41,13,2122
DEKALB,senate,41,14,2119
DEKALB,senate,41,15,2993
DEKALB,senate,41,16,673
DEKALB,senate,41,17,1521
DEKALB,senate,41,18,2552
DEKALB,senate,41,19,2237
DEKALB,senate,41,20,2538
DEKALB,senate,41,21,2237
DEKALB,senate,41,22,2546
DEKALB,senate,41,28,2
DEKALB,senate,41,29,1
DEKALB,senate,41,35,1
DEKALB,senate,41,39,1
DEKALB,senate,41,40,1
DEKALB,senate,42,0,323
DEKALB,senate,42,1,367
DEKALB,senate,42,3,119
DEKALB,senate,42,4,6234
DEKALB,senate,42,5,4457
DEKALB,senate,42,6,3785
DEKALB,senate,42,7,3011
DEKALB,senate,42,8,3405
DEKALB,senate,42,9,1565
DEKALB,senate,42,10,2485
DEKALB,senate,42,11,3733
DEKALB,senate,42,12,2863
DEKALB,senate,42,13,3175
DEKALB,senate,42,14,2956
DEKALB,senate,42,15,4328
DEKALB,senate,42,16,1148
DEKALB,senate,42,17,2195
DEKALB,senate,42,18,3754
DEKALB,senate,42,19,2911
DEKALB,senate,42,20,3494
DEKALB,senate,42,21,3021
DEKALB,senate,42,22,3425
DEKALB,senate,42,25,3
DEKALB,senate,42,26,7
DEKALB,senate,42,27,4
DEKALB,senate,42,28,9
DEKALB,senate,42,29,13
DEKALB,senate,42,32,9
DEKALB,senate,42,33,5
DEKALB,senate,42,34,2
DEKALB,senate,42,35,3
DEKALB,senate,42,36,6
DEKALB,senate,42,39,4
DEKALB,senate,42,41,1
DEKALB,senate,42,42,1
DEKALB,senate,43,0,30
DEKALB,senate,43,1,17
DEKALB,senate,43,3,5
DEKALB,senate,43,4,785
DEKALB,senate,43,5,520
DEKALB,senate,43,6,422
DEKALB,senate,43,7,357
DEKALB,senate,43,8,428
DEKALB,senate,43,9,189
DEKALB,senate,43,10,295
DEKALB,senate,43,11,370
DEKALB,senate,43,12,367
DEKALB,senate,43,13,384
DEKALB,senate,43,14,375
DEKALB,senate,43,15,517
DEKALB,senate,43,16,178
DEKALB,senate,43,17,321
DEKALB,senate,43,18,504
DEKALB,senate,43,19,439
DEKALB,senate,43,20,500
DEKALB,senate,43,21,503
DEKALB,senate,43,22,584
DEKALB,senate,43,35,1
DEKALB,senate,44,0,81
DEKALB,senate,44,1,68
DEKALB,senate,44,3,27
DEKALB,senate,44,4,1709
DEKALB,senate,44,5,1140
DEKALB,senate,44,6,927
DEKALB,senate,44,7,775
DEKALB,senate,44,8,831
DEKALB,senate,44,9,345
DEKALB,senate,44,10,602
DEKALB,senate,44,11,893
DEKALB,senate,44,12,746
DEKALB,senate,44,13,761
DEKALB,senate,44,14,759
DEKALB,senate,44,15,1173
DEKALB,senate,44,16,244
DEKALB,senate,44,17,490
DEKALB,senate,44,18,1039
DEKALB,senate,44,19,854
DEKALB,senate,44,20,994
DEKALB,senate,44,21,987
DEKALB,senate,44,22,1139
DEKALB,senate,44,28,2
DEKALB,senate,55,0,100
DEKALB,senate,55,1,78
DEKALB,senate,55,3,17
DEKALB,senate,55,4,1985
DEKALB,senate,55,5,1264
DEKALB,senate,55,6,1061
DEKALB,senate,55,7,899
DEKALB,senate,55,8,999
DEKALB,senate,55,9,417
DEKALB,senate,55,10,785
DEKALB,senate,55,11,1051
DEKALB,senate,55,12,922
DEKALB,senate,55,13,938
DEKALB,senate,55,14,954
DEKALB,senate,55,15,1440
DEKALB,senate,55,16,319
DEKALB,senate,55,17,751
DEKALB,senate,55,18,1142
DEKALB,senate,55,19,1133
DEKALB,senate,55,20,1182
DEKALB,senate,55,21,1215
DEKALB,senate,55,22,1460
DEKALB,senate,55,28,1
DEKALB,senate,55,29,1
DEKALB,senate,55,41,2
DODGE,house,149,0,10
DODGE,house,149,1,20
DODGE,house,149,4,384
DODGE,house,149,5,271
DODGE,house,149,6,124
DODGE,house,149,7,211
DODGE,house,149,8,182
DODGE,house,149,10,100
DODGE,house,149,11,238
DODGE,house,149,12,207
DODGE,house,149,13,175
DODGE,house,149,14,158
DODGE,house,149,15,285
DODGE,house,149,17,53
DODGE,house,149,18,226
DODGE,house,149,19,180
DODGE,house,149,20,248
DODGE,house,149,21,190
DODGE,house,149,22,178
DODGE,senate,20,0,10
DODGE,senate,20,1,20
DODGE,senate,20,4,384
DODGE,senate,20,5,271
DODGE,senate,20,6,124
DODGE,senate,20,7,211
DODGE,senate,20,8,182
DODGE,senate,20,10,100
DODGE,senate,20,11,238
DODGE,senate,20,12,207
DODGE,senate,20,13,175
DODGE,senate,20,14,158
DODGE,senate,20,15,285
DODGE,senate,20,17,53
DODGE,senate,20,18,226
DODGE,senate,20,19,180
DODGE,senate,20,20,248
DODGE,senate,20,21,190
DODGE,senate,20,22,178
DOOLY,house,150,0,1
DOOLY,house,150,1,12
DOOLY,house,150,3,1
DOOLY,house,150,4,172
DOOLY,house,150,5,131
DOOLY,house,150,6,69
DOOLY,house,150,7,126
DOOLY,house,150,8,105
DOOLY,house,150,10,95
DOOLY,house,150,11,108
DOOLY,house,150,12,100
DOOLY,house,150,13,125
DOOLY,house,150,14,152
DOOLY,house,150,15,131
DOOLY,house,150,17,47
DOOLY,house,150,18,121
DOOLY,house,150,19,107
DOOLY,house,150,20,119
DOOLY,house,150,21,107
DOOLY,house,150,22,90
DOOLY,senate,20,0,1
DOOLY,senate,20,1,12
DOOLY,senate,20,3,1
DOOLY,senate,20,4,172
DOOLY,senate,20,5,131
DOOLY,senate,20,6,69
DOOLY,senate,20,7,126
DOOLY,senate,20,8,105
DOOLY,senate,20,10,95
DOOLY,senate,20,11,108
DOOLY,senate,20,12,100
DOOLY,senate,20,13,125
DOOLY,senate,20,14,152
DOOLY,senate,20,15,131
DOOLY,senate,20,17,47
DOOLY,senate,20,18,121
DOOLY,senate,20,19,107
DOOLY,senate,20,20,119
DOOLY,senate,20,21,107
DOOLY,senate,20,22,90
DOUGHERTY,house,151,0,13
DOUGHERTY,house,151,1,18
DOUGHERTY,house,151,4,133
DOUGHERTY,house,151,5,75
DOUGHERTY,house,151,6,78
DOUGHERTY,house,151,7,74
DOUGHERTY,house,151,8,100
DOUGHERTY,house,151,9,32
DOUGHERTY,house,151,10,43
DOUGHERTY,house,151,11,99
DOUGHERTY,house,151,12,86
DOUGHERTY,house,151,13,63
DOUGHERTY,house,151,14,92
DOUGHERTY,house,151,15,94
DOUGHERTY,house,151,16,32
DOUGHERTY,house,151,17,52
DOUGHERTY,house,151,18,110
DOUGHERTY,house,151,19,107
DOUGHERTY,house,151,20,88
DOUGHERTY,house,151,21,101
DOUGHERTY,house,151,22,87
DOUGHERTY,house,152,0,11
DOUGHERTY,house,152,1,8
DOUGHERTY,house,152,4,83
DOUGHERTY,house,152,5,56
DOUGHERTY,house,152,6,44
DOUGHERTY,house,152,7,62
DOUGHERTY,house,152,8,60
DOUGHERTY,house,152,9,24
DOUGHERTY,house,152,10,33
DOUGHERTY,house,152,11,81
DOUGHERTY,house,152,12,40
DOUGHERTY,house,152,13,49
DOUGHERTY,house,152,14,68
DOUGHERTY,house,152,15,59
DOUGHERTY,house,152,16,16
DOUGHERTY,house,152,17,19
DOUGHERTY,house,152,18,68
DOUGHERTY,house,152,19,63
DOUGHERTY,house,152,20,70
DOUGHERTY,house,152,21,69
DOUGHERTY,house,152,22,46
DOUGHERTY,house,153,0,85
DOUGHERTY,house,153,1,69
DOUGHERTY,house,153,4,824
DOUGHERTY,house,153,5,587
DOUGHERTY,house,153,6,560
DOUGHERTY,house,153,7,438
DOUGHERTY,house,153,8,469
DOUGHERTY,house,153,9,210
DOUGHERTY,house,153,10,277
DOUGHERTY,house,153,11,472
DOUGHERTY,house,153,12,450
DOUGHERTY,house,153,13,460
DOUGHERTY,house,153,14,555
DOUGHERTY,house,153,15,602
DOUGHERTY,house,153,16,115
DOUGHERTY,house,153,17,260
DOUGHERTY,house,153,18,590
DOUGHERTY,house,153,19,477
DOUGHERTY,house,153,20,543
DOUGHERTY,house,153,21,532
DOUGHERTY,house,153,22,454
DOUGHERTY,house,153,25,1
DOUGHERTY,house,154,0,31
DOUGHERTY,house,154,1,26
DOUGHERTY,house,154,4,214
DOUGHERTY,house,154,5,152
DOUGHERTY,house,154,6,103
DOUGHERTY,house,154,7,104
DOUGHERTY,house,154,8,119
DOUGHERTY,house,154,9,57
DOUGHERTY,house,154,10,69
DOUGHERTY,house,154,11,107
DOUGHERTY,house,154,12,103
DOUGHERTY,house,154,13,130
DOUGHERTY,house,154,14,175
DOUGHERTY,house,154,15,166
DOUGHERTY,house,154,16,36
DOUGHERTY,house,154,17,96
DOUGHERTY,house,154,18,185
DOUGHERTY,house,154,19,156
DOUGHERTY,house,154,20,181
DOUGHERTY,house,154,21,204
DOUGHERTY,house,154,22,176
DOUGHERTY,house,154,25,1
DOUGHERTY,senate,12,0,140
DOUGHERTY,senate,12,1,121
DOUGHERTY,senate,12,4,1254
DOUGHERTY,senate,12,5,870
DOUGHERTY,senate,12,6,785
DOUGHERTY,senate,12,7,678
DOUGHERTY,senate,12,8,748
DOUGHERTY,senate,12,9,323
DOUGHERTY,senate,12,10,422
DOUGHERTY,senate,12,11,759
DOUGHERTY,senate,12,12,679
DOUGHERTY,senate,12,13,702
DOUGHERTY,senate,12,14,890
DOUGHERTY,senate,12,15,921
DOUGHERTY,senate,12,16,199
DOUGHERTY,senate,12,17,427
DOUGHERTY,senate,12,18,953
DOUGHERTY,senate,12,19,803
DOUGHERTY,senate,12,20,882
DOUGHERTY,senate,12,21,906
DOUGHERTY,senate,12,22,763
DOUGHERTY,senate,12,25,2
DOUGLAS,house,61,0,43
DOUGLAS,house,61,1,32
DOUGLAS,house,61,4,739
DOUGLAS,house,61,5,393
DOUGLAS,house,61,6,337
DOUGLAS,house,61,7,311
DOUGLAS,house,61,8,357
DOUGLAS,house,61,10,217
DOUGLAS,house,61,11,366
DOUGLAS,house,61,12,277
DOUGLAS,house,61,13,344
DOUGLAS,house,61,14,341
DOUGLAS,house,61,15,403
DOUGLAS,house,61,17,231
DOUGLAS,house,61,18,404
DOUGLAS,house,61,19,393
DOUGLAS,house,61,20,368
DOUGLAS,house,61,21,361
DOUGLAS,house,61,22,450
DOUGLAS,house,61,26,1
DOUGLAS,house,61,33,1
DOUGLAS,house,64,0,42
DOUGLAS,house,64,1,56
DOUGLAS,house,64,4,1028
DOUGLAS,house,64,5,617
DOUGLAS,house,64,6,576
DOUGLAS,house,64,7,496
DOUGLAS,house,64,8,582
DOUGLAS,house,64,10,401
DOUGLAS,house,64,11,633
DOUGLAS,house,64,12,526
DOUGLAS,house,64,13,569
DOUGLAS,house,64,14,568
DOUGLAS,house,64,15,664
DOUGLAS,house,64,17,344
DOUGLAS,house,64,18,592
DOUGLAS,house,64,19,659
DOUGLAS,house,64,20,570
DOUGLAS,house,64,21,562
DOUGLAS,house,64,22,652
DOUGLAS,house,64,25,4
DOUGLAS,house,64,26,1
DOUGLAS,house,65,0,29
DOUGLAS,house,65,1,31
DOUGLAS,house,65,4,645
DOUGLAS,house,65,5,379
DOUGLAS,house,65,6,351
DOUGLAS,house,65,7,262
DOUGLAS,house,65,8,311
DOUGLAS,house,65,10,210
DOUGLAS,house,65,11,436
DOUGLAS,house,65,12,308
DOUGLAS,house,65,13,316
DOUGLAS,house,65,14,287
DOUGLAS,house,65,15,323
DOUGLAS,house,65,17,190
DOUGLAS,house,65,18,422
DOUGLAS,house,65,19,336
DOUGLAS,house,65,20,311
DOUGLAS,house,65,21,361
DOUGLAS,house,65,22,393
DOUGLAS,house,65,25,1
DOUGLAS,house,66,0,74
DOUGLAS,house,66,1,87
DOUGLAS,house,66,4,1646
DOUGLAS,house,66,5,919
DOUGLAS,house,66,6,815
DOUGLAS,house,66,7,751
DOUGLAS,house,66,8,865
DOUGLAS,house,66,10,554
DOUGLAS,house,66,11,826
DOUGLAS,house,66,12,670
DOUGLAS,house,66,13,806
DOUGLAS,house,66,14,749
DOUGLAS,house,66,15,912
DOUGLAS,house,66,17,529
DOUGLAS,house,66,18,979
DOUGLAS,house,66,19,842
DOUGLAS,house,66,20,844
DOUGLAS,house,66,21,917
DOUGLAS,house,66,22,1137
DOUGLAS,house,66,25,8
DOUGLAS,house,66,26,2
DOUGLAS,house,66,35,1
DOUGLAS,senate,28,0,31
DOUGLAS,senate,28,1,39
DOUGLAS,senate,28,4,797
DOUGLAS,senate,28,5,487
DOUGLAS,senate,28,6,442
DOUGLAS,senate,28,7,390
DOUGLAS,senate,28,8,441
DOUGLAS,senate,28,10,320
DOUGLAS,senate,28,11,485
DOUGLAS,senate,28,12,380
DOUGLAS,senate,28,13,463
DOUGLAS,senate,28,14,447
DOUGLAS,senate,28,15,501
DOUGLAS,senate,28,17,257
DOUGLAS,senate,28,18,458
DOUGLAS,senate,28,19,508
DOUGLAS,senate,28,20,477
DOUGLAS,senate,28,21,488
DOUGLAS,senate,28,22,559
DOUGLAS,senate,28,25,4
DOUGLAS,senate,28,26,1
DOUGLAS,senate,28,35,1
DOUGLAS,senate,30,0,23
DOUGLAS,senate,30,1,34
DOUGLAS,senate,30,4,573
DOUGLAS,senate,30,5,328
DOUGLAS,senate,30,6,315
DOUGLAS,senate,30,7,259
DOUGLAS,senate,30,8,334
DOUGLAS,senate,30,10,188
DOUGLAS,senate,30,11,287
DOUGLAS,senate,30,12,279
DOUGLAS,senate,30,13,272
DOUGLAS,senate,30,14,256
DOUGLAS,senate,30,15,329
DOUGLAS,senate,30,17,190
DOUGLAS,senate,30,18,297
DOUGLAS,senate,30,19,307
DOUGLAS,senate,30,20,287
DOUGLAS,senate,30,21,213
DOUGLAS,senate,30,22,300
DOUGLAS,senate,35,0,134
DOUGLAS,senate,35,1,133
DOUGLAS,senate,35,4,2688
DOUGLAS,senate,35,5,1493
DOUGLAS,senate,35,6,1322
DOUGLAS,senate,35,7,1171
DOUGLAS,senate,35,8,1340
DOUGLAS,senate,35,10,874
DOUGLAS,senate,35,11,1489
DOUGLAS,senate,35,12,1122
DOUGLAS,senate,35,13,1300
DOUGLAS,senate,35,14,1242
DOUGLAS,senate,35,15,1472
DOUGLAS,senate,35,17,847
DOUGLAS,senate,35,18,1642
DOUGLAS,senate,35,19,1415
DOUGLAS,senate,35,20,1329
DOUGLAS,senate,35,21,1500
DOUGLAS,senate,35,22,1773
DOUGLAS,senate,35,25,9
DOUGLAS,senate,35,26,3
DOUGLAS,senate,35,33,1
EARLY,house,154,0,9
EARLY,house,154,1,12
EARLY,house,154,4,209
EARLY,house,154,5,129
EARLY,house,154,6,119
EARLY,house,154,7,126
EARLY,house,154,8,108
EARLY,house,154,10,48
EARLY,house,154,11,120
EARLY,house,154,12,113
EARLY,house,154,13,107
EARLY,house,154,14,107
EARLY,house,154,15,109
EARLY,house,154,17,48
EARLY,house,154,18,198
EARLY,house,154,19,147
EARLY,house,154,20,169
EARLY,house,154,21,165
EARLY,house,154,22,164
EARLY,house,154,25,10
EARLY,senate,12,0,9
EARLY,senate,12,1,12
EARLY,senate,12,4,209
EARLY,senate,12,5,129
EARLY,senate,12,6,119
EARLY,senate,12,7,126
EARLY,senate,12,8,108
EARLY,senate,12,10,48
EARLY,senate,12,11,120
EARLY,senate,12,12,113
EARLY,senate,12,13,107
EARLY,senate,12,14,107
EARLY,senate,12,15,109
EARLY,senate,12,17,48
EARLY,senate,12,18,198
EARLY,senate,12,19,147
EARLY,senate,12,20,169
EARLY,senate,12,21,165
EARLY,senate,12,22,164
EARLY,senate,12,25,10
ECHOLS,house,174,0,2
ECHOLS,house,174,1,1
ECHOLS,house,174,4,80
ECHOLS,house,174,5,52
ECHOLS,house,174,6,38
ECHOLS,house,174,7,50
ECHOLS,house,174,8,55
ECHOLS,house,174,10,35
ECHOLS,house,174,11,44
ECHOLS,house,174,12,40
ECHOLS,house,174,13,25
ECHOLS,house,174,14,31
ECHOLS,house,174,15,29
ECHOLS,house,174,17,20
ECHOLS,house,174,18,45
ECHOLS,house,174,19,45
ECHOLS,house,174,20,34
ECHOLS,house,174,21,21
ECHOLS,house,174,22,45
ECHOLS,senate,8,0,2
ECHOLS,senate,8,1,1
ECHOLS,senate,8,4,80
ECHOLS,senate,8,5,52
ECHOLS,senate,8,6,38
ECHOLS,senate,8,7,50
ECHOLS,senate,8,8,55
ECHOLS,senate,8,10,35
ECHOLS,senate,8,11,44
ECHOLS,senate,8,12,40
ECHOLS,senate,8,13,25
ECHOLS,senate,8,14,31
ECHOLS,senate,8,15,29
ECHOLS,senate,8,17,20
ECHOLS,senate,8,18,45
ECHOLS,senate,8,19,45
ECHOLS,senate,8,20,34
ECHOLS,senate,8,21,21
ECHOLS,senate,8,22,45
EFFINGHAM,house,159,0,26
EFFINGHAM,house,159,1,22
EFFINGHAM,house,159,3,5
EFFINGHAM,house,159,4,703
EFFINGHAM,house,159,5,453
EFFINGHAM,house,159,6,392
EFFINGHAM,house,159,7,332
EFFINGHAM,house,159,8,408
EFFINGHAM,house,159,10,216
EFFINGHAM,house,159,11,474
EFFINGHAM,house,159,12,352
EFFINGHAM,house,159,13,298
EFFINGHAM,house,159,14,382
EFFINGHAM,house,159,15,422
EFFINGHAM,house,159,17,226
EFFINGHAM,house,159,18,549
EFFINGHAM,house,159,19,401
EFFINGHAM,house,159,20,391
EFFINGHAM,house,159,21,445
EFFINGHAM,house,159,22,414
EFFINGHAM,house,159,25,7
EFFINGHAM,house,161,0,8
EFFINGHAM,house,161,1,18
EFFINGHAM,house,161,3,10
EFFINGHAM,house,161,4,639
EFFINGHAM,house,161,5,414
EFFINGHAM,house,161,6,364
EFFINGHAM,house,161,7,320
EFFINGHAM,house,161,8,348
EFFINGHAM,house,161,10,249
EFFINGHAM,house,161,11,430
EFFINGHAM,house,161,12,308
EFFINGHAM,house,161,13,298
EFFINGHAM,house,161,14,311
EFFINGHAM,house,161,15,409
EFFINGHAM,house,161,17,179
EFFINGHAM,house,161,18,408
EFFINGHAM,house,161,19,380
EFFINGHAM,house,161,20,358
EFFINGHAM,house,161,21,352
EFFINGHAM,house,161,22,340
EFFINGHAM,house,161,26,2
EFFINGHAM,senate,4,0,34
EFFINGHAM,senate,4,1,40
EFFINGHAM,senate,4,3,15
EFFINGHAM,senate,4,4,1342
EFFINGHAM,senate,4,5,867
EFFINGHAM,senate,4,6,756
EFFINGHAM,senate,4,7,652
EFFINGHAM,senate,4,8,756
EFFINGHAM,senate,4,10,465
EFFINGHAM,senate,4,11,904
EFFINGHAM,senate,4,12,660
EFFINGHAM,senate,4,13,596
EFFINGHAM,senate,4,14,693
EFFINGHAM,senate,4,15,831
EFFINGHAM,senate,4,17,405
EFFINGHAM,senate,4,18,957
EFFINGHAM,senate,4,19,781
EFFINGHAM,senate,4,20,749
EFFINGHAM,senate,4,21,797
EFFINGHAM,senate,4,22,754
EFFINGHAM,senate,4,25,7
EFFINGHAM,senate,4,26,2
ELBERT,house,123,0,46
ELBERT,house,123,4,391
ELBERT,house,123,5,234
ELBERT,house,123,6,236
ELBERT,house,123,7,209
ELBERT,house,123,8,208
ELBERT,house,123,10,116
ELBERT,house,123,11,212
ELBERT,house,123,12,231
ELBERT,house,123,13,181
ELBERT,house,123,14,207
ELBERT,house,123,15,259
ELBERT,house,123,17,163
ELBERT,house,123,18,247
ELBERT,house,123,19,293
ELBERT,house,123,20,215
ELBERT,house,123,21,263
ELBERT,house,123,22,275
ELBERT,house,123,25,41
ELBERT,senate,24,0,46
ELBERT,senate,24,4,391
ELBERT,senate,24,5,234
ELBERT,senate,24,6,236
ELBERT,senate,24,7,209
ELBERT,senate,24,8,208
ELBERT,senate,24,10,116
ELBERT,senate,24,11,212
ELBERT,senate,24,12,231
ELBERT,senate,24,13,181
ELBERT,senate,24,14,207
ELBERT,senate,24,15,259
ELBERT,senate,24,17,163
ELBERT,senate,24,18,247
ELBERT,senate,24,19,293
ELBERT,senate,24,20,215
ELBERT,senate,24,21,263
ELBERT,senate,24,22,275
ELBERT,senate,24,25,41
EMANUEL,house,158,0,6
EMANUEL,house,158,1,9
EMANUEL,house,158,4,336
EMANUEL,house,158,5,232
EMANUEL,house,158,6,218
EMANUEL,house,158,7,141
EMANUEL,house,158,8,211
EMANUEL,house,158,10,72
EMANUEL,house,158,11,261
EMANUEL,house,158,12,209
EMANUEL,house,158,13,205
EMANUEL,house,158,14,229
EMANUEL,house,158,15,252
EMANUEL,house,158,17,38
EMANUEL,house,158,18,264
EMANUEL,house,158,19,220
EMANUEL,house,158,20,226
EMANUEL,house,158,21,245
EMANUEL,house,158,22,266
EMANUEL,house,158,25,6
EMANUEL,house,158,26,1
EMANUEL,senate,23,0,6
EMANUEL,senate,23,1,9
EMANUEL,senate,23,4,336
EMANUEL,senate,23,5,232
EMANUEL,senate,23,6,218
EMANUEL,senate,23,7,141
EMANUEL,senate,23,8,211
EMANUEL,senate,23,10,72
EMANUEL,senate,23,11,261
EMANUEL,senate,23,12,209
EMANUEL,senate,23,13,205
EMANUEL,senate,23,14,229
EMANUEL,senate,23,15,252
EMANUEL,senate,23,17,38
EMANUEL,senate,23,18,264
EMANUEL,senate,23,19,220
EMANUEL,senate,23,20,226
EMANUEL,senate,23,21,245
EMANUEL,senate,23,22,266
EMANUEL,senate,23,25,6
EMANUEL,senate,23,26,1
EVANS,house,157,0,8
EVANS,house,157,1,15
EVANS,house,157,4,234
EVANS,house,157,5,160
EVANS,house,157,6,118
EVANS,house,157,7,112
EVANS,house,157,8,136
EVANS,house,157,10,70
EVANS,house,157,11,181
EVANS,house,157,12,114
EVANS,house,157,13,115
EVANS,house,157,14,136
EVANS,house,157,15,142
EVANS,house,157,17,42
EVANS,house,157,18,157
EVANS,house,157,19,132
EVANS,house,157,20,132
EVANS,house,157,21,134
EVANS,house,157,22,152
EVANS,house,157,25,6
EVANS,house,157,33,1
EVANS,senate,4,0,8
EVANS,senate,4,1,15
EVANS,senate,4,4,234
EVANS,senate,4,5,160
EVANS,senate,4,6,118
EVANS,senate,4,7,112
EVANS,senate,4,8,136
EVANS,senate,4,10,70
EVANS,senate,4,11,181
EVANS,senate,4,12,114
EVANS,senate,4,13,115
EVANS,senate,4,14,136
EVANS,senate,4,15,142
EVANS,senate,4,17,42
EVANS,senate,4,18,157
EVANS,senate,4,19,132
EVANS,senate,4,20,132
EVANS,senate,4,21,134
EVANS,senate,4,22,152
EVANS,senate,4,25,6
EVANS,senate,4,33,1
FANNIN,house,7,0,26
FANNIN,house,7,1,29
FANNIN,house,7,3,18
FANNIN,house,7,4,523
FANNIN,house,7,5,429
FANNIN,house,7,6,351
FANNIN,house,7,7,372
FANNIN,house,7,8,371
FANNIN,house,7,10,145
FANNIN,house,7,11,430
FANNIN,house,7,12,409
FANNIN,house,7,13,420
FANNIN,house,7,14,462
FANNIN,house,7,15,466
FANNIN,house,7,17,140
FANNIN,house,7,18,472
FANNIN,house,7,19,459
FANNIN,house,7,20,503
FANNIN,house,7,21,453
FANNIN,house,7,22,380
FANNIN,house,7,25,3
FANNIN,house,7,26,1
FANNIN,house,7,34,4
FANNIN,senate,51,0,26
FANNIN,senate,51,1,29
FANNIN,senate,51,3,18
FANNIN,senate,51,4,523
FANNIN,senate,51,5,429
FANNIN,senate,51,6,351
FANNIN,senate,51,7,372
FANNIN,senate,51,8,371
FANNIN,senate,51,10,145
FANNIN,senate,51,11,430
FANNIN,senate,51,12,409
FANNIN,senate,51,13,420
FANNIN,senate,51,14,462
FANNIN,senate,51,15,466
FANNIN,senate,51,17,140
FANNIN,senate,51,18,472
FANNIN,senate,51,19,459
FANNIN,senate,51,20,503
FANNIN,senate,51,21,453
FANNIN,senate,51,22,380
FANNIN,senate,51,25,3
FANNIN,senate,51,26,1
FANNIN,senate,51,34,4
FAYETTE,house,68,0,29
FAYETTE,house,68,1,48
FAYETTE,house,68,4,783
FAYETTE,house,68,5,602
FAYETTE,house,68,6,570
FAYETTE,house,68,7,522
FAYETTE,house,68,8,606
FAYETTE,house,68,10,413
FAYETTE,house,68,11,687
FAYETTE,house,68,12,585
FAYETTE,house,68,13,648
FAYETTE,house,68,14,632
FAYETTE,house,68,15,699
FAYETTE,house,68,17,431
FAYETTE,house,68,18,706
FAYETTE,house,68,19,604
FAYETTE,house,68,20,671
FAYETTE,house,68,21,650
FAYETTE,house,68,22,537
FAYETTE,house,68,25,6
FAYETTE,house,68,26,2
FAYETTE,house,68,29,1
FAYETTE,house,68,32,1
FAYETTE,house,68,33,1
FAYETTE,house,68,39,1
FAYETTE,house,69,0,34
FAYETTE,house,69,1,93
FAYETTE,house,69,4,1057
FAYETTE,house,69,5,802
FAYETTE,house,69,6,627
FAYETTE,house,69,7,574
FAYETTE,house,69,8,752
FAYETTE,house,69,10,572
FAYETTE,house,69,11,790
FAYETTE,house,69,12,651
FAYETTE,house,69,13,717
FAYETTE,house,69,14,749
FAYETTE,house,69,15,895
FAYETTE,house,69,17,549
FAYETTE,house,69,18,926
FAYETTE,house,69,19,882
FAYETTE,house,69,20,946
FAYETTE,house,69,21,811
FAYETTE,house,69,22,823
FAYETTE,house,69,25,23
FAYETTE,house,69,28,2
FAYETTE,house,69,34,1
FAYETTE,house,73,0,32
FAYETTE,house,73,1,68
FAYETTE,house,73,4,739
FAYETTE,house,73,5,580
FAYETTE,house,73,6,557
FAYETTE,house,73,7,519
FAYETTE,house,73,8,637
FAYETTE,house,73,10,410
FAYETTE,house,73,11,685
FAYETTE,house,73,12,580
FAYETTE,house,73,13,639
FAYETTE,house,73,14,656
FAYETTE,house,73,15,661
FAYETTE,house,73,17,400
FAYETTE,house,73,18,602
FAYETTE,house,73,19,593
FAYETTE,house,73,20,565
FAYETTE,house,73,21,454
FAYETTE,house,73,22,376
FAYETTE,house,73,25,3
FAYETTE,house,73,28,3
FAYETTE,house,73,32,2
FAYETTE,house,73,36,1
FAYETTE,house,73,41,2
FAYETTE,house,74,0,25
FAYETTE,house,74,1,52
FAYETTE,house,74,4,651
FAYETTE,house,74,5,509
FAYETTE,house,74,6,471
FAYETTE,house,74,7,429
FAYETTE,house,74,8,547
FAYETTE,house,74,10,279
FAYETTE,house,74,11,575
FAYETTE,house,74,12,434
FAYETTE,house,74,13,456
FAYETTE,house,74,14,489
FAYETTE,house,74,15,525
FAYETTE,house,74,17,250
FAYETTE,house,74,18,513
FAYETTE,house,74,19,471
FAYETTE,house,74,20,460
FAYETTE,house,74,21,412
FAYETTE,house,74,22,322
FAYETTE,house,74,25,4
FAYETTE,house,74,27,4
FAYETTE,house,74,33,1
FAYETTE,senate,16,0,97
FAYETTE,senate,16,1,187
FAYETTE,senate,16,4,2346
FAYETTE,senate,16,5,1820
FAYETTE,senate,16,6,1681
FAYETTE,senate,16,7,1537
FAYETTE,senate,16,8,1900
FAYETTE,senate,16,10,1199
FAYETTE,senate,16,11,2052
FAYETTE,senate,16,12,1710
FAYETTE,senate,16,13,1849
FAYETTE,senate,16,14,1904
FAYETTE,senate,16,15,2032
FAYETTE,senate,16,17,1159
FAYETTE,senate,16,18,1971
FAYETTE,senate,16,19,1797
FAYETTE,senate,16,20,1835
FAYETTE,senate,16,21,1585
FAYETTE,senate,16,22,1349
FAYETTE,senate,16,25,16
FAYETTE,senate,16,26,2
FAYETTE,senate,16,27,4
FAYETTE,senate,16,28,3
FAYETTE,senate,16,29,1
FAYETTE,senate,16,32,3
FAYETTE,senate,16,33,2
FAYETTE,senate,16,36,1
FAYETTE,senate,16,39,1
FAYETTE,senate,16,41,2
FAYETTE,senate,34,0,23
FAYETTE,senate,34,1,74
FAYETTE,senate,34,4,884
FAYETTE,senate,34,5,673
FAYETTE,senate,34,6,544
FAYETTE,senate,34,7,507
FAYETTE,senate,34,8,642
FAYETTE,senate,34,10,475
FAYETTE,senate,34,11,685
FAYETTE,senate,34,12,540
FAYETTE,senate,34,13,611
FAYETTE,senate,34,14,622
FAYETTE,senate,34,15,748
FAYETTE,senate,34,17,471
FAYETTE,senate,34,18,776
FAYETTE,senate,34,19,753
FAYETTE,senate,34,20,807
FAYETTE,senate,34,21,742
FAYETTE,senate,34,22,709
FAYETTE,senate,34,25,20
FAYETTE,senate,34,28,2
FAYETTE,senate,34,34,1
FLOYD,house,12,0,15
FLOYD,house,12,1,24
FLOYD,house,12,3,3
FLOYD,house,12,4,466
FLOYD,house,12,5,341
FLOYD,house,12,6,363
FLOYD,house,12,7,364
FLOYD,house,12,8,349
FLOYD,house,12,10,140
FLOYD,house,12,11,363
FLOYD,house,12,12,299
FLOYD,house,12,13,287
FLOYD,house,12,14,338
FLOYD,house,12,15,364
FLOYD,house,12,16,40
FLOYD,house,12,17,116
FLOYD,house,12,18,331
FLOYD,house,12,19,315
FLOYD,house,12,20,336
FLOYD,house,12,21,353
FLOYD,house,12,22,301
FLOYD,house,12,25,1
FLOYD,house,13,0,34
FLOYD,house,13,1,64
FLOYD,house,13,3,9
FLOYD,house,13,4,926
FLOYD,house,13,5,749
FLOYD,house,13,6,618
FLOYD,house,13,7,587
FLOYD,house,13,8,622
FLOYD,house,13,10,309
FLOYD,house,13,11,678
FLOYD,house,13,12,480
FLOYD,house,13,13,521
FLOYD,house,13,14,657
FLOYD,house,13,15,623
FLOYD,house,13,16,145
FLOYD,house,13,17,261
FLOYD,house,13,18,646
FLOYD,house,13,19,720
FLOYD,house,13,20,690
FLOYD,house,13,21,700
FLOYD,house,13,22,611
FLOYD,house,13,25,7
FLOYD,house,13,27,1
FLOYD,house,5,1,5
FLOYD,house,5,3,2
FLOYD,house,5,4,85
FLOYD,house,5,5,77
FLOYD,house,5,6,93
FLOYD,house,5,7,56
FLOYD,house,5,8,57
FLOYD,house,5,10,27
FLOYD,house,5,11,51
FLOYD,house,5,12,67
FLOYD,house,5,13,53
FLOYD,house,5,14,31
FLOYD,house,5,15,54
FLOYD,house,5,16,11
FLOYD,house,5,17,21
FLOYD,house,5,18,48
FLOYD,house,5,19,60
FLOYD,house,5,20,37
FLOYD,house,5,21,50
FLOYD,house,5,22,43
FLOYD,senate,52,0,43
FLOYD,senate,52,1,85
FLOYD,senate,52,3,13
FLOYD,senate,52,4,1310
FLOYD,senate,52,5,1040
FLOYD,senate,52,6,933
FLOYD,senate,52,7,848
FLOYD,senate,52,8,890
FLOYD,senate,52,10,438
FLOYD,senate,52,11,954
FLOYD,senate,52,12,741
FLOYD,senate,52,13,750
FLOYD,senate,52,14,889
FLOYD,senate,52,15,908
FLOYD,senate,52,16,185
FLOYD,senate,52,17,360
FLOYD,senate,52,18,896
FLOYD,senate,52,19,980
FLOYD,senate,52,20,937
FLOYD,senate,52,21,951
FLOYD,senate,52,22,822
FLOYD,senate,52,25,8
FLOYD,senate,52,27,1
FLOYD,senate,53,0,6
FLOYD,senate,53,1,8
FLOYD,senate,53,3,1
FLOYD,senate,53,4,167
FLOYD,senate,53,5,127
FLOYD,senate,53,6,141
FLOYD,senate,53,7,159
FLOYD,senate,53,8,138
FLOYD,senate,53,10,38
FLOYD,senate,53,11,138
FLOYD,senate,53,12,105
FLOYD,senate,53,13,111
FLOYD,senate,53,14,137
FLOYD,senate,53,15,133
FLOYD,senate,53,16,11
FLOYD,senate,53,17,38
FLOYD,senate,53,18,129
FLOYD,senate,53,19,115
FLOYD,senate,53,20,126
FLOYD,senate,53,21,152
FLOYD,senate,53,22,133
FORSYTH,house,100,0,12
FORSYTH,house,100,1,34
FORSYTH,house,100,2,1
FORSYTH,house,100,3,1
FORSYTH,house,100,4,433
FORSYTH,house,100,5,333
FORSYTH,house,100,6,275
FORSYTH,house,100,7,268
FORSYTH,house,100,8,303
FORSYTH,house,100,9,36
FORSYTH,house,100,10,315
FORSYTH,house,100,11,337
FORSYTH,house,100,12,240
FORSYTH,house,100,13,318
FORSYTH,house,100,14,303
FORSYTH,house,100,15,280
FORSYTH,house,100,17,275
FORSYTH,house,100,18,47
FORSYTH,house,100,19,61
FORSYTH,house,100,20,38
FORSYTH,house,100,21,45
FORSYTH,house,100,22,30
FORSYTH,house,100,25,2
FORSYTH,house,100,27,1
FORSYTH,house,100,39,1
FORSYTH,house,11,0,25
FORSYTH,house,11,1,29
FORSYTH,house,11,3,1
FORSYTH,house,11,4,614
FORSYTH,house,11,5,440
FORSYTH,house,11,6,375
FORSYTH,house,11,7,288
FORSYTH,house,11,8,334
FORSYTH,house,11,9,86
FORSYTH,house,11,10,311
FORSYTH,house,11,11,445
FORSYTH,house,11,12,339
FORSYTH,house,11,13,386
FORSYTH,house,11,14,443
FORSYTH,house,11,15,398
FORSYTH,house,11,17,371
FORSYTH,house,11,18,204
FORSYTH,house,11,19,196
FORSYTH,house,11,20,235
FORSYTH,house,11,21,204
FORSYTH,house,11,22,177
FORSYTH,house,11,25,13
FORSYTH,house,11,26,6
FORSYTH,house,24,0,50
FORSYTH,house,24,1,82
FORSYTH,house,24,2,1
FORSYTH,house,24,3,5
FORSYTH,house,24,4,1688
FORSYTH,house,24,5,1219
FORSYTH,house,24,6,1014
FORSYTH,house,24,7,986
FORSYTH,house,24,8,1009
FORSYTH,house,24,9,134
FORSYTH,house,24,10,947
FORSYTH,house,24,11,1290
FORSYTH,house,24,12,1051
FORSYTH,house,24,13,1108
FORSYTH,house,24,14,1313
FORSYTH,house,24,15,1285
FORSYTH,house,24,17,1172
FORSYTH,house,24,18,402
FORSYTH,house,24,19,385
FORSYTH,house,24,20,331
FORSYTH,house,24,21,351
FORSYTH,house,24,22,363
FORSYTH,house,24,25,28
FORSYTH,house,24,26,10
FORSYTH,house,24,27,1
FORSYTH,house,24,28,1
FORSYTH,house,24,39,1
FORSYTH,house,24,40,1
FORSYTH,house,25,0,39
FORSYTH,house,25,1,101
FORSYTH,house,25,2,1
FORSYTH,house,25,3,1
FORSYTH,house,25,4,1093
FORSYTH,house,25,5,826
FORSYTH,house,25,6,837
FORSYTH,house,25,7,802
FORSYTH,house,25,8,895
FORSYTH,house,25,9,74
FORSYTH,house,25,10,766
FORSYTH,house,25,11,998
FORSYTH,house,25,12,933
FORSYTH,house,25,13,1152
FORSYTH,house,25,14,1128
FORSYTH,house,25,15,1044
FORSYTH,house,25,17,957
FORSYTH,house,25,18,174
FORSYTH,house,25,19,220
FORSYTH,house,25,20,169
FORSYTH,house,25,21,280
FORSYTH,house,25,22,170
FORSYTH,house,25,24,2
FORSYTH,house,25,25,9
FORSYTH,house,25,28,2
FORSYTH,house,25,29,1
FORSYTH,house,25,33,1
FORSYTH,house,26,0,66
FORSYTH,house,26,1,82
FORSYTH,house,26,2,1
FORSYTH,house,26,3,3
FORSYTH,house,26,4,1428
FORSYTH,house,26,5,1044
FORSYTH,house,26,6,996
FORSYTH,house,26,7,920
FORSYTH,house,26,8,1007
FORSYTH,house,26,9,200
FORSYTH,house,26,10,755
FORSYTH,house,26,11,1116
FORSYTH,house,26,12,956
FORSYTH,house,26,13,1106
FORSYTH,house,26,14,1109
FORSYTH,house,26,15,1198
FORSYTH,house,26,17,859
FORSYTH,house,26,18,642
FORSYTH,house,26,19,676
FORSYTH,house,26,20,532
FORSYTH,house,26,21,645
FORSYTH,house,26,22,611
FORSYTH,house,26,24,4
FORSYTH,house,26,25,28
FORSYTH,house,26,26,4
FORSYTH,house,26,28,2
FORSYTH,house,26,32,2
FORSYTH,house,26,35,2
FORSYTH,house,26,36,1
FORSYTH,house,26,41,1
FORSYTH,house,28,0,28
FORSYTH,house,28,1,39
FORSYTH,house,28,3,1
FORSYTH,house,28,4,1460
FORSYTH,house,28,5,1088
FORSYTH,house,28,6,891
FORSYTH,house,28,7,848
FORSYTH,house,28,8,948
FORSYTH,house,28,9,168
FORSYTH,house,28,10,769
FORSYTH,house,28,11,1092
FORSYTH,house,28,12,948
FORSYTH,house,28,13,1058
FORSYTH,house,28,14,1254
FORSYTH,house,28,15,1160
FORSYTH,house,28,17,974
FORSYTH,house,28,18,490
FORSYTH,house,28,19,475
FORSYTH,house,28,20,487
FORSYTH,house,28,21,513
FORSYTH,house,28,22,390
FORSYTH,house,28,25,17
FORSYTH,house,28,26,8
FORSYTH,house,28,32,1
FORSYTH,house,28,33,3
FORSYTH,house,28,36,2
FORSYTH,senate,27,0,163
FORSYTH,senate,27,1,231
FORSYTH,senate,27,2,2
FORSYTH,senate,27,3,11
FORSYTH,senate,27,4,5284
FORSYTH,senate,27,5,3840
FORSYTH,senate,27,6,3365
FORSYTH,senate,27,7,3127
FORSYTH,senate,27,8,3400
FORSYTH,senate,27,9,586
FORSYTH,senate,27,10,2862
FORSYTH,senate,27,11,4058
FORSYTH,senate,27,12,3455
FORSYTH,senate,27,13,3785
FORSYTH,senate,27,14,4307
FORSYTH,senate,27,15,4218
FORSYTH,senate,27,17,3562
FORSYTH,senate,27,18,1728
FORSYTH,senate,27,19,1718
FORSYTH,senate,27,20,1593
FORSYTH,senate,27,21,1759
FORSYTH,senate,27,22,1548
FORSYTH,senate,27,24,4
FORSYTH,senate,27,25,87
FORSYTH,senate,27,26,28
FORSYTH,senate,27,27,1
FORSYTH,senate,27,28,2
FORSYTH,senate,27,29,1
FORSYTH,senate,27,32,3
FORSYTH,senate,27,33,3
FORSYTH,senate,27,35,2
FORSYTH,senate,27,36,3
FORSYTH,senate,27,39,1
FORSYTH,senate,27,40,1
FORSYTH,senate,27,41,1
FORSYTH,senate,48,0,57
FORSYTH,senate,48,1,136
FORSYTH,senate,48,2,2
FORSYTH,senate,48,3,1
FORSYTH,senate,48,4,1432
FORSYTH,senate,48,5,1110
FORSYTH,senate,48,6,1023
FORSYTH,senate,48,7,985
FORSYTH,senate,48,8,1096
FORSYTH,senate,48,9,112
FORSYTH,senate,48,10,1001
FORSYTH,senate,48,11,1220
FORSYTH,senate,48,12,1012
FORSYTH,senate,48,13,1343
FORSYTH,senate,48,14,1243
FORSYTH,senate,48,15,1147
FORSYTH,senate,48,17,1046
FORSYTH,senate,48,18,231
FORSYTH,senate,48,19,295
FORSYTH,senate,48,20,199
FORSYTH,senate,48,21,279
FORSYTH,senate,48,22,193
FORSYTH,senate,48,24,2
FORSYTH,senate,48,25,10
FORSYTH,senate,48,27,1
FORSYTH,senate,48,28,3
FORSYTH,senate,48,33,1
FORSYTH,senate,48,39,1
FRANKLIN,house,33,0,6
FRANKLIN,house,33,1,18
FRANKLIN,house,33,4,503
FRANKLIN,house,33,5,309
FRANKLIN,house,33,6,220
FRANKLIN,house,33,7,235
FRANKLIN,house,33,8,264
FRANKLIN,house,33,10,239
FRANKLIN,house,33,11,296
FRANKLIN,house,33,12,221
FRANKLIN,house,33,13,237
FRANKLIN,house,33,14,235
FRANKLIN,house,33,15,244
FRANKLIN,house,33,17,131
FRANKLIN,house,33,18,314
FRANKLIN,house,33,19,250
FRANKLIN,house,33,20,296
FRANKLIN,house,33,21,242
FRANKLIN,house,33,22,295
FRANKLIN,house,33,25,2
FRANKLIN,house,33,26,4
FRANKLIN,house,33,27,1
FRANKLIN,house,33,36,3
FRANKLIN,senate,50,0,6
FRANKLIN,senate,50,1,18
FRANKLIN,senate,50,4,503
FRANKLIN,senate,50,5,309
FRANKLIN,senate,50,6,220
FRANKLIN,senate,50,7,235
FRANKLIN,senate,50,8,264
FRANKLIN,senate,50,10,239
FRANKLIN,senate,50,11,296
FRANKLIN,senate,50,12,221
FRANKLIN,senate,50,13,237
FRANKLIN,senate,50,14,235
FRANKLIN,senate,50,15,244
FRANKLIN,senate,50,17,131
FRANKLIN,senate,50,18,314
FRANKLIN,senate,50,19,250
FRANKLIN,senate,50,20,296
FRANKLIN,senate,50,21,242
FRANKLIN,senate,50,22,295
FRANKLIN,senate,50,25,2
FRANKLIN,senate,50,26,4
FRANKLIN,senate,50,27,1
FRANKLIN,senate,50,36,3
FULTON,house,25,0,8
FULTON,house,25,1,6
FULTON,house,25,3,8
FULTON,house,25,4,21
FULTON,house,25,5,16
FULTON,house,25,6,62
FULTON,house,25,7,86
FULTON,house,25,8,33
FULTON,house,25,9,5
FULTON,house,25,10,20
FULTON,house,25,11,16
FULTON,house,25,12,18
FULTON,house,25,13,18
FULTON,house,25,14,7
FULTON,house,25,15,31
FULTON,house,25,16,92
FULTON,house,25,17,169
FULTON,house,25,18,231
FULTON,house,25,19,222
FULTON,house,25,20,189
FULTON,house,25,21,202
FULTON,house,25,22,183
FULTON,house,25,25,1
FULTON,house,47,0,34
FULTON,house,47,1,32
FULTON,house,47,3,32
FULTON,house,47,4,46
FULTON,house,47,5,50
FULTON,house,47,6,210
FULTON,house,47,7,399
FULTON,house,47,8,91
FULTON,house,47,9,22
FULTON,house,47,10,50
FULTON,house,47,11,60
FULTON,house,47,12,74
FULTON,house,47,13,81
FULTON,house,47,14,33
FULTON,house,47,15,92
FULTON,house,47,16,362
FULTON,house,47,17,648
FULTON,house,47,18,857
FULTON,house,47,19,810
FULTON,house,47,20,783
FULTON,house,47,21,775
FULTON,house,47,22,706
FULTON,house,47,25,1
FULTON,house,47,26,1
FULTON,house,47,32,1
FULTON,house,47,33,1
FULTON,house,47,40,1
FULTON,house,48,0,38
FULTON,house,48,1,27
FULTON,house,48,3,13
FULTON,house,48,4,41
FULTON,house,48,5,42
FULTON,house,48,6,183
FULTON,house,48,7,262
FULTON,house,48,8,67
FULTON,house,48,9,15
FULTON,house,48,10,69
FULTON,house,48,11,52
FULTON,house,48,12,68
FULTON,house,48,13,45
FULTON,house,48,14,27
FULTON,house,48,15,85
FULTON,house,48,16,287
FULTON,house,48,17,631
FULTON,house,48,18,930
FULTON,house,48,19,784
FULTON,house,48,20,760
FULTON,house,48,21,779
FULTON,house,48,22,757
FULTON,house,48,25,1
FULTON,house,48,26,1
FULTON,house,48,35,1
FULTON,house,48,40,2
FULTON,house,49,0,37
FULTON,house,49,1,55
FULTON,house,49,3,32
FULTON,house,49,4,65
FULTON,house,49,5,67
FULTON,house,49,6,325
FULTON,house,49,7,472
FULTON,house,49,8,126
FULTON,house,49,9,26
FULTON,house,49,10,75
FULTON,house,49,11,84
FULTON,house,49,12,102
FULTON,house,49,13,82
FULTON,house,49,14,45
FULTON,house,49,15,100
FULTON,house,49,16,480
FULTON,house,49,17,927
FULTON,house,49,18,1215
FULTON,house,49,19,1130
FULTON,house,49,20,1156
FULTON,house,49,21,1080
FULTON,house,49,22,1084
FULTON,house,49,25,3
FULTON,house,49,26,1
FULTON,house,49,27,1
FULTON,house,49,33,1
FULTON,house,49,34,1
FULTON,house,49,36,2
FULTON,house,49,39,1
FULTON,house,49,43,1
FULTON,house,50,0,41
FULTON,house,50,1,46
FULTON,house,50,3,29
FULTON,house,50,4,56
FULTON,house,50,5,54
FULTON,house,50,6,224
FULTON,house,50,7,314
FULTON,house,50,8,95
FULTON,house,50,9,11
FULTON,house,50,10,54
FULTON,house,50,11,57
FULTON,house,50,12,67
FULTON,house,50,13,77
FULTON,house,50,14,26
FULTON,house,50,15,77
FULTON,house,50,16,398
FULTON,house,50,17,841
FULTON,house,50,18,992
FULTON,house,50,19,826
FULTON,house,50,20,863
FULTON,house,50,21,868
FULTON,house,50,22,822
FULTON,house,50,27,1
FULTON,house,50,29,1
FULTON,house,50,32,1
FULTON,house,50,33,1
FULTON,house,50,34,1
FULTON,house,50,35,1
FULTON,house,50,43,1
FULTON,house,51,0,28
FULTON,house,51,1,26
FULTON,house,51,3,22
FULTON,house,51,4,52
FULTON,house,51,5,45
FULTON,house,51,6,208
FULTON,house,51,7,331
FULTON,house,51,8,71
FULTON,house,51,9,20
FULTON,house,51,10,66
FULTON,house,51,11,78
FULTON,house,51,12,76
FULTON,house,51,13,86
FULTON,house,51,14,14
FULTON,house,51,15,82
FULTON,house,51,16,324
FULTON,house,51,17,687
FULTON,house,51,18,1090
FULTON,house,51,19,892
FULTON,house,51,20,1003
FULTON,house,51,21,991
FULTON,house,51,22,970
FULTON,house,51,27,1
FULTON,house,51,36,2
FULTON,house,51,38,1
FULTON,house,51,39,1
FULTON,house,51,734,1
FULTON,house,52,0,18
FULTON,house,52,1,15
FULTON,house,52,3,9
FULTON,house,52,4,31
FULTON,house,52,5,23
FULTON,house,52,6,124
FULTON,house,52,7,139
FULTON,house,52,8,59
FULTON,house,52,9,12
FULTON,house,52,10,31
FULTON,house,52,11,45
FULTON,house,52,12,37
FULTON,house,52,13,74
FULTON,house,52,14,18
FULTON,house,52,15,62
FULTON,house,52,16,157
FULTON,house,52,17,406
FULTON,house,52,18,551
FULTON,house,52,19,530
FULTON,house,52,20,526
FULTON,house,52,21,457
FULTON,house,52,22,465
FULTON,house,52,27,1
FULTON,house,52,34,1
FULTON,house,52,734,2
FULTON,house,53,0,43
FULTON,house,53,1,40
FULTON,house,53,3,41
FULTON,house,53,4,77
FULTON,house,53,5,73
FULTON,house,53,6,273
FULTON,house,53,7,486
FULTON,house,53,8,155
FULTON,house,53,9,25
FULTON,house,53,10,93
FULTON,house,53,11,71
FULTON,house,53,12,102
FULTON,house,53,13,111
FULTON,house,53,14,56
FULTON,house,53,15,117
FULTON,house,53,16,438
FULTON,house,53,17,895
FULTON,house,53,18,1310
FULTON,house,53,19,1216
FULTON,house,53,20,1301
FULTON,house,53,21,1231
FULTON,house,53,22,1094
FULTON,house,53,27,1
FULTON,house,53,32,1
FULTON,house,53,38,1
FULTON,house,53,39,2
FULTON,house,54,0,46
FULTON,house,54,1,39
FULTON,house,54,3,35
FULTON,house,54,4,66
FULTON,house,54,5,75
FULTON,house,54,6,229
FULTON,house,54,7,386
FULTON,house,54,8,121
FULTON,house,54,9,18
FULTON,house,54,10,67
FULTON,house,54,11,73
FULTON,house,54,12,150
FULTON,house,54,13,126
FULTON,house,54,14,33
FULTON,house,54,15,145
FULTON,house,54,16,422
FULTON,house,54,17,821
FULTON,house,54,18,939
FULTON,house,54,19,942
FULTON,house,54,20,831
FULTON,house,54,21,825
FULTON,house,54,22,833
FULTON,house,54,25,1
FULTON,house,54,26,4
FULTON,house,54,27,6
FULTON,house,54,33,1
FULTON,house,54,34,2
FULTON,house,54,39,1
FULTON,house,54,41,1
FULTON,house,54,42,2
FULTON,house,54,43,1
FULTON,house,55,0,24
FULTON,house,55,1,46
FULTON,house,55,3,21
FULTON,house,55,4,68
FULTON,house,55,5,64
FULTON,house,55,6,238
FULTON,house,55,7,340
FULTON,house,55,8,96
FULTON,house,55,9,12
FULTON,house,55,10,61
FULTON,house,55,11,56
FULTON,house,55,12,86
FULTON,house,55,13,81
FULTON,house,55,14,33
FULTON,house,55,15,118
FULTON,house,55,16,373
FULTON,house,55,17,618
FULTON,house,55,18,1013
FULTON,house,55,19,920
FULTON,house,55,20,968
FULTON,house,55,21,1037
FULTON,house,55,22,1153
FULTON,house,55,26,1
FULTON,house,55,27,4
FULTON,house,55,34,1
FULTON,house,55,35,2
FULTON,house,55,36,1
FULTON,house,56,0,30
FULTON,house,56,1,37
FULTON,house,56,3,18
FULTON,house,56,4,25
FULTON,house,56,5,68
FULTON,house,56,6,173
FULTON,house,56,7,227
FULTON,house,56,8,80
FULTON,house,56,9,9
FULTON,house,56,10,47
FULTON,house,56,11,33
FULTON,house,56,12,50
FULTON,house,56,13,67
FULTON,house,56,14,14
FULTON,house,56,15,84
FULTON,house,56,16,228
FULTON,house,56,17,506
FULTON,house,56,18,650
FULTON,house,56,19,493
FULTON,house,56,20,663
FULTON,house,56,21,590
FULTON,house,56,22,706
FULTON,house,56,25,1
FULTON,house,56,29,1
FULTON,house,56,33,1
FULTON,house,56,39,1
FULTON,house,57,0,48
FULTON,house,57,1,75
FULTON,house,57,3,33
FULTON,house,57,4,115
FULTON,house,57,5,100
FULTON,house,57,6,294
FULTON,house,57,7,426
FULTON,house,57,8,116
FULTON,house,57,9,21
FULTON,house,57,10,90
FULTON,house,57,11,95
FULTON,house,57,12,121
FULTON,house,57,13,131
FULTON,house,57,14,49
FULTON,house,57,15,153
FULTON,house,57,16,467
FULTON,house,57,17,882
FULTON,house,57,18,1145
FULTON,house,57,19,1090
FULTON,house,57,20,1088
FULTON,house,57,21,1030
FULTON,house,57,22,997
FULTON,house,57,25,1
FULTON,house,57,26,2
FULTON,house,57,27,4
FULTON,house,57,29,3
FULTON,house,57,32,1
FULTON,house,57,33,2
FULTON,house,57,34,1
FULTON,house,57,35,5
FULTON,house,57,36,3
FULTON,house,57,39,1
FULTON,house,57,40,1
FULTON,house,57,43,1
FULTON,house,57,44871,2
FULTON,house,58,0,38
FULTON,house,58,1,30
FULTON,house,58,3,11
FULTON,house,58,4,24
FULTON,house,58,5,65
FULTON,house,58,6,212
FULTON,house,58,7,304
FULTON,house,58,8,76
FULTON,house,58,9,5
FULTON,house,58,10,38
FULTON,house,58,11,48
FULTON,house,58,12,59
FULTON,house,58,13,60
FULTON,house,58,14,14
FULTON,house,58,15,99
FULTON,house,58,16,256
FULTON,house,58,17,499
FULTON,house,58,18,843
FULTON,house,58,19,805
FULTON,house,58,20,855
FULTON,house,58,21,882
FULTON,house,58,22,967
FULTON,house,58,25,2
FULTON,house,58,26,4
FULTON,house,58,27,4
FULTON,house,58,32,1
FULTON,house,58,33,1
FULTON,house,58,35,1
FULTON,house,58,36,3
FULTON,house,58,38,1
FULTON,house,58,39,2
FULTON,house,58,40,1
FULTON,house,58,734,1
FULTON,house,58,44871,1
FULTON,house,59,0,61
FULTON,house,59,1,31
FULTON,house,59,3,11
FULTON,house,59,4,44
FULTON,house,59,5,49
FULTON,house,59,6,185
FULTON,house,59,7,303
FULTON,house,59,8,58
FULTON,house,59,9,6
FULTON,house,59,10,59
FULTON,house,59,11,50
FULTON,house,59,12,86
FULTON,house,59,13,66
FULTON,house,59,14,27
FULTON,house,59,15,87
FULTON,house,59,16,235
FULTON,house,59,17,550
FULTON,house,59,18,853
FULTON,house,59,19,802
FULTON,house,59,20,882
FULTON,house,59,21,897
FULTON,house,59,22,986
FULTON,house,59,27,3
FULTON,house,59,39,2
FULTON,house,59,40,4
FULTON,house,59,42,2
FULTON,house,59,44871,1
FULTON,house,60,0,43
FULTON,house,60,1,30
FULTON,house,60,3,21
FULTON,house,60,4,65
FULTON,house,60,5,52
FULTON,house,60,6,215
FULTON,house,60,7,315
FULTON,house,60,8,95
FULTON,house,60,9,15
FULTON,house,60,10,38
FULTON,house,60,11,76
FULTON,house,60,12,81
FULTON,house,60,13,83
FULTON,house,60,14,24
FULTON,house,60,15,121
FULTON,house,60,16,365
FULTON,house,60,17,802
FULTON,house,60,18,1171
FULTON,house,60,19,1155
FULTON,house,60,20,1244
FULTON,house,60,21,1301
FULTON,house,60,22,1501
FULTON,house,60,25,1
FULTON,house,60,26,1
FULTON,house,60,27,2
FULTON,house,60,33,2
FULTON,house,61,0,19
FULTON,house,61,1,13
FULTON,house,61,3,10
FULTON,house,61,4,21
FULTON,house,61,5,23
FULTON,house,61,6,109
FULTON,house,61,7,202
FULTON,house,61,8,42
FULTON,house,61,9,11
FULTON,house,61,10,33
FULTON,house,61,11,26
FULTON,house,61,12,38
FULTON,house,61,13,23
FULTON,house,61,14,23
FULTON,house,61,15,22
FULTON,house,61,16,213
FULTON,house,61,17,440
FULTON,house,61,18,821
FULTON,house,61,19,712
FULTON,house,61,20,817
FULTON,house,61,21,951
FULTON,house,61,22,1089
FULTON,house,61,734,1
FULTON,house,62,0,24
FULTON,house,62,1,32
FULTON,house,62,3,50
FULTON,house,62,4,39
FULTON,house,62,5,57
FULTON,house,62,6,194
FULTON,house,62,7,312
FULTON,house,62,8,69
FULTON,house,62,9,2
FULTON,house,62,10,46
FULTON,house,62,11,41
FULTON,house,62,12,87
FULTON,house,62,13,77
FULTON,house,62,14,14
FULTON,house,62,15,76
FULTON,house,62,16,270
FULTON,house,62,17,519
FULTON,house,62,18,926
FULTON,house,62,19,913
FULTON,house,62,20,908
FULTON,house,62,21,1019
FULTON,house,62,22,1114
FULTON,house,62,27,2
FULTON,house,62,33,1
FULTON,house,62,35,2
FULTON,house,62,36,2
FULTON,house,63,0,21
FULTON,house,63,1,25
FULTON,house,63,3,19
FULTON,house,63,4,27
FULTON,house,63,5,54
FULTON,house,63,6,183
FULTON,house,63,7,282
FULTON,house,63,8,46
FULTON,house,63,9,5
FULTON,house,63,10,45
FULTON,house,63,11,36
FULTON,house,63,12,73
FULTON,house,63,13,62
FULTON,house,63,14,23
FULTON,house,63,15,85
FULTON,house,63,16,211
FULTON,house,63,17,507
FULTON,house,63,18,740
FULTON,house,63,19,673
FULTON,house,63,20,701
FULTON,house,63,21,742
FULTON,house,63,22,827
FULTON,house,63,27,1
FULTON,house,63,29,1
FULTON,house,63,32,1
FULTON,house,63,33,2
FULTON,house,63,36,3
FULTON,house,63,39,1
FULTON,house,63,734,1
FULTON,house,63,44871,2
FULTON,house,65,0,9
FULTON,house,65,1,8
FULTON,house,65,3,3
FULTON,house,65,4,19
FULTON,house,65,5,11
FULTON,house,65,6,113
FULTON,house,65,7,174
FULTON,house,65,8,32
FULTON,house,65,9,4
FULTON,house,65,10,23
FULTON,house,65,11,12
FULTON,house,65,12,16
FULTON,house,65,13,22
FULTON,house,65,14,17
FULTON,house,65,15,34
FULTON,house,65,16,181
FULTON,house,65,17,388
FULTON,house,65,18,666
FULTON,house,65,19,602
FULTON,house,65,20,613
FULTON,house,65,21,728
FULTON,house,65,22,676
FULTON,house,65,27,1
FULTON,house,65,734,2
FULTON,house,67,0,20
FULTON,house,67,1,15
FULTON,house,67,3,14
FULTON,house,67,4,31
FULTON,house,67,5,30
FULTON,house,67,6,142
FULTON,house,67,7,191
FULTON,house,67,8,38
FULTON,house,67,9,7
FULTON,house,67,10,31
FULTON,house,67,11,25
FULTON,house,67,12,34
FULTON,house,67,13,47
FULTON,house,67,14,14
FULTON,house,67,15,42
FULTON,house,67,16,169
FULTON,house,67,17,493
FULTON,house,67,18,713
FULTON,house,67,19,683
FULTON,house,67,20,780
FULTON,house,67,21,784
FULTON,house,67,22,1039
FULTON,house,67,734,4
FULTON,house,68,0,7
FULTON,house,68,1,7
FULTON,house,68,3,11
FULTON,house,68,4,22
FULTON,house,68,5,11
FULTON,house,68,6,106
FULTON,house,68,7,144
FULTON,house,68,8,19
FULTON,house,68,9,4
FULTON,house,68,10,22
FULTON,house,68,11,17
FULTON,house,68,12,23
FULTON,house,68,13,40
FULTON,house,68,14,12
FULTON,house,68,15,38
FULTON,house,68,16,122
FULTON,house,68,17,294
FULTON,house,68,18,470
FULTON,house,68,19,419
FULTON,house,68,20,467
FULTON,house,68,21,483
FULTON,house,68,22,551
FULTON,house,68,43,1
FULTON,house,68,734,3
FULTON,house,69,0,15
FULTON,house,69,1,8
FULTON,house,69,3,7
FULTON,house,69,4,14
FULTON,house,69,5,19
FULTON,house,69,6,78
FULTON,house,69,7,122
FULTON,house,69,8,26
FULTON,house,69,10,25
FULTON,house,69,11,25
FULTON,house,69,12,25
FULTON,house,69,13,41
FULTON,house,69,14,9
FULTON,house,69,15,36
FULTON,house,69,16,107
FULTON,house,69,17,261
FULTON,house,69,18,415
FULTON,house,69,19,445
FULTON,house,69,20,450
FULTON,house,69,21,433
FULTON,house,69,22,560
FULTON,senate,14,0,119
FULTON,senate,14,1,104
FULTON,senate,14,3,74
FULTON,senate,14,4,184
FULTON,senate,14,5,186
FULTON,senate,14,6,748
FULTON,senate,14,7,1122
FULTON,senate,14,8,316
FULTON,senate,14,9,64
FULTON,senate,14,10,234
FULTON,senate,14,11,241
FULTON,senate,14,12,300
FULTON,senate,14,13,325
FULTON,senate,14,14,94
FULTON,senate,14,15,342
FULTON,senate,14,16,1163
FULTON,senate,14,17,2534
FULTON,senate,14,18,3471
FULTON,senate,14,19,3087
FULTON,senate,14,20,3093
FULTON,senate,14,21,3003
FULTON,senate,14,22,3043
FULTON,senate,14,25,1
FULTON,senate,14,26,2
FULTON,senate,14,27,4
FULTON,senate,14,32,1
FULTON,senate,14,34,2
FULTON,senate,14,36,2
FULTON,senate,14,38,1
FULTON,senate,14,39,2
FULTON,senate,14,42,2
FULTON,senate,14,43,1
FULTON,senate,14,734,3
FULTON,senate,21,0,47
FULTON,senate,21,1,55
FULTON,senate,21,3,49
FULTON,senate,21,4,70
FULTON,senate,21,5,65
FULTON,senate,21,6,363
FULTON,senate,21,7,619
FULTON,senate,21,8,151
FULTON,senate,21,9,35
FULTON,senate,21,10,77
FULTON,senate,21,11,88
FULTON,senate,21,12,115
FULTON,senate,21,13,110
FULTON,senate,21,14,58
FULTON,senate,21,15,136
FULTON,senate,21,16,607
FULTON,senate,21,17,1114
FULTON,senate,21,18,1422
FULTON,senate,21,19,1379
FULTON,senate,21,20,1357
FULTON,senate,21,21,1324
FULTON,senate,21,22,1243
FULTON,senate,21,25,1
FULTON,senate,21,26,2
FULTON,senate,21,27,1
FULTON,senate,21,32,1
FULTON,senate,21,33,2
FULTON,senate,21,36,1
FULTON,senate,21,40,1
FULTON,senate,28,1,1
FULTON,senate,28,4,1
FULTON,senate,28,5,6
FULTON,senate,28,6,20
FULTON,senate,28,7,27
FULTON,senate,28,8,6
FULTON,senate,28,10,6
FULTON,senate,28,11,4
FULTON,senate,28,12,3
FULTON,senate,28,13,7
FULTON,senate,28,15,9
FULTON,senate,28,16,18
FULTON,senate,28,17,61
FULTON,senate,28,18,132
FULTON,senate,28,19,115
FULTON,senate,28,20,118
FULTON,senate,28,21,126
FULTON,senate,28,22,192
FULTON,senate,32,5,1
FULTON,senate,32,13,1
FULTON,senate,32,15,1
FULTON,senate,32,18,1
FULTON,senate,32,19,2
FULTON,senate,32,21,2
FULTON,senate,35,0,45
FULTON,senate,35,1,29
FULTON,senate,35,3,33
FULTON,senate,35,4,76
FULTON,senate,35,5,56
FULTON,senate,35,6,374
FULTON,senate,35,7,539
FULTON,senate,35,8,81
FULTON,senate,35,9,15
FULTON,senate,35,10,84
FULTON,senate,35,11,62
FULTON,senate,35,12,79
FULTON,senate,35,13,106
FULTON,senate,35,14,49
FULTON,senate,35,15,112
FULTON,senate,35,16,522
FULTON,senate,35,17,1241
FULTON,senate,35,18,1969
FULTON,senate,35,19,1753
FULTON,senate,35,20,1985
FULTON,senate,35,21,2158
FULTON,senate,35,22,2328
FULTON,senate,35,27,1
FULTON,senate,35,734,10
FULTON,senate,36,0,137
FULTON,senate,36,1,146
FULTON,senate,36,3,97
FULTON,senate,36,4,123
FULTON,senate,36,5,272
FULTON,senate,36,6,671
FULTON,senate,36,7,1072
FULTON,senate,36,8,269
FULTON,senate,36,9,19
FULTON,senate,36,10,168
FULTON,senate,36,11,156
FULTON,senate,36,12,260
FULTON,senate,36,13,240
FULTON,senate,36,14,65
FULTON,senate,36,15,314
FULTON,senate,36,16,924
FULTON,senate,36,17,1947
FULTON,senate,36,18,2727
FULTON,senate,36,19,2516
FULTON,senate,36,20,2635
FULTON,senate,36,21,2522
FULTON,senate,36,22,2769
FULTON,senate,36,25,4
FULTON,senate,36,26,3
FULTON,senate,36,27,10
FULTON,senate,36,29,3
FULTON,senate,36,32,1
FULTON,senate,36,33,6
FULTON,senate,36,35,5
FULTON,senate,36,36,9
FULTON,senate,36,38,1
FULTON,senate,36,39,6
FULTON,senate,36,40,6
FULTON,senate,36,42,2
FULTON,senate,36,43,1
FULTON,senate,36,44871,5
FULTON,senate,38,0,43
FULTON,senate,38,1,36
FULTON,senate,38,3,13
FULTON,senate,38,4,68
FULTON,senate,38,5,66
FULTON,senate,38,6,247
FULTON,senate,38,7,413
FULTON,senate,38,8,138
FULTON,senate,38,9,20
FULTON,senate,38,10,56
FULTON,senate,38,11,95
FULTON,senate,38,12,115
FULTON,senate,38,13,107
FULTON,senate,38,14,48
FULTON,senate,38,15,151
FULTON,senate,38,16,432
FULTON,senate,38,17,927
FULTON,senate,38,18,1667
FULTON,senate,38,19,1603
FULTON,senate,38,20,1793
FULTON,senate,38,21,2045
FULTON,senate,38,22,2536
FULTON,senate,38,34,1
FULTON,senate,39,0,97
FULTON,senate,39,1,103
FULTON,senate,39,3,60
FULTON,senate,39,4,177
FULTON,senate,39,5,143
FULTON,senate,39,6,691
FULTON,senate,39,7,966
FULTON,senate,39,8,209
FULTON,senate,39,9,39
FULTON,senate,39,10,194
FULTON,senate,39,11,160
FULTON,senate,39,12,262
FULTON,senate,39,13,272
FULTON,senate,39,14,95
FULTON,senate,39,15,311
FULTON,senate,39,16,947
FULTON,senate,39,17,1907
FULTON,senate,39,18,3005
FULTON,senate,39,19,2858
FULTON,senate,39,20,3073
FULTON,senate,39,21,3217
FULTON,senate,39,22,3489
FULTON,senate,39,26,4
FULTON,senate,39,27,3
FULTON,senate,39,29,2
FULTON,senate,39,32,2
FULTON,senate,39,33,1
FULTON,senate,39,34,1
FULTON,senate,39,35,5
FULTON,senate,39,36,3
FULTON,senate,39,39,1
FULTON,senate,39,43,1
FULTON,senate,39,734,2
FULTON,senate,39,44871,1
FULTON,senate,48,0,61
FULTON,senate,48,1,56
FULTON,senate,48,3,39
FULTON,senate,48,4,87
FULTON,senate,48,5,76
FULTON,senate,48,6,333
FULTON,senate,48,7,479
FULTON,senate,48,8,143
FULTON,senate,48,9,19
FULTON,senate,48,10,91
FULTON,senate,48,11,86
FULTON,senate,48,12,97
FULTON,senate,48,13,109
FULTON,senate,48,14,40
FULTON,senate,48,15,144
FULTON,senate,48,16,571
FULTON,senate,48,17,1173
FULTON,senate,48,18,1509
FULTON,senate,48,19,1290
FULTON,senate,48,20,1289
FULTON,senate,48,21,1328
FULTON,senate,48,22,1240
FULTON,senate,48,25,2
FULTON,senate,48,27,1
FULTON,senate,48,29,1
FULTON,senate,48,32,1
FULTON,senate,48,33,1
FULTON,senate,48,34,1
FULTON,senate,48,35,2
FULTON,senate,48,40,2
FULTON,senate,48,43,1
FULTON,senate,56,0,21
FULTON,senate,56,1,37
FULTON,senate,56,3,23
FULTON,senate,56,4,47
FULTON,senate,56,5,58
FULTON,senate,56,6,195
FULTON,senate,56,7,285
FULTON,senate,56,8,85
FULTON,senate,56,9,14
FULTON,senate,56,10,63
FULTON,senate,56,11,50
FULTON,senate,56,12,79
FULTON,senate,56,13,53
FULTON,senate,56,14,18
FULTON,senate,56,15,78
FULTON,senate,56,16,258
FULTON,senate,56,17,476
FULTON,senate,56,18,731
FULTON,senate,56,19,699
FULTON,senate,56,20,727
FULTON,senate,56,21,634
FULTON,senate,56,22,608
FULTON,senate,56,25,2
FULTON,senate,56,27,1
FULTON,senate,56,34,1
FULTON,senate,56,36,1
FULTON,senate,56,39,2
FULTON,senate,56,43,1
FULTON,senate,6,0,82
FULTON,senate,6,1,76
FULTON,senate,6,3,62
FULTON,senate,6,4,136
FULTON,senate,6,5,119
FULTON,senate,6,6,438
FULTON,senate,6,7,695
FULTON,senate,6,8,213
FULTON,senate,6,9,30
FULTON,senate,6,10,110
FULTON,senate,6,11,134
FULTON,senate,6,12,163
FULTON,senate,6,13,170
FULTON,senate,6,14,65
FULTON,senate,6,15,188
FULTON,senate,6,16,715
FULTON,senate,6,17,1404
FULTON,senate,6,18,1907
FULTON,senate,6,19,1762
FULTON,senate,6,20,1778
FULTON,senate,6,21,1726
FULTON,senate,6,22,1632
FULTON,senate,6,25,2
FULTON,senate,6,26,4
FULTON,senate,6,27,11
FULTON,senate,6,33,3
FULTON,senate,6,34,1
FULTON,senate,6,38,1
FULTON,senate,6,39,1
FULTON,senate,6,41,1
GILMER,house,7,0,15
GILMER,house,7,1,21
GILMER,house,7,4,570
GILMER,house,7,5,405
GILMER,house,7,6,423
GILMER,house,7,7,376
GILMER,house,7,8,415
GILMER,house,7,10,202
GILMER,house,7,11,468
GILMER,house,7,12,422
GILMER,house,7,13,445
GILMER,house,7,14,534
GILMER,house,7,15,576
GILMER,house,7,17,207
GILMER,house,7,18,554
GILMER,house,7,19,583
GILMER,house,7,20,561
GILMER,house,7,21,619
GILMER,house,7,22,548
GILMER,house,7,25,24
GILMER,house,7,26,16
GILMER,house,7,39,3
GILMER,senate,51,0,15
GILMER,senate,51,1,21
GILMER,senate,51,4,570
GILMER,senate,51,5,405
GILMER,senate,51,6,423
GILMER,senate,51,7,376
GILMER,senate,51,8,415
GILMER,senate,51,10,202
GILMER,senate,51,11,468
GILMER,senate,51,12,422
GILMER,senate,51,13,445
GILMER,senate,51,14,534
GILMER,senate,51,15,576
GILMER,senate,51,17,207
GILMER,senate,51,18,554
GILMER,senate,51,19,583
GILMER,senate,51,20,561
GILMER,senate,51,21,619
GILMER,senate,51,22,548
GILMER,senate,51,25,24
GILMER,senate,51,26,16
GILMER,senate,51,39,3
GLASCOCK,house,128,0,4
GLASCOCK,house,128,1,2
GLASCOCK,house,128,4,88
GLASCOCK,house,128,5,47
GLASCOCK,house,128,6,32
GLASCOCK,house,128,7,37
GLASCOCK,house,128,8,52
GLASCOCK,house,128,10,41
GLASCOCK,house,128,11,33
GLASCOCK,house,128,12,32
GLASCOCK,house,128,13,37
GLASCOCK,house,128,14,37
GLASCOCK,house,128,15,30
GLASCOCK,house,128,17,17
GLASCOCK,house,128,18,55
GLASCOCK,house,128,19,47
GLASCOCK,house,128,20,40
GLASCOCK,house,128,21,41
GLASCOCK,house,128,22,35
GLASCOCK,senate,23,0,4
GLASCOCK,senate,23,1,2
GLASCOCK,senate,23,4,88
GLASCOCK,senate,23,5,47
GLASCOCK,senate,23,6,32
GLASCOCK,senate,23,7,37
GLASCOCK,senate,23,8,52
GLASCOCK,senate,23,10,41
GLASCOCK,senate,23,11,33
GLASCOCK,senate,23,12,32
GLASCOCK,senate,23,13,37
GLASCOCK,senate,23,14,37
GLASCOCK,senate,23,15,30
GLASCOCK,senate,23,17,17
GLASCOCK,senate,23,18,55
GLASCOCK,senate,23,19,47
GLASCOCK,senate,23,20,40
GLASCOCK,senate,23,21,41
GLASCOCK,senate,23,22,35
GLYNN,house,167,0,11
GLYNN,house,167,1,16
GLYNN,house,167,4,423
GLYNN,house,167,5,319
GLYNN,house,167,6,293
GLYNN,house,167,7,223
GLYNN,house,167,8,271
GLYNN,house,167,10,208
GLYNN,house,167,11,304
GLYNN,house,167,12,222
GLYNN,house,167,13,233
GLYNN,house,167,14,278
GLYNN,house,167,15,311
GLYNN,house,167,17,172
GLYNN,house,167,18,359
GLYNN,house,167,19,298
GLYNN,house,167,20,368
GLYNN,house,167,21,387
GLYNN,house,167,22,402
GLYNN,house,167,25,12
GLYNN,house,167,26,11
GLYNN,house,167,27,1
GLYNN,house,167,35,2
GLYNN,house,179,0,48
GLYNN,house,179,1,102
GLYNN,house,179,3,1
GLYNN,house,179,4,1228
GLYNN,house,179,5,829
GLYNN,house,179,6,820
GLYNN,house,179,7,757
GLYNN,house,179,8,849
GLYNN,house,179,10,475
GLYNN,house,179,11,924
GLYNN,house,179,12,766
GLYNN,house,179,13,893
GLYNN,house,179,14,1016
GLYNN,house,179,15,1160
GLYNN,house,179,17,441
GLYNN,house,179,18,1153
GLYNN,house,179,19,1117
GLYNN,house,179,20,1295
GLYNN,house,179,21,1285
GLYNN,house,179,22,1313
GLYNN,house,179,25,32
GLYNN,house,179,26,24
GLYNN,house,179,27,2
GLYNN,house,179,33,1
GLYNN,house,179,42,1
GLYNN,house,180,0,1
GLYNN,house,180,1,7
GLYNN,house,180,4,89
GLYNN,house,180,5,60
GLYNN,house,180,6,77
GLYNN,house,180,7,70
GLYNN,house,180,8,73
GLYNN,house,180,10,30
GLYNN,house,180,11,75
GLYNN,house,180,12,57
GLYNN,house,180,13,60
GLYNN,house,180,14,75
GLYNN,house,180,15,69
GLYNN,house,180,17,35
GLYNN,house,180,18,70
GLYNN,house,180,19,63
GLYNN,house,180,20,76
GLYNN,house,180,21,81
GLYNN,house,180,22,84
GLYNN,house,180,25,2
GLYNN,house,180,26,1
GLYNN,house,180,28,1
GLYNN,house,180,32,2
GLYNN,senate,3,0,60
GLYNN,senate,3,1,125
GLYNN,senate,3,3,1
GLYNN,senate,3,4,1740
GLYNN,senate,3,5,1208
GLYNN,senate,3,6,1190
GLYNN,senate,3,7,1050
GLYNN,senate,3,8,1193
GLYNN,senate,3,10,713
GLYNN,senate,3,11,1303
GLYNN,senate,3,12,1045
GLYNN,senate,3,13,1186
GLYNN,senate,3,14,1369
GLYNN,senate,3,15,1540
GLYNN,senate,3,17,648
GLYNN,senate,3,18,1582
GLYNN,senate,3,19,1478
GLYNN,senate,3,20,1739
GLYNN,senate,3,21,1753
GLYNN,senate,3,22,1799
GLYNN,senate,3,25,46
GLYNN,senate,3,26,36
GLYNN,senate,3,27,3
GLYNN,senate,3,28,1
GLYNN,senate,3,32,2
GLYNN,senate,3,33,1
GLYNN,senate,3,35,2
GLYNN,senate,3,42,1
GORDON,house,5,0,19
GORDON,house,5,1,26
GORDON,house,5,2,1
GORDON,house,5,4,955
GORDON,house,5,5,588
GORDON,house,5,6,443
GORDON,house,5,7,404
GORDON,house,5,8,450
GORDON,house,5,10,385
GORDON,house,5,11,620
GORDON,house,5,12,428
GORDON,house,5,13,443
GORDON,house,5,14,448
GORDON,house,5,15,547
GORDON,house,5,17,280
GORDON,house,5,18,600
GORDON,house,5,19,550
GORDON,house,5,20,542
GORDON,house,5,21,587
GORDON,house,5,22,602
GORDON,house,5,25,16
GORDON,house,5,26,10
GORDON,house,5,29,1
GORDON,house,6,0,1
GORDON,house,6,1,1
GORDON,house,6,4,37
GORDON,house,6,5,28
GORDON,house,6,6,27
GORDON,house,6,7,22
GORDON,house,6,8,26
GORDON,house,6,10,17
GORDON,house,6,11,47
GORDON,house,6,12,22
GORDON,house,6,13,17
GORDON,house,6,14,21
GORDON,house,6,15,23
GORDON,house,6,17,15
GORDON,house,6,18,31
GORDON,house,6,19,30
GORDON,house,6,20,26
GORDON,house,6,21,17
GORDON,house,6,22,37
GORDON,house,6,25,2
GORDON,senate,52,0,5
GORDON,senate,52,1,5
GORDON,senate,52,4,126
GORDON,senate,52,5,74
GORDON,senate,52,6,82
GORDON,senate,52,7,74
GORDON,senate,52,8,75
GORDON,senate,52,10,77
GORDON,senate,52,11,95
GORDON,senate,52,12,78
GORDON,senate,52,13,53
GORDON,senate,52,14,55
GORDON,senate,52,15,66
GORDON,senate,52,17,37
GORDON,senate,52,18,91
GORDON,senate,52,19,71
GORDON,senate,52,20,70
GORDON,senate,52,21,60
GORDON,senate,52,22,85
GORDON,senate,52,25,2
GORDON,senate,52,26,2
GORDON,senate,54,0,15
GORDON,senate,54,1,22
GORDON,senate,54,2,1
GORDON,senate,54,4,866
GORDON,senate,54,5,542
GORDON,senate,54,6,388
GORDON,senate,54,7,352
GORDON,senate,54,8,401
GORDON,senate,54,10,325
GORDON,senate,54,11,572
GORDON,senate,54,12,372
GORDON,senate,54,13,407
GORDON,senate,54,14,414
GORDON,senate,54,15,504
GORDON,senate,54,17,258
GORDON,senate,54,18,540
GORDON,senate,54,19,509
GORDON,senate,54,20,498
GORDON,senate,54,21,544
GORDON,senate,54,22,554
GORDON,senate,54,25,16
GORDON,senate,54,26,8
GORDON,senate,54,29,1
GRADY,house,171,0,1
GRADY,house,171,1,18
GRADY,house,171,4,99
GRADY,house,171,5,101
GRADY,house,171,6,88
GRADY,house,171,7,58
GRADY,house,171,8,58
GRADY,house,171,10,74
GRADY,house,171,11,95
GRADY,house,171,12,63
GRADY,house,171,13,67
GRADY,house,171,14,70
GRADY,house,171,15,94
GRADY,house,171,17,43
GRADY,house,171,18,87
GRADY,house,171,19,68
GRADY,house,171,20,76
GRADY,house,171,21,89
GRADY,house,171,22,70
GRADY,house,171,25,1
GRADY,house,171,26,5
GRADY,house,171,28,2
GRADY,house,173,0,7
GRADY,house,173,1,11
GRADY,house,173,4,313
GRADY,house,173,5,174
GRADY,house,173,6,129
GRADY,house,173,7,165
GRADY,house,173,8,160
GRADY,house,173,10,130
GRADY,house,173,11,205
GRADY,house,173,12,162
GRADY,house,173,13,164
GRADY,house,173,14,165
GRADY,house,173,15,178
GRADY,house,173,17,108
GRADY,house,173,18,251
GRADY,house,173,19,204
GRADY,house,173,20,231
GRADY,house,173,21,267
GRADY,house,173,22,288
GRADY,house,173,25,8
GRADY,house,173,26,5
GRADY,senate,11,0,8
GRADY,senate,11,1,29
GRADY,senate,11,4,412
GRADY,senate,11,5,275
GRADY,senate,11,6,217
GRADY,senate,11,7,223
GRADY,senate,11,8,218
GRADY,senate,11,10,204
GRADY,senate,11,11,300
GRADY,senate,11,12,225
GRADY,senate,11,13,231
GRADY,senate,11,14,235
GRADY,senate,11,15,272
GRADY,senate,11,17,151
GRADY,senate,11,18,338
GRADY,senate,11,19,272
GRADY,senate,11,20,307
GRADY,senate,11,21,356
GRADY,senate,11,22,358
GRADY,senate,11,25,9
GRADY,senate,11,26,10
GRADY,senate,11,28,2
GREENE,house,124,0,29
GREENE,house,124,1,28
GREENE,house,124,3,1
GREENE,house,124,4,566
GREENE,house,124,5,380
GREENE,house,124,6,388
GREENE,house,124,7,347
GREENE,house,124,8,418
GREENE,house,124,10,174
GREENE,house,124,11,465
GREENE,house,124,12,362
GREENE,house,124,13,442
GREENE,house,124,14,510
GREENE,house,124,15,493
GREENE,house,124,17,190
GREENE,house,124,18,501
GREENE,house,124,19,514
GREENE,house,124,20,589
GREENE,house,124,21,626
GREENE,house,124,22,611
GREENE,house,124,25,4
GREENE,house,124,26,1
GREENE,house,124,27,2
GREENE,house,124,32,1
GREENE,house,124,43,1
GREENE,senate,24,0,29
GREENE,senate,24,1,28
GREENE,senate,24,3,1
GREENE,senate,24,4,566
GREENE,senate,24,5,380
GREENE,senate,24,6,388
GREENE,senate,24,7,347
GREENE,senate,24,8,418
GREENE,senate,24,10,174
GREENE,senate,24,11,465
GREENE,senate,24,12,362
GREENE,senate,24,13,442
GREENE,senate,24,14,510
GREENE,senate,24,15,493
GREENE,senate,24,17,190
GREENE,senate,24,18,501
GREENE,senate,24,19,514
GREENE,senate,24,20,589
GREENE,senate,24,21,626
GREENE,senate,24,22,611
GREENE,senate,24,25,4
GREENE,senate,24,26,1
GREENE,senate,24,27,2
GREENE,senate,24,32,1
GREENE,senate,24,43,1
GWINNETT,house,100,0,20
GWINNETT,house,100,1,50
GWINNETT,house,100,4,898
GWINNETT,house,100,5,687
GWINNETT,house,100,6,472
GWINNETT,house,100,7,238
GWINNETT,house,100,8,45
GWINNETT,house,100,9,13
GWINNETT,house,100,10,16
GWINNETT,house,100,11,9
GWINNETT,house,100,12,37
GWINNETT,house,100,13,52
GWINNETT,house,100,14,54
GWINNETT,house,100,15,75
GWINNETT,house,100,16,166
GWINNETT,house,100,17,242
GWINNETT,house,100,18,484
GWINNETT,house,100,19,413
GWINNETT,house,100,20,395
GWINNETT,house,100,21,353
GWINNETT,house,100,22,326
GWINNETT,house,100,28,1
GWINNETT,house,100,36,1
GWINNETT,house,101,0,34
GWINNETT,house,101,1,101
GWINNETT,house,101,2,2
GWINNETT,house,101,3,2
GWINNETT,house,101,4,1287
GWINNETT,house,101,5,918
GWINNETT,house,101,6,716
GWINNETT,house,101,7,318
GWINNETT,house,101,8,82
GWINNETT,house,101,9,14
GWINNETT,house,101,10,18
GWINNETT,house,101,11,23
GWINNETT,house,101,12,93
GWINNETT,house,101,13,72
GWINNETT,house,101,14,101
GWINNETT,house,101,15,130
GWINNETT,house,101,16,261
GWINNETT,house,101,17,424
GWINNETT,house,101,18,592
GWINNETT,house,101,19,559
GWINNETT,house,101,20,539
GWINNETT,house,101,21,470
GWINNETT,house,101,22,463
GWINNETT,house,101,28,1
GWINNETT,house,101,36,1
GWINNETT,house,101,46,1
GWINNETT,house,102,0,36
GWINNETT,house,102,1,80
GWINNETT,house,102,3,7
GWINNETT,house,102,4,1157
GWINNETT,house,102,5,775
GWINNETT,house,102,6,723
GWINNETT,house,102,7,278
GWINNETT,house,102,8,73
GWINNETT,house,102,9,11
GWINNETT,house,102,10,6
GWINNETT,house,102,11,47
GWINNETT,house,102,12,42
GWINNETT,house,102,13,64
GWINNETT,house,102,14,82
GWINNETT,house,102,15,103
GWINNETT,house,102,16,283
GWINNETT,house,102,17,363
GWINNETT,house,102,18,649
GWINNETT,house,102,19,587
GWINNETT,house,102,20,596
GWINNETT,house,102,21,547
GWINNETT,house,102,22,513
GWINNETT,house,102,25,1
GWINNETT,house,102,32,1
GWINNETT,house,103,0,21
GWINNETT,house,103,1,79
GWINNETT,house,103,4,1107
GWINNETT,house,103,5,831
GWINNETT,house,103,6,672
GWINNETT,house,103,7,280
GWINNETT,house,103,8,73
GWINNETT,house,103,9,7
GWINNETT,house,103,10,12
GWINNETT,house,103,11,13
GWINNETT,house,103,12,53
GWINNETT,house,103,13,59
GWINNETT,house,103,14,61
GWINNETT,house,103,15,78
GWINNETT,house,103,16,218
GWINNETT,house,103,17,355
GWINNETT,house,103,18,658
GWINNETT,house,103,19,595
GWINNETT,house,103,20,613
GWINNETT,house,103,21,560
GWINNETT,house,103,22,494
GWINNETT,house,104,0,25
GWINNETT,house,104,1,46
GWINNETT,house,104,4,923
GWINNETT,house,104,5,684
GWINNETT,house,104,6,549
GWINNETT,house,104,7,230
GWINNETT,house,104,8,58
GWINNETT,house,104,9,4
GWINNETT,house,104,10,2
GWINNETT,house,104,11,13
GWINNETT,house,104,12,58
GWINNETT,house,104,13,49
GWINNETT,house,104,14,48
GWINNETT,house,104,15,71
GWINNETT,house,104,16,153
GWINNETT,house,104,17,278
GWINNETT,house,104,18,510
GWINNETT,house,104,19,480
GWINNETT,house,104,20,460
GWINNETT,house,104,21,442
GWINNETT,house,104,22,382
GWINNETT,house,105,0,37
GWINNETT,house,105,1,79
GWINNETT,house,105,2,2
GWINNETT,house,105,4,1308
GWINNETT,house,105,5,973
GWINNETT,house,105,6,816
GWINNETT,house,105,7,354
GWINNETT,house,105,8,93
GWINNETT,house,105,9,9
GWINNETT,house,105,10,5
GWINNETT,house,105,11,23
GWINNETT,house,105,12,89
GWINNETT,house,105,13,52
GWINNETT,house,105,14,83
GWINNETT,house,105,15,89
GWINNETT,house,105,16,289
GWINNETT,house,105,17,521
GWINNETT,house,105,18,827
GWINNETT,house,105,19,692
GWINNETT,house,105,20,761
GWINNETT,house,105,21,671
GWINNETT,house,105,22,718
GWINNETT,house,105,29,1
GWINNETT,house,106,0,33
GWINNETT,house,106,1,84
GWINNETT,house,106,2,1
GWINNETT,house,106,4,1325
GWINNETT,house,106,5,935
GWINNETT,house,106,6,843
GWINNETT,house,106,7,367
GWINNETT,house,106,8,97
GWINNETT,house,106,9,12
GWINNETT,house,106,10,18
GWINNETT,house,106,11,27
GWINNETT,house,106,12,101
GWINNETT,house,106,13,118
GWINNETT,house,106,14,96
GWINNETT,house,106,15,117
GWINNETT,house,106,16,274
GWINNETT,house,106,17,468
GWINNETT,house,106,18,897
GWINNETT,house,106,19,755
GWINNETT,house,106,20,782
GWINNETT,house,106,21,697
GWINNETT,house,106,22,728
GWINNETT,house,106,28,2
GWINNETT,house,107,0,23
GWINNETT,house,107,1,57
GWINNETT,house,107,2,1
GWINNETT,house,107,3,1
GWINNETT,house,107,4,961
GWINNETT,house,107,5,684
GWINNETT,house,107,6,464
GWINNETT,house,107,7,229
GWINNETT,house,107,8,71
GWINNETT,house,107,9,5
GWINNETT,house,107,10,6
GWINNETT,house,107,11,19
GWINNETT,house,107,12,49
GWINNETT,house,107,13,72
GWINNETT,house,107,14,81
GWINNETT,house,107,15,72
GWINNETT,house,107,16,162
GWINNETT,house,107,17,338
GWINNETT,house,107,18,427
GWINNETT,house,107,19,375
GWINNETT,house,107,20,340
GWINNETT,house,107,21,308
GWINNETT,house,107,22,393
GWINNETT,house,107,28,1
GWINNETT,house,107,34,1
GWINNETT,house,107,43,1
GWINNETT,house,108,0,37
GWINNETT,house,108,1,110
GWINNETT,house,108,2,1
GWINNETT,house,108,3,1
GWINNETT,house,108,4,1138
GWINNETT,house,108,5,984
GWINNETT,house,108,6,825
GWINNETT,house,108,7,353
GWINNETT,house,108,8,102
GWINNETT,house,108,9,16
GWINNETT,house,108,10,10
GWINNETT,house,108,11,22
GWINNETT,house,108,12,87
GWINNETT,house,108,13,98
GWINNETT,house,108,14,96
GWINNETT,house,108,15,91
GWINNETT,house,108,16,237
GWINNETT,house,108,17,406
GWINNETT,house,108,18,863
GWINNETT,house,108,19,744
GWINNETT,house,108,20,791
GWINNETT,house,108,21,654
GWINNETT,house,108,22,675
GWINNETT,house,108,40,1
GWINNETT,house,109,0,28
GWINNETT,house,109,1,43
GWINNETT,house,109,2,1
GWINNETT,house,109,3,1
GWINNETT,house,109,4,762
GWINNETT,house,109,5,506
GWINNETT,house,109,6,419
GWINNETT,house,109,7,130
GWINNETT,house,109,8,55
GWINNETT,house,109,9,5
GWINNETT,house,109,10,5
GWINNETT,house,109,11,10
GWINNETT,house,109,12,40
GWINNETT,house,109,13,50
GWINNETT,house,109,14,45
GWINNETT,house,109,15,69
GWINNETT,house,109,16,131
GWINNETT,house,109,17,226
GWINNETT,house,109,18,332
GWINNETT,house,109,19,281
GWINNETT,house,109,20,287
GWINNETT,house,109,21,200
GWINNETT,house,109,22,283
GWINNETT,house,110,0,38
GWINNETT,house,110,1,92
GWINNETT,house,110,3,2
GWINNETT,house,110,4,1506
GWINNETT,house,110,5,1086
GWINNETT,house,110,6,897
GWINNETT,house,110,7,344
GWINNETT,house,110,8,126
GWINNETT,house,110,9,3
GWINNETT,house,110,10,19
GWINNETT,house,110,11,38
GWINNETT,house,110,12,81
GWINNETT,house,110,13,132
GWINNETT,house,110,14,103
GWINNETT,house,110,15,115
GWINNETT,house,110,16,337
GWINNETT,house,110,17,511
GWINNETT,house,110,18,890
GWINNETT,house,110,19,748
GWINNETT,house,110,20,740
GWINNETT,house,110,21,589
GWINNETT,house,110,22,645
GWINNETT,house,110,28,1
GWINNETT,house,111,0,15
GWINNETT,house,111,1,48
GWINNETT,house,111,2,1
GWINNETT,house,111,4,528
GWINNETT,house,111,5,432
GWINNETT,house,111,6,369
GWINNETT,house,111,7,151
GWINNETT,house,111,8,20
GWINNETT,house,111,9,2
GWINNETT,house,111,10,6
GWINNETT,house,111,11,16
GWINNETT,house,111,12,24
GWINNETT,house,111,13,39
GWINNETT,house,111,14,17
GWINNETT,house,111,15,45
GWINNETT,house,111,16,106
GWINNETT,house,111,17,203
GWINNETT,house,111,18,308
GWINNETT,house,111,19,285
GWINNETT,house,111,20,272
GWINNETT,house,111,21,265
GWINNETT,house,111,22,319
GWINNETT,house,30,0,2
GWINNETT,house,30,1,8
GWINNETT,house,30,3,1
GWINNETT,house,30,4,235
GWINNETT,house,30,5,166
GWINNETT,house,30,6,140
GWINNETT,house,30,7,95
GWINNETT,house,30,8,25
GWINNETT,house,30,11,5
GWINNETT,house,30,12,8
GWINNETT,house,30,13,16
GWINNETT,house,30,14,11
GWINNETT,house,30,15,26
GWINNETT,house,30,16,53
GWINNETT,house,30,17,64
GWINNETT,house,30,18,137
GWINNETT,house,30,19,158
GWINNETT,house,30,20,161
GWINNETT,house,30,21,151
GWINNETT,house,30,22,98
GWINNETT,house,48,0,14
GWINNETT,house,48,1,57
GWINNETT,house,48,4,478
GWINNETT,house,48,5,366
GWINNETT,house,48,6,351
GWINNETT,house,48,7,146
GWINNETT,house,48,8,43
GWINNETT,house,48,10,6
GWINNETT,house,48,11,29
GWINNETT,house,48,12,40
GWINNETT,house,48,13,55
GWINNETT,house,48,14,53
GWINNETT,house,48,15,58
GWINNETT,house,48,16,100
GWINNETT,house,48,17,132
GWINNETT,house,48,18,305
GWINNETT,house,48,19,249
GWINNETT,house,48,20,241
GWINNETT,house,48,21,269
GWINNETT,house,48,22,186
GWINNETT,house,48,27,1
GWINNETT,house,88,0,2
GWINNETT,house,88,1,14
GWINNETT,house,88,4,176
GWINNETT,house,88,5,112
GWINNETT,house,88,6,107
GWINNETT,house,88,7,46
GWINNETT,house,88,8,7
GWINNETT,house,88,9,1
GWINNETT,house,88,10,2
GWINNETT,house,88,11,4
GWINNETT,house,88,12,24
GWINNETT,house,88,13,12
GWINNETT,house,88,14,12
GWINNETT,house,88,15,7
GWINNETT,house,88,16,20
GWINNETT,house,88,17,67
GWINNETT,house,88,18,92
GWINNETT,house,88,19,94
GWINNETT,house,88,20,110
GWINNETT,house,88,21,78
GWINNETT,house,88,22,97
GWINNETT,house,94,0,17
GWINNETT,house,94,1,46
GWINNETT,house,94,2,1
GWINNETT,house,94,3,1
GWINNETT,house,94,4,632
GWINNETT,house,94,5,495
GWINNETT,house,94,6,371
GWINNETT,house,94,7,162
GWINNETT,house,94,8,40
GWINNETT,house,94,9,3
GWINNETT,house,94,10,5
GWINNETT,house,94,11,11
GWINNETT,house,94,12,40
GWINNETT,house,94,13,58
GWINNETT,house,94,14,36
GWINNETT,house,94,15,64
GWINNETT,house,94,16,104
GWINNETT,house,94,17,221
GWINNETT,house,94,18,489
GWINNETT,house,94,19,397
GWINNETT,house,94,20,375
GWINNETT,house,94,21,422
GWINNETT,house,94,22,374
GWINNETT,house,95,0,23
GWINNETT,house,95,1,44
GWINNETT,house,95,2,1
GWINNETT,house,95,4,812
GWINNETT,house,95,5,600
GWINNETT,house,95,6,502
GWINNETT,house,95,7,257
GWINNETT,house,95,8,45
GWINNETT,house,95,9,3
GWINNETT,house,95,10,6
GWINNETT,house,95,11,20
GWINNETT,house,95,12,49
GWINNETT,house,95,13,89
GWINNETT,house,95,14,34
GWINNETT,house,95,15,58
GWINNETT,house,95,16,202
GWINNETT,house,95,17,362
GWINNETT,house,95,18,686
GWINNETT,house,95,19,534
GWINNETT,house,95,20,569
GWINNETT,house,95,21,551
GWINNETT,house,95,22,672
GWINNETT,house,95,28,1
GWINNETT,house,96,0,21
GWINNETT,house,96,1,50
GWINNETT,house,96,3,2
GWINNETT,house,96,4,774
GWINNETT,house,96,5,538
GWINNETT,house,96,6,516
GWINNETT,house,96,7,199
GWINNETT,house,96,8,76
GWINNETT,house,96,9,2
GWINNETT,house,96,10,9
GWINNETT,house,96,11,12
GWINNETT,house,96,12,38
GWINNETT,house,96,13,64
GWINNETT,house,96,14,51
GWINNETT,house,96,15,64
GWINNETT,house,96,16,120
GWINNETT,house,96,17,246
GWINNETT,house,96,18,328
GWINNETT,house,96,19,333
GWINNETT,house,96,20,337
GWINNETT,house,96,21,312
GWINNETT,house,96,22,342
GWINNETT,house,96,27,1
GWINNETT,house,96,32,1
GWINNETT,house,96,33,2
GWINNETT,house,96,35,1
GWINNETT,house,97,0,31
GWINNETT,house,97,1,87
GWINNETT,house,97,4,1206
GWINNETT,house,97,5,842
GWINNETT,house,97,6,731
GWINNETT,house,97,7,321
GWINNETT,house,97,8,84
GWINNETT,house,97,9,5
GWINNETT,house,97,10,12
GWINNETT,house,97,11,23
GWINNETT,house,97,12,78
GWINNETT,house,97,13,101
GWINNETT,house,97,14,98
GWINNETT,house,97,15,92
GWINNETT,house,97,16,285
GWINNETT,house,97,17,441
GWINNETT,house,97,18,802
GWINNETT,house,97,19,685
GWINNETT,house,97,20,621
GWINNETT,house,97,21,581
GWINNETT,house,97,22,729
GWINNETT,house,97,27,1
GWINNETT,house,98,0,13
GWINNETT,house,98,1,26
GWINNETT,house,98,4,520
GWINNETT,house,98,5,362
GWINNETT,house,98,6,307
GWINNETT,house,98,7,111
GWINNETT,house,98,8,32
GWINNETT,house,98,9,1
GWINNETT,house,98,10,7
GWINNETT,house,98,11,2
GWINNETT,house,98,12,17
GWINNETT,house,98,13,24
GWINNETT,house,98,14,30
GWINNETT,house,98,15,34
GWINNETT,house,98,16,90
GWINNETT,house,98,17,179
GWINNETT,house,98,18,266
GWINNETT,house,98,19,192
GWINNETT,house,98,20,240
GWINNETT,house,98,21,218
GWINNETT,house,98,22,297
GWINNETT,house,98,27,1
GWINNETT,house,98,32,1
GWINNETT,house,98,39,1
GWINNETT,house,99,0,45
GWINNETT,house,99,1,103
GWINNETT,house,99,2,1
GWINNETT,house,99,3,2
GWINNETT,house,99,4,1413
GWINNETT,house,99,5,1055
GWINNETT,house,99,6,912
GWINNETT,house,99,7,407
GWINNETT,house,99,8,113
GWINNETT,house,99,9,8
GWINNETT,house,99,10,14
GWINNETT,house,99,11,19
GWINNETT,house,99,12,72
GWINNETT,house,99,13,108
GWINNETT,house,99,14,104
GWINNETT,house,99,15,109
GWINNETT,house,99,16,333
GWINNETT,house,99,17,546
GWINNETT,house,99,18,820
GWINNETT,house,99,19,759
GWINNETT,house,99,20,748
GWINNETT,house,99,21,633
GWINNETT,house,99,22,719
GWINNETT,house,99,27,1
GWINNETT,house,99,29,1
GWINNETT,house,99,32,1
GWINNETT,house,99,39,1
GWINNETT,senate,40,0,12
GWINNETT,senate,40,1,40
GWINNETT,senate,40,4,533
GWINNETT,senate,40,5,352
GWINNETT,senate,40,6,273
GWINNETT,senate,40,7,111
GWINNETT,senate,40,8,33
GWINNETT,senate,40,9,3
GWINNETT,senate,40,10,7
GWINNETT,senate,40,11,14
GWINNETT,senate,40,12,46
GWINNETT,senate,40,13,47
GWINNETT,senate,40,14,36
GWINNETT,senate,40,15,45
GWINNETT,senate,40,16,104
GWINNETT,senate,40,17,162
GWINNETT,senate,40,18,304
GWINNETT,senate,40,19,228
GWINNETT,senate,40,20,211
GWINNETT,senate,40,21,212
GWINNETT,senate,40,22,211
GWINNETT,senate,40,27,2
GWINNETT,senate,41,0,5
GWINNETT,senate,41,1,30
GWINNETT,senate,41,4,200
GWINNETT,senate,41,5,155
GWINNETT,senate,41,6,148
GWINNETT,senate,41,7,54
GWINNETT,senate,41,8,12
GWINNETT,senate,41,9,3
GWINNETT,senate,41,10,6
GWINNETT,senate,41,11,5
GWINNETT,senate,41,12,8
GWINNETT,senate,41,13,16
GWINNETT,senate,41,14,11
GWINNETT,senate,41,15,24
GWINNETT,senate,41,16,63
GWINNETT,senate,41,17,68
GWINNETT,senate,41,18,184
GWINNETT,senate,41,19,157
GWINNETT,senate,41,20,150
GWINNETT,senate,41,21,164
GWINNETT,senate,41,22,165
GWINNETT,senate,45,0,78
GWINNETT,senate,45,1,224
GWINNETT,senate,45,3,2
GWINNETT,senate,45,4,3512
GWINNETT,senate,45,5,2702
GWINNETT,senate,45,6,2207
GWINNETT,senate,45,7,950
GWINNETT,senate,45,8,230
GWINNETT,senate,45,9,23
GWINNETT,senate,45,10,21
GWINNETT,senate,45,11,50
GWINNETT,senate,45,12,202
GWINNETT,senate,45,13,180
GWINNETT,senate,45,14,199
GWINNETT,senate,45,15,283
GWINNETT,senate,45,16,712
GWINNETT,senate,45,17,1129
GWINNETT,senate,45,18,2083
GWINNETT,senate,45,19,1908
GWINNETT,senate,45,20,1954
GWINNETT,senate,45,21,1845
GWINNETT,senate,45,22,1641
GWINNETT,senate,45,28,1
GWINNETT,senate,45,29,1
GWINNETT,senate,45,39,1
GWINNETT,senate,46,0,17
GWINNETT,senate,46,1,48
GWINNETT,senate,46,2,2
GWINNETT,senate,46,4,622
GWINNETT,senate,46,5,497
GWINNETT,senate,46,6,425
GWINNETT,senate,46,7,178
GWINNETT,senate,46,8,26
GWINNETT,senate,46,9,2
GWINNETT,senate,46,10,7
GWINNETT,senate,46,11,16
GWINNETT,senate,46,12,30
GWINNETT,senate,46,13,43
GWINNETT,senate,46,14,25
GWINNETT,senate,46,15,55
GWINNETT,senate,46,16,124
GWINNETT,senate,46,17,244
GWINNETT,senate,46,18,376
GWINNETT,senate,46,19,356
GWINNETT,senate,46,20,336
GWINNETT,senate,46,21,319
GWINNETT,senate,46,22,392
GWINNETT,senate,48,0,28
GWINNETT,senate,48,1,69
GWINNETT,senate,48,4,1144
GWINNETT,senate,48,5,844
GWINNETT,senate,48,6,631
GWINNETT,senate,48,7,327
GWINNETT,senate,48,8,63
GWINNETT,senate,48,9,10
GWINNETT,senate,48,10,19
GWINNETT,senate,48,11,11
GWINNETT,senate,48,12,51
GWINNETT,senate,48,13,79
GWINNETT,senate,48,14,71
GWINNETT,senate,48,15,83
GWINNETT,senate,48,16,223
GWINNETT,senate,48,17,334
GWINNETT,senate,48,18,634
GWINNETT,senate,48,19,550
GWINNETT,senate,48,20,506
GWINNETT,senate,48,21,463
GWINNETT,senate,48,22,443
GWINNETT,senate,48,28,1
GWINNETT,senate,48,36,1
GWINNETT,senate,5,0,56
GWINNETT,senate,5,1,106
GWINNETT,senate,5,2,2
GWINNETT,senate,5,3,6
GWINNETT,senate,5,4,2299
GWINNETT,senate,5,5,1514
GWINNETT,senate,5,6,1220
GWINNETT,senate,5,7,492
GWINNETT,senate,5,8,159
GWINNETT,senate,5,9,8
GWINNETT,senate,5,10,21
GWINNETT,senate,5,11,32
GWINNETT,senate,5,12,93
GWINNETT,senate,5,13,139
GWINNETT,senate,5,14,139
GWINNETT,senate,5,15,176
GWINNETT,senate,5,16,413
GWINNETT,senate,5,17,794
GWINNETT,senate,5,18,1066
GWINNETT,senate,5,19,901
GWINNETT,senate,5,20,976
GWINNETT,senate,5,21,798
GWINNETT,senate,5,22,1034
GWINNETT,senate,5,27,1
GWINNETT,senate,5,32,1
GWINNETT,senate,5,34,1
GWINNETT,senate,5,35,1
GWINNETT,senate,5,39,1
GWINNETT,senate,5,43,1
GWINNETT,senate,55,0,69
GWINNETT,senate,55,1,165
GWINNETT,senate,55,2,3
GWINNETT,senate,55,3,2
GWINNETT,senate,55,4,2793
GWINNETT,senate,55,5,2102
GWINNETT,senate,55,6,1744
GWINNETT,senate,55,7,803
GWINNETT,senate,55,8,185
GWINNETT,senate,55,9,15
GWINNETT,senate,55,10,30
GWINNETT,senate,55,11,53
GWINNETT,senate,55,12,170
GWINNETT,senate,55,13,272
GWINNETT,senate,55,14,180
GWINNETT,senate,55,15,229
GWINNETT,senate,55,16,595
GWINNETT,senate,55,17,1094
GWINNETT,senate,55,18,2131
GWINNETT,senate,55,19,1756
GWINNETT,senate,55,20,1753
GWINNETT,senate,55,21,1626
GWINNETT,senate,55,22,1800
GWINNETT,senate,55,28,3
GWINNETT,senate,7,0,123
GWINNETT,senate,7,1,342
GWINNETT,senate,7,2,3
GWINNETT,senate,7,3,4
GWINNETT,senate,7,4,4052
GWINNETT,senate,7,5,2975
GWINNETT,senate,7,6,2560
GWINNETT,senate,7,7,1121
GWINNETT,senate,7,8,340
GWINNETT,senate,7,9,28
GWINNETT,senate,7,10,44
GWINNETT,senate,7,11,94
GWINNETT,senate,7,12,259
GWINNETT,senate,7,13,295
GWINNETT,senate,7,14,337
GWINNETT,senate,7,15,360
GWINNETT,senate,7,16,857
GWINNETT,senate,7,17,1444
GWINNETT,senate,7,18,2229
GWINNETT,senate,7,19,2050
GWINNETT,senate,7,20,2010
GWINNETT,senate,7,21,1768
GWINNETT,senate,7,22,1968
GWINNETT,senate,7,27,2
GWINNETT,senate,7,28,1
GWINNETT,senate,7,29,1
GWINNETT,senate,7,32,2
GWINNETT,senate,7,33,2
GWINNETT,senate,7,36,1
GWINNETT,senate,7,46,1
GWINNETT,senate,9,0,127
GWINNETT,senate,9,1,280
GWINNETT,senate,9,2,2
GWINNETT,senate,9,3,6
GWINNETT,senate,9,4,3991
GWINNETT,senate,9,5,2890
GWINNETT,senate,9,6,2494
GWINNETT,senate,9,7,980
GWINNETT,senate,9,8,312
GWINNETT,senate,9,9,32
GWINNETT,senate,9,10,29
GWINNETT,senate,9,11,110
GWINNETT,senate,9,12,261
GWINNETT,senate,9,13,313
GWINNETT,senate,9,14,298
GWINNETT,senate,9,15,312
GWINNETT,senate,9,16,833
GWINNETT,senate,9,17,1324
GWINNETT,senate,9,18,2355
GWINNETT,senate,9,19,2009
GWINNETT,senate,9,20,2082
GWINNETT,senate,9,21,1776
GWINNETT,senate,9,22,1799
GWINNETT,senate,9,25,1
GWINNETT,senate,9,28,1
GWINNETT,senate,9,32,1
GWINNETT,senate,9,40,1
HABERSHAM,house,10,0,6
HABERSHAM,house,10,1,20
HABERSHAM,house,10,3,16
HABERSHAM,house,10,4,944
HABERSHAM,house,10,5,686
HABERSHAM,house,10,6,561
HABERSHAM,house,10,7,629
HABERSHAM,house,10,8,681
HABERSHAM,house,10,10,417
HABERSHAM,house,10,11,673
HABERSHAM,house,10,12,593
HABERSHAM,house,10,13,626
HABERSHAM,house,10,14,623
HABERSHAM,house,10,15,665
HABERSHAM,house,10,17,373
HABERSHAM,house,10,18,880
HABERSHAM,house,10,19,701
HABERSHAM,house,10,20,773
HABERSHAM,house,10,21,747
HABERSHAM,house,10,22,691
HABERSHAM,house,10,25,7
HABERSHAM,house,10,28,1
HABERSHAM,house,10,35,2
HABERSHAM,house,10,40,1
HABERSHAM,house,32,0,5
HABERSHAM,house,32,1,4
HABERSHAM,house,32,3,1
HABERSHAM,house,32,4,59
HABERSHAM,house,32,5,51
HABERSHAM,house,32,6,51
HABERSHAM,house,32,7,54
HABERSHAM,house,32,8,43
HABERSHAM,house,32,10,26
HABERSHAM,house,32,11,55
HABERSHAM,house,32,12,55
HABERSHAM,house,32,13,35
HABERSHAM,house,32,14,45
HABERSHAM,house,32,15,29
HABERSHAM,house,32,17,23
HABERSHAM,house,32,18,42
HABERSHAM,house,32,19,39
HABERSHAM,house,32,20,47
HABERSHAM,house,32,21,56
HABERSHAM,house,32,22,42
HABERSHAM,house,32,25,2
HABERSHAM,senate,50,0,11
HABERSHAM,senate,50,1,24
HABERSHAM,senate,50,3,17
HABERSHAM,senate,50,4,1003
HABERSHAM,senate,50,5,737
HABERSHAM,senate,50,6,612
HABERSHAM,senate,50,7,683
HABERSHAM,senate,50,8,724
HABERSHAM,senate,50,10,443
HABERSHAM,senate,50,11,728
HABERSHAM,senate,50,12,648
HABERSHAM,senate,50,13,661
HABERSHAM,senate,50,14,668
HABERSHAM,senate,50,15,694
HABERSHAM,senate,50,17,396
HABERSHAM,senate,50,18,922
HABERSHAM,senate,50,19,740
HABERSHAM,senate,50,20,820
HABERSHAM,senate,50,21,803
HABERSHAM,senate,50,22,733
HABERSHAM,senate,50,25,9
HABERSHAM,senate,50,28,1
HABERSHAM,senate,50,35,2
HABERSHAM,senate,50,40,1
HALL,house,100,0,8
HALL,house,100,1,22
HALL,house,100,4,234
HALL,house,100,5,170
HALL,house,100,6,124
HALL,house,100,7,139
HALL,house,100,8,165
HALL,house,100,10,72
HALL,house,100,11,143
HALL,house,100,12,124
HALL,house,100,13,119
HALL,house,100,14,108
HALL,house,100,15,164
HALL,house,100,17,68
HALL,house,100,18,158
HALL,house,100,19,130
HALL,house,100,20,123
HALL,house,100,21,103
HALL,house,100,22,111
HALL,house,103,0,6
HALL,house,103,1,11
HALL,house,103,4,334
HALL,house,103,5,232
HALL,house,103,6,192
HALL,house,103,7,170
HALL,house,103,8,198
HALL,house,103,10,104
HALL,house,103,11,223
HALL,house,103,12,160
HALL,house,103,13,220
HALL,house,103,14,200
HALL,house,103,15,205
HALL,house,103,17,125
HALL,house,103,18,215
HALL,house,103,19,230
HALL,house,103,20,211
HALL,house,103,21,206
HALL,house,103,22,172
HALL,house,103,25,2
HALL,house,103,33,1
HALL,house,27,0,36
HALL,house,27,1,72
HALL,house,27,4,1567
HALL,house,27,5,1077
HALL,house,27,6,889
HALL,house,27,7,865
HALL,house,27,8,1026
HALL,house,27,10,503
HALL,house,27,11,857
HALL,house,27,12,687
HALL,house,27,13,821
HALL,house,27,14,854
HALL,house,27,15,1023
HALL,house,27,17,486
HALL,house,27,18,994
HALL,house,27,19,1030
HALL,house,27,20,909
HALL,house,27,21,1151
HALL,house,27,22,859
HALL,house,27,25,6
HALL,house,27,28,1
HALL,house,27,35,1
HALL,house,27,41,1
HALL,house,28,0,5
HALL,house,28,1,17
HALL,house,28,4,193
HALL,house,28,5,152
HALL,house,28,6,173
HALL,house,28,7,144
HALL,house,28,8,145
HALL,house,28,10,69
HALL,house,28,11,129
HALL,house,28,12,119
HALL,house,28,13,154
HALL,house,28,14,139
HALL,house,28,15,180
HALL,house,28,17,82
HALL,house,28,18,172
HALL,house,28,19,183
HALL,house,28,20,220
HALL,house,28,21,201
HALL,house,28,22,132
HALL,house,28,25,7
HALL,house,28,28,2
HALL,house,28,43,2
HALL,house,29,0,38
HALL,house,29,1,73
HALL,house,29,4,851
HALL,house,29,5,609
HALL,house,29,6,508
HALL,house,29,7,428
HALL,house,29,8,458
HALL,house,29,10,328
HALL,house,29,11,468
HALL,house,29,12,421
HALL,house,29,13,466
HALL,house,29,14,495
HALL,house,29,15,600
HALL,house,29,17,317
HALL,house,29,18,471
HALL,house,29,19,482
HALL,house,29,20,576
HALL,house,29,21,610
HALL,house,29,22,424
HALL,house,29,25,12
HALL,house,29,26,1
HALL,house,29,29,2
HALL,house,30,0,35
HALL,house,30,1,76
HALL,house,30,4,1470
HALL,house,30,5,952
HALL,house,30,6,825
HALL,house,30,7,763
HALL,house,30,8,826
HALL,house,30,10,575
HALL,house,30,11,818
HALL,house,30,12,659
HALL,house,30,13,755
HALL,house,30,14,792
HALL,house,30,15,938
HALL,house,30,17,509
HALL,house,30,18,841
HALL,house,30,19,871
HALL,house,30,20,989
HALL,house,30,21,1015
HALL,house,30,22,866
HALL,house,30,25,7
HALL,house,30,28,3
HALL,house,30,33,2
HALL,house,30,35,1
HALL,house,30,36,1
HALL,house,30,39,1
HALL,house,30,43,1
HALL,house,31,0,3
HALL,house,31,1,8
HALL,house,31,4,151
HALL,house,31,5,120
HALL,house,31,6,67
HALL,house,31,7,61
HALL,house,31,8,78
HALL,house,31,10,52
HALL,house,31,11,65
HALL,house,31,12,62
HALL,house,31,13,43
HALL,house,31,14,60
HALL,house,31,15,77
HALL,house,31,17,61
HALL,house,31,18,74
HALL,house,31,19,66
HALL,house,31,20,88
HALL,house,31,21,92
HALL,house,31,22,57
HALL,senate,49,0,123
HALL,senate,49,1,270
HALL,senate,49,4,4610
HALL,senate,49,5,3184
HALL,senate,49,6,2694
HALL,senate,49,7,2485
HALL,senate,49,8,2805
HALL,senate,49,10,1648
HALL,senate,49,11,2627
HALL,senate,49,12,2165
HALL,senate,49,13,2513
HALL,senate,49,14,2569
HALL,senate,49,15,3095
HALL,senate,49,17,1598
HALL,senate,49,18,2848
HALL,senate,49,19,2911
HALL,senate,49,20,3005
HALL,senate,49,21,3286
HALL,senate,49,22,2544
HALL,senate,49,25,34
HALL,senate,49,26,1
HALL,senate,49,28,6
HALL,senate,49,29,2
HALL,senate,49,33,3
HALL,senate,49,35,2
HALL,senate,49,36,1
HALL,senate,49,39,1
HALL,senate,49,41,1
HALL,senate,49,43,3
HALL,senate,50,0,8
HALL,senate,50,1,9
HALL,senate,50,4,190
HALL,senate,50,5,128
HALL,senate,50,6,84
HALL,senate,50,7,85
HALL,senate,50,8,91
HALL,senate,50,10,55
HALL,senate,50,11,76
HALL,senate,50,12,67
HALL,senate,50,13,65
HALL,senate,50,14,79
HALL,senate,50,15,92
HALL,senate,50,17,50
HALL,senate,50,18,77
HALL,senate,50,19,81
HALL,senate,50,20,111
HALL,senate,50,21,92
HALL,senate,50,22,77
HANCOCK,house,128,0,19
HANCOCK,house,128,1,30
HANCOCK,house,128,4,211
HANCOCK,house,128,5,106
HANCOCK,house,128,6,104
HANCOCK,house,128,7,130
HANCOCK,house,128,8,156
HANCOCK,house,128,10,76
HANCOCK,house,128,11,62
HANCOCK,house,128,12,97
HANCOCK,house,128,13,189
HANCOCK,house,128,14,78
HANCOCK,house,128,15,122
HANCOCK,house,128,17,95
HANCOCK,house,128,18,158
HANCOCK,house,128,19,167
HANCOCK,house,128,20,128
HANCOCK,house,128,21,139
HANCOCK,house,128,22,142
HANCOCK,house,128,25,6
HANCOCK,senate,26,0,19
HANCOCK,senate,26,1,30
HANCOCK,senate,26,4,211
HANCOCK,senate,26,5,106
HANCOCK,senate,26,6,104
HANCOCK,senate,26,7,130
HANCOCK,senate,26,8,156
HANCOCK,senate,26,10,76
HANCOCK,senate,26,11,62
HANCOCK,senate,26,12,97
HANCOCK,senate,26,13,189
HANCOCK,senate,26,14,78
HANCOCK,senate,26,15,122
HANCOCK,senate,26,17,95
HANCOCK,senate,26,18,158
HANCOCK,senate,26,19,167
HANCOCK,senate,26,20,128
HANCOCK,senate,26,21,139
HANCOCK,senate,26,22,142
HANCOCK,senate,26,25,6
HARALSON,house,18,0,8
HARALSON,house,18,1,45
HARALSON,house,18,4,615
HARALSON,house,18,5,375
HARALSON,house,18,6,359
HARALSON,house,18,7,312
HARALSON,house,18,8,342
HARALSON,house,18,10,195
HARALSON,house,18,11,368
HARALSON,house,18,12,300
HARALSON,house,18,13,309
HARALSON,house,18,14,319
HARALSON,house,18,15,310
HARALSON,house,18,17,92
HARALSON,house,18,18,416
HARALSON,house,18,19,300
HARALSON,house,18,20,270
HARALSON,house,18,21,287
HARALSON,house,18,22,299
HARALSON,house,18,28,1
HARALSON,house,18,32,1
HARALSON,senate,30,0,8
HARALSON,senate,30,1,45
HARALSON,senate,30,4,615
HARALSON,senate,30,5,375
HARALSON,senate,30,6,359
HARALSON,senate,30,7,312
HARALSON,senate,30,8,342
HARALSON,senate,30,10,195
HARALSON,senate,30,11,368
HARALSON,senate,30,12,300
HARALSON,senate,30,13,309
HARALSON,senate,30,14,319
HARALSON,senate,30,15,310
HARALSON,senate,30,17,92
HARALSON,senate,30,18,416
HARALSON,senate,30,19,300
HARALSON,senate,30,20,270
HARALSON,senate,30,21,287
HARALSON,senate,30,22,299
HARALSON,senate,30,28,1
HARALSON,senate,30,32,1
HARRIS,house,138,0,20
HARRIS,house,138,1,30
HARRIS,house,138,4,516
HARRIS,house,138,5,293
HARRIS,house,138,6,260
HARRIS,house,138,7,247
HARRIS,house,138,8,352
HARRIS,house,138,10,184
HARRIS,house,138,11,340
HARRIS,house,138,12,263
HARRIS,house,138,13,256
HARRIS,house,138,14,275
HARRIS,house,138,15,307
HARRIS,house,138,17,202
HARRIS,house,138,18,359
HARRIS,house,138,19,292
HARRIS,house,138,20,336
HARRIS,house,138,21,320
HARRIS,house,138,22,324
HARRIS,house,138,25,6
HARRIS,house,138,26,2
HARRIS,house,139,0,10
HARRIS,house,139,1,21
HARRIS,house,139,4,333
HARRIS,house,139,5,204
HARRIS,house,139,6,183
HARRIS,house,139,7,173
HARRIS,house,139,8,201
HARRIS,house,139,10,172
HARRIS,house,139,11,230
HARRIS,house,139,12,200
HARRIS,house,139,13,164
HARRIS,house,139,14,181
HARRIS,house,139,15,238
HARRIS,house,139,17,163
HARRIS,house,139,18,239
HARRIS,house,139,19,184
HARRIS,house,139,20,243
HARRIS,house,139,21,189
HARRIS,house,139,22,198
HARRIS,house,139,25,3
HARRIS,house,139,35,2
HARRIS,house,139,40,1
HARRIS,senate,29,0,30
HARRIS,senate,29,1,51
HARRIS,senate,29,4,849
HARRIS,senate,29,5,497
HARRIS,senate,29,6,443
HARRIS,senate,29,7,420
HARRIS,senate,29,8,553
HARRIS,senate,29,10,356
HARRIS,senate,29,11,570
HARRIS,senate,29,12,463
HARRIS,senate,29,13,420
HARRIS,senate,29,14,456
HARRIS,senate,29,15,545
HARRIS,senate,29,17,365
HARRIS,senate,29,18,598
HARRIS,senate,29,19,476
HARRIS,senate,29,20,579
HARRIS,senate,29,21,509
HARRIS,senate,29,22,522
HARRIS,senate,29,25,9
HARRIS,senate,29,26,2
HARRIS,senate,29,35,2
HARRIS,senate,29,40,1
HART,house,33,0,13
HART,house,33,1,25
HART,house,33,4,568
HART,house,33,5,386
HART,house,33,6,320
HART,house,33,7,347
HART,house,33,8,319
HART,house,33,10,173
HART,house,33,11,433
HART,house,33,12,316
HART,house,33,13,345
HART,house,33,14,406
HART,house,33,15,379
HART,house,33,17,105
HART,house,33,18,413
HART,house,33,19,387
HART,house,33,20,379
HART,house,33,21,390
HART,house,33,22,323
HART,house,33,25,29
HART,house,33,26,10
HART,senate,24,0,13
HART,senate,24,1,25
HART,senate,24,4,568
HART,senate,24,5,386
HART,senate,24,6,320
HART,senate,24,7,347
HART,senate,24,8,319
HART,senate,24,10,173
HART,senate,24,11,433
HART,senate,24,12,316
HART,senate,24,13,345
HART,senate,24,14,406
HART,senate,24,15,379
HART,senate,24,17,105
HART,senate,24,18,413
HART,senate,24,19,387
HART,senate,24,20,379
HART,senate,24,21,390
HART,senate,24,22,323
HART,senate,24,25,29
HART,senate,24,26,10
HEARD,house,72,0,5
HEARD,house,72,1,17
HEARD,house,72,4,247
HEARD,house,72,5,126
HEARD,house,72,6,99
HEARD,house,72,7,96
HEARD,house,72,8,112
HEARD,house,72,10,67
HEARD,house,72,11,120
HEARD,house,72,12,94
HEARD,house,72,13,105
HEARD,house,72,14,117
HEARD,house,72,15,105
HEARD,house,72,17,60
HEARD,house,72,18,129
HEARD,house,72,19,127
HEARD,house,72,20,107
HEARD,house,72,21,159
HEARD,house,72,22,148
HEARD,house,72,25,20
HEARD,house,72,26,11
HEARD,house,72,29,1
HEARD,senate,28,0,5
HEARD,senate,28,1,17
HEARD,senate,28,4,247
HEARD,senate,28,5,126
HEARD,senate,28,6,99
HEARD,senate,28,7,96
HEARD,senate,28,8,112
HEARD,senate,28,10,67
HEARD,senate,28,11,120
HEARD,senate,28,12,94
HEARD,senate,28,13,105
HEARD,senate,28,14,117
HEARD,senate,28,15,105
HEARD,senate,28,17,60
HEARD,senate,28,18,129
HEARD,senate,28,19,127
HEARD,senate,28,20,107
HEARD,senate,28,21,159
HEARD,senate,28,22,148
HEARD,senate,28,25,20
HEARD,senate,28,26,11
HEARD,senate,28,29,1
HENRY,house,115,0,62
HENRY,house,115,1,92
HENRY,house,115,4,1589
HENRY,house,115,5,1169
HENRY,house,115,6,1074
HENRY,house,115,7,1144
HENRY,house,115,8,1262
HENRY,house,115,9,305
HENRY,house,115,10,636
HENRY,house,115,11,819
HENRY,house,115,12,795
HENRY,house,115,13,936
HENRY,house,115,14,907
HENRY,house,115,15,969
HENRY,house,115,17,715
HENRY,house,115,18,1018
HENRY,house,115,19,817
HENRY,house,115,20,1003
HENRY,house,115,21,913
HENRY,house,115,22,721
HENRY,house,115,25,11
HENRY,house,115,32,1
HENRY,house,116,0,55
HENRY,house,116,1,102
HENRY,house,116,4,1665
HENRY,house,116,5,1121
HENRY,house,116,6,962
HENRY,house,116,7,953
HENRY,house,116,8,1031
HENRY,house,116,9,283
HENRY,house,116,10,632
HENRY,house,116,11,849
HENRY,house,116,12,768
HENRY,house,116,13,804
HENRY,house,116,14,918
HENRY,house,116,15,1021
HENRY,house,116,17,701
HENRY,house,116,18,976
HENRY,house,116,19,867
HENRY,house,116,20,970
HENRY,house,116,21,1048
HENRY,house,116,22,924
HENRY,house,116,25,17
HENRY,house,116,29,1
HENRY,house,116,32,1
HENRY,house,116,39,1
HENRY,house,117,0,51
HENRY,house,117,1,69
HENRY,house,117,4,1452
HENRY,house,117,5,998
HENRY,house,117,6,842
HENRY,house,117,7,754
HENRY,house,117,8,894
HENRY,house,117,9,274
HENRY,house,117,10,620
HENRY,house,117,11,891
HENRY,house,117,12,741
HENRY,house,117,13,840
HENRY,house,117,14,890
HENRY,house,117,15,913
HENRY,house,117,17,655
HENRY,house,117,18,1043
HENRY,house,117,19,901
HENRY,house,117,20,988
HENRY,house,117,21,1061
HENRY,house,117,22,907
HENRY,house,117,25,4
HENRY,house,117,32,2
HENRY,house,118,0,8
HENRY,house,118,1,15
HENRY,house,118,4,224
HENRY,house,118,5,151
HENRY,house,118,6,167
HENRY,house,118,7,157
HENRY,house,118,8,166
HENRY,house,118,9,65
HENRY,house,118,10,116
HENRY,house,118,11,158
HENRY,house,118,12,132
HENRY,house,118,13,137
HENRY,house,118,14,128
HENRY,house,118,15,116
HENRY,house,118,17,94
HENRY,house,118,18,153
HENRY,house,118,19,117
HENRY,house,118,20,115
HENRY,house,118,21,124
HENRY,house,118,22,93
HENRY,house,118,25,4
HENRY,house,74,0,10
HENRY,house,74,1,18
HENRY,house,74,4,473
HENRY,house,74,5,311
HENRY,house,74,6,241
HENRY,house,74,7,196
HENRY,house,74,8,225
HENRY,house,74,9,80
HENRY,house,74,10,177
HENRY,house,74,11,246
HENRY,house,74,12,225
HENRY,house,74,13,232
HENRY,house,74,14,242
HENRY,house,74,15,314
HENRY,house,74,17,192
HENRY,house,74,18,358
HENRY,house,74,19,276
HENRY,house,74,20,358
HENRY,house,74,21,381
HENRY,house,74,22,393
HENRY,house,74,32,2
HENRY,house,78,0,5
HENRY,house,78,1,2
HENRY,house,78,4,74
HENRY,house,78,5,61
HENRY,house,78,6,50
HENRY,house,78,7,54
HENRY,house,78,8,58
HENRY,house,78,9,16
HENRY,house,78,10,42
HENRY,house,78,11,45
HENRY,house,78,12,51
HENRY,house,78,13,71
HENRY,house,78,14,61
HENRY,house,78,15,48
HENRY,house,78,17,51
HENRY,house,78,18,63
HENRY,house,78,19,73
HENRY,house,78,20,64
HENRY,house,78,21,69
HENRY,house,78,22,42
HENRY,house,78,32,1
HENRY,house,91,0,29
HENRY,house,91,1,38
HENRY,house,91,4,1136
HENRY,house,91,5,864
HENRY,house,91,6,869
HENRY,house,91,7,883
HENRY,house,91,8,1101
HENRY,house,91,9,131
HENRY,house,91,10,316
HENRY,house,91,11,491
HENRY,house,91,12,435
HENRY,house,91,13,494
HENRY,house,91,14,542
HENRY,house,91,15,560
HENRY,house,91,17,393
HENRY,house,91,18,556
HENRY,house,91,19,461
HENRY,house,91,20,626
HENRY,house,91,21,633
HENRY,house,91,22,482
HENRY,house,91,25,4
HENRY,house,91,32,4
HENRY,senate,10,0,102
HENRY,senate,10,1,149
HENRY,senate,10,4,3502
HENRY,senate,10,5,2453
HENRY,senate,10,6,2237
HENRY,senate,10,7,2220
HENRY,senate,10,8,2561
HENRY,senate,10,9,526
HENRY,senate,10,10,1179
HENRY,senate,10,11,1697
HENRY,senate,10,12,1551
HENRY,senate,10,13,1684
HENRY,senate,10,14,1867
HENRY,senate,10,15,2027
HENRY,senate,10,17,1413
HENRY,senate,10,18,2057
HENRY,senate,10,19,1742
HENRY,senate,10,20,2127
HENRY,senate,10,21,2207
HENRY,senate,10,22,1883
HENRY,senate,10,25,22
HENRY,senate,10,29,1
HENRY,senate,10,32,8
HENRY,senate,10,39,1
HENRY,senate,17,0,84
HENRY,senate,17,1,131
HENRY,senate,17,4,1999
HENRY,senate,17,5,1519
HENRY,senate,17,6,1411
HENRY,senate,17,7,1419
HENRY,senate,17,8,1527
HENRY,senate,17,9,442
HENRY,senate,17,10,887
HENRY,senate,17,11,1137
HENRY,senate,17,12,1079
HENRY,senate,17,13,1238
HENRY,senate,17,14,1223
HENRY,senate,17,15,1228
HENRY,senate,17,17,889
HENRY,senate,17,18,1361
HENRY,senate,17,19,1094
HENRY,senate,17,20,1277
HENRY,senate,17,21,1207
HENRY,senate,17,22,914
HENRY,senate,17,25,17
HENRY,senate,17,32,2
HENRY,senate,25,0,34
HENRY,senate,25,1,56
HENRY,senate,25,4,1112
HENRY,senate,25,5,703
HENRY,senate,25,6,557
HENRY,senate,25,7,502
HENRY,senate,25,8,649
HENRY,senate,25,9,186
HENRY,senate,25,10,473
HENRY,senate,25,11,665
HENRY,senate,25,12,517
HENRY,senate,25,13,592
HENRY,senate,25,14,598
HENRY,senate,25,15,686
HENRY,senate,25,17,499
HENRY,senate,25,18,749
HENRY,senate,25,19,676
HENRY,senate,25,20,720
HENRY,senate,25,21,815
HENRY,senate,25,22,765
HENRY,senate,25,25,1
HENRY,senate,25,32,1
HOUSTON,house,145,0,11
HOUSTON,house,145,1,19
HOUSTON,house,145,4,392
HOUSTON,house,145,5,287
HOUSTON,house,145,6,197
HOUSTON,house,145,7,195
HOUSTON,house,145,8,228
HOUSTON,house,145,10,150
HOUSTON,house,145,11,227
HOUSTON,house,145,12,236
HOUSTON,house,145,13,252
HOUSTON,house,145,14,281
HOUSTON,house,145,15,295
HOUSTON,house,145,17,155
HOUSTON,house,145,18,377
HOUSTON,house,145,19,367
HOUSTON,house,145,20,426
HOUSTON,house,145,21,404
HOUSTON,house,145,22,492
HOUSTON,house,145,36,1
HOUSTON,house,146,0,50
HOUSTON,house,146,1,62
HOUSTON,house,146,4,1508
HOUSTON,house,146,5,949
HOUSTON,house,146,6,890
HOUSTON,house,146,7,840
HOUSTON,house,146,8,882
HOUSTON,house,146,10,729
HOUSTON,house,146,11,1030
HOUSTON,house,146,12,824
HOUSTON,house,146,13,913
HOUSTON,house,146,14,998
HOUSTON,house,146,15,1195
HOUSTON,house,146,17,584
HOUSTON,house,146,18,1297
HOUSTON,house,146,19,1103
HOUSTON,house,146,20,1151
HOUSTON,house,146,21,1133
HOUSTON,house,146,22,1280
HOUSTON,house,146,25,6
HOUSTON,house,146,26,8
HOUSTON,house,146,27,2
HOUSTON,house,146,36,2
HOUSTON,house,146,40,1
HOUSTON,house,146,41,1
HOUSTON,house,147,0,41
HOUSTON,house,147,1,51
HOUSTON,house,147,4,1278
HOUSTON,house,147,5,782
HOUSTON,house,147,6,650
HOUSTON,house,147,7,652
HOUSTON,house,147,8,687
HOUSTON,house,147,10,497
HOUSTON,house,147,11,738
HOUSTON,house,147,12,634
HOUSTON,house,147,13,724
HOUSTON,house,147,14,786
HOUSTON,house,147,15,871
HOUSTON,house,147,17,536
HOUSTON,house,147,18,1102
HOUSTON,house,147,19,953
HOUSTON,house,147,20,1041
HOUSTON,house,147,21,981
HOUSTON,house,147,22,1149
HOUSTON,house,147,25,8
HOUSTON,house,147,26,8
HOUSTON,house,147,27,1
HOUSTON,house,147,34,1
HOUSTON,house,147,39,1
HOUSTON,house,147,41,3
HOUSTON,house,148,0,12
HOUSTON,house,148,1,20
HOUSTON,house,148,4,396
HOUSTON,house,148,5,285
HOUSTON,house,148,6,196
HOUSTON,house,148,7,180
HOUSTON,house,148,8,226
HOUSTON,house,148,10,187
HOUSTON,house,148,11,238
HOUSTON,house,148,12,223
HOUSTON,house,148,13,193
HOUSTON,house,148,14,246
HOUSTON,house,148,15,235
HOUSTON,house,148,17,171
HOUSTON,house,148,18,311
HOUSTON,house,148,19,238
HOUSTON,house,148,20,280
HOUSTON,house,148,21,301
HOUSTON,house,148,22,319
HOUSTON,house,148,25,8
HOUSTON,house,148,26,6
HOUSTON,house,148,41,1
HOUSTON,senate,18,0,31
HOUSTON,senate,18,1,43
HOUSTON,senate,18,4,960
HOUSTON,senate,18,5,583
HOUSTON,senate,18,6,528
HOUSTON,senate,18,7,499
HOUSTON,senate,18,8,519
HOUSTON,senate,18,10,368
HOUSTON,senate,18,11,570
HOUSTON,senate,18,12,477
HOUSTON,senate,18,13,563
HOUSTON,senate,18,14,645
HOUSTON,senate,18,15,662
HOUSTON,senate,18,17,421
HOUSTON,senate,18,18,873
HOUSTON,senate,18,19,722
HOUSTON,senate,18,20,800
HOUSTON,senate,18,21,767
HOUSTON,senate,18,22,907
HOUSTON,senate,18,25,7
HOUSTON,senate,18,26,5
HOUSTON,senate,18,27,1
HOUSTON,senate,18,39,1
HOUSTON,senate,20,0,59
HOUSTON,senate,20,1,75
HOUSTON,senate,20,4,1912
HOUSTON,senate,20,5,1233
HOUSTON,senate,20,6,1054
HOUSTON,senate,20,7,1012
HOUSTON,senate,20,8,1096
HOUSTON,senate,20,10,923
HOUSTON,senate,20,11,1258
HOUSTON,senate,20,12,1054
HOUSTON,senate,20,13,1079
HOUSTON,senate,20,14,1219
HOUSTON,senate,20,15,1411
HOUSTON,senate,20,17,774
HOUSTON,senate,20,18,1584
HOUSTON,senate,20,19,1308
HOUSTON,senate,20,20,1398
HOUSTON,senate,20,21,1376
HOUSTON,senate,20,22,1544
HOUSTON,senate,20,25,14
HOUSTON,senate,20,26,14
HOUSTON,senate,20,27,1
HOUSTON,senate,20,36,2
HOUSTON,senate,20,40,1
HOUSTON,senate,20,41,2
HOUSTON,senate,26,0,24
HOUSTON,senate,26,1,34
HOUSTON,senate,26,4,702
HOUSTON,senate,26,5,487
HOUSTON,senate,26,6,351
HOUSTON,senate,26,7,356
HOUSTON,senate,26,8,408
HOUSTON,senate,26,10,272
HOUSTON,senate,26,11,405
HOUSTON,senate,26,12,386
HOUSTON,senate,26,13,440
HOUSTON,senate,26,14,447
HOUSTON,senate,26,15,523
HOUSTON,senate,26,17,251
HOUSTON,senate,26,18,630
HOUSTON,senate,26,19,631
HOUSTON,senate,26,20,700
HOUSTON,senate,26,21,676
HOUSTON,senate,26,22,789
HOUSTON,senate,26,25,1
HOUSTON,senate,26,26,3
HOUSTON,senate,26,27,1
HOUSTON,senate,26,34,1
HOUSTON,senate,26,36,1
HOUSTON,senate,26,41,3
IRWIN,house,169,0,6
IRWIN,house,169,1,8
IRWIN,house,169,4,195
IRWIN,house,169,5,117
IRWIN,house,169,6,102
IRWIN,house,169,7,125
IRWIN,house,169,8,117
IRWIN,house,169,10,49
IRWIN,house,169,11,135
IRWIN,house,169,12,103
IRWIN,house,169,13,120
IRWIN,house,169,14,94
IRWIN,house,169,15,137
IRWIN,house,169,17,50
IRWIN,house,169,18,159
IRWIN,house,169,19,134
IRWIN,house,169,20,114
IRWIN,house,169,21,124
IRWIN,house,169,22,101
IRWIN,house,169,25,3
IRWIN,house,169,29,2
IRWIN,senate,13,0,6
IRWIN,senate,13,1,8
IRWIN,senate,13,4,195
IRWIN,senate,13,5,117
IRWIN,senate,13,6,102
IRWIN,senate,13,7,125
IRWIN,senate,13,8,117
IRWIN,senate,13,10,49
IRWIN,senate,13,11,135
IRWIN,senate,13,12,103
IRWIN,senate,13,13,120
IRWIN,senate,13,14,94
IRWIN,senate,13,15,137
IRWIN,senate,13,17,50
IRWIN,senate,13,18,159
IRWIN,senate,13,19,134
IRWIN,senate,13,20,114
IRWIN,senate,13,21,124
IRWIN,senate,13,22,101
IRWIN,senate,13,25,3
IRWIN,senate,13,29,2
JACKSON,house,119,0,2
JACKSON,house,119,1,2
JACKSON,house,119,4,150
JACKSON,house,119,5,106
JACKSON,house,119,6,102
JACKSON,house,119,7,123
JACKSON,house,119,8,154
JACKSON,house,119,10,28
JACKSON,house,119,11,26
JACKSON,house,119,12,36
JACKSON,house,119,13,32
JACKSON,house,119,14,27
JACKSON,house,119,15,19
JACKSON,house,119,17,27
JACKSON,house,119,18,26
JACKSON,house,119,19,24
JACKSON,house,119,20,29
JACKSON,house,119,21,32
JACKSON,house,119,22,43
JACKSON,house,120,1,11
JACKSON,house,120,3,1
JACKSON,house,120,4,470
JACKSON,house,120,5,308
JACKSON,house,120,6,258
JACKSON,house,120,7,255
JACKSON,house,120,8,344
JACKSON,house,120,10,137
JACKSON,house,120,11,176
JACKSON,house,120,12,150
JACKSON,house,120,13,185
JACKSON,house,120,14,164
JACKSON,house,120,15,207
JACKSON,house,120,17,135
JACKSON,house,120,18,211
JACKSON,house,120,19,202
JACKSON,house,120,20,231
JACKSON,house,120,21,230
JACKSON,house,120,22,192
JACKSON,house,120,25,1
JACKSON,house,120,26,2
JACKSON,house,31,0,23
JACKSON,house,31,1,31
JACKSON,house,31,3,23
JACKSON,house,31,4,1655
JACKSON,house,31,5,1059
JACKSON,house,31,6,948
JACKSON,house,31,7,978
JACKSON,house,31,8,1082
JACKSON,house,31,10,599
JACKSON,house,31,11,731
JACKSON,house,31,12,590
JACKSON,house,31,13,568
JACKSON,house,31,14,634
JACKSON,house,31,15,685
JACKSON,house,31,17,464
JACKSON,house,31,18,870
JACKSON,house,31,19,634
JACKSON,house,31,20,766
JACKSON,house,31,21,744
JACKSON,house,31,22,635
JACKSON,house,31,25,18
JACKSON,house,31,26,19
JACKSON,house,31,27,2
JACKSON,house,31,36,2
JACKSON,house,31,39,1
JACKSON,house,31,40,1
JACKSON,house,31,42,2
JACKSON,house,32,0,1
JACKSON,house,32,1,4
JACKSON,house,32,3,1
JACKSON,house,32,4,248
JACKSON,house,32,5,135
JACKSON,house,32,6,154
JACKSON,house,32,7,199
JACKSON,house,32,8,210
JACKSON,house,32,10,66
JACKSON,house,32,11,83
JACKSON,house,32,12,92
JACKSON,house,32,13,67
JACKSON,house,32,14,80
JACKSON,house,32,15,86
JACKSON,house,32,17,45
JACKSON,house,32,18,104
JACKSON,house,32,19,83
JACKSON,house,32,20,92
JACKSON,house,32,21,122
JACKSON,house,32,22,105
JACKSON,house,32,25,4
JACKSON,senate,47,0,25
JACKSON,senate,47,1,38
JACKSON,senate,47,3,20
JACKSON,senate,47,4,1952
JACKSON,senate,47,5,1294
JACKSON,senate,47,6,1131
JACKSON,senate,47,7,1146
JACKSON,senate,47,8,1372
JACKSON,senate,47,10,694
JACKSON,senate,47,11,808
JACKSON,senate,47,12,699
JACKSON,senate,47,13,677
JACKSON,senate,47,14,731
JACKSON,senate,47,15,789
JACKSON,senate,47,17,547
JACKSON,senate,47,18,963
JACKSON,senate,47,19,726
JACKSON,senate,47,20,876
JACKSON,senate,47,21,854
JACKSON,senate,47,22,754
JACKSON,senate,47,25,11
JACKSON,senate,47,26,18
JACKSON,senate,47,36,2
JACKSON,senate,47,39,1
JACKSON,senate,47,40,1
JACKSON,senate,47,42,2
JACKSON,senate,50,0,1
JACKSON,senate,50,1,10
JACKSON,senate,50,3,5
JACKSON,senate,50,4,571
JACKSON,senate,50,5,314
JACKSON,senate,50,6,331
JACKSON,senate,50,7,409
JACKSON,senate,50,8,418
JACKSON,senate,50,10,136
JACKSON,senate,50,11,208
JACKSON,senate,50,12,169
JACKSON,senate,50,13,175
JACKSON,senate,50,14,174
JACKSON,senate,50,15,208
JACKSON,senate,50,17,124
JACKSON,senate,50,18,248
JACKSON,senate,50,19,217
JACKSON,senate,50,20,242
JACKSON,senate,50,21,274
JACKSON,senate,50,22,221
JACKSON,senate,50,25,12
JACKSON,senate,50,26,3
JACKSON,senate,50,27,2
JASPER,house,114,0,2
JASPER,house,114,1,3
JASPER,house,114,4,37
JASPER,house,114,5,26
JASPER,house,114,6,26
JASPER,house,114,7,25
JASPER,house,114,8,34
JASPER,house,114,10,12
JASPER,house,114,11,36
JASPER,house,114,12,18
JASPER,house,114,13,19
JASPER,house,114,14,43
JASPER,house,114,15,28
JASPER,house,114,17,19
JASPER,house,114,18,33
JASPER,house,114,19,22
JASPER,house,114,20,27
JASPER,house,114,21,24
JASPER,house,114,22,27
JASPER,house,114,25,2
JASPER,house,118,0,14
JASPER,house,118,1,12
JASPER,house,118,4,306
JASPER,house,118,5,180
JASPER,house,118,6,167
JASPER,house,118,7,189
JASPER,house,118,8,185
JASPER,house,118,10,135
JASPER,house,118,11,214
JASPER,house,118,12,194
JASPER,house,118,13,203
JASPER,house,118,14,143
JASPER,house,118,15,217
JASPER,house,118,17,117
JASPER,house,118,18,225
JASPER,house,118,19,176
JASPER,house,118,20,157
JASPER,house,118,21,180
JASPER,house,118,22,230
JASPER,house,118,25,1
JASPER,house,118,26,2
JASPER,senate,25,0,16
JASPER,senate,25,1,15
JASPER,senate,25,4,343
JASPER,senate,25,5,206
JASPER,senate,25,6,193
JASPER,senate,25,7,214
JASPER,senate,25,8,219
JASPER,senate,25,10,147
JASPER,senate,25,11,250
JASPER,senate,25,12,212
JASPER,senate,25,13,222
JASPER,senate,25,14,186
JASPER,senate,25,15,245
JASPER,senate,25,17,136
JASPER,senate,25,18,258
JASPER,senate,25,19,198
JASPER,senate,25,20,184
JASPER,senate,25,21,204
JASPER,senate,25,22,257
JASPER,senate,25,25,3
JASPER,senate,25,26,2
JEFF DAVIS,house,157,0,4
JEFF DAVIS,house,157,1,7
JEFF DAVIS,house,157,4,296
JEFF DAVIS,house,157,5,150
JEFF DAVIS,house,157,6,122
JEFF DAVIS,house,157,7,156
JEFF DAVIS,house,157,8,155
JEFF DAVIS,house,157,10,67
JEFF DAVIS,house,157,11,161
JEFF DAVIS,house,157,12,116
JEFF DAVIS,house,157,13,124
JEFF DAVIS,house,157,14,148
JEFF DAVIS,house,157,15,136
JEFF DAVIS,house,157,17,56
JEFF DAVIS,house,157,18,174
JEFF DAVIS,house,157,19,125
JEFF DAVIS,house,157,20,146
JEFF DAVIS,house,157,21,108
JEFF DAVIS,house,157,22,125
JEFF DAVIS,house,157,25,1
JEFF DAVIS,house,157,26,3
JEFF DAVIS,senate,19,0,4
JEFF DAVIS,senate,19,1,7
JEFF DAVIS,senate,19,4,296
JEFF DAVIS,senate,19,5,150
JEFF DAVIS,senate,19,6,122
JEFF DAVIS,senate,19,7,156
JEFF DAVIS,senate,19,8,155
JEFF DAVIS,senate,19,10,67
JEFF DAVIS,senate,19,11,161
JEFF DAVIS,senate,19,12,116
JEFF DAVIS,senate,19,13,124
JEFF DAVIS,senate,19,14,148
JEFF DAVIS,senate,19,15,136
JEFF DAVIS,senate,19,17,56
JEFF DAVIS,senate,19,18,174
JEFF DAVIS,senate,19,19,125
JEFF DAVIS,senate,19,20,146
JEFF DAVIS,senate,19,21,108
JEFF DAVIS,senate,19,22,125
JEFF DAVIS,senate,19,25,1
JEFF DAVIS,senate,19,26,3
JEFFERSON,house,132,0,11
JEFFERSON,house,132,1,12
JEFFERSON,house,132,3,6
JEFFERSON,house,132,4,326
JEFFERSON,house,132,5,160
JEFFERSON,house,132,6,178
JEFFERSON,house,132,7,134
JEFFERSON,house,132,8,177
JEFFERSON,house,132,10,135
JEFFERSON,house,132,11,197
JEFFERSON,house,132,12,168
JEFFERSON,house,132,13,186
JEFFERSON,house,132,14,144
JEFFERSON,house,132,15,190
JEFFERSON,house,132,17,100
JEFFERSON,house,132,18,278
JEFFERSON,house,132,19,240
JEFFERSON,house,132,20,248
JEFFERSON,house,132,21,246
JEFFERSON,house,132,22,259
JEFFERSON,house,132,24,10
JEFFERSON,house,132,25,7
JEFFERSON,house,132,26,10
JEFFERSON,house,132,27,2
JEFFERSON,house,132,40,1
JEFFERSON,senate,23,0,11
JEFFERSON,senate,23,1,12
JEFFERSON,senate,23,3,6
JEFFERSON,senate,23,4,326
JEFFERSON,senate,23,5,160
JEFFERSON,senate,23,6,178
JEFFERSON,senate,23,7,134
JEFFERSON,senate,23,8,177
JEFFERSON,senate,23,10,135
JEFFERSON,senate,23,11,197
JEFFERSON,senate,23,12,168
JEFFERSON,senate,23,13,186
JEFFERSON,senate,23,14,144
JEFFERSON,senate,23,15,190
JEFFERSON,senate,23,17,100
JEFFERSON,senate,23,18,278
JEFFERSON,senate,23,19,240
JEFFERSON,senate,23,20,248
JEFFERSON,senate,23,21,246
JEFFERSON,senate,23,22,259
JEFFERSON,senate,23,24,10
JEFFERSON,senate,23,25,7
JEFFERSON,senate,23,26,10
JEFFERSON,senate,23,27,2
JEFFERSON,senate,23,40,1
JENKINS,house,126,0,4
JENKINS,house,126,1,7
JENKINS,house,126,4,178
JENKINS,house,126,5,121
JENKINS,house,126,6,106
JENKINS,house,126,7,83
JENKINS,house,126,8,106
JENKINS,house,126,10,46
JENKINS,house,126,11,74
JENKINS,house,126,12,123
JENKINS,house,126,13,98
JENKINS,house,126,14,77
JENKINS,house,126,15,95
JENKINS,house,126,17,26
JENKINS,house,126,18,105
JENKINS,house,126,19,80
JENKINS,house,126,20,104
JENKINS,house,126,21,114
JENKINS,house,126,22,130
JENKINS,house,126,25,2
JENKINS,house,126,26,1
JENKINS,house,126,28,1
JENKINS,house,126,33,2
JENKINS,house,126,34,2
JENKINS,house,126,35,3
JENKINS,house,126,36,3
JENKINS,house,126,40,7
JENKINS,senate,23,0,4
JENKINS,senate,23,1,7
JENKINS,senate,23,4,178
JENKINS,senate,23,5,121
JENKINS,senate,23,6,106
JENKINS,senate,23,7,83
JENKINS,senate,23,8,106
JENKINS,senate,23,10,46
JENKINS,senate,23,11,74
JENKINS,senate,23,12,123
JENKINS,senate,23,13,98
JENKINS,senate,23,14,77
JENKINS,senate,23,15,95
JENKINS,senate,23,17,26
JENKINS,senate,23,18,105
JENKINS,senate,23,19,80
JENKINS,senate,23,20,104
JENKINS,senate,23,21,114
JENKINS,senate,23,22,130
JENKINS,senate,23,25,2
JENKINS,senate,23,26,1
JENKINS,senate,23,28,1
JENKINS,senate,23,33,2
JENKINS,senate,23,34,2
JENKINS,senate,23,35,3
JENKINS,senate,23,36,3
JENKINS,senate,23,40,7
JOHNSON,house,155,0,7
JOHNSON,house,155,1,6
JOHNSON,house,155,4,190
JOHNSON,house,155,5,113
JOHNSON,house,155,6,104
JOHNSON,house,155,7,79
JOHNSON,house,155,8,95
JOHNSON,house,155,10,58
JOHNSON,house,155,11,175
JOHNSON,house,155,12,91
JOHNSON,house,155,13,96
JOHNSON,house,155,14,90
JOHNSON,house,155,15,117
JOHNSON,house,155,17,42
JOHNSON,house,155,18,175
JOHNSON,house,155,19,123
JOHNSON,house,155,20,121
JOHNSON,house,155,21,130
JOHNSON,house,155,22,192
JOHNSON,house,155,25,2
JOHNSON,senate,26,0,7
JOHNSON,senate,26,1,6
JOHNSON,senate,26,4,190
JOHNSON,senate,26,5,113
JOHNSON,senate,26,6,104
JOHNSON,senate,26,7,79
JOHNSON,senate,26,8,95
JOHNSON,senate,26,10,58
JOHNSON,senate,26,11,175
JOHNSON,senate,26,12,91
JOHNSON,senate,26,13,96
JOHNSON,senate,26,14,90
JOHNSON,senate,26,15,117
JOHNSON,senate,26,17,42
JOHNSON,senate,26,18,175
JOHNSON,senate,26,19,123
JOHNSON,senate,26,20,121
JOHNSON,senate,26,21,130
JOHNSON,senate,26,22,192
JOHNSON,senate,26,25,2
JONES,house,133,0,41
JONES,house,133,1,16
JONES,house,133,4,460
JONES,house,133,5,290
JONES,house,133,6,309
JONES,house,133,7,245
JONES,house,133,8,281
JONES,house,133,10,212
JONES,house,133,11,356
JONES,house,133,12,240
JONES,house,133,13,264
JONES,house,133,14,271
JONES,house,133,15,289
JONES,house,133,17,183
JONES,house,133,18,370
JONES,house,133,19,327
JONES,house,133,20,307
JONES,house,133,21,292
JONES,house,133,22,308
JONES,house,133,23,1
JONES,house,133,24,22
JONES,house,133,25,10
JONES,house,133,27,1
JONES,house,133,33,1
JONES,house,133,39,1
JONES,house,144,0,9
JONES,house,144,1,3
JONES,house,144,4,197
JONES,house,144,5,132
JONES,house,144,6,135
JONES,house,144,7,111
JONES,house,144,8,129
JONES,house,144,10,105
JONES,house,144,11,135
JONES,house,144,12,139
JONES,house,144,13,121
JONES,house,144,14,104
JONES,house,144,15,133
JONES,house,144,17,78
JONES,house,144,18,131
JONES,house,144,19,135
JONES,house,144,20,128
JONES,house,144,21,97
JONES,house,144,22,106
JONES,house,144,24,2
JONES,house,144,25,3
JONES,house,144,39,2
JONES,senate,25,0,50
JONES,senate,25,1,19
JONES,senate,25,4,657
JONES,senate,25,5,422
JONES,senate,25,6,444
JONES,senate,25,7,356
JONES,senate,25,8,410
JONES,senate,25,10,317
JONES,senate,25,11,491
JONES,senate,25,12,379
JONES,senate,25,13,385
JONES,senate,25,14,375
JONES,senate,25,15,422
JONES,senate,25,17,261
JONES,senate,25,18,501
JONES,senate,25,19,462
JONES,senate,25,20,435
JONES,senate,25,21,389
JONES,senate,25,22,414
JONES,senate,25,23,1
JONES,senate,25,24,24
JONES,senate,25,25,13
JONES,senate,25,27,1
JONES,senate,25,33,1
JONES,senate,25,39,3
LAMAR,house,134,0,2
LAMAR,house,134,1,6
LAMAR,house,134,4,112
LAMAR,house,134,5,95
LAMAR,house,134,6,78
LAMAR,house,134,7,78
LAMAR,house,134,8,69
LAMAR,house,134,10,57
LAMAR,house,134,11,83
LAMAR,house,134,12,68
LAMAR,house,134,13,78
LAMAR,house,134,14,66
LAMAR,house,134,15,80
LAMAR,house,134,16,35
LAMAR,house,134,17,47
LAMAR,house,134,18,83
LAMAR,house,134,19,72
LAMAR,house,134,20,82
LAMAR,house,134,21,100
LAMAR,house,134,22,84
LAMAR,house,134,25,1
LAMAR,house,135,0,11
LAMAR,house,135,1,7
LAMAR,house,135,4,327
LAMAR,house,135,5,204
LAMAR,house,135,6,158
LAMAR,house,135,7,141
LAMAR,house,135,8,179
LAMAR,house,135,10,117
LAMAR,house,135,11,185
LAMAR,house,135,12,139
LAMAR,house,135,13,191
LAMAR,house,135,14,135
LAMAR,house,135,15,227
LAMAR,house,135,16,133
LAMAR,house,135,17,63
LAMAR,house,135,18,207
LAMAR,house,135,19,195
LAMAR,house,135,20,161
LAMAR,house,135,21,179
LAMAR,house,135,22,178
LAMAR,house,135,25,4
LAMAR,house,135,26,2
LAMAR,senate,16,0,13
LAMAR,senate,16,1,13
LAMAR,senate,16,4,439
LAMAR,senate,16,5,299
LAMAR,senate,16,6,236
LAMAR,senate,16,7,219
LAMAR,senate,16,8,248
LAMAR,senate,16,10,174
LAMAR,senate,16,11,268
LAMAR,senate,16,12,207
LAMAR,senate,16,13,269
LAMAR,senate,16,14,201
LAMAR,senate,16,15,307
LAMAR,senate,16,16,168
LAMAR,senate,16,17,110
LAMAR,senate,16,18,290
LAMAR,senate,16,19,267
LAMAR,senate,16,20,243
LAMAR,senate,16,21,279
LAMAR,senate,16,22,262
LAMAR,senate,16,25,5
LAMAR,senate,16,26,2
LANIER,house,176,0,2
LANIER,house,176,1,3
LANIER,house,176,4,187
LANIER,house,176,5,114
LANIER,house,176,6,114
LANIER,house,176,7,94
LANIER,house,176,8,110
LANIER,house,176,10,67
LANIER,house,176,11,118
LANIER,house,176,12,71
LANIER,house,176,13,76
LANIER,house,176,14,77
LANIER,house,176,15,85
LANIER,house,176,17,37
LANIER,house,176,18,108
LANIER,house,176,19,75
LANIER,house,176,20,102
LANIER,house,176,21,114
LANIER,house,176,22,97
LANIER,senate,8,0,2
LANIER,senate,8,1,3
LANIER,senate,8,4,187
LANIER,senate,8,5,114
LANIER,senate,8,6,114
LANIER,senate,8,7,94
LANIER,senate,8,8,110
LANIER,senate,8,10,67
LANIER,senate,8,11,118
LANIER,senate,8,12,71
LANIER,senate,8,13,76
LANIER,senate,8,14,77
LANIER,senate,8,15,85
LANIER,senate,8,17,37
LANIER,senate,8,18,108
LANIER,senate,8,19,75
LANIER,senate,8,20,102
LANIER,senate,8,21,114
LANIER,senate,8,22,97
LAURENS,house,155,0,27
LAURENS,house,155,1,63
LAURENS,house,155,4,788
LAURENS,house,155,5,590
LAURENS,house,155,6,492
LAURENS,house,155,7,435
LAURENS,house,155,8,491
LAURENS,house,155,10,253
LAURENS,house,155,11,621
LAURENS,house,155,12,506
LAURENS,house,155,13,467
LAURENS,house,155,14,537
LAURENS,house,155,15,676
LAURENS,house,155,17,260
LAURENS,house,155,18,616
LAURENS,house,155,19,569
LAURENS,house,155,20,608
LAURENS,house,155,21,635
LAURENS,house,155,22,728
LAURENS,house,155,25,8
LAURENS,house,155,26,8
LAURENS,house,155,32,1
LAURENS,house,155,34,2
LAURENS,senate,20,0,27
LAURENS,senate,20,1,63
LAURENS,senate,20,4,788
LAURENS,senate,20,5,590
LAURENS,senate,20,6,492
LAURENS,senate,20,7,435
LAURENS,senate,20,8,491
LAURENS,senate,20,10,253
LAURENS,senate,20,11,621
LAURENS,senate,20,12,506
LAURENS,senate,20,13,467
LAURENS,senate,20,14,537
LAURENS,senate,20,15,676
LAURENS,senate,20,17,260
LAURENS,senate,20,18,616
LAURENS,senate,20,19,569
LAURENS,senate,20,20,608
LAURENS,senate,20,21,635
LAURENS,senate,20,22,728
LAURENS,senate,20,25,8
LAURENS,senate,20,26,8
LAURENS,senate,20,32,1
LAURENS,senate,20,34,2
LEE,house,152,0,13
LEE,house,152,1,40
LEE,house,152,2,9
LEE,house,152,4,760
LEE,house,152,5,404
LEE,house,152,6,363
LEE,house,152,7,546
LEE,house,152,8,295
LEE,house,152,10,264
LEE,house,152,11,448
LEE,house,152,12,480
LEE,house,152,13,454
LEE,house,152,14,527
LEE,house,152,15,376
LEE,house,152,17,229
LEE,house,152,18,487
LEE,house,152,19,398
LEE,house,152,20,362
LEE,house,152,21,480
LEE,house,152,22,440
LEE,house,152,26,1
LEE,house,152,34,1
LEE,senate,13,0,13
LEE,senate,13,1,40
LEE,senate,13,2,9
LEE,senate,13,4,760
LEE,senate,13,5,404
LEE,senate,13,6,363
LEE,senate,13,7,546
LEE,senate,13,8,295
LEE,senate,13,10,264
LEE,senate,13,11,448
LEE,senate,13,12,480
LEE,senate,13,13,454
LEE,senate,13,14,527
LEE,senate,13,15,376
LEE,senate,13,17,229
LEE,senate,13,18,487
LEE,senate,13,19,398
LEE,senate,13,20,362
LEE,senate,13,21,480
LEE,senate,13,22,440
LEE,senate,13,26,1
LEE,senate,13,34,1
LIBERTY,house,167,4,13
LIBERTY,house,167,5,5
LIBERTY,house,167,6,8
LIBERTY,house,167,7,3
LIBERTY,house,167,8,1
LIBERTY,house,167,11,5
LIBERTY,house,167,14,4
LIBERTY,house,167,15,2
LIBERTY,house,167,19,3
LIBERTY,house,167,20,4
LIBERTY,house,167,21,5
LIBERTY,house,167,36,1
LIBERTY,house,168,0,25
LIBERTY,house,168,1,46
LIBERTY,house,168,2,1
LIBERTY,house,168,3,10
LIBERTY,house,168,4,879
LIBERTY,house,168,5,629
LIBERTY,house,168,6,493
LIBERTY,house,168,7,482
LIBERTY,house,168,8,548
LIBERTY,house,168,10,394
LIBERTY,house,168,11,554
LIBERTY,house,168,12,504
LIBERTY,house,168,13,533
LIBERTY,house,168,14,537
LIBERTY,house,168,15,658
LIBERTY,house,168,17,383
LIBERTY,house,168,18,822
LIBERTY,house,168,19,756
LIBERTY,house,168,20,716
LIBERTY,house,168,21,846
LIBERTY,house,168,22,931
LIBERTY,house,168,25,26
LIBERTY,house,168,26,2
LIBERTY,house,168,28,2
LIBERTY,house,168,35,2
LIBERTY,senate,1,0,25
LIBERTY,senate,1,1,46
LIBERTY,senate,1,2,1
LIBERTY,senate,1,3,10
LIBERTY,senate,1,4,892
LIBERTY,senate,1,5,634
LIBERTY,senate,1,6,501
LIBERTY,senate,1,7,485
LIBERTY,senate,1,8,549
LIBERTY,senate,1,10,394
LIBERTY,senate,1,11,559
LIBERTY,senate,1,12,504
LIBERTY,senate,1,13,533
LIBERTY,senate,1,14,541
LIBERTY,senate,1,15,660
LIBERTY,senate,1,17,383
LIBERTY,senate,1,18,822
LIBERTY,senate,1,19,759
LIBERTY,senate,1,20,720
LIBERTY,senate,1,21,851
LIBERTY,senate,1,22,931
LIBERTY,senate,1,25,26
LIBERTY,senate,1,26,2
LIBERTY,senate,1,28,2
LIBERTY,senate,1,35,2
LIBERTY,senate,1,36,1
LINCOLN,house,123,0,28
LINCOLN,house,123,1,9
LINCOLN,house,123,4,229
LINCOLN,house,123,5,121
LINCOLN,house,123,6,100
LINCOLN,house,123,7,115
LINCOLN,house,123,8,164
LINCOLN,house,123,10,84
LINCOLN,house,123,11,152
LINCOLN,house,123,12,117
LINCOLN,house,123,13,116
LINCOLN,house,123,14,128
LINCOLN,house,123,15,162
LINCOLN,house,123,17,69
LINCOLN,house,123,18,146
LINCOLN,house,123,19,129
LINCOLN,house,123,20,124
LINCOLN,house,123,21,137
LINCOLN,house,123,22,169
LINCOLN,house,123,25,4
LINCOLN,house,123,26,10
LINCOLN,senate,24,0,28
LINCOLN,senate,24,1,9
LINCOLN,senate,24,4,229
LINCOLN,senate,24,5,121
LINCOLN,senate,24,6,100
LINCOLN,senate,24,7,115
LINCOLN,senate,24,8,164
LINCOLN,senate,24,10,84
LINCOLN,senate,24,11,152
LINCOLN,senate,24,12,117
LINCOLN,senate,24,13,116
LINCOLN,senate,24,14,128
LINCOLN,senate,24,15,162
LINCOLN,senate,24,17,69
LINCOLN,senate,24,18,146
LINCOLN,senate,24,19,129
LINCOLN,senate,24,20,124
LINCOLN,senate,24,21,137
LINCOLN,senate,24,22,169
LINCOLN,senate,24,25,4
LINCOLN,senate,24,26,10
LONG,house,167,0,7
LONG,house,167,1,12
LONG,house,167,4,303
LONG,house,167,5,128
LONG,house,167,6,133
LONG,house,167,7,116
LONG,house,167,8,134
LONG,house,167,10,85
LONG,house,167,11,163
LONG,house,167,12,135
LONG,house,167,13,120
LONG,house,167,14,117
LONG,house,167,15,139
LONG,house,167,17,82
LONG,house,167,18,182
LONG,house,167,19,143
LONG,house,167,20,149
LONG,house,167,21,161
LONG,house,167,22,173
LONG,house,167,25,1
LONG,house,167,36,1
LONG,senate,19,0,7
LONG,senate,19,1,12
LONG,senate,19,4,303
LONG,senate,19,5,128
LONG,senate,19,6,133
LONG,senate,19,7,116
LONG,senate,19,8,134
LONG,senate,19,10,85
LONG,senate,19,11,163
LONG,senate,19,12,135
LONG,senate,19,13,120
LONG,senate,19,14,117
LONG,senate,19,15,139
LONG,senate,19,17,82
LONG,senate,19,18,182
LONG,senate,19,19,143
LONG,senate,19,20,149
LONG,senate,19,21,161
LONG,senate,19,22,173
LONG,senate,19,25,1
LONG,senate,19,36,1
LOWNDES,house,174,0,3
LOWNDES,house,174,1,8
LOWNDES,house,174,4,191
LOWNDES,house,174,5,139
LOWNDES,house,174,6,109
LOWNDES,house,174,7,142
LOWNDES,house,174,8,103
LOWNDES,house,174,9,32
LOWNDES,house,174,10,49
LOWNDES,house,174,11,136
LOWNDES,house,174,12,115
LOWNDES,house,174,13,112
LOWNDES,house,174,14,126
LOWNDES,house,174,15,124
LOWNDES,house,174,16,21
LOWNDES,house,174,17,45
LOWNDES,house,174,18,120
LOWNDES,house,174,19,145
LOWNDES,house,174,20,100
LOWNDES,house,174,21,113
LOWNDES,house,174,22,105
LOWNDES,house,174,26,2
LOWNDES,house,175,0,30
LOWNDES,house,175,1,58
LOWNDES,house,175,4,943
LOWNDES,house,175,5,622
LOWNDES,house,175,6,591
LOWNDES,house,175,7,508
LOWNDES,house,175,8,600
LOWNDES,house,175,9,147
LOWNDES,house,175,10,233
LOWNDES,house,175,11,695
LOWNDES,house,175,12,540
LOWNDES,house,175,13,519
LOWNDES,house,175,14,695
LOWNDES,house,175,15,627
LOWNDES,house,175,16,125
LOWNDES,house,175,17,246
LOWNDES,house,175,18,636
LOWNDES,house,175,19,682
LOWNDES,house,175,20,665
LOWNDES,house,175,21,668
LOWNDES,house,175,22,539
LOWNDES,house,175,23,4
LOWNDES,house,175,24,1
LOWNDES,house,175,25,6
LOWNDES,house,175,26,8
LOWNDES,house,175,27,1
LOWNDES,house,175,28,1
LOWNDES,house,175,33,2
LOWNDES,house,175,35,1
LOWNDES,house,175,36,1
LOWNDES,house,176,0,1
LOWNDES,house,176,1,1
LOWNDES,house,176,2,1
LOWNDES,house,176,4,70
LOWNDES,house,176,5,34
LOWNDES,house,176,6,23
LOWNDES,house,176,7,25
LOWNDES,house,176,8,25
LOWNDES,house,176,9,8
LOWNDES,house,176,10,21
LOWNDES,house,176,11,34
LOWNDES,house,176,12,26
LOWNDES,house,176,13,30
LOWNDES,house,176,14,30
LOWNDES,house,176,15,46
LOWNDES,house,176,16,9
LOWNDES,house,176,17,14
LOWNDES,house,176,18,35
LOWNDES,house,176,19,46
LOWNDES,house,176,20,45
LOWNDES,house,176,21,35
LOWNDES,house,176,22,35
LOWNDES,house,176,25,1
LOWNDES,house,176,29,2
LOWNDES,house,176,40,1
LOWNDES,house,177,0,38
LOWNDES,house,177,1,46
LOWNDES,house,177,4,927
LOWNDES,house,177,5,531
LOWNDES,house,177,6,497
LOWNDES,house,177,7,477
LOWNDES,house,177,8,465
LOWNDES,house,177,9,151
LOWNDES,house,177,10,245
LOWNDES,house,177,11,575
LOWNDES,house,177,12,430
LOWNDES,house,177,13,465
LOWNDES,house,177,14,493
LOWNDES,house,177,15,674
LOWNDES,house,177,16,144
LOWNDES,house,177,17,288
LOWNDES,house,177,18,714
LOWNDES,house,177,19,620
LOWNDES,house,177,20,650
LOWNDES,house,177,21,702
LOWNDES,house,177,22,754
LOWNDES,house,177,23,1
LOWNDES,house,177,24,2
LOWNDES,house,177,25,6
LOWNDES,house,177,31,1
LOWNDES,house,177,33,1
LOWNDES,senate,8,0,72
LOWNDES,senate,8,1,113
LOWNDES,senate,8,2,1
LOWNDES,senate,8,4,2131
LOWNDES,senate,8,5,1326
LOWNDES,senate,8,6,1220
LOWNDES,senate,8,7,1152
LOWNDES,senate,8,8,1193
LOWNDES,senate,8,9,338
LOWNDES,senate,8,10,548
LOWNDES,senate,8,11,1440
LOWNDES,senate,8,12,1111
LOWNDES,senate,8,13,1126
LOWNDES,senate,8,14,1344
LOWNDES,senate,8,15,1471
LOWNDES,senate,8,16,299
LOWNDES,senate,8,17,593
LOWNDES,senate,8,18,1505
LOWNDES,senate,8,19,1493
LOWNDES,senate,8,20,1460
LOWNDES,senate,8,21,1518
LOWNDES,senate,8,22,1433
LOWNDES,senate,8,23,5
LOWNDES,senate,8,24,3
LOWNDES,senate,8,25,13
LOWNDES,senate,8,26,10
LOWNDES,senate,8,27,1
LOWNDES,senate,8,28,1
LOWNDES,senate,8,29,2
LOWNDES,senate,8,31,1
LOWNDES,senate,8,33,3
LOWNDES,senate,8,35,1
LOWNDES,senate,8,36,1
LOWNDES,senate,8,40,1
LUMPKIN,house,27,0,1
LUMPKIN,house,27,1,3
LUMPKIN,house,27,4,93
LUMPKIN,house,27,5,75
LUMPKIN,house,27,6,41
LUMPKIN,house,27,7,69
LUMPKIN,house,27,8,55
LUMPKIN,house,27,10,28
LUMPKIN,house,27,11,55
LUMPKIN,house,27,12,49
LUMPKIN,house,27,13,41
LUMPKIN,house,27,14,47
LUMPKIN,house,27,15,72
LUMPKIN,house,27,17,29
LUMPKIN,house,27,18,54
LUMPKIN,house,27,19,60
LUMPKIN,house,27,20,52
LUMPKIN,house,27,21,53
LUMPKIN,house,27,22,40
LUMPKIN,house,27,34,2
LUMPKIN,house,9,0,16
LUMPKIN,house,9,1,35
LUMPKIN,house,9,3,4
LUMPKIN,house,9,4,680
LUMPKIN,house,9,5,480
LUMPKIN,house,9,6,399
LUMPKIN,house,9,7,404
LUMPKIN,house,9,8,412
LUMPKIN,house,9,10,234
LUMPKIN,house,9,11,498
LUMPKIN,house,9,12,403
LUMPKIN,house,9,13,422
LUMPKIN,house,9,14,485
LUMPKIN,house,9,15,501
LUMPKIN,house,9,17,204
LUMPKIN,house,9,18,567
LUMPKIN,house,9,19,544
LUMPKIN,house,9,20,537
LUMPKIN,house,9,21,558
LUMPKIN,house,9,22,579
LUMPKIN,house,9,25,2
LUMPKIN,house,9,39,3
LUMPKIN,senate,51,0,17
LUMPKIN,senate,51,1,38
LUMPKIN,senate,51,3,4
LUMPKIN,senate,51,4,773
LUMPKIN,senate,51,5,555
LUMPKIN,senate,51,6,440
LUMPKIN,senate,51,7,473
LUMPKIN,senate,51,8,467
LUMPKIN,senate,51,10,262
LUMPKIN,senate,51,11,553
LUMPKIN,senate,51,12,452
LUMPKIN,senate,51,13,463
LUMPKIN,senate,51,14,532
LUMPKIN,senate,51,15,573
LUMPKIN,senate,51,17,233
LUMPKIN,senate,51,18,621
LUMPKIN,senate,51,19,604
LUMPKIN,senate,51,20,589
LUMPKIN,senate,51,21,611
LUMPKIN,senate,51,22,619
LUMPKIN,senate,51,25,2
LUMPKIN,senate,51,34,2
LUMPKIN,senate,51,39,3
MACON,house,150,0,12
MACON,house,150,1,10
MACON,house,150,4,213
MACON,house,150,5,166
MACON,house,150,6,91
MACON,house,150,7,116
MACON,house,150,8,100
MACON,house,150,10,110
MACON,house,150,11,127
MACON,house,150,12,106
MACON,house,150,13,99
MACON,house,150,14,131
MACON,house,150,15,144
MACON,house,150,17,106
MACON,house,150,18,181
MACON,house,150,19,156
MACON,house,150,20,153
MACON,house,150,21,242
MACON,house,150,22,171
MACON,house,150,25,2
MACON,senate,15,0,12
MACON,senate,15,1,10
MACON,senate,15,4,213
MACON,senate,15,5,166
MACON,senate,15,6,91
MACON,senate,15,7,116
MACON,senate,15,8,100
MACON,senate,15,10,110
MACON,senate,15,11,127
MACON,senate,15,12,106
MACON,senate,15,13,99
MACON,senate,15,14,131
MACON,senate,15,15,144
MACON,senate,15,17,106
MACON,senate,15,18,181
MACON,senate,15,19,156
MACON,senate,15,20,153
MACON,senate,15,21,242
MACON,senate,15,22,171
MACON,senate,15,25,2
MADISON,house,123,0,13
MADISON,house,123,1,32
MADISON,house,123,4,487
MADISON,house,123,5,316
MADISON,house,123,6,252
MADISON,house,123,7,215
MADISON,house,123,8,226
MADISON,house,123,10,174
MADISON,house,123,11,281
MADISON,house,123,12,271
MADISON,house,123,13,251
MADISON,house,123,14,242
MADISON,house,123,15,259
MADISON,house,123,17,165
MADISON,house,123,18,291
MADISON,house,123,19,260
MADISON,house,123,20,266
MADISON,house,123,21,315
MADISON,house,123,22,267
MADISON,house,123,25,4
MADISON,house,123,26,1
MADISON,house,123,27,1
MADISON,house,33,0,1
MADISON,house,33,1,14
MADISON,house,33,4,224
MADISON,house,33,5,135
MADISON,house,33,6,133
MADISON,house,33,7,127
MADISON,house,33,8,150
MADISON,house,33,10,69
MADISON,house,33,11,143
MADISON,house,33,12,123
MADISON,house,33,13,120
MADISON,house,33,14,110
MADISON,house,33,15,113
MADISON,house,33,17,66
MADISON,house,33,18,169
MADISON,house,33,19,119
MADISON,house,33,20,143
MADISON,house,33,21,151
MADISON,house,33,22,105
MADISON,house,33,25,4
MADISON,senate,47,0,14
MADISON,senate,47,1,46
MADISON,senate,47,4,711
MADISON,senate,47,5,451
MADISON,senate,47,6,385
MADISON,senate,47,7,342
MADISON,senate,47,8,376
MADISON,senate,47,10,243
MADISON,senate,47,11,424
MADISON,senate,47,12,394
MADISON,senate,47,13,371
MADISON,senate,47,14,352
MADISON,senate,47,15,372
MADISON,senate,47,17,231
MADISON,senate,47,18,460
MADISON,senate,47,19,379
MADISON,senate,47,20,409
MADISON,senate,47,21,466
MADISON,senate,47,22,372
MADISON,senate,47,25,8
MADISON,senate,47,26,1
MADISON,senate,47,27,1
MARION,house,151,0,8
MARION,house,151,1,9
MARION,house,151,3,6
MARION,house,151,4,182
MARION,house,151,5,95
MARION,house,151,6,83
MARION,house,151,7,50
MARION,house,151,8,89
MARION,house,151,10,62
MARION,house,151,11,99
MARION,house,151,12,55
MARION,house,151,13,103
MARION,house,151,14,85
MARION,house,151,15,112
MARION,house,151,17,37
MARION,house,151,18,86
MARION,house,151,19,115
MARION,house,151,20,109
MARION,house,151,21,83
MARION,house,151,22,108
MARION,house,151,25,3
MARION,house,151,26,1
MARION,senate,15,0,8
MARION,senate,15,1,9
MARION,senate,15,3,6
MARION,senate,15,4,182
MARION,senate,15,5,95
MARION,senate,15,6,83
MARION,senate,15,7,50
MARION,senate,15,8,89
MARION,senate,15,10,62
MARION,senate,15,11,99
MARION,senate,15,12,55
MARION,senate,15,13,103
MARION,senate,15,14,85
MARION,senate,15,15,112
MARION,senate,15,17,37
MARION,senate,15,18,86
MARION,senate,15,19,115
MARION,senate,15,20,109
MARION,senate,15,21,83
MARION,senate,15,22,108
MARION,senate,15,25,3
MARION,senate,15,26,1
MCDUFFIE,house,125,0,3
MCDUFFIE,house,125,1,4
MCDUFFIE,house,125,4,138
MCDUFFIE,house,125,5,95
MCDUFFIE,house,125,6,90
MCDUFFIE,house,125,7,71
MCDUFFIE,house,125,8,71
MCDUFFIE,house,125,10,54
MCDUFFIE,house,125,11,83
MCDUFFIE,house,125,12,68
MCDUFFIE,house,125,13,84
MCDUFFIE,house,125,14,83
MCDUFFIE,house,125,15,70
MCDUFFIE,house,125,17,58
MCDUFFIE,house,125,18,87
MCDUFFIE,house,125,19,79
MCDUFFIE,house,125,20,102
MCDUFFIE,house,125,21,72
MCDUFFIE,house,125,22,78
MCDUFFIE,house,125,25,2
MCDUFFIE,house,128,0,12
MCDUFFIE,house,128,1,30
MCDUFFIE,house,128,4,417
MCDUFFIE,house,128,5,272
MCDUFFIE,house,128,6,213
MCDUFFIE,house,128,7,231
MCDUFFIE,house,128,8,216
MCDUFFIE,house,128,10,155
MCDUFFIE,house,128,11,300
MCDUFFIE,house,128,12,212
MCDUFFIE,house,128,13,268
MCDUFFIE,house,128,14,281
MCDUFFIE,house,128,15,257
MCDUFFIE,house,128,17,120
MCDUFFIE,house,128,18,293
MCDUFFIE,house,128,19,271
MCDUFFIE,house,128,20,311
MCDUFFIE,house,128,21,309
MCDUFFIE,house,128,22,274
MCDUFFIE,house,128,25,17
MCDUFFIE,senate,23,0,15
MCDUFFIE,senate,23,1,34
MCDUFFIE,senate,23,4,555
MCDUFFIE,senate,23,5,367
MCDUFFIE,senate,23,6,303
MCDUFFIE,senate,23,7,302
MCDUFFIE,senate,23,8,287
MCDUFFIE,senate,23,10,209
MCDUFFIE,senate,23,11,383
MCDUFFIE,senate,23,12,280
MCDUFFIE,senate,23,13,352
MCDUFFIE,senate,23,14,364
MCDUFFIE,senate,23,15,327
MCDUFFIE,senate,23,17,178
MCDUFFIE,senate,23,18,380
MCDUFFIE,senate,23,19,350
MCDUFFIE,senate,23,20,413
MCDUFFIE,senate,23,21,381
MCDUFFIE,senate,23,22,352
MCDUFFIE,senate,23,25,19
MCINTOSH,house,167,0,22
MCINTOSH,house,167,1,9
MCINTOSH,house,167,4,238
MCINTOSH,house,167,5,198
MCINTOSH,house,167,6,162
MCINTOSH,house,167,7,166
MCINTOSH,house,167,8,220
MCINTOSH,house,167,10,114
MCINTOSH,house,167,11,240
MCINTOSH,house,167,12,191
MCINTOSH,house,167,13,203
MCINTOSH,house,167,14,220
MCINTOSH,house,167,15,234
MCINTOSH,house,167,17,118
MCINTOSH,house,167,18,296
MCINTOSH,house,167,19,218
MCINTOSH,house,167,20,263
MCINTOSH,house,167,21,298
MCINTOSH,house,167,22,272
MCINTOSH,house,167,25,8
MCINTOSH,house,167,36,1
MCINTOSH,senate,3,0,22
MCINTOSH,senate,3,1,9
MCINTOSH,senate,3,4,238
MCINTOSH,senate,3,5,198
MCINTOSH,senate,3,6,162
MCINTOSH,senate,3,7,166
MCINTOSH,senate,3,8,220
MCINTOSH,senate,3,10,114
MCINTOSH,senate,3,11,240
MCINTOSH,senate,3,12,191
MCINTOSH,senate,3,13,203
MCINTOSH,senate,3,14,220
MCINTOSH,senate,3,15,234
MCINTOSH,senate,3,17,118
MCINTOSH,senate,3,18,296
MCINTOSH,senate,3,19,218
MCINTOSH,senate,3,20,263
MCINTOSH,senate,3,21,298
MCINTOSH,senate,3,22,272
MCINTOSH,senate,3,25,8
MCINTOSH,senate,3,36,1
MERIWETHER,house,136,0,7
MERIWETHER,house,136,1,27
MERIWETHER,house,136,4,319
MERIWETHER,house,136,5,190
MERIWETHER,house,136,6,157
MERIWETHER,house,136,7,160
MERIWETHER,house,136,8,191
MERIWETHER,house,136,10,138
MERIWETHER,house,136,11,229
MERIWETHER,house,136,12,152
MERIWETHER,house,136,13,128
MERIWETHER,house,136,14,151
MERIWETHER,house,136,15,172
MERIWETHER,house,136,17,92
MERIWETHER,house,136,18,204
MERIWETHER,house,136,19,142
MERIWETHER,house,136,20,203
MERIWETHER,house,136,21,221
MERIWETHER,house,136,22,207
MERIWETHER,house,136,25,2
MERIWETHER,house,136,26,1
MERIWETHER,house,137,0,3
MERIWETHER,house,137,1,5
MERIWETHER,house,137,4,111
MERIWETHER,house,137,5,78
MERIWETHER,house,137,6,66
MERIWETHER,house,137,7,57
MERIWETHER,house,137,8,72
MERIWETHER,house,137,10,44
MERIWETHER,house,137,11,79
MERIWETHER,house,137,12,76
MERIWETHER,house,137,13,50
MERIWETHER,house,137,14,63
MERIWETHER,house,137,15,68
MERIWETHER,house,137,17,37
MERIWETHER,house,137,18,74
MERIWETHER,house,137,19,60
MERIWETHER,house,137,20,87
MERIWETHER,house,137,21,72
MERIWETHER,house,137,22,108
MERIWETHER,house,137,25,5
MERIWETHER,house,137,26,1
MERIWETHER,senate,29,0,10
MERIWETHER,senate,29,1,32
MERIWETHER,senate,29,4,430
MERIWETHER,senate,29,5,268
MERIWETHER,senate,29,6,223
MERIWETHER,senate,29,7,217
MERIWETHER,senate,29,8,263
MERIWETHER,senate,29,10,182
MERIWETHER,senate,29,11,308
MERIWETHER,senate,29,12,228
MERIWETHER,senate,29,13,178
MERIWETHER,senate,29,14,214
MERIWETHER,senate,29,15,240
MERIWETHER,senate,29,17,129
MERIWETHER,senate,29,18,278
MERIWETHER,senate,29,19,202
MERIWETHER,senate,29,20,290
MERIWETHER,senate,29,21,293
MERIWETHER,senate,29,22,315
MERIWETHER,senate,29,25,7
MERIWETHER,senate,29,26,2
MILLER,house,154,0,4
MILLER,house,154,1,8
MILLER,house,154,4,117
MILLER,house,154,5,85
MILLER,house,154,6,61
MILLER,house,154,7,75
MILLER,house,154,8,68
MILLER,house,154,10,34
MILLER,house,154,11,105
MILLER,house,154,12,82
MILLER,house,154,13,49
MILLER,house,154,14,66
MILLER,house,154,15,79
MILLER,house,154,17,15
MILLER,house,154,18,84
MILLER,house,154,19,112
MILLER,house,154,20,82
MILLER,house,154,21,74
MILLER,house,154,22,79
MILLER,house,154,25,1
MILLER,senate,12,0,4
MILLER,senate,12,1,8
MILLER,senate,12,4,117
MILLER,senate,12,5,85
MILLER,senate,12,6,61
MILLER,senate,12,7,75
MILLER,senate,12,8,68
MILLER,senate,12,10,34
MILLER,senate,12,11,105
MILLER,senate,12,12,82
MILLER,senate,12,13,49
MILLER,senate,12,14,66
MILLER,senate,12,15,79
MILLER,senate,12,17,15
MILLER,senate,12,18,84
MILLER,senate,12,19,112
MILLER,senate,12,20,82
MILLER,senate,12,21,74
MILLER,senate,12,22,79
MILLER,senate,12,25,1
MITCHELL,house,171,0,22
MITCHELL,house,171,1,23
MITCHELL,house,171,4,340
MITCHELL,house,171,5,245
MITCHELL,house,171,6,219
MITCHELL,house,171,7,191
MITCHELL,house,171,8,205
MITCHELL,house,171,10,113
MITCHELL,house,171,11,232
MITCHELL,house,171,12,196
MITCHELL,house,171,13,228
MITCHELL,house,171,14,214
MITCHELL,house,171,15,235
MITCHELL,house,171,17,112
MITCHELL,house,171,18,248
MITCHELL,house,171,19,297
MITCHELL,house,171,20,212
MITCHELL,house,171,21,262
MITCHELL,house,171,22,312
MITCHELL,senate,12,0,22
MITCHELL,senate,12,1,23
MITCHELL,senate,12,4,340
MITCHELL,senate,12,5,245
MITCHELL,senate,12,6,219
MITCHELL,senate,12,7,191
MITCHELL,senate,12,8,205
MITCHELL,senate,12,10,113
MITCHELL,senate,12,11,232
MITCHELL,senate,12,12,196
MITCHELL,senate,12,13,228
MITCHELL,senate,12,14,214
MITCHELL,senate,12,15,235
MITCHELL,senate,12,17,112
MITCHELL,senate,12,18,248
MITCHELL,senate,12,19,297
MITCHELL,senate,12,20,212
MITCHELL,senate,12,21,262
MITCHELL,senate,12,22,312
MONROE,house,134,0,5
MONROE,house,134,1,8
MONROE,house,134,3,6
MONROE,house,134,4,239
MONROE,house,134,5,144
MONROE,house,134,6,118
MONROE,house,134,7,103
MONROE,house,134,8,132
MONROE,house,134,10,113
MONROE,house,134,11,157
MONROE,house,134,12,120
MONROE,house,134,13,119
MONROE,house,134,14,141
MONROE,house,134,15,168
MONROE,house,134,17,64
MONROE,house,134,18,152
MONROE,house,134,19,137
MONROE,house,134,20,150
MONROE,house,134,21,133
MONROE,house,134,22,154
MONROE,house,134,25,2
MONROE,house,134,33,1
MONROE,house,144,0,18
MONROE,house,144,1,21
MONROE,house,144,3,7
MONROE,house,144,4,507
MONROE,house,144,5,255
MONROE,house,144,6,245
MONROE,house,144,7,240
MONROE,house,144,8,288
MONROE,house,144,10,219
MONROE,house,144,11,327
MONROE,house,144,12,302
MONROE,house,144,13,320
MONROE,house,144,14,282
MONROE,house,144,15,304
MONROE,house,144,17,219
MONROE,house,144,18,424
MONROE,house,144,19,337
MONROE,house,144,20,319
MONROE,house,144,21,348
MONROE,house,144,22,342
MONROE,house,144,25,6
MONROE,house,144,27,1
MONROE,house,144,40,2
MONROE,house,145,0,1
MONROE,house,145,3,2
MONROE,house,145,4,19
MONROE,house,145,5,24
MONROE,house,145,6,17
MONROE,house,145,7,15
MONROE,house,145,8,17
MONROE,house,145,10,15
MONROE,house,145,11,11
MONROE,house,145,12,15
MONROE,house,145,13,15
MONROE,house,145,14,6
MONROE,house,145,15,7
MONROE,house,145,17,8
MONROE,house,145,18,13
MONROE,house,145,19,17
MONROE,house,145,20,10
MONROE,house,145,21,9
MONROE,house,145,22,4
MONROE,house,145,25,2
MONROE,senate,18,0,24
MONROE,senate,18,1,29
MONROE,senate,18,3,15
MONROE,senate,18,4,765
MONROE,senate,18,5,423
MONROE,senate,18,6,380
MONROE,senate,18,7,358
MONROE,senate,18,8,437
MONROE,senate,18,10,347
MONROE,senate,18,11,495
MONROE,senate,18,12,437
MONROE,senate,18,13,454
MONROE,senate,18,14,429
MONROE,senate,18,15,479
MONROE,senate,18,17,291
MONROE,senate,18,18,589
MONROE,senate,18,19,491
MONROE,senate,18,20,479
MONROE,senate,18,21,490
MONROE,senate,18,22,500
MONROE,senate,18,25,10
MONROE,senate,18,27,1
MONROE,senate,18,33,1
MONROE,senate,18,40,2
MONTGOMERY,house,156,0,7
MONTGOMERY,house,156,1,8
MONTGOMERY,house,156,4,166
MONTGOMERY,house,156,5,98
MONTGOMERY,house,156,6,61
MONTGOMERY,house,156,7,85
MONTGOMERY,house,156,8,94
MONTGOMERY,house,156,10,59
MONTGOMERY,house,156,11,98
MONTGOMERY,house,156,12,62
MONTGOMERY,house,156,13,77
MONTGOMERY,house,156,14,74
MONTGOMERY,house,156,15,110
MONTGOMERY,house,156,17,37
MONTGOMERY,house,156,18,98
MONTGOMERY,house,156,19,101
MONTGOMERY,house,156,20,87
MONTGOMERY,house,156,21,81
MONTGOMERY,house,156,22,86
MONTGOMERY,house,156,25,3
MONTGOMERY,senate,19,0,7
MONTGOMERY,senate,19,1,8
MONTGOMERY,senate,19,4,166
MONTGOMERY,senate,19,5,98
MONTGOMERY,senate,19,6,61
MONTGOMERY,senate,19,7,85
MONTGOMERY,senate,19,8,94
MONTGOMERY,senate,19,10,59
MONTGOMERY,senate,19,11,98
MONTGOMERY,senate,19,12,62
MONTGOMERY,senate,19,13,77
MONTGOMERY,senate,19,14,74
MONTGOMERY,senate,19,15,110
MONTGOMERY,senate,19,17,37
MONTGOMERY,senate,19,18,98
MONTGOMERY,senate,19,19,101
MONTGOMERY,senate,19,20,87
MONTGOMERY,senate,19,21,81
MONTGOMERY,senate,19,22,86
MONTGOMERY,senate,19,25,3
MORGAN,house,114,0,7
MORGAN,house,114,1,14
MORGAN,house,114,4,674
MORGAN,house,114,5,406
MORGAN,house,114,6,363
MORGAN,house,114,7,345
MORGAN,house,114,8,424
MORGAN,house,114,10,219
MORGAN,house,114,11,419
MORGAN,house,114,12,344
MORGAN,house,114,13,397
MORGAN,house,114,14,311
MORGAN,house,114,15,400
MORGAN,house,114,17,186
MORGAN,house,114,18,416
MORGAN,house,114,19,385
MORGAN,house,114,20,378
MORGAN,house,114,21,417
MORGAN,house,114,22,362
MORGAN,house,114,25,8
MORGAN,house,114,26,2
MORGAN,house,114,35,2
MORGAN,senate,17,0,7
MORGAN,senate,17,1,14
MORGAN,senate,17,4,674
MORGAN,senate,17,5,406
MORGAN,senate,17,6,363
MORGAN,senate,17,7,345
MORGAN,senate,17,8,424
MORGAN,senate,17,10,219
MORGAN,senate,17,11,419
MORGAN,senate,17,12,344
MORGAN,senate,17,13,397
MORGAN,senate,17,14,311
MORGAN,senate,17,15,400
MORGAN,senate,17,17,186
MORGAN,senate,17,18,416
MORGAN,senate,17,19,385
MORGAN,senate,17,20,378
MORGAN,senate,17,21,417
MORGAN,senate,17,22,362
MORGAN,senate,17,25,8
MORGAN,senate,17,26,2
MORGAN,senate,17,35,2
MURRAY,house,6,0,10
MURRAY,house,6,1,26
MURRAY,house,6,4,588
MURRAY,house,6,5,357
MURRAY,house,6,6,267
MURRAY,house,6,7,272
MURRAY,house,6,8,309
MURRAY,house,6,10,227
MURRAY,house,6,11,377
MURRAY,house,6,12,281
MURRAY,house,6,13,312
MURRAY,house,6,14,259
MURRAY,house,6,15,328
MURRAY,house,6,17,233
MURRAY,house,6,18,372
MURRAY,house,6,19,304
MURRAY,house,6,20,342
MURRAY,house,6,21,311
MURRAY,house,6,22,278
MURRAY,house,6,35,1
MURRAY,senate,54,0,10
MURRAY,senate,54,1,26
MURRAY,senate,54,4,588
MURRAY,senate,54,5,357
MURRAY,senate,54,6,267
MURRAY,senate,54,7,272
MURRAY,senate,54,8,309
MURRAY,senate,54,10,227
MURRAY,senate,54,11,377
MURRAY,senate,54,12,281
MURRAY,senate,54,13,312
MURRAY,senate,54,14,259
MURRAY,senate,54,15,328
MURRAY,senate,54,17,233
MURRAY,senate,54,18,372
MURRAY,senate,54,19,304
MURRAY,senate,54,20,342
MURRAY,senate,54,21,311
MURRAY,senate,54,22,278
MURRAY,senate,54,35,1
MUSCOGEE,house,137,0,26
MUSCOGEE,house,137,1,38
MUSCOGEE,house,137,4,676
MUSCOGEE,house,137,5,490
MUSCOGEE,house,137,6,375
MUSCOGEE,house,137,7,334
MUSCOGEE,house,137,8,360
MUSCOGEE,house,137,9,159
MUSCOGEE,house,137,10,188
MUSCOGEE,house,137,11,382
MUSCOGEE,house,137,12,345
MUSCOGEE,house,137,13,312
MUSCOGEE,house,137,14,386
MUSCOGEE,house,137,15,479
MUSCOGEE,house,137,16,160
MUSCOGEE,house,137,17,218
MUSCOGEE,house,137,18,498
MUSCOGEE,house,137,19,509
MUSCOGEE,house,137,20,544
MUSCOGEE,house,137,21,527
MUSCOGEE,house,137,22,629
MUSCOGEE,house,137,25,12
MUSCOGEE,house,137,26,1
MUSCOGEE,house,137,33,2
MUSCOGEE,house,137,41,1
MUSCOGEE,house,138,0,24
MUSCOGEE,house,138,1,18
MUSCOGEE,house,138,4,361
MUSCOGEE,house,138,5,272
MUSCOGEE,house,138,6,246
MUSCOGEE,house,138,7,217
MUSCOGEE,house,138,8,194
MUSCOGEE,house,138,9,66
MUSCOGEE,house,138,10,71
MUSCOGEE,house,138,11,191
MUSCOGEE,house,138,12,192
MUSCOGEE,house,138,13,203
MUSCOGEE,house,138,14,206
MUSCOGEE,house,138,15,245
MUSCOGEE,house,138,16,63
MUSCOGEE,house,138,17,84
MUSCOGEE,house,138,18,254
MUSCOGEE,house,138,19,275
MUSCOGEE,house,138,20,225
MUSCOGEE,house,138,21,193
MUSCOGEE,house,138,22,201
MUSCOGEE,house,139,0,34
MUSCOGEE,house,139,1,57
MUSCOGEE,house,139,3,1
MUSCOGEE,house,139,4,904
MUSCOGEE,house,139,5,649
MUSCOGEE,house,139,6,584
MUSCOGEE,house,139,7,508
MUSCOGEE,house,139,8,483
MUSCOGEE,house,139,9,197
MUSCOGEE,house,139,10,205
MUSCOGEE,house,139,11,544
MUSCOGEE,house,139,12,458
MUSCOGEE,house,139,13,492
MUSCOGEE,house,139,14,507
MUSCOGEE,house,139,15,516
MUSCOGEE,house,139,16,136
MUSCOGEE,house,139,17,239
MUSCOGEE,house,139,18,583
MUSCOGEE,house,139,19,538
MUSCOGEE,house,139,20,570
MUSCOGEE,house,139,21,486
MUSCOGEE,house,139,22,510
MUSCOGEE,house,139,25,8
MUSCOGEE,house,139,27,2
MUSCOGEE,house,139,28,2
MUSCOGEE,house,140,0,39
MUSCOGEE,house,140,1,42
MUSCOGEE,house,140,2,1
MUSCOGEE,house,140,3,3
MUSCOGEE,house,140,4,697
MUSCOGEE,house,140,5,501
MUSCOGEE,house,140,6,379
MUSCOGEE,house,140,7,378
MUSCOGEE,house,140,8,372
MUSCOGEE,house,140,9,116
MUSCOGEE,house,140,10,101
MUSCOGEE,house,140,11,371
MUSCOGEE,house,140,12,310
MUSCOGEE,house,140,13,313
MUSCOGEE,house,140,14,322
MUSCOGEE,house,140,15,520
MUSCOGEE,house,140,16,96
MUSCOGEE,house,140,17,174
MUSCOGEE,house,140,18,450
MUSCOGEE,house,140,19,460
MUSCOGEE,house,140,20,524
MUSCOGEE,house,140,21,480
MUSCOGEE,house,140,22,598
MUSCOGEE,house,140,25,12
MUSCOGEE,house,140,34,2
MUSCOGEE,house,141,0,47
MUSCOGEE,house,141,1,59
MUSCOGEE,house,141,2,1
MUSCOGEE,house,141,3,4
MUSCOGEE,house,141,4,1007
MUSCOGEE,house,141,5,726
MUSCOGEE,house,141,6,576
MUSCOGEE,house,141,7,501
MUSCOGEE,house,141,8,522
MUSCOGEE,house,141,9,196
MUSCOGEE,house,141,10,227
MUSCOGEE,house,141,11,593
MUSCOGEE,house,141,12,454
MUSCOGEE,house,141,13,517
MUSCOGEE,house,141,14,524
MUSCOGEE,house,141,15,732
MUSCOGEE,house,141,16,170
MUSCOGEE,house,141,17,298
MUSCOGEE,house,141,18,736
MUSCOGEE,house,141,19,762
MUSCOGEE,house,141,20,854
MUSCOGEE,house,141,21,818
MUSCOGEE,house,141,22,1055
MUSCOGEE,house,141,25,15
MUSCOGEE,house,141,28,1
MUSCOGEE,senate,15,0,104
MUSCOGEE,senate,15,1,125
MUSCOGEE,senate,15,2,2
MUSCOGEE,senate,15,3,7
MUSCOGEE,senate,15,4,2208
MUSCOGEE,senate,15,5,1589
MUSCOGEE,senate,15,6,1266
MUSCOGEE,senate,15,7,1108
MUSCOGEE,senate,15,8,1150
MUSCOGEE,senate,15,9,447
MUSCOGEE,senate,15,10,441
MUSCOGEE,senate,15,11,1222
MUSCOGEE,senate,15,12,1020
MUSCOGEE,senate,15,13,1062
MUSCOGEE,senate,15,14,1128
MUSCOGEE,senate,15,15,1567
MUSCOGEE,senate,15,16,374
MUSCOGEE,senate,15,17,620
MUSCOGEE,senate,15,18,1549
MUSCOGEE,senate,15,19,1629
MUSCOGEE,senate,15,20,1748
MUSCOGEE,senate,15,21,1742
MUSCOGEE,senate,15,22,2199
MUSCOGEE,senate,15,25,39
MUSCOGEE,senate,15,27,1
MUSCOGEE,senate,15,28,2
MUSCOGEE,senate,15,34,2
MUSCOGEE,senate,29,0,66
MUSCOGEE,senate,29,1,89
MUSCOGEE,senate,29,3,1
MUSCOGEE,senate,29,4,1437
MUSCOGEE,senate,29,5,1049
MUSCOGEE,senate,29,6,894
MUSCOGEE,senate,29,7,830
MUSCOGEE,senate,29,8,781
MUSCOGEE,senate,29,9,287
MUSCOGEE,senate,29,10,351
MUSCOGEE,senate,29,11,859
MUSCOGEE,senate,29,12,739
MUSCOGEE,senate,29,13,775
MUSCOGEE,senate,29,14,817
MUSCOGEE,senate,29,15,925
MUSCOGEE,senate,29,16,251
MUSCOGEE,senate,29,17,393
MUSCOGEE,senate,29,18,972
MUSCOGEE,senate,29,19,915
MUSCOGEE,senate,29,20,969
MUSCOGEE,senate,29,21,762
MUSCOGEE,senate,29,22,794
MUSCOGEE,senate,29,25,8
MUSCOGEE,senate,29,26,1
MUSCOGEE,senate,29,27,1
MUSCOGEE,senate,29,28,1
MUSCOGEE,senate,29,33,2
MUSCOGEE,senate,29,41,1
NEWTON,house,113,0,115
NEWTON,house,113,1,62
NEWTON,house,113,4,1352
NEWTON,house,113,5,913
NEWTON,house,113,6,788
NEWTON,house,113,7,700
NEWTON,house,113,8,715
NEWTON,house,113,9,342
NEWTON,house,113,10,514
NEWTON,house,113,11,793
NEWTON,house,113,12,762
NEWTON,house,113,13,743
NEWTON,house,113,14,728
NEWTON,house,113,15,812
NEWTON,house,113,17,476
NEWTON,house,113,18,916
NEWTON,house,113,19,822
NEWTON,house,113,20,843
NEWTON,house,113,21,856
NEWTON,house,113,22,860
NEWTON,house,113,24,1
NEWTON,house,113,26,2
NEWTON,house,113,39,2
NEWTON,house,114,0,69
NEWTON,house,114,1,41
NEWTON,house,114,4,660
NEWTON,house,114,5,443
NEWTON,house,114,6,454
NEWTON,house,114,7,424
NEWTON,house,114,8,406
NEWTON,house,114,9,188
NEWTON,house,114,10,282
NEWTON,house,114,11,452
NEWTON,house,114,12,463
NEWTON,house,114,13,378
NEWTON,house,114,14,413
NEWTON,house,114,15,376
NEWTON,house,114,17,207
NEWTON,house,114,18,354
NEWTON,house,114,19,373
NEWTON,house,114,20,392
NEWTON,house,114,21,361
NEWTON,house,114,22,326
NEWTON,house,114,24,4
NEWTON,house,114,26,2
NEWTON,house,93,0,48
NEWTON,house,93,1,30
NEWTON,house,93,4,374
NEWTON,house,93,5,299
NEWTON,house,93,6,236
NEWTON,house,93,7,201
NEWTON,house,93,8,191
NEWTON,house,93,9,127
NEWTON,house,93,10,175
NEWTON,house,93,11,254
NEWTON,house,93,12,235
NEWTON,house,93,13,238
NEWTON,house,93,14,241
NEWTON,house,93,15,224
NEWTON,house,93,17,147
NEWTON,house,93,18,297
NEWTON,house,93,19,243
NEWTON,house,93,20,226
NEWTON,house,93,21,196
NEWTON,house,93,22,209
NEWTON,house,93,24,3
NEWTON,house,93,26,2
NEWTON,senate,17,0,82
NEWTON,senate,17,1,46
NEWTON,senate,17,4,892
NEWTON,senate,17,5,597
NEWTON,senate,17,6,590
NEWTON,senate,17,7,550
NEWTON,senate,17,8,527
NEWTON,senate,17,9,208
NEWTON,senate,17,10,333
NEWTON,senate,17,11,598
NEWTON,senate,17,12,571
NEWTON,senate,17,13,517
NEWTON,senate,17,14,560
NEWTON,senate,17,15,527
NEWTON,senate,17,17,238
NEWTON,senate,17,18,549
NEWTON,senate,17,19,538
NEWTON,senate,17,20,554
NEWTON,senate,17,21,546
NEWTON,senate,17,22,515
NEWTON,senate,17,24,4
NEWTON,senate,17,26,2
NEWTON,senate,43,0,150
NEWTON,senate,43,1,87
NEWTON,senate,43,4,1494
NEWTON,senate,43,5,1058
NEWTON,senate,43,6,888
NEWTON,senate,43,7,775
NEWTON,senate,43,8,785
NEWTON,senate,43,9,449
NEWTON,senate,43,10,638
NEWTON,senate,43,11,901
NEWTON,senate,43,12,889
NEWTON,senate,43,13,842
NEWTON,senate,43,14,822
NEWTON,senate,43,15,885
NEWTON,senate,43,17,592
NEWTON,senate,43,18,1018
NEWTON,senate,43,19,900
NEWTON,senate,43,20,907
NEWTON,senate,43,21,867
NEWTON,senate,43,22,880
NEWTON,senate,43,24,4
NEWTON,senate,43,26,4
NEWTON,senate,43,39,2
OCONEE,house,120,0,8
OCONEE,house,120,1,18
OCONEE,house,120,4,274
OCONEE,house,120,5,197
OCONEE,house,120,6,145
OCONEE,house,120,7,141
OCONEE,house,120,8,163
OCONEE,house,120,10,140
OCONEE,house,120,11,176
OCONEE,house,120,12,162
OCONEE,house,120,13,160
OCONEE,house,120,14,159
OCONEE,house,120,15,200
OCONEE,house,120,17,146
OCONEE,house,120,18,248
OCONEE,house,120,19,182
OCONEE,house,120,20,194
OCONEE,house,120,21,181
OCONEE,house,120,22,192
OCONEE,house,121,0,42
OCONEE,house,121,1,78
OCONEE,house,121,4,1313
OCONEE,house,121,5,830
OCONEE,house,121,6,714
OCONEE,house,121,7,631
OCONEE,house,121,8,732
OCONEE,house,121,10,555
OCONEE,house,121,11,856
OCONEE,house,121,12,646
OCONEE,house,121,13,739
OCONEE,house,121,14,680
OCONEE,house,121,15,786
OCONEE,house,121,17,568
OCONEE,house,121,18,912
OCONEE,house,121,19,719
OCONEE,house,121,20,817
OCONEE,house,121,21,729
OCONEE,house,121,22,657
OCONEE,house,121,25,2
OCONEE,house,121,28,2
OCONEE,house,121,32,1
OCONEE,house,121,34,1
OCONEE,house,121,39,1
OCONEE,house,121,46,4
OCONEE,senate,46,0,50
OCONEE,senate,46,1,96
OCONEE,senate,46,4,1587
OCONEE,senate,46,5,1027
OCONEE,senate,46,6,859
OCONEE,senate,46,7,772
OCONEE,senate,46,8,895
OCONEE,senate,46,10,695
OCONEE,senate,46,11,1032
OCONEE,senate,46,12,808
OCONEE,senate,46,13,899
OCONEE,senate,46,14,839
OCONEE,senate,46,15,986
OCONEE,senate,46,17,714
OCONEE,senate,46,18,1160
OCONEE,senate,46,19,901
OCONEE,senate,46,20,1011
OCONEE,senate,46,21,910
OCONEE,senate,46,22,849
OCONEE,senate,46,25,2
OCONEE,senate,46,28,2
OCONEE,senate,46,32,1
OCONEE,senate,46,34,1
OCONEE,senate,46,39,1
OCONEE,senate,46,46,4
OGLETHORPE,house,124,0,12
OGLETHORPE,house,124,1,16
OGLETHORPE,house,124,4,389
OGLETHORPE,house,124,5,259
OGLETHORPE,house,124,6,260
OGLETHORPE,house,124,7,268
OGLETHORPE,house,124,8,266
OGLETHORPE,house,124,10,188
OGLETHORPE,house,124,11,299
OGLETHORPE,house,124,12,226
OGLETHORPE,house,124,13,250
OGLETHORPE,house,124,14,217
OGLETHORPE,house,124,15,231
OGLETHORPE,house,124,17,189
OGLETHORPE,house,124,18,286
OGLETHORPE,house,124,19,220
OGLETHORPE,house,124,20,250
OGLETHORPE,house,124,21,294
OGLETHORPE,house,124,22,299
OGLETHORPE,house,124,25,13
OGLETHORPE,house,124,26,3
OGLETHORPE,house,124,27,1
OGLETHORPE,house,124,28,1
OGLETHORPE,senate,24,0,12
OGLETHORPE,senate,24,1,16
OGLETHORPE,senate,24,4,389
OGLETHORPE,senate,24,5,259
OGLETHORPE,senate,24,6,260
OGLETHORPE,senate,24,7,268
OGLETHORPE,senate,24,8,266
OGLETHORPE,senate,24,10,188
OGLETHORPE,senate,24,11,299
OGLETHORPE,senate,24,12,226
OGLETHORPE,senate,24,13,250
OGLETHORPE,senate,24,14,217
OGLETHORPE,senate,24,15,231
OGLETHORPE,senate,24,17,189
OGLETHORPE,senate,24,18,286
OGLETHORPE,senate,24,19,220
OGLETHORPE,senate,24,20,250
OGLETHORPE,senate,24,21,294
OGLETHORPE,senate,24,22,299
OGLETHORPE,senate,24,25,13
OGLETHORPE,senate,24,26,3
OGLETHORPE,senate,24,27,1
OGLETHORPE,senate,24,28,1
PAULDING,house,16,0,18
PAULDING,house,16,1,46
PAULDING,house,16,4,750
PAULDING,house,16,5,526
PAULDING,house,16,6,480
PAULDING,house,16,7,480
PAULDING,house,16,8,579
PAULDING,house,16,10,183
PAULDING,house,16,11,269
PAULDING,house,16,12,184
PAULDING,house,16,13,195
PAULDING,house,16,14,162
PAULDING,house,16,15,227
PAULDING,house,16,17,106
PAULDING,house,16,18,247
PAULDING,house,16,19,207
PAULDING,house,16,20,200
PAULDING,house,16,21,165
PAULDING,house,16,22,148
PAULDING,house,16,36,1
PAULDING,house,17,0,66
PAULDING,house,17,1,139
PAULDING,house,17,4,1526
PAULDING,house,17,5,1064
PAULDING,house,17,6,891
PAULDING,house,17,7,787
PAULDING,house,17,8,907
PAULDING,house,17,10,685
PAULDING,house,17,11,927
PAULDING,house,17,12,717
PAULDING,house,17,13,735
PAULDING,house,17,14,706
PAULDING,house,17,15,853
PAULDING,house,17,17,600
PAULDING,house,17,18,943
PAULDING,house,17,19,786
PAULDING,house,17,20,789
PAULDING,house,17,21,775
PAULDING,house,17,22,712
PAULDING,house,17,25,1
PAULDING,house,17,34,1
PAULDING,house,17,46,1
PAULDING,house,18,0,9
PAULDING,house,18,1,16
PAULDING,house,18,4,283
PAULDING,house,18,5,190
PAULDING,house,18,6,168
PAULDING,house,18,7,143
PAULDING,house,18,8,132
PAULDING,house,18,10,141
PAULDING,house,18,11,194
PAULDING,house,18,12,146
PAULDING,house,18,13,140
PAULDING,house,18,14,119
PAULDING,house,18,15,169
PAULDING,house,18,17,70
PAULDING,house,18,18,175
PAULDING,house,18,19,117
PAULDING,house,18,20,143
PAULDING,house,18,21,125
PAULDING,house,18,22,138
PAULDING,house,19,0,73
PAULDING,house,19,1,121
PAULDING,house,19,4,1619
PAULDING,house,19,5,1009
PAULDING,house,19,6,893
PAULDING,house,19,7,733
PAULDING,house,19,8,920
PAULDING,house,19,10,664
PAULDING,house,19,11,963
PAULDING,house,19,12,738
PAULDING,house,19,13,800
PAULDING,house,19,14,832
PAULDING,house,19,15,1022
PAULDING,house,19,17,603
PAULDING,house,19,18,1091
PAULDING,house,19,19,844
PAULDING,house,19,20,868
PAULDING,house,19,21,915
PAULDING,house,19,22,783
PAULDING,house,19,25,1
PAULDING,house,19,26,3
PAULDING,house,19,36,4
PAULDING,house,64,0,31
PAULDING,house,64,1,35
PAULDING,house,64,4,626
PAULDING,house,64,5,428
PAULDING,house,64,6,312
PAULDING,house,64,7,272
PAULDING,house,64,8,332
PAULDING,house,64,10,334
PAULDING,house,64,11,418
PAULDING,house,64,12,260
PAULDING,house,64,13,338
PAULDING,house,64,14,339
PAULDING,house,64,15,374
PAULDING,house,64,17,320
PAULDING,house,64,18,554
PAULDING,house,64,19,350
PAULDING,house,64,20,345
PAULDING,house,64,21,345
PAULDING,house,64,22,394
PAULDING,senate,30,0,22
PAULDING,senate,30,1,23
PAULDING,senate,30,4,509
PAULDING,senate,30,5,355
PAULDING,senate,30,6,263
PAULDING,senate,30,7,237
PAULDING,senate,30,8,260
PAULDING,senate,30,10,238
PAULDING,senate,30,11,333
PAULDING,senate,30,12,234
PAULDING,senate,30,13,278
PAULDING,senate,30,14,238
PAULDING,senate,30,15,313
PAULDING,senate,30,17,188
PAULDING,senate,30,18,415
PAULDING,senate,30,19,239
PAULDING,senate,30,20,264
PAULDING,senate,30,21,240
PAULDING,senate,30,22,294
PAULDING,senate,31,0,175
PAULDING,senate,31,1,334
PAULDING,senate,31,4,4295
PAULDING,senate,31,5,2862
PAULDING,senate,31,6,2481
PAULDING,senate,31,7,2178
PAULDING,senate,31,8,2610
PAULDING,senate,31,10,1769
PAULDING,senate,31,11,2438
PAULDING,senate,31,12,1811
PAULDING,senate,31,13,1930
PAULDING,senate,31,14,1920
PAULDING,senate,31,15,2332
PAULDING,senate,31,17,1511
PAULDING,senate,31,18,2595
PAULDING,senate,31,19,2065
PAULDING,senate,31,20,2081
PAULDING,senate,31,21,2085
PAULDING,senate,31,22,1881
PAULDING,senate,31,25,2
PAULDING,senate,31,26,3
PAULDING,senate,31,34,1
PAULDING,senate,31,36,5
PAULDING,senate,31,46,1
PEACH,house,139,6,1
PEACH,house,140,1,2
PEACH,house,140,7,1
PEACH,house,140,21,1
PEACH,house,145,0,15
PEACH,house,145,1,24
PEACH,house,145,4,299
PEACH,house,145,5,248
PEACH,house,145,6,199
PEACH,house,145,7,206
PEACH,house,145,8,207
PEACH,house,145,10,101
PEACH,house,145,11,260
PEACH,house,145,12,221
PEACH,house,145,13,237
PEACH,house,145,14,264
PEACH,house,145,15,319
PEACH,house,145,17,126
PEACH,house,145,18,291
PEACH,house,145,19,319
PEACH,house,145,20,326
PEACH,house,145,21,361
PEACH,house,145,22,323
PEACH,house,150,0,9
PEACH,house,150,1,26
PEACH,house,150,4,231
PEACH,house,150,5,150
PEACH,house,150,6,129
PEACH,house,150,7,100
PEACH,house,150,8,142
PEACH,house,150,10,72
PEACH,house,150,11,186
PEACH,house,150,12,142
PEACH,house,150,13,149
PEACH,house,150,14,156
PEACH,house,150,15,189
PEACH,house,150,17,69
PEACH,house,150,18,209
PEACH,house,150,19,169
PEACH,house,150,20,215
PEACH,house,150,21,186
PEACH,house,150,22,241
PEACH,house,150,25,2
PEACH,senate,18,0,24
PEACH,senate,18,1,52
PEACH,senate,18,4,530
PEACH,senate,18,5,398
PEACH,senate,18,6,329
PEACH,senate,18,7,307
PEACH,senate,18,8,349
PEACH,senate,18,10,173
PEACH,senate,18,11,446
PEACH,senate,18,12,363
PEACH,senate,18,13,386
PEACH,senate,18,14,420
PEACH,senate,18,15,508
PEACH,senate,18,17,195
PEACH,senate,18,18,500
PEACH,senate,18,19,488
PEACH,senate,18,20,541
PEACH,senate,18,21,548
PEACH,senate,18,22,564
PEACH,senate,18,25,2
PICKENS,house,11,0,27
PICKENS,house,11,1,41
PICKENS,house,11,3,12
PICKENS,house,11,4,734
PICKENS,house,11,5,552
PICKENS,house,11,6,458
PICKENS,house,11,7,440
PICKENS,house,11,8,507
PICKENS,house,11,10,336
PICKENS,house,11,11,567
PICKENS,house,11,12,533
PICKENS,house,11,13,527
PICKENS,house,11,14,553
PICKENS,house,11,15,560
PICKENS,house,11,17,237
PICKENS,house,11,18,598
PICKENS,house,11,19,512
PICKENS,house,11,20,536
PICKENS,house,11,21,612
PICKENS,house,11,22,488
PICKENS,senate,51,0,27
PICKENS,senate,51,1,41
PICKENS,senate,51,3,12
PICKENS,senate,51,4,734
PICKENS,senate,51,5,552
PICKENS,senate,51,6,458
PICKENS,senate,51,7,440
PICKENS,senate,51,8,507
PICKENS,senate,51,10,336
PICKENS,senate,51,11,567
PICKENS,senate,51,12,533
PICKENS,senate,51,13,527
PICKENS,senate,51,14,553
PICKENS,senate,51,15,560
PICKENS,senate,51,17,237
PICKENS,senate,51,18,598
PICKENS,senate,51,19,512
PICKENS,senate,51,20,536
PICKENS,senate,51,21,612
PICKENS,senate,51,22,488
PIERCE,house,178,0,11
PIERCE,house,178,1,17
PIERCE,house,178,3,5
PIERCE,house,178,4,531
PIERCE,house,178,5,310
PIERCE,house,178,6,272
PIERCE,house,178,7,292
PIERCE,house,178,8,291
PIERCE,house,178,10,154
PIERCE,house,178,11,385
PIERCE,house,178,12,291
PIERCE,house,178,13,234
PIERCE,house,178,14,268
PIERCE,house,178,15,272
PIERCE,house,178,17,124
PIERCE,house,178,18,323
PIERCE,house,178,19,262
PIERCE,house,178,20,327
PIERCE,house,178,21,321
PIERCE,house,178,22,238
PIERCE,house,178,36,1
PIERCE,senate,8,0,11
PIERCE,senate,8,1,17
PIERCE,senate,8,3,5
PIERCE,senate,8,4,531
PIERCE,senate,8,5,310
PIERCE,senate,8,6,272
PIERCE,senate,8,7,292
PIERCE,senate,8,8,291
PIERCE,senate,8,10,154
PIERCE,senate,8,11,385
PIERCE,senate,8,12,291
PIERCE,senate,8,13,234
PIERCE,senate,8,14,268
PIERCE,senate,8,15,272
PIERCE,senate,8,17,124
PIERCE,senate,8,18,323
PIERCE,senate,8,19,262
PIERCE,senate,8,20,327
PIERCE,senate,8,21,321
PIERCE,senate,8,22,238
PIERCE,senate,8,36,1
PIKE,house,135,0,13
PIKE,house,135,1,13
PIKE,house,135,4,606
PIKE,house,135,5,334
PIKE,house,135,6,324
PIKE,house,135,7,270
PIKE,house,135,8,373
PIKE,house,135,10,124
PIKE,house,135,11,389
PIKE,house,135,12,265
PIKE,house,135,13,303
PIKE,house,135,14,306
PIKE,house,135,15,331
PIKE,house,135,17,120
PIKE,house,135,18,444
PIKE,house,135,19,334
PIKE,house,135,20,328
PIKE,house,135,21,326
PIKE,house,135,22,322
PIKE,house,135,25,6
PIKE,senate,16,0,13
PIKE,senate,16,1,13
PIKE,senate,16,4,606
PIKE,senate,16,5,334
PIKE,senate,16,6,324
PIKE,senate,16,7,270
PIKE,senate,16,8,373
PIKE,senate,16,10,124
PIKE,senate,16,11,389
PIKE,senate,16,12,265
PIKE,senate,16,13,303
PIKE,senate,16,14,306
PIKE,senate,16,15,331
PIKE,senate,16,17,120
PIKE,senate,16,18,444
PIKE,senate,16,19,334
PIKE,senate,16,20,328
PIKE,senate,16,21,326
PIKE,senate,16,22,322
PIKE,senate,16,25,6
POLK,house,16,0,15
POLK,house,16,1,28
POLK,house,16,4,796
POLK,house,16,5,536
POLK,house,16,6,482
POLK,house,16,7,464
POLK,house,16,8,530
POLK,house,16,10,213
POLK,house,16,11,625
POLK,house,16,12,485
POLK,house,16,13,510
POLK,house,16,14,535
POLK,house,16,15,571
POLK,house,16,17,185
POLK,house,16,18,673
POLK,house,16,19,520
POLK,house,16,20,539
POLK,house,16,21,624
POLK,house,16,22,480
POLK,house,16,25,2
POLK,house,16,27,1
POLK,house,16,30,2
POLK,house,16,34,1
POLK,house,16,46,1
POLK,senate,31,0,15
POLK,senate,31,1,28
POLK,senate,31,4,796
POLK,senate,31,5,536
POLK,senate,31,6,482
POLK,senate,31,7,464
POLK,senate,31,8,530
POLK,senate,31,10,213
POLK,senate,31,11,625
POLK,senate,31,12,485
POLK,senate,31,13,510
POLK,senate,31,14,535
POLK,senate,31,15,571
POLK,senate,31,17,185
POLK,senate,31,18,673
POLK,senate,31,19,520
POLK,senate,31,20,539
POLK,senate,31,21,624
POLK,senate,31,22,480
POLK,senate,31,25,2
POLK,senate,31,27,1
POLK,senate,31,30,2
POLK,senate,31,34,1
POLK,senate,31,46,1
PULASKI,house,148,0,7
PULASKI,house,148,1,12
PULASKI,house,148,4,270
PULASKI,house,148,5,205
PULASKI,house,148,6,106
PULASKI,house,148,7,102
PULASKI,house,148,8,111
PULASKI,house,148,10,50
PULASKI,house,148,11,160
PULASKI,house,148,12,105
PULASKI,house,148,13,161
PULASKI,house,148,14,107
PULASKI,house,148,15,125
PULASKI,house,148,17,97
PULASKI,house,148,18,169
PULASKI,house,148,19,111
PULASKI,house,148,20,206
PULASKI,house,148,21,112
PULASKI,house,148,22,152
PULASKI,house,148,25,2
PULASKI,house,148,26,5
PULASKI,house,148,27,1
PULASKI,senate,20,0,7
PULASKI,senate,20,1,12
PULASKI,senate,20,4,270
PULASKI,senate,20,5,205
PULASKI,senate,20,6,106
PULASKI,senate,20,7,102
PULASKI,senate,20,8,111
PULASKI,senate,20,10,50
PULASKI,senate,20,11,160
PULASKI,senate,20,12,105
PULASKI,senate,20,13,161
PULASKI,senate,20,14,107
PULASKI,senate,20,15,125
PULASKI,senate,20,17,97
PULASKI,senate,20,18,169
PULASKI,senate,20,19,111
PULASKI,senate,20,20,206
PULASKI,senate,20,21,112
PULASKI,senate,20,22,152
PULASKI,senate,20,25,2
PULASKI,senate,20,26,5
PULASKI,senate,20,27,1
PUTNAM,house,118,0,5
PUTNAM,house,118,1,10
PUTNAM,house,118,4,240
PUTNAM,house,118,5,190
PUTNAM,house,118,6,163
PUTNAM,house,118,7,141
PUTNAM,house,118,8,151
PUTNAM,house,118,10,93
PUTNAM,house,118,11,168
PUTNAM,house,118,12,148
PUTNAM,house,118,13,185
PUTNAM,house,118,14,243
PUTNAM,house,118,15,221
PUTNAM,house,118,17,62
PUTNAM,house,118,18,231
PUTNAM,house,118,19,210
PUTNAM,house,118,20,211
PUTNAM,house,118,21,203
PUTNAM,house,118,22,177
PUTNAM,house,118,43,1
PUTNAM,house,124,0,7
PUTNAM,house,124,1,11
PUTNAM,house,124,4,299
PUTNAM,house,124,5,210
PUTNAM,house,124,6,211
PUTNAM,house,124,7,207
PUTNAM,house,124,8,228
PUTNAM,house,124,10,88
PUTNAM,house,124,11,263
PUTNAM,house,124,12,229
PUTNAM,house,124,13,217
PUTNAM,house,124,14,288
PUTNAM,house,124,15,236
PUTNAM,house,124,17,80
PUTNAM,house,124,18,252
PUTNAM,house,124,19,267
PUTNAM,house,124,20,279
PUTNAM,house,124,21,217
PUTNAM,house,124,22,211
PUTNAM,house,124,34,1
PUTNAM,senate,25,0,12
PUTNAM,senate,25,1,21
PUTNAM,senate,25,4,539
PUTNAM,senate,25,5,400
PUTNAM,senate,25,6,374
PUTNAM,senate,25,7,348
PUTNAM,senate,25,8,379
PUTNAM,senate,25,10,181
PUTNAM,senate,25,11,431
PUTNAM,senate,25,12,377
PUTNAM,senate,25,13,402
PUTNAM,senate,25,14,531
PUTNAM,senate,25,15,457
PUTNAM,senate,25,17,142
PUTNAM,senate,25,18,483
PUTNAM,senate,25,19,477
PUTNAM,senate,25,20,490
PUTNAM,senate,25,21,420
PUTNAM,senate,25,22,388
PUTNAM,senate,25,34,1
PUTNAM,senate,25,43,1
QUITMAN,house,154,0,3
QUITMAN,house,154,1,7
QUITMAN,house,154,4,67
QUITMAN,house,154,5,27
QUITMAN,house,154,7,47
QUITMAN,house,154,8,23
QUITMAN,house,154,10,8
QUITMAN,house,154,11,32
QUITMAN,house,154,12,15
QUITMAN,house,154,13,35
QUITMAN,house,154,14,20
QUITMAN,house,154,15,41
QUITMAN,house,154,17,18
QUITMAN,house,154,18,40
QUITMAN,house,154,19,40
QUITMAN,house,154,20,59
QUITMAN,house,154,21,31
QUITMAN,house,154,22,53
QUITMAN,senate,12,0,3
QUITMAN,senate,12,1,7
QUITMAN,senate,12,4,67
QUITMAN,senate,12,5,27
QUITMAN,senate,12,7,47
QUITMAN,senate,12,8,23
QUITMAN,senate,12,10,8
QUITMAN,senate,12,11,32
QUITMAN,senate,12,12,15
QUITMAN,senate,12,13,35
QUITMAN,senate,12,14,20
QUITMAN,senate,12,15,41
QUITMAN,senate,12,17,18
QUITMAN,senate,12,18,40
QUITMAN,senate,12,19,40
QUITMAN,senate,12,20,59
QUITMAN,senate,12,21,31
QUITMAN,senate,12,22,53
RABUN,house,10,0,19
RABUN,house,10,1,14
RABUN,house,10,3,8
RABUN,house,10,4,425
RABUN,house,10,5,354
RABUN,house,10,6,314
RABUN,house,10,7,328
RABUN,house,10,8,383
RABUN,house,10,10,173
RABUN,house,10,11,401
RABUN,house,10,12,321
RABUN,house,10,13,377
RABUN,house,10,14,386
RABUN,house,10,15,450
RABUN,house,10,17,183
RABUN,house,10,18,463
RABUN,house,10,19,494
RABUN,house,10,20,449
RABUN,house,10,21,474
RABUN,house,10,22,449
RABUN,house,10,23,8
RABUN,house,10,25,18
RABUN,house,10,26,6
RABUN,house,10,27,1
RABUN,senate,50,0,19
RABUN,senate,50,1,14
RABUN,senate,50,3,8
RABUN,senate,50,4,425
RABUN,senate,50,5,354
RABUN,senate,50,6,314
RABUN,senate,50,7,328
RABUN,senate,50,8,383
RABUN,senate,50,10,173
RABUN,senate,50,11,401
RABUN,senate,50,12,321
RABUN,senate,50,13,377
RABUN,senate,50,14,386
RABUN,senate,50,15,450
RABUN,senate,50,17,183
RABUN,senate,50,18,463
RABUN,senate,50,19,494
RABUN,senate,50,20,449
RABUN,senate,50,21,474
RABUN,senate,50,22,449
RABUN,senate,50,23,8
RABUN,senate,50,25,18
RABUN,senate,50,26,6
RABUN,senate,50,27,1
RANDOLPH,house,154,0,5
RANDOLPH,house,154,1,7
RANDOLPH,house,154,4,155
RANDOLPH,house,154,5,111
RANDOLPH,house,154,6,100
RANDOLPH,house,154,7,70
RANDOLPH,house,154,8,68
RANDOLPH,house,154,10,38
RANDOLPH,house,154,11,93
RANDOLPH,house,154,12,71
RANDOLPH,house,154,13,86
RANDOLPH,house,154,14,89
RANDOLPH,house,154,15,88
RANDOLPH,house,154,17,69
RANDOLPH,house,154,18,100
RANDOLPH,house,154,19,97
RANDOLPH,house,154,20,128
RANDOLPH,house,154,21,101
RANDOLPH,house,154,22,106
RANDOLPH,senate,12,0,5
RANDOLPH,senate,12,1,7
RANDOLPH,senate,12,4,155
RANDOLPH,senate,12,5,111
RANDOLPH,senate,12,6,100
RANDOLPH,senate,12,7,70
RANDOLPH,senate,12,8,68
RANDOLPH,senate,12,10,38
RANDOLPH,senate,12,11,93
RANDOLPH,senate,12,12,71
RANDOLPH,senate,12,13,86
RANDOLPH,senate,12,14,89
RANDOLPH,senate,12,15,88
RANDOLPH,senate,12,17,69
RANDOLPH,senate,12,18,100
RANDOLPH,senate,12,19,97
RANDOLPH,senate,12,20,128
RANDOLPH,senate,12,21,101
RANDOLPH,senate,12,22,106
RICHMOND,house,126,0,14
RICHMOND,house,126,1,32
RICHMOND,house,126,3,4
RICHMOND,house,126,4,703
RICHMOND,house,126,5,436
RICHMOND,house,126,6,468
RICHMOND,house,126,7,469
RICHMOND,house,126,8,548
RICHMOND,house,126,9,47
RICHMOND,house,126,10,547
RICHMOND,house,126,11,575
RICHMOND,house,126,12,557
RICHMOND,house,126,13,772
RICHMOND,house,126,14,150
RICHMOND,house,126,15,177
RICHMOND,house,126,17,107
RICHMOND,house,126,18,219
RICHMOND,house,126,19,189
RICHMOND,house,126,20,224
RICHMOND,house,126,21,237
RICHMOND,house,126,22,262
RICHMOND,house,126,25,6
RICHMOND,house,126,28,1
RICHMOND,house,127,0,16
RICHMOND,house,127,1,26
RICHMOND,house,127,3,11
RICHMOND,house,127,4,492
RICHMOND,house,127,5,370
RICHMOND,house,127,6,354
RICHMOND,house,127,7,417
RICHMOND,house,127,8,484
RICHMOND,house,127,9,54
RICHMOND,house,127,10,360
RICHMOND,house,127,11,401
RICHMOND,house,127,12,318
RICHMOND,house,127,13,418
RICHMOND,house,127,14,111
RICHMOND,house,127,15,168
RICHMOND,house,127,17,82
RICHMOND,house,127,18,119
RICHMOND,house,127,19,126
RICHMOND,house,127,20,105
RICHMOND,house,127,21,154
RICHMOND,house,127,22,112
RICHMOND,house,127,25,12
RICHMOND,house,127,26,2
RICHMOND,house,127,39,1
RICHMOND,house,129,0,50
RICHMOND,house,129,1,62
RICHMOND,house,129,3,11
RICHMOND,house,129,4,960
RICHMOND,house,129,5,656
RICHMOND,house,129,6,555
RICHMOND,house,129,7,559
RICHMOND,house,129,8,644
RICHMOND,house,129,9,138
RICHMOND,house,129,10,513
RICHMOND,house,129,11,603
RICHMOND,house,129,12,506
RICHMOND,house,129,13,637
RICHMOND,house,129,14,322
RICHMOND,house,129,15,406
RICHMOND,house,129,17,243
RICHMOND,house,129,18,331
RICHMOND,house,129,19,359
RICHMOND,house,129,20,406
RICHMOND,house,129,21,452
RICHMOND,house,129,22,359
RICHMOND,house,129,25,69
RICHMOND,house,129,26,4
RICHMOND,house,129,28,2
RICHMOND,house,129,32,2
RICHMOND,house,129,35,1
RICHMOND,house,129,39,2
RICHMOND,house,130,0,15
RICHMOND,house,130,1,66
RICHMOND,house,130,3,17
RICHMOND,house,130,4,993
RICHMOND,house,130,5,702
RICHMOND,house,130,6,609
RICHMOND,house,130,7,605
RICHMOND,house,130,8,696
RICHMOND,house,130,9,112
RICHMOND,house,130,10,626
RICHMOND,house,130,11,681
RICHMOND,house,130,12,614
RICHMOND,house,130,13,747
RICHMOND,house,130,14,270
RICHMOND,house,130,15,300
RICHMOND,house,130,17,269
RICHMOND,house,130,18,343
RICHMOND,house,130,19,367
RICHMOND,house,130,20,367
RICHMOND,house,130,21,443
RICHMOND,house,130,22,424
RICHMOND,house,130,25,35
RICHMOND,house,130,26,8
RICHMOND,house,130,28,1
RICHMOND,house,132,0,29
RICHMOND,house,132,1,48
RICHMOND,house,132,3,11
RICHMOND,house,132,4,724
RICHMOND,house,132,5,443
RICHMOND,house,132,6,425
RICHMOND,house,132,7,374
RICHMOND,house,132,8,460
RICHMOND,house,132,9,96
RICHMOND,house,132,10,500
RICHMOND,house,132,11,501
RICHMOND,house,132,12,472
RICHMOND,house,132,13,565
RICHMOND,house,132,14,182
RICHMOND,house,132,15,237
RICHMOND,house,132,17,210
RICHMOND,house,132,18,267
RICHMOND,house,132,19,291
RICHMOND,house,132,20,292
RICHMOND,house,132,21,295
RICHMOND,house,132,22,322
RICHMOND,house,132,25,12
RICHMOND,house,132,26,1
RICHMOND,house,132,27,1
RICHMOND,house,132,28,2
RICHMOND,house,132,39,2
RICHMOND,senate,22,0,117
RICHMOND,senate,22,1,222
RICHMOND,senate,22,3,49
RICHMOND,senate,22,4,3626
RICHMOND,senate,22,5,2440
RICHMOND,senate,22,6,2285
RICHMOND,senate,22,7,2276
RICHMOND,senate,22,8,2667
RICHMOND,senate,22,9,429
RICHMOND,senate,22,10,2408
RICHMOND,senate,22,11,2605
RICHMOND,senate,22,12,2326
RICHMOND,senate,22,13,3013
RICHMOND,senate,22,14,971
RICHMOND,senate,22,15,1233
RICHMOND,senate,22,17,851
RICHMOND,senate,22,18,1202
RICHMOND,senate,22,19,1266
RICHMOND,senate,22,20,1322
RICHMOND,senate,22,21,1498
RICHMOND,senate,22,22,1392
RICHMOND,senate,22,25,128
RICHMOND,senate,22,26,15
RICHMOND,senate,22,27,1
RICHMOND,senate,22,28,5
RICHMOND,senate,22,32,2
RICHMOND,senate,22,35,1
RICHMOND,senate,22,39,4
RICHMOND,senate,23,0,7
RICHMOND,senate,23,1,12
RICHMOND,senate,23,3,5
RICHMOND,senate,23,4,246
RICHMOND,senate,23,5,167
RICHMOND,senate,23,6,126
RICHMOND,senate,23,7,148
RICHMOND,senate,23,8,165
RICHMOND,senate,23,9,18
RICHMOND,senate,23,10,138
RICHMOND,senate,23,11,156
RICHMOND,senate,23,12,141
RICHMOND,senate,23,13,126
RICHMOND,senate,23,14,64
RICHMOND,senate,23,15,55
RICHMOND,senate,23,17,60
RICHMOND,senate,23,18,77
RICHMOND,senate,23,19,66
RICHMOND,senate,23,20,72
RICHMOND,senate,23,21,83
RICHMOND,senate,23,22,87
RICHMOND,senate,23,25,6
RICHMOND,senate,23,28,1
RICHMOND,senate,23,39,1
ROCKDALE,house,91,0,7
ROCKDALE,house,91,1,6
ROCKDALE,house,91,4,154
ROCKDALE,house,91,5,79
ROCKDALE,house,91,6,107
ROCKDALE,house,91,7,78
ROCKDALE,house,91,8,88
ROCKDALE,house,91,10,58
ROCKDALE,house,91,11,102
ROCKDALE,house,91,12,78
ROCKDALE,house,91,13,75
ROCKDALE,house,91,14,74
ROCKDALE,house,91,15,99
ROCKDALE,house,91,16,37
ROCKDALE,house,91,17,71
ROCKDALE,house,91,18,86
ROCKDALE,house,91,19,80
ROCKDALE,house,91,20,99
ROCKDALE,house,91,21,107
ROCKDALE,house,91,22,125
ROCKDALE,house,91,25,3
ROCKDALE,house,92,0,53
ROCKDALE,house,92,1,67
ROCKDALE,house,92,4,1319
ROCKDALE,house,92,5,944
ROCKDALE,house,92,6,786
ROCKDALE,house,92,7,650
ROCKDALE,house,92,8,637
ROCKDALE,house,92,10,623
ROCKDALE,house,92,11,747
ROCKDALE,house,92,12,690
ROCKDALE,house,92,13,643
ROCKDALE,house,92,14,738
ROCKDALE,house,92,15,837
ROCKDALE,house,92,16,307
ROCKDALE,house,92,17,534
ROCKDALE,house,92,18,791
ROCKDALE,house,92,19,775
ROCKDALE,house,92,20,909
ROCKDALE,house,92,21,882
ROCKDALE,house,92,22,1016
ROCKDALE,house,92,25,12
ROCKDALE,house,92,26,2
ROCKDALE,house,92,28,1
ROCKDALE,house,93,0,19
ROCKDALE,house,93,1,38
ROCKDALE,house,93,4,689
ROCKDALE,house,93,5,506
ROCKDALE,house,93,6,415
ROCKDALE,house,93,7,293
ROCKDALE,house,93,8,357
ROCKDALE,house,93,10,340
ROCKDALE,house,93,11,361
ROCKDALE,house,93,12,314
ROCKDALE,house,93,13,294
ROCKDALE,house,93,14,282
ROCKDALE,house,93,15,396
ROCKDALE,house,93,16,125
ROCKDALE,house,93,17,322
ROCKDALE,house,93,18,433
ROCKDALE,house,93,19,356
ROCKDALE,house,93,20,405
ROCKDALE,house,93,21,400
ROCKDALE,house,93,22,556
ROCKDALE,house,93,25,6
ROCKDALE,house,93,26,9
ROCKDALE,house,93,28,2
ROCKDALE,house,95,0,7
ROCKDALE,house,95,1,21
ROCKDALE,house,95,4,265
ROCKDALE,house,95,5,190
ROCKDALE,house,95,6,184
ROCKDALE,house,95,7,126
ROCKDALE,house,95,8,133
ROCKDALE,house,95,10,130
ROCKDALE,house,95,11,153
ROCKDALE,house,95,12,150
ROCKDALE,house,95,13,132
ROCKDALE,house,95,14,152
ROCKDALE,house,95,15,165
ROCKDALE,house,95,16,71
ROCKDALE,house,95,17,118
ROCKDALE,house,95,18,159
ROCKDALE,house,95,19,142
ROCKDALE,house,95,20,175
ROCKDALE,house,95,21,167
ROCKDALE,house,95,22,169
ROCKDALE,house,95,25,5
ROCKDALE,house,95,26,1
ROCKDALE,senate,43,0,86
ROCKDALE,senate,43,1,132
ROCKDALE,senate,43,4,2427
ROCKDALE,senate,43,5,1719
ROCKDALE,senate,43,6,1492
ROCKDALE,senate,43,7,1147
ROCKDALE,senate,43,8,1215
ROCKDALE,senate,43,10,1151
ROCKDALE,senate,43,11,1363
ROCKDALE,senate,43,12,1232
ROCKDALE,senate,43,13,1144
ROCKDALE,senate,43,14,1246
ROCKDALE,senate,43,15,1497
ROCKDALE,senate,43,16,540
ROCKDALE,senate,43,17,1045
ROCKDALE,senate,43,18,1469
ROCKDALE,senate,43,19,1353
ROCKDALE,senate,43,20,1588
ROCKDALE,senate,43,21,1556
ROCKDALE,senate,43,22,1866
ROCKDALE,senate,43,25,26
ROCKDALE,senate,43,26,12
ROCKDALE,senate,43,28,3
SCHLEY,house,151,0,1
SCHLEY,house,151,1,7
SCHLEY,house,151,4,143
SCHLEY,house,151,5,88
SCHLEY,house,151,6,67
SCHLEY,house,151,7,64
SCHLEY,house,151,8,73
SCHLEY,house,151,10,54
SCHLEY,house,151,11,90
SCHLEY,house,151,12,72
SCHLEY,house,151,13,55
SCHLEY,house,151,14,65
SCHLEY,house,151,15,61
SCHLEY,house,151,17,44
SCHLEY,house,151,18,94
SCHLEY,house,151,19,60
SCHLEY,house,151,20,69
SCHLEY,house,151,21,77
SCHLEY,house,151,22,90
SCHLEY,house,151,25,5
SCHLEY,house,151,26,1
SCHLEY,senate,15,0,1
SCHLEY,senate,15,1,7
SCHLEY,senate,15,4,143
SCHLEY,senate,15,5,88
SCHLEY,senate,15,6,67
SCHLEY,senate,15,7,64
SCHLEY,senate,15,8,73
SCHLEY,senate,15,10,54
SCHLEY,senate,15,11,90
SCHLEY,senate,15,12,72
SCHLEY,senate,15,13,55
SCHLEY,senate,15,14,65
SCHLEY,senate,15,15,61
SCHLEY,senate,15,17,44
SCHLEY,senate,15,18,94
SCHLEY,senate,15,19,60
SCHLEY,senate,15,20,69
SCHLEY,senate,15,21,77
SCHLEY,senate,15,22,90
SCHLEY,senate,15,25,5
SCHLEY,senate,15,26,1
SCREVEN,house,159,0,4
SCREVEN,house,159,1,5
SCREVEN,house,159,3,7
SCREVEN,house,159,4,263
SCREVEN,house,159,5,212
SCREVEN,house,159,6,144
SCREVEN,house,159,7,182
SCREVEN,house,159,8,175
SCREVEN,house,159,10,79
SCREVEN,house,159,11,216
SCREVEN,house,159,12,171
SCREVEN,house,159,13,144
SCREVEN,house,159,14,172
SCREVEN,house,159,15,229
SCREVEN,house,159,17,35
SCREVEN,house,159,18,225
SCREVEN,house,159,19,188
SCREVEN,house,159,20,191
SCREVEN,house,159,21,208
SCREVEN,house,159,22,181
SCREVEN,house,159,32,1
SCREVEN,senate,23,0,4
SCREVEN,senate,23,1,5
SCREVEN,senate,23,3,7
SCREVEN,senate,23,4,263
SCREVEN,senate,23,5,212
SCREVEN,senate,23,6,144
SCREVEN,senate,23,7,182
SCREVEN,senate,23,8,175
SCREVEN,senate,23,10,79
SCREVEN,senate,23,11,216
SCREVEN,senate,23,12,171
SCREVEN,senate,23,13,144
SCREVEN,senate,23,14,172
SCREVEN,senate,23,15,229
SCREVEN,senate,23,17,35
SCREVEN,senate,23,18,225
SCREVEN,senate,23,19,188
SCREVEN,senate,23,20,191
SCREVEN,senate,23,21,208
SCREVEN,senate,23,22,181
SCREVEN,senate,23,32,1
SEMINOLE,house,154,0,2
SEMINOLE,house,154,1,3
SEMINOLE,house,154,4,147
SEMINOLE,house,154,5,99
SEMINOLE,house,154,6,73
SEMINOLE,house,154,7,71
SEMINOLE,house,154,8,78
SEMINOLE,house,154,10,34
SEMINOLE,house,154,11,91
SEMINOLE,house,154,12,65
SEMINOLE,house,154,13,80
SEMINOLE,house,154,14,77
SEMINOLE,house,154,15,75
SEMINOLE,house,154,17,28
SEMINOLE,house,154,18,118
SEMINOLE,house,154,19,66
SEMINOLE,house,154,20,90
SEMINOLE,house,154,21,114
SEMINOLE,house,154,22,83
SEMINOLE,senate,11,0,2
SEMINOLE,senate,11,1,3
SEMINOLE,senate,11,4,147
SEMINOLE,senate,11,5,99
SEMINOLE,senate,11,6,73
SEMINOLE,senate,11,7,71
SEMINOLE,senate,11,8,78
SEMINOLE,senate,11,10,34
SEMINOLE,senate,11,11,91
SEMINOLE,senate,11,12,65
SEMINOLE,senate,11,13,80
SEMINOLE,senate,11,14,77
SEMINOLE,senate,11,15,75
SEMINOLE,senate,11,17,28
SEMINOLE,senate,11,18,118
SEMINOLE,senate,11,19,66
SEMINOLE,senate,11,20,90
SEMINOLE,senate,11,21,114
SEMINOLE,senate,11,22,83
SPALDING,house,117,0,6
SPALDING,house,117,1,10
SPALDING,house,117,4,124
SPALDING,house,117,5,111
SPALDING,house,117,6,122
SPALDING,house,117,7,99
SPALDING,house,117,8,177
SPALDING,house,117,10,61
SPALDING,house,117,11,145
SPALDING,house,117,12,172
SPALDING,house,117,13,173
SPALDING,house,117,14,189
SPALDING,house,117,15,242
SPALDING,house,117,17,66
SPALDING,house,117,18,219
SPALDING,house,117,19,250
SPALDING,house,117,20,301
SPALDING,house,117,21,267
SPALDING,house,117,22,179
SPALDING,house,117,40,2
SPALDING,house,134,0,20
SPALDING,house,134,1,43
SPALDING,house,134,4,744
SPALDING,house,134,5,554
SPALDING,house,134,6,459
SPALDING,house,134,7,431
SPALDING,house,134,8,536
SPALDING,house,134,10,311
SPALDING,house,134,11,570
SPALDING,house,134,12,418
SPALDING,house,134,13,443
SPALDING,house,134,14,534
SPALDING,house,134,15,654
SPALDING,house,134,17,296
SPALDING,house,134,18,575
SPALDING,house,134,19,544
SPALDING,house,134,20,601
SPALDING,house,134,21,559
SPALDING,house,134,22,418
SPALDING,house,134,25,13
SPALDING,house,134,26,5
SPALDING,house,134,28,1
SPALDING,house,134,35,1
SPALDING,house,74,0,11
SPALDING,house,74,1,19
SPALDING,house,74,4,238
SPALDING,house,74,5,253
SPALDING,house,74,6,162
SPALDING,house,74,7,158
SPALDING,house,74,8,195
SPALDING,house,74,10,127
SPALDING,house,74,11,224
SPALDING,house,74,12,191
SPALDING,house,74,13,217
SPALDING,house,74,14,212
SPALDING,house,74,15,259
SPALDING,house,74,17,101
SPALDING,house,74,18,236
SPALDING,house,74,19,257
SPALDING,house,74,20,190
SPALDING,house,74,21,239
SPALDING,house,74,22,152
SPALDING,house,74,25,6
SPALDING,senate,16,0,37
SPALDING,senate,16,1,72
SPALDING,senate,16,4,1106
SPALDING,senate,16,5,918
SPALDING,senate,16,6,743
SPALDING,senate,16,7,688
SPALDING,senate,16,8,908
SPALDING,senate,16,10,499
SPALDING,senate,16,11,939
SPALDING,senate,16,12,781
SPALDING,senate,16,13,833
SPALDING,senate,16,14,935
SPALDING,senate,16,15,1155
SPALDING,senate,16,17,463
SPALDING,senate,16,18,1030
SPALDING,senate,16,19,1051
SPALDING,senate,16,20,1092
SPALDING,senate,16,21,1065
SPALDING,senate,16,22,749
SPALDING,senate,16,25,19
SPALDING,senate,16,26,5
SPALDING,senate,16,28,1
SPALDING,senate,16,35,1
SPALDING,senate,16,40,2
STEPHENS,house,32,0,12
STEPHENS,house,32,1,31
STEPHENS,house,32,4,655
STEPHENS,house,32,5,401
STEPHENS,house,32,6,403
STEPHENS,house,32,7,353
STEPHENS,house,32,8,383
STEPHENS,house,32,10,351
STEPHENS,house,32,11,451
STEPHENS,house,32,12,426
STEPHENS,house,32,13,383
STEPHENS,house,32,14,426
STEPHENS,house,32,15,442
STEPHENS,house,32,17,211
STEPHENS,house,32,18,527
STEPHENS,house,32,19,402
STEPHENS,house,32,20,444
STEPHENS,house,32,21,418
STEPHENS,house,32,22,324
STEPHENS,senate,50,0,12
STEPHENS,senate,50,1,31
STEPHENS,senate,50,4,655
STEPHENS,senate,50,5,401
STEPHENS,senate,50,6,403
STEPHENS,senate,50,7,353
STEPHENS,senate,50,8,383
STEPHENS,senate,50,10,351
STEPHENS,senate,50,11,451
STEPHENS,senate,50,12,426
STEPHENS,senate,50,13,383
STEPHENS,senate,50,14,426
STEPHENS,senate,50,15,442
STEPHENS,senate,50,17,211
STEPHENS,senate,50,18,527
STEPHENS,senate,50,19,402
STEPHENS,senate,50,20,444
STEPHENS,senate,50,21,418
STEPHENS,senate,50,22,324
STEWART,house,151,0,16
STEWART,house,151,1,4
STEWART,house,151,4,75
STEWART,house,151,5,56
STEWART,house,151,6,43
STEWART,house,151,7,40
STEWART,house,151,8,88
STEWART,house,151,10,34
STEWART,house,151,11,51
STEWART,house,151,12,45
STEWART,house,151,13,48
STEWART,house,151,14,59
STEWART,house,151,15,64
STEWART,house,151,17,33
STEWART,house,151,18,60
STEWART,house,151,19,50
STEWART,house,151,20,45
STEWART,house,151,21,94
STEWART,house,151,22,11
STEWART,senate,12,0,16
STEWART,senate,12,1,4
STEWART,senate,12,4,75
STEWART,senate,12,5,56
STEWART,senate,12,6,43
STEWART,senate,12,7,40
STEWART,senate,12,8,88
STEWART,senate,12,10,34
STEWART,senate,12,11,51
STEWART,senate,12,12,45
STEWART,senate,12,13,48
STEWART,senate,12,14,59
STEWART,senate,12,15,64
STEWART,senate,12,17,33
STEWART,senate,12,18,60
STEWART,senate,12,19,50
STEWART,senate,12,20,45
STEWART,senate,12,21,94
STEWART,senate,12,22,11
SUMTER,house,150,0,27
SUMTER,house,150,1,14
SUMTER,house,150,4,244
SUMTER,house,150,5,145
SUMTER,house,150,6,141
SUMTER,house,150,7,133
SUMTER,house,150,8,162
SUMTER,house,150,10,136
SUMTER,house,150,11,175
SUMTER,house,150,12,128
SUMTER,house,150,13,164
SUMTER,house,150,14,205
SUMTER,house,150,15,229
SUMTER,house,150,17,118
SUMTER,house,150,18,187
SUMTER,house,150,19,191
SUMTER,house,150,20,129
SUMTER,house,150,21,150
SUMTER,house,150,22,143
SUMTER,house,150,33,2
SUMTER,house,151,0,32
SUMTER,house,151,1,20
SUMTER,house,151,4,265
SUMTER,house,151,5,199
SUMTER,house,151,6,193
SUMTER,house,151,7,145
SUMTER,house,151,8,204
SUMTER,house,151,10,192
SUMTER,house,151,11,218
SUMTER,house,151,12,153
SUMTER,house,151,13,182
SUMTER,house,151,14,204
SUMTER,house,151,15,264
SUMTER,house,151,17,120
SUMTER,house,151,18,211
SUMTER,house,151,19,169
SUMTER,house,151,20,196
SUMTER,house,151,21,218
SUMTER,house,151,22,224
SUMTER,senate,12,0,59
SUMTER,senate,12,1,34
SUMTER,senate,12,4,510
SUMTER,senate,12,5,344
SUMTER,senate,12,6,334
SUMTER,senate,12,7,278
SUMTER,senate,12,8,366
SUMTER,senate,12,10,328
SUMTER,senate,12,11,393
SUMTER,senate,12,12,281
SUMTER,senate,12,13,346
SUMTER,senate,12,14,409
SUMTER,senate,12,15,493
SUMTER,senate,12,17,238
SUMTER,senate,12,18,398
SUMTER,senate,12,19,360
SUMTER,senate,12,20,325
SUMTER,senate,12,21,368
SUMTER,senate,12,22,367
SUMTER,senate,12,33,2
TALBOT,house,137,0,3
TALBOT,house,137,1,16
TALBOT,house,137,4,126
TALBOT,house,137,5,89
TALBOT,house,137,6,66
TALBOT,house,137,7,68
TALBOT,house,137,8,77
TALBOT,house,137,10,67
TALBOT,house,137,11,76
TALBOT,house,137,12,74
TALBOT,house,137,13,56
TALBOT,house,137,14,74
TALBOT,house,137,15,80
TALBOT,house,137,17,61
TALBOT,house,137,18,96
TALBOT,house,137,19,92
TALBOT,house,137,20,106
TALBOT,house,137,21,109
TALBOT,house,137,22,91
TALBOT,senate,15,0,3
TALBOT,senate,15,1,16
TALBOT,senate,15,4,126
TALBOT,senate,15,5,89
TALBOT,senate,15,6,66
TALBOT,senate,15,7,68
TALBOT,senate,15,8,77
TALBOT,senate,15,10,67
TALBOT,senate,15,11,76
TALBOT,senate,15,12,74
TALBOT,senate,15,13,56
TALBOT,senate,15,14,74
TALBOT,senate,15,15,80
TALBOT,senate,15,17,61
TALBOT,senate,15,18,96
TALBOT,senate,15,19,92
TALBOT,senate,15,20,106
TALBOT,senate,15,21,109
TALBOT,senate,15,22,91
TALIAFERRO,house,124,0,2
TALIAFERRO,house,124,1,4
TALIAFERRO,house,124,4,42
TALIAFERRO,house,124,5,25
TALIAFERRO,house,124,6,23
TALIAFERRO,house,124,7,24
TALIAFERRO,house,124,8,28
TALIAFERRO,house,124,10,24
TALIAFERRO,house,124,11,33
TALIAFERRO,house,124,12,24
TALIAFERRO,house,124,13,23
TALIAFERRO,house,124,14,37
TALIAFERRO,house,124,15,42
TALIAFERRO,house,124,17,18
TALIAFERRO,house,124,18,42
TALIAFERRO,house,124,19,26
TALIAFERRO,house,124,20,19
TALIAFERRO,house,124,21,35
TALIAFERRO,house,124,22,44
TALIAFERRO,house,124,25,4
TALIAFERRO,senate,23,0,2
TALIAFERRO,senate,23,1,4
TALIAFERRO,senate,23,4,42
TALIAFERRO,senate,23,5,25
TALIAFERRO,senate,23,6,23
TALIAFERRO,senate,23,7,24
TALIAFERRO,senate,23,8,28
TALIAFERRO,senate,23,10,24
TALIAFERRO,senate,23,11,33
TALIAFERRO,senate,23,12,24
TALIAFERRO,senate,23,13,23
TALIAFERRO,senate,23,14,37
TALIAFERRO,senate,23,15,42
TALIAFERRO,senate,23,17,18
TALIAFERRO,senate,23,18,42
TALIAFERRO,senate,23,19,26
TALIAFERRO,senate,23,20,19
TALIAFERRO,senate,23,21,35
TALIAFERRO,senate,23,22,44
TALIAFERRO,senate,23,25,4
TATTNALL,house,156,0,1
TATTNALL,house,156,4,23
TATTNALL,house,156,5,25
TATTNALL,house,156,6,15
TATTNALL,house,156,7,13
TATTNALL,house,156,8,12
TATTNALL,house,156,10,1
TATTNALL,house,156,11,9
TATTNALL,house,156,12,11
TATTNALL,house,156,13,2
TATTNALL,house,156,14,13
TATTNALL,house,156,15,10
TATTNALL,house,156,17,2
TATTNALL,house,156,18,14
TATTNALL,house,156,19,4
TATTNALL,house,156,20,7
TATTNALL,house,156,21,3
TATTNALL,house,156,22,5
TATTNALL,house,156,32,1
TATTNALL,house,157,0,4
TATTNALL,house,157,1,9
TATTNALL,house,157,3,1
TATTNALL,house,157,4,499
TATTNALL,house,157,5,302
TATTNALL,house,157,6,330
TATTNALL,house,157,7,355
TATTNALL,house,157,8,404
TATTNALL,house,157,10,99
TATTNALL,house,157,11,195
TATTNALL,house,157,12,159
TATTNALL,house,157,13,132
TATTNALL,house,157,14,154
TATTNALL,house,157,15,156
TATTNALL,house,157,17,99
TATTNALL,house,157,18,183
TATTNALL,house,157,19,169
TATTNALL,house,157,20,178
TATTNALL,house,157,21,155
TATTNALL,house,157,22,164
TATTNALL,house,157,25,5
TATTNALL,house,157,36,1
TATTNALL,senate,19,0,5
TATTNALL,senate,19,1,9
TATTNALL,senate,19,3,1
TATTNALL,senate,19,4,522
TATTNALL,senate,19,5,327
TATTNALL,senate,19,6,345
TATTNALL,senate,19,7,368
TATTNALL,senate,19,8,416
TATTNALL,senate,19,10,100
TATTNALL,senate,19,11,204
TATTNALL,senate,19,12,170
TATTNALL,senate,19,13,134
TATTNALL,senate,19,14,167
TATTNALL,senate,19,15,166
TATTNALL,senate,19,17,101
TATTNALL,senate,19,18,197
TATTNALL,senate,19,19,173
TATTNALL,senate,19,20,185
TATTNALL,senate,19,21,158
TATTNALL,senate,19,22,169
TATTNALL,senate,19,25,5
TATTNALL,senate,19,32,1
TATTNALL,senate,19,36,1
TAYLOR,house,150,0,21
TAYLOR,house,150,1,31
TAYLOR,house,150,4,255
TAYLOR,house,150,5,35
TAYLOR,house,150,6,103
TAYLOR,house,150,7,111
TAYLOR,house,150,8,152
TAYLOR,house,150,10,82
TAYLOR,house,150,11,133
TAYLOR,house,150,12,94
TAYLOR,house,150,13,118
TAYLOR,house,150,14,124
TAYLOR,house,150,15,116
TAYLOR,house,150,17,65
TAYLOR,house,150,18,151
TAYLOR,house,150,19,149
TAYLOR,house,150,20,141
TAYLOR,house,150,21,130
TAYLOR,house,150,22,136
TAYLOR,house,150,27,2
TAYLOR,senate,15,0,21
TAYLOR,senate,15,1,31
TAYLOR,senate,15,4,255
TAYLOR,senate,15,5,35
TAYLOR,senate,15,6,103
TAYLOR,senate,15,7,111
TAYLOR,senate,15,8,152
TAYLOR,senate,15,10,82
TAYLOR,senate,15,11,133
TAYLOR,senate,15,12,94
TAYLOR,senate,15,13,118
TAYLOR,senate,15,14,124
TAYLOR,senate,15,15,116
TAYLOR,senate,15,17,65
TAYLOR,senate,15,18,151
TAYLOR,senate,15,19,149
TAYLOR,senate,15,20,141
TAYLOR,senate,15,21,130
TAYLOR,senate,15,22,136
TAYLOR,senate,15,27,2
TELFAIR,house,149,0,4
TELFAIR,house,149,1,10
TELFAIR,house,149,4,161
TELFAIR,house,149,5,84
TELFAIR,house,149,6,85
TELFAIR,house,149,7,78
TELFAIR,house,149,8,80
TELFAIR,house,149,10,42
TELFAIR,house,149,11,107
TELFAIR,house,149,12,63
TELFAIR,house,149,13,69
TELFAIR,house,149,14,85
TELFAIR,house,149,15,97
TELFAIR,house,149,17,29
TELFAIR,house,149,18,67
TELFAIR,house,149,19,84
TELFAIR,house,149,20,68
TELFAIR,house,149,21,93
TELFAIR,house,149,22,113
TELFAIR,house,149,25,2
TELFAIR,house,156,0,1
TELFAIR,house,156,1,4
TELFAIR,house,156,4,38
TELFAIR,house,156,5,28
TELFAIR,house,156,6,19
TELFAIR,house,156,7,32
TELFAIR,house,156,8,21
TELFAIR,house,156,10,28
TELFAIR,house,156,11,38
TELFAIR,house,156,12,27
TELFAIR,house,156,13,18
TELFAIR,house,156,14,21
TELFAIR,house,156,15,12
TELFAIR,house,156,17,13
TELFAIR,house,156,18,23
TELFAIR,house,156,19,27
TELFAIR,house,156,20,20
TELFAIR,house,156,21,32
TELFAIR,house,156,22,23
TELFAIR,house,156,25,1
TELFAIR,senate,19,0,5
TELFAIR,senate,19,1,14
TELFAIR,senate,19,4,199
TELFAIR,senate,19,5,112
TELFAIR,senate,19,6,104
TELFAIR,senate,19,7,110
TELFAIR,senate,19,8,101
TELFAIR,senate,19,10,70
TELFAIR,senate,19,11,145
TELFAIR,senate,19,12,90
TELFAIR,senate,19,13,87
TELFAIR,senate,19,14,106
TELFAIR,senate,19,15,109
TELFAIR,senate,19,17,42
TELFAIR,senate,19,18,90
TELFAIR,senate,19,19,111
TELFAIR,senate,19,20,88
TELFAIR,senate,19,21,125
TELFAIR,senate,19,22,136
TELFAIR,senate,19,25,3
TERRELL,house,151,0,10
TERRELL,house,151,1,4
TERRELL,house,151,4,191
TERRELL,house,151,5,95
TERRELL,house,151,6,112
TERRELL,house,151,7,105
TERRELL,house,151,8,117
TERRELL,house,151,10,81
TERRELL,house,151,11,127
TERRELL,house,151,12,83
TERRELL,house,151,13,100
TERRELL,house,151,14,100
TERRELL,house,151,15,153
TERRELL,house,151,17,72
TERRELL,house,151,18,134
TERRELL,house,151,19,110
TERRELL,house,151,20,118
TERRELL,house,151,21,157
TERRELL,house,151,22,171
TERRELL,house,151,23,14
TERRELL,house,151,25,12
TERRELL,house,151,26,5
TERRELL,house,151,27,1
TERRELL,senate,12,0,10
TERRELL,senate,12,1,4
TERRELL,senate,12,4,191
TERRELL,senate,12,5,95
TERRELL,senate,12,6,112
TERRELL,senate,12,7,105
TERRELL,senate,12,8,117
TERRELL,senate,12,10,81
TERRELL,senate,12,11,127
TERRELL,senate,12,12,83
TERRELL,senate,12,13,100
TERRELL,senate,12,14,100
TERRELL,senate,12,15,153
TERRELL,senate,12,17,72
TERRELL,senate,12,18,134
TERRELL,senate,12,19,110
TERRELL,senate,12,20,118
TERRELL,senate,12,21,157
TERRELL,senate,12,22,171
TERRELL,senate,12,23,14
TERRELL,senate,12,25,12
TERRELL,senate,12,26,5
TERRELL,senate,12,27,1
THOMAS,house,172,0,1
THOMAS,house,172,1,1
THOMAS,house,172,4,61
THOMAS,house,172,5,55
THOMAS,house,172,6,50
THOMAS,house,172,7,47
THOMAS,house,172,8,51
THOMAS,house,172,10,18
THOMAS,house,172,11,47
THOMAS,house,172,12,37
THOMAS,house,172,13,50
THOMAS,house,172,14,50
THOMAS,house,172,15,36
THOMAS,house,172,17,23
THOMAS,house,172,18,53
THOMAS,house,172,19,64
THOMAS,house,172,20,49
THOMAS,house,172,21,47
THOMAS,house,172,22,56
THOMAS,house,172,25,1
THOMAS,house,173,0,33
THOMAS,house,173,1,54
THOMAS,house,173,4,745
THOMAS,house,173,5,556
THOMAS,house,173,6,570
THOMAS,house,173,7,494
THOMAS,house,173,8,538
THOMAS,house,173,10,300
THOMAS,house,173,11,562
THOMAS,house,173,12,542
THOMAS,house,173,13,517
THOMAS,house,173,14,646
THOMAS,house,173,15,618
THOMAS,house,173,17,306
THOMAS,house,173,18,843
THOMAS,house,173,19,702
THOMAS,house,173,20,799
THOMAS,house,173,21,926
THOMAS,house,173,22,793
THOMAS,house,173,25,29
THOMAS,house,173,26,1
THOMAS,house,173,36,1
THOMAS,senate,11,0,34
THOMAS,senate,11,1,55
THOMAS,senate,11,4,806
THOMAS,senate,11,5,611
THOMAS,senate,11,6,620
THOMAS,senate,11,7,541
THOMAS,senate,11,8,589
THOMAS,senate,11,10,318
THOMAS,senate,11,11,609
THOMAS,senate,11,12,579
THOMAS,senate,11,13,567
THOMAS,senate,11,14,696
THOMAS,senate,11,15,654
THOMAS,senate,11,17,329
THOMAS,senate,11,18,896
THOMAS,senate,11,19,766
THOMAS,senate,11,20,848
THOMAS,senate,11,21,973
THOMAS,senate,11,22,849
THOMAS,senate,11,25,30
THOMAS,senate,11,26,1
THOMAS,senate,11,36,1
TIFT,house,169,0,2
TIFT,house,169,1,5
TIFT,house,169,3,2
TIFT,house,169,4,190
TIFT,house,169,5,108
TIFT,house,169,6,100
TIFT,house,169,7,119
TIFT,house,169,8,95
TIFT,house,169,10,44
TIFT,house,169,11,118
TIFT,house,169,12,84
TIFT,house,169,13,126
TIFT,house,169,14,108
TIFT,house,169,15,131
TIFT,house,169,17,83
TIFT,house,169,18,211
TIFT,house,169,19,65
TIFT,house,169,20,72
TIFT,house,169,21,73
TIFT,house,169,22,37
TIFT,house,170,0,16
TIFT,house,170,1,12
TIFT,house,170,3,4
TIFT,house,170,4,600
TIFT,house,170,5,337
TIFT,house,170,6,354
TIFT,house,170,7,341
TIFT,house,170,8,350
TIFT,house,170,10,186
TIFT,house,170,11,404
TIFT,house,170,12,302
TIFT,house,170,13,276
TIFT,house,170,14,359
TIFT,house,170,15,352
TIFT,house,170,16,1
TIFT,house,170,17,359
TIFT,house,170,18,776
TIFT,house,170,19,258
TIFT,house,170,20,306
TIFT,house,170,21,376
TIFT,house,170,22,302
TIFT,house,170,25,13
TIFT,house,170,26,9
TIFT,house,170,27,1
TIFT,house,170,32,1
TIFT,senate,13,0,18
TIFT,senate,13,1,17
TIFT,senate,13,3,6
TIFT,senate,13,4,790
TIFT,senate,13,5,445
TIFT,senate,13,6,454
TIFT,senate,13,7,460
TIFT,senate,13,8,445
TIFT,senate,13,10,230
TIFT,senate,13,11,522
TIFT,senate,13,12,386
TIFT,senate,13,13,402
TIFT,senate,13,14,467
TIFT,senate,13,15,483
TIFT,senate,13,16,1
TIFT,senate,13,17,442
TIFT,senate,13,18,987
TIFT,senate,13,19,323
TIFT,senate,13,20,378
TIFT,senate,13,21,449
TIFT,senate,13,22,339
TIFT,senate,13,25,13
TIFT,senate,13,26,9
TIFT,senate,13,27,1
TIFT,senate,13,32,1
TOOMBS,house,156,0,9
TOOMBS,house,156,1,28
TOOMBS,house,156,4,432
TOOMBS,house,156,5,329
TOOMBS,house,156,6,283
TOOMBS,house,156,7,260
TOOMBS,house,156,8,271
TOOMBS,house,156,10,209
TOOMBS,house,156,11,328
TOOMBS,house,156,12,306
TOOMBS,house,156,13,328
TOOMBS,house,156,14,330
TOOMBS,house,156,15,350
TOOMBS,house,156,17,165
TOOMBS,house,156,18,425
TOOMBS,house,156,19,339
TOOMBS,house,156,20,407
TOOMBS,house,156,21,347
TOOMBS,house,156,22,367
TOOMBS,house,156,25,12
TOOMBS,senate,19,0,9
TOOMBS,senate,19,1,28
TOOMBS,senate,19,4,432
TOOMBS,senate,19,5,329
TOOMBS,senate,19,6,283
TOOMBS,senate,19,7,260
TOOMBS,senate,19,8,271
TOOMBS,senate,19,10,209
TOOMBS,senate,19,11,328
TOOMBS,senate,19,12,306
TOOMBS,senate,19,13,328
TOOMBS,senate,19,14,330
TOOMBS,senate,19,15,350
TOOMBS,senate,19,17,165
TOOMBS,senate,19,18,425
TOOMBS,senate,19,19,339
TOOMBS,senate,19,20,407
TOOMBS,senate,19,21,347
TOOMBS,senate,19,22,367
TOOMBS,senate,19,25,12
TOWNS,house,8,0,16
TOWNS,house,8,1,19
TOWNS,house,8,4,382
TOWNS,house,8,5,278
TOWNS,house,8,6,249
TOWNS,house,8,7,268
TOWNS,house,8,8,280
TOWNS,house,8,10,101
TOWNS,house,8,11,305
TOWNS,house,8,12,284
TOWNS,house,8,13,354
TOWNS,house,8,14,375
TOWNS,house,8,15,402
TOWNS,house,8,17,120
TOWNS,house,8,18,432
TOWNS,house,8,19,355
TOWNS,house,8,20,317
TOWNS,house,8,21,458
TOWNS,house,8,22,344
TOWNS,house,8,25,28
TOWNS,house,8,26,14
TOWNS,senate,50,0,16
TOWNS,senate,50,1,19
TOWNS,senate,50,4,382
TOWNS,senate,50,5,278
TOWNS,senate,50,6,249
TOWNS,senate,50,7,268
TOWNS,senate,50,8,280
TOWNS,senate,50,10,101
TOWNS,senate,50,11,305
TOWNS,senate,50,12,284
TOWNS,senate,50,13,354
TOWNS,senate,50,14,375
TOWNS,senate,50,15,402
TOWNS,senate,50,17,120
TOWNS,senate,50,18,432
TOWNS,senate,50,19,355
TOWNS,senate,50,20,317
TOWNS,senate,50,21,458
TOWNS,senate,50,22,344
TOWNS,senate,50,25,28
TOWNS,senate,50,26,14
TREUTLEN,house,158,0,2
TREUTLEN,house,158,1,13
TREUTLEN,house,158,4,166
TREUTLEN,house,158,5,101
TREUTLEN,house,158,6,99
TREUTLEN,house,158,7,90
TREUTLEN,house,158,8,94
TREUTLEN,house,158,10,54
TREUTLEN,house,158,11,106
TREUTLEN,house,158,12,81
TREUTLEN,house,158,13,66
TREUTLEN,house,158,14,112
TREUTLEN,house,158,15,94
TREUTLEN,house,158,17,49
TREUTLEN,house,158,18,102
TREUTLEN,house,158,19,97
TREUTLEN,house,158,20,112
TREUTLEN,house,158,21,87
TREUTLEN,house,158,22,87
TREUTLEN,house,158,25,10
TREUTLEN,senate,20,0,2
TREUTLEN,senate,20,1,13
TREUTLEN,senate,20,4,166
TREUTLEN,senate,20,5,101
TREUTLEN,senate,20,6,99
TREUTLEN,senate,20,7,90
TREUTLEN,senate,20,8,94
TREUTLEN,senate,20,10,54
TREUTLEN,senate,20,11,106
TREUTLEN,senate,20,12,81
TREUTLEN,senate,20,13,66
TREUTLEN,senate,20,14,112
TREUTLEN,senate,20,15,94
TREUTLEN,senate,20,17,49
TREUTLEN,senate,20,18,102
TREUTLEN,senate,20,19,97
TREUTLEN,senate,20,20,112
TREUTLEN,senate,20,21,87
TREUTLEN,senate,20,22,87
TREUTLEN,senate,20,25,10
TROUP,house,136,0,14
TROUP,house,136,1,7
TROUP,house,136,4,297
TROUP,house,136,5,158
TROUP,house,136,6,104
TROUP,house,136,7,166
TROUP,house,136,8,150
TROUP,house,136,10,95
TROUP,house,136,11,194
TROUP,house,136,12,135
TROUP,house,136,13,159
TROUP,house,136,14,187
TROUP,house,136,15,170
TROUP,house,136,17,64
TROUP,house,136,18,158
TROUP,house,136,19,157
TROUP,house,136,20,201
TROUP,house,136,21,241
TROUP,house,136,22,165
TROUP,house,136,25,6
TROUP,house,137,0,15
TROUP,house,137,1,16
TROUP,house,137,4,312
TROUP,house,137,5,180
TROUP,house,137,6,191
TROUP,house,137,7,154
TROUP,house,137,8,172
TROUP,house,137,10,88
TROUP,house,137,11,160
TROUP,house,137,12,141
TROUP,house,137,13,147
TROUP,house,137,14,176
TROUP,house,137,15,166
TROUP,house,137,17,57
TROUP,house,137,18,180
TROUP,house,137,19,208
TROUP,house,137,20,183
TROUP,house,137,21,186
TROUP,house,137,22,155
TROUP,house,137,25,9
TROUP,house,137,28,2
TROUP,house,138,0,11
TROUP,house,138,1,29
TROUP,house,138,4,421
TROUP,house,138,5,346
TROUP,house,138,6,309
TROUP,house,138,7,303
TROUP,house,138,8,309
TROUP,house,138,10,146
TROUP,house,138,11,311
TROUP,house,138,12,248
TROUP,house,138,13,271
TROUP,house,138,14,294
TROUP,house,138,15,303
TROUP,house,138,17,95
TROUP,house,138,18,310
TROUP,house,138,19,328
TROUP,house,138,20,295
TROUP,house,138,21,354
TROUP,house,138,22,247
TROUP,house,138,25,4
TROUP,house,138,27,2
TROUP,house,72,0,2
TROUP,house,72,1,14
TROUP,house,72,4,201
TROUP,house,72,5,131
TROUP,house,72,6,99
TROUP,house,72,7,113
TROUP,house,72,8,116
TROUP,house,72,10,78
TROUP,house,72,11,117
TROUP,house,72,12,89
TROUP,house,72,13,112
TROUP,house,72,14,114
TROUP,house,72,15,117
TROUP,house,72,17,45
TROUP,house,72,18,111
TROUP,house,72,19,110
TROUP,house,72,20,120
TROUP,house,72,21,125
TROUP,house,72,22,82
TROUP,house,72,26,1
TROUP,house,72,28,1
TROUP,senate,29,0,42
TROUP,senate,29,1,66
TROUP,senate,29,4,1231
TROUP,senate,29,5,815
TROUP,senate,29,6,703
TROUP,senate,29,7,736
TROUP,senate,29,8,747
TROUP,senate,29,10,407
TROUP,senate,29,11,782
TROUP,senate,29,12,613
TROUP,senate,29,13,689
TROUP,senate,29,14,771
TROUP,senate,29,15,756
TROUP,senate,29,17,261
TROUP,senate,29,18,759
TROUP,senate,29,19,803
TROUP,senate,29,20,799
TROUP,senate,29,21,906
TROUP,senate,29,22,649
TROUP,senate,29,25,19
TROUP,senate,29,26,1
TROUP,senate,29,27,2
TROUP,senate,29,28,3
TURNER,house,169,0,1
TURNER,house,169,1,4
TURNER,house,169,3,2
TURNER,house,169,4,212
TURNER,house,169,5,154
TURNER,house,169,6,97
TURNER,house,169,7,90
TURNER,house,169,8,106
TURNER,house,169,10,55
TURNER,house,169,11,126
TURNER,house,169,12,106
TURNER,house,169,13,97
TURNER,house,169,14,130
TURNER,house,169,15,118
TURNER,house,169,17,49
TURNER,house,169,18,132
TURNER,house,169,19,150
TURNER,house,169,20,130
TURNER,house,169,21,152
TURNER,house,169,22,190
TURNER,senate,13,0,1
TURNER,senate,13,1,4
TURNER,senate,13,3,2
TURNER,senate,13,4,212
TURNER,senate,13,5,154
TURNER,senate,13,6,97
TURNER,senate,13,7,90
TURNER,senate,13,8,106
TURNER,senate,13,10,55
TURNER,senate,13,11,126
TURNER,senate,13,12,106
TURNER,senate,13,13,97
TURNER,senate,13,14,130
TURNER,senate,13,15,118
TURNER,senate,13,17,49
TURNER,senate,13,18,132
TURNER,senate,13,19,150
TURNER,senate,13,20,130
TURNER,senate,13,21,152
TURNER,senate,13,22,190
TWIGGS,house,149,0,3
TWIGGS,house,149,1,16
TWIGGS,house,149,3,1
TWIGGS,house,149,4,144
TWIGGS,house,149,5,110
TWIGGS,house,149,6,107
TWIGGS,house,149,7,106
TWIGGS,house,149,8,104
TWIGGS,house,149,10,70
TWIGGS,house,149,11,122
TWIGGS,house,149,12,114
TWIGGS,house,149,13,142
TWIGGS,house,149,14,112
TWIGGS,house,149,15,100
TWIGGS,house,149,17,56
TWIGGS,house,149,18,114
TWIGGS,house,149,19,86
TWIGGS,house,149,20,101
TWIGGS,house,149,21,93
TWIGGS,house,149,22,105
TWIGGS,house,149,25,5
TWIGGS,house,149,26,1
TWIGGS,house,149,40,1
TWIGGS,house,149,43,1
TWIGGS,senate,26,0,3
TWIGGS,senate,26,1,16
TWIGGS,senate,26,3,1
TWIGGS,senate,26,4,144
TWIGGS,senate,26,5,110
TWIGGS,senate,26,6,107
TWIGGS,senate,26,7,106
TWIGGS,senate,26,8,104
TWIGGS,senate,26,10,70
TWIGGS,senate,26,11,122
TWIGGS,senate,26,12,114
TWIGGS,senate,26,13,142
TWIGGS,senate,26,14,112
TWIGGS,senate,26,15,100
TWIGGS,senate,26,17,56
TWIGGS,senate,26,18,114
TWIGGS,senate,26,19,86
TWIGGS,senate,26,20,101
TWIGGS,senate,26,21,93
TWIGGS,senate,26,22,105
TWIGGS,senate,26,25,5
TWIGGS,senate,26,26,1
TWIGGS,senate,26,40,1
TWIGGS,senate,26,43,1
UNION,house,8,0,12
UNION,house,8,1,31
UNION,house,8,4,533
UNION,house,8,5,473
UNION,house,8,6,413
UNION,house,8,7,456
UNION,house,8,8,545
UNION,house,8,10,182
UNION,house,8,11,570
UNION,house,8,12,560
UNION,house,8,13,546
UNION,house,8,14,651
UNION,house,8,15,640
UNION,house,8,17,167
UNION,house,8,18,631
UNION,house,8,19,641
UNION,house,8,20,649
UNION,house,8,21,634
UNION,house,8,22,585
UNION,house,8,25,15
UNION,house,8,34,1
UNION,house,8,35,2
UNION,senate,51,0,12
UNION,senate,51,1,31
UNION,senate,51,4,533
UNION,senate,51,5,473
UNION,senate,51,6,413
UNION,senate,51,7,456
UNION,senate,51,8,545
UNION,senate,51,10,182
UNION,senate,51,11,570
UNION,senate,51,12,560
UNION,senate,51,13,546
UNION,senate,51,14,651
UNION,senate,51,15,640
UNION,senate,51,17,167
UNION,senate,51,18,631
UNION,senate,51,19,641
UNION,senate,51,20,649
UNION,senate,51,21,634
UNION,senate,51,22,585
UNION,senate,51,25,15
UNION,senate,51,34,1
UNION,senate,51,35,2
UPSON,house,135,0,11
UPSON,house,135,1,17
UPSON,house,135,4,641
UPSON,house,135,5,429
UPSON,house,135,6,338
UPSON,house,135,7,317
UPSON,house,135,8,352
UPSON,house,135,10,249
UPSON,house,135,11,491
UPSON,house,135,12,314
UPSON,house,135,13,354
UPSON,house,135,14,394
UPSON,house,135,15,484
UPSON,house,135,17,245
UPSON,house,135,18,514
UPSON,house,135,19,407
UPSON,house,135,20,454
UPSON,house,135,21,481
UPSON,house,135,22,479
UPSON,house,135,39,2
UPSON,senate,18,0,11
UPSON,senate,18,1,17
UPSON,senate,18,4,641
UPSON,senate,18,5,429
UPSON,senate,18,6,338
UPSON,senate,18,7,317
UPSON,senate,18,8,352
UPSON,senate,18,10,249
UPSON,senate,18,11,491
UPSON,senate,18,12,314
UPSON,senate,18,13,354
UPSON,senate,18,14,394
UPSON,senate,18,15,484
UPSON,senate,18,17,245
UPSON,senate,18,18,514
UPSON,senate,18,19,407
UPSON,senate,18,20,454
UPSON,senate,18,21,481
UPSON,senate,18,22,479
UPSON,senate,18,39,2
WALKER,house,1,0,25
WALKER,house,1,1,3
WALKER,house,1,4,814
WALKER,house,1,5,673
WALKER,house,1,6,638
WALKER,house,1,7,722
WALKER,house,1,8,786
WALKER,house,1,10,774
WALKER,house,1,11,215
WALKER,house,1,12,192
WALKER,house,1,13,213
WALKER,house,1,14,168
WALKER,house,1,15,262
WALKER,house,1,17,133
WALKER,house,1,18,230
WALKER,house,1,19,225
WALKER,house,1,20,274
WALKER,house,1,21,269
WALKER,house,1,22,175
WALKER,house,1,25,8
WALKER,house,1,26,2
WALKER,house,1,36,1
WALKER,house,1,41,1
WALKER,house,1,43,1
WALKER,house,2,0,18
WALKER,house,2,1,2
WALKER,house,2,4,655
WALKER,house,2,5,544
WALKER,house,2,6,452
WALKER,house,2,7,569
WALKER,house,2,8,641
WALKER,house,2,10,664
WALKER,house,2,11,171
WALKER,house,2,12,129
WALKER,house,2,13,138
WALKER,house,2,14,133
WALKER,house,2,15,185
WALKER,house,2,17,106
WALKER,house,2,18,179
WALKER,house,2,19,133
WALKER,house,2,20,159
WALKER,house,2,21,155
WALKER,house,2,22,138
WALKER,house,2,25,5
WALKER,house,2,29,1
WALKER,house,2,36,2
WALKER,senate,53,0,43
WALKER,senate,53,1,5
WALKER,senate,53,4,1469
WALKER,senate,53,5,1217
WALKER,senate,53,6,1090
WALKER,senate,53,7,1291
WALKER,senate,53,8,1427
WALKER,senate,53,10,1438
WALKER,senate,53,11,386
WALKER,senate,53,12,321
WALKER,senate,53,13,351
WALKER,senate,53,14,301
WALKER,senate,53,15,447
WALKER,senate,53,17,239
WALKER,senate,53,18,409
WALKER,senate,53,19,358
WALKER,senate,53,20,433
WALKER,senate,53,21,424
WALKER,senate,53,22,313
WALKER,senate,53,25,13
WALKER,senate,53,26,2
WALKER,senate,53,29,1
WALKER,senate,53,36,3
WALKER,senate,53,41,1
WALKER,senate,53,43,1
WALTON,house,111,0,26
WALTON,house,111,1,38
WALTON,house,111,3,4
WALTON,house,111,4,942
WALTON,house,111,5,705
WALTON,house,111,6,534
WALTON,house,111,7,530
WALTON,house,111,8,529
WALTON,house,111,10,503
WALTON,house,111,11,615
WALTON,house,111,12,541
WALTON,house,111,13,548
WALTON,house,111,14,595
WALTON,house,111,15,592
WALTON,house,111,17,453
WALTON,house,111,18,668
WALTON,house,111,19,633
WALTON,house,111,20,566
WALTON,house,111,21,688
WALTON,house,111,22,557
WALTON,house,112,0,50
WALTON,house,112,1,76
WALTON,house,112,3,2
WALTON,house,112,4,1507
WALTON,house,112,5,1004
WALTON,house,112,6,763
WALTON,house,112,7,808
WALTON,house,112,8,874
WALTON,house,112,10,636
WALTON,house,112,11,944
WALTON,house,112,12,761
WALTON,house,112,13,789
WALTON,house,112,14,807
WALTON,house,112,15,852
WALTON,house,112,17,530
WALTON,house,112,18,962
WALTON,house,112,19,787
WALTON,house,112,20,902
WALTON,house,112,21,985
WALTON,house,112,22,805
WALTON,house,112,26,1
WALTON,house,112,28,4
WALTON,senate,17,0,29
WALTON,senate,17,1,52
WALTON,senate,17,3,5
WALTON,senate,17,4,1152
WALTON,senate,17,5,782
WALTON,senate,17,6,587
WALTON,senate,17,7,630
WALTON,senate,17,8,616
WALTON,senate,17,10,548
WALTON,senate,17,11,727
WALTON,senate,17,12,614
WALTON,senate,17,13,592
WALTON,senate,17,14,640
WALTON,senate,17,15,654
WALTON,senate,17,17,539
WALTON,senate,17,18,838
WALTON,senate,17,19,677
WALTON,senate,17,20,652
WALTON,senate,17,21,799
WALTON,senate,17,22,630
WALTON,senate,17,26,1
WALTON,senate,17,28,4
WALTON,senate,46,0,47
WALTON,senate,46,1,62
WALTON,senate,46,3,1
WALTON,senate,46,4,1297
WALTON,senate,46,5,927
WALTON,senate,46,6,710
WALTON,senate,46,7,708
WALTON,senate,46,8,787
WALTON,senate,46,10,591
WALTON,senate,46,11,832
WALTON,senate,46,12,688
WALTON,senate,46,13,745
WALTON,senate,46,14,762
WALTON,senate,46,15,790
WALTON,senate,46,17,444
WALTON,senate,46,18,792
WALTON,senate,46,19,743
WALTON,senate,46,20,816
WALTON,senate,46,21,874
WALTON,senate,46,22,732
WARE,house,174,1,10
WARE,house,174,4,126
WARE,house,174,5,93
WARE,house,174,6,61
WARE,house,174,7,66
WARE,house,174,8,60
WARE,house,174,10,35
WARE,house,174,11,79
WARE,house,174,12,78
WARE,house,174,13,58
WARE,house,174,14,77
WARE,house,174,15,95
WARE,house,174,17,26
WARE,house,174,18,92
WARE,house,174,19,79
WARE,house,174,20,104
WARE,house,174,21,138
WARE,house,174,22,132
WARE,house,174,25,4
WARE,house,176,0,10
WARE,house,176,1,35
WARE,house,176,4,443
WARE,house,176,5,299
WARE,house,176,6,249
WARE,house,176,7,241
WARE,house,176,8,270
WARE,house,176,10,141
WARE,house,176,11,357
WARE,house,176,12,286
WARE,house,176,13,262
WARE,house,176,14,275
WARE,house,176,15,357
WARE,house,176,17,110
WARE,house,176,18,342
WARE,house,176,19,331
WARE,house,176,20,355
WARE,house,176,21,380
WARE,house,176,22,399
WARE,house,176,25,10
WARE,house,176,36,1
WARE,house,176,41,2
WARE,senate,3,0,1
WARE,senate,3,1,10
WARE,senate,3,4,168
WARE,senate,3,5,121
WARE,senate,3,6,80
WARE,senate,3,7,92
WARE,senate,3,8,84
WARE,senate,3,10,51
WARE,senate,3,11,115
WARE,senate,3,12,117
WARE,senate,3,13,89
WARE,senate,3,14,115
WARE,senate,3,15,138
WARE,senate,3,17,48
WARE,senate,3,18,141
WARE,senate,3,19,105
WARE,senate,3,20,140
WARE,senate,3,21,182
WARE,senate,3,22,164
WARE,senate,3,25,4
WARE,senate,8,0,9
WARE,senate,8,1,35
WARE,senate,8,4,401
WARE,senate,8,5,271
WARE,senate,8,6,230
WARE,senate,8,7,215
WARE,senate,8,8,246
WARE,senate,8,10,125
WARE,senate,8,11,321
WARE,senate,8,12,247
WARE,senate,8,13,231
WARE,senate,8,14,237
WARE,senate,8,15,314
WARE,senate,8,17,88
WARE,senate,8,18,293
WARE,senate,8,19,305
WARE,senate,8,20,319
WARE,senate,8,21,336
WARE,senate,8,22,367
WARE,senate,8,25,10
WARE,senate,8,36,1
WARE,senate,8,41,2
WARREN,house,128,0,5
WARREN,house,128,1,4
WARREN,house,128,4,126
WARREN,house,128,5,63
WARREN,house,128,6,64
WARREN,house,128,7,86
WARREN,house,128,8,83
WARREN,house,128,10,43
WARREN,house,128,11,112
WARREN,house,128,12,80
WARREN,house,128,13,73
WARREN,house,128,14,65
WARREN,house,128,15,90
WARREN,house,128,17,40
WARREN,house,128,18,86
WARREN,house,128,19,84
WARREN,house,128,20,83
WARREN,house,128,21,126
WARREN,house,128,22,111
WARREN,house,128,24,3
WARREN,house,128,25,9
WARREN,house,128,26,1
WARREN,senate,23,0,5
WARREN,senate,23,1,4
WARREN,senate,23,4,126
WARREN,senate,23,5,63
WARREN,senate,23,6,64
WARREN,senate,23,7,86
WARREN,senate,23,8,83
WARREN,senate,23,10,43
WARREN,senate,23,11,112
WARREN,senate,23,12,80
WARREN,senate,23,13,73
WARREN,senate,23,14,65
WARREN,senate,23,15,90
WARREN,senate,23,17,40
WARREN,senate,23,18,86
WARREN,senate,23,19,84
WARREN,senate,23,20,83
WARREN,senate,23,21,126
WARREN,senate,23,22,111
WARREN,senate,23,24,3
WARREN,senate,23,25,9
WARREN,senate,23,26,1
WASHINGTON,house,128,0,18
WASHINGTON,house,128,1,28
WASHINGTON,house,128,4,479
WASHINGTON,house,128,5,281
WASHINGTON,house,128,6,258
WASHINGTON,house,128,7,221
WASHINGTON,house,128,8,233
WASHINGTON,house,128,10,156
WASHINGTON,house,128,11,267
WASHINGTON,house,128,12,281
WASHINGTON,house,128,13,229
WASHINGTON,house,128,14,250
WASHINGTON,house,128,15,289
WASHINGTON,house,128,17,94
WASHINGTON,house,128,18,301
WASHINGTON,house,128,19,266
WASHINGTON,house,128,20,354
WASHINGTON,house,128,21,281
WASHINGTON,house,128,22,326
WASHINGTON,house,128,25,6
WASHINGTON,house,128,26,2
WASHINGTON,house,128,34,1
WASHINGTON,senate,26,0,18
WASHINGTON,senate,26,1,28
WASHINGTON,senate,26,4,479
WASHINGTON,senate,26,5,281
WASHINGTON,senate,26,6,258
WASHINGTON,senate,26,7,221
WASHINGTON,senate,26,8,233
WASHINGTON,senate,26,10,156
WASHINGTON,senate,26,11,267
WASHINGTON,senate,26,12,281
WASHINGTON,senate,26,13,229
WASHINGTON,senate,26,14,250
WASHINGTON,senate,26,15,289
WASHINGTON,senate,26,17,94
WASHINGTON,senate,26,18,301
WASHINGTON,senate,26,19,266
WASHINGTON,senate,26,20,354
WASHINGTON,senate,26,21,281
WASHINGTON,senate,26,22,326
WASHINGTON,senate,26,25,6
WASHINGTON,senate,26,26,2
WASHINGTON,senate,26,34,1
WAYNE,house,167,0,3
WAYNE,house,167,1,7
WAYNE,house,167,4,135
WAYNE,house,167,5,92
WAYNE,house,167,6,53
WAYNE,house,167,7,58
WAYNE,house,167,8,49
WAYNE,house,167,10,59
WAYNE,house,167,11,81
WAYNE,house,167,12,87
WAYNE,house,167,13,67
WAYNE,house,167,14,91
WAYNE,house,167,15,105
WAYNE,house,167,17,40
WAYNE,house,167,18,78
WAYNE,house,167,19,84
WAYNE,house,167,20,83
WAYNE,house,167,21,70
WAYNE,house,167,22,93
WAYNE,house,178,0,19
WAYNE,house,178,1,23
WAYNE,house,178,4,418
WAYNE,house,178,5,270
WAYNE,house,178,6,237
WAYNE,house,178,7,228
WAYNE,house,178,8,253
WAYNE,house,178,10,133
WAYNE,house,178,11,319
WAYNE,house,178,12,203
WAYNE,house,178,13,174
WAYNE,house,178,14,240
WAYNE,house,178,15,275
WAYNE,house,178,17,134
WAYNE,house,178,18,265
WAYNE,house,178,19,269
WAYNE,house,178,20,281
WAYNE,house,178,21,298
WAYNE,house,178,22,266
WAYNE,house,178,25,2
WAYNE,senate,19,0,22
WAYNE,senate,19,1,30
WAYNE,senate,19,4,553
WAYNE,senate,19,5,362
WAYNE,senate,19,6,290
WAYNE,senate,19,7,286
WAYNE,senate,19,8,302
WAYNE,senate,19,10,192
WAYNE,senate,19,11,400
WAYNE,senate,19,12,290
WAYNE,senate,19,13,241
WAYNE,senate,19,14,331
WAYNE,senate,19,15,380
WAYNE,senate,19,17,174
WAYNE,senate,19,18,343
WAYNE,senate,19,19,353
WAYNE,senate,19,20,364
WAYNE,senate,19,21,368
WAYNE,senate,19,22,359
WAYNE,senate,19,25,2
WEBSTER,house,151,0,2
WEBSTER,house,151,1,8
WEBSTER,house,151,4,84
WEBSTER,house,151,5,45
WEBSTER,house,151,6,43
WEBSTER,house,151,7,45
WEBSTER,house,151,8,54
WEBSTER,house,151,10,49
WEBSTER,house,151,11,43
WEBSTER,house,151,12,33
WEBSTER,house,151,13,35
WEBSTER,house,151,14,41
WEBSTER,house,151,15,73
WEBSTER,house,151,18,43
WEBSTER,house,151,19,31
WEBSTER,house,151,20,40
WEBSTER,house,151,21,28
WEBSTER,house,151,22,36
WEBSTER,house,151,25,17
WEBSTER,senate,12,0,2
WEBSTER,senate,12,1,8
WEBSTER,senate,12,4,84
WEBSTER,senate,12,5,45
WEBSTER,senate,12,6,43
WEBSTER,senate,12,7,45
WEBSTER,senate,12,8,54
WEBSTER,senate,12,10,49
WEBSTER,senate,12,11,43
WEBSTER,senate,12,12,33
WEBSTER,senate,12,13,35
WEBSTER,senate,12,14,41
WEBSTER,senate,12,15,73
WEBSTER,senate,12,18,43
WEBSTER,senate,12,19,31
WEBSTER,senate,12,20,40
WEBSTER,senate,12,21,28
WEBSTER,senate,12,22,36
WEBSTER,senate,12,25,17
WHEELER,house,156,0,5
WHEELER,house,156,3,1
WHEELER,house,156,4,132
WHEELER,house,156,5,54
WHEELER,house,156,6,49
WHEELER,house,156,7,55
WHEELER,house,156,8,53
WHEELER,house,156,10,50
WHEELER,house,156,11,62
WHEELER,house,156,12,59
WHEELER,house,156,13,55
WHEELER,house,156,14,38
WHEELER,house,156,15,67
WHEELER,house,156,17,35
WHEELER,house,156,18,61
WHEELER,house,156,19,66
WHEELER,house,156,20,42
WHEELER,house,156,21,41
WHEELER,house,156,22,57
WHEELER,house,156,26,4
WHEELER,senate,19,0,5
WHEELER,senate,19,3,1
WHEELER,senate,19,4,132
WHEELER,senate,19,5,54
WHEELER,senate,19,6,49
WHEELER,senate,19,7,55
WHEELER,senate,19,8,53
WHEELER,senate,19,10,50
WHEELER,senate,19,11,62
WHEELER,senate,19,12,59
WHEELER,senate,19,13,55
WHEELER,senate,19,14,38
WHEELER,senate,19,15,67
WHEELER,senate,19,17,35
WHEELER,senate,19,18,61
WHEELER,senate,19,19,66
WHEELER,senate,19,20,42
WHEELER,senate,19,21,41
WHEELER,senate,19,22,57
WHEELER,senate,19,26,4
WHITE,house,8,0,11
WHITE,house,8,1,19
WHITE,house,8,4,574
WHITE,house,8,5,422
WHITE,house,8,6,334
WHITE,house,8,7,355
WHITE,house,8,8,401
WHITE,house,8,10,198
WHITE,house,8,11,364
WHITE,house,8,12,346
WHITE,house,8,13,376
WHITE,house,8,14,374
WHITE,house,8,15,417
WHITE,house,8,17,80
WHITE,house,8,18,478
WHITE,house,8,19,389
WHITE,house,8,20,418
WHITE,house,8,21,416
WHITE,house,8,22,307
WHITE,house,8,25,1
WHITE,house,8,40,1
WHITE,house,8,47,1
WHITE,house,9,0,5
WHITE,house,9,1,2
WHITE,house,9,4,122
WHITE,house,9,5,84
WHITE,house,9,6,101
WHITE,house,9,7,71
WHITE,house,9,8,76
WHITE,house,9,10,55
WHITE,house,9,11,96
WHITE,house,9,12,57
WHITE,house,9,13,76
WHITE,house,9,14,81
WHITE,house,9,15,88
WHITE,house,9,17,19
WHITE,house,9,18,103
WHITE,house,9,19,79
WHITE,house,9,20,97
WHITE,house,9,21,74
WHITE,house,9,22,48
WHITE,senate,50,0,8
WHITE,senate,50,1,11
WHITE,senate,50,4,346
WHITE,senate,50,5,253
WHITE,senate,50,6,199
WHITE,senate,50,7,199
WHITE,senate,50,8,250
WHITE,senate,50,10,108
WHITE,senate,50,11,222
WHITE,senate,50,12,190
WHITE,senate,50,13,218
WHITE,senate,50,14,224
WHITE,senate,50,15,254
WHITE,senate,50,17,36
WHITE,senate,50,18,262
WHITE,senate,50,19,216
WHITE,senate,50,20,232
WHITE,senate,50,21,215
WHITE,senate,50,22,180
WHITE,senate,50,25,1
WHITE,senate,51,0,8
WHITE,senate,51,1,10
WHITE,senate,51,4,350
WHITE,senate,51,5,253
WHITE,senate,51,6,236
WHITE,senate,51,7,227
WHITE,senate,51,8,227
WHITE,senate,51,10,145
WHITE,senate,51,11,238
WHITE,senate,51,12,213
WHITE,senate,51,13,234
WHITE,senate,51,14,231
WHITE,senate,51,15,251
WHITE,senate,51,17,63
WHITE,senate,51,18,319
WHITE,senate,51,19,252
WHITE,senate,51,20,283
WHITE,senate,51,21,275
WHITE,senate,51,22,175
WHITE,senate,51,40,1
WHITE,senate,51,47,1
WHITFIELD,house,2,0,3
WHITFIELD,house,2,1,31
WHITFIELD,house,2,4,381
WHITFIELD,house,2,5,296
WHITFIELD,house,2,6,223
WHITFIELD,house,2,7,218
WHITFIELD,house,2,8,230
WHITFIELD,house,2,10,134
WHITFIELD,house,2,11,278
WHITFIELD,house,2,12,245
WHITFIELD,house,2,13,199
WHITFIELD,house,2,14,227
WHITFIELD,house,2,15,212
WHITFIELD,house,2,17,121
WHITFIELD,house,2,18,268
WHITFIELD,house,2,19,252
WHITFIELD,house,2,20,287
WHITFIELD,house,2,21,273
WHITFIELD,house,2,22,251
WHITFIELD,house,2,25,4
WHITFIELD,house,2,26,6
WHITFIELD,house,2,27,4
WHITFIELD,house,2,40,1
WHITFIELD,house,4,0,17
WHITFIELD,house,4,1,27
WHITFIELD,house,4,4,546
WHITFIELD,house,4,5,326
WHITFIELD,house,4,6,348
WHITFIELD,house,4,7,296
WHITFIELD,house,4,8,287
WHITFIELD,house,4,10,169
WHITFIELD,house,4,11,280
WHITFIELD,house,4,12,247
WHITFIELD,house,4,13,256
WHITFIELD,house,4,14,316
WHITFIELD,house,4,15,322
WHITFIELD,house,4,17,157
WHITFIELD,house,4,18,353
WHITFIELD,house,4,19,303
WHITFIELD,house,4,20,340
WHITFIELD,house,4,21,332
WHITFIELD,house,4,22,340
WHITFIELD,house,4,25,3
WHITFIELD,house,4,26,8
WHITFIELD,house,4,27,2
WHITFIELD,house,4,39,1
WHITFIELD,house,4,40,1
WHITFIELD,house,6,0,3
WHITFIELD,house,6,1,14
WHITFIELD,house,6,4,225
WHITFIELD,house,6,5,150
WHITFIELD,house,6,6,112
WHITFIELD,house,6,7,115
WHITFIELD,house,6,8,111
WHITFIELD,house,6,10,59
WHITFIELD,house,6,11,143
WHITFIELD,house,6,12,133
WHITFIELD,house,6,13,106
WHITFIELD,house,6,14,100
WHITFIELD,house,6,15,148
WHITFIELD,house,6,17,74
WHITFIELD,house,6,18,153
WHITFIELD,house,6,19,126
WHITFIELD,house,6,20,131
WHITFIELD,house,6,21,102
WHITFIELD,house,6,22,113
WHITFIELD,house,6,32,1
WHITFIELD,senate,54,0,23
WHITFIELD,senate,54,1,72
WHITFIELD,senate,54,4,1152
WHITFIELD,senate,54,5,772
WHITFIELD,senate,54,6,683
WHITFIELD,senate,54,7,629
WHITFIELD,senate,54,8,628
WHITFIELD,senate,54,10,362
WHITFIELD,senate,54,11,701
WHITFIELD,senate,54,12,625
WHITFIELD,senate,54,13,561
WHITFIELD,senate,54,14,643
WHITFIELD,senate,54,15,682
WHITFIELD,senate,54,17,352
WHITFIELD,senate,54,18,774
WHITFIELD,senate,54,19,681
WHITFIELD,senate,54,20,758
WHITFIELD,senate,54,21,707
WHITFIELD,senate,54,22,704
WHITFIELD,senate,54,25,7
WHITFIELD,senate,54,26,14
WHITFIELD,senate,54,27,6
WHITFIELD,senate,54,32,1
WHITFIELD,senate,54,39,1
WHITFIELD,senate,54,40,2
WILCOX,house,148,0,3
WILCOX,house,148,1,15
WILCOX,house,148,4,163
WILCOX,house,148,5,95
WILCOX,house,148,6,58
WILCOX,house,148,7,51
WILCOX,house,148,8,66
WILCOX,house,148,10,64
WILCOX,house,148,11,114
WILCOX,house,148,12,55
WILCOX,house,148,13,61
WILCOX,house,148,14,63
WILCOX,house,148,15,88
WILCOX,house,148,17,31
WILCOX,house,148,18,99
WILCOX,house,148,19,59
WILCOX,house,148,20,83
WILCOX,house,148,21,60
WILCOX,house,148,22,66
WILCOX,senate,20,0,3
WILCOX,senate,20,1,15
WILCOX,senate,20,4,163
WILCOX,senate,20,5,95
WILCOX,senate,20,6,58
WILCOX,senate,20,7,51
WILCOX,senate,20,8,66
WILCOX,senate,20,10,64
WILCOX,senate,20,11,114
WILCOX,senate,20,12,55
WILCOX,senate,20,13,61
WILCOX,senate,20,14,63
WILCOX,senate,20,15,88
WILCOX,senate,20,17,31
WILCOX,senate,20,18,99
WILCOX,senate,20,19,59
WILCOX,senate,20,20,83
WILCOX,senate,20,21,60
WILCOX,senate,20,22,66
WILKES,house,123,0,4
WILKES,house,123,1,10
WILKES,house,123,4,225
WILKES,house,123,5,147
WILKES,house,123,6,143
WILKES,house,123,7,110
WILKES,house,123,8,149
WILKES,house,123,10,66
WILKES,house,123,11,146
WILKES,house,123,12,117
WILKES,house,123,13,109
WILKES,house,123,14,136
WILKES,house,123,15,134
WILKES,house,123,17,64
WILKES,house,123,18,149
WILKES,house,123,19,141
WILKES,house,123,20,155
WILKES,house,123,21,180
WILKES,house,123,22,178
WILKES,house,123,25,19
WILKES,house,123,26,10
WILKES,house,123,27,1
WILKES,senate,24,0,4
WILKES,senate,24,1,10
WILKES,senate,24,4,225
WILKES,senate,24,5,147
WILKES,senate,24,6,143
WILKES,senate,24,7,110
WILKES,senate,24,8,149
WILKES,senate,24,10,66
WILKES,senate,24,11,146
WILKES,senate,24,12,117
WILKES,senate,24,13,109
WILKES,senate,24,14,136
WILKES,senate,24,15,134
WILKES,senate,24,17,64
WILKES,senate,24,18,149
WILKES,senate,24,19,141
WILKES,senate,24,20,155
WILKES,senate,24,21,180
WILKES,senate,24,22,178
WILKES,senate,24,25,19
WILKES,senate,24,26,10
WILKES,senate,24,27,1
WILKINSON,house,149,0,9
WILKINSON,house,149,1,13
WILKINSON,house,149,4,159
WILKINSON,house,149,5,112
WILKINSON,house,149,6,104
WILKINSON,house,149,7,92
WILKINSON,house,149,8,120
WILKINSON,house,149,10,51
WILKINSON,house,149,11,129
WILKINSON,house,149,12,71
WILKINSON,house,149,13,89
WILKINSON,house,149,14,99
WILKINSON,house,149,15,113
WILKINSON,house,149,17,39
WILKINSON,house,149,18,95
WILKINSON,house,149,19,142
WILKINSON,house,149,20,106
WILKINSON,house,149,21,91
WILKINSON,house,149,22,78
WILKINSON,senate,26,0,9
WILKINSON,senate,26,1,13
WILKINSON,senate,26,4,159
WILKINSON,senate,26,5,112
WILKINSON,senate,26,6,104
WILKINSON,senate,26,7,92
WILKINSON,senate,26,8,120
WILKINSON,senate,26,10,51
WILKINSON,senate,26,11,129
WILKINSON,senate,26,12,71
WILKINSON,senate,26,13,89
WILKINSON,senate,26,14,99
WILKINSON,senate,26,15,113
WILKINSON,senate,26,17,39
WILKINSON,senate,26,18,95
WILKINSON,senate,26,19,142
WILKINSON,senate,26,20,106
WILKINSON,senate,26,21,91
WILKINSON,senate,26,22,78
WORTH,house,152,0,6
WORTH,house,152,1,15
WORTH,house,152,4,345
WORTH,house,152,5,208
WORTH,house,152,6,166
WORTH,house,152,7,158
WORTH,house,152,8,171
WORTH,house,152,10,83
WORTH,house,152,11,239
WORTH,house,152,12,165
WORTH,house,152,13,187
WORTH,house,152,14,213
WORTH,house,152,15,210
WORTH,house,152,17,103
WORTH,house,152,18,265
WORTH,house,152,19,224
WORTH,house,152,20,230
WORTH,house,152,21,202
WORTH,house,152,22,260
WORTH,house,152,25,9
WORTH,house,152,26,2
WORTH,house,152,40,1
WORTH,senate,13,0,6
WORTH,senate,13,1,15
WORTH,senate,13,4,345
WORTH,senate,13,5,208
WORTH,senate,13,6,166
WORTH,senate,13,7,158
WORTH,senate,13,8,171
WORTH,senate,13,10,83
WORTH,senate,13,11,239
WORTH,senate,13,12,165
WORTH,senate,13,13,187
WORTH,senate,13,14,213
WORTH,senate,13,15,210
WORTH,senate,13,17,103
WORTH,senate,13,18,265
WORTH,senate,13,19,224
WORTH,senate,13,20,230
WORTH,senate,13,21,202
WORTH,senate,13,22,260
WORTH,senate,13,25,9
WORTH,senate,13,26,2
WORTH,senate,13,40,1
