county,chamber,district,mode,days_out,ballots
,house,106,inperson,5,1
,house,107,inperson,4,1
,house,108,inperson,6,1
,house,109,inperson,6,1
,house,113,inperson,5,1
,house,116,inperson,4,1
,house,121,inperson,6,1
,house,124,inperson,6,1
,house,146,inperson,5,1
,house,15,inperson,4,1
,house,157,inperson,11,1
,house,158,inperson,8,1
,house,159,inperson,4,2
,house,167,inperson,8,1
,house,175,inperson,7,1
,house,179,inperson,7,1
,house,2,inperson,4,1
,house,22,inperson,4,1
,house,22,inperson,7,1
,house,22,inperson,8,2
,house,29,inperson,7,1
,house,29,inperson,12,3
,house,3,inperson,10,1
,house,30,inperson,4,1
,house,30,inperson,12,3
,house,33,inperson,4,1
,house,34,inperson,5,1
,house,35,inperson,4,1
,house,35,inperson,7,1
,house,35,inperson,12,1
,house,37,inperson,6,1
,house,37,inperson,7,1
,house,39,inperson,5,1
,house,41,inperson,5,1
,house,41,inperson,7,1
,house,41,inperson,10,1
,house,42,inperson,5,2
,house,42,inperson,6,2
,house,44,inperson,6,1
,house,45,inperson,5,1
,house,46,inperson,14,2
,house,46,inperson,15,1
,house,47,inperson,7,1
,house,48,inperson,13,1
,house,49,inperson,5,1
,house,49,inperson,7,1
,house,50,inperson,4,1
,house,50,inperson,5,1
,house,51,inperson,8,1
,house,51,inperson,9,1
,house,51,inperson,10,1
,house,52,inperson,4,1
,house,52,inperson,13,1
,house,54,inperson,8,1
,house,54,inperson,12,1
,house,55,inperson,10,2
,house,55,inperson,11,1
,house,56,inperson,5,1
,house,57,inperson,5,1
,house,57,inperson,7,1
,house,57,inperson,9,1
,house,59,inperson,4,1
,house,60,inperson,7,1
,house,60,inperson,8,1
,house,61,inperson,8,2
,house,67,inperson,4,1
,house,67,inperson,7,1
,house,68,inperson,7,1
,house,69,inperson,7,3
,house,7,inperson,19,1
,house,73,inperson,4,3
,house,75,inperson,5,1
,house,75,inperson,7,1
,house,75,inperson,9,1
,house,76,inperson,4,1
,house,76,inperson,13,1
,house,77,inperson,4,1
,house,77,inperson,8,1
,house,77,inperson,11,1
,house,82,inperson,5,1
,house,84,inperson,4,1
,house,85,inperson,8,1
,house,86,inperson,4,3
,house,87,inperson,9,1
,house,88,inperson,5,1
,house,89,inperson,5,1
,house,90,inperson,4,1
,house,90,inperson,5,1
,house,92,inperson,8,1
,house,92,inperson,10,1
,house,95,inperson,7,1
,house,99,inperson,4,2
,senate,10,inperson,4,2
,senate,14,inperson,4,1
,senate,14,inperson,8,2
,senate,14,inperson,9,1
,senate,14,inperson,10,1
,senate,14,inperson,12,1
,senate,16,inperson,4,3
,senate,16,inperson,5,1
,senate,17,inperson,5,1
,senate,17,inperson,9,1
,senate,18,inperson,5,1
,senate,19,inperson,11,1
,senate,21,inperson,5,1
,senate,21,inperson,7,1
,senate,21,inperson,13,1
,senate,24,inperson,4,1
,senate,24,inperson,6,1
,senate,28,inperson,5,1
,senate,3,inperson,7,1
,senate,3,inperson,8,1
,senate,32,inperson,4,2
,senate,32,inperson,6,2
,senate,32,inperson,7,1
,senate,32,inperson,8,2
,senate,33,inperson,5,1
,senate,33,inperson,7,2
,senate,33,inperson,10,1
,senate,34,inperson,4,1
,senate,34,inperson,7,1
,senate,34,inperson,8,1
,senate,34,inperson,11,1
,senate,35,inperson,5,2
,senate,35,inperson,6,2
,senate,35,inperson,8,3
,senate,36,inperson,5,1
,senate,37,inperson,5,1
,senate,37,inperson,7,1
,senate,37,inperson,12,1
,senate,38,inperson,4,2
,senate,38,inperson,7,3
,senate,38,inperson,10,2
,senate,38,inperson,11,1
,senate,39,inperson,5,1
,senate,39,inperson,7,4
,senate,39,inperson,9,1
,senate,4,inperson,4,2
,senate,4,inperson,8,1
,senate,40,inperson,13,1
,senate,41,inperson,4,2
,senate,41,inperson,8,1
,senate,41,inperson,9,1
,senate,43,inperson,5,1
,senate,43,inperson,8,1
,senate,43,inperson,10,1
,senate,44,inperson,4,3
,senate,44,inperson,5,2
,senate,44,inperson,13,1
,senate,45,inperson,4,1
,senate,46,inperson,6,1
,senate,48,inperson,4,1
,senate,48,inperson,5,1
,senate,49,inperson,4,1
,senate,49,inperson,7,1
,senate,49,inperson,12,6
,senate,5,inperson,6,1
,senate,51,inperson,19,1
,senate,52,inperson,4,1
,senate,53,inperson,4,1
,senate,53,inperson,10,1
,senate,55,inperson,5,1
,senate,55,inperson,6,1
,senate,55,inperson,7,1
,senate,56,inperson,5,1
,senate,56,inperson,7,1
,senate,56,inperson,14,2
,senate,56,inperson,15,1
,senate,7,inperson,4,2
,senate,8,inperson,7,1
,senate,9,inperson,5,1
APPLING,house,157,inperson,4,321
APPLING,house,157,inperson,5,177
APPLING,house,157,inperson,6,179
APPLING,house,157,inperson,7,233
APPLING,house,157,inperson,8,242
APPLING,house,157,inperson,10,96
APPLING,house,157,inperson,11,283
APPLING,house,157,inperson,12,246
APPLING,house,157,inperson,13,218
APPLING,house,157,inperson,14,227
APPLING,house,157,inperson,15,285
APPLING,house,157,inperson,17,87
APPLING,house,157,inperson,18,338
APPLING,house,157,inperson,19,223
APPLING,house,157,inperson,20,313
APPLING,house,157,inperson,21,299
APPLING,house,157,mail,0,5
APPLING,house,157,mail,1,18
APPLING,house,157,mail,4,5
APPLING,house,157,mail,5,13
APPLING,house,157,mail,6,12
APPLING,house,157,mail,7,18
APPLING,house,157,mail,8,18
APPLING,house,157,mail,10,6
APPLING,house,157,mail,11,12
APPLING,house,157,mail,12,10
APPLING,house,157,mail,13,14
APPLING,house,157,mail,14,13
APPLING,house,157,mail,15,23
APPLING,house,157,mail,17,12
APPLING,house,157,mail,18,19
APPLING,house,157,mail,19,26
APPLING,house,157,mail,20,12
APPLING,house,157,mail,21,35
APPLING,house,157,mail,22,17
APPLING,house,157,mail,25,17
APPLING,house,157,mail,26,4
APPLING,house,178,inperson,4,158
APPLING,house,178,inperson,5,79
APPLING,house,178,inperson,6,99
APPLING,house,178,inperson,7,119
APPLING,house,178,inperson,8,107
APPLING,house,178,inperson,10,47
APPLING,house,178,inperson,11,149
APPLING,house,178,inperson,12,118
APPLING,house,178,inperson,13,97
APPLING,house,178,inperson,14,121
APPLING,house,178,inperson,15,130
APPLING,house,178,inperson,17,51
APPLING,house,178,inperson,18,162
APPLING,house,178,inperson,19,130
APPLING,house,178,inperson,20,117
APPLING,house,178,inperson,21,149
APPLING,house,178,mail,0,1
APPLING,house,178,mail,1,5
APPLING,house,178,mail,4,1
APPLING,house,178,mail,5,3
APPLING,house,178,mail,6,7
APPLING,house,178,mail,7,3
APPLING,house,178,mail,8,2
APPLING,house,178,mail,10,3
APPLING,house,178,mail,11,8
APPLING,house,178,mail,12,4
APPLING,house,178,mail,13,10
APPLING,house,178,mail,14,7
APPLING,house,178,mail,15,12
APPLING,house,178,mail,17,9
APPLING,house,178,mail,18,9
APPLING,house,178,mail,19,18
APPLING,house,178,mail,20,1
APPLING,house,178,mail,21,14
APPLING,house,178,mail,22,5
APPLING,house,178,mail,25,1
APPLING,senate,19,inperson,4,479
APPLING,senate,19,inperson,5,256
APPLING,senate,19,inperson,6,278
APPLING,senate,19,inperson,7,352
APPLING,senate,19,inperson,8,349
APPLING,senate,19,inperson,10,143
APPLING,senate,19,inperson,11,432
APPLING,senate,19,inperson,12,364
APPLING,senate,19,inperson,13,315
APPLING,senate,19,inperson,14,348
APPLING,senate,19,inperson,15,415
APPLING,senate,19,inperson,17,138
APPLING,senate,19,inperson,18,500
APPLING,senate,19,inperson,19,353
APPLING,senate,19,inperson,20,430
APPLING,senate,19,inperson,21,448
APPLING,senate,19,mail,0,6
APPLING,senate,19,mail,1,23
APPLING,senate,19,mail,4,6
APPLING,senate,19,mail,5,16
APPLING,senate,19,mail,6,19
APPLING,senate,19,mail,7,21
APPLING,senate,19,mail,8,20
APPLING,senate,19,mail,10,9
APPLING,senate,19,mail,11,20
APPLING,senate,19,mail,12,14
APPLING,senate,19,mail,13,24
APPLING,senate,19,mail,14,20
APPLING,senate,19,mail,15,35
APPLING,senate,19,mail,17,21
APPLING,senate,19,mail,18,28
APPLING,senate,19,mail,19,44
APPLING,senate,19,mail,20,13
APPLING,senate,19,mail,21,49
APPLING,senate,19,mail,22,22
APPLING,senate,19,mail,25,18
APPLING,senate,19,mail,26,4
ATKINSON,house,176,inperson,4,207
ATKINSON,house,176,inperson,5,142
ATKINSON,house,176,inperson,6,107
ATKINSON,house,176,inperson,7,158
ATKINSON,house,176,inperson,8,126
ATKINSON,house,176,inperson,10,95
ATKINSON,house,176,inperson,11,181
ATKINSON,house,176,inperson,12,129
ATKINSON,house,176,inperson,13,113
ATKINSON,house,176,inperson,14,110
ATKINSON,house,176,inperson,15,91
ATKINSON,house,176,inperson,17,34
ATKINSON,house,176,inperson,18,125
ATKINSON,house,176,inperson,19,71
ATKINSON,house,176,inperson,20,93
ATKINSON,house,176,inperson,21,92
ATKINSON,house,176,mail,0,2
ATKINSON,house,176,mail,1,5
ATKINSON,house,176,mail,4,4
ATKINSON,house,176,mail,5,6
ATKINSON,house,176,mail,7,6
ATKINSON,house,176,mail,11,2
ATKINSON,house,176,mail,12,5
ATKINSON,house,176,mail,13,6
ATKINSON,house,176,mail,14,2
ATKINSON,house,176,mail,15,12
ATKINSON,house,176,mail,17,2
ATKINSON,house,176,mail,18,5
ATKINSON,house,176,mail,19,1
ATKINSON,house,176,mail,20,10
ATKINSON,house,176,mail,21,7
ATKINSON,house,176,mail,22,3
ATKINSON,house,176,mail,25,1
ATKINSON,house,176,mail,26,3
ATKINSON,house,176,mail,27,2
ATKINSON,senate,8,inperson,4,207
ATKINSON,senate,8,inperson,5,142
ATKINSON,senate,8,inperson,6,107
ATKINSON,senate,8,inperson,7,158
ATKINSON,senate,8,inperson,8,126
ATKINSON,senate,8,inperson,10,95
ATKINSON,senate,8,inperson,11,181
ATKINSON,senate,8,inperson,12,129
ATKINSON,senate,8,inperson,13,113
ATKINSON,senate,8,inperson,14,110
ATKINSON,senate,8,inperson,15,91
ATKINSON,senate,8,inperson,17,34
ATKINSON,senate,8,inperson,18,125
ATKINSON,senate,8,inperson,19,71
ATKINSON,senate,8,inperson,20,93
ATKINSON,senate,8,inperson,21,92
ATKINSON,senate,8,mail,0,2
ATKINSON,senate,8,mail,1,5
ATKINSON,senate,8,mail,4,4
ATKINSON,senate,8,mail,5,6
ATKINSON,senate,8,mail,7,6
ATKINSON,senate,8,mail,11,2
ATKINSON,senate,8,mail,12,5
ATKINSON,senate,8,mail,13,6
ATKINSON,senate,8,mail,14,2
ATKINSON,senate,8,mail,15,12
ATKINSON,senate,8,mail,17,2
ATKINSON,senate,8,mail,18,5
ATKINSON,senate,8,mail,19,1
ATKINSON,senate,8,mail,20,10
ATKINSON,senate,8,mail,21,7
ATKINSON,senate,8,mail,22,3
ATKINSON,senate,8,mail,25,1
ATKINSON,senate,8,mail,26,3
ATKINSON,senate,8,mail,27,2
BACON,house,178,inperson,4,253
BACON,house,178,inperson,5,162
BACON,house,178,inperson,6,148
BACON,house,178,inperson,7,187
BACON,house,178,inperson,8,188
BACON,house,178,inperson,10,170
BACON,house,178,inperson,11,284
BACON,house,178,inperson,12,235
BACON,house,178,inperson,13,212
BACON,house,178,inperson,14,249
BACON,house,178,inperson,15,274
BACON,house,178,inperson,17,167
BACON,house,178,inperson,18,372
BACON,house,178,inperson,19,318
BACON,house,178,inperson,20,350
BACON,house,178,inperson,21,372
BACON,house,178,mail,0,5
BACON,house,178,mail,1,8
BACON,house,178,mail,4,1
BACON,house,178,mail,5,4
BACON,house,178,mail,6,10
BACON,house,178,mail,7,1
BACON,house,178,mail,8,10
BACON,house,178,mail,11,3
BACON,house,178,mail,12,13
BACON,house,178,mail,13,3
BACON,house,178,mail,14,5
BACON,house,178,mail,15,11
BACON,house,178,mail,18,9
BACON,house,178,mail,19,25
BACON,house,178,mail,20,7
BACON,house,178,mail,21,21
BACON,house,178,mail,22,4
BACON,house,178,mail,25,1
BACON,house,178,mail,26,6
BACON,house,178,mail,27,1
BACON,house,178,mail,28,1
BACON,senate,19,inperson,4,253
BACON,senate,19,inperson,5,162
BACON,senate,19,inperson,6,148
BACON,senate,19,inperson,7,187
BACON,senate,19,inperson,8,188
BACON,senate,19,inperson,10,170
BACON,senate,19,inperson,11,284
BACON,senate,19,inperson,12,235
BACON,senate,19,inperson,13,212
BACON,senate,19,inperson,14,249
BACON,senate,19,inperson,15,274
BACON,senate,19,inperson,17,167
BACON,senate,19,inperson,18,372
BACON,senate,19,inperson,19,318
BACON,senate,19,inperson,20,350
BACON,senate,19,inperson,21,372
BACON,senate,19,mail,0,5
BACON,senate,19,mail,1,8
BACON,senate,19,mail,4,1
BACON,senate,19,mail,5,4
BACON,senate,19,mail,6,10
BACON,senate,19,mail,7,1
BACON,senate,19,mail,8,10
BACON,senate,19,mail,11,3
BACON,senate,19,mail,12,13
BACON,senate,19,mail,13,3
BACON,senate,19,mail,14,5
BACON,senate,19,mail,15,11
BACON,senate,19,mail,18,9
BACON,senate,19,mail,19,25
BACON,senate,19,mail,20,7
BACON,senate,19,mail,21,21
BACON,senate,19,mail,22,4
BACON,senate,19,mail,25,1
BACON,senate,19,mail,26,6
BACON,senate,19,mail,27,1
BACON,senate,19,mail,28,1
BAKER,house,154,inperson,4,74
BAKER,house,154,inperson,5,56
BAKER,house,154,inperson,6,34
BAKER,house,154,inperson,7,46
BAKER,house,154,inperson,8,42
BAKER,house,154,inperson,10,48
BAKER,house,154,inperson,11,51
BAKER,house,154,inperson,12,40
BAKER,house,154,inperson,13,49
BAKER,house,154,inperson,14,67
BAKER,house,154,inperson,15,56
BAKER,house,154,inperson,17,24
BAKER,house,154,inperson,18,61
BAKER,house,154,inperson,19,74
BAKER,house,154,inperson,20,59
BAKER,house,154,inperson,21,75
BAKER,house,154,mail,0,4
BAKER,house,154,mail,1,8
BAKER,house,154,mail,4,5
BAKER,house,154,mail,5,4
BAKER,house,154,mail,6,5
BAKER,house,154,mail,7,3
BAKER,house,154,mail,8,6
BAKER,house,154,mail,10,1
BAKER,house,154,mail,11,4
BAKER,house,154,mail,12,6
BAKER,house,154,mail,13,14
BAKER,house,154,mail,14,11
BAKER,house,154,mail,15,10
BAKER,house,154,mail,18,21
BAKER,house,154,mail,19,4
BAKER,house,154,mail,20,9
BAKER,house,154,mail,21,11
BAKER,house,154,mail,22,7
BAKER,house,154,mail,25,2
BAKER,house,154,mail,169,1
BAKER,senate,12,inperson,4,74
BAKER,senate,12,inperson,5,56
BAKER,senate,12,inperson,6,34
BAKER,senate,12,inperson,7,46
BAKER,senate,12,inperson,8,42
BAKER,senate,12,inperson,10,48
BAKER,senate,12,inperson,11,51
BAKER,senate,12,inperson,12,40
BAKER,senate,12,inperson,13,49
BAKER,senate,12,inperson,14,67
BAKER,senate,12,inperson,15,56
BAKER,senate,12,inperson,17,24
BAKER,senate,12,inperson,18,61
BAKER,senate,12,inperson,19,74
BAKER,senate,12,inperson,20,59
BAKER,senate,12,inperson,21,75
BAKER,senate,12,mail,0,4
BAKER,senate,12,mail,1,8
BAKER,senate,12,mail,4,5
BAKER,senate,12,mail,5,4
BAKER,senate,12,mail,6,5
BAKER,senate,12,mail,7,3
BAKER,senate,12,mail,8,6
BAKER,senate,12,mail,10,1
BAKER,senate,12,mail,11,4
BAKER,senate,12,mail,12,6
BAKER,senate,12,mail,13,14
BAKER,senate,12,mail,14,11
BAKER,senate,12,mail,15,10
BAKER,senate,12,mail,18,21
BAKER,senate,12,mail,19,4
BAKER,senate,12,mail,20,9
BAKER,senate,12,mail,21,11
BAKER,senate,12,mail,22,7
BAKER,senate,12,mail,25,2
BAKER,senate,12,mail,169,1
BALDWIN,house,128,inperson,4,156
BALDWIN,house,128,inperson,5,87
BALDWIN,house,128,inperson,6,79
BALDWIN,house,128,inperson,7,125
BALDWIN,house,128,inperson,8,101
BALDWIN,house,128,inperson,10,80
BALDWIN,house,128,inperson,11,117
BALDWIN,house,128,inperson,12,108
BALDWIN,house,128,inperson,13,110
BALDWIN,house,128,inperson,14,144
BALDWIN,house,128,inperson,15,153
BALDWIN,house,128,inperson,17,101
BALDWIN,house,128,inperson,18,216
BALDWIN,house,128,inperson,19,177
BALDWIN,house,128,inperson,20,208
BALDWIN,house,128,inperson,21,202
BALDWIN,house,128,mail,0,7
BALDWIN,house,128,mail,1,5
BALDWIN,house,128,mail,4,2
BALDWIN,house,128,mail,5,5
BALDWIN,house,128,mail,6,4
BALDWIN,house,128,mail,7,4
BALDWIN,house,128,mail,8,6
BALDWIN,house,128,mail,10,1
BALDWIN,house,128,mail,11,6
BALDWIN,house,128,mail,12,6
BALDWIN,house,128,mail,13,16
BALDWIN,house,128,mail,14,25
BALDWIN,house,128,mail,15,18
BALDWIN,house,128,mail,17,5
BALDWIN,house,128,mail,18,13
BALDWIN,house,128,mail,19,12
BALDWIN,house,128,mail,20,7
BALDWIN,house,128,mail,25,1
BALDWIN,house,149,inperson,4,779
BALDWIN,house,149,inperson,5,492
BALDWIN,house,149,inperson,6,465
BALDWIN,house,149,inperson,7,523
BALDWIN,house,149,inperson,8,536
BALDWIN,house,149,inperson,10,380
BALDWIN,house,149,inperson,11,700
BALDWIN,house,149,inperson,12,514
BALDWIN,house,149,inperson,13,602
BALDWIN,house,149,inperson,14,706
BALDWIN,house,149,inperson,15,761
BALDWIN,house,149,inperson,17,507
BALDWIN,house,149,inperson,18,971
BALDWIN,house,149,inperson,19,922
BALDWIN,house,149,inperson,20,1051
BALDWIN,house,149,inperson,21,1122
BALDWIN,house,149,mail,0,26
BALDWIN,house,149,mail,1,49
BALDWIN,house,149,mail,4,49
BALDWIN,house,149,mail,5,38
BALDWIN,house,149,mail,6,28
BALDWIN,house,149,mail,7,42
BALDWIN,house,149,mail,8,62
BALDWIN,house,149,mail,10,3
BALDWIN,house,149,mail,11,31
BALDWIN,house,149,mail,12,49
BALDWIN,house,149,mail,13,69
BALDWIN,house,149,mail,14,113
BALDWIN,house,149,mail,15,118
BALDWIN,house,149,mail,17,6
BALDWIN,house,149,mail,18,83
BALDWIN,house,149,mail,19,94
BALDWIN,house,149,mail,20,70
BALDWIN,house,149,mail,21,33
BALDWIN,house,149,mail,25,1
BALDWIN,house,149,mail,29,2
BALDWIN,house,149,mail,36,1
BALDWIN,house,61,inperson,6,1
BALDWIN,senate,25,inperson,4,935
BALDWIN,senate,25,inperson,5,579
BALDWIN,senate,25,inperson,6,544
BALDWIN,senate,25,inperson,7,648
BALDWIN,senate,25,inperson,8,637
BALDWIN,senate,25,inperson,10,460
BALDWIN,senate,25,inperson,11,817
BALDWIN,senate,25,inperson,12,622
BALDWIN,senate,25,inperson,13,712
BALDWIN,senate,25,inperson,14,850
BALDWIN,senate,25,inperson,15,914
BALDWIN,senate,25,inperson,17,608
BALDWIN,senate,25,inperson,18,1187
BALDWIN,senate,25,inperson,19,1099
BALDWIN,senate,25,inperson,20,1259
BALDWIN,senate,25,inperson,21,1324
BALDWIN,senate,25,mail,0,33
BALDWIN,senate,25,mail,1,54
BALDWIN,senate,25,mail,4,51
BALDWIN,senate,25,mail,5,43
BALDWIN,senate,25,mail,6,32
BALDWIN,senate,25,mail,7,46
BALDWIN,senate,25,mail,8,68
BALDWIN,senate,25,mail,10,4
BALDWIN,senate,25,mail,11,37
BALDWIN,senate,25,mail,12,55
BALDWIN,senate,25,mail,13,85
BALDWIN,senate,25,mail,14,138
BALDWIN,senate,25,mail,15,136
BALDWIN,senate,25,mail,17,11
BALDWIN,senate,25,mail,18,96
BALDWIN,senate,25,mail,19,106
BALDWIN,senate,25,mail,20,77
BALDWIN,senate,25,mail,21,33
BALDWIN,senate,25,mail,25,2
BALDWIN,senate,25,mail,29,2
BALDWIN,senate,25,mail,36,1
BALDWIN,senate,35,inperson,6,1
BANKS,house,32,inperson,4,605
BANKS,house,32,inperson,5,387
BANKS,house,32,inperson,6,399
BANKS,house,32,inperson,7,369
BANKS,house,32,inperson,8,456
BANKS,house,32,inperson,10,390
BANKS,house,32,inperson,11,585
BANKS,house,32,inperson,12,432
BANKS,house,32,inperson,13,450
BANKS,house,32,inperson,14,477
BANKS,house,32,inperson,15,511
BANKS,house,32,inperson,17,389
BANKS,house,32,inperson,18,711
BANKS,house,32,inperson,19,612
BANKS,house,32,inperson,20,585
BANKS,house,32,inperson,21,712
BANKS,house,32,mail,0,24
BANKS,house,32,mail,1,5
BANKS,house,32,mail,4,15
BANKS,house,32,mail,5,18
BANKS,house,32,mail,6,12
BANKS,house,32,mail,7,11
BANKS,house,32,mail,8,14
BANKS,house,32,mail,10,1
BANKS,house,32,mail,11,15
BANKS,house,32,mail,12,16
BANKS,house,32,mail,13,22
BANKS,house,32,mail,14,16
BANKS,house,32,mail,15,44
BANKS,house,32,mail,18,21
BANKS,house,32,mail,19,39
BANKS,house,32,mail,20,18
BANKS,house,32,mail,21,34
BANKS,house,32,mail,22,4
BANKS,house,32,mail,25,4
BANKS,house,32,mail,26,3
BANKS,senate,50,inperson,4,605
BANKS,senate,50,inperson,5,387
BANKS,senate,50,inperson,6,399
BANKS,senate,50,inperson,7,369
BANKS,senate,50,inperson,8,456
BANKS,senate,50,inperson,10,390
BANKS,senate,50,inperson,11,585
BANKS,senate,50,inperson,12,432
BANKS,senate,50,inperson,13,450
BANKS,senate,50,inperson,14,477
BANKS,senate,50,inperson,15,511
BANKS,senate,50,inperson,17,389
BANKS,senate,50,inperson,18,711
BANKS,senate,50,inperson,19,612
BANKS,senate,50,inperson,20,585
BANKS,senate,50,inperson,21,712
BANKS,senate,50,mail,0,24
BANKS,senate,50,mail,1,5
BANKS,senate,50,mail,4,15
BANKS,senate,50,mail,5,18
BANKS,senate,50,mail,6,12
BANKS,senate,50,mail,7,11
BANKS,senate,50,mail,8,14
BANKS,senate,50,mail,10,1
BANKS,senate,50,mail,11,15
BANKS,senate,50,mail,12,16
BANKS,senate,50,mail,13,22
BANKS,senate,50,mail,14,16
BANKS,senate,50,mail,15,44
BANKS,senate,50,mail,18,21
BANKS,senate,50,mail,19,39
BANKS,senate,50,mail,20,18
BANKS,senate,50,mail,21,34
BANKS,senate,50,mail,22,4
BANKS,senate,50,mail,25,4
BANKS,senate,50,mail,26,3
BARROW,house,104,inperson,4,697
BARROW,house,104,inperson,5,513
BARROW,house,104,inperson,6,385
BARROW,house,104,inperson,7,428
BARROW,house,104,inperson,8,414
BARROW,house,104,inperson,10,471
BARROW,house,104,inperson,11,476
BARROW,house,104,inperson,12,397
BARROW,house,104,inperson,13,371
BARROW,house,104,inperson,14,400
BARROW,house,104,inperson,15,523
BARROW,house,104,inperson,17,440
BARROW,house,104,inperson,18,505
BARROW,house,104,inperson,19,367
BARROW,house,104,inperson,20,475
BARROW,house,104,inperson,21,509
BARROW,house,104,mail,0,26
BARROW,house,104,mail,1,23
BARROW,house,104,mail,4,26
BARROW,house,104,mail,5,26
BARROW,house,104,mail,6,30
BARROW,house,104,mail,7,8
BARROW,house,104,mail,8,39
BARROW,house,104,mail,11,23
BARROW,house,104,mail,12,32
BARROW,house,104,mail,13,23
BARROW,house,104,mail,14,19
BARROW,house,104,mail,15,45
BARROW,house,104,mail,18,23
BARROW,house,104,mail,19,48
BARROW,house,104,mail,20,39
BARROW,house,104,mail,21,43
BARROW,house,104,mail,25,8
BARROW,house,104,mail,26,5
BARROW,house,104,mail,27,3
BARROW,house,104,mail,29,3
BARROW,house,104,mail,40,1
BARROW,house,119,inperson,4,1583
BARROW,house,119,inperson,5,1151
BARROW,house,119,inperson,6,1089
BARROW,house,119,inperson,7,1079
BARROW,house,119,inperson,8,1218
BARROW,house,119,inperson,10,1161
BARROW,house,119,inperson,11,1256
BARROW,house,119,inperson,12,1033
BARROW,house,119,inperson,13,1155
BARROW,house,119,inperson,14,1222
BARROW,house,119,inperson,15,1336
BARROW,house,119,inperson,17,1174
BARROW,house,119,inperson,18,1527
BARROW,house,119,inperson,19,1434
BARROW,house,119,inperson,20,1507
BARROW,house,119,inperson,21,1562
BARROW,house,119,mail,0,37
BARROW,house,119,mail,1,78
BARROW,house,119,mail,4,48
BARROW,house,119,mail,5,39
BARROW,house,119,mail,6,43
BARROW,house,119,mail,7,45
BARROW,house,119,mail,8,97
BARROW,house,119,mail,11,72
BARROW,house,119,mail,12,71
BARROW,house,119,mail,13,71
BARROW,house,119,mail,14,87
BARROW,house,119,mail,15,144
BARROW,house,119,mail,18,78
BARROW,house,119,mail,19,115
BARROW,house,119,mail,20,120
BARROW,house,119,mail,21,131
BARROW,house,119,mail,25,18
BARROW,house,119,mail,26,11
BARROW,house,119,mail,27,4
BARROW,house,119,mail,29,1
BARROW,house,119,mail,36,1
BARROW,house,120,inperson,4,152
BARROW,house,120,inperson,5,94
BARROW,house,120,inperson,6,92
BARROW,house,120,inperson,7,94
BARROW,house,120,inperson,8,115
BARROW,house,120,inperson,10,108
BARROW,house,120,inperson,11,119
BARROW,house,120,inperson,12,96
BARROW,house,120,inperson,13,86
BARROW,house,120,inperson,14,97
BARROW,house,120,inperson,15,114
BARROW,house,120,inperson,17,105
BARROW,house,120,inperson,18,140
BARROW,house,120,inperson,19,125
BARROW,house,120,inperson,20,100
BARROW,house,120,inperson,21,107
BARROW,house,120,mail,0,3
BARROW,house,120,mail,1,7
BARROW,house,120,mail,4,6
BARROW,house,120,mail,5,2
BARROW,house,120,mail,6,3
BARROW,house,120,mail,7,7
BARROW,house,120,mail,8,6
BARROW,house,120,mail,11,8
BARROW,house,120,mail,12,6
BARROW,house,120,mail,13,12
BARROW,house,120,mail,14,1
BARROW,house,120,mail,15,16
BARROW,house,120,mail,18,4
BARROW,house,120,mail,19,5
BARROW,house,120,mail,20,10
BARROW,house,120,mail,21,5
BARROW,house,120,mail,25,2
BARROW,house,120,mail,26,4
BARROW,house,120,mail,29,1
BARROW,senate,45,inperson,4,1085
BARROW,senate,45,inperson,5,797
BARROW,senate,45,inperson,6,734
BARROW,senate,45,inperson,7,743
BARROW,senate,45,inperson,8,777
BARROW,senate,45,inperson,10,729
BARROW,senate,45,inperson,11,811
BARROW,senate,45,inperson,12,682
BARROW,senate,45,inperson,13,747
BARROW,senate,45,inperson,14,739
BARROW,senate,45,inperson,15,899
BARROW,senate,45,inperson,17,775
BARROW,senate,45,inperson,18,938
BARROW,senate,45,inperson,19,817
BARROW,senate,45,inperson,20,972
BARROW,senate,45,inperson,21,974
BARROW,senate,45,mail,0,42
BARROW,senate,45,mail,1,47
BARROW,senate,45,mail,4,49
BARROW,senate,45,mail,5,37
BARROW,senate,45,mail,6,33
BARROW,senate,45,mail,7,24
BARROW,senate,45,mail,8,60
BARROW,senate,45,mail,11,42
BARROW,senate,45,mail,12,57
BARROW,senate,45,mail,13,45
BARROW,senate,45,mail,14,55
BARROW,senate,45,mail,15,107
BARROW,senate,45,mail,18,48
BARROW,senate,45,mail,19,82
BARROW,senate,45,mail,20,76
BARROW,senate,45,mail,21,85
BARROW,senate,45,mail,25,12
BARROW,senate,45,mail,26,10
BARROW,senate,45,mail,27,4
BARROW,senate,45,mail,29,2
BARROW,senate,46,inperson,4,499
BARROW,senate,46,inperson,5,363
BARROW,senate,46,inperson,6,272
BARROW,senate,46,inperson,7,287
BARROW,senate,46,inperson,8,286
BARROW,senate,46,inperson,10,364
BARROW,senate,46,inperson,11,369
BARROW,senate,46,inperson,12,289
BARROW,senate,46,inperson,13,232
BARROW,senate,46,inperson,14,285
BARROW,senate,46,inperson,15,353
BARROW,senate,46,inperson,17,323
BARROW,senate,46,inperson,18,378
BARROW,senate,46,inperson,19,297
BARROW,senate,46,inperson,20,337
BARROW,senate,46,inperson,21,372
BARROW,senate,46,mail,0,11
BARROW,senate,46,mail,1,20
BARROW,senate,46,mail,4,13
BARROW,senate,46,mail,5,15
BARROW,senate,46,mail,6,23
BARROW,senate,46,mail,7,11
BARROW,senate,46,mail,8,28
BARROW,senate,46,mail,11,24
BARROW,senate,46,mail,12,20
BARROW,senate,46,mail,13,15
BARROW,senate,46,mail,14,16
BARROW,senate,46,mail,15,31
BARROW,senate,46,mail,18,20
BARROW,senate,46,mail,19,27
BARROW,senate,46,mail,20,37
BARROW,senate,46,mail,21,40
BARROW,senate,46,mail,25,2
BARROW,senate,46,mail,26,5
BARROW,senate,46,mail,29,1
BARROW,senate,46,mail,40,1
BARROW,senate,47,inperson,4,848
BARROW,senate,47,inperson,5,598
BARROW,senate,47,inperson,6,560
BARROW,senate,47,inperson,7,571
BARROW,senate,47,inperson,8,684
BARROW,senate,47,inperson,10,647
BARROW,senate,47,inperson,11,671
BARROW,senate,47,inperson,12,555
BARROW,senate,47,inperson,13,633
BARROW,senate,47,inperson,14,695
BARROW,senate,47,inperson,15,721
BARROW,senate,47,inperson,17,621
BARROW,senate,47,inperson,18,856
BARROW,senate,47,inperson,19,812
BARROW,senate,47,inperson,20,773
BARROW,senate,47,inperson,21,832
BARROW,senate,47,mail,0,13
BARROW,senate,47,mail,1,41
BARROW,senate,47,mail,4,18
BARROW,senate,47,mail,5,15
BARROW,senate,47,mail,6,20
BARROW,senate,47,mail,7,25
BARROW,senate,47,mail,8,54
BARROW,senate,47,mail,11,37
BARROW,senate,47,mail,12,32
BARROW,senate,47,mail,13,46
BARROW,senate,47,mail,14,36
BARROW,senate,47,mail,15,67
BARROW,senate,47,mail,18,37
BARROW,senate,47,mail,19,59
BARROW,senate,47,mail,20,56
BARROW,senate,47,mail,21,54
BARROW,senate,47,mail,25,14
BARROW,senate,47,mail,26,5
BARROW,senate,47,mail,27,3
BARROW,senate,47,mail,29,2
BARROW,senate,47,mail,36,1
BARTOW,house,14,inperson,4,1849
BARTOW,house,14,inperson,5,1343
BARTOW,house,14,inperson,6,1501
BARTOW,house,14,inperson,7,1776
BARTOW,house,14,inperson,8,1880
BARTOW,house,14,inperson,10,879
BARTOW,house,14,inperson,11,1061
BARTOW,house,14,inperson,12,891
BARTOW,house,14,inperson,13,983
BARTOW,house,14,inperson,14,974
BARTOW,house,14,inperson,15,965
BARTOW,house,14,inperson,17,781
BARTOW,house,14,inperson,18,983
BARTOW,house,14,inperson,19,912
BARTOW,house,14,inperson,20,852
BARTOW,house,14,inperson,21,850
BARTOW,house,14,mail,0,35
BARTOW,house,14,mail,1,52
BARTOW,house,14,mail,4,35
BARTOW,house,14,mail,5,45
BARTOW,house,14,mail,6,33
BARTOW,house,14,mail,7,40
BARTOW,house,14,mail,8,82
BARTOW,house,14,mail,10,7
BARTOW,house,14,mail,11,42
BARTOW,house,14,mail,12,49
BARTOW,house,14,mail,13,79
BARTOW,house,14,mail,14,24
BARTOW,house,14,mail,15,107
BARTOW,house,14,mail,17,4
BARTOW,house,14,mail,18,91
BARTOW,house,14,mail,19,35
BARTOW,house,14,mail,20,65
BARTOW,house,14,mail,21,124
BARTOW,house,14,mail,22,24
BARTOW,house,14,mail,25,29
BARTOW,house,14,mail,26,18
BARTOW,house,14,mail,27,1
BARTOW,house,14,mail,28,4
BARTOW,house,14,mail,32,1
BARTOW,house,14,mail,35,2
BARTOW,house,15,inperson,4,1829
BARTOW,house,15,inperson,5,1334
BARTOW,house,15,inperson,6,1336
BARTOW,house,15,inperson,7,1420
BARTOW,house,15,inperson,8,1915
BARTOW,house,15,inperson,10,1023
BARTOW,house,15,inperson,11,1259
BARTOW,house,15,inperson,12,1153
BARTOW,house,15,inperson,13,1149
BARTOW,house,15,inperson,14,1226
BARTOW,house,15,inperson,15,1315
BARTOW,house,15,inperson,17,1044
BARTOW,house,15,inperson,18,1274
BARTOW,house,15,inperson,19,1219
BARTOW,house,15,inperson,20,1295
BARTOW,house,15,inperson,21,1444
BARTOW,house,15,mail,0,43
BARTOW,house,15,mail,1,62
BARTOW,house,15,mail,4,34
BARTOW,house,15,mail,5,48
BARTOW,house,15,mail,6,61
BARTOW,house,15,mail,7,63
BARTOW,house,15,mail,8,80
BARTOW,house,15,mail,10,7
BARTOW,house,15,mail,11,69
BARTOW,house,15,mail,12,62
BARTOW,house,15,mail,13,99
BARTOW,house,15,mail,14,38
BARTOW,house,15,mail,15,168
BARTOW,house,15,mail,17,10
BARTOW,house,15,mail,18,126
BARTOW,house,15,mail,19,68
BARTOW,house,15,mail,20,64
BARTOW,house,15,mail,21,187
BARTOW,house,15,mail,22,27
BARTOW,house,15,mail,25,61
BARTOW,house,15,mail,26,30
BARTOW,house,15,mail,27,4
BARTOW,house,15,mail,28,3
BARTOW,house,15,mail,29,1
BARTOW,house,15,mail,32,4
BARTOW,house,15,mail,33,1
BARTOW,house,15,mail,36,1
BARTOW,house,15,mail,42,2
BARTOW,house,15,mail,43,1
BARTOW,senate,37,inperson,4,385
BARTOW,senate,37,inperson,5,288
BARTOW,senate,37,inperson,6,301
BARTOW,senate,37,inperson,7,402
BARTOW,senate,37,inperson,8,850
BARTOW,senate,37,inperson,10,99
BARTOW,senate,37,inperson,11,113
BARTOW,senate,37,inperson,12,102
BARTOW,senate,37,inperson,13,117
BARTOW,senate,37,inperson,14,132
BARTOW,senate,37,inperson,15,138
BARTOW,senate,37,inperson,17,78
BARTOW,senate,37,inperson,18,156
BARTOW,senate,37,inperson,19,114
BARTOW,senate,37,inperson,20,111
BARTOW,senate,37,inperson,21,175
BARTOW,senate,37,mail,0,11
BARTOW,senate,37,mail,1,14
BARTOW,senate,37,mail,4,3
BARTOW,senate,37,mail,5,6
BARTOW,senate,37,mail,6,11
BARTOW,senate,37,mail,7,10
BARTOW,senate,37,mail,8,9
BARTOW,senate,37,mail,11,12
BARTOW,senate,37,mail,12,6
BARTOW,senate,37,mail,13,14
BARTOW,senate,37,mail,14,3
BARTOW,senate,37,mail,15,29
BARTOW,senate,37,mail,18,23
BARTOW,senate,37,mail,19,15
BARTOW,senate,37,mail,20,6
BARTOW,senate,37,mail,21,30
BARTOW,senate,37,mail,22,5
BARTOW,senate,37,mail,25,12
BARTOW,senate,37,mail,26,4
BARTOW,senate,37,mail,42,2
BARTOW,senate,52,inperson,4,3293
BARTOW,senate,52,inperson,5,2389
BARTOW,senate,52,inperson,6,2536
BARTOW,senate,52,inperson,7,2794
BARTOW,senate,52,inperson,8,2945
BARTOW,senate,52,inperson,10,1803
BARTOW,senate,52,inperson,11,2207
BARTOW,senate,52,inperson,12,1942
BARTOW,senate,52,inperson,13,2015
BARTOW,senate,52,inperson,14,2068
BARTOW,senate,52,inperson,15,2142
BARTOW,senate,52,inperson,17,1747
BARTOW,senate,52,inperson,18,2101
BARTOW,senate,52,inperson,19,2017
BARTOW,senate,52,inperson,20,2036
BARTOW,senate,52,inperson,21,2119
BARTOW,senate,52,mail,0,67
BARTOW,senate,52,mail,1,100
BARTOW,senate,52,mail,4,66
BARTOW,senate,52,mail,5,87
BARTOW,senate,52,mail,6,83
BARTOW,senate,52,mail,7,93
BARTOW,senate,52,mail,8,153
BARTOW,senate,52,mail,10,14
BARTOW,senate,52,mail,11,99
BARTOW,senate,52,mail,12,105
BARTOW,senate,52,mail,13,164
BARTOW,senate,52,mail,14,59
BARTOW,senate,52,mail,15,246
BARTOW,senate,52,mail,17,14
BARTOW,senate,52,mail,18,194
BARTOW,senate,52,mail,19,88
BARTOW,senate,52,mail,20,123
BARTOW,senate,52,mail,21,281
BARTOW,senate,52,mail,22,46
BARTOW,senate,52,mail,25,78
BARTOW,senate,52,mail,26,44
BARTOW,senate,52,mail,27,5
BARTOW,senate,52,mail,28,7
BARTOW,senate,52,mail,29,1
BARTOW,senate,52,mail,32,5
BARTOW,senate,52,mail,33,1
BARTOW,senate,52,mail,35,2
BARTOW,senate,52,mail,36,1
BARTOW,senate,52,mail,43,1
BENHILL,house,148,inperson,4,126
BENHILL,house,148,inperson,5,83
BENHILL,house,148,inperson,6,65
BENHILL,house,148,inperson,7,55
BENHILL,house,148,inperson,8,62
BENHILL,house,148,inperson,10,86
BENHILL,house,148,inperson,11,101
BENHILL,house,148,inperson,12,82
BENHILL,house,148,inperson,13,83
BENHILL,house,148,inperson,14,97
BENHILL,house,148,inperson,15,109
BENHILL,house,148,inperson,17,62
BENHILL,house,148,inperson,18,135
BENHILL,house,148,inperson,19,125
BENHILL,house,148,inperson,20,155
BENHILL,house,148,inperson,21,206
BENHILL,house,148,mail,0,1
BENHILL,house,148,mail,1,4
BENHILL,house,148,mail,4,2
BENHILL,house,148,mail,5,6
BENHILL,house,148,mail,7,4
BENHILL,house,148,mail,10,1
BENHILL,house,148,mail,11,3
BENHILL,house,148,mail,12,1
BENHILL,house,148,mail,13,1
BENHILL,house,148,mail,14,7
BENHILL,house,148,mail,15,12
BENHILL,house,148,mail,17,3
BENHILL,house,148,mail,18,2
BENHILL,house,148,mail,19,2
BENHILL,house,148,mail,20,2
BENHILL,house,148,mail,21,9
BENHILL,house,148,mail,22,2
BENHILL,house,148,mail,25,3
BENHILL,house,148,mail,35,1
BENHILL,house,156,inperson,4,195
BENHILL,house,156,inperson,5,149
BENHILL,house,156,inperson,6,158
BENHILL,house,156,inperson,7,149
BENHILL,house,156,inperson,8,163
BENHILL,house,156,inperson,10,126
BENHILL,house,156,inperson,11,200
BENHILL,house,156,inperson,12,179
BENHILL,house,156,inperson,13,177
BENHILL,house,156,inperson,14,190
BENHILL,house,156,inperson,15,236
BENHILL,house,156,inperson,17,158
BENHILL,house,156,inperson,18,265
BENHILL,house,156,inperson,19,309
BENHILL,house,156,inperson,20,416
BENHILL,house,156,inperson,21,488
BENHILL,house,156,mail,0,3
BENHILL,house,156,mail,1,6
BENHILL,house,156,mail,4,5
BENHILL,house,156,mail,5,7
BENHILL,house,156,mail,6,6
BENHILL,house,156,mail,7,8
BENHILL,house,156,mail,8,10
BENHILL,house,156,mail,10,7
BENHILL,house,156,mail,11,12
BENHILL,house,156,mail,12,8
BENHILL,house,156,mail,13,6
BENHILL,house,156,mail,14,18
BENHILL,house,156,mail,15,28
BENHILL,house,156,mail,17,1
BENHILL,house,156,mail,18,29
BENHILL,house,156,mail,19,3
BENHILL,house,156,mail,20,14
BENHILL,house,156,mail,21,21
BENHILL,house,156,mail,22,10
BENHILL,house,156,mail,25,9
BENHILL,house,156,mail,26,5
BENHILL,house,156,mail,27,1
BENHILL,senate,13,inperson,4,321
BENHILL,senate,13,inperson,5,232
BENHILL,senate,13,inperson,6,223
BENHILL,senate,13,inperson,7,204
BENHILL,senate,13,inperson,8,225
BENHILL,senate,13,inperson,10,212
BENHILL,senate,13,inperson,11,301
BENHILL,senate,13,inperson,12,261
BENHILL,senate,13,inperson,13,260
BENHILL,senate,13,inperson,14,287
BENHILL,senate,13,inperson,15,345
BENHILL,senate,13,inperson,17,220
BENHILL,senate,13,inperson,18,400
BENHILL,senate,13,inperson,19,434
BENHILL,senate,13,inperson,20,571
BENHILL,senate,13,inperson,21,694
BENHILL,senate,13,mail,0,4
BENHILL,senate,13,mail,1,10
BENHILL,senate,13,mail,4,7
BENHILL,senate,13,mail,5,13
BENHILL,senate,13,mail,6,6
BENHILL,senate,13,mail,7,12
BENHILL,senate,13,mail,8,10
BENHILL,senate,13,mail,10,8
BENHILL,senate,13,mail,11,15
BENHILL,senate,13,mail,12,9
BENHILL,senate,13,mail,13,7
BENHILL,senate,13,mail,14,25
BENHILL,senate,13,mail,15,40
BENHILL,senate,13,mail,17,4
BENHILL,senate,13,mail,18,31
BENHILL,senate,13,mail,19,5
BENHILL,senate,13,mail,20,16
BENHILL,senate,13,mail,21,30
BENHILL,senate,13,mail,22,12
BENHILL,senate,13,mail,25,12
BENHILL,senate,13,mail,26,5
BENHILL,senate,13,mail,27,1
BENHILL,senate,13,mail,35,1
BERRIEN,house,170,inperson,4,379
BERRIEN,house,170,inperson,5,241
BERRIEN,house,170,inperson,6,236
BERRIEN,house,170,inperson,7,229
BERRIEN,house,170,inperson,8,287
BERRIEN,house,170,inperson,10,236
BERRIEN,house,170,inperson,11,456
BERRIEN,house,170,inperson,12,301
BERRIEN,house,170,inperson,13,287
BERRIEN,house,170,inperson,14,326
BERRIEN,house,170,inperson,15,331
BERRIEN,house,170,inperson,17,214
BERRIEN,house,170,inperson,18,495
BERRIEN,house,170,inperson,19,396
BERRIEN,house,170,inperson,20,434
BERRIEN,house,170,inperson,21,424
BERRIEN,house,170,mail,0,24
BERRIEN,house,170,mail,4,21
BERRIEN,house,170,mail,6,15
BERRIEN,house,170,mail,7,14
BERRIEN,house,170,mail,8,29
BERRIEN,house,170,mail,10,3
BERRIEN,house,170,mail,11,15
BERRIEN,house,170,mail,12,12
BERRIEN,house,170,mail,13,19
BERRIEN,house,170,mail,14,25
BERRIEN,house,170,mail,15,27
BERRIEN,house,170,mail,18,12
BERRIEN,house,170,mail,19,12
BERRIEN,house,170,mail,20,12
BERRIEN,house,170,mail,21,31
BERRIEN,house,170,mail,25,6
BERRIEN,house,170,mail,26,8
BERRIEN,house,170,mail,27,3
BERRIEN,house,170,mail,29,2
BERRIEN,senate,13,inperson,4,379
BERRIEN,senate,13,inperson,5,241
BERRIEN,senate,13,inperson,6,236
BERRIEN,senate,13,inperson,7,229
BERRIEN,senate,13,inperson,8,287
BERRIEN,senate,13,inperson,10,236
BERRIEN,senate,13,inperson,11,456
BERRIEN,senate,13,inperson,12,301
BERRIEN,senate,13,inperson,13,287
BERRIEN,senate,13,inperson,14,326
BERRIEN,senate,13,inperson,15,331
BERRIEN,senate,13,inperson,17,214
BERRIEN,senate,13,inperson,18,495
BERRIEN,senate,13,inperson,19,396
BERRIEN,senate,13,inperson,20,434
BERRIEN,senate,13,inperson,21,424
BERRIEN,senate,13,mail,0,24
BERRIEN,senate,13,mail,4,21
BERRIEN,senate,13,mail,6,15
BERRIEN,senate,13,mail,7,14
BERRIEN,senate,13,mail,8,29
BERRIEN,senate,13,mail,10,3
BERRIEN,senate,13,mail,11,15
BERRIEN,senate,13,mail,12,12
BERRIEN,senate,13,mail,13,19
BERRIEN,senate,13,mail,14,25
BERRIEN,senate,13,mail,15,27
BERRIEN,senate,13,mail,18,12
BERRIEN,senate,13,mail,19,12
BERRIEN,senate,13,mail,20,12
BERRIEN,senate,13,mail,21,31
BERRIEN,senate,13,mail,25,6
BERRIEN,senate,13,mail,26,8
BERRIEN,senate,13,mail,27,3
BERRIEN,senate,13,mail,29,2
BIBB,house,142,inperson,4,1379
BIBB,house,142,inperson,5,976
BIBB,house,142,inperson,6,833
BIBB,house,142,inperson,7,906
BIBB,house,142,inperson,8,920
BIBB,house,142,inperson,9,289
BIBB,house,142,inperson,10,752
BIBB,house,142,inperson,11,1040
BIBB,house,142,inperson,12,867
BIBB,house,142,inperson,13,1005
BIBB,house,142,inperson,14,1057
BIBB,house,142,inperson,15,1220
BIBB,house,142,inperson,17,847
BIBB,house,142,inperson,18,1421
BIBB,house,142,inperson,19,1287
BIBB,house,142,inperson,20,1509
BIBB,house,142,inperson,21,1503
BIBB,house,142,mail,0,129
BIBB,house,142,mail,1,142
BIBB,house,142,mail,2,2
BIBB,house,142,mail,3,76
BIBB,house,142,mail,4,85
BIBB,house,142,mail,5,125
BIBB,house,142,mail,6,32
BIBB,house,142,mail,7,60
BIBB,house,142,mail,8,72
BIBB,house,142,mail,9,55
BIBB,house,142,mail,10,84
BIBB,house,142,mail,11,55
BIBB,house,142,mail,12,89
BIBB,house,142,mail,13,88
BIBB,house,142,mail,14,110
BIBB,house,142,mail,15,137
BIBB,house,142,mail,17,33
BIBB,house,142,mail,18,32
BIBB,house,142,mail,19,55
BIBB,house,142,mail,20,33
BIBB,house,142,mail,23,15
BIBB,house,143,inperson,4,601
BIBB,house,143,inperson,5,400
BIBB,house,143,inperson,6,362
BIBB,house,143,inperson,7,370
BIBB,house,143,inperson,8,392
BIBB,house,143,inperson,9,169
BIBB,house,143,inperson,10,331
BIBB,house,143,inperson,11,454
BIBB,house,143,inperson,12,427
BIBB,house,143,inperson,13,381
BIBB,house,143,inperson,14,467
BIBB,house,143,inperson,15,512
BIBB,house,143,inperson,17,377
BIBB,house,143,inperson,18,594
BIBB,house,143,inperson,19,486
BIBB,house,143,inperson,20,529
BIBB,house,143,inperson,21,650
BIBB,house,143,mail,0,74
BIBB,house,143,mail,1,55
BIBB,house,143,mail,2,2
BIBB,house,143,mail,3,32
BIBB,house,143,mail,4,49
BIBB,house,143,mail,5,71
BIBB,house,143,mail,6,27
BIBB,house,143,mail,7,29
BIBB,house,143,mail,8,32
BIBB,house,143,mail,9,33
BIBB,house,143,mail,10,29
BIBB,house,143,mail,11,40
BIBB,house,143,mail,12,55
BIBB,house,143,mail,13,34
BIBB,house,143,mail,14,36
BIBB,house,143,mail,15,53
BIBB,house,143,mail,17,20
BIBB,house,143,mail,18,29
BIBB,house,143,mail,19,30
BIBB,house,143,mail,20,12
BIBB,house,143,mail,23,6
BIBB,house,144,inperson,4,273
BIBB,house,144,inperson,5,206
BIBB,house,144,inperson,6,205
BIBB,house,144,inperson,7,180
BIBB,house,144,inperson,8,168
BIBB,house,144,inperson,9,74
BIBB,house,144,inperson,10,183
BIBB,house,144,inperson,11,237
BIBB,house,144,inperson,12,211
BIBB,house,144,inperson,13,174
BIBB,house,144,inperson,14,223
BIBB,house,144,inperson,15,237
BIBB,house,144,inperson,17,199
BIBB,house,144,inperson,18,308
BIBB,house,144,inperson,19,278
BIBB,house,144,inperson,20,323
BIBB,house,144,inperson,21,361
BIBB,house,144,mail,0,22
BIBB,house,144,mail,1,33
BIBB,house,144,mail,2,2
BIBB,house,144,mail,3,24
BIBB,house,144,mail,4,11
BIBB,house,144,mail,5,23
BIBB,house,144,mail,6,6
BIBB,house,144,mail,7,7
BIBB,house,144,mail,8,9
BIBB,house,144,mail,9,9
BIBB,house,144,mail,10,9
BIBB,house,144,mail,11,15
BIBB,house,144,mail,12,14
BIBB,house,144,mail,13,21
BIBB,house,144,mail,14,8
BIBB,house,144,mail,15,16
BIBB,house,144,mail,17,2
BIBB,house,144,mail,18,6
BIBB,house,144,mail,19,6
BIBB,house,144,mail,20,13
BIBB,house,145,inperson,4,897
BIBB,house,145,inperson,5,639
BIBB,house,145,inperson,6,626
BIBB,house,145,inperson,7,639
BIBB,house,145,inperson,8,658
BIBB,house,145,inperson,9,289
BIBB,house,145,inperson,10,573
BIBB,house,145,inperson,11,750
BIBB,house,145,inperson,12,661
BIBB,house,145,inperson,13,732
BIBB,house,145,inperson,14,705
BIBB,house,145,inperson,15,861
BIBB,house,145,inperson,17,561
BIBB,house,145,inperson,18,961
BIBB,house,145,inperson,19,965
BIBB,house,145,inperson,20,982
BIBB,house,145,inperson,21,984
BIBB,house,145,mail,0,105
BIBB,house,145,mail,1,106
BIBB,house,145,mail,2,2
BIBB,house,145,mail,3,58
BIBB,house,145,mail,4,63
BIBB,house,145,mail,5,90
BIBB,house,145,mail,6,33
BIBB,house,145,mail,7,31
BIBB,house,145,mail,8,49
BIBB,house,145,mail,9,42
BIBB,house,145,mail,10,68
BIBB,house,145,mail,11,46
BIBB,house,145,mail,12,64
BIBB,house,145,mail,13,60
BIBB,house,145,mail,14,45
BIBB,house,145,mail,15,60
BIBB,house,145,mail,17,21
BIBB,house,145,mail,18,19
BIBB,house,145,mail,19,40
BIBB,house,145,mail,20,18
BIBB,house,145,mail,23,3
BIBB,house,149,inperson,4,257
BIBB,house,149,inperson,5,178
BIBB,house,149,inperson,6,140
BIBB,house,149,inperson,7,152
BIBB,house,149,inperson,8,151
BIBB,house,149,inperson,9,46
BIBB,house,149,inperson,10,102
BIBB,house,149,inperson,11,162
BIBB,house,149,inperson,12,162
BIBB,house,149,inperson,13,152
BIBB,house,149,inperson,14,180
BIBB,house,149,inperson,15,163
BIBB,house,149,inperson,17,119
BIBB,house,149,inperson,18,181
BIBB,house,149,inperson,19,162
BIBB,house,149,inperson,20,310
BIBB,house,149,inperson,21,302
BIBB,house,149,mail,0,22
BIBB,house,149,mail,1,26
BIBB,house,149,mail,3,20
BIBB,house,149,mail,4,27
BIBB,house,149,mail,5,36
BIBB,house,149,mail,6,6
BIBB,house,149,mail,7,11
BIBB,house,149,mail,8,19
BIBB,house,149,mail,9,15
BIBB,house,149,mail,10,14
BIBB,house,149,mail,11,15
BIBB,house,149,mail,12,42
BIBB,house,149,mail,13,28
BIBB,house,149,mail,14,27
BIBB,house,149,mail,15,27
BIBB,house,149,mail,17,9
BIBB,house,149,mail,18,11
BIBB,house,149,mail,19,12
BIBB,house,149,mail,20,10
BIBB,house,149,mail,21,1
BIBB,house,149,mail,23,2
BIBB,senate,18,inperson,4,1360
BIBB,senate,18,inperson,5,976
BIBB,senate,18,inperson,6,896
BIBB,senate,18,inperson,7,932
BIBB,senate,18,inperson,8,926
BIBB,senate,18,inperson,9,377
BIBB,senate,18,inperson,10,904
BIBB,senate,18,inperson,11,1153
BIBB,senate,18,inperson,12,1114
BIBB,senate,18,inperson,13,1141
BIBB,senate,18,inperson,14,1183
BIBB,senate,18,inperson,15,1373
BIBB,senate,18,inperson,17,884
BIBB,senate,18,inperson,18,1574
BIBB,senate,18,inperson,19,1401
BIBB,senate,18,inperson,20,1517
BIBB,senate,18,inperson,21,1590
BIBB,senate,18,mail,0,128
BIBB,senate,18,mail,1,160
BIBB,senate,18,mail,2,5
BIBB,senate,18,mail,3,89
BIBB,senate,18,mail,4,85
BIBB,senate,18,mail,5,126
BIBB,senate,18,mail,6,37
BIBB,senate,18,mail,7,51
BIBB,senate,18,mail,8,52
BIBB,senate,18,mail,9,58
BIBB,senate,18,mail,10,67
BIBB,senate,18,mail,11,69
BIBB,senate,18,mail,12,78
BIBB,senate,18,mail,13,84
BIBB,senate,18,mail,14,50
BIBB,senate,18,mail,15,101
BIBB,senate,18,mail,17,19
BIBB,senate,18,mail,18,21
BIBB,senate,18,mail,19,37
BIBB,senate,18,mail,20,28
BIBB,senate,18,mail,23,5
BIBB,senate,25,inperson,4,381
BIBB,senate,25,inperson,5,260
BIBB,senate,25,inperson,6,225
BIBB,senate,25,inperson,7,268
BIBB,senate,25,inperson,8,248
BIBB,senate,25,inperson,9,67
BIBB,senate,25,inperson,10,222
BIBB,senate,25,inperson,11,313
BIBB,senate,25,inperson,12,219
BIBB,senate,25,inperson,13,253
BIBB,senate,25,inperson,14,302
BIBB,senate,25,inperson,15,363
BIBB,senate,25,inperson,17,281
BIBB,senate,25,inperson,18,418
BIBB,senate,25,inperson,19,368
BIBB,senate,25,inperson,20,484
BIBB,senate,25,inperson,21,451
BIBB,senate,25,mail,0,37
BIBB,senate,25,mail,1,45
BIBB,senate,25,mail,2,1
BIBB,senate,25,mail,3,23
BIBB,senate,25,mail,4,16
BIBB,senate,25,mail,5,44
BIBB,senate,25,mail,6,6
BIBB,senate,25,mail,7,14
BIBB,senate,25,mail,8,17
BIBB,senate,25,mail,9,11
BIBB,senate,25,mail,10,19
BIBB,senate,25,mail,11,13
BIBB,senate,25,mail,12,17
BIBB,senate,25,mail,13,18
BIBB,senate,25,mail,14,26
BIBB,senate,25,mail,15,35
BIBB,senate,25,mail,17,5
BIBB,senate,25,mail,18,7
BIBB,senate,25,mail,19,13
BIBB,senate,25,mail,20,8
BIBB,senate,25,mail,23,10
BIBB,senate,26,inperson,4,1666
BIBB,senate,26,inperson,5,1163
BIBB,senate,26,inperson,6,1045
BIBB,senate,26,inperson,7,1047
BIBB,senate,26,inperson,8,1115
BIBB,senate,26,inperson,9,423
BIBB,senate,26,inperson,10,815
BIBB,senate,26,inperson,11,1177
BIBB,senate,26,inperson,12,995
BIBB,senate,26,inperson,13,1050
BIBB,senate,26,inperson,14,1147
BIBB,senate,26,inperson,15,1257
BIBB,senate,26,inperson,17,938
BIBB,senate,26,inperson,18,1473
BIBB,senate,26,inperson,19,1409
BIBB,senate,26,inperson,20,1652
BIBB,senate,26,inperson,21,1759
BIBB,senate,26,mail,0,187
BIBB,senate,26,mail,1,157
BIBB,senate,26,mail,2,2
BIBB,senate,26,mail,3,98
BIBB,senate,26,mail,4,134
BIBB,senate,26,mail,5,175
BIBB,senate,26,mail,6,61
BIBB,senate,26,mail,7,73
BIBB,senate,26,mail,8,112
BIBB,senate,26,mail,9,85
BIBB,senate,26,mail,10,118
BIBB,senate,26,mail,11,89
BIBB,senate,26,mail,12,169
BIBB,senate,26,mail,13,129
BIBB,senate,26,mail,14,150
BIBB,senate,26,mail,15,157
BIBB,senate,26,mail,17,61
BIBB,senate,26,mail,18,69
BIBB,senate,26,mail,19,93
BIBB,senate,26,mail,20,50
BIBB,senate,26,mail,21,1
BIBB,senate,26,mail,23,11
BLECKLEY,house,133,inperson,4,305
BLECKLEY,house,133,inperson,5,187
BLECKLEY,house,133,inperson,6,161
BLECKLEY,house,133,inperson,7,188
BLECKLEY,house,133,inperson,8,172
BLECKLEY,house,133,inperson,10,135
BLECKLEY,house,133,inperson,11,270
BLECKLEY,house,133,inperson,12,209
BLECKLEY,house,133,inperson,13,226
BLECKLEY,house,133,inperson,14,246
BLECKLEY,house,133,inperson,15,301
BLECKLEY,house,133,inperson,17,315
BLECKLEY,house,133,inperson,18,405
BLECKLEY,house,133,inperson,19,367
BLECKLEY,house,133,inperson,20,395
BLECKLEY,house,133,inperson,21,490
BLECKLEY,house,133,mail,0,8
BLECKLEY,house,133,mail,1,18
BLECKLEY,house,133,mail,4,4
BLECKLEY,house,133,mail,5,8
BLECKLEY,house,133,mail,6,3
BLECKLEY,house,133,mail,7,15
BLECKLEY,house,133,mail,8,6
BLECKLEY,house,133,mail,10,10
BLECKLEY,house,133,mail,11,6
BLECKLEY,house,133,mail,12,12
BLECKLEY,house,133,mail,13,11
BLECKLEY,house,133,mail,14,23
BLECKLEY,house,133,mail,17,6
BLECKLEY,house,133,mail,18,22
BLECKLEY,house,133,mail,19,22
BLECKLEY,house,133,mail,20,21
BLECKLEY,house,133,mail,21,44
BLECKLEY,house,133,mail,25,20
BLECKLEY,house,133,mail,26,5
BLECKLEY,senate,20,inperson,4,305
BLECKLEY,senate,20,inperson,5,187
BLECKLEY,senate,20,inperson,6,161
BLECKLEY,senate,20,inperson,7,188
BLECKLEY,senate,20,inperson,8,172
BLECKLEY,senate,20,inperson,10,135
BLECKLEY,senate,20,inperson,11,270
BLECKLEY,senate,20,inperson,12,209
BLECKLEY,senate,20,inperson,13,226
BLECKLEY,senate,20,inperson,14,246
BLECKLEY,senate,20,inperson,15,301
BLECKLEY,senate,20,inperson,17,315
BLECKLEY,senate,20,inperson,18,405
BLECKLEY,senate,20,inperson,19,367
BLECKLEY,senate,20,inperson,20,395
BLECKLEY,senate,20,inperson,21,490
BLECKLEY,senate,20,mail,0,8
BLECKLEY,senate,20,mail,1,18
BLECKLEY,senate,20,mail,4,4
BLECKLEY,senate,20,mail,5,8
BLECKLEY,senate,20,mail,6,3
BLECKLEY,senate,20,mail,7,15
BLECKLEY,senate,20,mail,8,6
BLECKLEY,senate,20,mail,10,10
BLECKLEY,senate,20,mail,11,6
BLECKLEY,senate,20,mail,12,12
BLECKLEY,senate,20,mail,13,11
BLECKLEY,senate,20,mail,14,23
BLECKLEY,senate,20,mail,17,6
BLECKLEY,senate,20,mail,18,22
BLECKLEY,senate,20,mail,19,22
BLECKLEY,senate,20,mail,20,21
BLECKLEY,senate,20,mail,21,44
BLECKLEY,senate,20,mail,25,20
BLECKLEY,senate,20,mail,26,5
BRANTLEY,house,174,inperson,4,418
BRANTLEY,house,174,inperson,5,224
BRANTLEY,house,174,inperson,6,238
BRANTLEY,house,174,inperson,7,257
BRANTLEY,house,174,inperson,8,292
BRANTLEY,house,174,inperson,10,248
BRANTLEY,house,174,inperson,11,428
BRANTLEY,house,174,inperson,12,304
BRANTLEY,house,174,inperson,13,302
BRANTLEY,house,174,inperson,14,307
BRANTLEY,house,174,inperson,15,405
BRANTLEY,house,174,inperson,17,258
BRANTLEY,house,174,inperson,18,552
BRANTLEY,house,174,inperson,19,460
BRANTLEY,house,174,inperson,20,519
BRANTLEY,house,174,inperson,21,554
BRANTLEY,house,174,mail,0,9
BRANTLEY,house,174,mail,1,13
BRANTLEY,house,174,mail,4,7
BRANTLEY,house,174,mail,5,10
BRANTLEY,house,174,mail,6,7
BRANTLEY,house,174,mail,7,7
BRANTLEY,house,174,mail,8,9
BRANTLEY,house,174,mail,10,7
BRANTLEY,house,174,mail,11,15
BRANTLEY,house,174,mail,12,9
BRANTLEY,house,174,mail,13,1
BRANTLEY,house,174,mail,14,18
BRANTLEY,house,174,mail,15,10
BRANTLEY,house,174,mail,17,11
BRANTLEY,house,174,mail,18,17
BRANTLEY,house,174,mail,19,16
BRANTLEY,house,174,mail,20,7
BRANTLEY,house,174,mail,21,24
BRANTLEY,house,174,mail,22,10
BRANTLEY,house,174,mail,25,13
BRANTLEY,house,174,mail,26,7
BRANTLEY,house,174,mail,27,5
BRANTLEY,house,174,mail,32,1
BRANTLEY,senate,3,inperson,4,418
BRANTLEY,senate,3,inperson,5,224
BRANTLEY,senate,3,inperson,6,238
BRANTLEY,senate,3,inperson,7,257
BRANTLEY,senate,3,inperson,8,292
BRANTLEY,senate,3,inperson,10,248
BRANTLEY,senate,3,inperson,11,428
BRANTLEY,senate,3,inperson,12,304
BRANTLEY,senate,3,inperson,13,302
BRANTLEY,senate,3,inperson,14,307
BRANTLEY,senate,3,inperson,15,405
BRANTLEY,senate,3,inperson,17,258
BRANTLEY,senate,3,inperson,18,552
BRANTLEY,senate,3,inperson,19,460
BRANTLEY,senate,3,inperson,20,519
BRANTLEY,senate,3,inperson,21,554
BRANTLEY,senate,3,mail,0,9
BRANTLEY,senate,3,mail,1,13
BRANTLEY,senate,3,mail,4,7
BRANTLEY,senate,3,mail,5,10
BRANTLEY,senate,3,mail,6,7
BRANTLEY,senate,3,mail,7,7
BRANTLEY,senate,3,mail,8,9
BRANTLEY,senate,3,mail,10,7
BRANTLEY,senate,3,mail,11,15
BRANTLEY,senate,3,mail,12,9
BRANTLEY,senate,3,mail,13,1
BRANTLEY,senate,3,mail,14,18
BRANTLEY,senate,3,mail,15,10
BRANTLEY,senate,3,mail,17,11
BRANTLEY,senate,3,mail,18,17
BRANTLEY,senate,3,mail,19,16
BRANTLEY,senate,3,mail,20,7
BRANTLEY,senate,3,mail,21,24
BRANTLEY,senate,3,mail,22,10
BRANTLEY,senate,3,mail,25,13
BRANTLEY,senate,3,mail,26,7
BRANTLEY,senate,3,mail,27,5
BRANTLEY,senate,3,mail,32,1
BROOKS,house,175,inperson,4,367
BROOKS,house,175,inperson,5,222
BROOKS,house,175,inperson,6,186
BROOKS,house,175,inperson,7,269
BROOKS,house,175,inperson,8,255
BROOKS,house,175,inperson,10,132
BROOKS,house,175,inperson,11,326
BROOKS,house,175,inperson,12,282
BROOKS,house,175,inperson,13,267
BROOKS,house,175,inperson,14,321
BROOKS,house,175,inperson,15,372
BROOKS,house,175,inperson,17,113
BROOKS,house,175,inperson,18,351
BROOKS,house,175,inperson,19,293
BROOKS,house,175,inperson,20,332
BROOKS,house,175,inperson,21,403
BROOKS,house,175,mail,0,26
BROOKS,house,175,mail,1,14
BROOKS,house,175,mail,4,14
BROOKS,house,175,mail,5,20
BROOKS,house,175,mail,6,9
BROOKS,house,175,mail,7,14
BROOKS,house,175,mail,8,21
BROOKS,house,175,mail,10,15
BROOKS,house,175,mail,11,19
BROOKS,house,175,mail,12,17
BROOKS,house,175,mail,13,16
BROOKS,house,175,mail,14,38
BROOKS,house,175,mail,15,56
BROOKS,house,175,mail,18,15
BROOKS,house,175,mail,19,40
BROOKS,house,175,mail,20,33
BROOKS,house,175,mail,21,3
BROOKS,house,175,mail,24,6
BROOKS,house,175,mail,25,8
BROOKS,house,175,mail,26,5
BROOKS,house,175,mail,46,1
BROOKS,senate,11,inperson,4,367
BROOKS,senate,11,inperson,5,222
BROOKS,senate,11,inperson,6,186
BROOKS,senate,11,inperson,7,269
BROOKS,senate,11,inperson,8,255
BROOKS,senate,11,inperson,10,132
BROOKS,senate,11,inperson,11,326
BROOKS,senate,11,inperson,12,282
BROOKS,senate,11,inperson,13,267
BROOKS,senate,11,inperson,14,321
BROOKS,senate,11,inperson,15,372
BROOKS,senate,11,inperson,17,113
BROOKS,senate,11,inperson,18,351
BROOKS,senate,11,inperson,19,293
BROOKS,senate,11,inperson,20,332
BROOKS,senate,11,inperson,21,403
BROOKS,senate,11,mail,0,26
BROOKS,senate,11,mail,1,14
BROOKS,senate,11,mail,4,14
BROOKS,senate,11,mail,5,20
BROOKS,senate,11,mail,6,9
BROOKS,senate,11,mail,7,14
BROOKS,senate,11,mail,8,21
BROOKS,senate,11,mail,10,15
BROOKS,senate,11,mail,11,19
BROOKS,senate,11,mail,12,17
BROOKS,senate,11,mail,13,16
BROOKS,senate,11,mail,14,38
BROOKS,senate,11,mail,15,56
BROOKS,senate,11,mail,18,15
BROOKS,senate,11,mail,19,40
BROOKS,senate,11,mail,20,33
BROOKS,senate,11,mail,21,3
BROOKS,senate,11,mail,24,6
BROOKS,senate,11,mail,25,8
BROOKS,senate,11,mail,26,5
BROOKS,senate,11,mail,46,1
BRYAN,house,160,inperson,4,336
BRYAN,house,160,inperson,5,171
BRYAN,house,160,inperson,6,190
BRYAN,house,160,inperson,7,196
BRYAN,house,160,inperson,8,191
BRYAN,house,160,inperson,10,238
BRYAN,house,160,inperson,11,277
BRYAN,house,160,inperson,12,179
BRYAN,house,160,inperson,13,185
BRYAN,house,160,inperson,14,234
BRYAN,house,160,inperson,15,231
BRYAN,house,160,inperson,17,177
BRYAN,house,160,inperson,18,350
BRYAN,house,160,inperson,19,239
BRYAN,house,160,inperson,20,295
BRYAN,house,160,inperson,21,360
BRYAN,house,160,mail,0,11
BRYAN,house,160,mail,1,2
BRYAN,house,160,mail,3,3
BRYAN,house,160,mail,4,9
BRYAN,house,160,mail,5,9
BRYAN,house,160,mail,6,11
BRYAN,house,160,mail,7,10
BRYAN,house,160,mail,8,4
BRYAN,house,160,mail,10,6
BRYAN,house,160,mail,11,9
BRYAN,house,160,mail,12,6
BRYAN,house,160,mail,13,7
BRYAN,house,160,mail,14,14
BRYAN,house,160,mail,15,10
BRYAN,house,160,mail,17,10
BRYAN,house,160,mail,18,2
BRYAN,house,160,mail,19,12
BRYAN,house,160,mail,20,16
BRYAN,house,160,mail,21,23
BRYAN,house,160,mail,25,6
BRYAN,house,160,mail,26,2
BRYAN,house,160,mail,35,1
BRYAN,house,164,inperson,4,676
BRYAN,house,164,inperson,5,384
BRYAN,house,164,inperson,6,337
BRYAN,house,164,inperson,7,353
BRYAN,house,164,inperson,8,362
BRYAN,house,164,inperson,10,378
BRYAN,house,164,inperson,11,481
BRYAN,house,164,inperson,12,349
BRYAN,house,164,inperson,13,391
BRYAN,house,164,inperson,14,410
BRYAN,house,164,inperson,15,495
BRYAN,house,164,inperson,17,522
BRYAN,house,164,inperson,18,759
BRYAN,house,164,inperson,19,537
BRYAN,house,164,inperson,20,758
BRYAN,house,164,inperson,21,795
BRYAN,house,164,mail,0,46
BRYAN,house,164,mail,1,6
BRYAN,house,164,mail,3,18
BRYAN,house,164,mail,4,31
BRYAN,house,164,mail,5,17
BRYAN,house,164,mail,6,21
BRYAN,house,164,mail,7,38
BRYAN,house,164,mail,8,5
BRYAN,house,164,mail,10,40
BRYAN,house,164,mail,11,10
BRYAN,house,164,mail,12,40
BRYAN,house,164,mail,13,17
BRYAN,house,164,mail,14,18
BRYAN,house,164,mail,15,38
BRYAN,house,164,mail,17,50
BRYAN,house,164,mail,18,8
BRYAN,house,164,mail,19,14
BRYAN,house,164,mail,20,10
BRYAN,house,164,mail,21,50
BRYAN,house,164,mail,25,4
BRYAN,house,164,mail,26,3
BRYAN,house,164,mail,27,1
BRYAN,house,164,mail,28,4
BRYAN,house,164,mail,29,1
BRYAN,house,164,mail,32,1
BRYAN,house,164,mail,33,1
BRYAN,house,164,mail,34,3
BRYAN,house,164,mail,35,2
BRYAN,house,166,inperson,4,558
BRYAN,house,166,inperson,5,324
BRYAN,house,166,inperson,6,315
BRYAN,house,166,inperson,7,345
BRYAN,house,166,inperson,8,301
BRYAN,house,166,inperson,10,345
BRYAN,house,166,inperson,11,458
BRYAN,house,166,inperson,12,336
BRYAN,house,166,inperson,13,355
BRYAN,house,166,inperson,14,411
BRYAN,house,166,inperson,15,461
BRYAN,house,166,inperson,17,384
BRYAN,house,166,inperson,18,660
BRYAN,house,166,inperson,19,481
BRYAN,house,166,inperson,20,651
BRYAN,house,166,inperson,21,606
BRYAN,house,166,mail,0,26
BRYAN,house,166,mail,1,5
BRYAN,house,166,mail,3,11
BRYAN,house,166,mail,4,35
BRYAN,house,166,mail,5,18
BRYAN,house,166,mail,6,11
BRYAN,house,166,mail,7,40
BRYAN,house,166,mail,8,3
BRYAN,house,166,mail,10,51
BRYAN,house,166,mail,11,7
BRYAN,house,166,mail,12,25
BRYAN,house,166,mail,13,19
BRYAN,house,166,mail,14,14
BRYAN,house,166,mail,15,25
BRYAN,house,166,mail,17,44
BRYAN,house,166,mail,18,4
BRYAN,house,166,mail,19,12
BRYAN,house,166,mail,20,13
BRYAN,house,166,mail,21,29
BRYAN,house,166,mail,25,2
BRYAN,house,166,mail,26,2
BRYAN,house,166,mail,28,1
BRYAN,house,166,mail,33,1
BRYAN,house,166,mail,34,4
BRYAN,house,166,mail,35,1
BRYAN,house,166,mail,41,2
BRYAN,house,168,inperson,13,1
BRYAN,senate,1,inperson,4,1570
BRYAN,senate,1,inperson,5,879
BRYAN,senate,1,inperson,6,842
BRYAN,senate,1,inperson,7,894
BRYAN,senate,1,inperson,8,854
BRYAN,senate,1,inperson,10,961
BRYAN,senate,1,inperson,11,1216
BRYAN,senate,1,inperson,12,864
BRYAN,senate,1,inperson,13,932
BRYAN,senate,1,inperson,14,1055
BRYAN,senate,1,inperson,15,1187
BRYAN,senate,1,inperson,17,1083
BRYAN,senate,1,inperson,18,1769
BRYAN,senate,1,inperson,19,1257
BRYAN,senate,1,inperson,20,1704
BRYAN,senate,1,inperson,21,1761
BRYAN,senate,1,mail,0,83
BRYAN,senate,1,mail,1,13
BRYAN,senate,1,mail,3,32
BRYAN,senate,1,mail,4,75
BRYAN,senate,1,mail,5,44
BRYAN,senate,1,mail,6,43
BRYAN,senate,1,mail,7,88
BRYAN,senate,1,mail,8,12
BRYAN,senate,1,mail,10,97
BRYAN,senate,1,mail,11,26
BRYAN,senate,1,mail,12,71
BRYAN,senate,1,mail,13,43
BRYAN,senate,1,mail,14,46
BRYAN,senate,1,mail,15,73
BRYAN,senate,1,mail,17,104
BRYAN,senate,1,mail,18,14
BRYAN,senate,1,mail,19,38
BRYAN,senate,1,mail,20,39
BRYAN,senate,1,mail,21,102
BRYAN,senate,1,mail,25,12
BRYAN,senate,1,mail,26,7
BRYAN,senate,1,mail,27,1
BRYAN,senate,1,mail,28,5
BRYAN,senate,1,mail,29,1
BRYAN,senate,1,mail,32,1
BRYAN,senate,1,mail,33,2
BRYAN,senate,1,mail,34,7
BRYAN,senate,1,mail,35,4
BRYAN,senate,1,mail,41,2
BULLOCH,house,158,inperson,4,447
BULLOCH,house,158,inperson,5,313
BULLOCH,house,158,inperson,6,299
BULLOCH,house,158,inperson,7,317
BULLOCH,house,158,inperson,8,325
BULLOCH,house,158,inperson,10,178
BULLOCH,house,158,inperson,11,341
BULLOCH,house,158,inperson,12,359
BULLOCH,house,158,inperson,13,361
BULLOCH,house,158,inperson,14,464
BULLOCH,house,158,inperson,15,373
BULLOCH,house,158,inperson,17,236
BULLOCH,house,158,inperson,18,365
BULLOCH,house,158,inperson,19,314
BULLOCH,house,158,inperson,20,403
BULLOCH,house,158,inperson,21,398
BULLOCH,house,158,mail,0,11
BULLOCH,house,158,mail,1,30
BULLOCH,house,158,mail,3,2
BULLOCH,house,158,mail,4,17
BULLOCH,house,158,mail,5,22
BULLOCH,house,158,mail,6,22
BULLOCH,house,158,mail,7,22
BULLOCH,house,158,mail,8,13
BULLOCH,house,158,mail,10,11
BULLOCH,house,158,mail,11,29
BULLOCH,house,158,mail,12,16
BULLOCH,house,158,mail,13,21
BULLOCH,house,158,mail,14,35
BULLOCH,house,158,mail,15,30
BULLOCH,house,158,mail,17,16
BULLOCH,house,158,mail,18,50
BULLOCH,house,158,mail,19,44
BULLOCH,house,158,mail,20,35
BULLOCH,house,158,mail,21,38
BULLOCH,house,158,mail,22,16
BULLOCH,house,158,mail,25,10
BULLOCH,house,158,mail,26,3
BULLOCH,house,158,mail,34,3
BULLOCH,house,158,mail,43,1
BULLOCH,house,159,inperson,4,272
BULLOCH,house,159,inperson,5,201
BULLOCH,house,159,inperson,6,225
BULLOCH,house,159,inperson,7,209
BULLOCH,house,159,inperson,8,203
BULLOCH,house,159,inperson,10,164
BULLOCH,house,159,inperson,11,288
BULLOCH,house,159,inperson,12,241
BULLOCH,house,159,inperson,13,229
BULLOCH,house,159,inperson,14,283
BULLOCH,house,159,inperson,15,250
BULLOCH,house,159,inperson,17,134
BULLOCH,house,159,inperson,18,258
BULLOCH,house,159,inperson,19,268
BULLOCH,house,159,inperson,20,254
BULLOCH,house,159,inperson,21,281
BULLOCH,house,159,mail,0,11
BULLOCH,house,159,mail,1,14
BULLOCH,house,159,mail,3,5
BULLOCH,house,159,mail,4,27
BULLOCH,house,159,mail,5,8
BULLOCH,house,159,mail,6,8
BULLOCH,house,159,mail,7,20
BULLOCH,house,159,mail,8,16
BULLOCH,house,159,mail,10,5
BULLOCH,house,159,mail,11,10
BULLOCH,house,159,mail,12,9
BULLOCH,house,159,mail,13,15
BULLOCH,house,159,mail,14,20
BULLOCH,house,159,mail,15,18
BULLOCH,house,159,mail,17,16
BULLOCH,house,159,mail,18,20
BULLOCH,house,159,mail,19,25
BULLOCH,house,159,mail,20,28
BULLOCH,house,159,mail,21,28
BULLOCH,house,159,mail,22,5
BULLOCH,house,159,mail,24,1
BULLOCH,house,159,mail,25,8
BULLOCH,house,159,mail,27,2
BULLOCH,house,159,mail,32,1
BULLOCH,house,159,mail,34,1
BULLOCH,house,160,inperson,4,930
BULLOCH,house,160,inperson,5,640
BULLOCH,house,160,inperson,6,569
BULLOCH,house,160,inperson,7,577
BULLOCH,house,160,inperson,8,624
BULLOCH,house,160,inperson,10,515
BULLOCH,house,160,inperson,11,717
BULLOCH,house,160,inperson,12,751
BULLOCH,house,160,inperson,13,817
BULLOCH,house,160,inperson,14,836
BULLOCH,house,160,inperson,15,626
BULLOCH,house,160,inperson,17,467
BULLOCH,house,160,inperson,18,863
BULLOCH,house,160,inperson,19,698
BULLOCH,house,160,inperson,20,669
BULLOCH,house,160,inperson,21,642
BULLOCH,house,160,mail,0,25
BULLOCH,house,160,mail,1,45
BULLOCH,house,160,mail,3,9
BULLOCH,house,160,mail,4,43
BULLOCH,house,160,mail,5,27
BULLOCH,house,160,mail,6,28
BULLOCH,house,160,mail,7,42
BULLOCH,house,160,mail,8,48
BULLOCH,house,160,mail,10,17
BULLOCH,house,160,mail,11,32
BULLOCH,house,160,mail,12,27
BULLOCH,house,160,mail,13,32
BULLOCH,house,160,mail,14,51
BULLOCH,house,160,mail,15,48
BULLOCH,house,160,mail,17,31
BULLOCH,house,160,mail,18,60
BULLOCH,house,160,mail,19,54
BULLOCH,house,160,mail,20,42
BULLOCH,house,160,mail,21,50
BULLOCH,house,160,mail,22,27
BULLOCH,house,160,mail,24,2
BULLOCH,house,160,mail,25,16
BULLOCH,house,160,mail,26,2
BULLOCH,house,160,mail,32,2
BULLOCH,senate,4,inperson,4,1649
BULLOCH,senate,4,inperson,5,1154
BULLOCH,senate,4,inperson,6,1093
BULLOCH,senate,4,inperson,7,1103
BULLOCH,senate,4,inperson,8,1152
BULLOCH,senate,4,inperson,10,857
BULLOCH,senate,4,inperson,11,1346
BULLOCH,senate,4,inperson,12,1351
BULLOCH,senate,4,inperson,13,1407
BULLOCH,senate,4,inperson,14,1583
BULLOCH,senate,4,inperson,15,1249
BULLOCH,senate,4,inperson,17,837
BULLOCH,senate,4,inperson,18,1486
BULLOCH,senate,4,inperson,19,1280
BULLOCH,senate,4,inperson,20,1326
BULLOCH,senate,4,inperson,21,1321
BULLOCH,senate,4,mail,0,47
BULLOCH,senate,4,mail,1,89
BULLOCH,senate,4,mail,3,16
BULLOCH,senate,4,mail,4,87
BULLOCH,senate,4,mail,5,57
BULLOCH,senate,4,mail,6,58
BULLOCH,senate,4,mail,7,84
BULLOCH,senate,4,mail,8,77
BULLOCH,senate,4,mail,10,33
BULLOCH,senate,4,mail,11,71
BULLOCH,senate,4,mail,12,52
BULLOCH,senate,4,mail,13,68
BULLOCH,senate,4,mail,14,106
BULLOCH,senate,4,mail,15,96
BULLOCH,senate,4,mail,17,63
BULLOCH,senate,4,mail,18,130
BULLOCH,senate,4,mail,19,123
BULLOCH,senate,4,mail,20,105
BULLOCH,senate,4,mail,21,116
BULLOCH,senate,4,mail,22,48
BULLOCH,senate,4,mail,24,3
BULLOCH,senate,4,mail,25,34
BULLOCH,senate,4,mail,26,5
BULLOCH,senate,4,mail,27,2
BULLOCH,senate,4,mail,32,3
BULLOCH,senate,4,mail,34,4
BULLOCH,senate,4,mail,43,1
BURKE,house,126,inperson,4,599
BURKE,house,126,inperson,5,309
BURKE,house,126,inperson,6,323
BURKE,house,126,inperson,7,304
BURKE,house,126,inperson,8,361
BURKE,house,126,inperson,10,362
BURKE,house,126,inperson,11,456
BURKE,house,126,inperson,12,360
BURKE,house,126,inperson,13,325
BURKE,house,126,inperson,14,368
BURKE,house,126,inperson,15,419
BURKE,house,126,inperson,17,257
BURKE,house,126,inperson,18,452
BURKE,house,126,inperson,19,440
BURKE,house,126,inperson,20,411
BURKE,house,126,inperson,21,459
BURKE,house,126,mail,0,12
BURKE,house,126,mail,1,37
BURKE,house,126,mail,4,19
BURKE,house,126,mail,5,26
BURKE,house,126,mail,6,19
BURKE,house,126,mail,7,27
BURKE,house,126,mail,8,26
BURKE,house,126,mail,10,11
BURKE,house,126,mail,11,43
BURKE,house,126,mail,12,12
BURKE,house,126,mail,13,30
BURKE,house,126,mail,14,37
BURKE,house,126,mail,15,49
BURKE,house,126,mail,17,25
BURKE,house,126,mail,18,44
BURKE,house,126,mail,19,30
BURKE,house,126,mail,20,27
BURKE,house,126,mail,21,51
BURKE,house,126,mail,22,36
BURKE,house,126,mail,25,11
BURKE,house,126,mail,26,2
BURKE,house,126,mail,35,1
BURKE,house,126,mail,40,1
BURKE,senate,23,inperson,4,599
BURKE,senate,23,inperson,5,309
BURKE,senate,23,inperson,6,323
BURKE,senate,23,inperson,7,304
BURKE,senate,23,inperson,8,361
BURKE,senate,23,inperson,10,362
BURKE,senate,23,inperson,11,456
BURKE,senate,23,inperson,12,360
BURKE,senate,23,inperson,13,325
BURKE,senate,23,inperson,14,368
BURKE,senate,23,inperson,15,419
BURKE,senate,23,inperson,17,257
BURKE,senate,23,inperson,18,452
BURKE,senate,23,inperson,19,440
BURKE,senate,23,inperson,20,411
BURKE,senate,23,inperson,21,459
BURKE,senate,23,mail,0,12
BURKE,senate,23,mail,1,37
BURKE,senate,23,mail,4,19
BURKE,senate,23,mail,5,26
BURKE,senate,23,mail,6,19
BURKE,senate,23,mail,7,27
BURKE,senate,23,mail,8,26
BURKE,senate,23,mail,10,11
BURKE,senate,23,mail,11,43
BURKE,senate,23,mail,12,12
BURKE,senate,23,mail,13,30
BURKE,senate,23,mail,14,37
BURKE,senate,23,mail,15,49
BURKE,senate,23,mail,17,25
BURKE,senate,23,mail,18,44
BURKE,senate,23,mail,19,30
BURKE,senate,23,mail,20,27
BURKE,senate,23,mail,21,51
BURKE,senate,23,mail,22,36
BURKE,senate,23,mail,25,11
BURKE,senate,23,mail,26,2
BURKE,senate,23,mail,35,1
BURKE,senate,23,mail,40,1
BUTTS,house,118,inperson,4,713
BUTTS,house,118,inperson,5,441
BUTTS,house,118,inperson,6,455
BUTTS,house,118,inperson,7,453
BUTTS,house,118,inperson,8,554
BUTTS,house,118,inperson,10,486
BUTTS,house,118,inperson,11,648
BUTTS,house,118,inperson,12,592
BUTTS,house,118,inperson,13,585
BUTTS,house,118,inperson,14,670
BUTTS,house,118,inperson,15,765
BUTTS,house,118,inperson,17,599
BUTTS,house,118,inperson,18,988
BUTTS,house,118,inperson,19,889
BUTTS,house,118,inperson,20,964
BUTTS,house,118,inperson,21,1039
BUTTS,house,118,inperson,36537,1
BUTTS,house,118,mail,0,12
BUTTS,house,118,mail,1,30
BUTTS,house,118,mail,4,9
BUTTS,house,118,mail,5,11
BUTTS,house,118,mail,6,21
BUTTS,house,118,mail,7,20
BUTTS,house,118,mail,8,28
BUTTS,house,118,mail,11,29
BUTTS,house,118,mail,12,20
BUTTS,house,118,mail,13,20
BUTTS,house,118,mail,14,15
BUTTS,house,118,mail,15,32
BUTTS,house,118,mail,17,35
BUTTS,house,118,mail,18,13
BUTTS,house,118,mail,19,1
BUTTS,house,118,mail,20,43
BUTTS,house,118,mail,21,48
BUTTS,house,118,mail,25,22
BUTTS,house,118,mail,26,11
BUTTS,house,118,mail,27,3
BUTTS,house,118,mail,28,1
BUTTS,house,118,mail,29,1
BUTTS,house,118,mail,34,2
BUTTS,house,118,mail,35,1
BUTTS,senate,25,inperson,4,713
BUTTS,senate,25,inperson,5,441
BUTTS,senate,25,inperson,6,455
BUTTS,senate,25,inperson,7,453
BUTTS,senate,25,inperson,8,554
BUTTS,senate,25,inperson,10,486
BUTTS,senate,25,inperson,11,648
BUTTS,senate,25,inperson,12,592
BUTTS,senate,25,inperson,13,585
BUTTS,senate,25,inperson,14,670
BUTTS,senate,25,inperson,15,765
BUTTS,senate,25,inperson,17,599
BUTTS,senate,25,inperson,18,988
BUTTS,senate,25,inperson,19,889
BUTTS,senate,25,inperson,20,964
BUTTS,senate,25,inperson,21,1039
BUTTS,senate,25,inperson,36537,1
BUTTS,senate,25,mail,0,12
BUTTS,senate,25,mail,1,30
BUTTS,senate,25,mail,4,9
BUTTS,senate,25,mail,5,11
BUTTS,senate,25,mail,6,21
BUTTS,senate,25,mail,7,20
BUTTS,senate,25,mail,8,28
BUTTS,senate,25,mail,11,29
BUTTS,senate,25,mail,12,20
BUTTS,senate,25,mail,13,20
BUTTS,senate,25,mail,14,15
BUTTS,senate,25,mail,15,32
BUTTS,senate,25,mail,17,35
BUTTS,senate,25,mail,18,13
BUTTS,senate,25,mail,19,1
BUTTS,senate,25,mail,20,43
BUTTS,senate,25,mail,21,48
BUTTS,senate,25,mail,25,22
BUTTS,senate,25,mail,26,11
BUTTS,senate,25,mail,27,3
BUTTS,senate,25,mail,28,1
BUTTS,senate,25,mail,29,1
BUTTS,senate,25,mail,34,2
BUTTS,senate,25,mail,35,1
CALHOUN,house,154,inperson,4,91
CALHOUN,house,154,inperson,5,55
CALHOUN,house,154,inperson,6,46
CALHOUN,house,154,inperson,7,51
CALHOUN,house,154,inperson,8,64
CALHOUN,house,154,inperson,9,27
CALHOUN,house,154,inperson,10,36
CALHOUN,house,154,inperson,11,88
CALHOUN,house,154,inperson,12,59
CALHOUN,house,154,inperson,13,52
CALHOUN,house,154,inperson,14,60
CALHOUN,house,154,inperson,15,70
CALHOUN,house,154,inperson,17,48
CALHOUN,house,154,inperson,18,102
CALHOUN,house,154,inperson,19,78
CALHOUN,house,154,inperson,20,105
CALHOUN,house,154,inperson,21,126
CALHOUN,house,154,mail,0,3
CALHOUN,house,154,mail,1,8
CALHOUN,house,154,mail,4,3
CALHOUN,house,154,mail,5,9
CALHOUN,house,154,mail,6,5
CALHOUN,house,154,mail,8,1
CALHOUN,house,154,mail,9,4
CALHOUN,house,154,mail,10,1
CALHOUN,house,154,mail,11,9
CALHOUN,house,154,mail,12,8
CALHOUN,house,154,mail,13,5
CALHOUN,house,154,mail,14,4
CALHOUN,house,154,mail,15,13
CALHOUN,house,154,mail,17,1
CALHOUN,house,154,mail,18,15
CALHOUN,house,154,mail,19,14
CALHOUN,house,154,mail,20,8
CALHOUN,house,154,mail,21,29
CALHOUN,house,154,mail,25,3
CALHOUN,house,154,mail,26,4
CALHOUN,senate,12,inperson,4,91
CALHOUN,senate,12,inperson,5,55
CALHOUN,senate,12,inperson,6,46
CALHOUN,senate,12,inperson,7,51
CALHOUN,senate,12,inperson,8,64
CALHOUN,senate,12,inperson,9,27
CALHOUN,senate,12,inperson,10,36
CALHOUN,senate,12,inperson,11,88
CALHOUN,senate,12,inperson,12,59
CALHOUN,senate,12,inperson,13,52
CALHOUN,senate,12,inperson,14,60
CALHOUN,senate,12,inperson,15,70
CALHOUN,senate,12,inperson,17,48
CALHOUN,senate,12,inperson,18,102
CALHOUN,senate,12,inperson,19,78
CALHOUN,senate,12,inperson,20,105
CALHOUN,senate,12,inperson,21,126
CALHOUN,senate,12,mail,0,3
CALHOUN,senate,12,mail,1,8
CALHOUN,senate,12,mail,4,3
CALHOUN,senate,12,mail,5,9
CALHOUN,senate,12,mail,6,5
CALHOUN,senate,12,mail,8,1
CALHOUN,senate,12,mail,9,4
CALHOUN,senate,12,mail,10,1
CALHOUN,senate,12,mail,11,9
CALHOUN,senate,12,mail,12,8
CALHOUN,senate,12,mail,13,5
CALHOUN,senate,12,mail,14,4
CALHOUN,senate,12,mail,15,13
CALHOUN,senate,12,mail,17,1
CALHOUN,senate,12,mail,18,15
CALHOUN,senate,12,mail,19,14
CALHOUN,senate,12,mail,20,8
CALHOUN,senate,12,mail,21,29
CALHOUN,senate,12,mail,25,3
CALHOUN,senate,12,mail,26,4
CAMDEN,house,180,inperson,4,1286
CAMDEN,house,180,inperson,5,962
CAMDEN,house,180,inperson,6,935
CAMDEN,house,180,inperson,7,1053
CAMDEN,house,180,inperson,8,1089
CAMDEN,house,180,inperson,10,812
CAMDEN,house,180,inperson,11,1188
CAMDEN,house,180,inperson,12,1025
CAMDEN,house,180,inperson,13,1132
CAMDEN,house,180,inperson,14,1282
CAMDEN,house,180,inperson,15,1628
CAMDEN,house,180,inperson,16,385
CAMDEN,house,180,inperson,17,772
CAMDEN,house,180,inperson,18,1326
CAMDEN,house,180,inperson,19,1244
CAMDEN,house,180,inperson,20,1307
CAMDEN,house,180,inperson,21,1314
CAMDEN,house,180,mail,0,35
CAMDEN,house,180,mail,1,50
CAMDEN,house,180,mail,3,43
CAMDEN,house,180,mail,4,49
CAMDEN,house,180,mail,5,48
CAMDEN,house,180,mail,6,54
CAMDEN,house,180,mail,7,47
CAMDEN,house,180,mail,8,53
CAMDEN,house,180,mail,10,57
CAMDEN,house,180,mail,11,64
CAMDEN,house,180,mail,12,71
CAMDEN,house,180,mail,13,103
CAMDEN,house,180,mail,14,56
CAMDEN,house,180,mail,15,112
CAMDEN,house,180,mail,16,59
CAMDEN,house,180,mail,17,5
CAMDEN,house,180,mail,18,169
CAMDEN,house,180,mail,19,148
CAMDEN,house,180,mail,20,86
CAMDEN,house,180,mail,21,145
CAMDEN,house,180,mail,24,12
CAMDEN,house,180,mail,25,19
CAMDEN,house,180,mail,27,6
CAMDEN,house,180,mail,28,3
CAMDEN,house,180,mail,29,4
CAMDEN,house,180,mail,31,2
CAMDEN,house,180,mail,32,1
CAMDEN,house,180,mail,33,1
CAMDEN,house,180,mail,34,2
CAMDEN,house,180,mail,36,6
CAMDEN,house,180,mail,42,3
CAMDEN,house,180,mail,43,1
CAMDEN,senate,3,inperson,4,1286
CAMDEN,senate,3,inperson,5,962
CAMDEN,senate,3,inperson,6,935
CAMDEN,senate,3,inperson,7,1053
CAMDEN,senate,3,inperson,8,1089
CAMDEN,senate,3,inperson,10,812
CAMDEN,senate,3,inperson,11,1188
CAMDEN,senate,3,inperson,12,1025
CAMDEN,senate,3,inperson,13,1132
CAMDEN,senate,3,inperson,14,1282
CAMDEN,senate,3,inperson,15,1628
CAMDEN,senate,3,inperson,16,385
CAMDEN,senate,3,inperson,17,772
CAMDEN,senate,3,inperson,18,1326
CAMDEN,senate,3,inperson,19,1244
CAMDEN,senate,3,inperson,20,1307
CAMDEN,senate,3,inperson,21,1314
CAMDEN,senate,3,mail,0,35
CAMDEN,senate,3,mail,1,50
CAMDEN,senate,3,mail,3,43
CAMDEN,senate,3,mail,4,49
CAMDEN,senate,3,mail,5,48
CAMDEN,senate,3,mail,6,54
CAMDEN,senate,3,mail,7,47
CAMDEN,senate,3,mail,8,53
CAMDEN,senate,3,mail,10,57
CAMDEN,senate,3,mail,11,64
CAMDEN,senate,3,mail,12,71
CAMDEN,senate,3,mail,13,103
CAMDEN,senate,3,mail,14,56
CAMDEN,senate,3,mail,15,112
CAMDEN,senate,3,mail,16,59
CAMDEN,senate,3,mail,17,5
CAMDEN,senate,3,mail,18,169
CAMDEN,senate,3,mail,19,148
CAMDEN,senate,3,mail,20,86
CAMDEN,senate,3,mail,21,145
CAMDEN,senate,3,mail,24,12
CAMDEN,senate,3,mail,25,19
CAMDEN,senate,3,mail,27,6
CAMDEN,senate,3,mail,28,3
CAMDEN,senate,3,mail,29,4
CAMDEN,senate,3,mail,31,2
CAMDEN,senate,3,mail,32,1
CAMDEN,senate,3,mail,33,1
CAMDEN,senate,3,mail,34,2
CAMDEN,senate,3,mail,36,6
CAMDEN,senate,3,mail,42,3
CAMDEN,senate,3,mail,43,1
CANDLER,house,158,inperson,4,277
CANDLER,house,158,inperson,5,163
CANDLER,house,158,inperson,6,170
CANDLER,house,158,inperson,7,188
CANDLER,house,158,inperson,8,176
CANDLER,house,158,inperson,10,163
CANDLER,house,158,inperson,11,240
CANDLER,house,158,inperson,12,169
CANDLER,house,158,inperson,13,183
CANDLER,house,158,inperson,14,213
CANDLER,house,158,inperson,15,239
CANDLER,house,158,inperson,17,143
CANDLER,house,158,inperson,18,307
CANDLER,house,158,inperson,19,244
CANDLER,house,158,inperson,20,296
CANDLER,house,158,inperson,21,329
CANDLER,house,158,mail,0,5
CANDLER,house,158,mail,1,4
CANDLER,house,158,mail,4,7
CANDLER,house,158,mail,5,10
CANDLER,house,158,mail,6,4
CANDLER,house,158,mail,7,3
CANDLER,house,158,mail,8,9
CANDLER,house,158,mail,11,6
CANDLER,house,158,mail,12,14
CANDLER,house,158,mail,13,4
CANDLER,house,158,mail,14,7
CANDLER,house,158,mail,15,23
CANDLER,house,158,mail,17,2
CANDLER,house,158,mail,18,15
CANDLER,house,158,mail,19,12
CANDLER,house,158,mail,20,6
CANDLER,house,158,mail,21,2
CANDLER,house,158,mail,22,1
CANDLER,senate,4,inperson,4,277
CANDLER,senate,4,inperson,5,163
CANDLER,senate,4,inperson,6,170
CANDLER,senate,4,inperson,7,188
CANDLER,senate,4,inperson,8,176
CANDLER,senate,4,inperson,10,163
CANDLER,senate,4,inperson,11,240
CANDLER,senate,4,inperson,12,169
CANDLER,senate,4,inperson,13,183
CANDLER,senate,4,inperson,14,213
CANDLER,senate,4,inperson,15,239
CANDLER,senate,4,inperson,17,143
CANDLER,senate,4,inperson,18,307
CANDLER,senate,4,inperson,19,244
CANDLER,senate,4,inperson,20,296
CANDLER,senate,4,inperson,21,329
CANDLER,senate,4,mail,0,5
CANDLER,senate,4,mail,1,4
CANDLER,senate,4,mail,4,7
CANDLER,senate,4,mail,5,10
CANDLER,senate,4,mail,6,4
CANDLER,senate,4,mail,7,3
CANDLER,senate,4,mail,8,9
CANDLER,senate,4,mail,11,6
CANDLER,senate,4,mail,12,14
CANDLER,senate,4,mail,13,4
CANDLER,senate,4,mail,14,7
CANDLER,senate,4,mail,15,23
CANDLER,senate,4,mail,17,2
CANDLER,senate,4,mail,18,15
CANDLER,senate,4,mail,19,12
CANDLER,senate,4,mail,20,6
CANDLER,senate,4,mail,21,2
CANDLER,senate,4,mail,22,1
CARROLL,house,18,inperson,4,472
CARROLL,house,18,inperson,5,315
CARROLL,house,18,inperson,6,334
CARROLL,house,18,inperson,7,353
CARROLL,house,18,inperson,8,346
CARROLL,house,18,inperson,10,324
CARROLL,house,18,inperson,11,405
CARROLL,house,18,inperson,12,297
CARROLL,house,18,inperson,13,350
CARROLL,house,18,inperson,14,394
CARROLL,house,18,inperson,15,421
CARROLL,house,18,inperson,17,261
CARROLL,house,18,inperson,18,402
CARROLL,house,18,inperson,19,397
CARROLL,house,18,inperson,20,410
CARROLL,house,18,inperson,21,372
CARROLL,house,18,mail,0,18
CARROLL,house,18,mail,1,9
CARROLL,house,18,mail,2,1
CARROLL,house,18,mail,3,11
CARROLL,house,18,mail,4,8
CARROLL,house,18,mail,5,20
CARROLL,house,18,mail,6,21
CARROLL,house,18,mail,7,1
CARROLL,house,18,mail,8,42
CARROLL,house,18,mail,10,6
CARROLL,house,18,mail,11,10
CARROLL,house,18,mail,13,20
CARROLL,house,18,mail,14,11
CARROLL,house,18,mail,15,27
CARROLL,house,18,mail,17,5
CARROLL,house,18,mail,18,31
CARROLL,house,18,mail,19,21
CARROLL,house,18,mail,20,12
CARROLL,house,18,mail,21,3
CARROLL,house,18,mail,25,1
CARROLL,house,18,mail,26,4
CARROLL,house,18,mail,29,1
CARROLL,house,70,inperson,4,53
CARROLL,house,70,inperson,5,48
CARROLL,house,70,inperson,6,70
CARROLL,house,70,inperson,7,84
CARROLL,house,70,inperson,8,48
CARROLL,house,70,inperson,10,70
CARROLL,house,70,inperson,11,69
CARROLL,house,70,inperson,12,68
CARROLL,house,70,inperson,13,41
CARROLL,house,70,inperson,14,92
CARROLL,house,70,inperson,15,86
CARROLL,house,70,inperson,17,35
CARROLL,house,70,inperson,18,62
CARROLL,house,70,inperson,19,68
CARROLL,house,70,inperson,20,84
CARROLL,house,70,inperson,21,59
CARROLL,house,70,mail,0,1
CARROLL,house,70,mail,1,2
CARROLL,house,70,mail,2,1
CARROLL,house,70,mail,4,3
CARROLL,house,70,mail,5,4
CARROLL,house,70,mail,6,1
CARROLL,house,70,mail,8,3
CARROLL,house,70,mail,10,1
CARROLL,house,70,mail,11,2
CARROLL,house,70,mail,13,2
CARROLL,house,70,mail,15,3
CARROLL,house,70,mail,18,4
CARROLL,house,70,mail,19,7
CARROLL,house,70,mail,20,2
CARROLL,house,70,mail,21,2
CARROLL,house,70,mail,22,3
CARROLL,house,70,mail,25,1
CARROLL,house,71,inperson,4,2021
CARROLL,house,71,inperson,5,1483
CARROLL,house,71,inperson,6,1554
CARROLL,house,71,inperson,7,1922
CARROLL,house,71,inperson,8,2343
CARROLL,house,71,inperson,10,1032
CARROLL,house,71,inperson,11,1040
CARROLL,house,71,inperson,12,838
CARROLL,house,71,inperson,13,873
CARROLL,house,71,inperson,14,947
CARROLL,house,71,inperson,15,1054
CARROLL,house,71,inperson,17,758
CARROLL,house,71,inperson,18,1238
CARROLL,house,71,inperson,19,1044
CARROLL,house,71,inperson,20,1101
CARROLL,house,71,inperson,21,1224
CARROLL,house,71,mail,0,52
CARROLL,house,71,mail,1,53
CARROLL,house,71,mail,2,1
CARROLL,house,71,mail,3,47
CARROLL,house,71,mail,4,19
CARROLL,house,71,mail,5,74
CARROLL,house,71,mail,6,56
CARROLL,house,71,mail,7,2
CARROLL,house,71,mail,8,141
CARROLL,house,71,mail,10,12
CARROLL,house,71,mail,11,55
CARROLL,house,71,mail,12,1
CARROLL,house,71,mail,13,83
CARROLL,house,71,mail,14,26
CARROLL,house,71,mail,15,113
CARROLL,house,71,mail,17,21
CARROLL,house,71,mail,18,129
CARROLL,house,71,mail,19,105
CARROLL,house,71,mail,20,52
CARROLL,house,71,mail,21,26
CARROLL,house,71,mail,22,16
CARROLL,house,71,mail,25,26
CARROLL,house,71,mail,26,2
CARROLL,house,71,mail,27,1
CARROLL,house,71,mail,28,4
CARROLL,house,71,mail,29,2
CARROLL,house,71,mail,36,1
CARROLL,house,72,inperson,4,844
CARROLL,house,72,inperson,5,577
CARROLL,house,72,inperson,6,580
CARROLL,house,72,inperson,7,599
CARROLL,house,72,inperson,8,655
CARROLL,house,72,inperson,10,587
CARROLL,house,72,inperson,11,785
CARROLL,house,72,inperson,12,703
CARROLL,house,72,inperson,13,749
CARROLL,house,72,inperson,14,799
CARROLL,house,72,inperson,15,797
CARROLL,house,72,inperson,17,446
CARROLL,house,72,inperson,18,935
CARROLL,house,72,inperson,19,817
CARROLL,house,72,inperson,20,846
CARROLL,house,72,inperson,21,860
CARROLL,house,72,mail,0,24
CARROLL,house,72,mail,1,30
CARROLL,house,72,mail,3,32
CARROLL,house,72,mail,4,9
CARROLL,house,72,mail,5,34
CARROLL,house,72,mail,6,39
CARROLL,house,72,mail,8,60
CARROLL,house,72,mail,10,11
CARROLL,house,72,mail,11,45
CARROLL,house,72,mail,12,1
CARROLL,house,72,mail,13,44
CARROLL,house,72,mail,14,25
CARROLL,house,72,mail,15,48
CARROLL,house,72,mail,17,5
CARROLL,house,72,mail,18,60
CARROLL,house,72,mail,19,72
CARROLL,house,72,mail,20,25
CARROLL,house,72,mail,21,5
CARROLL,house,72,mail,22,11
CARROLL,house,72,mail,25,12
CARROLL,house,72,mail,26,5
CARROLL,house,72,mail,27,2
CARROLL,house,72,mail,28,3
CARROLL,house,72,mail,29,1
CARROLL,house,72,mail,36,2
CARROLL,senate,30,inperson,4,2604
CARROLL,senate,30,inperson,5,1890
CARROLL,senate,30,inperson,6,1928
CARROLL,senate,30,inperson,7,2332
CARROLL,senate,30,inperson,8,2787
CARROLL,senate,30,inperson,10,1450
CARROLL,senate,30,inperson,11,1553
CARROLL,senate,30,inperson,12,1285
CARROLL,senate,30,inperson,13,1296
CARROLL,senate,30,inperson,14,1454
CARROLL,senate,30,inperson,15,1555
CARROLL,senate,30,inperson,17,1072
CARROLL,senate,30,inperson,18,1831
CARROLL,senate,30,inperson,19,1652
CARROLL,senate,30,inperson,20,1618
CARROLL,senate,30,inperson,21,1795
CARROLL,senate,30,mail,0,75
CARROLL,senate,30,mail,1,70
CARROLL,senate,30,mail,2,2
CARROLL,senate,30,mail,3,67
CARROLL,senate,30,mail,4,24
CARROLL,senate,30,mail,5,91
CARROLL,senate,30,mail,6,91
CARROLL,senate,30,mail,7,2
CARROLL,senate,30,mail,8,181
CARROLL,senate,30,mail,10,19
CARROLL,senate,30,mail,11,84
CARROLL,senate,30,mail,12,2
CARROLL,senate,30,mail,13,111
CARROLL,senate,30,mail,14,36
CARROLL,senate,30,mail,15,142
CARROLL,senate,30,mail,17,25
CARROLL,senate,30,mail,18,173
CARROLL,senate,30,mail,19,146
CARROLL,senate,30,mail,20,69
CARROLL,senate,30,mail,21,33
CARROLL,senate,30,mail,22,18
CARROLL,senate,30,mail,25,36
CARROLL,senate,30,mail,26,10
CARROLL,senate,30,mail,27,1
CARROLL,senate,30,mail,28,4
CARROLL,senate,30,mail,29,3
CARROLL,senate,30,mail,36,1
CARROLL,senate,6,inperson,4,786
CARROLL,senate,6,inperson,5,533
CARROLL,senate,6,inperson,6,610
CARROLL,senate,6,inperson,7,626
CARROLL,senate,6,inperson,8,605
CARROLL,senate,6,inperson,10,563
CARROLL,senate,6,inperson,11,746
CARROLL,senate,6,inperson,12,621
CARROLL,senate,6,inperson,13,717
CARROLL,senate,6,inperson,14,778
CARROLL,senate,6,inperson,15,803
CARROLL,senate,6,inperson,17,428
CARROLL,senate,6,inperson,18,806
CARROLL,senate,6,inperson,19,674
CARROLL,senate,6,inperson,20,823
CARROLL,senate,6,inperson,21,720
CARROLL,senate,6,mail,0,20
CARROLL,senate,6,mail,1,24
CARROLL,senate,6,mail,2,1
CARROLL,senate,6,mail,3,23
CARROLL,senate,6,mail,4,15
CARROLL,senate,6,mail,5,41
CARROLL,senate,6,mail,6,26
CARROLL,senate,6,mail,7,1
CARROLL,senate,6,mail,8,65
CARROLL,senate,6,mail,10,11
CARROLL,senate,6,mail,11,28
CARROLL,senate,6,mail,13,38
CARROLL,senate,6,mail,14,26
CARROLL,senate,6,mail,15,49
CARROLL,senate,6,mail,17,6
CARROLL,senate,6,mail,18,51
CARROLL,senate,6,mail,19,59
CARROLL,senate,6,mail,20,22
CARROLL,senate,6,mail,21,3
CARROLL,senate,6,mail,22,12
CARROLL,senate,6,mail,25,4
CARROLL,senate,6,mail,26,1
CARROLL,senate,6,mail,27,2
CARROLL,senate,6,mail,28,3
CARROLL,senate,6,mail,29,1
CARROLL,senate,6,mail,36,2
CATOOSA,house,2,inperson,4,213
CATOOSA,house,2,inperson,5,206
CATOOSA,house,2,inperson,6,133
CATOOSA,house,2,inperson,7,147
CATOOSA,house,2,inperson,8,136
CATOOSA,house,2,inperson,10,178
CATOOSA,house,2,inperson,11,238
CATOOSA,house,2,inperson,12,277
CATOOSA,house,2,inperson,13,208
CATOOSA,house,2,inperson,14,183
CATOOSA,house,2,inperson,15,234
CATOOSA,house,2,inperson,17,190
CATOOSA,house,2,inperson,18,338
CATOOSA,house,2,inperson,19,261
CATOOSA,house,2,inperson,20,266
CATOOSA,house,2,inperson,21,261
CATOOSA,house,2,mail,0,5
CATOOSA,house,2,mail,1,10
CATOOSA,house,2,mail,4,1
CATOOSA,house,2,mail,5,7
CATOOSA,house,2,mail,6,2
CATOOSA,house,2,mail,7,8
CATOOSA,house,2,mail,8,3
CATOOSA,house,2,mail,10,4
CATOOSA,house,2,mail,11,3
CATOOSA,house,2,mail,12,7
CATOOSA,house,2,mail,13,7
CATOOSA,house,2,mail,14,13
CATOOSA,house,2,mail,15,16
CATOOSA,house,2,mail,17,2
CATOOSA,house,2,mail,18,8
CATOOSA,house,2,mail,19,6
CATOOSA,house,2,mail,20,4
CATOOSA,house,2,mail,21,18
CATOOSA,house,2,mail,22,2
CATOOSA,house,2,mail,25,2
CATOOSA,house,3,inperson,4,1297
CATOOSA,house,3,inperson,5,1443
CATOOSA,house,3,inperson,6,1049
CATOOSA,house,3,inperson,7,1090
CATOOSA,house,3,inperson,8,1028
CATOOSA,house,3,inperson,10,1228
CATOOSA,house,3,inperson,11,1347
CATOOSA,house,3,inperson,12,1483
CATOOSA,house,3,inperson,13,1261
CATOOSA,house,3,inperson,14,1386
CATOOSA,house,3,inperson,15,1456
CATOOSA,house,3,inperson,17,1058
CATOOSA,house,3,inperson,18,1880
CATOOSA,house,3,inperson,19,1770
CATOOSA,house,3,inperson,20,1917
CATOOSA,house,3,inperson,21,2280
CATOOSA,house,3,mail,0,34
CATOOSA,house,3,mail,1,57
CATOOSA,house,3,mail,4,33
CATOOSA,house,3,mail,5,46
CATOOSA,house,3,mail,6,23
CATOOSA,house,3,mail,7,77
CATOOSA,house,3,mail,8,51
CATOOSA,house,3,mail,10,22
CATOOSA,house,3,mail,11,62
CATOOSA,house,3,mail,12,55
CATOOSA,house,3,mail,13,57
CATOOSA,house,3,mail,14,56
CATOOSA,house,3,mail,15,98
CATOOSA,house,3,mail,17,11
CATOOSA,house,3,mail,18,81
CATOOSA,house,3,mail,19,107
CATOOSA,house,3,mail,20,62
CATOOSA,house,3,mail,21,172
CATOOSA,house,3,mail,22,18
CATOOSA,house,3,mail,25,41
CATOOSA,house,3,mail,26,23
CATOOSA,house,3,mail,27,3
CATOOSA,house,3,mail,28,1
CATOOSA,house,3,mail,32,2
CATOOSA,house,3,mail,34,1
CATOOSA,house,3,mail,35,1
CATOOSA,house,3,mail,36,3
CATOOSA,house,3,mail,39,1
CATOOSA,house,3,mail,40,1
CATOOSA,house,3,mail,42,2
CATOOSA,senate,53,inperson,4,1510
CATOOSA,senate,53,inperson,5,1649
CATOOSA,senate,53,inperson,6,1182
CATOOSA,senate,53,inperson,7,1237
CATOOSA,senate,53,inperson,8,1164
CATOOSA,senate,53,inperson,10,1406
CATOOSA,senate,53,inperson,11,1585
CATOOSA,senate,53,inperson,12,1760
CATOOSA,senate,53,inperson,13,1469
CATOOSA,senate,53,inperson,14,1569
CATOOSA,senate,53,inperson,15,1690
CATOOSA,senate,53,inperson,17,1248
CATOOSA,senate,53,inperson,18,2218
CATOOSA,senate,53,inperson,19,2031
CATOOSA,senate,53,inperson,20,2183
CATOOSA,senate,53,inperson,21,2541
CATOOSA,senate,53,mail,0,39
CATOOSA,senate,53,mail,1,67
CATOOSA,senate,53,mail,4,34
CATOOSA,senate,53,mail,5,53
CATOOSA,senate,53,mail,6,25
CATOOSA,senate,53,mail,7,85
CATOOSA,senate,53,mail,8,54
CATOOSA,senate,53,mail,10,26
CATOOSA,senate,53,mail,11,65
CATOOSA,senate,53,mail,12,62
CATOOSA,senate,53,mail,13,64
CATOOSA,senate,53,mail,14,69
CATOOSA,senate,53,mail,15,114
CATOOSA,senate,53,mail,17,13
CATOOSA,senate,53,mail,18,89
CATOOSA,senate,53,mail,19,113
CATOOSA,senate,53,mail,20,66
CATOOSA,senate,53,mail,21,190
CATOOSA,senate,53,mail,22,20
CATOOSA,senate,53,mail,25,43
CATOOSA,senate,53,mail,26,23
CATOOSA,senate,53,mail,27,3
CATOOSA,senate,53,mail,28,1
CATOOSA,senate,53,mail,32,2
CATOOSA,senate,53,mail,34,1
CATOOSA,senate,53,mail,35,1
CATOOSA,senate,53,mail,36,3
CATOOSA,senate,53,mail,39,1
CATOOSA,senate,53,mail,40,1
CATOOSA,senate,53,mail,42,2
CHARLTON,house,174,inperson,4,246
CHARLTON,house,174,inperson,5,155
CHARLTON,house,174,inperson,6,144
CHARLTON,house,174,inperson,7,160
CHARLTON,house,174,inperson,8,146
CHARLTON,house,174,inperson,10,107
CHARLTON,house,174,inperson,11,209
CHARLTON,house,174,inperson,12,157
CHARLTON,house,174,inperson,13,135
CHARLTON,house,174,inperson,14,172
CHARLTON,house,174,inperson,15,209
CHARLTON,house,174,inperson,17,128
CHARLTON,house,174,inperson,18,273
CHARLTON,house,174,inperson,19,241
CHARLTON,house,174,inperson,20,266
CHARLTON,house,174,inperson,21,277
CHARLTON,house,174,mail,0,3
CHARLTON,house,174,mail,1,15
CHARLTON,house,174,mail,4,8
CHARLTON,house,174,mail,5,6
CHARLTON,house,174,mail,6,7
CHARLTON,house,174,mail,7,2
CHARLTON,house,174,mail,8,15
CHARLTON,house,174,mail,11,7
CHARLTON,house,174,mail,12,3
CHARLTON,house,174,mail,13,7
CHARLTON,house,174,mail,14,5
CHARLTON,house,174,mail,15,12
CHARLTON,house,174,mail,18,12
CHARLTON,house,174,mail,19,17
CHARLTON,house,174,mail,20,12
CHARLTON,house,174,mail,21,26
CHARLTON,house,174,mail,22,5
CHARLTON,house,174,mail,25,2
CHARLTON,house,174,mail,29,1
CHARLTON,house,174,mail,36,1
CHARLTON,senate,3,inperson,4,246
CHARLTON,senate,3,inperson,5,155
CHARLTON,senate,3,inperson,6,144
CHARLTON,senate,3,inperson,7,160
CHARLTON,senate,3,inperson,8,146
CHARLTON,senate,3,inperson,10,107
CHARLTON,senate,3,inperson,11,209
CHARLTON,senate,3,inperson,12,157
CHARLTON,senate,3,inperson,13,135
CHARLTON,senate,3,inperson,14,172
CHARLTON,senate,3,inperson,15,209
CHARLTON,senate,3,inperson,17,128
CHARLTON,senate,3,inperson,18,273
CHARLTON,senate,3,inperson,19,241
CHARLTON,senate,3,inperson,20,266
CHARLTON,senate,3,inperson,21,277
CHARLTON,senate,3,mail,0,3
CHARLTON,senate,3,mail,1,15
CHARLTON,senate,3,mail,4,8
CHARLTON,senate,3,mail,5,6
CHARLTON,senate,3,mail,6,7
CHARLTON,senate,3,mail,7,2
CHARLTON,senate,3,mail,8,15
CHARLTON,senate,3,mail,11,7
CHARLTON,senate,3,mail,12,3
CHARLTON,senate,3,mail,13,7
CHARLTON,senate,3,mail,14,5
CHARLTON,senate,3,mail,15,12
CHARLTON,senate,3,mail,18,12
CHARLTON,senate,3,mail,19,17
CHARLTON,senate,3,mail,20,12
CHARLTON,senate,3,mail,21,26
CHARLTON,senate,3,mail,22,5
CHARLTON,senate,3,mail,25,2
CHARLTON,senate,3,mail,29,1
CHARLTON,senate,3,mail,36,1
CHATHAM,house,160,inperson,4,1
CHATHAM,house,161,inperson,4,867
CHATHAM,house,161,inperson,5,463
CHATHAM,house,161,inperson,6,465
CHATHAM,house,161,inperson,7,415
CHATHAM,house,161,inperson,8,432
CHATHAM,house,161,inperson,9,88
CHATHAM,house,161,inperson,10,279
CHATHAM,house,161,inperson,11,571
CHATHAM,house,161,inperson,12,393
CHATHAM,house,161,inperson,13,415
CHATHAM,house,161,inperson,14,486
CHATHAM,house,161,inperson,15,497
CHATHAM,house,161,inperson,16,101
CHATHAM,house,161,inperson,17,299
CHATHAM,house,161,inperson,18,615
CHATHAM,house,161,inperson,19,506
CHATHAM,house,161,inperson,20,511
CHATHAM,house,161,inperson,21,569
CHATHAM,house,161,mail,0,43
CHATHAM,house,161,mail,1,42
CHATHAM,house,161,mail,3,22
CHATHAM,house,161,mail,4,57
CHATHAM,house,161,mail,5,27
CHATHAM,house,161,mail,6,15
CHATHAM,house,161,mail,7,10
CHATHAM,house,161,mail,8,29
CHATHAM,house,161,mail,9,1
CHATHAM,house,161,mail,10,26
CHATHAM,house,161,mail,11,26
CHATHAM,house,161,mail,12,43
CHATHAM,house,161,mail,13,16
CHATHAM,house,161,mail,14,20
CHATHAM,house,161,mail,15,104
CHATHAM,house,161,mail,16,5
CHATHAM,house,161,mail,17,4
CHATHAM,house,161,mail,18,108
CHATHAM,house,161,mail,19,15
CHATHAM,house,161,mail,20,19
CHATHAM,house,161,mail,21,95
CHATHAM,house,161,mail,22,6
CHATHAM,house,161,mail,25,2
CHATHAM,house,161,mail,26,2
CHATHAM,house,161,mail,27,2
CHATHAM,house,161,mail,28,4
CHATHAM,house,161,mail,33,1
CHATHAM,house,161,mail,40,1
CHATHAM,house,162,inperson,4,1530
CHATHAM,house,162,inperson,5,917
CHATHAM,house,162,inperson,6,884
CHATHAM,house,162,inperson,7,789
CHATHAM,house,162,inperson,8,822
CHATHAM,house,162,inperson,9,272
CHATHAM,house,162,inperson,10,462
CHATHAM,house,162,inperson,11,968
CHATHAM,house,162,inperson,12,802
CHATHAM,house,162,inperson,13,817
CHATHAM,house,162,inperson,14,919
CHATHAM,house,162,inperson,15,1074
CHATHAM,house,162,inperson,16,284
CHATHAM,house,162,inperson,17,501
CHATHAM,house,162,inperson,18,1224
CHATHAM,house,162,inperson,19,1122
CHATHAM,house,162,inperson,20,1305
CHATHAM,house,162,inperson,21,1635
CHATHAM,house,162,mail,0,98
CHATHAM,house,162,mail,1,85
CHATHAM,house,162,mail,3,49
CHATHAM,house,162,mail,4,93
CHATHAM,house,162,mail,5,60
CHATHAM,house,162,mail,6,57
CHATHAM,house,162,mail,7,39
CHATHAM,house,162,mail,8,78
CHATHAM,house,162,mail,9,7
CHATHAM,house,162,mail,10,49
CHATHAM,house,162,mail,11,54
CHATHAM,house,162,mail,12,115
CHATHAM,house,162,mail,13,57
CHATHAM,house,162,mail,14,77
CHATHAM,house,162,mail,15,174
CHATHAM,house,162,mail,16,32
CHATHAM,house,162,mail,17,11
CHATHAM,house,162,mail,18,211
CHATHAM,house,162,mail,19,65
CHATHAM,house,162,mail,20,65
CHATHAM,house,162,mail,21,196
CHATHAM,house,162,mail,22,29
CHATHAM,house,162,mail,25,21
CHATHAM,house,162,mail,26,18
CHATHAM,house,162,mail,27,1
CHATHAM,house,162,mail,28,2
CHATHAM,house,162,mail,33,1
CHATHAM,house,162,mail,34,2
CHATHAM,house,163,inperson,4,1216
CHATHAM,house,163,inperson,5,826
CHATHAM,house,163,inperson,6,878
CHATHAM,house,163,inperson,7,782
CHATHAM,house,163,inperson,8,865
CHATHAM,house,163,inperson,9,327
CHATHAM,house,163,inperson,10,458
CHATHAM,house,163,inperson,11,910
CHATHAM,house,163,inperson,12,749
CHATHAM,house,163,inperson,13,888
CHATHAM,house,163,inperson,14,934
CHATHAM,house,163,inperson,15,870
CHATHAM,house,163,inperson,16,286
CHATHAM,house,163,inperson,17,477
CHATHAM,house,163,inperson,18,1028
CHATHAM,house,163,inperson,19,1042
CHATHAM,house,163,inperson,20,1178
CHATHAM,house,163,inperson,21,1352
CHATHAM,house,163,mail,0,92
CHATHAM,house,163,mail,1,103
CHATHAM,house,163,mail,3,52
CHATHAM,house,163,mail,4,125
CHATHAM,house,163,mail,5,70
CHATHAM,house,163,mail,6,57
CHATHAM,house,163,mail,7,38
CHATHAM,house,163,mail,8,83
CHATHAM,house,163,mail,9,3
CHATHAM,house,163,mail,10,59
CHATHAM,house,163,mail,11,67
CHATHAM,house,163,mail,12,121
CHATHAM,house,163,mail,13,67
CHATHAM,house,163,mail,14,72
CHATHAM,house,163,mail,15,204
CHATHAM,house,163,mail,16,35
CHATHAM,house,163,mail,17,14
CHATHAM,house,163,mail,18,241
CHATHAM,house,163,mail,19,74
CHATHAM,house,163,mail,20,86
CHATHAM,house,163,mail,21,213
CHATHAM,house,163,mail,22,33
CHATHAM,house,163,mail,23,1
CHATHAM,house,163,mail,25,48
CHATHAM,house,163,mail,26,21
CHATHAM,house,163,mail,27,8
CHATHAM,house,163,mail,28,4
CHATHAM,house,163,mail,29,1
CHATHAM,house,163,mail,32,1
CHATHAM,house,163,mail,33,3
CHATHAM,house,163,mail,34,6
CHATHAM,house,163,mail,35,1
CHATHAM,house,164,inperson,4,1205
CHATHAM,house,164,inperson,5,752
CHATHAM,house,164,inperson,6,705
CHATHAM,house,164,inperson,7,720
CHATHAM,house,164,inperson,8,779
CHATHAM,house,164,inperson,9,113
CHATHAM,house,164,inperson,10,287
CHATHAM,house,164,inperson,11,1048
CHATHAM,house,164,inperson,12,721
CHATHAM,house,164,inperson,13,790
CHATHAM,house,164,inperson,14,866
CHATHAM,house,164,inperson,15,1004
CHATHAM,house,164,inperson,16,119
CHATHAM,house,164,inperson,17,325
CHATHAM,house,164,inperson,18,1254
CHATHAM,house,164,inperson,19,1087
CHATHAM,house,164,inperson,20,1278
CHATHAM,house,164,inperson,21,1480
CHATHAM,house,164,mail,0,58
CHATHAM,house,164,mail,1,67
CHATHAM,house,164,mail,3,30
CHATHAM,house,164,mail,4,83
CHATHAM,house,164,mail,5,47
CHATHAM,house,164,mail,6,44
CHATHAM,house,164,mail,7,28
CHATHAM,house,164,mail,8,62
CHATHAM,house,164,mail,9,4
CHATHAM,house,164,mail,10,46
CHATHAM,house,164,mail,11,59
CHATHAM,house,164,mail,12,102
CHATHAM,house,164,mail,13,34
CHATHAM,house,164,mail,14,77
CHATHAM,house,164,mail,15,175
CHATHAM,house,164,mail,16,11
CHATHAM,house,164,mail,17,5
CHATHAM,house,164,mail,18,177
CHATHAM,house,164,mail,19,39
CHATHAM,house,164,mail,20,53
CHATHAM,house,164,mail,21,173
CHATHAM,house,164,mail,22,16
CHATHAM,house,164,mail,25,15
CHATHAM,house,164,mail,26,4
CHATHAM,house,164,mail,27,1
CHATHAM,house,164,mail,28,8
CHATHAM,house,164,mail,32,1
CHATHAM,house,164,mail,33,1
CHATHAM,house,164,mail,34,3
CHATHAM,house,164,mail,40,1
CHATHAM,house,164,mail,41,3
CHATHAM,house,165,inperson,4,1360
CHATHAM,house,165,inperson,5,909
CHATHAM,house,165,inperson,6,889
CHATHAM,house,165,inperson,7,768
CHATHAM,house,165,inperson,8,786
CHATHAM,house,165,inperson,9,342
CHATHAM,house,165,inperson,10,451
CHATHAM,house,165,inperson,11,881
CHATHAM,house,165,inperson,12,788
CHATHAM,house,165,inperson,13,869
CHATHAM,house,165,inperson,14,915
CHATHAM,house,165,inperson,15,918
CHATHAM,house,165,inperson,16,363
CHATHAM,house,165,inperson,17,495
CHATHAM,house,165,inperson,18,1001
CHATHAM,house,165,inperson,19,910
CHATHAM,house,165,inperson,20,1201
CHATHAM,house,165,inperson,21,1367
CHATHAM,house,165,mail,0,115
CHATHAM,house,165,mail,1,97
CHATHAM,house,165,mail,3,43
CHATHAM,house,165,mail,4,86
CHATHAM,house,165,mail,5,52
CHATHAM,house,165,mail,6,73
CHATHAM,house,165,mail,7,38
CHATHAM,house,165,mail,8,80
CHATHAM,house,165,mail,9,9
CHATHAM,house,165,mail,10,28
CHATHAM,house,165,mail,11,65
CHATHAM,house,165,mail,12,85
CHATHAM,house,165,mail,13,70
CHATHAM,house,165,mail,14,82
CHATHAM,house,165,mail,15,217
CHATHAM,house,165,mail,16,51
CHATHAM,house,165,mail,17,12
CHATHAM,house,165,mail,18,239
CHATHAM,house,165,mail,19,76
CHATHAM,house,165,mail,20,78
CHATHAM,house,165,mail,21,164
CHATHAM,house,165,mail,22,30
CHATHAM,house,165,mail,25,43
CHATHAM,house,165,mail,26,22
CHATHAM,house,165,mail,27,4
CHATHAM,house,165,mail,28,4
CHATHAM,house,165,mail,32,1
CHATHAM,house,165,mail,33,1
CHATHAM,house,165,mail,34,1
CHATHAM,house,165,mail,41,3
CHATHAM,house,166,inperson,4,1412
CHATHAM,house,166,inperson,5,1118
CHATHAM,house,166,inperson,6,1151
CHATHAM,house,166,inperson,7,1155
CHATHAM,house,166,inperson,8,1320
CHATHAM,house,166,inperson,9,158
CHATHAM,house,166,inperson,10,232
CHATHAM,house,166,inperson,11,1481
CHATHAM,house,166,inperson,12,1283
CHATHAM,house,166,inperson,13,1353
CHATHAM,house,166,inperson,14,1610
CHATHAM,house,166,inperson,15,1734
CHATHAM,house,166,inperson,16,146
CHATHAM,house,166,inperson,17,303
CHATHAM,house,166,inperson,18,1820
CHATHAM,house,166,inperson,19,1863
CHATHAM,house,166,inperson,20,1869
CHATHAM,house,166,inperson,21,1890
CHATHAM,house,166,mail,0,111
CHATHAM,house,166,mail,1,109
CHATHAM,house,166,mail,3,59
CHATHAM,house,166,mail,4,113
CHATHAM,house,166,mail,5,72
CHATHAM,house,166,mail,6,80
CHATHAM,house,166,mail,7,52
CHATHAM,house,166,mail,8,124
CHATHAM,house,166,mail,9,4
CHATHAM,house,166,mail,10,45
CHATHAM,house,166,mail,11,98
CHATHAM,house,166,mail,12,157
CHATHAM,house,166,mail,13,95
CHATHAM,house,166,mail,14,118
CHATHAM,house,166,mail,15,218
CHATHAM,house,166,mail,16,56
CHATHAM,house,166,mail,17,22
CHATHAM,house,166,mail,18,261
CHATHAM,house,166,mail,19,95
CHATHAM,house,166,mail,20,89
CHATHAM,house,166,mail,21,229
CHATHAM,house,166,mail,22,30
CHATHAM,house,166,mail,25,43
CHATHAM,house,166,mail,26,25
CHATHAM,house,166,mail,27,6
CHATHAM,house,166,mail,28,10
CHATHAM,house,166,mail,29,1
CHATHAM,house,166,mail,32,1
CHATHAM,house,166,mail,33,2
CHATHAM,house,166,mail,34,10
CHATHAM,house,166,mail,35,2
CHATHAM,house,166,mail,42,1
CHATHAM,house,166,mail,43,1
CHATHAM,house,52,inperson,4,1
CHATHAM,house,62,inperson,10,1
CHATHAM,senate,1,inperson,4,2485
CHATHAM,senate,1,inperson,5,1791
CHATHAM,senate,1,inperson,6,1797
CHATHAM,senate,1,inperson,7,1765
CHATHAM,senate,1,inperson,8,1968
CHATHAM,senate,1,inperson,9,321
CHATHAM,senate,1,inperson,10,499
CHATHAM,senate,1,inperson,11,2280
CHATHAM,senate,1,inperson,12,1914
CHATHAM,senate,1,inperson,13,2028
CHATHAM,senate,1,inperson,14,2353
CHATHAM,senate,1,inperson,15,2516
CHATHAM,senate,1,inperson,16,295
CHATHAM,senate,1,inperson,17,640
CHATHAM,senate,1,inperson,18,2824
CHATHAM,senate,1,inperson,19,2703
CHATHAM,senate,1,inperson,20,2820
CHATHAM,senate,1,inperson,21,2976
CHATHAM,senate,1,mail,0,169
CHATHAM,senate,1,mail,1,169
CHATHAM,senate,1,mail,3,81
CHATHAM,senate,1,mail,4,180
CHATHAM,senate,1,mail,5,115
CHATHAM,senate,1,mail,6,109
CHATHAM,senate,1,mail,7,76
CHATHAM,senate,1,mail,8,187
CHATHAM,senate,1,mail,9,7
CHATHAM,senate,1,mail,10,87
CHATHAM,senate,1,mail,11,142
CHATHAM,senate,1,mail,12,245
CHATHAM,senate,1,mail,13,128
CHATHAM,senate,1,mail,14,187
CHATHAM,senate,1,mail,15,371
CHATHAM,senate,1,mail,16,64
CHATHAM,senate,1,mail,17,23
CHATHAM,senate,1,mail,18,407
CHATHAM,senate,1,mail,19,138
CHATHAM,senate,1,mail,20,140
CHATHAM,senate,1,mail,21,367
CHATHAM,senate,1,mail,22,38
CHATHAM,senate,1,mail,25,63
CHATHAM,senate,1,mail,26,28
CHATHAM,senate,1,mail,27,8
CHATHAM,senate,1,mail,28,14
CHATHAM,senate,1,mail,29,1
CHATHAM,senate,1,mail,32,2
CHATHAM,senate,1,mail,33,3
CHATHAM,senate,1,mail,34,12
CHATHAM,senate,1,mail,35,2
CHATHAM,senate,1,mail,41,2
CHATHAM,senate,1,mail,42,1
CHATHAM,senate,1,mail,43,1
CHATHAM,senate,14,inperson,4,1
CHATHAM,senate,2,inperson,4,4358
CHATHAM,senate,2,inperson,5,2757
CHATHAM,senate,2,inperson,6,2778
CHATHAM,senate,2,inperson,7,2449
CHATHAM,senate,2,inperson,8,2572
CHATHAM,senate,2,inperson,9,925
CHATHAM,senate,2,inperson,10,1508
CHATHAM,senate,2,inperson,11,2906
CHATHAM,senate,2,inperson,12,2378
CHATHAM,senate,2,inperson,13,2614
CHATHAM,senate,2,inperson,14,2844
CHATHAM,senate,2,inperson,15,2930
CHATHAM,senate,2,inperson,16,952
CHATHAM,senate,2,inperson,17,1555
CHATHAM,senate,2,inperson,18,3314
CHATHAM,senate,2,inperson,19,3097
CHATHAM,senate,2,inperson,20,3701
CHATHAM,senate,2,inperson,21,4342
CHATHAM,senate,2,mail,0,315
CHATHAM,senate,2,mail,1,286
CHATHAM,senate,2,mail,3,152
CHATHAM,senate,2,mail,4,314
CHATHAM,senate,2,mail,5,182
CHATHAM,senate,2,mail,6,195
CHATHAM,senate,2,mail,7,105
CHATHAM,senate,2,mail,8,231
CHATHAM,senate,2,mail,9,19
CHATHAM,senate,2,mail,10,138
CHATHAM,senate,2,mail,11,192
CHATHAM,senate,2,mail,12,320
CHATHAM,senate,2,mail,13,194
CHATHAM,senate,2,mail,14,216
CHATHAM,senate,2,mail,15,608
CHATHAM,senate,2,mail,16,120
CHATHAM,senate,2,mail,17,40
CHATHAM,senate,2,mail,18,706
CHATHAM,senate,2,mail,19,207
CHATHAM,senate,2,mail,20,211
CHATHAM,senate,2,mail,21,589
CHATHAM,senate,2,mail,22,96
CHATHAM,senate,2,mail,23,1
CHATHAM,senate,2,mail,25,105
CHATHAM,senate,2,mail,26,61
CHATHAM,senate,2,mail,27,14
CHATHAM,senate,2,mail,28,13
CHATHAM,senate,2,mail,29,1
CHATHAM,senate,2,mail,32,2
CHATHAM,senate,2,mail,33,6
CHATHAM,senate,2,mail,34,9
CHATHAM,senate,2,mail,35,1
CHATHAM,senate,2,mail,40,1
CHATHAM,senate,2,mail,41,3
CHATHAM,senate,39,inperson,10,1
CHATHAM,senate,4,inperson,4,748
CHATHAM,senate,4,inperson,5,437
CHATHAM,senate,4,inperson,6,397
CHATHAM,senate,4,inperson,7,415
CHATHAM,senate,4,inperson,8,464
CHATHAM,senate,4,inperson,9,54
CHATHAM,senate,4,inperson,10,162
CHATHAM,senate,4,inperson,11,673
CHATHAM,senate,4,inperson,12,444
CHATHAM,senate,4,inperson,13,490
CHATHAM,senate,4,inperson,14,533
CHATHAM,senate,4,inperson,15,651
CHATHAM,senate,4,inperson,16,52
CHATHAM,senate,4,inperson,17,205
CHATHAM,senate,4,inperson,18,804
CHATHAM,senate,4,inperson,19,730
CHATHAM,senate,4,inperson,20,821
CHATHAM,senate,4,inperson,21,975
CHATHAM,senate,4,mail,0,33
CHATHAM,senate,4,mail,1,48
CHATHAM,senate,4,mail,3,22
CHATHAM,senate,4,mail,4,63
CHATHAM,senate,4,mail,5,31
CHATHAM,senate,4,mail,6,22
CHATHAM,senate,4,mail,7,24
CHATHAM,senate,4,mail,8,38
CHATHAM,senate,4,mail,9,2
CHATHAM,senate,4,mail,10,28
CHATHAM,senate,4,mail,11,35
CHATHAM,senate,4,mail,12,58
CHATHAM,senate,4,mail,13,17
CHATHAM,senate,4,mail,14,43
CHATHAM,senate,4,mail,15,113
CHATHAM,senate,4,mail,16,6
CHATHAM,senate,4,mail,17,5
CHATHAM,senate,4,mail,18,124
CHATHAM,senate,4,mail,19,19
CHATHAM,senate,4,mail,20,39
CHATHAM,senate,4,mail,21,114
CHATHAM,senate,4,mail,22,10
CHATHAM,senate,4,mail,25,4
CHATHAM,senate,4,mail,26,3
CHATHAM,senate,4,mail,28,5
CHATHAM,senate,4,mail,34,1
CHATHAM,senate,4,mail,40,1
CHATHAM,senate,4,mail,41,1
CHATTAHOOCHEE,house,151,inperson,4,96
CHATTAHOOCHEE,house,151,inperson,5,57
CHATTAHOOCHEE,house,151,inperson,6,47
CHATTAHOOCHEE,house,151,inperson,7,39
CHATTAHOOCHEE,house,151,inperson,8,57
CHATTAHOOCHEE,house,151,inperson,10,46
CHATTAHOOCHEE,house,151,inperson,11,56
CHATTAHOOCHEE,house,151,inperson,12,48
CHATTAHOOCHEE,house,151,inperson,13,68
CHATTAHOOCHEE,house,151,inperson,14,37
CHATTAHOOCHEE,house,151,inperson,15,41
CHATTAHOOCHEE,house,151,inperson,17,32
CHATTAHOOCHEE,house,151,inperson,18,66
CHATTAHOOCHEE,house,151,inperson,19,83
CHATTAHOOCHEE,house,151,inperson,20,90
CHATTAHOOCHEE,house,151,inperson,21,117
CHATTAHOOCHEE,house,151,mail,0,9
CHATTAHOOCHEE,house,151,mail,1,15
CHATTAHOOCHEE,house,151,mail,4,4
CHATTAHOOCHEE,house,151,mail,5,10
CHATTAHOOCHEE,house,151,mail,6,2
CHATTAHOOCHEE,house,151,mail,7,2
CHATTAHOOCHEE,house,151,mail,8,11
CHATTAHOOCHEE,house,151,mail,10,2
CHATTAHOOCHEE,house,151,mail,11,6
CHATTAHOOCHEE,house,151,mail,12,7
CHATTAHOOCHEE,house,151,mail,13,3
CHATTAHOOCHEE,house,151,mail,14,7
CHATTAHOOCHEE,house,151,mail,15,9
CHATTAHOOCHEE,house,151,mail,18,4
CHATTAHOOCHEE,house,151,mail,19,1
CHATTAHOOCHEE,house,151,mail,20,9
CHATTAHOOCHEE,house,151,mail,21,7
CHATTAHOOCHEE,house,151,mail,25,4
CHATTAHOOCHEE,house,151,mail,28,4
CHATTAHOOCHEE,senate,15,inperson,4,96
CHATTAHOOCHEE,senate,15,inperson,5,57
CHATTAHOOCHEE,senate,15,inperson,6,47
CHATTAHOOCHEE,senate,15,inperson,7,39
CHATTAHOOCHEE,senate,15,inperson,8,57
CHATTAHOOCHEE,senate,15,inperson,10,46
CHATTAHOOCHEE,senate,15,inperson,11,56
CHATTAHOOCHEE,senate,15,inperson,12,48
CHATTAHOOCHEE,senate,15,inperson,13,68
CHATTAHOOCHEE,senate,15,inperson,14,37
CHATTAHOOCHEE,senate,15,inperson,15,41
CHATTAHOOCHEE,senate,15,inperson,17,32
CHATTAHOOCHEE,senate,15,inperson,18,66
CHATTAHOOCHEE,senate,15,inperson,19,83
CHATTAHOOCHEE,senate,15,inperson,20,90
CHATTAHOOCHEE,senate,15,inperson,21,117
CHATTAHOOCHEE,senate,15,mail,0,9
CHATTAHOOCHEE,senate,15,mail,1,15
CHATTAHOOCHEE,senate,15,mail,4,4
CHATTAHOOCHEE,senate,15,mail,5,10
CHATTAHOOCHEE,senate,15,mail,6,2
CHATTAHOOCHEE,senate,15,mail,7,2
CHATTAHOOCHEE,senate,15,mail,8,11
CHATTAHOOCHEE,senate,15,mail,10,2
CHATTAHOOCHEE,senate,15,mail,11,6
CHATTAHOOCHEE,senate,15,mail,12,7
CHATTAHOOCHEE,senate,15,mail,13,3
CHATTAHOOCHEE,senate,15,mail,14,7
CHATTAHOOCHEE,senate,15,mail,15,9
CHATTAHOOCHEE,senate,15,mail,18,4
CHATTAHOOCHEE,senate,15,mail,19,1
CHATTAHOOCHEE,senate,15,mail,20,9
CHATTAHOOCHEE,senate,15,mail,21,7
CHATTAHOOCHEE,senate,15,mail,25,4
CHATTAHOOCHEE,senate,15,mail,28,4
CHATTOOGA,house,12,inperson,4,609
CHATTOOGA,house,12,inperson,5,346
CHATTOOGA,house,12,inperson,6,357
CHATTOOGA,house,12,inperson,7,360
CHATTOOGA,house,12,inperson,8,425
CHATTOOGA,house,12,inperson,10,286
CHATTOOGA,house,12,inperson,11,447
CHATTOOGA,house,12,inperson,12,411
CHATTOOGA,house,12,inperson,13,380
CHATTOOGA,house,12,inperson,14,427
CHATTOOGA,house,12,inperson,15,446
CHATTOOGA,house,12,inperson,17,287
CHATTOOGA,house,12,inperson,18,550
CHATTOOGA,house,12,inperson,19,545
CHATTOOGA,house,12,inperson,20,531
CHATTOOGA,house,12,inperson,21,666
CHATTOOGA,house,12,mail,0,4
CHATTOOGA,house,12,mail,1,21
CHATTOOGA,house,12,mail,4,11
CHATTOOGA,house,12,mail,5,7
CHATTOOGA,house,12,mail,6,12
CHATTOOGA,house,12,mail,7,18
CHATTOOGA,house,12,mail,8,27
CHATTOOGA,house,12,mail,10,16
CHATTOOGA,house,12,mail,11,29
CHATTOOGA,house,12,mail,12,14
CHATTOOGA,house,12,mail,13,23
CHATTOOGA,house,12,mail,14,13
CHATTOOGA,house,12,mail,15,20
CHATTOOGA,house,12,mail,17,21
CHATTOOGA,house,12,mail,18,11
CHATTOOGA,house,12,mail,19,32
CHATTOOGA,house,12,mail,20,21
CHATTOOGA,house,12,mail,21,50
CHATTOOGA,house,12,mail,25,13
CHATTOOGA,house,12,mail,26,2
CHATTOOGA,house,12,mail,36,2
CHATTOOGA,senate,53,inperson,4,609
CHATTOOGA,senate,53,inperson,5,346
CHATTOOGA,senate,53,inperson,6,357
CHATTOOGA,senate,53,inperson,7,360
CHATTOOGA,senate,53,inperson,8,425
CHATTOOGA,senate,53,inperson,10,286
CHATTOOGA,senate,53,inperson,11,447
CHATTOOGA,senate,53,inperson,12,411
CHATTOOGA,senate,53,inperson,13,380
CHATTOOGA,senate,53,inperson,14,427
CHATTOOGA,senate,53,inperson,15,446
CHATTOOGA,senate,53,inperson,17,287
CHATTOOGA,senate,53,inperson,18,550
CHATTOOGA,senate,53,inperson,19,545
CHATTOOGA,senate,53,inperson,20,531
CHATTOOGA,senate,53,inperson,21,666
CHATTOOGA,senate,53,mail,0,4
CHATTOOGA,senate,53,mail,1,21
CHATTOOGA,senate,53,mail,4,11
CHATTOOGA,senate,53,mail,5,7
CHATTOOGA,senate,53,mail,6,12
CHATTOOGA,senate,53,mail,7,18
CHATTOOGA,senate,53,mail,8,27
CHATTOOGA,senate,53,mail,10,16
CHATTOOGA,senate,53,mail,11,29
CHATTOOGA,senate,53,mail,12,14
CHATTOOGA,senate,53,mail,13,23
CHATTOOGA,senate,53,mail,14,13
CHATTOOGA,senate,53,mail,15,20
CHATTOOGA,senate,53,mail,17,21
CHATTOOGA,senate,53,mail,18,11
CHATTOOGA,senate,53,mail,19,32
CHATTOOGA,senate,53,mail,20,21
CHATTOOGA,senate,53,mail,21,50
CHATTOOGA,senate,53,mail,25,13
CHATTOOGA,senate,53,mail,26,2
CHATTOOGA,senate,53,mail,36,2
CHEROKEE,house,11,inperson,4,283
CHEROKEE,house,11,inperson,5,176
CHEROKEE,house,11,inperson,6,190
CHEROKEE,house,11,inperson,7,193
CHEROKEE,house,11,inperson,8,228
CHEROKEE,house,11,inperson,10,171
CHEROKEE,house,11,inperson,11,223
CHEROKEE,house,11,inperson,12,221
CHEROKEE,house,11,inperson,13,208
CHEROKEE,house,11,inperson,14,214
CHEROKEE,house,11,inperson,15,239
CHEROKEE,house,11,inperson,16,3
CHEROKEE,house,11,inperson,17,205
CHEROKEE,house,11,inperson,18,244
CHEROKEE,house,11,inperson,19,269
CHEROKEE,house,11,inperson,20,274
CHEROKEE,house,11,inperson,21,362
CHEROKEE,house,11,mail,0,5
CHEROKEE,house,11,mail,1,15
CHEROKEE,house,11,mail,3,1
CHEROKEE,house,11,mail,4,2
CHEROKEE,house,11,mail,5,6
CHEROKEE,house,11,mail,6,2
CHEROKEE,house,11,mail,7,7
CHEROKEE,house,11,mail,8,4
CHEROKEE,house,11,mail,10,3
CHEROKEE,house,11,mail,11,4
CHEROKEE,house,11,mail,12,12
CHEROKEE,house,11,mail,13,4
CHEROKEE,house,11,mail,14,12
CHEROKEE,house,11,mail,15,15
CHEROKEE,house,11,mail,16,3
CHEROKEE,house,11,mail,17,4
CHEROKEE,house,11,mail,18,6
CHEROKEE,house,11,mail,19,12
CHEROKEE,house,11,mail,20,4
CHEROKEE,house,11,mail,22,1
CHEROKEE,house,11,mail,29,1
CHEROKEE,house,11,mail,36,1
CHEROKEE,house,14,inperson,4,282
CHEROKEE,house,14,inperson,5,238
CHEROKEE,house,14,inperson,6,242
CHEROKEE,house,14,inperson,7,304
CHEROKEE,house,14,inperson,8,316
CHEROKEE,house,14,inperson,10,184
CHEROKEE,house,14,inperson,11,270
CHEROKEE,house,14,inperson,12,276
CHEROKEE,house,14,inperson,13,296
CHEROKEE,house,14,inperson,14,313
CHEROKEE,house,14,inperson,15,326
CHEROKEE,house,14,inperson,16,33
CHEROKEE,house,14,inperson,17,216
CHEROKEE,house,14,inperson,18,339
CHEROKEE,house,14,inperson,19,295
CHEROKEE,house,14,inperson,20,296
CHEROKEE,house,14,inperson,21,235
CHEROKEE,house,14,mail,0,10
CHEROKEE,house,14,mail,1,10
CHEROKEE,house,14,mail,3,5
CHEROKEE,house,14,mail,4,21
CHEROKEE,house,14,mail,5,16
CHEROKEE,house,14,mail,6,11
CHEROKEE,house,14,mail,7,8
CHEROKEE,house,14,mail,8,34
CHEROKEE,house,14,mail,10,14
CHEROKEE,house,14,mail,11,25
CHEROKEE,house,14,mail,12,22
CHEROKEE,house,14,mail,13,23
CHEROKEE,house,14,mail,14,21
CHEROKEE,house,14,mail,15,45
CHEROKEE,house,14,mail,16,3
CHEROKEE,house,14,mail,17,22
CHEROKEE,house,14,mail,18,25
CHEROKEE,house,14,mail,19,14
CHEROKEE,house,14,mail,20,36
CHEROKEE,house,14,mail,21,23
CHEROKEE,house,14,mail,22,16
CHEROKEE,house,14,mail,25,2
CHEROKEE,house,14,mail,27,1
CHEROKEE,house,14,mail,28,1
CHEROKEE,house,14,mail,29,1
CHEROKEE,house,14,mail,41,3
CHEROKEE,house,158,inperson,11,1
CHEROKEE,house,20,inperson,4,1908
CHEROKEE,house,20,inperson,5,1369
CHEROKEE,house,20,inperson,6,1512
CHEROKEE,house,20,inperson,7,1532
CHEROKEE,house,20,inperson,8,1690
CHEROKEE,house,20,inperson,10,1357
CHEROKEE,house,20,inperson,11,1687
CHEROKEE,house,20,inperson,12,1408
CHEROKEE,house,20,inperson,13,1563
CHEROKEE,house,20,inperson,14,1513
CHEROKEE,house,20,inperson,15,1477
CHEROKEE,house,20,inperson,16,138
CHEROKEE,house,20,inperson,17,1478
CHEROKEE,house,20,inperson,18,1697
CHEROKEE,house,20,inperson,19,1546
CHEROKEE,house,20,inperson,20,1561
CHEROKEE,house,20,inperson,21,1352
CHEROKEE,house,20,mail,0,85
CHEROKEE,house,20,mail,1,124
CHEROKEE,house,20,mail,3,61
CHEROKEE,house,20,mail,4,71
CHEROKEE,house,20,mail,5,95
CHEROKEE,house,20,mail,6,90
CHEROKEE,house,20,mail,7,74
CHEROKEE,house,20,mail,8,144
CHEROKEE,house,20,mail,10,60
CHEROKEE,house,20,mail,11,98
CHEROKEE,house,20,mail,12,101
CHEROKEE,house,20,mail,13,161
CHEROKEE,house,20,mail,14,104
CHEROKEE,house,20,mail,15,173
CHEROKEE,house,20,mail,16,3
CHEROKEE,house,20,mail,17,164
CHEROKEE,house,20,mail,18,86
CHEROKEE,house,20,mail,19,196
CHEROKEE,house,20,mail,20,110
CHEROKEE,house,20,mail,21,84
CHEROKEE,house,20,mail,22,46
CHEROKEE,house,20,mail,25,19
CHEROKEE,house,20,mail,26,2
CHEROKEE,house,20,mail,27,1
CHEROKEE,house,20,mail,28,3
CHEROKEE,house,20,mail,29,3
CHEROKEE,house,20,mail,32,3
CHEROKEE,house,20,mail,33,2
CHEROKEE,house,20,mail,34,1
CHEROKEE,house,20,mail,35,3
CHEROKEE,house,20,mail,36,1
CHEROKEE,house,20,mail,43,2
CHEROKEE,house,20,mail,46,1
CHEROKEE,house,21,inperson,4,2039
CHEROKEE,house,21,inperson,5,1722
CHEROKEE,house,21,inperson,6,1742
CHEROKEE,house,21,inperson,7,1816
CHEROKEE,house,21,inperson,8,1929
CHEROKEE,house,21,inperson,10,1604
CHEROKEE,house,21,inperson,11,1867
CHEROKEE,house,21,inperson,12,1731
CHEROKEE,house,21,inperson,13,1774
CHEROKEE,house,21,inperson,14,1803
CHEROKEE,house,21,inperson,15,1852
CHEROKEE,house,21,inperson,16,124
CHEROKEE,house,21,inperson,17,1677
CHEROKEE,house,21,inperson,18,1901
CHEROKEE,house,21,inperson,19,1705
CHEROKEE,house,21,inperson,20,1761
CHEROKEE,house,21,inperson,21,1527
CHEROKEE,house,21,mail,0,89
CHEROKEE,house,21,mail,1,126
CHEROKEE,house,21,mail,3,43
CHEROKEE,house,21,mail,4,120
CHEROKEE,house,21,mail,5,107
CHEROKEE,house,21,mail,6,91
CHEROKEE,house,21,mail,7,92
CHEROKEE,house,21,mail,8,138
CHEROKEE,house,21,mail,10,54
CHEROKEE,house,21,mail,11,103
CHEROKEE,house,21,mail,12,128
CHEROKEE,house,21,mail,13,132
CHEROKEE,house,21,mail,14,118
CHEROKEE,house,21,mail,15,131
CHEROKEE,house,21,mail,16,12
CHEROKEE,house,21,mail,17,143
CHEROKEE,house,21,mail,18,141
CHEROKEE,house,21,mail,19,213
CHEROKEE,house,21,mail,20,123
CHEROKEE,house,21,mail,21,110
CHEROKEE,house,21,mail,22,40
CHEROKEE,house,21,mail,25,20
CHEROKEE,house,21,mail,26,5
CHEROKEE,house,21,mail,27,2
CHEROKEE,house,21,mail,28,2
CHEROKEE,house,21,mail,29,5
CHEROKEE,house,21,mail,33,2
CHEROKEE,house,21,mail,35,1
CHEROKEE,house,21,mail,36,3
CHEROKEE,house,21,mail,40,2
CHEROKEE,house,21,mail,42,4
CHEROKEE,house,21,mail,46,2
CHEROKEE,house,22,inperson,4,997
CHEROKEE,house,22,inperson,5,677
CHEROKEE,house,22,inperson,6,682
CHEROKEE,house,22,inperson,7,714
CHEROKEE,house,22,inperson,8,803
CHEROKEE,house,22,inperson,10,607
CHEROKEE,house,22,inperson,11,718
CHEROKEE,house,22,inperson,12,678
CHEROKEE,house,22,inperson,13,670
CHEROKEE,house,22,inperson,14,723
CHEROKEE,house,22,inperson,15,853
CHEROKEE,house,22,inperson,16,39
CHEROKEE,house,22,inperson,17,609
CHEROKEE,house,22,inperson,18,930
CHEROKEE,house,22,inperson,19,768
CHEROKEE,house,22,inperson,20,821
CHEROKEE,house,22,inperson,21,907
CHEROKEE,house,22,mail,0,32
CHEROKEE,house,22,mail,1,38
CHEROKEE,house,22,mail,3,22
CHEROKEE,house,22,mail,4,33
CHEROKEE,house,22,mail,5,43
CHEROKEE,house,22,mail,6,33
CHEROKEE,house,22,mail,7,33
CHEROKEE,house,22,mail,8,64
CHEROKEE,house,22,mail,10,23
CHEROKEE,house,22,mail,11,44
CHEROKEE,house,22,mail,12,48
CHEROKEE,house,22,mail,13,60
CHEROKEE,house,22,mail,14,41
CHEROKEE,house,22,mail,15,80
CHEROKEE,house,22,mail,16,1
CHEROKEE,house,22,mail,17,37
CHEROKEE,house,22,mail,18,63
CHEROKEE,house,22,mail,19,74
CHEROKEE,house,22,mail,20,42
CHEROKEE,house,22,mail,21,58
CHEROKEE,house,22,mail,22,12
CHEROKEE,house,22,mail,25,4
CHEROKEE,house,22,mail,27,4
CHEROKEE,house,22,mail,28,2
CHEROKEE,house,22,mail,29,1
CHEROKEE,house,22,mail,35,1
CHEROKEE,house,22,mail,36,3
CHEROKEE,house,23,inperson,4,1795
CHEROKEE,house,23,inperson,5,1342
CHEROKEE,house,23,inperson,6,1416
CHEROKEE,house,23,inperson,7,1424
CHEROKEE,house,23,inperson,8,1612
CHEROKEE,house,23,inperson,10,1259
CHEROKEE,house,23,inperson,11,1661
CHEROKEE,house,23,inperson,12,1575
CHEROKEE,house,23,inperson,13,1584
CHEROKEE,house,23,inperson,14,1742
CHEROKEE,house,23,inperson,15,1752
CHEROKEE,house,23,inperson,16,244
CHEROKEE,house,23,inperson,17,1361
CHEROKEE,house,23,inperson,18,1989
CHEROKEE,house,23,inperson,19,1839
CHEROKEE,house,23,inperson,20,1862
CHEROKEE,house,23,inperson,21,1637
CHEROKEE,house,23,mail,0,65
CHEROKEE,house,23,mail,1,96
CHEROKEE,house,23,mail,3,31
CHEROKEE,house,23,mail,4,84
CHEROKEE,house,23,mail,5,71
CHEROKEE,house,23,mail,6,62
CHEROKEE,house,23,mail,7,80
CHEROKEE,house,23,mail,8,101
CHEROKEE,house,23,mail,10,61
CHEROKEE,house,23,mail,11,72
CHEROKEE,house,23,mail,12,84
CHEROKEE,house,23,mail,13,136
CHEROKEE,house,23,mail,14,155
CHEROKEE,house,23,mail,15,150
CHEROKEE,house,23,mail,16,15
CHEROKEE,house,23,mail,17,137
CHEROKEE,house,23,mail,18,95
CHEROKEE,house,23,mail,19,195
CHEROKEE,house,23,mail,20,147
CHEROKEE,house,23,mail,21,96
CHEROKEE,house,23,mail,22,66
CHEROKEE,house,23,mail,25,32
CHEROKEE,house,23,mail,27,2
CHEROKEE,house,23,mail,29,2
CHEROKEE,house,23,mail,32,1
CHEROKEE,house,23,mail,35,4
CHEROKEE,house,23,mail,36,4
CHEROKEE,house,23,mail,40,1
CHEROKEE,house,23,mail,42,1
CHEROKEE,house,25,inperson,8,2
CHEROKEE,house,44,inperson,4,624
CHEROKEE,house,44,inperson,5,543
CHEROKEE,house,44,inperson,6,612
CHEROKEE,house,44,inperson,7,608
CHEROKEE,house,44,inperson,8,601
CHEROKEE,house,44,inperson,10,501
CHEROKEE,house,44,inperson,11,519
CHEROKEE,house,44,inperson,12,551
CHEROKEE,house,44,inperson,13,534
CHEROKEE,house,44,inperson,14,518
CHEROKEE,house,44,inperson,15,569
CHEROKEE,house,44,inperson,16,47
CHEROKEE,house,44,inperson,17,512
CHEROKEE,house,44,inperson,18,504
CHEROKEE,house,44,inperson,19,461
CHEROKEE,house,44,inperson,20,462
CHEROKEE,house,44,inperson,21,471
CHEROKEE,house,44,mail,0,41
CHEROKEE,house,44,mail,1,66
CHEROKEE,house,44,mail,3,19
CHEROKEE,house,44,mail,4,33
CHEROKEE,house,44,mail,5,36
CHEROKEE,house,44,mail,6,40
CHEROKEE,house,44,mail,7,26
CHEROKEE,house,44,mail,8,48
CHEROKEE,house,44,mail,10,18
CHEROKEE,house,44,mail,11,46
CHEROKEE,house,44,mail,12,34
CHEROKEE,house,44,mail,13,76
CHEROKEE,house,44,mail,14,27
CHEROKEE,house,44,mail,15,61
CHEROKEE,house,44,mail,16,4
CHEROKEE,house,44,mail,17,53
CHEROKEE,house,44,mail,18,63
CHEROKEE,house,44,mail,19,70
CHEROKEE,house,44,mail,20,40
CHEROKEE,house,44,mail,21,36
CHEROKEE,house,44,mail,22,6
CHEROKEE,house,44,mail,25,4
CHEROKEE,house,44,mail,28,2
CHEROKEE,house,44,mail,32,1
CHEROKEE,house,44,mail,36,1
CHEROKEE,house,46,inperson,4,441
CHEROKEE,house,46,inperson,5,328
CHEROKEE,house,46,inperson,6,363
CHEROKEE,house,46,inperson,7,374
CHEROKEE,house,46,inperson,8,391
CHEROKEE,house,46,inperson,10,314
CHEROKEE,house,46,inperson,11,365
CHEROKEE,house,46,inperson,12,342
CHEROKEE,house,46,inperson,13,365
CHEROKEE,house,46,inperson,14,311
CHEROKEE,house,46,inperson,15,359
CHEROKEE,house,46,inperson,16,22
CHEROKEE,house,46,inperson,17,309
CHEROKEE,house,46,inperson,18,407
CHEROKEE,house,46,inperson,19,413
CHEROKEE,house,46,inperson,20,323
CHEROKEE,house,46,inperson,21,340
CHEROKEE,house,46,mail,0,32
CHEROKEE,house,46,mail,1,26
CHEROKEE,house,46,mail,3,13
CHEROKEE,house,46,mail,4,23
CHEROKEE,house,46,mail,5,32
CHEROKEE,house,46,mail,6,38
CHEROKEE,house,46,mail,7,42
CHEROKEE,house,46,mail,8,41
CHEROKEE,house,46,mail,10,26
CHEROKEE,house,46,mail,11,32
CHEROKEE,house,46,mail,12,63
CHEROKEE,house,46,mail,13,115
CHEROKEE,house,46,mail,14,26
CHEROKEE,house,46,mail,15,101
CHEROKEE,house,46,mail,16,2
CHEROKEE,house,46,mail,17,60
CHEROKEE,house,46,mail,18,76
CHEROKEE,house,46,mail,19,99
CHEROKEE,house,46,mail,20,42
CHEROKEE,house,46,mail,21,56
CHEROKEE,house,46,mail,22,2
CHEROKEE,house,46,mail,25,2
CHEROKEE,house,46,mail,27,2
CHEROKEE,house,46,mail,32,3
CHEROKEE,house,46,mail,36,2
CHEROKEE,house,47,inperson,4,138
CHEROKEE,house,47,inperson,5,89
CHEROKEE,house,47,inperson,6,100
CHEROKEE,house,47,inperson,7,107
CHEROKEE,house,47,inperson,8,120
CHEROKEE,house,47,inperson,10,98
CHEROKEE,house,47,inperson,11,177
CHEROKEE,house,47,inperson,12,131
CHEROKEE,house,47,inperson,13,119
CHEROKEE,house,47,inperson,14,146
CHEROKEE,house,47,inperson,15,160
CHEROKEE,house,47,inperson,16,19
CHEROKEE,house,47,inperson,17,119
CHEROKEE,house,47,inperson,18,152
CHEROKEE,house,47,inperson,19,151
CHEROKEE,house,47,inperson,20,166
CHEROKEE,house,47,inperson,21,188
CHEROKEE,house,47,mail,0,10
CHEROKEE,house,47,mail,1,6
CHEROKEE,house,47,mail,3,5
CHEROKEE,house,47,mail,4,10
CHEROKEE,house,47,mail,5,7
CHEROKEE,house,47,mail,6,4
CHEROKEE,house,47,mail,7,8
CHEROKEE,house,47,mail,8,22
CHEROKEE,house,47,mail,10,5
CHEROKEE,house,47,mail,11,13
CHEROKEE,house,47,mail,12,14
CHEROKEE,house,47,mail,13,13
CHEROKEE,house,47,mail,14,4
CHEROKEE,house,47,mail,15,17
CHEROKEE,house,47,mail,17,10
CHEROKEE,house,47,mail,18,10
CHEROKEE,house,47,mail,19,23
CHEROKEE,house,47,mail,20,2
CHEROKEE,house,47,mail,21,15
CHEROKEE,house,47,mail,22,5
CHEROKEE,house,47,mail,27,3
CHEROKEE,house,47,mail,29,1
CHEROKEE,house,47,mail,35,1
CHEROKEE,house,47,mail,42,1
CHEROKEE,senate,21,inperson,4,3571
CHEROKEE,senate,21,inperson,5,2790
CHEROKEE,senate,21,inperson,6,2876
CHEROKEE,senate,21,inperson,7,3048
CHEROKEE,senate,21,inperson,8,3340
CHEROKEE,senate,21,inperson,10,2670
CHEROKEE,senate,21,inperson,11,3431
CHEROKEE,senate,21,inperson,12,3164
CHEROKEE,senate,21,inperson,13,3317
CHEROKEE,senate,21,inperson,14,3520
CHEROKEE,senate,21,inperson,15,3609
CHEROKEE,senate,21,inperson,16,360
CHEROKEE,senate,21,inperson,17,2897
CHEROKEE,senate,21,inperson,18,3922
CHEROKEE,senate,21,inperson,19,3646
CHEROKEE,senate,21,inperson,20,3743
CHEROKEE,senate,21,inperson,21,3395
CHEROKEE,senate,21,mail,0,136
CHEROKEE,senate,21,mail,1,194
CHEROKEE,senate,21,mail,3,62
CHEROKEE,senate,21,mail,4,185
CHEROKEE,senate,21,mail,5,159
CHEROKEE,senate,21,mail,6,129
CHEROKEE,senate,21,mail,7,154
CHEROKEE,senate,21,mail,8,234
CHEROKEE,senate,21,mail,10,119
CHEROKEE,senate,21,mail,11,164
CHEROKEE,senate,21,mail,12,210
CHEROKEE,senate,21,mail,13,244
CHEROKEE,senate,21,mail,14,261
CHEROKEE,senate,21,mail,15,287
CHEROKEE,senate,21,mail,16,28
CHEROKEE,senate,21,mail,17,264
CHEROKEE,senate,21,mail,18,218
CHEROKEE,senate,21,mail,19,366
CHEROKEE,senate,21,mail,20,261
CHEROKEE,senate,21,mail,21,194
CHEROKEE,senate,21,mail,22,114
CHEROKEE,senate,21,mail,25,46
CHEROKEE,senate,21,mail,26,3
CHEROKEE,senate,21,mail,27,6
CHEROKEE,senate,21,mail,28,2
CHEROKEE,senate,21,mail,29,8
CHEROKEE,senate,21,mail,32,1
CHEROKEE,senate,21,mail,33,2
CHEROKEE,senate,21,mail,35,6
CHEROKEE,senate,21,mail,36,8
CHEROKEE,senate,21,mail,40,3
CHEROKEE,senate,21,mail,41,3
CHEROKEE,senate,21,mail,42,6
CHEROKEE,senate,21,mail,46,2
CHEROKEE,senate,32,inperson,4,2905
CHEROKEE,senate,32,inperson,5,2046
CHEROKEE,senate,32,inperson,6,2194
CHEROKEE,senate,32,inperson,7,2246
CHEROKEE,senate,32,inperson,8,2493
CHEROKEE,senate,32,inperson,10,1964
CHEROKEE,senate,32,inperson,11,2405
CHEROKEE,senate,32,inperson,12,2086
CHEROKEE,senate,32,inperson,13,2233
CHEROKEE,senate,32,inperson,14,2236
CHEROKEE,senate,32,inperson,15,2330
CHEROKEE,senate,32,inperson,16,177
CHEROKEE,senate,32,inperson,17,2087
CHEROKEE,senate,32,inperson,18,2627
CHEROKEE,senate,32,inperson,19,2314
CHEROKEE,senate,32,inperson,20,2382
CHEROKEE,senate,32,inperson,21,2259
CHEROKEE,senate,32,mail,0,117
CHEROKEE,senate,32,mail,1,162
CHEROKEE,senate,32,mail,3,83
CHEROKEE,senate,32,mail,4,104
CHEROKEE,senate,32,mail,5,138
CHEROKEE,senate,32,mail,6,123
CHEROKEE,senate,32,mail,7,107
CHEROKEE,senate,32,mail,8,208
CHEROKEE,senate,32,mail,10,83
CHEROKEE,senate,32,mail,11,142
CHEROKEE,senate,32,mail,12,149
CHEROKEE,senate,32,mail,13,221
CHEROKEE,senate,32,mail,14,145
CHEROKEE,senate,32,mail,15,253
CHEROKEE,senate,32,mail,16,4
CHEROKEE,senate,32,mail,17,201
CHEROKEE,senate,32,mail,18,149
CHEROKEE,senate,32,mail,19,270
CHEROKEE,senate,32,mail,20,152
CHEROKEE,senate,32,mail,21,142
CHEROKEE,senate,32,mail,22,58
CHEROKEE,senate,32,mail,25,23
CHEROKEE,senate,32,mail,26,2
CHEROKEE,senate,32,mail,27,5
CHEROKEE,senate,32,mail,28,5
CHEROKEE,senate,32,mail,29,4
CHEROKEE,senate,32,mail,32,3
CHEROKEE,senate,32,mail,33,2
CHEROKEE,senate,32,mail,34,1
CHEROKEE,senate,32,mail,35,4
CHEROKEE,senate,32,mail,36,4
CHEROKEE,senate,32,mail,43,2
CHEROKEE,senate,32,mail,46,1
CHEROKEE,senate,4,inperson,11,1
CHEROKEE,senate,48,inperson,8,2
CHEROKEE,senate,56,inperson,4,2031
CHEROKEE,senate,56,inperson,5,1648
CHEROKEE,senate,56,inperson,6,1789
CHEROKEE,senate,56,inperson,7,1778
CHEROKEE,senate,56,inperson,8,1857
CHEROKEE,senate,56,inperson,10,1461
CHEROKEE,senate,56,inperson,11,1651
CHEROKEE,senate,56,inperson,12,1663
CHEROKEE,senate,56,inperson,13,1563
CHEROKEE,senate,56,inperson,14,1527
CHEROKEE,senate,56,inperson,15,1648
CHEROKEE,senate,56,inperson,16,132
CHEROKEE,senate,56,inperson,17,1502
CHEROKEE,senate,56,inperson,18,1614
CHEROKEE,senate,56,inperson,19,1487
CHEROKEE,senate,56,inperson,20,1401
CHEROKEE,senate,56,inperson,21,1365
CHEROKEE,senate,56,mail,0,116
CHEROKEE,senate,56,mail,1,151
CHEROKEE,senate,56,mail,3,55
CHEROKEE,senate,56,mail,4,108
CHEROKEE,senate,56,mail,5,116
CHEROKEE,senate,56,mail,6,119
CHEROKEE,senate,56,mail,7,109
CHEROKEE,senate,56,mail,8,154
CHEROKEE,senate,56,mail,10,62
CHEROKEE,senate,56,mail,11,131
CHEROKEE,senate,56,mail,12,147
CHEROKEE,senate,56,mail,13,255
CHEROKEE,senate,56,mail,14,102
CHEROKEE,senate,56,mail,15,233
CHEROKEE,senate,56,mail,16,11
CHEROKEE,senate,56,mail,17,165
CHEROKEE,senate,56,mail,18,198
CHEROKEE,senate,56,mail,19,260
CHEROKEE,senate,56,mail,20,133
CHEROKEE,senate,56,mail,21,142
CHEROKEE,senate,56,mail,22,22
CHEROKEE,senate,56,mail,25,14
CHEROKEE,senate,56,mail,26,2
CHEROKEE,senate,56,mail,27,4
CHEROKEE,senate,56,mail,28,3
CHEROKEE,senate,56,mail,29,2
CHEROKEE,senate,56,mail,32,4
CHEROKEE,senate,56,mail,36,3
CLARKE,house,120,inperson,4,924
CLARKE,house,120,inperson,5,688
CLARKE,house,120,inperson,6,1067
CLARKE,house,120,inperson,7,1068
CLARKE,house,120,inperson,8,1436
CLARKE,house,120,inperson,9,110
CLARKE,house,120,inperson,10,1555
CLARKE,house,120,inperson,11,355
CLARKE,house,120,inperson,12,359
CLARKE,house,120,inperson,13,365
CLARKE,house,120,inperson,14,415
CLARKE,house,120,inperson,15,442
CLARKE,house,120,inperson,16,121
CLARKE,house,120,inperson,17,334
CLARKE,house,120,inperson,18,505
CLARKE,house,120,inperson,19,432
CLARKE,house,120,inperson,20,459
CLARKE,house,120,inperson,21,483
CLARKE,house,120,mail,0,57
CLARKE,house,120,mail,1,67
CLARKE,house,120,mail,4,36
CLARKE,house,120,mail,5,35
CLARKE,house,120,mail,6,35
CLARKE,house,120,mail,7,36
CLARKE,house,120,mail,8,75
CLARKE,house,120,mail,9,3
CLARKE,house,120,mail,10,4
CLARKE,house,120,mail,11,59
CLARKE,house,120,mail,12,48
CLARKE,house,120,mail,13,70
CLARKE,house,120,mail,14,60
CLARKE,house,120,mail,15,163
CLARKE,house,120,mail,16,4
CLARKE,house,120,mail,17,2
CLARKE,house,120,mail,18,175
CLARKE,house,120,mail,19,49
CLARKE,house,120,mail,20,30
CLARKE,house,120,mail,21,151
CLARKE,house,120,mail,22,1
CLARKE,house,120,mail,25,6
CLARKE,house,120,mail,26,1
CLARKE,house,120,mail,27,3
CLARKE,house,120,mail,28,4
CLARKE,house,120,mail,29,1
CLARKE,house,120,mail,34,1
CLARKE,house,120,mail,36,1
CLARKE,house,120,mail,41,1
CLARKE,house,120,mail,178,1
CLARKE,house,121,inperson,4,624
CLARKE,house,121,inperson,5,476
CLARKE,house,121,inperson,6,798
CLARKE,house,121,inperson,7,788
CLARKE,house,121,inperson,8,1065
CLARKE,house,121,inperson,9,77
CLARKE,house,121,inperson,10,869
CLARKE,house,121,inperson,11,243
CLARKE,house,121,inperson,12,285
CLARKE,house,121,inperson,13,277
CLARKE,house,121,inperson,14,282
CLARKE,house,121,inperson,15,263
CLARKE,house,121,inperson,16,119
CLARKE,house,121,inperson,17,249
CLARKE,house,121,inperson,18,286
CLARKE,house,121,inperson,19,287
CLARKE,house,121,inperson,20,280
CLARKE,house,121,inperson,21,333
CLARKE,house,121,mail,0,41
CLARKE,house,121,mail,1,56
CLARKE,house,121,mail,4,39
CLARKE,house,121,mail,5,23
CLARKE,house,121,mail,6,21
CLARKE,house,121,mail,7,27
CLARKE,house,121,mail,8,46
CLARKE,house,121,mail,9,1
CLARKE,house,121,mail,10,3
CLARKE,house,121,mail,11,41
CLARKE,house,121,mail,12,41
CLARKE,house,121,mail,13,43
CLARKE,house,121,mail,14,59
CLARKE,house,121,mail,15,100
CLARKE,house,121,mail,16,1
CLARKE,house,121,mail,17,2
CLARKE,house,121,mail,18,105
CLARKE,house,121,mail,19,27
CLARKE,house,121,mail,20,29
CLARKE,house,121,mail,21,88
CLARKE,house,121,mail,25,5
CLARKE,house,121,mail,28,1
CLARKE,house,121,mail,29,4
CLARKE,house,121,mail,35,1
CLARKE,house,121,mail,43,1
CLARKE,house,122,inperson,4,1183
CLARKE,house,122,inperson,5,868
CLARKE,house,122,inperson,6,1454
CLARKE,house,122,inperson,7,1374
CLARKE,house,122,inperson,8,1626
CLARKE,house,122,inperson,9,176
CLARKE,house,122,inperson,10,1022
CLARKE,house,122,inperson,11,645
CLARKE,house,122,inperson,12,572
CLARKE,house,122,inperson,13,541
CLARKE,house,122,inperson,14,560
CLARKE,house,122,inperson,15,604
CLARKE,house,122,inperson,16,178
CLARKE,house,122,inperson,17,459
CLARKE,house,122,inperson,18,570
CLARKE,house,122,inperson,19,619
CLARKE,house,122,inperson,20,635
CLARKE,house,122,inperson,21,628
CLARKE,house,122,mail,0,60
CLARKE,house,122,mail,1,93
CLARKE,house,122,mail,4,57
CLARKE,house,122,mail,5,34
CLARKE,house,122,mail,6,57
CLARKE,house,122,mail,7,42
CLARKE,house,122,mail,8,82
CLARKE,house,122,mail,9,2
CLARKE,house,122,mail,10,3
CLARKE,house,122,mail,11,48
CLARKE,house,122,mail,12,60
CLARKE,house,122,mail,13,101
CLARKE,house,122,mail,14,52
CLARKE,house,122,mail,15,165
CLARKE,house,122,mail,16,1
CLARKE,house,122,mail,17,4
CLARKE,house,122,mail,18,178
CLARKE,house,122,mail,19,34
CLARKE,house,122,mail,20,70
CLARKE,house,122,mail,21,147
CLARKE,house,122,mail,25,18
CLARKE,house,122,mail,26,1
CLARKE,house,122,mail,27,1
CLARKE,house,122,mail,29,5
CLARKE,house,122,mail,32,3
CLARKE,house,122,mail,35,3
CLARKE,house,122,mail,42,1
CLARKE,house,124,inperson,4,354
CLARKE,house,124,inperson,5,285
CLARKE,house,124,inperson,6,479
CLARKE,house,124,inperson,7,376
CLARKE,house,124,inperson,8,658
CLARKE,house,124,inperson,9,58
CLARKE,house,124,inperson,10,623
CLARKE,house,124,inperson,11,106
CLARKE,house,124,inperson,12,123
CLARKE,house,124,inperson,13,114
CLARKE,house,124,inperson,14,146
CLARKE,house,124,inperson,15,129
CLARKE,house,124,inperson,16,39
CLARKE,house,124,inperson,17,154
CLARKE,house,124,inperson,18,146
CLARKE,house,124,inperson,19,140
CLARKE,house,124,inperson,20,160
CLARKE,house,124,inperson,21,156
CLARKE,house,124,mail,0,19
CLARKE,house,124,mail,1,28
CLARKE,house,124,mail,4,20
CLARKE,house,124,mail,5,19
CLARKE,house,124,mail,6,14
CLARKE,house,124,mail,7,13
CLARKE,house,124,mail,8,25
CLARKE,house,124,mail,11,16
CLARKE,house,124,mail,12,22
CLARKE,house,124,mail,13,29
CLARKE,house,124,mail,14,14
CLARKE,house,124,mail,15,66
CLARKE,house,124,mail,17,1
CLARKE,house,124,mail,18,76
CLARKE,house,124,mail,19,19
CLARKE,house,124,mail,20,4
CLARKE,house,124,mail,21,26
CLARKE,house,124,mail,25,1
CLARKE,house,124,mail,28,1
CLARKE,house,124,mail,40,2
CLARKE,house,55,inperson,11,1
CLARKE,senate,39,inperson,11,1
CLARKE,senate,46,inperson,4,1119
CLARKE,senate,46,inperson,5,868
CLARKE,senate,46,inperson,6,1657
CLARKE,senate,46,inperson,7,1676
CLARKE,senate,46,inperson,8,2233
CLARKE,senate,46,inperson,9,144
CLARKE,senate,46,inperson,10,1840
CLARKE,senate,46,inperson,11,438
CLARKE,senate,46,inperson,12,502
CLARKE,senate,46,inperson,13,504
CLARKE,senate,46,inperson,14,512
CLARKE,senate,46,inperson,15,528
CLARKE,senate,46,inperson,16,185
CLARKE,senate,46,inperson,17,405
CLARKE,senate,46,inperson,18,589
CLARKE,senate,46,inperson,19,551
CLARKE,senate,46,inperson,20,557
CLARKE,senate,46,inperson,21,627
CLARKE,senate,46,mail,0,72
CLARKE,senate,46,mail,1,96
CLARKE,senate,46,mail,4,64
CLARKE,senate,46,mail,5,43
CLARKE,senate,46,mail,6,40
CLARKE,senate,46,mail,7,47
CLARKE,senate,46,mail,8,91
CLARKE,senate,46,mail,9,3
CLARKE,senate,46,mail,10,8
CLARKE,senate,46,mail,11,75
CLARKE,senate,46,mail,12,62
CLARKE,senate,46,mail,13,88
CLARKE,senate,46,mail,14,99
CLARKE,senate,46,mail,15,183
CLARKE,senate,46,mail,16,4
CLARKE,senate,46,mail,17,2
CLARKE,senate,46,mail,18,188
CLARKE,senate,46,mail,19,59
CLARKE,senate,46,mail,20,38
CLARKE,senate,46,mail,21,178
CLARKE,senate,46,mail,22,1
CLARKE,senate,46,mail,25,10
CLARKE,senate,46,mail,27,2
CLARKE,senate,46,mail,28,4
CLARKE,senate,46,mail,29,4
CLARKE,senate,46,mail,34,1
CLARKE,senate,46,mail,35,1
CLARKE,senate,46,mail,36,1
CLARKE,senate,46,mail,41,1
CLARKE,senate,46,mail,43,1
CLARKE,senate,46,mail,178,1
CLARKE,senate,47,inperson,4,1966
CLARKE,senate,47,inperson,5,1449
CLARKE,senate,47,inperson,6,2141
CLARKE,senate,47,inperson,7,1930
CLARKE,senate,47,inperson,8,2552
CLARKE,senate,47,inperson,9,277
CLARKE,senate,47,inperson,10,2229
CLARKE,senate,47,inperson,11,911
CLARKE,senate,47,inperson,12,837
CLARKE,senate,47,inperson,13,793
CLARKE,senate,47,inperson,14,891
CLARKE,senate,47,inperson,15,910
CLARKE,senate,47,inperson,16,272
CLARKE,senate,47,inperson,17,791
CLARKE,senate,47,inperson,18,918
CLARKE,senate,47,inperson,19,927
CLARKE,senate,47,inperson,20,977
CLARKE,senate,47,inperson,21,973
CLARKE,senate,47,mail,0,105
CLARKE,senate,47,mail,1,148
CLARKE,senate,47,mail,4,88
CLARKE,senate,47,mail,5,68
CLARKE,senate,47,mail,6,87
CLARKE,senate,47,mail,7,71
CLARKE,senate,47,mail,8,137
CLARKE,senate,47,mail,9,3
CLARKE,senate,47,mail,10,2
CLARKE,senate,47,mail,11,89
CLARKE,senate,47,mail,12,109
CLARKE,senate,47,mail,13,155
CLARKE,senate,47,mail,14,86
CLARKE,senate,47,mail,15,311
CLARKE,senate,47,mail,16,2
CLARKE,senate,47,mail,17,7
CLARKE,senate,47,mail,18,346
CLARKE,senate,47,mail,19,70
CLARKE,senate,47,mail,20,95
CLARKE,senate,47,mail,21,234
CLARKE,senate,47,mail,25,20
CLARKE,senate,47,mail,26,2
CLARKE,senate,47,mail,27,2
CLARKE,senate,47,mail,28,2
CLARKE,senate,47,mail,29,6
CLARKE,senate,47,mail,32,3
CLARKE,senate,47,mail,35,3
CLARKE,senate,47,mail,40,2
CLARKE,senate,47,mail,42,1
CLAY,house,154,inperson,4,96
CLAY,house,154,inperson,5,43
CLAY,house,154,inperson,6,35
CLAY,house,154,inperson,7,42
CLAY,house,154,inperson,8,59
CLAY,house,154,inperson,10,27
CLAY,house,154,inperson,11,50
CLAY,house,154,inperson,12,35
CLAY,house,154,inperson,13,39
CLAY,house,154,inperson,14,37
CLAY,house,154,inperson,15,58
CLAY,house,154,inperson,17,30
CLAY,house,154,inperson,18,68
CLAY,house,154,inperson,19,60
CLAY,house,154,inperson,20,68
CLAY,house,154,inperson,21,124
CLAY,house,154,mail,0,1
CLAY,house,154,mail,4,9
CLAY,house,154,mail,5,3
CLAY,house,154,mail,6,2
CLAY,house,154,mail,7,8
CLAY,house,154,mail,8,6
CLAY,house,154,mail,10,1
CLAY,house,154,mail,11,11
CLAY,house,154,mail,12,13
CLAY,house,154,mail,13,12
CLAY,house,154,mail,14,8
CLAY,house,154,mail,15,22
CLAY,house,154,mail,17,6
CLAY,house,154,mail,18,12
CLAY,house,154,mail,19,6
CLAY,house,154,mail,20,10
CLAY,house,154,mail,21,15
CLAY,senate,12,inperson,4,96
CLAY,senate,12,inperson,5,43
CLAY,senate,12,inperson,6,35
CLAY,senate,12,inperson,7,42
CLAY,senate,12,inperson,8,59
CLAY,senate,12,inperson,10,27
CLAY,senate,12,inperson,11,50
CLAY,senate,12,inperson,12,35
CLAY,senate,12,inperson,13,39
CLAY,senate,12,inperson,14,37
CLAY,senate,12,inperson,15,58
CLAY,senate,12,inperson,17,30
CLAY,senate,12,inperson,18,68
CLAY,senate,12,inperson,19,60
CLAY,senate,12,inperson,20,68
CLAY,senate,12,inperson,21,124
CLAY,senate,12,mail,0,1
CLAY,senate,12,mail,4,9
CLAY,senate,12,mail,5,3
CLAY,senate,12,mail,6,2
CLAY,senate,12,mail,7,8
CLAY,senate,12,mail,8,6
CLAY,senate,12,mail,10,1
CLAY,senate,12,mail,11,11
CLAY,senate,12,mail,12,13
CLAY,senate,12,mail,13,12
CLAY,senate,12,mail,14,8
CLAY,senate,12,mail,15,22
CLAY,senate,12,mail,17,6
CLAY,senate,12,mail,18,12
CLAY,senate,12,mail,19,6
CLAY,senate,12,mail,20,10
CLAY,senate,12,mail,21,15
CLAYTON,house,62,inperson,5,1
CLAYTON,house,62,inperson,13,1
CLAYTON,house,65,inperson,8,1
CLAYTON,house,65,inperson,12,1
CLAYTON,house,65,inperson,18,1
CLAYTON,house,69,inperson,4,1
CLAYTON,house,74,inperson,4,1221
CLAYTON,house,74,inperson,5,787
CLAYTON,house,74,inperson,6,740
CLAYTON,house,74,inperson,7,722
CLAYTON,house,74,inperson,8,765
CLAYTON,house,74,inperson,9,373
CLAYTON,house,74,inperson,10,571
CLAYTON,house,74,inperson,11,822
CLAYTON,house,74,inperson,12,736
CLAYTON,house,74,inperson,13,742
CLAYTON,house,74,inperson,14,881
CLAYTON,house,74,inperson,15,1040
CLAYTON,house,74,inperson,16,339
CLAYTON,house,74,inperson,17,599
CLAYTON,house,74,inperson,18,1139
CLAYTON,house,74,inperson,19,1031
CLAYTON,house,74,inperson,20,1205
CLAYTON,house,74,inperson,21,1723
CLAYTON,house,74,mail,0,53
CLAYTON,house,74,mail,1,47
CLAYTON,house,74,mail,3,1
CLAYTON,house,74,mail,4,35
CLAYTON,house,74,mail,5,42
CLAYTON,house,74,mail,6,22
CLAYTON,house,74,mail,7,45
CLAYTON,house,74,mail,8,41
CLAYTON,house,74,mail,9,4
CLAYTON,house,74,mail,10,13
CLAYTON,house,74,mail,11,46
CLAYTON,house,74,mail,12,36
CLAYTON,house,74,mail,13,68
CLAYTON,house,74,mail,14,64
CLAYTON,house,74,mail,15,95
CLAYTON,house,74,mail,16,3
CLAYTON,house,74,mail,17,35
CLAYTON,house,74,mail,18,105
CLAYTON,house,74,mail,19,54
CLAYTON,house,74,mail,20,48
CLAYTON,house,74,mail,21,51
CLAYTON,house,74,mail,22,8
CLAYTON,house,74,mail,25,3
CLAYTON,house,74,mail,32,1
CLAYTON,house,74,mail,33,1
CLAYTON,house,74,mail,35,2
CLAYTON,house,74,mail,36,2
CLAYTON,house,75,inperson,4,1575
CLAYTON,house,75,inperson,5,934
CLAYTON,house,75,inperson,6,806
CLAYTON,house,75,inperson,7,792
CLAYTON,house,75,inperson,8,959
CLAYTON,house,75,inperson,9,349
CLAYTON,house,75,inperson,10,580
CLAYTON,house,75,inperson,11,801
CLAYTON,house,75,inperson,12,734
CLAYTON,house,75,inperson,13,744
CLAYTON,house,75,inperson,14,887
CLAYTON,house,75,inperson,15,1086
CLAYTON,house,75,inperson,16,348
CLAYTON,house,75,inperson,17,601
CLAYTON,house,75,inperson,18,1165
CLAYTON,house,75,inperson,19,1062
CLAYTON,house,75,inperson,20,1211
CLAYTON,house,75,inperson,21,1757
CLAYTON,house,75,mail,0,50
CLAYTON,house,75,mail,1,73
CLAYTON,house,75,mail,4,46
CLAYTON,house,75,mail,5,25
CLAYTON,house,75,mail,6,41
CLAYTON,house,75,mail,7,49
CLAYTON,house,75,mail,8,50
CLAYTON,house,75,mail,9,4
CLAYTON,house,75,mail,10,12
CLAYTON,house,75,mail,11,54
CLAYTON,house,75,mail,12,47
CLAYTON,house,75,mail,13,81
CLAYTON,house,75,mail,14,97
CLAYTON,house,75,mail,15,138
CLAYTON,house,75,mail,16,6
CLAYTON,house,75,mail,17,44
CLAYTON,house,75,mail,18,89
CLAYTON,house,75,mail,19,80
CLAYTON,house,75,mail,20,38
CLAYTON,house,75,mail,21,52
CLAYTON,house,75,mail,22,15
CLAYTON,house,75,mail,24,2
CLAYTON,house,75,mail,25,5
CLAYTON,house,75,mail,27,3
CLAYTON,house,75,mail,29,3
CLAYTON,house,75,mail,33,1
CLAYTON,house,75,mail,35,2
CLAYTON,house,75,mail,36,1
CLAYTON,house,75,mail,40,1
CLAYTON,house,76,inperson,4,1561
CLAYTON,house,76,inperson,5,839
CLAYTON,house,76,inperson,6,820
CLAYTON,house,76,inperson,7,814
CLAYTON,house,76,inperson,8,826
CLAYTON,house,76,inperson,9,409
CLAYTON,house,76,inperson,10,555
CLAYTON,house,76,inperson,11,840
CLAYTON,house,76,inperson,12,715
CLAYTON,house,76,inperson,13,806
CLAYTON,house,76,inperson,14,940
CLAYTON,house,76,inperson,15,1140
CLAYTON,house,76,inperson,16,352
CLAYTON,house,76,inperson,17,633
CLAYTON,house,76,inperson,18,1191
CLAYTON,house,76,inperson,19,1132
CLAYTON,house,76,inperson,20,1354
CLAYTON,house,76,inperson,21,1875
CLAYTON,house,76,mail,0,54
CLAYTON,house,76,mail,1,48
CLAYTON,house,76,mail,4,32
CLAYTON,house,76,mail,5,39
CLAYTON,house,76,mail,6,19
CLAYTON,house,76,mail,7,63
CLAYTON,house,76,mail,8,51
CLAYTON,house,76,mail,9,3
CLAYTON,house,76,mail,10,24
CLAYTON,house,76,mail,11,45
CLAYTON,house,76,mail,12,55
CLAYTON,house,76,mail,13,73
CLAYTON,house,76,mail,14,63
CLAYTON,house,76,mail,15,130
CLAYTON,house,76,mail,16,2
CLAYTON,house,76,mail,17,44
CLAYTON,house,76,mail,18,67
CLAYTON,house,76,mail,19,17
CLAYTON,house,76,mail,20,35
CLAYTON,house,76,mail,21,43
CLAYTON,house,76,mail,22,9
CLAYTON,house,76,mail,25,3
CLAYTON,house,76,mail,26,1
CLAYTON,house,76,mail,27,4
CLAYTON,house,76,mail,33,1
CLAYTON,house,77,inperson,4,1412
CLAYTON,house,77,inperson,5,787
CLAYTON,house,77,inperson,6,762
CLAYTON,house,77,inperson,7,679
CLAYTON,house,77,inperson,8,740
CLAYTON,house,77,inperson,9,259
CLAYTON,house,77,inperson,10,419
CLAYTON,house,77,inperson,11,644
CLAYTON,house,77,inperson,12,672
CLAYTON,house,77,inperson,13,676
CLAYTON,house,77,inperson,14,739
CLAYTON,house,77,inperson,15,880
CLAYTON,house,77,inperson,16,272
CLAYTON,house,77,inperson,17,517
CLAYTON,house,77,inperson,18,974
CLAYTON,house,77,inperson,19,975
CLAYTON,house,77,inperson,20,1130
CLAYTON,house,77,inperson,21,1683
CLAYTON,house,77,mail,0,35
CLAYTON,house,77,mail,1,40
CLAYTON,house,77,mail,4,39
CLAYTON,house,77,mail,5,31
CLAYTON,house,77,mail,6,35
CLAYTON,house,77,mail,7,52
CLAYTON,house,77,mail,8,38
CLAYTON,house,77,mail,9,1
CLAYTON,house,77,mail,10,19
CLAYTON,house,77,mail,11,37
CLAYTON,house,77,mail,12,49
CLAYTON,house,77,mail,13,50
CLAYTON,house,77,mail,14,76
CLAYTON,house,77,mail,15,101
CLAYTON,house,77,mail,16,2
CLAYTON,house,77,mail,17,29
CLAYTON,house,77,mail,18,99
CLAYTON,house,77,mail,19,32
CLAYTON,house,77,mail,20,26
CLAYTON,house,77,mail,21,45
CLAYTON,house,77,mail,22,8
CLAYTON,house,77,mail,25,1
CLAYTON,house,77,mail,27,1
CLAYTON,house,77,mail,28,1
CLAYTON,house,77,mail,35,1
CLAYTON,house,77,mail,36,1
CLAYTON,house,78,inperson,4,457
CLAYTON,house,78,inperson,5,278
CLAYTON,house,78,inperson,6,265
CLAYTON,house,78,inperson,7,242
CLAYTON,house,78,inperson,8,272
CLAYTON,house,78,inperson,9,138
CLAYTON,house,78,inperson,10,184
CLAYTON,house,78,inperson,11,276
CLAYTON,house,78,inperson,12,272
CLAYTON,house,78,inperson,13,254
CLAYTON,house,78,inperson,14,339
CLAYTON,house,78,inperson,15,379
CLAYTON,house,78,inperson,16,123
CLAYTON,house,78,inperson,17,211
CLAYTON,house,78,inperson,18,447
CLAYTON,house,78,inperson,19,378
CLAYTON,house,78,inperson,20,477
CLAYTON,house,78,inperson,21,711
CLAYTON,house,78,mail,0,23
CLAYTON,house,78,mail,1,17
CLAYTON,house,78,mail,3,1
CLAYTON,house,78,mail,4,20
CLAYTON,house,78,mail,5,19
CLAYTON,house,78,mail,6,9
CLAYTON,house,78,mail,7,22
CLAYTON,house,78,mail,8,25
CLAYTON,house,78,mail,9,7
CLAYTON,house,78,mail,10,10
CLAYTON,house,78,mail,11,14
CLAYTON,house,78,mail,12,30
CLAYTON,house,78,mail,13,33
CLAYTON,house,78,mail,14,27
CLAYTON,house,78,mail,15,33
CLAYTON,house,78,mail,16,5
CLAYTON,house,78,mail,17,18
CLAYTON,house,78,mail,18,23
CLAYTON,house,78,mail,19,23
CLAYTON,house,78,mail,20,21
CLAYTON,house,78,mail,21,23
CLAYTON,house,78,mail,22,8
CLAYTON,house,78,mail,24,3
CLAYTON,house,78,mail,25,5
CLAYTON,house,78,mail,27,1
CLAYTON,house,78,mail,36,1
CLAYTON,house,79,inperson,4,1278
CLAYTON,house,79,inperson,5,792
CLAYTON,house,79,inperson,6,645
CLAYTON,house,79,inperson,7,611
CLAYTON,house,79,inperson,8,689
CLAYTON,house,79,inperson,9,221
CLAYTON,house,79,inperson,10,408
CLAYTON,house,79,inperson,11,604
CLAYTON,house,79,inperson,12,555
CLAYTON,house,79,inperson,13,590
CLAYTON,house,79,inperson,14,613
CLAYTON,house,79,inperson,15,758
CLAYTON,house,79,inperson,16,251
CLAYTON,house,79,inperson,17,451
CLAYTON,house,79,inperson,18,822
CLAYTON,house,79,inperson,19,745
CLAYTON,house,79,inperson,20,902
CLAYTON,house,79,inperson,21,1244
CLAYTON,house,79,mail,0,29
CLAYTON,house,79,mail,1,28
CLAYTON,house,79,mail,4,48
CLAYTON,house,79,mail,5,24
CLAYTON,house,79,mail,6,29
CLAYTON,house,79,mail,7,33
CLAYTON,house,79,mail,8,37
CLAYTON,house,79,mail,9,1
CLAYTON,house,79,mail,10,13
CLAYTON,house,79,mail,11,46
CLAYTON,house,79,mail,12,44
CLAYTON,house,79,mail,13,39
CLAYTON,house,79,mail,14,54
CLAYTON,house,79,mail,15,81
CLAYTON,house,79,mail,16,1
CLAYTON,house,79,mail,17,32
CLAYTON,house,79,mail,18,79
CLAYTON,house,79,mail,19,29
CLAYTON,house,79,mail,20,28
CLAYTON,house,79,mail,21,28
CLAYTON,house,79,mail,22,9
CLAYTON,house,79,mail,25,2
CLAYTON,house,79,mail,27,1
CLAYTON,house,79,mail,29,2
CLAYTON,senate,17,inperson,4,2204
CLAYTON,senate,17,inperson,5,1342
CLAYTON,senate,17,inperson,6,1225
CLAYTON,senate,17,inperson,7,1219
CLAYTON,senate,17,inperson,8,1394
CLAYTON,senate,17,inperson,9,637
CLAYTON,senate,17,inperson,10,975
CLAYTON,senate,17,inperson,11,1351
CLAYTON,senate,17,inperson,12,1273
CLAYTON,senate,17,inperson,13,1239
CLAYTON,senate,17,inperson,14,1551
CLAYTON,senate,17,inperson,15,1785
CLAYTON,senate,17,inperson,16,579
CLAYTON,senate,17,inperson,17,966
CLAYTON,senate,17,inperson,18,1956
CLAYTON,senate,17,inperson,19,1762
CLAYTON,senate,17,inperson,20,2091
CLAYTON,senate,17,inperson,21,3032
CLAYTON,senate,17,mail,0,93
CLAYTON,senate,17,mail,1,103
CLAYTON,senate,17,mail,3,2
CLAYTON,senate,17,mail,4,66
CLAYTON,senate,17,mail,5,60
CLAYTON,senate,17,mail,6,51
CLAYTON,senate,17,mail,7,89
CLAYTON,senate,17,mail,8,79
CLAYTON,senate,17,mail,9,9
CLAYTON,senate,17,mail,10,24
CLAYTON,senate,17,mail,11,75
CLAYTON,senate,17,mail,12,73
CLAYTON,senate,17,mail,13,132
CLAYTON,senate,17,mail,14,131
CLAYTON,senate,17,mail,15,186
CLAYTON,senate,17,mail,16,7
CLAYTON,senate,17,mail,17,65
CLAYTON,senate,17,mail,18,159
CLAYTON,senate,17,mail,19,101
CLAYTON,senate,17,mail,20,77
CLAYTON,senate,17,mail,21,91
CLAYTON,senate,17,mail,22,22
CLAYTON,senate,17,mail,24,5
CLAYTON,senate,17,mail,25,12
CLAYTON,senate,17,mail,27,1
CLAYTON,senate,17,mail,29,3
CLAYTON,senate,17,mail,32,1
CLAYTON,senate,17,mail,33,1
CLAYTON,senate,17,mail,35,3
CLAYTON,senate,17,mail,36,3
CLAYTON,senate,17,mail,40,1
CLAYTON,senate,28,inperson,8,1
CLAYTON,senate,34,inperson,4,3611
CLAYTON,senate,34,inperson,5,2180
CLAYTON,senate,34,inperson,6,1942
CLAYTON,senate,34,inperson,7,1761
CLAYTON,senate,34,inperson,8,1966
CLAYTON,senate,34,inperson,9,679
CLAYTON,senate,34,inperson,10,1140
CLAYTON,senate,34,inperson,11,1722
CLAYTON,senate,34,inperson,12,1643
CLAYTON,senate,34,inperson,13,1707
CLAYTON,senate,34,inperson,14,1847
CLAYTON,senate,34,inperson,15,2292
CLAYTON,senate,34,inperson,16,722
CLAYTON,senate,34,inperson,17,1352
CLAYTON,senate,34,inperson,18,2480
CLAYTON,senate,34,inperson,19,2367
CLAYTON,senate,34,inperson,20,2747
CLAYTON,senate,34,inperson,21,3977
CLAYTON,senate,34,mail,0,93
CLAYTON,senate,34,mail,1,104
CLAYTON,senate,34,mail,4,115
CLAYTON,senate,34,mail,5,76
CLAYTON,senate,34,mail,6,81
CLAYTON,senate,34,mail,7,114
CLAYTON,senate,34,mail,8,109
CLAYTON,senate,34,mail,9,4
CLAYTON,senate,34,mail,10,37
CLAYTON,senate,34,mail,11,120
CLAYTON,senate,34,mail,12,122
CLAYTON,senate,34,mail,13,132
CLAYTON,senate,34,mail,14,183
CLAYTON,senate,34,mail,15,268
CLAYTON,senate,34,mail,16,8
CLAYTON,senate,34,mail,17,87
CLAYTON,senate,34,mail,18,238
CLAYTON,senate,34,mail,19,115
CLAYTON,senate,34,mail,20,81
CLAYTON,senate,34,mail,21,107
CLAYTON,senate,34,mail,22,26
CLAYTON,senate,34,mail,25,4
CLAYTON,senate,34,mail,27,4
CLAYTON,senate,34,mail,28,1
CLAYTON,senate,34,mail,29,2
CLAYTON,senate,34,mail,33,1
CLAYTON,senate,34,mail,35,2
CLAYTON,senate,34,mail,36,2
CLAYTON,senate,36,inperson,5,1
CLAYTON,senate,36,inperson,13,1
CLAYTON,senate,38,inperson,12,1
CLAYTON,senate,38,inperson,18,1
CLAYTON,senate,39,inperson,4,1
CLAYTON,senate,44,inperson,4,1689
CLAYTON,senate,44,inperson,5,895
CLAYTON,senate,44,inperson,6,871
CLAYTON,senate,44,inperson,7,880
CLAYTON,senate,44,inperson,8,891
CLAYTON,senate,44,inperson,9,433
CLAYTON,senate,44,inperson,10,602
CLAYTON,senate,44,inperson,11,914
CLAYTON,senate,44,inperson,12,768
CLAYTON,senate,44,inperson,13,866
CLAYTON,senate,44,inperson,14,1001
CLAYTON,senate,44,inperson,15,1206
CLAYTON,senate,44,inperson,16,384
CLAYTON,senate,44,inperson,17,694
CLAYTON,senate,44,inperson,18,1302
CLAYTON,senate,44,inperson,19,1194
CLAYTON,senate,44,inperson,20,1441
CLAYTON,senate,44,inperson,21,1984
CLAYTON,senate,44,mail,0,58
CLAYTON,senate,44,mail,1,46
CLAYTON,senate,44,mail,4,39
CLAYTON,senate,44,mail,5,44
CLAYTON,senate,44,mail,6,23
CLAYTON,senate,44,mail,7,61
CLAYTON,senate,44,mail,8,54
CLAYTON,senate,44,mail,9,7
CLAYTON,senate,44,mail,10,30
CLAYTON,senate,44,mail,11,47
CLAYTON,senate,44,mail,12,66
CLAYTON,senate,44,mail,13,80
CLAYTON,senate,44,mail,14,67
CLAYTON,senate,44,mail,15,124
CLAYTON,senate,44,mail,16,4
CLAYTON,senate,44,mail,17,50
CLAYTON,senate,44,mail,18,65
CLAYTON,senate,44,mail,19,19
CLAYTON,senate,44,mail,20,38
CLAYTON,senate,44,mail,21,44
CLAYTON,senate,44,mail,22,9
CLAYTON,senate,44,mail,25,3
CLAYTON,senate,44,mail,26,1
CLAYTON,senate,44,mail,27,5
CLAYTON,senate,44,mail,33,1
CLINCH,house,174,inperson,4,167
CLINCH,house,174,inperson,5,124
CLINCH,house,174,inperson,6,95
CLINCH,house,174,inperson,7,100
CLINCH,house,174,inperson,8,140
CLINCH,house,174,inperson,10,42
CLINCH,house,174,inperson,11,156
CLINCH,house,174,inperson,12,101
CLINCH,house,174,inperson,13,98
CLINCH,house,174,inperson,14,127
CLINCH,house,174,inperson,15,144
CLINCH,house,174,inperson,17,20
CLINCH,house,174,inperson,18,151
CLINCH,house,174,inperson,19,157
CLINCH,house,174,inperson,20,158
CLINCH,house,174,inperson,21,157
CLINCH,house,174,mail,0,2
CLINCH,house,174,mail,1,5
CLINCH,house,174,mail,4,3
CLINCH,house,174,mail,5,6
CLINCH,house,174,mail,7,2
CLINCH,house,174,mail,8,6
CLINCH,house,174,mail,10,3
CLINCH,house,174,mail,11,1
CLINCH,house,174,mail,12,3
CLINCH,house,174,mail,13,1
CLINCH,house,174,mail,14,4
CLINCH,house,174,mail,15,16
CLINCH,house,174,mail,17,6
CLINCH,house,174,mail,18,6
CLINCH,house,174,mail,19,5
CLINCH,house,174,mail,20,7
CLINCH,house,174,mail,21,3
CLINCH,senate,8,inperson,4,167
CLINCH,senate,8,inperson,5,124
CLINCH,senate,8,inperson,6,95
CLINCH,senate,8,inperson,7,100
CLINCH,senate,8,inperson,8,140
CLINCH,senate,8,inperson,10,42
CLINCH,senate,8,inperson,11,156
CLINCH,senate,8,inperson,12,101
CLINCH,senate,8,inperson,13,98
CLINCH,senate,8,inperson,14,127
CLINCH,senate,8,inperson,15,144
CLINCH,senate,8,inperson,17,20
CLINCH,senate,8,inperson,18,151
CLINCH,senate,8,inperson,19,157
CLINCH,senate,8,inperson,20,158
CLINCH,senate,8,inperson,21,157
CLINCH,senate,8,mail,0,2
CLINCH,senate,8,mail,1,5
CLINCH,senate,8,mail,4,3
CLINCH,senate,8,mail,5,6
CLINCH,senate,8,mail,7,2
CLINCH,senate,8,mail,8,6
CLINCH,senate,8,mail,10,3
CLINCH,senate,8,mail,11,1
CLINCH,senate,8,mail,12,3
CLINCH,senate,8,mail,13,1
CLINCH,senate,8,mail,14,4
CLINCH,senate,8,mail,15,16
CLINCH,senate,8,mail,17,6
CLINCH,senate,8,mail,18,6
CLINCH,senate,8,mail,19,5
CLINCH,senate,8,mail,20,7
CLINCH,senate,8,mail,21,3
COBB,house,0,inperson,14,1
COBB,house,0,inperson,20,1
COBB,house,0,mail,5,1
COBB,house,0,mail,7,2
COBB,house,0,mail,12,1
COBB,house,0,mail,14,1
COBB,house,0,mail,15,1
COBB,house,0,mail,18,1
COBB,house,0,mail,19,1
COBB,house,0,mail,20,1
COBB,house,0,mail,25,1
COBB,house,0,mail,26,1
COBB,house,0,mail,29,1
COBB,house,0,mail,33,1
COBB,house,0,mail,34,2
COBB,house,0,mail,35,4
COBB,house,115,inperson,15,1
COBB,house,19,inperson,3,2
COBB,house,19,inperson,4,453
COBB,house,19,inperson,5,336
COBB,house,19,inperson,6,325
COBB,house,19,inperson,7,342
COBB,house,19,inperson,8,413
COBB,house,19,inperson,9,178
COBB,house,19,inperson,10,280
COBB,house,19,inperson,11,490
COBB,house,19,inperson,12,434
COBB,house,19,inperson,13,451
COBB,house,19,inperson,14,472
COBB,house,19,inperson,15,518
COBB,house,19,inperson,16,180
COBB,house,19,inperson,17,322
COBB,house,19,inperson,18,686
COBB,house,19,inperson,19,562
COBB,house,19,inperson,20,636
COBB,house,19,inperson,21,602
COBB,house,19,mail,0,51
COBB,house,19,mail,1,15
COBB,house,19,mail,2,4
COBB,house,19,mail,3,25
COBB,house,19,mail,4,36
COBB,house,19,mail,5,48
COBB,house,19,mail,6,94
COBB,house,19,mail,7,10
COBB,house,19,mail,8,25
COBB,house,19,mail,10,1
COBB,house,19,mail,11,9
COBB,house,19,mail,12,4
COBB,house,19,mail,13,40
COBB,house,19,mail,14,18
COBB,house,19,mail,15,26
COBB,house,19,mail,16,9
COBB,house,19,mail,17,20
COBB,house,19,mail,18,34
COBB,house,19,mail,19,16
COBB,house,19,mail,20,1
COBB,house,19,mail,21,1
COBB,house,19,mail,22,2
COBB,house,19,mail,29,3
COBB,house,22,inperson,3,1
COBB,house,22,inperson,4,832
COBB,house,22,inperson,5,607
COBB,house,22,inperson,6,577
COBB,house,22,inperson,7,636
COBB,house,22,inperson,8,579
COBB,house,22,inperson,9,181
COBB,house,22,inperson,10,459
COBB,house,22,inperson,11,759
COBB,house,22,inperson,12,614
COBB,house,22,inperson,13,561
COBB,house,22,inperson,14,673
COBB,house,22,inperson,15,662
COBB,house,22,inperson,16,166
COBB,house,22,inperson,17,496
COBB,house,22,inperson,18,780
COBB,house,22,inperson,19,653
COBB,house,22,inperson,20,643
COBB,house,22,inperson,21,688
COBB,house,22,mail,0,94
COBB,house,22,mail,1,31
COBB,house,22,mail,2,29
COBB,house,22,mail,3,23
COBB,house,22,mail,4,36
COBB,house,22,mail,5,131
COBB,house,22,mail,6,129
COBB,house,22,mail,7,53
COBB,house,22,mail,8,41
COBB,house,22,mail,10,9
COBB,house,22,mail,11,2
COBB,house,22,mail,12,32
COBB,house,22,mail,13,23
COBB,house,22,mail,14,62
COBB,house,22,mail,15,76
COBB,house,22,mail,16,4
COBB,house,22,mail,17,34
COBB,house,22,mail,18,34
COBB,house,22,mail,19,19
COBB,house,22,mail,20,2
COBB,house,22,mail,21,3
COBB,house,22,mail,22,2
COBB,house,22,mail,32,1
COBB,house,22,mail,33,1
COBB,house,22,mail,34,1
COBB,house,22,mail,35,1
COBB,house,22,mail,40,1
COBB,house,24,inperson,11,1
COBB,house,34,inperson,4,1927
COBB,house,34,inperson,5,1403
COBB,house,34,inperson,6,1340
COBB,house,34,inperson,7,1423
COBB,house,34,inperson,8,1665
COBB,house,34,inperson,9,413
COBB,house,34,inperson,10,1191
COBB,house,34,inperson,11,1927
COBB,house,34,inperson,12,1577
COBB,house,34,inperson,13,1650
COBB,house,34,inperson,14,1899
COBB,house,34,inperson,15,2124
COBB,house,34,inperson,16,458
COBB,house,34,inperson,17,1341
COBB,house,34,inperson,18,2321
COBB,house,34,inperson,19,1960
COBB,house,34,inperson,20,2099
COBB,house,34,inperson,21,2139
COBB,house,34,mail,0,262
COBB,house,34,mail,1,108
COBB,house,34,mail,2,79
COBB,house,34,mail,3,93
COBB,house,34,mail,4,75
COBB,house,34,mail,5,237
COBB,house,34,mail,6,315
COBB,house,34,mail,7,200
COBB,house,34,mail,8,93
COBB,house,34,mail,10,12
COBB,house,34,mail,11,12
COBB,house,34,mail,12,72
COBB,house,34,mail,13,58
COBB,house,34,mail,14,96
COBB,house,34,mail,15,181
COBB,house,34,mail,16,15
COBB,house,34,mail,17,74
COBB,house,34,mail,18,160
COBB,house,34,mail,19,71
COBB,house,34,mail,20,10
COBB,house,34,mail,21,1
COBB,house,34,mail,22,9
COBB,house,34,mail,25,3
COBB,house,34,mail,26,2
COBB,house,34,mail,27,1
COBB,house,34,mail,28,3
COBB,house,34,mail,29,4
COBB,house,34,mail,32,2
COBB,house,34,mail,34,2
COBB,house,34,mail,35,1
COBB,house,34,mail,36,2
COBB,house,34,mail,41,1
COBB,house,34,mail,42,1
COBB,house,35,inperson,3,1
COBB,house,35,inperson,4,1631
COBB,house,35,inperson,5,1191
COBB,house,35,inperson,6,1079
COBB,house,35,inperson,7,1073
COBB,house,35,inperson,8,1164
COBB,house,35,inperson,9,304
COBB,house,35,inperson,10,902
COBB,house,35,inperson,11,1173
COBB,house,35,inperson,12,1088
COBB,house,35,inperson,13,1040
COBB,house,35,inperson,14,1015
COBB,house,35,inperson,15,1203
COBB,house,35,inperson,16,264
COBB,house,35,inperson,17,911
COBB,house,35,inperson,18,1329
COBB,house,35,inperson,19,1184
COBB,house,35,inperson,20,1342
COBB,house,35,inperson,21,1300
COBB,house,35,mail,0,138
COBB,house,35,mail,1,49
COBB,house,35,mail,2,31
COBB,house,35,mail,3,46
COBB,house,35,mail,4,42
COBB,house,35,mail,5,119
COBB,house,35,mail,6,239
COBB,house,35,mail,7,68
COBB,house,35,mail,8,30
COBB,house,35,mail,10,23
COBB,house,35,mail,11,30
COBB,house,35,mail,12,41
COBB,house,35,mail,13,68
COBB,house,35,mail,14,72
COBB,house,35,mail,15,73
COBB,house,35,mail,16,18
COBB,house,35,mail,17,75
COBB,house,35,mail,18,47
COBB,house,35,mail,19,19
COBB,house,35,mail,20,2
COBB,house,35,mail,21,2
COBB,house,35,mail,22,1
COBB,house,35,mail,25,2
COBB,house,35,mail,26,1
COBB,house,35,mail,33,3
COBB,house,35,mail,36,4
COBB,house,36,inperson,4,1951
COBB,house,36,inperson,5,1325
COBB,house,36,inperson,6,1269
COBB,house,36,inperson,7,1429
COBB,house,36,inperson,8,1537
COBB,house,36,inperson,9,448
COBB,house,36,inperson,10,1077
COBB,house,36,inperson,11,1868
COBB,house,36,inperson,12,1575
COBB,house,36,inperson,13,1648
COBB,house,36,inperson,14,1813
COBB,house,36,inperson,15,1951
COBB,house,36,inperson,16,413
COBB,house,36,inperson,17,1307
COBB,house,36,inperson,18,2310
COBB,house,36,inperson,19,2188
COBB,house,36,inperson,20,2108
COBB,house,36,inperson,21,2343
COBB,house,36,mail,0,208
COBB,house,36,mail,1,57
COBB,house,36,mail,2,31
COBB,house,36,mail,3,90
COBB,house,36,mail,4,78
COBB,house,36,mail,5,190
COBB,house,36,mail,6,210
COBB,house,36,mail,7,200
COBB,house,36,mail,8,79
COBB,house,36,mail,10,13
COBB,house,36,mail,11,53
COBB,house,36,mail,12,31
COBB,house,36,mail,13,60
COBB,house,36,mail,14,66
COBB,house,36,mail,15,167
COBB,house,36,mail,16,29
COBB,house,36,mail,17,53
COBB,house,36,mail,18,150
COBB,house,36,mail,19,55
COBB,house,36,mail,20,5
COBB,house,36,mail,21,8
COBB,house,36,mail,22,4
COBB,house,36,mail,25,1
COBB,house,36,mail,26,4
COBB,house,36,mail,29,1
COBB,house,36,mail,32,4
COBB,house,36,mail,33,2
COBB,house,36,mail,34,1
COBB,house,36,mail,35,1
COBB,house,36,mail,36,1
COBB,house,36,mail,41,1
COBB,house,36,mail,42,2
COBB,house,36,mail,43,2
COBB,house,37,inperson,4,1494
COBB,house,37,inperson,5,1102
COBB,house,37,inperson,6,1042
COBB,house,37,inperson,7,1087
COBB,house,37,inperson,8,1086
COBB,house,37,inperson,9,319
COBB,house,37,inperson,10,736
COBB,house,37,inperson,11,1245
COBB,house,37,inperson,12,1033
COBB,house,37,inperson,13,1109
COBB,house,37,inperson,14,1162
COBB,house,37,inperson,15,1194
COBB,house,37,inperson,16,332
COBB,house,37,inperson,17,911
COBB,house,37,inperson,18,1297
COBB,house,37,inperson,19,1172
COBB,house,37,inperson,20,1237
COBB,house,37,inperson,21,1253
COBB,house,37,mail,0,193
COBB,house,37,mail,1,73
COBB,house,37,mail,2,42
COBB,house,37,mail,3,64
COBB,house,37,mail,4,95
COBB,house,37,mail,5,226
COBB,house,37,mail,6,135
COBB,house,37,mail,7,142
COBB,house,37,mail,8,78
COBB,house,37,mail,10,65
COBB,house,37,mail,11,79
COBB,house,37,mail,12,45
COBB,house,37,mail,13,59
COBB,house,37,mail,14,76
COBB,house,37,mail,15,76
COBB,house,37,mail,16,15
COBB,house,37,mail,17,46
COBB,house,37,mail,18,121
COBB,house,37,mail,19,54
COBB,house,37,mail,20,10
COBB,house,37,mail,21,8
COBB,house,37,mail,22,1
COBB,house,37,mail,25,3
COBB,house,37,mail,26,1
COBB,house,37,mail,27,1
COBB,house,37,mail,29,2
COBB,house,37,mail,32,2
COBB,house,37,mail,33,1
COBB,house,37,mail,34,3
COBB,house,37,mail,35,2
COBB,house,37,mail,36,2
COBB,house,38,inperson,4,1839
COBB,house,38,inperson,5,1243
COBB,house,38,inperson,6,1213
COBB,house,38,inperson,7,1186
COBB,house,38,inperson,8,1177
COBB,house,38,inperson,9,247
COBB,house,38,inperson,10,980
COBB,house,38,inperson,11,1316
COBB,house,38,inperson,12,1134
COBB,house,38,inperson,13,1097
COBB,house,38,inperson,14,1330
COBB,house,38,inperson,15,1548
COBB,house,38,inperson,16,236
COBB,house,38,inperson,17,1008
COBB,house,38,inperson,18,1728
COBB,house,38,inperson,19,1547
COBB,house,38,inperson,20,1766
COBB,house,38,inperson,21,2231
COBB,house,38,mail,0,141
COBB,house,38,mail,1,56
COBB,house,38,mail,2,14
COBB,house,38,mail,3,58
COBB,house,38,mail,4,63
COBB,house,38,mail,5,174
COBB,house,38,mail,6,202
COBB,house,38,mail,7,67
COBB,house,38,mail,8,94
COBB,house,38,mail,10,6
COBB,house,38,mail,11,27
COBB,house,38,mail,12,17
COBB,house,38,mail,13,33
COBB,house,38,mail,14,83
COBB,house,38,mail,15,76
COBB,house,38,mail,16,7
COBB,house,38,mail,17,57
COBB,house,38,mail,18,115
COBB,house,38,mail,19,19
COBB,house,38,mail,20,2
COBB,house,38,mail,21,3
COBB,house,38,mail,22,1
COBB,house,38,mail,25,2
COBB,house,38,mail,29,2
COBB,house,38,mail,33,2
COBB,house,38,mail,34,1
COBB,house,38,mail,35,4
COBB,house,39,inperson,3,1
COBB,house,39,inperson,4,1495
COBB,house,39,inperson,5,1104
COBB,house,39,inperson,6,1049
COBB,house,39,inperson,7,998
COBB,house,39,inperson,8,973
COBB,house,39,inperson,9,369
COBB,house,39,inperson,10,818
COBB,house,39,inperson,11,1075
COBB,house,39,inperson,12,886
COBB,house,39,inperson,13,959
COBB,house,39,inperson,14,1145
COBB,house,39,inperson,15,1226
COBB,house,39,inperson,16,415
COBB,house,39,inperson,17,926
COBB,house,39,inperson,18,1466
COBB,house,39,inperson,19,1308
COBB,house,39,inperson,20,1445
COBB,house,39,inperson,21,1659
COBB,house,39,mail,0,163
COBB,house,39,mail,1,41
COBB,house,39,mail,2,17
COBB,house,39,mail,3,58
COBB,house,39,mail,4,74
COBB,house,39,mail,5,136
COBB,house,39,mail,6,245
COBB,house,39,mail,7,5
COBB,house,39,mail,8,39
COBB,house,39,mail,10,31
COBB,house,39,mail,11,4
COBB,house,39,mail,12,3
COBB,house,39,mail,13,53
COBB,house,39,mail,14,86
COBB,house,39,mail,15,70
COBB,house,39,mail,16,49
COBB,house,39,mail,17,34
COBB,house,39,mail,18,135
COBB,house,39,mail,19,16
COBB,house,39,mail,20,3
COBB,house,39,mail,21,6
COBB,house,39,mail,22,3
COBB,house,39,mail,25,2
COBB,house,39,mail,26,2
COBB,house,39,mail,29,1
COBB,house,39,mail,32,1
COBB,house,39,mail,36,1
COBB,house,40,mail,21,1
COBB,house,41,inperson,3,1
COBB,house,41,inperson,4,1326
COBB,house,41,inperson,5,995
COBB,house,41,inperson,6,844
COBB,house,41,inperson,7,884
COBB,house,41,inperson,8,844
COBB,house,41,inperson,9,219
COBB,house,41,inperson,10,681
COBB,house,41,inperson,11,907
COBB,house,41,inperson,12,780
COBB,house,41,inperson,13,779
COBB,house,41,inperson,14,950
COBB,house,41,inperson,15,1009
COBB,house,41,inperson,16,215
COBB,house,41,inperson,17,668
COBB,house,41,inperson,18,1057
COBB,house,41,inperson,19,1019
COBB,house,41,inperson,20,1061
COBB,house,41,inperson,21,1261
COBB,house,41,mail,0,119
COBB,house,41,mail,1,38
COBB,house,41,mail,2,23
COBB,house,41,mail,3,47
COBB,house,41,mail,4,89
COBB,house,41,mail,5,121
COBB,house,41,mail,6,248
COBB,house,41,mail,7,80
COBB,house,41,mail,8,36
COBB,house,41,mail,10,29
COBB,house,41,mail,11,39
COBB,house,41,mail,12,16
COBB,house,41,mail,13,17
COBB,house,41,mail,14,62
COBB,house,41,mail,15,89
COBB,house,41,mail,16,8
COBB,house,41,mail,17,58
COBB,house,41,mail,18,96
COBB,house,41,mail,19,65
COBB,house,41,mail,20,2
COBB,house,41,mail,21,4
COBB,house,41,mail,26,5
COBB,house,41,mail,28,1
COBB,house,41,mail,29,3
COBB,house,41,mail,32,1
COBB,house,41,mail,33,1
COBB,house,41,mail,34,1
COBB,house,41,mail,36,2
COBB,house,41,mail,41,1
COBB,house,42,inperson,3,1
COBB,house,42,inperson,4,1558
COBB,house,42,inperson,5,1252
COBB,house,42,inperson,6,1086
COBB,house,42,inperson,7,1061
COBB,house,42,inperson,8,1118
COBB,house,42,inperson,9,166
COBB,house,42,inperson,10,802
COBB,house,42,inperson,11,1280
COBB,house,42,inperson,12,1028
COBB,house,42,inperson,13,1068
COBB,house,42,inperson,14,1131
COBB,house,42,inperson,15,1233
COBB,house,42,inperson,16,164
COBB,house,42,inperson,17,910
COBB,house,42,inperson,18,1508
COBB,house,42,inperson,19,1256
COBB,house,42,inperson,20,1359
COBB,house,42,inperson,21,1331
COBB,house,42,mail,0,145
COBB,house,42,mail,1,63
COBB,house,42,mail,2,58
COBB,house,42,mail,3,49
COBB,house,42,mail,4,111
COBB,house,42,mail,5,192
COBB,house,42,mail,6,127
COBB,house,42,mail,7,73
COBB,house,42,mail,8,82
COBB,house,42,mail,10,53
COBB,house,42,mail,11,43
COBB,house,42,mail,12,23
COBB,house,42,mail,13,36
COBB,house,42,mail,14,36
COBB,house,42,mail,15,101
COBB,house,42,mail,17,79
COBB,house,42,mail,18,71
COBB,house,42,mail,19,19
COBB,house,42,mail,20,7
COBB,house,42,mail,21,1
COBB,house,42,mail,22,2
COBB,house,42,mail,25,1
COBB,house,42,mail,26,1
COBB,house,42,mail,29,3
COBB,house,42,mail,32,1
COBB,house,42,mail,33,1
COBB,house,42,mail,35,2
COBB,house,42,mail,36,1
COBB,house,42,mail,43,1
COBB,house,43,inperson,4,1537
COBB,house,43,inperson,5,1092
COBB,house,43,inperson,6,1019
COBB,house,43,inperson,7,1034
COBB,house,43,inperson,8,1090
COBB,house,43,inperson,9,329
COBB,house,43,inperson,10,821
COBB,house,43,inperson,11,1011
COBB,house,43,inperson,12,962
COBB,house,43,inperson,13,930
COBB,house,43,inperson,14,960
COBB,house,43,inperson,15,1078
COBB,house,43,inperson,16,322
COBB,house,43,inperson,17,795
COBB,house,43,inperson,18,1074
COBB,house,43,inperson,19,886
COBB,house,43,inperson,20,867
COBB,house,43,inperson,21,893
COBB,house,43,mail,0,148
COBB,house,43,mail,1,71
COBB,house,43,mail,2,43
COBB,house,43,mail,3,96
COBB,house,43,mail,4,33
COBB,house,43,mail,5,204
COBB,house,43,mail,6,213
COBB,house,43,mail,7,142
COBB,house,43,mail,8,30
COBB,house,43,mail,10,23
COBB,house,43,mail,11,24
COBB,house,43,mail,12,27
COBB,house,43,mail,13,83
COBB,house,43,mail,14,60
COBB,house,43,mail,15,91
COBB,house,43,mail,16,30
COBB,house,43,mail,17,34
COBB,house,43,mail,18,70
COBB,house,43,mail,19,60
COBB,house,43,mail,20,3
COBB,house,43,mail,21,3
COBB,house,43,mail,22,2
COBB,house,43,mail,25,1
COBB,house,43,mail,26,3
COBB,house,43,mail,29,1
COBB,house,43,mail,32,6
COBB,house,43,mail,33,5
COBB,house,43,mail,34,1
COBB,house,43,mail,36,1
COBB,house,43,mail,46,1
COBB,house,44,inperson,4,1024
COBB,house,44,inperson,5,854
COBB,house,44,inperson,6,839
COBB,house,44,inperson,7,838
COBB,house,44,inperson,8,884
COBB,house,44,inperson,9,148
COBB,house,44,inperson,10,631
COBB,house,44,inperson,11,935
COBB,house,44,inperson,12,924
COBB,house,44,inperson,13,934
COBB,house,44,inperson,14,965
COBB,house,44,inperson,15,918
COBB,house,44,inperson,16,121
COBB,house,44,inperson,17,764
COBB,house,44,inperson,18,1109
COBB,house,44,inperson,19,1017
COBB,house,44,inperson,20,974
COBB,house,44,inperson,21,1103
COBB,house,44,mail,0,100
COBB,house,44,mail,1,55
COBB,house,44,mail,2,49
COBB,house,44,mail,3,49
COBB,house,44,mail,4,92
COBB,house,44,mail,5,112
COBB,house,44,mail,6,177
COBB,house,44,mail,7,108
COBB,house,44,mail,8,45
COBB,house,44,mail,10,8
COBB,house,44,mail,11,8
COBB,house,44,mail,12,48
COBB,house,44,mail,13,59
COBB,house,44,mail,14,58
COBB,house,44,mail,15,106
COBB,house,44,mail,16,22
COBB,house,44,mail,17,61
COBB,house,44,mail,18,66
COBB,house,44,mail,19,38
COBB,house,44,mail,20,3
COBB,house,44,mail,25,1
COBB,house,44,mail,29,3
COBB,house,44,mail,32,2
COBB,house,44,mail,33,2
COBB,house,44,mail,34,2
COBB,house,44,mail,35,1
COBB,house,44,mail,36,1
COBB,house,44,mail,40,1
COBB,house,45,inperson,3,1
COBB,house,45,inperson,4,1660
COBB,house,45,inperson,5,1448
COBB,house,45,inperson,6,1388
COBB,house,45,inperson,7,1518
COBB,house,45,inperson,8,1652
COBB,house,45,inperson,9,408
COBB,house,45,inperson,10,1168
COBB,house,45,inperson,11,1781
COBB,house,45,inperson,12,1528
COBB,house,45,inperson,13,1644
COBB,house,45,inperson,14,1890
COBB,house,45,inperson,15,1604
COBB,house,45,inperson,16,452
COBB,house,45,inperson,17,1385
COBB,house,45,inperson,18,1806
COBB,house,45,inperson,19,1531
COBB,house,45,inperson,20,1741
COBB,house,45,inperson,21,1553
COBB,house,45,mail,0,378
COBB,house,45,mail,1,135
COBB,house,45,mail,2,71
COBB,house,45,mail,3,252
COBB,house,45,mail,4,173
COBB,house,45,mail,5,464
COBB,house,45,mail,6,490
COBB,house,45,mail,7,266
COBB,house,45,mail,8,141
COBB,house,45,mail,10,32
COBB,house,45,mail,11,55
COBB,house,45,mail,12,82
COBB,house,45,mail,13,57
COBB,house,45,mail,14,120
COBB,house,45,mail,15,262
COBB,house,45,mail,16,16
COBB,house,45,mail,17,103
COBB,house,45,mail,18,141
COBB,house,45,mail,19,119
COBB,house,45,mail,20,6
COBB,house,45,mail,21,4
COBB,house,45,mail,22,2
COBB,house,45,mail,25,4
COBB,house,45,mail,26,5
COBB,house,45,mail,27,2
COBB,house,45,mail,29,6
COBB,house,45,mail,32,3
COBB,house,45,mail,33,3
COBB,house,45,mail,34,5
COBB,house,45,mail,35,4
COBB,house,45,mail,36,2
COBB,house,45,mail,40,1
COBB,house,45,mail,41,2
COBB,house,45,mail,42,1
COBB,house,46,inperson,3,1
COBB,house,46,inperson,4,1260
COBB,house,46,inperson,5,1025
COBB,house,46,inperson,6,1023
COBB,house,46,inperson,7,1115
COBB,house,46,inperson,8,1222
COBB,house,46,inperson,9,133
COBB,house,46,inperson,10,870
COBB,house,46,inperson,11,1378
COBB,house,46,inperson,12,1231
COBB,house,46,inperson,13,1258
COBB,house,46,inperson,14,1356
COBB,house,46,inperson,15,1414
COBB,house,46,inperson,16,136
COBB,house,46,inperson,17,1033
COBB,house,46,inperson,18,1626
COBB,house,46,inperson,19,1382
COBB,house,46,inperson,20,1486
COBB,house,46,inperson,21,1580
COBB,house,46,mail,0,170
COBB,house,46,mail,1,83
COBB,house,46,mail,2,47
COBB,house,46,mail,3,87
COBB,house,46,mail,4,102
COBB,house,46,mail,5,228
COBB,house,46,mail,6,301
COBB,house,46,mail,7,131
COBB,house,46,mail,8,85
COBB,house,46,mail,10,23
COBB,house,46,mail,11,13
COBB,house,46,mail,12,21
COBB,house,46,mail,13,94
COBB,house,46,mail,14,103
COBB,house,46,mail,15,138
COBB,house,46,mail,16,18
COBB,house,46,mail,17,44
COBB,house,46,mail,18,105
COBB,house,46,mail,19,37
COBB,house,46,mail,20,5
COBB,house,46,mail,21,3
COBB,house,46,mail,22,3
COBB,house,46,mail,25,3
COBB,house,46,mail,26,5
COBB,house,46,mail,28,2
COBB,house,46,mail,29,7
COBB,house,46,mail,32,6
COBB,house,46,mail,33,2
COBB,house,46,mail,34,1
COBB,house,46,mail,35,1
COBB,house,46,mail,36,1
COBB,house,46,mail,41,1
COBB,house,51,inperson,10,1
COBB,house,55,inperson,7,1
COBB,house,60,inperson,4,309
COBB,house,60,inperson,5,236
COBB,house,60,inperson,6,233
COBB,house,60,inperson,7,241
COBB,house,60,inperson,8,258
COBB,house,60,inperson,9,49
COBB,house,60,inperson,10,149
COBB,house,60,inperson,11,263
COBB,house,60,inperson,12,176
COBB,house,60,inperson,13,201
COBB,house,60,inperson,14,225
COBB,house,60,inperson,15,242
COBB,house,60,inperson,16,49
COBB,house,60,inperson,17,173
COBB,house,60,inperson,18,231
COBB,house,60,inperson,19,182
COBB,house,60,inperson,20,199
COBB,house,60,inperson,21,210
COBB,house,60,mail,0,43
COBB,house,60,mail,1,23
COBB,house,60,mail,2,7
COBB,house,60,mail,3,15
COBB,house,60,mail,4,17
COBB,house,60,mail,5,31
COBB,house,60,mail,6,46
COBB,house,60,mail,7,19
COBB,house,60,mail,8,48
COBB,house,60,mail,9,3
COBB,house,60,mail,10,29
COBB,house,60,mail,11,3
COBB,house,60,mail,12,7
COBB,house,60,mail,13,3
COBB,house,60,mail,14,16
COBB,house,60,mail,15,16
COBB,house,60,mail,16,12
COBB,house,60,mail,17,3
COBB,house,60,mail,18,13
COBB,house,60,mail,19,13
COBB,house,60,mail,20,1
COBB,house,60,mail,22,1
COBB,house,60,mail,26,1
COBB,house,60,mail,29,4
COBB,house,60,mail,34,1
COBB,house,60,mail,36,2
COBB,house,61,inperson,4,1233
COBB,house,61,inperson,5,892
COBB,house,61,inperson,6,894
COBB,house,61,inperson,7,864
COBB,house,61,inperson,8,895
COBB,house,61,inperson,9,210
COBB,house,61,inperson,10,765
COBB,house,61,inperson,11,1055
COBB,house,61,inperson,12,890
COBB,house,61,inperson,13,959
COBB,house,61,inperson,14,1018
COBB,house,61,inperson,15,1129
COBB,house,61,inperson,16,203
COBB,house,61,inperson,17,915
COBB,house,61,inperson,18,1329
COBB,house,61,inperson,19,1120
COBB,house,61,inperson,20,1123
COBB,house,61,inperson,21,1179
COBB,house,61,mail,0,143
COBB,house,61,mail,1,42
COBB,house,61,mail,2,56
COBB,house,61,mail,3,82
COBB,house,61,mail,4,94
COBB,house,61,mail,5,217
COBB,house,61,mail,6,239
COBB,house,61,mail,7,50
COBB,house,61,mail,8,94
COBB,house,61,mail,10,52
COBB,house,61,mail,11,33
COBB,house,61,mail,12,29
COBB,house,61,mail,13,18
COBB,house,61,mail,14,79
COBB,house,61,mail,15,115
COBB,house,61,mail,16,26
COBB,house,61,mail,17,68
COBB,house,61,mail,18,66
COBB,house,61,mail,19,40
COBB,house,61,mail,20,2
COBB,house,61,mail,21,5
COBB,house,61,mail,22,5
COBB,house,61,mail,25,4
COBB,house,61,mail,29,3
COBB,house,61,mail,34,1
COBB,house,61,mail,36,1
COBB,house,63,inperson,16,1
COBB,house,67,inperson,4,1
COBB,house,68,inperson,8,1
COBB,house,83,inperson,10,1
COBB,house,86,inperson,11,1
COBB,senate,0,inperson,14,1
COBB,senate,0,inperson,20,1
COBB,senate,0,mail,5,1
COBB,senate,0,mail,7,2
COBB,senate,0,mail,12,1
COBB,senate,0,mail,14,1
COBB,senate,0,mail,15,1
COBB,senate,0,mail,18,1
COBB,senate,0,mail,19,1
COBB,senate,0,mail,20,1
COBB,senate,0,mail,25,1
COBB,senate,0,mail,26,1
COBB,senate,0,mail,29,1
COBB,senate,0,mail,33,1
COBB,senate,0,mail,34,2
COBB,senate,0,mail,35,4
COBB,senate,10,inperson,15,1
COBB,senate,14,inperson,10,1
COBB,senate,27,inperson,11,1
COBB,senate,28,inperson,3,1
COBB,senate,28,inperson,4,2364
COBB,senate,28,inperson,5,1714
COBB,senate,28,inperson,6,1669
COBB,senate,28,inperson,7,1555
COBB,senate,28,inperson,8,1563
COBB,senate,28,inperson,9,504
COBB,senate,28,inperson,10,1360
COBB,senate,28,inperson,11,1775
COBB,senate,28,inperson,12,1492
COBB,senate,28,inperson,13,1576
COBB,senate,28,inperson,14,1787
COBB,senate,28,inperson,15,1958
COBB,senate,28,inperson,16,553
COBB,senate,28,inperson,17,1471
COBB,senate,28,inperson,18,2383
COBB,senate,28,inperson,19,2078
COBB,senate,28,inperson,20,2223
COBB,senate,28,inperson,21,2662
COBB,senate,28,mail,0,252
COBB,senate,28,mail,1,73
COBB,senate,28,mail,2,58
COBB,senate,28,mail,3,100
COBB,senate,28,mail,4,101
COBB,senate,28,mail,5,275
COBB,senate,28,mail,6,328
COBB,senate,28,mail,7,42
COBB,senate,28,mail,8,97
COBB,senate,28,mail,10,53
COBB,senate,28,mail,11,9
COBB,senate,28,mail,12,28
COBB,senate,28,mail,13,62
COBB,senate,28,mail,14,119
COBB,senate,28,mail,15,137
COBB,senate,28,mail,16,51
COBB,senate,28,mail,17,84
COBB,senate,28,mail,18,169
COBB,senate,28,mail,19,28
COBB,senate,28,mail,20,5
COBB,senate,28,mail,21,9
COBB,senate,28,mail,22,6
COBB,senate,28,mail,25,5
COBB,senate,28,mail,26,2
COBB,senate,28,mail,29,3
COBB,senate,28,mail,32,1
COBB,senate,28,mail,34,1
COBB,senate,28,mail,36,1
COBB,senate,32,inperson,3,2
COBB,senate,32,inperson,4,2699
COBB,senate,32,inperson,5,2120
COBB,senate,32,inperson,6,2023
COBB,senate,32,inperson,7,2080
COBB,senate,32,inperson,8,2016
COBB,senate,32,inperson,9,584
COBB,senate,32,inperson,10,1538
COBB,senate,32,inperson,11,2291
COBB,senate,32,inperson,12,2041
COBB,senate,32,inperson,13,2032
COBB,senate,32,inperson,14,2230
COBB,senate,32,inperson,15,2122
COBB,senate,32,inperson,16,483
COBB,senate,32,inperson,17,1770
COBB,senate,32,inperson,18,2501
COBB,senate,32,inperson,19,2210
COBB,senate,32,inperson,20,2159
COBB,senate,32,inperson,21,2275
COBB,senate,32,mail,0,354
COBB,senate,32,mail,1,140
COBB,senate,32,mail,2,101
COBB,senate,32,mail,3,108
COBB,senate,32,mail,4,168
COBB,senate,32,mail,5,436
COBB,senate,32,mail,6,386
COBB,senate,32,mail,7,303
COBB,senate,32,mail,8,103
COBB,senate,32,mail,10,66
COBB,senate,32,mail,11,68
COBB,senate,32,mail,12,82
COBB,senate,32,mail,13,107
COBB,senate,32,mail,14,134
COBB,senate,32,mail,15,244
COBB,senate,32,mail,16,39
COBB,senate,32,mail,17,128
COBB,senate,32,mail,18,167
COBB,senate,32,mail,19,84
COBB,senate,32,mail,20,10
COBB,senate,32,mail,21,6
COBB,senate,32,mail,25,2
COBB,senate,32,mail,26,1
COBB,senate,32,mail,27,1
COBB,senate,32,mail,29,4
COBB,senate,32,mail,32,4
COBB,senate,32,mail,33,5
COBB,senate,32,mail,34,2
COBB,senate,32,mail,35,4
COBB,senate,32,mail,36,4
COBB,senate,32,mail,40,2
COBB,senate,33,inperson,3,1
COBB,senate,33,inperson,4,4753
COBB,senate,33,inperson,5,3573
COBB,senate,33,inperson,6,3270
COBB,senate,33,inperson,7,3362
COBB,senate,33,inperson,8,3432
COBB,senate,33,inperson,9,890
COBB,senate,33,inperson,10,2638
COBB,senate,33,inperson,11,3604
COBB,senate,33,inperson,12,3141
COBB,senate,33,inperson,13,3256
COBB,senate,33,inperson,14,3598
COBB,senate,33,inperson,15,3834
COBB,senate,33,inperson,16,893
COBB,senate,33,inperson,17,2752
COBB,senate,33,inperson,18,4147
COBB,senate,33,inperson,19,3635
COBB,senate,33,inperson,20,4065
COBB,senate,33,inperson,21,4500
COBB,senate,33,mail,0,480
COBB,senate,33,mail,1,193
COBB,senate,33,mail,2,117
COBB,senate,33,mail,3,232
COBB,senate,33,mail,4,246
COBB,senate,33,mail,5,576
COBB,senate,33,mail,6,795
COBB,senate,33,mail,7,304
COBB,senate,33,mail,8,221
COBB,senate,33,mail,10,98
COBB,senate,33,mail,11,126
COBB,senate,33,mail,12,96
COBB,senate,33,mail,13,156
COBB,senate,33,mail,14,227
COBB,senate,33,mail,15,277
COBB,senate,33,mail,16,49
COBB,senate,33,mail,17,172
COBB,senate,33,mail,18,357
COBB,senate,33,mail,19,181
COBB,senate,33,mail,20,10
COBB,senate,33,mail,21,14
COBB,senate,33,mail,22,3
COBB,senate,33,mail,25,4
COBB,senate,33,mail,26,7
COBB,senate,33,mail,29,6
COBB,senate,33,mail,32,7
COBB,senate,33,mail,33,7
COBB,senate,33,mail,34,6
COBB,senate,33,mail,35,5
COBB,senate,33,mail,36,4
COBB,senate,33,mail,41,1
COBB,senate,35,inperson,3,1
COBB,senate,35,inperson,4,3285
COBB,senate,35,inperson,5,2464
COBB,senate,35,inperson,6,2229
COBB,senate,35,inperson,7,2273
COBB,senate,35,inperson,8,2353
COBB,senate,35,inperson,9,434
COBB,senate,35,inperson,10,1741
COBB,senate,35,inperson,11,2556
COBB,senate,35,inperson,12,2103
COBB,senate,35,inperson,13,2210
COBB,senate,35,inperson,14,2399
COBB,senate,35,inperson,15,2656
COBB,senate,35,inperson,16,451
COBB,senate,35,inperson,17,1985
COBB,senate,35,inperson,18,3014
COBB,senate,35,inperson,19,2574
COBB,senate,35,inperson,20,2666
COBB,senate,35,inperson,21,2719
COBB,senate,35,mail,0,332
COBB,senate,35,mail,1,132
COBB,senate,35,mail,2,101
COBB,senate,35,mail,3,143
COBB,senate,35,mail,4,233
COBB,senate,35,mail,5,426
COBB,senate,35,mail,6,423
COBB,senate,35,mail,7,154
COBB,senate,35,mail,8,191
COBB,senate,35,mail,9,3
COBB,senate,35,mail,10,117
COBB,senate,35,mail,11,75
COBB,senate,35,mail,12,72
COBB,senate,35,mail,13,53
COBB,senate,35,mail,14,134
COBB,senate,35,mail,15,242
COBB,senate,35,mail,16,38
COBB,senate,35,mail,17,133
COBB,senate,35,mail,18,148
COBB,senate,35,mail,19,74
COBB,senate,35,mail,20,11
COBB,senate,35,mail,21,6
COBB,senate,35,mail,22,6
COBB,senate,35,mail,25,3
COBB,senate,35,mail,26,5
COBB,senate,35,mail,28,1
COBB,senate,35,mail,29,10
COBB,senate,35,mail,32,2
COBB,senate,35,mail,33,2
COBB,senate,35,mail,34,2
COBB,senate,35,mail,35,2
COBB,senate,35,mail,36,4
COBB,senate,35,mail,43,1
COBB,senate,35,mail,46,1
COBB,senate,36,inperson,16,1
COBB,senate,37,inperson,3,2
COBB,senate,37,inperson,4,5778
COBB,senate,37,inperson,5,4091
COBB,senate,37,inperson,6,3887
COBB,senate,37,inperson,7,4171
COBB,senate,37,inperson,8,4687
COBB,senate,37,inperson,9,1314
COBB,senate,37,inperson,10,3330
COBB,senate,37,inperson,11,5420
COBB,senate,37,inperson,12,4608
COBB,senate,37,inperson,13,4695
COBB,senate,37,inperson,14,5169
COBB,senate,37,inperson,15,5763
COBB,senate,37,inperson,16,1319
COBB,senate,37,inperson,17,3804
COBB,senate,37,inperson,18,6599
COBB,senate,37,inperson,19,5868
COBB,senate,37,inperson,20,6119
COBB,senate,37,inperson,21,6328
COBB,senate,37,mail,0,637
COBB,senate,37,mail,1,219
COBB,senate,37,mail,2,144
COBB,senate,37,mail,3,263
COBB,senate,37,mail,4,219
COBB,senate,37,mail,5,566
COBB,senate,37,mail,6,827
COBB,senate,37,mail,7,479
COBB,senate,37,mail,8,247
COBB,senate,37,mail,10,46
COBB,senate,37,mail,11,104
COBB,senate,37,mail,12,160
COBB,senate,37,mail,13,227
COBB,senate,37,mail,14,270
COBB,senate,37,mail,15,434
COBB,senate,37,mail,16,72
COBB,senate,37,mail,17,202
COBB,senate,37,mail,18,390
COBB,senate,37,mail,19,160
COBB,senate,37,mail,20,18
COBB,senate,37,mail,21,12
COBB,senate,37,mail,22,18
COBB,senate,37,mail,25,6
COBB,senate,37,mail,26,7
COBB,senate,37,mail,27,1
COBB,senate,37,mail,28,3
COBB,senate,37,mail,29,8
COBB,senate,37,mail,32,6
COBB,senate,37,mail,33,3
COBB,senate,37,mail,34,3
COBB,senate,37,mail,35,3
COBB,senate,37,mail,36,5
COBB,senate,37,mail,41,2
COBB,senate,37,mail,42,3
COBB,senate,37,mail,43,2
COBB,senate,38,inperson,4,1
COBB,senate,38,inperson,7,1
COBB,senate,38,inperson,8,1
COBB,senate,38,mail,21,1
COBB,senate,41,inperson,10,1
COBB,senate,41,inperson,11,1
COBB,senate,56,inperson,3,2
COBB,senate,56,inperson,4,2650
COBB,senate,56,inperson,5,2143
COBB,senate,56,inperson,6,2142
COBB,senate,56,inperson,7,2288
COBB,senate,56,inperson,8,2506
COBB,senate,56,inperson,9,395
COBB,senate,56,inperson,10,1723
COBB,senate,56,inperson,11,2817
COBB,senate,56,inperson,12,2475
COBB,senate,56,inperson,13,2519
COBB,senate,56,inperson,14,2821
COBB,senate,56,inperson,15,2720
COBB,senate,56,inperson,16,427
COBB,senate,56,inperson,17,2083
COBB,senate,56,inperson,18,3013
COBB,senate,56,inperson,19,2602
COBB,senate,56,inperson,20,2854
COBB,senate,56,inperson,21,2841
COBB,senate,56,mail,0,441
COBB,senate,56,mail,1,183
COBB,senate,56,mail,2,80
COBB,senate,56,mail,3,288
COBB,senate,56,mail,4,243
COBB,senate,56,mail,5,551
COBB,senate,56,mail,6,651
COBB,senate,56,mail,7,332
COBB,senate,56,mail,8,181
COBB,senate,56,mail,10,29
COBB,senate,56,mail,11,52
COBB,senate,56,mail,12,60
COBB,senate,56,mail,13,156
COBB,senate,56,mail,14,209
COBB,senate,56,mail,15,329
COBB,senate,56,mail,16,29
COBB,senate,56,mail,17,124
COBB,senate,56,mail,18,193
COBB,senate,56,mail,19,133
COBB,senate,56,mail,20,10
COBB,senate,56,mail,21,5
COBB,senate,56,mail,22,5
COBB,senate,56,mail,25,7
COBB,senate,56,mail,26,8
COBB,senate,56,mail,27,2
COBB,senate,56,mail,28,2
COBB,senate,56,mail,29,12
COBB,senate,56,mail,32,9
COBB,senate,56,mail,33,6
COBB,senate,56,mail,34,6
COBB,senate,56,mail,35,2
COBB,senate,56,mail,36,3
COBB,senate,56,mail,40,1
COBB,senate,56,mail,41,3
COBB,senate,56,mail,42,1
COBB,senate,6,mail,35,1
COFFEE,house,169,inperson,4,694
COFFEE,house,169,inperson,5,437
COFFEE,house,169,inperson,6,385
COFFEE,house,169,inperson,7,444
COFFEE,house,169,inperson,8,476
COFFEE,house,169,inperson,10,244
COFFEE,house,169,inperson,11,580
COFFEE,house,169,inperson,12,506
COFFEE,house,169,inperson,13,534
COFFEE,house,169,inperson,14,537
COFFEE,house,169,inperson,15,630
COFFEE,house,169,inperson,17,214
COFFEE,house,169,inperson,18,675
COFFEE,house,169,inperson,19,576
COFFEE,house,169,inperson,20,620
COFFEE,house,169,inperson,21,517
COFFEE,house,169,mail,0,30
COFFEE,house,169,mail,1,28
COFFEE,house,169,mail,3,6
COFFEE,house,169,mail,4,7
COFFEE,house,169,mail,5,14
COFFEE,house,169,mail,6,26
COFFEE,house,169,mail,7,18
COFFEE,house,169,mail,8,25
COFFEE,house,169,mail,10,3
COFFEE,house,169,mail,11,5
COFFEE,house,169,mail,12,27
COFFEE,house,169,mail,13,12
COFFEE,house,169,mail,14,10
COFFEE,house,169,mail,15,41
COFFEE,house,169,mail,18,41
COFFEE,house,169,mail,19,22
COFFEE,house,169,mail,20,16
COFFEE,house,169,mail,21,8
COFFEE,house,169,mail,22,1
COFFEE,house,169,mail,25,2
COFFEE,house,169,mail,34,1
COFFEE,house,169,mail,46,2
COFFEE,house,176,inperson,4,208
COFFEE,house,176,inperson,5,155
COFFEE,house,176,inperson,6,133
COFFEE,house,176,inperson,7,143
COFFEE,house,176,inperson,8,155
COFFEE,house,176,inperson,10,104
COFFEE,house,176,inperson,11,220
COFFEE,house,176,inperson,12,174
COFFEE,house,176,inperson,13,162
COFFEE,house,176,inperson,14,194
COFFEE,house,176,inperson,15,194
COFFEE,house,176,inperson,17,89
COFFEE,house,176,inperson,18,216
COFFEE,house,176,inperson,19,213
COFFEE,house,176,inperson,20,190
COFFEE,house,176,inperson,21,184
COFFEE,house,176,mail,0,5
COFFEE,house,176,mail,1,8
COFFEE,house,176,mail,3,3
COFFEE,house,176,mail,4,1
COFFEE,house,176,mail,5,5
COFFEE,house,176,mail,6,7
COFFEE,house,176,mail,7,5
COFFEE,house,176,mail,8,7
COFFEE,house,176,mail,10,3
COFFEE,house,176,mail,11,4
COFFEE,house,176,mail,12,9
COFFEE,house,176,mail,13,6
COFFEE,house,176,mail,14,3
COFFEE,house,176,mail,15,12
COFFEE,house,176,mail,18,6
COFFEE,house,176,mail,19,5
COFFEE,house,176,mail,20,7
COFFEE,house,176,mail,21,2
COFFEE,house,176,mail,22,2
COFFEE,house,176,mail,25,2
COFFEE,house,176,mail,35,1
COFFEE,senate,13,inperson,4,446
COFFEE,senate,13,inperson,5,306
COFFEE,senate,13,inperson,6,266
COFFEE,senate,13,inperson,7,296
COFFEE,senate,13,inperson,8,334
COFFEE,senate,13,inperson,10,204
COFFEE,senate,13,inperson,11,412
COFFEE,senate,13,inperson,12,348
COFFEE,senate,13,inperson,13,366
COFFEE,senate,13,inperson,14,394
COFFEE,senate,13,inperson,15,409
COFFEE,senate,13,inperson,17,150
COFFEE,senate,13,inperson,18,442
COFFEE,senate,13,inperson,19,418
COFFEE,senate,13,inperson,20,430
COFFEE,senate,13,inperson,21,325
COFFEE,senate,13,mail,0,12
COFFEE,senate,13,mail,1,18
COFFEE,senate,13,mail,3,5
COFFEE,senate,13,mail,4,4
COFFEE,senate,13,mail,5,13
COFFEE,senate,13,mail,6,11
COFFEE,senate,13,mail,7,16
COFFEE,senate,13,mail,8,18
COFFEE,senate,13,mail,10,3
COFFEE,senate,13,mail,11,7
COFFEE,senate,13,mail,12,16
COFFEE,senate,13,mail,13,8
COFFEE,senate,13,mail,14,7
COFFEE,senate,13,mail,15,32
COFFEE,senate,13,mail,18,21
COFFEE,senate,13,mail,19,12
COFFEE,senate,13,mail,20,11
COFFEE,senate,13,mail,21,5
COFFEE,senate,13,mail,25,2
COFFEE,senate,13,mail,34,1
COFFEE,senate,13,mail,46,2
COFFEE,senate,19,inperson,4,456
COFFEE,senate,19,inperson,5,286
COFFEE,senate,19,inperson,6,252
COFFEE,senate,19,inperson,7,291
COFFEE,senate,19,inperson,8,297
COFFEE,senate,19,inperson,10,144
COFFEE,senate,19,inperson,11,388
COFFEE,senate,19,inperson,12,332
COFFEE,senate,19,inperson,13,330
COFFEE,senate,19,inperson,14,337
COFFEE,senate,19,inperson,15,415
COFFEE,senate,19,inperson,17,153
COFFEE,senate,19,inperson,18,449
COFFEE,senate,19,inperson,19,371
COFFEE,senate,19,inperson,20,380
COFFEE,senate,19,inperson,21,376
COFFEE,senate,19,mail,0,23
COFFEE,senate,19,mail,1,18
COFFEE,senate,19,mail,3,4
COFFEE,senate,19,mail,4,4
COFFEE,senate,19,mail,5,6
COFFEE,senate,19,mail,6,22
COFFEE,senate,19,mail,7,7
COFFEE,senate,19,mail,8,14
COFFEE,senate,19,mail,10,3
COFFEE,senate,19,mail,11,2
COFFEE,senate,19,mail,12,20
COFFEE,senate,19,mail,13,10
COFFEE,senate,19,mail,14,6
COFFEE,senate,19,mail,15,21
COFFEE,senate,19,mail,18,26
COFFEE,senate,19,mail,19,15
COFFEE,senate,19,mail,20,12
COFFEE,senate,19,mail,21,5
COFFEE,senate,19,mail,22,3
COFFEE,senate,19,mail,25,2
COFFEE,senate,19,mail,35,1
COLQUITT,house,172,inperson,4,722
COLQUITT,house,172,inperson,5,492
COLQUITT,house,172,inperson,6,456
COLQUITT,house,172,inperson,7,492
COLQUITT,house,172,inperson,8,567
COLQUITT,house,172,inperson,10,338
COLQUITT,house,172,inperson,11,674
COLQUITT,house,172,inperson,12,553
COLQUITT,house,172,inperson,13,613
COLQUITT,house,172,inperson,14,710
COLQUITT,house,172,inperson,15,835
COLQUITT,house,172,inperson,17,337
COLQUITT,house,172,inperson,18,872
COLQUITT,house,172,inperson,19,772
COLQUITT,house,172,inperson,20,824
COLQUITT,house,172,inperson,21,945
COLQUITT,house,172,mail,0,26
COLQUITT,house,172,mail,1,29
COLQUITT,house,172,mail,4,26
COLQUITT,house,172,mail,5,21
COLQUITT,house,172,mail,6,17
COLQUITT,house,172,mail,7,40
COLQUITT,house,172,mail,8,24
COLQUITT,house,172,mail,10,7
COLQUITT,house,172,mail,11,22
COLQUITT,house,172,mail,12,45
COLQUITT,house,172,mail,13,33
COLQUITT,house,172,mail,14,22
COLQUITT,house,172,mail,15,42
COLQUITT,house,172,mail,17,4
COLQUITT,house,172,mail,18,29
COLQUITT,house,172,mail,19,31
COLQUITT,house,172,mail,20,67
COLQUITT,house,172,mail,21,72
COLQUITT,house,172,mail,22,6
COLQUITT,house,172,mail,25,36
COLQUITT,house,172,mail,26,23
COLQUITT,house,172,mail,27,8
COLQUITT,house,172,mail,28,2
COLQUITT,house,172,mail,29,2
COLQUITT,house,172,mail,35,1
COLQUITT,senate,11,inperson,4,722
COLQUITT,senate,11,inperson,5,492
COLQUITT,senate,11,inperson,6,456
COLQUITT,senate,11,inperson,7,492
COLQUITT,senate,11,inperson,8,567
COLQUITT,senate,11,inperson,10,338
COLQUITT,senate,11,inperson,11,674
COLQUITT,senate,11,inperson,12,553
COLQUITT,senate,11,inperson,13,613
COLQUITT,senate,11,inperson,14,710
COLQUITT,senate,11,inperson,15,835
COLQUITT,senate,11,inperson,17,337
COLQUITT,senate,11,inperson,18,872
COLQUITT,senate,11,inperson,19,772
COLQUITT,senate,11,inperson,20,824
COLQUITT,senate,11,inperson,21,945
COLQUITT,senate,11,mail,0,26
COLQUITT,senate,11,mail,1,29
COLQUITT,senate,11,mail,4,26
COLQUITT,senate,11,mail,5,21
COLQUITT,senate,11,mail,6,17
COLQUITT,senate,11,mail,7,40
COLQUITT,senate,11,mail,8,24
COLQUITT,senate,11,mail,10,7
COLQUITT,senate,11,mail,11,22
COLQUITT,senate,11,mail,12,45
COLQUITT,senate,11,mail,13,33
COLQUITT,senate,11,mail,14,22
COLQUITT,senate,11,mail,15,42
COLQUITT,senate,11,mail,17,4
COLQUITT,senate,11,mail,18,29
COLQUITT,senate,11,mail,19,31
COLQUITT,senate,11,mail,20,67
COLQUITT,senate,11,mail,21,72
COLQUITT,senate,11,mail,22,6
COLQUITT,senate,11,mail,25,36
COLQUITT,senate,11,mail,26,23
COLQUITT,senate,11,mail,27,8
COLQUITT,senate,11,mail,28,2
COLQUITT,senate,11,mail,29,2
COLQUITT,senate,11,mail,35,1
COLUMBIA,house,123,inperson,4,76
COLUMBIA,house,123,inperson,5,58
COLUMBIA,house,123,inperson,6,45
COLUMBIA,house,123,inperson,7,62
COLUMBIA,house,123,inperson,8,53
COLUMBIA,house,123,inperson,10,47
COLUMBIA,house,123,inperson,11,61
COLUMBIA,house,123,inperson,12,49
COLUMBIA,house,123,inperson,13,48
COLUMBIA,house,123,inperson,14,62
COLUMBIA,house,123,inperson,15,63
COLUMBIA,house,123,inperson,17,34
COLUMBIA,house,123,inperson,18,65
COLUMBIA,house,123,inperson,19,66
COLUMBIA,house,123,inperson,20,60
COLUMBIA,house,123,inperson,21,45
COLUMBIA,house,123,mail,0,5
COLUMBIA,house,123,mail,1,3
COLUMBIA,house,123,mail,4,5
COLUMBIA,house,123,mail,5,2
COLUMBIA,house,123,mail,6,4
COLUMBIA,house,123,mail,7,4
COLUMBIA,house,123,mail,10,1
COLUMBIA,house,123,mail,11,8
COLUMBIA,house,123,mail,12,1
COLUMBIA,house,123,mail,13,6
COLUMBIA,house,123,mail,15,5
COLUMBIA,house,123,mail,18,2
COLUMBIA,house,123,mail,19,7
COLUMBIA,house,123,mail,20,2
COLUMBIA,house,123,mail,21,4
COLUMBIA,house,123,mail,22,1
COLUMBIA,house,123,mail,25,2
COLUMBIA,house,125,inperson,4,1830
COLUMBIA,house,125,inperson,5,1124
COLUMBIA,house,125,inperson,6,1028
COLUMBIA,house,125,inperson,7,1107
COLUMBIA,house,125,inperson,8,1170
COLUMBIA,house,125,inperson,10,1243
COLUMBIA,house,125,inperson,11,1420
COLUMBIA,house,125,inperson,12,1074
COLUMBIA,house,125,inperson,13,1164
COLUMBIA,house,125,inperson,14,1160
COLUMBIA,house,125,inperson,15,1243
COLUMBIA,house,125,inperson,17,1172
COLUMBIA,house,125,inperson,18,1512
COLUMBIA,house,125,inperson,19,1293
COLUMBIA,house,125,inperson,20,1337
COLUMBIA,house,125,inperson,21,1281
COLUMBIA,house,125,mail,0,91
COLUMBIA,house,125,mail,1,65
COLUMBIA,house,125,mail,3,19
COLUMBIA,house,125,mail,4,72
COLUMBIA,house,125,mail,5,36
COLUMBIA,house,125,mail,6,53
COLUMBIA,house,125,mail,7,85
COLUMBIA,house,125,mail,8,46
COLUMBIA,house,125,mail,10,48
COLUMBIA,house,125,mail,11,63
COLUMBIA,house,125,mail,12,67
COLUMBIA,house,125,mail,13,61
COLUMBIA,house,125,mail,14,76
COLUMBIA,house,125,mail,15,124
COLUMBIA,house,125,mail,17,24
COLUMBIA,house,125,mail,18,85
COLUMBIA,house,125,mail,19,102
COLUMBIA,house,125,mail,20,53
COLUMBIA,house,125,mail,21,107
COLUMBIA,house,125,mail,22,56
COLUMBIA,house,125,mail,25,25
COLUMBIA,house,125,mail,26,9
COLUMBIA,house,125,mail,27,4
COLUMBIA,house,125,mail,28,2
COLUMBIA,house,125,mail,29,3
COLUMBIA,house,125,mail,33,1
COLUMBIA,house,125,mail,34,7
COLUMBIA,house,125,mail,35,3
COLUMBIA,house,127,inperson,4,1220
COLUMBIA,house,127,inperson,5,795
COLUMBIA,house,127,inperson,6,743
COLUMBIA,house,127,inperson,7,771
COLUMBIA,house,127,inperson,8,796
COLUMBIA,house,127,inperson,10,808
COLUMBIA,house,127,inperson,11,1019
COLUMBIA,house,127,inperson,12,745
COLUMBIA,house,127,inperson,13,765
COLUMBIA,house,127,inperson,14,884
COLUMBIA,house,127,inperson,15,915
COLUMBIA,house,127,inperson,17,799
COLUMBIA,house,127,inperson,18,1174
COLUMBIA,house,127,inperson,19,994
COLUMBIA,house,127,inperson,20,1037
COLUMBIA,house,127,inperson,21,1019
COLUMBIA,house,127,mail,0,86
COLUMBIA,house,127,mail,1,50
COLUMBIA,house,127,mail,3,12
COLUMBIA,house,127,mail,4,64
COLUMBIA,house,127,mail,5,27
COLUMBIA,house,127,mail,6,51
COLUMBIA,house,127,mail,7,79
COLUMBIA,house,127,mail,8,61
COLUMBIA,house,127,mail,10,28
COLUMBIA,house,127,mail,11,66
COLUMBIA,house,127,mail,12,47
COLUMBIA,house,127,mail,13,65
COLUMBIA,house,127,mail,14,60
COLUMBIA,house,127,mail,15,125
COLUMBIA,house,127,mail,17,34
COLUMBIA,house,127,mail,18,118
COLUMBIA,house,127,mail,19,84
COLUMBIA,house,127,mail,20,70
COLUMBIA,house,127,mail,21,96
COLUMBIA,house,127,mail,22,61
COLUMBIA,house,127,mail,25,9
COLUMBIA,house,127,mail,26,28
COLUMBIA,house,127,mail,27,3
COLUMBIA,house,127,mail,29,6
COLUMBIA,house,127,mail,33,1
COLUMBIA,house,127,mail,34,3
COLUMBIA,house,127,mail,35,2
COLUMBIA,house,127,mail,40,1
COLUMBIA,house,127,mail,41,2
COLUMBIA,house,127,mail,42,1
COLUMBIA,house,131,inperson,4,1972
COLUMBIA,house,131,inperson,5,1173
COLUMBIA,house,131,inperson,6,1197
COLUMBIA,house,131,inperson,7,1211
COLUMBIA,house,131,inperson,8,1326
COLUMBIA,house,131,inperson,10,1472
COLUMBIA,house,131,inperson,11,1770
COLUMBIA,house,131,inperson,12,1265
COLUMBIA,house,131,inperson,13,1326
COLUMBIA,house,131,inperson,14,1407
COLUMBIA,house,131,inperson,15,1673
COLUMBIA,house,131,inperson,17,1452
COLUMBIA,house,131,inperson,18,2069
COLUMBIA,house,131,inperson,19,1748
COLUMBIA,house,131,inperson,20,1727
COLUMBIA,house,131,inperson,21,1726
COLUMBIA,house,131,mail,0,124
COLUMBIA,house,131,mail,1,79
COLUMBIA,house,131,mail,3,18
COLUMBIA,house,131,mail,4,109
COLUMBIA,house,131,mail,5,25
COLUMBIA,house,131,mail,6,75
COLUMBIA,house,131,mail,7,86
COLUMBIA,house,131,mail,8,76
COLUMBIA,house,131,mail,10,58
COLUMBIA,house,131,mail,11,81
COLUMBIA,house,131,mail,12,82
COLUMBIA,house,131,mail,13,120
COLUMBIA,house,131,mail,14,130
COLUMBIA,house,131,mail,15,176
COLUMBIA,house,131,mail,17,64
COLUMBIA,house,131,mail,18,123
COLUMBIA,house,131,mail,19,110
COLUMBIA,house,131,mail,20,100
COLUMBIA,house,131,mail,21,147
COLUMBIA,house,131,mail,22,157
COLUMBIA,house,131,mail,25,59
COLUMBIA,house,131,mail,26,37
COLUMBIA,house,131,mail,27,18
COLUMBIA,house,131,mail,28,2
COLUMBIA,house,131,mail,29,5
COLUMBIA,house,131,mail,32,4
COLUMBIA,house,131,mail,33,2
COLUMBIA,house,131,mail,34,4
COLUMBIA,house,131,mail,35,7
COLUMBIA,house,131,mail,42,1
COLUMBIA,senate,23,inperson,4,1844
COLUMBIA,senate,23,inperson,5,1169
COLUMBIA,senate,23,inperson,6,1039
COLUMBIA,senate,23,inperson,7,1074
COLUMBIA,senate,23,inperson,8,1192
COLUMBIA,senate,23,inperson,10,1265
COLUMBIA,senate,23,inperson,11,1409
COLUMBIA,senate,23,inperson,12,981
COLUMBIA,senate,23,inperson,13,1091
COLUMBIA,senate,23,inperson,14,1109
COLUMBIA,senate,23,inperson,15,1203
COLUMBIA,senate,23,inperson,17,1126
COLUMBIA,senate,23,inperson,18,1433
COLUMBIA,senate,23,inperson,19,1244
COLUMBIA,senate,23,inperson,20,1292
COLUMBIA,senate,23,inperson,21,1298
COLUMBIA,senate,23,mail,0,93
COLUMBIA,senate,23,mail,1,74
COLUMBIA,senate,23,mail,3,19
COLUMBIA,senate,23,mail,4,86
COLUMBIA,senate,23,mail,5,29
COLUMBIA,senate,23,mail,6,49
COLUMBIA,senate,23,mail,7,87
COLUMBIA,senate,23,mail,8,52
COLUMBIA,senate,23,mail,10,48
COLUMBIA,senate,23,mail,11,53
COLUMBIA,senate,23,mail,12,74
COLUMBIA,senate,23,mail,13,68
COLUMBIA,senate,23,mail,14,79
COLUMBIA,senate,23,mail,15,144
COLUMBIA,senate,23,mail,17,32
COLUMBIA,senate,23,mail,18,105
COLUMBIA,senate,23,mail,19,112
COLUMBIA,senate,23,mail,20,62
COLUMBIA,senate,23,mail,21,109
COLUMBIA,senate,23,mail,22,52
COLUMBIA,senate,23,mail,25,25
COLUMBIA,senate,23,mail,26,18
COLUMBIA,senate,23,mail,27,7
COLUMBIA,senate,23,mail,28,1
COLUMBIA,senate,23,mail,29,1
COLUMBIA,senate,23,mail,33,2
COLUMBIA,senate,23,mail,34,6
COLUMBIA,senate,23,mail,35,3
COLUMBIA,senate,24,inperson,4,3254
COLUMBIA,senate,24,inperson,5,1981
COLUMBIA,senate,24,inperson,6,1974
COLUMBIA,senate,24,inperson,7,2077
COLUMBIA,senate,24,inperson,8,2153
COLUMBIA,senate,24,inperson,10,2305
COLUMBIA,senate,24,inperson,11,2861
COLUMBIA,senate,24,inperson,12,2152
COLUMBIA,senate,24,inperson,13,2212
COLUMBIA,senate,24,inperson,14,2404
COLUMBIA,senate,24,inperson,15,2691
COLUMBIA,senate,24,inperson,17,2331
COLUMBIA,senate,24,inperson,18,3387
COLUMBIA,senate,24,inperson,19,2857
COLUMBIA,senate,24,inperson,20,2869
COLUMBIA,senate,24,inperson,21,2773
COLUMBIA,senate,24,mail,0,213
COLUMBIA,senate,24,mail,1,123
COLUMBIA,senate,24,mail,3,30
COLUMBIA,senate,24,mail,4,164
COLUMBIA,senate,24,mail,5,61
COLUMBIA,senate,24,mail,6,134
COLUMBIA,senate,24,mail,7,167
COLUMBIA,senate,24,mail,8,131
COLUMBIA,senate,24,mail,10,87
COLUMBIA,senate,24,mail,11,165
COLUMBIA,senate,24,mail,12,123
COLUMBIA,senate,24,mail,13,184
COLUMBIA,senate,24,mail,14,187
COLUMBIA,senate,24,mail,15,286
COLUMBIA,senate,24,mail,17,90
COLUMBIA,senate,24,mail,18,223
COLUMBIA,senate,24,mail,19,191
COLUMBIA,senate,24,mail,20,163
COLUMBIA,senate,24,mail,21,245
COLUMBIA,senate,24,mail,22,223
COLUMBIA,senate,24,mail,25,70
COLUMBIA,senate,24,mail,26,56
COLUMBIA,senate,24,mail,27,18
COLUMBIA,senate,24,mail,28,3
COLUMBIA,senate,24,mail,29,13
COLUMBIA,senate,24,mail,32,4
COLUMBIA,senate,24,mail,33,2
COLUMBIA,senate,24,mail,34,8
COLUMBIA,senate,24,mail,35,9
COLUMBIA,senate,24,mail,40,1
COLUMBIA,senate,24,mail,41,2
COLUMBIA,senate,24,mail,42,2
COOK,house,170,inperson,4,195
COOK,house,170,inperson,5,131
COOK,house,170,inperson,6,124
COOK,house,170,inperson,7,108
COOK,house,170,inperson,8,126
COOK,house,170,inperson,10,100
COOK,house,170,inperson,11,148
COOK,house,170,inperson,12,107
COOK,house,170,inperson,13,109
COOK,house,170,inperson,14,140
COOK,house,170,inperson,15,144
COOK,house,170,inperson,17,83
COOK,house,170,inperson,18,223
COOK,house,170,inperson,19,170
COOK,house,170,inperson,20,223
COOK,house,170,inperson,21,252
COOK,house,170,mail,0,2
COOK,house,170,mail,1,5
COOK,house,170,mail,4,5
COOK,house,170,mail,5,3
COOK,house,170,mail,6,3
COOK,house,170,mail,7,3
COOK,house,170,mail,8,8
COOK,house,170,mail,10,7
COOK,house,170,mail,11,7
COOK,house,170,mail,12,3
COOK,house,170,mail,13,5
COOK,house,170,mail,14,13
COOK,house,170,mail,15,9
COOK,house,170,mail,18,11
COOK,house,170,mail,19,6
COOK,house,170,mail,20,6
COOK,house,170,mail,21,11
COOK,house,170,mail,25,2
COOK,house,172,inperson,4,220
COOK,house,172,inperson,5,114
COOK,house,172,inperson,6,110
COOK,house,172,inperson,7,137
COOK,house,172,inperson,8,144
COOK,house,172,inperson,10,91
COOK,house,172,inperson,11,214
COOK,house,172,inperson,12,134
COOK,house,172,inperson,13,145
COOK,house,172,inperson,14,177
COOK,house,172,inperson,15,184
COOK,house,172,inperson,17,100
COOK,house,172,inperson,18,225
COOK,house,172,inperson,19,210
COOK,house,172,inperson,20,267
COOK,house,172,inperson,21,258
COOK,house,172,mail,1,5
COOK,house,172,mail,4,4
COOK,house,172,mail,5,5
COOK,house,172,mail,6,1
COOK,house,172,mail,7,4
COOK,house,172,mail,8,8
COOK,house,172,mail,10,6
COOK,house,172,mail,11,8
COOK,house,172,mail,12,7
COOK,house,172,mail,13,14
COOK,house,172,mail,14,11
COOK,house,172,mail,15,39
COOK,house,172,mail,17,1
COOK,house,172,mail,18,14
COOK,house,172,mail,19,6
COOK,house,172,mail,20,15
COOK,house,172,mail,21,15
COOK,house,172,mail,25,2
COOK,senate,11,inperson,4,415
COOK,senate,11,inperson,5,245
COOK,senate,11,inperson,6,234
COOK,senate,11,inperson,7,245
COOK,senate,11,inperson,8,270
COOK,senate,11,inperson,10,191
COOK,senate,11,inperson,11,362
COOK,senate,11,inperson,12,241
COOK,senate,11,inperson,13,254
COOK,senate,11,inperson,14,317
COOK,senate,11,inperson,15,328
COOK,senate,11,inperson,17,183
COOK,senate,11,inperson,18,448
COOK,senate,11,inperson,19,380
COOK,senate,11,inperson,20,490
COOK,senate,11,inperson,21,510
COOK,senate,11,mail,0,2
COOK,senate,11,mail,1,10
COOK,senate,11,mail,4,9
COOK,senate,11,mail,5,8
COOK,senate,11,mail,6,4
COOK,senate,11,mail,7,7
COOK,senate,11,mail,8,16
COOK,senate,11,mail,10,13
COOK,senate,11,mail,11,15
COOK,senate,11,mail,12,10
COOK,senate,11,mail,13,19
COOK,senate,11,mail,14,24
COOK,senate,11,mail,15,48
COOK,senate,11,mail,17,1
COOK,senate,11,mail,18,25
COOK,senate,11,mail,19,12
COOK,senate,11,mail,20,21
COOK,senate,11,mail,21,26
COOK,senate,11,mail,25,4
COWETA,house,136,inperson,4,941
COWETA,house,136,inperson,5,649
COWETA,house,136,inperson,6,709
COWETA,house,136,inperson,7,690
COWETA,house,136,inperson,8,746
COWETA,house,136,inperson,10,744
COWETA,house,136,inperson,11,913
COWETA,house,136,inperson,12,737
COWETA,house,136,inperson,13,766
COWETA,house,136,inperson,14,771
COWETA,house,136,inperson,15,947
COWETA,house,136,inperson,17,724
COWETA,house,136,inperson,18,1041
COWETA,house,136,inperson,19,921
COWETA,house,136,inperson,20,919
COWETA,house,136,inperson,21,886
COWETA,house,136,mail,0,39
COWETA,house,136,mail,1,33
COWETA,house,136,mail,4,37
COWETA,house,136,mail,5,29
COWETA,house,136,mail,6,26
COWETA,house,136,mail,7,35
COWETA,house,136,mail,8,44
COWETA,house,136,mail,10,36
COWETA,house,136,mail,11,24
COWETA,house,136,mail,12,52
COWETA,house,136,mail,13,63
COWETA,house,136,mail,14,49
COWETA,house,136,mail,15,67
COWETA,house,136,mail,17,34
COWETA,house,136,mail,18,62
COWETA,house,136,mail,19,91
COWETA,house,136,mail,20,43
COWETA,house,136,mail,21,123
COWETA,house,136,mail,22,15
COWETA,house,136,mail,25,15
COWETA,house,136,mail,26,14
COWETA,house,136,mail,28,1
COWETA,house,136,mail,35,2
COWETA,house,136,mail,36,1
COWETA,house,136,mail,41,1
COWETA,house,65,inperson,4,435
COWETA,house,65,inperson,5,322
COWETA,house,65,inperson,6,318
COWETA,house,65,inperson,7,304
COWETA,house,65,inperson,8,325
COWETA,house,65,inperson,10,374
COWETA,house,65,inperson,11,490
COWETA,house,65,inperson,12,401
COWETA,house,65,inperson,13,381
COWETA,house,65,inperson,14,456
COWETA,house,65,inperson,15,556
COWETA,house,65,inperson,17,395
COWETA,house,65,inperson,18,622
COWETA,house,65,inperson,19,561
COWETA,house,65,inperson,20,544
COWETA,house,65,inperson,21,581
COWETA,house,65,mail,0,31
COWETA,house,65,mail,1,21
COWETA,house,65,mail,4,19
COWETA,house,65,mail,5,25
COWETA,house,65,mail,6,28
COWETA,house,65,mail,7,19
COWETA,house,65,mail,8,14
COWETA,house,65,mail,10,20
COWETA,house,65,mail,11,30
COWETA,house,65,mail,12,21
COWETA,house,65,mail,13,35
COWETA,house,65,mail,14,47
COWETA,house,65,mail,15,49
COWETA,house,65,mail,17,22
COWETA,house,65,mail,18,43
COWETA,house,65,mail,19,30
COWETA,house,65,mail,20,53
COWETA,house,65,mail,21,65
COWETA,house,65,mail,22,17
COWETA,house,65,mail,25,17
COWETA,house,65,mail,26,8
COWETA,house,65,mail,27,2
COWETA,house,65,mail,29,2
COWETA,house,65,mail,34,1
COWETA,house,65,mail,36,1
COWETA,house,67,inperson,4,551
COWETA,house,67,inperson,5,418
COWETA,house,67,inperson,6,323
COWETA,house,67,inperson,7,357
COWETA,house,67,inperson,8,438
COWETA,house,67,inperson,10,437
COWETA,house,67,inperson,11,572
COWETA,house,67,inperson,12,419
COWETA,house,67,inperson,13,446
COWETA,house,67,inperson,14,443
COWETA,house,67,inperson,15,601
COWETA,house,67,inperson,17,460
COWETA,house,67,inperson,18,713
COWETA,house,67,inperson,19,636
COWETA,house,67,inperson,20,657
COWETA,house,67,inperson,21,667
COWETA,house,67,mail,0,26
COWETA,house,67,mail,1,21
COWETA,house,67,mail,3,1
COWETA,house,67,mail,4,19
COWETA,house,67,mail,5,16
COWETA,house,67,mail,6,28
COWETA,house,67,mail,7,32
COWETA,house,67,mail,8,31
COWETA,house,67,mail,10,24
COWETA,house,67,mail,11,30
COWETA,house,67,mail,12,34
COWETA,house,67,mail,13,36
COWETA,house,67,mail,14,27
COWETA,house,67,mail,15,37
COWETA,house,67,mail,17,21
COWETA,house,67,mail,18,39
COWETA,house,67,mail,19,48
COWETA,house,67,mail,20,37
COWETA,house,67,mail,21,76
COWETA,house,67,mail,22,9
COWETA,house,67,mail,25,17
COWETA,house,67,mail,26,2
COWETA,house,67,mail,27,2
COWETA,house,67,mail,28,1
COWETA,house,67,mail,32,1
COWETA,house,67,mail,36,2
COWETA,house,67,mail,40,1
COWETA,house,70,inperson,4,1311
COWETA,house,70,inperson,5,985
COWETA,house,70,inperson,6,963
COWETA,house,70,inperson,7,924
COWETA,house,70,inperson,8,977
COWETA,house,70,inperson,10,983
COWETA,house,70,inperson,11,1129
COWETA,house,70,inperson,12,947
COWETA,house,70,inperson,13,915
COWETA,house,70,inperson,14,1051
COWETA,house,70,inperson,15,1180
COWETA,house,70,inperson,17,936
COWETA,house,70,inperson,18,1341
COWETA,house,70,inperson,19,1182
COWETA,house,70,inperson,20,1155
COWETA,house,70,inperson,21,1255
COWETA,house,70,mail,0,56
COWETA,house,70,mail,1,50
COWETA,house,70,mail,4,51
COWETA,house,70,mail,5,62
COWETA,house,70,mail,6,46
COWETA,house,70,mail,7,60
COWETA,house,70,mail,8,70
COWETA,house,70,mail,10,31
COWETA,house,70,mail,11,72
COWETA,house,70,mail,12,77
COWETA,house,70,mail,13,80
COWETA,house,70,mail,14,110
COWETA,house,70,mail,15,93
COWETA,house,70,mail,17,38
COWETA,house,70,mail,18,105
COWETA,house,70,mail,19,130
COWETA,house,70,mail,20,145
COWETA,house,70,mail,21,191
COWETA,house,70,mail,22,49
COWETA,house,70,mail,25,46
COWETA,house,70,mail,26,29
COWETA,house,70,mail,27,1
COWETA,house,70,mail,29,2
COWETA,house,70,mail,33,2
COWETA,house,70,mail,34,2
COWETA,house,70,mail,35,3
COWETA,house,70,mail,36,2
COWETA,house,70,mail,41,1
COWETA,house,73,inperson,4,929
COWETA,house,73,inperson,5,693
COWETA,house,73,inperson,6,613
COWETA,house,73,inperson,7,647
COWETA,house,73,inperson,8,729
COWETA,house,73,inperson,10,722
COWETA,house,73,inperson,11,969
COWETA,house,73,inperson,12,794
COWETA,house,73,inperson,13,867
COWETA,house,73,inperson,14,959
COWETA,house,73,inperson,15,1172
COWETA,house,73,inperson,17,895
COWETA,house,73,inperson,18,1471
COWETA,house,73,inperson,19,1378
COWETA,house,73,inperson,20,1482
COWETA,house,73,inperson,21,1701
COWETA,house,73,mail,0,56
COWETA,house,73,mail,1,47
COWETA,house,73,mail,3,3
COWETA,house,73,mail,4,36
COWETA,house,73,mail,5,26
COWETA,house,73,mail,6,36
COWETA,house,73,mail,7,52
COWETA,house,73,mail,8,34
COWETA,house,73,mail,10,33
COWETA,house,73,mail,11,53
COWETA,house,73,mail,12,61
COWETA,house,73,mail,13,54
COWETA,house,73,mail,14,70
COWETA,house,73,mail,15,82
COWETA,house,73,mail,17,42
COWETA,house,73,mail,18,68
COWETA,house,73,mail,19,81
COWETA,house,73,mail,20,111
COWETA,house,73,mail,21,125
COWETA,house,73,mail,22,26
COWETA,house,73,mail,25,56
COWETA,house,73,mail,26,34
COWETA,house,73,mail,27,1
COWETA,house,73,mail,28,1
COWETA,house,73,mail,34,2
COWETA,house,73,mail,35,1
COWETA,house,73,mail,36,2
COWETA,senate,6,inperson,4,4167
COWETA,senate,6,inperson,5,3067
COWETA,senate,6,inperson,6,2926
COWETA,senate,6,inperson,7,2922
COWETA,senate,6,inperson,8,3215
COWETA,senate,6,inperson,10,3260
COWETA,senate,6,inperson,11,4073
COWETA,senate,6,inperson,12,3298
COWETA,senate,6,inperson,13,3375
COWETA,senate,6,inperson,14,3680
COWETA,senate,6,inperson,15,4456
COWETA,senate,6,inperson,17,3410
COWETA,senate,6,inperson,18,5188
COWETA,senate,6,inperson,19,4678
COWETA,senate,6,inperson,20,4757
COWETA,senate,6,inperson,21,5090
COWETA,senate,6,mail,0,208
COWETA,senate,6,mail,1,172
COWETA,senate,6,mail,3,4
COWETA,senate,6,mail,4,162
COWETA,senate,6,mail,5,158
COWETA,senate,6,mail,6,164
COWETA,senate,6,mail,7,198
COWETA,senate,6,mail,8,193
COWETA,senate,6,mail,10,144
COWETA,senate,6,mail,11,209
COWETA,senate,6,mail,12,245
COWETA,senate,6,mail,13,268
COWETA,senate,6,mail,14,303
COWETA,senate,6,mail,15,328
COWETA,senate,6,mail,17,157
COWETA,senate,6,mail,18,317
COWETA,senate,6,mail,19,380
COWETA,senate,6,mail,20,389
COWETA,senate,6,mail,21,580
COWETA,senate,6,mail,22,116
COWETA,senate,6,mail,25,151
COWETA,senate,6,mail,26,87
COWETA,senate,6,mail,27,6
COWETA,senate,6,mail,28,3
COWETA,senate,6,mail,29,4
COWETA,senate,6,mail,32,1
COWETA,senate,6,mail,33,2
COWETA,senate,6,mail,34,5
COWETA,senate,6,mail,35,6
COWETA,senate,6,mail,36,8
COWETA,senate,6,mail,40,1
COWETA,senate,6,mail,41,2
CRAWFORD,house,134,inperson,4,312
CRAWFORD,house,134,inperson,5,211
CRAWFORD,house,134,inperson,6,188
CRAWFORD,house,134,inperson,7,181
CRAWFORD,house,134,inperson,8,215
CRAWFORD,house,134,inperson,10,226
CRAWFORD,house,134,inperson,11,295
CRAWFORD,house,134,inperson,12,223
CRAWFORD,house,134,inperson,13,226
CRAWFORD,house,134,inperson,14,293
CRAWFORD,house,134,inperson,15,309
CRAWFORD,house,134,inperson,17,176
CRAWFORD,house,134,inperson,18,418
CRAWFORD,house,134,inperson,19,290
CRAWFORD,house,134,inperson,20,369
CRAWFORD,house,134,inperson,21,425
CRAWFORD,house,134,mail,0,8
CRAWFORD,house,134,mail,1,12
CRAWFORD,house,134,mail,3,1
CRAWFORD,house,134,mail,4,19
CRAWFORD,house,134,mail,5,7
CRAWFORD,house,134,mail,6,5
CRAWFORD,house,134,mail,7,5
CRAWFORD,house,134,mail,8,14
CRAWFORD,house,134,mail,10,5
CRAWFORD,house,134,mail,11,18
CRAWFORD,house,134,mail,12,16
CRAWFORD,house,134,mail,13,5
CRAWFORD,house,134,mail,14,16
CRAWFORD,house,134,mail,15,18
CRAWFORD,house,134,mail,17,2
CRAWFORD,house,134,mail,18,23
CRAWFORD,house,134,mail,19,6
CRAWFORD,house,134,mail,20,37
CRAWFORD,house,134,mail,21,13
CRAWFORD,house,134,mail,22,7
CRAWFORD,house,134,mail,25,10
CRAWFORD,house,134,mail,26,1
CRAWFORD,house,134,mail,27,2
CRAWFORD,house,134,mail,29,1
CRAWFORD,house,134,mail,40,2
CRAWFORD,senate,18,inperson,4,312
CRAWFORD,senate,18,inperson,5,211
CRAWFORD,senate,18,inperson,6,188
CRAWFORD,senate,18,inperson,7,181
CRAWFORD,senate,18,inperson,8,215
CRAWFORD,senate,18,inperson,10,226
CRAWFORD,senate,18,inperson,11,295
CRAWFORD,senate,18,inperson,12,223
CRAWFORD,senate,18,inperson,13,226
CRAWFORD,senate,18,inperson,14,293
CRAWFORD,senate,18,inperson,15,309
CRAWFORD,senate,18,inperson,17,176
CRAWFORD,senate,18,inperson,18,418
CRAWFORD,senate,18,inperson,19,290
CRAWFORD,senate,18,inperson,20,369
CRAWFORD,senate,18,inperson,21,425
CRAWFORD,senate,18,mail,0,8
CRAWFORD,senate,18,mail,1,12
CRAWFORD,senate,18,mail,3,1
CRAWFORD,senate,18,mail,4,19
CRAWFORD,senate,18,mail,5,7
CRAWFORD,senate,18,mail,6,5
CRAWFORD,senate,18,mail,7,5
CRAWFORD,senate,18,mail,8,14
CRAWFORD,senate,18,mail,10,5
CRAWFORD,senate,18,mail,11,18
CRAWFORD,senate,18,mail,12,16
CRAWFORD,senate,18,mail,13,5
CRAWFORD,senate,18,mail,14,16
CRAWFORD,senate,18,mail,15,18
CRAWFORD,senate,18,mail,17,2
CRAWFORD,senate,18,mail,18,23
CRAWFORD,senate,18,mail,19,6
CRAWFORD,senate,18,mail,20,37
CRAWFORD,senate,18,mail,21,13
CRAWFORD,senate,18,mail,22,7
CRAWFORD,senate,18,mail,25,10
CRAWFORD,senate,18,mail,26,1
CRAWFORD,senate,18,mail,27,2
CRAWFORD,senate,18,mail,29,1
CRAWFORD,senate,18,mail,40,2
CRISP,house,148,inperson,4,434
CRISP,house,148,inperson,5,223
CRISP,house,148,inperson,6,283
CRISP,house,148,inperson,7,237
CRISP,house,148,inperson,8,243
CRISP,house,148,inperson,9,100
CRISP,house,148,inperson,10,154
CRISP,house,148,inperson,11,316
CRISP,house,148,inperson,12,297
CRISP,house,148,inperson,13,306
CRISP,house,148,inperson,14,332
CRISP,house,148,inperson,15,356
CRISP,house,148,inperson,16,165
CRISP,house,148,inperson,17,121
CRISP,house,148,inperson,18,493
CRISP,house,148,inperson,19,466
CRISP,house,148,inperson,20,590
CRISP,house,148,inperson,21,654
CRISP,house,148,mail,0,9
CRISP,house,148,mail,1,10
CRISP,house,148,mail,3,5
CRISP,house,148,mail,4,17
CRISP,house,148,mail,5,11
CRISP,house,148,mail,6,11
CRISP,house,148,mail,7,23
CRISP,house,148,mail,8,11
CRISP,house,148,mail,9,1
CRISP,house,148,mail,10,7
CRISP,house,148,mail,11,20
CRISP,house,148,mail,12,17
CRISP,house,148,mail,13,15
CRISP,house,148,mail,14,25
CRISP,house,148,mail,15,30
CRISP,house,148,mail,17,13
CRISP,house,148,mail,18,26
CRISP,house,148,mail,19,17
CRISP,house,148,mail,20,50
CRISP,house,148,mail,21,56
CRISP,house,148,mail,25,9
CRISP,house,148,mail,26,24
CRISP,house,148,mail,27,9
CRISP,house,148,mail,28,2
CRISP,house,148,mail,32,1
CRISP,senate,13,inperson,4,434
CRISP,senate,13,inperson,5,223
CRISP,senate,13,inperson,6,283
CRISP,senate,13,inperson,7,237
CRISP,senate,13,inperson,8,243
CRISP,senate,13,inperson,9,100
CRISP,senate,13,inperson,10,154
CRISP,senate,13,inperson,11,316
CRISP,senate,13,inperson,12,297
CRISP,senate,13,inperson,13,306
CRISP,senate,13,inperson,14,332
CRISP,senate,13,inperson,15,356
CRISP,senate,13,inperson,16,165
CRISP,senate,13,inperson,17,121
CRISP,senate,13,inperson,18,493
CRISP,senate,13,inperson,19,466
CRISP,senate,13,inperson,20,590
CRISP,senate,13,inperson,21,654
CRISP,senate,13,mail,0,9
CRISP,senate,13,mail,1,10
CRISP,senate,13,mail,3,5
CRISP,senate,13,mail,4,17
CRISP,senate,13,mail,5,11
CRISP,senate,13,mail,6,11
CRISP,senate,13,mail,7,23
CRISP,senate,13,mail,8,11
CRISP,senate,13,mail,9,1
CRISP,senate,13,mail,10,7
CRISP,senate,13,mail,11,20
CRISP,senate,13,mail,12,17
CRISP,senate,13,mail,13,15
CRISP,senate,13,mail,14,25
CRISP,senate,13,mail,15,30
CRISP,senate,13,mail,17,13
CRISP,senate,13,mail,18,26
CRISP,senate,13,mail,19,17
CRISP,senate,13,mail,20,50
CRISP,senate,13,mail,21,56
CRISP,senate,13,mail,25,9
CRISP,senate,13,mail,26,24
CRISP,senate,13,mail,27,9
CRISP,senate,13,mail,28,2
CRISP,senate,13,mail,32,1
DADE,house,1,inperson,4,421
DADE,house,1,inperson,5,245
DADE,house,1,inperson,6,250
DADE,house,1,inperson,7,266
DADE,house,1,inperson,8,270
DADE,house,1,inperson,10,242
DADE,house,1,inperson,11,293
DADE,house,1,inperson,12,274
DADE,house,1,inperson,13,274
DADE,house,1,inperson,14,333
DADE,house,1,inperson,15,296
DADE,house,1,inperson,17,199
DADE,house,1,inperson,18,469
DADE,house,1,inperson,19,434
DADE,house,1,inperson,20,479
DADE,house,1,inperson,21,602
DADE,house,1,mail,0,22
DADE,house,1,mail,4,8
DADE,house,1,mail,5,3
DADE,house,1,mail,6,10
DADE,house,1,mail,7,7
DADE,house,1,mail,8,15
DADE,house,1,mail,10,7
DADE,house,1,mail,11,18
DADE,house,1,mail,12,16
DADE,house,1,mail,13,10
DADE,house,1,mail,14,13
DADE,house,1,mail,15,14
DADE,house,1,mail,17,7
DADE,house,1,mail,18,19
DADE,house,1,mail,19,11
DADE,house,1,mail,20,16
DADE,house,1,mail,21,15
DADE,house,1,mail,22,2
DADE,house,1,mail,24,15
DADE,house,1,mail,25,7
DADE,house,1,mail,26,4
DADE,house,1,mail,27,2
DADE,house,1,mail,39,2
DADE,senate,53,inperson,4,421
DADE,senate,53,inperson,5,245
DADE,senate,53,inperson,6,250
DADE,senate,53,inperson,7,266
DADE,senate,53,inperson,8,270
DADE,senate,53,inperson,10,242
DADE,senate,53,inperson,11,293
DADE,senate,53,inperson,12,274
DADE,senate,53,inperson,13,274
DADE,senate,53,inperson,14,333
DADE,senate,53,inperson,15,296
DADE,senate,53,inperson,17,199
DADE,senate,53,inperson,18,469
DADE,senate,53,inperson,19,434
DADE,senate,53,inperson,20,479
DADE,senate,53,inperson,21,602
DADE,senate,53,mail,0,22
DADE,senate,53,mail,4,8
DADE,senate,53,mail,5,3
DADE,senate,53,mail,6,10
DADE,senate,53,mail,7,7
DADE,senate,53,mail,8,15
DADE,senate,53,mail,10,7
DADE,senate,53,mail,11,18
DADE,senate,53,mail,12,16
DADE,senate,53,mail,13,10
DADE,senate,53,mail,14,13
DADE,senate,53,mail,15,14
DADE,senate,53,mail,17,7
DADE,senate,53,mail,18,19
DADE,senate,53,mail,19,11
DADE,senate,53,mail,20,16
DADE,senate,53,mail,21,15
DADE,senate,53,mail,22,2
DADE,senate,53,mail,24,15
DADE,senate,53,mail,25,7
DADE,senate,53,mail,26,4
DADE,senate,53,mail,27,2
DADE,senate,53,mail,39,2
DAWSON,house,7,inperson,4,88
DAWSON,house,7,inperson,5,57
DAWSON,house,7,inperson,6,89
DAWSON,house,7,inperson,7,86
DAWSON,house,7,inperson,8,104
DAWSON,house,7,inperson,10,80
DAWSON,house,7,inperson,11,109
DAWSON,house,7,inperson,12,112
DAWSON,house,7,inperson,13,110
DAWSON,house,7,inperson,14,158
DAWSON,house,7,inperson,15,158
DAWSON,house,7,inperson,17,74
DAWSON,house,7,inperson,18,169
DAWSON,house,7,inperson,19,202
DAWSON,house,7,inperson,20,181
DAWSON,house,7,inperson,21,161
DAWSON,house,7,mail,0,9
DAWSON,house,7,mail,1,15
DAWSON,house,7,mail,4,3
DAWSON,house,7,mail,5,4
DAWSON,house,7,mail,6,3
DAWSON,house,7,mail,7,4
DAWSON,house,7,mail,8,4
DAWSON,house,7,mail,10,8
DAWSON,house,7,mail,11,14
DAWSON,house,7,mail,12,8
DAWSON,house,7,mail,13,5
DAWSON,house,7,mail,14,9
DAWSON,house,7,mail,15,23
DAWSON,house,7,mail,18,18
DAWSON,house,7,mail,19,11
DAWSON,house,7,mail,20,6
DAWSON,house,7,mail,21,17
DAWSON,house,7,mail,22,3
DAWSON,house,7,mail,24,5
DAWSON,house,7,mail,25,2
DAWSON,house,9,inperson,4,1008
DAWSON,house,9,inperson,5,637
DAWSON,house,9,inperson,6,612
DAWSON,house,9,inperson,7,661
DAWSON,house,9,inperson,8,731
DAWSON,house,9,inperson,10,641
DAWSON,house,9,inperson,11,860
DAWSON,house,9,inperson,12,779
DAWSON,house,9,inperson,13,826
DAWSON,house,9,inperson,14,926
DAWSON,house,9,inperson,15,1032
DAWSON,house,9,inperson,17,720
DAWSON,house,9,inperson,18,1126
DAWSON,house,9,inperson,19,1059
DAWSON,house,9,inperson,20,1130
DAWSON,house,9,inperson,21,1171
DAWSON,house,9,mail,0,12
DAWSON,house,9,mail,1,36
DAWSON,house,9,mail,4,31
DAWSON,house,9,mail,5,16
DAWSON,house,9,mail,6,27
DAWSON,house,9,mail,7,17
DAWSON,house,9,mail,8,42
DAWSON,house,9,mail,10,21
DAWSON,house,9,mail,11,29
DAWSON,house,9,mail,12,30
DAWSON,house,9,mail,13,31
DAWSON,house,9,mail,14,51
DAWSON,house,9,mail,15,71
DAWSON,house,9,mail,17,11
DAWSON,house,9,mail,18,40
DAWSON,house,9,mail,19,55
DAWSON,house,9,mail,20,40
DAWSON,house,9,mail,21,72
DAWSON,house,9,mail,22,23
DAWSON,house,9,mail,24,11
DAWSON,house,9,mail,25,24
DAWSON,house,9,mail,26,28
DAWSON,house,9,mail,27,11
DAWSON,house,9,mail,28,4
DAWSON,house,9,mail,29,3
DAWSON,house,9,mail,31,1
DAWSON,house,9,mail,35,1
DAWSON,senate,51,inperson,4,1096
DAWSON,senate,51,inperson,5,694
DAWSON,senate,51,inperson,6,701
DAWSON,senate,51,inperson,7,747
DAWSON,senate,51,inperson,8,835
DAWSON,senate,51,inperson,10,721
DAWSON,senate,51,inperson,11,969
DAWSON,senate,51,inperson,12,891
DAWSON,senate,51,inperson,13,936
DAWSON,senate,51,inperson,14,1084
DAWSON,senate,51,inperson,15,1190
DAWSON,senate,51,inperson,17,794
DAWSON,senate,51,inperson,18,1295
DAWSON,senate,51,inperson,19,1261
DAWSON,senate,51,inperson,20,1311
DAWSON,senate,51,inperson,21,1332
DAWSON,senate,51,mail,0,21
DAWSON,senate,51,mail,1,51
DAWSON,senate,51,mail,4,34
DAWSON,senate,51,mail,5,20
DAWSON,senate,51,mail,6,30
DAWSON,senate,51,mail,7,21
DAWSON,senate,51,mail,8,46
DAWSON,senate,51,mail,10,29
DAWSON,senate,51,mail,11,43
DAWSON,senate,51,mail,12,38
DAWSON,senate,51,mail,13,36
DAWSON,senate,51,mail,14,60
DAWSON,senate,51,mail,15,94
DAWSON,senate,51,mail,17,11
DAWSON,senate,51,mail,18,58
DAWSON,senate,51,mail,19,66
DAWSON,senate,51,mail,20,46
DAWSON,senate,51,mail,21,89
DAWSON,senate,51,mail,22,26
DAWSON,senate,51,mail,24,16
DAWSON,senate,51,mail,25,26
DAWSON,senate,51,mail,26,28
DAWSON,senate,51,mail,27,11
DAWSON,senate,51,mail,28,4
DAWSON,senate,51,mail,29,3
DAWSON,senate,51,mail,31,1
DAWSON,senate,51,mail,35,1
DECATUR,house,171,inperson,4,580
DECATUR,house,171,inperson,5,332
DECATUR,house,171,inperson,6,326
DECATUR,house,171,inperson,7,380
DECATUR,house,171,inperson,8,423
DECATUR,house,171,inperson,10,294
DECATUR,house,171,inperson,11,552
DECATUR,house,171,inperson,12,448
DECATUR,house,171,inperson,13,447
DECATUR,house,171,inperson,14,519
DECATUR,house,171,inperson,15,536
DECATUR,house,171,inperson,17,220
DECATUR,house,171,inperson,18,605
DECATUR,house,171,inperson,19,573
DECATUR,house,171,inperson,20,655
DECATUR,house,171,inperson,21,845
DECATUR,house,171,mail,0,7
DECATUR,house,171,mail,1,38
DECATUR,house,171,mail,4,14
DECATUR,house,171,mail,5,17
DECATUR,house,171,mail,6,33
DECATUR,house,171,mail,7,13
DECATUR,house,171,mail,8,51
DECATUR,house,171,mail,10,11
DECATUR,house,171,mail,11,27
DECATUR,house,171,mail,12,32
DECATUR,house,171,mail,13,27
DECATUR,house,171,mail,14,21
DECATUR,house,171,mail,15,57
DECATUR,house,171,mail,17,14
DECATUR,house,171,mail,18,45
DECATUR,house,171,mail,19,36
DECATUR,house,171,mail,20,42
DECATUR,house,171,mail,21,73
DECATUR,house,171,mail,22,54
DECATUR,house,171,mail,25,24
DECATUR,house,171,mail,26,15
DECATUR,house,171,mail,27,8
DECATUR,house,171,mail,29,1
DECATUR,senate,11,inperson,4,580
DECATUR,senate,11,inperson,5,332
DECATUR,senate,11,inperson,6,326
DECATUR,senate,11,inperson,7,380
DECATUR,senate,11,inperson,8,423
DECATUR,senate,11,inperson,10,294
DECATUR,senate,11,inperson,11,552
DECATUR,senate,11,inperson,12,448
DECATUR,senate,11,inperson,13,447
DECATUR,senate,11,inperson,14,519
DECATUR,senate,11,inperson,15,536
DECATUR,senate,11,inperson,17,220
DECATUR,senate,11,inperson,18,605
DECATUR,senate,11,inperson,19,573
DECATUR,senate,11,inperson,20,655
DECATUR,senate,11,inperson,21,845
DECATUR,senate,11,mail,0,7
DECATUR,senate,11,mail,1,38
DECATUR,senate,11,mail,4,14
DECATUR,senate,11,mail,5,17
DECATUR,senate,11,mail,6,33
DECATUR,senate,11,mail,7,13
DECATUR,senate,11,mail,8,51
DECATUR,senate,11,mail,10,11
DECATUR,senate,11,mail,11,27
DECATUR,senate,11,mail,12,32
DECATUR,senate,11,mail,13,27
DECATUR,senate,11,mail,14,21
DECATUR,senate,11,mail,15,57
DECATUR,senate,11,mail,17,14
DECATUR,senate,11,mail,18,45
DECATUR,senate,11,mail,19,36
DECATUR,senate,11,mail,20,42
DECATUR,senate,11,mail,21,73
DECATUR,senate,11,mail,22,54
DECATUR,senate,11,mail,25,24
DECATUR,senate,11,mail,26,15
DECATUR,senate,11,mail,27,8
DECATUR,senate,11,mail,29,1
DEKALB,house,101,inperson,4,1354
DEKALB,house,101,inperson,5,1087
DEKALB,house,101,inperson,6,991
DEKALB,house,101,inperson,7,1029
DEKALB,house,101,inperson,8,1111
DEKALB,house,101,inperson,9,520
DEKALB,house,101,inperson,10,875
DEKALB,house,101,inperson,11,1094
DEKALB,house,101,inperson,12,927
DEKALB,house,101,inperson,13,1040
DEKALB,house,101,inperson,14,1201
DEKALB,house,101,inperson,15,1213
DEKALB,house,101,inperson,16,493
DEKALB,house,101,inperson,17,902
DEKALB,house,101,inperson,18,1309
DEKALB,house,101,inperson,19,1150
DEKALB,house,101,inperson,20,1130
DEKALB,house,101,inperson,21,1123
DEKALB,house,101,mail,0,96
DEKALB,house,101,mail,1,63
DEKALB,house,101,mail,2,10
DEKALB,house,101,mail,3,104
DEKALB,house,101,mail,4,79
DEKALB,house,101,mail,5,97
DEKALB,house,101,mail,6,71
DEKALB,house,101,mail,7,102
DEKALB,house,101,mail,8,48
DEKALB,house,101,mail,9,70
DEKALB,house,101,mail,10,36
DEKALB,house,101,mail,11,175
DEKALB,house,101,mail,12,110
DEKALB,house,101,mail,13,58
DEKALB,house,101,mail,14,157
DEKALB,house,101,mail,15,62
DEKALB,house,101,mail,16,111
DEKALB,house,101,mail,17,102
DEKALB,house,101,mail,18,172
DEKALB,house,101,mail,19,93
DEKALB,house,101,mail,20,43
DEKALB,house,101,mail,21,70
DEKALB,house,101,mail,22,64
DEKALB,house,101,mail,25,1
DEKALB,house,101,mail,26,6
DEKALB,house,101,mail,27,7
DEKALB,house,101,mail,28,7
DEKALB,house,101,mail,32,4
DEKALB,house,101,mail,33,1
DEKALB,house,101,mail,34,7
DEKALB,house,101,mail,35,5
DEKALB,house,101,mail,40,1
DEKALB,house,101,mail,43,2
DEKALB,house,101,mail,57,1
DEKALB,house,115,inperson,4,1096
DEKALB,house,115,inperson,5,653
DEKALB,house,115,inperson,6,637
DEKALB,house,115,inperson,7,637
DEKALB,house,115,inperson,8,622
DEKALB,house,115,inperson,9,224
DEKALB,house,115,inperson,10,492
DEKALB,house,115,inperson,11,684
DEKALB,house,115,inperson,12,620
DEKALB,house,115,inperson,13,695
DEKALB,house,115,inperson,14,793
DEKALB,house,115,inperson,15,859
DEKALB,house,115,inperson,16,282
DEKALB,house,115,inperson,17,616
DEKALB,house,115,inperson,18,1195
DEKALB,house,115,inperson,19,1097
DEKALB,house,115,inperson,20,1240
DEKALB,house,115,inperson,21,1634
DEKALB,house,115,mail,0,32
DEKALB,house,115,mail,1,37
DEKALB,house,115,mail,2,3
DEKALB,house,115,mail,3,40
DEKALB,house,115,mail,4,23
DEKALB,house,115,mail,5,39
DEKALB,house,115,mail,6,27
DEKALB,house,115,mail,7,41
DEKALB,house,115,mail,8,26
DEKALB,house,115,mail,9,41
DEKALB,house,115,mail,10,13
DEKALB,house,115,mail,11,67
DEKALB,house,115,mail,12,39
DEKALB,house,115,mail,13,39
DEKALB,house,115,mail,14,68
DEKALB,house,115,mail,15,41
DEKALB,house,115,mail,16,60
DEKALB,house,115,mail,17,51
DEKALB,house,115,mail,18,77
DEKALB,house,115,mail,19,43
DEKALB,house,115,mail,20,17
DEKALB,house,115,mail,21,33
DEKALB,house,115,mail,22,31
DEKALB,house,115,mail,25,1
DEKALB,house,115,mail,30,1
DEKALB,house,116,inperson,4,851
DEKALB,house,116,inperson,5,512
DEKALB,house,116,inperson,6,448
DEKALB,house,116,inperson,7,414
DEKALB,house,116,inperson,8,450
DEKALB,house,116,inperson,9,209
DEKALB,house,116,inperson,10,427
DEKALB,house,116,inperson,11,467
DEKALB,house,116,inperson,12,433
DEKALB,house,116,inperson,13,464
DEKALB,house,116,inperson,14,515
DEKALB,house,116,inperson,15,646
DEKALB,house,116,inperson,16,162
DEKALB,house,116,inperson,17,433
DEKALB,house,116,inperson,18,762
DEKALB,house,116,inperson,19,628
DEKALB,house,116,inperson,20,764
DEKALB,house,116,inperson,21,945
DEKALB,house,116,mail,0,30
DEKALB,house,116,mail,1,28
DEKALB,house,116,mail,2,2
DEKALB,house,116,mail,3,26
DEKALB,house,116,mail,4,20
DEKALB,house,116,mail,5,18
DEKALB,house,116,mail,6,14
DEKALB,house,116,mail,7,31
DEKALB,house,116,mail,8,20
DEKALB,house,116,mail,9,10
DEKALB,house,116,mail,10,10
DEKALB,house,116,mail,11,38
DEKALB,house,116,mail,12,15
DEKALB,house,116,mail,13,16
DEKALB,house,116,mail,14,42
DEKALB,house,116,mail,15,20
DEKALB,house,116,mail,16,23
DEKALB,house,116,mail,17,42
DEKALB,house,116,mail,18,54
DEKALB,house,116,mail,19,23
DEKALB,house,116,mail,20,16
DEKALB,house,116,mail,21,24
DEKALB,house,116,mail,22,15
DEKALB,house,116,mail,28,2
DEKALB,house,122,inperson,18,2
DEKALB,house,42,inperson,6,1
DEKALB,house,50,inperson,12,1
DEKALB,house,52,inperson,4,822
DEKALB,house,52,inperson,5,569
DEKALB,house,52,inperson,6,547
DEKALB,house,52,inperson,7,544
DEKALB,house,52,inperson,8,530
DEKALB,house,52,inperson,9,248
DEKALB,house,52,inperson,10,445
DEKALB,house,52,inperson,11,750
DEKALB,house,52,inperson,12,541
DEKALB,house,52,inperson,13,569
DEKALB,house,52,inperson,14,683
DEKALB,house,52,inperson,15,718
DEKALB,house,52,inperson,16,284
DEKALB,house,52,inperson,17,481
DEKALB,house,52,inperson,18,874
DEKALB,house,52,inperson,19,696
DEKALB,house,52,inperson,20,801
DEKALB,house,52,inperson,21,911
DEKALB,house,52,mail,0,51
DEKALB,house,52,mail,1,60
DEKALB,house,52,mail,2,1
DEKALB,house,52,mail,3,50
DEKALB,house,52,mail,4,42
DEKALB,house,52,mail,5,54
DEKALB,house,52,mail,6,34
DEKALB,house,52,mail,7,74
DEKALB,house,52,mail,8,21
DEKALB,house,52,mail,9,30
DEKALB,house,52,mail,10,14
DEKALB,house,52,mail,11,71
DEKALB,house,52,mail,12,42
DEKALB,house,52,mail,13,31
DEKALB,house,52,mail,14,69
DEKALB,house,52,mail,15,28
DEKALB,house,52,mail,16,44
DEKALB,house,52,mail,17,44
DEKALB,house,52,mail,18,65
DEKALB,house,52,mail,19,23
DEKALB,house,52,mail,20,14
DEKALB,house,52,mail,21,22
DEKALB,house,52,mail,22,18
DEKALB,house,52,mail,25,2
DEKALB,house,52,mail,26,2
DEKALB,house,52,mail,27,1
DEKALB,house,52,mail,28,3
DEKALB,house,52,mail,32,6
DEKALB,house,52,mail,34,1
DEKALB,house,52,mail,35,3
DEKALB,house,54,inperson,14,1
DEKALB,house,56,inperson,4,1
DEKALB,house,56,inperson,5,1
DEKALB,house,56,inperson,11,1
DEKALB,house,56,inperson,16,1
DEKALB,house,57,inperson,14,1
DEKALB,house,57,inperson,19,1
DEKALB,house,59,inperson,14,1
DEKALB,house,61,inperson,8,1
DEKALB,house,62,inperson,5,1
DEKALB,house,62,inperson,7,1
DEKALB,house,62,inperson,18,1
DEKALB,house,63,inperson,5,1
DEKALB,house,63,inperson,17,1
DEKALB,house,63,inperson,19,1
DEKALB,house,63,inperson,20,1
DEKALB,house,63,inperson,21,1
DEKALB,house,80,inperson,4,1437
DEKALB,house,80,inperson,5,967
DEKALB,house,80,inperson,6,858
DEKALB,house,80,inperson,7,983
DEKALB,house,80,inperson,8,893
DEKALB,house,80,inperson,9,436
DEKALB,house,80,inperson,10,761
DEKALB,house,80,inperson,11,1281
DEKALB,house,80,inperson,12,992
DEKALB,house,80,inperson,13,1067
DEKALB,house,80,inperson,14,1237
DEKALB,house,80,inperson,15,1241
DEKALB,house,80,inperson,16,502
DEKALB,house,80,inperson,17,912
DEKALB,house,80,inperson,18,1510
DEKALB,house,80,inperson,19,1436
DEKALB,house,80,inperson,20,1415
DEKALB,house,80,inperson,21,1583
DEKALB,house,80,mail,0,68
DEKALB,house,80,mail,1,78
DEKALB,house,80,mail,2,7
DEKALB,house,80,mail,3,78
DEKALB,house,80,mail,4,68
DEKALB,house,80,mail,5,69
DEKALB,house,80,mail,6,41
DEKALB,house,80,mail,7,78
DEKALB,house,80,mail,8,39
DEKALB,house,80,mail,9,52
DEKALB,house,80,mail,10,24
DEKALB,house,80,mail,11,121
DEKALB,house,80,mail,12,74
DEKALB,house,80,mail,13,52
DEKALB,house,80,mail,14,110
DEKALB,house,80,mail,15,66
DEKALB,house,80,mail,16,81
DEKALB,house,80,mail,17,64
DEKALB,house,80,mail,18,135
DEKALB,house,80,mail,19,61
DEKALB,house,80,mail,20,27
DEKALB,house,80,mail,21,82
DEKALB,house,80,mail,22,62
DEKALB,house,80,mail,25,1
DEKALB,house,80,mail,26,2
DEKALB,house,80,mail,27,4
DEKALB,house,80,mail,28,5
DEKALB,house,80,mail,32,8
DEKALB,house,80,mail,33,3
DEKALB,house,80,mail,34,2
DEKALB,house,80,mail,35,5
DEKALB,house,80,mail,41,1
DEKALB,house,83,inperson,4,1538
DEKALB,house,83,inperson,5,1010
DEKALB,house,83,inperson,6,907
DEKALB,house,83,inperson,7,920
DEKALB,house,83,inperson,8,977
DEKALB,house,83,inperson,9,409
DEKALB,house,83,inperson,10,621
DEKALB,house,83,inperson,11,1142
DEKALB,house,83,inperson,12,908
DEKALB,house,83,inperson,13,886
DEKALB,house,83,inperson,14,934
DEKALB,house,83,inperson,15,1055
DEKALB,house,83,inperson,16,372
DEKALB,house,83,inperson,17,750
DEKALB,house,83,inperson,18,1332
DEKALB,house,83,inperson,19,1058
DEKALB,house,83,inperson,20,1162
DEKALB,house,83,inperson,21,1512
DEKALB,house,83,mail,0,59
DEKALB,house,83,mail,1,56
DEKALB,house,83,mail,2,10
DEKALB,house,83,mail,3,59
DEKALB,house,83,mail,4,39
DEKALB,house,83,mail,5,72
DEKALB,house,83,mail,6,25
DEKALB,house,83,mail,7,56
DEKALB,house,83,mail,8,33
DEKALB,house,83,mail,9,28
DEKALB,house,83,mail,10,19
DEKALB,house,83,mail,11,100
DEKALB,house,83,mail,12,60
DEKALB,house,83,mail,13,37
DEKALB,house,83,mail,14,106
DEKALB,house,83,mail,15,39
DEKALB,house,83,mail,16,45
DEKALB,house,83,mail,17,42
DEKALB,house,83,mail,18,95
DEKALB,house,83,mail,19,51
DEKALB,house,83,mail,20,17
DEKALB,house,83,mail,21,42
DEKALB,house,83,mail,22,23
DEKALB,house,83,mail,23,1
DEKALB,house,83,mail,25,2
DEKALB,house,83,mail,26,6
DEKALB,house,83,mail,27,1
DEKALB,house,83,mail,28,4
DEKALB,house,83,mail,29,2
DEKALB,house,83,mail,32,1
DEKALB,house,83,mail,33,2
DEKALB,house,83,mail,34,5
DEKALB,house,83,mail,35,5
DEKALB,house,83,mail,41,1
DEKALB,house,84,inperson,4,1760
DEKALB,house,84,inperson,5,1245
DEKALB,house,84,inperson,6,1126
DEKALB,house,84,inperson,7,1128
DEKALB,house,84,inperson,8,1215
DEKALB,house,84,inperson,9,568
DEKALB,house,84,inperson,10,1009
DEKALB,house,84,inperson,11,1377
DEKALB,house,84,inperson,12,1110
DEKALB,house,84,inperson,13,1241
DEKALB,house,84,inperson,14,1445
DEKALB,house,84,inperson,15,1542
DEKALB,house,84,inperson,16,624
DEKALB,house,84,inperson,17,1066
DEKALB,house,84,inperson,18,1797
DEKALB,house,84,inperson,19,1488
DEKALB,house,84,inperson,20,1582
DEKALB,house,84,inperson,21,1651
DEKALB,house,84,mail,0,75
DEKALB,house,84,mail,1,86
DEKALB,house,84,mail,2,12
DEKALB,house,84,mail,3,128
DEKALB,house,84,mail,4,69
DEKALB,house,84,mail,5,71
DEKALB,house,84,mail,6,81
DEKALB,house,84,mail,7,115
DEKALB,house,84,mail,8,65
DEKALB,house,84,mail,9,43
DEKALB,house,84,mail,10,38
DEKALB,house,84,mail,11,142
DEKALB,house,84,mail,12,100
DEKALB,house,84,mail,13,99
DEKALB,house,84,mail,14,204
DEKALB,house,84,mail,15,88
DEKALB,house,84,mail,16,127
DEKALB,house,84,mail,17,97
DEKALB,house,84,mail,18,244
DEKALB,house,84,mail,19,83
DEKALB,house,84,mail,20,76
DEKALB,house,84,mail,21,68
DEKALB,house,84,mail,22,90
DEKALB,house,84,mail,24,2
DEKALB,house,84,mail,25,15
DEKALB,house,84,mail,26,2
DEKALB,house,84,mail,27,6
DEKALB,house,84,mail,31,1
DEKALB,house,84,mail,32,12
DEKALB,house,84,mail,33,3
DEKALB,house,84,mail,34,3
DEKALB,house,84,mail,35,7
DEKALB,house,84,mail,41,1
DEKALB,house,84,mail,42,1
DEKALB,house,85,inperson,4,1455
DEKALB,house,85,inperson,5,979
DEKALB,house,85,inperson,6,1097
DEKALB,house,85,inperson,7,995
DEKALB,house,85,inperson,8,1026
DEKALB,house,85,inperson,9,482
DEKALB,house,85,inperson,10,860
DEKALB,house,85,inperson,11,1069
DEKALB,house,85,inperson,12,872
DEKALB,house,85,inperson,13,1077
DEKALB,house,85,inperson,14,1059
DEKALB,house,85,inperson,15,1140
DEKALB,house,85,inperson,16,441
DEKALB,house,85,inperson,17,792
DEKALB,house,85,inperson,18,1331
DEKALB,house,85,inperson,19,1066
DEKALB,house,85,inperson,20,1131
DEKALB,house,85,inperson,21,1184
DEKALB,house,85,mail,0,72
DEKALB,house,85,mail,1,55
DEKALB,house,85,mail,2,13
DEKALB,house,85,mail,3,54
DEKALB,house,85,mail,4,43
DEKALB,house,85,mail,5,56
DEKALB,house,85,mail,6,54
DEKALB,house,85,mail,7,84
DEKALB,house,85,mail,8,30
DEKALB,house,85,mail,9,34
DEKALB,house,85,mail,10,19
DEKALB,house,85,mail,11,113
DEKALB,house,85,mail,12,71
DEKALB,house,85,mail,13,59
DEKALB,house,85,mail,14,137
DEKALB,house,85,mail,15,56
DEKALB,house,85,mail,16,77
DEKALB,house,85,mail,17,88
DEKALB,house,85,mail,18,108
DEKALB,house,85,mail,19,74
DEKALB,house,85,mail,20,33
DEKALB,house,85,mail,21,49
DEKALB,house,85,mail,22,59
DEKALB,house,85,mail,25,2
DEKALB,house,85,mail,26,3
DEKALB,house,85,mail,27,3
DEKALB,house,85,mail,28,1
DEKALB,house,85,mail,34,1
DEKALB,house,85,mail,35,3
DEKALB,house,85,mail,41,2
DEKALB,house,85,mail,42,1
DEKALB,house,85,mail,43,1
DEKALB,house,85,mail,46,1
DEKALB,house,86,inperson,4,1500
DEKALB,house,86,inperson,5,984
DEKALB,house,86,inperson,6,972
DEKALB,house,86,inperson,7,934
DEKALB,house,86,inperson,8,1013
DEKALB,house,86,inperson,9,437
DEKALB,house,86,inperson,10,800
DEKALB,house,86,inperson,11,1050
DEKALB,house,86,inperson,12,849
DEKALB,house,86,inperson,13,944
DEKALB,house,86,inperson,14,1187
DEKALB,house,86,inperson,15,1217
DEKALB,house,86,inperson,16,458
DEKALB,house,86,inperson,17,843
DEKALB,house,86,inperson,18,1406
DEKALB,house,86,inperson,19,1135
DEKALB,house,86,inperson,20,1218
DEKALB,house,86,inperson,21,1260
DEKALB,house,86,mail,0,77
DEKALB,house,86,mail,1,89
DEKALB,house,86,mail,2,17
DEKALB,house,86,mail,3,89
DEKALB,house,86,mail,4,47
DEKALB,house,86,mail,5,75
DEKALB,house,86,mail,6,57
DEKALB,house,86,mail,7,75
DEKALB,house,86,mail,8,49
DEKALB,house,86,mail,9,47
DEKALB,house,86,mail,10,23
DEKALB,house,86,mail,11,119
DEKALB,house,86,mail,12,86
DEKALB,house,86,mail,13,62
DEKALB,house,86,mail,14,170
DEKALB,house,86,mail,15,65
DEKALB,house,86,mail,16,94
DEKALB,house,86,mail,17,102
DEKALB,house,86,mail,18,171
DEKALB,house,86,mail,19,78
DEKALB,house,86,mail,20,48
DEKALB,house,86,mail,21,44
DEKALB,house,86,mail,22,52
DEKALB,house,86,mail,25,3
DEKALB,house,86,mail,26,2
DEKALB,house,86,mail,27,1
DEKALB,house,86,mail,32,1
DEKALB,house,86,mail,34,2
DEKALB,house,86,mail,35,1
DEKALB,house,86,mail,41,1
DEKALB,house,86,mail,43,1
DEKALB,house,86,mail,56,1
DEKALB,house,87,inperson,1,1
DEKALB,house,87,inperson,4,1543
DEKALB,house,87,inperson,5,1056
DEKALB,house,87,inperson,6,1085
DEKALB,house,87,inperson,7,1120
DEKALB,house,87,inperson,8,1121
DEKALB,house,87,inperson,9,480
DEKALB,house,87,inperson,10,848
DEKALB,house,87,inperson,11,1123
DEKALB,house,87,inperson,12,1053
DEKALB,house,87,inperson,13,1087
DEKALB,house,87,inperson,14,1234
DEKALB,house,87,inperson,15,1193
DEKALB,house,87,inperson,16,436
DEKALB,house,87,inperson,17,868
DEKALB,house,87,inperson,18,1399
DEKALB,house,87,inperson,19,1193
DEKALB,house,87,inperson,20,1217
DEKALB,house,87,inperson,21,1153
DEKALB,house,87,mail,0,80
DEKALB,house,87,mail,1,61
DEKALB,house,87,mail,2,1
DEKALB,house,87,mail,3,50
DEKALB,house,87,mail,4,42
DEKALB,house,87,mail,5,80
DEKALB,house,87,mail,6,45
DEKALB,house,87,mail,7,91
DEKALB,house,87,mail,8,55
DEKALB,house,87,mail,9,39
DEKALB,house,87,mail,10,37
DEKALB,house,87,mail,11,127
DEKALB,house,87,mail,12,106
DEKALB,house,87,mail,13,50
DEKALB,house,87,mail,14,134
DEKALB,house,87,mail,15,63
DEKALB,house,87,mail,16,74
DEKALB,house,87,mail,17,90
DEKALB,house,87,mail,18,126
DEKALB,house,87,mail,19,51
DEKALB,house,87,mail,20,20
DEKALB,house,87,mail,21,61
DEKALB,house,87,mail,22,65
DEKALB,house,87,mail,24,1
DEKALB,house,87,mail,25,2
DEKALB,house,87,mail,27,1
DEKALB,house,87,mail,28,2
DEKALB,house,87,mail,34,1
DEKALB,house,87,mail,35,2
DEKALB,house,87,mail,42,1
DEKALB,house,87,mail,380,1
DEKALB,house,88,inperson,4,1362
DEKALB,house,88,inperson,5,937
DEKALB,house,88,inperson,6,879
DEKALB,house,88,inperson,7,841
DEKALB,house,88,inperson,8,840
DEKALB,house,88,inperson,9,347
DEKALB,house,88,inperson,10,701
DEKALB,house,88,inperson,11,925
DEKALB,house,88,inperson,12,860
DEKALB,house,88,inperson,13,857
DEKALB,house,88,inperson,14,998
DEKALB,house,88,inperson,15,1194
DEKALB,house,88,inperson,16,389
DEKALB,house,88,inperson,17,743
DEKALB,house,88,inperson,18,1307
DEKALB,house,88,inperson,19,1113
DEKALB,house,88,inperson,20,1262
DEKALB,house,88,inperson,21,1178
DEKALB,house,88,mail,0,69
DEKALB,house,88,mail,1,43
DEKALB,house,88,mail,2,9
DEKALB,house,88,mail,3,63
DEKALB,house,88,mail,4,43
DEKALB,house,88,mail,5,72
DEKALB,house,88,mail,6,42
DEKALB,house,88,mail,7,49
DEKALB,house,88,mail,8,31
DEKALB,house,88,mail,9,41
DEKALB,house,88,mail,10,26
DEKALB,house,88,mail,11,124
DEKALB,house,88,mail,12,85
DEKALB,house,88,mail,13,61
DEKALB,house,88,mail,14,125
DEKALB,house,88,mail,15,59
DEKALB,house,88,mail,16,88
DEKALB,house,88,mail,17,124
DEKALB,house,88,mail,18,113
DEKALB,house,88,mail,19,75
DEKALB,house,88,mail,20,33
DEKALB,house,88,mail,21,37
DEKALB,house,88,mail,22,47
DEKALB,house,88,mail,25,1
DEKALB,house,88,mail,26,1
DEKALB,house,88,mail,28,6
DEKALB,house,88,mail,32,1
DEKALB,house,88,mail,33,2
DEKALB,house,88,mail,34,2
DEKALB,house,88,mail,35,1
DEKALB,house,88,mail,41,1
DEKALB,house,89,inperson,4,2087
DEKALB,house,89,inperson,5,1316
DEKALB,house,89,inperson,6,1370
DEKALB,house,89,inperson,7,1259
DEKALB,house,89,inperson,8,1318
DEKALB,house,89,inperson,9,564
DEKALB,house,89,inperson,10,907
DEKALB,house,89,inperson,11,1495
DEKALB,house,89,inperson,12,1241
DEKALB,house,89,inperson,13,1333
DEKALB,house,89,inperson,14,1508
DEKALB,house,89,inperson,15,1593
DEKALB,house,89,inperson,16,569
DEKALB,house,89,inperson,17,966
DEKALB,house,89,inperson,18,1802
DEKALB,house,89,inperson,19,1655
DEKALB,house,89,inperson,20,1803
DEKALB,house,89,inperson,21,2040
DEKALB,house,89,mail,0,119
DEKALB,house,89,mail,1,121
DEKALB,house,89,mail,2,10
DEKALB,house,89,mail,3,95
DEKALB,house,89,mail,4,96
DEKALB,house,89,mail,5,97
DEKALB,house,89,mail,6,87
DEKALB,house,89,mail,7,132
DEKALB,house,89,mail,8,88
DEKALB,house,89,mail,9,50
DEKALB,house,89,mail,10,54
DEKALB,house,89,mail,11,169
DEKALB,house,89,mail,12,115
DEKALB,house,89,mail,13,117
DEKALB,house,89,mail,14,221
DEKALB,house,89,mail,15,110
DEKALB,house,89,mail,16,103
DEKALB,house,89,mail,17,117
DEKALB,house,89,mail,18,171
DEKALB,house,89,mail,19,130
DEKALB,house,89,mail,20,51
DEKALB,house,89,mail,21,99
DEKALB,house,89,mail,22,94
DEKALB,house,89,mail,23,2
DEKALB,house,89,mail,25,40
DEKALB,house,89,mail,26,23
DEKALB,house,89,mail,27,28
DEKALB,house,89,mail,28,49
DEKALB,house,89,mail,29,5
DEKALB,house,89,mail,31,1
DEKALB,house,89,mail,32,48
DEKALB,house,89,mail,33,4
DEKALB,house,89,mail,34,25
DEKALB,house,89,mail,35,33
DEKALB,house,89,mail,41,2
DEKALB,house,89,mail,46,2
DEKALB,house,89,mail,50,2
DEKALB,house,89,mail,65,1
DEKALB,house,89,mail,77,1
DEKALB,house,90,inperson,1,1
DEKALB,house,90,inperson,4,2000
DEKALB,house,90,inperson,5,1358
DEKALB,house,90,inperson,6,1354
DEKALB,house,90,inperson,7,1227
DEKALB,house,90,inperson,8,1384
DEKALB,house,90,inperson,9,495
DEKALB,house,90,inperson,10,939
DEKALB,house,90,inperson,11,1530
DEKALB,house,90,inperson,12,1277
DEKALB,house,90,inperson,13,1343
DEKALB,house,90,inperson,14,1454
DEKALB,house,90,inperson,15,1689
DEKALB,house,90,inperson,16,478
DEKALB,house,90,inperson,17,1056
DEKALB,house,90,inperson,18,2111
DEKALB,house,90,inperson,19,1722
DEKALB,house,90,inperson,20,2028
DEKALB,house,90,inperson,21,2233
DEKALB,house,90,mail,0,78
DEKALB,house,90,mail,1,110
DEKALB,house,90,mail,2,7
DEKALB,house,90,mail,3,65
DEKALB,house,90,mail,4,86
DEKALB,house,90,mail,5,93
DEKALB,house,90,mail,6,55
DEKALB,house,90,mail,7,140
DEKALB,house,90,mail,8,82
DEKALB,house,90,mail,9,58
DEKALB,house,90,mail,10,28
DEKALB,house,90,mail,11,159
DEKALB,house,90,mail,12,120
DEKALB,house,90,mail,13,79
DEKALB,house,90,mail,14,183
DEKALB,house,90,mail,15,61
DEKALB,house,90,mail,16,125
DEKALB,house,90,mail,17,144
DEKALB,house,90,mail,18,200
DEKALB,house,90,mail,19,73
DEKALB,house,90,mail,20,59
DEKALB,house,90,mail,21,56
DEKALB,house,90,mail,22,63
DEKALB,house,90,mail,24,1
DEKALB,house,90,mail,25,4
DEKALB,house,90,mail,26,6
DEKALB,house,90,mail,27,3
DEKALB,house,90,mail,28,10
DEKALB,house,90,mail,29,2
DEKALB,house,90,mail,32,4
DEKALB,house,90,mail,33,2
DEKALB,house,90,mail,34,8
DEKALB,house,90,mail,35,6
DEKALB,house,90,mail,40,1
DEKALB,house,90,mail,41,1
DEKALB,house,90,mail,43,2
DEKALB,house,90,mail,1111,1
DEKALB,house,91,inperson,4,1060
DEKALB,house,91,inperson,5,648
DEKALB,house,91,inperson,6,620
DEKALB,house,91,inperson,7,586
DEKALB,house,91,inperson,8,616
DEKALB,house,91,inperson,9,277
DEKALB,house,91,inperson,10,574
DEKALB,house,91,inperson,11,668
DEKALB,house,91,inperson,12,538
DEKALB,house,91,inperson,13,607
DEKALB,house,91,inperson,14,671
DEKALB,house,91,inperson,15,865
DEKALB,house,91,inperson,16,289
DEKALB,house,91,inperson,17,580
DEKALB,house,91,inperson,18,908
DEKALB,house,91,inperson,19,771
DEKALB,house,91,inperson,20,927
DEKALB,house,91,inperson,21,1133
DEKALB,house,91,mail,0,48
DEKALB,house,91,mail,1,37
DEKALB,house,91,mail,2,4
DEKALB,house,91,mail,3,34
DEKALB,house,91,mail,4,23
DEKALB,house,91,mail,5,31
DEKALB,house,91,mail,6,20
DEKALB,house,91,mail,7,26
DEKALB,house,91,mail,8,21
DEKALB,house,91,mail,9,14
DEKALB,house,91,mail,10,3
DEKALB,house,91,mail,11,29
DEKALB,house,91,mail,12,35
DEKALB,house,91,mail,13,32
DEKALB,house,91,mail,14,57
DEKALB,house,91,mail,15,25
DEKALB,house,91,mail,16,35
DEKALB,house,91,mail,17,35
DEKALB,house,91,mail,18,80
DEKALB,house,91,mail,19,23
DEKALB,house,91,mail,20,14
DEKALB,house,91,mail,21,22
DEKALB,house,91,mail,22,14
DEKALB,house,91,mail,24,3
DEKALB,house,91,mail,25,1
DEKALB,house,91,mail,26,1
DEKALB,house,91,mail,27,2
DEKALB,house,91,mail,35,1
DEKALB,house,91,mail,41,1
DEKALB,house,93,inperson,4,569
DEKALB,house,93,inperson,5,336
DEKALB,house,93,inperson,6,290
DEKALB,house,93,inperson,7,279
DEKALB,house,93,inperson,8,300
DEKALB,house,93,inperson,9,126
DEKALB,house,93,inperson,10,242
DEKALB,house,93,inperson,11,317
DEKALB,house,93,inperson,12,291
DEKALB,house,93,inperson,13,238
DEKALB,house,93,inperson,14,315
DEKALB,house,93,inperson,15,336
DEKALB,house,93,inperson,16,116
DEKALB,house,93,inperson,17,228
DEKALB,house,93,inperson,18,364
DEKALB,house,93,inperson,19,359
DEKALB,house,93,inperson,20,357
DEKALB,house,93,inperson,21,517
DEKALB,house,93,mail,0,20
DEKALB,house,93,mail,1,15
DEKALB,house,93,mail,2,3
DEKALB,house,93,mail,3,8
DEKALB,house,93,mail,4,10
DEKALB,house,93,mail,5,18
DEKALB,house,93,mail,6,16
DEKALB,house,93,mail,7,13
DEKALB,house,93,mail,8,11
DEKALB,house,93,mail,9,13
DEKALB,house,93,mail,10,6
DEKALB,house,93,mail,11,14
DEKALB,house,93,mail,12,20
DEKALB,house,93,mail,13,7
DEKALB,house,93,mail,14,34
DEKALB,house,93,mail,15,7
DEKALB,house,93,mail,16,10
DEKALB,house,93,mail,17,9
DEKALB,house,93,mail,18,16
DEKALB,house,93,mail,19,12
DEKALB,house,93,mail,20,12
DEKALB,house,93,mail,21,4
DEKALB,house,93,mail,22,9
DEKALB,house,93,mail,34,1
DEKALB,house,94,inperson,4,754
DEKALB,house,94,inperson,5,523
DEKALB,house,94,inperson,6,433
DEKALB,house,94,inperson,7,415
DEKALB,house,94,inperson,8,479
DEKALB,house,94,inperson,9,217
DEKALB,house,94,inperson,10,445
DEKALB,house,94,inperson,11,496
DEKALB,house,94,inperson,12,443
DEKALB,house,94,inperson,13,461
DEKALB,house,94,inperson,14,533
DEKALB,house,94,inperson,15,591
DEKALB,house,94,inperson,16,247
DEKALB,house,94,inperson,17,476
DEKALB,house,94,inperson,18,690
DEKALB,house,94,inperson,19,640
DEKALB,house,94,inperson,20,700
DEKALB,house,94,inperson,21,848
DEKALB,house,94,mail,0,35
DEKALB,house,94,mail,1,42
DEKALB,house,94,mail,2,8
DEKALB,house,94,mail,3,30
DEKALB,house,94,mail,4,28
DEKALB,house,94,mail,5,28
DEKALB,house,94,mail,6,19
DEKALB,house,94,mail,7,26
DEKALB,house,94,mail,8,31
DEKALB,house,94,mail,9,14
DEKALB,house,94,mail,10,2
DEKALB,house,94,mail,11,38
DEKALB,house,94,mail,12,40
DEKALB,house,94,mail,13,30
DEKALB,house,94,mail,14,49
DEKALB,house,94,mail,15,30
DEKALB,house,94,mail,16,33
DEKALB,house,94,mail,17,41
DEKALB,house,94,mail,18,60
DEKALB,house,94,mail,19,26
DEKALB,house,94,mail,20,16
DEKALB,house,94,mail,21,24
DEKALB,house,94,mail,22,12
DEKALB,house,94,mail,25,1
DEKALB,house,94,mail,27,1
DEKALB,house,94,mail,28,1
DEKALB,house,94,mail,32,1
DEKALB,house,94,mail,35,1
DEKALB,house,95,inperson,4,531
DEKALB,house,95,inperson,5,316
DEKALB,house,95,inperson,6,317
DEKALB,house,95,inperson,7,296
DEKALB,house,95,inperson,8,372
DEKALB,house,95,inperson,9,129
DEKALB,house,95,inperson,10,307
DEKALB,house,95,inperson,11,327
DEKALB,house,95,inperson,12,292
DEKALB,house,95,inperson,13,301
DEKALB,house,95,inperson,14,375
DEKALB,house,95,inperson,15,404
DEKALB,house,95,inperson,16,120
DEKALB,house,95,inperson,17,294
DEKALB,house,95,inperson,18,415
DEKALB,house,95,inperson,19,395
DEKALB,house,95,inperson,20,427
DEKALB,house,95,inperson,21,491
DEKALB,house,95,mail,0,15
DEKALB,house,95,mail,1,16
DEKALB,house,95,mail,2,2
DEKALB,house,95,mail,3,22
DEKALB,house,95,mail,4,9
DEKALB,house,95,mail,5,21
DEKALB,house,95,mail,6,12
DEKALB,house,95,mail,7,20
DEKALB,house,95,mail,8,8
DEKALB,house,95,mail,9,11
DEKALB,house,95,mail,10,9
DEKALB,house,95,mail,11,29
DEKALB,house,95,mail,12,18
DEKALB,house,95,mail,13,18
DEKALB,house,95,mail,14,22
DEKALB,house,95,mail,15,7
DEKALB,house,95,mail,16,26
DEKALB,house,95,mail,17,22
DEKALB,house,95,mail,18,26
DEKALB,house,95,mail,19,11
DEKALB,house,95,mail,20,11
DEKALB,house,95,mail,21,14
DEKALB,house,95,mail,22,11
DEKALB,house,95,mail,27,1
DEKALB,house,95,mail,34,1
DEKALB,house,95,mail,42,1
DEKALB,senate,10,inperson,4,4494
DEKALB,senate,10,inperson,5,2840
DEKALB,senate,10,inperson,6,2828
DEKALB,senate,10,inperson,7,2804
DEKALB,senate,10,inperson,8,2863
DEKALB,senate,10,inperson,9,1229
DEKALB,senate,10,inperson,10,2225
DEKALB,senate,10,inperson,11,3203
DEKALB,senate,10,inperson,12,2650
DEKALB,senate,10,inperson,13,2984
DEKALB,senate,10,inperson,14,3432
DEKALB,senate,10,inperson,15,3770
DEKALB,senate,10,inperson,16,1245
DEKALB,senate,10,inperson,17,2502
DEKALB,senate,10,inperson,18,4452
DEKALB,senate,10,inperson,19,3849
DEKALB,senate,10,inperson,20,4244
DEKALB,senate,10,inperson,21,5116
DEKALB,senate,10,mail,0,183
DEKALB,senate,10,mail,1,200
DEKALB,senate,10,mail,2,24
DEKALB,senate,10,mail,3,219
DEKALB,senate,10,mail,4,122
DEKALB,senate,10,mail,5,176
DEKALB,senate,10,mail,6,144
DEKALB,senate,10,mail,7,222
DEKALB,senate,10,mail,8,140
DEKALB,senate,10,mail,9,130
DEKALB,senate,10,mail,10,62
DEKALB,senate,10,mail,11,300
DEKALB,senate,10,mail,12,219
DEKALB,senate,10,mail,13,206
DEKALB,senate,10,mail,14,432
DEKALB,senate,10,mail,15,204
DEKALB,senate,10,mail,16,263
DEKALB,senate,10,mail,17,239
DEKALB,senate,10,mail,18,449
DEKALB,senate,10,mail,19,213
DEKALB,senate,10,mail,20,116
DEKALB,senate,10,mail,21,154
DEKALB,senate,10,mail,22,148
DEKALB,senate,10,mail,24,1
DEKALB,senate,10,mail,25,12
DEKALB,senate,10,mail,26,4
DEKALB,senate,10,mail,27,5
DEKALB,senate,10,mail,28,3
DEKALB,senate,10,mail,30,1
DEKALB,senate,10,mail,32,6
DEKALB,senate,10,mail,33,1
DEKALB,senate,10,mail,34,4
DEKALB,senate,10,mail,35,4
DEKALB,senate,10,mail,41,3
DEKALB,senate,10,mail,42,1
DEKALB,senate,10,mail,43,1
DEKALB,senate,10,mail,56,1
DEKALB,senate,14,inperson,4,1
DEKALB,senate,14,inperson,12,1
DEKALB,senate,14,inperson,14,1
DEKALB,senate,35,inperson,6,1
DEKALB,senate,35,inperson,8,1
DEKALB,senate,36,inperson,5,1
DEKALB,senate,36,inperson,7,1
DEKALB,senate,36,inperson,14,1
DEKALB,senate,36,inperson,17,1
DEKALB,senate,36,inperson,18,1
DEKALB,senate,36,inperson,19,1
DEKALB,senate,36,inperson,20,1
DEKALB,senate,36,inperson,21,1
DEKALB,senate,38,inperson,14,1
DEKALB,senate,39,inperson,4,1
DEKALB,senate,39,inperson,5,2
DEKALB,senate,39,inperson,11,1
DEKALB,senate,39,inperson,16,1
DEKALB,senate,39,inperson,19,1
DEKALB,senate,40,inperson,4,4160
DEKALB,senate,40,inperson,5,2792
DEKALB,senate,40,inperson,6,2611
DEKALB,senate,40,inperson,7,2775
DEKALB,senate,40,inperson,8,2698
DEKALB,senate,40,inperson,9,1264
DEKALB,senate,40,inperson,10,2118
DEKALB,senate,40,inperson,11,3399
DEKALB,senate,40,inperson,12,2716
DEKALB,senate,40,inperson,13,2856
DEKALB,senate,40,inperson,14,3175
DEKALB,senate,40,inperson,15,3311
DEKALB,senate,40,inperson,16,1273
DEKALB,senate,40,inperson,17,2396
DEKALB,senate,40,inperson,18,4056
DEKALB,senate,40,inperson,19,3455
DEKALB,senate,40,inperson,20,3613
DEKALB,senate,40,inperson,21,4139
DEKALB,senate,40,mail,0,193
DEKALB,senate,40,mail,1,207
DEKALB,senate,40,mail,2,19
DEKALB,senate,40,mail,3,219
DEKALB,senate,40,mail,4,158
DEKALB,senate,40,mail,5,214
DEKALB,senate,40,mail,6,113
DEKALB,senate,40,mail,7,239
DEKALB,senate,40,mail,8,99
DEKALB,senate,40,mail,9,127
DEKALB,senate,40,mail,10,68
DEKALB,senate,40,mail,11,368
DEKALB,senate,40,mail,12,200
DEKALB,senate,40,mail,13,144
DEKALB,senate,40,mail,14,325
DEKALB,senate,40,mail,15,160
DEKALB,senate,40,mail,16,200
DEKALB,senate,40,mail,17,186
DEKALB,senate,40,mail,18,334
DEKALB,senate,40,mail,19,146
DEKALB,senate,40,mail,20,68
DEKALB,senate,40,mail,21,156
DEKALB,senate,40,mail,22,123
DEKALB,senate,40,mail,23,1
DEKALB,senate,40,mail,24,1
DEKALB,senate,40,mail,25,5
DEKALB,senate,40,mail,26,10
DEKALB,senate,40,mail,27,8
DEKALB,senate,40,mail,28,14
DEKALB,senate,40,mail,29,2
DEKALB,senate,40,mail,32,15
DEKALB,senate,40,mail,33,5
DEKALB,senate,40,mail,34,9
DEKALB,senate,40,mail,35,12
DEKALB,senate,40,mail,40,1
DEKALB,senate,40,mail,41,2
DEKALB,senate,40,mail,42,1
DEKALB,senate,41,inperson,1,1
DEKALB,senate,41,inperson,4,4745
DEKALB,senate,41,inperson,5,3320
DEKALB,senate,41,inperson,6,3139
DEKALB,senate,41,inperson,7,2962
DEKALB,senate,41,inperson,8,3234
DEKALB,senate,41,inperson,9,1373
DEKALB,senate,41,inperson,10,2542
DEKALB,senate,41,inperson,11,3114
DEKALB,senate,41,inperson,12,2696
DEKALB,senate,41,inperson,13,2979
DEKALB,senate,41,inperson,14,3419
DEKALB,senate,41,inperson,15,3618
DEKALB,senate,41,inperson,16,1291
DEKALB,senate,41,inperson,17,2622
DEKALB,senate,41,inperson,18,3978
DEKALB,senate,41,inperson,19,3412
DEKALB,senate,41,inperson,20,3660
DEKALB,senate,41,inperson,21,3922
DEKALB,senate,41,mail,0,235
DEKALB,senate,41,mail,1,171
DEKALB,senate,41,mail,2,34
DEKALB,senate,41,mail,3,200
DEKALB,senate,41,mail,4,174
DEKALB,senate,41,mail,5,220
DEKALB,senate,41,mail,6,167
DEKALB,senate,41,mail,7,227
DEKALB,senate,41,mail,8,126
DEKALB,senate,41,mail,9,122
DEKALB,senate,41,mail,10,63
DEKALB,senate,41,mail,11,326
DEKALB,senate,41,mail,12,252
DEKALB,senate,41,mail,13,139
DEKALB,senate,41,mail,14,395
DEKALB,senate,41,mail,15,149
DEKALB,senate,41,mail,16,234
DEKALB,senate,41,mail,17,258
DEKALB,senate,41,mail,18,366
DEKALB,senate,41,mail,19,215
DEKALB,senate,41,mail,20,104
DEKALB,senate,41,mail,21,169
DEKALB,senate,41,mail,22,148
DEKALB,senate,41,mail,25,1
DEKALB,senate,41,mail,26,10
DEKALB,senate,41,mail,27,6
DEKALB,senate,41,mail,28,8
DEKALB,senate,41,mail,32,4
DEKALB,senate,41,mail,33,1
DEKALB,senate,41,mail,34,9
DEKALB,senate,41,mail,35,6
DEKALB,senate,41,mail,41,1
DEKALB,senate,41,mail,43,3
DEKALB,senate,41,mail,46,1
DEKALB,senate,41,mail,57,1
DEKALB,senate,43,inperson,4,517
DEKALB,senate,43,inperson,5,331
DEKALB,senate,43,inperson,6,326
DEKALB,senate,43,inperson,7,285
DEKALB,senate,43,inperson,8,302
DEKALB,senate,43,inperson,9,134
DEKALB,senate,43,inperson,10,276
DEKALB,senate,43,inperson,11,306
DEKALB,senate,43,inperson,12,271
DEKALB,senate,43,inperson,13,317
DEKALB,senate,43,inperson,14,323
DEKALB,senate,43,inperson,15,388
DEKALB,senate,43,inperson,16,150
DEKALB,senate,43,inperson,17,251
DEKALB,senate,43,inperson,18,380
DEKALB,senate,43,inperson,19,376
DEKALB,senate,43,inperson,20,428
DEKALB,senate,43,inperson,21,499
DEKALB,senate,43,mail,0,16
DEKALB,senate,43,mail,1,19
DEKALB,senate,43,mail,2,3
DEKALB,senate,43,mail,3,8
DEKALB,senate,43,mail,4,3
DEKALB,senate,43,mail,5,18
DEKALB,senate,43,mail,6,8
DEKALB,senate,43,mail,7,13
DEKALB,senate,43,mail,8,10
DEKALB,senate,43,mail,9,7
DEKALB,senate,43,mail,10,9
DEKALB,senate,43,mail,11,15
DEKALB,senate,43,mail,12,16
DEKALB,senate,43,mail,13,18
DEKALB,senate,43,mail,14,25
DEKALB,senate,43,mail,15,9
DEKALB,senate,43,mail,16,21
DEKALB,senate,43,mail,17,26
DEKALB,senate,43,mail,18,15
DEKALB,senate,43,mail,19,7
DEKALB,senate,43,mail,20,4
DEKALB,senate,43,mail,21,11
DEKALB,senate,43,mail,22,14
DEKALB,senate,43,mail,27,2
DEKALB,senate,43,mail,34,1
DEKALB,senate,43,mail,35,1
DEKALB,senate,44,inperson,1,1
DEKALB,senate,44,inperson,4,4402
DEKALB,senate,44,inperson,5,2972
DEKALB,senate,44,inperson,6,2950
DEKALB,senate,44,inperson,7,2709
DEKALB,senate,44,inperson,8,2966
DEKALB,senate,44,inperson,9,1286
DEKALB,senate,44,inperson,10,2246
DEKALB,senate,44,inperson,11,3441
DEKALB,senate,44,inperson,12,2815
DEKALB,senate,44,inperson,13,2961
DEKALB,senate,44,inperson,14,3322
DEKALB,senate,44,inperson,15,3686
DEKALB,senate,44,inperson,16,1298
DEKALB,senate,44,inperson,17,2327
DEKALB,senate,44,inperson,18,4565
DEKALB,senate,44,inperson,19,3825
DEKALB,senate,44,inperson,20,4273
DEKALB,senate,44,inperson,21,4559
DEKALB,senate,44,mail,0,239
DEKALB,senate,44,mail,1,266
DEKALB,senate,44,mail,2,19
DEKALB,senate,44,mail,3,209
DEKALB,senate,44,mail,4,209
DEKALB,senate,44,mail,5,208
DEKALB,senate,44,mail,6,163
DEKALB,senate,44,mail,7,316
DEKALB,senate,44,mail,8,183
DEKALB,senate,44,mail,9,121
DEKALB,senate,44,mail,10,107
DEKALB,senate,44,mail,11,388
DEKALB,senate,44,mail,12,259
DEKALB,senate,44,mail,13,227
DEKALB,senate,44,mail,14,451
DEKALB,senate,44,mail,15,183
DEKALB,senate,44,mail,16,261
DEKALB,senate,44,mail,17,284
DEKALB,senate,44,mail,18,477
DEKALB,senate,44,mail,19,214
DEKALB,senate,44,mail,20,146
DEKALB,senate,44,mail,21,166
DEKALB,senate,44,mail,22,198
DEKALB,senate,44,mail,23,2
DEKALB,senate,44,mail,24,3
DEKALB,senate,44,mail,25,54
DEKALB,senate,44,mail,26,29
DEKALB,senate,44,mail,27,36
DEKALB,senate,44,mail,28,59
DEKALB,senate,44,mail,29,7
DEKALB,senate,44,mail,31,2
DEKALB,senate,44,mail,32,59
DEKALB,senate,44,mail,33,8
DEKALB,senate,44,mail,34,33
DEKALB,senate,44,mail,35,46
DEKALB,senate,44,mail,40,1
DEKALB,senate,44,mail,41,4
DEKALB,senate,44,mail,42,1
DEKALB,senate,44,mail,43,2
DEKALB,senate,44,mail,46,2
DEKALB,senate,44,mail,50,2
DEKALB,senate,44,mail,65,1
DEKALB,senate,44,mail,77,1
DEKALB,senate,44,mail,1111,1
DEKALB,senate,46,inperson,18,2
DEKALB,senate,48,inperson,12,1
DEKALB,senate,55,inperson,4,3400
DEKALB,senate,55,inperson,5,2241
DEKALB,senate,55,inperson,6,2077
DEKALB,senate,55,inperson,7,2072
DEKALB,senate,55,inperson,8,2204
DEKALB,senate,55,inperson,9,882
DEKALB,senate,55,inperson,10,1846
DEKALB,senate,55,inperson,11,2332
DEKALB,senate,55,inperson,12,2098
DEKALB,senate,55,inperson,13,2113
DEKALB,senate,55,inperson,14,2471
DEKALB,senate,55,inperson,15,2723
DEKALB,senate,55,inperson,16,1005
DEKALB,senate,55,inperson,17,1908
DEKALB,senate,55,inperson,18,3081
DEKALB,senate,55,inperson,19,2685
DEKALB,senate,55,inperson,20,2946
DEKALB,senate,55,inperson,21,3161
DEKALB,senate,55,mail,0,158
DEKALB,senate,55,mail,1,134
DEKALB,senate,55,mail,2,20
DEKALB,senate,55,mail,3,140
DEKALB,senate,55,mail,4,101
DEKALB,senate,55,mail,5,155
DEKALB,senate,55,mail,6,105
DEKALB,senate,55,mail,7,136
DEKALB,senate,55,mail,8,100
DEKALB,senate,55,mail,9,88
DEKALB,senate,55,mail,10,52
DEKALB,senate,55,mail,11,238
DEKALB,senate,55,mail,12,190
DEKALB,senate,55,mail,13,113
DEKALB,senate,55,mail,14,260
DEKALB,senate,55,mail,15,122
DEKALB,senate,55,mail,16,177
DEKALB,senate,55,mail,17,221
DEKALB,senate,55,mail,18,272
DEKALB,senate,55,mail,19,135
DEKALB,senate,55,mail,20,69
DEKALB,senate,55,mail,21,95
DEKALB,senate,55,mail,22,98
DEKALB,senate,55,mail,24,2
DEKALB,senate,55,mail,25,4
DEKALB,senate,55,mail,26,1
DEKALB,senate,55,mail,27,2
DEKALB,senate,55,mail,28,6
DEKALB,senate,55,mail,32,2
DEKALB,senate,55,mail,33,2
DEKALB,senate,55,mail,34,3
DEKALB,senate,55,mail,35,4
DEKALB,senate,55,mail,41,1
DEKALB,senate,55,mail,42,1
DEKALB,senate,55,mail,380,1
DODGE,house,133,inperson,4,384
DODGE,house,133,inperson,5,258
DODGE,house,133,inperson,6,252
DODGE,house,133,inperson,7,235
DODGE,house,133,inperson,8,277
DODGE,house,133,inperson,10,223
DODGE,house,133,inperson,11,369
DODGE,house,133,inperson,12,267
DODGE,house,133,inperson,13,273
DODGE,house,133,inperson,14,307
DODGE,house,133,inperson,15,312
DODGE,house,133,inperson,17,154
DODGE,house,133,inperson,18,413
DODGE,house,133,inperson,19,340
DODGE,house,133,inperson,20,382
DODGE,house,133,inperson,21,526
DODGE,house,133,mail,0,18
DODGE,house,133,mail,1,17
DODGE,house,133,mail,4,19
DODGE,house,133,mail,5,13
DODGE,house,133,mail,6,25
DODGE,house,133,mail,7,22
DODGE,house,133,mail,8,40
DODGE,house,133,mail,11,19
DODGE,house,133,mail,12,27
DODGE,house,133,mail,13,24
DODGE,house,133,mail,14,20
DODGE,house,133,mail,15,54
DODGE,house,133,mail,18,30
DODGE,house,133,mail,19,31
DODGE,house,133,mail,20,40
DODGE,senate,20,inperson,4,384
DODGE,senate,20,inperson,5,258
DODGE,senate,20,inperson,6,252
DODGE,senate,20,inperson,7,235
DODGE,senate,20,inperson,8,277
DODGE,senate,20,inperson,10,223
DODGE,senate,20,inperson,11,369
DODGE,senate,20,inperson,12,267
DODGE,senate,20,inperson,13,273
DODGE,senate,20,inperson,14,307
DODGE,senate,20,inperson,15,312
DODGE,senate,20,inperson,17,154
DODGE,senate,20,inperson,18,413
DODGE,senate,20,inperson,19,340
DODGE,senate,20,inperson,20,382
DODGE,senate,20,inperson,21,526
DODGE,senate,20,mail,0,18
DODGE,senate,20,mail,1,17
DODGE,senate,20,mail,4,19
DODGE,senate,20,mail,5,13
DODGE,senate,20,mail,6,25
DODGE,senate,20,mail,7,22
DODGE,senate,20,mail,8,40
DODGE,senate,20,mail,11,19
DODGE,senate,20,mail,12,27
DODGE,senate,20,mail,13,24
DODGE,senate,20,mail,14,20
DODGE,senate,20,mail,15,54
DODGE,senate,20,mail,18,30
DODGE,senate,20,mail,19,31
DODGE,senate,20,mail,20,40
DOOLY,house,150,inperson,4,212
DOOLY,house,150,inperson,5,121
DOOLY,house,150,inperson,6,112
DOOLY,house,150,inperson,7,130
DOOLY,house,150,inperson,8,161
DOOLY,house,150,inperson,10,95
DOOLY,house,150,inperson,11,169
DOOLY,house,150,inperson,12,147
DOOLY,house,150,inperson,13,143
DOOLY,house,150,inperson,14,190
DOOLY,house,150,inperson,15,185
DOOLY,house,150,inperson,17,89
DOOLY,house,150,inperson,18,217
DOOLY,house,150,inperson,19,192
DOOLY,house,150,inperson,20,177
DOOLY,house,150,inperson,21,238
DOOLY,house,150,mail,0,9
DOOLY,house,150,mail,1,9
DOOLY,house,150,mail,4,8
DOOLY,house,150,mail,5,7
DOOLY,house,150,mail,6,14
DOOLY,house,150,mail,7,6
DOOLY,house,150,mail,8,11
DOOLY,house,150,mail,10,8
DOOLY,house,150,mail,11,16
DOOLY,house,150,mail,12,6
DOOLY,house,150,mail,13,20
DOOLY,house,150,mail,14,8
DOOLY,house,150,mail,15,16
DOOLY,house,150,mail,17,14
DOOLY,house,150,mail,18,18
DOOLY,house,150,mail,19,12
DOOLY,house,150,mail,20,13
DOOLY,house,150,mail,21,20
DOOLY,house,150,mail,22,4
DOOLY,house,150,mail,25,4
DOOLY,senate,20,inperson,4,212
DOOLY,senate,20,inperson,5,121
DOOLY,senate,20,inperson,6,112
DOOLY,senate,20,inperson,7,130
DOOLY,senate,20,inperson,8,161
DOOLY,senate,20,inperson,10,95
DOOLY,senate,20,inperson,11,169
DOOLY,senate,20,inperson,12,147
DOOLY,senate,20,inperson,13,143
DOOLY,senate,20,inperson,14,190
DOOLY,senate,20,inperson,15,185
DOOLY,senate,20,inperson,17,89
DOOLY,senate,20,inperson,18,217
DOOLY,senate,20,inperson,19,192
DOOLY,senate,20,inperson,20,177
DOOLY,senate,20,inperson,21,238
DOOLY,senate,20,mail,0,9
DOOLY,senate,20,mail,1,9
DOOLY,senate,20,mail,4,8
DOOLY,senate,20,mail,5,7
DOOLY,senate,20,mail,6,14
DOOLY,senate,20,mail,7,6
DOOLY,senate,20,mail,8,11
DOOLY,senate,20,mail,10,8
DOOLY,senate,20,mail,11,16
DOOLY,senate,20,mail,12,6
DOOLY,senate,20,mail,13,20
DOOLY,senate,20,mail,14,8
DOOLY,senate,20,mail,15,16
DOOLY,senate,20,mail,17,14
DOOLY,senate,20,mail,18,18
DOOLY,senate,20,mail,19,12
DOOLY,senate,20,mail,20,13
DOOLY,senate,20,mail,21,20
DOOLY,senate,20,mail,22,4
DOOLY,senate,20,mail,25,4
DOUGHERTY,house,151,inperson,4,161
DOUGHERTY,house,151,inperson,5,96
DOUGHERTY,house,151,inperson,6,108
DOUGHERTY,house,151,inperson,7,108
DOUGHERTY,house,151,inperson,8,98
DOUGHERTY,house,151,inperson,9,57
DOUGHERTY,house,151,inperson,10,97
DOUGHERTY,house,151,inperson,11,109
DOUGHERTY,house,151,inperson,12,154
DOUGHERTY,house,151,inperson,13,111
DOUGHERTY,house,151,inperson,14,126
DOUGHERTY,house,151,inperson,15,138
DOUGHERTY,house,151,inperson,17,81
DOUGHERTY,house,151,inperson,18,180
DOUGHERTY,house,151,inperson,19,172
DOUGHERTY,house,151,inperson,20,151
DOUGHERTY,house,151,inperson,21,149
DOUGHERTY,house,151,mail,0,8
DOUGHERTY,house,151,mail,1,22
DOUGHERTY,house,151,mail,4,10
DOUGHERTY,house,151,mail,5,6
DOUGHERTY,house,151,mail,6,17
DOUGHERTY,house,151,mail,7,22
DOUGHERTY,house,151,mail,8,19
DOUGHERTY,house,151,mail,11,7
DOUGHERTY,house,151,mail,12,12
DOUGHERTY,house,151,mail,13,14
DOUGHERTY,house,151,mail,14,23
DOUGHERTY,house,151,mail,15,23
DOUGHERTY,house,151,mail,18,24
DOUGHERTY,house,151,mail,19,15
DOUGHERTY,house,151,mail,20,3
DOUGHERTY,house,152,inperson,4,105
DOUGHERTY,house,152,inperson,5,97
DOUGHERTY,house,152,inperson,6,73
DOUGHERTY,house,152,inperson,7,70
DOUGHERTY,house,152,inperson,8,79
DOUGHERTY,house,152,inperson,9,49
DOUGHERTY,house,152,inperson,10,51
DOUGHERTY,house,152,inperson,11,82
DOUGHERTY,house,152,inperson,12,108
DOUGHERTY,house,152,inperson,13,90
DOUGHERTY,house,152,inperson,14,94
DOUGHERTY,house,152,inperson,15,92
DOUGHERTY,house,152,inperson,17,53
DOUGHERTY,house,152,inperson,18,108
DOUGHERTY,house,152,inperson,19,96
DOUGHERTY,house,152,inperson,20,92
DOUGHERTY,house,152,inperson,21,121
DOUGHERTY,house,152,mail,0,14
DOUGHERTY,house,152,mail,1,11
DOUGHERTY,house,152,mail,4,5
DOUGHERTY,house,152,mail,5,7
DOUGHERTY,house,152,mail,6,9
DOUGHERTY,house,152,mail,7,2
DOUGHERTY,house,152,mail,8,11
DOUGHERTY,house,152,mail,11,11
DOUGHERTY,house,152,mail,12,9
DOUGHERTY,house,152,mail,13,9
DOUGHERTY,house,152,mail,14,26
DOUGHERTY,house,152,mail,15,12
DOUGHERTY,house,152,mail,18,16
DOUGHERTY,house,152,mail,19,11
DOUGHERTY,house,152,mail,21,2
DOUGHERTY,house,153,inperson,4,928
DOUGHERTY,house,153,inperson,5,675
DOUGHERTY,house,153,inperson,6,624
DOUGHERTY,house,153,inperson,7,672
DOUGHERTY,house,153,inperson,8,614
DOUGHERTY,house,153,inperson,9,407
DOUGHERTY,house,153,inperson,10,525
DOUGHERTY,house,153,inperson,11,780
DOUGHERTY,house,153,inperson,12,942
DOUGHERTY,house,153,inperson,13,675
DOUGHERTY,house,153,inperson,14,770
DOUGHERTY,house,153,inperson,15,847
DOUGHERTY,house,153,inperson,17,493
DOUGHERTY,house,153,inperson,18,825
DOUGHERTY,house,153,inperson,19,1142
DOUGHERTY,house,153,inperson,20,817
DOUGHERTY,house,153,inperson,21,885
DOUGHERTY,house,153,mail,0,65
DOUGHERTY,house,153,mail,1,87
DOUGHERTY,house,153,mail,3,1
DOUGHERTY,house,153,mail,4,60
DOUGHERTY,house,153,mail,5,52
DOUGHERTY,house,153,mail,6,68
DOUGHERTY,house,153,mail,7,33
DOUGHERTY,house,153,mail,8,83
DOUGHERTY,house,153,mail,11,72
DOUGHERTY,house,153,mail,12,119
DOUGHERTY,house,153,mail,13,103
DOUGHERTY,house,153,mail,14,216
DOUGHERTY,house,153,mail,15,118
DOUGHERTY,house,153,mail,18,93
DOUGHERTY,house,153,mail,19,71
DOUGHERTY,house,153,mail,20,22
DOUGHERTY,house,153,mail,21,5
DOUGHERTY,house,153,mail,22,2
DOUGHERTY,house,153,mail,25,1
DOUGHERTY,house,153,mail,26,1
DOUGHERTY,house,153,mail,29,1
DOUGHERTY,house,153,mail,34,3
DOUGHERTY,house,153,mail,36,2
DOUGHERTY,house,154,inperson,4,215
DOUGHERTY,house,154,inperson,5,188
DOUGHERTY,house,154,inperson,6,160
DOUGHERTY,house,154,inperson,7,124
DOUGHERTY,house,154,inperson,8,166
DOUGHERTY,house,154,inperson,9,93
DOUGHERTY,house,154,inperson,10,136
DOUGHERTY,house,154,inperson,11,136
DOUGHERTY,house,154,inperson,12,179
DOUGHERTY,house,154,inperson,13,183
DOUGHERTY,house,154,inperson,14,203
DOUGHERTY,house,154,inperson,15,200
DOUGHERTY,house,154,inperson,17,95
DOUGHERTY,house,154,inperson,18,207
DOUGHERTY,house,154,inperson,19,255
DOUGHERTY,house,154,inperson,20,228
DOUGHERTY,house,154,inperson,21,302
DOUGHERTY,house,154,mail,0,23
DOUGHERTY,house,154,mail,1,29
DOUGHERTY,house,154,mail,4,16
DOUGHERTY,house,154,mail,5,15
DOUGHERTY,house,154,mail,6,20
DOUGHERTY,house,154,mail,7,12
DOUGHERTY,house,154,mail,8,36
DOUGHERTY,house,154,mail,11,27
DOUGHERTY,house,154,mail,12,42
DOUGHERTY,house,154,mail,13,52
DOUGHERTY,house,154,mail,14,55
DOUGHERTY,house,154,mail,15,46
DOUGHERTY,house,154,mail,18,25
DOUGHERTY,house,154,mail,19,26
DOUGHERTY,house,154,mail,20,3
DOUGHERTY,house,154,mail,25,1
DOUGHERTY,house,154,mail,28,1
DOUGHERTY,house,154,mail,32,1
DOUGHERTY,senate,12,inperson,4,1409
DOUGHERTY,senate,12,inperson,5,1056
DOUGHERTY,senate,12,inperson,6,965
DOUGHERTY,senate,12,inperson,7,974
DOUGHERTY,senate,12,inperson,8,957
DOUGHERTY,senate,12,inperson,9,606
DOUGHERTY,senate,12,inperson,10,809
DOUGHERTY,senate,12,inperson,11,1107
DOUGHERTY,senate,12,inperson,12,1383
DOUGHERTY,senate,12,inperson,13,1059
DOUGHERTY,senate,12,inperson,14,1193
DOUGHERTY,senate,12,inperson,15,1277
DOUGHERTY,senate,12,inperson,17,722
DOUGHERTY,senate,12,inperson,18,1320
DOUGHERTY,senate,12,inperson,19,1665
DOUGHERTY,senate,12,inperson,20,1288
DOUGHERTY,senate,12,inperson,21,1457
DOUGHERTY,senate,12,mail,0,110
DOUGHERTY,senate,12,mail,1,149
DOUGHERTY,senate,12,mail,3,1
DOUGHERTY,senate,12,mail,4,91
DOUGHERTY,senate,12,mail,5,80
DOUGHERTY,senate,12,mail,6,114
DOUGHERTY,senate,12,mail,7,69
DOUGHERTY,senate,12,mail,8,149
DOUGHERTY,senate,12,mail,11,117
DOUGHERTY,senate,12,mail,12,182
DOUGHERTY,senate,12,mail,13,178
DOUGHERTY,senate,12,mail,14,320
DOUGHERTY,senate,12,mail,15,199
DOUGHERTY,senate,12,mail,18,158
DOUGHERTY,senate,12,mail,19,123
DOUGHERTY,senate,12,mail,20,28
DOUGHERTY,senate,12,mail,21,7
DOUGHERTY,senate,12,mail,22,2
DOUGHERTY,senate,12,mail,25,2
DOUGHERTY,senate,12,mail,26,1
DOUGHERTY,senate,12,mail,28,1
DOUGHERTY,senate,12,mail,29,1
DOUGHERTY,senate,12,mail,32,1
DOUGHERTY,senate,12,mail,34,3
DOUGHERTY,senate,12,mail,36,2
DOUGLAS,house,40,inperson,4,763
DOUGLAS,house,40,inperson,5,496
DOUGLAS,house,40,inperson,6,503
DOUGLAS,house,40,inperson,7,527
DOUGLAS,house,40,inperson,8,535
DOUGLAS,house,40,inperson,10,446
DOUGLAS,house,40,inperson,11,681
DOUGLAS,house,40,inperson,12,544
DOUGLAS,house,40,inperson,13,601
DOUGLAS,house,40,inperson,14,706
DOUGLAS,house,40,inperson,15,841
DOUGLAS,house,40,inperson,17,466
DOUGLAS,house,40,inperson,18,783
DOUGLAS,house,40,inperson,19,703
DOUGLAS,house,40,inperson,20,792
DOUGLAS,house,40,inperson,21,828
DOUGLAS,house,40,mail,0,37
DOUGLAS,house,40,mail,1,59
DOUGLAS,house,40,mail,3,1
DOUGLAS,house,40,mail,4,11
DOUGLAS,house,40,mail,5,30
DOUGLAS,house,40,mail,6,22
DOUGLAS,house,40,mail,7,27
DOUGLAS,house,40,mail,8,30
DOUGLAS,house,40,mail,10,26
DOUGLAS,house,40,mail,11,42
DOUGLAS,house,40,mail,12,13
DOUGLAS,house,40,mail,13,55
DOUGLAS,house,40,mail,14,70
DOUGLAS,house,40,mail,15,2
DOUGLAS,house,40,mail,17,30
DOUGLAS,house,40,mail,18,23
DOUGLAS,house,40,mail,19,33
DOUGLAS,house,40,mail,20,66
DOUGLAS,house,40,mail,21,18
DOUGLAS,house,40,mail,25,7
DOUGLAS,house,40,mail,26,1
DOUGLAS,house,40,mail,27,3
DOUGLAS,house,40,mail,34,1
DOUGLAS,house,40,mail,35,1
DOUGLAS,house,40,mail,36,1
DOUGLAS,house,64,inperson,4,2023
DOUGLAS,house,64,inperson,5,1220
DOUGLAS,house,64,inperson,6,1131
DOUGLAS,house,64,inperson,7,1113
DOUGLAS,house,64,inperson,8,1366
DOUGLAS,house,64,inperson,10,1100
DOUGLAS,house,64,inperson,11,1503
DOUGLAS,house,64,inperson,12,1173
DOUGLAS,house,64,inperson,13,1287
DOUGLAS,house,64,inperson,14,1382
DOUGLAS,house,64,inperson,15,1672
DOUGLAS,house,64,inperson,17,1097
DOUGLAS,house,64,inperson,18,1916
DOUGLAS,house,64,inperson,19,1782
DOUGLAS,house,64,inperson,20,1837
DOUGLAS,house,64,inperson,21,2237
DOUGLAS,house,64,mail,0,73
DOUGLAS,house,64,mail,1,162
DOUGLAS,house,64,mail,2,1
DOUGLAS,house,64,mail,3,2
DOUGLAS,house,64,mail,4,32
DOUGLAS,house,64,mail,5,61
DOUGLAS,house,64,mail,6,52
DOUGLAS,house,64,mail,7,91
DOUGLAS,house,64,mail,8,53
DOUGLAS,house,64,mail,10,54
DOUGLAS,house,64,mail,11,67
DOUGLAS,house,64,mail,12,31
DOUGLAS,house,64,mail,13,95
DOUGLAS,house,64,mail,14,190
DOUGLAS,house,64,mail,15,12
DOUGLAS,house,64,mail,17,60
DOUGLAS,house,64,mail,18,73
DOUGLAS,house,64,mail,19,86
DOUGLAS,house,64,mail,20,159
DOUGLAS,house,64,mail,21,45
DOUGLAS,house,64,mail,22,11
DOUGLAS,house,64,mail,25,63
DOUGLAS,house,64,mail,26,7
DOUGLAS,house,64,mail,28,3
DOUGLAS,house,64,mail,32,1
DOUGLAS,house,64,mail,33,2
DOUGLAS,house,64,mail,36,2
DOUGLAS,house,66,inperson,4,1675
DOUGLAS,house,66,inperson,5,1029
DOUGLAS,house,66,inperson,6,853
DOUGLAS,house,66,inperson,7,920
DOUGLAS,house,66,inperson,8,1044
DOUGLAS,house,66,inperson,10,759
DOUGLAS,house,66,inperson,11,1047
DOUGLAS,house,66,inperson,12,825
DOUGLAS,house,66,inperson,13,999
DOUGLAS,house,66,inperson,14,1082
DOUGLAS,house,66,inperson,15,1282
DOUGLAS,house,66,inperson,17,725
DOUGLAS,house,66,inperson,18,1429
DOUGLAS,house,66,inperson,19,1267
DOUGLAS,house,66,inperson,20,1473
DOUGLAS,house,66,inperson,21,1804
DOUGLAS,house,66,mail,0,58
DOUGLAS,house,66,mail,1,111
DOUGLAS,house,66,mail,3,2
DOUGLAS,house,66,mail,4,29
DOUGLAS,house,66,mail,5,65
DOUGLAS,house,66,mail,6,43
DOUGLAS,house,66,mail,7,60
DOUGLAS,house,66,mail,8,38
DOUGLAS,house,66,mail,10,51
DOUGLAS,house,66,mail,11,53
DOUGLAS,house,66,mail,12,16
DOUGLAS,house,66,mail,13,78
DOUGLAS,house,66,mail,14,167
DOUGLAS,house,66,mail,15,3
DOUGLAS,house,66,mail,17,63
DOUGLAS,house,66,mail,18,71
DOUGLAS,house,66,mail,19,83
DOUGLAS,house,66,mail,20,124
DOUGLAS,house,66,mail,21,38
DOUGLAS,house,66,mail,22,5
DOUGLAS,house,66,mail,25,52
DOUGLAS,house,66,mail,26,4
DOUGLAS,house,66,mail,28,1
DOUGLAS,house,66,mail,36,2
DOUGLAS,senate,28,inperson,4,2692
DOUGLAS,senate,28,inperson,5,1676
DOUGLAS,senate,28,inperson,6,1496
DOUGLAS,senate,28,inperson,7,1490
DOUGLAS,senate,28,inperson,8,1769
DOUGLAS,senate,28,inperson,10,1298
DOUGLAS,senate,28,inperson,11,1829
DOUGLAS,senate,28,inperson,12,1452
DOUGLAS,senate,28,inperson,13,1647
DOUGLAS,senate,28,inperson,14,1844
DOUGLAS,senate,28,inperson,15,2177
DOUGLAS,senate,28,inperson,17,1340
DOUGLAS,senate,28,inperson,18,2496
DOUGLAS,senate,28,inperson,19,2219
DOUGLAS,senate,28,inperson,20,2512
DOUGLAS,senate,28,inperson,21,3054
DOUGLAS,senate,28,mail,0,101
DOUGLAS,senate,28,mail,1,203
DOUGLAS,senate,28,mail,2,1
DOUGLAS,senate,28,mail,3,3
DOUGLAS,senate,28,mail,4,46
DOUGLAS,senate,28,mail,5,98
DOUGLAS,senate,28,mail,6,73
DOUGLAS,senate,28,mail,7,110
DOUGLAS,senate,28,mail,8,73
DOUGLAS,senate,28,mail,10,86
DOUGLAS,senate,28,mail,11,90
DOUGLAS,senate,28,mail,12,38
DOUGLAS,senate,28,mail,13,129
DOUGLAS,senate,28,mail,14,267
DOUGLAS,senate,28,mail,15,14
DOUGLAS,senate,28,mail,17,93
DOUGLAS,senate,28,mail,18,95
DOUGLAS,senate,28,mail,19,120
DOUGLAS,senate,28,mail,20,203
DOUGLAS,senate,28,mail,21,59
DOUGLAS,senate,28,mail,22,13
DOUGLAS,senate,28,mail,25,93
DOUGLAS,senate,28,mail,26,9
DOUGLAS,senate,28,mail,28,3
DOUGLAS,senate,28,mail,32,1
DOUGLAS,senate,28,mail,33,1
DOUGLAS,senate,28,mail,36,2
DOUGLAS,senate,30,inperson,4,1769
DOUGLAS,senate,30,inperson,5,1069
DOUGLAS,senate,30,inperson,6,991
DOUGLAS,senate,30,inperson,7,1070
DOUGLAS,senate,30,inperson,8,1176
DOUGLAS,senate,30,inperson,10,1007
DOUGLAS,senate,30,inperson,11,1402
DOUGLAS,senate,30,inperson,12,1090
DOUGLAS,senate,30,inperson,13,1240
DOUGLAS,senate,30,inperson,14,1326
DOUGLAS,senate,30,inperson,15,1618
DOUGLAS,senate,30,inperson,17,948
DOUGLAS,senate,30,inperson,18,1632
DOUGLAS,senate,30,inperson,19,1533
DOUGLAS,senate,30,inperson,20,1590
DOUGLAS,senate,30,inperson,21,1815
DOUGLAS,senate,30,mail,0,67
DOUGLAS,senate,30,mail,1,129
DOUGLAS,senate,30,mail,3,2
DOUGLAS,senate,30,mail,4,26
DOUGLAS,senate,30,mail,5,58
DOUGLAS,senate,30,mail,6,44
DOUGLAS,senate,30,mail,7,68
DOUGLAS,senate,30,mail,8,48
DOUGLAS,senate,30,mail,10,45
DOUGLAS,senate,30,mail,11,72
DOUGLAS,senate,30,mail,12,22
DOUGLAS,senate,30,mail,13,99
DOUGLAS,senate,30,mail,14,160
DOUGLAS,senate,30,mail,15,3
DOUGLAS,senate,30,mail,17,60
DOUGLAS,senate,30,mail,18,72
DOUGLAS,senate,30,mail,19,82
DOUGLAS,senate,30,mail,20,146
DOUGLAS,senate,30,mail,21,42
DOUGLAS,senate,30,mail,22,3
DOUGLAS,senate,30,mail,25,29
DOUGLAS,senate,30,mail,26,3
DOUGLAS,senate,30,mail,27,3
DOUGLAS,senate,30,mail,28,1
DOUGLAS,senate,30,mail,33,1
DOUGLAS,senate,30,mail,34,1
DOUGLAS,senate,30,mail,35,1
DOUGLAS,senate,30,mail,36,3
EARLY,house,154,inperson,4,225
EARLY,house,154,inperson,5,104
EARLY,house,154,inperson,6,114
EARLY,house,154,inperson,7,126
EARLY,house,154,inperson,8,159
EARLY,house,154,inperson,9,76
EARLY,house,154,inperson,10,96
EARLY,house,154,inperson,11,198
EARLY,house,154,inperson,12,162
EARLY,house,154,inperson,13,200
EARLY,house,154,inperson,14,204
EARLY,house,154,inperson,15,158
EARLY,house,154,inperson,17,84
EARLY,house,154,inperson,18,265
EARLY,house,154,inperson,19,225
EARLY,house,154,inperson,20,273
EARLY,house,154,inperson,21,334
EARLY,house,154,mail,0,11
EARLY,house,154,mail,1,20
EARLY,house,154,mail,4,17
EARLY,house,154,mail,5,3
EARLY,house,154,mail,6,11
EARLY,house,154,mail,7,8
EARLY,house,154,mail,8,14
EARLY,house,154,mail,9,3
EARLY,house,154,mail,10,4
EARLY,house,154,mail,11,18
EARLY,house,154,mail,12,10
EARLY,house,154,mail,13,24
EARLY,house,154,mail,14,37
EARLY,house,154,mail,15,36
EARLY,house,154,mail,18,3
EARLY,house,154,mail,19,17
EARLY,house,154,mail,20,12
EARLY,house,154,mail,21,11
EARLY,house,154,mail,22,7
EARLY,house,154,mail,25,5
EARLY,senate,12,inperson,4,225
EARLY,senate,12,inperson,5,104
EARLY,senate,12,inperson,6,114
EARLY,senate,12,inperson,7,126
EARLY,senate,12,inperson,8,159
EARLY,senate,12,inperson,9,76
EARLY,senate,12,inperson,10,96
EARLY,senate,12,inperson,11,198
EARLY,senate,12,inperson,12,162
EARLY,senate,12,inperson,13,200
EARLY,senate,12,inperson,14,204
EARLY,senate,12,inperson,15,158
EARLY,senate,12,inperson,17,84
EARLY,senate,12,inperson,18,265
EARLY,senate,12,inperson,19,225
EARLY,senate,12,inperson,20,273
EARLY,senate,12,inperson,21,334
EARLY,senate,12,mail,0,11
EARLY,senate,12,mail,1,20
EARLY,senate,12,mail,4,17
EARLY,senate,12,mail,5,3
EARLY,senate,12,mail,6,11
EARLY,senate,12,mail,7,8
EARLY,senate,12,mail,8,14
EARLY,senate,12,mail,9,3
EARLY,senate,12,mail,10,4
EARLY,senate,12,mail,11,18
EARLY,senate,12,mail,12,10
EARLY,senate,12,mail,13,24
EARLY,senate,12,mail,14,37
EARLY,senate,12,mail,15,36
EARLY,senate,12,mail,18,3
EARLY,senate,12,mail,19,17
EARLY,senate,12,mail,20,12
EARLY,senate,12,mail,21,11
EARLY,senate,12,mail,22,7
EARLY,senate,12,mail,25,5
ECHOLS,house,174,inperson,4,76
ECHOLS,house,174,inperson,5,72
ECHOLS,house,174,inperson,6,84
ECHOLS,house,174,inperson,7,74
ECHOLS,house,174,inperson,8,73
ECHOLS,house,174,inperson,10,48
ECHOLS,house,174,inperson,11,81
ECHOLS,house,174,inperson,12,63
ECHOLS,house,174,inperson,13,57
ECHOLS,house,174,inperson,14,69
ECHOLS,house,174,inperson,15,64
ECHOLS,house,174,inperson,17,33
ECHOLS,house,174,inperson,18,109
ECHOLS,house,174,inperson,19,72
ECHOLS,house,174,inperson,20,73
ECHOLS,house,174,inperson,21,69
ECHOLS,house,174,mail,1,3
ECHOLS,house,174,mail,5,2
ECHOLS,house,174,mail,7,3
ECHOLS,house,174,mail,8,2
ECHOLS,house,174,mail,10,3
ECHOLS,house,174,mail,14,3
ECHOLS,house,174,mail,15,1
ECHOLS,house,174,mail,18,8
ECHOLS,house,174,mail,20,2
ECHOLS,house,174,mail,21,5
ECHOLS,house,174,mail,26,1
ECHOLS,senate,8,inperson,4,76
ECHOLS,senate,8,inperson,5,72
ECHOLS,senate,8,inperson,6,84
ECHOLS,senate,8,inperson,7,74
ECHOLS,senate,8,inperson,8,73
ECHOLS,senate,8,inperson,10,48
ECHOLS,senate,8,inperson,11,81
ECHOLS,senate,8,inperson,12,63
ECHOLS,senate,8,inperson,13,57
ECHOLS,senate,8,inperson,14,69
ECHOLS,senate,8,inperson,15,64
ECHOLS,senate,8,inperson,17,33
ECHOLS,senate,8,inperson,18,109
ECHOLS,senate,8,inperson,19,72
ECHOLS,senate,8,inperson,20,73
ECHOLS,senate,8,inperson,21,69
ECHOLS,senate,8,mail,1,3
ECHOLS,senate,8,mail,5,2
ECHOLS,senate,8,mail,7,3
ECHOLS,senate,8,mail,8,2
ECHOLS,senate,8,mail,10,3
ECHOLS,senate,8,mail,14,3
ECHOLS,senate,8,mail,15,1
ECHOLS,senate,8,mail,18,8
ECHOLS,senate,8,mail,20,2
ECHOLS,senate,8,mail,21,5
ECHOLS,senate,8,mail,26,1
EFFINGHAM,house,159,inperson,4,849
EFFINGHAM,house,159,inperson,5,669
EFFINGHAM,house,159,inperson,6,602
EFFINGHAM,house,159,inperson,7,612
EFFINGHAM,house,159,inperson,8,609
EFFINGHAM,house,159,inperson,10,579
EFFINGHAM,house,159,inperson,11,894
EFFINGHAM,house,159,inperson,12,647
EFFINGHAM,house,159,inperson,13,776
EFFINGHAM,house,159,inperson,14,747
EFFINGHAM,house,159,inperson,15,889
EFFINGHAM,house,159,inperson,17,515
EFFINGHAM,house,159,inperson,18,1007
EFFINGHAM,house,159,inperson,19,929
EFFINGHAM,house,159,inperson,20,911
EFFINGHAM,house,159,inperson,21,846
EFFINGHAM,house,159,mail,0,24
EFFINGHAM,house,159,mail,1,36
EFFINGHAM,house,159,mail,3,10
EFFINGHAM,house,159,mail,4,31
EFFINGHAM,house,159,mail,5,32
EFFINGHAM,house,159,mail,6,15
EFFINGHAM,house,159,mail,7,33
EFFINGHAM,house,159,mail,8,24
EFFINGHAM,house,159,mail,10,11
EFFINGHAM,house,159,mail,11,21
EFFINGHAM,house,159,mail,12,29
EFFINGHAM,house,159,mail,13,37
EFFINGHAM,house,159,mail,14,46
EFFINGHAM,house,159,mail,15,46
EFFINGHAM,house,159,mail,17,3
EFFINGHAM,house,159,mail,18,40
EFFINGHAM,house,159,mail,19,38
EFFINGHAM,house,159,mail,20,48
EFFINGHAM,house,159,mail,21,63
EFFINGHAM,house,159,mail,25,28
EFFINGHAM,house,159,mail,26,11
EFFINGHAM,house,159,mail,28,2
EFFINGHAM,house,159,mail,33,1
EFFINGHAM,house,159,mail,35,2
EFFINGHAM,house,161,inperson,4,903
EFFINGHAM,house,161,inperson,5,535
EFFINGHAM,house,161,inperson,6,594
EFFINGHAM,house,161,inperson,7,468
EFFINGHAM,house,161,inperson,8,627
EFFINGHAM,house,161,inperson,10,599
EFFINGHAM,house,161,inperson,11,912
EFFINGHAM,house,161,inperson,12,614
EFFINGHAM,house,161,inperson,13,551
EFFINGHAM,house,161,inperson,14,674
EFFINGHAM,house,161,inperson,15,713
EFFINGHAM,house,161,inperson,17,510
EFFINGHAM,house,161,inperson,18,945
EFFINGHAM,house,161,inperson,19,717
EFFINGHAM,house,161,inperson,20,707
EFFINGHAM,house,161,inperson,21,765
EFFINGHAM,house,161,mail,0,25
EFFINGHAM,house,161,mail,1,39
EFFINGHAM,house,161,mail,3,27
EFFINGHAM,house,161,mail,4,28
EFFINGHAM,house,161,mail,5,32
EFFINGHAM,house,161,mail,6,7
EFFINGHAM,house,161,mail,7,32
EFFINGHAM,house,161,mail,8,32
EFFINGHAM,house,161,mail,10,11
EFFINGHAM,house,161,mail,11,28
EFFINGHAM,house,161,mail,12,33
EFFINGHAM,house,161,mail,13,33
EFFINGHAM,house,161,mail,14,76
EFFINGHAM,house,161,mail,15,30
EFFINGHAM,house,161,mail,17,9
EFFINGHAM,house,161,mail,18,64
EFFINGHAM,house,161,mail,19,33
EFFINGHAM,house,161,mail,20,59
EFFINGHAM,house,161,mail,21,76
EFFINGHAM,house,161,mail,25,15
EFFINGHAM,house,161,mail,26,15
EFFINGHAM,house,161,mail,27,5
EFFINGHAM,house,161,mail,28,2
EFFINGHAM,house,161,mail,29,2
EFFINGHAM,house,161,mail,33,1
EFFINGHAM,house,161,mail,40,1
EFFINGHAM,senate,4,inperson,4,1752
EFFINGHAM,senate,4,inperson,5,1204
EFFINGHAM,senate,4,inperson,6,1196
EFFINGHAM,senate,4,inperson,7,1080
EFFINGHAM,senate,4,inperson,8,1236
EFFINGHAM,senate,4,inperson,10,1178
EFFINGHAM,senate,4,inperson,11,1806
EFFINGHAM,senate,4,inperson,12,1261
EFFINGHAM,senate,4,inperson,13,1327
EFFINGHAM,senate,4,inperson,14,1421
EFFINGHAM,senate,4,inperson,15,1602
EFFINGHAM,senate,4,inperson,17,1025
EFFINGHAM,senate,4,inperson,18,1952
EFFINGHAM,senate,4,inperson,19,1646
EFFINGHAM,senate,4,inperson,20,1618
EFFINGHAM,senate,4,inperson,21,1611
EFFINGHAM,senate,4,mail,0,49
EFFINGHAM,senate,4,mail,1,75
EFFINGHAM,senate,4,mail,3,37
EFFINGHAM,senate,4,mail,4,59
EFFINGHAM,senate,4,mail,5,64
EFFINGHAM,senate,4,mail,6,22
EFFINGHAM,senate,4,mail,7,65
EFFINGHAM,senate,4,mail,8,56
EFFINGHAM,senate,4,mail,10,22
EFFINGHAM,senate,4,mail,11,49
EFFINGHAM,senate,4,mail,12,62
EFFINGHAM,senate,4,mail,13,70
EFFINGHAM,senate,4,mail,14,122
EFFINGHAM,senate,4,mail,15,76
EFFINGHAM,senate,4,mail,17,12
EFFINGHAM,senate,4,mail,18,104
EFFINGHAM,senate,4,mail,19,71
EFFINGHAM,senate,4,mail,20,107
EFFINGHAM,senate,4,mail,21,139
EFFINGHAM,senate,4,mail,25,43
EFFINGHAM,senate,4,mail,26,26
EFFINGHAM,senate,4,mail,27,5
EFFINGHAM,senate,4,mail,28,4
EFFINGHAM,senate,4,mail,29,2
EFFINGHAM,senate,4,mail,33,2
EFFINGHAM,senate,4,mail,35,2
EFFINGHAM,senate,4,mail,40,1
ELBERT,house,123,inperson,4,521
ELBERT,house,123,inperson,5,300
ELBERT,house,123,inperson,6,335
ELBERT,house,123,inperson,7,356
ELBERT,house,123,inperson,8,331
ELBERT,house,123,inperson,10,199
ELBERT,house,123,inperson,11,382
ELBERT,house,123,inperson,12,346
ELBERT,house,123,inperson,13,364
ELBERT,house,123,inperson,14,386
ELBERT,house,123,inperson,15,415
ELBERT,house,123,inperson,17,214
ELBERT,house,123,inperson,18,506
ELBERT,house,123,inperson,19,442
ELBERT,house,123,inperson,20,522
ELBERT,house,123,inperson,21,550
ELBERT,house,123,mail,0,19
ELBERT,house,123,mail,1,21
ELBERT,house,123,mail,4,25
ELBERT,house,123,mail,5,6
ELBERT,house,123,mail,6,14
ELBERT,house,123,mail,7,15
ELBERT,house,123,mail,8,22
ELBERT,house,123,mail,11,40
ELBERT,house,123,mail,12,20
ELBERT,house,123,mail,13,13
ELBERT,house,123,mail,14,22
ELBERT,house,123,mail,15,49
ELBERT,house,123,mail,18,21
ELBERT,house,123,mail,19,68
ELBERT,house,123,mail,20,15
ELBERT,house,123,mail,21,29
ELBERT,house,123,mail,25,51
ELBERT,house,123,mail,26,9
ELBERT,house,123,mail,36,1
ELBERT,senate,24,inperson,4,521
ELBERT,senate,24,inperson,5,300
ELBERT,senate,24,inperson,6,335
ELBERT,senate,24,inperson,7,356
ELBERT,senate,24,inperson,8,331
ELBERT,senate,24,inperson,10,199
ELBERT,senate,24,inperson,11,382
ELBERT,senate,24,inperson,12,346
ELBERT,senate,24,inperson,13,364
ELBERT,senate,24,inperson,14,386
ELBERT,senate,24,inperson,15,415
ELBERT,senate,24,inperson,17,214
ELBERT,senate,24,inperson,18,506
ELBERT,senate,24,inperson,19,442
ELBERT,senate,24,inperson,20,522
ELBERT,senate,24,inperson,21,550
ELBERT,senate,24,mail,0,19
ELBERT,senate,24,mail,1,21
ELBERT,senate,24,mail,4,25
ELBERT,senate,24,mail,5,6
ELBERT,senate,24,mail,6,14
ELBERT,senate,24,mail,7,15
ELBERT,senate,24,mail,8,22
ELBERT,senate,24,mail,11,40
ELBERT,senate,24,mail,12,20
ELBERT,senate,24,mail,13,13
ELBERT,senate,24,mail,14,22
ELBERT,senate,24,mail,15,49
ELBERT,senate,24,mail,18,21
ELBERT,senate,24,mail,19,68
ELBERT,senate,24,mail,20,15
ELBERT,senate,24,mail,21,29
ELBERT,senate,24,mail,25,51
ELBERT,senate,24,mail,26,9
ELBERT,senate,24,mail,36,1
EMANUEL,house,158,inperson,4,495
EMANUEL,house,158,inperson,5,296
EMANUEL,house,158,inperson,6,262
EMANUEL,house,158,inperson,7,251
EMANUEL,house,158,inperson,8,327
EMANUEL,house,158,inperson,10,198
EMANUEL,house,158,inperson,11,426
EMANUEL,house,158,inperson,12,302
EMANUEL,house,158,inperson,13,310
EMANUEL,house,158,inperson,14,335
EMANUEL,house,158,inperson,15,326
EMANUEL,house,158,inperson,17,139
EMANUEL,house,158,inperson,18,456
EMANUEL,house,158,inperson,19,331
EMANUEL,house,158,inperson,20,392
EMANUEL,house,158,inperson,21,431
EMANUEL,house,158,mail,0,10
EMANUEL,house,158,mail,1,13
EMANUEL,house,158,mail,3,10
EMANUEL,house,158,mail,4,8
EMANUEL,house,158,mail,5,10
EMANUEL,house,158,mail,6,12
EMANUEL,house,158,mail,7,17
EMANUEL,house,158,mail,8,14
EMANUEL,house,158,mail,10,10
EMANUEL,house,158,mail,11,14
EMANUEL,house,158,mail,12,17
EMANUEL,house,158,mail,13,19
EMANUEL,house,158,mail,14,40
EMANUEL,house,158,mail,15,27
EMANUEL,house,158,mail,17,1
EMANUEL,house,158,mail,18,31
EMANUEL,house,158,mail,19,17
EMANUEL,house,158,mail,20,18
EMANUEL,house,158,mail,21,48
EMANUEL,house,158,mail,25,6
EMANUEL,house,158,mail,26,2
EMANUEL,house,158,mail,27,6
EMANUEL,house,158,mail,46,1
EMANUEL,senate,23,inperson,4,495
EMANUEL,senate,23,inperson,5,296
EMANUEL,senate,23,inperson,6,262
EMANUEL,senate,23,inperson,7,251
EMANUEL,senate,23,inperson,8,327
EMANUEL,senate,23,inperson,10,198
EMANUEL,senate,23,inperson,11,426
EMANUEL,senate,23,inperson,12,302
EMANUEL,senate,23,inperson,13,310
EMANUEL,senate,23,inperson,14,335
EMANUEL,senate,23,inperson,15,326
EMANUEL,senate,23,inperson,17,139
EMANUEL,senate,23,inperson,18,456
EMANUEL,senate,23,inperson,19,331
EMANUEL,senate,23,inperson,20,392
EMANUEL,senate,23,inperson,21,431
EMANUEL,senate,23,mail,0,10
EMANUEL,senate,23,mail,1,13
EMANUEL,senate,23,mail,3,10
EMANUEL,senate,23,mail,4,8
EMANUEL,senate,23,mail,5,10
EMANUEL,senate,23,mail,6,12
EMANUEL,senate,23,mail,7,17
EMANUEL,senate,23,mail,8,14
EMANUEL,senate,23,mail,10,10
EMANUEL,senate,23,mail,11,14
EMANUEL,senate,23,mail,12,17
EMANUEL,senate,23,mail,13,19
EMANUEL,senate,23,mail,14,40
EMANUEL,senate,23,mail,15,27
EMANUEL,senate,23,mail,17,1
EMANUEL,senate,23,mail,18,31
EMANUEL,senate,23,mail,19,17
EMANUEL,senate,23,mail,20,18
EMANUEL,senate,23,mail,21,48
EMANUEL,senate,23,mail,25,6
EMANUEL,senate,23,mail,26,2
EMANUEL,senate,23,mail,27,6
EMANUEL,senate,23,mail,46,1
EVANS,house,157,inperson,4,268
EVANS,house,157,inperson,5,168
EVANS,house,157,inperson,6,144
EVANS,house,157,inperson,7,180
EVANS,house,157,inperson,8,160
EVANS,house,157,inperson,10,96
EVANS,house,157,inperson,11,225
EVANS,house,157,inperson,12,163
EVANS,house,157,inperson,13,172
EVANS,house,157,inperson,14,188
EVANS,house,157,inperson,15,229
EVANS,house,157,inperson,17,71
EVANS,house,157,inperson,18,264
EVANS,house,157,inperson,19,215
EVANS,house,157,inperson,20,263
EVANS,house,157,inperson,21,225
EVANS,house,157,mail,0,8
EVANS,house,157,mail,1,4
EVANS,house,157,mail,4,3
EVANS,house,157,mail,5,8
EVANS,house,157,mail,6,4
EVANS,house,157,mail,7,14
EVANS,house,157,mail,8,8
EVANS,house,157,mail,11,21
EVANS,house,157,mail,12,8
EVANS,house,157,mail,13,8
EVANS,house,157,mail,14,13
EVANS,house,157,mail,15,29
EVANS,house,157,mail,17,7
EVANS,house,157,mail,18,15
EVANS,house,157,mail,19,21
EVANS,house,157,mail,20,20
EVANS,house,157,mail,21,30
EVANS,house,157,mail,22,13
EVANS,house,157,mail,25,11
EVANS,house,157,mail,26,3
EVANS,house,157,mail,27,19
EVANS,house,157,mail,28,3
EVANS,house,157,mail,29,1
EVANS,house,157,mail,606,1
EVANS,senate,4,inperson,4,268
EVANS,senate,4,inperson,5,168
EVANS,senate,4,inperson,6,144
EVANS,senate,4,inperson,7,180
EVANS,senate,4,inperson,8,160
EVANS,senate,4,inperson,10,96
EVANS,senate,4,inperson,11,225
EVANS,senate,4,inperson,12,163
EVANS,senate,4,inperson,13,172
EVANS,senate,4,inperson,14,188
EVANS,senate,4,inperson,15,229
EVANS,senate,4,inperson,17,71
EVANS,senate,4,inperson,18,264
EVANS,senate,4,inperson,19,215
EVANS,senate,4,inperson,20,263
EVANS,senate,4,inperson,21,225
EVANS,senate,4,mail,0,8
EVANS,senate,4,mail,1,4
EVANS,senate,4,mail,4,3
EVANS,senate,4,mail,5,8
EVANS,senate,4,mail,6,4
EVANS,senate,4,mail,7,14
EVANS,senate,4,mail,8,8
EVANS,senate,4,mail,11,21
EVANS,senate,4,mail,12,8
EVANS,senate,4,mail,13,8
EVANS,senate,4,mail,14,13
EVANS,senate,4,mail,15,29
EVANS,senate,4,mail,17,7
EVANS,senate,4,mail,18,15
EVANS,senate,4,mail,19,21
EVANS,senate,4,mail,20,20
EVANS,senate,4,mail,21,30
EVANS,senate,4,mail,22,13
EVANS,senate,4,mail,25,11
EVANS,senate,4,mail,26,3
EVANS,senate,4,mail,27,19
EVANS,senate,4,mail,28,3
EVANS,senate,4,mail,29,1
EVANS,senate,4,mail,606,1
FANNIN,house,7,inperson,4,518
FANNIN,house,7,inperson,5,412
FANNIN,house,7,inperson,6,522
FANNIN,house,7,inperson,7,507
FANNIN,house,7,inperson,8,573
FANNIN,house,7,inperson,10,360
FANNIN,house,7,inperson,11,668
FANNIN,house,7,inperson,12,589
FANNIN,house,7,inperson,13,764
FANNIN,house,7,inperson,14,797
FANNIN,house,7,inperson,15,900
FANNIN,house,7,inperson,17,280
FANNIN,house,7,inperson,18,925
FANNIN,house,7,inperson,19,924
FANNIN,house,7,inperson,20,882
FANNIN,house,7,inperson,21,963
FANNIN,house,7,mail,0,16
FANNIN,house,7,mail,1,43
FANNIN,house,7,mail,4,31
FANNIN,house,7,mail,5,32
FANNIN,house,7,mail,6,25
FANNIN,house,7,mail,7,36
FANNIN,house,7,mail,8,47
FANNIN,house,7,mail,10,24
FANNIN,house,7,mail,11,39
FANNIN,house,7,mail,12,27
FANNIN,house,7,mail,13,62
FANNIN,house,7,mail,14,42
FANNIN,house,7,mail,15,95
FANNIN,house,7,mail,17,41
FANNIN,house,7,mail,18,84
FANNIN,house,7,mail,19,74
FANNIN,house,7,mail,20,58
FANNIN,house,7,mail,21,118
FANNIN,house,7,mail,22,32
FANNIN,house,7,mail,25,36
FANNIN,house,7,mail,26,25
FANNIN,house,7,mail,27,11
FANNIN,house,7,mail,28,2
FANNIN,house,7,mail,36,3
FANNIN,senate,51,inperson,4,518
FANNIN,senate,51,inperson,5,412
FANNIN,senate,51,inperson,6,522
FANNIN,senate,51,inperson,7,507
FANNIN,senate,51,inperson,8,573
FANNIN,senate,51,inperson,10,360
FANNIN,senate,51,inperson,11,668
FANNIN,senate,51,inperson,12,589
FANNIN,senate,51,inperson,13,764
FANNIN,senate,51,inperson,14,797
FANNIN,senate,51,inperson,15,900
FANNIN,senate,51,inperson,17,280
FANNIN,senate,51,inperson,18,925
FANNIN,senate,51,inperson,19,924
FANNIN,senate,51,inperson,20,882
FANNIN,senate,51,inperson,21,963
FANNIN,senate,51,mail,0,16
FANNIN,senate,51,mail,1,43
FANNIN,senate,51,mail,4,31
FANNIN,senate,51,mail,5,32
FANNIN,senate,51,mail,6,25
FANNIN,senate,51,mail,7,36
FANNIN,senate,51,mail,8,47
FANNIN,senate,51,mail,10,24
FANNIN,senate,51,mail,11,39
FANNIN,senate,51,mail,12,27
FANNIN,senate,51,mail,13,62
FANNIN,senate,51,mail,14,42
FANNIN,senate,51,mail,15,95
FANNIN,senate,51,mail,17,41
FANNIN,senate,51,mail,18,84
FANNIN,senate,51,mail,19,74
FANNIN,senate,51,mail,20,58
FANNIN,senate,51,mail,21,118
FANNIN,senate,51,mail,22,32
FANNIN,senate,51,mail,25,36
FANNIN,senate,51,mail,26,25
FANNIN,senate,51,mail,27,11
FANNIN,senate,51,mail,28,2
FANNIN,senate,51,mail,36,3
FAYETTE,house,117,inperson,11,1
FAYETTE,house,68,inperson,4,997
FAYETTE,house,68,inperson,5,658
FAYETTE,house,68,inperson,6,642
FAYETTE,house,68,inperson,7,666
FAYETTE,house,68,inperson,8,707
FAYETTE,house,68,inperson,10,519
FAYETTE,house,68,inperson,11,895
FAYETTE,house,68,inperson,12,896
FAYETTE,house,68,inperson,13,870
FAYETTE,house,68,inperson,14,947
FAYETTE,house,68,inperson,15,1161
FAYETTE,house,68,inperson,16,321
FAYETTE,house,68,inperson,17,645
FAYETTE,house,68,inperson,18,1216
FAYETTE,house,68,inperson,19,1190
FAYETTE,house,68,inperson,20,1233
FAYETTE,house,68,inperson,21,1196
FAYETTE,house,68,mail,0,42
FAYETTE,house,68,mail,1,111
FAYETTE,house,68,mail,4,53
FAYETTE,house,68,mail,5,31
FAYETTE,house,68,mail,6,40
FAYETTE,house,68,mail,7,30
FAYETTE,house,68,mail,8,53
FAYETTE,house,68,mail,10,29
FAYETTE,house,68,mail,11,43
FAYETTE,house,68,mail,12,42
FAYETTE,house,68,mail,13,51
FAYETTE,house,68,mail,14,40
FAYETTE,house,68,mail,15,103
FAYETTE,house,68,mail,17,31
FAYETTE,house,68,mail,18,76
FAYETTE,house,68,mail,19,48
FAYETTE,house,68,mail,20,32
FAYETTE,house,68,mail,21,43
FAYETTE,house,68,mail,22,20
FAYETTE,house,68,mail,25,9
FAYETTE,house,68,mail,26,5
FAYETTE,house,68,mail,27,3
FAYETTE,house,68,mail,28,8
FAYETTE,house,68,mail,32,1
FAYETTE,house,68,mail,34,1
FAYETTE,house,68,mail,36,1
FAYETTE,house,69,inperson,4,1144
FAYETTE,house,69,inperson,5,765
FAYETTE,house,69,inperson,6,765
FAYETTE,house,69,inperson,7,770
FAYETTE,house,69,inperson,8,921
FAYETTE,house,69,inperson,10,579
FAYETTE,house,69,inperson,11,970
FAYETTE,house,69,inperson,12,871
FAYETTE,house,69,inperson,13,981
FAYETTE,house,69,inperson,14,1124
FAYETTE,house,69,inperson,15,1233
FAYETTE,house,69,inperson,16,380
FAYETTE,house,69,inperson,17,800
FAYETTE,house,69,inperson,18,1425
FAYETTE,house,69,inperson,19,1403
FAYETTE,house,69,inperson,20,1460
FAYETTE,house,69,inperson,21,1615
FAYETTE,house,69,mail,0,41
FAYETTE,house,69,mail,1,102
FAYETTE,house,69,mail,4,45
FAYETTE,house,69,mail,5,47
FAYETTE,house,69,mail,6,53
FAYETTE,house,69,mail,7,49
FAYETTE,house,69,mail,8,71
FAYETTE,house,69,mail,10,38
FAYETTE,house,69,mail,11,84
FAYETTE,house,69,mail,12,56
FAYETTE,house,69,mail,13,77
FAYETTE,house,69,mail,14,100
FAYETTE,house,69,mail,15,153
FAYETTE,house,69,mail,16,13
FAYETTE,house,69,mail,17,49
FAYETTE,house,69,mail,18,96
FAYETTE,house,69,mail,19,121
FAYETTE,house,69,mail,20,83
FAYETTE,house,69,mail,21,87
FAYETTE,house,69,mail,22,50
FAYETTE,house,69,mail,25,24
FAYETTE,house,69,mail,26,21
FAYETTE,house,69,mail,28,4
FAYETTE,house,69,mail,32,1
FAYETTE,house,69,mail,33,1
FAYETTE,house,69,mail,35,1
FAYETTE,house,69,mail,36,3
FAYETTE,house,73,inperson,4,940
FAYETTE,house,73,inperson,5,647
FAYETTE,house,73,inperson,6,644
FAYETTE,house,73,inperson,7,706
FAYETTE,house,73,inperson,8,803
FAYETTE,house,73,inperson,10,575
FAYETTE,house,73,inperson,11,884
FAYETTE,house,73,inperson,12,862
FAYETTE,house,73,inperson,13,900
FAYETTE,house,73,inperson,14,940
FAYETTE,house,73,inperson,15,1033
FAYETTE,house,73,inperson,16,362
FAYETTE,house,73,inperson,17,702
FAYETTE,house,73,inperson,18,1170
FAYETTE,house,73,inperson,19,1124
FAYETTE,house,73,inperson,20,1084
FAYETTE,house,73,inperson,21,932
FAYETTE,house,73,mail,0,31
FAYETTE,house,73,mail,1,99
FAYETTE,house,73,mail,4,65
FAYETTE,house,73,mail,5,31
FAYETTE,house,73,mail,6,35
FAYETTE,house,73,mail,7,29
FAYETTE,house,73,mail,8,63
FAYETTE,house,73,mail,10,30
FAYETTE,house,73,mail,11,44
FAYETTE,house,73,mail,12,61
FAYETTE,house,73,mail,13,90
FAYETTE,house,73,mail,14,43
FAYETTE,house,73,mail,15,87
FAYETTE,house,73,mail,16,2
FAYETTE,house,73,mail,17,36
FAYETTE,house,73,mail,18,91
FAYETTE,house,73,mail,19,69
FAYETTE,house,73,mail,20,34
FAYETTE,house,73,mail,21,60
FAYETTE,house,73,mail,22,11
FAYETTE,house,73,mail,25,3
FAYETTE,house,73,mail,27,1
FAYETTE,house,73,mail,28,6
FAYETTE,house,73,mail,32,2
FAYETTE,house,73,mail,33,1
FAYETTE,house,73,mail,34,3
FAYETTE,house,73,mail,36,2
FAYETTE,house,73,mail,42,1
FAYETTE,house,82,inperson,4,836
FAYETTE,house,82,inperson,5,475
FAYETTE,house,82,inperson,6,535
FAYETTE,house,82,inperson,7,588
FAYETTE,house,82,inperson,8,703
FAYETTE,house,82,inperson,10,496
FAYETTE,house,82,inperson,11,773
FAYETTE,house,82,inperson,12,729
FAYETTE,house,82,inperson,13,727
FAYETTE,house,82,inperson,14,828
FAYETTE,house,82,inperson,15,842
FAYETTE,house,82,inperson,16,283
FAYETTE,house,82,inperson,17,442
FAYETTE,house,82,inperson,18,864
FAYETTE,house,82,inperson,19,935
FAYETTE,house,82,inperson,20,863
FAYETTE,house,82,inperson,21,754
FAYETTE,house,82,mail,0,26
FAYETTE,house,82,mail,1,88
FAYETTE,house,82,mail,4,38
FAYETTE,house,82,mail,5,31
FAYETTE,house,82,mail,6,41
FAYETTE,house,82,mail,7,22
FAYETTE,house,82,mail,8,48
FAYETTE,house,82,mail,10,24
FAYETTE,house,82,mail,11,63
FAYETTE,house,82,mail,12,52
FAYETTE,house,82,mail,13,57
FAYETTE,house,82,mail,14,53
FAYETTE,house,82,mail,15,99
FAYETTE,house,82,mail,16,3
FAYETTE,house,82,mail,17,33
FAYETTE,house,82,mail,18,63
FAYETTE,house,82,mail,19,58
FAYETTE,house,82,mail,20,34
FAYETTE,house,82,mail,21,36
FAYETTE,house,82,mail,22,23
FAYETTE,house,82,mail,25,3
FAYETTE,house,82,mail,26,1
FAYETTE,house,82,mail,27,1
FAYETTE,house,82,mail,28,6
FAYETTE,house,82,mail,34,2
FAYETTE,house,82,mail,36,1
FAYETTE,senate,16,inperson,4,2976
FAYETTE,senate,16,inperson,5,1889
FAYETTE,senate,16,inperson,6,1953
FAYETTE,senate,16,inperson,7,2046
FAYETTE,senate,16,inperson,8,2377
FAYETTE,senate,16,inperson,10,1682
FAYETTE,senate,16,inperson,11,2747
FAYETTE,senate,16,inperson,12,2680
FAYETTE,senate,16,inperson,13,2665
FAYETTE,senate,16,inperson,14,2938
FAYETTE,senate,16,inperson,15,3173
FAYETTE,senate,16,inperson,16,1054
FAYETTE,senate,16,inperson,17,1934
FAYETTE,senate,16,inperson,18,3485
FAYETTE,senate,16,inperson,19,3515
FAYETTE,senate,16,inperson,20,3398
FAYETTE,senate,16,inperson,21,3133
FAYETTE,senate,16,mail,0,101
FAYETTE,senate,16,mail,1,329
FAYETTE,senate,16,mail,4,160
FAYETTE,senate,16,mail,5,104
FAYETTE,senate,16,mail,6,126
FAYETTE,senate,16,mail,7,91
FAYETTE,senate,16,mail,8,181
FAYETTE,senate,16,mail,10,91
FAYETTE,senate,16,mail,11,162
FAYETTE,senate,16,mail,12,164
FAYETTE,senate,16,mail,13,212
FAYETTE,senate,16,mail,14,159
FAYETTE,senate,16,mail,15,331
FAYETTE,senate,16,mail,16,9
FAYETTE,senate,16,mail,17,107
FAYETTE,senate,16,mail,18,249
FAYETTE,senate,16,mail,19,192
FAYETTE,senate,16,mail,20,114
FAYETTE,senate,16,mail,21,138
FAYETTE,senate,16,mail,22,54
FAYETTE,senate,16,mail,25,14
FAYETTE,senate,16,mail,26,2
FAYETTE,senate,16,mail,27,3
FAYETTE,senate,16,mail,28,21
FAYETTE,senate,16,mail,32,3
FAYETTE,senate,16,mail,33,2
FAYETTE,senate,16,mail,34,6
FAYETTE,senate,16,mail,36,4
FAYETTE,senate,16,mail,42,1
FAYETTE,senate,17,inperson,11,1
FAYETTE,senate,34,inperson,4,940
FAYETTE,senate,34,inperson,5,655
FAYETTE,senate,34,inperson,6,632
FAYETTE,senate,34,inperson,7,684
FAYETTE,senate,34,inperson,8,757
FAYETTE,senate,34,inperson,10,487
FAYETTE,senate,34,inperson,11,775
FAYETTE,senate,34,inperson,12,678
FAYETTE,senate,34,inperson,13,813
FAYETTE,senate,34,inperson,14,901
FAYETTE,senate,34,inperson,15,1096
FAYETTE,senate,34,inperson,16,292
FAYETTE,senate,34,inperson,17,655
FAYETTE,senate,34,inperson,18,1190
FAYETTE,senate,34,inperson,19,1137
FAYETTE,senate,34,inperson,20,1242
FAYETTE,senate,34,inperson,21,1364
FAYETTE,senate,34,mail,0,39
FAYETTE,senate,34,mail,1,71
FAYETTE,senate,34,mail,4,41
FAYETTE,senate,34,mail,5,36
FAYETTE,senate,34,mail,6,43
FAYETTE,senate,34,mail,7,39
FAYETTE,senate,34,mail,8,54
FAYETTE,senate,34,mail,10,30
FAYETTE,senate,34,mail,11,72
FAYETTE,senate,34,mail,12,47
FAYETTE,senate,34,mail,13,63
FAYETTE,senate,34,mail,14,77
FAYETTE,senate,34,mail,15,111
FAYETTE,senate,34,mail,16,9
FAYETTE,senate,34,mail,17,42
FAYETTE,senate,34,mail,18,77
FAYETTE,senate,34,mail,19,104
FAYETTE,senate,34,mail,20,69
FAYETTE,senate,34,mail,21,88
FAYETTE,senate,34,mail,22,50
FAYETTE,senate,34,mail,25,25
FAYETTE,senate,34,mail,26,25
FAYETTE,senate,34,mail,27,2
FAYETTE,senate,34,mail,28,3
FAYETTE,senate,34,mail,32,1
FAYETTE,senate,34,mail,35,1
FAYETTE,senate,34,mail,36,3
FAYETTE,senate,39,inperson,4,1
FAYETTE,senate,6,inperson,5,1
FAYETTE,senate,6,inperson,6,1
FLOYD,house,12,inperson,4,840
FLOYD,house,12,inperson,5,583
FLOYD,house,12,inperson,6,567
FLOYD,house,12,inperson,7,571
FLOYD,house,12,inperson,8,598
FLOYD,house,12,inperson,9,133
FLOYD,house,12,inperson,10,258
FLOYD,house,12,inperson,11,798
FLOYD,house,12,inperson,12,595
FLOYD,house,12,inperson,13,725
FLOYD,house,12,inperson,14,786
FLOYD,house,12,inperson,15,782
FLOYD,house,12,inperson,17,257
FLOYD,house,12,inperson,18,881
FLOYD,house,12,inperson,19,858
FLOYD,house,12,inperson,20,920
FLOYD,house,12,inperson,21,927
FLOYD,house,12,mail,0,14
FLOYD,house,12,mail,1,42
FLOYD,house,12,mail,4,17
FLOYD,house,12,mail,5,20
FLOYD,house,12,mail,6,8
FLOYD,house,12,mail,7,37
FLOYD,house,12,mail,8,3
FLOYD,house,12,mail,9,2
FLOYD,house,12,mail,10,5
FLOYD,house,12,mail,11,37
FLOYD,house,12,mail,12,33
FLOYD,house,12,mail,13,35
FLOYD,house,12,mail,14,38
FLOYD,house,12,mail,15,60
FLOYD,house,12,mail,18,52
FLOYD,house,12,mail,19,45
FLOYD,house,12,mail,20,72
FLOYD,house,12,mail,21,41
FLOYD,house,12,mail,22,16
FLOYD,house,12,mail,25,5
FLOYD,house,12,mail,26,1
FLOYD,house,12,mail,27,2
FLOYD,house,12,mail,29,1
FLOYD,house,13,inperson,4,1365
FLOYD,house,13,inperson,5,859
FLOYD,house,13,inperson,6,865
FLOYD,house,13,inperson,7,909
FLOYD,house,13,inperson,8,912
FLOYD,house,13,inperson,9,346
FLOYD,house,13,inperson,10,576
FLOYD,house,13,inperson,11,1152
FLOYD,house,13,inperson,12,921
FLOYD,house,13,inperson,13,1087
FLOYD,house,13,inperson,14,1176
FLOYD,house,13,inperson,15,1251
FLOYD,house,13,inperson,17,633
FLOYD,house,13,inperson,18,1509
FLOYD,house,13,inperson,19,1437
FLOYD,house,13,inperson,20,1540
FLOYD,house,13,inperson,21,1619
FLOYD,house,13,mail,0,48
FLOYD,house,13,mail,1,102
FLOYD,house,13,mail,4,39
FLOYD,house,13,mail,5,48
FLOYD,house,13,mail,6,32
FLOYD,house,13,mail,7,133
FLOYD,house,13,mail,8,3
FLOYD,house,13,mail,10,10
FLOYD,house,13,mail,11,71
FLOYD,house,13,mail,12,66
FLOYD,house,13,mail,13,65
FLOYD,house,13,mail,14,107
FLOYD,house,13,mail,15,119
FLOYD,house,13,mail,18,98
FLOYD,house,13,mail,19,104
FLOYD,house,13,mail,20,165
FLOYD,house,13,mail,21,64
FLOYD,house,13,mail,22,23
FLOYD,house,13,mail,25,12
FLOYD,house,13,mail,26,1
FLOYD,house,13,mail,27,3
FLOYD,house,13,mail,28,1
FLOYD,house,13,mail,29,1
FLOYD,house,5,inperson,4,134
FLOYD,house,5,inperson,5,73
FLOYD,house,5,inperson,6,76
FLOYD,house,5,inperson,7,106
FLOYD,house,5,inperson,8,112
FLOYD,house,5,inperson,9,46
FLOYD,house,5,inperson,10,73
FLOYD,house,5,inperson,11,132
FLOYD,house,5,inperson,12,120
FLOYD,house,5,inperson,13,120
FLOYD,house,5,inperson,14,113
FLOYD,house,5,inperson,15,111
FLOYD,house,5,inperson,17,70
FLOYD,house,5,inperson,18,147
FLOYD,house,5,inperson,19,112
FLOYD,house,5,inperson,20,136
FLOYD,house,5,inperson,21,126
FLOYD,house,5,mail,0,2
FLOYD,house,5,mail,1,13
FLOYD,house,5,mail,4,2
FLOYD,house,5,mail,5,3
FLOYD,house,5,mail,7,10
FLOYD,house,5,mail,8,2
FLOYD,house,5,mail,11,8
FLOYD,house,5,mail,12,2
FLOYD,house,5,mail,13,1
FLOYD,house,5,mail,14,4
FLOYD,house,5,mail,15,12
FLOYD,house,5,mail,18,5
FLOYD,house,5,mail,19,11
FLOYD,house,5,mail,20,20
FLOYD,house,5,mail,21,4
FLOYD,house,5,mail,22,2
FLOYD,house,5,mail,25,2
FLOYD,house,5,mail,28,1
FLOYD,house,5,mail,29,1
FLOYD,senate,52,inperson,4,1977
FLOYD,senate,52,inperson,5,1241
FLOYD,senate,52,inperson,6,1280
FLOYD,senate,52,inperson,7,1372
FLOYD,senate,52,inperson,8,1353
FLOYD,senate,52,inperson,9,486
FLOYD,senate,52,inperson,10,829
FLOYD,senate,52,inperson,11,1774
FLOYD,senate,52,inperson,12,1393
FLOYD,senate,52,inperson,13,1623
FLOYD,senate,52,inperson,14,1724
FLOYD,senate,52,inperson,15,1803
FLOYD,senate,52,inperson,17,889
FLOYD,senate,52,inperson,18,2140
FLOYD,senate,52,inperson,19,2020
FLOYD,senate,52,inperson,20,2175
FLOYD,senate,52,inperson,21,2204
FLOYD,senate,52,mail,0,60
FLOYD,senate,52,mail,1,135
FLOYD,senate,52,mail,4,49
FLOYD,senate,52,mail,5,64
FLOYD,senate,52,mail,6,35
FLOYD,senate,52,mail,7,171
FLOYD,senate,52,mail,8,6
FLOYD,senate,52,mail,9,2
FLOYD,senate,52,mail,10,11
FLOYD,senate,52,mail,11,97
FLOYD,senate,52,mail,12,88
FLOYD,senate,52,mail,13,87
FLOYD,senate,52,mail,14,128
FLOYD,senate,52,mail,15,175
FLOYD,senate,52,mail,18,131
FLOYD,senate,52,mail,19,131
FLOYD,senate,52,mail,20,221
FLOYD,senate,52,mail,21,90
FLOYD,senate,52,mail,22,37
FLOYD,senate,52,mail,25,17
FLOYD,senate,52,mail,26,1
FLOYD,senate,52,mail,27,3
FLOYD,senate,52,mail,28,2
FLOYD,senate,52,mail,29,3
FLOYD,senate,53,inperson,4,362
FLOYD,senate,53,inperson,5,274
FLOYD,senate,53,inperson,6,228
FLOYD,senate,53,inperson,7,214
FLOYD,senate,53,inperson,8,269
FLOYD,senate,53,inperson,9,39
FLOYD,senate,53,inperson,10,78
FLOYD,senate,53,inperson,11,308
FLOYD,senate,53,inperson,12,243
FLOYD,senate,53,inperson,13,309
FLOYD,senate,53,inperson,14,351
FLOYD,senate,53,inperson,15,341
FLOYD,senate,53,inperson,17,71
FLOYD,senate,53,inperson,18,397
FLOYD,senate,53,inperson,19,387
FLOYD,senate,53,inperson,20,421
FLOYD,senate,53,inperson,21,468
FLOYD,senate,53,mail,0,4
FLOYD,senate,53,mail,1,22
FLOYD,senate,53,mail,4,9
FLOYD,senate,53,mail,5,7
FLOYD,senate,53,mail,6,5
FLOYD,senate,53,mail,7,9
FLOYD,senate,53,mail,8,2
FLOYD,senate,53,mail,10,4
FLOYD,senate,53,mail,11,19
FLOYD,senate,53,mail,12,13
FLOYD,senate,53,mail,13,14
FLOYD,senate,53,mail,14,21
FLOYD,senate,53,mail,15,16
FLOYD,senate,53,mail,18,24
FLOYD,senate,53,mail,19,29
FLOYD,senate,53,mail,20,36
FLOYD,senate,53,mail,21,19
FLOYD,senate,53,mail,22,4
FLOYD,senate,53,mail,25,2
FLOYD,senate,53,mail,26,1
FLOYD,senate,53,mail,27,2
FORSYTH,house,100,inperson,4,573
FORSYTH,house,100,inperson,5,362
FORSYTH,house,100,inperson,6,344
FORSYTH,house,100,inperson,7,340
FORSYTH,house,100,inperson,8,414
FORSYTH,house,100,inperson,10,466
FORSYTH,house,100,inperson,11,438
FORSYTH,house,100,inperson,12,334
FORSYTH,house,100,inperson,13,355
FORSYTH,house,100,inperson,14,339
FORSYTH,house,100,inperson,15,406
FORSYTH,house,100,inperson,16,63
FORSYTH,house,100,inperson,17,440
FORSYTH,house,100,inperson,18,442
FORSYTH,house,100,inperson,19,403
FORSYTH,house,100,inperson,20,367
FORSYTH,house,100,inperson,21,458
FORSYTH,house,100,mail,0,27
FORSYTH,house,100,mail,1,36
FORSYTH,house,100,mail,3,8
FORSYTH,house,100,mail,4,33
FORSYTH,house,100,mail,5,19
FORSYTH,house,100,mail,6,31
FORSYTH,house,100,mail,7,20
FORSYTH,house,100,mail,8,33
FORSYTH,house,100,mail,9,1
FORSYTH,house,100,mail,10,20
FORSYTH,house,100,mail,11,26
FORSYTH,house,100,mail,12,30
FORSYTH,house,100,mail,13,8
FORSYTH,house,100,mail,14,20
FORSYTH,house,100,mail,15,24
FORSYTH,house,100,mail,17,30
FORSYTH,house,100,mail,18,28
FORSYTH,house,100,mail,19,13
FORSYTH,house,100,mail,20,20
FORSYTH,house,100,mail,21,30
FORSYTH,house,100,mail,22,12
FORSYTH,house,100,mail,24,14
FORSYTH,house,100,mail,25,6
FORSYTH,house,100,mail,26,13
FORSYTH,house,100,mail,34,1
FORSYTH,house,100,mail,35,2
FORSYTH,house,100,mail,36,1
FORSYTH,house,11,inperson,4,730
FORSYTH,house,11,inperson,5,401
FORSYTH,house,11,inperson,6,506
FORSYTH,house,11,inperson,7,444
FORSYTH,house,11,inperson,8,465
FORSYTH,house,11,inperson,10,454
FORSYTH,house,11,inperson,11,640
FORSYTH,house,11,inperson,12,502
FORSYTH,house,11,inperson,13,581
FORSYTH,house,11,inperson,14,578
FORSYTH,house,11,inperson,15,665
FORSYTH,house,11,inperson,16,196
FORSYTH,house,11,inperson,17,537
FORSYTH,house,11,inperson,18,854
FORSYTH,house,11,inperson,19,690
FORSYTH,house,11,inperson,20,754
FORSYTH,house,11,inperson,21,715
FORSYTH,house,11,mail,0,18
FORSYTH,house,11,mail,1,30
FORSYTH,house,11,mail,3,10
FORSYTH,house,11,mail,4,19
FORSYTH,house,11,mail,5,14
FORSYTH,house,11,mail,6,22
FORSYTH,house,11,mail,7,19
FORSYTH,house,11,mail,8,23
FORSYTH,house,11,mail,9,6
FORSYTH,house,11,mail,10,8
FORSYTH,house,11,mail,11,23
FORSYTH,house,11,mail,12,28
FORSYTH,house,11,mail,13,26
FORSYTH,house,11,mail,14,39
FORSYTH,house,11,mail,15,40
FORSYTH,house,11,mail,16,4
FORSYTH,house,11,mail,17,24
FORSYTH,house,11,mail,18,36
FORSYTH,house,11,mail,19,24
FORSYTH,house,11,mail,20,68
FORSYTH,house,11,mail,21,21
FORSYTH,house,11,mail,22,16
FORSYTH,house,11,mail,24,1
FORSYTH,house,11,mail,25,18
FORSYTH,house,11,mail,26,25
FORSYTH,house,11,mail,27,13
FORSYTH,house,11,mail,28,3
FORSYTH,house,11,mail,34,1
FORSYTH,house,11,mail,40,1
FORSYTH,house,11,mail,46,2
FORSYTH,house,24,inperson,4,1913
FORSYTH,house,24,inperson,5,1222
FORSYTH,house,24,inperson,6,1191
FORSYTH,house,24,inperson,7,1080
FORSYTH,house,24,inperson,8,1341
FORSYTH,house,24,inperson,10,1197
FORSYTH,house,24,inperson,11,1705
FORSYTH,house,24,inperson,12,1253
FORSYTH,house,24,inperson,13,1344
FORSYTH,house,24,inperson,14,1445
FORSYTH,house,24,inperson,15,1666
FORSYTH,house,24,inperson,16,307
FORSYTH,house,24,inperson,17,1336
FORSYTH,house,24,inperson,18,2067
FORSYTH,house,24,inperson,19,1804
FORSYTH,house,24,inperson,20,1813
FORSYTH,house,24,inperson,21,2231
FORSYTH,house,24,mail,0,68
FORSYTH,house,24,mail,1,102
FORSYTH,house,24,mail,3,41
FORSYTH,house,24,mail,4,65
FORSYTH,house,24,mail,5,72
FORSYTH,house,24,mail,6,72
FORSYTH,house,24,mail,7,59
FORSYTH,house,24,mail,8,75
FORSYTH,house,24,mail,9,4
FORSYTH,house,24,mail,10,41
FORSYTH,house,24,mail,11,71
FORSYTH,house,24,mail,12,97
FORSYTH,house,24,mail,13,42
FORSYTH,house,24,mail,14,90
FORSYTH,house,24,mail,15,108
FORSYTH,house,24,mail,16,26
FORSYTH,house,24,mail,17,45
FORSYTH,house,24,mail,18,140
FORSYTH,house,24,mail,19,64
FORSYTH,house,24,mail,20,129
FORSYTH,house,24,mail,21,59
FORSYTH,house,24,mail,22,33
FORSYTH,house,24,mail,24,27
FORSYTH,house,24,mail,25,66
FORSYTH,house,24,mail,26,50
FORSYTH,house,24,mail,27,31
FORSYTH,house,24,mail,28,2
FORSYTH,house,24,mail,29,2
FORSYTH,house,24,mail,32,1
FORSYTH,house,24,mail,33,1
FORSYTH,house,24,mail,34,2
FORSYTH,house,24,mail,35,1
FORSYTH,house,24,mail,36,1
FORSYTH,house,24,mail,39,2
FORSYTH,house,24,mail,42,2
FORSYTH,house,25,inperson,4,1472
FORSYTH,house,25,inperson,5,884
FORSYTH,house,25,inperson,6,886
FORSYTH,house,25,inperson,7,926
FORSYTH,house,25,inperson,8,1082
FORSYTH,house,25,inperson,10,1091
FORSYTH,house,25,inperson,11,1312
FORSYTH,house,25,inperson,12,1035
FORSYTH,house,25,inperson,13,1014
FORSYTH,house,25,inperson,14,1200
FORSYTH,house,25,inperson,15,1259
FORSYTH,house,25,inperson,16,152
FORSYTH,house,25,inperson,17,1151
FORSYTH,house,25,inperson,18,1392
FORSYTH,house,25,inperson,19,1278
FORSYTH,house,25,inperson,20,1276
FORSYTH,house,25,inperson,21,1554
FORSYTH,house,25,mail,0,65
FORSYTH,house,25,mail,1,132
FORSYTH,house,25,mail,2,1
FORSYTH,house,25,mail,3,44
FORSYTH,house,25,mail,4,91
FORSYTH,house,25,mail,5,47
FORSYTH,house,25,mail,6,94
FORSYTH,house,25,mail,7,54
FORSYTH,house,25,mail,8,102
FORSYTH,house,25,mail,9,9
FORSYTH,house,25,mail,10,69
FORSYTH,house,25,mail,11,84
FORSYTH,house,25,mail,12,133
FORSYTH,house,25,mail,13,48
FORSYTH,house,25,mail,14,74
FORSYTH,house,25,mail,15,122
FORSYTH,house,25,mail,16,12
FORSYTH,house,25,mail,17,74
FORSYTH,house,25,mail,18,112
FORSYTH,house,25,mail,19,83
FORSYTH,house,25,mail,20,103
FORSYTH,house,25,mail,21,106
FORSYTH,house,25,mail,22,18
FORSYTH,house,25,mail,24,36
FORSYTH,house,25,mail,25,36
FORSYTH,house,25,mail,26,30
FORSYTH,house,25,mail,27,5
FORSYTH,house,25,mail,28,4
FORSYTH,house,25,mail,29,5
FORSYTH,house,25,mail,32,2
FORSYTH,house,25,mail,35,2
FORSYTH,house,25,mail,41,5
FORSYTH,house,25,mail,46,2
FORSYTH,house,26,inperson,4,1889
FORSYTH,house,26,inperson,5,1207
FORSYTH,house,26,inperson,6,1243
FORSYTH,house,26,inperson,7,1181
FORSYTH,house,26,inperson,8,1254
FORSYTH,house,26,inperson,10,1162
FORSYTH,house,26,inperson,11,1630
FORSYTH,house,26,inperson,12,1246
FORSYTH,house,26,inperson,13,1301
FORSYTH,house,26,inperson,14,1608
FORSYTH,house,26,inperson,15,1608
FORSYTH,house,26,inperson,16,500
FORSYTH,house,26,inperson,17,1256
FORSYTH,house,26,inperson,18,2014
FORSYTH,house,26,inperson,19,1904
FORSYTH,house,26,inperson,20,1830
FORSYTH,house,26,inperson,21,1901
FORSYTH,house,26,mail,0,43
FORSYTH,house,26,mail,1,99
FORSYTH,house,26,mail,3,37
FORSYTH,house,26,mail,4,65
FORSYTH,house,26,mail,5,61
FORSYTH,house,26,mail,6,75
FORSYTH,house,26,mail,7,85
FORSYTH,house,26,mail,8,86
FORSYTH,house,26,mail,9,11
FORSYTH,house,26,mail,10,41
FORSYTH,house,26,mail,11,74
FORSYTH,house,26,mail,12,132
FORSYTH,house,26,mail,13,75
FORSYTH,house,26,mail,14,111
FORSYTH,house,26,mail,15,131
FORSYTH,house,26,mail,16,32
FORSYTH,house,26,mail,17,85
FORSYTH,house,26,mail,18,127
FORSYTH,house,26,mail,19,63
FORSYTH,house,26,mail,20,141
FORSYTH,house,26,mail,21,104
FORSYTH,house,26,mail,22,62
FORSYTH,house,26,mail,24,37
FORSYTH,house,26,mail,25,100
FORSYTH,house,26,mail,26,71
FORSYTH,house,26,mail,27,43
FORSYTH,house,26,mail,28,9
FORSYTH,house,26,mail,29,3
FORSYTH,house,26,mail,34,6
FORSYTH,house,26,mail,35,2
FORSYTH,house,26,mail,46,2
FORSYTH,house,28,inperson,4,1631
FORSYTH,house,28,inperson,5,1010
FORSYTH,house,28,inperson,6,1041
FORSYTH,house,28,inperson,7,1073
FORSYTH,house,28,inperson,8,1168
FORSYTH,house,28,inperson,10,1124
FORSYTH,house,28,inperson,11,1521
FORSYTH,house,28,inperson,12,1212
FORSYTH,house,28,inperson,13,1294
FORSYTH,house,28,inperson,14,1491
FORSYTH,house,28,inperson,15,1694
FORSYTH,house,28,inperson,16,380
FORSYTH,house,28,inperson,17,1237
FORSYTH,house,28,inperson,18,1860
FORSYTH,house,28,inperson,19,1857
FORSYTH,house,28,inperson,20,1951
FORSYTH,house,28,inperson,21,2213
FORSYTH,house,28,mail,0,26
FORSYTH,house,28,mail,1,45
FORSYTH,house,28,mail,3,27
FORSYTH,house,28,mail,4,37
FORSYTH,house,28,mail,5,39
FORSYTH,house,28,mail,6,50
FORSYTH,house,28,mail,7,37
FORSYTH,house,28,mail,8,68
FORSYTH,house,28,mail,9,8
FORSYTH,house,28,mail,10,29
FORSYTH,house,28,mail,11,52
FORSYTH,house,28,mail,12,65
FORSYTH,house,28,mail,13,41
FORSYTH,house,28,mail,14,64
FORSYTH,house,28,mail,15,79
FORSYTH,house,28,mail,16,16
FORSYTH,house,28,mail,17,31
FORSYTH,house,28,mail,18,95
FORSYTH,house,28,mail,19,72
FORSYTH,house,28,mail,20,107
FORSYTH,house,28,mail,21,51
FORSYTH,house,28,mail,22,27
FORSYTH,house,28,mail,24,38
FORSYTH,house,28,mail,25,51
FORSYTH,house,28,mail,26,37
FORSYTH,house,28,mail,27,30
FORSYTH,house,28,mail,28,4
FORSYTH,house,28,mail,29,3
FORSYTH,house,28,mail,32,2
FORSYTH,house,28,mail,34,2
FORSYTH,house,28,mail,35,2
FORSYTH,house,28,mail,39,2
FORSYTH,house,28,mail,40,2
FORSYTH,senate,27,inperson,4,6182
FORSYTH,senate,27,inperson,5,3823
FORSYTH,senate,27,inperson,6,4039
FORSYTH,senate,27,inperson,7,3816
FORSYTH,senate,27,inperson,8,4253
FORSYTH,senate,27,inperson,10,4021
FORSYTH,senate,27,inperson,11,5620
FORSYTH,senate,27,inperson,12,4281
FORSYTH,senate,27,inperson,13,4555
FORSYTH,senate,27,inperson,14,5205
FORSYTH,senate,27,inperson,15,5725
FORSYTH,senate,27,inperson,16,1352
FORSYTH,senate,27,inperson,17,4492
FORSYTH,senate,27,inperson,18,6856
FORSYTH,senate,27,inperson,19,6355
FORSYTH,senate,27,inperson,20,6482
FORSYTH,senate,27,inperson,21,7289
FORSYTH,senate,27,mail,0,155
FORSYTH,senate,27,mail,1,297
FORSYTH,senate,27,mail,3,117
FORSYTH,senate,27,mail,4,198
FORSYTH,senate,27,mail,5,192
FORSYTH,senate,27,mail,6,238
FORSYTH,senate,27,mail,7,200
FORSYTH,senate,27,mail,8,261
FORSYTH,senate,27,mail,9,34
FORSYTH,senate,27,mail,10,133
FORSYTH,senate,27,mail,11,232
FORSYTH,senate,27,mail,12,339
FORSYTH,senate,27,mail,13,192
FORSYTH,senate,27,mail,14,310
FORSYTH,senate,27,mail,15,376
FORSYTH,senate,27,mail,16,77
FORSYTH,senate,27,mail,17,175
FORSYTH,senate,27,mail,18,396
FORSYTH,senate,27,mail,19,239
FORSYTH,senate,27,mail,20,461
FORSYTH,senate,27,mail,21,239
FORSYTH,senate,27,mail,22,136
FORSYTH,senate,27,mail,24,104
FORSYTH,senate,27,mail,25,228
FORSYTH,senate,27,mail,26,190
FORSYTH,senate,27,mail,27,116
FORSYTH,senate,27,mail,28,16
FORSYTH,senate,27,mail,29,9
FORSYTH,senate,27,mail,32,3
FORSYTH,senate,27,mail,33,1
FORSYTH,senate,27,mail,34,9
FORSYTH,senate,27,mail,35,7
FORSYTH,senate,27,mail,36,1
FORSYTH,senate,27,mail,39,4
FORSYTH,senate,27,mail,40,3
FORSYTH,senate,27,mail,42,2
FORSYTH,senate,27,mail,46,6
FORSYTH,senate,48,inperson,4,2026
FORSYTH,senate,48,inperson,5,1263
FORSYTH,senate,48,inperson,6,1172
FORSYTH,senate,48,inperson,7,1228
FORSYTH,senate,48,inperson,8,1471
FORSYTH,senate,48,inperson,10,1473
FORSYTH,senate,48,inperson,11,1626
FORSYTH,senate,48,inperson,12,1301
FORSYTH,senate,48,inperson,13,1334
FORSYTH,senate,48,inperson,14,1456
FORSYTH,senate,48,inperson,15,1573
FORSYTH,senate,48,inperson,16,246
FORSYTH,senate,48,inperson,17,1465
FORSYTH,senate,48,inperson,18,1773
FORSYTH,senate,48,inperson,19,1581
FORSYTH,senate,48,inperson,20,1509
FORSYTH,senate,48,inperson,21,1783
FORSYTH,senate,48,mail,0,92
FORSYTH,senate,48,mail,1,147
FORSYTH,senate,48,mail,2,1
FORSYTH,senate,48,mail,3,50
FORSYTH,senate,48,mail,4,112
FORSYTH,senate,48,mail,5,60
FORSYTH,senate,48,mail,6,106
FORSYTH,senate,48,mail,7,74
FORSYTH,senate,48,mail,8,126
FORSYTH,senate,48,mail,9,5
FORSYTH,senate,48,mail,10,75
FORSYTH,senate,48,mail,11,98
FORSYTH,senate,48,mail,12,146
FORSYTH,senate,48,mail,13,48
FORSYTH,senate,48,mail,14,88
FORSYTH,senate,48,mail,15,128
FORSYTH,senate,48,mail,16,13
FORSYTH,senate,48,mail,17,114
FORSYTH,senate,48,mail,18,142
FORSYTH,senate,48,mail,19,80
FORSYTH,senate,48,mail,20,107
FORSYTH,senate,48,mail,21,132
FORSYTH,senate,48,mail,22,32
FORSYTH,senate,48,mail,24,49
FORSYTH,senate,48,mail,25,49
FORSYTH,senate,48,mail,26,36
FORSYTH,senate,48,mail,27,6
FORSYTH,senate,48,mail,28,6
FORSYTH,senate,48,mail,29,4
FORSYTH,senate,48,mail,32,2
FORSYTH,senate,48,mail,34,3
FORSYTH,senate,48,mail,35,2
FORSYTH,senate,48,mail,36,1
FORSYTH,senate,48,mail,41,5
FRANKLIN,house,33,inperson,4,721
FRANKLIN,house,33,inperson,5,380
FRANKLIN,house,33,inperson,6,384
FRANKLIN,house,33,inperson,7,447
FRANKLIN,house,33,inperson,8,404
FRANKLIN,house,33,inperson,10,415
FRANKLIN,house,33,inperson,11,554
FRANKLIN,house,33,inperson,12,415
FRANKLIN,house,33,inperson,13,465
FRANKLIN,house,33,inperson,14,468
FRANKLIN,house,33,inperson,15,490
FRANKLIN,house,33,inperson,17,342
FRANKLIN,house,33,inperson,18,659
FRANKLIN,house,33,inperson,19,588
FRANKLIN,house,33,inperson,20,711
FRANKLIN,house,33,inperson,21,803
FRANKLIN,house,33,mail,0,12
FRANKLIN,house,33,mail,1,20
FRANKLIN,house,33,mail,4,14
FRANKLIN,house,33,mail,5,12
FRANKLIN,house,33,mail,6,21
FRANKLIN,house,33,mail,7,15
FRANKLIN,house,33,mail,8,19
FRANKLIN,house,33,mail,11,19
FRANKLIN,house,33,mail,12,18
FRANKLIN,house,33,mail,13,21
FRANKLIN,house,33,mail,14,36
FRANKLIN,house,33,mail,15,28
FRANKLIN,house,33,mail,17,14
FRANKLIN,house,33,mail,18,46
FRANKLIN,house,33,mail,19,15
FRANKLIN,house,33,mail,20,17
FRANKLIN,house,33,mail,21,58
FRANKLIN,house,33,mail,22,2
FRANKLIN,house,33,mail,25,21
FRANKLIN,house,33,mail,26,13
FRANKLIN,house,33,mail,31,3
FRANKLIN,senate,50,inperson,4,721
FRANKLIN,senate,50,inperson,5,380
FRANKLIN,senate,50,inperson,6,384
FRANKLIN,senate,50,inperson,7,447
FRANKLIN,senate,50,inperson,8,404
FRANKLIN,senate,50,inperson,10,415
FRANKLIN,senate,50,inperson,11,554
FRANKLIN,senate,50,inperson,12,415
FRANKLIN,senate,50,inperson,13,465
FRANKLIN,senate,50,inperson,14,468
FRANKLIN,senate,50,inperson,15,490
FRANKLIN,senate,50,inperson,17,342
FRANKLIN,senate,50,inperson,18,659
FRANKLIN,senate,50,inperson,19,588
FRANKLIN,senate,50,inperson,20,711
FRANKLIN,senate,50,inperson,21,803
FRANKLIN,senate,50,mail,0,12
FRANKLIN,senate,50,mail,1,20
FRANKLIN,senate,50,mail,4,14
FRANKLIN,senate,50,mail,5,12
FRANKLIN,senate,50,mail,6,21
FRANKLIN,senate,50,mail,7,15
FRANKLIN,senate,50,mail,8,19
FRANKLIN,senate,50,mail,11,19
FRANKLIN,senate,50,mail,12,18
FRANKLIN,senate,50,mail,13,21
FRANKLIN,senate,50,mail,14,36
FRANKLIN,senate,50,mail,15,28
FRANKLIN,senate,50,mail,17,14
FRANKLIN,senate,50,mail,18,46
FRANKLIN,senate,50,mail,19,15
FRANKLIN,senate,50,mail,20,17
FRANKLIN,senate,50,mail,21,58
FRANKLIN,senate,50,mail,22,2
FRANKLIN,senate,50,mail,25,21
FRANKLIN,senate,50,mail,26,13
FRANKLIN,senate,50,mail,31,3
FULTON,house,101,inperson,4,1
FULTON,house,101,inperson,16,1
FULTON,house,116,inperson,7,1
FULTON,house,122,inperson,14,1
FULTON,house,21,inperson,10,1
FULTON,house,23,inperson,12,1
FULTON,house,25,inperson,4,374
FULTON,house,25,inperson,5,270
FULTON,house,25,inperson,6,246
FULTON,house,25,inperson,7,232
FULTON,house,25,inperson,8,268
FULTON,house,25,inperson,9,151
FULTON,house,25,inperson,10,260
FULTON,house,25,inperson,11,376
FULTON,house,25,inperson,12,298
FULTON,house,25,inperson,13,289
FULTON,house,25,inperson,14,341
FULTON,house,25,inperson,15,382
FULTON,house,25,inperson,16,144
FULTON,house,25,inperson,17,255
FULTON,house,25,inperson,18,447
FULTON,house,25,inperson,19,355
FULTON,house,25,inperson,20,393
FULTON,house,25,inperson,21,370
FULTON,house,25,mail,0,32
FULTON,house,25,mail,1,16
FULTON,house,25,mail,2,9
FULTON,house,25,mail,3,32
FULTON,house,25,mail,4,30
FULTON,house,25,mail,5,25
FULTON,house,25,mail,6,21
FULTON,house,25,mail,7,21
FULTON,house,25,mail,8,31
FULTON,house,25,mail,9,5
FULTON,house,25,mail,10,28
FULTON,house,25,mail,11,25
FULTON,house,25,mail,12,15
FULTON,house,25,mail,13,43
FULTON,house,25,mail,14,24
FULTON,house,25,mail,15,51
FULTON,house,25,mail,16,15
FULTON,house,25,mail,17,48
FULTON,house,25,mail,18,10
FULTON,house,25,mail,19,3
FULTON,house,25,mail,20,2
FULTON,house,25,mail,21,1
FULTON,house,25,mail,24,2
FULTON,house,25,mail,25,2
FULTON,house,25,mail,26,1
FULTON,house,25,mail,28,4
FULTON,house,25,mail,29,1
FULTON,house,25,mail,31,2
FULTON,house,25,mail,32,1
FULTON,house,25,mail,36,3
FULTON,house,38,inperson,10,1
FULTON,house,39,inperson,4,1
FULTON,house,43,inperson,4,1
FULTON,house,46,inperson,4,1
FULTON,house,47,inperson,0,2
FULTON,house,47,inperson,4,1640
FULTON,house,47,inperson,5,1031
FULTON,house,47,inperson,6,992
FULTON,house,47,inperson,7,1047
FULTON,house,47,inperson,8,1186
FULTON,house,47,inperson,9,570
FULTON,house,47,inperson,10,879
FULTON,house,47,inperson,11,1458
FULTON,house,47,inperson,12,1198
FULTON,house,47,inperson,13,1310
FULTON,house,47,inperson,14,1541
FULTON,house,47,inperson,15,1431
FULTON,house,47,inperson,16,649
FULTON,house,47,inperson,17,1080
FULTON,house,47,inperson,18,1852
FULTON,house,47,inperson,19,1658
FULTON,house,47,inperson,20,1788
FULTON,house,47,inperson,21,1975
FULTON,house,47,mail,0,105
FULTON,house,47,mail,1,46
FULTON,house,47,mail,2,41
FULTON,house,47,mail,3,103
FULTON,house,47,mail,4,101
FULTON,house,47,mail,5,67
FULTON,house,47,mail,6,77
FULTON,house,47,mail,7,67
FULTON,house,47,mail,8,91
FULTON,house,47,mail,9,17
FULTON,house,47,mail,10,82
FULTON,house,47,mail,11,91
FULTON,house,47,mail,12,120
FULTON,house,47,mail,13,136
FULTON,house,47,mail,14,72
FULTON,house,47,mail,15,166
FULTON,house,47,mail,16,21
FULTON,house,47,mail,17,182
FULTON,house,47,mail,18,43
FULTON,house,47,mail,19,76
FULTON,house,47,mail,20,22
FULTON,house,47,mail,21,5
FULTON,house,47,mail,22,1
FULTON,house,47,mail,24,1
FULTON,house,47,mail,25,2
FULTON,house,47,mail,26,2
FULTON,house,47,mail,27,1
FULTON,house,47,mail,28,1
FULTON,house,47,mail,29,1
FULTON,house,47,mail,31,3
FULTON,house,47,mail,34,1
FULTON,house,47,mail,35,1
FULTON,house,47,mail,43,1
FULTON,house,47,mail,44,1
FULTON,house,48,inperson,4,1325
FULTON,house,48,inperson,5,869
FULTON,house,48,inperson,6,835
FULTON,house,48,inperson,7,845
FULTON,house,48,inperson,8,890
FULTON,house,48,inperson,9,438
FULTON,house,48,inperson,10,654
FULTON,house,48,inperson,11,1108
FULTON,house,48,inperson,12,1019
FULTON,house,48,inperson,13,982
FULTON,house,48,inperson,14,1099
FULTON,house,48,inperson,15,1293
FULTON,house,48,inperson,16,496
FULTON,house,48,inperson,17,853
FULTON,house,48,inperson,18,1580
FULTON,house,48,inperson,19,1381
FULTON,house,48,inperson,20,1528
FULTON,house,48,inperson,21,1741
FULTON,house,48,mail,0,95
FULTON,house,48,mail,1,27
FULTON,house,48,mail,2,47
FULTON,house,48,mail,3,72
FULTON,house,48,mail,4,46
FULTON,house,48,mail,5,49
FULTON,house,48,mail,6,56
FULTON,house,48,mail,7,43
FULTON,house,48,mail,8,87
FULTON,house,48,mail,9,16
FULTON,house,48,mail,10,68
FULTON,house,48,mail,11,68
FULTON,house,48,mail,12,88
FULTON,house,48,mail,13,118
FULTON,house,48,mail,14,56
FULTON,house,48,mail,15,130
FULTON,house,48,mail,16,22
FULTON,house,48,mail,17,135
FULTON,house,48,mail,18,32
FULTON,house,48,mail,19,50
FULTON,house,48,mail,20,8
FULTON,house,48,mail,21,12
FULTON,house,48,mail,22,1
FULTON,house,48,mail,24,2
FULTON,house,48,mail,25,2
FULTON,house,48,mail,26,1
FULTON,house,48,mail,27,3
FULTON,house,48,mail,28,7
FULTON,house,48,mail,31,2
FULTON,house,48,mail,33,3
FULTON,house,48,mail,34,2
FULTON,house,48,mail,35,3
FULTON,house,48,mail,36,4
FULTON,house,48,mail,41,2
FULTON,house,48,mail,43,1
FULTON,house,48,mail,57,1
FULTON,house,49,inperson,4,1988
FULTON,house,49,inperson,5,1329
FULTON,house,49,inperson,6,1361
FULTON,house,49,inperson,7,1386
FULTON,house,49,inperson,8,1458
FULTON,house,49,inperson,9,709
FULTON,house,49,inperson,10,1049
FULTON,house,49,inperson,11,1976
FULTON,house,49,inperson,12,1593
FULTON,house,49,inperson,13,1697
FULTON,house,49,inperson,14,1830
FULTON,house,49,inperson,15,2095
FULTON,house,49,inperson,16,710
FULTON,house,49,inperson,17,1245
FULTON,house,49,inperson,18,2492
FULTON,house,49,inperson,19,2365
FULTON,house,49,inperson,20,2382
FULTON,house,49,inperson,21,2592
FULTON,house,49,mail,0,139
FULTON,house,49,mail,1,48
FULTON,house,49,mail,2,58
FULTON,house,49,mail,3,117
FULTON,house,49,mail,4,96
FULTON,house,49,mail,5,85
FULTON,house,49,mail,6,116
FULTON,house,49,mail,7,77
FULTON,house,49,mail,8,155
FULTON,house,49,mail,9,30
FULTON,house,49,mail,10,100
FULTON,house,49,mail,11,120
FULTON,house,49,mail,12,148
FULTON,house,49,mail,13,193
FULTON,house,49,mail,14,123
FULTON,house,49,mail,15,213
FULTON,house,49,mail,16,38
FULTON,house,49,mail,17,292
FULTON,house,49,mail,18,52
FULTON,house,49,mail,19,97
FULTON,house,49,mail,20,35
FULTON,house,49,mail,21,9
FULTON,house,49,mail,23,1
FULTON,house,49,mail,24,5
FULTON,house,49,mail,25,10
FULTON,house,49,mail,26,2
FULTON,house,49,mail,27,1
FULTON,house,49,mail,28,9
FULTON,house,49,mail,29,6
FULTON,house,49,mail,31,6
FULTON,house,49,mail,32,2
FULTON,house,49,mail,33,3
FULTON,house,49,mail,34,4
FULTON,house,49,mail,35,1
FULTON,house,49,mail,36,5
FULTON,house,50,inperson,4,1684
FULTON,house,50,inperson,5,1139
FULTON,house,50,inperson,6,1138
FULTON,house,50,inperson,7,987
FULTON,house,50,inperson,8,1082
FULTON,house,50,inperson,9,727
FULTON,house,50,inperson,10,928
FULTON,house,50,inperson,11,1389
FULTON,house,50,inperson,12,1179
FULTON,house,50,inperson,13,1095
FULTON,house,50,inperson,14,1268
FULTON,house,50,inperson,15,1547
FULTON,house,50,inperson,16,718
FULTON,house,50,inperson,17,1224
FULTON,house,50,inperson,18,1814
FULTON,house,50,inperson,19,1514
FULTON,house,50,inperson,20,1541
FULTON,house,50,inperson,21,1838
FULTON,house,50,mail,0,154
FULTON,house,50,mail,1,53
FULTON,house,50,mail,2,57
FULTON,house,50,mail,3,113
FULTON,house,50,mail,4,88
FULTON,house,50,mail,5,73
FULTON,house,50,mail,6,76
FULTON,house,50,mail,7,55
FULTON,house,50,mail,8,135
FULTON,house,50,mail,9,19
FULTON,house,50,mail,10,107
FULTON,house,50,mail,11,99
FULTON,house,50,mail,12,91
FULTON,house,50,mail,13,146
FULTON,house,50,mail,14,71
FULTON,house,50,mail,15,191
FULTON,house,50,mail,16,29
FULTON,house,50,mail,17,183
FULTON,house,50,mail,18,22
FULTON,house,50,mail,19,20
FULTON,house,50,mail,20,5
FULTON,house,50,mail,21,12
FULTON,house,50,mail,24,4
FULTON,house,50,mail,25,7
FULTON,house,50,mail,26,4
FULTON,house,50,mail,27,1
FULTON,house,50,mail,28,9
FULTON,house,50,mail,29,5
FULTON,house,50,mail,30,1
FULTON,house,50,mail,32,4
FULTON,house,50,mail,33,1
FULTON,house,50,mail,34,4
FULTON,house,50,mail,35,4
FULTON,house,50,mail,36,5
FULTON,house,50,mail,41,2
FULTON,house,51,inperson,4,1649
FULTON,house,51,inperson,5,1111
FULTON,house,51,inperson,6,1065
FULTON,house,51,inperson,7,987
FULTON,house,51,inperson,8,1138
FULTON,house,51,inperson,9,465
FULTON,house,51,inperson,10,778
FULTON,house,51,inperson,11,1309
FULTON,house,51,inperson,12,1160
FULTON,house,51,inperson,13,1269
FULTON,house,51,inperson,14,1375
FULTON,house,51,inperson,15,1564
FULTON,house,51,inperson,16,611
FULTON,house,51,inperson,17,1101
FULTON,house,51,inperson,18,1930
FULTON,house,51,inperson,19,1665
FULTON,house,51,inperson,20,1827
FULTON,house,51,inperson,21,2020
FULTON,house,51,mail,0,100
FULTON,house,51,mail,1,27
FULTON,house,51,mail,2,37
FULTON,house,51,mail,3,72
FULTON,house,51,mail,4,67
FULTON,house,51,mail,5,47
FULTON,house,51,mail,6,72
FULTON,house,51,mail,7,78
FULTON,house,51,mail,8,65
FULTON,house,51,mail,9,26
FULTON,house,51,mail,10,76
FULTON,house,51,mail,11,66
FULTON,house,51,mail,12,83
FULTON,house,51,mail,13,121
FULTON,house,51,mail,14,62
FULTON,house,51,mail,15,102
FULTON,house,51,mail,16,24
FULTON,house,51,mail,17,139
FULTON,house,51,mail,18,48
FULTON,house,51,mail,19,90
FULTON,house,51,mail,20,52
FULTON,house,51,mail,21,69
FULTON,house,51,mail,24,1
FULTON,house,51,mail,25,6
FULTON,house,51,mail,26,4
FULTON,house,51,mail,27,3
FULTON,house,51,mail,28,3
FULTON,house,51,mail,29,6
FULTON,house,51,mail,30,1
FULTON,house,51,mail,31,4
FULTON,house,51,mail,32,1
FULTON,house,51,mail,34,1
FULTON,house,51,mail,35,2
FULTON,house,51,mail,36,11
FULTON,house,52,inperson,4,896
FULTON,house,52,inperson,5,639
FULTON,house,52,inperson,6,575
FULTON,house,52,inperson,7,562
FULTON,house,52,inperson,8,585
FULTON,house,52,inperson,9,201
FULTON,house,52,inperson,10,421
FULTON,house,52,inperson,11,712
FULTON,house,52,inperson,12,573
FULTON,house,52,inperson,13,591
FULTON,house,52,inperson,14,691
FULTON,house,52,inperson,15,766
FULTON,house,52,inperson,16,307
FULTON,house,52,inperson,17,502
FULTON,house,52,inperson,18,1060
FULTON,house,52,inperson,19,1092
FULTON,house,52,inperson,20,960
FULTON,house,52,inperson,21,1132
FULTON,house,52,mail,0,42
FULTON,house,52,mail,1,20
FULTON,house,52,mail,2,22
FULTON,house,52,mail,3,65
FULTON,house,52,mail,4,34
FULTON,house,52,mail,5,28
FULTON,house,52,mail,6,32
FULTON,house,52,mail,7,36
FULTON,house,52,mail,8,43
FULTON,house,52,mail,9,6
FULTON,house,52,mail,10,54
FULTON,house,52,mail,11,48
FULTON,house,52,mail,12,55
FULTON,house,52,mail,13,49
FULTON,house,52,mail,14,36
FULTON,house,52,mail,15,62
FULTON,house,52,mail,16,14
FULTON,house,52,mail,17,107
FULTON,house,52,mail,18,37
FULTON,house,52,mail,19,84
FULTON,house,52,mail,20,11
FULTON,house,52,mail,21,57
FULTON,house,52,mail,24,2
FULTON,house,52,mail,25,10
FULTON,house,52,mail,26,1
FULTON,house,52,mail,27,4
FULTON,house,52,mail,28,5
FULTON,house,52,mail,29,4
FULTON,house,52,mail,31,1
FULTON,house,52,mail,32,1
FULTON,house,52,mail,33,2
FULTON,house,52,mail,34,2
FULTON,house,52,mail,36,3
FULTON,house,52,mail,37,1
FULTON,house,53,inperson,4,1847
FULTON,house,53,inperson,5,1354
FULTON,house,53,inperson,6,1352
FULTON,house,53,inperson,7,1367
FULTON,house,53,inperson,8,1414
FULTON,house,53,inperson,9,588
FULTON,house,53,inperson,10,859
FULTON,house,53,inperson,11,1625
FULTON,house,53,inperson,12,1504
FULTON,house,53,inperson,13,1554
FULTON,house,53,inperson,14,1781
FULTON,house,53,inperson,15,2017
FULTON,house,53,inperson,16,763
FULTON,house,53,inperson,17,1173
FULTON,house,53,inperson,18,2399
FULTON,house,53,inperson,19,2219
FULTON,house,53,inperson,20,2396
FULTON,house,53,inperson,21,2520
FULTON,house,53,mail,0,165
FULTON,house,53,mail,1,59
FULTON,house,53,mail,2,59
FULTON,house,53,mail,3,127
FULTON,house,53,mail,4,118
FULTON,house,53,mail,5,104
FULTON,house,53,mail,6,86
FULTON,house,53,mail,7,115
FULTON,house,53,mail,8,151
FULTON,house,53,mail,9,29
FULTON,house,53,mail,10,104
FULTON,house,53,mail,11,121
FULTON,house,53,mail,12,118
FULTON,house,53,mail,13,147
FULTON,house,53,mail,14,107
FULTON,house,53,mail,15,175
FULTON,house,53,mail,16,23
FULTON,house,53,mail,17,199
FULTON,house,53,mail,18,59
FULTON,house,53,mail,19,158
FULTON,house,53,mail,20,35
FULTON,house,53,mail,21,99
FULTON,house,53,mail,24,6
FULTON,house,53,mail,25,3
FULTON,house,53,mail,26,8
FULTON,house,53,mail,27,1
FULTON,house,53,mail,28,6
FULTON,house,53,mail,29,7
FULTON,house,53,mail,30,1
FULTON,house,53,mail,31,2
FULTON,house,53,mail,32,3
FULTON,house,53,mail,34,2
FULTON,house,53,mail,35,2
FULTON,house,53,mail,36,9
FULTON,house,53,mail,57,1
FULTON,house,54,inperson,4,1829
FULTON,house,54,inperson,5,1308
FULTON,house,54,inperson,6,1155
FULTON,house,54,inperson,7,1222
FULTON,house,54,inperson,8,1243
FULTON,house,54,inperson,9,561
FULTON,house,54,inperson,10,822
FULTON,house,54,inperson,11,1482
FULTON,house,54,inperson,12,1187
FULTON,house,54,inperson,13,1291
FULTON,house,54,inperson,14,1366
FULTON,house,54,inperson,15,1619
FULTON,house,54,inperson,16,552
FULTON,house,54,inperson,17,991
FULTON,house,54,inperson,18,1703
FULTON,house,54,inperson,19,1566
FULTON,house,54,inperson,20,1677
FULTON,house,54,inperson,21,1823
FULTON,house,54,mail,0,138
FULTON,house,54,mail,1,32
FULTON,house,54,mail,2,35
FULTON,house,54,mail,3,106
FULTON,house,54,mail,4,111
FULTON,house,54,mail,5,100
FULTON,house,54,mail,6,77
FULTON,house,54,mail,7,76
FULTON,house,54,mail,8,143
FULTON,house,54,mail,9,18
FULTON,house,54,mail,10,95
FULTON,house,54,mail,11,116
FULTON,house,54,mail,12,99
FULTON,house,54,mail,13,164
FULTON,house,54,mail,14,92
FULTON,house,54,mail,15,157
FULTON,house,54,mail,16,36
FULTON,house,54,mail,17,262
FULTON,house,54,mail,18,42
FULTON,house,54,mail,19,185
FULTON,house,54,mail,20,19
FULTON,house,54,mail,21,113
FULTON,house,54,mail,22,1
FULTON,house,54,mail,24,8
FULTON,house,54,mail,25,11
FULTON,house,54,mail,26,1
FULTON,house,54,mail,27,3
FULTON,house,54,mail,28,6
FULTON,house,54,mail,30,1
FULTON,house,54,mail,31,3
FULTON,house,54,mail,32,1
FULTON,house,54,mail,33,7
FULTON,house,54,mail,34,4
FULTON,house,54,mail,35,7
FULTON,house,54,mail,36,7
FULTON,house,54,mail,41,1
FULTON,house,55,inperson,0,3
FULTON,house,55,inperson,4,1798
FULTON,house,55,inperson,5,1190
FULTON,house,55,inperson,6,1151
FULTON,house,55,inperson,7,1102
FULTON,house,55,inperson,8,1113
FULTON,house,55,inperson,9,443
FULTON,house,55,inperson,10,764
FULTON,house,55,inperson,11,1235
FULTON,house,55,inperson,12,1058
FULTON,house,55,inperson,13,1090
FULTON,house,55,inperson,14,1097
FULTON,house,55,inperson,15,1322
FULTON,house,55,inperson,16,464
FULTON,house,55,inperson,17,855
FULTON,house,55,inperson,18,1579
FULTON,house,55,inperson,19,1410
FULTON,house,55,inperson,20,1540
FULTON,house,55,inperson,21,1979
FULTON,house,55,mail,0,91
FULTON,house,55,mail,1,50
FULTON,house,55,mail,2,37
FULTON,house,55,mail,3,68
FULTON,house,55,mail,4,58
FULTON,house,55,mail,5,42
FULTON,house,55,mail,6,43
FULTON,house,55,mail,7,65
FULTON,house,55,mail,8,166
FULTON,house,55,mail,9,16
FULTON,house,55,mail,10,56
FULTON,house,55,mail,11,85
FULTON,house,55,mail,12,79
FULTON,house,55,mail,13,125
FULTON,house,55,mail,14,62
FULTON,house,55,mail,15,99
FULTON,house,55,mail,16,18
FULTON,house,55,mail,17,182
FULTON,house,55,mail,18,39
FULTON,house,55,mail,19,148
FULTON,house,55,mail,20,17
FULTON,house,55,mail,21,61
FULTON,house,55,mail,22,2
FULTON,house,55,mail,24,3
FULTON,house,55,mail,25,2
FULTON,house,55,mail,26,3
FULTON,house,55,mail,27,3
FULTON,house,55,mail,28,7
FULTON,house,55,mail,31,4
FULTON,house,55,mail,32,3
FULTON,house,55,mail,33,5
FULTON,house,55,mail,34,2
FULTON,house,55,mail,36,3
FULTON,house,56,inperson,4,1693
FULTON,house,56,inperson,5,1132
FULTON,house,56,inperson,6,1041
FULTON,house,56,inperson,7,921
FULTON,house,56,inperson,8,786
FULTON,house,56,inperson,9,439
FULTON,house,56,inperson,10,575
FULTON,house,56,inperson,11,1364
FULTON,house,56,inperson,12,1315
FULTON,house,56,inperson,13,702
FULTON,house,56,inperson,14,750
FULTON,house,56,inperson,15,838
FULTON,house,56,inperson,16,333
FULTON,house,56,inperson,17,599
FULTON,house,56,inperson,18,989
FULTON,house,56,inperson,19,862
FULTON,house,56,inperson,20,965
FULTON,house,56,inperson,21,1369
FULTON,house,56,mail,0,74
FULTON,house,56,mail,1,36
FULTON,house,56,mail,2,29
FULTON,house,56,mail,3,47
FULTON,house,56,mail,4,38
FULTON,house,56,mail,5,51
FULTON,house,56,mail,6,35
FULTON,house,56,mail,7,39
FULTON,house,56,mail,8,72
FULTON,house,56,mail,9,7
FULTON,house,56,mail,10,34
FULTON,house,56,mail,11,44
FULTON,house,56,mail,12,60
FULTON,house,56,mail,13,64
FULTON,house,56,mail,14,37
FULTON,house,56,mail,15,72
FULTON,house,56,mail,16,4
FULTON,house,56,mail,17,128
FULTON,house,56,mail,18,10
FULTON,house,56,mail,19,61
FULTON,house,56,mail,20,5
FULTON,house,56,mail,21,38
FULTON,house,56,mail,25,4
FULTON,house,56,mail,26,1
FULTON,house,56,mail,27,4
FULTON,house,56,mail,28,6
FULTON,house,56,mail,29,1
FULTON,house,56,mail,31,1
FULTON,house,56,mail,32,1
FULTON,house,56,mail,33,1
FULTON,house,56,mail,34,1
FULTON,house,56,mail,36,4
FULTON,house,56,mail,43,2
FULTON,house,57,inperson,4,1741
FULTON,house,57,inperson,5,1308
FULTON,house,57,inperson,6,1274
FULTON,house,57,inperson,7,1202
FULTON,house,57,inperson,8,1199
FULTON,house,57,inperson,9,578
FULTON,house,57,inperson,10,926
FULTON,house,57,inperson,11,1545
FULTON,house,57,inperson,12,1258
FULTON,house,57,inperson,13,1306
FULTON,house,57,inperson,14,1391
FULTON,house,57,inperson,15,1641
FULTON,house,57,inperson,16,591
FULTON,house,57,inperson,17,1188
FULTON,house,57,inperson,18,1942
FULTON,house,57,inperson,19,1553
FULTON,house,57,inperson,20,1863
FULTON,house,57,inperson,21,2042
FULTON,house,57,mail,0,109
FULTON,house,57,mail,1,61
FULTON,house,57,mail,2,55
FULTON,house,57,mail,3,99
FULTON,house,57,mail,4,113
FULTON,house,57,mail,5,109
FULTON,house,57,mail,6,92
FULTON,house,57,mail,7,77
FULTON,house,57,mail,8,184
FULTON,house,57,mail,9,22
FULTON,house,57,mail,10,104
FULTON,house,57,mail,11,119
FULTON,house,57,mail,12,123
FULTON,house,57,mail,13,156
FULTON,house,57,mail,14,95
FULTON,house,57,mail,15,144
FULTON,house,57,mail,16,27
FULTON,house,57,mail,17,229
FULTON,house,57,mail,18,43
FULTON,house,57,mail,19,182
FULTON,house,57,mail,20,35
FULTON,house,57,mail,21,81
FULTON,house,57,mail,24,7
FULTON,house,57,mail,25,12
FULTON,house,57,mail,26,10
FULTON,house,57,mail,27,10
FULTON,house,57,mail,28,18
FULTON,house,57,mail,29,12
FULTON,house,57,mail,30,1
FULTON,house,57,mail,31,11
FULTON,house,57,mail,32,4
FULTON,house,57,mail,33,6
FULTON,house,57,mail,34,4
FULTON,house,57,mail,35,3
FULTON,house,57,mail,36,13
FULTON,house,57,mail,43,2
FULTON,house,58,inperson,4,1898
FULTON,house,58,inperson,5,1288
FULTON,house,58,inperson,6,1199
FULTON,house,58,inperson,7,1148
FULTON,house,58,inperson,8,1058
FULTON,house,58,inperson,9,411
FULTON,house,58,inperson,10,684
FULTON,house,58,inperson,11,1156
FULTON,house,58,inperson,12,1022
FULTON,house,58,inperson,13,1090
FULTON,house,58,inperson,14,1193
FULTON,house,58,inperson,15,1286
FULTON,house,58,inperson,16,412
FULTON,house,58,inperson,17,771
FULTON,house,58,inperson,18,1516
FULTON,house,58,inperson,19,1390
FULTON,house,58,inperson,20,1629
FULTON,house,58,inperson,21,2098
FULTON,house,58,mail,0,78
FULTON,house,58,mail,1,31
FULTON,house,58,mail,2,37
FULTON,house,58,mail,3,73
FULTON,house,58,mail,4,62
FULTON,house,58,mail,5,58
FULTON,house,58,mail,6,42
FULTON,house,58,mail,7,45
FULTON,house,58,mail,8,68
FULTON,house,58,mail,9,9
FULTON,house,58,mail,10,61
FULTON,house,58,mail,11,51
FULTON,house,58,mail,12,72
FULTON,house,58,mail,13,100
FULTON,house,58,mail,14,45
FULTON,house,58,mail,15,89
FULTON,house,58,mail,16,4
FULTON,house,58,mail,17,170
FULTON,house,58,mail,18,8
FULTON,house,58,mail,19,95
FULTON,house,58,mail,20,21
FULTON,house,58,mail,21,47
FULTON,house,58,mail,24,6
FULTON,house,58,mail,25,2
FULTON,house,58,mail,26,5
FULTON,house,58,mail,27,4
FULTON,house,58,mail,28,5
FULTON,house,58,mail,29,10
FULTON,house,58,mail,31,2
FULTON,house,58,mail,32,5
FULTON,house,58,mail,33,3
FULTON,house,58,mail,34,2
FULTON,house,58,mail,35,6
FULTON,house,58,mail,36,7
FULTON,house,58,mail,41,1
FULTON,house,59,inperson,4,1834
FULTON,house,59,inperson,5,1205
FULTON,house,59,inperson,6,1050
FULTON,house,59,inperson,7,1039
FULTON,house,59,inperson,8,1038
FULTON,house,59,inperson,9,403
FULTON,house,59,inperson,10,593
FULTON,house,59,inperson,11,1067
FULTON,house,59,inperson,12,894
FULTON,house,59,inperson,13,967
FULTON,house,59,inperson,14,1077
FULTON,house,59,inperson,15,1134
FULTON,house,59,inperson,16,306
FULTON,house,59,inperson,17,725
FULTON,house,59,inperson,18,1381
FULTON,house,59,inperson,19,1293
FULTON,house,59,inperson,20,1489
FULTON,house,59,inperson,21,1980
FULTON,house,59,mail,0,64
FULTON,house,59,mail,1,32
FULTON,house,59,mail,2,38
FULTON,house,59,mail,3,35
FULTON,house,59,mail,4,89
FULTON,house,59,mail,5,46
FULTON,house,59,mail,6,32
FULTON,house,59,mail,7,38
FULTON,house,59,mail,8,74
FULTON,house,59,mail,9,3
FULTON,house,59,mail,10,32
FULTON,house,59,mail,11,41
FULTON,house,59,mail,12,77
FULTON,house,59,mail,13,79
FULTON,house,59,mail,14,30
FULTON,house,59,mail,15,88
FULTON,house,59,mail,17,171
FULTON,house,59,mail,18,7
FULTON,house,59,mail,19,99
FULTON,house,59,mail,20,5
FULTON,house,59,mail,21,39
FULTON,house,59,mail,24,5
FULTON,house,59,mail,25,1
FULTON,house,59,mail,26,1
FULTON,house,59,mail,27,4
FULTON,house,59,mail,28,3
FULTON,house,59,mail,29,5
FULTON,house,59,mail,30,1
FULTON,house,59,mail,31,3
FULTON,house,59,mail,32,1
FULTON,house,59,mail,33,4
FULTON,house,59,mail,34,1
FULTON,house,59,mail,36,3
FULTON,house,60,inperson,0,1
FULTON,house,60,inperson,4,1724
FULTON,house,60,inperson,5,987
FULTON,house,60,inperson,6,983
FULTON,house,60,inperson,7,958
FULTON,house,60,inperson,8,1012
FULTON,house,60,inperson,9,425
FULTON,house,60,inperson,10,637
FULTON,house,60,inperson,11,1142
FULTON,house,60,inperson,12,930
FULTON,house,60,inperson,13,1026
FULTON,house,60,inperson,14,1099
FULTON,house,60,inperson,15,1218
FULTON,house,60,inperson,16,426
FULTON,house,60,inperson,17,847
FULTON,house,60,inperson,18,1511
FULTON,house,60,inperson,19,1294
FULTON,house,60,inperson,20,1531
FULTON,house,60,inperson,21,1924
FULTON,house,60,mail,0,92
FULTON,house,60,mail,1,28
FULTON,house,60,mail,2,45
FULTON,house,60,mail,3,70
FULTON,house,60,mail,4,64
FULTON,house,60,mail,5,59
FULTON,house,60,mail,6,48
FULTON,house,60,mail,7,63
FULTON,house,60,mail,8,130
FULTON,house,60,mail,9,13
FULTON,house,60,mail,10,48
FULTON,house,60,mail,11,70
FULTON,house,60,mail,12,66
FULTON,house,60,mail,13,79
FULTON,house,60,mail,14,43
FULTON,house,60,mail,15,97
FULTON,house,60,mail,16,13
FULTON,house,60,mail,17,128
FULTON,house,60,mail,18,26
FULTON,house,60,mail,19,139
FULTON,house,60,mail,20,10
FULTON,house,60,mail,21,71
FULTON,house,60,mail,24,2
FULTON,house,60,mail,25,2
FULTON,house,60,mail,28,2
FULTON,house,60,mail,29,5
FULTON,house,60,mail,31,1
FULTON,house,60,mail,33,5
FULTON,house,60,mail,34,1
FULTON,house,60,mail,35,1
FULTON,house,60,mail,40,1
FULTON,house,60,mail,42,1
FULTON,house,61,inperson,4,689
FULTON,house,61,inperson,5,400
FULTON,house,61,inperson,6,361
FULTON,house,61,inperson,7,362
FULTON,house,61,inperson,8,385
FULTON,house,61,inperson,9,203
FULTON,house,61,inperson,10,261
FULTON,house,61,inperson,11,407
FULTON,house,61,inperson,12,335
FULTON,house,61,inperson,13,396
FULTON,house,61,inperson,14,484
FULTON,house,61,inperson,15,569
FULTON,house,61,inperson,16,221
FULTON,house,61,inperson,17,348
FULTON,house,61,inperson,18,797
FULTON,house,61,inperson,19,759
FULTON,house,61,inperson,20,943
FULTON,house,61,inperson,21,1455
FULTON,house,61,mail,0,30
FULTON,house,61,mail,1,14
FULTON,house,61,mail,2,13
FULTON,house,61,mail,3,18
FULTON,house,61,mail,4,27
FULTON,house,61,mail,5,11
FULTON,house,61,mail,6,13
FULTON,house,61,mail,7,30
FULTON,house,61,mail,8,22
FULTON,house,61,mail,9,3
FULTON,house,61,mail,10,13
FULTON,house,61,mail,11,22
FULTON,house,61,mail,12,25
FULTON,house,61,mail,13,27
FULTON,house,61,mail,14,27
FULTON,house,61,mail,15,16
FULTON,house,61,mail,16,10
FULTON,house,61,mail,17,51
FULTON,house,61,mail,18,18
FULTON,house,61,mail,19,57
FULTON,house,61,mail,20,7
FULTON,house,61,mail,21,28
FULTON,house,61,mail,24,2
FULTON,house,61,mail,25,1
FULTON,house,61,mail,28,1
FULTON,house,62,inperson,0,1
FULTON,house,62,inperson,4,1764
FULTON,house,62,inperson,5,1175
FULTON,house,62,inperson,6,993
FULTON,house,62,inperson,7,993
FULTON,house,62,inperson,8,1056
FULTON,house,62,inperson,9,361
FULTON,house,62,inperson,10,608
FULTON,house,62,inperson,11,1062
FULTON,house,62,inperson,12,947
FULTON,house,62,inperson,13,955
FULTON,house,62,inperson,14,1165
FULTON,house,62,inperson,15,1292
FULTON,house,62,inperson,16,384
FULTON,house,62,inperson,17,715
FULTON,house,62,inperson,18,1509
FULTON,house,62,inperson,19,1311
FULTON,house,62,inperson,20,1628
FULTON,house,62,inperson,21,2429
FULTON,house,62,mail,0,65
FULTON,house,62,mail,1,22
FULTON,house,62,mail,2,30
FULTON,house,62,mail,3,57
FULTON,house,62,mail,4,52
FULTON,house,62,mail,5,69
FULTON,house,62,mail,6,41
FULTON,house,62,mail,7,27
FULTON,house,62,mail,8,67
FULTON,house,62,mail,9,7
FULTON,house,62,mail,10,57
FULTON,house,62,mail,11,39
FULTON,house,62,mail,12,69
FULTON,house,62,mail,13,79
FULTON,house,62,mail,14,33
FULTON,house,62,mail,15,48
FULTON,house,62,mail,16,11
FULTON,house,62,mail,17,129
FULTON,house,62,mail,18,12
FULTON,house,62,mail,19,96
FULTON,house,62,mail,20,12
FULTON,house,62,mail,21,38
FULTON,house,62,mail,24,4
FULTON,house,62,mail,25,6
FULTON,house,62,mail,26,1
FULTON,house,62,mail,27,5
FULTON,house,62,mail,28,3
FULTON,house,62,mail,29,1
FULTON,house,62,mail,34,2
FULTON,house,62,mail,36,3
FULTON,house,62,mail,43,2
FULTON,house,63,inperson,4,1639
FULTON,house,63,inperson,5,929
FULTON,house,63,inperson,6,931
FULTON,house,63,inperson,7,916
FULTON,house,63,inperson,8,981
FULTON,house,63,inperson,9,359
FULTON,house,63,inperson,10,567
FULTON,house,63,inperson,11,1009
FULTON,house,63,inperson,12,856
FULTON,house,63,inperson,13,890
FULTON,house,63,inperson,14,898
FULTON,house,63,inperson,15,1112
FULTON,house,63,inperson,16,342
FULTON,house,63,inperson,17,601
FULTON,house,63,inperson,18,1303
FULTON,house,63,inperson,19,1051
FULTON,house,63,inperson,20,1263
FULTON,house,63,inperson,21,1643
FULTON,house,63,mail,0,52
FULTON,house,63,mail,1,33
FULTON,house,63,mail,2,30
FULTON,house,63,mail,3,32
FULTON,house,63,mail,4,40
FULTON,house,63,mail,5,65
FULTON,house,63,mail,6,22
FULTON,house,63,mail,7,32
FULTON,house,63,mail,8,71
FULTON,house,63,mail,9,10
FULTON,house,63,mail,10,46
FULTON,house,63,mail,11,38
FULTON,house,63,mail,12,72
FULTON,house,63,mail,13,70
FULTON,house,63,mail,14,28
FULTON,house,63,mail,15,59
FULTON,house,63,mail,16,5
FULTON,house,63,mail,17,136
FULTON,house,63,mail,18,7
FULTON,house,63,mail,19,59
FULTON,house,63,mail,20,7
FULTON,house,63,mail,21,47
FULTON,house,63,mail,25,1
FULTON,house,63,mail,26,1
FULTON,house,63,mail,27,1
FULTON,house,63,mail,28,8
FULTON,house,63,mail,29,2
FULTON,house,63,mail,31,5
FULTON,house,63,mail,33,4
FULTON,house,63,mail,36,1
FULTON,house,63,mail,41,1
FULTON,house,63,mail,46,1
FULTON,house,63,mail,56,1
FULTON,house,65,inperson,4,1735
FULTON,house,65,inperson,5,1048
FULTON,house,65,inperson,6,886
FULTON,house,65,inperson,7,924
FULTON,house,65,inperson,8,1075
FULTON,house,65,inperson,9,502
FULTON,house,65,inperson,10,747
FULTON,house,65,inperson,11,1082
FULTON,house,65,inperson,12,954
FULTON,house,65,inperson,13,959
FULTON,house,65,inperson,14,1190
FULTON,house,65,inperson,15,1359
FULTON,house,65,inperson,16,557
FULTON,house,65,inperson,17,1016
FULTON,house,65,inperson,18,1732
FULTON,house,65,inperson,19,1602
FULTON,house,65,inperson,20,1905
FULTON,house,65,inperson,21,2707
FULTON,house,65,mail,0,80
FULTON,house,65,mail,1,40
FULTON,house,65,mail,2,24
FULTON,house,65,mail,3,42
FULTON,house,65,mail,4,47
FULTON,house,65,mail,5,26
FULTON,house,65,mail,6,23
FULTON,house,65,mail,7,53
FULTON,house,65,mail,8,45
FULTON,house,65,mail,9,3
FULTON,house,65,mail,10,59
FULTON,house,65,mail,11,23
FULTON,house,65,mail,12,45
FULTON,house,65,mail,13,59
FULTON,house,65,mail,14,38
FULTON,house,65,mail,15,48
FULTON,house,65,mail,16,9
FULTON,house,65,mail,17,86
FULTON,house,65,mail,18,21
FULTON,house,65,mail,19,74
FULTON,house,65,mail,20,24
FULTON,house,65,mail,21,45
FULTON,house,65,mail,26,1
FULTON,house,65,mail,28,1
FULTON,house,65,mail,29,1
FULTON,house,65,mail,32,1
FULTON,house,65,mail,36,2
FULTON,house,65,mail,42,1
FULTON,house,67,inperson,0,1
FULTON,house,67,inperson,4,1335
FULTON,house,67,inperson,5,823
FULTON,house,67,inperson,6,678
FULTON,house,67,inperson,7,733
FULTON,house,67,inperson,8,719
FULTON,house,67,inperson,9,332
FULTON,house,67,inperson,10,555
FULTON,house,67,inperson,11,762
FULTON,house,67,inperson,12,629
FULTON,house,67,inperson,13,750
FULTON,house,67,inperson,14,813
FULTON,house,67,inperson,15,1001
FULTON,house,67,inperson,16,362
FULTON,house,67,inperson,17,664
FULTON,house,67,inperson,18,1145
FULTON,house,67,inperson,19,1040
FULTON,house,67,inperson,20,1358
FULTON,house,67,inperson,21,1934
FULTON,house,67,mail,0,29
FULTON,house,67,mail,1,29
FULTON,house,67,mail,2,10
FULTON,house,67,mail,3,28
FULTON,house,67,mail,4,26
FULTON,house,67,mail,5,20
FULTON,house,67,mail,6,22
FULTON,house,67,mail,7,18
FULTON,house,67,mail,8,24
FULTON,house,67,mail,9,5
FULTON,house,67,mail,10,25
FULTON,house,67,mail,11,22
FULTON,house,67,mail,12,35
FULTON,house,67,mail,13,50
FULTON,house,67,mail,14,57
FULTON,house,67,mail,15,49
FULTON,house,67,mail,16,9
FULTON,house,67,mail,17,61
FULTON,house,67,mail,18,15
FULTON,house,67,mail,19,48
FULTON,house,67,mail,20,35
FULTON,house,67,mail,21,20
FULTON,house,67,mail,24,3
FULTON,house,67,mail,29,1
FULTON,house,67,mail,31,2
FULTON,house,67,mail,36,1
FULTON,house,68,inperson,4,904
FULTON,house,68,inperson,5,618
FULTON,house,68,inperson,6,534
FULTON,house,68,inperson,7,527
FULTON,house,68,inperson,8,499
FULTON,house,68,inperson,9,217
FULTON,house,68,inperson,10,364
FULTON,house,68,inperson,11,493
FULTON,house,68,inperson,12,414
FULTON,house,68,inperson,13,422
FULTON,house,68,inperson,14,543
FULTON,house,68,inperson,15,641
FULTON,house,68,inperson,16,221
FULTON,house,68,inperson,17,457
FULTON,house,68,inperson,18,762
FULTON,house,68,inperson,19,695
FULTON,house,68,inperson,20,762
FULTON,house,68,inperson,21,1064
FULTON,house,68,mail,0,21
FULTON,house,68,mail,1,13
FULTON,house,68,mail,2,7
FULTON,house,68,mail,3,13
FULTON,house,68,mail,4,15
FULTON,house,68,mail,5,12
FULTON,house,68,mail,6,18
FULTON,house,68,mail,7,11
FULTON,house,68,mail,8,26
FULTON,house,68,mail,9,1
FULTON,house,68,mail,10,24
FULTON,house,68,mail,11,11
FULTON,house,68,mail,12,20
FULTON,house,68,mail,13,35
FULTON,house,68,mail,14,23
FULTON,house,68,mail,15,33
FULTON,house,68,mail,16,5
FULTON,house,68,mail,17,47
FULTON,house,68,mail,18,7
FULTON,house,68,mail,19,37
FULTON,house,68,mail,20,15
FULTON,house,68,mail,21,12
FULTON,house,68,mail,25,2
FULTON,house,68,mail,27,1
FULTON,house,68,mail,36,1
FULTON,house,69,inperson,4,628
FULTON,house,69,inperson,5,418
FULTON,house,69,inperson,6,404
FULTON,house,69,inperson,7,422
FULTON,house,69,inperson,8,408
FULTON,house,69,inperson,9,151
FULTON,house,69,inperson,10,285
FULTON,house,69,inperson,11,344
FULTON,house,69,inperson,12,356
FULTON,house,69,inperson,13,390
FULTON,house,69,inperson,14,459
FULTON,house,69,inperson,15,526
FULTON,house,69,inperson,16,152
FULTON,house,69,inperson,17,288
FULTON,house,69,inperson,18,474
FULTON,house,69,inperson,19,583
FULTON,house,69,inperson,20,656
FULTON,house,69,inperson,21,870
FULTON,house,69,mail,0,23
FULTON,house,69,mail,1,17
FULTON,house,69,mail,2,14
FULTON,house,69,mail,3,18
FULTON,house,69,mail,4,17
FULTON,house,69,mail,5,12
FULTON,house,69,mail,6,8
FULTON,house,69,mail,7,5
FULTON,house,69,mail,8,26
FULTON,house,69,mail,9,3
FULTON,house,69,mail,10,24
FULTON,house,69,mail,11,11
FULTON,house,69,mail,12,30
FULTON,house,69,mail,13,49
FULTON,house,69,mail,14,27
FULTON,house,69,mail,15,35
FULTON,house,69,mail,16,6
FULTON,house,69,mail,17,55
FULTON,house,69,mail,18,4
FULTON,house,69,mail,19,68
FULTON,house,69,mail,20,9
FULTON,house,69,mail,21,28
FULTON,house,69,mail,22,1
FULTON,house,69,mail,24,2
FULTON,house,69,mail,25,1
FULTON,house,69,mail,28,1
FULTON,house,69,mail,33,2
FULTON,house,69,mail,34,1
FULTON,house,80,inperson,15,1
FULTON,house,83,inperson,5,1
FULTON,house,83,inperson,10,3
FULTON,house,84,inperson,12,1
FULTON,house,86,inperson,7,1
FULTON,house,90,inperson,4,1
FULTON,house,90,inperson,9,1
FULTON,house,90,inperson,16,1
FULTON,senate,10,inperson,7,1
FULTON,senate,14,inperson,4,5594
FULTON,senate,14,inperson,5,3835
FULTON,senate,14,inperson,6,3643
FULTON,senate,14,inperson,7,3598
FULTON,senate,14,inperson,8,3779
FULTON,senate,14,inperson,9,1611
FULTON,senate,14,inperson,10,2624
FULTON,senate,14,inperson,11,4482
FULTON,senate,14,inperson,12,3893
FULTON,senate,14,inperson,13,4040
FULTON,senate,14,inperson,14,4447
FULTON,senate,14,inperson,15,5180
FULTON,senate,14,inperson,16,1975
FULTON,senate,14,inperson,17,3393
FULTON,senate,14,inperson,18,6311
FULTON,senate,14,inperson,19,5698
FULTON,senate,14,inperson,20,5903
FULTON,senate,14,inperson,21,6441
FULTON,senate,14,mail,0,364
FULTON,senate,14,mail,1,110
FULTON,senate,14,mail,2,133
FULTON,senate,14,mail,3,321
FULTON,senate,14,mail,4,258
FULTON,senate,14,mail,5,188
FULTON,senate,14,mail,6,229
FULTON,senate,14,mail,7,233
FULTON,senate,14,mail,8,330
FULTON,senate,14,mail,9,68
FULTON,senate,14,mail,10,271
FULTON,senate,14,mail,11,281
FULTON,senate,14,mail,12,323
FULTON,senate,14,mail,13,445
FULTON,senate,14,mail,14,241
FULTON,senate,14,mail,15,444
FULTON,senate,14,mail,16,96
FULTON,senate,14,mail,17,616
FULTON,senate,14,mail,18,161
FULTON,senate,14,mail,19,384
FULTON,senate,14,mail,20,103
FULTON,senate,14,mail,21,244
FULTON,senate,14,mail,22,2
FULTON,senate,14,mail,24,8
FULTON,senate,14,mail,25,28
FULTON,senate,14,mail,26,11
FULTON,senate,14,mail,27,14
FULTON,senate,14,mail,28,24
FULTON,senate,14,mail,29,12
FULTON,senate,14,mail,30,2
FULTON,senate,14,mail,31,14
FULTON,senate,14,mail,32,4
FULTON,senate,14,mail,33,9
FULTON,senate,14,mail,34,7
FULTON,senate,14,mail,35,7
FULTON,senate,14,mail,36,21
FULTON,senate,14,mail,37,1
FULTON,senate,14,mail,41,2
FULTON,senate,14,mail,57,1
FULTON,senate,21,inperson,0,2
FULTON,senate,21,inperson,4,2574
FULTON,senate,21,inperson,5,1672
FULTON,senate,21,inperson,6,1670
FULTON,senate,21,inperson,7,1734
FULTON,senate,21,inperson,8,1915
FULTON,senate,21,inperson,9,919
FULTON,senate,21,inperson,10,1406
FULTON,senate,21,inperson,11,2398
FULTON,senate,21,inperson,12,1948
FULTON,senate,21,inperson,13,2118
FULTON,senate,21,inperson,14,2407
FULTON,senate,21,inperson,15,2404
FULTON,senate,21,inperson,16,997
FULTON,senate,21,inperson,17,1683
FULTON,senate,21,inperson,18,3123
FULTON,senate,21,inperson,19,2889
FULTON,senate,21,inperson,20,3105
FULTON,senate,21,inperson,21,3371
FULTON,senate,21,mail,0,165
FULTON,senate,21,mail,1,70
FULTON,senate,21,mail,2,80
FULTON,senate,21,mail,3,144
FULTON,senate,21,mail,4,143
FULTON,senate,21,mail,5,115
FULTON,senate,21,mail,6,126
FULTON,senate,21,mail,7,112
FULTON,senate,21,mail,8,152
FULTON,senate,21,mail,9,27
FULTON,senate,21,mail,10,124
FULTON,senate,21,mail,11,145
FULTON,senate,21,mail,12,183
FULTON,senate,21,mail,13,236
FULTON,senate,21,mail,14,125
FULTON,senate,21,mail,15,256
FULTON,senate,21,mail,16,40
FULTON,senate,21,mail,17,281
FULTON,senate,21,mail,18,61
FULTON,senate,21,mail,19,109
FULTON,senate,21,mail,20,41
FULTON,senate,21,mail,21,11
FULTON,senate,21,mail,22,1
FULTON,senate,21,mail,24,3
FULTON,senate,21,mail,25,8
FULTON,senate,21,mail,26,2
FULTON,senate,21,mail,27,1
FULTON,senate,21,mail,28,6
FULTON,senate,21,mail,29,4
FULTON,senate,21,mail,31,4
FULTON,senate,21,mail,32,2
FULTON,senate,21,mail,33,1
FULTON,senate,21,mail,34,4
FULTON,senate,21,mail,35,1
FULTON,senate,21,mail,36,1
FULTON,senate,21,mail,43,1
FULTON,senate,21,mail,44,1
FULTON,senate,28,inperson,4,659
FULTON,senate,28,inperson,5,411
FULTON,senate,28,inperson,6,315
FULTON,senate,28,inperson,7,375
FULTON,senate,28,inperson,8,419
FULTON,senate,28,inperson,9,188
FULTON,senate,28,inperson,10,306
FULTON,senate,28,inperson,11,372
FULTON,senate,28,inperson,12,351
FULTON,senate,28,inperson,13,370
FULTON,senate,28,inperson,14,482
FULTON,senate,28,inperson,15,509
FULTON,senate,28,inperson,16,225
FULTON,senate,28,inperson,17,393
FULTON,senate,28,inperson,18,713
FULTON,senate,28,inperson,19,612
FULTON,senate,28,inperson,20,712
FULTON,senate,28,inperson,21,968
FULTON,senate,28,mail,0,29
FULTON,senate,28,mail,1,20
FULTON,senate,28,mail,2,11
FULTON,senate,28,mail,3,17
FULTON,senate,28,mail,4,17
FULTON,senate,28,mail,5,3
FULTON,senate,28,mail,6,11
FULTON,senate,28,mail,7,17
FULTON,senate,28,mail,8,18
FULTON,senate,28,mail,9,2
FULTON,senate,28,mail,10,24
FULTON,senate,28,mail,11,8
FULTON,senate,28,mail,12,6
FULTON,senate,28,mail,13,19
FULTON,senate,28,mail,14,13
FULTON,senate,28,mail,15,17
FULTON,senate,28,mail,16,1
FULTON,senate,28,mail,17,22
FULTON,senate,28,mail,18,3
FULTON,senate,28,mail,19,29
FULTON,senate,28,mail,20,17
FULTON,senate,28,mail,21,8
FULTON,senate,28,mail,26,1
FULTON,senate,28,mail,29,2
FULTON,senate,28,mail,36,2
FULTON,senate,33,inperson,4,1
FULTON,senate,33,inperson,10,1
FULTON,senate,35,inperson,4,2746
FULTON,senate,35,inperson,5,1548
FULTON,senate,35,inperson,6,1389
FULTON,senate,35,inperson,7,1378
FULTON,senate,35,inperson,8,1521
FULTON,senate,35,inperson,9,702
FULTON,senate,35,inperson,10,989
FULTON,senate,35,inperson,11,1607
FULTON,senate,35,inperson,12,1348
FULTON,senate,35,inperson,13,1471
FULTON,senate,35,inperson,14,1619
FULTON,senate,35,inperson,15,1940
FULTON,senate,35,inperson,16,708
FULTON,senate,35,inperson,17,1284
FULTON,senate,35,inperson,18,2475
FULTON,senate,35,inperson,19,2271
FULTON,senate,35,inperson,20,2796
FULTON,senate,35,inperson,21,4079
FULTON,senate,35,mail,0,103
FULTON,senate,35,mail,1,41
FULTON,senate,35,mail,2,42
FULTON,senate,35,mail,3,71
FULTON,senate,35,mail,4,65
FULTON,senate,35,mail,5,56
FULTON,senate,35,mail,6,49
FULTON,senate,35,mail,7,80
FULTON,senate,35,mail,8,103
FULTON,senate,35,mail,9,10
FULTON,senate,35,mail,10,60
FULTON,senate,35,mail,11,54
FULTON,senate,35,mail,12,85
FULTON,senate,35,mail,13,81
FULTON,senate,35,mail,14,55
FULTON,senate,35,mail,15,85
FULTON,senate,35,mail,16,25
FULTON,senate,35,mail,17,162
FULTON,senate,35,mail,18,46
FULTON,senate,35,mail,19,155
FULTON,senate,35,mail,20,21
FULTON,senate,35,mail,21,96
FULTON,senate,35,mail,22,1
FULTON,senate,35,mail,24,3
FULTON,senate,35,mail,25,3
FULTON,senate,35,mail,27,1
FULTON,senate,35,mail,28,3
FULTON,senate,35,mail,29,1
FULTON,senate,35,mail,33,3
FULTON,senate,35,mail,40,1
FULTON,senate,35,mail,42,1
FULTON,senate,36,inperson,0,1
FULTON,senate,36,inperson,4,6073
FULTON,senate,36,inperson,5,3977
FULTON,senate,36,inperson,6,3694
FULTON,senate,36,inperson,7,3535
FULTON,senate,36,inperson,8,3480
FULTON,senate,36,inperson,9,1411
FULTON,senate,36,inperson,10,2165
FULTON,senate,36,inperson,11,3953
FULTON,senate,36,inperson,12,3279
FULTON,senate,36,inperson,13,3340
FULTON,senate,36,inperson,14,3692
FULTON,senate,36,inperson,15,3962
FULTON,senate,36,inperson,16,1326
FULTON,senate,36,inperson,17,2584
FULTON,senate,36,inperson,18,5051
FULTON,senate,36,inperson,19,4068
FULTON,senate,36,inperson,20,4957
FULTON,senate,36,inperson,21,6405
FULTON,senate,36,mail,0,207
FULTON,senate,36,mail,1,121
FULTON,senate,36,mail,2,136
FULTON,senate,36,mail,3,191
FULTON,senate,36,mail,4,251
FULTON,senate,36,mail,5,238
FULTON,senate,36,mail,6,149
FULTON,senate,36,mail,7,136
FULTON,senate,36,mail,8,278
FULTON,senate,36,mail,9,33
FULTON,senate,36,mail,10,188
FULTON,senate,36,mail,11,177
FULTON,senate,36,mail,12,297
FULTON,senate,36,mail,13,322
FULTON,senate,36,mail,14,142
FULTON,senate,36,mail,15,248
FULTON,senate,36,mail,16,19
FULTON,senate,36,mail,17,517
FULTON,senate,36,mail,18,41
FULTON,senate,36,mail,19,234
FULTON,senate,36,mail,20,44
FULTON,senate,36,mail,21,113
FULTON,senate,36,mail,24,17
FULTON,senate,36,mail,25,9
FULTON,senate,36,mail,26,11
FULTON,senate,36,mail,27,18
FULTON,senate,36,mail,28,27
FULTON,senate,36,mail,29,22
FULTON,senate,36,mail,30,1
FULTON,senate,36,mail,31,16
FULTON,senate,36,mail,32,9
FULTON,senate,36,mail,33,17
FULTON,senate,36,mail,34,6
FULTON,senate,36,mail,35,8
FULTON,senate,36,mail,36,17
FULTON,senate,36,mail,41,2
FULTON,senate,36,mail,46,1
FULTON,senate,38,inperson,0,5
FULTON,senate,38,inperson,4,5906
FULTON,senate,38,inperson,5,3931
FULTON,senate,38,inperson,6,3611
FULTON,senate,38,inperson,7,3640
FULTON,senate,38,inperson,8,3764
FULTON,senate,38,inperson,9,1629
FULTON,senate,38,inperson,10,2502
FULTON,senate,38,inperson,11,4004
FULTON,senate,38,inperson,12,3542
FULTON,senate,38,inperson,13,3717
FULTON,senate,38,inperson,14,4203
FULTON,senate,38,inperson,15,4920
FULTON,senate,38,inperson,16,1743
FULTON,senate,38,inperson,17,3162
FULTON,senate,38,inperson,18,5750
FULTON,senate,38,inperson,19,5321
FULTON,senate,38,inperson,20,6081
FULTON,senate,38,inperson,21,7950
FULTON,senate,38,mail,0,296
FULTON,senate,38,mail,1,141
FULTON,senate,38,mail,2,118
FULTON,senate,38,mail,3,221
FULTON,senate,38,mail,4,241
FULTON,senate,38,mail,5,189
FULTON,senate,38,mail,6,159
FULTON,senate,38,mail,7,215
FULTON,senate,38,mail,8,379
FULTON,senate,38,mail,9,45
FULTON,senate,38,mail,10,203
FULTON,senate,38,mail,11,251
FULTON,senate,38,mail,12,223
FULTON,senate,38,mail,13,359
FULTON,senate,38,mail,14,241
FULTON,senate,38,mail,15,368
FULTON,senate,38,mail,16,39
FULTON,senate,38,mail,17,488
FULTON,senate,38,mail,18,100
FULTON,senate,38,mail,19,446
FULTON,senate,38,mail,20,87
FULTON,senate,38,mail,21,218
FULTON,senate,38,mail,22,1
FULTON,senate,38,mail,24,14
FULTON,senate,38,mail,25,6
FULTON,senate,38,mail,26,7
FULTON,senate,38,mail,27,3
FULTON,senate,38,mail,28,9
FULTON,senate,38,mail,29,8
FULTON,senate,38,mail,30,1
FULTON,senate,38,mail,31,7
FULTON,senate,38,mail,32,2
FULTON,senate,38,mail,33,9
FULTON,senate,38,mail,34,3
FULTON,senate,38,mail,35,4
FULTON,senate,38,mail,36,10
FULTON,senate,38,mail,41,1
FULTON,senate,38,mail,42,1
FULTON,senate,38,mail,57,1
FULTON,senate,39,inperson,4,5419
FULTON,senate,39,inperson,5,3754
FULTON,senate,39,inperson,6,3451
FULTON,senate,39,inperson,7,3382
FULTON,senate,39,inperson,8,3265
FULTON,senate,39,inperson,9,1385
FULTON,senate,39,inperson,10,2293
FULTON,senate,39,inperson,11,3987
FULTON,senate,39,inperson,12,3614
FULTON,senate,39,inperson,13,3241
FULTON,senate,39,inperson,14,3531
FULTON,senate,39,inperson,15,4081
FULTON,senate,39,inperson,16,1332
FULTON,senate,39,inperson,17,2560
FULTON,senate,39,inperson,18,4321
FULTON,senate,39,inperson,19,4216
FULTON,senate,39,inperson,20,4758
FULTON,senate,39,inperson,21,5981
FULTON,senate,39,mail,0,311
FULTON,senate,39,mail,1,129
FULTON,senate,39,mail,2,108
FULTON,senate,39,mail,3,197
FULTON,senate,39,mail,4,189
FULTON,senate,39,mail,5,202
FULTON,senate,39,mail,6,143
FULTON,senate,39,mail,7,154
FULTON,senate,39,mail,8,328
FULTON,senate,39,mail,9,32
FULTON,senate,39,mail,10,208
FULTON,senate,39,mail,11,199
FULTON,senate,39,mail,12,231
FULTON,senate,39,mail,13,317
FULTON,senate,39,mail,14,197
FULTON,senate,39,mail,15,306
FULTON,senate,39,mail,16,57
FULTON,senate,39,mail,17,533
FULTON,senate,39,mail,18,67
FULTON,senate,39,mail,19,455
FULTON,senate,39,mail,20,52
FULTON,senate,39,mail,21,220
FULTON,senate,39,mail,22,1
FULTON,senate,39,mail,24,8
FULTON,senate,39,mail,25,22
FULTON,senate,39,mail,26,9
FULTON,senate,39,mail,27,11
FULTON,senate,39,mail,28,20
FULTON,senate,39,mail,29,8
FULTON,senate,39,mail,30,1
FULTON,senate,39,mail,31,8
FULTON,senate,39,mail,32,6
FULTON,senate,39,mail,33,3
FULTON,senate,39,mail,34,7
FULTON,senate,39,mail,35,2
FULTON,senate,39,mail,36,19
FULTON,senate,39,mail,43,6
FULTON,senate,39,mail,56,1
FULTON,senate,40,inperson,4,1
FULTON,senate,40,inperson,5,1
FULTON,senate,40,inperson,10,3
FULTON,senate,40,inperson,15,1
FULTON,senate,41,inperson,4,1
FULTON,senate,41,inperson,12,1
FULTON,senate,41,inperson,16,1
FULTON,senate,44,inperson,4,1
FULTON,senate,44,inperson,7,1
FULTON,senate,44,inperson,9,1
FULTON,senate,44,inperson,16,1
FULTON,senate,46,inperson,14,1
FULTON,senate,48,inperson,4,2409
FULTON,senate,48,inperson,5,1604
FULTON,senate,48,inperson,6,1607
FULTON,senate,48,inperson,7,1416
FULTON,senate,48,inperson,8,1588
FULTON,senate,48,inperson,9,984
FULTON,senate,48,inperson,10,1354
FULTON,senate,48,inperson,11,2091
FULTON,senate,48,inperson,12,1748
FULTON,senate,48,inperson,13,1653
FULTON,senate,48,inperson,14,1933
FULTON,senate,48,inperson,15,2293
FULTON,senate,48,inperson,16,1002
FULTON,senate,48,inperson,17,1703
FULTON,senate,48,inperson,18,2709
FULTON,senate,48,inperson,19,2264
FULTON,senate,48,inperson,20,2360
FULTON,senate,48,inperson,21,2836
FULTON,senate,48,mail,0,217
FULTON,senate,48,mail,1,76
FULTON,senate,48,mail,2,83
FULTON,senate,48,mail,3,175
FULTON,senate,48,mail,4,132
FULTON,senate,48,mail,5,116
FULTON,senate,48,mail,6,115
FULTON,senate,48,mail,7,89
FULTON,senate,48,mail,8,195
FULTON,senate,48,mail,9,27
FULTON,senate,48,mail,10,157
FULTON,senate,48,mail,11,136
FULTON,senate,48,mail,12,130
FULTON,senate,48,mail,13,214
FULTON,senate,48,mail,14,111
FULTON,senate,48,mail,15,274
FULTON,senate,48,mail,16,48
FULTON,senate,48,mail,17,278
FULTON,senate,48,mail,18,41
FULTON,senate,48,mail,19,29
FULTON,senate,48,mail,20,7
FULTON,senate,48,mail,21,18
FULTON,senate,48,mail,24,7
FULTON,senate,48,mail,25,10
FULTON,senate,48,mail,26,5
FULTON,senate,48,mail,27,1
FULTON,senate,48,mail,28,13
FULTON,senate,48,mail,29,6
FULTON,senate,48,mail,30,1
FULTON,senate,48,mail,31,2
FULTON,senate,48,mail,32,5
FULTON,senate,48,mail,33,3
FULTON,senate,48,mail,34,5
FULTON,senate,48,mail,35,7
FULTON,senate,48,mail,36,12
FULTON,senate,48,mail,41,2
FULTON,senate,48,mail,43,1
FULTON,senate,56,inperson,4,1235
FULTON,senate,56,inperson,5,839
FULTON,senate,56,inperson,6,824
FULTON,senate,56,inperson,7,824
FULTON,senate,56,inperson,8,862
FULTON,senate,56,inperson,9,405
FULTON,senate,56,inperson,10,578
FULTON,senate,56,inperson,11,1209
FULTON,senate,56,inperson,12,957
FULTON,senate,56,inperson,13,1071
FULTON,senate,56,inperson,14,1137
FULTON,senate,56,inperson,15,1364
FULTON,senate,56,inperson,16,413
FULTON,senate,56,inperson,17,736
FULTON,senate,56,inperson,18,1464
FULTON,senate,56,inperson,19,1319
FULTON,senate,56,inperson,20,1352
FULTON,senate,56,inperson,21,1474
FULTON,senate,56,mail,0,86
FULTON,senate,56,mail,1,26
FULTON,senate,56,mail,2,23
FULTON,senate,56,mail,3,70
FULTON,senate,56,mail,4,43
FULTON,senate,56,mail,5,51
FULTON,senate,56,mail,6,71
FULTON,senate,56,mail,7,35
FULTON,senate,56,mail,8,93
FULTON,senate,56,mail,9,24
FULTON,senate,56,mail,10,62
FULTON,senate,56,mail,11,79
FULTON,senate,56,mail,12,112
FULTON,senate,56,mail,13,96
FULTON,senate,56,mail,14,63
FULTON,senate,56,mail,15,126
FULTON,senate,56,mail,16,18
FULTON,senate,56,mail,17,223
FULTON,senate,56,mail,18,42
FULTON,senate,56,mail,19,85
FULTON,senate,56,mail,20,19
FULTON,senate,56,mail,21,4
FULTON,senate,56,mail,23,1
FULTON,senate,56,mail,24,5
FULTON,senate,56,mail,25,1
FULTON,senate,56,mail,26,1
FULTON,senate,56,mail,28,3
FULTON,senate,56,mail,29,5
FULTON,senate,56,mail,31,1
FULTON,senate,56,mail,33,1
FULTON,senate,56,mail,34,2
FULTON,senate,56,mail,35,1
FULTON,senate,56,mail,36,3
GILMER,house,7,inperson,4,776
GILMER,house,7,inperson,5,566
GILMER,house,7,inperson,6,644
GILMER,house,7,inperson,7,702
GILMER,house,7,inperson,8,767
GILMER,house,7,inperson,10,535
GILMER,house,7,inperson,11,829
GILMER,house,7,inperson,12,797
GILMER,house,7,inperson,13,964
GILMER,house,7,inperson,14,993
GILMER,house,7,inperson,15,999
GILMER,house,7,inperson,17,236
GILMER,house,7,inperson,18,875
GILMER,house,7,inperson,19,922
GILMER,house,7,inperson,20,924
GILMER,house,7,inperson,21,1002
GILMER,house,7,mail,0,40
GILMER,house,7,mail,1,19
GILMER,house,7,mail,4,18
GILMER,house,7,mail,5,15
GILMER,house,7,mail,6,31
GILMER,house,7,mail,7,41
GILMER,house,7,mail,8,84
GILMER,house,7,mail,10,4
GILMER,house,7,mail,11,19
GILMER,house,7,mail,12,30
GILMER,house,7,mail,13,53
GILMER,house,7,mail,14,54
GILMER,house,7,mail,15,88
GILMER,house,7,mail,17,1
GILMER,house,7,mail,18,63
GILMER,house,7,mail,19,89
GILMER,house,7,mail,20,98
GILMER,house,7,mail,21,114
GILMER,house,7,mail,25,45
GILMER,house,7,mail,26,52
GILMER,house,7,mail,27,11
GILMER,house,7,mail,29,1
GILMER,house,7,mail,36,2
GILMER,senate,51,inperson,4,776
GILMER,senate,51,inperson,5,566
GILMER,senate,51,inperson,6,644
GILMER,senate,51,inperson,7,702
GILMER,senate,51,inperson,8,767
GILMER,senate,51,inperson,10,535
GILMER,senate,51,inperson,11,829
GILMER,senate,51,inperson,12,797
GILMER,senate,51,inperson,13,964
GILMER,senate,51,inperson,14,993
GILMER,senate,51,inperson,15,999
GILMER,senate,51,inperson,17,236
GILMER,senate,51,inperson,18,875
GILMER,senate,51,inperson,19,922
GILMER,senate,51,inperson,20,924
GILMER,senate,51,inperson,21,1002
GILMER,senate,51,mail,0,40
GILMER,senate,51,mail,1,19
GILMER,senate,51,mail,4,18
GILMER,senate,51,mail,5,15
GILMER,senate,51,mail,6,31
GILMER,senate,51,mail,7,41
GILMER,senate,51,mail,8,84
GILMER,senate,51,mail,10,4
GILMER,senate,51,mail,11,19
GILMER,senate,51,mail,12,30
GILMER,senate,51,mail,13,53
GILMER,senate,51,mail,14,54
GILMER,senate,51,mail,15,88
GILMER,senate,51,mail,17,1
GILMER,senate,51,mail,18,63
GILMER,senate,51,mail,19,89
GILMER,senate,51,mail,20,98
GILMER,senate,51,mail,21,114
GILMER,senate,51,mail,25,45
GILMER,senate,51,mail,26,52
GILMER,senate,51,mail,27,11
GILMER,senate,51,mail,29,1
GILMER,senate,51,mail,36,2
GLASCOCK,house,128,inperson,4,91
GLASCOCK,house,128,inperson,5,57
GLASCOCK,house,128,inperson,6,59
GLASCOCK,house,128,inperson,7,62
GLASCOCK,house,128,inperson,8,74
GLASCOCK,house,128,inperson,10,81
GLASCOCK,house,128,inperson,11,72
GLASCOCK,house,128,inperson,12,44
GLASCOCK,house,128,inperson,13,45
GLASCOCK,house,128,inperson,14,58
GLASCOCK,house,128,inperson,15,81
GLASCOCK,house,128,inperson,17,39
GLASCOCK,house,128,inperson,18,66
GLASCOCK,house,128,inperson,19,87
GLASCOCK,house,128,inperson,20,83
GLASCOCK,house,128,inperson,21,114
GLASCOCK,house,128,mail,0,2
GLASCOCK,house,128,mail,4,2
GLASCOCK,house,128,mail,5,1
GLASCOCK,house,128,mail,6,1
GLASCOCK,house,128,mail,8,3
GLASCOCK,house,128,mail,10,4
GLASCOCK,house,128,mail,11,3
GLASCOCK,house,128,mail,12,6
GLASCOCK,house,128,mail,13,5
GLASCOCK,house,128,mail,14,4
GLASCOCK,house,128,mail,15,7
GLASCOCK,house,128,mail,18,4
GLASCOCK,house,128,mail,19,4
GLASCOCK,house,128,mail,20,7
GLASCOCK,house,128,mail,21,4
GLASCOCK,house,128,mail,22,2
GLASCOCK,house,128,mail,26,1
GLASCOCK,senate,23,inperson,4,91
GLASCOCK,senate,23,inperson,5,57
GLASCOCK,senate,23,inperson,6,59
GLASCOCK,senate,23,inperson,7,62
GLASCOCK,senate,23,inperson,8,74
GLASCOCK,senate,23,inperson,10,81
GLASCOCK,senate,23,inperson,11,72
GLASCOCK,senate,23,inperson,12,44
GLASCOCK,senate,23,inperson,13,45
GLASCOCK,senate,23,inperson,14,58
GLASCOCK,senate,23,inperson,15,81
GLASCOCK,senate,23,inperson,17,39
GLASCOCK,senate,23,inperson,18,66
GLASCOCK,senate,23,inperson,19,87
GLASCOCK,senate,23,inperson,20,83
GLASCOCK,senate,23,inperson,21,114
GLASCOCK,senate,23,mail,0,2
GLASCOCK,senate,23,mail,4,2
GLASCOCK,senate,23,mail,5,1
GLASCOCK,senate,23,mail,6,1
GLASCOCK,senate,23,mail,8,3
GLASCOCK,senate,23,mail,10,4
GLASCOCK,senate,23,mail,11,3
GLASCOCK,senate,23,mail,12,6
GLASCOCK,senate,23,mail,13,5
GLASCOCK,senate,23,mail,14,4
GLASCOCK,senate,23,mail,15,7
GLASCOCK,senate,23,mail,18,4
GLASCOCK,senate,23,mail,19,4
GLASCOCK,senate,23,mail,20,7
GLASCOCK,senate,23,mail,21,4
GLASCOCK,senate,23,mail,22,2
GLASCOCK,senate,23,mail,26,1
GLYNN,house,167,inperson,4,561
GLYNN,house,167,inperson,5,381
GLYNN,house,167,inperson,6,406
GLYNN,house,167,inperson,7,480
GLYNN,house,167,inperson,8,478
GLYNN,house,167,inperson,10,455
GLYNN,house,167,inperson,11,543
GLYNN,house,167,inperson,12,488
GLYNN,house,167,inperson,13,551
GLYNN,house,167,inperson,14,620
GLYNN,house,167,inperson,15,612
GLYNN,house,167,inperson,17,473
GLYNN,house,167,inperson,18,736
GLYNN,house,167,inperson,19,657
GLYNN,house,167,inperson,20,650
GLYNN,house,167,inperson,21,689
GLYNN,house,167,mail,0,13
GLYNN,house,167,mail,1,30
GLYNN,house,167,mail,4,10
GLYNN,house,167,mail,5,15
GLYNN,house,167,mail,6,10
GLYNN,house,167,mail,7,28
GLYNN,house,167,mail,8,14
GLYNN,house,167,mail,10,44
GLYNN,house,167,mail,11,5
GLYNN,house,167,mail,12,18
GLYNN,house,167,mail,13,25
GLYNN,house,167,mail,14,35
GLYNN,house,167,mail,15,54
GLYNN,house,167,mail,17,42
GLYNN,house,167,mail,18,29
GLYNN,house,167,mail,19,23
GLYNN,house,167,mail,20,15
GLYNN,house,167,mail,21,108
GLYNN,house,167,mail,22,15
GLYNN,house,167,mail,25,20
GLYNN,house,167,mail,27,1
GLYNN,house,167,mail,29,1
GLYNN,house,167,mail,35,4
GLYNN,house,167,mail,41,4
GLYNN,house,179,inperson,4,1294
GLYNN,house,179,inperson,5,942
GLYNN,house,179,inperson,6,857
GLYNN,house,179,inperson,7,1055
GLYNN,house,179,inperson,8,1124
GLYNN,house,179,inperson,10,794
GLYNN,house,179,inperson,11,1349
GLYNN,house,179,inperson,12,1194
GLYNN,house,179,inperson,13,1374
GLYNN,house,179,inperson,14,1604
GLYNN,house,179,inperson,15,1687
GLYNN,house,179,inperson,17,1070
GLYNN,house,179,inperson,18,1899
GLYNN,house,179,inperson,19,1901
GLYNN,house,179,inperson,20,2072
GLYNN,house,179,inperson,21,1965
GLYNN,house,179,mail,0,59
GLYNN,house,179,mail,1,118
GLYNN,house,179,mail,3,3
GLYNN,house,179,mail,4,48
GLYNN,house,179,mail,5,70
GLYNN,house,179,mail,6,64
GLYNN,house,179,mail,7,108
GLYNN,house,179,mail,8,72
GLYNN,house,179,mail,10,99
GLYNN,house,179,mail,11,7
GLYNN,house,179,mail,12,82
GLYNN,house,179,mail,13,92
GLYNN,house,179,mail,14,144
GLYNN,house,179,mail,15,238
GLYNN,house,179,mail,17,114
GLYNN,house,179,mail,18,80
GLYNN,house,179,mail,19,85
GLYNN,house,179,mail,20,67
GLYNN,house,179,mail,21,311
GLYNN,house,179,mail,22,39
GLYNN,house,179,mail,25,65
GLYNN,house,179,mail,28,4
GLYNN,house,179,mail,29,4
GLYNN,house,179,mail,32,1
GLYNN,house,179,mail,33,2
GLYNN,house,179,mail,34,3
GLYNN,house,179,mail,35,4
GLYNN,house,179,mail,42,2
GLYNN,house,180,inperson,4,143
GLYNN,house,180,inperson,5,95
GLYNN,house,180,inperson,6,90
GLYNN,house,180,inperson,7,107
GLYNN,house,180,inperson,8,127
GLYNN,house,180,inperson,10,104
GLYNN,house,180,inperson,11,128
GLYNN,house,180,inperson,12,105
GLYNN,house,180,inperson,13,125
GLYNN,house,180,inperson,14,116
GLYNN,house,180,inperson,15,144
GLYNN,house,180,inperson,17,72
GLYNN,house,180,inperson,18,166
GLYNN,house,180,inperson,19,147
GLYNN,house,180,inperson,20,169
GLYNN,house,180,inperson,21,124
GLYNN,house,180,mail,0,1
GLYNN,house,180,mail,1,10
GLYNN,house,180,mail,4,7
GLYNN,house,180,mail,5,5
GLYNN,house,180,mail,6,3
GLYNN,house,180,mail,7,12
GLYNN,house,180,mail,8,4
GLYNN,house,180,mail,10,15
GLYNN,house,180,mail,11,2
GLYNN,house,180,mail,12,11
GLYNN,house,180,mail,13,5
GLYNN,house,180,mail,14,15
GLYNN,house,180,mail,15,17
GLYNN,house,180,mail,17,7
GLYNN,house,180,mail,18,9
GLYNN,house,180,mail,19,3
GLYNN,house,180,mail,20,7
GLYNN,house,180,mail,21,27
GLYNN,house,180,mail,25,10
GLYNN,house,180,mail,29,1
GLYNN,house,180,mail,32,1
GLYNN,house,180,mail,33,1
GLYNN,house,180,mail,34,2
GLYNN,senate,3,inperson,4,1998
GLYNN,senate,3,inperson,5,1418
GLYNN,senate,3,inperson,6,1353
GLYNN,senate,3,inperson,7,1642
GLYNN,senate,3,inperson,8,1729
GLYNN,senate,3,inperson,10,1353
GLYNN,senate,3,inperson,11,2020
GLYNN,senate,3,inperson,12,1787
GLYNN,senate,3,inperson,13,2050
GLYNN,senate,3,inperson,14,2340
GLYNN,senate,3,inperson,15,2443
GLYNN,senate,3,inperson,17,1615
GLYNN,senate,3,inperson,18,2801
GLYNN,senate,3,inperson,19,2705
GLYNN,senate,3,inperson,20,2891
GLYNN,senate,3,inperson,21,2778
GLYNN,senate,3,mail,0,73
GLYNN,senate,3,mail,1,158
GLYNN,senate,3,mail,3,3
GLYNN,senate,3,mail,4,65
GLYNN,senate,3,mail,5,90
GLYNN,senate,3,mail,6,77
GLYNN,senate,3,mail,7,148
GLYNN,senate,3,mail,8,90
GLYNN,senate,3,mail,10,158
GLYNN,senate,3,mail,11,14
GLYNN,senate,3,mail,12,111
GLYNN,senate,3,mail,13,122
GLYNN,senate,3,mail,14,194
GLYNN,senate,3,mail,15,309
GLYNN,senate,3,mail,17,163
GLYNN,senate,3,mail,18,118
GLYNN,senate,3,mail,19,111
GLYNN,senate,3,mail,20,89
GLYNN,senate,3,mail,21,446
GLYNN,senate,3,mail,22,54
GLYNN,senate,3,mail,25,95
GLYNN,senate,3,mail,27,1
GLYNN,senate,3,mail,28,4
GLYNN,senate,3,mail,29,6
GLYNN,senate,3,mail,32,2
GLYNN,senate,3,mail,33,3
GLYNN,senate,3,mail,34,5
GLYNN,senate,3,mail,35,8
GLYNN,senate,3,mail,41,4
GLYNN,senate,3,mail,42,2
GORDON,house,5,inperson,4,1397
GORDON,house,5,inperson,5,854
GORDON,house,5,inperson,6,831
GORDON,house,5,inperson,7,852
GORDON,house,5,inperson,8,932
GORDON,house,5,inperson,10,726
GORDON,house,5,inperson,11,1114
GORDON,house,5,inperson,12,872
GORDON,house,5,inperson,13,894
GORDON,house,5,inperson,14,902
GORDON,house,5,inperson,15,1175
GORDON,house,5,inperson,17,745
GORDON,house,5,inperson,18,1401
GORDON,house,5,inperson,19,1199
GORDON,house,5,inperson,20,1309
GORDON,house,5,inperson,21,1473
GORDON,house,5,mail,0,32
GORDON,house,5,mail,1,54
GORDON,house,5,mail,4,31
GORDON,house,5,mail,5,18
GORDON,house,5,mail,6,23
GORDON,house,5,mail,7,31
GORDON,house,5,mail,8,39
GORDON,house,5,mail,10,34
GORDON,house,5,mail,11,39
GORDON,house,5,mail,12,52
GORDON,house,5,mail,13,24
GORDON,house,5,mail,14,55
GORDON,house,5,mail,15,57
GORDON,house,5,mail,17,83
GORDON,house,5,mail,18,14
GORDON,house,5,mail,19,82
GORDON,house,5,mail,20,46
GORDON,house,5,mail,21,68
GORDON,house,5,mail,22,22
GORDON,house,5,mail,25,56
GORDON,house,5,mail,26,16
GORDON,house,5,mail,27,8
GORDON,house,5,mail,32,1
GORDON,house,5,mail,34,1
GORDON,house,5,mail,36,1
GORDON,house,6,inperson,4,80
GORDON,house,6,inperson,5,62
GORDON,house,6,inperson,6,42
GORDON,house,6,inperson,7,52
GORDON,house,6,inperson,8,65
GORDON,house,6,inperson,10,54
GORDON,house,6,inperson,11,62
GORDON,house,6,inperson,12,63
GORDON,house,6,inperson,13,61
GORDON,house,6,inperson,14,46
GORDON,house,6,inperson,15,74
GORDON,house,6,inperson,17,36
GORDON,house,6,inperson,18,94
GORDON,house,6,inperson,19,65
GORDON,house,6,inperson,20,73
GORDON,house,6,inperson,21,96
GORDON,house,6,mail,0,2
GORDON,house,6,mail,1,3
GORDON,house,6,mail,4,1
GORDON,house,6,mail,5,1
GORDON,house,6,mail,6,2
GORDON,house,6,mail,7,3
GORDON,house,6,mail,8,1
GORDON,house,6,mail,11,1
GORDON,house,6,mail,12,4
GORDON,house,6,mail,14,7
GORDON,house,6,mail,15,4
GORDON,house,6,mail,17,6
GORDON,house,6,mail,18,3
GORDON,house,6,mail,19,10
GORDON,house,6,mail,21,5
GORDON,house,6,mail,22,2
GORDON,house,6,mail,25,2
GORDON,house,6,mail,26,2
GORDON,senate,52,inperson,4,190
GORDON,senate,52,inperson,5,125
GORDON,senate,52,inperson,6,142
GORDON,senate,52,inperson,7,133
GORDON,senate,52,inperson,8,144
GORDON,senate,52,inperson,10,112
GORDON,senate,52,inperson,11,152
GORDON,senate,52,inperson,12,124
GORDON,senate,52,inperson,13,132
GORDON,senate,52,inperson,14,127
GORDON,senate,52,inperson,15,163
GORDON,senate,52,inperson,17,103
GORDON,senate,52,inperson,18,199
GORDON,senate,52,inperson,19,172
GORDON,senate,52,inperson,20,211
GORDON,senate,52,inperson,21,193
GORDON,senate,52,mail,0,3
GORDON,senate,52,mail,1,8
GORDON,senate,52,mail,4,4
GORDON,senate,52,mail,5,5
GORDON,senate,52,mail,6,2
GORDON,senate,52,mail,7,3
GORDON,senate,52,mail,8,4
GORDON,senate,52,mail,10,3
GORDON,senate,52,mail,11,7
GORDON,senate,52,mail,12,7
GORDON,senate,52,mail,13,4
GORDON,senate,52,mail,14,8
GORDON,senate,52,mail,15,6
GORDON,senate,52,mail,17,4
GORDON,senate,52,mail,18,1
GORDON,senate,52,mail,19,13
GORDON,senate,52,mail,20,12
GORDON,senate,52,mail,21,5
GORDON,senate,52,mail,25,7
GORDON,senate,52,mail,26,4
GORDON,senate,52,mail,27,2
GORDON,senate,52,mail,36,1
GORDON,senate,54,inperson,4,1287
GORDON,senate,54,inperson,5,791
GORDON,senate,54,inperson,6,731
GORDON,senate,54,inperson,7,771
GORDON,senate,54,inperson,8,853
GORDON,senate,54,inperson,10,668
GORDON,senate,54,inperson,11,1024
GORDON,senate,54,inperson,12,811
GORDON,senate,54,inperson,13,823
GORDON,senate,54,inperson,14,821
GORDON,senate,54,inperson,15,1086
GORDON,senate,54,inperson,17,678
GORDON,senate,54,inperson,18,1296
GORDON,senate,54,inperson,19,1092
GORDON,senate,54,inperson,20,1171
GORDON,senate,54,inperson,21,1376
GORDON,senate,54,mail,0,31
GORDON,senate,54,mail,1,49
GORDON,senate,54,mail,4,28
GORDON,senate,54,mail,5,14
GORDON,senate,54,mail,6,23
GORDON,senate,54,mail,7,31
GORDON,senate,54,mail,8,36
GORDON,senate,54,mail,10,31
GORDON,senate,54,mail,11,33
GORDON,senate,54,mail,12,49
GORDON,senate,54,mail,13,20
GORDON,senate,54,mail,14,54
GORDON,senate,54,mail,15,55
GORDON,senate,54,mail,17,85
GORDON,senate,54,mail,18,16
GORDON,senate,54,mail,19,79
GORDON,senate,54,mail,20,34
GORDON,senate,54,mail,21,68
GORDON,senate,54,mail,22,24
GORDON,senate,54,mail,25,51
GORDON,senate,54,mail,26,14
GORDON,senate,54,mail,27,6
GORDON,senate,54,mail,32,1
GORDON,senate,54,mail,34,1
GRADY,house,171,inperson,4,176
GRADY,house,171,inperson,5,107
GRADY,house,171,inperson,6,100
GRADY,house,171,inperson,7,110
GRADY,house,171,inperson,8,110
GRADY,house,171,inperson,10,98
GRADY,house,171,inperson,11,157
GRADY,house,171,inperson,12,125
GRADY,house,171,inperson,13,144
GRADY,house,171,inperson,14,116
GRADY,house,171,inperson,15,145
GRADY,house,171,inperson,17,72
GRADY,house,171,inperson,18,233
GRADY,house,171,inperson,19,154
GRADY,house,171,inperson,20,192
GRADY,house,171,inperson,21,185
GRADY,house,171,mail,0,31
GRADY,house,171,mail,1,9
GRADY,house,171,mail,4,9
GRADY,house,171,mail,5,5
GRADY,house,171,mail,6,8
GRADY,house,171,mail,7,3
GRADY,house,171,mail,8,9
GRADY,house,171,mail,10,3
GRADY,house,171,mail,11,4
GRADY,house,171,mail,12,12
GRADY,house,171,mail,13,8
GRADY,house,171,mail,14,6
GRADY,house,171,mail,15,2
GRADY,house,171,mail,17,8
GRADY,house,171,mail,18,2
GRADY,house,171,mail,19,17
GRADY,house,171,mail,20,12
GRADY,house,171,mail,21,4
GRADY,house,171,mail,22,4
GRADY,house,171,mail,27,2
GRADY,house,173,inperson,0,2
GRADY,house,173,inperson,4,349
GRADY,house,173,inperson,5,184
GRADY,house,173,inperson,6,215
GRADY,house,173,inperson,7,217
GRADY,house,173,inperson,8,245
GRADY,house,173,inperson,10,238
GRADY,house,173,inperson,11,321
GRADY,house,173,inperson,12,217
GRADY,house,173,inperson,13,308
GRADY,house,173,inperson,14,265
GRADY,house,173,inperson,15,320
GRADY,house,173,inperson,17,200
GRADY,house,173,inperson,18,399
GRADY,house,173,inperson,19,375
GRADY,house,173,inperson,20,459
GRADY,house,173,inperson,21,482
GRADY,house,173,mail,0,20
GRADY,house,173,mail,1,16
GRADY,house,173,mail,4,14
GRADY,house,173,mail,5,12
GRADY,house,173,mail,6,11
GRADY,house,173,mail,7,12
GRADY,house,173,mail,8,18
GRADY,house,173,mail,10,13
GRADY,house,173,mail,11,15
GRADY,house,173,mail,12,34
GRADY,house,173,mail,13,18
GRADY,house,173,mail,14,37
GRADY,house,173,mail,15,42
GRADY,house,173,mail,17,29
GRADY,house,173,mail,18,10
GRADY,house,173,mail,19,40
GRADY,house,173,mail,20,39
GRADY,house,173,mail,21,33
GRADY,house,173,mail,22,14
GRADY,house,173,mail,25,2
GRADY,house,173,mail,27,2
GRADY,senate,11,inperson,0,2
GRADY,senate,11,inperson,4,525
GRADY,senate,11,inperson,5,291
GRADY,senate,11,inperson,6,315
GRADY,senate,11,inperson,7,327
GRADY,senate,11,inperson,8,355
GRADY,senate,11,inperson,10,336
GRADY,senate,11,inperson,11,478
GRADY,senate,11,inperson,12,342
GRADY,senate,11,inperson,13,452
GRADY,senate,11,inperson,14,381
GRADY,senate,11,inperson,15,465
GRADY,senate,11,inperson,17,272
GRADY,senate,11,inperson,18,632
GRADY,senate,11,inperson,19,529
GRADY,senate,11,inperson,20,651
GRADY,senate,11,inperson,21,667
GRADY,senate,11,mail,0,51
GRADY,senate,11,mail,1,25
GRADY,senate,11,mail,4,23
GRADY,senate,11,mail,5,17
GRADY,senate,11,mail,6,19
GRADY,senate,11,mail,7,15
GRADY,senate,11,mail,8,27
GRADY,senate,11,mail,10,16
GRADY,senate,11,mail,11,19
GRADY,senate,11,mail,12,46
GRADY,senate,11,mail,13,26
GRADY,senate,11,mail,14,43
GRADY,senate,11,mail,15,44
GRADY,senate,11,mail,17,37
GRADY,senate,11,mail,18,12
GRADY,senate,11,mail,19,57
GRADY,senate,11,mail,20,51
GRADY,senate,11,mail,21,37
GRADY,senate,11,mail,22,18
GRADY,senate,11,mail,25,2
GRADY,senate,11,mail,27,4
GREENE,house,124,inperson,4,572
GREENE,house,124,inperson,5,366
GREENE,house,124,inperson,6,363
GREENE,house,124,inperson,7,456
GREENE,house,124,inperson,8,493
GREENE,house,124,inperson,10,342
GREENE,house,124,inperson,11,567
GREENE,house,124,inperson,12,502
GREENE,house,124,inperson,13,558
GREENE,house,124,inperson,14,680
GREENE,house,124,inperson,15,804
GREENE,house,124,inperson,17,448
GREENE,house,124,inperson,18,793
GREENE,house,124,inperson,19,876
GREENE,house,124,inperson,20,894
GREENE,house,124,inperson,21,1136
GREENE,house,124,mail,0,15
GREENE,house,124,mail,1,45
GREENE,house,124,mail,3,3
GREENE,house,124,mail,4,32
GREENE,house,124,mail,5,11
GREENE,house,124,mail,6,22
GREENE,house,124,mail,7,55
GREENE,house,124,mail,8,46
GREENE,house,124,mail,10,5
GREENE,house,124,mail,11,37
GREENE,house,124,mail,12,60
GREENE,house,124,mail,13,63
GREENE,house,124,mail,14,33
GREENE,house,124,mail,15,26
GREENE,house,124,mail,17,3
GREENE,house,124,mail,18,69
GREENE,house,124,mail,19,27
GREENE,house,124,mail,20,65
GREENE,house,124,mail,21,112
GREENE,house,124,mail,25,20
GREENE,house,124,mail,26,16
GREENE,house,124,mail,27,15
GREENE,house,124,mail,28,2
GREENE,house,124,mail,29,2
GREENE,house,124,mail,34,2
GREENE,house,124,mail,35,1
GREENE,house,124,mail,41,1
GREENE,senate,24,inperson,4,572
GREENE,senate,24,inperson,5,366
GREENE,senate,24,inperson,6,363
GREENE,senate,24,inperson,7,456
GREENE,senate,24,inperson,8,493
GREENE,senate,24,inperson,10,342
GREENE,senate,24,inperson,11,567
GREENE,senate,24,inperson,12,502
GREENE,senate,24,inperson,13,558
GREENE,senate,24,inperson,14,680
GREENE,senate,24,inperson,15,804
GREENE,senate,24,inperson,17,448
GREENE,senate,24,inperson,18,793
GREENE,senate,24,inperson,19,876
GREENE,senate,24,inperson,20,894
GREENE,senate,24,inperson,21,1136
GREENE,senate,24,mail,0,15
GREENE,senate,24,mail,1,45
GREENE,senate,24,mail,3,3
GREENE,senate,24,mail,4,32
GREENE,senate,24,mail,5,11
GREENE,senate,24,mail,6,22
GREENE,senate,24,mail,7,55
GREENE,senate,24,mail,8,46
GREENE,senate,24,mail,10,5
GREENE,senate,24,mail,11,37
GREENE,senate,24,mail,12,60
GREENE,senate,24,mail,13,63
GREENE,senate,24,mail,14,33
GREENE,senate,24,mail,15,26
GREENE,senate,24,mail,17,3
GREENE,senate,24,mail,18,69
GREENE,senate,24,mail,19,27
GREENE,senate,24,mail,20,65
GREENE,senate,24,mail,21,112
GREENE,senate,24,mail,25,20
GREENE,senate,24,mail,26,16
GREENE,senate,24,mail,27,15
GREENE,senate,24,mail,28,2
GREENE,senate,24,mail,29,2
GREENE,senate,24,mail,34,2
GREENE,senate,24,mail,35,1
GREENE,senate,24,mail,41,1
GWINNETT,house,100,inperson,4,1175
GWINNETT,house,100,inperson,5,729
GWINNETT,house,100,inperson,6,712
GWINNETT,house,100,inperson,7,753
GWINNETT,house,100,inperson,8,732
GWINNETT,house,100,inperson,9,385
GWINNETT,house,100,inperson,10,616
GWINNETT,house,100,inperson,11,855
GWINNETT,house,100,inperson,12,759
GWINNETT,house,100,inperson,13,755
GWINNETT,house,100,inperson,14,783
GWINNETT,house,100,inperson,15,889
GWINNETT,house,100,inperson,16,393
GWINNETT,house,100,inperson,17,616
GWINNETT,house,100,inperson,18,964
GWINNETT,house,100,inperson,19,823
GWINNETT,house,100,inperson,20,836
GWINNETT,house,100,inperson,21,942
GWINNETT,house,100,mail,0,48
GWINNETT,house,100,mail,1,80
GWINNETT,house,100,mail,2,5
GWINNETT,house,100,mail,3,38
GWINNETT,house,100,mail,4,65
GWINNETT,house,100,mail,5,39
GWINNETT,house,100,mail,6,37
GWINNETT,house,100,mail,7,39
GWINNETT,house,100,mail,8,55
GWINNETT,house,100,mail,9,7
GWINNETT,house,100,mail,10,17
GWINNETT,house,100,mail,11,96
GWINNETT,house,100,mail,12,96
GWINNETT,house,100,mail,13,69
GWINNETT,house,100,mail,14,43
GWINNETT,house,100,mail,15,36
GWINNETT,house,100,mail,16,146
GWINNETT,house,100,mail,17,17
GWINNETT,house,100,mail,18,67
GWINNETT,house,100,mail,19,47
GWINNETT,house,100,mail,20,17
GWINNETT,house,100,mail,21,3
GWINNETT,house,100,mail,22,2
GWINNETT,house,100,mail,25,1
GWINNETT,house,100,mail,26,1
GWINNETT,house,100,mail,28,1
GWINNETT,house,100,mail,33,1
GWINNETT,house,100,mail,34,1
GWINNETT,house,100,mail,35,2
GWINNETT,house,100,mail,36,2
GWINNETT,house,100,mail,41,1
GWINNETT,house,102,inperson,4,1540
GWINNETT,house,102,inperson,5,1073
GWINNETT,house,102,inperson,6,952
GWINNETT,house,102,inperson,7,894
GWINNETT,house,102,inperson,8,919
GWINNETT,house,102,inperson,9,489
GWINNETT,house,102,inperson,10,841
GWINNETT,house,102,inperson,11,1011
GWINNETT,house,102,inperson,12,846
GWINNETT,house,102,inperson,13,893
GWINNETT,house,102,inperson,14,867
GWINNETT,house,102,inperson,15,993
GWINNETT,house,102,inperson,16,533
GWINNETT,house,102,inperson,17,887
GWINNETT,house,102,inperson,18,1090
GWINNETT,house,102,inperson,19,987
GWINNETT,house,102,inperson,20,997
GWINNETT,house,102,inperson,21,1057
GWINNETT,house,102,mail,0,52
GWINNETT,house,102,mail,1,94
GWINNETT,house,102,mail,2,11
GWINNETT,house,102,mail,3,31
GWINNETT,house,102,mail,4,95
GWINNETT,house,102,mail,5,58
GWINNETT,house,102,mail,6,55
GWINNETT,house,102,mail,7,64
GWINNETT,house,102,mail,8,68
GWINNETT,house,102,mail,9,5
GWINNETT,house,102,mail,10,16
GWINNETT,house,102,mail,11,106
GWINNETT,house,102,mail,12,82
GWINNETT,house,102,mail,13,78
GWINNETT,house,102,mail,14,72
GWINNETT,house,102,mail,15,57
GWINNETT,house,102,mail,16,98
GWINNETT,house,102,mail,17,20
GWINNETT,house,102,mail,18,110
GWINNETT,house,102,mail,19,142
GWINNETT,house,102,mail,20,29
GWINNETT,house,102,mail,21,4
GWINNETT,house,102,mail,22,10
GWINNETT,house,102,mail,28,2
GWINNETT,house,102,mail,29,5
GWINNETT,house,102,mail,32,3
GWINNETT,house,102,mail,34,1
GWINNETT,house,102,mail,35,4
GWINNETT,house,102,mail,36,2
GWINNETT,house,102,mail,17430,1
GWINNETT,house,103,inperson,4,1367
GWINNETT,house,103,inperson,5,989
GWINNETT,house,103,inperson,6,933
GWINNETT,house,103,inperson,7,934
GWINNETT,house,103,inperson,8,1003
GWINNETT,house,103,inperson,9,463
GWINNETT,house,103,inperson,10,728
GWINNETT,house,103,inperson,11,1135
GWINNETT,house,103,inperson,12,966
GWINNETT,house,103,inperson,13,976
GWINNETT,house,103,inperson,14,1033
GWINNETT,house,103,inperson,15,1137
GWINNETT,house,103,inperson,16,479
GWINNETT,house,103,inperson,17,825
GWINNETT,house,103,inperson,18,1251
GWINNETT,house,103,inperson,19,1097
GWINNETT,house,103,inperson,20,1207
GWINNETT,house,103,inperson,21,1433
GWINNETT,house,103,mail,0,40
GWINNETT,house,103,mail,1,94
GWINNETT,house,103,mail,2,8
GWINNETT,house,103,mail,3,44
GWINNETT,house,103,mail,4,79
GWINNETT,house,103,mail,5,48
GWINNETT,house,103,mail,6,59
GWINNETT,house,103,mail,7,59
GWINNETT,house,103,mail,8,101
GWINNETT,house,103,mail,9,9
GWINNETT,house,103,mail,10,44
GWINNETT,house,103,mail,11,70
GWINNETT,house,103,mail,12,97
GWINNETT,house,103,mail,13,68
GWINNETT,house,103,mail,14,50
GWINNETT,house,103,mail,15,40
GWINNETT,house,103,mail,16,173
GWINNETT,house,103,mail,17,7
GWINNETT,house,103,mail,18,66
GWINNETT,house,103,mail,19,74
GWINNETT,house,103,mail,20,14
GWINNETT,house,103,mail,21,7
GWINNETT,house,103,mail,22,4
GWINNETT,house,103,mail,25,2
GWINNETT,house,103,mail,26,3
GWINNETT,house,103,mail,27,1
GWINNETT,house,103,mail,28,4
GWINNETT,house,103,mail,29,6
GWINNETT,house,103,mail,35,1
GWINNETT,house,103,mail,36,2
GWINNETT,house,104,inperson,4,1218
GWINNETT,house,104,inperson,5,809
GWINNETT,house,104,inperson,6,769
GWINNETT,house,104,inperson,7,808
GWINNETT,house,104,inperson,8,785
GWINNETT,house,104,inperson,9,342
GWINNETT,house,104,inperson,10,696
GWINNETT,house,104,inperson,11,962
GWINNETT,house,104,inperson,12,819
GWINNETT,house,104,inperson,13,789
GWINNETT,house,104,inperson,14,849
GWINNETT,house,104,inperson,15,929
GWINNETT,house,104,inperson,16,396
GWINNETT,house,104,inperson,17,661
GWINNETT,house,104,inperson,18,1086
GWINNETT,house,104,inperson,19,912
GWINNETT,house,104,inperson,20,923
GWINNETT,house,104,inperson,21,1075
GWINNETT,house,104,mail,0,46
GWINNETT,house,104,mail,1,91
GWINNETT,house,104,mail,2,4
GWINNETT,house,104,mail,3,28
GWINNETT,house,104,mail,4,52
GWINNETT,house,104,mail,5,46
GWINNETT,house,104,mail,6,43
GWINNETT,house,104,mail,7,31
GWINNETT,house,104,mail,8,59
GWINNETT,house,104,mail,9,11
GWINNETT,house,104,mail,10,10
GWINNETT,house,104,mail,11,65
GWINNETT,house,104,mail,12,82
GWINNETT,house,104,mail,13,49
GWINNETT,house,104,mail,14,26
GWINNETT,house,104,mail,15,38
GWINNETT,house,104,mail,16,149
GWINNETT,house,104,mail,17,13
GWINNETT,house,104,mail,18,96
GWINNETT,house,104,mail,19,40
GWINNETT,house,104,mail,20,18
GWINNETT,house,104,mail,21,2
GWINNETT,house,104,mail,22,1
GWINNETT,house,104,mail,26,1
GWINNETT,house,104,mail,28,3
GWINNETT,house,104,mail,29,2
GWINNETT,house,104,mail,33,1
GWINNETT,house,104,mail,34,1
GWINNETT,house,104,mail,36,2
GWINNETT,house,105,inperson,4,1840
GWINNETT,house,105,inperson,5,1215
GWINNETT,house,105,inperson,6,1169
GWINNETT,house,105,inperson,7,1222
GWINNETT,house,105,inperson,8,1215
GWINNETT,house,105,inperson,9,637
GWINNETT,house,105,inperson,10,965
GWINNETT,house,105,inperson,11,1308
GWINNETT,house,105,inperson,12,1194
GWINNETT,house,105,inperson,13,1206
GWINNETT,house,105,inperson,14,1322
GWINNETT,house,105,inperson,15,1458
GWINNETT,house,105,inperson,16,688
GWINNETT,house,105,inperson,17,1019
GWINNETT,house,105,inperson,18,1556
GWINNETT,house,105,inperson,19,1306
GWINNETT,house,105,inperson,20,1478
GWINNETT,house,105,inperson,21,1719
GWINNETT,house,105,mail,0,95
GWINNETT,house,105,mail,1,110
GWINNETT,house,105,mail,2,7
GWINNETT,house,105,mail,3,59
GWINNETT,house,105,mail,4,86
GWINNETT,house,105,mail,5,53
GWINNETT,house,105,mail,6,63
GWINNETT,house,105,mail,7,75
GWINNETT,house,105,mail,8,93
GWINNETT,house,105,mail,9,35
GWINNETT,house,105,mail,10,38
GWINNETT,house,105,mail,11,127
GWINNETT,house,105,mail,12,139
GWINNETT,house,105,mail,13,97
GWINNETT,house,105,mail,14,68
GWINNETT,house,105,mail,15,49
GWINNETT,house,105,mail,16,165
GWINNETT,house,105,mail,17,22
GWINNETT,house,105,mail,18,124
GWINNETT,house,105,mail,19,93
GWINNETT,house,105,mail,20,19
GWINNETT,house,105,mail,21,4
GWINNETT,house,105,mail,22,2
GWINNETT,house,105,mail,25,2
GWINNETT,house,105,mail,26,1
GWINNETT,house,105,mail,28,5
GWINNETT,house,105,mail,29,2
GWINNETT,house,105,mail,32,1
GWINNETT,house,105,mail,33,4
GWINNETT,house,105,mail,34,1
GWINNETT,house,105,mail,35,1
GWINNETT,house,105,mail,36,2
GWINNETT,house,106,inperson,4,1385
GWINNETT,house,106,inperson,5,1029
GWINNETT,house,106,inperson,6,956
GWINNETT,house,106,inperson,7,927
GWINNETT,house,106,inperson,8,905
GWINNETT,house,106,inperson,9,516
GWINNETT,house,106,inperson,10,821
GWINNETT,house,106,inperson,11,988
GWINNETT,house,106,inperson,12,893
GWINNETT,house,106,inperson,13,930
GWINNETT,house,106,inperson,14,958
GWINNETT,house,106,inperson,15,950
GWINNETT,house,106,inperson,16,502
GWINNETT,house,106,inperson,17,763
GWINNETT,house,106,inperson,18,1027
GWINNETT,house,106,inperson,19,1026
GWINNETT,house,106,inperson,20,955
GWINNETT,house,106,inperson,21,1016
GWINNETT,house,106,mail,0,60
GWINNETT,house,106,mail,1,95
GWINNETT,house,106,mail,2,7
GWINNETT,house,106,mail,3,27
GWINNETT,house,106,mail,4,82
GWINNETT,house,106,mail,5,67
GWINNETT,house,106,mail,6,69
GWINNETT,house,106,mail,7,91
GWINNETT,house,106,mail,8,52
GWINNETT,house,106,mail,9,18
GWINNETT,house,106,mail,10,11
GWINNETT,house,106,mail,11,121
GWINNETT,house,106,mail,12,95
GWINNETT,house,106,mail,13,88
GWINNETT,house,106,mail,14,81
GWINNETT,house,106,mail,15,81
GWINNETT,house,106,mail,16,147
GWINNETT,house,106,mail,17,20
GWINNETT,house,106,mail,18,135
GWINNETT,house,106,mail,19,120
GWINNETT,house,106,mail,20,20
GWINNETT,house,106,mail,21,2
GWINNETT,house,106,mail,22,9
GWINNETT,house,106,mail,25,2
GWINNETT,house,106,mail,26,3
GWINNETT,house,106,mail,27,1
GWINNETT,house,106,mail,28,5
GWINNETT,house,106,mail,29,1
GWINNETT,house,106,mail,36,3
GWINNETT,house,106,mail,42,1
GWINNETT,house,107,inperson,4,1543
GWINNETT,house,107,inperson,5,1087
GWINNETT,house,107,inperson,6,938
GWINNETT,house,107,inperson,7,993
GWINNETT,house,107,inperson,8,970
GWINNETT,house,107,inperson,9,562
GWINNETT,house,107,inperson,10,813
GWINNETT,house,107,inperson,11,983
GWINNETT,house,107,inperson,12,887
GWINNETT,house,107,inperson,13,960
GWINNETT,house,107,inperson,14,960
GWINNETT,house,107,inperson,15,1049
GWINNETT,house,107,inperson,16,565
GWINNETT,house,107,inperson,17,897
GWINNETT,house,107,inperson,18,1265
GWINNETT,house,107,inperson,19,1031
GWINNETT,house,107,inperson,20,1016
GWINNETT,house,107,inperson,21,1148
GWINNETT,house,107,mail,0,83
GWINNETT,house,107,mail,1,87
GWINNETT,house,107,mail,2,24
GWINNETT,house,107,mail,3,58
GWINNETT,house,107,mail,4,69
GWINNETT,house,107,mail,5,54
GWINNETT,house,107,mail,6,51
GWINNETT,house,107,mail,7,110
GWINNETT,house,107,mail,8,96
GWINNETT,house,107,mail,9,24
GWINNETT,house,107,mail,10,23
GWINNETT,house,107,mail,11,137
GWINNETT,house,107,mail,12,123
GWINNETT,house,107,mail,13,70
GWINNETT,house,107,mail,14,54
GWINNETT,house,107,mail,15,56
GWINNETT,house,107,mail,16,157
GWINNETT,house,107,mail,17,12
GWINNETT,house,107,mail,18,114
GWINNETT,house,107,mail,19,158
GWINNETT,house,107,mail,20,11
GWINNETT,house,107,mail,21,4
GWINNETT,house,107,mail,22,4
GWINNETT,house,107,mail,25,1
GWINNETT,house,107,mail,26,2
GWINNETT,house,107,mail,27,1
GWINNETT,house,107,mail,28,2
GWINNETT,house,107,mail,29,6
GWINNETT,house,107,mail,33,2
GWINNETT,house,107,mail,34,2
GWINNETT,house,107,mail,35,3
GWINNETT,house,107,mail,36,6
GWINNETT,house,107,mail,41,1
GWINNETT,house,108,inperson,4,1465
GWINNETT,house,108,inperson,5,1045
GWINNETT,house,108,inperson,6,1031
GWINNETT,house,108,inperson,7,1059
GWINNETT,house,108,inperson,8,1049
GWINNETT,house,108,inperson,9,578
GWINNETT,house,108,inperson,10,843
GWINNETT,house,108,inperson,11,1150
GWINNETT,house,108,inperson,12,1112
GWINNETT,house,108,inperson,13,1074
GWINNETT,house,108,inperson,14,1271
GWINNETT,house,108,inperson,15,1262
GWINNETT,house,108,inperson,16,666
GWINNETT,house,108,inperson,17,929
GWINNETT,house,108,inperson,18,1624
GWINNETT,house,108,inperson,19,1339
GWINNETT,house,108,inperson,20,1504
GWINNETT,house,108,inperson,21,1699
GWINNETT,house,108,mail,0,65
GWINNETT,house,108,mail,1,119
GWINNETT,house,108,mail,2,10
GWINNETT,house,108,mail,3,34
GWINNETT,house,108,mail,4,64
GWINNETT,house,108,mail,5,64
GWINNETT,house,108,mail,6,57
GWINNETT,house,108,mail,7,98
GWINNETT,house,108,mail,8,82
GWINNETT,house,108,mail,9,16
GWINNETT,house,108,mail,10,20
GWINNETT,house,108,mail,11,97
GWINNETT,house,108,mail,12,117
GWINNETT,house,108,mail,13,139
GWINNETT,house,108,mail,14,98
GWINNETT,house,108,mail,15,82
GWINNETT,house,108,mail,16,209
GWINNETT,house,108,mail,17,17
GWINNETT,house,108,mail,18,114
GWINNETT,house,108,mail,19,104
GWINNETT,house,108,mail,20,14
GWINNETT,house,108,mail,21,5
GWINNETT,house,108,mail,22,8
GWINNETT,house,108,mail,26,1
GWINNETT,house,108,mail,27,1
GWINNETT,house,108,mail,28,1
GWINNETT,house,108,mail,29,2
GWINNETT,house,108,mail,33,2
GWINNETT,house,108,mail,35,2
GWINNETT,house,108,mail,41,2
GWINNETT,house,108,mail,42,2
GWINNETT,house,109,inperson,4,924
GWINNETT,house,109,inperson,5,704
GWINNETT,house,109,inperson,6,688
GWINNETT,house,109,inperson,7,521
GWINNETT,house,109,inperson,8,559
GWINNETT,house,109,inperson,9,333
GWINNETT,house,109,inperson,10,520
GWINNETT,house,109,inperson,11,554
GWINNETT,house,109,inperson,12,461
GWINNETT,house,109,inperson,13,425
GWINNETT,house,109,inperson,14,455
GWINNETT,house,109,inperson,15,439
GWINNETT,house,109,inperson,16,238
GWINNETT,house,109,inperson,17,447
GWINNETT,house,109,inperson,18,472
GWINNETT,house,109,inperson,19,519
GWINNETT,house,109,inperson,20,460
GWINNETT,house,109,inperson,21,561
GWINNETT,house,109,mail,0,30
GWINNETT,house,109,mail,1,55
GWINNETT,house,109,mail,2,4
GWINNETT,house,109,mail,3,20
GWINNETT,house,109,mail,4,45
GWINNETT,house,109,mail,5,20
GWINNETT,house,109,mail,6,36
GWINNETT,house,109,mail,7,70
GWINNETT,house,109,mail,8,39
GWINNETT,house,109,mail,9,6
GWINNETT,house,109,mail,10,25
GWINNETT,house,109,mail,11,54
GWINNETT,house,109,mail,12,36
GWINNETT,house,109,mail,13,54
GWINNETT,house,109,mail,14,43
GWINNETT,house,109,mail,15,23
GWINNETT,house,109,mail,16,108
GWINNETT,house,109,mail,17,10
GWINNETT,house,109,mail,18,65
GWINNETT,house,109,mail,19,26
GWINNETT,house,109,mail,20,9
GWINNETT,house,109,mail,21,5
GWINNETT,house,109,mail,22,1
GWINNETT,house,109,mail,28,1
GWINNETT,house,109,mail,29,3
GWINNETT,house,110,inperson,4,2012
GWINNETT,house,110,inperson,5,1369
GWINNETT,house,110,inperson,6,1342
GWINNETT,house,110,inperson,7,1325
GWINNETT,house,110,inperson,8,1278
GWINNETT,house,110,inperson,9,752
GWINNETT,house,110,inperson,10,1178
GWINNETT,house,110,inperson,11,1449
GWINNETT,house,110,inperson,12,1317
GWINNETT,house,110,inperson,13,1325
GWINNETT,house,110,inperson,14,1317
GWINNETT,house,110,inperson,15,1388
GWINNETT,house,110,inperson,16,792
GWINNETT,house,110,inperson,17,1104
GWINNETT,house,110,inperson,18,1677
GWINNETT,house,110,inperson,19,1528
GWINNETT,house,110,inperson,20,1349
GWINNETT,house,110,inperson,21,1352
GWINNETT,house,110,mail,0,93
GWINNETT,house,110,mail,1,104
GWINNETT,house,110,mail,2,16
GWINNETT,house,110,mail,3,50
GWINNETT,house,110,mail,4,100
GWINNETT,house,110,mail,5,72
GWINNETT,house,110,mail,6,69
GWINNETT,house,110,mail,7,84
GWINNETT,house,110,mail,8,107
GWINNETT,house,110,mail,9,23
GWINNETT,house,110,mail,10,25
GWINNETT,house,110,mail,11,160
GWINNETT,house,110,mail,12,155
GWINNETT,house,110,mail,13,119
GWINNETT,house,110,mail,14,88
GWINNETT,house,110,mail,15,77
GWINNETT,house,110,mail,16,200
GWINNETT,house,110,mail,17,37
GWINNETT,house,110,mail,18,127
GWINNETT,house,110,mail,19,173
GWINNETT,house,110,mail,20,32
GWINNETT,house,110,mail,21,7
GWINNETT,house,110,mail,22,17
GWINNETT,house,110,mail,26,1
GWINNETT,house,110,mail,27,1
GWINNETT,house,110,mail,28,1
GWINNETT,house,110,mail,29,3
GWINNETT,house,110,mail,32,2
GWINNETT,house,110,mail,36,2
GWINNETT,house,111,inperson,4,799
GWINNETT,house,111,inperson,5,544
GWINNETT,house,111,inperson,6,505
GWINNETT,house,111,inperson,7,585
GWINNETT,house,111,inperson,8,489
GWINNETT,house,111,inperson,9,298
GWINNETT,house,111,inperson,10,501
GWINNETT,house,111,inperson,11,651
GWINNETT,house,111,inperson,12,564
GWINNETT,house,111,inperson,13,519
GWINNETT,house,111,inperson,14,537
GWINNETT,house,111,inperson,15,633
GWINNETT,house,111,inperson,16,263
GWINNETT,house,111,inperson,17,447
GWINNETT,house,111,inperson,18,726
GWINNETT,house,111,inperson,19,624
GWINNETT,house,111,inperson,20,601
GWINNETT,house,111,inperson,21,689
GWINNETT,house,111,mail,0,25
GWINNETT,house,111,mail,1,48
GWINNETT,house,111,mail,2,8
GWINNETT,house,111,mail,3,14
GWINNETT,house,111,mail,4,39
GWINNETT,house,111,mail,5,19
GWINNETT,house,111,mail,6,16
GWINNETT,house,111,mail,7,30
GWINNETT,house,111,mail,8,43
GWINNETT,house,111,mail,9,9
GWINNETT,house,111,mail,10,8
GWINNETT,house,111,mail,11,54
GWINNETT,house,111,mail,12,32
GWINNETT,house,111,mail,13,32
GWINNETT,house,111,mail,14,21
GWINNETT,house,111,mail,15,37
GWINNETT,house,111,mail,16,58
GWINNETT,house,111,mail,17,11
GWINNETT,house,111,mail,18,65
GWINNETT,house,111,mail,19,58
GWINNETT,house,111,mail,20,9
GWINNETT,house,111,mail,21,3
GWINNETT,house,111,mail,36,3
GWINNETT,house,112,inperson,4,264
GWINNETT,house,112,inperson,5,199
GWINNETT,house,112,inperson,6,167
GWINNETT,house,112,inperson,7,148
GWINNETT,house,112,inperson,8,186
GWINNETT,house,112,inperson,9,78
GWINNETT,house,112,inperson,10,130
GWINNETT,house,112,inperson,11,155
GWINNETT,house,112,inperson,12,167
GWINNETT,house,112,inperson,13,149
GWINNETT,house,112,inperson,14,179
GWINNETT,house,112,inperson,15,204
GWINNETT,house,112,inperson,16,66
GWINNETT,house,112,inperson,17,157
GWINNETT,house,112,inperson,18,225
GWINNETT,house,112,inperson,19,163
GWINNETT,house,112,inperson,20,167
GWINNETT,house,112,inperson,21,238
GWINNETT,house,112,mail,0,7
GWINNETT,house,112,mail,1,5
GWINNETT,house,112,mail,3,3
GWINNETT,house,112,mail,4,6
GWINNETT,house,112,mail,5,7
GWINNETT,house,112,mail,6,12
GWINNETT,house,112,mail,7,1
GWINNETT,house,112,mail,8,11
GWINNETT,house,112,mail,10,4
GWINNETT,house,112,mail,11,9
GWINNETT,house,112,mail,12,10
GWINNETT,house,112,mail,13,18
GWINNETT,house,112,mail,14,6
GWINNETT,house,112,mail,15,12
GWINNETT,house,112,mail,16,20
GWINNETT,house,112,mail,18,7
GWINNETT,house,112,mail,19,9
GWINNETT,house,122,inperson,9,1
GWINNETT,house,27,inperson,4,1
GWINNETT,house,30,inperson,4,301
GWINNETT,house,30,inperson,5,189
GWINNETT,house,30,inperson,6,166
GWINNETT,house,30,inperson,7,219
GWINNETT,house,30,inperson,8,219
GWINNETT,house,30,inperson,9,118
GWINNETT,house,30,inperson,10,154
GWINNETT,house,30,inperson,11,238
GWINNETT,house,30,inperson,12,221
GWINNETT,house,30,inperson,13,236
GWINNETT,house,30,inperson,14,242
GWINNETT,house,30,inperson,15,235
GWINNETT,house,30,inperson,16,116
GWINNETT,house,30,inperson,17,165
GWINNETT,house,30,inperson,18,296
GWINNETT,house,30,inperson,19,260
GWINNETT,house,30,inperson,20,328
GWINNETT,house,30,inperson,21,287
GWINNETT,house,30,mail,0,13
GWINNETT,house,30,mail,1,20
GWINNETT,house,30,mail,2,1
GWINNETT,house,30,mail,3,11
GWINNETT,house,30,mail,4,14
GWINNETT,house,30,mail,5,14
GWINNETT,house,30,mail,6,14
GWINNETT,house,30,mail,7,21
GWINNETT,house,30,mail,8,19
GWINNETT,house,30,mail,9,1
GWINNETT,house,30,mail,10,4
GWINNETT,house,30,mail,11,19
GWINNETT,house,30,mail,12,38
GWINNETT,house,30,mail,13,20
GWINNETT,house,30,mail,14,5
GWINNETT,house,30,mail,15,8
GWINNETT,house,30,mail,16,61
GWINNETT,house,30,mail,17,11
GWINNETT,house,30,mail,18,26
GWINNETT,house,30,mail,19,19
GWINNETT,house,30,mail,20,5
GWINNETT,house,30,mail,21,1
GWINNETT,house,30,mail,25,1
GWINNETT,house,30,mail,36,1
GWINNETT,house,31,inperson,4,1
GWINNETT,house,48,inperson,4,514
GWINNETT,house,48,inperson,5,366
GWINNETT,house,48,inperson,6,326
GWINNETT,house,48,inperson,7,366
GWINNETT,house,48,inperson,8,386
GWINNETT,house,48,inperson,9,197
GWINNETT,house,48,inperson,10,293
GWINNETT,house,48,inperson,11,422
GWINNETT,house,48,inperson,12,411
GWINNETT,house,48,inperson,13,397
GWINNETT,house,48,inperson,14,448
GWINNETT,house,48,inperson,15,424
GWINNETT,house,48,inperson,16,226
GWINNETT,house,48,inperson,17,279
GWINNETT,house,48,inperson,18,552
GWINNETT,house,48,inperson,19,500
GWINNETT,house,48,inperson,20,502
GWINNETT,house,48,inperson,21,573
GWINNETT,house,48,mail,0,25
GWINNETT,house,48,mail,1,49
GWINNETT,house,48,mail,2,1
GWINNETT,house,48,mail,3,24
GWINNETT,house,48,mail,4,29
GWINNETT,house,48,mail,5,23
GWINNETT,house,48,mail,6,31
GWINNETT,house,48,mail,7,41
GWINNETT,house,48,mail,8,51
GWINNETT,house,48,mail,9,6
GWINNETT,house,48,mail,10,24
GWINNETT,house,48,mail,11,62
GWINNETT,house,48,mail,12,40
GWINNETT,house,48,mail,13,51
GWINNETT,house,48,mail,14,28
GWINNETT,house,48,mail,15,32
GWINNETT,house,48,mail,16,110
GWINNETT,house,48,mail,17,25
GWINNETT,house,48,mail,18,34
GWINNETT,house,48,mail,19,37
GWINNETT,house,48,mail,20,2
GWINNETT,house,48,mail,21,1
GWINNETT,house,48,mail,25,2
GWINNETT,house,48,mail,26,2
GWINNETT,house,48,mail,28,2
GWINNETT,house,48,mail,29,1
GWINNETT,house,48,mail,33,2
GWINNETT,house,48,mail,42,2
GWINNETT,house,48,mail,13721,1
GWINNETT,house,56,inperson,10,1
GWINNETT,house,59,inperson,10,1
GWINNETT,house,60,inperson,4,1
GWINNETT,house,80,inperson,7,1
GWINNETT,house,87,inperson,20,1
GWINNETT,house,88,inperson,4,210
GWINNETT,house,88,inperson,5,150
GWINNETT,house,88,inperson,6,155
GWINNETT,house,88,inperson,7,147
GWINNETT,house,88,inperson,8,144
GWINNETT,house,88,inperson,9,73
GWINNETT,house,88,inperson,10,108
GWINNETT,house,88,inperson,11,163
GWINNETT,house,88,inperson,12,108
GWINNETT,house,88,inperson,13,137
GWINNETT,house,88,inperson,14,139
GWINNETT,house,88,inperson,15,126
GWINNETT,house,88,inperson,16,64
GWINNETT,house,88,inperson,17,98
GWINNETT,house,88,inperson,18,166
GWINNETT,house,88,inperson,19,154
GWINNETT,house,88,inperson,20,172
GWINNETT,house,88,inperson,21,181
GWINNETT,house,88,mail,0,14
GWINNETT,house,88,mail,1,16
GWINNETT,house,88,mail,2,5
GWINNETT,house,88,mail,3,14
GWINNETT,house,88,mail,4,16
GWINNETT,house,88,mail,5,12
GWINNETT,house,88,mail,6,8
GWINNETT,house,88,mail,7,13
GWINNETT,house,88,mail,8,10
GWINNETT,house,88,mail,10,6
GWINNETT,house,88,mail,11,16
GWINNETT,house,88,mail,12,14
GWINNETT,house,88,mail,13,18
GWINNETT,house,88,mail,14,4
GWINNETT,house,88,mail,15,8
GWINNETT,house,88,mail,16,20
GWINNETT,house,88,mail,18,18
GWINNETT,house,88,mail,19,7
GWINNETT,house,88,mail,21,1
GWINNETT,house,93,inperson,4,944
GWINNETT,house,93,inperson,5,668
GWINNETT,house,93,inperson,6,553
GWINNETT,house,93,inperson,7,547
GWINNETT,house,93,inperson,8,562
GWINNETT,house,93,inperson,9,295
GWINNETT,house,93,inperson,10,515
GWINNETT,house,93,inperson,11,669
GWINNETT,house,93,inperson,12,612
GWINNETT,house,93,inperson,13,615
GWINNETT,house,93,inperson,14,659
GWINNETT,house,93,inperson,15,739
GWINNETT,house,93,inperson,16,374
GWINNETT,house,93,inperson,17,525
GWINNETT,house,93,inperson,18,917
GWINNETT,house,93,inperson,19,698
GWINNETT,house,93,inperson,20,816
GWINNETT,house,93,inperson,21,1010
GWINNETT,house,93,mail,0,39
GWINNETT,house,93,mail,1,50
GWINNETT,house,93,mail,2,9
GWINNETT,house,93,mail,3,32
GWINNETT,house,93,mail,4,35
GWINNETT,house,93,mail,5,18
GWINNETT,house,93,mail,6,33
GWINNETT,house,93,mail,7,40
GWINNETT,house,93,mail,8,46
GWINNETT,house,93,mail,9,8
GWINNETT,house,93,mail,10,19
GWINNETT,house,93,mail,11,66
GWINNETT,house,93,mail,12,65
GWINNETT,house,93,mail,13,68
GWINNETT,house,93,mail,14,41
GWINNETT,house,93,mail,15,41
GWINNETT,house,93,mail,16,134
GWINNETT,house,93,mail,17,24
GWINNETT,house,93,mail,18,58
GWINNETT,house,93,mail,19,43
GWINNETT,house,93,mail,20,4
GWINNETT,house,93,mail,21,6
GWINNETT,house,93,mail,22,4
GWINNETT,house,93,mail,29,3
GWINNETT,house,93,mail,32,2
GWINNETT,house,93,mail,33,2
GWINNETT,house,93,mail,40,1
GWINNETT,house,93,mail,42,1
GWINNETT,house,94,inperson,4,988
GWINNETT,house,94,inperson,5,645
GWINNETT,house,94,inperson,6,626
GWINNETT,house,94,inperson,7,622
GWINNETT,house,94,inperson,8,652
GWINNETT,house,94,inperson,9,408
GWINNETT,house,94,inperson,10,531
GWINNETT,house,94,inperson,11,755
GWINNETT,house,94,inperson,12,674
GWINNETT,house,94,inperson,13,653
GWINNETT,house,94,inperson,14,757
GWINNETT,house,94,inperson,15,743
GWINNETT,house,94,inperson,16,315
GWINNETT,house,94,inperson,17,553
GWINNETT,house,94,inperson,18,880
GWINNETT,house,94,inperson,19,848
GWINNETT,house,94,inperson,20,892
GWINNETT,house,94,inperson,21,1046
GWINNETT,house,94,mail,0,47
GWINNETT,house,94,mail,1,73
GWINNETT,house,94,mail,2,11
GWINNETT,house,94,mail,3,30
GWINNETT,house,94,mail,4,52
GWINNETT,house,94,mail,5,39
GWINNETT,house,94,mail,6,33
GWINNETT,house,94,mail,7,54
GWINNETT,house,94,mail,8,62
GWINNETT,house,94,mail,9,4
GWINNETT,house,94,mail,10,23
GWINNETT,house,94,mail,11,69
GWINNETT,house,94,mail,12,74
GWINNETT,house,94,mail,13,62
GWINNETT,house,94,mail,14,57
GWINNETT,house,94,mail,15,47
GWINNETT,house,94,mail,16,142
GWINNETT,house,94,mail,17,24
GWINNETT,house,94,mail,18,60
GWINNETT,house,94,mail,19,66
GWINNETT,house,94,mail,20,7
GWINNETT,house,94,mail,21,5
GWINNETT,house,94,mail,25,1
GWINNETT,house,94,mail,26,1
GWINNETT,house,94,mail,29,3
GWINNETT,house,94,mail,32,1
GWINNETT,house,94,mail,33,1
GWINNETT,house,94,mail,34,3
GWINNETT,house,94,mail,35,1
GWINNETT,house,95,inperson,4,1099
GWINNETT,house,95,inperson,5,774
GWINNETT,house,95,inperson,6,735
GWINNETT,house,95,inperson,7,690
GWINNETT,house,95,inperson,8,722
GWINNETT,house,95,inperson,9,416
GWINNETT,house,95,inperson,10,541
GWINNETT,house,95,inperson,11,852
GWINNETT,house,95,inperson,12,684
GWINNETT,house,95,inperson,13,691
GWINNETT,house,95,inperson,14,801
GWINNETT,house,95,inperson,15,940
GWINNETT,house,95,inperson,16,329
GWINNETT,house,95,inperson,17,646
GWINNETT,house,95,inperson,18,998
GWINNETT,house,95,inperson,19,933
GWINNETT,house,95,inperson,20,874
GWINNETT,house,95,inperson,21,1161
GWINNETT,house,95,mail,0,56
GWINNETT,house,95,mail,1,61
GWINNETT,house,95,mail,2,4
GWINNETT,house,95,mail,3,23
GWINNETT,house,95,mail,4,63
GWINNETT,house,95,mail,5,39
GWINNETT,house,95,mail,6,68
GWINNETT,house,95,mail,7,55
GWINNETT,house,95,mail,8,66
GWINNETT,house,95,mail,9,7
GWINNETT,house,95,mail,10,19
GWINNETT,house,95,mail,11,85
GWINNETT,house,95,mail,12,52
GWINNETT,house,95,mail,13,113
GWINNETT,house,95,mail,14,40
GWINNETT,house,95,mail,15,43
GWINNETT,house,95,mail,16,126
GWINNETT,house,95,mail,17,26
GWINNETT,house,95,mail,18,56
GWINNETT,house,95,mail,19,83
GWINNETT,house,95,mail,20,1
GWINNETT,house,95,mail,21,1
GWINNETT,house,95,mail,22,1
GWINNETT,house,95,mail,25,1
GWINNETT,house,95,mail,26,1
GWINNETT,house,95,mail,29,3
GWINNETT,house,95,mail,35,1
GWINNETT,house,95,mail,42,1
GWINNETT,house,96,inperson,4,1202
GWINNETT,house,96,inperson,5,724
GWINNETT,house,96,inperson,6,687
GWINNETT,house,96,inperson,7,629
GWINNETT,house,96,inperson,8,588
GWINNETT,house,96,inperson,9,347
GWINNETT,house,96,inperson,10,573
GWINNETT,house,96,inperson,11,679
GWINNETT,house,96,inperson,12,640
GWINNETT,house,96,inperson,13,542
GWINNETT,house,96,inperson,14,635
GWINNETT,house,96,inperson,15,618
GWINNETT,house,96,inperson,16,275
GWINNETT,house,96,inperson,17,502
GWINNETT,house,96,inperson,18,663
GWINNETT,house,96,inperson,19,588
GWINNETT,house,96,inperson,20,634
GWINNETT,house,96,inperson,21,808
GWINNETT,house,96,mail,0,44
GWINNETT,house,96,mail,1,63
GWINNETT,house,96,mail,2,2
GWINNETT,house,96,mail,3,35
GWINNETT,house,96,mail,4,69
GWINNETT,house,96,mail,5,42
GWINNETT,house,96,mail,6,34
GWINNETT,house,96,mail,7,31
GWINNETT,house,96,mail,8,60
GWINNETT,house,96,mail,9,3
GWINNETT,house,96,mail,10,23
GWINNETT,house,96,mail,11,104
GWINNETT,house,96,mail,12,78
GWINNETT,house,96,mail,13,60
GWINNETT,house,96,mail,14,21
GWINNETT,house,96,mail,15,39
GWINNETT,house,96,mail,16,111
GWINNETT,house,96,mail,17,13
GWINNETT,house,96,mail,18,60
GWINNETT,house,96,mail,19,32
GWINNETT,house,96,mail,20,5
GWINNETT,house,96,mail,21,4
GWINNETT,house,96,mail,26,1
GWINNETT,house,96,mail,27,2
GWINNETT,house,96,mail,28,3
GWINNETT,house,96,mail,29,1
GWINNETT,house,96,mail,34,1
GWINNETT,house,96,mail,35,2
GWINNETT,house,96,mail,41,1
GWINNETT,house,97,inperson,4,1458
GWINNETT,house,97,inperson,5,1034
GWINNETT,house,97,inperson,6,903
GWINNETT,house,97,inperson,7,878
GWINNETT,house,97,inperson,8,914
GWINNETT,house,97,inperson,9,527
GWINNETT,house,97,inperson,10,748
GWINNETT,house,97,inperson,11,1049
GWINNETT,house,97,inperson,12,945
GWINNETT,house,97,inperson,13,908
GWINNETT,house,97,inperson,14,1015
GWINNETT,house,97,inperson,15,1044
GWINNETT,house,97,inperson,16,480
GWINNETT,house,97,inperson,17,907
GWINNETT,house,97,inperson,18,1282
GWINNETT,house,97,inperson,19,1161
GWINNETT,house,97,inperson,20,1227
GWINNETT,house,97,inperson,21,1485
GWINNETT,house,97,mail,0,63
GWINNETT,house,97,mail,1,103
GWINNETT,house,97,mail,2,7
GWINNETT,house,97,mail,3,43
GWINNETT,house,97,mail,4,83
GWINNETT,house,97,mail,5,59
GWINNETT,house,97,mail,6,59
GWINNETT,house,97,mail,7,53
GWINNETT,house,97,mail,8,109
GWINNETT,house,97,mail,9,8
GWINNETT,house,97,mail,10,48
GWINNETT,house,97,mail,11,112
GWINNETT,house,97,mail,12,97
GWINNETT,house,97,mail,13,95
GWINNETT,house,97,mail,14,50
GWINNETT,house,97,mail,15,67
GWINNETT,house,97,mail,16,213
GWINNETT,house,97,mail,17,32
GWINNETT,house,97,mail,18,104
GWINNETT,house,97,mail,19,80
GWINNETT,house,97,mail,20,8
GWINNETT,house,97,mail,21,7
GWINNETT,house,97,mail,25,2
GWINNETT,house,97,mail,27,2
GWINNETT,house,97,mail,28,8
GWINNETT,house,97,mail,29,4
GWINNETT,house,97,mail,33,2
GWINNETT,house,97,mail,34,1
GWINNETT,house,97,mail,36,3
GWINNETT,house,97,mail,40,2
GWINNETT,house,97,mail,744,1
GWINNETT,house,98,inperson,4,831
GWINNETT,house,98,inperson,5,492
GWINNETT,house,98,inperson,6,515
GWINNETT,house,98,inperson,7,460
GWINNETT,house,98,inperson,8,394
GWINNETT,house,98,inperson,9,231
GWINNETT,house,98,inperson,10,367
GWINNETT,house,98,inperson,11,391
GWINNETT,house,98,inperson,12,305
GWINNETT,house,98,inperson,13,323
GWINNETT,house,98,inperson,14,373
GWINNETT,house,98,inperson,15,379
GWINNETT,house,98,inperson,16,179
GWINNETT,house,98,inperson,17,297
GWINNETT,house,98,inperson,18,443
GWINNETT,house,98,inperson,19,400
GWINNETT,house,98,inperson,20,391
GWINNETT,house,98,inperson,21,560
GWINNETT,house,98,mail,0,24
GWINNETT,house,98,mail,1,51
GWINNETT,house,98,mail,2,3
GWINNETT,house,98,mail,3,10
GWINNETT,house,98,mail,4,27
GWINNETT,house,98,mail,5,18
GWINNETT,house,98,mail,6,23
GWINNETT,house,98,mail,7,14
GWINNETT,house,98,mail,8,22
GWINNETT,house,98,mail,9,3
GWINNETT,house,98,mail,10,18
GWINNETT,house,98,mail,11,33
GWINNETT,house,98,mail,12,21
GWINNETT,house,98,mail,13,30
GWINNETT,house,98,mail,14,18
GWINNETT,house,98,mail,15,16
GWINNETT,house,98,mail,16,65
GWINNETT,house,98,mail,17,8
GWINNETT,house,98,mail,18,34
GWINNETT,house,98,mail,19,24
GWINNETT,house,98,mail,20,1
GWINNETT,house,98,mail,22,1
GWINNETT,house,98,mail,25,1
GWINNETT,house,98,mail,28,2
GWINNETT,house,98,mail,29,1
GWINNETT,house,98,mail,32,1
GWINNETT,house,98,mail,33,2
GWINNETT,house,98,mail,34,1
GWINNETT,house,99,inperson,4,1797
GWINNETT,house,99,inperson,5,1195
GWINNETT,house,99,inperson,6,1040
GWINNETT,house,99,inperson,7,1103
GWINNETT,house,99,inperson,8,1048
GWINNETT,house,99,inperson,9,587
GWINNETT,house,99,inperson,10,1084
GWINNETT,house,99,inperson,11,1404
GWINNETT,house,99,inperson,12,1089
GWINNETT,house,99,inperson,13,1041
GWINNETT,house,99,inperson,14,1220
GWINNETT,house,99,inperson,15,1234
GWINNETT,house,99,inperson,16,626
GWINNETT,house,99,inperson,17,1074
GWINNETT,house,99,inperson,18,1644
GWINNETT,house,99,inperson,19,1360
GWINNETT,house,99,inperson,20,1441
GWINNETT,house,99,inperson,21,1589
GWINNETT,house,99,mail,0,79
GWINNETT,house,99,mail,1,142
GWINNETT,house,99,mail,2,7
GWINNETT,house,99,mail,3,77
GWINNETT,house,99,mail,4,100
GWINNETT,house,99,mail,5,112
GWINNETT,house,99,mail,6,75
GWINNETT,house,99,mail,7,75
GWINNETT,house,99,mail,8,143
GWINNETT,house,99,mail,9,12
GWINNETT,house,99,mail,10,31
GWINNETT,house,99,mail,11,130
GWINNETT,house,99,mail,12,92
GWINNETT,house,99,mail,13,162
GWINNETT,house,99,mail,14,81
GWINNETT,house,99,mail,15,45
GWINNETT,house,99,mail,16,272
GWINNETT,house,99,mail,17,26
GWINNETT,house,99,mail,18,132
GWINNETT,house,99,mail,19,116
GWINNETT,house,99,mail,20,19
GWINNETT,house,99,mail,21,5
GWINNETT,house,99,mail,22,3
GWINNETT,house,99,mail,25,2
GWINNETT,house,99,mail,26,3
GWINNETT,house,99,mail,27,1
GWINNETT,house,99,mail,28,3
GWINNETT,house,99,mail,29,4
GWINNETT,house,99,mail,32,2
GWINNETT,house,99,mail,34,3
GWINNETT,house,99,mail,35,3
GWINNETT,house,99,mail,36,2
GWINNETT,senate,35,inperson,4,1
GWINNETT,senate,36,inperson,10,1
GWINNETT,senate,39,inperson,10,1
GWINNETT,senate,40,inperson,4,582
GWINNETT,senate,40,inperson,5,442
GWINNETT,senate,40,inperson,6,368
GWINNETT,senate,40,inperson,7,365
GWINNETT,senate,40,inperson,8,360
GWINNETT,senate,40,inperson,9,216
GWINNETT,senate,40,inperson,10,325
GWINNETT,senate,40,inperson,11,405
GWINNETT,senate,40,inperson,12,359
GWINNETT,senate,40,inperson,13,337
GWINNETT,senate,40,inperson,14,362
GWINNETT,senate,40,inperson,15,387
GWINNETT,senate,40,inperson,16,197
GWINNETT,senate,40,inperson,17,316
GWINNETT,senate,40,inperson,18,539
GWINNETT,senate,40,inperson,19,404
GWINNETT,senate,40,inperson,20,435
GWINNETT,senate,40,inperson,21,474
GWINNETT,senate,40,mail,0,15
GWINNETT,senate,40,mail,1,43
GWINNETT,senate,40,mail,2,3
GWINNETT,senate,40,mail,3,12
GWINNETT,senate,40,mail,4,29
GWINNETT,senate,40,mail,5,24
GWINNETT,senate,40,mail,6,28
GWINNETT,senate,40,mail,7,24
GWINNETT,senate,40,mail,8,45
GWINNETT,senate,40,mail,9,3
GWINNETT,senate,40,mail,10,22
GWINNETT,senate,40,mail,11,48
GWINNETT,senate,40,mail,12,43
GWINNETT,senate,40,mail,13,41
GWINNETT,senate,40,mail,14,24
GWINNETT,senate,40,mail,15,27
GWINNETT,senate,40,mail,16,110
GWINNETT,senate,40,mail,17,20
GWINNETT,senate,40,mail,18,35
GWINNETT,senate,40,mail,19,21
GWINNETT,senate,40,mail,20,1
GWINNETT,senate,40,mail,21,1
GWINNETT,senate,40,mail,25,3
GWINNETT,senate,40,mail,28,2
GWINNETT,senate,40,mail,29,1
GWINNETT,senate,40,mail,33,3
GWINNETT,senate,41,inperson,20,1
GWINNETT,senate,43,inperson,4,1803
GWINNETT,senate,43,inperson,5,1283
GWINNETT,senate,43,inperson,6,1086
GWINNETT,senate,43,inperson,7,1071
GWINNETT,senate,43,inperson,8,1094
GWINNETT,senate,43,inperson,9,600
GWINNETT,senate,43,inperson,10,980
GWINNETT,senate,43,inperson,11,1254
GWINNETT,senate,43,inperson,12,1074
GWINNETT,senate,43,inperson,13,1099
GWINNETT,senate,43,inperson,14,1237
GWINNETT,senate,43,inperson,15,1346
GWINNETT,senate,43,inperson,16,654
GWINNETT,senate,43,inperson,17,1005
GWINNETT,senate,43,inperson,18,1599
GWINNETT,senate,43,inperson,19,1311
GWINNETT,senate,43,inperson,20,1355
GWINNETT,senate,43,inperson,21,1708
GWINNETT,senate,43,mail,0,76
GWINNETT,senate,43,mail,1,69
GWINNETT,senate,43,mail,2,10
GWINNETT,senate,43,mail,3,42
GWINNETT,senate,43,mail,4,69
GWINNETT,senate,43,mail,5,51
GWINNETT,senate,43,mail,6,79
GWINNETT,senate,43,mail,7,55
GWINNETT,senate,43,mail,8,88
GWINNETT,senate,43,mail,9,7
GWINNETT,senate,43,mail,10,25
GWINNETT,senate,43,mail,11,136
GWINNETT,senate,43,mail,12,133
GWINNETT,senate,43,mail,13,132
GWINNETT,senate,43,mail,14,68
GWINNETT,senate,43,mail,15,75
GWINNETT,senate,43,mail,16,213
GWINNETT,senate,43,mail,17,40
GWINNETT,senate,43,mail,18,89
GWINNETT,senate,43,mail,19,98
GWINNETT,senate,43,mail,20,3
GWINNETT,senate,43,mail,21,6
GWINNETT,senate,43,mail,22,4
GWINNETT,senate,43,mail,29,3
GWINNETT,senate,43,mail,32,2
GWINNETT,senate,43,mail,33,2
GWINNETT,senate,43,mail,40,1
GWINNETT,senate,45,inperson,4,4696
GWINNETT,senate,45,inperson,5,3126
GWINNETT,senate,45,inperson,6,2991
GWINNETT,senate,45,inperson,7,3015
GWINNETT,senate,45,inperson,8,3111
GWINNETT,senate,45,inperson,9,1517
GWINNETT,senate,45,inperson,10,2485
GWINNETT,senate,45,inperson,11,3666
GWINNETT,senate,45,inperson,12,3127
GWINNETT,senate,45,inperson,13,3142
GWINNETT,senate,45,inperson,14,3382
GWINNETT,senate,45,inperson,15,3660
GWINNETT,senate,45,inperson,16,1703
GWINNETT,senate,45,inperson,17,2557
GWINNETT,senate,45,inperson,18,4091
GWINNETT,senate,45,inperson,19,3507
GWINNETT,senate,45,inperson,20,3836
GWINNETT,senate,45,inperson,21,4327
GWINNETT,senate,45,mail,0,195
GWINNETT,senate,45,mail,1,316
GWINNETT,senate,45,mail,2,19
GWINNETT,senate,45,mail,3,137
GWINNETT,senate,45,mail,4,236
GWINNETT,senate,45,mail,5,173
GWINNETT,senate,45,mail,6,163
GWINNETT,senate,45,mail,7,162
GWINNETT,senate,45,mail,8,284
GWINNETT,senate,45,mail,9,49
GWINNETT,senate,45,mail,10,86
GWINNETT,senate,45,mail,11,269
GWINNETT,senate,45,mail,12,337
GWINNETT,senate,45,mail,13,252
GWINNETT,senate,45,mail,14,134
GWINNETT,senate,45,mail,15,126
GWINNETT,senate,45,mail,16,555
GWINNETT,senate,45,mail,17,52
GWINNETT,senate,45,mail,18,323
GWINNETT,senate,45,mail,19,202
GWINNETT,senate,45,mail,20,60
GWINNETT,senate,45,mail,21,11
GWINNETT,senate,45,mail,22,7
GWINNETT,senate,45,mail,25,1
GWINNETT,senate,45,mail,26,5
GWINNETT,senate,45,mail,27,1
GWINNETT,senate,45,mail,28,9
GWINNETT,senate,45,mail,29,7
GWINNETT,senate,45,mail,32,1
GWINNETT,senate,45,mail,33,5
GWINNETT,senate,45,mail,34,2
GWINNETT,senate,45,mail,35,3
GWINNETT,senate,45,mail,36,9
GWINNETT,senate,46,inperson,4,905
GWINNETT,senate,46,inperson,5,609
GWINNETT,senate,46,inperson,6,544
GWINNETT,senate,46,inperson,7,625
GWINNETT,senate,46,inperson,8,569
GWINNETT,senate,46,inperson,9,327
GWINNETT,senate,46,inperson,10,547
GWINNETT,senate,46,inperson,11,705
GWINNETT,senate,46,inperson,12,608
GWINNETT,senate,46,inperson,13,569
GWINNETT,senate,46,inperson,14,610
GWINNETT,senate,46,inperson,15,705
GWINNETT,senate,46,inperson,16,295
GWINNETT,senate,46,inperson,17,493
GWINNETT,senate,46,inperson,18,789
GWINNETT,senate,46,inperson,19,627
GWINNETT,senate,46,inperson,20,698
GWINNETT,senate,46,inperson,21,796
GWINNETT,senate,46,mail,0,33
GWINNETT,senate,46,mail,1,42
GWINNETT,senate,46,mail,2,8
GWINNETT,senate,46,mail,3,14
GWINNETT,senate,46,mail,4,41
GWINNETT,senate,46,mail,5,17
GWINNETT,senate,46,mail,6,24
GWINNETT,senate,46,mail,7,25
GWINNETT,senate,46,mail,8,42
GWINNETT,senate,46,mail,9,14
GWINNETT,senate,46,mail,10,9
GWINNETT,senate,46,mail,11,60
GWINNETT,senate,46,mail,12,31
GWINNETT,senate,46,mail,13,37
GWINNETT,senate,46,mail,14,22
GWINNETT,senate,46,mail,15,28
GWINNETT,senate,46,mail,16,67
GWINNETT,senate,46,mail,17,16
GWINNETT,senate,46,mail,18,57
GWINNETT,senate,46,mail,19,53
GWINNETT,senate,46,mail,20,11
GWINNETT,senate,46,mail,21,2
GWINNETT,senate,46,mail,25,1
GWINNETT,senate,46,mail,36,3
GWINNETT,senate,47,inperson,4,1
GWINNETT,senate,48,inperson,4,1532
GWINNETT,senate,48,inperson,5,927
GWINNETT,senate,48,inperson,6,892
GWINNETT,senate,48,inperson,7,944
GWINNETT,senate,48,inperson,8,892
GWINNETT,senate,48,inperson,9,449
GWINNETT,senate,48,inperson,10,813
GWINNETT,senate,48,inperson,11,1107
GWINNETT,senate,48,inperson,12,1012
GWINNETT,senate,48,inperson,13,932
GWINNETT,senate,48,inperson,14,998
GWINNETT,senate,48,inperson,15,1100
GWINNETT,senate,48,inperson,16,497
GWINNETT,senate,48,inperson,17,819
GWINNETT,senate,48,inperson,18,1272
GWINNETT,senate,48,inperson,19,1065
GWINNETT,senate,48,inperson,20,1111
GWINNETT,senate,48,inperson,21,1205
GWINNETT,senate,48,mail,0,59
GWINNETT,senate,48,mail,1,108
GWINNETT,senate,48,mail,2,8
GWINNETT,senate,48,mail,3,50
GWINNETT,senate,48,mail,4,73
GWINNETT,senate,48,mail,5,68
GWINNETT,senate,48,mail,6,43
GWINNETT,senate,48,mail,7,48
GWINNETT,senate,48,mail,8,80
GWINNETT,senate,48,mail,9,7
GWINNETT,senate,48,mail,10,15
GWINNETT,senate,48,mail,11,113
GWINNETT,senate,48,mail,12,105
GWINNETT,senate,48,mail,13,98
GWINNETT,senate,48,mail,14,56
GWINNETT,senate,48,mail,15,42
GWINNETT,senate,48,mail,16,184
GWINNETT,senate,48,mail,17,19
GWINNETT,senate,48,mail,18,73
GWINNETT,senate,48,mail,19,71
GWINNETT,senate,48,mail,20,21
GWINNETT,senate,48,mail,21,3
GWINNETT,senate,48,mail,22,2
GWINNETT,senate,48,mail,25,1
GWINNETT,senate,48,mail,26,1
GWINNETT,senate,48,mail,28,1
GWINNETT,senate,48,mail,29,1
GWINNETT,senate,48,mail,32,1
GWINNETT,senate,48,mail,33,1
GWINNETT,senate,48,mail,34,1
GWINNETT,senate,48,mail,35,2
GWINNETT,senate,48,mail,36,2
GWINNETT,senate,48,mail,41,1
GWINNETT,senate,49,inperson,4,1
GWINNETT,senate,49,inperson,10,1
GWINNETT,senate,5,inperson,4,3368
GWINNETT,senate,5,inperson,5,2225
GWINNETT,senate,5,inperson,6,2112
GWINNETT,senate,5,inperson,7,1848
GWINNETT,senate,5,inperson,8,1785
GWINNETT,senate,5,inperson,9,1015
GWINNETT,senate,5,inperson,10,1660
GWINNETT,senate,5,inperson,11,1860
GWINNETT,senate,5,inperson,12,1560
GWINNETT,senate,5,inperson,13,1571
GWINNETT,senate,5,inperson,14,1567
GWINNETT,senate,5,inperson,15,1662
GWINNETT,senate,5,inperson,16,874
GWINNETT,senate,5,inperson,17,1506
GWINNETT,senate,5,inperson,18,1789
GWINNETT,senate,5,inperson,19,1742
GWINNETT,senate,5,inperson,20,1733
GWINNETT,senate,5,inperson,21,2051
GWINNETT,senate,5,mail,0,114
GWINNETT,senate,5,mail,1,193
GWINNETT,senate,5,mail,2,12
GWINNETT,senate,5,mail,3,65
GWINNETT,senate,5,mail,4,157
GWINNETT,senate,5,mail,5,92
GWINNETT,senate,5,mail,6,108
GWINNETT,senate,5,mail,7,135
GWINNETT,senate,5,mail,8,121
GWINNETT,senate,5,mail,9,19
GWINNETT,senate,5,mail,10,65
GWINNETT,senate,5,mail,11,197
GWINNETT,senate,5,mail,12,146
GWINNETT,senate,5,mail,13,134
GWINNETT,senate,5,mail,14,121
GWINNETT,senate,5,mail,15,93
GWINNETT,senate,5,mail,16,263
GWINNETT,senate,5,mail,17,33
GWINNETT,senate,5,mail,18,196
GWINNETT,senate,5,mail,19,149
GWINNETT,senate,5,mail,20,23
GWINNETT,senate,5,mail,21,9
GWINNETT,senate,5,mail,22,8
GWINNETT,senate,5,mail,25,1
GWINNETT,senate,5,mail,27,1
GWINNETT,senate,5,mail,28,4
GWINNETT,senate,5,mail,29,5
GWINNETT,senate,5,mail,32,3
GWINNETT,senate,5,mail,33,2
GWINNETT,senate,5,mail,34,2
GWINNETT,senate,5,mail,35,3
GWINNETT,senate,5,mail,36,1
GWINNETT,senate,5,mail,17430,1
GWINNETT,senate,55,inperson,4,2018
GWINNETT,senate,55,inperson,5,1356
GWINNETT,senate,55,inperson,6,1359
GWINNETT,senate,55,inperson,7,1300
GWINNETT,senate,55,inperson,8,1361
GWINNETT,senate,55,inperson,9,773
GWINNETT,senate,55,inperson,10,1051
GWINNETT,senate,55,inperson,11,1592
GWINNETT,senate,55,inperson,12,1396
GWINNETT,senate,55,inperson,13,1353
GWINNETT,senate,55,inperson,14,1542
GWINNETT,senate,55,inperson,15,1684
GWINNETT,senate,55,inperson,16,688
GWINNETT,senate,55,inperson,17,1174
GWINNETT,senate,55,inperson,18,1992
GWINNETT,senate,55,inperson,19,1792
GWINNETT,senate,55,inperson,20,1798
GWINNETT,senate,55,inperson,21,2284
GWINNETT,senate,55,mail,0,92
GWINNETT,senate,55,mail,1,123
GWINNETT,senate,55,mail,2,14
GWINNETT,senate,55,mail,3,51
GWINNETT,senate,55,mail,4,118
GWINNETT,senate,55,mail,5,72
GWINNETT,senate,55,mail,6,95
GWINNETT,senate,55,mail,7,113
GWINNETT,senate,55,mail,8,126
GWINNETT,senate,55,mail,9,19
GWINNETT,senate,55,mail,10,41
GWINNETT,senate,55,mail,11,144
GWINNETT,senate,55,mail,12,125
GWINNETT,senate,55,mail,13,176
GWINNETT,senate,55,mail,14,90
GWINNETT,senate,55,mail,15,77
GWINNETT,senate,55,mail,16,289
GWINNETT,senate,55,mail,17,51
GWINNETT,senate,55,mail,18,124
GWINNETT,senate,55,mail,19,149
GWINNETT,senate,55,mail,20,8
GWINNETT,senate,55,mail,21,6
GWINNETT,senate,55,mail,22,7
GWINNETT,senate,55,mail,25,2
GWINNETT,senate,55,mail,26,2
GWINNETT,senate,55,mail,29,6
GWINNETT,senate,55,mail,32,2
GWINNETT,senate,55,mail,34,2
GWINNETT,senate,55,mail,35,1
GWINNETT,senate,55,mail,42,2
GWINNETT,senate,7,inperson,4,4993
GWINNETT,senate,7,inperson,5,3518
GWINNETT,senate,7,inperson,6,3098
GWINNETT,senate,7,inperson,7,3297
GWINNETT,senate,7,inperson,8,3236
GWINNETT,senate,7,inperson,9,1822
GWINNETT,senate,7,inperson,10,2765
GWINNETT,senate,7,inperson,11,3573
GWINNETT,senate,7,inperson,12,3176
GWINNETT,senate,7,inperson,13,3148
GWINNETT,senate,7,inperson,14,3501
GWINNETT,senate,7,inperson,15,3620
GWINNETT,senate,7,inperson,16,1734
GWINNETT,senate,7,inperson,17,3014
GWINNETT,senate,7,inperson,18,4395
GWINNETT,senate,7,inperson,19,3886
GWINNETT,senate,7,inperson,20,3893
GWINNETT,senate,7,inperson,21,4705
GWINNETT,senate,7,mail,0,245
GWINNETT,senate,7,mail,1,351
GWINNETT,senate,7,mail,2,37
GWINNETT,senate,7,mail,3,202
GWINNETT,senate,7,mail,4,275
GWINNETT,senate,7,mail,5,214
GWINNETT,senate,7,mail,6,217
GWINNETT,senate,7,mail,7,294
GWINNETT,senate,7,mail,8,355
GWINNETT,senate,7,mail,9,49
GWINNETT,senate,7,mail,10,125
GWINNETT,senate,7,mail,11,455
GWINNETT,senate,7,mail,12,382
GWINNETT,senate,7,mail,13,336
GWINNETT,senate,7,mail,14,207
GWINNETT,senate,7,mail,15,213
GWINNETT,senate,7,mail,16,679
GWINNETT,senate,7,mail,17,80
GWINNETT,senate,7,mail,18,376
GWINNETT,senate,7,mail,19,394
GWINNETT,senate,7,mail,20,31
GWINNETT,senate,7,mail,21,22
GWINNETT,senate,7,mail,22,7
GWINNETT,senate,7,mail,25,7
GWINNETT,senate,7,mail,26,8
GWINNETT,senate,7,mail,27,6
GWINNETT,senate,7,mail,28,19
GWINNETT,senate,7,mail,29,19
GWINNETT,senate,7,mail,32,1
GWINNETT,senate,7,mail,33,3
GWINNETT,senate,7,mail,34,7
GWINNETT,senate,7,mail,35,4
GWINNETT,senate,7,mail,36,10
GWINNETT,senate,7,mail,40,2
GWINNETT,senate,7,mail,41,2
GWINNETT,senate,7,mail,42,2
GWINNETT,senate,7,mail,744,1
GWINNETT,senate,7,mail,13721,1
GWINNETT,senate,9,inperson,4,4979
GWINNETT,senate,9,inperson,5,3543
GWINNETT,senate,9,inperson,6,3418
GWINNETT,senate,9,inperson,7,3366
GWINNETT,senate,9,inperson,8,3311
GWINNETT,senate,9,inperson,9,1914
GWINNETT,senate,9,inperson,10,2939
GWINNETT,senate,9,inperson,11,3661
GWINNETT,senate,9,inperson,12,3362
GWINNETT,senate,9,inperson,13,3393
GWINNETT,senate,9,inperson,14,3621
GWINNETT,senate,9,inperson,15,3649
GWINNETT,senate,9,inperson,16,1923
GWINNETT,senate,9,inperson,17,2914
GWINNETT,senate,9,inperson,18,4338
GWINNETT,senate,9,inperson,19,3923
GWINNETT,senate,9,inperson,20,3911
GWINNETT,senate,9,inperson,21,4079
GWINNETT,senate,9,mail,0,219
GWINNETT,senate,9,mail,1,365
GWINNETT,senate,9,mail,2,43
GWINNETT,senate,9,mail,3,132
GWINNETT,senate,9,mail,4,272
GWINNETT,senate,9,mail,5,212
GWINNETT,senate,9,mail,6,188
GWINNETT,senate,9,mail,7,293
GWINNETT,senate,9,mail,8,253
GWINNETT,senate,9,mail,9,48
GWINNETT,senate,9,mail,10,68
GWINNETT,senate,9,mail,11,370
GWINNETT,senate,9,mail,12,333
GWINNETT,senate,9,mail,13,354
GWINNETT,senate,9,mail,14,273
GWINNETT,senate,9,mail,15,253
GWINNETT,senate,9,mail,16,524
GWINNETT,senate,9,mail,17,64
GWINNETT,senate,9,mail,18,399
GWINNETT,senate,9,mail,19,414
GWINNETT,senate,9,mail,20,86
GWINNETT,senate,9,mail,21,17
GWINNETT,senate,9,mail,22,32
GWINNETT,senate,9,mail,25,2
GWINNETT,senate,9,mail,26,5
GWINNETT,senate,9,mail,27,2
GWINNETT,senate,9,mail,28,8
GWINNETT,senate,9,mail,29,8
GWINNETT,senate,9,mail,32,2
GWINNETT,senate,9,mail,33,3
GWINNETT,senate,9,mail,34,1
GWINNETT,senate,9,mail,35,7
GWINNETT,senate,9,mail,36,5
GWINNETT,senate,9,mail,41,2
GWINNETT,senate,9,mail,42,3
HABERSHAM,house,10,inperson,4,1289
HABERSHAM,house,10,inperson,5,875
HABERSHAM,house,10,inperson,6,991
HABERSHAM,house,10,inperson,7,1361
HABERSHAM,house,10,inperson,8,1636
HABERSHAM,house,10,inperson,10,1415
HABERSHAM,house,10,inperson,11,823
HABERSHAM,house,10,inperson,12,707
HABERSHAM,house,10,inperson,13,776
HABERSHAM,house,10,inperson,14,856
HABERSHAM,house,10,inperson,15,972
HABERSHAM,house,10,inperson,17,728
HABERSHAM,house,10,inperson,18,1115
HABERSHAM,house,10,inperson,19,1092
HABERSHAM,house,10,inperson,20,1095
HABERSHAM,house,10,inperson,21,1392
HABERSHAM,house,10,mail,0,12
HABERSHAM,house,10,mail,1,32
HABERSHAM,house,10,mail,3,1
HABERSHAM,house,10,mail,4,34
HABERSHAM,house,10,mail,5,20
HABERSHAM,house,10,mail,6,24
HABERSHAM,house,10,mail,7,29
HABERSHAM,house,10,mail,8,54
HABERSHAM,house,10,mail,10,19
HABERSHAM,house,10,mail,11,32
HABERSHAM,house,10,mail,12,44
HABERSHAM,house,10,mail,13,48
HABERSHAM,house,10,mail,14,58
HABERSHAM,house,10,mail,15,87
HABERSHAM,house,10,mail,17,41
HABERSHAM,house,10,mail,18,76
HABERSHAM,house,10,mail,19,51
HABERSHAM,house,10,mail,20,64
HABERSHAM,house,10,mail,21,138
HABERSHAM,house,10,mail,25,39
HABERSHAM,house,10,mail,26,42
HABERSHAM,house,10,mail,27,29
HABERSHAM,house,10,mail,28,4
HABERSHAM,house,10,mail,29,1
HABERSHAM,house,10,mail,34,2
HABERSHAM,house,10,mail,41,1
HABERSHAM,house,32,inperson,4,107
HABERSHAM,house,32,inperson,5,54
HABERSHAM,house,32,inperson,6,73
HABERSHAM,house,32,inperson,7,77
HABERSHAM,house,32,inperson,8,80
HABERSHAM,house,32,inperson,10,76
HABERSHAM,house,32,inperson,11,85
HABERSHAM,house,32,inperson,12,71
HABERSHAM,house,32,inperson,13,63
HABERSHAM,house,32,inperson,14,76
HABERSHAM,house,32,inperson,15,61
HABERSHAM,house,32,inperson,17,56
HABERSHAM,house,32,inperson,18,93
HABERSHAM,house,32,inperson,19,104
HABERSHAM,house,32,inperson,20,104
HABERSHAM,house,32,inperson,21,101
HABERSHAM,house,32,mail,0,4
HABERSHAM,house,32,mail,1,3
HABERSHAM,house,32,mail,4,3
HABERSHAM,house,32,mail,7,1
HABERSHAM,house,32,mail,8,3
HABERSHAM,house,32,mail,10,3
HABERSHAM,house,32,mail,11,5
HABERSHAM,house,32,mail,12,3
HABERSHAM,house,32,mail,13,2
HABERSHAM,house,32,mail,14,1
HABERSHAM,house,32,mail,15,4
HABERSHAM,house,32,mail,18,6
HABERSHAM,house,32,mail,19,3
HABERSHAM,house,32,mail,20,2
HABERSHAM,house,32,mail,21,10
HABERSHAM,house,32,mail,25,11
HABERSHAM,house,32,mail,26,7
HABERSHAM,house,32,mail,27,4
HABERSHAM,senate,50,inperson,4,1396
HABERSHAM,senate,50,inperson,5,929
HABERSHAM,senate,50,inperson,6,1064
HABERSHAM,senate,50,inperson,7,1438
HABERSHAM,senate,50,inperson,8,1716
HABERSHAM,senate,50,inperson,10,1491
HABERSHAM,senate,50,inperson,11,908
HABERSHAM,senate,50,inperson,12,778
HABERSHAM,senate,50,inperson,13,839
HABERSHAM,senate,50,inperson,14,932
HABERSHAM,senate,50,inperson,15,1033
HABERSHAM,senate,50,inperson,17,784
HABERSHAM,senate,50,inperson,18,1208
HABERSHAM,senate,50,inperson,19,1196
HABERSHAM,senate,50,inperson,20,1199
HABERSHAM,senate,50,inperson,21,1493
HABERSHAM,senate,50,mail,0,16
HABERSHAM,senate,50,mail,1,35
HABERSHAM,senate,50,mail,3,1
HABERSHAM,senate,50,mail,4,37
HABERSHAM,senate,50,mail,5,20
HABERSHAM,senate,50,mail,6,24
HABERSHAM,senate,50,mail,7,30
HABERSHAM,senate,50,mail,8,57
HABERSHAM,senate,50,mail,10,22
HABERSHAM,senate,50,mail,11,37
HABERSHAM,senate,50,mail,12,47
HABERSHAM,senate,50,mail,13,50
HABERSHAM,senate,50,mail,14,59
HABERSHAM,senate,50,mail,15,91
HABERSHAM,senate,50,mail,17,41
HABERSHAM,senate,50,mail,18,82
HABERSHAM,senate,50,mail,19,54
HABERSHAM,senate,50,mail,20,66
HABERSHAM,senate,50,mail,21,148
HABERSHAM,senate,50,mail,25,50
HABERSHAM,senate,50,mail,26,49
HABERSHAM,senate,50,mail,27,33
HABERSHAM,senate,50,mail,28,4
HABERSHAM,senate,50,mail,29,1
HABERSHAM,senate,50,mail,34,2
HABERSHAM,senate,50,mail,41,1
HALL,house,100,inperson,4,265
HALL,house,100,inperson,5,174
HALL,house,100,inperson,6,156
HALL,house,100,inperson,7,205
HALL,house,100,inperson,8,265
HALL,house,100,inperson,10,180
HALL,house,100,inperson,11,211
HALL,house,100,inperson,12,187
HALL,house,100,inperson,13,197
HALL,house,100,inperson,14,220
HALL,house,100,inperson,15,232
HALL,house,100,inperson,17,192
HALL,house,100,inperson,18,237
HALL,house,100,inperson,19,221
HALL,house,100,inperson,20,221
HALL,house,100,inperson,21,280
HALL,house,100,mail,0,21
HALL,house,100,mail,1,12
HALL,house,100,mail,3,3
HALL,house,100,mail,4,11
HALL,house,100,mail,5,8
HALL,house,100,mail,6,14
HALL,house,100,mail,7,13
HALL,house,100,mail,8,8
HALL,house,100,mail,10,6
HALL,house,100,mail,11,15
HALL,house,100,mail,12,17
HALL,house,100,mail,13,39
HALL,house,100,mail,14,11
HALL,house,100,mail,17,30
HALL,house,100,mail,18,8
HALL,house,100,mail,19,15
HALL,house,100,mail,20,16
HALL,house,100,mail,21,1
HALL,house,100,mail,24,1
HALL,house,100,mail,32,1
HALL,house,100,mail,43,1
HALL,house,103,inperson,4,377
HALL,house,103,inperson,5,255
HALL,house,103,inperson,6,251
HALL,house,103,inperson,7,277
HALL,house,103,inperson,8,325
HALL,house,103,inperson,10,284
HALL,house,103,inperson,11,346
HALL,house,103,inperson,12,292
HALL,house,103,inperson,13,266
HALL,house,103,inperson,14,342
HALL,house,103,inperson,15,382
HALL,house,103,inperson,17,345
HALL,house,103,inperson,18,487
HALL,house,103,inperson,19,413
HALL,house,103,inperson,20,388
HALL,house,103,inperson,21,413
HALL,house,103,mail,0,27
HALL,house,103,mail,1,9
HALL,house,103,mail,3,3
HALL,house,103,mail,4,14
HALL,house,103,mail,5,12
HALL,house,103,mail,6,30
HALL,house,103,mail,8,5
HALL,house,103,mail,10,3
HALL,house,103,mail,11,27
HALL,house,103,mail,12,31
HALL,house,103,mail,13,18
HALL,house,103,mail,14,4
HALL,house,103,mail,16,2
HALL,house,103,mail,17,32
HALL,house,103,mail,18,25
HALL,house,103,mail,19,15
HALL,house,103,mail,21,3
HALL,house,103,mail,24,3
HALL,house,103,mail,28,2
HALL,house,27,inperson,4,1747
HALL,house,27,inperson,5,1151
HALL,house,27,inperson,6,1236
HALL,house,27,inperson,7,1349
HALL,house,27,inperson,8,1452
HALL,house,27,inperson,10,1130
HALL,house,27,inperson,11,1354
HALL,house,27,inperson,12,1194
HALL,house,27,inperson,13,1377
HALL,house,27,inperson,14,1495
HALL,house,27,inperson,15,1658
HALL,house,27,inperson,17,1314
HALL,house,27,inperson,18,1898
HALL,house,27,inperson,19,1780
HALL,house,27,inperson,20,1981
HALL,house,27,inperson,21,2210
HALL,house,27,mail,0,115
HALL,house,27,mail,1,54
HALL,house,27,mail,3,31
HALL,house,27,mail,4,57
HALL,house,27,mail,5,66
HALL,house,27,mail,6,99
HALL,house,27,mail,7,69
HALL,house,27,mail,8,34
HALL,house,27,mail,10,31
HALL,house,27,mail,11,193
HALL,house,27,mail,12,57
HALL,house,27,mail,13,168
HALL,house,27,mail,14,44
HALL,house,27,mail,15,2
HALL,house,27,mail,16,7
HALL,house,27,mail,17,157
HALL,house,27,mail,18,114
HALL,house,27,mail,19,65
HALL,house,27,mail,20,66
HALL,house,27,mail,21,42
HALL,house,27,mail,22,2
HALL,house,27,mail,24,21
HALL,house,27,mail,27,4
HALL,house,27,mail,28,2
HALL,house,27,mail,32,1
HALL,house,27,mail,33,1
HALL,house,27,mail,36,1
HALL,house,27,mail,43,2
HALL,house,28,inperson,4,226
HALL,house,28,inperson,5,169
HALL,house,28,inperson,6,177
HALL,house,28,inperson,7,187
HALL,house,28,inperson,8,189
HALL,house,28,inperson,10,132
HALL,house,28,inperson,11,213
HALL,house,28,inperson,12,164
HALL,house,28,inperson,13,246
HALL,house,28,inperson,14,226
HALL,house,28,inperson,15,242
HALL,house,28,inperson,17,137
HALL,house,28,inperson,18,275
HALL,house,28,inperson,19,295
HALL,house,28,inperson,20,292
HALL,house,28,inperson,21,359
HALL,house,28,mail,0,20
HALL,house,28,mail,1,19
HALL,house,28,mail,3,9
HALL,house,28,mail,4,12
HALL,house,28,mail,5,16
HALL,house,28,mail,6,14
HALL,house,28,mail,7,8
HALL,house,28,mail,8,16
HALL,house,28,mail,10,5
HALL,house,28,mail,11,41
HALL,house,28,mail,12,27
HALL,house,28,mail,13,46
HALL,house,28,mail,14,15
HALL,house,28,mail,16,21
HALL,house,28,mail,17,25
HALL,house,28,mail,18,26
HALL,house,28,mail,19,37
HALL,house,28,mail,20,12
HALL,house,28,mail,21,17
HALL,house,28,mail,24,9
HALL,house,28,mail,27,1
HALL,house,28,mail,40,2
HALL,house,29,inperson,4,1269
HALL,house,29,inperson,5,773
HALL,house,29,inperson,6,769
HALL,house,29,inperson,7,774
HALL,house,29,inperson,8,869
HALL,house,29,inperson,10,699
HALL,house,29,inperson,11,777
HALL,house,29,inperson,12,653
HALL,house,29,inperson,13,720
HALL,house,29,inperson,14,725
HALL,house,29,inperson,15,888
HALL,house,29,inperson,17,599
HALL,house,29,inperson,18,1040
HALL,house,29,inperson,19,935
HALL,house,29,inperson,20,1079
HALL,house,29,inperson,21,1159
HALL,house,29,mail,0,74
HALL,house,29,mail,1,53
HALL,house,29,mail,3,34
HALL,house,29,mail,4,59
HALL,house,29,mail,5,49
HALL,house,29,mail,6,67
HALL,house,29,mail,7,48
HALL,house,29,mail,8,28
HALL,house,29,mail,10,28
HALL,house,29,mail,11,134
HALL,house,29,mail,12,88
HALL,house,29,mail,13,143
HALL,house,29,mail,14,58
HALL,house,29,mail,15,5
HALL,house,29,mail,16,35
HALL,house,29,mail,17,92
HALL,house,29,mail,18,75
HALL,house,29,mail,19,116
HALL,house,29,mail,20,38
HALL,house,29,mail,21,32
HALL,house,29,mail,22,3
HALL,house,29,mail,24,18
HALL,house,29,mail,26,1
HALL,house,29,mail,27,2
HALL,house,29,mail,28,2
HALL,house,29,mail,34,1
HALL,house,29,mail,41,1
HALL,house,30,inperson,4,1759
HALL,house,30,inperson,5,1029
HALL,house,30,inperson,6,1206
HALL,house,30,inperson,7,1113
HALL,house,30,inperson,8,1388
HALL,house,30,inperson,10,1137
HALL,house,30,inperson,11,1385
HALL,house,30,inperson,12,1140
HALL,house,30,inperson,13,1225
HALL,house,30,inperson,14,1384
HALL,house,30,inperson,15,1635
HALL,house,30,inperson,17,1234
HALL,house,30,inperson,18,1810
HALL,house,30,inperson,19,1632
HALL,house,30,inperson,20,1795
HALL,house,30,inperson,21,2074
HALL,house,30,mail,0,83
HALL,house,30,mail,1,42
HALL,house,30,mail,3,28
HALL,house,30,mail,4,61
HALL,house,30,mail,5,63
HALL,house,30,mail,6,103
HALL,house,30,mail,7,70
HALL,house,30,mail,8,47
HALL,house,30,mail,10,38
HALL,house,30,mail,11,126
HALL,house,30,mail,12,123
HALL,house,30,mail,13,160
HALL,house,30,mail,14,37
HALL,house,30,mail,15,3
HALL,house,30,mail,16,5
HALL,house,30,mail,17,180
HALL,house,30,mail,18,92
HALL,house,30,mail,19,112
HALL,house,30,mail,20,61
HALL,house,30,mail,21,37
HALL,house,30,mail,24,9
HALL,house,30,mail,27,3
HALL,house,30,mail,28,5
HALL,house,30,mail,32,2
HALL,house,30,mail,36,1
HALL,house,31,inperson,4,343
HALL,house,31,inperson,5,157
HALL,house,31,inperson,6,122
HALL,house,31,inperson,7,156
HALL,house,31,inperson,8,178
HALL,house,31,inperson,10,167
HALL,house,31,inperson,11,142
HALL,house,31,inperson,12,108
HALL,house,31,inperson,13,97
HALL,house,31,inperson,14,109
HALL,house,31,inperson,15,138
HALL,house,31,inperson,17,136
HALL,house,31,inperson,18,177
HALL,house,31,inperson,19,120
HALL,house,31,inperson,20,153
HALL,house,31,inperson,21,196
HALL,house,31,mail,0,11
HALL,house,31,mail,1,4
HALL,house,31,mail,3,2
HALL,house,31,mail,4,7
HALL,house,31,mail,5,8
HALL,house,31,mail,6,8
HALL,house,31,mail,7,4
HALL,house,31,mail,8,4
HALL,house,31,mail,10,4
HALL,house,31,mail,11,18
HALL,house,31,mail,12,1
HALL,house,31,mail,13,15
HALL,house,31,mail,14,7
HALL,house,31,mail,17,15
HALL,house,31,mail,18,7
HALL,house,31,mail,19,24
HALL,house,31,mail,20,8
HALL,house,31,mail,24,4
HALL,house,43,inperson,12,1
HALL,senate,33,inperson,12,1
HALL,senate,49,inperson,4,5639
HALL,senate,49,inperson,5,3517
HALL,senate,49,inperson,6,3778
HALL,senate,49,inperson,7,3890
HALL,senate,49,inperson,8,4491
HALL,senate,49,inperson,10,3562
HALL,senate,49,inperson,11,4262
HALL,senate,49,inperson,12,3595
HALL,senate,49,inperson,13,3990
HALL,senate,49,inperson,14,4343
HALL,senate,49,inperson,15,4994
HALL,senate,49,inperson,17,3780
HALL,senate,49,inperson,18,5728
HALL,senate,49,inperson,19,5230
HALL,senate,49,inperson,20,5729
HALL,senate,49,inperson,21,6417
HALL,senate,49,mail,0,343
HALL,senate,49,mail,1,189
HALL,senate,49,mail,3,109
HALL,senate,49,mail,4,215
HALL,senate,49,mail,5,214
HALL,senate,49,mail,6,328
HALL,senate,49,mail,7,208
HALL,senate,49,mail,8,138
HALL,senate,49,mail,10,113
HALL,senate,49,mail,11,533
HALL,senate,49,mail,12,340
HALL,senate,49,mail,13,577
HALL,senate,49,mail,14,169
HALL,senate,49,mail,15,10
HALL,senate,49,mail,16,70
HALL,senate,49,mail,17,506
HALL,senate,49,mail,18,341
HALL,senate,49,mail,19,366
HALL,senate,49,mail,20,198
HALL,senate,49,mail,21,127
HALL,senate,49,mail,22,5
HALL,senate,49,mail,24,61
HALL,senate,49,mail,26,1
HALL,senate,49,mail,27,10
HALL,senate,49,mail,28,11
HALL,senate,49,mail,32,4
HALL,senate,49,mail,33,1
HALL,senate,49,mail,34,1
HALL,senate,49,mail,36,2
HALL,senate,49,mail,40,2
HALL,senate,49,mail,41,1
HALL,senate,49,mail,43,3
HALL,senate,50,inperson,4,347
HALL,senate,50,inperson,5,191
HALL,senate,50,inperson,6,139
HALL,senate,50,inperson,7,171
HALL,senate,50,inperson,8,175
HALL,senate,50,inperson,10,167
HALL,senate,50,inperson,11,166
HALL,senate,50,inperson,12,143
HALL,senate,50,inperson,13,138
HALL,senate,50,inperson,14,158
HALL,senate,50,inperson,15,181
HALL,senate,50,inperson,17,177
HALL,senate,50,inperson,18,196
HALL,senate,50,inperson,19,166
HALL,senate,50,inperson,20,180
HALL,senate,50,inperson,21,274
HALL,senate,50,mail,0,8
HALL,senate,50,mail,1,4
HALL,senate,50,mail,3,1
HALL,senate,50,mail,4,6
HALL,senate,50,mail,5,8
HALL,senate,50,mail,6,7
HALL,senate,50,mail,7,4
HALL,senate,50,mail,8,4
HALL,senate,50,mail,10,2
HALL,senate,50,mail,11,21
HALL,senate,50,mail,12,4
HALL,senate,50,mail,13,12
HALL,senate,50,mail,14,7
HALL,senate,50,mail,17,25
HALL,senate,50,mail,18,6
HALL,senate,50,mail,19,18
HALL,senate,50,mail,20,3
HALL,senate,50,mail,21,5
HALL,senate,50,mail,24,4
HANCOCK,house,128,inperson,4,229
HANCOCK,house,128,inperson,5,135
HANCOCK,house,128,inperson,6,124
HANCOCK,house,128,inperson,7,117
HANCOCK,house,128,inperson,8,145
HANCOCK,house,128,inperson,10,72
HANCOCK,house,128,inperson,11,140
HANCOCK,house,128,inperson,12,122
HANCOCK,house,128,inperson,13,123
HANCOCK,house,128,inperson,14,196
HANCOCK,house,128,inperson,15,182
HANCOCK,house,128,inperson,17,134
HANCOCK,house,128,inperson,18,229
HANCOCK,house,128,inperson,19,168
HANCOCK,house,128,inperson,20,188
HANCOCK,house,128,inperson,21,227
HANCOCK,house,128,mail,0,17
HANCOCK,house,128,mail,1,17
HANCOCK,house,128,mail,4,25
HANCOCK,house,128,mail,5,19
HANCOCK,house,128,mail,6,11
HANCOCK,house,128,mail,7,12
HANCOCK,house,128,mail,8,21
HANCOCK,house,128,mail,10,23
HANCOCK,house,128,mail,11,26
HANCOCK,house,128,mail,12,19
HANCOCK,house,128,mail,13,42
HANCOCK,house,128,mail,14,34
HANCOCK,house,128,mail,15,26
HANCOCK,house,128,mail,17,4
HANCOCK,house,128,mail,18,72
HANCOCK,house,128,mail,19,27
HANCOCK,house,128,mail,20,32
HANCOCK,house,128,mail,21,52
HANCOCK,senate,26,inperson,4,229
HANCOCK,senate,26,inperson,5,135
HANCOCK,senate,26,inperson,6,124
HANCOCK,senate,26,inperson,7,117
HANCOCK,senate,26,inperson,8,145
HANCOCK,senate,26,inperson,10,72
HANCOCK,senate,26,inperson,11,140
HANCOCK,senate,26,inperson,12,122
HANCOCK,senate,26,inperson,13,123
HANCOCK,senate,26,inperson,14,196
HANCOCK,senate,26,inperson,15,182
HANCOCK,senate,26,inperson,17,134
HANCOCK,senate,26,inperson,18,229
HANCOCK,senate,26,inperson,19,168
HANCOCK,senate,26,inperson,20,188
HANCOCK,senate,26,inperson,21,227
HANCOCK,senate,26,mail,0,17
HANCOCK,senate,26,mail,1,17
HANCOCK,senate,26,mail,4,25
HANCOCK,senate,26,mail,5,19
HANCOCK,senate,26,mail,6,11
HANCOCK,senate,26,mail,7,12
HANCOCK,senate,26,mail,8,21
HANCOCK,senate,26,mail,10,23
HANCOCK,senate,26,mail,11,26
HANCOCK,senate,26,mail,12,19
HANCOCK,senate,26,mail,13,42
HANCOCK,senate,26,mail,14,34
HANCOCK,senate,26,mail,15,26
HANCOCK,senate,26,mail,17,4
HANCOCK,senate,26,mail,18,72
HANCOCK,senate,26,mail,19,27
HANCOCK,senate,26,mail,20,32
HANCOCK,senate,26,mail,21,52
HARALSON,house,18,inperson,4,889
HARALSON,house,18,inperson,5,573
HARALSON,house,18,inperson,6,513
HARALSON,house,18,inperson,7,574
HARALSON,house,18,inperson,8,647
HARALSON,house,18,inperson,10,435
HARALSON,house,18,inperson,11,711
HARALSON,house,18,inperson,12,584
HARALSON,house,18,inperson,13,544
HARALSON,house,18,inperson,14,628
HARALSON,house,18,inperson,15,743
HARALSON,house,18,inperson,17,334
HARALSON,house,18,inperson,18,905
HARALSON,house,18,inperson,19,754
HARALSON,house,18,inperson,20,711
HARALSON,house,18,inperson,21,813
HARALSON,house,18,mail,0,25
HARALSON,house,18,mail,1,19
HARALSON,house,18,mail,3,5
HARALSON,house,18,mail,4,14
HARALSON,house,18,mail,5,20
HARALSON,house,18,mail,6,28
HARALSON,house,18,mail,7,23
HARALSON,house,18,mail,8,17
HARALSON,house,18,mail,10,19
HARALSON,house,18,mail,11,26
HARALSON,house,18,mail,12,31
HARALSON,house,18,mail,13,39
HARALSON,house,18,mail,14,54
HARALSON,house,18,mail,15,21
HARALSON,house,18,mail,17,17
HARALSON,house,18,mail,18,34
HARALSON,house,18,mail,19,43
HARALSON,house,18,mail,20,44
HARALSON,house,18,mail,21,35
HARALSON,house,18,mail,22,23
HARALSON,house,18,mail,25,16
HARALSON,house,18,mail,26,14
HARALSON,house,18,mail,27,5
HARALSON,senate,30,inperson,4,889
HARALSON,senate,30,inperson,5,573
HARALSON,senate,30,inperson,6,513
HARALSON,senate,30,inperson,7,574
HARALSON,senate,30,inperson,8,647
HARALSON,senate,30,inperson,10,435
HARALSON,senate,30,inperson,11,711
HARALSON,senate,30,inperson,12,584
HARALSON,senate,30,inperson,13,544
HARALSON,senate,30,inperson,14,628
HARALSON,senate,30,inperson,15,743
HARALSON,senate,30,inperson,17,334
HARALSON,senate,30,inperson,18,905
HARALSON,senate,30,inperson,19,754
HARALSON,senate,30,inperson,20,711
HARALSON,senate,30,inperson,21,813
HARALSON,senate,30,mail,0,25
HARALSON,senate,30,mail,1,19
HARALSON,senate,30,mail,3,5
HARALSON,senate,30,mail,4,14
HARALSON,senate,30,mail,5,20
HARALSON,senate,30,mail,6,28
HARALSON,senate,30,mail,7,23
HARALSON,senate,30,mail,8,17
HARALSON,senate,30,mail,10,19
HARALSON,senate,30,mail,11,26
HARALSON,senate,30,mail,12,31
HARALSON,senate,30,mail,13,39
HARALSON,senate,30,mail,14,54
HARALSON,senate,30,mail,15,21
HARALSON,senate,30,mail,17,17
HARALSON,senate,30,mail,18,34
HARALSON,senate,30,mail,19,43
HARALSON,senate,30,mail,20,44
HARALSON,senate,30,mail,21,35
HARALSON,senate,30,mail,22,23
HARALSON,senate,30,mail,25,16
HARALSON,senate,30,mail,26,14
HARALSON,senate,30,mail,27,5
HARRIS,house,138,inperson,4,708
HARRIS,house,138,inperson,5,402
HARRIS,house,138,inperson,6,412
HARRIS,house,138,inperson,7,430
HARRIS,house,138,inperson,8,535
HARRIS,house,138,inperson,10,412
HARRIS,house,138,inperson,11,607
HARRIS,house,138,inperson,12,459
HARRIS,house,138,inperson,13,491
HARRIS,house,138,inperson,14,496
HARRIS,house,138,inperson,15,628
HARRIS,house,138,inperson,17,369
HARRIS,house,138,inperson,18,788
HARRIS,house,138,inperson,19,640
HARRIS,house,138,inperson,20,670
HARRIS,house,138,inperson,21,811
HARRIS,house,138,mail,0,26
HARRIS,house,138,mail,1,27
HARRIS,house,138,mail,4,24
HARRIS,house,138,mail,5,36
HARRIS,house,138,mail,6,21
HARRIS,house,138,mail,7,21
HARRIS,house,138,mail,8,34
HARRIS,house,138,mail,10,31
HARRIS,house,138,mail,11,33
HARRIS,house,138,mail,12,25
HARRIS,house,138,mail,13,28
HARRIS,house,138,mail,14,43
HARRIS,house,138,mail,15,14
HARRIS,house,138,mail,17,51
HARRIS,house,138,mail,18,34
HARRIS,house,138,mail,19,24
HARRIS,house,138,mail,20,27
HARRIS,house,138,mail,21,67
HARRIS,house,138,mail,22,27
HARRIS,house,138,mail,25,20
HARRIS,house,138,mail,26,7
HARRIS,house,138,mail,27,1
HARRIS,house,138,mail,28,2
HARRIS,house,138,mail,29,2
HARRIS,house,138,mail,33,2
HARRIS,house,138,mail,36,3
HARRIS,house,138,mail,38,1
HARRIS,house,139,inperson,4,450
HARRIS,house,139,inperson,5,297
HARRIS,house,139,inperson,6,279
HARRIS,house,139,inperson,7,277
HARRIS,house,139,inperson,8,304
HARRIS,house,139,inperson,10,287
HARRIS,house,139,inperson,11,453
HARRIS,house,139,inperson,12,330
HARRIS,house,139,inperson,13,324
HARRIS,house,139,inperson,14,337
HARRIS,house,139,inperson,15,401
HARRIS,house,139,inperson,17,305
HARRIS,house,139,inperson,18,514
HARRIS,house,139,inperson,19,391
HARRIS,house,139,inperson,20,390
HARRIS,house,139,inperson,21,468
HARRIS,house,139,mail,0,14
HARRIS,house,139,mail,1,23
HARRIS,house,139,mail,4,16
HARRIS,house,139,mail,5,39
HARRIS,house,139,mail,6,11
HARRIS,house,139,mail,7,17
HARRIS,house,139,mail,8,20
HARRIS,house,139,mail,10,10
HARRIS,house,139,mail,11,24
HARRIS,house,139,mail,12,25
HARRIS,house,139,mail,13,28
HARRIS,house,139,mail,14,32
HARRIS,house,139,mail,15,13
HARRIS,house,139,mail,17,48
HARRIS,house,139,mail,18,10
HARRIS,house,139,mail,19,25
HARRIS,house,139,mail,20,27
HARRIS,house,139,mail,21,52
HARRIS,house,139,mail,22,10
HARRIS,house,139,mail,25,8
HARRIS,house,139,mail,26,5
HARRIS,house,139,mail,27,2
HARRIS,house,139,mail,29,5
HARRIS,house,139,mail,36,1
HARRIS,senate,29,inperson,4,1158
HARRIS,senate,29,inperson,5,699
HARRIS,senate,29,inperson,6,691
HARRIS,senate,29,inperson,7,707
HARRIS,senate,29,inperson,8,839
HARRIS,senate,29,inperson,10,699
HARRIS,senate,29,inperson,11,1060
HARRIS,senate,29,inperson,12,789
HARRIS,senate,29,inperson,13,815
HARRIS,senate,29,inperson,14,833
HARRIS,senate,29,inperson,15,1029
HARRIS,senate,29,inperson,17,674
HARRIS,senate,29,inperson,18,1302
HARRIS,senate,29,inperson,19,1031
HARRIS,senate,29,inperson,20,1060
HARRIS,senate,29,inperson,21,1279
HARRIS,senate,29,mail,0,40
HARRIS,senate,29,mail,1,50
HARRIS,senate,29,mail,4,40
HARRIS,senate,29,mail,5,75
HARRIS,senate,29,mail,6,32
HARRIS,senate,29,mail,7,38
HARRIS,senate,29,mail,8,54
HARRIS,senate,29,mail,10,41
HARRIS,senate,29,mail,11,57
HARRIS,senate,29,mail,12,50
HARRIS,senate,29,mail,13,56
HARRIS,senate,29,mail,14,75
HARRIS,senate,29,mail,15,27
HARRIS,senate,29,mail,17,99
HARRIS,senate,29,mail,18,44
HARRIS,senate,29,mail,19,49
HARRIS,senate,29,mail,20,54
HARRIS,senate,29,mail,21,119
HARRIS,senate,29,mail,22,37
HARRIS,senate,29,mail,25,28
HARRIS,senate,29,mail,26,12
HARRIS,senate,29,mail,27,3
HARRIS,senate,29,mail,28,2
HARRIS,senate,29,mail,29,7
HARRIS,senate,29,mail,33,2
HARRIS,senate,29,mail,36,4
HARRIS,senate,29,mail,38,1
HART,house,33,inperson,4,743
HART,house,33,inperson,5,417
HART,house,33,inperson,6,534
HART,house,33,inperson,7,465
HART,house,33,inperson,8,486
HART,house,33,inperson,10,401
HART,house,33,inperson,11,689
HART,house,33,inperson,12,505
HART,house,33,inperson,13,572
HART,house,33,inperson,14,619
HART,house,33,inperson,15,733
HART,house,33,inperson,17,381
HART,house,33,inperson,18,906
HART,house,33,inperson,19,837
HART,house,33,inperson,20,869
HART,house,33,inperson,21,1044
HART,house,33,mail,0,18
HART,house,33,mail,1,38
HART,house,33,mail,4,25
HART,house,33,mail,5,20
HART,house,33,mail,6,26
HART,house,33,mail,7,9
HART,house,33,mail,8,34
HART,house,33,mail,10,17
HART,house,33,mail,11,34
HART,house,33,mail,12,17
HART,house,33,mail,13,24
HART,house,33,mail,14,38
HART,house,33,mail,15,66
HART,house,33,mail,18,46
HART,house,33,mail,19,23
HART,house,33,mail,20,72
HART,house,33,mail,21,43
HART,house,33,mail,22,22
HART,house,33,mail,25,33
HART,house,33,mail,26,6
HART,house,33,mail,27,15
HART,house,33,mail,28,1
HART,house,33,mail,29,1
HART,senate,24,inperson,4,743
HART,senate,24,inperson,5,417
HART,senate,24,inperson,6,534
HART,senate,24,inperson,7,465
HART,senate,24,inperson,8,486
HART,senate,24,inperson,10,401
HART,senate,24,inperson,11,689
HART,senate,24,inperson,12,505
HART,senate,24,inperson,13,572
HART,senate,24,inperson,14,619
HART,senate,24,inperson,15,733
HART,senate,24,inperson,17,381
HART,senate,24,inperson,18,906
HART,senate,24,inperson,19,837
HART,senate,24,inperson,20,869
HART,senate,24,inperson,21,1044
HART,senate,24,mail,0,18
HART,senate,24,mail,1,38
HART,senate,24,mail,4,25
HART,senate,24,mail,5,20
HART,senate,24,mail,6,26
HART,senate,24,mail,7,9
HART,senate,24,mail,8,34
HART,senate,24,mail,10,17
HART,senate,24,mail,11,34
HART,senate,24,mail,12,17
HART,senate,24,mail,13,24
HART,senate,24,mail,14,38
HART,senate,24,mail,15,66
HART,senate,24,mail,18,46
HART,senate,24,mail,19,23
HART,senate,24,mail,20,72
HART,senate,24,mail,21,43
HART,senate,24,mail,22,22
HART,senate,24,mail,25,33
HART,senate,24,mail,26,6
HART,senate,24,mail,27,15
HART,senate,24,mail,28,1
HART,senate,24,mail,29,1
HEARD,house,72,inperson,4,297
HEARD,house,72,inperson,5,197
HEARD,house,72,inperson,6,185
HEARD,house,72,inperson,7,164
HEARD,house,72,inperson,8,208
HEARD,house,72,inperson,10,187
HEARD,house,72,inperson,11,272
HEARD,house,72,inperson,12,187
HEARD,house,72,inperson,13,143
HEARD,house,72,inperson,14,220
HEARD,house,72,inperson,15,205
HEARD,house,72,inperson,17,145
HEARD,house,72,inperson,18,331
HEARD,house,72,inperson,19,249
HEARD,house,72,inperson,20,250
HEARD,house,72,inperson,21,376
HEARD,house,72,mail,0,3
HEARD,house,72,mail,1,6
HEARD,house,72,mail,4,10
HEARD,house,72,mail,5,12
HEARD,house,72,mail,6,10
HEARD,house,72,mail,7,4
HEARD,house,72,mail,8,18
HEARD,house,72,mail,10,3
HEARD,house,72,mail,11,10
HEARD,house,72,mail,12,8
HEARD,house,72,mail,13,13
HEARD,house,72,mail,14,22
HEARD,house,72,mail,15,20
HEARD,house,72,mail,17,6
HEARD,house,72,mail,18,24
HEARD,house,72,mail,19,25
HEARD,house,72,mail,20,31
HEARD,house,72,mail,21,50
HEARD,house,72,mail,22,2
HEARD,house,72,mail,25,30
HEARD,house,72,mail,26,34
HEARD,house,72,mail,27,7
HEARD,house,72,mail,28,1
HEARD,house,72,mail,32,2
HEARD,house,72,mail,40,1
HEARD,house,72,mail,41,1
HEARD,senate,6,inperson,4,297
HEARD,senate,6,inperson,5,197
HEARD,senate,6,inperson,6,185
HEARD,senate,6,inperson,7,164
HEARD,senate,6,inperson,8,208
HEARD,senate,6,inperson,10,187
HEARD,senate,6,inperson,11,272
HEARD,senate,6,inperson,12,187
HEARD,senate,6,inperson,13,143
HEARD,senate,6,inperson,14,220
HEARD,senate,6,inperson,15,205
HEARD,senate,6,inperson,17,145
HEARD,senate,6,inperson,18,331
HEARD,senate,6,inperson,19,249
HEARD,senate,6,inperson,20,250
HEARD,senate,6,inperson,21,376
HEARD,senate,6,mail,0,3
HEARD,senate,6,mail,1,6
HEARD,senate,6,mail,4,10
HEARD,senate,6,mail,5,12
HEARD,senate,6,mail,6,10
HEARD,senate,6,mail,7,4
HEARD,senate,6,mail,8,18
HEARD,senate,6,mail,10,3
HEARD,senate,6,mail,11,10
HEARD,senate,6,mail,12,8
HEARD,senate,6,mail,13,13
HEARD,senate,6,mail,14,22
HEARD,senate,6,mail,15,20
HEARD,senate,6,mail,17,6
HEARD,senate,6,mail,18,24
HEARD,senate,6,mail,19,25
HEARD,senate,6,mail,20,31
HEARD,senate,6,mail,21,50
HEARD,senate,6,mail,22,2
HEARD,senate,6,mail,25,30
HEARD,senate,6,mail,26,34
HEARD,senate,6,mail,27,7
HEARD,senate,6,mail,28,1
HEARD,senate,6,mail,32,2
HEARD,senate,6,mail,40,1
HEARD,senate,6,mail,41,1
HENRY,house,115,inperson,4,958
HENRY,house,115,inperson,5,613
HENRY,house,115,inperson,6,558
HENRY,house,115,inperson,7,554
HENRY,house,115,inperson,8,757
HENRY,house,115,inperson,10,478
HENRY,house,115,inperson,11,733
HENRY,house,115,inperson,12,609
HENRY,house,115,inperson,13,687
HENRY,house,115,inperson,14,869
HENRY,house,115,inperson,15,992
HENRY,house,115,inperson,16,285
HENRY,house,115,inperson,17,580
HENRY,house,115,inperson,18,1127
HENRY,house,115,inperson,19,1037
HENRY,house,115,inperson,20,1255
HENRY,house,115,inperson,21,1420
HENRY,house,115,mail,0,44
HENRY,house,115,mail,1,60
HENRY,house,115,mail,4,51
HENRY,house,115,mail,5,21
HENRY,house,115,mail,6,24
HENRY,house,115,mail,7,43
HENRY,house,115,mail,8,61
HENRY,house,115,mail,10,8
HENRY,house,115,mail,11,34
HENRY,house,115,mail,12,31
HENRY,house,115,mail,13,43
HENRY,house,115,mail,14,15
HENRY,house,115,mail,15,43
HENRY,house,115,mail,17,10
HENRY,house,115,mail,18,42
HENRY,house,115,mail,19,112
HENRY,house,115,mail,20,30
HENRY,house,115,mail,21,72
HENRY,house,115,mail,22,10
HENRY,house,115,mail,25,9
HENRY,house,115,mail,26,12
HENRY,house,115,mail,28,3
HENRY,house,115,mail,32,2
HENRY,house,115,mail,35,1
HENRY,house,115,mail,36,3
HENRY,house,116,inperson,4,1021
HENRY,house,116,inperson,5,677
HENRY,house,116,inperson,6,617
HENRY,house,116,inperson,7,620
HENRY,house,116,inperson,8,730
HENRY,house,116,inperson,10,512
HENRY,house,116,inperson,11,712
HENRY,house,116,inperson,12,658
HENRY,house,116,inperson,13,731
HENRY,house,116,inperson,14,792
HENRY,house,116,inperson,15,929
HENRY,house,116,inperson,16,286
HENRY,house,116,inperson,17,545
HENRY,house,116,inperson,18,1070
HENRY,house,116,inperson,19,1033
HENRY,house,116,inperson,20,1264
HENRY,house,116,inperson,21,1356
HENRY,house,116,mail,0,44
HENRY,house,116,mail,1,65
HENRY,house,116,mail,4,40
HENRY,house,116,mail,5,30
HENRY,house,116,mail,6,40
HENRY,house,116,mail,7,30
HENRY,house,116,mail,8,56
HENRY,house,116,mail,10,9
HENRY,house,116,mail,11,35
HENRY,house,116,mail,12,36
HENRY,house,116,mail,13,38
HENRY,house,116,mail,14,22
HENRY,house,116,mail,15,55
HENRY,house,116,mail,16,4
HENRY,house,116,mail,17,33
HENRY,house,116,mail,18,51
HENRY,house,116,mail,19,97
HENRY,house,116,mail,20,43
HENRY,house,116,mail,21,126
HENRY,house,116,mail,22,14
HENRY,house,116,mail,25,6
HENRY,house,116,mail,26,10
HENRY,house,116,mail,27,1
HENRY,house,116,mail,29,1
HENRY,house,116,mail,33,1
HENRY,house,116,mail,36,1
HENRY,house,116,mail,38,1
HENRY,house,117,inperson,4,1977
HENRY,house,117,inperson,5,1285
HENRY,house,117,inperson,6,1182
HENRY,house,117,inperson,7,1121
HENRY,house,117,inperson,8,1324
HENRY,house,117,inperson,10,1050
HENRY,house,117,inperson,11,1287
HENRY,house,117,inperson,12,1100
HENRY,house,117,inperson,13,1122
HENRY,house,117,inperson,14,1256
HENRY,house,117,inperson,15,1504
HENRY,house,117,inperson,16,476
HENRY,house,117,inperson,17,969
HENRY,house,117,inperson,18,1592
HENRY,house,117,inperson,19,1519
HENRY,house,117,inperson,20,1628
HENRY,house,117,inperson,21,1925
HENRY,house,117,mail,0,71
HENRY,house,117,mail,1,88
HENRY,house,117,mail,4,67
HENRY,house,117,mail,5,64
HENRY,house,117,mail,6,80
HENRY,house,117,mail,7,52
HENRY,house,117,mail,8,84
HENRY,house,117,mail,10,14
HENRY,house,117,mail,11,61
HENRY,house,117,mail,12,71
HENRY,house,117,mail,13,53
HENRY,house,117,mail,14,39
HENRY,house,117,mail,15,70
HENRY,house,117,mail,16,9
HENRY,house,117,mail,17,34
HENRY,house,117,mail,18,64
HENRY,house,117,mail,19,110
HENRY,house,117,mail,20,92
HENRY,house,117,mail,21,142
HENRY,house,117,mail,22,26
HENRY,house,117,mail,25,43
HENRY,house,117,mail,26,27
HENRY,house,117,mail,28,4
HENRY,house,117,mail,33,1
HENRY,house,74,inperson,4,554
HENRY,house,74,inperson,5,331
HENRY,house,74,inperson,6,343
HENRY,house,74,inperson,7,340
HENRY,house,74,inperson,8,378
HENRY,house,74,inperson,10,272
HENRY,house,74,inperson,11,392
HENRY,house,74,inperson,12,373
HENRY,house,74,inperson,13,329
HENRY,house,74,inperson,14,407
HENRY,house,74,inperson,15,494
HENRY,house,74,inperson,16,131
HENRY,house,74,inperson,17,319
HENRY,house,74,inperson,18,565
HENRY,house,74,inperson,19,563
HENRY,house,74,inperson,20,587
HENRY,house,74,inperson,21,778
HENRY,house,74,mail,0,17
HENRY,house,74,mail,1,32
HENRY,house,74,mail,4,10
HENRY,house,74,mail,5,10
HENRY,house,74,mail,6,12
HENRY,house,74,mail,7,7
HENRY,house,74,mail,8,27
HENRY,house,74,mail,10,2
HENRY,house,74,mail,11,11
HENRY,house,74,mail,12,8
HENRY,house,74,mail,13,18
HENRY,house,74,mail,14,8
HENRY,house,74,mail,15,25
HENRY,house,74,mail,16,3
HENRY,house,74,mail,17,12
HENRY,house,74,mail,18,21
HENRY,house,74,mail,19,30
HENRY,house,74,mail,20,16
HENRY,house,74,mail,21,50
HENRY,house,74,mail,22,6
HENRY,house,74,mail,25,1
HENRY,house,74,mail,26,3
HENRY,house,74,mail,28,1
HENRY,house,74,mail,29,1
HENRY,house,74,mail,33,1
HENRY,house,74,mail,36,1
HENRY,house,78,inperson,4,1369
HENRY,house,78,inperson,5,858
HENRY,house,78,inperson,6,744
HENRY,house,78,inperson,7,767
HENRY,house,78,inperson,8,1065
HENRY,house,78,inperson,10,741
HENRY,house,78,inperson,11,950
HENRY,house,78,inperson,12,794
HENRY,house,78,inperson,13,798
HENRY,house,78,inperson,14,1023
HENRY,house,78,inperson,15,1194
HENRY,house,78,inperson,16,370
HENRY,house,78,inperson,17,784
HENRY,house,78,inperson,18,1356
HENRY,house,78,inperson,19,1215
HENRY,house,78,inperson,20,1354
HENRY,house,78,inperson,21,1394
HENRY,house,78,mail,0,54
HENRY,house,78,mail,1,92
HENRY,house,78,mail,4,77
HENRY,house,78,mail,5,41
HENRY,house,78,mail,6,27
HENRY,house,78,mail,7,50
HENRY,house,78,mail,8,58
HENRY,house,78,mail,10,15
HENRY,house,78,mail,11,40
HENRY,house,78,mail,12,35
HENRY,house,78,mail,13,46
HENRY,house,78,mail,14,32
HENRY,house,78,mail,15,73
HENRY,house,78,mail,16,3
HENRY,house,78,mail,17,52
HENRY,house,78,mail,18,39
HENRY,house,78,mail,19,116
HENRY,house,78,mail,20,48
HENRY,house,78,mail,21,130
HENRY,house,78,mail,22,18
HENRY,house,78,mail,25,19
HENRY,house,78,mail,26,13
HENRY,house,78,mail,29,3
HENRY,house,78,mail,32,1
HENRY,house,78,mail,33,2
HENRY,house,78,mail,36,2
HENRY,house,81,inperson,4,2005
HENRY,house,81,inperson,5,1289
HENRY,house,81,inperson,6,1266
HENRY,house,81,inperson,7,1348
HENRY,house,81,inperson,8,1564
HENRY,house,81,inperson,10,1132
HENRY,house,81,inperson,11,1689
HENRY,house,81,inperson,12,1398
HENRY,house,81,inperson,13,1420
HENRY,house,81,inperson,14,1631
HENRY,house,81,inperson,15,1812
HENRY,house,81,inperson,16,592
HENRY,house,81,inperson,17,1066
HENRY,house,81,inperson,18,1993
HENRY,house,81,inperson,19,1836
HENRY,house,81,inperson,20,1946
HENRY,house,81,inperson,21,1880
HENRY,house,81,mail,0,86
HENRY,house,81,mail,1,114
HENRY,house,81,mail,4,106
HENRY,house,81,mail,5,56
HENRY,house,81,mail,6,42
HENRY,house,81,mail,7,63
HENRY,house,81,mail,8,111
HENRY,house,81,mail,10,11
HENRY,house,81,mail,11,79
HENRY,house,81,mail,12,58
HENRY,house,81,mail,13,64
HENRY,house,81,mail,14,54
HENRY,house,81,mail,15,76
HENRY,house,81,mail,16,1
HENRY,house,81,mail,17,24
HENRY,house,81,mail,18,73
HENRY,house,81,mail,19,95
HENRY,house,81,mail,20,81
HENRY,house,81,mail,21,110
HENRY,house,81,mail,22,39
HENRY,house,81,mail,25,64
HENRY,house,81,mail,26,26
HENRY,house,81,mail,29,4
HENRY,house,81,mail,35,1
HENRY,house,81,mail,36,1
HENRY,house,81,mail,40,1
HENRY,senate,10,inperson,4,1472
HENRY,senate,10,inperson,5,915
HENRY,senate,10,inperson,6,859
HENRY,senate,10,inperson,7,884
HENRY,senate,10,inperson,8,1111
HENRY,senate,10,inperson,10,673
HENRY,senate,10,inperson,11,1124
HENRY,senate,10,inperson,12,987
HENRY,senate,10,inperson,13,1102
HENRY,senate,10,inperson,14,1292
HENRY,senate,10,inperson,15,1504
HENRY,senate,10,inperson,16,397
HENRY,senate,10,inperson,17,869
HENRY,senate,10,inperson,18,1681
HENRY,senate,10,inperson,19,1558
HENRY,senate,10,inperson,20,2018
HENRY,senate,10,inperson,21,2143
HENRY,senate,10,mail,0,67
HENRY,senate,10,mail,1,85
HENRY,senate,10,mail,4,62
HENRY,senate,10,mail,5,42
HENRY,senate,10,mail,6,42
HENRY,senate,10,mail,7,55
HENRY,senate,10,mail,8,81
HENRY,senate,10,mail,10,13
HENRY,senate,10,mail,11,57
HENRY,senate,10,mail,12,44
HENRY,senate,10,mail,13,58
HENRY,senate,10,mail,14,22
HENRY,senate,10,mail,15,54
HENRY,senate,10,mail,16,2
HENRY,senate,10,mail,17,34
HENRY,senate,10,mail,18,57
HENRY,senate,10,mail,19,156
HENRY,senate,10,mail,20,47
HENRY,senate,10,mail,21,147
HENRY,senate,10,mail,22,9
HENRY,senate,10,mail,25,14
HENRY,senate,10,mail,26,9
HENRY,senate,10,mail,27,1
HENRY,senate,10,mail,28,3
HENRY,senate,10,mail,32,1
HENRY,senate,10,mail,33,1
HENRY,senate,10,mail,35,1
HENRY,senate,10,mail,36,1
HENRY,senate,17,inperson,4,3823
HENRY,senate,17,inperson,5,2424
HENRY,senate,17,inperson,6,2248
HENRY,senate,17,inperson,7,2158
HENRY,senate,17,inperson,8,2758
HENRY,senate,17,inperson,10,2063
HENRY,senate,17,inperson,11,2512
HENRY,senate,17,inperson,12,2139
HENRY,senate,17,inperson,13,2179
HENRY,senate,17,inperson,14,2602
HENRY,senate,17,inperson,15,3069
HENRY,senate,17,inperson,16,967
HENRY,senate,17,inperson,17,2017
HENRY,senate,17,inperson,18,3474
HENRY,senate,17,inperson,19,3208
HENRY,senate,17,inperson,20,3427
HENRY,senate,17,inperson,21,3956
HENRY,senate,17,mail,0,132
HENRY,senate,17,mail,1,231
HENRY,senate,17,mail,4,165
HENRY,senate,17,mail,5,101
HENRY,senate,17,mail,6,117
HENRY,senate,17,mail,7,115
HENRY,senate,17,mail,8,170
HENRY,senate,17,mail,10,31
HENRY,senate,17,mail,11,104
HENRY,senate,17,mail,12,114
HENRY,senate,17,mail,13,135
HENRY,senate,17,mail,14,86
HENRY,senate,17,mail,15,188
HENRY,senate,17,mail,16,16
HENRY,senate,17,mail,17,95
HENRY,senate,17,mail,18,137
HENRY,senate,17,mail,19,259
HENRY,senate,17,mail,20,155
HENRY,senate,17,mail,21,313
HENRY,senate,17,mail,22,63
HENRY,senate,17,mail,25,49
HENRY,senate,17,mail,26,47
HENRY,senate,17,mail,28,5
HENRY,senate,17,mail,29,5
HENRY,senate,17,mail,32,2
HENRY,senate,17,mail,33,3
HENRY,senate,17,mail,36,6
HENRY,senate,17,mail,38,1
HENRY,senate,25,inperson,4,1347
HENRY,senate,25,inperson,5,892
HENRY,senate,25,inperson,6,854
HENRY,senate,25,inperson,7,901
HENRY,senate,25,inperson,8,1008
HENRY,senate,25,inperson,10,730
HENRY,senate,25,inperson,11,1066
HENRY,senate,25,inperson,12,938
HENRY,senate,25,inperson,13,941
HENRY,senate,25,inperson,14,1039
HENRY,senate,25,inperson,15,1152
HENRY,senate,25,inperson,16,371
HENRY,senate,25,inperson,17,656
HENRY,senate,25,inperson,18,1132
HENRY,senate,25,inperson,19,1221
HENRY,senate,25,inperson,20,1267
HENRY,senate,25,inperson,21,1363
HENRY,senate,25,mail,0,44
HENRY,senate,25,mail,1,60
HENRY,senate,25,mail,4,56
HENRY,senate,25,mail,5,41
HENRY,senate,25,mail,6,27
HENRY,senate,25,mail,7,36
HENRY,senate,25,mail,8,58
HENRY,senate,25,mail,10,3
HENRY,senate,25,mail,11,47
HENRY,senate,25,mail,12,29
HENRY,senate,25,mail,13,38
HENRY,senate,25,mail,14,21
HENRY,senate,25,mail,15,44
HENRY,senate,25,mail,16,1
HENRY,senate,25,mail,17,21
HENRY,senate,25,mail,18,43
HENRY,senate,25,mail,19,46
HENRY,senate,25,mail,20,50
HENRY,senate,25,mail,21,74
HENRY,senate,25,mail,22,20
HENRY,senate,25,mail,25,25
HENRY,senate,25,mail,26,15
HENRY,senate,25,mail,29,2
HENRY,senate,25,mail,33,1
HENRY,senate,25,mail,36,1
HENRY,senate,42,inperson,4,1242
HENRY,senate,42,inperson,5,822
HENRY,senate,42,inperson,6,749
HENRY,senate,42,inperson,7,807
HENRY,senate,42,inperson,8,941
HENRY,senate,42,inperson,10,719
HENRY,senate,42,inperson,11,1061
HENRY,senate,42,inperson,12,868
HENRY,senate,42,inperson,13,865
HENRY,senate,42,inperson,14,1045
HENRY,senate,42,inperson,15,1200
HENRY,senate,42,inperson,16,405
HENRY,senate,42,inperson,17,721
HENRY,senate,42,inperson,18,1416
HENRY,senate,42,inperson,19,1216
HENRY,senate,42,inperson,20,1322
HENRY,senate,42,inperson,21,1291
HENRY,senate,42,mail,0,73
HENRY,senate,42,mail,1,75
HENRY,senate,42,mail,4,68
HENRY,senate,42,mail,5,38
HENRY,senate,42,mail,6,39
HENRY,senate,42,mail,7,39
HENRY,senate,42,mail,8,88
HENRY,senate,42,mail,10,12
HENRY,senate,42,mail,11,52
HENRY,senate,42,mail,12,52
HENRY,senate,42,mail,13,31
HENRY,senate,42,mail,14,41
HENRY,senate,42,mail,15,56
HENRY,senate,42,mail,16,1
HENRY,senate,42,mail,17,15
HENRY,senate,42,mail,18,53
HENRY,senate,42,mail,19,99
HENRY,senate,42,mail,20,58
HENRY,senate,42,mail,21,96
HENRY,senate,42,mail,22,21
HENRY,senate,42,mail,25,54
HENRY,senate,42,mail,26,20
HENRY,senate,42,mail,29,2
HENRY,senate,42,mail,35,1
HENRY,senate,42,mail,40,1
HOUSTON,house,143,inperson,4,613
HOUSTON,house,143,inperson,5,388
HOUSTON,house,143,inperson,6,301
HOUSTON,house,143,inperson,7,319
HOUSTON,house,143,inperson,8,349
HOUSTON,house,143,inperson,10,257
HOUSTON,house,143,inperson,11,369
HOUSTON,house,143,inperson,12,333
HOUSTON,house,143,inperson,13,414
HOUSTON,house,143,inperson,14,435
HOUSTON,house,143,inperson,15,475
HOUSTON,house,143,inperson,17,327
HOUSTON,house,143,inperson,18,539
HOUSTON,house,143,inperson,19,509
HOUSTON,house,143,inperson,20,615
HOUSTON,house,143,inperson,21,757
HOUSTON,house,143,mail,0,13
HOUSTON,house,143,mail,1,27
HOUSTON,house,143,mail,4,23
HOUSTON,house,143,mail,5,25
HOUSTON,house,143,mail,6,22
HOUSTON,house,143,mail,7,7
HOUSTON,house,143,mail,8,29
HOUSTON,house,143,mail,10,16
HOUSTON,house,143,mail,11,29
HOUSTON,house,143,mail,12,29
HOUSTON,house,143,mail,13,15
HOUSTON,house,143,mail,14,26
HOUSTON,house,143,mail,15,48
HOUSTON,house,143,mail,17,1
HOUSTON,house,143,mail,18,61
HOUSTON,house,143,mail,19,47
HOUSTON,house,143,mail,20,78
HOUSTON,house,143,mail,21,112
HOUSTON,house,143,mail,25,6
HOUSTON,house,143,mail,26,1
HOUSTON,house,143,mail,27,2
HOUSTON,house,143,mail,29,1
HOUSTON,house,143,mail,32,2
HOUSTON,house,146,inperson,4,1988
HOUSTON,house,146,inperson,5,1192
HOUSTON,house,146,inperson,6,1125
HOUSTON,house,146,inperson,7,1133
HOUSTON,house,146,inperson,8,1338
HOUSTON,house,146,inperson,10,1245
HOUSTON,house,146,inperson,11,1799
HOUSTON,house,146,inperson,12,1307
HOUSTON,house,146,inperson,13,1312
HOUSTON,house,146,inperson,14,1618
HOUSTON,house,146,inperson,15,1971
HOUSTON,house,146,inperson,17,1460
HOUSTON,house,146,inperson,18,2346
HOUSTON,house,146,inperson,19,2172
HOUSTON,house,146,inperson,20,2198
HOUSTON,house,146,inperson,21,2350
HOUSTON,house,146,mail,0,61
HOUSTON,house,146,mail,1,116
HOUSTON,house,146,mail,3,12
HOUSTON,house,146,mail,4,86
HOUSTON,house,146,mail,5,76
HOUSTON,house,146,mail,6,72
HOUSTON,house,146,mail,7,44
HOUSTON,house,146,mail,8,128
HOUSTON,house,146,mail,10,54
HOUSTON,house,146,mail,11,77
HOUSTON,house,146,mail,12,73
HOUSTON,house,146,mail,13,53
HOUSTON,house,146,mail,14,108
HOUSTON,house,146,mail,15,147
HOUSTON,house,146,mail,17,19
HOUSTON,house,146,mail,18,114
HOUSTON,house,146,mail,19,147
HOUSTON,house,146,mail,20,166
HOUSTON,house,146,mail,21,326
HOUSTON,house,146,mail,22,21
HOUSTON,house,146,mail,25,53
HOUSTON,house,146,mail,26,17
HOUSTON,house,146,mail,27,3
HOUSTON,house,146,mail,28,4
HOUSTON,house,146,mail,29,6
HOUSTON,house,146,mail,32,2
HOUSTON,house,146,mail,33,1
HOUSTON,house,146,mail,34,2
HOUSTON,house,146,mail,35,1
HOUSTON,house,146,mail,36,4
HOUSTON,house,146,mail,40,3
HOUSTON,house,146,mail,43,1
HOUSTON,house,147,inperson,4,1472
HOUSTON,house,147,inperson,5,965
HOUSTON,house,147,inperson,6,918
HOUSTON,house,147,inperson,7,876
HOUSTON,house,147,inperson,8,943
HOUSTON,house,147,inperson,10,974
HOUSTON,house,147,inperson,11,1344
HOUSTON,house,147,inperson,12,1098
HOUSTON,house,147,inperson,13,1144
HOUSTON,house,147,inperson,14,1276
HOUSTON,house,147,inperson,15,1391
HOUSTON,house,147,inperson,17,991
HOUSTON,house,147,inperson,18,1700
HOUSTON,house,147,inperson,19,1638
HOUSTON,house,147,inperson,20,1666
HOUSTON,house,147,inperson,21,1892
HOUSTON,house,147,mail,0,45
HOUSTON,house,147,mail,1,84
HOUSTON,house,147,mail,3,24
HOUSTON,house,147,mail,4,66
HOUSTON,house,147,mail,5,67
HOUSTON,house,147,mail,6,83
HOUSTON,house,147,mail,7,21
HOUSTON,house,147,mail,8,80
HOUSTON,house,147,mail,10,24
HOUSTON,house,147,mail,11,72
HOUSTON,house,147,mail,12,72
HOUSTON,house,147,mail,13,45
HOUSTON,house,147,mail,14,87
HOUSTON,house,147,mail,15,132
HOUSTON,house,147,mail,17,3
HOUSTON,house,147,mail,18,159
HOUSTON,house,147,mail,19,129
HOUSTON,house,147,mail,20,132
HOUSTON,house,147,mail,21,311
HOUSTON,house,147,mail,25,31
HOUSTON,house,147,mail,26,4
HOUSTON,house,147,mail,27,1
HOUSTON,house,147,mail,28,1
HOUSTON,house,147,mail,29,3
HOUSTON,house,147,mail,34,2
HOUSTON,house,147,mail,36,3
HOUSTON,house,148,inperson,4,483
HOUSTON,house,148,inperson,5,327
HOUSTON,house,148,inperson,6,306
HOUSTON,house,148,inperson,7,283
HOUSTON,house,148,inperson,8,353
HOUSTON,house,148,inperson,10,286
HOUSTON,house,148,inperson,11,447
HOUSTON,house,148,inperson,12,308
HOUSTON,house,148,inperson,13,351
HOUSTON,house,148,inperson,14,416
HOUSTON,house,148,inperson,15,468
HOUSTON,house,148,inperson,17,373
HOUSTON,house,148,inperson,18,633
HOUSTON,house,148,inperson,19,594
HOUSTON,house,148,inperson,20,634
HOUSTON,house,148,inperson,21,627
HOUSTON,house,148,mail,0,13
HOUSTON,house,148,mail,1,14
HOUSTON,house,148,mail,3,2
HOUSTON,house,148,mail,4,15
HOUSTON,house,148,mail,5,14
HOUSTON,house,148,mail,6,11
HOUSTON,house,148,mail,7,10
HOUSTON,house,148,mail,8,11
HOUSTON,house,148,mail,10,5
HOUSTON,house,148,mail,11,17
HOUSTON,house,148,mail,12,16
HOUSTON,house,148,mail,13,11
HOUSTON,house,148,mail,14,36
HOUSTON,house,148,mail,15,40
HOUSTON,house,148,mail,17,2
HOUSTON,house,148,mail,18,28
HOUSTON,house,148,mail,19,10
HOUSTON,house,148,mail,20,44
HOUSTON,house,148,mail,21,66
HOUSTON,house,148,mail,22,7
HOUSTON,house,148,mail,25,17
HOUSTON,house,148,mail,26,1
HOUSTON,house,148,mail,27,1
HOUSTON,house,148,mail,28,3
HOUSTON,house,148,mail,34,2
HOUSTON,house,148,mail,46,2
HOUSTON,senate,18,inperson,4,1150
HOUSTON,senate,18,inperson,5,756
HOUSTON,senate,18,inperson,6,746
HOUSTON,senate,18,inperson,7,632
HOUSTON,senate,18,inperson,8,758
HOUSTON,senate,18,inperson,10,779
HOUSTON,senate,18,inperson,11,1049
HOUSTON,senate,18,inperson,12,854
HOUSTON,senate,18,inperson,13,869
HOUSTON,senate,18,inperson,14,968
HOUSTON,senate,18,inperson,15,1103
HOUSTON,senate,18,inperson,17,784
HOUSTON,senate,18,inperson,18,1332
HOUSTON,senate,18,inperson,19,1242
HOUSTON,senate,18,inperson,20,1309
HOUSTON,senate,18,inperson,21,1521
HOUSTON,senate,18,mail,0,35
HOUSTON,senate,18,mail,1,62
HOUSTON,senate,18,mail,3,18
HOUSTON,senate,18,mail,4,49
HOUSTON,senate,18,mail,5,66
HOUSTON,senate,18,mail,6,53
HOUSTON,senate,18,mail,7,17
HOUSTON,senate,18,mail,8,73
HOUSTON,senate,18,mail,10,16
HOUSTON,senate,18,mail,11,55
HOUSTON,senate,18,mail,12,57
HOUSTON,senate,18,mail,13,35
HOUSTON,senate,18,mail,14,65
HOUSTON,senate,18,mail,15,110
HOUSTON,senate,18,mail,17,1
HOUSTON,senate,18,mail,18,120
HOUSTON,senate,18,mail,19,120
HOUSTON,senate,18,mail,20,95
HOUSTON,senate,18,mail,21,240
HOUSTON,senate,18,mail,25,21
HOUSTON,senate,18,mail,26,7
HOUSTON,senate,18,mail,27,2
HOUSTON,senate,18,mail,28,3
HOUSTON,senate,18,mail,29,1
HOUSTON,senate,18,mail,34,1
HOUSTON,senate,18,mail,36,2
HOUSTON,senate,20,inperson,4,2450
HOUSTON,senate,20,inperson,5,1496
HOUSTON,senate,20,inperson,6,1402
HOUSTON,senate,20,inperson,7,1413
HOUSTON,senate,20,inperson,8,1668
HOUSTON,senate,20,inperson,10,1537
HOUSTON,senate,20,inperson,11,2246
HOUSTON,senate,20,inperson,12,1599
HOUSTON,senate,20,inperson,13,1664
HOUSTON,senate,20,inperson,14,2023
HOUSTON,senate,20,inperson,15,2403
HOUSTON,senate,20,inperson,17,1839
HOUSTON,senate,20,inperson,18,2973
HOUSTON,senate,20,inperson,19,2710
HOUSTON,senate,20,inperson,20,2760
HOUSTON,senate,20,inperson,21,2956
HOUSTON,senate,20,mail,0,71
HOUSTON,senate,20,mail,1,127
HOUSTON,senate,20,mail,3,17
HOUSTON,senate,20,mail,4,102
HOUSTON,senate,20,mail,5,82
HOUSTON,senate,20,mail,6,87
HOUSTON,senate,20,mail,7,52
HOUSTON,senate,20,mail,8,126
HOUSTON,senate,20,mail,10,63
HOUSTON,senate,20,mail,11,96
HOUSTON,senate,20,mail,12,89
HOUSTON,senate,20,mail,13,63
HOUSTON,senate,20,mail,14,144
HOUSTON,senate,20,mail,15,189
HOUSTON,senate,20,mail,17,21
HOUSTON,senate,20,mail,18,143
HOUSTON,senate,20,mail,19,133
HOUSTON,senate,20,mail,20,205
HOUSTON,senate,20,mail,21,369
HOUSTON,senate,20,mail,22,28
HOUSTON,senate,20,mail,25,67
HOUSTON,senate,20,mail,26,15
HOUSTON,senate,20,mail,27,3
HOUSTON,senate,20,mail,28,5
HOUSTON,senate,20,mail,29,6
HOUSTON,senate,20,mail,32,2
HOUSTON,senate,20,mail,33,1
HOUSTON,senate,20,mail,34,4
HOUSTON,senate,20,mail,35,1
HOUSTON,senate,20,mail,36,4
HOUSTON,senate,20,mail,40,3
HOUSTON,senate,20,mail,43,1
HOUSTON,senate,20,mail,46,2
HOUSTON,senate,26,inperson,4,956
HOUSTON,senate,26,inperson,5,620
HOUSTON,senate,26,inperson,6,502
HOUSTON,senate,26,inperson,7,566
HOUSTON,senate,26,inperson,8,557
HOUSTON,senate,26,inperson,10,446
HOUSTON,senate,26,inperson,11,664
HOUSTON,senate,26,inperson,12,593
HOUSTON,senate,26,inperson,13,688
HOUSTON,senate,26,inperson,14,754
HOUSTON,senate,26,inperson,15,799
HOUSTON,senate,26,inperson,17,528
HOUSTON,senate,26,inperson,18,913
HOUSTON,senate,26,inperson,19,961
HOUSTON,senate,26,inperson,20,1044
HOUSTON,senate,26,inperson,21,1149
HOUSTON,senate,26,mail,0,26
HOUSTON,senate,26,mail,1,52
HOUSTON,senate,26,mail,3,3
HOUSTON,senate,26,mail,4,39
HOUSTON,senate,26,mail,5,34
HOUSTON,senate,26,mail,6,48
HOUSTON,senate,26,mail,7,13
HOUSTON,senate,26,mail,8,49
HOUSTON,senate,26,mail,10,20
HOUSTON,senate,26,mail,11,44
HOUSTON,senate,26,mail,12,44
HOUSTON,senate,26,mail,13,26
HOUSTON,senate,26,mail,14,48
HOUSTON,senate,26,mail,15,68
HOUSTON,senate,26,mail,17,3
HOUSTON,senate,26,mail,18,99
HOUSTON,senate,26,mail,19,80
HOUSTON,senate,26,mail,20,120
HOUSTON,senate,26,mail,21,206
HOUSTON,senate,26,mail,25,19
HOUSTON,senate,26,mail,26,1
HOUSTON,senate,26,mail,27,2
HOUSTON,senate,26,mail,29,3
HOUSTON,senate,26,mail,32,2
HOUSTON,senate,26,mail,34,1
HOUSTON,senate,26,mail,36,1
IRWIN,house,169,inperson,4,264
IRWIN,house,169,inperson,5,151
IRWIN,house,169,inperson,6,131
IRWIN,house,169,inperson,7,149
IRWIN,house,169,inperson,8,206
IRWIN,house,169,inperson,10,84
IRWIN,house,169,inperson,11,237
IRWIN,house,169,inperson,12,157
IRWIN,house,169,inperson,13,181
IRWIN,house,169,inperson,14,193
IRWIN,house,169,inperson,15,223
IRWIN,house,169,inperson,17,75
IRWIN,house,169,inperson,18,282
IRWIN,house,169,inperson,19,232
IRWIN,house,169,inperson,20,255
IRWIN,house,169,inperson,21,245
IRWIN,house,169,mail,0,4
IRWIN,house,169,mail,1,7
IRWIN,house,169,mail,4,7
IRWIN,house,169,mail,5,9
IRWIN,house,169,mail,6,6
IRWIN,house,169,mail,7,7
IRWIN,house,169,mail,8,6
IRWIN,house,169,mail,10,1
IRWIN,house,169,mail,11,5
IRWIN,house,169,mail,12,5
IRWIN,house,169,mail,13,2
IRWIN,house,169,mail,14,6
IRWIN,house,169,mail,15,12
IRWIN,house,169,mail,18,9
IRWIN,house,169,mail,19,4
IRWIN,house,169,mail,20,4
IRWIN,house,169,mail,21,11
IRWIN,house,169,mail,22,1
IRWIN,house,169,mail,25,7
IRWIN,house,169,mail,26,4
IRWIN,house,169,mail,35,1
IRWIN,senate,13,inperson,4,264
IRWIN,senate,13,inperson,5,151
IRWIN,senate,13,inperson,6,131
IRWIN,senate,13,inperson,7,149
IRWIN,senate,13,inperson,8,206
IRWIN,senate,13,inperson,10,84
IRWIN,senate,13,inperson,11,237
IRWIN,senate,13,inperson,12,157
IRWIN,senate,13,inperson,13,181
IRWIN,senate,13,inperson,14,193
IRWIN,senate,13,inperson,15,223
IRWIN,senate,13,inperson,17,75
IRWIN,senate,13,inperson,18,282
IRWIN,senate,13,inperson,19,232
IRWIN,senate,13,inperson,20,255
IRWIN,senate,13,inperson,21,245
IRWIN,senate,13,mail,0,4
IRWIN,senate,13,mail,1,7
IRWIN,senate,13,mail,4,7
IRWIN,senate,13,mail,5,9
IRWIN,senate,13,mail,6,6
IRWIN,senate,13,mail,7,7
IRWIN,senate,13,mail,8,6
IRWIN,senate,13,mail,10,1
IRWIN,senate,13,mail,11,5
IRWIN,senate,13,mail,12,5
IRWIN,senate,13,mail,13,2
IRWIN,senate,13,mail,14,6
IRWIN,senate,13,mail,15,12
IRWIN,senate,13,mail,18,9
IRWIN,senate,13,mail,19,4
IRWIN,senate,13,mail,20,4
IRWIN,senate,13,mail,21,11
IRWIN,senate,13,mail,22,1
IRWIN,senate,13,mail,25,7
IRWIN,senate,13,mail,26,4
IRWIN,senate,13,mail,35,1
JACKSON,house,119,inperson,4,199
JACKSON,house,119,inperson,5,182
JACKSON,house,119,inperson,6,162
JACKSON,house,119,inperson,7,237
JACKSON,house,119,inperson,8,261
JACKSON,house,119,inperson,10,87
JACKSON,house,119,inperson,11,74
JACKSON,house,119,inperson,12,54
JACKSON,house,119,inperson,13,56
JACKSON,house,119,inperson,14,61
JACKSON,house,119,inperson,15,75
JACKSON,house,119,inperson,17,94
JACKSON,house,119,inperson,18,92
JACKSON,house,119,inperson,19,73
JACKSON,house,119,inperson,20,90
JACKSON,house,119,inperson,21,61
JACKSON,house,119,mail,0,1
JACKSON,house,119,mail,1,12
JACKSON,house,119,mail,4,14
JACKSON,house,119,mail,5,10
JACKSON,house,119,mail,6,5
JACKSON,house,119,mail,7,6
JACKSON,house,119,mail,8,6
JACKSON,house,119,mail,10,2
JACKSON,house,119,mail,11,6
JACKSON,house,119,mail,13,7
JACKSON,house,119,mail,14,3
JACKSON,house,119,mail,15,17
JACKSON,house,119,mail,18,10
JACKSON,house,119,mail,19,8
JACKSON,house,119,mail,20,2
JACKSON,house,119,mail,21,18
JACKSON,house,119,mail,22,2
JACKSON,house,119,mail,25,3
JACKSON,house,120,inperson,4,568
JACKSON,house,120,inperson,5,355
JACKSON,house,120,inperson,6,386
JACKSON,house,120,inperson,7,406
JACKSON,house,120,inperson,8,522
JACKSON,house,120,inperson,10,323
JACKSON,house,120,inperson,11,421
JACKSON,house,120,inperson,12,279
JACKSON,house,120,inperson,13,320
JACKSON,house,120,inperson,14,289
JACKSON,house,120,inperson,15,330
JACKSON,house,120,inperson,17,280
JACKSON,house,120,inperson,18,395
JACKSON,house,120,inperson,19,390
JACKSON,house,120,inperson,20,380
JACKSON,house,120,inperson,21,403
JACKSON,house,120,mail,0,9
JACKSON,house,120,mail,1,26
JACKSON,house,120,mail,4,10
JACKSON,house,120,mail,5,13
JACKSON,house,120,mail,6,11
JACKSON,house,120,mail,7,18
JACKSON,house,120,mail,8,17
JACKSON,house,120,mail,10,15
JACKSON,house,120,mail,11,9
JACKSON,house,120,mail,12,23
JACKSON,house,120,mail,13,16
JACKSON,house,120,mail,14,11
JACKSON,house,120,mail,15,44
JACKSON,house,120,mail,17,1
JACKSON,house,120,mail,18,23
JACKSON,house,120,mail,19,21
JACKSON,house,120,mail,20,10
JACKSON,house,120,mail,21,61
JACKSON,house,120,mail,22,2
JACKSON,house,120,mail,25,5
JACKSON,house,120,mail,26,5
JACKSON,house,120,mail,27,2
JACKSON,house,120,mail,28,2
JACKSON,house,120,mail,33,2
JACKSON,house,31,inperson,4,2141
JACKSON,house,31,inperson,5,1430
JACKSON,house,31,inperson,6,1393
JACKSON,house,31,inperson,7,1590
JACKSON,house,31,inperson,8,1965
JACKSON,house,31,inperson,10,1270
JACKSON,house,31,inperson,11,1505
JACKSON,house,31,inperson,12,1150
JACKSON,house,31,inperson,13,1256
JACKSON,house,31,inperson,14,1300
JACKSON,house,31,inperson,15,1423
JACKSON,house,31,inperson,17,1187
JACKSON,house,31,inperson,18,1861
JACKSON,house,31,inperson,19,1573
JACKSON,house,31,inperson,20,1583
JACKSON,house,31,inperson,21,1705
JACKSON,house,31,mail,0,25
JACKSON,house,31,mail,1,58
JACKSON,house,31,mail,2,1
JACKSON,house,31,mail,4,39
JACKSON,house,31,mail,5,47
JACKSON,house,31,mail,6,38
JACKSON,house,31,mail,7,52
JACKSON,house,31,mail,8,49
JACKSON,house,31,mail,10,42
JACKSON,house,31,mail,11,47
JACKSON,house,31,mail,12,60
JACKSON,house,31,mail,13,68
JACKSON,house,31,mail,14,49
JACKSON,house,31,mail,15,186
JACKSON,house,31,mail,17,10
JACKSON,house,31,mail,18,117
JACKSON,house,31,mail,19,56
JACKSON,house,31,mail,20,45
JACKSON,house,31,mail,21,122
JACKSON,house,31,mail,22,11
JACKSON,house,31,mail,25,40
JACKSON,house,31,mail,26,18
JACKSON,house,31,mail,27,14
JACKSON,house,31,mail,28,1
JACKSON,house,32,inperson,4,364
JACKSON,house,32,inperson,5,242
JACKSON,house,32,inperson,6,255
JACKSON,house,32,inperson,7,280
JACKSON,house,32,inperson,8,373
JACKSON,house,32,inperson,10,168
JACKSON,house,32,inperson,11,183
JACKSON,house,32,inperson,12,160
JACKSON,house,32,inperson,13,177
JACKSON,house,32,inperson,14,170
JACKSON,house,32,inperson,15,197
JACKSON,house,32,inperson,17,143
JACKSON,house,32,inperson,18,220
JACKSON,house,32,inperson,19,167
JACKSON,house,32,inperson,20,236
JACKSON,house,32,inperson,21,222
JACKSON,house,32,mail,0,7
JACKSON,house,32,mail,1,11
JACKSON,house,32,mail,4,8
JACKSON,house,32,mail,5,7
JACKSON,house,32,mail,6,9
JACKSON,house,32,mail,7,9
JACKSON,house,32,mail,8,8
JACKSON,house,32,mail,10,8
JACKSON,house,32,mail,11,9
JACKSON,house,32,mail,12,13
JACKSON,house,32,mail,13,9
JACKSON,house,32,mail,14,7
JACKSON,house,32,mail,15,23
JACKSON,house,32,mail,18,13
JACKSON,house,32,mail,19,19
JACKSON,house,32,mail,20,4
JACKSON,house,32,mail,21,31
JACKSON,house,32,mail,25,8
JACKSON,house,32,mail,26,2
JACKSON,house,32,mail,34,2
JACKSON,senate,47,inperson,4,2575
JACKSON,senate,47,inperson,5,1728
JACKSON,senate,47,inperson,6,1666
JACKSON,senate,47,inperson,7,1965
JACKSON,senate,47,inperson,8,2342
JACKSON,senate,47,inperson,10,1536
JACKSON,senate,47,inperson,11,1781
JACKSON,senate,47,inperson,12,1314
JACKSON,senate,47,inperson,13,1412
JACKSON,senate,47,inperson,14,1490
JACKSON,senate,47,inperson,15,1613
JACKSON,senate,47,inperson,17,1407
JACKSON,senate,47,inperson,18,2081
JACKSON,senate,47,inperson,19,1773
JACKSON,senate,47,inperson,20,1803
JACKSON,senate,47,inperson,21,1898
JACKSON,senate,47,mail,0,31
JACKSON,senate,47,mail,1,84
JACKSON,senate,47,mail,2,1
JACKSON,senate,47,mail,4,59
JACKSON,senate,47,mail,5,63
JACKSON,senate,47,mail,6,52
JACKSON,senate,47,mail,7,66
JACKSON,senate,47,mail,8,71
JACKSON,senate,47,mail,10,51
JACKSON,senate,47,mail,11,58
JACKSON,senate,47,mail,12,74
JACKSON,senate,47,mail,13,79
JACKSON,senate,47,mail,14,52
JACKSON,senate,47,mail,15,207
JACKSON,senate,47,mail,17,10
JACKSON,senate,47,mail,18,128
JACKSON,senate,47,mail,19,74
JACKSON,senate,47,mail,20,48
JACKSON,senate,47,mail,21,167
JACKSON,senate,47,mail,22,13
JACKSON,senate,47,mail,25,45
JACKSON,senate,47,mail,26,19
JACKSON,senate,47,mail,27,14
JACKSON,senate,47,mail,28,1
JACKSON,senate,47,mail,33,2
JACKSON,senate,50,inperson,4,697
JACKSON,senate,50,inperson,5,481
JACKSON,senate,50,inperson,6,530
JACKSON,senate,50,inperson,7,548
JACKSON,senate,50,inperson,8,779
JACKSON,senate,50,inperson,10,312
JACKSON,senate,50,inperson,11,402
JACKSON,senate,50,inperson,12,329
JACKSON,senate,50,inperson,13,397
JACKSON,senate,50,inperson,14,330
JACKSON,senate,50,inperson,15,412
JACKSON,senate,50,inperson,17,297
JACKSON,senate,50,inperson,18,487
JACKSON,senate,50,inperson,19,430
JACKSON,senate,50,inperson,20,486
JACKSON,senate,50,inperson,21,493
JACKSON,senate,50,mail,0,11
JACKSON,senate,50,mail,1,23
JACKSON,senate,50,mail,4,12
JACKSON,senate,50,mail,5,14
JACKSON,senate,50,mail,6,11
JACKSON,senate,50,mail,7,19
JACKSON,senate,50,mail,8,9
JACKSON,senate,50,mail,10,16
JACKSON,senate,50,mail,11,13
JACKSON,senate,50,mail,12,22
JACKSON,senate,50,mail,13,21
JACKSON,senate,50,mail,14,18
JACKSON,senate,50,mail,15,63
JACKSON,senate,50,mail,17,1
JACKSON,senate,50,mail,18,35
JACKSON,senate,50,mail,19,30
JACKSON,senate,50,mail,20,13
JACKSON,senate,50,mail,21,65
JACKSON,senate,50,mail,22,2
JACKSON,senate,50,mail,25,11
JACKSON,senate,50,mail,26,6
JACKSON,senate,50,mail,27,2
JACKSON,senate,50,mail,28,2
JACKSON,senate,50,mail,34,2
JASPER,house,144,inperson,4,447
JASPER,house,144,inperson,5,289
JASPER,house,144,inperson,6,313
JASPER,house,144,inperson,7,293
JASPER,house,144,inperson,8,338
JASPER,house,144,inperson,10,337
JASPER,house,144,inperson,11,450
JASPER,house,144,inperson,12,338
JASPER,house,144,inperson,13,318
JASPER,house,144,inperson,14,355
JASPER,house,144,inperson,15,446
JASPER,house,144,inperson,17,322
JASPER,house,144,inperson,18,501
JASPER,house,144,inperson,19,470
JASPER,house,144,inperson,20,373
JASPER,house,144,inperson,21,477
JASPER,house,144,mail,0,9
JASPER,house,144,mail,1,30
JASPER,house,144,mail,4,12
JASPER,house,144,mail,5,15
JASPER,house,144,mail,6,22
JASPER,house,144,mail,7,27
JASPER,house,144,mail,8,23
JASPER,house,144,mail,10,21
JASPER,house,144,mail,11,28
JASPER,house,144,mail,12,13
JASPER,house,144,mail,13,21
JASPER,house,144,mail,14,63
JASPER,house,144,mail,15,45
JASPER,house,144,mail,17,5
JASPER,house,144,mail,18,28
JASPER,house,144,mail,19,35
JASPER,house,144,mail,20,7
JASPER,house,144,mail,21,5
JASPER,house,144,mail,26,2
JASPER,house,144,mail,34,1
JASPER,senate,25,inperson,4,447
JASPER,senate,25,inperson,5,289
JASPER,senate,25,inperson,6,313
JASPER,senate,25,inperson,7,293
JASPER,senate,25,inperson,8,338
JASPER,senate,25,inperson,10,337
JASPER,senate,25,inperson,11,450
JASPER,senate,25,inperson,12,338
JASPER,senate,25,inperson,13,318
JASPER,senate,25,inperson,14,355
JASPER,senate,25,inperson,15,446
JASPER,senate,25,inperson,17,322
JASPER,senate,25,inperson,18,501
JASPER,senate,25,inperson,19,470
JASPER,senate,25,inperson,20,373
JASPER,senate,25,inperson,21,477
JASPER,senate,25,mail,0,9
JASPER,senate,25,mail,1,30
JASPER,senate,25,mail,4,12
JASPER,senate,25,mail,5,15
JASPER,senate,25,mail,6,22
JASPER,senate,25,mail,7,27
JASPER,senate,25,mail,8,23
JASPER,senate,25,mail,10,21
JASPER,senate,25,mail,11,28
JASPER,senate,25,mail,12,13
JASPER,senate,25,mail,13,21
JASPER,senate,25,mail,14,63
JASPER,senate,25,mail,15,45
JASPER,senate,25,mail,17,5
JASPER,senate,25,mail,18,28
JASPER,senate,25,mail,19,35
JASPER,senate,25,mail,20,7
JASPER,senate,25,mail,21,5
JASPER,senate,25,mail,26,2
JASPER,senate,25,mail,34,1
JEFFDAVIS,house,157,inperson,4,405
JEFFDAVIS,house,157,inperson,5,231
JEFFDAVIS,house,157,inperson,6,199
JEFFDAVIS,house,157,inperson,7,203
JEFFDAVIS,house,157,inperson,8,274
JEFFDAVIS,house,157,inperson,10,95
JEFFDAVIS,house,157,inperson,11,302
JEFFDAVIS,house,157,inperson,12,206
JEFFDAVIS,house,157,inperson,13,209
JEFFDAVIS,house,157,inperson,14,237
JEFFDAVIS,house,157,inperson,15,274
JEFFDAVIS,house,157,inperson,17,95
JEFFDAVIS,house,157,inperson,18,300
JEFFDAVIS,house,157,inperson,19,249
JEFFDAVIS,house,157,inperson,20,244
JEFFDAVIS,house,157,inperson,21,263
JEFFDAVIS,house,157,mail,0,3
JEFFDAVIS,house,157,mail,1,8
JEFFDAVIS,house,157,mail,4,9
JEFFDAVIS,house,157,mail,5,5
JEFFDAVIS,house,157,mail,6,6
JEFFDAVIS,house,157,mail,7,15
JEFFDAVIS,house,157,mail,8,14
JEFFDAVIS,house,157,mail,10,3
JEFFDAVIS,house,157,mail,11,4
JEFFDAVIS,house,157,mail,12,9
JEFFDAVIS,house,157,mail,13,11
JEFFDAVIS,house,157,mail,14,9
JEFFDAVIS,house,157,mail,15,17
JEFFDAVIS,house,157,mail,17,3
JEFFDAVIS,house,157,mail,18,5
JEFFDAVIS,house,157,mail,19,9
JEFFDAVIS,house,157,mail,20,15
JEFFDAVIS,house,157,mail,21,18
JEFFDAVIS,house,157,mail,22,10
JEFFDAVIS,house,157,mail,25,1
JEFFDAVIS,house,157,mail,27,1
JEFFDAVIS,senate,19,inperson,4,405
JEFFDAVIS,senate,19,inperson,5,231
JEFFDAVIS,senate,19,inperson,6,199
JEFFDAVIS,senate,19,inperson,7,203
JEFFDAVIS,senate,19,inperson,8,274
JEFFDAVIS,senate,19,inperson,10,95
JEFFDAVIS,senate,19,inperson,11,302
JEFFDAVIS,senate,19,inperson,12,206
JEFFDAVIS,senate,19,inperson,13,209
JEFFDAVIS,senate,19,inperson,14,237
JEFFDAVIS,senate,19,inperson,15,274
JEFFDAVIS,senate,19,inperson,17,95
JEFFDAVIS,senate,19,inperson,18,300
JEFFDAVIS,senate,19,inperson,19,249
JEFFDAVIS,senate,19,inperson,20,244
JEFFDAVIS,senate,19,inperson,21,263
JEFFDAVIS,senate,19,mail,0,3
JEFFDAVIS,senate,19,mail,1,8
JEFFDAVIS,senate,19,mail,4,9
JEFFDAVIS,senate,19,mail,5,5
JEFFDAVIS,senate,19,mail,6,6
JEFFDAVIS,senate,19,mail,7,15
JEFFDAVIS,senate,19,mail,8,14
JEFFDAVIS,senate,19,mail,10,3
JEFFDAVIS,senate,19,mail,11,4
JEFFDAVIS,senate,19,mail,12,9
JEFFDAVIS,senate,19,mail,13,11
JEFFDAVIS,senate,19,mail,14,9
JEFFDAVIS,senate,19,mail,15,17
JEFFDAVIS,senate,19,mail,17,3
JEFFDAVIS,senate,19,mail,18,5
JEFFDAVIS,senate,19,mail,19,9
JEFFDAVIS,senate,19,mail,20,15
JEFFDAVIS,senate,19,mail,21,18
JEFFDAVIS,senate,19,mail,22,10
JEFFDAVIS,senate,19,mail,25,1
JEFFDAVIS,senate,19,mail,27,1
JEFFERSON,house,132,inperson,4,321
JEFFERSON,house,132,inperson,5,230
JEFFERSON,house,132,inperson,6,173
JEFFERSON,house,132,inperson,7,225
JEFFERSON,house,132,inperson,8,245
JEFFERSON,house,132,inperson,10,238
JEFFERSON,house,132,inperson,11,306
JEFFERSON,house,132,inperson,12,227
JEFFERSON,house,132,inperson,13,248
JEFFERSON,house,132,inperson,14,245
JEFFERSON,house,132,inperson,15,280
JEFFERSON,house,132,inperson,17,188
JEFFERSON,house,132,inperson,18,369
JEFFERSON,house,132,inperson,19,245
JEFFERSON,house,132,inperson,20,264
JEFFERSON,house,132,inperson,21,278
JEFFERSON,house,132,mail,0,13
JEFFERSON,house,132,mail,1,28
JEFFERSON,house,132,mail,4,18
JEFFERSON,house,132,mail,5,22
JEFFERSON,house,132,mail,6,12
JEFFERSON,house,132,mail,7,18
JEFFERSON,house,132,mail,8,22
JEFFERSON,house,132,mail,10,48
JEFFERSON,house,132,mail,11,1
JEFFERSON,house,132,mail,13,50
JEFFERSON,house,132,mail,14,22
JEFFERSON,house,132,mail,15,2
JEFFERSON,house,132,mail,17,56
JEFFERSON,house,132,mail,18,29
JEFFERSON,house,132,mail,19,37
JEFFERSON,house,132,mail,20,39
JEFFERSON,house,132,mail,21,36
JEFFERSON,house,132,mail,22,12
JEFFERSON,house,132,mail,25,9
JEFFERSON,house,132,mail,26,5
JEFFERSON,house,132,mail,27,3
JEFFERSON,house,132,mail,29,1
JEFFERSON,senate,23,inperson,4,321
JEFFERSON,senate,23,inperson,5,230
JEFFERSON,senate,23,inperson,6,173
JEFFERSON,senate,23,inperson,7,225
JEFFERSON,senate,23,inperson,8,245
JEFFERSON,senate,23,inperson,10,238
JEFFERSON,senate,23,inperson,11,306
JEFFERSON,senate,23,inperson,12,227
JEFFERSON,senate,23,inperson,13,248
JEFFERSON,senate,23,inperson,14,245
JEFFERSON,senate,23,inperson,15,280
JEFFERSON,senate,23,inperson,17,188
JEFFERSON,senate,23,inperson,18,369
JEFFERSON,senate,23,inperson,19,245
JEFFERSON,senate,23,inperson,20,264
JEFFERSON,senate,23,inperson,21,278
JEFFERSON,senate,23,mail,0,13
JEFFERSON,senate,23,mail,1,28
JEFFERSON,senate,23,mail,4,18
JEFFERSON,senate,23,mail,5,22
JEFFERSON,senate,23,mail,6,12
JEFFERSON,senate,23,mail,7,18
JEFFERSON,senate,23,mail,8,22
JEFFERSON,senate,23,mail,10,48
JEFFERSON,senate,23,mail,11,1
JEFFERSON,senate,23,mail,13,50
JEFFERSON,senate,23,mail,14,22
JEFFERSON,senate,23,mail,15,2
JEFFERSON,senate,23,mail,17,56
JEFFERSON,senate,23,mail,18,29
JEFFERSON,senate,23,mail,19,37
JEFFERSON,senate,23,mail,20,39
JEFFERSON,senate,23,mail,21,36
JEFFERSON,senate,23,mail,22,12
JEFFERSON,senate,23,mail,25,9
JEFFERSON,senate,23,mail,26,5
JEFFERSON,senate,23,mail,27,3
JEFFERSON,senate,23,mail,29,1
JENKINS,house,126,inperson,4,179
JENKINS,house,126,inperson,5,146
JENKINS,house,126,inperson,6,102
JENKINS,house,126,inperson,7,129
JENKINS,house,126,inperson,8,129
JENKINS,house,126,inperson,10,85
JENKINS,house,126,inperson,11,209
JENKINS,house,126,inperson,12,134
JENKINS,house,126,inperson,13,156
JENKINS,house,126,inperson,14,134
JENKINS,house,126,inperson,15,137
JENKINS,house,126,inperson,17,44
JENKINS,house,126,inperson,18,163
JENKINS,house,126,inperson,19,166
JENKINS,house,126,inperson,20,148
JENKINS,house,126,inperson,21,189
JENKINS,house,126,mail,0,1
JENKINS,house,126,mail,1,13
JENKINS,house,126,mail,6,8
JENKINS,house,126,mail,7,5
JENKINS,house,126,mail,8,7
JENKINS,house,126,mail,10,2
JENKINS,house,126,mail,11,2
JENKINS,house,126,mail,12,4
JENKINS,house,126,mail,13,12
JENKINS,house,126,mail,14,38
JENKINS,house,126,mail,15,3
JENKINS,house,126,mail,18,7
JENKINS,house,126,mail,19,21
JENKINS,house,126,mail,20,3
JENKINS,house,126,mail,21,13
JENKINS,house,126,mail,22,5
JENKINS,senate,23,inperson,4,179
JENKINS,senate,23,inperson,5,146
JENKINS,senate,23,inperson,6,102
JENKINS,senate,23,inperson,7,129
JENKINS,senate,23,inperson,8,129
JENKINS,senate,23,inperson,10,85
JENKINS,senate,23,inperson,11,209
JENKINS,senate,23,inperson,12,134
JENKINS,senate,23,inperson,13,156
JENKINS,senate,23,inperson,14,134
JENKINS,senate,23,inperson,15,137
JENKINS,senate,23,inperson,17,44
JENKINS,senate,23,inperson,18,163
JENKINS,senate,23,inperson,19,166
JENKINS,senate,23,inperson,20,148
JENKINS,senate,23,inperson,21,189
JENKINS,senate,23,mail,0,1
JENKINS,senate,23,mail,1,13
JENKINS,senate,23,mail,6,8
JENKINS,senate,23,mail,7,5
JENKINS,senate,23,mail,8,7
JENKINS,senate,23,mail,10,2
JENKINS,senate,23,mail,11,2
JENKINS,senate,23,mail,12,4
JENKINS,senate,23,mail,13,12
JENKINS,senate,23,mail,14,38
JENKINS,senate,23,mail,15,3
JENKINS,senate,23,mail,18,7
JENKINS,senate,23,mail,19,21
JENKINS,senate,23,mail,20,3
JENKINS,senate,23,mail,21,13
JENKINS,senate,23,mail,22,5
JOHNSON,house,155,inperson,4,225
JOHNSON,house,155,inperson,5,137
JOHNSON,house,155,inperson,6,99
JOHNSON,house,155,inperson,7,108
JOHNSON,house,155,inperson,8,110
JOHNSON,house,155,inperson,10,90
JOHNSON,house,155,inperson,11,179
JOHNSON,house,155,inperson,12,161
JOHNSON,house,155,inperson,13,148
JOHNSON,house,155,inperson,14,172
JOHNSON,house,155,inperson,15,158
JOHNSON,house,155,inperson,17,51
JOHNSON,house,155,inperson,18,275
JOHNSON,house,155,inperson,19,211
JOHNSON,house,155,inperson,20,226
JOHNSON,house,155,inperson,21,217
JOHNSON,house,155,mail,0,2
JOHNSON,house,155,mail,1,4
JOHNSON,house,155,mail,4,15
JOHNSON,house,155,mail,5,8
JOHNSON,house,155,mail,6,6
JOHNSON,house,155,mail,7,7
JOHNSON,house,155,mail,8,6
JOHNSON,house,155,mail,10,2
JOHNSON,house,155,mail,11,12
JOHNSON,house,155,mail,12,6
JOHNSON,house,155,mail,13,17
JOHNSON,house,155,mail,14,15
JOHNSON,house,155,mail,15,15
JOHNSON,house,155,mail,18,4
JOHNSON,house,155,mail,19,11
JOHNSON,house,155,mail,20,12
JOHNSON,house,155,mail,21,13
JOHNSON,house,155,mail,22,2
JOHNSON,house,155,mail,25,7
JOHNSON,house,155,mail,26,6
JOHNSON,house,155,mail,27,16
JOHNSON,house,155,mail,33,2
JOHNSON,senate,26,inperson,4,225
JOHNSON,senate,26,inperson,5,137
JOHNSON,senate,26,inperson,6,99
JOHNSON,senate,26,inperson,7,108
JOHNSON,senate,26,inperson,8,110
JOHNSON,senate,26,inperson,10,90
JOHNSON,senate,26,inperson,11,179
JOHNSON,senate,26,inperson,12,161
JOHNSON,senate,26,inperson,13,148
JOHNSON,senate,26,inperson,14,172
JOHNSON,senate,26,inperson,15,158
JOHNSON,senate,26,inperson,17,51
JOHNSON,senate,26,inperson,18,275
JOHNSON,senate,26,inperson,19,211
JOHNSON,senate,26,inperson,20,226
JOHNSON,senate,26,inperson,21,217
JOHNSON,senate,26,mail,0,2
JOHNSON,senate,26,mail,1,4
JOHNSON,senate,26,mail,4,15
JOHNSON,senate,26,mail,5,8
JOHNSON,senate,26,mail,6,6
JOHNSON,senate,26,mail,7,7
JOHNSON,senate,26,mail,8,6
JOHNSON,senate,26,mail,10,2
JOHNSON,senate,26,mail,11,12
JOHNSON,senate,26,mail,12,6
JOHNSON,senate,26,mail,13,17
JOHNSON,senate,26,mail,14,15
JOHNSON,senate,26,mail,15,15
JOHNSON,senate,26,mail,18,4
JOHNSON,senate,26,mail,19,11
JOHNSON,senate,26,mail,20,12
JOHNSON,senate,26,mail,21,13
JOHNSON,senate,26,mail,22,2
JOHNSON,senate,26,mail,25,7
JOHNSON,senate,26,mail,26,6
JOHNSON,senate,26,mail,27,16
JOHNSON,senate,26,mail,33,2
JONES,house,144,inperson,4,616
JONES,house,144,inperson,5,400
JONES,house,144,inperson,6,322
JONES,house,144,inperson,7,373
JONES,house,144,inperson,8,424
JONES,house,144,inperson,10,515
JONES,house,144,inperson,11,624
JONES,house,144,inperson,12,458
JONES,house,144,inperson,13,566
JONES,house,144,inperson,14,598
JONES,house,144,inperson,15,679
JONES,house,144,inperson,17,497
JONES,house,144,inperson,18,749
JONES,house,144,inperson,19,597
JONES,house,144,inperson,20,660
JONES,house,144,inperson,21,662
JONES,house,144,mail,0,33
JONES,house,144,mail,3,13
JONES,house,144,mail,4,17
JONES,house,144,mail,5,19
JONES,house,144,mail,6,23
JONES,house,144,mail,7,19
JONES,house,144,mail,8,28
JONES,house,144,mail,10,17
JONES,house,144,mail,11,19
JONES,house,144,mail,12,9
JONES,house,144,mail,13,86
JONES,house,144,mail,15,25
JONES,house,144,mail,17,38
JONES,house,144,mail,18,32
JONES,house,144,mail,19,64
JONES,house,144,mail,20,84
JONES,house,144,mail,21,38
JONES,house,144,mail,24,17
JONES,house,144,mail,25,31
JONES,house,144,mail,26,8
JONES,house,149,inperson,4,180
JONES,house,149,inperson,5,117
JONES,house,149,inperson,6,110
JONES,house,149,inperson,7,127
JONES,house,149,inperson,8,110
JONES,house,149,inperson,10,142
JONES,house,149,inperson,11,145
JONES,house,149,inperson,12,109
JONES,house,149,inperson,13,124
JONES,house,149,inperson,14,147
JONES,house,149,inperson,15,164
JONES,house,149,inperson,17,122
JONES,house,149,inperson,18,185
JONES,house,149,inperson,19,160
JONES,house,149,inperson,20,152
JONES,house,149,inperson,21,174
JONES,house,149,mail,0,17
JONES,house,149,mail,3,5
JONES,house,149,mail,4,6
JONES,house,149,mail,5,4
JONES,house,149,mail,6,6
JONES,house,149,mail,7,8
JONES,house,149,mail,8,1
JONES,house,149,mail,10,3
JONES,house,149,mail,11,12
JONES,house,149,mail,12,6
JONES,house,149,mail,13,44
JONES,house,149,mail,15,14
JONES,house,149,mail,17,16
JONES,house,149,mail,18,15
JONES,house,149,mail,19,17
JONES,house,149,mail,20,38
JONES,house,149,mail,21,19
JONES,house,149,mail,24,2
JONES,house,149,mail,25,6
JONES,house,149,mail,26,4
JONES,senate,25,inperson,4,796
JONES,senate,25,inperson,5,517
JONES,senate,25,inperson,6,432
JONES,senate,25,inperson,7,500
JONES,senate,25,inperson,8,534
JONES,senate,25,inperson,10,657
JONES,senate,25,inperson,11,769
JONES,senate,25,inperson,12,567
JONES,senate,25,inperson,13,690
JONES,senate,25,inperson,14,745
JONES,senate,25,inperson,15,843
JONES,senate,25,inperson,17,619
JONES,senate,25,inperson,18,934
JONES,senate,25,inperson,19,757
JONES,senate,25,inperson,20,812
JONES,senate,25,inperson,21,836
JONES,senate,25,mail,0,50
JONES,senate,25,mail,3,18
JONES,senate,25,mail,4,23
JONES,senate,25,mail,5,23
JONES,senate,25,mail,6,29
JONES,senate,25,mail,7,27
JONES,senate,25,mail,8,29
JONES,senate,25,mail,10,20
JONES,senate,25,mail,11,31
JONES,senate,25,mail,12,15
JONES,senate,25,mail,13,130
JONES,senate,25,mail,15,39
JONES,senate,25,mail,17,54
JONES,senate,25,mail,18,47
JONES,senate,25,mail,19,81
JONES,senate,25,mail,20,122
JONES,senate,25,mail,21,57
JONES,senate,25,mail,24,19
JONES,senate,25,mail,25,37
JONES,senate,25,mail,26,12
LAMAR,house,134,inperson,4,223
LAMAR,house,134,inperson,5,167
LAMAR,house,134,inperson,6,116
LAMAR,house,134,inperson,7,128
LAMAR,house,134,inperson,8,155
LAMAR,house,134,inperson,10,105
LAMAR,house,134,inperson,11,218
LAMAR,house,134,inperson,12,180
LAMAR,house,134,inperson,13,212
LAMAR,house,134,inperson,14,206
LAMAR,house,134,inperson,15,183
LAMAR,house,134,inperson,16,95
LAMAR,house,134,inperson,17,105
LAMAR,house,134,inperson,18,245
LAMAR,house,134,inperson,19,184
LAMAR,house,134,inperson,20,240
LAMAR,house,134,inperson,21,312
LAMAR,house,134,mail,0,5
LAMAR,house,134,mail,1,8
LAMAR,house,134,mail,4,5
LAMAR,house,134,mail,5,2
LAMAR,house,134,mail,6,4
LAMAR,house,134,mail,7,9
LAMAR,house,134,mail,8,13
LAMAR,house,134,mail,10,3
LAMAR,house,134,mail,11,6
LAMAR,house,134,mail,12,6
LAMAR,house,134,mail,13,11
LAMAR,house,134,mail,14,10
LAMAR,house,134,mail,15,6
LAMAR,house,134,mail,16,1
LAMAR,house,134,mail,17,18
LAMAR,house,134,mail,18,10
LAMAR,house,134,mail,19,13
LAMAR,house,134,mail,20,15
LAMAR,house,134,mail,21,24
LAMAR,house,134,mail,22,25
LAMAR,house,134,mail,25,1
LAMAR,house,134,mail,26,10
LAMAR,house,134,mail,27,11
LAMAR,house,134,mail,33,2
LAMAR,house,134,mail,40,2
LAMAR,house,135,inperson,4,298
LAMAR,house,135,inperson,5,189
LAMAR,house,135,inperson,6,204
LAMAR,house,135,inperson,7,231
LAMAR,house,135,inperson,8,217
LAMAR,house,135,inperson,10,240
LAMAR,house,135,inperson,11,335
LAMAR,house,135,inperson,12,263
LAMAR,house,135,inperson,13,294
LAMAR,house,135,inperson,14,258
LAMAR,house,135,inperson,15,334
LAMAR,house,135,inperson,16,117
LAMAR,house,135,inperson,17,210
LAMAR,house,135,inperson,18,398
LAMAR,house,135,inperson,19,368
LAMAR,house,135,inperson,20,372
LAMAR,house,135,inperson,21,394
LAMAR,house,135,mail,0,5
LAMAR,house,135,mail,1,4
LAMAR,house,135,mail,3,2
LAMAR,house,135,mail,4,12
LAMAR,house,135,mail,5,3
LAMAR,house,135,mail,6,6
LAMAR,house,135,mail,7,7
LAMAR,house,135,mail,8,15
LAMAR,house,135,mail,10,5
LAMAR,house,135,mail,11,7
LAMAR,house,135,mail,12,9
LAMAR,house,135,mail,13,7
LAMAR,house,135,mail,14,5
LAMAR,house,135,mail,15,10
LAMAR,house,135,mail,17,23
LAMAR,house,135,mail,18,12
LAMAR,house,135,mail,19,21
LAMAR,house,135,mail,20,18
LAMAR,house,135,mail,21,17
LAMAR,house,135,mail,22,24
LAMAR,house,135,mail,25,6
LAMAR,house,135,mail,26,5
LAMAR,house,135,mail,27,3
LAMAR,house,135,mail,35,2
LAMAR,senate,16,inperson,4,521
LAMAR,senate,16,inperson,5,356
LAMAR,senate,16,inperson,6,320
LAMAR,senate,16,inperson,7,359
LAMAR,senate,16,inperson,8,372
LAMAR,senate,16,inperson,10,345
LAMAR,senate,16,inperson,11,553
LAMAR,senate,16,inperson,12,443
LAMAR,senate,16,inperson,13,506
LAMAR,senate,16,inperson,14,464
LAMAR,senate,16,inperson,15,517
LAMAR,senate,16,inperson,16,212
LAMAR,senate,16,inperson,17,315
LAMAR,senate,16,inperson,18,643
LAMAR,senate,16,inperson,19,552
LAMAR,senate,16,inperson,20,612
LAMAR,senate,16,inperson,21,706
LAMAR,senate,16,mail,0,10
LAMAR,senate,16,mail,1,12
LAMAR,senate,16,mail,3,2
LAMAR,senate,16,mail,4,17
LAMAR,senate,16,mail,5,5
LAMAR,senate,16,mail,6,10
LAMAR,senate,16,mail,7,16
LAMAR,senate,16,mail,8,28
LAMAR,senate,16,mail,10,8
LAMAR,senate,16,mail,11,13
LAMAR,senate,16,mail,12,15
LAMAR,senate,16,mail,13,18
LAMAR,senate,16,mail,14,15
LAMAR,senate,16,mail,15,16
LAMAR,senate,16,mail,16,1
LAMAR,senate,16,mail,17,41
LAMAR,senate,16,mail,18,22
LAMAR,senate,16,mail,19,34
LAMAR,senate,16,mail,20,33
LAMAR,senate,16,mail,21,41
LAMAR,senate,16,mail,22,49
LAMAR,senate,16,mail,25,7
LAMAR,senate,16,mail,26,15
LAMAR,senate,16,mail,27,14
LAMAR,senate,16,mail,33,2
LAMAR,senate,16,mail,35,2
LAMAR,senate,16,mail,40,2
LANIER,house,176,inperson,4,260
LANIER,house,176,inperson,5,146
LANIER,house,176,inperson,6,117
LANIER,house,176,inperson,7,121
LANIER,house,176,inperson,8,116
LANIER,house,176,inperson,10,155
LANIER,house,176,inperson,11,180
LANIER,house,176,inperson,12,153
LANIER,house,176,inperson,13,155
LANIER,house,176,inperson,14,167
LANIER,house,176,inperson,15,222
LANIER,house,176,inperson,17,89
LANIER,house,176,inperson,18,217
LANIER,house,176,inperson,19,181
LANIER,house,176,inperson,20,191
LANIER,house,176,inperson,21,190
LANIER,house,176,mail,0,2
LANIER,house,176,mail,1,11
LANIER,house,176,mail,4,5
LANIER,house,176,mail,5,8
LANIER,house,176,mail,6,4
LANIER,house,176,mail,7,9
LANIER,house,176,mail,8,3
LANIER,house,176,mail,10,2
LANIER,house,176,mail,11,3
LANIER,house,176,mail,12,2
LANIER,house,176,mail,13,1
LANIER,house,176,mail,14,4
LANIER,house,176,mail,15,10
LANIER,house,176,mail,17,6
LANIER,house,176,mail,18,7
LANIER,house,176,mail,19,7
LANIER,house,176,mail,20,15
LANIER,house,176,mail,21,6
LANIER,house,176,mail,22,1
LANIER,house,176,mail,25,1
LANIER,house,176,mail,26,3
LANIER,house,176,mail,27,1
LANIER,senate,8,inperson,4,260
LANIER,senate,8,inperson,5,146
LANIER,senate,8,inperson,6,117
LANIER,senate,8,inperson,7,121
LANIER,senate,8,inperson,8,116
LANIER,senate,8,inperson,10,155
LANIER,senate,8,inperson,11,180
LANIER,senate,8,inperson,12,153
LANIER,senate,8,inperson,13,155
LANIER,senate,8,inperson,14,167
LANIER,senate,8,inperson,15,222
LANIER,senate,8,inperson,17,89
LANIER,senate,8,inperson,18,217
LANIER,senate,8,inperson,19,181
LANIER,senate,8,inperson,20,191
LANIER,senate,8,inperson,21,190
LANIER,senate,8,mail,0,2
LANIER,senate,8,mail,1,11
LANIER,senate,8,mail,4,5
LANIER,senate,8,mail,5,8
LANIER,senate,8,mail,6,4
LANIER,senate,8,mail,7,9
LANIER,senate,8,mail,8,3
LANIER,senate,8,mail,10,2
LANIER,senate,8,mail,11,3
LANIER,senate,8,mail,12,2
LANIER,senate,8,mail,13,1
LANIER,senate,8,mail,14,4
LANIER,senate,8,mail,15,10
LANIER,senate,8,mail,17,6
LANIER,senate,8,mail,18,7
LANIER,senate,8,mail,19,7
LANIER,senate,8,mail,20,15
LANIER,senate,8,mail,21,6
LANIER,senate,8,mail,22,1
LANIER,senate,8,mail,25,1
LANIER,senate,8,mail,26,3
LANIER,senate,8,mail,27,1
LAURENS,house,155,inperson,4,915
LAURENS,house,155,inperson,5,758
LAURENS,house,155,inperson,6,699
LAURENS,house,155,inperson,7,878
LAURENS,house,155,inperson,8,797
LAURENS,house,155,inperson,10,586
LAURENS,house,155,inperson,11,939
LAURENS,house,155,inperson,12,824
LAURENS,house,155,inperson,13,830
LAURENS,house,155,inperson,14,949
LAURENS,house,155,inperson,15,913
LAURENS,house,155,inperson,17,551
LAURENS,house,155,inperson,18,994
LAURENS,house,155,inperson,19,908
LAURENS,house,155,inperson,20,956
LAURENS,house,155,inperson,21,909
LAURENS,house,155,mail,0,38
LAURENS,house,155,mail,1,60
LAURENS,house,155,mail,4,49
LAURENS,house,155,mail,5,31
LAURENS,house,155,mail,6,31
LAURENS,house,155,mail,7,40
LAURENS,house,155,mail,8,102
LAURENS,house,155,mail,10,12
LAURENS,house,155,mail,11,43
LAURENS,house,155,mail,12,78
LAURENS,house,155,mail,13,50
LAURENS,house,155,mail,14,60
LAURENS,house,155,mail,15,142
LAURENS,house,155,mail,17,7
LAURENS,house,155,mail,18,119
LAURENS,house,155,mail,19,76
LAURENS,house,155,mail,20,113
LAURENS,house,155,mail,21,152
LAURENS,house,155,mail,22,38
LAURENS,house,155,mail,25,31
LAURENS,house,155,mail,26,1
LAURENS,house,155,mail,32,4
LAURENS,senate,20,inperson,4,915
LAURENS,senate,20,inperson,5,758
LAURENS,senate,20,inperson,6,699
LAURENS,senate,20,inperson,7,878
LAURENS,senate,20,inperson,8,797
LAURENS,senate,20,inperson,10,586
LAURENS,senate,20,inperson,11,939
LAURENS,senate,20,inperson,12,824
LAURENS,senate,20,inperson,13,830
LAURENS,senate,20,inperson,14,949
LAURENS,senate,20,inperson,15,913
LAURENS,senate,20,inperson,17,551
LAURENS,senate,20,inperson,18,994
LAURENS,senate,20,inperson,19,908
LAURENS,senate,20,inperson,20,956
LAURENS,senate,20,inperson,21,909
LAURENS,senate,20,mail,0,38
LAURENS,senate,20,mail,1,60
LAURENS,senate,20,mail,4,49
LAURENS,senate,20,mail,5,31
LAURENS,senate,20,mail,6,31
LAURENS,senate,20,mail,7,40
LAURENS,senate,20,mail,8,102
LAURENS,senate,20,mail,10,12
LAURENS,senate,20,mail,11,43
LAURENS,senate,20,mail,12,78
LAURENS,senate,20,mail,13,50
LAURENS,senate,20,mail,14,60
LAURENS,senate,20,mail,15,142
LAURENS,senate,20,mail,17,7
LAURENS,senate,20,mail,18,119
LAURENS,senate,20,mail,19,76
LAURENS,senate,20,mail,20,113
LAURENS,senate,20,mail,21,152
LAURENS,senate,20,mail,22,38
LAURENS,senate,20,mail,25,31
LAURENS,senate,20,mail,26,1
LAURENS,senate,20,mail,32,4
LEE,house,152,inperson,4,862
LEE,house,152,inperson,5,560
LEE,house,152,inperson,6,489
LEE,house,152,inperson,7,531
LEE,house,152,inperson,8,528
LEE,house,152,inperson,10,497
LEE,house,152,inperson,11,775
LEE,house,152,inperson,12,687
LEE,house,152,inperson,13,819
LEE,house,152,inperson,14,972
LEE,house,152,inperson,15,1164
LEE,house,152,inperson,17,518
LEE,house,152,inperson,18,944
LEE,house,152,inperson,19,702
LEE,house,152,inperson,20,899
LEE,house,152,inperson,21,1124
LEE,house,152,mail,0,37
LEE,house,152,mail,1,49
LEE,house,152,mail,4,28
LEE,house,152,mail,5,36
LEE,house,152,mail,6,16
LEE,house,152,mail,7,28
LEE,house,152,mail,8,37
LEE,house,152,mail,10,12
LEE,house,152,mail,11,31
LEE,house,152,mail,12,38
LEE,house,152,mail,13,50
LEE,house,152,mail,14,44
LEE,house,152,mail,15,35
LEE,house,152,mail,17,9
LEE,house,152,mail,18,60
LEE,house,152,mail,19,18
LEE,house,152,mail,20,37
LEE,house,152,mail,21,29
LEE,house,152,mail,22,14
LEE,house,152,mail,25,1
LEE,house,152,mail,27,2
LEE,house,152,mail,29,3
LEE,senate,13,inperson,4,862
LEE,senate,13,inperson,5,560
LEE,senate,13,inperson,6,489
LEE,senate,13,inperson,7,531
LEE,senate,13,inperson,8,528
LEE,senate,13,inperson,10,497
LEE,senate,13,inperson,11,775
LEE,senate,13,inperson,12,687
LEE,senate,13,inperson,13,819
LEE,senate,13,inperson,14,972
LEE,senate,13,inperson,15,1164
LEE,senate,13,inperson,17,518
LEE,senate,13,inperson,18,944
LEE,senate,13,inperson,19,702
LEE,senate,13,inperson,20,899
LEE,senate,13,inperson,21,1124
LEE,senate,13,mail,0,37
LEE,senate,13,mail,1,49
LEE,senate,13,mail,4,28
LEE,senate,13,mail,5,36
LEE,senate,13,mail,6,16
LEE,senate,13,mail,7,28
LEE,senate,13,mail,8,37
LEE,senate,13,mail,10,12
LEE,senate,13,mail,11,31
LEE,senate,13,mail,12,38
LEE,senate,13,mail,13,50
LEE,senate,13,mail,14,44
LEE,senate,13,mail,15,35
LEE,senate,13,mail,17,9
LEE,senate,13,mail,18,60
LEE,senate,13,mail,19,18
LEE,senate,13,mail,20,37
LEE,senate,13,mail,21,29
LEE,senate,13,mail,22,14
LEE,senate,13,mail,25,1
LEE,senate,13,mail,27,2
LEE,senate,13,mail,29,3
LIBERTY,house,167,inperson,4,23
LIBERTY,house,167,inperson,5,19
LIBERTY,house,167,inperson,6,8
LIBERTY,house,167,inperson,7,11
LIBERTY,house,167,inperson,8,4
LIBERTY,house,167,inperson,10,8
LIBERTY,house,167,inperson,11,5
LIBERTY,house,167,inperson,12,6
LIBERTY,house,167,inperson,14,5
LIBERTY,house,167,inperson,15,4
LIBERTY,house,167,inperson,17,3
LIBERTY,house,167,inperson,18,5
LIBERTY,house,167,inperson,19,6
LIBERTY,house,167,inperson,20,11
LIBERTY,house,167,inperson,21,7
LIBERTY,house,167,mail,0,2
LIBERTY,house,167,mail,1,5
LIBERTY,house,167,mail,4,5
LIBERTY,house,167,mail,6,3
LIBERTY,house,167,mail,7,2
LIBERTY,house,167,mail,8,3
LIBERTY,house,167,mail,11,2
LIBERTY,house,167,mail,12,1
LIBERTY,house,167,mail,13,1
LIBERTY,house,167,mail,14,2
LIBERTY,house,167,mail,15,2
LIBERTY,house,167,mail,19,1
LIBERTY,house,167,mail,21,2
LIBERTY,house,168,inperson,4,1306
LIBERTY,house,168,inperson,5,696
LIBERTY,house,168,inperson,6,680
LIBERTY,house,168,inperson,7,744
LIBERTY,house,168,inperson,8,776
LIBERTY,house,168,inperson,10,654
LIBERTY,house,168,inperson,11,941
LIBERTY,house,168,inperson,12,747
LIBERTY,house,168,inperson,13,752
LIBERTY,house,168,inperson,14,857
LIBERTY,house,168,inperson,15,1075
LIBERTY,house,168,inperson,17,692
LIBERTY,house,168,inperson,18,1277
LIBERTY,house,168,inperson,19,1230
LIBERTY,house,168,inperson,20,1375
LIBERTY,house,168,inperson,21,1771
LIBERTY,house,168,mail,0,47
LIBERTY,house,168,mail,1,65
LIBERTY,house,168,mail,3,31
LIBERTY,house,168,mail,4,77
LIBERTY,house,168,mail,5,45
LIBERTY,house,168,mail,6,51
LIBERTY,house,168,mail,7,35
LIBERTY,house,168,mail,8,87
LIBERTY,house,168,mail,10,44
LIBERTY,house,168,mail,11,120
LIBERTY,house,168,mail,12,42
LIBERTY,house,168,mail,13,68
LIBERTY,house,168,mail,14,105
LIBERTY,house,168,mail,15,196
LIBERTY,house,168,mail,17,83
LIBERTY,house,168,mail,18,114
LIBERTY,house,168,mail,19,100
LIBERTY,house,168,mail,20,43
LIBERTY,house,168,mail,21,111
LIBERTY,house,168,mail,25,16
LIBERTY,house,168,mail,26,6
LIBERTY,house,168,mail,27,3
LIBERTY,house,168,mail,28,9
LIBERTY,house,168,mail,29,3
LIBERTY,house,168,mail,32,6
LIBERTY,house,168,mail,34,6
LIBERTY,house,168,mail,35,13
LIBERTY,house,168,mail,41,1
LIBERTY,house,168,mail,42,1
LIBERTY,house,168,mail,43,1
LIBERTY,senate,1,inperson,4,1329
LIBERTY,senate,1,inperson,5,715
LIBERTY,senate,1,inperson,6,688
LIBERTY,senate,1,inperson,7,755
LIBERTY,senate,1,inperson,8,780
LIBERTY,senate,1,inperson,10,662
LIBERTY,senate,1,inperson,11,946
LIBERTY,senate,1,inperson,12,753
LIBERTY,senate,1,inperson,13,752
LIBERTY,senate,1,inperson,14,862
LIBERTY,senate,1,inperson,15,1079
LIBERTY,senate,1,inperson,17,695
LIBERTY,senate,1,inperson,18,1282
LIBERTY,senate,1,inperson,19,1236
LIBERTY,senate,1,inperson,20,1386
LIBERTY,senate,1,inperson,21,1778
LIBERTY,senate,1,mail,0,49
LIBERTY,senate,1,mail,1,70
LIBERTY,senate,1,mail,3,31
LIBERTY,senate,1,mail,4,82
LIBERTY,senate,1,mail,5,45
LIBERTY,senate,1,mail,6,54
LIBERTY,senate,1,mail,7,37
LIBERTY,senate,1,mail,8,90
LIBERTY,senate,1,mail,10,44
LIBERTY,senate,1,mail,11,122
LIBERTY,senate,1,mail,12,43
LIBERTY,senate,1,mail,13,69
LIBERTY,senate,1,mail,14,107
LIBERTY,senate,1,mail,15,198
LIBERTY,senate,1,mail,17,83
LIBERTY,senate,1,mail,18,114
LIBERTY,senate,1,mail,19,101
LIBERTY,senate,1,mail,20,43
LIBERTY,senate,1,mail,21,113
LIBERTY,senate,1,mail,25,16
LIBERTY,senate,1,mail,26,6
LIBERTY,senate,1,mail,27,3
LIBERTY,senate,1,mail,28,9
LIBERTY,senate,1,mail,29,3
LIBERTY,senate,1,mail,32,6
LIBERTY,senate,1,mail,34,6
LIBERTY,senate,1,mail,35,13
LIBERTY,senate,1,mail,41,1
LIBERTY,senate,1,mail,42,1
LIBERTY,senate,1,mail,43,1
LINCOLN,house,123,inperson,4,265
LINCOLN,house,123,inperson,5,176
LINCOLN,house,123,inperson,6,168
LINCOLN,house,123,inperson,7,224
LINCOLN,house,123,inperson,8,225
LINCOLN,house,123,inperson,10,147
LINCOLN,house,123,inperson,11,271
LINCOLN,house,123,inperson,12,212
LINCOLN,house,123,inperson,13,227
LINCOLN,house,123,inperson,14,230
LINCOLN,house,123,inperson,15,266
LINCOLN,house,123,inperson,17,128
LINCOLN,house,123,inperson,18,227
LINCOLN,house,123,inperson,19,263
LINCOLN,house,123,inperson,20,210
LINCOLN,house,123,inperson,21,296
LINCOLN,house,123,mail,0,10
LINCOLN,house,123,mail,1,21
LINCOLN,house,123,mail,4,4
LINCOLN,house,123,mail,5,5
LINCOLN,house,123,mail,6,12
LINCOLN,house,123,mail,7,23
LINCOLN,house,123,mail,8,22
LINCOLN,house,123,mail,11,23
LINCOLN,house,123,mail,12,9
LINCOLN,house,123,mail,13,24
LINCOLN,house,123,mail,14,21
LINCOLN,house,123,mail,15,28
LINCOLN,house,123,mail,18,17
LINCOLN,house,123,mail,19,24
LINCOLN,house,123,mail,20,26
LINCOLN,house,123,mail,21,5
LINCOLN,house,123,mail,22,24
LINCOLN,house,123,mail,25,5
LINCOLN,house,123,mail,26,8
LINCOLN,house,123,mail,27,2
LINCOLN,senate,24,inperson,4,265
LINCOLN,senate,24,inperson,5,176
LINCOLN,senate,24,inperson,6,168
LINCOLN,senate,24,inperson,7,224
LINCOLN,senate,24,inperson,8,225
LINCOLN,senate,24,inperson,10,147
LINCOLN,senate,24,inperson,11,271
LINCOLN,senate,24,inperson,12,212
LINCOLN,senate,24,inperson,13,227
LINCOLN,senate,24,inperson,14,230
LINCOLN,senate,24,inperson,15,266
LINCOLN,senate,24,inperson,17,128
LINCOLN,senate,24,inperson,18,227
LINCOLN,senate,24,inperson,19,263
LINCOLN,senate,24,inperson,20,210
LINCOLN,senate,24,inperson,21,296
LINCOLN,senate,24,mail,0,10
LINCOLN,senate,24,mail,1,21
LINCOLN,senate,24,mail,4,4
LINCOLN,senate,24,mail,5,5
LINCOLN,senate,24,mail,6,12
LINCOLN,senate,24,mail,7,23
LINCOLN,senate,24,mail,8,22
LINCOLN,senate,24,mail,11,23
LINCOLN,senate,24,mail,12,9
LINCOLN,senate,24,mail,13,24
LINCOLN,senate,24,mail,14,21
LINCOLN,senate,24,mail,15,28
LINCOLN,senate,24,mail,18,17
LINCOLN,senate,24,mail,19,24
LINCOLN,senate,24,mail,20,26
LINCOLN,senate,24,mail,21,5
LINCOLN,senate,24,mail,22,24
LINCOLN,senate,24,mail,25,5
LINCOLN,senate,24,mail,26,8
LINCOLN,senate,24,mail,27,2
LONG,house,167,inperson,4,474
LONG,house,167,inperson,5,261
LONG,house,167,inperson,6,218
LONG,house,167,inperson,7,233
LONG,house,167,inperson,8,243
LONG,house,167,inperson,10,244
LONG,house,167,inperson,11,332
LONG,house,167,inperson,12,245
LONG,house,167,inperson,13,220
LONG,house,167,inperson,14,235
LONG,house,167,inperson,15,316
LONG,house,167,inperson,17,213
LONG,house,167,inperson,18,391
LONG,house,167,inperson,19,283
LONG,house,167,inperson,20,310
LONG,house,167,inperson,21,421
LONG,house,167,mail,0,9
LONG,house,167,mail,1,12
LONG,house,167,mail,4,9
LONG,house,167,mail,5,14
LONG,house,167,mail,6,4
LONG,house,167,mail,7,8
LONG,house,167,mail,8,22
LONG,house,167,mail,10,3
LONG,house,167,mail,11,14
LONG,house,167,mail,12,2
LONG,house,167,mail,13,10
LONG,house,167,mail,14,35
LONG,house,167,mail,15,8
LONG,house,167,mail,17,1
LONG,house,167,mail,18,14
LONG,house,167,mail,19,6
LONG,house,167,mail,20,9
LONG,house,167,mail,21,29
LONG,house,167,mail,25,2
LONG,house,167,mail,26,5
LONG,house,167,mail,27,1
LONG,house,167,mail,29,2
LONG,house,167,mail,32,1
LONG,house,167,mail,34,1
LONG,senate,19,inperson,4,474
LONG,senate,19,inperson,5,261
LONG,senate,19,inperson,6,218
LONG,senate,19,inperson,7,233
LONG,senate,19,inperson,8,243
LONG,senate,19,inperson,10,244
LONG,senate,19,inperson,11,332
LONG,senate,19,inperson,12,245
LONG,senate,19,inperson,13,220
LONG,senate,19,inperson,14,235
LONG,senate,19,inperson,15,316
LONG,senate,19,inperson,17,213
LONG,senate,19,inperson,18,391
LONG,senate,19,inperson,19,283
LONG,senate,19,inperson,20,310
LONG,senate,19,inperson,21,421
LONG,senate,19,mail,0,9
LONG,senate,19,mail,1,12
LONG,senate,19,mail,4,9
LONG,senate,19,mail,5,14
LONG,senate,19,mail,6,4
LONG,senate,19,mail,7,8
LONG,senate,19,mail,8,22
LONG,senate,19,mail,10,3
LONG,senate,19,mail,11,14
LONG,senate,19,mail,12,2
LONG,senate,19,mail,13,10
LONG,senate,19,mail,14,35
LONG,senate,19,mail,15,8
LONG,senate,19,mail,17,1
LONG,senate,19,mail,18,14
LONG,senate,19,mail,19,6
LONG,senate,19,mail,20,9
LONG,senate,19,mail,21,29
LONG,senate,19,mail,25,2
LONG,senate,19,mail,26,5
LONG,senate,19,mail,27,1
LONG,senate,19,mail,29,2
LONG,senate,19,mail,32,1
LONG,senate,19,mail,34,1
LOWNDES,house,174,inperson,4,245
LOWNDES,house,174,inperson,5,197
LOWNDES,house,174,inperson,6,178
LOWNDES,house,174,inperson,7,193
LOWNDES,house,174,inperson,8,211
LOWNDES,house,174,inperson,9,70
LOWNDES,house,174,inperson,10,91
LOWNDES,house,174,inperson,11,223
LOWNDES,house,174,inperson,12,227
LOWNDES,house,174,inperson,13,263
LOWNDES,house,174,inperson,14,223
LOWNDES,house,174,inperson,15,303
LOWNDES,house,174,inperson,16,71
LOWNDES,house,174,inperson,17,124
LOWNDES,house,174,inperson,18,220
LOWNDES,house,174,inperson,19,239
LOWNDES,house,174,inperson,20,213
LOWNDES,house,174,inperson,21,232
LOWNDES,house,174,mail,0,6
LOWNDES,house,174,mail,1,4
LOWNDES,house,174,mail,3,1
LOWNDES,house,174,mail,4,4
LOWNDES,house,174,mail,5,9
LOWNDES,house,174,mail,6,7
LOWNDES,house,174,mail,7,16
LOWNDES,house,174,mail,8,28
LOWNDES,house,174,mail,9,13
LOWNDES,house,174,mail,11,10
LOWNDES,house,174,mail,12,9
LOWNDES,house,174,mail,13,5
LOWNDES,house,174,mail,14,7
LOWNDES,house,174,mail,15,6
LOWNDES,house,174,mail,18,10
LOWNDES,house,174,mail,19,7
LOWNDES,house,174,mail,20,2
LOWNDES,house,174,mail,21,2
LOWNDES,house,174,mail,22,5
LOWNDES,house,174,mail,23,1
LOWNDES,house,174,mail,24,4
LOWNDES,house,174,mail,35,1
LOWNDES,house,175,inperson,0,2
LOWNDES,house,175,inperson,4,1139
LOWNDES,house,175,inperson,5,757
LOWNDES,house,175,inperson,6,730
LOWNDES,house,175,inperson,7,841
LOWNDES,house,175,inperson,8,934
LOWNDES,house,175,inperson,9,325
LOWNDES,house,175,inperson,10,498
LOWNDES,house,175,inperson,11,1039
LOWNDES,house,175,inperson,12,940
LOWNDES,house,175,inperson,13,1046
LOWNDES,house,175,inperson,14,1159
LOWNDES,house,175,inperson,15,1139
LOWNDES,house,175,inperson,16,331
LOWNDES,house,175,inperson,17,482
LOWNDES,house,175,inperson,18,1438
LOWNDES,house,175,inperson,19,1151
LOWNDES,house,175,inperson,20,1292
LOWNDES,house,175,inperson,21,1179
LOWNDES,house,175,mail,0,55
LOWNDES,house,175,mail,1,46
LOWNDES,house,175,mail,2,1
LOWNDES,house,175,mail,3,9
LOWNDES,house,175,mail,4,54
LOWNDES,house,175,mail,5,45
LOWNDES,house,175,mail,6,67
LOWNDES,house,175,mail,7,72
LOWNDES,house,175,mail,8,144
LOWNDES,house,175,mail,9,53
LOWNDES,house,175,mail,11,24
LOWNDES,house,175,mail,12,35
LOWNDES,house,175,mail,13,48
LOWNDES,house,175,mail,14,12
LOWNDES,house,175,mail,15,12
LOWNDES,house,175,mail,17,11
LOWNDES,house,175,mail,18,65
LOWNDES,house,175,mail,19,40
LOWNDES,house,175,mail,20,16
LOWNDES,house,175,mail,21,21
LOWNDES,house,175,mail,22,23
LOWNDES,house,175,mail,23,3
LOWNDES,house,175,mail,24,33
LOWNDES,house,175,mail,25,1
LOWNDES,house,175,mail,26,2
LOWNDES,house,175,mail,27,2
LOWNDES,house,175,mail,28,5
LOWNDES,house,175,mail,34,2
LOWNDES,house,175,mail,42,1
LOWNDES,house,175,mail,46,1
LOWNDES,house,176,inperson,4,51
LOWNDES,house,176,inperson,5,54
LOWNDES,house,176,inperson,6,42
LOWNDES,house,176,inperson,7,50
LOWNDES,house,176,inperson,8,44
LOWNDES,house,176,inperson,9,11
LOWNDES,house,176,inperson,10,27
LOWNDES,house,176,inperson,11,59
LOWNDES,house,176,inperson,12,62
LOWNDES,house,176,inperson,13,55
LOWNDES,house,176,inperson,14,60
LOWNDES,house,176,inperson,15,46
LOWNDES,house,176,inperson,16,17
LOWNDES,house,176,inperson,17,24
LOWNDES,house,176,inperson,18,75
LOWNDES,house,176,inperson,19,63
LOWNDES,house,176,inperson,20,67
LOWNDES,house,176,inperson,21,47
LOWNDES,house,176,mail,0,2
LOWNDES,house,176,mail,1,2
LOWNDES,house,176,mail,4,4
LOWNDES,house,176,mail,5,3
LOWNDES,house,176,mail,6,9
LOWNDES,house,176,mail,7,5
LOWNDES,house,176,mail,8,12
LOWNDES,house,176,mail,9,1
LOWNDES,house,176,mail,12,2
LOWNDES,house,176,mail,13,2
LOWNDES,house,176,mail,14,2
LOWNDES,house,176,mail,15,1
LOWNDES,house,176,mail,17,2
LOWNDES,house,176,mail,18,1
LOWNDES,house,176,mail,19,2
LOWNDES,house,176,mail,20,1
LOWNDES,house,176,mail,21,2
LOWNDES,house,176,mail,22,1
LOWNDES,house,176,mail,24,3
LOWNDES,house,176,mail,28,2
LOWNDES,house,176,mail,43,2
LOWNDES,house,177,inperson,0,5
LOWNDES,house,177,inperson,4,1052
LOWNDES,house,177,inperson,5,696
LOWNDES,house,177,inperson,6,669
LOWNDES,house,177,inperson,7,713
LOWNDES,house,177,inperson,8,767
LOWNDES,house,177,inperson,9,274
LOWNDES,house,177,inperson,10,364
LOWNDES,house,177,inperson,11,811
LOWNDES,house,177,inperson,12,722
LOWNDES,house,177,inperson,13,733
LOWNDES,house,177,inperson,14,838
LOWNDES,house,177,inperson,15,887
LOWNDES,house,177,inperson,16,325
LOWNDES,house,177,inperson,17,485
LOWNDES,house,177,inperson,18,925
LOWNDES,house,177,inperson,19,916
LOWNDES,house,177,inperson,20,1048
LOWNDES,house,177,inperson,21,1208
LOWNDES,house,177,mail,0,46
LOWNDES,house,177,mail,1,42
LOWNDES,house,177,mail,3,9
LOWNDES,house,177,mail,4,54
LOWNDES,house,177,mail,5,47
LOWNDES,house,177,mail,6,59
LOWNDES,house,177,mail,7,60
LOWNDES,house,177,mail,8,169
LOWNDES,house,177,mail,9,51
LOWNDES,house,177,mail,11,19
LOWNDES,house,177,mail,12,29
LOWNDES,house,177,mail,13,62
LOWNDES,house,177,mail,14,19
LOWNDES,house,177,mail,15,18
LOWNDES,house,177,mail,17,14
LOWNDES,house,177,mail,18,92
LOWNDES,house,177,mail,19,50
LOWNDES,house,177,mail,20,18
LOWNDES,house,177,mail,21,18
LOWNDES,house,177,mail,22,17
LOWNDES,house,177,mail,23,3
LOWNDES,house,177,mail,24,39
LOWNDES,house,177,mail,26,5
LOWNDES,house,177,mail,27,1
LOWNDES,house,177,mail,28,4
LOWNDES,house,177,mail,32,2
LOWNDES,house,177,mail,34,3
LOWNDES,house,177,mail,36,1
LOWNDES,senate,8,inperson,0,7
LOWNDES,senate,8,inperson,4,2487
LOWNDES,senate,8,inperson,5,1704
LOWNDES,senate,8,inperson,6,1619
LOWNDES,senate,8,inperson,7,1797
LOWNDES,senate,8,inperson,8,1956
LOWNDES,senate,8,inperson,9,680
LOWNDES,senate,8,inperson,10,980
LOWNDES,senate,8,inperson,11,2132
LOWNDES,senate,8,inperson,12,1951
LOWNDES,senate,8,inperson,13,2097
LOWNDES,senate,8,inperson,14,2280
LOWNDES,senate,8,inperson,15,2375
LOWNDES,senate,8,inperson,16,744
LOWNDES,senate,8,inperson,17,1115
LOWNDES,senate,8,inperson,18,2658
LOWNDES,senate,8,inperson,19,2369
LOWNDES,senate,8,inperson,20,2620
LOWNDES,senate,8,inperson,21,2666
LOWNDES,senate,8,mail,0,109
LOWNDES,senate,8,mail,1,94
LOWNDES,senate,8,mail,2,1
LOWNDES,senate,8,mail,3,19
LOWNDES,senate,8,mail,4,116
LOWNDES,senate,8,mail,5,104
LOWNDES,senate,8,mail,6,142
LOWNDES,senate,8,mail,7,153
LOWNDES,senate,8,mail,8,353
LOWNDES,senate,8,mail,9,118
LOWNDES,senate,8,mail,11,53
LOWNDES,senate,8,mail,12,75
LOWNDES,senate,8,mail,13,117
LOWNDES,senate,8,mail,14,40
LOWNDES,senate,8,mail,15,37
LOWNDES,senate,8,mail,17,27
LOWNDES,senate,8,mail,18,168
LOWNDES,senate,8,mail,19,99
LOWNDES,senate,8,mail,20,37
LOWNDES,senate,8,mail,21,43
LOWNDES,senate,8,mail,22,46
LOWNDES,senate,8,mail,23,7
LOWNDES,senate,8,mail,24,79
LOWNDES,senate,8,mail,25,1
LOWNDES,senate,8,mail,26,7
LOWNDES,senate,8,mail,27,3
LOWNDES,senate,8,mail,28,11
LOWNDES,senate,8,mail,32,2
LOWNDES,senate,8,mail,34,5
LOWNDES,senate,8,mail,35,1
LOWNDES,senate,8,mail,36,1
LOWNDES,senate,8,mail,42,1
LOWNDES,senate,8,mail,43,2
LOWNDES,senate,8,mail,46,1
LUMPKIN,house,27,inperson,4,144
LUMPKIN,house,27,inperson,5,92
LUMPKIN,house,27,inperson,6,73
LUMPKIN,house,27,inperson,7,75
LUMPKIN,house,27,inperson,8,74
LUMPKIN,house,27,inperson,10,96
LUMPKIN,house,27,inperson,11,115
LUMPKIN,house,27,inperson,12,104
LUMPKIN,house,27,inperson,13,110
LUMPKIN,house,27,inperson,14,97
LUMPKIN,house,27,inperson,15,123
LUMPKIN,house,27,inperson,17,44
LUMPKIN,house,27,inperson,18,114
LUMPKIN,house,27,inperson,19,101
LUMPKIN,house,27,inperson,20,93
LUMPKIN,house,27,inperson,21,122
LUMPKIN,house,27,mail,0,3
LUMPKIN,house,27,mail,1,3
LUMPKIN,house,27,mail,4,1
LUMPKIN,house,27,mail,6,4
LUMPKIN,house,27,mail,7,1
LUMPKIN,house,27,mail,8,6
LUMPKIN,house,27,mail,10,3
LUMPKIN,house,27,mail,11,5
LUMPKIN,house,27,mail,12,3
LUMPKIN,house,27,mail,13,4
LUMPKIN,house,27,mail,14,11
LUMPKIN,house,27,mail,15,2
LUMPKIN,house,27,mail,17,4
LUMPKIN,house,27,mail,18,10
LUMPKIN,house,27,mail,19,1
LUMPKIN,house,27,mail,20,7
LUMPKIN,house,27,mail,21,6
LUMPKIN,house,27,mail,22,1
LUMPKIN,house,27,mail,24,7
LUMPKIN,house,27,mail,25,2
LUMPKIN,house,27,mail,26,4
LUMPKIN,house,9,inperson,4,799
LUMPKIN,house,9,inperson,5,514
LUMPKIN,house,9,inperson,6,519
LUMPKIN,house,9,inperson,7,565
LUMPKIN,house,9,inperson,8,619
LUMPKIN,house,9,inperson,10,582
LUMPKIN,house,9,inperson,11,846
LUMPKIN,house,9,inperson,12,669
LUMPKIN,house,9,inperson,13,710
LUMPKIN,house,9,inperson,14,816
LUMPKIN,house,9,inperson,15,1026
LUMPKIN,house,9,inperson,17,252
LUMPKIN,house,9,inperson,18,1131
LUMPKIN,house,9,inperson,19,1048
LUMPKIN,house,9,inperson,20,1096
LUMPKIN,house,9,inperson,21,1321
LUMPKIN,house,9,mail,0,17
LUMPKIN,house,9,mail,1,17
LUMPKIN,house,9,mail,3,11
LUMPKIN,house,9,mail,4,18
LUMPKIN,house,9,mail,5,16
LUMPKIN,house,9,mail,6,33
LUMPKIN,house,9,mail,7,36
LUMPKIN,house,9,mail,8,41
LUMPKIN,house,9,mail,10,17
LUMPKIN,house,9,mail,11,36
LUMPKIN,house,9,mail,12,43
LUMPKIN,house,9,mail,13,35
LUMPKIN,house,9,mail,14,38
LUMPKIN,house,9,mail,15,61
LUMPKIN,house,9,mail,17,29
LUMPKIN,house,9,mail,18,66
LUMPKIN,house,9,mail,19,45
LUMPKIN,house,9,mail,20,52
LUMPKIN,house,9,mail,21,72
LUMPKIN,house,9,mail,22,21
LUMPKIN,house,9,mail,24,12
LUMPKIN,house,9,mail,25,29
LUMPKIN,house,9,mail,26,9
LUMPKIN,house,9,mail,27,2
LUMPKIN,house,9,mail,29,2
LUMPKIN,house,9,mail,35,1
LUMPKIN,house,9,mail,36,3
LUMPKIN,house,9,mail,42,1
LUMPKIN,senate,51,inperson,4,943
LUMPKIN,senate,51,inperson,5,606
LUMPKIN,senate,51,inperson,6,592
LUMPKIN,senate,51,inperson,7,640
LUMPKIN,senate,51,inperson,8,693
LUMPKIN,senate,51,inperson,10,678
LUMPKIN,senate,51,inperson,11,961
LUMPKIN,senate,51,inperson,12,773
LUMPKIN,senate,51,inperson,13,820
LUMPKIN,senate,51,inperson,14,913
LUMPKIN,senate,51,inperson,15,1149
LUMPKIN,senate,51,inperson,17,296
LUMPKIN,senate,51,inperson,18,1245
LUMPKIN,senate,51,inperson,19,1149
LUMPKIN,senate,51,inperson,20,1189
LUMPKIN,senate,51,inperson,21,1443
LUMPKIN,senate,51,mail,0,20
LUMPKIN,senate,51,mail,1,20
LUMPKIN,senate,51,mail,3,11
LUMPKIN,senate,51,mail,4,19
LUMPKIN,senate,51,mail,5,16
LUMPKIN,senate,51,mail,6,37
LUMPKIN,senate,51,mail,7,37
LUMPKIN,senate,51,mail,8,47
LUMPKIN,senate,51,mail,10,20
LUMPKIN,senate,51,mail,11,41
LUMPKIN,senate,51,mail,12,46
LUMPKIN,senate,51,mail,13,39
LUMPKIN,senate,51,mail,14,49
LUMPKIN,senate,51,mail,15,63
LUMPKIN,senate,51,mail,17,33
LUMPKIN,senate,51,mail,18,76
LUMPKIN,senate,51,mail,19,46
LUMPKIN,senate,51,mail,20,59
LUMPKIN,senate,51,mail,21,78
LUMPKIN,senate,51,mail,22,22
LUMPKIN,senate,51,mail,24,19
LUMPKIN,senate,51,mail,25,31
LUMPKIN,senate,51,mail,26,13
LUMPKIN,senate,51,mail,27,2
LUMPKIN,senate,51,mail,29,2
LUMPKIN,senate,51,mail,35,1
LUMPKIN,senate,51,mail,36,3
LUMPKIN,senate,51,mail,42,1
MACON,house,150,inperson,4,182
MACON,house,150,inperson,5,171
MACON,house,150,inperson,6,99
MACON,house,150,inperson,7,140
MACON,house,150,inperson,8,143
MACON,house,150,inperson,10,132
MACON,house,150,inperson,11,223
MACON,house,150,inperson,12,161
MACON,house,150,inperson,13,172
MACON,house,150,inperson,14,210
MACON,house,150,inperson,15,230
MACON,house,150,inperson,17,181
MACON,house,150,inperson,18,232
MACON,house,150,inperson,19,233
MACON,house,150,inperson,20,280
MACON,house,150,inperson,21,277
MACON,house,150,mail,0,12
MACON,house,150,mail,1,11
MACON,house,150,mail,4,7
MACON,house,150,mail,5,8
MACON,house,150,mail,6,12
MACON,house,150,mail,7,8
MACON,house,150,mail,8,13
MACON,house,150,mail,10,4
MACON,house,150,mail,11,17
MACON,house,150,mail,12,16
MACON,house,150,mail,13,7
MACON,house,150,mail,14,19
MACON,house,150,mail,15,26
MACON,house,150,mail,17,1
MACON,house,150,mail,18,20
MACON,house,150,mail,19,29
MACON,house,150,mail,20,8
MACON,house,150,mail,21,10
MACON,senate,15,inperson,4,182
MACON,senate,15,inperson,5,171
MACON,senate,15,inperson,6,99
MACON,senate,15,inperson,7,140
MACON,senate,15,inperson,8,143
MACON,senate,15,inperson,10,132
MACON,senate,15,inperson,11,223
MACON,senate,15,inperson,12,161
MACON,senate,15,inperson,13,172
MACON,senate,15,inperson,14,210
MACON,senate,15,inperson,15,230
MACON,senate,15,inperson,17,181
MACON,senate,15,inperson,18,232
MACON,senate,15,inperson,19,233
MACON,senate,15,inperson,20,280
MACON,senate,15,inperson,21,277
MACON,senate,15,mail,0,12
MACON,senate,15,mail,1,11
MACON,senate,15,mail,4,7
MACON,senate,15,mail,5,8
MACON,senate,15,mail,6,12
MACON,senate,15,mail,7,8
MACON,senate,15,mail,8,13
MACON,senate,15,mail,10,4
MACON,senate,15,mail,11,17
MACON,senate,15,mail,12,16
MACON,senate,15,mail,13,7
MACON,senate,15,mail,14,19
MACON,senate,15,mail,15,26
MACON,senate,15,mail,17,1
MACON,senate,15,mail,18,20
MACON,senate,15,mail,19,29
MACON,senate,15,mail,20,8
MACON,senate,15,mail,21,10
MADISON,house,123,inperson,4,591
MADISON,house,123,inperson,5,369
MADISON,house,123,inperson,6,354
MADISON,house,123,inperson,7,363
MADISON,house,123,inperson,8,377
MADISON,house,123,inperson,10,365
MADISON,house,123,inperson,11,512
MADISON,house,123,inperson,12,365
MADISON,house,123,inperson,13,369
MADISON,house,123,inperson,14,442
MADISON,house,123,inperson,15,504
MADISON,house,123,inperson,17,347
MADISON,house,123,inperson,18,606
MADISON,house,123,inperson,19,530
MADISON,house,123,inperson,20,525
MADISON,house,123,inperson,21,657
MADISON,house,123,mail,0,11
MADISON,house,123,mail,1,18
MADISON,house,123,mail,4,11
MADISON,house,123,mail,5,21
MADISON,house,123,mail,6,19
MADISON,house,123,mail,7,17
MADISON,house,123,mail,8,19
MADISON,house,123,mail,10,10
MADISON,house,123,mail,11,30
MADISON,house,123,mail,12,24
MADISON,house,123,mail,13,29
MADISON,house,123,mail,14,33
MADISON,house,123,mail,15,53
MADISON,house,123,mail,18,60
MADISON,house,123,mail,19,28
MADISON,house,123,mail,20,25
MADISON,house,123,mail,21,43
MADISON,house,123,mail,22,6
MADISON,house,123,mail,25,11
MADISON,house,123,mail,26,4
MADISON,house,123,mail,27,4
MADISON,house,123,mail,28,2
MADISON,house,123,mail,29,2
MADISON,house,123,mail,33,2
MADISON,house,33,inperson,4,295
MADISON,house,33,inperson,5,209
MADISON,house,33,inperson,6,180
MADISON,house,33,inperson,7,147
MADISON,house,33,inperson,8,195
MADISON,house,33,inperson,10,160
MADISON,house,33,inperson,11,278
MADISON,house,33,inperson,12,223
MADISON,house,33,inperson,13,215
MADISON,house,33,inperson,14,231
MADISON,house,33,inperson,15,244
MADISON,house,33,inperson,17,177
MADISON,house,33,inperson,18,316
MADISON,house,33,inperson,19,235
MADISON,house,33,inperson,20,274
MADISON,house,33,inperson,21,356
MADISON,house,33,mail,0,3
MADISON,house,33,mail,1,13
MADISON,house,33,mail,4,6
MADISON,house,33,mail,5,9
MADISON,house,33,mail,6,10
MADISON,house,33,mail,7,9
MADISON,house,33,mail,8,7
MADISON,house,33,mail,10,6
MADISON,house,33,mail,11,20
MADISON,house,33,mail,12,4
MADISON,house,33,mail,13,10
MADISON,house,33,mail,14,15
MADISON,house,33,mail,15,24
MADISON,house,33,mail,18,23
MADISON,house,33,mail,19,16
MADISON,house,33,mail,20,22
MADISON,house,33,mail,21,22
MADISON,house,33,mail,22,5
MADISON,house,33,mail,25,6
MADISON,house,33,mail,26,3
MADISON,house,33,mail,27,3
MADISON,house,33,mail,28,2
MADISON,senate,47,inperson,4,886
MADISON,senate,47,inperson,5,578
MADISON,senate,47,inperson,6,534
MADISON,senate,47,inperson,7,510
MADISON,senate,47,inperson,8,572
MADISON,senate,47,inperson,10,525
MADISON,senate,47,inperson,11,790
MADISON,senate,47,inperson,12,588
MADISON,senate,47,inperson,13,584
MADISON,senate,47,inperson,14,673
MADISON,senate,47,inperson,15,748
MADISON,senate,47,inperson,17,524
MADISON,senate,47,inperson,18,922
MADISON,senate,47,inperson,19,765
MADISON,senate,47,inperson,20,799
MADISON,senate,47,inperson,21,1013
MADISON,senate,47,mail,0,14
MADISON,senate,47,mail,1,31
MADISON,senate,47,mail,4,17
MADISON,senate,47,mail,5,30
MADISON,senate,47,mail,6,29
MADISON,senate,47,mail,7,26
MADISON,senate,47,mail,8,26
MADISON,senate,47,mail,10,16
MADISON,senate,47,mail,11,50
MADISON,senate,47,mail,12,28
MADISON,senate,47,mail,13,39
MADISON,senate,47,mail,14,48
MADISON,senate,47,mail,15,77
MADISON,senate,47,mail,18,83
MADISON,senate,47,mail,19,44
MADISON,senate,47,mail,20,47
MADISON,senate,47,mail,21,65
MADISON,senate,47,mail,22,11
MADISON,senate,47,mail,25,17
MADISON,senate,47,mail,26,7
MADISON,senate,47,mail,27,7
MADISON,senate,47,mail,28,4
MADISON,senate,47,mail,29,2
MADISON,senate,47,mail,33,2
MARION,house,151,inperson,4,201
MARION,house,151,inperson,5,89
MARION,house,151,inperson,6,121
MARION,house,151,inperson,7,117
MARION,house,151,inperson,8,130
MARION,house,151,inperson,10,102
MARION,house,151,inperson,11,135
MARION,house,151,inperson,12,91
MARION,house,151,inperson,13,121
MARION,house,151,inperson,14,166
MARION,house,151,inperson,15,148
MARION,house,151,inperson,17,62
MARION,house,151,inperson,18,186
MARION,house,151,inperson,19,163
MARION,house,151,inperson,20,178
MARION,house,151,inperson,21,209
MARION,house,151,mail,0,10
MARION,house,151,mail,1,14
MARION,house,151,mail,4,8
MARION,house,151,mail,5,13
MARION,house,151,mail,6,8
MARION,house,151,mail,7,1
MARION,house,151,mail,8,19
MARION,house,151,mail,10,6
MARION,house,151,mail,11,21
MARION,house,151,mail,13,11
MARION,house,151,mail,14,15
MARION,house,151,mail,15,12
MARION,house,151,mail,18,10
MARION,house,151,mail,19,13
MARION,house,151,mail,20,17
MARION,house,151,mail,21,24
MARION,house,151,mail,22,13
MARION,house,151,mail,25,1
MARION,house,151,mail,26,2
MARION,senate,15,inperson,4,201
MARION,senate,15,inperson,5,89
MARION,senate,15,inperson,6,121
MARION,senate,15,inperson,7,117
MARION,senate,15,inperson,8,130
MARION,senate,15,inperson,10,102
MARION,senate,15,inperson,11,135
MARION,senate,15,inperson,12,91
MARION,senate,15,inperson,13,121
MARION,senate,15,inperson,14,166
MARION,senate,15,inperson,15,148
MARION,senate,15,inperson,17,62
MARION,senate,15,inperson,18,186
MARION,senate,15,inperson,19,163
MARION,senate,15,inperson,20,178
MARION,senate,15,inperson,21,209
MARION,senate,15,mail,0,10
MARION,senate,15,mail,1,14
MARION,senate,15,mail,4,8
MARION,senate,15,mail,5,13
MARION,senate,15,mail,6,8
MARION,senate,15,mail,7,1
MARION,senate,15,mail,8,19
MARION,senate,15,mail,10,6
MARION,senate,15,mail,11,21
MARION,senate,15,mail,13,11
MARION,senate,15,mail,14,15
MARION,senate,15,mail,15,12
MARION,senate,15,mail,18,10
MARION,senate,15,mail,19,13
MARION,senate,15,mail,20,17
MARION,senate,15,mail,21,24
MARION,senate,15,mail,22,13
MARION,senate,15,mail,25,1
MARION,senate,15,mail,26,2
MCDUFFIE,house,125,inperson,4,169
MCDUFFIE,house,125,inperson,5,93
MCDUFFIE,house,125,inperson,6,155
MCDUFFIE,house,125,inperson,7,82
MCDUFFIE,house,125,inperson,8,132
MCDUFFIE,house,125,inperson,10,92
MCDUFFIE,house,125,inperson,11,142
MCDUFFIE,house,125,inperson,12,88
MCDUFFIE,house,125,inperson,13,119
MCDUFFIE,house,125,inperson,14,153
MCDUFFIE,house,125,inperson,15,160
MCDUFFIE,house,125,inperson,17,91
MCDUFFIE,house,125,inperson,18,149
MCDUFFIE,house,125,inperson,19,131
MCDUFFIE,house,125,inperson,20,152
MCDUFFIE,house,125,inperson,21,172
MCDUFFIE,house,125,mail,1,4
MCDUFFIE,house,125,mail,4,3
MCDUFFIE,house,125,mail,5,4
MCDUFFIE,house,125,mail,6,6
MCDUFFIE,house,125,mail,7,2
MCDUFFIE,house,125,mail,8,4
MCDUFFIE,house,125,mail,10,3
MCDUFFIE,house,125,mail,11,8
MCDUFFIE,house,125,mail,12,11
MCDUFFIE,house,125,mail,13,13
MCDUFFIE,house,125,mail,14,5
MCDUFFIE,house,125,mail,15,8
MCDUFFIE,house,125,mail,18,7
MCDUFFIE,house,125,mail,19,9
MCDUFFIE,house,125,mail,20,6
MCDUFFIE,house,125,mail,21,4
MCDUFFIE,house,125,mail,22,3
MCDUFFIE,house,125,mail,25,2
MCDUFFIE,house,128,inperson,4,473
MCDUFFIE,house,128,inperson,5,289
MCDUFFIE,house,128,inperson,6,361
MCDUFFIE,house,128,inperson,7,261
MCDUFFIE,house,128,inperson,8,320
MCDUFFIE,house,128,inperson,10,216
MCDUFFIE,house,128,inperson,11,387
MCDUFFIE,house,128,inperson,12,323
MCDUFFIE,house,128,inperson,13,327
MCDUFFIE,house,128,inperson,14,358
MCDUFFIE,house,128,inperson,15,417
MCDUFFIE,house,128,inperson,17,237
MCDUFFIE,house,128,inperson,18,466
MCDUFFIE,house,128,inperson,19,374
MCDUFFIE,house,128,inperson,20,395
MCDUFFIE,house,128,inperson,21,441
MCDUFFIE,house,128,mail,0,7
MCDUFFIE,house,128,mail,1,22
MCDUFFIE,house,128,mail,4,19
MCDUFFIE,house,128,mail,5,12
MCDUFFIE,house,128,mail,6,20
MCDUFFIE,house,128,mail,7,17
MCDUFFIE,house,128,mail,8,32
MCDUFFIE,house,128,mail,9,1
MCDUFFIE,house,128,mail,10,9
MCDUFFIE,house,128,mail,11,31
MCDUFFIE,house,128,mail,12,36
MCDUFFIE,house,128,mail,13,43
MCDUFFIE,house,128,mail,14,24
MCDUFFIE,house,128,mail,15,81
MCDUFFIE,house,128,mail,18,68
MCDUFFIE,house,128,mail,19,52
MCDUFFIE,house,128,mail,20,41
MCDUFFIE,house,128,mail,21,51
MCDUFFIE,house,128,mail,22,12
MCDUFFIE,house,128,mail,25,6
MCDUFFIE,senate,23,inperson,4,642
MCDUFFIE,senate,23,inperson,5,382
MCDUFFIE,senate,23,inperson,6,516
MCDUFFIE,senate,23,inperson,7,343
MCDUFFIE,senate,23,inperson,8,452
MCDUFFIE,senate,23,inperson,10,308
MCDUFFIE,senate,23,inperson,11,529
MCDUFFIE,senate,23,inperson,12,411
MCDUFFIE,senate,23,inperson,13,446
MCDUFFIE,senate,23,inperson,14,511
MCDUFFIE,senate,23,inperson,15,577
MCDUFFIE,senate,23,inperson,17,328
MCDUFFIE,senate,23,inperson,18,615
MCDUFFIE,senate,23,inperson,19,505
MCDUFFIE,senate,23,inperson,20,547
MCDUFFIE,senate,23,inperson,21,613
MCDUFFIE,senate,23,mail,0,7
MCDUFFIE,senate,23,mail,1,26
MCDUFFIE,senate,23,mail,4,22
MCDUFFIE,senate,23,mail,5,16
MCDUFFIE,senate,23,mail,6,26
MCDUFFIE,senate,23,mail,7,19
MCDUFFIE,senate,23,mail,8,36
MCDUFFIE,senate,23,mail,9,1
MCDUFFIE,senate,23,mail,10,12
MCDUFFIE,senate,23,mail,11,39
MCDUFFIE,senate,23,mail,12,47
MCDUFFIE,senate,23,mail,13,56
MCDUFFIE,senate,23,mail,14,29
MCDUFFIE,senate,23,mail,15,89
MCDUFFIE,senate,23,mail,18,75
MCDUFFIE,senate,23,mail,19,61
MCDUFFIE,senate,23,mail,20,47
MCDUFFIE,senate,23,mail,21,55
MCDUFFIE,senate,23,mail,22,15
MCDUFFIE,senate,23,mail,25,8
MCINTOSH,house,167,inperson,4,347
MCINTOSH,house,167,inperson,5,208
MCINTOSH,house,167,inperson,6,199
MCINTOSH,house,167,inperson,7,247
MCINTOSH,house,167,inperson,8,271
MCINTOSH,house,167,inperson,10,234
MCINTOSH,house,167,inperson,11,350
MCINTOSH,house,167,inperson,12,272
MCINTOSH,house,167,inperson,13,290
MCINTOSH,house,167,inperson,14,370
MCINTOSH,house,167,inperson,15,373
MCINTOSH,house,167,inperson,17,222
MCINTOSH,house,167,inperson,18,443
MCINTOSH,house,167,inperson,19,440
MCINTOSH,house,167,inperson,20,532
MCINTOSH,house,167,inperson,21,495
MCINTOSH,house,167,mail,0,12
MCINTOSH,house,167,mail,1,16
MCINTOSH,house,167,mail,3,16
MCINTOSH,house,167,mail,4,24
MCINTOSH,house,167,mail,5,13
MCINTOSH,house,167,mail,6,5
MCINTOSH,house,167,mail,7,20
MCINTOSH,house,167,mail,8,29
MCINTOSH,house,167,mail,10,9
MCINTOSH,house,167,mail,11,25
MCINTOSH,house,167,mail,12,30
MCINTOSH,house,167,mail,13,25
MCINTOSH,house,167,mail,14,35
MCINTOSH,house,167,mail,15,41
MCINTOSH,house,167,mail,17,28
MCINTOSH,house,167,mail,18,72
MCINTOSH,house,167,mail,19,25
MCINTOSH,house,167,mail,21,12
MCINTOSH,house,167,mail,22,13
MCINTOSH,house,167,mail,25,26
MCINTOSH,senate,3,inperson,4,347
MCINTOSH,senate,3,inperson,5,208
MCINTOSH,senate,3,inperson,6,199
MCINTOSH,senate,3,inperson,7,247
MCINTOSH,senate,3,inperson,8,271
MCINTOSH,senate,3,inperson,10,234
MCINTOSH,senate,3,inperson,11,350
MCINTOSH,senate,3,inperson,12,272
MCINTOSH,senate,3,inperson,13,290
MCINTOSH,senate,3,inperson,14,370
MCINTOSH,senate,3,inperson,15,373
MCINTOSH,senate,3,inperson,17,222
MCINTOSH,senate,3,inperson,18,443
MCINTOSH,senate,3,inperson,19,440
MCINTOSH,senate,3,inperson,20,532
MCINTOSH,senate,3,inperson,21,495
MCINTOSH,senate,3,mail,0,12
MCINTOSH,senate,3,mail,1,16
MCINTOSH,senate,3,mail,3,16
MCINTOSH,senate,3,mail,4,24
MCINTOSH,senate,3,mail,5,13
MCINTOSH,senate,3,mail,6,5
MCINTOSH,senate,3,mail,7,20
MCINTOSH,senate,3,mail,8,29
MCINTOSH,senate,3,mail,10,9
MCINTOSH,senate,3,mail,11,25
MCINTOSH,senate,3,mail,12,30
MCINTOSH,senate,3,mail,13,25
MCINTOSH,senate,3,mail,14,35
MCINTOSH,senate,3,mail,15,41
MCINTOSH,senate,3,mail,17,28
MCINTOSH,senate,3,mail,18,72
MCINTOSH,senate,3,mail,19,25
MCINTOSH,senate,3,mail,21,12
MCINTOSH,senate,3,mail,22,13
MCINTOSH,senate,3,mail,25,26
MERIWETHER,house,136,inperson,4,395
MERIWETHER,house,136,inperson,5,205
MERIWETHER,house,136,inperson,6,214
MERIWETHER,house,136,inperson,7,250
MERIWETHER,house,136,inperson,8,293
MERIWETHER,house,136,inperson,10,244
MERIWETHER,house,136,inperson,11,332
MERIWETHER,house,136,inperson,12,246
MERIWETHER,house,136,inperson,13,244
MERIWETHER,house,136,inperson,14,303
MERIWETHER,house,136,inperson,15,311
MERIWETHER,house,136,inperson,17,214
MERIWETHER,house,136,inperson,18,404
MERIWETHER,house,136,inperson,19,333
MERIWETHER,house,136,inperson,20,379
MERIWETHER,house,136,inperson,21,462
MERIWETHER,house,136,mail,0,12
MERIWETHER,house,136,mail,1,12
MERIWETHER,house,136,mail,4,16
MERIWETHER,house,136,mail,5,13
MERIWETHER,house,136,mail,6,7
MERIWETHER,house,136,mail,7,14
MERIWETHER,house,136,mail,8,23
MERIWETHER,house,136,mail,10,5
MERIWETHER,house,136,mail,11,14
MERIWETHER,house,136,mail,12,11
MERIWETHER,house,136,mail,13,16
MERIWETHER,house,136,mail,14,17
MERIWETHER,house,136,mail,15,25
MERIWETHER,house,136,mail,17,16
MERIWETHER,house,136,mail,18,17
MERIWETHER,house,136,mail,19,34
MERIWETHER,house,136,mail,20,20
MERIWETHER,house,136,mail,21,45
MERIWETHER,house,136,mail,22,26
MERIWETHER,house,136,mail,25,23
MERIWETHER,house,136,mail,26,13
MERIWETHER,house,136,mail,27,9
MERIWETHER,house,136,mail,28,2
MERIWETHER,house,137,inperson,4,131
MERIWETHER,house,137,inperson,5,78
MERIWETHER,house,137,inperson,6,110
MERIWETHER,house,137,inperson,7,90
MERIWETHER,house,137,inperson,8,129
MERIWETHER,house,137,inperson,10,79
MERIWETHER,house,137,inperson,11,104
MERIWETHER,house,137,inperson,12,109
MERIWETHER,house,137,inperson,13,104
MERIWETHER,house,137,inperson,14,137
MERIWETHER,house,137,inperson,15,98
MERIWETHER,house,137,inperson,17,61
MERIWETHER,house,137,inperson,18,159
MERIWETHER,house,137,inperson,19,138
MERIWETHER,house,137,inperson,20,117
MERIWETHER,house,137,inperson,21,174
MERIWETHER,house,137,mail,0,4
MERIWETHER,house,137,mail,1,9
MERIWETHER,house,137,mail,4,6
MERIWETHER,house,137,mail,5,6
MERIWETHER,house,137,mail,6,10
MERIWETHER,house,137,mail,7,4
MERIWETHER,house,137,mail,8,6
MERIWETHER,house,137,mail,10,2
MERIWETHER,house,137,mail,11,12
MERIWETHER,house,137,mail,13,10
MERIWETHER,house,137,mail,14,8
MERIWETHER,house,137,mail,15,12
MERIWETHER,house,137,mail,17,25
MERIWETHER,house,137,mail,18,7
MERIWETHER,house,137,mail,19,11
MERIWETHER,house,137,mail,20,10
MERIWETHER,house,137,mail,21,29
MERIWETHER,house,137,mail,22,15
MERIWETHER,house,137,mail,25,4
MERIWETHER,house,137,mail,26,3
MERIWETHER,house,137,mail,27,7
MERIWETHER,senate,29,inperson,4,526
MERIWETHER,senate,29,inperson,5,283
MERIWETHER,senate,29,inperson,6,324
MERIWETHER,senate,29,inperson,7,340
MERIWETHER,senate,29,inperson,8,422
MERIWETHER,senate,29,inperson,10,323
MERIWETHER,senate,29,inperson,11,436
MERIWETHER,senate,29,inperson,12,355
MERIWETHER,senate,29,inperson,13,348
MERIWETHER,senate,29,inperson,14,440
MERIWETHER,senate,29,inperson,15,409
MERIWETHER,senate,29,inperson,17,275
MERIWETHER,senate,29,inperson,18,563
MERIWETHER,senate,29,inperson,19,471
MERIWETHER,senate,29,inperson,20,496
MERIWETHER,senate,29,inperson,21,636
MERIWETHER,senate,29,mail,0,16
MERIWETHER,senate,29,mail,1,21
MERIWETHER,senate,29,mail,4,22
MERIWETHER,senate,29,mail,5,19
MERIWETHER,senate,29,mail,6,17
MERIWETHER,senate,29,mail,7,18
MERIWETHER,senate,29,mail,8,29
MERIWETHER,senate,29,mail,10,7
MERIWETHER,senate,29,mail,11,26
MERIWETHER,senate,29,mail,12,11
MERIWETHER,senate,29,mail,13,26
MERIWETHER,senate,29,mail,14,25
MERIWETHER,senate,29,mail,15,37
MERIWETHER,senate,29,mail,17,41
MERIWETHER,senate,29,mail,18,24
MERIWETHER,senate,29,mail,19,45
MERIWETHER,senate,29,mail,20,30
MERIWETHER,senate,29,mail,21,74
MERIWETHER,senate,29,mail,22,41
MERIWETHER,senate,29,mail,25,27
MERIWETHER,senate,29,mail,26,16
MERIWETHER,senate,29,mail,27,16
MERIWETHER,senate,29,mail,28,2
MILLER,house,154,inperson,4,135
MILLER,house,154,inperson,5,74
MILLER,house,154,inperson,6,90
MILLER,house,154,inperson,7,106
MILLER,house,154,inperson,8,105
MILLER,house,154,inperson,10,44
MILLER,house,154,inperson,11,128
MILLER,house,154,inperson,12,121
MILLER,house,154,inperson,13,119
MILLER,house,154,inperson,14,104
MILLER,house,154,inperson,15,112
MILLER,house,154,inperson,17,28
MILLER,house,154,inperson,18,149
MILLER,house,154,inperson,19,119
MILLER,house,154,inperson,20,176
MILLER,house,154,inperson,21,179
MILLER,house,154,mail,0,5
MILLER,house,154,mail,1,6
MILLER,house,154,mail,4,1
MILLER,house,154,mail,5,3
MILLER,house,154,mail,6,1
MILLER,house,154,mail,7,12
MILLER,house,154,mail,8,9
MILLER,house,154,mail,10,1
MILLER,house,154,mail,11,8
MILLER,house,154,mail,12,6
MILLER,house,154,mail,13,11
MILLER,house,154,mail,14,9
MILLER,house,154,mail,15,10
MILLER,house,154,mail,18,10
MILLER,house,154,mail,19,6
MILLER,house,154,mail,20,5
MILLER,house,154,mail,21,3
MILLER,house,154,mail,22,3
MILLER,house,154,mail,25,1
MILLER,house,154,mail,26,1
MILLER,house,154,mail,27,3
MILLER,house,154,mail,28,17
MILLER,house,154,mail,29,5
MILLER,house,154,mail,32,2
MILLER,house,154,mail,33,3
MILLER,house,154,mail,35,2
MILLER,house,154,mail,36,5
MILLER,house,154,mail,41,3
MILLER,house,154,mail,42,1
MILLER,house,154,mail,43,7
MILLER,house,154,mail,46,2
MILLER,house,154,mail,47,2
MILLER,senate,12,inperson,4,135
MILLER,senate,12,inperson,5,74
MILLER,senate,12,inperson,6,90
MILLER,senate,12,inperson,7,106
MILLER,senate,12,inperson,8,105
MILLER,senate,12,inperson,10,44
MILLER,senate,12,inperson,11,128
MILLER,senate,12,inperson,12,121
MILLER,senate,12,inperson,13,119
MILLER,senate,12,inperson,14,104
MILLER,senate,12,inperson,15,112
MILLER,senate,12,inperson,17,28
MILLER,senate,12,inperson,18,149
MILLER,senate,12,inperson,19,119
MILLER,senate,12,inperson,20,176
MILLER,senate,12,inperson,21,179
MILLER,senate,12,mail,0,5
MILLER,senate,12,mail,1,6
MILLER,senate,12,mail,4,1
MILLER,senate,12,mail,5,3
MILLER,senate,12,mail,6,1
MILLER,senate,12,mail,7,12
MILLER,senate,12,mail,8,9
MILLER,senate,12,mail,10,1
MILLER,senate,12,mail,11,8
MILLER,senate,12,mail,12,6
MILLER,senate,12,mail,13,11
MILLER,senate,12,mail,14,9
MILLER,senate,12,mail,15,10
MILLER,senate,12,mail,18,10
MILLER,senate,12,mail,19,6
MILLER,senate,12,mail,20,5
MILLER,senate,12,mail,21,3
MILLER,senate,12,mail,22,3
MILLER,senate,12,mail,25,1
MILLER,senate,12,mail,26,1
MILLER,senate,12,mail,27,3
MILLER,senate,12,mail,28,17
MILLER,senate,12,mail,29,5
MILLER,senate,12,mail,32,2
MILLER,senate,12,mail,33,3
MILLER,senate,12,mail,35,2
MILLER,senate,12,mail,36,5
MILLER,senate,12,mail,41,3
MILLER,senate,12,mail,42,1
MILLER,senate,12,mail,43,7
MILLER,senate,12,mail,46,2
MILLER,senate,12,mail,47,2
MITCHELL,house,171,inperson,4,415
MITCHELL,house,171,inperson,5,291
MITCHELL,house,171,inperson,6,258
MITCHELL,house,171,inperson,7,286
MITCHELL,house,171,inperson,8,321
MITCHELL,house,171,inperson,10,177
MITCHELL,house,171,inperson,11,359
MITCHELL,house,171,inperson,12,247
MITCHELL,house,171,inperson,13,290
MITCHELL,house,171,inperson,14,375
MITCHELL,house,171,inperson,15,309
MITCHELL,house,171,inperson,17,178
MITCHELL,house,171,inperson,18,404
MITCHELL,house,171,inperson,19,354
MITCHELL,house,171,inperson,20,453
MITCHELL,house,171,inperson,21,482
MITCHELL,house,171,mail,0,14
MITCHELL,house,171,mail,1,24
MITCHELL,house,171,mail,3,1
MITCHELL,house,171,mail,4,25
MITCHELL,house,171,mail,5,16
MITCHELL,house,171,mail,6,23
MITCHELL,house,171,mail,7,11
MITCHELL,house,171,mail,8,37
MITCHELL,house,171,mail,10,19
MITCHELL,house,171,mail,11,26
MITCHELL,house,171,mail,12,30
MITCHELL,house,171,mail,13,40
MITCHELL,house,171,mail,14,39
MITCHELL,house,171,mail,15,34
MITCHELL,house,171,mail,17,19
MITCHELL,house,171,mail,18,84
MITCHELL,house,171,mail,19,31
MITCHELL,house,171,mail,20,28
MITCHELL,house,171,mail,21,82
MITCHELL,house,171,mail,22,44
MITCHELL,house,171,mail,25,11
MITCHELL,house,171,mail,26,7
MITCHELL,house,171,mail,27,2
MITCHELL,senate,12,inperson,4,415
MITCHELL,senate,12,inperson,5,291
MITCHELL,senate,12,inperson,6,258
MITCHELL,senate,12,inperson,7,286
MITCHELL,senate,12,inperson,8,321
MITCHELL,senate,12,inperson,10,177
MITCHELL,senate,12,inperson,11,359
MITCHELL,senate,12,inperson,12,247
MITCHELL,senate,12,inperson,13,290
MITCHELL,senate,12,inperson,14,375
MITCHELL,senate,12,inperson,15,309
MITCHELL,senate,12,inperson,17,178
MITCHELL,senate,12,inperson,18,404
MITCHELL,senate,12,inperson,19,354
MITCHELL,senate,12,inperson,20,453
MITCHELL,senate,12,inperson,21,482
MITCHELL,senate,12,mail,0,14
MITCHELL,senate,12,mail,1,24
MITCHELL,senate,12,mail,3,1
MITCHELL,senate,12,mail,4,25
MITCHELL,senate,12,mail,5,16
MITCHELL,senate,12,mail,6,23
MITCHELL,senate,12,mail,7,11
MITCHELL,senate,12,mail,8,37
MITCHELL,senate,12,mail,10,19
MITCHELL,senate,12,mail,11,26
MITCHELL,senate,12,mail,12,30
MITCHELL,senate,12,mail,13,40
MITCHELL,senate,12,mail,14,39
MITCHELL,senate,12,mail,15,34
MITCHELL,senate,12,mail,17,19
MITCHELL,senate,12,mail,18,84
MITCHELL,senate,12,mail,19,31
MITCHELL,senate,12,mail,20,28
MITCHELL,senate,12,mail,21,82
MITCHELL,senate,12,mail,22,44
MITCHELL,senate,12,mail,25,11
MITCHELL,senate,12,mail,26,7
MITCHELL,senate,12,mail,27,2
MONROE,house,118,inperson,4,336
MONROE,house,118,inperson,5,221
MONROE,house,118,inperson,6,202
MONROE,house,118,inperson,7,249
MONROE,house,118,inperson,8,261
MONROE,house,118,inperson,10,257
MONROE,house,118,inperson,11,379
MONROE,house,118,inperson,12,252
MONROE,house,118,inperson,13,282
MONROE,house,118,inperson,14,292
MONROE,house,118,inperson,15,356
MONROE,house,118,inperson,17,255
MONROE,house,118,inperson,18,518
MONROE,house,118,inperson,19,365
MONROE,house,118,inperson,20,420
MONROE,house,118,inperson,21,474
MONROE,house,118,mail,0,11
MONROE,house,118,mail,1,6
MONROE,house,118,mail,3,7
MONROE,house,118,mail,4,6
MONROE,house,118,mail,5,16
MONROE,house,118,mail,6,6
MONROE,house,118,mail,7,6
MONROE,house,118,mail,8,6
MONROE,house,118,mail,10,4
MONROE,house,118,mail,11,9
MONROE,house,118,mail,12,42
MONROE,house,118,mail,13,6
MONROE,house,118,mail,14,5
MONROE,house,118,mail,15,7
MONROE,house,118,mail,17,12
MONROE,house,118,mail,18,2
MONROE,house,118,mail,19,4
MONROE,house,118,mail,20,9
MONROE,house,118,mail,21,5
MONROE,house,118,mail,22,1
MONROE,house,118,mail,25,1
MONROE,house,118,mail,26,6
MONROE,house,118,mail,378,1
MONROE,house,144,inperson,4,87
MONROE,house,144,inperson,5,50
MONROE,house,144,inperson,6,55
MONROE,house,144,inperson,7,58
MONROE,house,144,inperson,8,85
MONROE,house,144,inperson,10,75
MONROE,house,144,inperson,11,91
MONROE,house,144,inperson,12,74
MONROE,house,144,inperson,13,84
MONROE,house,144,inperson,14,83
MONROE,house,144,inperson,15,117
MONROE,house,144,inperson,17,86
MONROE,house,144,inperson,18,159
MONROE,house,144,inperson,19,110
MONROE,house,144,inperson,20,146
MONROE,house,144,inperson,21,135
MONROE,house,144,mail,0,5
MONROE,house,144,mail,3,3
MONROE,house,144,mail,4,5
MONROE,house,144,mail,5,4
MONROE,house,144,mail,6,6
MONROE,house,144,mail,7,4
MONROE,house,144,mail,8,3
MONROE,house,144,mail,10,4
MONROE,house,144,mail,11,4
MONROE,house,144,mail,12,20
MONROE,house,144,mail,13,2
MONROE,house,144,mail,14,2
MONROE,house,144,mail,15,6
MONROE,house,144,mail,17,2
MONROE,house,144,mail,19,8
MONROE,house,144,mail,20,11
MONROE,house,144,mail,21,1
MONROE,house,145,inperson,4,391
MONROE,house,145,inperson,5,268
MONROE,house,145,inperson,6,239
MONROE,house,145,inperson,7,257
MONROE,house,145,inperson,8,276
MONROE,house,145,inperson,10,293
MONROE,house,145,inperson,11,416
MONROE,house,145,inperson,12,295
MONROE,house,145,inperson,13,334
MONROE,house,145,inperson,14,353
MONROE,house,145,inperson,15,367
MONROE,house,145,inperson,17,325
MONROE,house,145,inperson,18,533
MONROE,house,145,inperson,19,423
MONROE,house,145,inperson,20,503
MONROE,house,145,inperson,21,686
MONROE,house,145,mail,0,25
MONROE,house,145,mail,1,10
MONROE,house,145,mail,3,8
MONROE,house,145,mail,4,13
MONROE,house,145,mail,5,19
MONROE,house,145,mail,6,18
MONROE,house,145,mail,7,22
MONROE,house,145,mail,8,17
MONROE,house,145,mail,10,7
MONROE,house,145,mail,11,15
MONROE,house,145,mail,12,81
MONROE,house,145,mail,13,16
MONROE,house,145,mail,14,23
MONROE,house,145,mail,15,19
MONROE,house,145,mail,17,28
MONROE,house,145,mail,18,14
MONROE,house,145,mail,19,12
MONROE,house,145,mail,20,42
MONROE,house,145,mail,21,14
MONROE,house,145,mail,26,9
MONROE,house,145,mail,32,1
MONROE,house,145,mail,40,1
MONROE,senate,18,inperson,4,814
MONROE,senate,18,inperson,5,539
MONROE,senate,18,inperson,6,496
MONROE,senate,18,inperson,7,564
MONROE,senate,18,inperson,8,622
MONROE,senate,18,inperson,10,625
MONROE,senate,18,inperson,11,886
MONROE,senate,18,inperson,12,621
MONROE,senate,18,inperson,13,700
MONROE,senate,18,inperson,14,728
MONROE,senate,18,inperson,15,840
MONROE,senate,18,inperson,17,666
MONROE,senate,18,inperson,18,1210
MONROE,senate,18,inperson,19,898
MONROE,senate,18,inperson,20,1069
MONROE,senate,18,inperson,21,1295
MONROE,senate,18,mail,0,41
MONROE,senate,18,mail,1,16
MONROE,senate,18,mail,3,18
MONROE,senate,18,mail,4,24
MONROE,senate,18,mail,5,39
MONROE,senate,18,mail,6,30
MONROE,senate,18,mail,7,32
MONROE,senate,18,mail,8,26
MONROE,senate,18,mail,10,15
MONROE,senate,18,mail,11,28
MONROE,senate,18,mail,12,143
MONROE,senate,18,mail,13,24
MONROE,senate,18,mail,14,30
MONROE,senate,18,mail,15,32
MONROE,senate,18,mail,17,42
MONROE,senate,18,mail,18,16
MONROE,senate,18,mail,19,24
MONROE,senate,18,mail,20,62
MONROE,senate,18,mail,21,20
MONROE,senate,18,mail,22,1
MONROE,senate,18,mail,25,1
MONROE,senate,18,mail,26,15
MONROE,senate,18,mail,32,1
MONROE,senate,18,mail,40,1
MONROE,senate,18,mail,378,1
MONTGOMERY,house,156,inperson,4,294
MONTGOMERY,house,156,inperson,5,159
MONTGOMERY,house,156,inperson,6,153
MONTGOMERY,house,156,inperson,7,143
MONTGOMERY,house,156,inperson,8,126
MONTGOMERY,house,156,inperson,10,132
MONTGOMERY,house,156,inperson,11,230
MONTGOMERY,house,156,inperson,12,107
MONTGOMERY,house,156,inperson,13,131
MONTGOMERY,house,156,inperson,14,125
MONTGOMERY,house,156,inperson,15,122
MONTGOMERY,house,156,inperson,17,58
MONTGOMERY,house,156,inperson,18,213
MONTGOMERY,house,156,inperson,19,118
MONTGOMERY,house,156,inperson,20,113
MONTGOMERY,house,156,inperson,21,143
MONTGOMERY,house,156,mail,0,16
MONTGOMERY,house,156,mail,1,13
MONTGOMERY,house,156,mail,4,10
MONTGOMERY,house,156,mail,5,13
MONTGOMERY,house,156,mail,6,11
MONTGOMERY,house,156,mail,7,9
MONTGOMERY,house,156,mail,8,12
MONTGOMERY,house,156,mail,10,1
MONTGOMERY,house,156,mail,11,5
MONTGOMERY,house,156,mail,12,16
MONTGOMERY,house,156,mail,13,8
MONTGOMERY,house,156,mail,14,17
MONTGOMERY,house,156,mail,15,15
MONTGOMERY,house,156,mail,17,6
MONTGOMERY,house,156,mail,18,15
MONTGOMERY,house,156,mail,19,4
MONTGOMERY,house,156,mail,20,11
MONTGOMERY,house,156,mail,21,4
MONTGOMERY,house,156,mail,22,1
MONTGOMERY,house,156,mail,25,2
MONTGOMERY,senate,19,inperson,4,294
MONTGOMERY,senate,19,inperson,5,159
MONTGOMERY,senate,19,inperson,6,153
MONTGOMERY,senate,19,inperson,7,143
MONTGOMERY,senate,19,inperson,8,126
MONTGOMERY,senate,19,inperson,10,132
MONTGOMERY,senate,19,inperson,11,230
MONTGOMERY,senate,19,inperson,12,107
MONTGOMERY,senate,19,inperson,13,131
MONTGOMERY,senate,19,inperson,14,125
MONTGOMERY,senate,19,inperson,15,122
MONTGOMERY,senate,19,inperson,17,58
MONTGOMERY,senate,19,inperson,18,213
MONTGOMERY,senate,19,inperson,19,118
MONTGOMERY,senate,19,inperson,20,113
MONTGOMERY,senate,19,inperson,21,143
MONTGOMERY,senate,19,mail,0,16
MONTGOMERY,senate,19,mail,1,13
MONTGOMERY,senate,19,mail,4,10
MONTGOMERY,senate,19,mail,5,13
MONTGOMERY,senate,19,mail,6,11
MONTGOMERY,senate,19,mail,7,9
MONTGOMERY,senate,19,mail,8,12
MONTGOMERY,senate,19,mail,10,1
MONTGOMERY,senate,19,mail,11,5
MONTGOMERY,senate,19,mail,12,16
MONTGOMERY,senate,19,mail,13,8
MONTGOMERY,senate,19,mail,14,17
MONTGOMERY,senate,19,mail,15,15
MONTGOMERY,senate,19,mail,17,6
MONTGOMERY,senate,19,mail,18,15
MONTGOMERY,senate,19,mail,19,4
MONTGOMERY,senate,19,mail,20,11
MONTGOMERY,senate,19,mail,21,4
MONTGOMERY,senate,19,mail,22,1
MONTGOMERY,senate,19,mail,25,2
MORGAN,house,114,inperson,4,652
MORGAN,house,114,inperson,5,440
MORGAN,house,114,inperson,6,433
MORGAN,house,114,inperson,7,431
MORGAN,house,114,inperson,8,475
MORGAN,house,114,inperson,10,431
MORGAN,house,114,inperson,11,640
MORGAN,house,114,inperson,12,540
MORGAN,house,114,inperson,13,495
MORGAN,house,114,inperson,14,675
MORGAN,house,114,inperson,15,677
MORGAN,house,114,inperson,17,378
MORGAN,house,114,inperson,18,816
MORGAN,house,114,inperson,19,762
MORGAN,house,114,inperson,20,872
MORGAN,house,114,inperson,21,963
MORGAN,house,114,mail,0,11
MORGAN,house,114,mail,1,21
MORGAN,house,114,mail,4,12
MORGAN,house,114,mail,5,11
MORGAN,house,114,mail,6,14
MORGAN,house,114,mail,7,9
MORGAN,house,114,mail,8,35
MORGAN,house,114,mail,10,11
MORGAN,house,114,mail,11,19
MORGAN,house,114,mail,12,21
MORGAN,house,114,mail,13,42
MORGAN,house,114,mail,14,39
MORGAN,house,114,mail,15,13
MORGAN,house,114,mail,17,18
MORGAN,house,114,mail,18,39
MORGAN,house,114,mail,19,65
MORGAN,house,114,mail,20,22
MORGAN,house,114,mail,21,44
MORGAN,house,114,mail,22,19
MORGAN,house,114,mail,25,15
MORGAN,house,114,mail,26,14
MORGAN,house,114,mail,27,2
MORGAN,house,114,mail,28,2
MORGAN,house,114,mail,29,2
MORGAN,house,114,mail,34,3
MORGAN,senate,42,inperson,4,652
MORGAN,senate,42,inperson,5,440
MORGAN,senate,42,inperson,6,433
MORGAN,senate,42,inperson,7,431
MORGAN,senate,42,inperson,8,475
MORGAN,senate,42,inperson,10,431
MORGAN,senate,42,inperson,11,640
MORGAN,senate,42,inperson,12,540
MORGAN,senate,42,inperson,13,495
MORGAN,senate,42,inperson,14,675
MORGAN,senate,42,inperson,15,677
MORGAN,senate,42,inperson,17,378
MORGAN,senate,42,inperson,18,816
MORGAN,senate,42,inperson,19,762
MORGAN,senate,42,inperson,20,872
MORGAN,senate,42,inperson,21,963
MORGAN,senate,42,mail,0,11
MORGAN,senate,42,mail,1,21
MORGAN,senate,42,mail,4,12
MORGAN,senate,42,mail,5,11
MORGAN,senate,42,mail,6,14
MORGAN,senate,42,mail,7,9
MORGAN,senate,42,mail,8,35
MORGAN,senate,42,mail,10,11
MORGAN,senate,42,mail,11,19
MORGAN,senate,42,mail,12,21
MORGAN,senate,42,mail,13,42
MORGAN,senate,42,mail,14,39
MORGAN,senate,42,mail,15,13
MORGAN,senate,42,mail,17,18
MORGAN,senate,42,mail,18,39
MORGAN,senate,42,mail,19,65
MORGAN,senate,42,mail,20,22
MORGAN,senate,42,mail,21,44
MORGAN,senate,42,mail,22,19
MORGAN,senate,42,mail,25,15
MORGAN,senate,42,mail,26,14
MORGAN,senate,42,mail,27,2
MORGAN,senate,42,mail,28,2
MORGAN,senate,42,mail,29,2
MORGAN,senate,42,mail,34,3
MURRAY,house,6,inperson,4,875
MURRAY,house,6,inperson,5,691
MURRAY,house,6,inperson,6,473
MURRAY,house,6,inperson,7,510
MURRAY,house,6,inperson,8,500
MURRAY,house,6,inperson,10,572
MURRAY,house,6,inperson,11,695
MURRAY,house,6,inperson,12,808
MURRAY,house,6,inperson,13,592
MURRAY,house,6,inperson,14,608
MURRAY,house,6,inperson,15,699
MURRAY,house,6,inperson,17,709
MURRAY,house,6,inperson,18,953
MURRAY,house,6,inperson,19,1130
MURRAY,house,6,inperson,20,952
MURRAY,house,6,inperson,21,1252
MURRAY,house,6,mail,0,13
MURRAY,house,6,mail,1,17
MURRAY,house,6,mail,3,7
MURRAY,house,6,mail,4,11
MURRAY,house,6,mail,5,12
MURRAY,house,6,mail,6,15
MURRAY,house,6,mail,7,8
MURRAY,house,6,mail,8,35
MURRAY,house,6,mail,10,10
MURRAY,house,6,mail,11,18
MURRAY,house,6,mail,12,18
MURRAY,house,6,mail,13,22
MURRAY,house,6,mail,14,18
MURRAY,house,6,mail,15,27
MURRAY,house,6,mail,17,26
MURRAY,house,6,mail,18,21
MURRAY,house,6,mail,19,27
MURRAY,house,6,mail,20,18
MURRAY,house,6,mail,21,29
MURRAY,house,6,mail,22,3
MURRAY,house,6,mail,24,15
MURRAY,house,6,mail,25,20
MURRAY,house,6,mail,26,20
MURRAY,house,6,mail,27,7
MURRAY,house,6,mail,28,7
MURRAY,house,6,mail,42,1
MURRAY,senate,54,inperson,4,875
MURRAY,senate,54,inperson,5,691
MURRAY,senate,54,inperson,6,473
MURRAY,senate,54,inperson,7,510
MURRAY,senate,54,inperson,8,500
MURRAY,senate,54,inperson,10,572
MURRAY,senate,54,inperson,11,695
MURRAY,senate,54,inperson,12,808
MURRAY,senate,54,inperson,13,592
MURRAY,senate,54,inperson,14,608
MURRAY,senate,54,inperson,15,699
MURRAY,senate,54,inperson,17,709
MURRAY,senate,54,inperson,18,953
MURRAY,senate,54,inperson,19,1130
MURRAY,senate,54,inperson,20,952
MURRAY,senate,54,inperson,21,1252
MURRAY,senate,54,mail,0,13
MURRAY,senate,54,mail,1,17
MURRAY,senate,54,mail,3,7
MURRAY,senate,54,mail,4,11
MURRAY,senate,54,mail,5,12
MURRAY,senate,54,mail,6,15
MURRAY,senate,54,mail,7,8
MURRAY,senate,54,mail,8,35
MURRAY,senate,54,mail,10,10
MURRAY,senate,54,mail,11,18
MURRAY,senate,54,mail,12,18
MURRAY,senate,54,mail,13,22
MURRAY,senate,54,mail,14,18
MURRAY,senate,54,mail,15,27
MURRAY,senate,54,mail,17,26
MURRAY,senate,54,mail,18,21
MURRAY,senate,54,mail,19,27
MURRAY,senate,54,mail,20,18
MURRAY,senate,54,mail,21,29
MURRAY,senate,54,mail,22,3
MURRAY,senate,54,mail,24,15
MURRAY,senate,54,mail,25,20
MURRAY,senate,54,mail,26,20
MURRAY,senate,54,mail,27,7
MURRAY,senate,54,mail,28,7
MURRAY,senate,54,mail,42,1
MUSCOGEE,house,137,inperson,4,854
MUSCOGEE,house,137,inperson,5,461
MUSCOGEE,house,137,inperson,6,487
MUSCOGEE,house,137,inperson,7,498
MUSCOGEE,house,137,inperson,8,501
MUSCOGEE,house,137,inperson,9,192
MUSCOGEE,house,137,inperson,10,336
MUSCOGEE,house,137,inperson,11,532
MUSCOGEE,house,137,inperson,12,446
MUSCOGEE,house,137,inperson,13,531
MUSCOGEE,house,137,inperson,14,547
MUSCOGEE,house,137,inperson,15,700
MUSCOGEE,house,137,inperson,16,209
MUSCOGEE,house,137,inperson,17,365
MUSCOGEE,house,137,inperson,18,726
MUSCOGEE,house,137,inperson,19,744
MUSCOGEE,house,137,inperson,20,852
MUSCOGEE,house,137,inperson,21,1146
MUSCOGEE,house,137,mail,0,34
MUSCOGEE,house,137,mail,1,52
MUSCOGEE,house,137,mail,4,33
MUSCOGEE,house,137,mail,5,48
MUSCOGEE,house,137,mail,6,27
MUSCOGEE,house,137,mail,7,25
MUSCOGEE,house,137,mail,8,64
MUSCOGEE,house,137,mail,9,4
MUSCOGEE,house,137,mail,10,2
MUSCOGEE,house,137,mail,11,39
MUSCOGEE,house,137,mail,12,50
MUSCOGEE,house,137,mail,13,52
MUSCOGEE,house,137,mail,14,66
MUSCOGEE,house,137,mail,15,106
MUSCOGEE,house,137,mail,16,8
MUSCOGEE,house,137,mail,17,6
MUSCOGEE,house,137,mail,18,61
MUSCOGEE,house,137,mail,19,74
MUSCOGEE,house,137,mail,20,104
MUSCOGEE,house,137,mail,21,151
MUSCOGEE,house,137,mail,25,29
MUSCOGEE,house,137,mail,26,11
MUSCOGEE,house,137,mail,28,3
MUSCOGEE,house,137,mail,32,2
MUSCOGEE,house,137,mail,33,2
MUSCOGEE,house,137,mail,35,2
MUSCOGEE,house,137,mail,39,1
MUSCOGEE,house,137,mail,26693,1
MUSCOGEE,house,138,inperson,4,381
MUSCOGEE,house,138,inperson,5,212
MUSCOGEE,house,138,inperson,6,234
MUSCOGEE,house,138,inperson,7,250
MUSCOGEE,house,138,inperson,8,212
MUSCOGEE,house,138,inperson,9,113
MUSCOGEE,house,138,inperson,10,145
MUSCOGEE,house,138,inperson,11,298
MUSCOGEE,house,138,inperson,12,265
MUSCOGEE,house,138,inperson,13,298
MUSCOGEE,house,138,inperson,14,331
MUSCOGEE,house,138,inperson,15,370
MUSCOGEE,house,138,inperson,16,134
MUSCOGEE,house,138,inperson,17,156
MUSCOGEE,house,138,inperson,18,470
MUSCOGEE,house,138,inperson,19,450
MUSCOGEE,house,138,inperson,20,461
MUSCOGEE,house,138,inperson,21,543
MUSCOGEE,house,138,mail,0,33
MUSCOGEE,house,138,mail,1,45
MUSCOGEE,house,138,mail,4,25
MUSCOGEE,house,138,mail,5,24
MUSCOGEE,house,138,mail,6,12
MUSCOGEE,house,138,mail,7,18
MUSCOGEE,house,138,mail,8,26
MUSCOGEE,house,138,mail,11,30
MUSCOGEE,house,138,mail,12,22
MUSCOGEE,house,138,mail,13,27
MUSCOGEE,house,138,mail,14,29
MUSCOGEE,house,138,mail,15,68
MUSCOGEE,house,138,mail,16,1
MUSCOGEE,house,138,mail,17,2
MUSCOGEE,house,138,mail,18,35
MUSCOGEE,house,138,mail,19,41
MUSCOGEE,house,138,mail,20,33
MUSCOGEE,house,138,mail,21,62
MUSCOGEE,house,138,mail,25,10
MUSCOGEE,house,138,mail,26,9
MUSCOGEE,house,138,mail,27,1
MUSCOGEE,house,138,mail,28,1
MUSCOGEE,house,138,mail,35,2
MUSCOGEE,house,138,mail,39,1
MUSCOGEE,house,139,inperson,4,1179
MUSCOGEE,house,139,inperson,5,745
MUSCOGEE,house,139,inperson,6,722
MUSCOGEE,house,139,inperson,7,791
MUSCOGEE,house,139,inperson,8,800
MUSCOGEE,house,139,inperson,9,276
MUSCOGEE,house,139,inperson,10,472
MUSCOGEE,house,139,inperson,11,929
MUSCOGEE,house,139,inperson,12,760
MUSCOGEE,house,139,inperson,13,811
MUSCOGEE,house,139,inperson,14,877
MUSCOGEE,house,139,inperson,15,934
MUSCOGEE,house,139,inperson,16,347
MUSCOGEE,house,139,inperson,17,462
MUSCOGEE,house,139,inperson,18,1054
MUSCOGEE,house,139,inperson,19,1059
MUSCOGEE,house,139,inperson,20,1156
MUSCOGEE,house,139,inperson,21,1326
MUSCOGEE,house,139,mail,0,69
MUSCOGEE,house,139,mail,1,78
MUSCOGEE,house,139,mail,4,73
MUSCOGEE,house,139,mail,5,43
MUSCOGEE,house,139,mail,6,52
MUSCOGEE,house,139,mail,7,48
MUSCOGEE,house,139,mail,8,106
MUSCOGEE,house,139,mail,9,3
MUSCOGEE,house,139,mail,10,4
MUSCOGEE,house,139,mail,11,60
MUSCOGEE,house,139,mail,12,56
MUSCOGEE,house,139,mail,13,42
MUSCOGEE,house,139,mail,14,69
MUSCOGEE,house,139,mail,15,169
MUSCOGEE,house,139,mail,16,5
MUSCOGEE,house,139,mail,17,9
MUSCOGEE,house,139,mail,18,93
MUSCOGEE,house,139,mail,19,104
MUSCOGEE,house,139,mail,20,92
MUSCOGEE,house,139,mail,21,219
MUSCOGEE,house,139,mail,22,5
MUSCOGEE,house,139,mail,25,31
MUSCOGEE,house,139,mail,26,24
MUSCOGEE,house,139,mail,27,1
MUSCOGEE,house,139,mail,28,2
MUSCOGEE,house,139,mail,29,1
MUSCOGEE,house,139,mail,32,2
MUSCOGEE,house,139,mail,33,7
MUSCOGEE,house,139,mail,34,2
MUSCOGEE,house,139,mail,35,6
MUSCOGEE,house,139,mail,36,1
MUSCOGEE,house,139,mail,39,1
MUSCOGEE,house,139,mail,71,1
MUSCOGEE,house,140,inperson,4,930
MUSCOGEE,house,140,inperson,5,556
MUSCOGEE,house,140,inperson,6,573
MUSCOGEE,house,140,inperson,7,579
MUSCOGEE,house,140,inperson,8,582
MUSCOGEE,house,140,inperson,9,167
MUSCOGEE,house,140,inperson,10,309
MUSCOGEE,house,140,inperson,11,509
MUSCOGEE,house,140,inperson,12,482
MUSCOGEE,house,140,inperson,13,439
MUSCOGEE,house,140,inperson,14,582
MUSCOGEE,house,140,inperson,15,617
MUSCOGEE,house,140,inperson,16,202
MUSCOGEE,house,140,inperson,17,277
MUSCOGEE,house,140,inperson,18,645
MUSCOGEE,house,140,inperson,19,651
MUSCOGEE,house,140,inperson,20,773
MUSCOGEE,house,140,inperson,21,1104
MUSCOGEE,house,140,mail,0,54
MUSCOGEE,house,140,mail,1,86
MUSCOGEE,house,140,mail,4,38
MUSCOGEE,house,140,mail,5,52
MUSCOGEE,house,140,mail,6,20
MUSCOGEE,house,140,mail,7,39
MUSCOGEE,house,140,mail,8,92
MUSCOGEE,house,140,mail,9,3
MUSCOGEE,house,140,mail,10,3
MUSCOGEE,house,140,mail,11,28
MUSCOGEE,house,140,mail,12,55
MUSCOGEE,house,140,mail,13,33
MUSCOGEE,house,140,mail,14,81
MUSCOGEE,house,140,mail,15,165
MUSCOGEE,house,140,mail,16,3
MUSCOGEE,house,140,mail,17,5
MUSCOGEE,house,140,mail,18,73
MUSCOGEE,house,140,mail,19,68
MUSCOGEE,house,140,mail,20,100
MUSCOGEE,house,140,mail,21,227
MUSCOGEE,house,140,mail,25,14
MUSCOGEE,house,140,mail,26,21
MUSCOGEE,house,140,mail,27,5
MUSCOGEE,house,140,mail,28,5
MUSCOGEE,house,140,mail,32,2
MUSCOGEE,house,140,mail,33,2
MUSCOGEE,house,140,mail,34,3
MUSCOGEE,house,140,mail,36,1
MUSCOGEE,house,140,mail,41,1
MUSCOGEE,house,141,inperson,0,1
MUSCOGEE,house,141,inperson,4,1302
MUSCOGEE,house,141,inperson,5,797
MUSCOGEE,house,141,inperson,6,765
MUSCOGEE,house,141,inperson,7,811
MUSCOGEE,house,141,inperson,8,840
MUSCOGEE,house,141,inperson,9,264
MUSCOGEE,house,141,inperson,10,438
MUSCOGEE,house,141,inperson,11,797
MUSCOGEE,house,141,inperson,12,710
MUSCOGEE,house,141,inperson,13,738
MUSCOGEE,house,141,inperson,14,860
MUSCOGEE,house,141,inperson,15,970
MUSCOGEE,house,141,inperson,16,293
MUSCOGEE,house,141,inperson,17,500
MUSCOGEE,house,141,inperson,18,1092
MUSCOGEE,house,141,inperson,19,1082
MUSCOGEE,house,141,inperson,20,1287
MUSCOGEE,house,141,inperson,21,1762
MUSCOGEE,house,141,mail,0,65
MUSCOGEE,house,141,mail,1,94
MUSCOGEE,house,141,mail,4,41
MUSCOGEE,house,141,mail,5,59
MUSCOGEE,house,141,mail,6,46
MUSCOGEE,house,141,mail,7,31
MUSCOGEE,house,141,mail,8,110
MUSCOGEE,house,141,mail,9,13
MUSCOGEE,house,141,mail,10,6
MUSCOGEE,house,141,mail,11,59
MUSCOGEE,house,141,mail,12,48
MUSCOGEE,house,141,mail,13,54
MUSCOGEE,house,141,mail,14,79
MUSCOGEE,house,141,mail,15,179
MUSCOGEE,house,141,mail,16,13
MUSCOGEE,house,141,mail,17,8
MUSCOGEE,house,141,mail,18,115
MUSCOGEE,house,141,mail,19,99
MUSCOGEE,house,141,mail,20,156
MUSCOGEE,house,141,mail,21,245
MUSCOGEE,house,141,mail,22,2
MUSCOGEE,house,141,mail,25,46
MUSCOGEE,house,141,mail,26,35
MUSCOGEE,house,141,mail,28,7
MUSCOGEE,house,141,mail,29,1
MUSCOGEE,house,141,mail,32,1
MUSCOGEE,house,141,mail,33,1
MUSCOGEE,house,141,mail,34,3
MUSCOGEE,house,141,mail,35,1
MUSCOGEE,senate,15,inperson,0,1
MUSCOGEE,senate,15,inperson,4,2797
MUSCOGEE,senate,15,inperson,5,1686
MUSCOGEE,senate,15,inperson,6,1680
MUSCOGEE,senate,15,inperson,7,1734
MUSCOGEE,senate,15,inperson,8,1773
MUSCOGEE,senate,15,inperson,9,536
MUSCOGEE,senate,15,inperson,10,969
MUSCOGEE,senate,15,inperson,11,1649
MUSCOGEE,senate,15,inperson,12,1469
MUSCOGEE,senate,15,inperson,13,1561
MUSCOGEE,senate,15,inperson,14,1810
MUSCOGEE,senate,15,inperson,15,2024
MUSCOGEE,senate,15,inperson,16,645
MUSCOGEE,senate,15,inperson,17,1032
MUSCOGEE,senate,15,inperson,18,2215
MUSCOGEE,senate,15,inperson,19,2246
MUSCOGEE,senate,15,inperson,20,2691
MUSCOGEE,senate,15,inperson,21,3744
MUSCOGEE,senate,15,mail,0,145
MUSCOGEE,senate,15,mail,1,208
MUSCOGEE,senate,15,mail,4,104
MUSCOGEE,senate,15,mail,5,134
MUSCOGEE,senate,15,mail,6,92
MUSCOGEE,senate,15,mail,7,96
MUSCOGEE,senate,15,mail,8,244
MUSCOGEE,senate,15,mail,9,18
MUSCOGEE,senate,15,mail,10,11
MUSCOGEE,senate,15,mail,11,116
MUSCOGEE,senate,15,mail,12,142
MUSCOGEE,senate,15,mail,13,122
MUSCOGEE,senate,15,mail,14,198
MUSCOGEE,senate,15,mail,15,436
MUSCOGEE,senate,15,mail,16,20
MUSCOGEE,senate,15,mail,17,21
MUSCOGEE,senate,15,mail,18,226
MUSCOGEE,senate,15,mail,19,227
MUSCOGEE,senate,15,mail,20,339
MUSCOGEE,senate,15,mail,21,610
MUSCOGEE,senate,15,mail,22,3
MUSCOGEE,senate,15,mail,25,83
MUSCOGEE,senate,15,mail,26,60
MUSCOGEE,senate,15,mail,27,5
MUSCOGEE,senate,15,mail,28,13
MUSCOGEE,senate,15,mail,29,2
MUSCOGEE,senate,15,mail,32,3
MUSCOGEE,senate,15,mail,33,5
MUSCOGEE,senate,15,mail,34,7
MUSCOGEE,senate,15,mail,35,6
MUSCOGEE,senate,15,mail,36,2
MUSCOGEE,senate,15,mail,39,2
MUSCOGEE,senate,15,mail,41,1
MUSCOGEE,senate,15,mail,71,1
MUSCOGEE,senate,15,mail,26693,1
MUSCOGEE,senate,29,inperson,4,1849
MUSCOGEE,senate,29,inperson,5,1085
MUSCOGEE,senate,29,inperson,6,1101
MUSCOGEE,senate,29,inperson,7,1195
MUSCOGEE,senate,29,inperson,8,1162
MUSCOGEE,senate,29,inperson,9,476
MUSCOGEE,senate,29,inperson,10,731
MUSCOGEE,senate,29,inperson,11,1416
MUSCOGEE,senate,29,inperson,12,1194
MUSCOGEE,senate,29,inperson,13,1256
MUSCOGEE,senate,29,inperson,14,1387
MUSCOGEE,senate,29,inperson,15,1567
MUSCOGEE,senate,29,inperson,16,540
MUSCOGEE,senate,29,inperson,17,728
MUSCOGEE,senate,29,inperson,18,1772
MUSCOGEE,senate,29,inperson,19,1740
MUSCOGEE,senate,29,inperson,20,1838
MUSCOGEE,senate,29,inperson,21,2137
MUSCOGEE,senate,29,mail,0,110
MUSCOGEE,senate,29,mail,1,147
MUSCOGEE,senate,29,mail,4,106
MUSCOGEE,senate,29,mail,5,92
MUSCOGEE,senate,29,mail,6,65
MUSCOGEE,senate,29,mail,7,65
MUSCOGEE,senate,29,mail,8,154
MUSCOGEE,senate,29,mail,9,5
MUSCOGEE,senate,29,mail,10,4
MUSCOGEE,senate,29,mail,11,100
MUSCOGEE,senate,29,mail,12,89
MUSCOGEE,senate,29,mail,13,86
MUSCOGEE,senate,29,mail,14,126
MUSCOGEE,senate,29,mail,15,251
MUSCOGEE,senate,29,mail,16,10
MUSCOGEE,senate,29,mail,17,9
MUSCOGEE,senate,29,mail,18,151
MUSCOGEE,senate,29,mail,19,159
MUSCOGEE,senate,29,mail,20,146
MUSCOGEE,senate,29,mail,21,294
MUSCOGEE,senate,29,mail,22,4
MUSCOGEE,senate,29,mail,25,47
MUSCOGEE,senate,29,mail,26,40
MUSCOGEE,senate,29,mail,27,2
MUSCOGEE,senate,29,mail,28,5
MUSCOGEE,senate,29,mail,32,4
MUSCOGEE,senate,29,mail,33,7
MUSCOGEE,senate,29,mail,34,1
MUSCOGEE,senate,29,mail,35,5
MUSCOGEE,senate,29,mail,39,1
NEWTON,house,113,inperson,1,1
NEWTON,house,113,inperson,4,1921
NEWTON,house,113,inperson,5,1389
NEWTON,house,113,inperson,6,986
NEWTON,house,113,inperson,7,996
NEWTON,house,113,inperson,8,1200
NEWTON,house,113,inperson,10,726
NEWTON,house,113,inperson,11,1255
NEWTON,house,113,inperson,12,1011
NEWTON,house,113,inperson,13,1049
NEWTON,house,113,inperson,14,1220
NEWTON,house,113,inperson,15,1349
NEWTON,house,113,inperson,16,463
NEWTON,house,113,inperson,17,773
NEWTON,house,113,inperson,18,1612
NEWTON,house,113,inperson,19,1330
NEWTON,house,113,inperson,20,1511
NEWTON,house,113,inperson,21,1800
NEWTON,house,113,mail,0,95
NEWTON,house,113,mail,1,144
NEWTON,house,113,mail,2,137
NEWTON,house,113,mail,4,92
NEWTON,house,113,mail,5,69
NEWTON,house,113,mail,6,31
NEWTON,house,113,mail,7,127
NEWTON,house,113,mail,8,62
NEWTON,house,113,mail,10,68
NEWTON,house,113,mail,11,46
NEWTON,house,113,mail,12,68
NEWTON,house,113,mail,13,103
NEWTON,house,113,mail,14,177
NEWTON,house,113,mail,17,142
NEWTON,house,113,mail,18,132
NEWTON,house,113,mail,19,62
NEWTON,house,113,mail,20,156
NEWTON,house,113,mail,21,51
NEWTON,house,114,inperson,4,939
NEWTON,house,114,inperson,5,733
NEWTON,house,114,inperson,6,601
NEWTON,house,114,inperson,7,606
NEWTON,house,114,inperson,8,671
NEWTON,house,114,inperson,10,369
NEWTON,house,114,inperson,11,802
NEWTON,house,114,inperson,12,645
NEWTON,house,114,inperson,13,686
NEWTON,house,114,inperson,14,712
NEWTON,house,114,inperson,15,758
NEWTON,house,114,inperson,16,249
NEWTON,house,114,inperson,17,314
NEWTON,house,114,inperson,18,843
NEWTON,house,114,inperson,19,781
NEWTON,house,114,inperson,20,720
NEWTON,house,114,inperson,21,764
NEWTON,house,114,mail,0,52
NEWTON,house,114,mail,1,75
NEWTON,house,114,mail,2,77
NEWTON,house,114,mail,4,42
NEWTON,house,114,mail,5,48
NEWTON,house,114,mail,6,25
NEWTON,house,114,mail,7,65
NEWTON,house,114,mail,8,66
NEWTON,house,114,mail,10,17
NEWTON,house,114,mail,11,18
NEWTON,house,114,mail,12,39
NEWTON,house,114,mail,13,50
NEWTON,house,114,mail,14,97
NEWTON,house,114,mail,17,68
NEWTON,house,114,mail,18,77
NEWTON,house,114,mail,19,37
NEWTON,house,114,mail,20,111
NEWTON,house,114,mail,21,41
NEWTON,house,118,inperson,4,736
NEWTON,house,118,inperson,5,590
NEWTON,house,118,inperson,6,493
NEWTON,house,118,inperson,7,419
NEWTON,house,118,inperson,8,520
NEWTON,house,118,inperson,10,250
NEWTON,house,118,inperson,11,583
NEWTON,house,118,inperson,12,493
NEWTON,house,118,inperson,13,408
NEWTON,house,118,inperson,14,499
NEWTON,house,118,inperson,15,604
NEWTON,house,118,inperson,16,147
NEWTON,house,118,inperson,17,198
NEWTON,house,118,inperson,18,643
NEWTON,house,118,inperson,19,546
NEWTON,house,118,inperson,20,571
NEWTON,house,118,inperson,21,686
NEWTON,house,118,mail,0,55
NEWTON,house,118,mail,1,47
NEWTON,house,118,mail,2,47
NEWTON,house,118,mail,4,47
NEWTON,house,118,mail,5,40
NEWTON,house,118,mail,6,19
NEWTON,house,118,mail,7,48
NEWTON,house,118,mail,8,52
NEWTON,house,118,mail,10,10
NEWTON,house,118,mail,11,28
NEWTON,house,118,mail,12,12
NEWTON,house,118,mail,13,34
NEWTON,house,118,mail,14,64
NEWTON,house,118,mail,17,43
NEWTON,house,118,mail,18,49
NEWTON,house,118,mail,19,23
NEWTON,house,118,mail,20,59
NEWTON,house,118,mail,21,23
NEWTON,senate,42,inperson,1,1
NEWTON,senate,42,inperson,4,2839
NEWTON,senate,42,inperson,5,2167
NEWTON,senate,42,inperson,6,1700
NEWTON,senate,42,inperson,7,1669
NEWTON,senate,42,inperson,8,1932
NEWTON,senate,42,inperson,10,1028
NEWTON,senate,42,inperson,11,2159
NEWTON,senate,42,inperson,12,1761
NEWTON,senate,42,inperson,13,1795
NEWTON,senate,42,inperson,14,2009
NEWTON,senate,42,inperson,15,2260
NEWTON,senate,42,inperson,16,643
NEWTON,senate,42,inperson,17,924
NEWTON,senate,42,inperson,18,2554
NEWTON,senate,42,inperson,19,2210
NEWTON,senate,42,inperson,20,2261
NEWTON,senate,42,inperson,21,2694
NEWTON,senate,42,mail,0,159
NEWTON,senate,42,mail,1,207
NEWTON,senate,42,mail,2,216
NEWTON,senate,42,mail,4,147
NEWTON,senate,42,mail,5,141
NEWTON,senate,42,mail,6,64
NEWTON,senate,42,mail,7,186
NEWTON,senate,42,mail,8,154
NEWTON,senate,42,mail,10,55
NEWTON,senate,42,mail,11,87
NEWTON,senate,42,mail,12,99
NEWTON,senate,42,mail,13,152
NEWTON,senate,42,mail,14,276
NEWTON,senate,42,mail,17,194
NEWTON,senate,42,mail,18,206
NEWTON,senate,42,mail,19,93
NEWTON,senate,42,mail,20,263
NEWTON,senate,42,mail,21,94
NEWTON,senate,43,inperson,4,757
NEWTON,senate,43,inperson,5,545
NEWTON,senate,43,inperson,6,380
NEWTON,senate,43,inperson,7,352
NEWTON,senate,43,inperson,8,459
NEWTON,senate,43,inperson,10,317
NEWTON,senate,43,inperson,11,481
NEWTON,senate,43,inperson,12,388
NEWTON,senate,43,inperson,13,348
NEWTON,senate,43,inperson,14,422
NEWTON,senate,43,inperson,15,451
NEWTON,senate,43,inperson,16,216
NEWTON,senate,43,inperson,17,361
NEWTON,senate,43,inperson,18,544
NEWTON,senate,43,inperson,19,447
NEWTON,senate,43,inperson,20,541
NEWTON,senate,43,inperson,21,556
NEWTON,senate,43,mail,0,43
NEWTON,senate,43,mail,1,59
NEWTON,senate,43,mail,2,45
NEWTON,senate,43,mail,4,34
NEWTON,senate,43,mail,5,16
NEWTON,senate,43,mail,6,11
NEWTON,senate,43,mail,7,54
NEWTON,senate,43,mail,8,26
NEWTON,senate,43,mail,10,40
NEWTON,senate,43,mail,11,5
NEWTON,senate,43,mail,12,20
NEWTON,senate,43,mail,13,35
NEWTON,senate,43,mail,14,62
NEWTON,senate,43,mail,17,59
NEWTON,senate,43,mail,18,52
NEWTON,senate,43,mail,19,29
NEWTON,senate,43,mail,20,63
NEWTON,senate,43,mail,21,21
OCONEE,house,120,inperson,4,285
OCONEE,house,120,inperson,5,224
OCONEE,house,120,inperson,6,200
OCONEE,house,120,inperson,7,195
OCONEE,house,120,inperson,8,225
OCONEE,house,120,inperson,10,226
OCONEE,house,120,inperson,11,322
OCONEE,house,120,inperson,12,194
OCONEE,house,120,inperson,13,222
OCONEE,house,120,inperson,14,234
OCONEE,house,120,inperson,15,277
OCONEE,house,120,inperson,17,225
OCONEE,house,120,inperson,18,294
OCONEE,house,120,inperson,19,302
OCONEE,house,120,inperson,20,314
OCONEE,house,120,inperson,21,316
OCONEE,house,120,mail,0,9
OCONEE,house,120,mail,1,16
OCONEE,house,120,mail,4,10
OCONEE,house,120,mail,5,21
OCONEE,house,120,mail,6,21
OCONEE,house,120,mail,7,19
OCONEE,house,120,mail,8,16
OCONEE,house,120,mail,10,2
OCONEE,house,120,mail,11,12
OCONEE,house,120,mail,12,22
OCONEE,house,120,mail,13,18
OCONEE,house,120,mail,14,17
OCONEE,house,120,mail,15,27
OCONEE,house,120,mail,17,23
OCONEE,house,120,mail,18,18
OCONEE,house,120,mail,19,16
OCONEE,house,120,mail,20,47
OCONEE,house,120,mail,21,19
OCONEE,house,120,mail,22,6
OCONEE,house,120,mail,25,15
OCONEE,house,120,mail,26,11
OCONEE,house,120,mail,27,2
OCONEE,house,120,mail,36,1
OCONEE,house,121,inperson,4,1291
OCONEE,house,121,inperson,5,873
OCONEE,house,121,inperson,6,839
OCONEE,house,121,inperson,7,882
OCONEE,house,121,inperson,8,889
OCONEE,house,121,inperson,10,994
OCONEE,house,121,inperson,11,1259
OCONEE,house,121,inperson,12,989
OCONEE,house,121,inperson,13,1076
OCONEE,house,121,inperson,14,1153
OCONEE,house,121,inperson,15,1132
OCONEE,house,121,inperson,17,832
OCONEE,house,121,inperson,18,1338
OCONEE,house,121,inperson,19,1130
OCONEE,house,121,inperson,20,1213
OCONEE,house,121,inperson,21,1265
OCONEE,house,121,mail,0,41
OCONEE,house,121,mail,1,79
OCONEE,house,121,mail,4,46
OCONEE,house,121,mail,5,55
OCONEE,house,121,mail,6,57
OCONEE,house,121,mail,7,56
OCONEE,house,121,mail,8,86
OCONEE,house,121,mail,10,19
OCONEE,house,121,mail,11,46
OCONEE,house,121,mail,12,50
OCONEE,house,121,mail,13,50
OCONEE,house,121,mail,14,87
OCONEE,house,121,mail,15,91
OCONEE,house,121,mail,17,49
OCONEE,house,121,mail,18,81
OCONEE,house,121,mail,19,61
OCONEE,house,121,mail,20,135
OCONEE,house,121,mail,21,37
OCONEE,house,121,mail,22,22
OCONEE,house,121,mail,25,36
OCONEE,house,121,mail,26,12
OCONEE,house,121,mail,27,5
OCONEE,house,121,mail,29,6
OCONEE,house,121,mail,33,2
OCONEE,house,121,mail,35,3
OCONEE,house,121,mail,40,1
OCONEE,senate,46,inperson,4,1576
OCONEE,senate,46,inperson,5,1097
OCONEE,senate,46,inperson,6,1039
OCONEE,senate,46,inperson,7,1077
OCONEE,senate,46,inperson,8,1114
OCONEE,senate,46,inperson,10,1220
OCONEE,senate,46,inperson,11,1581
OCONEE,senate,46,inperson,12,1183
OCONEE,senate,46,inperson,13,1298
OCONEE,senate,46,inperson,14,1387
OCONEE,senate,46,inperson,15,1409
OCONEE,senate,46,inperson,17,1057
OCONEE,senate,46,inperson,18,1632
OCONEE,senate,46,inperson,19,1432
OCONEE,senate,46,inperson,20,1527
OCONEE,senate,46,inperson,21,1581
OCONEE,senate,46,mail,0,50
OCONEE,senate,46,mail,1,95
OCONEE,senate,46,mail,4,56
OCONEE,senate,46,mail,5,76
OCONEE,senate,46,mail,6,78
OCONEE,senate,46,mail,7,75
OCONEE,senate,46,mail,8,102
OCONEE,senate,46,mail,10,21
OCONEE,senate,46,mail,11,58
OCONEE,senate,46,mail,12,72
OCONEE,senate,46,mail,13,68
OCONEE,senate,46,mail,14,104
OCONEE,senate,46,mail,15,118
OCONEE,senate,46,mail,17,72
OCONEE,senate,46,mail,18,99
OCONEE,senate,46,mail,19,77
OCONEE,senate,46,mail,20,182
OCONEE,senate,46,mail,21,56
OCONEE,senate,46,mail,22,28
OCONEE,senate,46,mail,25,51
OCONEE,senate,46,mail,26,23
OCONEE,senate,46,mail,27,7
OCONEE,senate,46,mail,29,6
OCONEE,senate,46,mail,33,2
OCONEE,senate,46,mail,35,3
OCONEE,senate,46,mail,36,1
OCONEE,senate,46,mail,40,1
OGLETHORPE,house,124,inperson,4,432
OGLETHORPE,house,124,inperson,5,280
OGLETHORPE,house,124,inperson,6,309
OGLETHORPE,house,124,inperson,7,344
OGLETHORPE,house,124,inperson,8,358
OGLETHORPE,house,124,inperson,10,348
OGLETHORPE,house,124,inperson,11,460
OGLETHORPE,house,124,inperson,12,319
OGLETHORPE,house,124,inperson,13,336
OGLETHORPE,house,124,inperson,14,378
OGLETHORPE,house,124,inperson,15,455
OGLETHORPE,house,124,inperson,17,312
OGLETHORPE,house,124,inperson,18,543
OGLETHORPE,house,124,inperson,19,393
OGLETHORPE,house,124,inperson,20,481
OGLETHORPE,house,124,inperson,21,591
OGLETHORPE,house,124,mail,0,13
OGLETHORPE,house,124,mail,1,11
OGLETHORPE,house,124,mail,2,6
OGLETHORPE,house,124,mail,4,17
OGLETHORPE,house,124,mail,5,10
OGLETHORPE,house,124,mail,6,17
OGLETHORPE,house,124,mail,7,12
OGLETHORPE,house,124,mail,8,14
OGLETHORPE,house,124,mail,10,29
OGLETHORPE,house,124,mail,11,13
OGLETHORPE,house,124,mail,12,36
OGLETHORPE,house,124,mail,13,16
OGLETHORPE,house,124,mail,14,42
OGLETHORPE,house,124,mail,15,21
OGLETHORPE,house,124,mail,17,11
OGLETHORPE,house,124,mail,18,48
OGLETHORPE,house,124,mail,19,53
OGLETHORPE,house,124,mail,20,40
OGLETHORPE,house,124,mail,21,33
OGLETHORPE,senate,24,inperson,4,432
OGLETHORPE,senate,24,inperson,5,280
OGLETHORPE,senate,24,inperson,6,309
OGLETHORPE,senate,24,inperson,7,344
OGLETHORPE,senate,24,inperson,8,358
OGLETHORPE,senate,24,inperson,10,348
OGLETHORPE,senate,24,inperson,11,460
OGLETHORPE,senate,24,inperson,12,319
OGLETHORPE,senate,24,inperson,13,336
OGLETHORPE,senate,24,inperson,14,378
OGLETHORPE,senate,24,inperson,15,455
OGLETHORPE,senate,24,inperson,17,312
OGLETHORPE,senate,24,inperson,18,543
OGLETHORPE,senate,24,inperson,19,393
OGLETHORPE,senate,24,inperson,20,481
OGLETHORPE,senate,24,inperson,21,591
OGLETHORPE,senate,24,mail,0,13
OGLETHORPE,senate,24,mail,1,11
OGLETHORPE,senate,24,mail,2,6
OGLETHORPE,senate,24,mail,4,17
OGLETHORPE,senate,24,mail,5,10
OGLETHORPE,senate,24,mail,6,17
OGLETHORPE,senate,24,mail,7,12
OGLETHORPE,senate,24,mail,8,14
OGLETHORPE,senate,24,mail,10,29
OGLETHORPE,senate,24,mail,11,13
OGLETHORPE,senate,24,mail,12,36
OGLETHORPE,senate,24,mail,13,16
OGLETHORPE,senate,24,mail,14,42
OGLETHORPE,senate,24,mail,15,21
OGLETHORPE,senate,24,mail,17,11
OGLETHORPE,senate,24,mail,18,48
OGLETHORPE,senate,24,mail,19,53
OGLETHORPE,senate,24,mail,20,40
OGLETHORPE,senate,24,mail,21,33
PAULDING,house,150,inperson,4,1
PAULDING,house,16,inperson,4,803
PAULDING,house,16,inperson,5,584
PAULDING,house,16,inperson,6,822
PAULDING,house,16,inperson,7,1147
PAULDING,house,16,inperson,8,1106
PAULDING,house,16,inperson,10,239
PAULDING,house,16,inperson,11,412
PAULDING,house,16,inperson,12,308
PAULDING,house,16,inperson,13,347
PAULDING,house,16,inperson,14,369
PAULDING,house,16,inperson,15,364
PAULDING,house,16,inperson,17,240
PAULDING,house,16,inperson,18,338
PAULDING,house,16,inperson,19,394
PAULDING,house,16,inperson,20,340
PAULDING,house,16,inperson,21,366
PAULDING,house,16,mail,0,16
PAULDING,house,16,mail,1,41
PAULDING,house,16,mail,4,28
PAULDING,house,16,mail,5,18
PAULDING,house,16,mail,6,23
PAULDING,house,16,mail,7,14
PAULDING,house,16,mail,8,24
PAULDING,house,16,mail,10,3
PAULDING,house,16,mail,11,28
PAULDING,house,16,mail,12,29
PAULDING,house,16,mail,13,32
PAULDING,house,16,mail,14,23
PAULDING,house,16,mail,15,93
PAULDING,house,16,mail,18,34
PAULDING,house,16,mail,19,48
PAULDING,house,16,mail,20,15
PAULDING,house,16,mail,21,6
PAULDING,house,16,mail,22,3
PAULDING,house,16,mail,25,2
PAULDING,house,16,mail,32,1
PAULDING,house,16,mail,33,1
PAULDING,house,16,mail,36,3
PAULDING,house,17,inperson,4,1948
PAULDING,house,17,inperson,5,1457
PAULDING,house,17,inperson,6,1971
PAULDING,house,17,inperson,7,2144
PAULDING,house,17,inperson,8,1638
PAULDING,house,17,inperson,10,1124
PAULDING,house,17,inperson,11,1291
PAULDING,house,17,inperson,12,1303
PAULDING,house,17,inperson,13,1365
PAULDING,house,17,inperson,14,1411
PAULDING,house,17,inperson,15,1242
PAULDING,house,17,inperson,17,1144
PAULDING,house,17,inperson,18,1426
PAULDING,house,17,inperson,19,1424
PAULDING,house,17,inperson,20,1446
PAULDING,house,17,inperson,21,1355
PAULDING,house,17,mail,0,92
PAULDING,house,17,mail,1,142
PAULDING,house,17,mail,4,88
PAULDING,house,17,mail,5,86
PAULDING,house,17,mail,6,100
PAULDING,house,17,mail,7,82
PAULDING,house,17,mail,8,116
PAULDING,house,17,mail,10,20
PAULDING,house,17,mail,11,89
PAULDING,house,17,mail,12,84
PAULDING,house,17,mail,13,110
PAULDING,house,17,mail,14,131
PAULDING,house,17,mail,15,271
PAULDING,house,17,mail,17,13
PAULDING,house,17,mail,18,98
PAULDING,house,17,mail,19,133
PAULDING,house,17,mail,20,71
PAULDING,house,17,mail,21,29
PAULDING,house,17,mail,22,23
PAULDING,house,17,mail,25,2
PAULDING,house,17,mail,28,5
PAULDING,house,17,mail,33,1
PAULDING,house,17,mail,36,1
PAULDING,house,17,mail,41,1
PAULDING,house,17,mail,46,2
PAULDING,house,18,inperson,4,371
PAULDING,house,18,inperson,5,270
PAULDING,house,18,inperson,6,381
PAULDING,house,18,inperson,7,479
PAULDING,house,18,inperson,8,398
PAULDING,house,18,inperson,10,214
PAULDING,house,18,inperson,11,276
PAULDING,house,18,inperson,12,250
PAULDING,house,18,inperson,13,226
PAULDING,house,18,inperson,14,293
PAULDING,house,18,inperson,15,228
PAULDING,house,18,inperson,17,187
PAULDING,house,18,inperson,18,259
PAULDING,house,18,inperson,19,270
PAULDING,house,18,inperson,20,252
PAULDING,house,18,inperson,21,231
PAULDING,house,18,mail,0,8
PAULDING,house,18,mail,1,20
PAULDING,house,18,mail,4,16
PAULDING,house,18,mail,5,10
PAULDING,house,18,mail,6,11
PAULDING,house,18,mail,7,13
PAULDING,house,18,mail,8,21
PAULDING,house,18,mail,10,2
PAULDING,house,18,mail,11,16
PAULDING,house,18,mail,12,9
PAULDING,house,18,mail,13,17
PAULDING,house,18,mail,14,6
PAULDING,house,18,mail,15,52
PAULDING,house,18,mail,17,7
PAULDING,house,18,mail,18,17
PAULDING,house,18,mail,19,25
PAULDING,house,18,mail,20,7
PAULDING,house,18,mail,21,2
PAULDING,house,18,mail,22,2
PAULDING,house,19,inperson,0,1
PAULDING,house,19,inperson,4,1389
PAULDING,house,19,inperson,5,1050
PAULDING,house,19,inperson,6,1366
PAULDING,house,19,inperson,7,1679
PAULDING,house,19,inperson,8,1316
PAULDING,house,19,inperson,10,892
PAULDING,house,19,inperson,11,1032
PAULDING,house,19,inperson,12,1024
PAULDING,house,19,inperson,13,1051
PAULDING,house,19,inperson,14,1167
PAULDING,house,19,inperson,15,1135
PAULDING,house,19,inperson,17,977
PAULDING,house,19,inperson,18,1216
PAULDING,house,19,inperson,19,1114
PAULDING,house,19,inperson,20,1218
PAULDING,house,19,inperson,21,1182
PAULDING,house,19,mail,0,63
PAULDING,house,19,mail,1,100
PAULDING,house,19,mail,4,96
PAULDING,house,19,mail,5,80
PAULDING,house,19,mail,6,52
PAULDING,house,19,mail,7,66
PAULDING,house,19,mail,8,95
PAULDING,house,19,mail,10,11
PAULDING,house,19,mail,11,83
PAULDING,house,19,mail,12,80
PAULDING,house,19,mail,13,74
PAULDING,house,19,mail,14,119
PAULDING,house,19,mail,15,240
PAULDING,house,19,mail,16,1
PAULDING,house,19,mail,17,18
PAULDING,house,19,mail,18,94
PAULDING,house,19,mail,19,96
PAULDING,house,19,mail,20,63
PAULDING,house,19,mail,21,30
PAULDING,house,19,mail,22,18
PAULDING,house,19,mail,25,2
PAULDING,house,19,mail,29,2
PAULDING,house,19,mail,33,1
PAULDING,house,19,mail,34,2
PAULDING,house,19,mail,36,4
PAULDING,house,40,inperson,4,1212
PAULDING,house,40,inperson,5,891
PAULDING,house,40,inperson,6,1315
PAULDING,house,40,inperson,7,1674
PAULDING,house,40,inperson,8,1514
PAULDING,house,40,inperson,10,564
PAULDING,house,40,inperson,11,630
PAULDING,house,40,inperson,12,556
PAULDING,house,40,inperson,13,600
PAULDING,house,40,inperson,14,676
PAULDING,house,40,inperson,15,663
PAULDING,house,40,inperson,17,572
PAULDING,house,40,inperson,18,780
PAULDING,house,40,inperson,19,640
PAULDING,house,40,inperson,20,704
PAULDING,house,40,inperson,21,668
PAULDING,house,40,mail,0,33
PAULDING,house,40,mail,1,58
PAULDING,house,40,mail,4,48
PAULDING,house,40,mail,5,33
PAULDING,house,40,mail,6,44
PAULDING,house,40,mail,7,39
PAULDING,house,40,mail,8,83
PAULDING,house,40,mail,10,10
PAULDING,house,40,mail,11,74
PAULDING,house,40,mail,12,54
PAULDING,house,40,mail,13,37
PAULDING,house,40,mail,14,41
PAULDING,house,40,mail,15,156
PAULDING,house,40,mail,17,8
PAULDING,house,40,mail,18,45
PAULDING,house,40,mail,19,46
PAULDING,house,40,mail,20,31
PAULDING,house,40,mail,21,14
PAULDING,house,40,mail,22,2
PAULDING,house,40,mail,25,1
PAULDING,house,40,mail,29,1
PAULDING,house,40,mail,36,1
PAULDING,senate,18,inperson,4,1
PAULDING,senate,30,inperson,4,743
PAULDING,senate,30,inperson,5,484
PAULDING,senate,30,inperson,6,736
PAULDING,senate,30,inperson,7,961
PAULDING,senate,30,inperson,8,852
PAULDING,senate,30,inperson,10,310
PAULDING,senate,30,inperson,11,375
PAULDING,senate,30,inperson,12,341
PAULDING,senate,30,inperson,13,322
PAULDING,senate,30,inperson,14,441
PAULDING,senate,30,inperson,15,361
PAULDING,senate,30,inperson,17,290
PAULDING,senate,30,inperson,18,399
PAULDING,senate,30,inperson,19,376
PAULDING,senate,30,inperson,20,410
PAULDING,senate,30,inperson,21,346
PAULDING,senate,30,mail,0,17
PAULDING,senate,30,mail,1,32
PAULDING,senate,30,mail,4,28
PAULDING,senate,30,mail,5,14
PAULDING,senate,30,mail,6,12
PAULDING,senate,30,mail,7,13
PAULDING,senate,30,mail,8,44
PAULDING,senate,30,mail,10,5
PAULDING,senate,30,mail,11,31
PAULDING,senate,30,mail,12,12
PAULDING,senate,30,mail,13,25
PAULDING,senate,30,mail,14,14
PAULDING,senate,30,mail,15,78
PAULDING,senate,30,mail,17,9
PAULDING,senate,30,mail,18,22
PAULDING,senate,30,mail,19,34
PAULDING,senate,30,mail,20,11
PAULDING,senate,30,mail,21,5
PAULDING,senate,30,mail,22,3
PAULDING,senate,30,mail,29,1
PAULDING,senate,31,inperson,0,1
PAULDING,senate,31,inperson,4,4980
PAULDING,senate,31,inperson,5,3768
PAULDING,senate,31,inperson,6,5119
PAULDING,senate,31,inperson,7,6162
PAULDING,senate,31,inperson,8,5120
PAULDING,senate,31,inperson,10,2723
PAULDING,senate,31,inperson,11,3266
PAULDING,senate,31,inperson,12,3100
PAULDING,senate,31,inperson,13,3267
PAULDING,senate,31,inperson,14,3475
PAULDING,senate,31,inperson,15,3271
PAULDING,senate,31,inperson,17,2830
PAULDING,senate,31,inperson,18,3620
PAULDING,senate,31,inperson,19,3466
PAULDING,senate,31,inperson,20,3550
PAULDING,senate,31,inperson,21,3456
PAULDING,senate,31,mail,0,195
PAULDING,senate,31,mail,1,329
PAULDING,senate,31,mail,4,248
PAULDING,senate,31,mail,5,213
PAULDING,senate,31,mail,6,218
PAULDING,senate,31,mail,7,201
PAULDING,senate,31,mail,8,295
PAULDING,senate,31,mail,10,41
PAULDING,senate,31,mail,11,259
PAULDING,senate,31,mail,12,244
PAULDING,senate,31,mail,13,245
PAULDING,senate,31,mail,14,306
PAULDING,senate,31,mail,15,734
PAULDING,senate,31,mail,16,1
PAULDING,senate,31,mail,17,37
PAULDING,senate,31,mail,18,266
PAULDING,senate,31,mail,19,314
PAULDING,senate,31,mail,20,176
PAULDING,senate,31,mail,21,76
PAULDING,senate,31,mail,22,45
PAULDING,senate,31,mail,25,7
PAULDING,senate,31,mail,28,5
PAULDING,senate,31,mail,29,2
PAULDING,senate,31,mail,32,1
PAULDING,senate,31,mail,33,3
PAULDING,senate,31,mail,34,2
PAULDING,senate,31,mail,36,9
PAULDING,senate,31,mail,41,1
PAULDING,senate,31,mail,46,2
PEACH,house,134,inperson,4,326
PEACH,house,134,inperson,5,206
PEACH,house,134,inperson,6,218
PEACH,house,134,inperson,7,265
PEACH,house,134,inperson,8,219
PEACH,house,134,inperson,10,154
PEACH,house,134,inperson,11,320
PEACH,house,134,inperson,12,247
PEACH,house,134,inperson,13,286
PEACH,house,134,inperson,14,330
PEACH,house,134,inperson,15,390
PEACH,house,134,inperson,17,148
PEACH,house,134,inperson,18,458
PEACH,house,134,inperson,19,463
PEACH,house,134,inperson,20,508
PEACH,house,134,inperson,21,538
PEACH,house,134,mail,0,34
PEACH,house,134,mail,4,7
PEACH,house,134,mail,5,11
PEACH,house,134,mail,6,5
PEACH,house,134,mail,7,27
PEACH,house,134,mail,10,19
PEACH,house,134,mail,12,19
PEACH,house,134,mail,13,18
PEACH,house,134,mail,14,17
PEACH,house,134,mail,15,24
PEACH,house,134,mail,18,32
PEACH,house,134,mail,19,2
PEACH,house,134,mail,20,30
PEACH,house,134,mail,21,10
PEACH,house,134,mail,25,1
PEACH,house,147,inperson,4,94
PEACH,house,147,inperson,5,57
PEACH,house,147,inperson,6,72
PEACH,house,147,inperson,7,59
PEACH,house,147,inperson,8,71
PEACH,house,147,inperson,10,64
PEACH,house,147,inperson,11,126
PEACH,house,147,inperson,12,70
PEACH,house,147,inperson,13,87
PEACH,house,147,inperson,14,105
PEACH,house,147,inperson,15,115
PEACH,house,147,inperson,17,43
PEACH,house,147,inperson,18,102
PEACH,house,147,inperson,19,130
PEACH,house,147,inperson,20,113
PEACH,house,147,inperson,21,122
PEACH,house,147,mail,0,8
PEACH,house,147,mail,4,1
PEACH,house,147,mail,5,5
PEACH,house,147,mail,6,5
PEACH,house,147,mail,7,11
PEACH,house,147,mail,8,2
PEACH,house,147,mail,10,6
PEACH,house,147,mail,12,7
PEACH,house,147,mail,13,9
PEACH,house,147,mail,14,2
PEACH,house,147,mail,15,2
PEACH,house,147,mail,18,13
PEACH,house,147,mail,19,2
PEACH,house,147,mail,20,6
PEACH,house,147,mail,21,1
PEACH,house,150,inperson,4,312
PEACH,house,150,inperson,5,185
PEACH,house,150,inperson,6,227
PEACH,house,150,inperson,7,172
PEACH,house,150,inperson,8,244
PEACH,house,150,inperson,10,153
PEACH,house,150,inperson,11,213
PEACH,house,150,inperson,12,174
PEACH,house,150,inperson,13,148
PEACH,house,150,inperson,14,205
PEACH,house,150,inperson,15,202
PEACH,house,150,inperson,17,115
PEACH,house,150,inperson,18,303
PEACH,house,150,inperson,19,242
PEACH,house,150,inperson,20,299
PEACH,house,150,inperson,21,351
PEACH,house,150,inperson,27,1
PEACH,house,150,mail,0,31
PEACH,house,150,mail,1,2
PEACH,house,150,mail,4,10
PEACH,house,150,mail,5,13
PEACH,house,150,mail,6,15
PEACH,house,150,mail,7,26
PEACH,house,150,mail,8,2
PEACH,house,150,mail,10,27
PEACH,house,150,mail,12,22
PEACH,house,150,mail,13,9
PEACH,house,150,mail,14,22
PEACH,house,150,mail,15,18
PEACH,house,150,mail,17,1
PEACH,house,150,mail,18,25
PEACH,house,150,mail,19,22
PEACH,house,150,mail,20,42
PEACH,house,150,mail,21,18
PEACH,senate,18,inperson,4,732
PEACH,senate,18,inperson,5,448
PEACH,senate,18,inperson,6,517
PEACH,senate,18,inperson,7,496
PEACH,senate,18,inperson,8,534
PEACH,senate,18,inperson,10,371
PEACH,senate,18,inperson,11,659
PEACH,senate,18,inperson,12,491
PEACH,senate,18,inperson,13,521
PEACH,senate,18,inperson,14,640
PEACH,senate,18,inperson,15,707
PEACH,senate,18,inperson,17,306
PEACH,senate,18,inperson,18,863
PEACH,senate,18,inperson,19,835
PEACH,senate,18,inperson,20,920
PEACH,senate,18,inperson,21,1011
PEACH,senate,18,inperson,27,1
PEACH,senate,18,mail,0,73
PEACH,senate,18,mail,1,2
PEACH,senate,18,mail,4,18
PEACH,senate,18,mail,5,29
PEACH,senate,18,mail,6,25
PEACH,senate,18,mail,7,64
PEACH,senate,18,mail,8,4
PEACH,senate,18,mail,10,52
PEACH,senate,18,mail,12,48
PEACH,senate,18,mail,13,36
PEACH,senate,18,mail,14,41
PEACH,senate,18,mail,15,44
PEACH,senate,18,mail,17,1
PEACH,senate,18,mail,18,70
PEACH,senate,18,mail,19,26
PEACH,senate,18,mail,20,78
PEACH,senate,18,mail,21,29
PEACH,senate,18,mail,25,1
PICKENS,house,11,inperson,4,967
PICKENS,house,11,inperson,5,647
PICKENS,house,11,inperson,6,676
PICKENS,house,11,inperson,7,685
PICKENS,house,11,inperson,8,813
PICKENS,house,11,inperson,10,679
PICKENS,house,11,inperson,11,1061
PICKENS,house,11,inperson,12,925
PICKENS,house,11,inperson,13,983
PICKENS,house,11,inperson,14,1100
PICKENS,house,11,inperson,15,1012
PICKENS,house,11,inperson,17,730
PICKENS,house,11,inperson,18,1137
PICKENS,house,11,inperson,19,1085
PICKENS,house,11,inperson,20,1191
PICKENS,house,11,inperson,21,1179
PICKENS,house,11,mail,0,24
PICKENS,house,11,mail,1,33
PICKENS,house,11,mail,3,14
PICKENS,house,11,mail,4,19
PICKENS,house,11,mail,5,24
PICKENS,house,11,mail,6,32
PICKENS,house,11,mail,7,34
PICKENS,house,11,mail,8,79
PICKENS,house,11,mail,10,6
PICKENS,house,11,mail,11,29
PICKENS,house,11,mail,12,41
PICKENS,house,11,mail,13,37
PICKENS,house,11,mail,14,81
PICKENS,house,11,mail,15,73
PICKENS,house,11,mail,18,87
PICKENS,house,11,mail,19,50
PICKENS,house,11,mail,20,125
PICKENS,house,11,mail,21,85
PICKENS,house,11,mail,25,35
PICKENS,house,11,mail,26,40
PICKENS,house,11,mail,27,34
PICKENS,house,11,mail,28,9
PICKENS,house,11,mail,29,2
PICKENS,house,11,mail,34,1
PICKENS,house,11,mail,36,4
PICKENS,senate,51,inperson,4,967
PICKENS,senate,51,inperson,5,647
PICKENS,senate,51,inperson,6,676
PICKENS,senate,51,inperson,7,685
PICKENS,senate,51,inperson,8,813
PICKENS,senate,51,inperson,10,679
PICKENS,senate,51,inperson,11,1061
PICKENS,senate,51,inperson,12,925
PICKENS,senate,51,inperson,13,983
PICKENS,senate,51,inperson,14,1100
PICKENS,senate,51,inperson,15,1012
PICKENS,senate,51,inperson,17,730
PICKENS,senate,51,inperson,18,1137
PICKENS,senate,51,inperson,19,1085
PICKENS,senate,51,inperson,20,1191
PICKENS,senate,51,inperson,21,1179
PICKENS,senate,51,mail,0,24
PICKENS,senate,51,mail,1,33
PICKENS,senate,51,mail,3,14
PICKENS,senate,51,mail,4,19
PICKENS,senate,51,mail,5,24
PICKENS,senate,51,mail,6,32
PICKENS,senate,51,mail,7,34
PICKENS,senate,51,mail,8,79
PICKENS,senate,51,mail,10,6
PICKENS,senate,51,mail,11,29
PICKENS,senate,51,mail,12,41
PICKENS,senate,51,mail,13,37
PICKENS,senate,51,mail,14,81
PICKENS,senate,51,mail,15,73
PICKENS,senate,51,mail,18,87
PICKENS,senate,51,mail,19,50
PICKENS,senate,51,mail,20,125
PICKENS,senate,51,mail,21,85
PICKENS,senate,51,mail,25,35
PICKENS,senate,51,mail,26,40
PICKENS,senate,51,mail,27,34
PICKENS,senate,51,mail,28,9
PICKENS,senate,51,mail,29,2
PICKENS,senate,51,mail,34,1
PICKENS,senate,51,mail,36,4
PIERCE,house,178,inperson,4,603
PIERCE,house,178,inperson,5,322
PIERCE,house,178,inperson,6,309
PIERCE,house,178,inperson,7,356
PIERCE,house,178,inperson,8,367
PIERCE,house,178,inperson,10,355
PIERCE,house,178,inperson,11,544
PIERCE,house,178,inperson,12,398
PIERCE,house,178,inperson,13,406
PIERCE,house,178,inperson,14,494
PIERCE,house,178,inperson,15,555
PIERCE,house,178,inperson,17,344
PIERCE,house,178,inperson,18,766
PIERCE,house,178,inperson,19,645
PIERCE,house,178,inperson,20,639
PIERCE,house,178,inperson,21,631
PIERCE,house,178,mail,0,8
PIERCE,house,178,mail,1,17
PIERCE,house,178,mail,4,19
PIERCE,house,178,mail,5,18
PIERCE,house,178,mail,6,27
PIERCE,house,178,mail,7,17
PIERCE,house,178,mail,8,22
PIERCE,house,178,mail,10,7
PIERCE,house,178,mail,11,18
PIERCE,house,178,mail,12,19
PIERCE,house,178,mail,13,36
PIERCE,house,178,mail,14,23
PIERCE,house,178,mail,15,19
PIERCE,house,178,mail,17,14
PIERCE,house,178,mail,18,35
PIERCE,house,178,mail,19,25
PIERCE,house,178,mail,20,11
PIERCE,house,178,mail,21,12
PIERCE,house,178,mail,22,9
PIERCE,house,178,mail,25,5
PIERCE,house,178,mail,26,6
PIERCE,senate,8,inperson,4,603
PIERCE,senate,8,inperson,5,322
PIERCE,senate,8,inperson,6,309
PIERCE,senate,8,inperson,7,356
PIERCE,senate,8,inperson,8,367
PIERCE,senate,8,inperson,10,355
PIERCE,senate,8,inperson,11,544
PIERCE,senate,8,inperson,12,398
PIERCE,senate,8,inperson,13,406
PIERCE,senate,8,inperson,14,494
PIERCE,senate,8,inperson,15,555
PIERCE,senate,8,inperson,17,344
PIERCE,senate,8,inperson,18,766
PIERCE,senate,8,inperson,19,645
PIERCE,senate,8,inperson,20,639
PIERCE,senate,8,inperson,21,631
PIERCE,senate,8,mail,0,8
PIERCE,senate,8,mail,1,17
PIERCE,senate,8,mail,4,19
PIERCE,senate,8,mail,5,18
PIERCE,senate,8,mail,6,27
PIERCE,senate,8,mail,7,17
PIERCE,senate,8,mail,8,22
PIERCE,senate,8,mail,10,7
PIERCE,senate,8,mail,11,18
PIERCE,senate,8,mail,12,19
PIERCE,senate,8,mail,13,36
PIERCE,senate,8,mail,14,23
PIERCE,senate,8,mail,15,19
PIERCE,senate,8,mail,17,14
PIERCE,senate,8,mail,18,35
PIERCE,senate,8,mail,19,25
PIERCE,senate,8,mail,20,11
PIERCE,senate,8,mail,21,12
PIERCE,senate,8,mail,22,9
PIERCE,senate,8,mail,25,5
PIERCE,senate,8,mail,26,6
PIKE,house,135,inperson,4,651
PIKE,house,135,inperson,5,397
PIKE,house,135,inperson,6,440
PIKE,house,135,inperson,7,475
PIKE,house,135,inperson,8,533
PIKE,house,135,inperson,10,529
PIKE,house,135,inperson,11,778
PIKE,house,135,inperson,12,626
PIKE,house,135,inperson,13,263
PIKE,house,135,inperson,14,626
PIKE,house,135,inperson,15,694
PIKE,house,135,inperson,17,409
PIKE,house,135,inperson,18,780
PIKE,house,135,inperson,19,674
PIKE,house,135,inperson,20,701
PIKE,house,135,inperson,21,796
PIKE,house,135,mail,0,16
PIKE,house,135,mail,1,28
PIKE,house,135,mail,4,19
PIKE,house,135,mail,5,16
PIKE,house,135,mail,6,9
PIKE,house,135,mail,7,30
PIKE,house,135,mail,8,42
PIKE,house,135,mail,11,26
PIKE,house,135,mail,12,2
PIKE,house,135,mail,13,28
PIKE,house,135,mail,14,23
PIKE,house,135,mail,15,4
PIKE,house,135,mail,17,45
PIKE,house,135,mail,18,46
PIKE,house,135,mail,19,22
PIKE,house,135,mail,20,39
PIKE,house,135,mail,22,43
PIKE,house,135,mail,26,23
PIKE,house,135,mail,27,1
PIKE,senate,16,inperson,4,651
PIKE,senate,16,inperson,5,397
PIKE,senate,16,inperson,6,440
PIKE,senate,16,inperson,7,475
PIKE,senate,16,inperson,8,533
PIKE,senate,16,inperson,10,529
PIKE,senate,16,inperson,11,778
PIKE,senate,16,inperson,12,626
PIKE,senate,16,inperson,13,263
PIKE,senate,16,inperson,14,626
PIKE,senate,16,inperson,15,694
PIKE,senate,16,inperson,17,409
PIKE,senate,16,inperson,18,780
PIKE,senate,16,inperson,19,674
PIKE,senate,16,inperson,20,701
PIKE,senate,16,inperson,21,796
PIKE,senate,16,mail,0,16
PIKE,senate,16,mail,1,28
PIKE,senate,16,mail,4,19
PIKE,senate,16,mail,5,16
PIKE,senate,16,mail,6,9
PIKE,senate,16,mail,7,30
PIKE,senate,16,mail,8,42
PIKE,senate,16,mail,11,26
PIKE,senate,16,mail,12,2
PIKE,senate,16,mail,13,28
PIKE,senate,16,mail,14,23
PIKE,senate,16,mail,15,4
PIKE,senate,16,mail,17,45
PIKE,senate,16,mail,18,46
PIKE,senate,16,mail,19,22
PIKE,senate,16,mail,20,39
PIKE,senate,16,mail,22,43
PIKE,senate,16,mail,26,23
PIKE,senate,16,mail,27,1
POLK,house,16,inperson,4,1096
POLK,house,16,inperson,5,637
POLK,house,16,inperson,6,599
POLK,house,16,inperson,7,623
POLK,house,16,inperson,8,673
POLK,house,16,inperson,10,675
POLK,house,16,inperson,11,886
POLK,house,16,inperson,12,698
POLK,house,16,inperson,13,714
POLK,house,16,inperson,14,854
POLK,house,16,inperson,15,990
POLK,house,16,inperson,17,650
POLK,house,16,inperson,18,1275
POLK,house,16,inperson,19,1133
POLK,house,16,inperson,20,1278
POLK,house,16,inperson,21,1527
POLK,house,16,mail,0,19
POLK,house,16,mail,1,47
POLK,house,16,mail,4,12
POLK,house,16,mail,5,3
POLK,house,16,mail,6,17
POLK,house,16,mail,7,31
POLK,house,16,mail,8,48
POLK,house,16,mail,11,44
POLK,house,16,mail,12,13
POLK,house,16,mail,13,50
POLK,house,16,mail,14,57
POLK,house,16,mail,15,25
POLK,house,16,mail,18,56
POLK,house,16,mail,19,22
POLK,house,16,mail,20,81
POLK,house,16,mail,21,37
POLK,house,16,mail,22,13
POLK,house,16,mail,25,41
POLK,house,16,mail,26,26
POLK,house,16,mail,27,7
POLK,house,16,mail,28,2
POLK,house,16,mail,29,2
POLK,house,16,mail,33,1
POLK,house,16,mail,35,1
POLK,senate,31,inperson,4,1096
POLK,senate,31,inperson,5,637
POLK,senate,31,inperson,6,599
POLK,senate,31,inperson,7,623
POLK,senate,31,inperson,8,673
POLK,senate,31,inperson,10,675
POLK,senate,31,inperson,11,886
POLK,senate,31,inperson,12,698
POLK,senate,31,inperson,13,714
POLK,senate,31,inperson,14,854
POLK,senate,31,inperson,15,990
POLK,senate,31,inperson,17,650
POLK,senate,31,inperson,18,1275
POLK,senate,31,inperson,19,1133
POLK,senate,31,inperson,20,1278
POLK,senate,31,inperson,21,1527
POLK,senate,31,mail,0,19
POLK,senate,31,mail,1,47
POLK,senate,31,mail,4,12
POLK,senate,31,mail,5,3
POLK,senate,31,mail,6,17
POLK,senate,31,mail,7,31
POLK,senate,31,mail,8,48
POLK,senate,31,mail,11,44
POLK,senate,31,mail,12,13
POLK,senate,31,mail,13,50
POLK,senate,31,mail,14,57
POLK,senate,31,mail,15,25
POLK,senate,31,mail,18,56
POLK,senate,31,mail,19,22
POLK,senate,31,mail,20,81
POLK,senate,31,mail,21,37
POLK,senate,31,mail,22,13
POLK,senate,31,mail,25,41
POLK,senate,31,mail,26,26
POLK,senate,31,mail,27,7
POLK,senate,31,mail,28,2
POLK,senate,31,mail,29,2
POLK,senate,31,mail,33,1
POLK,senate,31,mail,35,1
PULASKI,house,148,inperson,4,265
PULASKI,house,148,inperson,5,160
PULASKI,house,148,inperson,6,147
PULASKI,house,148,inperson,7,149
PULASKI,house,148,inperson,8,161
PULASKI,house,148,inperson,10,98
PULASKI,house,148,inperson,11,201
PULASKI,house,148,inperson,12,154
PULASKI,house,148,inperson,13,153
PULASKI,house,148,inperson,14,190
PULASKI,house,148,inperson,15,230
PULASKI,house,148,inperson,17,111
PULASKI,house,148,inperson,18,297
PULASKI,house,148,inperson,19,273
PULASKI,house,148,inperson,20,367
PULASKI,house,148,inperson,21,410
PULASKI,house,148,mail,0,4
PULASKI,house,148,mail,1,9
PULASKI,house,148,mail,4,3
PULASKI,house,148,mail,5,3
PULASKI,house,148,mail,6,6
PULASKI,house,148,mail,7,4
PULASKI,house,148,mail,8,5
PULASKI,house,148,mail,10,4
PULASKI,house,148,mail,11,8
PULASKI,house,148,mail,12,8
PULASKI,house,148,mail,13,9
PULASKI,house,148,mail,14,16
PULASKI,house,148,mail,15,13
PULASKI,house,148,mail,17,2
PULASKI,house,148,mail,18,10
PULASKI,house,148,mail,19,22
PULASKI,house,148,mail,20,20
PULASKI,house,148,mail,21,33
PULASKI,house,148,mail,25,9
PULASKI,house,148,mail,26,12
PULASKI,house,148,mail,27,9
PULASKI,house,148,mail,28,1
PULASKI,house,148,mail,34,1
PULASKI,senate,20,inperson,4,265
PULASKI,senate,20,inperson,5,160
PULASKI,senate,20,inperson,6,147
PULASKI,senate,20,inperson,7,149
PULASKI,senate,20,inperson,8,161
PULASKI,senate,20,inperson,10,98
PULASKI,senate,20,inperson,11,201
PULASKI,senate,20,inperson,12,154
PULASKI,senate,20,inperson,13,153
PULASKI,senate,20,inperson,14,190
PULASKI,senate,20,inperson,15,230
PULASKI,senate,20,inperson,17,111
PULASKI,senate,20,inperson,18,297
PULASKI,senate,20,inperson,19,273
PULASKI,senate,20,inperson,20,367
PULASKI,senate,20,inperson,21,410
PULASKI,senate,20,mail,0,4
PULASKI,senate,20,mail,1,9
PULASKI,senate,20,mail,4,3
PULASKI,senate,20,mail,5,3
PULASKI,senate,20,mail,6,6
PULASKI,senate,20,mail,7,4
PULASKI,senate,20,mail,8,5
PULASKI,senate,20,mail,10,4
PULASKI,senate,20,mail,11,8
PULASKI,senate,20,mail,12,8
PULASKI,senate,20,mail,13,9
PULASKI,senate,20,mail,14,16
PULASKI,senate,20,mail,15,13
PULASKI,senate,20,mail,17,2
PULASKI,senate,20,mail,18,10
PULASKI,senate,20,mail,19,22
PULASKI,senate,20,mail,20,20
PULASKI,senate,20,mail,21,33
PULASKI,senate,20,mail,25,9
PULASKI,senate,20,mail,26,12
PULASKI,senate,20,mail,27,9
PULASKI,senate,20,mail,28,1
PULASKI,senate,20,mail,34,1
PUTNAM,house,124,inperson,4,338
PUTNAM,house,124,inperson,5,186
PUTNAM,house,124,inperson,6,238
PUTNAM,house,124,inperson,7,262
PUTNAM,house,124,inperson,8,265
PUTNAM,house,124,inperson,10,205
PUTNAM,house,124,inperson,11,312
PUTNAM,house,124,inperson,12,299
PUTNAM,house,124,inperson,13,316
PUTNAM,house,124,inperson,14,403
PUTNAM,house,124,inperson,15,429
PUTNAM,house,124,inperson,17,174
PUTNAM,house,124,inperson,18,414
PUTNAM,house,124,inperson,19,454
PUTNAM,house,124,inperson,20,437
PUTNAM,house,124,inperson,21,496
PUTNAM,house,124,mail,0,22
PUTNAM,house,124,mail,1,31
PUTNAM,house,124,mail,4,13
PUTNAM,house,124,mail,5,23
PUTNAM,house,124,mail,6,22
PUTNAM,house,124,mail,7,22
PUTNAM,house,124,mail,8,36
PUTNAM,house,124,mail,10,7
PUTNAM,house,124,mail,11,42
PUTNAM,house,124,mail,12,24
PUTNAM,house,124,mail,13,20
PUTNAM,house,124,mail,14,63
PUTNAM,house,124,mail,15,29
PUTNAM,house,124,mail,17,27
PUTNAM,house,124,mail,18,9
PUTNAM,house,124,mail,19,29
PUTNAM,house,124,mail,20,12
PUTNAM,house,124,mail,21,5
PUTNAM,house,124,mail,29,1
PUTNAM,house,144,inperson,4,286
PUTNAM,house,144,inperson,5,179
PUTNAM,house,144,inperson,6,192
PUTNAM,house,144,inperson,7,192
PUTNAM,house,144,inperson,8,219
PUTNAM,house,144,inperson,10,150
PUTNAM,house,144,inperson,11,232
PUTNAM,house,144,inperson,12,229
PUTNAM,house,144,inperson,13,252
PUTNAM,house,144,inperson,14,299
PUTNAM,house,144,inperson,15,317
PUTNAM,house,144,inperson,17,187
PUTNAM,house,144,inperson,18,371
PUTNAM,house,144,inperson,19,355
PUTNAM,house,144,inperson,20,423
PUTNAM,house,144,inperson,21,416
PUTNAM,house,144,mail,0,17
PUTNAM,house,144,mail,1,17
PUTNAM,house,144,mail,4,6
PUTNAM,house,144,mail,5,26
PUTNAM,house,144,mail,6,15
PUTNAM,house,144,mail,7,20
PUTNAM,house,144,mail,8,34
PUTNAM,house,144,mail,10,3
PUTNAM,house,144,mail,11,23
PUTNAM,house,144,mail,12,24
PUTNAM,house,144,mail,13,24
PUTNAM,house,144,mail,14,55
PUTNAM,house,144,mail,15,43
PUTNAM,house,144,mail,17,9
PUTNAM,house,144,mail,18,1
PUTNAM,house,144,mail,19,25
PUTNAM,house,144,mail,20,3
PUTNAM,house,144,mail,21,7
PUTNAM,house,144,mail,27,2
PUTNAM,house,144,mail,32,1
PUTNAM,senate,25,inperson,4,624
PUTNAM,senate,25,inperson,5,365
PUTNAM,senate,25,inperson,6,430
PUTNAM,senate,25,inperson,7,454
PUTNAM,senate,25,inperson,8,484
PUTNAM,senate,25,inperson,10,355
PUTNAM,senate,25,inperson,11,544
PUTNAM,senate,25,inperson,12,528
PUTNAM,senate,25,inperson,13,568
PUTNAM,senate,25,inperson,14,702
PUTNAM,senate,25,inperson,15,746
PUTNAM,senate,25,inperson,17,361
PUTNAM,senate,25,inperson,18,785
PUTNAM,senate,25,inperson,19,809
PUTNAM,senate,25,inperson,20,860
PUTNAM,senate,25,inperson,21,912
PUTNAM,senate,25,mail,0,39
PUTNAM,senate,25,mail,1,48
PUTNAM,senate,25,mail,4,19
PUTNAM,senate,25,mail,5,49
PUTNAM,senate,25,mail,6,37
PUTNAM,senate,25,mail,7,42
PUTNAM,senate,25,mail,8,70
PUTNAM,senate,25,mail,10,10
PUTNAM,senate,25,mail,11,65
PUTNAM,senate,25,mail,12,48
PUTNAM,senate,25,mail,13,44
PUTNAM,senate,25,mail,14,118
PUTNAM,senate,25,mail,15,72
PUTNAM,senate,25,mail,17,36
PUTNAM,senate,25,mail,18,10
PUTNAM,senate,25,mail,19,54
PUTNAM,senate,25,mail,20,15
PUTNAM,senate,25,mail,21,12
PUTNAM,senate,25,mail,27,2
PUTNAM,senate,25,mail,29,1
PUTNAM,senate,25,mail,32,1
QUITMAN,house,154,inperson,4,60
QUITMAN,house,154,inperson,5,32
QUITMAN,house,154,inperson,6,41
QUITMAN,house,154,inperson,7,34
QUITMAN,house,154,inperson,8,34
QUITMAN,house,154,inperson,10,17
QUITMAN,house,154,inperson,11,41
QUITMAN,house,154,inperson,12,36
QUITMAN,house,154,inperson,13,54
QUITMAN,house,154,inperson,14,35
QUITMAN,house,154,inperson,15,44
QUITMAN,house,154,inperson,17,26
QUITMAN,house,154,inperson,18,52
QUITMAN,house,154,inperson,19,64
QUITMAN,house,154,inperson,20,76
QUITMAN,house,154,inperson,21,102
QUITMAN,house,154,mail,0,1
QUITMAN,house,154,mail,1,8
QUITMAN,house,154,mail,4,5
QUITMAN,house,154,mail,5,5
QUITMAN,house,154,mail,7,6
QUITMAN,house,154,mail,11,4
QUITMAN,house,154,mail,13,3
QUITMAN,house,154,mail,15,9
QUITMAN,house,154,mail,18,4
QUITMAN,house,154,mail,20,4
QUITMAN,house,154,mail,21,5
QUITMAN,senate,12,inperson,4,60
QUITMAN,senate,12,inperson,5,32
QUITMAN,senate,12,inperson,6,41
QUITMAN,senate,12,inperson,7,34
QUITMAN,senate,12,inperson,8,34
QUITMAN,senate,12,inperson,10,17
QUITMAN,senate,12,inperson,11,41
QUITMAN,senate,12,inperson,12,36
QUITMAN,senate,12,inperson,13,54
QUITMAN,senate,12,inperson,14,35
QUITMAN,senate,12,inperson,15,44
QUITMAN,senate,12,inperson,17,26
QUITMAN,senate,12,inperson,18,52
QUITMAN,senate,12,inperson,19,64
QUITMAN,senate,12,inperson,20,76
QUITMAN,senate,12,inperson,21,102
QUITMAN,senate,12,mail,0,1
QUITMAN,senate,12,mail,1,8
QUITMAN,senate,12,mail,4,5
QUITMAN,senate,12,mail,5,5
QUITMAN,senate,12,mail,7,6
QUITMAN,senate,12,mail,11,4
QUITMAN,senate,12,mail,13,3
QUITMAN,senate,12,mail,15,9
QUITMAN,senate,12,mail,18,4
QUITMAN,senate,12,mail,20,4
QUITMAN,senate,12,mail,21,5
RABUN,house,10,inperson,4,492
RABUN,house,10,inperson,5,355
RABUN,house,10,inperson,6,388
RABUN,house,10,inperson,7,392
RABUN,house,10,inperson,8,431
RABUN,house,10,inperson,10,248
RABUN,house,10,inperson,11,516
RABUN,house,10,inperson,12,449
RABUN,house,10,inperson,13,504
RABUN,house,10,inperson,14,640
RABUN,house,10,inperson,15,608
RABUN,house,10,inperson,17,255
RABUN,house,10,inperson,18,736
RABUN,house,10,inperson,19,703
RABUN,house,10,inperson,20,800
RABUN,house,10,inperson,21,909
RABUN,house,10,mail,0,14
RABUN,house,10,mail,1,15
RABUN,house,10,mail,3,10
RABUN,house,10,mail,4,26
RABUN,house,10,mail,5,18
RABUN,house,10,mail,6,20
RABUN,house,10,mail,7,31
RABUN,house,10,mail,8,40
RABUN,house,10,mail,10,20
RABUN,house,10,mail,11,35
RABUN,house,10,mail,12,34
RABUN,house,10,mail,13,29
RABUN,house,10,mail,14,41
RABUN,house,10,mail,15,40
RABUN,house,10,mail,17,26
RABUN,house,10,mail,18,55
RABUN,house,10,mail,19,33
RABUN,house,10,mail,20,43
RABUN,house,10,mail,21,56
RABUN,house,10,mail,22,34
RABUN,house,10,mail,25,69
RABUN,house,10,mail,26,3
RABUN,house,10,mail,27,19
RABUN,house,10,mail,28,3
RABUN,house,10,mail,33,3
RABUN,house,10,mail,40,1
RABUN,house,10,mail,41,1
RABUN,senate,50,inperson,4,492
RABUN,senate,50,inperson,5,355
RABUN,senate,50,inperson,6,388
RABUN,senate,50,inperson,7,392
RABUN,senate,50,inperson,8,431
RABUN,senate,50,inperson,10,248
RABUN,senate,50,inperson,11,516
RABUN,senate,50,inperson,12,449
RABUN,senate,50,inperson,13,504
RABUN,senate,50,inperson,14,640
RABUN,senate,50,inperson,15,608
RABUN,senate,50,inperson,17,255
RABUN,senate,50,inperson,18,736
RABUN,senate,50,inperson,19,703
RABUN,senate,50,inperson,20,800
RABUN,senate,50,inperson,21,909
RABUN,senate,50,mail,0,14
RABUN,senate,50,mail,1,15
RABUN,senate,50,mail,3,10
RABUN,senate,50,mail,4,26
RABUN,senate,50,mail,5,18
RABUN,senate,50,mail,6,20
RABUN,senate,50,mail,7,31
RABUN,senate,50,mail,8,40
RABUN,senate,50,mail,10,20
RABUN,senate,50,mail,11,35
RABUN,senate,50,mail,12,34
RABUN,senate,50,mail,13,29
RABUN,senate,50,mail,14,41
RABUN,senate,50,mail,15,40
RABUN,senate,50,mail,17,26
RABUN,senate,50,mail,18,55
RABUN,senate,50,mail,19,33
RABUN,senate,50,mail,20,43
RABUN,senate,50,mail,21,56
RABUN,senate,50,mail,22,34
RABUN,senate,50,mail,25,69
RABUN,senate,50,mail,26,3
RABUN,senate,50,mail,27,19
RABUN,senate,50,mail,28,3
RABUN,senate,50,mail,33,3
RABUN,senate,50,mail,40,1
RABUN,senate,50,mail,41,1
RANDOLPH,house,154,inperson,4,168
RANDOLPH,house,154,inperson,5,96
RANDOLPH,house,154,inperson,6,85
RANDOLPH,house,154,inperson,7,81
RANDOLPH,house,154,inperson,8,100
RANDOLPH,house,154,inperson,10,72
RANDOLPH,house,154,inperson,11,134
RANDOLPH,house,154,inperson,12,107
RANDOLPH,house,154,inperson,13,103
RANDOLPH,house,154,inperson,14,112
RANDOLPH,house,154,inperson,15,109
RANDOLPH,house,154,inperson,17,61
RANDOLPH,house,154,inperson,18,132
RANDOLPH,house,154,inperson,19,126
RANDOLPH,house,154,inperson,20,167
RANDOLPH,house,154,inperson,21,191
RANDOLPH,house,154,mail,0,10
RANDOLPH,house,154,mail,1,1
RANDOLPH,house,154,mail,4,9
RANDOLPH,house,154,mail,5,8
RANDOLPH,house,154,mail,6,2
RANDOLPH,house,154,mail,7,3
RANDOLPH,house,154,mail,8,5
RANDOLPH,house,154,mail,11,11
RANDOLPH,house,154,mail,12,6
RANDOLPH,house,154,mail,13,7
RANDOLPH,house,154,mail,14,14
RANDOLPH,house,154,mail,15,10
RANDOLPH,house,154,mail,17,5
RANDOLPH,house,154,mail,18,19
RANDOLPH,house,154,mail,19,13
RANDOLPH,house,154,mail,20,16
RANDOLPH,house,154,mail,21,14
RANDOLPH,senate,12,inperson,4,168
RANDOLPH,senate,12,inperson,5,96
RANDOLPH,senate,12,inperson,6,85
RANDOLPH,senate,12,inperson,7,81
RANDOLPH,senate,12,inperson,8,100
RANDOLPH,senate,12,inperson,10,72
RANDOLPH,senate,12,inperson,11,134
RANDOLPH,senate,12,inperson,12,107
RANDOLPH,senate,12,inperson,13,103
RANDOLPH,senate,12,inperson,14,112
RANDOLPH,senate,12,inperson,15,109
RANDOLPH,senate,12,inperson,17,61
RANDOLPH,senate,12,inperson,18,132
RANDOLPH,senate,12,inperson,19,126
RANDOLPH,senate,12,inperson,20,167
RANDOLPH,senate,12,inperson,21,191
RANDOLPH,senate,12,mail,0,10
RANDOLPH,senate,12,mail,1,1
RANDOLPH,senate,12,mail,4,9
RANDOLPH,senate,12,mail,5,8
RANDOLPH,senate,12,mail,6,2
RANDOLPH,senate,12,mail,7,3
RANDOLPH,senate,12,mail,8,5
RANDOLPH,senate,12,mail,11,11
RANDOLPH,senate,12,mail,12,6
RANDOLPH,senate,12,mail,13,7
RANDOLPH,senate,12,mail,14,14
RANDOLPH,senate,12,mail,15,10
RANDOLPH,senate,12,mail,17,5
RANDOLPH,senate,12,mail,18,19
RANDOLPH,senate,12,mail,19,13
RANDOLPH,senate,12,mail,20,16
RANDOLPH,senate,12,mail,21,14
RICHMOND,house,126,inperson,4,744
RICHMOND,house,126,inperson,5,463
RICHMOND,house,126,inperson,6,442
RICHMOND,house,126,inperson,7,396
RICHMOND,house,126,inperson,8,461
RICHMOND,house,126,inperson,9,35
RICHMOND,house,126,inperson,10,343
RICHMOND,house,126,inperson,11,559
RICHMOND,house,126,inperson,12,441
RICHMOND,house,126,inperson,13,473
RICHMOND,house,126,inperson,14,506
RICHMOND,house,126,inperson,15,647
RICHMOND,house,126,inperson,17,294
RICHMOND,house,126,inperson,18,677
RICHMOND,house,126,inperson,19,601
RICHMOND,house,126,inperson,20,846
RICHMOND,house,126,inperson,21,984
RICHMOND,house,126,mail,0,32
RICHMOND,house,126,mail,1,73
RICHMOND,house,126,mail,4,30
RICHMOND,house,126,mail,5,18
RICHMOND,house,126,mail,6,23
RICHMOND,house,126,mail,7,16
RICHMOND,house,126,mail,8,41
RICHMOND,house,126,mail,9,14
RICHMOND,house,126,mail,11,72
RICHMOND,house,126,mail,12,32
RICHMOND,house,126,mail,13,73
RICHMOND,house,126,mail,14,54
RICHMOND,house,126,mail,15,19
RICHMOND,house,126,mail,17,95
RICHMOND,house,126,mail,18,11
RICHMOND,house,126,mail,19,123
RICHMOND,house,126,mail,20,6
RICHMOND,house,126,mail,21,14
RICHMOND,house,126,mail,25,3
RICHMOND,house,126,mail,26,1
RICHMOND,house,126,mail,28,6
RICHMOND,house,126,mail,33,1
RICHMOND,house,126,mail,42,1
RICHMOND,house,127,inperson,4,588
RICHMOND,house,127,inperson,5,394
RICHMOND,house,127,inperson,6,362
RICHMOND,house,127,inperson,7,408
RICHMOND,house,127,inperson,8,404
RICHMOND,house,127,inperson,9,40
RICHMOND,house,127,inperson,10,248
RICHMOND,house,127,inperson,11,455
RICHMOND,house,127,inperson,12,398
RICHMOND,house,127,inperson,13,380
RICHMOND,house,127,inperson,14,498
RICHMOND,house,127,inperson,15,480
RICHMOND,house,127,inperson,17,242
RICHMOND,house,127,inperson,18,556
RICHMOND,house,127,inperson,19,462
RICHMOND,house,127,inperson,20,508
RICHMOND,house,127,inperson,21,625
RICHMOND,house,127,mail,0,34
RICHMOND,house,127,mail,1,64
RICHMOND,house,127,mail,4,27
RICHMOND,house,127,mail,5,18
RICHMOND,house,127,mail,6,19
RICHMOND,house,127,mail,7,32
RICHMOND,house,127,mail,8,48
RICHMOND,house,127,mail,9,19
RICHMOND,house,127,mail,11,36
RICHMOND,house,127,mail,12,37
RICHMOND,house,127,mail,13,45
RICHMOND,house,127,mail,14,37
RICHMOND,house,127,mail,15,11
RICHMOND,house,127,mail,17,50
RICHMOND,house,127,mail,18,1
RICHMOND,house,127,mail,19,37
RICHMOND,house,127,mail,20,4
RICHMOND,house,127,mail,21,14
RICHMOND,house,127,mail,25,2
RICHMOND,house,127,mail,26,1
RICHMOND,house,127,mail,28,2
RICHMOND,house,127,mail,33,3
RICHMOND,house,129,inperson,4,1192
RICHMOND,house,129,inperson,5,771
RICHMOND,house,129,inperson,6,705
RICHMOND,house,129,inperson,7,778
RICHMOND,house,129,inperson,8,723
RICHMOND,house,129,inperson,9,180
RICHMOND,house,129,inperson,10,526
RICHMOND,house,129,inperson,11,832
RICHMOND,house,129,inperson,12,635
RICHMOND,house,129,inperson,13,670
RICHMOND,house,129,inperson,14,760
RICHMOND,house,129,inperson,15,857
RICHMOND,house,129,inperson,17,416
RICHMOND,house,129,inperson,18,870
RICHMOND,house,129,inperson,19,725
RICHMOND,house,129,inperson,20,868
RICHMOND,house,129,inperson,21,997
RICHMOND,house,129,mail,0,77
RICHMOND,house,129,mail,1,147
RICHMOND,house,129,mail,4,63
RICHMOND,house,129,mail,5,55
RICHMOND,house,129,mail,6,47
RICHMOND,house,129,mail,7,46
RICHMOND,house,129,mail,8,76
RICHMOND,house,129,mail,9,18
RICHMOND,house,129,mail,11,70
RICHMOND,house,129,mail,12,89
RICHMOND,house,129,mail,13,123
RICHMOND,house,129,mail,14,76
RICHMOND,house,129,mail,15,44
RICHMOND,house,129,mail,17,144
RICHMOND,house,129,mail,18,6
RICHMOND,house,129,mail,19,157
RICHMOND,house,129,mail,20,8
RICHMOND,house,129,mail,21,15
RICHMOND,house,129,mail,25,5
RICHMOND,house,129,mail,26,3
RICHMOND,house,129,mail,28,3
RICHMOND,house,129,mail,32,2
RICHMOND,house,129,mail,33,9
RICHMOND,house,130,inperson,4,1306
RICHMOND,house,130,inperson,5,811
RICHMOND,house,130,inperson,6,753
RICHMOND,house,130,inperson,7,695
RICHMOND,house,130,inperson,8,731
RICHMOND,house,130,inperson,9,126
RICHMOND,house,130,inperson,10,589
RICHMOND,house,130,inperson,11,787
RICHMOND,house,130,inperson,12,702
RICHMOND,house,130,inperson,13,768
RICHMOND,house,130,inperson,14,737
RICHMOND,house,130,inperson,15,925
RICHMOND,house,130,inperson,17,463
RICHMOND,house,130,inperson,18,858
RICHMOND,house,130,inperson,19,835
RICHMOND,house,130,inperson,20,1024
RICHMOND,house,130,inperson,21,1132
RICHMOND,house,130,mail,0,56
RICHMOND,house,130,mail,1,103
RICHMOND,house,130,mail,4,47
RICHMOND,house,130,mail,5,55
RICHMOND,house,130,mail,6,56
RICHMOND,house,130,mail,7,34
RICHMOND,house,130,mail,8,74
RICHMOND,house,130,mail,9,22
RICHMOND,house,130,mail,11,88
RICHMOND,house,130,mail,12,58
RICHMOND,house,130,mail,13,108
RICHMOND,house,130,mail,14,119
RICHMOND,house,130,mail,15,54
RICHMOND,house,130,mail,17,144
RICHMOND,house,130,mail,18,20
RICHMOND,house,130,mail,19,177
RICHMOND,house,130,mail,20,9
RICHMOND,house,130,mail,21,13
RICHMOND,house,130,mail,25,4
RICHMOND,house,130,mail,26,2
RICHMOND,house,130,mail,28,3
RICHMOND,house,130,mail,32,1
RICHMOND,house,130,mail,40,1
RICHMOND,house,132,inperson,4,928
RICHMOND,house,132,inperson,5,499
RICHMOND,house,132,inperson,6,564
RICHMOND,house,132,inperson,7,508
RICHMOND,house,132,inperson,8,529
RICHMOND,house,132,inperson,9,123
RICHMOND,house,132,inperson,10,425
RICHMOND,house,132,inperson,11,549
RICHMOND,house,132,inperson,12,478
RICHMOND,house,132,inperson,13,521
RICHMOND,house,132,inperson,14,563
RICHMOND,house,132,inperson,15,666
RICHMOND,house,132,inperson,17,440
RICHMOND,house,132,inperson,18,695
RICHMOND,house,132,inperson,19,651
RICHMOND,house,132,inperson,20,708
RICHMOND,house,132,inperson,21,891
RICHMOND,house,132,mail,0,47
RICHMOND,house,132,mail,1,110
RICHMOND,house,132,mail,4,37
RICHMOND,house,132,mail,5,49
RICHMOND,house,132,mail,6,20
RICHMOND,house,132,mail,7,31
RICHMOND,house,132,mail,8,62
RICHMOND,house,132,mail,9,20
RICHMOND,house,132,mail,11,99
RICHMOND,house,132,mail,12,58
RICHMOND,house,132,mail,13,84
RICHMOND,house,132,mail,14,89
RICHMOND,house,132,mail,15,38
RICHMOND,house,132,mail,17,113
RICHMOND,house,132,mail,18,9
RICHMOND,house,132,mail,19,99
RICHMOND,house,132,mail,20,3
RICHMOND,house,132,mail,21,20
RICHMOND,house,132,mail,25,4
RICHMOND,house,132,mail,26,2
RICHMOND,house,132,mail,28,1
RICHMOND,house,132,mail,32,1
RICHMOND,house,132,mail,33,5
RICHMOND,house,132,mail,41,1
RICHMOND,house,55,inperson,11,1
RICHMOND,senate,22,inperson,4,4434
RICHMOND,senate,22,inperson,5,2722
RICHMOND,senate,22,inperson,6,2630
RICHMOND,senate,22,inperson,7,2591
RICHMOND,senate,22,inperson,8,2654
RICHMOND,senate,22,inperson,9,482
RICHMOND,senate,22,inperson,10,1983
RICHMOND,senate,22,inperson,11,2952
RICHMOND,senate,22,inperson,12,2443
RICHMOND,senate,22,inperson,13,2574
RICHMOND,senate,22,inperson,14,2840
RICHMOND,senate,22,inperson,15,3323
RICHMOND,senate,22,inperson,17,1738
RICHMOND,senate,22,inperson,18,3397
RICHMOND,senate,22,inperson,19,3055
RICHMOND,senate,22,inperson,20,3697
RICHMOND,senate,22,inperson,21,4355
RICHMOND,senate,22,mail,0,233
RICHMOND,senate,22,mail,1,469
RICHMOND,senate,22,mail,4,196
RICHMOND,senate,22,mail,5,179
RICHMOND,senate,22,mail,6,146
RICHMOND,senate,22,mail,7,155
RICHMOND,senate,22,mail,8,274
RICHMOND,senate,22,mail,9,91
RICHMOND,senate,22,mail,11,347
RICHMOND,senate,22,mail,12,258
RICHMOND,senate,22,mail,13,410
RICHMOND,senate,22,mail,14,356
RICHMOND,senate,22,mail,15,161
RICHMOND,senate,22,mail,17,523
RICHMOND,senate,22,mail,18,42
RICHMOND,senate,22,mail,19,552
RICHMOND,senate,22,mail,20,30
RICHMOND,senate,22,mail,21,74
RICHMOND,senate,22,mail,25,16
RICHMOND,senate,22,mail,26,9
RICHMOND,senate,22,mail,28,14
RICHMOND,senate,22,mail,32,4
RICHMOND,senate,22,mail,33,18
RICHMOND,senate,22,mail,40,1
RICHMOND,senate,22,mail,41,1
RICHMOND,senate,22,mail,42,1
RICHMOND,senate,23,inperson,4,324
RICHMOND,senate,23,inperson,5,216
RICHMOND,senate,23,inperson,6,196
RICHMOND,senate,23,inperson,7,194
RICHMOND,senate,23,inperson,8,194
RICHMOND,senate,23,inperson,9,22
RICHMOND,senate,23,inperson,10,148
RICHMOND,senate,23,inperson,11,230
RICHMOND,senate,23,inperson,12,211
RICHMOND,senate,23,inperson,13,238
RICHMOND,senate,23,inperson,14,224
RICHMOND,senate,23,inperson,15,252
RICHMOND,senate,23,inperson,17,117
RICHMOND,senate,23,inperson,18,259
RICHMOND,senate,23,inperson,19,219
RICHMOND,senate,23,inperson,20,257
RICHMOND,senate,23,inperson,21,274
RICHMOND,senate,23,mail,0,13
RICHMOND,senate,23,mail,1,28
RICHMOND,senate,23,mail,4,8
RICHMOND,senate,23,mail,5,16
RICHMOND,senate,23,mail,6,19
RICHMOND,senate,23,mail,7,4
RICHMOND,senate,23,mail,8,27
RICHMOND,senate,23,mail,9,2
RICHMOND,senate,23,mail,11,18
RICHMOND,senate,23,mail,12,16
RICHMOND,senate,23,mail,13,23
RICHMOND,senate,23,mail,14,19
RICHMOND,senate,23,mail,15,5
RICHMOND,senate,23,mail,17,23
RICHMOND,senate,23,mail,18,5
RICHMOND,senate,23,mail,19,41
RICHMOND,senate,23,mail,21,2
RICHMOND,senate,23,mail,25,2
RICHMOND,senate,23,mail,28,1
RICHMOND,senate,38,inperson,11,1
ROCKDALE,house,91,inperson,4,754
ROCKDALE,house,91,inperson,5,525
ROCKDALE,house,91,inperson,6,517
ROCKDALE,house,91,inperson,7,451
ROCKDALE,house,91,inperson,8,493
ROCKDALE,house,91,inperson,10,455
ROCKDALE,house,91,inperson,11,509
ROCKDALE,house,91,inperson,12,484
ROCKDALE,house,91,inperson,13,508
ROCKDALE,house,91,inperson,14,595
ROCKDALE,house,91,inperson,15,641
ROCKDALE,house,91,inperson,16,242
ROCKDALE,house,91,inperson,17,460
ROCKDALE,house,91,inperson,18,707
ROCKDALE,house,91,inperson,19,655
ROCKDALE,house,91,inperson,20,670
ROCKDALE,house,91,inperson,21,842
ROCKDALE,house,91,mail,0,50
ROCKDALE,house,91,mail,1,41
ROCKDALE,house,91,mail,4,40
ROCKDALE,house,91,mail,5,18
ROCKDALE,house,91,mail,6,24
ROCKDALE,house,91,mail,7,61
ROCKDALE,house,91,mail,8,21
ROCKDALE,house,91,mail,10,32
ROCKDALE,house,91,mail,11,65
ROCKDALE,house,91,mail,12,7
ROCKDALE,house,91,mail,13,26
ROCKDALE,house,91,mail,14,46
ROCKDALE,house,91,mail,15,75
ROCKDALE,house,91,mail,16,2
ROCKDALE,house,91,mail,17,69
ROCKDALE,house,91,mail,18,29
ROCKDALE,house,91,mail,19,69
ROCKDALE,house,91,mail,20,5
ROCKDALE,house,91,mail,21,51
ROCKDALE,house,91,mail,25,17
ROCKDALE,house,91,mail,26,12
ROCKDALE,house,91,mail,27,7
ROCKDALE,house,91,mail,28,2
ROCKDALE,house,91,mail,29,4
ROCKDALE,house,91,mail,31,7
ROCKDALE,house,92,inperson,4,1871
ROCKDALE,house,92,inperson,5,1148
ROCKDALE,house,92,inperson,6,1170
ROCKDALE,house,92,inperson,7,957
ROCKDALE,house,92,inperson,8,1048
ROCKDALE,house,92,inperson,10,1106
ROCKDALE,house,92,inperson,11,1128
ROCKDALE,house,92,inperson,12,1071
ROCKDALE,house,92,inperson,13,1014
ROCKDALE,house,92,inperson,14,1150
ROCKDALE,house,92,inperson,15,1335
ROCKDALE,house,92,inperson,16,629
ROCKDALE,house,92,inperson,17,1078
ROCKDALE,house,92,inperson,18,1693
ROCKDALE,house,92,inperson,19,1469
ROCKDALE,house,92,inperson,20,1641
ROCKDALE,house,92,inperson,21,1931
ROCKDALE,house,92,mail,0,105
ROCKDALE,house,92,mail,1,71
ROCKDALE,house,92,mail,4,57
ROCKDALE,house,92,mail,5,43
ROCKDALE,house,92,mail,6,63
ROCKDALE,house,92,mail,7,100
ROCKDALE,house,92,mail,8,44
ROCKDALE,house,92,mail,10,82
ROCKDALE,house,92,mail,11,98
ROCKDALE,house,92,mail,12,30
ROCKDALE,house,92,mail,13,48
ROCKDALE,house,92,mail,14,108
ROCKDALE,house,92,mail,15,169
ROCKDALE,house,92,mail,16,9
ROCKDALE,house,92,mail,17,111
ROCKDALE,house,92,mail,18,63
ROCKDALE,house,92,mail,19,245
ROCKDALE,house,92,mail,20,38
ROCKDALE,house,92,mail,21,67
ROCKDALE,house,92,mail,25,26
ROCKDALE,house,92,mail,26,27
ROCKDALE,house,92,mail,27,6
ROCKDALE,house,92,mail,29,3
ROCKDALE,house,92,mail,31,4
ROCKDALE,house,92,mail,41,3
ROCKDALE,house,92,mail,46,2
ROCKDALE,house,93,inperson,4,198
ROCKDALE,house,93,inperson,5,143
ROCKDALE,house,93,inperson,6,127
ROCKDALE,house,93,inperson,7,106
ROCKDALE,house,93,inperson,8,100
ROCKDALE,house,93,inperson,10,95
ROCKDALE,house,93,inperson,11,121
ROCKDALE,house,93,inperson,12,141
ROCKDALE,house,93,inperson,13,158
ROCKDALE,house,93,inperson,14,156
ROCKDALE,house,93,inperson,15,179
ROCKDALE,house,93,inperson,16,75
ROCKDALE,house,93,inperson,17,91
ROCKDALE,house,93,inperson,18,171
ROCKDALE,house,93,inperson,19,128
ROCKDALE,house,93,inperson,20,155
ROCKDALE,house,93,inperson,21,205
ROCKDALE,house,93,mail,0,13
ROCKDALE,house,93,mail,1,9
ROCKDALE,house,93,mail,4,9
ROCKDALE,house,93,mail,5,13
ROCKDALE,house,93,mail,6,5
ROCKDALE,house,93,mail,7,12
ROCKDALE,house,93,mail,8,3
ROCKDALE,house,93,mail,10,3
ROCKDALE,house,93,mail,11,8
ROCKDALE,house,93,mail,12,4
ROCKDALE,house,93,mail,13,5
ROCKDALE,house,93,mail,14,12
ROCKDALE,house,93,mail,15,20
ROCKDALE,house,93,mail,17,8
ROCKDALE,house,93,mail,18,5
ROCKDALE,house,93,mail,19,27
ROCKDALE,house,93,mail,20,1
ROCKDALE,house,93,mail,21,19
ROCKDALE,house,93,mail,25,3
ROCKDALE,house,93,mail,26,7
ROCKDALE,house,93,mail,29,1
ROCKDALE,senate,43,inperson,4,2823
ROCKDALE,senate,43,inperson,5,1816
ROCKDALE,senate,43,inperson,6,1814
ROCKDALE,senate,43,inperson,7,1514
ROCKDALE,senate,43,inperson,8,1641
ROCKDALE,senate,43,inperson,10,1656
ROCKDALE,senate,43,inperson,11,1758
ROCKDALE,senate,43,inperson,12,1696
ROCKDALE,senate,43,inperson,13,1680
ROCKDALE,senate,43,inperson,14,1901
ROCKDALE,senate,43,inperson,15,2155
ROCKDALE,senate,43,inperson,16,946
ROCKDALE,senate,43,inperson,17,1629
ROCKDALE,senate,43,inperson,18,2571
ROCKDALE,senate,43,inperson,19,2252
ROCKDALE,senate,43,inperson,20,2466
ROCKDALE,senate,43,inperson,21,2978
ROCKDALE,senate,43,mail,0,168
ROCKDALE,senate,43,mail,1,121
ROCKDALE,senate,43,mail,4,106
ROCKDALE,senate,43,mail,5,74
ROCKDALE,senate,43,mail,6,92
ROCKDALE,senate,43,mail,7,173
ROCKDALE,senate,43,mail,8,68
ROCKDALE,senate,43,mail,10,117
ROCKDALE,senate,43,mail,11,171
ROCKDALE,senate,43,mail,12,41
ROCKDALE,senate,43,mail,13,79
ROCKDALE,senate,43,mail,14,166
ROCKDALE,senate,43,mail,15,264
ROCKDALE,senate,43,mail,16,11
ROCKDALE,senate,43,mail,17,188
ROCKDALE,senate,43,mail,18,97
ROCKDALE,senate,43,mail,19,341
ROCKDALE,senate,43,mail,20,44
ROCKDALE,senate,43,mail,21,137
ROCKDALE,senate,43,mail,25,46
ROCKDALE,senate,43,mail,26,46
ROCKDALE,senate,43,mail,27,13
ROCKDALE,senate,43,mail,28,2
ROCKDALE,senate,43,mail,29,8
ROCKDALE,senate,43,mail,31,11
ROCKDALE,senate,43,mail,41,3
ROCKDALE,senate,43,mail,46,2
SCHLEY,house,151,inperson,4,170
SCHLEY,house,151,inperson,5,77
SCHLEY,house,151,inperson,6,82
SCHLEY,house,151,inperson,7,78
SCHLEY,house,151,inperson,8,72
SCHLEY,house,151,inperson,10,119
SCHLEY,house,151,inperson,11,126
SCHLEY,house,151,inperson,12,108
SCHLEY,house,151,inperson,13,102
SCHLEY,house,151,inperson,14,96
SCHLEY,house,151,inperson,15,116
SCHLEY,house,151,inperson,17,85
SCHLEY,house,151,inperson,18,183
SCHLEY,house,151,inperson,19,101
SCHLEY,house,151,inperson,20,127
SCHLEY,house,151,inperson,21,204
SCHLEY,house,151,mail,0,4
SCHLEY,house,151,mail,1,3
SCHLEY,house,151,mail,3,1
SCHLEY,house,151,mail,5,4
SCHLEY,house,151,mail,6,4
SCHLEY,house,151,mail,8,8
SCHLEY,house,151,mail,10,2
SCHLEY,house,151,mail,11,5
SCHLEY,house,151,mail,12,8
SCHLEY,house,151,mail,13,11
SCHLEY,house,151,mail,14,5
SCHLEY,house,151,mail,15,5
SCHLEY,house,151,mail,17,1
SCHLEY,house,151,mail,18,8
SCHLEY,house,151,mail,19,5
SCHLEY,house,151,mail,20,12
SCHLEY,house,151,mail,21,5
SCHLEY,house,151,mail,25,9
SCHLEY,house,151,mail,26,5
SCHLEY,house,151,mail,27,6
SCHLEY,house,151,mail,36,1
SCHLEY,senate,15,inperson,4,170
SCHLEY,senate,15,inperson,5,77
SCHLEY,senate,15,inperson,6,82
SCHLEY,senate,15,inperson,7,78
SCHLEY,senate,15,inperson,8,72
SCHLEY,senate,15,inperson,10,119
SCHLEY,senate,15,inperson,11,126
SCHLEY,senate,15,inperson,12,108
SCHLEY,senate,15,inperson,13,102
SCHLEY,senate,15,inperson,14,96
SCHLEY,senate,15,inperson,15,116
SCHLEY,senate,15,inperson,17,85
SCHLEY,senate,15,inperson,18,183
SCHLEY,senate,15,inperson,19,101
SCHLEY,senate,15,inperson,20,127
SCHLEY,senate,15,inperson,21,204
SCHLEY,senate,15,mail,0,4
SCHLEY,senate,15,mail,1,3
SCHLEY,senate,15,mail,3,1
SCHLEY,senate,15,mail,5,4
SCHLEY,senate,15,mail,6,4
SCHLEY,senate,15,mail,8,8
SCHLEY,senate,15,mail,10,2
SCHLEY,senate,15,mail,11,5
SCHLEY,senate,15,mail,12,8
SCHLEY,senate,15,mail,13,11
SCHLEY,senate,15,mail,14,5
SCHLEY,senate,15,mail,15,5
SCHLEY,senate,15,mail,17,1
SCHLEY,senate,15,mail,18,8
SCHLEY,senate,15,mail,19,5
SCHLEY,senate,15,mail,20,12
SCHLEY,senate,15,mail,21,5
SCHLEY,senate,15,mail,25,9
SCHLEY,senate,15,mail,26,5
SCHLEY,senate,15,mail,27,6
SCHLEY,senate,15,mail,36,1
SCREVEN,house,159,inperson,4,316
SCREVEN,house,159,inperson,5,222
SCREVEN,house,159,inperson,6,232
SCREVEN,house,159,inperson,7,218
SCREVEN,house,159,inperson,8,204
SCREVEN,house,159,inperson,9,198
SCREVEN,house,159,inperson,10,174
SCREVEN,house,159,inperson,11,319
SCREVEN,house,159,inperson,12,251
SCREVEN,house,159,inperson,13,262
SCREVEN,house,159,inperson,14,297
SCREVEN,house,159,inperson,15,319
SCREVEN,house,159,inperson,17,129
SCREVEN,house,159,inperson,18,428
SCREVEN,house,159,inperson,19,362
SCREVEN,house,159,inperson,20,398
SCREVEN,house,159,inperson,21,417
SCREVEN,house,159,mail,0,18
SCREVEN,house,159,mail,1,19
SCREVEN,house,159,mail,4,19
SCREVEN,house,159,mail,5,7
SCREVEN,house,159,mail,6,4
SCREVEN,house,159,mail,7,17
SCREVEN,house,159,mail,8,12
SCREVEN,house,159,mail,9,1
SCREVEN,house,159,mail,11,21
SCREVEN,house,159,mail,12,15
SCREVEN,house,159,mail,13,14
SCREVEN,house,159,mail,14,13
SCREVEN,house,159,mail,15,20
SCREVEN,house,159,mail,17,2
SCREVEN,house,159,mail,18,12
SCREVEN,house,159,mail,19,16
SCREVEN,house,159,mail,20,24
SCREVEN,house,159,mail,21,30
SCREVEN,house,159,mail,25,2
SCREVEN,house,159,mail,28,3
SCREVEN,house,159,mail,46,1
SCREVEN,senate,23,inperson,4,316
SCREVEN,senate,23,inperson,5,222
SCREVEN,senate,23,inperson,6,232
SCREVEN,senate,23,inperson,7,218
SCREVEN,senate,23,inperson,8,204
SCREVEN,senate,23,inperson,9,198
SCREVEN,senate,23,inperson,10,174
SCREVEN,senate,23,inperson,11,319
SCREVEN,senate,23,inperson,12,251
SCREVEN,senate,23,inperson,13,262
SCREVEN,senate,23,inperson,14,297
SCREVEN,senate,23,inperson,15,319
SCREVEN,senate,23,inperson,17,129
SCREVEN,senate,23,inperson,18,428
SCREVEN,senate,23,inperson,19,362
SCREVEN,senate,23,inperson,20,398
SCREVEN,senate,23,inperson,21,417
SCREVEN,senate,23,mail,0,18
SCREVEN,senate,23,mail,1,19
SCREVEN,senate,23,mail,4,19
SCREVEN,senate,23,mail,5,7
SCREVEN,senate,23,mail,6,4
SCREVEN,senate,23,mail,7,17
SCREVEN,senate,23,mail,8,12
SCREVEN,senate,23,mail,9,1
SCREVEN,senate,23,mail,11,21
SCREVEN,senate,23,mail,12,15
SCREVEN,senate,23,mail,13,14
SCREVEN,senate,23,mail,14,13
SCREVEN,senate,23,mail,15,20
SCREVEN,senate,23,mail,17,2
SCREVEN,senate,23,mail,18,12
SCREVEN,senate,23,mail,19,16
SCREVEN,senate,23,mail,20,24
SCREVEN,senate,23,mail,21,30
SCREVEN,senate,23,mail,25,2
SCREVEN,senate,23,mail,28,3
SCREVEN,senate,23,mail,46,1
SEMINOLE,house,154,inperson,4,209
SEMINOLE,house,154,inperson,5,154
SEMINOLE,house,154,inperson,6,127
SEMINOLE,house,154,inperson,7,137
SEMINOLE,house,154,inperson,8,153
SEMINOLE,house,154,inperson,10,50
SEMINOLE,house,154,inperson,11,174
SEMINOLE,house,154,inperson,12,131
SEMINOLE,house,154,inperson,13,120
SEMINOLE,house,154,inperson,14,126
SEMINOLE,house,154,inperson,15,143
SEMINOLE,house,154,inperson,17,26
SEMINOLE,house,154,inperson,18,160
SEMINOLE,house,154,inperson,19,159
SEMINOLE,house,154,inperson,20,181
SEMINOLE,house,154,inperson,21,239
SEMINOLE,house,154,mail,0,1
SEMINOLE,house,154,mail,1,16
SEMINOLE,house,154,mail,4,9
SEMINOLE,house,154,mail,5,4
SEMINOLE,house,154,mail,6,2
SEMINOLE,house,154,mail,7,9
SEMINOLE,house,154,mail,8,22
SEMINOLE,house,154,mail,11,9
SEMINOLE,house,154,mail,12,9
SEMINOLE,house,154,mail,13,13
SEMINOLE,house,154,mail,14,32
SEMINOLE,house,154,mail,15,3
SEMINOLE,house,154,mail,18,18
SEMINOLE,house,154,mail,19,2
SEMINOLE,house,154,mail,20,5
SEMINOLE,house,154,mail,21,18
SEMINOLE,house,154,mail,25,2
SEMINOLE,senate,11,inperson,4,209
SEMINOLE,senate,11,inperson,5,154
SEMINOLE,senate,11,inperson,6,127
SEMINOLE,senate,11,inperson,7,137
SEMINOLE,senate,11,inperson,8,153
SEMINOLE,senate,11,inperson,10,50
SEMINOLE,senate,11,inperson,11,174
SEMINOLE,senate,11,inperson,12,131
SEMINOLE,senate,11,inperson,13,120
SEMINOLE,senate,11,inperson,14,126
SEMINOLE,senate,11,inperson,15,143
SEMINOLE,senate,11,inperson,17,26
SEMINOLE,senate,11,inperson,18,160
SEMINOLE,senate,11,inperson,19,159
SEMINOLE,senate,11,inperson,20,181
SEMINOLE,senate,11,inperson,21,239
SEMINOLE,senate,11,mail,0,1
SEMINOLE,senate,11,mail,1,16
SEMINOLE,senate,11,mail,4,9
SEMINOLE,senate,11,mail,5,4
SEMINOLE,senate,11,mail,6,2
SEMINOLE,senate,11,mail,7,9
SEMINOLE,senate,11,mail,8,22
SEMINOLE,senate,11,mail,11,9
SEMINOLE,senate,11,mail,12,9
SEMINOLE,senate,11,mail,13,13
SEMINOLE,senate,11,mail,14,32
SEMINOLE,senate,11,mail,15,3
SEMINOLE,senate,11,mail,18,18
SEMINOLE,senate,11,mail,19,2
SEMINOLE,senate,11,mail,20,5
SEMINOLE,senate,11,mail,21,18
SEMINOLE,senate,11,mail,25,2
SPALDING,house,135,inperson,4,770
SPALDING,house,135,inperson,5,499
SPALDING,house,135,inperson,6,489
SPALDING,house,135,inperson,7,485
SPALDING,house,135,inperson,8,616
SPALDING,house,135,inperson,10,432
SPALDING,house,135,inperson,11,698
SPALDING,house,135,inperson,12,638
SPALDING,house,135,inperson,13,664
SPALDING,house,135,inperson,14,730
SPALDING,house,135,inperson,15,835
SPALDING,house,135,inperson,17,486
SPALDING,house,135,inperson,18,839
SPALDING,house,135,inperson,19,723
SPALDING,house,135,inperson,20,805
SPALDING,house,135,inperson,21,829
SPALDING,house,135,mail,0,30
SPALDING,house,135,mail,1,26
SPALDING,house,135,mail,4,26
SPALDING,house,135,mail,5,52
SPALDING,house,135,mail,6,1
SPALDING,house,135,mail,7,38
SPALDING,house,135,mail,8,51
SPALDING,house,135,mail,10,5
SPALDING,house,135,mail,11,60
SPALDING,house,135,mail,12,23
SPALDING,house,135,mail,13,61
SPALDING,house,135,mail,15,36
SPALDING,house,135,mail,17,21
SPALDING,house,135,mail,18,41
SPALDING,house,135,mail,19,52
SPALDING,house,135,mail,20,59
SPALDING,house,135,mail,21,39
SPALDING,house,135,mail,22,50
SPALDING,house,135,mail,25,41
SPALDING,house,135,mail,26,32
SPALDING,house,135,mail,27,30
SPALDING,house,135,mail,28,4
SPALDING,house,135,mail,29,3
SPALDING,house,135,mail,35,4
SPALDING,house,82,inperson,4,861
SPALDING,house,82,inperson,5,558
SPALDING,house,82,inperson,6,568
SPALDING,house,82,inperson,7,580
SPALDING,house,82,inperson,8,711
SPALDING,house,82,inperson,10,505
SPALDING,house,82,inperson,11,783
SPALDING,house,82,inperson,12,697
SPALDING,house,82,inperson,13,805
SPALDING,house,82,inperson,14,935
SPALDING,house,82,inperson,15,999
SPALDING,house,82,inperson,17,490
SPALDING,house,82,inperson,18,1015
SPALDING,house,82,inperson,19,1028
SPALDING,house,82,inperson,20,1053
SPALDING,house,82,inperson,21,1145
SPALDING,house,82,mail,0,43
SPALDING,house,82,mail,1,33
SPALDING,house,82,mail,4,28
SPALDING,house,82,mail,5,62
SPALDING,house,82,mail,6,1
SPALDING,house,82,mail,7,33
SPALDING,house,82,mail,8,58
SPALDING,house,82,mail,10,12
SPALDING,house,82,mail,11,50
SPALDING,house,82,mail,12,36
SPALDING,house,82,mail,13,105
SPALDING,house,82,mail,15,83
SPALDING,house,82,mail,17,31
SPALDING,house,82,mail,18,84
SPALDING,house,82,mail,19,96
SPALDING,house,82,mail,20,96
SPALDING,house,82,mail,21,96
SPALDING,house,82,mail,22,88
SPALDING,house,82,mail,25,92
SPALDING,house,82,mail,26,40
SPALDING,house,82,mail,27,14
SPALDING,house,82,mail,28,1
SPALDING,house,82,mail,29,1
SPALDING,house,82,mail,33,2
SPALDING,house,82,mail,35,1
SPALDING,senate,16,inperson,4,1631
SPALDING,senate,16,inperson,5,1057
SPALDING,senate,16,inperson,6,1057
SPALDING,senate,16,inperson,7,1065
SPALDING,senate,16,inperson,8,1327
SPALDING,senate,16,inperson,10,937
SPALDING,senate,16,inperson,11,1481
SPALDING,senate,16,inperson,12,1335
SPALDING,senate,16,inperson,13,1469
SPALDING,senate,16,inperson,14,1665
SPALDING,senate,16,inperson,15,1834
SPALDING,senate,16,inperson,17,976
SPALDING,senate,16,inperson,18,1854
SPALDING,senate,16,inperson,19,1751
SPALDING,senate,16,inperson,20,1858
SPALDING,senate,16,inperson,21,1974
SPALDING,senate,16,mail,0,73
SPALDING,senate,16,mail,1,59
SPALDING,senate,16,mail,4,54
SPALDING,senate,16,mail,5,114
SPALDING,senate,16,mail,6,2
SPALDING,senate,16,mail,7,71
SPALDING,senate,16,mail,8,109
SPALDING,senate,16,mail,10,17
SPALDING,senate,16,mail,11,110
SPALDING,senate,16,mail,12,59
SPALDING,senate,16,mail,13,166
SPALDING,senate,16,mail,15,119
SPALDING,senate,16,mail,17,52
SPALDING,senate,16,mail,18,125
SPALDING,senate,16,mail,19,148
SPALDING,senate,16,mail,20,155
SPALDING,senate,16,mail,21,135
SPALDING,senate,16,mail,22,138
SPALDING,senate,16,mail,25,133
SPALDING,senate,16,mail,26,72
SPALDING,senate,16,mail,27,44
SPALDING,senate,16,mail,28,5
SPALDING,senate,16,mail,29,4
SPALDING,senate,16,mail,33,2
SPALDING,senate,16,mail,35,5
STEPHENS,house,32,inperson,4,712
STEPHENS,house,32,inperson,5,377
STEPHENS,house,32,inperson,6,428
STEPHENS,house,32,inperson,7,443
STEPHENS,house,32,inperson,8,474
STEPHENS,house,32,inperson,10,547
STEPHENS,house,32,inperson,11,712
STEPHENS,house,32,inperson,12,568
STEPHENS,house,32,inperson,13,552
STEPHENS,house,32,inperson,14,664
STEPHENS,house,32,inperson,15,774
STEPHENS,house,32,inperson,17,546
STEPHENS,house,32,inperson,18,992
STEPHENS,house,32,inperson,19,865
STEPHENS,house,32,inperson,20,928
STEPHENS,house,32,inperson,21,1084
STEPHENS,house,32,mail,0,32
STEPHENS,house,32,mail,1,28
STEPHENS,house,32,mail,4,8
STEPHENS,house,32,mail,5,10
STEPHENS,house,32,mail,6,20
STEPHENS,house,32,mail,7,26
STEPHENS,house,32,mail,8,23
STEPHENS,house,32,mail,10,12
STEPHENS,house,32,mail,11,29
STEPHENS,house,32,mail,12,23
STEPHENS,house,32,mail,13,46
STEPHENS,house,32,mail,14,25
STEPHENS,house,32,mail,15,43
STEPHENS,house,32,mail,17,21
STEPHENS,house,32,mail,18,28
STEPHENS,house,32,mail,19,57
STEPHENS,house,32,mail,20,55
STEPHENS,house,32,mail,21,95
STEPHENS,house,32,mail,25,30
STEPHENS,house,32,mail,26,56
STEPHENS,house,32,mail,27,17
STEPHENS,house,32,mail,46,2
STEPHENS,senate,50,inperson,4,712
STEPHENS,senate,50,inperson,5,377
STEPHENS,senate,50,inperson,6,428
STEPHENS,senate,50,inperson,7,443
STEPHENS,senate,50,inperson,8,474
STEPHENS,senate,50,inperson,10,547
STEPHENS,senate,50,inperson,11,712
STEPHENS,senate,50,inperson,12,568
STEPHENS,senate,50,inperson,13,552
STEPHENS,senate,50,inperson,14,664
STEPHENS,senate,50,inperson,15,774
STEPHENS,senate,50,inperson,17,546
STEPHENS,senate,50,inperson,18,992
STEPHENS,senate,50,inperson,19,865
STEPHENS,senate,50,inperson,20,928
STEPHENS,senate,50,inperson,21,1084
STEPHENS,senate,50,mail,0,32
STEPHENS,senate,50,mail,1,28
STEPHENS,senate,50,mail,4,8
STEPHENS,senate,50,mail,5,10
STEPHENS,senate,50,mail,6,20
STEPHENS,senate,50,mail,7,26
STEPHENS,senate,50,mail,8,23
STEPHENS,senate,50,mail,10,12
STEPHENS,senate,50,mail,11,29
STEPHENS,senate,50,mail,12,23
STEPHENS,senate,50,mail,13,46
STEPHENS,senate,50,mail,14,25
STEPHENS,senate,50,mail,15,43
STEPHENS,senate,50,mail,17,21
STEPHENS,senate,50,mail,18,28
STEPHENS,senate,50,mail,19,57
STEPHENS,senate,50,mail,20,55
STEPHENS,senate,50,mail,21,95
STEPHENS,senate,50,mail,25,30
STEPHENS,senate,50,mail,26,56
STEPHENS,senate,50,mail,27,17
STEPHENS,senate,50,mail,46,2
STEWART,house,151,inperson,4,75
STEWART,house,151,inperson,5,61
STEWART,house,151,inperson,6,40
STEWART,house,151,inperson,7,87
STEWART,house,151,inperson,8,58
STEWART,house,151,inperson,10,45
STEWART,house,151,inperson,11,49
STEWART,house,151,inperson,12,65
STEWART,house,151,inperson,13,59
STEWART,house,151,inperson,14,78
STEWART,house,151,inperson,15,92
STEWART,house,151,inperson,17,19
STEWART,house,151,inperson,18,97
STEWART,house,151,inperson,19,77
STEWART,house,151,inperson,20,91
STEWART,house,151,inperson,21,122
STEWART,house,151,mail,0,10
STEWART,house,151,mail,1,9
STEWART,house,151,mail,4,10
STEWART,house,151,mail,5,8
STEWART,house,151,mail,6,2
STEWART,house,151,mail,7,15
STEWART,house,151,mail,8,11
STEWART,house,151,mail,10,4
STEWART,house,151,mail,11,11
STEWART,house,151,mail,12,12
STEWART,house,151,mail,13,5
STEWART,house,151,mail,14,17
STEWART,house,151,mail,15,22
STEWART,house,151,mail,17,9
STEWART,house,151,mail,18,14
STEWART,house,151,mail,19,15
STEWART,house,151,mail,20,8
STEWART,house,151,mail,21,16
STEWART,senate,12,inperson,4,75
STEWART,senate,12,inperson,5,61
STEWART,senate,12,inperson,6,40
STEWART,senate,12,inperson,7,87
STEWART,senate,12,inperson,8,58
STEWART,senate,12,inperson,10,45
STEWART,senate,12,inperson,11,49
STEWART,senate,12,inperson,12,65
STEWART,senate,12,inperson,13,59
STEWART,senate,12,inperson,14,78
STEWART,senate,12,inperson,15,92
STEWART,senate,12,inperson,17,19
STEWART,senate,12,inperson,18,97
STEWART,senate,12,inperson,19,77
STEWART,senate,12,inperson,20,91
STEWART,senate,12,inperson,21,122
STEWART,senate,12,mail,0,10
STEWART,senate,12,mail,1,9
STEWART,senate,12,mail,4,10
STEWART,senate,12,mail,5,8
STEWART,senate,12,mail,6,2
STEWART,senate,12,mail,7,15
STEWART,senate,12,mail,8,11
STEWART,senate,12,mail,10,4
STEWART,senate,12,mail,11,11
STEWART,senate,12,mail,12,12
STEWART,senate,12,mail,13,5
STEWART,senate,12,mail,14,17
STEWART,senate,12,mail,15,22
STEWART,senate,12,mail,17,9
STEWART,senate,12,mail,18,14
STEWART,senate,12,mail,19,15
STEWART,senate,12,mail,20,8
STEWART,senate,12,mail,21,16
SUMTER,house,150,inperson,4,240
SUMTER,house,150,inperson,5,173
SUMTER,house,150,inperson,6,160
SUMTER,house,150,inperson,7,158
SUMTER,house,150,inperson,8,171
SUMTER,house,150,inperson,10,245
SUMTER,house,150,inperson,11,257
SUMTER,house,150,inperson,12,214
SUMTER,house,150,inperson,13,214
SUMTER,house,150,inperson,14,247
SUMTER,house,150,inperson,15,278
SUMTER,house,150,inperson,17,214
SUMTER,house,150,inperson,18,268
SUMTER,house,150,inperson,19,262
SUMTER,house,150,inperson,20,271
SUMTER,house,150,inperson,21,270
SUMTER,house,150,mail,0,13
SUMTER,house,150,mail,1,9
SUMTER,house,150,mail,2,6
SUMTER,house,150,mail,4,15
SUMTER,house,150,mail,5,21
SUMTER,house,150,mail,6,24
SUMTER,house,150,mail,7,16
SUMTER,house,150,mail,8,17
SUMTER,house,150,mail,10,1
SUMTER,house,150,mail,11,14
SUMTER,house,150,mail,12,18
SUMTER,house,150,mail,13,26
SUMTER,house,150,mail,14,22
SUMTER,house,150,mail,15,18
SUMTER,house,150,mail,17,31
SUMTER,house,150,mail,18,12
SUMTER,house,150,mail,19,28
SUMTER,house,150,mail,20,41
SUMTER,house,150,mail,21,24
SUMTER,house,150,mail,22,10
SUMTER,house,151,inperson,4,271
SUMTER,house,151,inperson,5,227
SUMTER,house,151,inperson,6,184
SUMTER,house,151,inperson,7,207
SUMTER,house,151,inperson,8,227
SUMTER,house,151,inperson,10,253
SUMTER,house,151,inperson,11,290
SUMTER,house,151,inperson,12,210
SUMTER,house,151,inperson,13,248
SUMTER,house,151,inperson,14,250
SUMTER,house,151,inperson,15,277
SUMTER,house,151,inperson,17,231
SUMTER,house,151,inperson,18,345
SUMTER,house,151,inperson,19,283
SUMTER,house,151,inperson,20,353
SUMTER,house,151,inperson,21,336
SUMTER,house,151,mail,0,19
SUMTER,house,151,mail,1,22
SUMTER,house,151,mail,2,3
SUMTER,house,151,mail,3,1
SUMTER,house,151,mail,4,15
SUMTER,house,151,mail,5,24
SUMTER,house,151,mail,6,21
SUMTER,house,151,mail,7,30
SUMTER,house,151,mail,8,20
SUMTER,house,151,mail,11,25
SUMTER,house,151,mail,12,25
SUMTER,house,151,mail,13,28
SUMTER,house,151,mail,14,22
SUMTER,house,151,mail,15,44
SUMTER,house,151,mail,17,46
SUMTER,house,151,mail,18,35
SUMTER,house,151,mail,19,30
SUMTER,house,151,mail,20,53
SUMTER,house,151,mail,21,40
SUMTER,house,151,mail,22,12
SUMTER,house,151,mail,26,4
SUMTER,house,151,mail,29,1
SUMTER,house,151,mail,34,1
SUMTER,house,151,mail,251,1
SUMTER,senate,12,inperson,4,511
SUMTER,senate,12,inperson,5,400
SUMTER,senate,12,inperson,6,344
SUMTER,senate,12,inperson,7,365
SUMTER,senate,12,inperson,8,398
SUMTER,senate,12,inperson,10,498
SUMTER,senate,12,inperson,11,547
SUMTER,senate,12,inperson,12,424
SUMTER,senate,12,inperson,13,462
SUMTER,senate,12,inperson,14,497
SUMTER,senate,12,inperson,15,555
SUMTER,senate,12,inperson,17,445
SUMTER,senate,12,inperson,18,613
SUMTER,senate,12,inperson,19,545
SUMTER,senate,12,inperson,20,624
SUMTER,senate,12,inperson,21,606
SUMTER,senate,12,mail,0,32
SUMTER,senate,12,mail,1,31
SUMTER,senate,12,mail,2,9
SUMTER,senate,12,mail,3,1
SUMTER,senate,12,mail,4,30
SUMTER,senate,12,mail,5,45
SUMTER,senate,12,mail,6,45
SUMTER,senate,12,mail,7,46
SUMTER,senate,12,mail,8,37
SUMTER,senate,12,mail,10,1
SUMTER,senate,12,mail,11,39
SUMTER,senate,12,mail,12,43
SUMTER,senate,12,mail,13,54
SUMTER,senate,12,mail,14,44
SUMTER,senate,12,mail,15,62
SUMTER,senate,12,mail,17,77
SUMTER,senate,12,mail,18,47
SUMTER,senate,12,mail,19,58
SUMTER,senate,12,mail,20,94
SUMTER,senate,12,mail,21,64
SUMTER,senate,12,mail,22,22
SUMTER,senate,12,mail,26,4
SUMTER,senate,12,mail,29,1
SUMTER,senate,12,mail,34,1
SUMTER,senate,12,mail,251,1
TALBOT,house,137,inperson,4,156
TALBOT,house,137,inperson,5,113
TALBOT,house,137,inperson,6,77
TALBOT,house,137,inperson,7,64
TALBOT,house,137,inperson,8,121
TALBOT,house,137,inperson,10,97
TALBOT,house,137,inperson,11,115
TALBOT,house,137,inperson,12,101
TALBOT,house,137,inperson,13,82
TALBOT,house,137,inperson,14,118
TALBOT,house,137,inperson,15,137
TALBOT,house,137,inperson,17,92
TALBOT,house,137,inperson,18,139
TALBOT,house,137,inperson,19,119
TALBOT,house,137,inperson,20,155
TALBOT,house,137,inperson,21,204
TALBOT,house,137,mail,0,5
TALBOT,house,137,mail,1,8
TALBOT,house,137,mail,4,8
TALBOT,house,137,mail,5,9
TALBOT,house,137,mail,6,11
TALBOT,house,137,mail,7,6
TALBOT,house,137,mail,8,8
TALBOT,house,137,mail,11,12
TALBOT,house,137,mail,12,8
TALBOT,house,137,mail,13,5
TALBOT,house,137,mail,14,16
TALBOT,house,137,mail,15,26
TALBOT,house,137,mail,17,28
TALBOT,house,137,mail,18,18
TALBOT,house,137,mail,19,19
TALBOT,house,137,mail,20,23
TALBOT,house,137,mail,21,19
TALBOT,house,137,mail,25,4
TALBOT,house,137,mail,26,5
TALBOT,house,137,mail,27,1
TALBOT,house,58,inperson,4,1
TALBOT,senate,15,inperson,4,156
TALBOT,senate,15,inperson,5,113
TALBOT,senate,15,inperson,6,77
TALBOT,senate,15,inperson,7,64
TALBOT,senate,15,inperson,8,121
TALBOT,senate,15,inperson,10,97
TALBOT,senate,15,inperson,11,115
TALBOT,senate,15,inperson,12,101
TALBOT,senate,15,inperson,13,82
TALBOT,senate,15,inperson,14,118
TALBOT,senate,15,inperson,15,137
TALBOT,senate,15,inperson,17,92
TALBOT,senate,15,inperson,18,139
TALBOT,senate,15,inperson,19,119
TALBOT,senate,15,inperson,20,155
TALBOT,senate,15,inperson,21,204
TALBOT,senate,15,mail,0,5
TALBOT,senate,15,mail,1,8
TALBOT,senate,15,mail,4,8
TALBOT,senate,15,mail,5,9
TALBOT,senate,15,mail,6,11
TALBOT,senate,15,mail,7,6
TALBOT,senate,15,mail,8,8
TALBOT,senate,15,mail,11,12
TALBOT,senate,15,mail,12,8
TALBOT,senate,15,mail,13,5
TALBOT,senate,15,mail,14,16
TALBOT,senate,15,mail,15,26
TALBOT,senate,15,mail,17,28
TALBOT,senate,15,mail,18,18
TALBOT,senate,15,mail,19,19
TALBOT,senate,15,mail,20,23
TALBOT,senate,15,mail,21,19
TALBOT,senate,15,mail,25,4
TALBOT,senate,15,mail,26,5
TALBOT,senate,15,mail,27,1
TALBOT,senate,36,inperson,4,1
TALIAFERRO,house,124,inperson,4,42
TALIAFERRO,house,124,inperson,5,23
TALIAFERRO,house,124,inperson,6,29
TALIAFERRO,house,124,inperson,7,30
TALIAFERRO,house,124,inperson,8,26
TALIAFERRO,house,124,inperson,10,18
TALIAFERRO,house,124,inperson,11,31
TALIAFERRO,house,124,inperson,12,34
TALIAFERRO,house,124,inperson,13,34
TALIAFERRO,house,124,inperson,14,34
TALIAFERRO,house,124,inperson,15,51
TALIAFERRO,house,124,inperson,17,35
TALIAFERRO,house,124,inperson,18,38
TALIAFERRO,house,124,inperson,19,35
TALIAFERRO,house,124,inperson,20,46
TALIAFERRO,house,124,inperson,21,68
TALIAFERRO,house,124,mail,0,3
TALIAFERRO,house,124,mail,1,2
TALIAFERRO,house,124,mail,4,5
TALIAFERRO,house,124,mail,5,2
TALIAFERRO,house,124,mail,6,5
TALIAFERRO,house,124,mail,7,2
TALIAFERRO,house,124,mail,8,4
TALIAFERRO,house,124,mail,11,2
TALIAFERRO,house,124,mail,13,9
TALIAFERRO,house,124,mail,14,5
TALIAFERRO,house,124,mail,15,3
TALIAFERRO,house,124,mail,17,4
TALIAFERRO,house,124,mail,18,8
TALIAFERRO,house,124,mail,19,3
TALIAFERRO,house,124,mail,20,6
TALIAFERRO,house,124,mail,21,6
TALIAFERRO,house,124,mail,25,9
TALIAFERRO,house,124,mail,26,8
TALIAFERRO,house,124,mail,27,2
TALIAFERRO,senate,23,inperson,4,42
TALIAFERRO,senate,23,inperson,5,23
TALIAFERRO,senate,23,inperson,6,29
TALIAFERRO,senate,23,inperson,7,30
TALIAFERRO,senate,23,inperson,8,26
TALIAFERRO,senate,23,inperson,10,18
TALIAFERRO,senate,23,inperson,11,31
TALIAFERRO,senate,23,inperson,12,34
TALIAFERRO,senate,23,inperson,13,34
TALIAFERRO,senate,23,inperson,14,34
TALIAFERRO,senate,23,inperson,15,51
TALIAFERRO,senate,23,inperson,17,35
TALIAFERRO,senate,23,inperson,18,38
TALIAFERRO,senate,23,inperson,19,35
TALIAFERRO,senate,23,inperson,20,46
TALIAFERRO,senate,23,inperson,21,68
TALIAFERRO,senate,23,mail,0,3
TALIAFERRO,senate,23,mail,1,2
TALIAFERRO,senate,23,mail,4,5
TALIAFERRO,senate,23,mail,5,2
TALIAFERRO,senate,23,mail,6,5
TALIAFERRO,senate,23,mail,7,2
TALIAFERRO,senate,23,mail,8,4
TALIAFERRO,senate,23,mail,11,2
TALIAFERRO,senate,23,mail,13,9
TALIAFERRO,senate,23,mail,14,5
TALIAFERRO,senate,23,mail,15,3
TALIAFERRO,senate,23,mail,17,4
TALIAFERRO,senate,23,mail,18,8
TALIAFERRO,senate,23,mail,19,3
TALIAFERRO,senate,23,mail,20,6
TALIAFERRO,senate,23,mail,21,6
TALIAFERRO,senate,23,mail,25,9
TALIAFERRO,senate,23,mail,26,8
TALIAFERRO,senate,23,mail,27,2
TATTNALL,house,156,inperson,4,23
TATTNALL,house,156,inperson,5,16
TATTNALL,house,156,inperson,6,12
TATTNALL,house,156,inperson,7,21
TATTNALL,house,156,inperson,8,22
TATTNALL,house,156,inperson,10,5
TATTNALL,house,156,inperson,11,14
TATTNALL,house,156,inperson,12,13
TATTNALL,house,156,inperson,13,11
TATTNALL,house,156,inperson,14,23
TATTNALL,house,156,inperson,15,16
TATTNALL,house,156,inperson,17,10
TATTNALL,house,156,inperson,18,27
TATTNALL,house,156,inperson,19,9
TATTNALL,house,156,inperson,20,20
TATTNALL,house,156,inperson,21,5
TATTNALL,house,156,mail,5,3
TATTNALL,house,156,mail,6,2
TATTNALL,house,156,mail,11,4
TATTNALL,house,156,mail,14,1
TATTNALL,house,156,mail,15,2
TATTNALL,house,156,mail,17,3
TATTNALL,house,156,mail,18,4
TATTNALL,house,156,mail,22,1
TATTNALL,house,156,mail,27,1
TATTNALL,house,156,mail,34,1
TATTNALL,house,157,inperson,4,603
TATTNALL,house,157,inperson,5,385
TATTNALL,house,157,inperson,6,459
TATTNALL,house,157,inperson,7,545
TATTNALL,house,157,inperson,8,655
TATTNALL,house,157,inperson,10,183
TATTNALL,house,157,inperson,11,274
TATTNALL,house,157,inperson,12,209
TATTNALL,house,157,inperson,13,173
TATTNALL,house,157,inperson,14,263
TATTNALL,house,157,inperson,15,245
TATTNALL,house,157,inperson,17,154
TATTNALL,house,157,inperson,18,323
TATTNALL,house,157,inperson,19,267
TATTNALL,house,157,inperson,20,350
TATTNALL,house,157,inperson,21,309
TATTNALL,house,157,mail,0,11
TATTNALL,house,157,mail,1,14
TATTNALL,house,157,mail,4,8
TATTNALL,house,157,mail,5,10
TATTNALL,house,157,mail,6,10
TATTNALL,house,157,mail,7,11
TATTNALL,house,157,mail,8,13
TATTNALL,house,157,mail,10,7
TATTNALL,house,157,mail,11,10
TATTNALL,house,157,mail,12,18
TATTNALL,house,157,mail,13,17
TATTNALL,house,157,mail,14,24
TATTNALL,house,157,mail,15,29
TATTNALL,house,157,mail,17,11
TATTNALL,house,157,mail,18,24
TATTNALL,house,157,mail,19,8
TATTNALL,house,157,mail,20,8
TATTNALL,house,157,mail,21,20
TATTNALL,house,157,mail,22,14
TATTNALL,house,157,mail,25,8
TATTNALL,house,157,mail,26,7
TATTNALL,house,157,mail,27,16
TATTNALL,house,157,mail,28,16
TATTNALL,senate,19,inperson,4,626
TATTNALL,senate,19,inperson,5,401
TATTNALL,senate,19,inperson,6,471
TATTNALL,senate,19,inperson,7,566
TATTNALL,senate,19,inperson,8,677
TATTNALL,senate,19,inperson,10,188
TATTNALL,senate,19,inperson,11,288
TATTNALL,senate,19,inperson,12,222
TATTNALL,senate,19,inperson,13,184
TATTNALL,senate,19,inperson,14,286
TATTNALL,senate,19,inperson,15,261
TATTNALL,senate,19,inperson,17,164
TATTNALL,senate,19,inperson,18,350
TATTNALL,senate,19,inperson,19,276
TATTNALL,senate,19,inperson,20,370
TATTNALL,senate,19,inperson,21,314
TATTNALL,senate,19,mail,0,11
TATTNALL,senate,19,mail,1,14
TATTNALL,senate,19,mail,4,8
TATTNALL,senate,19,mail,5,13
TATTNALL,senate,19,mail,6,12
TATTNALL,senate,19,mail,7,11
TATTNALL,senate,19,mail,8,13
TATTNALL,senate,19,mail,10,7
TATTNALL,senate,19,mail,11,14
TATTNALL,senate,19,mail,12,18
TATTNALL,senate,19,mail,13,17
TATTNALL,senate,19,mail,14,25
TATTNALL,senate,19,mail,15,31
TATTNALL,senate,19,mail,17,14
TATTNALL,senate,19,mail,18,28
TATTNALL,senate,19,mail,19,8
TATTNALL,senate,19,mail,20,8
TATTNALL,senate,19,mail,21,20
TATTNALL,senate,19,mail,22,15
TATTNALL,senate,19,mail,25,8
TATTNALL,senate,19,mail,26,7
TATTNALL,senate,19,mail,27,17
TATTNALL,senate,19,mail,28,16
TATTNALL,senate,19,mail,34,1
TAYLOR,house,150,inperson,4,185
TAYLOR,house,150,inperson,5,113
TAYLOR,house,150,inperson,6,129
TAYLOR,house,150,inperson,7,148
TAYLOR,house,150,inperson,8,116
TAYLOR,house,150,inperson,10,104
TAYLOR,house,150,inperson,11,178
TAYLOR,house,150,inperson,12,160
TAYLOR,house,150,inperson,13,155
TAYLOR,house,150,inperson,14,178
TAYLOR,house,150,inperson,15,226
TAYLOR,house,150,inperson,17,126
TAYLOR,house,150,inperson,18,275
TAYLOR,house,150,inperson,19,219
TAYLOR,house,150,inperson,20,276
TAYLOR,house,150,inperson,21,288
TAYLOR,house,150,mail,0,19
TAYLOR,house,150,mail,1,5
TAYLOR,house,150,mail,4,9
TAYLOR,house,150,mail,5,5
TAYLOR,house,150,mail,6,11
TAYLOR,house,150,mail,7,8
TAYLOR,house,150,mail,8,14
TAYLOR,house,150,mail,10,2
TAYLOR,house,150,mail,11,16
TAYLOR,house,150,mail,12,14
TAYLOR,house,150,mail,13,1
TAYLOR,house,150,mail,14,13
TAYLOR,house,150,mail,15,26
TAYLOR,house,150,mail,17,21
TAYLOR,house,150,mail,18,6
TAYLOR,house,150,mail,19,2
TAYLOR,house,150,mail,20,28
TAYLOR,house,150,mail,21,37
TAYLOR,house,150,mail,22,5
TAYLOR,house,150,mail,25,9
TAYLOR,house,150,mail,29,2
TAYLOR,senate,15,inperson,4,185
TAYLOR,senate,15,inperson,5,113
TAYLOR,senate,15,inperson,6,129
TAYLOR,senate,15,inperson,7,148
TAYLOR,senate,15,inperson,8,116
TAYLOR,senate,15,inperson,10,104
TAYLOR,senate,15,inperson,11,178
TAYLOR,senate,15,inperson,12,160
TAYLOR,senate,15,inperson,13,155
TAYLOR,senate,15,inperson,14,178
TAYLOR,senate,15,inperson,15,226
TAYLOR,senate,15,inperson,17,126
TAYLOR,senate,15,inperson,18,275
TAYLOR,senate,15,inperson,19,219
TAYLOR,senate,15,inperson,20,276
TAYLOR,senate,15,inperson,21,288
TAYLOR,senate,15,mail,0,19
TAYLOR,senate,15,mail,1,5
TAYLOR,senate,15,mail,4,9
TAYLOR,senate,15,mail,5,5
TAYLOR,senate,15,mail,6,11
TAYLOR,senate,15,mail,7,8
TAYLOR,senate,15,mail,8,14
TAYLOR,senate,15,mail,10,2
TAYLOR,senate,15,mail,11,16
TAYLOR,senate,15,mail,12,14
TAYLOR,senate,15,mail,13,1
TAYLOR,senate,15,mail,14,13
TAYLOR,senate,15,mail,15,26
TAYLOR,senate,15,mail,17,21
TAYLOR,senate,15,mail,18,6
TAYLOR,senate,15,mail,19,2
TAYLOR,senate,15,mail,20,28
TAYLOR,senate,15,mail,21,37
TAYLOR,senate,15,mail,22,5
TAYLOR,senate,15,mail,25,9
TAYLOR,senate,15,mail,29,2
TELFAIR,house,133,inperson,4,160
TELFAIR,house,133,inperson,5,101
TELFAIR,house,133,inperson,6,112
TELFAIR,house,133,inperson,7,87
TELFAIR,house,133,inperson,8,120
TELFAIR,house,133,inperson,10,94
TELFAIR,house,133,inperson,11,134
TELFAIR,house,133,inperson,12,81
TELFAIR,house,133,inperson,13,102
TELFAIR,house,133,inperson,14,120
TELFAIR,house,133,inperson,15,120
TELFAIR,house,133,inperson,17,62
TELFAIR,house,133,inperson,18,141
TELFAIR,house,133,inperson,19,111
TELFAIR,house,133,inperson,20,157
TELFAIR,house,133,inperson,21,163
TELFAIR,house,133,mail,0,1
TELFAIR,house,133,mail,1,3
TELFAIR,house,133,mail,4,19
TELFAIR,house,133,mail,5,4
TELFAIR,house,133,mail,6,9
TELFAIR,house,133,mail,7,7
TELFAIR,house,133,mail,8,5
TELFAIR,house,133,mail,10,2
TELFAIR,house,133,mail,11,5
TELFAIR,house,133,mail,12,1
TELFAIR,house,133,mail,13,4
TELFAIR,house,133,mail,14,8
TELFAIR,house,133,mail,15,13
TELFAIR,house,133,mail,17,6
TELFAIR,house,133,mail,18,14
TELFAIR,house,133,mail,19,5
TELFAIR,house,133,mail,20,10
TELFAIR,house,133,mail,21,24
TELFAIR,house,133,mail,22,4
TELFAIR,house,133,mail,25,6
TELFAIR,house,133,mail,26,2
TELFAIR,house,156,inperson,4,44
TELFAIR,house,156,inperson,5,53
TELFAIR,house,156,inperson,6,29
TELFAIR,house,156,inperson,7,44
TELFAIR,house,156,inperson,8,48
TELFAIR,house,156,inperson,10,38
TELFAIR,house,156,inperson,11,44
TELFAIR,house,156,inperson,12,23
TELFAIR,house,156,inperson,13,33
TELFAIR,house,156,inperson,14,56
TELFAIR,house,156,inperson,15,33
TELFAIR,house,156,inperson,17,23
TELFAIR,house,156,inperson,18,43
TELFAIR,house,156,inperson,19,44
TELFAIR,house,156,inperson,20,56
TELFAIR,house,156,inperson,21,30
TELFAIR,house,156,mail,1,4
TELFAIR,house,156,mail,4,4
TELFAIR,house,156,mail,5,4
TELFAIR,house,156,mail,6,1
TELFAIR,house,156,mail,7,1
TELFAIR,house,156,mail,8,4
TELFAIR,house,156,mail,10,1
TELFAIR,house,156,mail,12,3
TELFAIR,house,156,mail,13,3
TELFAIR,house,156,mail,14,2
TELFAIR,house,156,mail,15,10
TELFAIR,house,156,mail,17,1
TELFAIR,house,156,mail,18,5
TELFAIR,house,156,mail,19,3
TELFAIR,house,156,mail,20,5
TELFAIR,house,156,mail,21,2
TELFAIR,senate,19,inperson,4,204
TELFAIR,senate,19,inperson,5,154
TELFAIR,senate,19,inperson,6,141
TELFAIR,senate,19,inperson,7,131
TELFAIR,senate,19,inperson,8,168
TELFAIR,senate,19,inperson,10,132
TELFAIR,senate,19,inperson,11,178
TELFAIR,senate,19,inperson,12,104
TELFAIR,senate,19,inperson,13,135
TELFAIR,senate,19,inperson,14,176
TELFAIR,senate,19,inperson,15,153
TELFAIR,senate,19,inperson,17,85
TELFAIR,senate,19,inperson,18,184
TELFAIR,senate,19,inperson,19,155
TELFAIR,senate,19,inperson,20,213
TELFAIR,senate,19,inperson,21,193
TELFAIR,senate,19,mail,0,1
TELFAIR,senate,19,mail,1,7
TELFAIR,senate,19,mail,4,23
TELFAIR,senate,19,mail,5,8
TELFAIR,senate,19,mail,6,10
TELFAIR,senate,19,mail,7,8
TELFAIR,senate,19,mail,8,9
TELFAIR,senate,19,mail,10,3
TELFAIR,senate,19,mail,11,5
TELFAIR,senate,19,mail,12,4
TELFAIR,senate,19,mail,13,7
TELFAIR,senate,19,mail,14,10
TELFAIR,senate,19,mail,15,23
TELFAIR,senate,19,mail,17,7
TELFAIR,senate,19,mail,18,19
TELFAIR,senate,19,mail,19,8
TELFAIR,senate,19,mail,20,15
TELFAIR,senate,19,mail,21,26
TELFAIR,senate,19,mail,22,4
TELFAIR,senate,19,mail,25,6
TELFAIR,senate,19,mail,26,2
TERRELL,house,151,inperson,4,192
TERRELL,house,151,inperson,5,130
TERRELL,house,151,inperson,6,136
TERRELL,house,151,inperson,7,110
TERRELL,house,151,inperson,8,121
TERRELL,house,151,inperson,10,105
TERRELL,house,151,inperson,11,151
TERRELL,house,151,inperson,12,149
TERRELL,house,151,inperson,13,154
TERRELL,house,151,inperson,14,152
TERRELL,house,151,inperson,15,192
TERRELL,house,151,inperson,17,119
TERRELL,house,151,inperson,18,186
TERRELL,house,151,inperson,19,207
TERRELL,house,151,inperson,20,233
TERRELL,house,151,inperson,21,272
TERRELL,house,151,mail,0,11
TERRELL,house,151,mail,1,16
TERRELL,house,151,mail,4,10
TERRELL,house,151,mail,5,7
TERRELL,house,151,mail,6,7
TERRELL,house,151,mail,7,12
TERRELL,house,151,mail,8,4
TERRELL,house,151,mail,10,8
TERRELL,house,151,mail,11,8
TERRELL,house,151,mail,12,4
TERRELL,house,151,mail,13,14
TERRELL,house,151,mail,14,19
TERRELL,house,151,mail,15,31
TERRELL,house,151,mail,17,4
TERRELL,house,151,mail,18,36
TERRELL,house,151,mail,19,29
TERRELL,house,151,mail,20,53
TERRELL,house,151,mail,21,32
TERRELL,house,151,mail,25,23
TERRELL,house,151,mail,26,1
TERRELL,senate,12,inperson,4,192
TERRELL,senate,12,inperson,5,130
TERRELL,senate,12,inperson,6,136
TERRELL,senate,12,inperson,7,110
TERRELL,senate,12,inperson,8,121
TERRELL,senate,12,inperson,10,105
TERRELL,senate,12,inperson,11,151
TERRELL,senate,12,inperson,12,149
TERRELL,senate,12,inperson,13,154
TERRELL,senate,12,inperson,14,152
TERRELL,senate,12,inperson,15,192
TERRELL,senate,12,inperson,17,119
TERRELL,senate,12,inperson,18,186
TERRELL,senate,12,inperson,19,207
TERRELL,senate,12,inperson,20,233
TERRELL,senate,12,inperson,21,272
TERRELL,senate,12,mail,0,11
TERRELL,senate,12,mail,1,16
TERRELL,senate,12,mail,4,10
TERRELL,senate,12,mail,5,7
TERRELL,senate,12,mail,6,7
TERRELL,senate,12,mail,7,12
TERRELL,senate,12,mail,8,4
TERRELL,senate,12,mail,10,8
TERRELL,senate,12,mail,11,8
TERRELL,senate,12,mail,12,4
TERRELL,senate,12,mail,13,14
TERRELL,senate,12,mail,14,19
TERRELL,senate,12,mail,15,31
TERRELL,senate,12,mail,17,4
TERRELL,senate,12,mail,18,36
TERRELL,senate,12,mail,19,29
TERRELL,senate,12,mail,20,53
TERRELL,senate,12,mail,21,32
TERRELL,senate,12,mail,25,23
TERRELL,senate,12,mail,26,1
THOMAS,house,172,inperson,4,105
THOMAS,house,172,inperson,5,53
THOMAS,house,172,inperson,6,73
THOMAS,house,172,inperson,7,78
THOMAS,house,172,inperson,8,96
THOMAS,house,172,inperson,10,37
THOMAS,house,172,inperson,11,71
THOMAS,house,172,inperson,12,67
THOMAS,house,172,inperson,13,84
THOMAS,house,172,inperson,14,93
THOMAS,house,172,inperson,15,98
THOMAS,house,172,inperson,17,53
THOMAS,house,172,inperson,18,142
THOMAS,house,172,inperson,19,114
THOMAS,house,172,inperson,20,122
THOMAS,house,172,inperson,21,126
THOMAS,house,172,mail,0,5
THOMAS,house,172,mail,2,3
THOMAS,house,172,mail,4,5
THOMAS,house,172,mail,6,3
THOMAS,house,172,mail,7,5
THOMAS,house,172,mail,8,9
THOMAS,house,172,mail,10,4
THOMAS,house,172,mail,11,2
THOMAS,house,172,mail,12,4
THOMAS,house,172,mail,13,7
THOMAS,house,172,mail,14,5
THOMAS,house,172,mail,15,10
THOMAS,house,172,mail,17,1
THOMAS,house,172,mail,18,3
THOMAS,house,172,mail,19,5
THOMAS,house,172,mail,20,2
THOMAS,house,172,mail,21,4
THOMAS,house,172,mail,22,3
THOMAS,house,172,mail,25,2
THOMAS,house,173,inperson,4,921
THOMAS,house,173,inperson,5,594
THOMAS,house,173,inperson,6,586
THOMAS,house,173,inperson,7,639
THOMAS,house,173,inperson,8,723
THOMAS,house,173,inperson,10,434
THOMAS,house,173,inperson,11,952
THOMAS,house,173,inperson,12,768
THOMAS,house,173,inperson,13,807
THOMAS,house,173,inperson,14,951
THOMAS,house,173,inperson,15,1074
THOMAS,house,173,inperson,17,595
THOMAS,house,173,inperson,18,1383
THOMAS,house,173,inperson,19,1258
THOMAS,house,173,inperson,20,1485
THOMAS,house,173,inperson,21,1624
THOMAS,house,173,mail,0,44
THOMAS,house,173,mail,1,33
THOMAS,house,173,mail,2,31
THOMAS,house,173,mail,4,41
THOMAS,house,173,mail,5,23
THOMAS,house,173,mail,6,17
THOMAS,house,173,mail,7,26
THOMAS,house,173,mail,8,68
THOMAS,house,173,mail,10,10
THOMAS,house,173,mail,11,56
THOMAS,house,173,mail,12,28
THOMAS,house,173,mail,13,43
THOMAS,house,173,mail,14,51
THOMAS,house,173,mail,15,73
THOMAS,house,173,mail,17,11
THOMAS,house,173,mail,18,74
THOMAS,house,173,mail,19,88
THOMAS,house,173,mail,20,51
THOMAS,house,173,mail,21,46
THOMAS,house,173,mail,22,48
THOMAS,house,173,mail,25,44
THOMAS,house,173,mail,26,19
THOMAS,house,173,mail,28,1
THOMAS,house,173,mail,29,2
THOMAS,house,173,mail,33,1
THOMAS,senate,11,inperson,4,1026
THOMAS,senate,11,inperson,5,647
THOMAS,senate,11,inperson,6,659
THOMAS,senate,11,inperson,7,717
THOMAS,senate,11,inperson,8,819
THOMAS,senate,11,inperson,10,471
THOMAS,senate,11,inperson,11,1023
THOMAS,senate,11,inperson,12,835
THOMAS,senate,11,inperson,13,891
THOMAS,senate,11,inperson,14,1044
THOMAS,senate,11,inperson,15,1172
THOMAS,senate,11,inperson,17,648
THOMAS,senate,11,inperson,18,1525
THOMAS,senate,11,inperson,19,1372
THOMAS,senate,11,inperson,20,1607
THOMAS,senate,11,inperson,21,1750
THOMAS,senate,11,mail,0,49
THOMAS,senate,11,mail,1,33
THOMAS,senate,11,mail,2,34
THOMAS,senate,11,mail,4,46
THOMAS,senate,11,mail,5,23
THOMAS,senate,11,mail,6,20
THOMAS,senate,11,mail,7,31
THOMAS,senate,11,mail,8,77
THOMAS,senate,11,mail,10,14
THOMAS,senate,11,mail,11,58
THOMAS,senate,11,mail,12,32
THOMAS,senate,11,mail,13,50
THOMAS,senate,11,mail,14,56
THOMAS,senate,11,mail,15,83
THOMAS,senate,11,mail,17,12
THOMAS,senate,11,mail,18,77
THOMAS,senate,11,mail,19,93
THOMAS,senate,11,mail,20,53
THOMAS,senate,11,mail,21,50
THOMAS,senate,11,mail,22,51
THOMAS,senate,11,mail,25,46
THOMAS,senate,11,mail,26,19
THOMAS,senate,11,mail,28,1
THOMAS,senate,11,mail,29,2
THOMAS,senate,11,mail,33,1
TIFT,house,169,inperson,4,199
TIFT,house,169,inperson,5,130
TIFT,house,169,inperson,6,118
TIFT,house,169,inperson,7,118
TIFT,house,169,inperson,8,162
TIFT,house,169,inperson,10,74
TIFT,house,169,inperson,11,158
TIFT,house,169,inperson,12,157
TIFT,house,169,inperson,13,148
TIFT,house,169,inperson,14,191
TIFT,house,169,inperson,15,204
TIFT,house,169,inperson,17,86
TIFT,house,169,inperson,18,245
TIFT,house,169,inperson,19,204
TIFT,house,169,inperson,20,231
TIFT,house,169,inperson,21,206
TIFT,house,169,mail,0,4
TIFT,house,169,mail,1,10
TIFT,house,169,mail,4,3
TIFT,house,169,mail,5,5
TIFT,house,169,mail,6,12
TIFT,house,169,mail,7,1
TIFT,house,169,mail,8,3
TIFT,house,169,mail,10,6
TIFT,house,169,mail,11,3
TIFT,house,169,mail,12,10
TIFT,house,169,mail,13,7
TIFT,house,169,mail,14,12
TIFT,house,169,mail,15,6
TIFT,house,169,mail,17,1
TIFT,house,169,mail,18,1
TIFT,house,169,mail,19,8
TIFT,house,169,mail,20,6
TIFT,house,169,mail,21,3
TIFT,house,169,mail,22,2
TIFT,house,169,mail,26,1
TIFT,house,170,inperson,4,677
TIFT,house,170,inperson,5,445
TIFT,house,170,inperson,6,437
TIFT,house,170,inperson,7,410
TIFT,house,170,inperson,8,518
TIFT,house,170,inperson,10,398
TIFT,house,170,inperson,11,556
TIFT,house,170,inperson,12,534
TIFT,house,170,inperson,13,496
TIFT,house,170,inperson,14,663
TIFT,house,170,inperson,15,667
TIFT,house,170,inperson,17,336
TIFT,house,170,inperson,18,788
TIFT,house,170,inperson,19,612
TIFT,house,170,inperson,20,775
TIFT,house,170,inperson,21,848
TIFT,house,170,mail,0,22
TIFT,house,170,mail,1,42
TIFT,house,170,mail,3,1
TIFT,house,170,mail,4,15
TIFT,house,170,mail,5,23
TIFT,house,170,mail,6,25
TIFT,house,170,mail,7,5
TIFT,house,170,mail,8,14
TIFT,house,170,mail,10,13
TIFT,house,170,mail,11,28
TIFT,house,170,mail,12,21
TIFT,house,170,mail,13,41
TIFT,house,170,mail,14,66
TIFT,house,170,mail,15,32
TIFT,house,170,mail,16,1
TIFT,house,170,mail,17,2
TIFT,house,170,mail,18,22
TIFT,house,170,mail,19,45
TIFT,house,170,mail,20,17
TIFT,house,170,mail,21,23
TIFT,house,170,mail,22,5
TIFT,house,170,mail,24,7
TIFT,house,170,mail,25,4
TIFT,house,170,mail,26,5
TIFT,senate,13,inperson,4,876
TIFT,senate,13,inperson,5,575
TIFT,senate,13,inperson,6,555
TIFT,senate,13,inperson,7,528
TIFT,senate,13,inperson,8,680
TIFT,senate,13,inperson,10,472
TIFT,senate,13,inperson,11,714
TIFT,senate,13,inperson,12,691
TIFT,senate,13,inperson,13,644
TIFT,senate,13,inperson,14,854
TIFT,senate,13,inperson,15,871
TIFT,senate,13,inperson,17,422
TIFT,senate,13,inperson,18,1033
TIFT,senate,13,inperson,19,816
TIFT,senate,13,inperson,20,1006
TIFT,senate,13,inperson,21,1054
TIFT,senate,13,mail,0,26
TIFT,senate,13,mail,1,52
TIFT,senate,13,mail,3,1
TIFT,senate,13,mail,4,18
TIFT,senate,13,mail,5,28
TIFT,senate,13,mail,6,37
TIFT,senate,13,mail,7,6
TIFT,senate,13,mail,8,17
TIFT,senate,13,mail,10,19
TIFT,senate,13,mail,11,31
TIFT,senate,13,mail,12,31
TIFT,senate,13,mail,13,48
TIFT,senate,13,mail,14,78
TIFT,senate,13,mail,15,38
TIFT,senate,13,mail,16,1
TIFT,senate,13,mail,17,3
TIFT,senate,13,mail,18,23
TIFT,senate,13,mail,19,53
TIFT,senate,13,mail,20,23
TIFT,senate,13,mail,21,26
TIFT,senate,13,mail,22,7
TIFT,senate,13,mail,24,7
TIFT,senate,13,mail,25,4
TIFT,senate,13,mail,26,6
TOOMBS,house,156,inperson,4,648
TOOMBS,house,156,inperson,5,353
TOOMBS,house,156,inperson,6,369
TOOMBS,house,156,inperson,7,362
TOOMBS,house,156,inperson,8,419
TOOMBS,house,156,inperson,10,371
TOOMBS,house,156,inperson,11,581
TOOMBS,house,156,inperson,12,471
TOOMBS,house,156,inperson,13,475
TOOMBS,house,156,inperson,14,483
TOOMBS,house,156,inperson,15,548
TOOMBS,house,156,inperson,17,309
TOOMBS,house,156,inperson,18,671
TOOMBS,house,156,inperson,19,524
TOOMBS,house,156,inperson,20,523
TOOMBS,house,156,inperson,21,541
TOOMBS,house,156,mail,0,24
TOOMBS,house,156,mail,1,1
TOOMBS,house,156,mail,3,9
TOOMBS,house,156,mail,4,25
TOOMBS,house,156,mail,5,17
TOOMBS,house,156,mail,6,18
TOOMBS,house,156,mail,7,34
TOOMBS,house,156,mail,8,19
TOOMBS,house,156,mail,10,14
TOOMBS,house,156,mail,11,22
TOOMBS,house,156,mail,12,18
TOOMBS,house,156,mail,13,36
TOOMBS,house,156,mail,14,22
TOOMBS,house,156,mail,15,50
TOOMBS,house,156,mail,16,12
TOOMBS,house,156,mail,17,53
TOOMBS,house,156,mail,18,17
TOOMBS,house,156,mail,19,22
TOOMBS,house,156,mail,20,41
TOOMBS,house,156,mail,21,23
TOOMBS,house,156,mail,22,23
TOOMBS,house,156,mail,25,15
TOOMBS,house,156,mail,26,1
TOOMBS,house,156,mail,27,1
TOOMBS,house,156,mail,29,1
TOOMBS,senate,19,inperson,4,648
TOOMBS,senate,19,inperson,5,353
TOOMBS,senate,19,inperson,6,369
TOOMBS,senate,19,inperson,7,362
TOOMBS,senate,19,inperson,8,419
TOOMBS,senate,19,inperson,10,371
TOOMBS,senate,19,inperson,11,581
TOOMBS,senate,19,inperson,12,471
TOOMBS,senate,19,inperson,13,475
TOOMBS,senate,19,inperson,14,483
TOOMBS,senate,19,inperson,15,548
TOOMBS,senate,19,inperson,17,309
TOOMBS,senate,19,inperson,18,671
TOOMBS,senate,19,inperson,19,524
TOOMBS,senate,19,inperson,20,523
TOOMBS,senate,19,inperson,21,541
TOOMBS,senate,19,mail,0,24
TOOMBS,senate,19,mail,1,1
TOOMBS,senate,19,mail,3,9
TOOMBS,senate,19,mail,4,25
TOOMBS,senate,19,mail,5,17
TOOMBS,senate,19,mail,6,18
TOOMBS,senate,19,mail,7,34
TOOMBS,senate,19,mail,8,19
TOOMBS,senate,19,mail,10,14
TOOMBS,senate,19,mail,11,22
TOOMBS,senate,19,mail,12,18
TOOMBS,senate,19,mail,13,36
TOOMBS,senate,19,mail,14,22
TOOMBS,senate,19,mail,15,50
TOOMBS,senate,19,mail,16,12
TOOMBS,senate,19,mail,17,53
TOOMBS,senate,19,mail,18,17
TOOMBS,senate,19,mail,19,22
TOOMBS,senate,19,mail,20,41
TOOMBS,senate,19,mail,21,23
TOOMBS,senate,19,mail,22,23
TOOMBS,senate,19,mail,25,15
TOOMBS,senate,19,mail,26,1
TOOMBS,senate,19,mail,27,1
TOOMBS,senate,19,mail,29,1
TOWNS,house,8,inperson,4,321
TOWNS,house,8,inperson,5,219
TOWNS,house,8,inperson,6,253
TOWNS,house,8,inperson,7,277
TOWNS,house,8,inperson,8,330
TOWNS,house,8,inperson,10,169
TOWNS,house,8,inperson,11,385
TOWNS,house,8,inperson,12,403
TOWNS,house,8,inperson,13,477
TOWNS,house,8,inperson,14,566
TOWNS,house,8,inperson,15,632
TOWNS,house,8,inperson,17,259
TOWNS,house,8,inperson,18,609
TOWNS,house,8,inperson,19,710
TOWNS,house,8,inperson,20,818
TOWNS,house,8,inperson,21,731
TOWNS,house,8,mail,0,10
TOWNS,house,8,mail,1,11
TOWNS,house,8,mail,2,6
TOWNS,house,8,mail,4,12
TOWNS,house,8,mail,5,12
TOWNS,house,8,mail,6,9
TOWNS,house,8,mail,7,16
TOWNS,house,8,mail,8,32
TOWNS,house,8,mail,10,7
TOWNS,house,8,mail,11,18
TOWNS,house,8,mail,12,18
TOWNS,house,8,mail,13,15
TOWNS,house,8,mail,14,33
TOWNS,house,8,mail,15,68
TOWNS,house,8,mail,17,1
TOWNS,house,8,mail,18,38
TOWNS,house,8,mail,19,36
TOWNS,house,8,mail,20,57
TOWNS,house,8,mail,21,64
TOWNS,house,8,mail,22,15
TOWNS,house,8,mail,25,31
TOWNS,house,8,mail,26,30
TOWNS,house,8,mail,27,13
TOWNS,house,8,mail,28,4
TOWNS,house,8,mail,35,1
TOWNS,senate,50,inperson,4,321
TOWNS,senate,50,inperson,5,219
TOWNS,senate,50,inperson,6,253
TOWNS,senate,50,inperson,7,277
TOWNS,senate,50,inperson,8,330
TOWNS,senate,50,inperson,10,169
TOWNS,senate,50,inperson,11,385
TOWNS,senate,50,inperson,12,403
TOWNS,senate,50,inperson,13,477
TOWNS,senate,50,inperson,14,566
TOWNS,senate,50,inperson,15,632
TOWNS,senate,50,inperson,17,259
TOWNS,senate,50,inperson,18,609
TOWNS,senate,50,inperson,19,710
TOWNS,senate,50,inperson,20,818
TOWNS,senate,50,inperson,21,731
TOWNS,senate,50,mail,0,10
TOWNS,senate,50,mail,1,11
TOWNS,senate,50,mail,2,6
TOWNS,senate,50,mail,4,12
TOWNS,senate,50,mail,5,12
TOWNS,senate,50,mail,6,9
TOWNS,senate,50,mail,7,16
TOWNS,senate,50,mail,8,32
TOWNS,senate,50,mail,10,7
TOWNS,senate,50,mail,11,18
TOWNS,senate,50,mail,12,18
TOWNS,senate,50,mail,13,15
TOWNS,senate,50,mail,14,33
TOWNS,senate,50,mail,15,68
TOWNS,senate,50,mail,17,1
TOWNS,senate,50,mail,18,38
TOWNS,senate,50,mail,19,36
TOWNS,senate,50,mail,20,57
TOWNS,senate,50,mail,21,64
TOWNS,senate,50,mail,22,15
TOWNS,senate,50,mail,25,31
TOWNS,senate,50,mail,26,30
TOWNS,senate,50,mail,27,13
TOWNS,senate,50,mail,28,4
TOWNS,senate,50,mail,35,1
TREUTLEN,house,158,inperson,4,208
TREUTLEN,house,158,inperson,5,128
TREUTLEN,house,158,inperson,6,105
TREUTLEN,house,158,inperson,7,113
TREUTLEN,house,158,inperson,8,122
TREUTLEN,house,158,inperson,10,106
TREUTLEN,house,158,inperson,11,180
TREUTLEN,house,158,inperson,12,134
TREUTLEN,house,158,inperson,13,132
TREUTLEN,house,158,inperson,14,156
TREUTLEN,house,158,inperson,15,142
TREUTLEN,house,158,inperson,17,68
TREUTLEN,house,158,inperson,18,169
TREUTLEN,house,158,inperson,19,151
TREUTLEN,house,158,inperson,20,151
TREUTLEN,house,158,inperson,21,105
TREUTLEN,house,158,mail,0,6
TREUTLEN,house,158,mail,1,7
TREUTLEN,house,158,mail,4,13
TREUTLEN,house,158,mail,5,4
TREUTLEN,house,158,mail,6,7
TREUTLEN,house,158,mail,7,9
TREUTLEN,house,158,mail,8,9
TREUTLEN,house,158,mail,10,2
TREUTLEN,house,158,mail,11,5
TREUTLEN,house,158,mail,12,9
TREUTLEN,house,158,mail,13,3
TREUTLEN,house,158,mail,14,10
TREUTLEN,house,158,mail,15,13
TREUTLEN,house,158,mail,17,1
TREUTLEN,house,158,mail,18,5
TREUTLEN,house,158,mail,19,2
TREUTLEN,house,158,mail,20,11
TREUTLEN,house,158,mail,21,9
TREUTLEN,house,158,mail,22,2
TREUTLEN,house,158,mail,25,4
TREUTLEN,senate,20,inperson,4,208
TREUTLEN,senate,20,inperson,5,128
TREUTLEN,senate,20,inperson,6,105
TREUTLEN,senate,20,inperson,7,113
TREUTLEN,senate,20,inperson,8,122
TREUTLEN,senate,20,inperson,10,106
TREUTLEN,senate,20,inperson,11,180
TREUTLEN,senate,20,inperson,12,134
TREUTLEN,senate,20,inperson,13,132
TREUTLEN,senate,20,inperson,14,156
TREUTLEN,senate,20,inperson,15,142
TREUTLEN,senate,20,inperson,17,68
TREUTLEN,senate,20,inperson,18,169
TREUTLEN,senate,20,inperson,19,151
TREUTLEN,senate,20,inperson,20,151
TREUTLEN,senate,20,inperson,21,105
TREUTLEN,senate,20,mail,0,6
TREUTLEN,senate,20,mail,1,7
TREUTLEN,senate,20,mail,4,13
TREUTLEN,senate,20,mail,5,4
TREUTLEN,senate,20,mail,6,7
TREUTLEN,senate,20,mail,7,9
TREUTLEN,senate,20,mail,8,9
TREUTLEN,senate,20,mail,10,2
TREUTLEN,senate,20,mail,11,5
TREUTLEN,senate,20,mail,12,9
TREUTLEN,senate,20,mail,13,3
TREUTLEN,senate,20,mail,14,10
TREUTLEN,senate,20,mail,15,13
TREUTLEN,senate,20,mail,17,1
TREUTLEN,senate,20,mail,18,5
TREUTLEN,senate,20,mail,19,2
TREUTLEN,senate,20,mail,20,11
TREUTLEN,senate,20,mail,21,9
TREUTLEN,senate,20,mail,22,2
TREUTLEN,senate,20,mail,25,4
TROUP,house,136,inperson,4,375
TROUP,house,136,inperson,5,231
TROUP,house,136,inperson,6,217
TROUP,house,136,inperson,7,230
TROUP,house,136,inperson,8,280
TROUP,house,136,inperson,10,178
TROUP,house,136,inperson,11,272
TROUP,house,136,inperson,12,217
TROUP,house,136,inperson,13,213
TROUP,house,136,inperson,14,221
TROUP,house,136,inperson,15,303
TROUP,house,136,inperson,17,121
TROUP,house,136,inperson,18,375
TROUP,house,136,inperson,19,293
TROUP,house,136,inperson,20,308
TROUP,house,136,inperson,21,333
TROUP,house,136,mail,0,3
TROUP,house,136,mail,1,12
TROUP,house,136,mail,4,14
TROUP,house,136,mail,5,11
TROUP,house,136,mail,6,16
TROUP,house,136,mail,7,12
TROUP,house,136,mail,8,13
TROUP,house,136,mail,10,4
TROUP,house,136,mail,11,15
TROUP,house,136,mail,12,7
TROUP,house,136,mail,13,20
TROUP,house,136,mail,14,18
TROUP,house,136,mail,15,18
TROUP,house,136,mail,17,15
TROUP,house,136,mail,18,26
TROUP,house,136,mail,19,22
TROUP,house,136,mail,20,25
TROUP,house,136,mail,21,33
TROUP,house,136,mail,22,7
TROUP,house,136,mail,25,26
TROUP,house,136,mail,26,3
TROUP,house,136,mail,27,2
TROUP,house,137,inperson,4,419
TROUP,house,137,inperson,5,262
TROUP,house,137,inperson,6,239
TROUP,house,137,inperson,7,241
TROUP,house,137,inperson,8,287
TROUP,house,137,inperson,10,162
TROUP,house,137,inperson,11,320
TROUP,house,137,inperson,12,219
TROUP,house,137,inperson,13,252
TROUP,house,137,inperson,14,273
TROUP,house,137,inperson,15,341
TROUP,house,137,inperson,17,129
TROUP,house,137,inperson,18,346
TROUP,house,137,inperson,19,341
TROUP,house,137,inperson,20,335
TROUP,house,137,inperson,21,347
TROUP,house,137,mail,0,9
TROUP,house,137,mail,1,17
TROUP,house,137,mail,4,14
TROUP,house,137,mail,5,2
TROUP,house,137,mail,6,14
TROUP,house,137,mail,7,10
TROUP,house,137,mail,8,17
TROUP,house,137,mail,10,10
TROUP,house,137,mail,11,21
TROUP,house,137,mail,12,8
TROUP,house,137,mail,13,11
TROUP,house,137,mail,14,13
TROUP,house,137,mail,15,27
TROUP,house,137,mail,17,11
TROUP,house,137,mail,18,22
TROUP,house,137,mail,19,34
TROUP,house,137,mail,20,27
TROUP,house,137,mail,21,44
TROUP,house,137,mail,22,10
TROUP,house,137,mail,25,22
TROUP,house,137,mail,26,9
TROUP,house,137,mail,27,2
TROUP,house,138,inperson,4,604
TROUP,house,138,inperson,5,426
TROUP,house,138,inperson,6,420
TROUP,house,138,inperson,7,412
TROUP,house,138,inperson,8,551
TROUP,house,138,inperson,10,310
TROUP,house,138,inperson,11,623
TROUP,house,138,inperson,12,452
TROUP,house,138,inperson,13,502
TROUP,house,138,inperson,14,539
TROUP,house,138,inperson,15,561
TROUP,house,138,inperson,17,214
TROUP,house,138,inperson,18,695
TROUP,house,138,inperson,19,550
TROUP,house,138,inperson,20,553
TROUP,house,138,inperson,21,669
TROUP,house,138,mail,0,14
TROUP,house,138,mail,1,31
TROUP,house,138,mail,4,17
TROUP,house,138,mail,5,14
TROUP,house,138,mail,6,17
TROUP,house,138,mail,7,24
TROUP,house,138,mail,8,30
TROUP,house,138,mail,10,23
TROUP,house,138,mail,11,19
TROUP,house,138,mail,12,20
TROUP,house,138,mail,13,23
TROUP,house,138,mail,14,41
TROUP,house,138,mail,15,50
TROUP,house,138,mail,17,25
TROUP,house,138,mail,18,19
TROUP,house,138,mail,19,31
TROUP,house,138,mail,20,35
TROUP,house,138,mail,21,89
TROUP,house,138,mail,22,20
TROUP,house,138,mail,25,32
TROUP,house,138,mail,26,5
TROUP,house,138,mail,27,5
TROUP,house,72,inperson,4,341
TROUP,house,72,inperson,5,233
TROUP,house,72,inperson,6,204
TROUP,house,72,inperson,7,223
TROUP,house,72,inperson,8,334
TROUP,house,72,inperson,10,308
TROUP,house,72,inperson,11,563
TROUP,house,72,inperson,12,156
TROUP,house,72,inperson,13,193
TROUP,house,72,inperson,14,165
TROUP,house,72,inperson,15,205
TROUP,house,72,inperson,17,78
TROUP,house,72,inperson,18,266
TROUP,house,72,inperson,19,237
TROUP,house,72,inperson,20,216
TROUP,house,72,inperson,21,222
TROUP,house,72,mail,0,5
TROUP,house,72,mail,1,11
TROUP,house,72,mail,4,11
TROUP,house,72,mail,5,4
TROUP,house,72,mail,6,5
TROUP,house,72,mail,7,7
TROUP,house,72,mail,8,16
TROUP,house,72,mail,10,4
TROUP,house,72,mail,11,13
TROUP,house,72,mail,12,8
TROUP,house,72,mail,13,9
TROUP,house,72,mail,14,14
TROUP,house,72,mail,15,9
TROUP,house,72,mail,17,12
TROUP,house,72,mail,18,24
TROUP,house,72,mail,19,15
TROUP,house,72,mail,20,10
TROUP,house,72,mail,21,23
TROUP,house,72,mail,22,7
TROUP,house,72,mail,25,3
TROUP,house,72,mail,26,2
TROUP,house,72,mail,27,3
TROUP,senate,29,inperson,4,1739
TROUP,senate,29,inperson,5,1152
TROUP,senate,29,inperson,6,1080
TROUP,senate,29,inperson,7,1106
TROUP,senate,29,inperson,8,1452
TROUP,senate,29,inperson,10,958
TROUP,senate,29,inperson,11,1778
TROUP,senate,29,inperson,12,1044
TROUP,senate,29,inperson,13,1160
TROUP,senate,29,inperson,14,1198
TROUP,senate,29,inperson,15,1410
TROUP,senate,29,inperson,17,542
TROUP,senate,29,inperson,18,1682
TROUP,senate,29,inperson,19,1421
TROUP,senate,29,inperson,20,1412
TROUP,senate,29,inperson,21,1571
TROUP,senate,29,mail,0,31
TROUP,senate,29,mail,1,71
TROUP,senate,29,mail,4,56
TROUP,senate,29,mail,5,31
TROUP,senate,29,mail,6,52
TROUP,senate,29,mail,7,53
TROUP,senate,29,mail,8,76
TROUP,senate,29,mail,10,41
TROUP,senate,29,mail,11,68
TROUP,senate,29,mail,12,43
TROUP,senate,29,mail,13,63
TROUP,senate,29,mail,14,86
TROUP,senate,29,mail,15,104
TROUP,senate,29,mail,17,63
TROUP,senate,29,mail,18,91
TROUP,senate,29,mail,19,102
TROUP,senate,29,mail,20,97
TROUP,senate,29,mail,21,189
TROUP,senate,29,mail,22,44
TROUP,senate,29,mail,25,83
TROUP,senate,29,mail,26,19
TROUP,senate,29,mail,27,12
TURNER,house,169,inperson,4,170
TURNER,house,169,inperson,5,163
TURNER,house,169,inperson,6,111
TURNER,house,169,inperson,7,158
TURNER,house,169,inperson,8,110
TURNER,house,169,inperson,10,102
TURNER,house,169,inperson,11,141
TURNER,house,169,inperson,12,134
TURNER,house,169,inperson,13,127
TURNER,house,169,inperson,14,201
TURNER,house,169,inperson,15,165
TURNER,house,169,inperson,17,100
TURNER,house,169,inperson,18,261
TURNER,house,169,inperson,19,261
TURNER,house,169,inperson,20,306
TURNER,house,169,inperson,21,320
TURNER,house,169,mail,0,14
TURNER,house,169,mail,1,2
TURNER,house,169,mail,5,3
TURNER,house,169,mail,6,1
TURNER,house,169,mail,7,9
TURNER,house,169,mail,8,4
TURNER,house,169,mail,10,2
TURNER,house,169,mail,11,3
TURNER,house,169,mail,12,10
TURNER,house,169,mail,13,3
TURNER,house,169,mail,14,5
TURNER,house,169,mail,15,14
TURNER,house,169,mail,17,1
TURNER,house,169,mail,18,6
TURNER,house,169,mail,19,8
TURNER,house,169,mail,20,14
TURNER,house,169,mail,21,15
TURNER,house,169,mail,24,1
TURNER,house,169,mail,25,2
TURNER,house,169,mail,27,1
TURNER,senate,13,inperson,4,170
TURNER,senate,13,inperson,5,163
TURNER,senate,13,inperson,6,111
TURNER,senate,13,inperson,7,158
TURNER,senate,13,inperson,8,110
TURNER,senate,13,inperson,10,102
TURNER,senate,13,inperson,11,141
TURNER,senate,13,inperson,12,134
TURNER,senate,13,inperson,13,127
TURNER,senate,13,inperson,14,201
TURNER,senate,13,inperson,15,165
TURNER,senate,13,inperson,17,100
TURNER,senate,13,inperson,18,261
TURNER,senate,13,inperson,19,261
TURNER,senate,13,inperson,20,306
TURNER,senate,13,inperson,21,320
TURNER,senate,13,mail,0,14
TURNER,senate,13,mail,1,2
TURNER,senate,13,mail,5,3
TURNER,senate,13,mail,6,1
TURNER,senate,13,mail,7,9
TURNER,senate,13,mail,8,4
TURNER,senate,13,mail,10,2
TURNER,senate,13,mail,11,3
TURNER,senate,13,mail,12,10
TURNER,senate,13,mail,13,3
TURNER,senate,13,mail,14,5
TURNER,senate,13,mail,15,14
TURNER,senate,13,mail,17,1
TURNER,senate,13,mail,18,6
TURNER,senate,13,mail,19,8
TURNER,senate,13,mail,20,14
TURNER,senate,13,mail,21,15
TURNER,senate,13,mail,24,1
TURNER,senate,13,mail,25,2
TURNER,senate,13,mail,27,1
TWIGGS,house,133,inperson,4,197
TWIGGS,house,133,inperson,5,127
TWIGGS,house,133,inperson,6,122
TWIGGS,house,133,inperson,7,132
TWIGGS,house,133,inperson,8,124
TWIGGS,house,133,inperson,10,120
TWIGGS,house,133,inperson,11,195
TWIGGS,house,133,inperson,12,145
TWIGGS,house,133,inperson,13,130
TWIGGS,house,133,inperson,14,173
TWIGGS,house,133,inperson,15,180
TWIGGS,house,133,inperson,17,118
TWIGGS,house,133,inperson,18,202
TWIGGS,house,133,inperson,19,157
TWIGGS,house,133,inperson,20,168
TWIGGS,house,133,inperson,21,195
TWIGGS,house,133,mail,0,2
TWIGGS,house,133,mail,1,8
TWIGGS,house,133,mail,3,3
TWIGGS,house,133,mail,4,11
TWIGGS,house,133,mail,5,9
TWIGGS,house,133,mail,6,21
TWIGGS,house,133,mail,7,9
TWIGGS,house,133,mail,8,21
TWIGGS,house,133,mail,10,8
TWIGGS,house,133,mail,11,13
TWIGGS,house,133,mail,12,25
TWIGGS,house,133,mail,13,20
TWIGGS,house,133,mail,14,18
TWIGGS,house,133,mail,15,21
TWIGGS,house,133,mail,17,14
TWIGGS,house,133,mail,18,42
TWIGGS,house,133,mail,19,22
TWIGGS,house,133,mail,20,24
TWIGGS,house,133,mail,21,38
TWIGGS,house,133,mail,25,11
TWIGGS,house,133,mail,26,1
TWIGGS,house,133,mail,27,3
TWIGGS,house,133,mail,36,3
TWIGGS,senate,26,inperson,4,197
TWIGGS,senate,26,inperson,5,127
TWIGGS,senate,26,inperson,6,122
TWIGGS,senate,26,inperson,7,132
TWIGGS,senate,26,inperson,8,124
TWIGGS,senate,26,inperson,10,120
TWIGGS,senate,26,inperson,11,195
TWIGGS,senate,26,inperson,12,145
TWIGGS,senate,26,inperson,13,130
TWIGGS,senate,26,inperson,14,173
TWIGGS,senate,26,inperson,15,180
TWIGGS,senate,26,inperson,17,118
TWIGGS,senate,26,inperson,18,202
TWIGGS,senate,26,inperson,19,157
TWIGGS,senate,26,inperson,20,168
TWIGGS,senate,26,inperson,21,195
TWIGGS,senate,26,mail,0,2
TWIGGS,senate,26,mail,1,8
TWIGGS,senate,26,mail,3,3
TWIGGS,senate,26,mail,4,11
TWIGGS,senate,26,mail,5,9
TWIGGS,senate,26,mail,6,21
TWIGGS,senate,26,mail,7,9
TWIGGS,senate,26,mail,8,21
TWIGGS,senate,26,mail,10,8
TWIGGS,senate,26,mail,11,13
TWIGGS,senate,26,mail,12,25
TWIGGS,senate,26,mail,13,20
TWIGGS,senate,26,mail,14,18
TWIGGS,senate,26,mail,15,21
TWIGGS,senate,26,mail,17,14
TWIGGS,senate,26,mail,18,42
TWIGGS,senate,26,mail,19,22
TWIGGS,senate,26,mail,20,24
TWIGGS,senate,26,mail,21,38
TWIGGS,senate,26,mail,25,11
TWIGGS,senate,26,mail,26,1
TWIGGS,senate,26,mail,27,3
TWIGGS,senate,26,mail,36,3
UNION,house,8,inperson,4,636
UNION,house,8,inperson,5,480
UNION,house,8,inperson,6,590
UNION,house,8,inperson,7,601
UNION,house,8,inperson,8,672
UNION,house,8,inperson,10,380
UNION,house,8,inperson,11,871
UNION,house,8,inperson,12,814
UNION,house,8,inperson,13,917
UNION,house,8,inperson,14,1012
UNION,house,8,inperson,15,1143
UNION,house,8,inperson,17,450
UNION,house,8,inperson,18,1172
UNION,house,8,inperson,19,1155
UNION,house,8,inperson,20,1202
UNION,house,8,inperson,21,1147
UNION,house,8,mail,0,17
UNION,house,8,mail,1,33
UNION,house,8,mail,4,16
UNION,house,8,mail,5,24
UNION,house,8,mail,6,21
UNION,house,8,mail,7,26
UNION,house,8,mail,8,71
UNION,house,8,mail,11,43
UNION,house,8,mail,12,42
UNION,house,8,mail,13,48
UNION,house,8,mail,14,67
UNION,house,8,mail,15,126
UNION,house,8,mail,18,61
UNION,house,8,mail,19,105
UNION,house,8,mail,20,65
UNION,house,8,mail,21,108
UNION,house,8,mail,25,61
UNION,house,8,mail,26,29
UNION,house,8,mail,27,5
UNION,house,8,mail,28,1
UNION,house,8,mail,29,3
UNION,house,8,mail,36,13
UNION,senate,51,inperson,4,636
UNION,senate,51,inperson,5,480
UNION,senate,51,inperson,6,590
UNION,senate,51,inperson,7,601
UNION,senate,51,inperson,8,672
UNION,senate,51,inperson,10,380
UNION,senate,51,inperson,11,871
UNION,senate,51,inperson,12,814
UNION,senate,51,inperson,13,917
UNION,senate,51,inperson,14,1012
UNION,senate,51,inperson,15,1143
UNION,senate,51,inperson,17,450
UNION,senate,51,inperson,18,1172
UNION,senate,51,inperson,19,1155
UNION,senate,51,inperson,20,1202
UNION,senate,51,inperson,21,1147
UNION,senate,51,mail,0,17
UNION,senate,51,mail,1,33
UNION,senate,51,mail,4,16
UNION,senate,51,mail,5,24
UNION,senate,51,mail,6,21
UNION,senate,51,mail,7,26
UNION,senate,51,mail,8,71
UNION,senate,51,mail,11,43
UNION,senate,51,mail,12,42
UNION,senate,51,mail,13,48
UNION,senate,51,mail,14,67
UNION,senate,51,mail,15,126
UNION,senate,51,mail,18,61
UNION,senate,51,mail,19,105
UNION,senate,51,mail,20,65
UNION,senate,51,mail,21,108
UNION,senate,51,mail,25,61
UNION,senate,51,mail,26,29
UNION,senate,51,mail,27,5
UNION,senate,51,mail,28,1
UNION,senate,51,mail,29,3
UNION,senate,51,mail,36,13
UPSON,house,134,inperson,4,665
UPSON,house,134,inperson,5,412
UPSON,house,134,inperson,6,414
UPSON,house,134,inperson,7,436
UPSON,house,134,inperson,8,478
UPSON,house,134,inperson,10,473
UPSON,house,134,inperson,11,670
UPSON,house,134,inperson,12,595
UPSON,house,134,inperson,13,605
UPSON,house,134,inperson,14,702
UPSON,house,134,inperson,15,780
UPSON,house,134,inperson,17,571
UPSON,house,134,inperson,18,951
UPSON,house,134,inperson,19,784
UPSON,house,134,inperson,20,928
UPSON,house,134,inperson,21,1070
UPSON,house,134,mail,0,13
UPSON,house,134,mail,1,17
UPSON,house,134,mail,4,14
UPSON,house,134,mail,5,23
UPSON,house,134,mail,6,19
UPSON,house,134,mail,7,29
UPSON,house,134,mail,8,19
UPSON,house,134,mail,10,10
UPSON,house,134,mail,11,37
UPSON,house,134,mail,12,34
UPSON,house,134,mail,13,30
UPSON,house,134,mail,14,40
UPSON,house,134,mail,15,43
UPSON,house,134,mail,17,18
UPSON,house,134,mail,18,41
UPSON,house,134,mail,19,41
UPSON,house,134,mail,20,68
UPSON,house,134,mail,21,134
UPSON,house,134,mail,22,83
UPSON,senate,18,inperson,4,665
UPSON,senate,18,inperson,5,412
UPSON,senate,18,inperson,6,414
UPSON,senate,18,inperson,7,436
UPSON,senate,18,inperson,8,478
UPSON,senate,18,inperson,10,473
UPSON,senate,18,inperson,11,670
UPSON,senate,18,inperson,12,595
UPSON,senate,18,inperson,13,605
UPSON,senate,18,inperson,14,702
UPSON,senate,18,inperson,15,780
UPSON,senate,18,inperson,17,571
UPSON,senate,18,inperson,18,951
UPSON,senate,18,inperson,19,784
UPSON,senate,18,inperson,20,928
UPSON,senate,18,inperson,21,1070
UPSON,senate,18,mail,0,13
UPSON,senate,18,mail,1,17
UPSON,senate,18,mail,4,14
UPSON,senate,18,mail,5,23
UPSON,senate,18,mail,6,19
UPSON,senate,18,mail,7,29
UPSON,senate,18,mail,8,19
UPSON,senate,18,mail,10,10
UPSON,senate,18,mail,11,37
UPSON,senate,18,mail,12,34
UPSON,senate,18,mail,13,30
UPSON,senate,18,mail,14,40
UPSON,senate,18,mail,15,43
UPSON,senate,18,mail,17,18
UPSON,senate,18,mail,18,41
UPSON,senate,18,mail,19,41
UPSON,senate,18,mail,20,68
UPSON,senate,18,mail,21,134
UPSON,senate,18,mail,22,83
WALKER,house,1,inperson,4,1267
WALKER,house,1,inperson,5,980
WALKER,house,1,inperson,6,1100
WALKER,house,1,inperson,7,1369
WALKER,house,1,inperson,8,1911
WALKER,house,1,inperson,10,1946
WALKER,house,1,inperson,11,487
WALKER,house,1,inperson,12,359
WALKER,house,1,inperson,13,314
WALKER,house,1,inperson,14,386
WALKER,house,1,inperson,15,446
WALKER,house,1,inperson,17,286
WALKER,house,1,inperson,18,499
WALKER,house,1,inperson,19,418
WALKER,house,1,inperson,20,438
WALKER,house,1,inperson,21,515
WALKER,house,1,mail,0,58
WALKER,house,1,mail,4,43
WALKER,house,1,mail,5,45
WALKER,house,1,mail,6,37
WALKER,house,1,mail,7,59
WALKER,house,1,mail,8,15
WALKER,house,1,mail,10,42
WALKER,house,1,mail,11,63
WALKER,house,1,mail,12,63
WALKER,house,1,mail,13,39
WALKER,house,1,mail,14,19
WALKER,house,1,mail,15,44
WALKER,house,1,mail,17,86
WALKER,house,1,mail,18,93
WALKER,house,1,mail,19,95
WALKER,house,1,mail,20,106
WALKER,house,1,mail,21,11
WALKER,house,1,mail,22,73
WALKER,house,1,mail,25,11
WALKER,house,1,mail,26,16
WALKER,house,1,mail,27,3
WALKER,house,1,mail,28,2
WALKER,house,1,mail,32,1
WALKER,house,2,inperson,4,847
WALKER,house,2,inperson,5,654
WALKER,house,2,inperson,6,725
WALKER,house,2,inperson,7,1015
WALKER,house,2,inperson,8,1242
WALKER,house,2,inperson,10,1411
WALKER,house,2,inperson,11,305
WALKER,house,2,inperson,12,276
WALKER,house,2,inperson,13,274
WALKER,house,2,inperson,14,293
WALKER,house,2,inperson,15,394
WALKER,house,2,inperson,17,282
WALKER,house,2,inperson,18,405
WALKER,house,2,inperson,19,391
WALKER,house,2,inperson,20,384
WALKER,house,2,inperson,21,444
WALKER,house,2,mail,0,33
WALKER,house,2,mail,4,17
WALKER,house,2,mail,5,21
WALKER,house,2,mail,6,14
WALKER,house,2,mail,7,19
WALKER,house,2,mail,8,5
WALKER,house,2,mail,10,13
WALKER,house,2,mail,11,22
WALKER,house,2,mail,12,24
WALKER,house,2,mail,13,24
WALKER,house,2,mail,14,11
WALKER,house,2,mail,15,25
WALKER,house,2,mail,17,40
WALKER,house,2,mail,18,28
WALKER,house,2,mail,19,49
WALKER,house,2,mail,20,32
WALKER,house,2,mail,21,5
WALKER,house,2,mail,22,48
WALKER,house,2,mail,25,6
WALKER,house,2,mail,26,6
WALKER,house,2,mail,27,2
WALKER,house,2,mail,28,1
WALKER,senate,53,inperson,4,2114
WALKER,senate,53,inperson,5,1634
WALKER,senate,53,inperson,6,1825
WALKER,senate,53,inperson,7,2384
WALKER,senate,53,inperson,8,3153
WALKER,senate,53,inperson,10,3357
WALKER,senate,53,inperson,11,792
WALKER,senate,53,inperson,12,635
WALKER,senate,53,inperson,13,588
WALKER,senate,53,inperson,14,679
WALKER,senate,53,inperson,15,840
WALKER,senate,53,inperson,17,568
WALKER,senate,53,inperson,18,904
WALKER,senate,53,inperson,19,809
WALKER,senate,53,inperson,20,822
WALKER,senate,53,inperson,21,959
WALKER,senate,53,mail,0,91
WALKER,senate,53,mail,4,60
WALKER,senate,53,mail,5,66
WALKER,senate,53,mail,6,51
WALKER,senate,53,mail,7,78
WALKER,senate,53,mail,8,20
WALKER,senate,53,mail,10,55
WALKER,senate,53,mail,11,85
WALKER,senate,53,mail,12,87
WALKER,senate,53,mail,13,63
WALKER,senate,53,mail,14,30
WALKER,senate,53,mail,15,69
WALKER,senate,53,mail,17,126
WALKER,senate,53,mail,18,121
WALKER,senate,53,mail,19,144
WALKER,senate,53,mail,20,138
WALKER,senate,53,mail,21,16
WALKER,senate,53,mail,22,121
WALKER,senate,53,mail,25,17
WALKER,senate,53,mail,26,22
WALKER,senate,53,mail,27,5
WALKER,senate,53,mail,28,3
WALKER,senate,53,mail,32,1
WALTON,house,111,inperson,4,1163
WALTON,house,111,inperson,5,806
WALTON,house,111,inperson,6,782
WALTON,house,111,inperson,7,805
WALTON,house,111,inperson,8,869
WALTON,house,111,inperson,10,1093
WALTON,house,111,inperson,11,1086
WALTON,house,111,inperson,12,957
WALTON,house,111,inperson,13,913
WALTON,house,111,inperson,14,1012
WALTON,house,111,inperson,15,1117
WALTON,house,111,inperson,17,998
WALTON,house,111,inperson,18,1279
WALTON,house,111,inperson,19,1167
WALTON,house,111,inperson,20,1116
WALTON,house,111,inperson,21,1100
WALTON,house,111,mail,0,44
WALTON,house,111,mail,1,89
WALTON,house,111,mail,4,30
WALTON,house,111,mail,5,78
WALTON,house,111,mail,6,13
WALTON,house,111,mail,7,138
WALTON,house,111,mail,8,33
WALTON,house,111,mail,11,59
WALTON,house,111,mail,12,74
WALTON,house,111,mail,13,67
WALTON,house,111,mail,14,24
WALTON,house,111,mail,15,33
WALTON,house,111,mail,17,19
WALTON,house,111,mail,18,34
WALTON,house,111,mail,19,48
WALTON,house,111,mail,20,37
WALTON,house,111,mail,21,16
WALTON,house,111,mail,22,21
WALTON,house,111,mail,25,15
WALTON,house,111,mail,26,25
WALTON,house,111,mail,27,14
WALTON,house,111,mail,33,1
WALTON,house,112,inperson,4,1665
WALTON,house,112,inperson,5,1094
WALTON,house,112,inperson,6,1042
WALTON,house,112,inperson,7,1013
WALTON,house,112,inperson,8,1125
WALTON,house,112,inperson,10,1330
WALTON,house,112,inperson,11,1484
WALTON,house,112,inperson,12,1269
WALTON,house,112,inperson,13,1275
WALTON,house,112,inperson,14,1403
WALTON,house,112,inperson,15,1451
WALTON,house,112,inperson,17,1091
WALTON,house,112,inperson,18,1631
WALTON,house,112,inperson,19,1512
WALTON,house,112,inperson,20,1416
WALTON,house,112,inperson,21,1519
WALTON,house,112,mail,0,72
WALTON,house,112,mail,1,99
WALTON,house,112,mail,4,29
WALTON,house,112,mail,5,126
WALTON,house,112,mail,6,110
WALTON,house,112,mail,7,127
WALTON,house,112,mail,8,60
WALTON,house,112,mail,11,39
WALTON,house,112,mail,12,68
WALTON,house,112,mail,13,25
WALTON,house,112,mail,14,35
WALTON,house,112,mail,15,66
WALTON,house,112,mail,17,7
WALTON,house,112,mail,18,45
WALTON,house,112,mail,19,49
WALTON,house,112,mail,20,43
WALTON,house,112,mail,21,53
WALTON,house,112,mail,22,41
WALTON,house,112,mail,25,38
WALTON,house,112,mail,26,39
WALTON,house,112,mail,27,35
WALTON,house,112,mail,28,3
WALTON,house,112,mail,33,2
WALTON,house,114,inperson,4,372
WALTON,house,114,inperson,5,218
WALTON,house,114,inperson,6,194
WALTON,house,114,inperson,7,261
WALTON,house,114,inperson,8,245
WALTON,house,114,inperson,10,240
WALTON,house,114,inperson,11,297
WALTON,house,114,inperson,12,222
WALTON,house,114,inperson,13,227
WALTON,house,114,inperson,14,288
WALTON,house,114,inperson,15,345
WALTON,house,114,inperson,17,249
WALTON,house,114,inperson,18,402
WALTON,house,114,inperson,19,343
WALTON,house,114,inperson,20,404
WALTON,house,114,inperson,21,476
WALTON,house,114,mail,0,4
WALTON,house,114,mail,1,17
WALTON,house,114,mail,4,7
WALTON,house,114,mail,5,14
WALTON,house,114,mail,6,31
WALTON,house,114,mail,7,3
WALTON,house,114,mail,8,12
WALTON,house,114,mail,11,13
WALTON,house,114,mail,12,20
WALTON,house,114,mail,14,14
WALTON,house,114,mail,15,5
WALTON,house,114,mail,18,15
WALTON,house,114,mail,19,7
WALTON,house,114,mail,20,4
WALTON,house,114,mail,21,13
WALTON,house,114,mail,22,7
WALTON,house,114,mail,25,4
WALTON,house,114,mail,26,12
WALTON,house,114,mail,27,7
WALTON,house,114,mail,28,2
WALTON,house,51,inperson,6,1
WALTON,senate,14,inperson,6,1
WALTON,senate,42,inperson,4,1528
WALTON,senate,42,inperson,5,982
WALTON,senate,42,inperson,6,913
WALTON,senate,42,inperson,7,949
WALTON,senate,42,inperson,8,967
WALTON,senate,42,inperson,10,1256
WALTON,senate,42,inperson,11,1314
WALTON,senate,42,inperson,12,1108
WALTON,senate,42,inperson,13,1105
WALTON,senate,42,inperson,14,1203
WALTON,senate,42,inperson,15,1378
WALTON,senate,42,inperson,17,1113
WALTON,senate,42,inperson,18,1476
WALTON,senate,42,inperson,19,1352
WALTON,senate,42,inperson,20,1402
WALTON,senate,42,inperson,21,1489
WALTON,senate,42,mail,0,52
WALTON,senate,42,mail,1,82
WALTON,senate,42,mail,4,31
WALTON,senate,42,mail,5,131
WALTON,senate,42,mail,6,89
WALTON,senate,42,mail,7,82
WALTON,senate,42,mail,8,15
WALTON,senate,42,mail,11,64
WALTON,senate,42,mail,12,116
WALTON,senate,42,mail,13,2
WALTON,senate,42,mail,14,22
WALTON,senate,42,mail,15,38
WALTON,senate,42,mail,17,15
WALTON,senate,42,mail,18,36
WALTON,senate,42,mail,19,59
WALTON,senate,42,mail,20,40
WALTON,senate,42,mail,21,24
WALTON,senate,42,mail,22,36
WALTON,senate,42,mail,25,20
WALTON,senate,42,mail,26,20
WALTON,senate,42,mail,27,11
WALTON,senate,42,mail,28,2
WALTON,senate,42,mail,33,1
WALTON,senate,46,inperson,4,1672
WALTON,senate,46,inperson,5,1136
WALTON,senate,46,inperson,6,1105
WALTON,senate,46,inperson,7,1130
WALTON,senate,46,inperson,8,1272
WALTON,senate,46,inperson,10,1407
WALTON,senate,46,inperson,11,1553
WALTON,senate,46,inperson,12,1340
WALTON,senate,46,inperson,13,1310
WALTON,senate,46,inperson,14,1500
WALTON,senate,46,inperson,15,1535
WALTON,senate,46,inperson,17,1225
WALTON,senate,46,inperson,18,1836
WALTON,senate,46,inperson,19,1670
WALTON,senate,46,inperson,20,1534
WALTON,senate,46,inperson,21,1606
WALTON,senate,46,mail,0,68
WALTON,senate,46,mail,1,123
WALTON,senate,46,mail,4,35
WALTON,senate,46,mail,5,87
WALTON,senate,46,mail,6,65
WALTON,senate,46,mail,7,186
WALTON,senate,46,mail,8,90
WALTON,senate,46,mail,11,47
WALTON,senate,46,mail,12,46
WALTON,senate,46,mail,13,90
WALTON,senate,46,mail,14,51
WALTON,senate,46,mail,15,66
WALTON,senate,46,mail,17,11
WALTON,senate,46,mail,18,58
WALTON,senate,46,mail,19,45
WALTON,senate,46,mail,20,44
WALTON,senate,46,mail,21,58
WALTON,senate,46,mail,22,33
WALTON,senate,46,mail,25,37
WALTON,senate,46,mail,26,56
WALTON,senate,46,mail,27,45
WALTON,senate,46,mail,28,3
WALTON,senate,46,mail,33,2
WARE,house,174,inperson,4,171
WARE,house,174,inperson,5,90
WARE,house,174,inperson,6,111
WARE,house,174,inperson,7,105
WARE,house,174,inperson,8,125
WARE,house,174,inperson,9,35
WARE,house,174,inperson,10,47
WARE,house,174,inperson,11,135
WARE,house,174,inperson,12,106
WARE,house,174,inperson,13,137
WARE,house,174,inperson,14,113
WARE,house,174,inperson,15,197
WARE,house,174,inperson,17,79
WARE,house,174,inperson,18,162
WARE,house,174,inperson,19,151
WARE,house,174,inperson,20,151
WARE,house,174,inperson,21,222
WARE,house,174,mail,0,7
WARE,house,174,mail,1,7
WARE,house,174,mail,4,5
WARE,house,174,mail,5,1
WARE,house,174,mail,6,5
WARE,house,174,mail,7,3
WARE,house,174,mail,8,6
WARE,house,174,mail,10,2
WARE,house,174,mail,11,5
WARE,house,174,mail,12,5
WARE,house,174,mail,13,6
WARE,house,174,mail,14,4
WARE,house,174,mail,15,10
WARE,house,174,mail,17,4
WARE,house,174,mail,18,9
WARE,house,174,mail,19,4
WARE,house,174,mail,20,21
WARE,house,174,mail,21,28
WARE,house,174,mail,22,7
WARE,house,174,mail,25,23
WARE,house,174,mail,26,5
WARE,house,174,mail,27,5
WARE,house,176,inperson,4,580
WARE,house,176,inperson,5,386
WARE,house,176,inperson,6,369
WARE,house,176,inperson,7,413
WARE,house,176,inperson,8,410
WARE,house,176,inperson,9,96
WARE,house,176,inperson,10,186
WARE,house,176,inperson,11,533
WARE,house,176,inperson,12,455
WARE,house,176,inperson,13,441
WARE,house,176,inperson,14,557
WARE,house,176,inperson,15,607
WARE,house,176,inperson,17,214
WARE,house,176,inperson,18,683
WARE,house,176,inperson,19,557
WARE,house,176,inperson,20,598
WARE,house,176,inperson,21,718
WARE,house,176,mail,0,16
WARE,house,176,mail,1,33
WARE,house,176,mail,4,15
WARE,house,176,mail,5,18
WARE,house,176,mail,6,12
WARE,house,176,mail,7,16
WARE,house,176,mail,8,31
WARE,house,176,mail,9,2
WARE,house,176,mail,10,12
WARE,house,176,mail,11,29
WARE,house,176,mail,12,21
WARE,house,176,mail,13,19
WARE,house,176,mail,14,22
WARE,house,176,mail,15,30
WARE,house,176,mail,17,28
WARE,house,176,mail,18,65
WARE,house,176,mail,19,34
WARE,house,176,mail,20,49
WARE,house,176,mail,21,87
WARE,house,176,mail,22,12
WARE,house,176,mail,25,45
WARE,house,176,mail,26,14
WARE,house,176,mail,27,3
WARE,house,176,mail,29,1
WARE,house,176,mail,34,1
WARE,senate,3,inperson,4,220
WARE,senate,3,inperson,5,116
WARE,senate,3,inperson,6,138
WARE,senate,3,inperson,7,137
WARE,senate,3,inperson,8,167
WARE,senate,3,inperson,9,42
WARE,senate,3,inperson,10,71
WARE,senate,3,inperson,11,182
WARE,senate,3,inperson,12,143
WARE,senate,3,inperson,13,171
WARE,senate,3,inperson,14,179
WARE,senate,3,inperson,15,285
WARE,senate,3,inperson,17,100
WARE,senate,3,inperson,18,247
WARE,senate,3,inperson,19,187
WARE,senate,3,inperson,20,206
WARE,senate,3,inperson,21,306
WARE,senate,3,mail,0,10
WARE,senate,3,mail,1,10
WARE,senate,3,mail,4,5
WARE,senate,3,mail,5,4
WARE,senate,3,mail,6,6
WARE,senate,3,mail,7,5
WARE,senate,3,mail,8,11
WARE,senate,3,mail,10,3
WARE,senate,3,mail,11,8
WARE,senate,3,mail,12,8
WARE,senate,3,mail,13,7
WARE,senate,3,mail,14,8
WARE,senate,3,mail,15,15
WARE,senate,3,mail,17,7
WARE,senate,3,mail,18,18
WARE,senate,3,mail,19,4
WARE,senate,3,mail,20,18
WARE,senate,3,mail,21,40
WARE,senate,3,mail,22,8
WARE,senate,3,mail,25,24
WARE,senate,3,mail,26,10
WARE,senate,3,mail,27,7
WARE,senate,8,inperson,4,531
WARE,senate,8,inperson,5,360
WARE,senate,8,inperson,6,342
WARE,senate,8,inperson,7,381
WARE,senate,8,inperson,8,368
WARE,senate,8,inperson,9,89
WARE,senate,8,inperson,10,162
WARE,senate,8,inperson,11,486
WARE,senate,8,inperson,12,418
WARE,senate,8,inperson,13,407
WARE,senate,8,inperson,14,491
WARE,senate,8,inperson,15,519
WARE,senate,8,inperson,17,193
WARE,senate,8,inperson,18,598
WARE,senate,8,inperson,19,521
WARE,senate,8,inperson,20,543
WARE,senate,8,inperson,21,634
WARE,senate,8,mail,0,13
WARE,senate,8,mail,1,30
WARE,senate,8,mail,4,15
WARE,senate,8,mail,5,15
WARE,senate,8,mail,6,11
WARE,senate,8,mail,7,14
WARE,senate,8,mail,8,26
WARE,senate,8,mail,9,2
WARE,senate,8,mail,10,11
WARE,senate,8,mail,11,26
WARE,senate,8,mail,12,18
WARE,senate,8,mail,13,18
WARE,senate,8,mail,14,18
WARE,senate,8,mail,15,25
WARE,senate,8,mail,17,25
WARE,senate,8,mail,18,56
WARE,senate,8,mail,19,34
WARE,senate,8,mail,20,52
WARE,senate,8,mail,21,75
WARE,senate,8,mail,22,11
WARE,senate,8,mail,25,44
WARE,senate,8,mail,26,9
WARE,senate,8,mail,27,1
WARE,senate,8,mail,29,1
WARE,senate,8,mail,34,1
WARREN,house,128,inperson,4,157
WARREN,house,128,inperson,5,114
WARREN,house,128,inperson,6,72
WARREN,house,128,inperson,7,102
WARREN,house,128,inperson,8,83
WARREN,house,128,inperson,10,57
WARREN,house,128,inperson,11,119
WARREN,house,128,inperson,12,108
WARREN,house,128,inperson,13,103
WARREN,house,128,inperson,14,125
WARREN,house,128,inperson,15,120
WARREN,house,128,inperson,17,57
WARREN,house,128,inperson,18,125
WARREN,house,128,inperson,19,129
WARREN,house,128,inperson,20,166
WARREN,house,128,inperson,21,135
WARREN,house,128,mail,0,10
WARREN,house,128,mail,1,3
WARREN,house,128,mail,3,1
WARREN,house,128,mail,4,1
WARREN,house,128,mail,5,10
WARREN,house,128,mail,6,5
WARREN,house,128,mail,7,7
WARREN,house,128,mail,8,8
WARREN,house,128,mail,10,6
WARREN,house,128,mail,11,12
WARREN,house,128,mail,12,1
WARREN,house,128,mail,13,8
WARREN,house,128,mail,14,9
WARREN,house,128,mail,15,26
WARREN,house,128,mail,18,11
WARREN,house,128,mail,19,20
WARREN,house,128,mail,20,4
WARREN,house,128,mail,21,15
WARREN,house,128,mail,22,3
WARREN,house,128,mail,25,3
WARREN,house,128,mail,26,1
WARREN,house,128,mail,36,1
WARREN,senate,23,inperson,4,157
WARREN,senate,23,inperson,5,114
WARREN,senate,23,inperson,6,72
WARREN,senate,23,inperson,7,102
WARREN,senate,23,inperson,8,83
WARREN,senate,23,inperson,10,57
WARREN,senate,23,inperson,11,119
WARREN,senate,23,inperson,12,108
WARREN,senate,23,inperson,13,103
WARREN,senate,23,inperson,14,125
WARREN,senate,23,inperson,15,120
WARREN,senate,23,inperson,17,57
WARREN,senate,23,inperson,18,125
WARREN,senate,23,inperson,19,129
WARREN,senate,23,inperson,20,166
WARREN,senate,23,inperson,21,135
WARREN,senate,23,mail,0,10
WARREN,senate,23,mail,1,3
WARREN,senate,23,mail,3,1
WARREN,senate,23,mail,4,1
WARREN,senate,23,mail,5,10
WARREN,senate,23,mail,6,5
WARREN,senate,23,mail,7,7
WARREN,senate,23,mail,8,8
WARREN,senate,23,mail,10,6
WARREN,senate,23,mail,11,12
WARREN,senate,23,mail,12,1
WARREN,senate,23,mail,13,8
WARREN,senate,23,mail,14,9
WARREN,senate,23,mail,15,26
WARREN,senate,23,mail,18,11
WARREN,senate,23,mail,19,20
WARREN,senate,23,mail,20,4
WARREN,senate,23,mail,21,15
WARREN,senate,23,mail,22,3
WARREN,senate,23,mail,25,3
WARREN,senate,23,mail,26,1
WARREN,senate,23,mail,36,1
WASHINGTON,house,128,inperson,3,1
WASHINGTON,house,128,inperson,4,483
WASHINGTON,house,128,inperson,5,287
WASHINGTON,house,128,inperson,6,277
WASHINGTON,house,128,inperson,7,351
WASHINGTON,house,128,inperson,8,329
WASHINGTON,house,128,inperson,10,211
WASHINGTON,house,128,inperson,11,382
WASHINGTON,house,128,inperson,12,332
WASHINGTON,house,128,inperson,13,324
WASHINGTON,house,128,inperson,14,365
WASHINGTON,house,128,inperson,15,439
WASHINGTON,house,128,inperson,17,188
WASHINGTON,house,128,inperson,18,508
WASHINGTON,house,128,inperson,19,444
WASHINGTON,house,128,inperson,20,487
WASHINGTON,house,128,inperson,21,512
WASHINGTON,house,128,mail,0,20
WASHINGTON,house,128,mail,1,29
WASHINGTON,house,128,mail,4,25
WASHINGTON,house,128,mail,5,14
WASHINGTON,house,128,mail,6,27
WASHINGTON,house,128,mail,7,30
WASHINGTON,house,128,mail,8,26
WASHINGTON,house,128,mail,10,17
WASHINGTON,house,128,mail,11,24
WASHINGTON,house,128,mail,12,36
WASHINGTON,house,128,mail,13,22
WASHINGTON,house,128,mail,14,30
WASHINGTON,house,128,mail,15,67
WASHINGTON,house,128,mail,17,56
WASHINGTON,house,128,mail,18,35
WASHINGTON,house,128,mail,19,28
WASHINGTON,house,128,mail,20,50
WASHINGTON,house,128,mail,21,64
WASHINGTON,house,128,mail,22,62
WASHINGTON,house,128,mail,25,9
WASHINGTON,house,128,mail,26,4
WASHINGTON,house,128,mail,28,1
WASHINGTON,house,128,mail,29,1
WASHINGTON,house,128,mail,40,1
WASHINGTON,senate,26,inperson,3,1
WASHINGTON,senate,26,inperson,4,483
WASHINGTON,senate,26,inperson,5,287
WASHINGTON,senate,26,inperson,6,277
WASHINGTON,senate,26,inperson,7,351
WASHINGTON,senate,26,inperson,8,329
WASHINGTON,senate,26,inperson,10,211
WASHINGTON,senate,26,inperson,11,382
WASHINGTON,senate,26,inperson,12,332
WASHINGTON,senate,26,inperson,13,324
WASHINGTON,senate,26,inperson,14,365
WASHINGTON,senate,26,inperson,15,439
WASHINGTON,senate,26,inperson,17,188
WASHINGTON,senate,26,inperson,18,508
WASHINGTON,senate,26,inperson,19,444
WASHINGTON,senate,26,inperson,20,487
WASHINGTON,senate,26,inperson,21,512
WASHINGTON,senate,26,mail,0,20
WASHINGTON,senate,26,mail,1,29
WASHINGTON,senate,26,mail,4,25
WASHINGTON,senate,26,mail,5,14
WASHINGTON,senate,26,mail,6,27
WASHINGTON,senate,26,mail,7,30
WASHINGTON,senate,26,mail,8,26
WASHINGTON,senate,26,mail,10,17
WASHINGTON,senate,26,mail,11,24
WASHINGTON,senate,26,mail,12,36
WASHINGTON,senate,26,mail,13,22
WASHINGTON,senate,26,mail,14,30
WASHINGTON,senate,26,mail,15,67
WASHINGTON,senate,26,mail,17,56
WASHINGTON,senate,26,mail,18,35
WASHINGTON,senate,26,mail,19,28
WASHINGTON,senate,26,mail,20,50
WASHINGTON,senate,26,mail,21,64
WASHINGTON,senate,26,mail,22,62
WASHINGTON,senate,26,mail,25,9
WASHINGTON,senate,26,mail,26,4
WASHINGTON,senate,26,mail,28,1
WASHINGTON,senate,26,mail,29,1
WASHINGTON,senate,26,mail,40,1
WAYNE,house,167,inperson,4,151
WAYNE,house,167,inperson,5,106
WAYNE,house,167,inperson,6,84
WAYNE,house,167,inperson,7,116
WAYNE,house,167,inperson,8,115
WAYNE,house,167,inperson,10,85
WAYNE,house,167,inperson,11,134
WAYNE,house,167,inperson,12,117
WAYNE,house,167,inperson,13,137
WAYNE,house,167,inperson,14,112
WAYNE,house,167,inperson,15,150
WAYNE,house,167,inperson,17,68
WAYNE,house,167,inperson,18,234
WAYNE,house,167,inperson,19,214
WAYNE,house,167,inperson,20,223
WAYNE,house,167,inperson,21,190
WAYNE,house,167,mail,0,1
WAYNE,house,167,mail,1,4
WAYNE,house,167,mail,4,3
WAYNE,house,167,mail,5,2
WAYNE,house,167,mail,6,4
WAYNE,house,167,mail,8,5
WAYNE,house,167,mail,11,5
WAYNE,house,167,mail,12,8
WAYNE,house,167,mail,13,3
WAYNE,house,167,mail,14,2
WAYNE,house,167,mail,15,10
WAYNE,house,167,mail,17,1
WAYNE,house,167,mail,18,8
WAYNE,house,167,mail,19,5
WAYNE,house,167,mail,20,9
WAYNE,house,167,mail,21,11
WAYNE,house,167,mail,22,8
WAYNE,house,167,mail,25,7
WAYNE,house,167,mail,27,7
WAYNE,house,167,mail,28,1
WAYNE,house,167,mail,40,2
WAYNE,house,178,inperson,4,511
WAYNE,house,178,inperson,5,342
WAYNE,house,178,inperson,6,323
WAYNE,house,178,inperson,7,327
WAYNE,house,178,inperson,8,358
WAYNE,house,178,inperson,10,332
WAYNE,house,178,inperson,11,492
WAYNE,house,178,inperson,12,433
WAYNE,house,178,inperson,13,449
WAYNE,house,178,inperson,14,490
WAYNE,house,178,inperson,15,575
WAYNE,house,178,inperson,17,306
WAYNE,house,178,inperson,18,657
WAYNE,house,178,inperson,19,530
WAYNE,house,178,inperson,20,651
WAYNE,house,178,inperson,21,731
WAYNE,house,178,mail,0,17
WAYNE,house,178,mail,1,19
WAYNE,house,178,mail,4,16
WAYNE,house,178,mail,5,6
WAYNE,house,178,mail,6,7
WAYNE,house,178,mail,7,11
WAYNE,house,178,mail,8,19
WAYNE,house,178,mail,10,1
WAYNE,house,178,mail,11,17
WAYNE,house,178,mail,12,19
WAYNE,house,178,mail,13,32
WAYNE,house,178,mail,14,8
WAYNE,house,178,mail,15,27
WAYNE,house,178,mail,17,7
WAYNE,house,178,mail,18,23
WAYNE,house,178,mail,19,30
WAYNE,house,178,mail,20,38
WAYNE,house,178,mail,21,22
WAYNE,house,178,mail,22,16
WAYNE,house,178,mail,24,2
WAYNE,house,178,mail,25,19
WAYNE,house,178,mail,26,9
WAYNE,house,178,mail,27,7
WAYNE,senate,19,inperson,4,662
WAYNE,senate,19,inperson,5,448
WAYNE,senate,19,inperson,6,407
WAYNE,senate,19,inperson,7,443
WAYNE,senate,19,inperson,8,473
WAYNE,senate,19,inperson,10,417
WAYNE,senate,19,inperson,11,626
WAYNE,senate,19,inperson,12,550
WAYNE,senate,19,inperson,13,586
WAYNE,senate,19,inperson,14,602
WAYNE,senate,19,inperson,15,725
WAYNE,senate,19,inperson,17,374
WAYNE,senate,19,inperson,18,891
WAYNE,senate,19,inperson,19,744
WAYNE,senate,19,inperson,20,874
WAYNE,senate,19,inperson,21,921
WAYNE,senate,19,mail,0,18
WAYNE,senate,19,mail,1,23
WAYNE,senate,19,mail,4,19
WAYNE,senate,19,mail,5,8
WAYNE,senate,19,mail,6,11
WAYNE,senate,19,mail,7,11
WAYNE,senate,19,mail,8,24
WAYNE,senate,19,mail,10,1
WAYNE,senate,19,mail,11,22
WAYNE,senate,19,mail,12,27
WAYNE,senate,19,mail,13,35
WAYNE,senate,19,mail,14,10
WAYNE,senate,19,mail,15,37
WAYNE,senate,19,mail,17,8
WAYNE,senate,19,mail,18,31
WAYNE,senate,19,mail,19,35
WAYNE,senate,19,mail,20,47
WAYNE,senate,19,mail,21,33
WAYNE,senate,19,mail,22,24
WAYNE,senate,19,mail,24,2
WAYNE,senate,19,mail,25,26
WAYNE,senate,19,mail,26,9
WAYNE,senate,19,mail,27,14
WAYNE,senate,19,mail,28,1
WAYNE,senate,19,mail,40,2
WEBSTER,house,151,inperson,4,74
WEBSTER,house,151,inperson,5,30
WEBSTER,house,151,inperson,6,29
WEBSTER,house,151,inperson,7,51
WEBSTER,house,151,inperson,8,35
WEBSTER,house,151,inperson,10,70
WEBSTER,house,151,inperson,11,60
WEBSTER,house,151,inperson,12,45
WEBSTER,house,151,inperson,13,26
WEBSTER,house,151,inperson,14,63
WEBSTER,house,151,inperson,15,72
WEBSTER,house,151,inperson,17,27
WEBSTER,house,151,inperson,18,58
WEBSTER,house,151,inperson,19,57
WEBSTER,house,151,inperson,20,78
WEBSTER,house,151,inperson,21,71
WEBSTER,house,151,mail,0,3
WEBSTER,house,151,mail,1,4
WEBSTER,house,151,mail,4,7
WEBSTER,house,151,mail,5,5
WEBSTER,house,151,mail,6,7
WEBSTER,house,151,mail,7,6
WEBSTER,house,151,mail,8,13
WEBSTER,house,151,mail,11,8
WEBSTER,house,151,mail,12,6
WEBSTER,house,151,mail,13,4
WEBSTER,house,151,mail,14,3
WEBSTER,house,151,mail,15,1
WEBSTER,house,151,mail,17,3
WEBSTER,house,151,mail,18,6
WEBSTER,house,151,mail,19,3
WEBSTER,house,151,mail,20,2
WEBSTER,house,151,mail,21,16
WEBSTER,house,151,mail,25,16
WEBSTER,house,151,mail,26,20
WEBSTER,senate,12,inperson,4,74
WEBSTER,senate,12,inperson,5,30
WEBSTER,senate,12,inperson,6,29
WEBSTER,senate,12,inperson,7,51
WEBSTER,senate,12,inperson,8,35
WEBSTER,senate,12,inperson,10,70
WEBSTER,senate,12,inperson,11,60
WEBSTER,senate,12,inperson,12,45
WEBSTER,senate,12,inperson,13,26
WEBSTER,senate,12,inperson,14,63
WEBSTER,senate,12,inperson,15,72
WEBSTER,senate,12,inperson,17,27
WEBSTER,senate,12,inperson,18,58
WEBSTER,senate,12,inperson,19,57
WEBSTER,senate,12,inperson,20,78
WEBSTER,senate,12,inperson,21,71
WEBSTER,senate,12,mail,0,3
WEBSTER,senate,12,mail,1,4
WEBSTER,senate,12,mail,4,7
WEBSTER,senate,12,mail,5,5
WEBSTER,senate,12,mail,6,7
WEBSTER,senate,12,mail,7,6
WEBSTER,senate,12,mail,8,13
WEBSTER,senate,12,mail,11,8
WEBSTER,senate,12,mail,12,6
WEBSTER,senate,12,mail,13,4
WEBSTER,senate,12,mail,14,3
WEBSTER,senate,12,mail,15,1
WEBSTER,senate,12,mail,17,3
WEBSTER,senate,12,mail,18,6
WEBSTER,senate,12,mail,19,3
WEBSTER,senate,12,mail,20,2
WEBSTER,senate,12,mail,21,16
WEBSTER,senate,12,mail,25,16
WEBSTER,senate,12,mail,26,20
WHEELER,house,156,inperson,4,177
WHEELER,house,156,inperson,5,87
WHEELER,house,156,inperson,6,83
WHEELER,house,156,inperson,7,89
WHEELER,house,156,inperson,8,76
WHEELER,house,156,inperson,10,65
WHEELER,house,156,inperson,11,106
WHEELER,house,156,inperson,12,95
WHEELER,house,156,inperson,13,79
WHEELER,house,156,inperson,14,76
WHEELER,house,156,inperson,15,119
WHEELER,house,156,inperson,17,44
WHEELER,house,156,inperson,18,78
WHEELER,house,156,inperson,19,76
WHEELER,house,156,inperson,20,93
WHEELER,house,156,inperson,21,93
WHEELER,house,156,mail,0,4
WHEELER,house,156,mail,1,3
WHEELER,house,156,mail,2,1
WHEELER,house,156,mail,4,6
WHEELER,house,156,mail,6,3
WHEELER,house,156,mail,7,4
WHEELER,house,156,mail,8,8
WHEELER,house,156,mail,10,1
WHEELER,house,156,mail,11,10
WHEELER,house,156,mail,12,3
WHEELER,house,156,mail,13,3
WHEELER,house,156,mail,14,5
WHEELER,house,156,mail,15,12
WHEELER,house,156,mail,17,3
WHEELER,house,156,mail,18,3
WHEELER,house,156,mail,19,2
WHEELER,house,156,mail,20,4
WHEELER,house,156,mail,21,9
WHEELER,house,156,mail,22,1
WHEELER,house,156,mail,25,1
WHEELER,house,156,mail,26,2
WHEELER,house,156,mail,28,3
WHEELER,senate,19,inperson,4,177
WHEELER,senate,19,inperson,5,87
WHEELER,senate,19,inperson,6,83
WHEELER,senate,19,inperson,7,89
WHEELER,senate,19,inperson,8,76
WHEELER,senate,19,inperson,10,65
WHEELER,senate,19,inperson,11,106
WHEELER,senate,19,inperson,12,95
WHEELER,senate,19,inperson,13,79
WHEELER,senate,19,inperson,14,76
WHEELER,senate,19,inperson,15,119
WHEELER,senate,19,inperson,17,44
WHEELER,senate,19,inperson,18,78
WHEELER,senate,19,inperson,19,76
WHEELER,senate,19,inperson,20,93
WHEELER,senate,19,inperson,21,93
WHEELER,senate,19,mail,0,4
WHEELER,senate,19,mail,1,3
WHEELER,senate,19,mail,2,1
WHEELER,senate,19,mail,4,6
WHEELER,senate,19,mail,6,3
WHEELER,senate,19,mail,7,4
WHEELER,senate,19,mail,8,8
WHEELER,senate,19,mail,10,1
WHEELER,senate,19,mail,11,10
WHEELER,senate,19,mail,12,3
WHEELER,senate,19,mail,13,3
WHEELER,senate,19,mail,14,5
WHEELER,senate,19,mail,15,12
WHEELER,senate,19,mail,17,3
WHEELER,senate,19,mail,18,3
WHEELER,senate,19,mail,19,2
WHEELER,senate,19,mail,20,4
WHEELER,senate,19,mail,21,9
WHEELER,senate,19,mail,22,1
WHEELER,senate,19,mail,25,1
WHEELER,senate,19,mail,26,2
WHEELER,senate,19,mail,28,3
WHITE,house,8,inperson,4,665
WHITE,house,8,inperson,5,429
WHITE,house,8,inperson,6,384
WHITE,house,8,inperson,7,460
WHITE,house,8,inperson,8,540
WHITE,house,8,inperson,10,279
WHITE,house,8,inperson,11,584
WHITE,house,8,inperson,12,501
WHITE,house,8,inperson,13,528
WHITE,house,8,inperson,14,706
WHITE,house,8,inperson,15,758
WHITE,house,8,inperson,17,337
WHITE,house,8,inperson,18,1009
WHITE,house,8,inperson,19,823
WHITE,house,8,inperson,20,956
WHITE,house,8,inperson,21,1033
WHITE,house,8,mail,0,11
WHITE,house,8,mail,1,15
WHITE,house,8,mail,4,16
WHITE,house,8,mail,5,13
WHITE,house,8,mail,6,23
WHITE,house,8,mail,7,25
WHITE,house,8,mail,8,36
WHITE,house,8,mail,10,6
WHITE,house,8,mail,11,12
WHITE,house,8,mail,12,27
WHITE,house,8,mail,13,20
WHITE,house,8,mail,14,26
WHITE,house,8,mail,15,63
WHITE,house,8,mail,17,5
WHITE,house,8,mail,18,33
WHITE,house,8,mail,19,48
WHITE,house,8,mail,20,71
WHITE,house,8,mail,21,76
WHITE,house,8,mail,25,16
WHITE,house,8,mail,26,29
WHITE,house,8,mail,27,19
WHITE,house,8,mail,28,2
WHITE,house,8,mail,29,2
WHITE,house,8,mail,36,2
WHITE,house,9,inperson,4,155
WHITE,house,9,inperson,5,89
WHITE,house,9,inperson,6,110
WHITE,house,9,inperson,7,102
WHITE,house,9,inperson,8,130
WHITE,house,9,inperson,10,80
WHITE,house,9,inperson,11,156
WHITE,house,9,inperson,12,131
WHITE,house,9,inperson,13,150
WHITE,house,9,inperson,14,158
WHITE,house,9,inperson,15,163
WHITE,house,9,inperson,17,88
WHITE,house,9,inperson,18,199
WHITE,house,9,inperson,19,189
WHITE,house,9,inperson,20,189
WHITE,house,9,inperson,21,197
WHITE,house,9,mail,1,4
WHITE,house,9,mail,6,5
WHITE,house,9,mail,7,11
WHITE,house,9,mail,8,4
WHITE,house,9,mail,10,2
WHITE,house,9,mail,11,4
WHITE,house,9,mail,12,3
WHITE,house,9,mail,13,6
WHITE,house,9,mail,14,4
WHITE,house,9,mail,15,8
WHITE,house,9,mail,17,3
WHITE,house,9,mail,18,13
WHITE,house,9,mail,19,9
WHITE,house,9,mail,20,17
WHITE,house,9,mail,21,10
WHITE,house,9,mail,25,5
WHITE,house,9,mail,26,1
WHITE,house,9,mail,27,13
WHITE,senate,50,inperson,4,400
WHITE,senate,50,inperson,5,264
WHITE,senate,50,inperson,6,228
WHITE,senate,50,inperson,7,276
WHITE,senate,50,inperson,8,328
WHITE,senate,50,inperson,10,156
WHITE,senate,50,inperson,11,332
WHITE,senate,50,inperson,12,292
WHITE,senate,50,inperson,13,301
WHITE,senate,50,inperson,14,405
WHITE,senate,50,inperson,15,448
WHITE,senate,50,inperson,17,209
WHITE,senate,50,inperson,18,591
WHITE,senate,50,inperson,19,471
WHITE,senate,50,inperson,20,551
WHITE,senate,50,inperson,21,564
WHITE,senate,50,mail,0,2
WHITE,senate,50,mail,1,6
WHITE,senate,50,mail,4,9
WHITE,senate,50,mail,5,10
WHITE,senate,50,mail,6,16
WHITE,senate,50,mail,7,12
WHITE,senate,50,mail,8,19
WHITE,senate,50,mail,10,6
WHITE,senate,50,mail,11,7
WHITE,senate,50,mail,12,17
WHITE,senate,50,mail,13,12
WHITE,senate,50,mail,14,14
WHITE,senate,50,mail,15,33
WHITE,senate,50,mail,17,3
WHITE,senate,50,mail,18,17
WHITE,senate,50,mail,19,31
WHITE,senate,50,mail,20,45
WHITE,senate,50,mail,21,34
WHITE,senate,50,mail,25,7
WHITE,senate,50,mail,26,11
WHITE,senate,50,mail,27,6
WHITE,senate,50,mail,28,2
WHITE,senate,50,mail,29,1
WHITE,senate,50,mail,36,2
WHITE,senate,51,inperson,4,420
WHITE,senate,51,inperson,5,254
WHITE,senate,51,inperson,6,266
WHITE,senate,51,inperson,7,286
WHITE,senate,51,inperson,8,342
WHITE,senate,51,inperson,10,203
WHITE,senate,51,inperson,11,408
WHITE,senate,51,inperson,12,340
WHITE,senate,51,inperson,13,377
WHITE,senate,51,inperson,14,459
WHITE,senate,51,inperson,15,473
WHITE,senate,51,inperson,17,216
WHITE,senate,51,inperson,18,617
WHITE,senate,51,inperson,19,541
WHITE,senate,51,inperson,20,594
WHITE,senate,51,inperson,21,666
WHITE,senate,51,mail,0,9
WHITE,senate,51,mail,1,13
WHITE,senate,51,mail,4,7
WHITE,senate,51,mail,5,3
WHITE,senate,51,mail,6,12
WHITE,senate,51,mail,7,24
WHITE,senate,51,mail,8,21
WHITE,senate,51,mail,10,2
WHITE,senate,51,mail,11,9
WHITE,senate,51,mail,12,13
WHITE,senate,51,mail,13,14
WHITE,senate,51,mail,14,16
WHITE,senate,51,mail,15,38
WHITE,senate,51,mail,17,5
WHITE,senate,51,mail,18,29
WHITE,senate,51,mail,19,26
WHITE,senate,51,mail,20,43
WHITE,senate,51,mail,21,52
WHITE,senate,51,mail,25,14
WHITE,senate,51,mail,26,19
WHITE,senate,51,mail,27,26
WHITE,senate,51,mail,29,1
WHITFIELD,house,2,inperson,4,584
WHITFIELD,house,2,inperson,5,527
WHITFIELD,house,2,inperson,6,421
WHITFIELD,house,2,inperson,7,437
WHITFIELD,house,2,inperson,8,423
WHITFIELD,house,2,inperson,10,437
WHITFIELD,house,2,inperson,11,519
WHITFIELD,house,2,inperson,12,507
WHITFIELD,house,2,inperson,13,420
WHITFIELD,house,2,inperson,14,520
WHITFIELD,house,2,inperson,15,520
WHITFIELD,house,2,inperson,17,373
WHITFIELD,house,2,inperson,18,640
WHITFIELD,house,2,inperson,19,536
WHITFIELD,house,2,inperson,20,567
WHITFIELD,house,2,inperson,21,578
WHITFIELD,house,2,mail,0,14
WHITFIELD,house,2,mail,1,23
WHITFIELD,house,2,mail,4,27
WHITFIELD,house,2,mail,5,14
WHITFIELD,house,2,mail,6,26
WHITFIELD,house,2,mail,7,26
WHITFIELD,house,2,mail,8,23
WHITFIELD,house,2,mail,10,19
WHITFIELD,house,2,mail,11,35
WHITFIELD,house,2,mail,12,16
WHITFIELD,house,2,mail,13,32
WHITFIELD,house,2,mail,14,28
WHITFIELD,house,2,mail,15,33
WHITFIELD,house,2,mail,17,28
WHITFIELD,house,2,mail,18,26
WHITFIELD,house,2,mail,19,54
WHITFIELD,house,2,mail,20,20
WHITFIELD,house,2,mail,21,88
WHITFIELD,house,2,mail,22,9
WHITFIELD,house,2,mail,25,5
WHITFIELD,house,2,mail,26,9
WHITFIELD,house,2,mail,27,1
WHITFIELD,house,2,mail,32,1
WHITFIELD,house,2,mail,33,2
WHITFIELD,house,2,mail,40,1
WHITFIELD,house,4,inperson,4,898
WHITFIELD,house,4,inperson,5,794
WHITFIELD,house,4,inperson,6,622
WHITFIELD,house,4,inperson,7,592
WHITFIELD,house,4,inperson,8,597
WHITFIELD,house,4,inperson,10,550
WHITFIELD,house,4,inperson,11,790
WHITFIELD,house,4,inperson,12,739
WHITFIELD,house,4,inperson,13,606
WHITFIELD,house,4,inperson,14,603
WHITFIELD,house,4,inperson,15,716
WHITFIELD,house,4,inperson,17,434
WHITFIELD,house,4,inperson,18,757
WHITFIELD,house,4,inperson,19,664
WHITFIELD,house,4,inperson,20,713
WHITFIELD,house,4,inperson,21,703
WHITFIELD,house,4,mail,0,19
WHITFIELD,house,4,mail,1,29
WHITFIELD,house,4,mail,4,34
WHITFIELD,house,4,mail,5,11
WHITFIELD,house,4,mail,6,29
WHITFIELD,house,4,mail,7,39
WHITFIELD,house,4,mail,8,19
WHITFIELD,house,4,mail,10,21
WHITFIELD,house,4,mail,11,36
WHITFIELD,house,4,mail,12,29
WHITFIELD,house,4,mail,13,48
WHITFIELD,house,4,mail,14,27
WHITFIELD,house,4,mail,15,40
WHITFIELD,house,4,mail,17,47
WHITFIELD,house,4,mail,18,31
WHITFIELD,house,4,mail,19,79
WHITFIELD,house,4,mail,20,28
WHITFIELD,house,4,mail,21,87
WHITFIELD,house,4,mail,22,10
WHITFIELD,house,4,mail,25,15
WHITFIELD,house,4,mail,26,5
WHITFIELD,house,4,mail,27,2
WHITFIELD,house,4,mail,29,1
WHITFIELD,house,4,mail,33,1
WHITFIELD,house,4,mail,36,1
WHITFIELD,house,6,inperson,4,312
WHITFIELD,house,6,inperson,5,308
WHITFIELD,house,6,inperson,6,220
WHITFIELD,house,6,inperson,7,278
WHITFIELD,house,6,inperson,8,252
WHITFIELD,house,6,inperson,10,271
WHITFIELD,house,6,inperson,11,273
WHITFIELD,house,6,inperson,12,308
WHITFIELD,house,6,inperson,13,264
WHITFIELD,house,6,inperson,14,263
WHITFIELD,house,6,inperson,15,303
WHITFIELD,house,6,inperson,17,228
WHITFIELD,house,6,inperson,18,392
WHITFIELD,house,6,inperson,19,286
WHITFIELD,house,6,inperson,20,339
WHITFIELD,house,6,inperson,21,318
WHITFIELD,house,6,mail,0,10
WHITFIELD,house,6,mail,1,8
WHITFIELD,house,6,mail,4,9
WHITFIELD,house,6,mail,5,2
WHITFIELD,house,6,mail,6,7
WHITFIELD,house,6,mail,7,16
WHITFIELD,house,6,mail,8,16
WHITFIELD,house,6,mail,10,6
WHITFIELD,house,6,mail,11,13
WHITFIELD,house,6,mail,12,6
WHITFIELD,house,6,mail,13,9
WHITFIELD,house,6,mail,14,13
WHITFIELD,house,6,mail,15,19
WHITFIELD,house,6,mail,17,7
WHITFIELD,house,6,mail,18,16
WHITFIELD,house,6,mail,19,32
WHITFIELD,house,6,mail,20,11
WHITFIELD,house,6,mail,21,45
WHITFIELD,house,6,mail,22,2
WHITFIELD,house,6,mail,25,5
WHITFIELD,house,6,mail,26,5
WHITFIELD,house,6,mail,36,1
WHITFIELD,senate,54,inperson,4,1794
WHITFIELD,senate,54,inperson,5,1629
WHITFIELD,senate,54,inperson,6,1263
WHITFIELD,senate,54,inperson,7,1307
WHITFIELD,senate,54,inperson,8,1272
WHITFIELD,senate,54,inperson,10,1258
WHITFIELD,senate,54,inperson,11,1582
WHITFIELD,senate,54,inperson,12,1554
WHITFIELD,senate,54,inperson,13,1290
WHITFIELD,senate,54,inperson,14,1386
WHITFIELD,senate,54,inperson,15,1539
WHITFIELD,senate,54,inperson,17,1035
WHITFIELD,senate,54,inperson,18,1789
WHITFIELD,senate,54,inperson,19,1486
WHITFIELD,senate,54,inperson,20,1619
WHITFIELD,senate,54,inperson,21,1599
WHITFIELD,senate,54,mail,0,43
WHITFIELD,senate,54,mail,1,60
WHITFIELD,senate,54,mail,4,70
WHITFIELD,senate,54,mail,5,27
WHITFIELD,senate,54,mail,6,62
WHITFIELD,senate,54,mail,7,81
WHITFIELD,senate,54,mail,8,58
WHITFIELD,senate,54,mail,10,46
WHITFIELD,senate,54,mail,11,84
WHITFIELD,senate,54,mail,12,51
WHITFIELD,senate,54,mail,13,89
WHITFIELD,senate,54,mail,14,68
WHITFIELD,senate,54,mail,15,92
WHITFIELD,senate,54,mail,17,82
WHITFIELD,senate,54,mail,18,73
WHITFIELD,senate,54,mail,19,165
WHITFIELD,senate,54,mail,20,59
WHITFIELD,senate,54,mail,21,220
WHITFIELD,senate,54,mail,22,21
WHITFIELD,senate,54,mail,25,25
WHITFIELD,senate,54,mail,26,19
WHITFIELD,senate,54,mail,27,3
WHITFIELD,senate,54,mail,29,1
WHITFIELD,senate,54,mail,32,1
WHITFIELD,senate,54,mail,33,3
WHITFIELD,senate,54,mail,36,2
WHITFIELD,senate,54,mail,40,1
WILCOX,house,148,inperson,4,168
WILCOX,house,148,inperson,5,79
WILCOX,house,148,inperson,6,90
WILCOX,house,148,inperson,7,92
WILCOX,house,148,inperson,8,86
WILCOX,house,148,inperson,10,125
WILCOX,house,148,inperson,11,131
WILCOX,house,148,inperson,12,98
WILCOX,house,148,inperson,13,105
WILCOX,house,148,inperson,14,119
WILCOX,house,148,inperson,15,123
WILCOX,house,148,inperson,17,115
WILCOX,house,148,inperson,18,174
WILCOX,house,148,inperson,19,122
WILCOX,house,148,inperson,20,148
WILCOX,house,148,inperson,21,181
WILCOX,house,148,mail,0,9
WILCOX,house,148,mail,3,3
WILCOX,house,148,mail,5,5
WILCOX,house,148,mail,6,4
WILCOX,house,148,mail,7,9
WILCOX,house,148,mail,10,2
WILCOX,house,148,mail,11,2
WILCOX,house,148,mail,12,41
WILCOX,house,148,mail,15,2
WILCOX,house,148,mail,17,10
WILCOX,house,148,mail,19,4
WILCOX,house,148,mail,20,8
WILCOX,house,148,mail,21,7
WILCOX,senate,20,inperson,4,168
WILCOX,senate,20,inperson,5,79
WILCOX,senate,20,inperson,6,90
WILCOX,senate,20,inperson,7,92
WILCOX,senate,20,inperson,8,86
WILCOX,senate,20,inperson,10,125
WILCOX,senate,20,inperson,11,131
WILCOX,senate,20,inperson,12,98
WILCOX,senate,20,inperson,13,105
WILCOX,senate,20,inperson,14,119
WILCOX,senate,20,inperson,15,123
WILCOX,senate,20,inperson,17,115
WILCOX,senate,20,inperson,18,174
WILCOX,senate,20,inperson,19,122
WILCOX,senate,20,inperson,20,148
WILCOX,senate,20,inperson,21,181
WILCOX,senate,20,mail,0,9
WILCOX,senate,20,mail,3,3
WILCOX,senate,20,mail,5,5
WILCOX,senate,20,mail,6,4
WILCOX,senate,20,mail,7,9
WILCOX,senate,20,mail,10,2
WILCOX,senate,20,mail,11,2
WILCOX,senate,20,mail,12,41
WILCOX,senate,20,mail,15,2
WILCOX,senate,20,mail,17,10
WILCOX,senate,20,mail,19,4
WILCOX,senate,20,mail,20,8
WILCOX,senate,20,mail,21,7
WILKES,house,123,inperson,4,234
WILKES,house,123,inperson,5,140
WILKES,house,123,inperson,6,158
WILKES,house,123,inperson,7,159
WILKES,house,123,inperson,8,181
WILKES,house,123,inperson,10,101
WILKES,house,123,inperson,11,208
WILKES,house,123,inperson,12,208
WILKES,house,123,inperson,13,156
WILKES,house,123,inperson,14,200
WILKES,house,123,inperson,15,229
WILKES,house,123,inperson,17,146
WILKES,house,123,inperson,18,344
WILKES,house,123,inperson,19,235
WILKES,house,123,inperson,20,290
WILKES,house,123,inperson,21,301
WILKES,house,123,mail,0,12
WILKES,house,123,mail,1,14
WILKES,house,123,mail,4,7
WILKES,house,123,mail,5,9
WILKES,house,123,mail,6,7
WILKES,house,123,mail,7,10
WILKES,house,123,mail,8,10
WILKES,house,123,mail,10,2
WILKES,house,123,mail,11,13
WILKES,house,123,mail,12,20
WILKES,house,123,mail,13,24
WILKES,house,123,mail,14,19
WILKES,house,123,mail,15,57
WILKES,house,123,mail,17,1
WILKES,house,123,mail,18,31
WILKES,house,123,mail,19,16
WILKES,house,123,mail,20,34
WILKES,house,123,mail,21,46
WILKES,house,123,mail,22,5
WILKES,house,123,mail,25,9
WILKES,house,123,mail,26,1
WILKES,senate,24,inperson,4,234
WILKES,senate,24,inperson,5,140
WILKES,senate,24,inperson,6,158
WILKES,senate,24,inperson,7,159
WILKES,senate,24,inperson,8,181
WILKES,senate,24,inperson,10,101
WILKES,senate,24,inperson,11,208
WILKES,senate,24,inperson,12,208
WILKES,senate,24,inperson,13,156
WILKES,senate,24,inperson,14,200
WILKES,senate,24,inperson,15,229
WILKES,senate,24,inperson,17,146
WILKES,senate,24,inperson,18,344
WILKES,senate,24,inperson,19,235
WILKES,senate,24,inperson,20,290
WILKES,senate,24,inperson,21,301
WILKES,senate,24,mail,0,12
WILKES,senate,24,mail,1,14
WILKES,senate,24,mail,4,7
WILKES,senate,24,mail,5,9
WILKES,senate,24,mail,6,7
WILKES,senate,24,mail,7,10
WILKES,senate,24,mail,8,10
WILKES,senate,24,mail,10,2
WILKES,senate,24,mail,11,13
WILKES,senate,24,mail,12,20
WILKES,senate,24,mail,13,24
WILKES,senate,24,mail,14,19
WILKES,senate,24,mail,15,57
WILKES,senate,24,mail,17,1
WILKES,senate,24,mail,18,31
WILKES,senate,24,mail,19,16
WILKES,senate,24,mail,20,34
WILKES,senate,24,mail,21,46
WILKES,senate,24,mail,22,5
WILKES,senate,24,mail,25,9
WILKES,senate,24,mail,26,1
WILKINSON,house,133,inperson,4,223
WILKINSON,house,133,inperson,5,119
WILKINSON,house,133,inperson,6,147
WILKINSON,house,133,inperson,7,123
WILKINSON,house,133,inperson,8,169
WILKINSON,house,133,inperson,10,106
WILKINSON,house,133,inperson,11,164
WILKINSON,house,133,inperson,12,128
WILKINSON,house,133,inperson,13,140
WILKINSON,house,133,inperson,14,158
WILKINSON,house,133,inperson,15,174
WILKINSON,house,133,inperson,17,86
WILKINSON,house,133,inperson,18,199
WILKINSON,house,133,inperson,19,178
WILKINSON,house,133,inperson,20,150
WILKINSON,house,133,inperson,21,184
WILKINSON,house,133,mail,0,7
WILKINSON,house,133,mail,1,9
WILKINSON,house,133,mail,4,11
WILKINSON,house,133,mail,5,7
WILKINSON,house,133,mail,6,10
WILKINSON,house,133,mail,7,18
WILKINSON,house,133,mail,8,14
WILKINSON,house,133,mail,10,2
WILKINSON,house,133,mail,11,13
WILKINSON,house,133,mail,12,13
WILKINSON,house,133,mail,13,3
WILKINSON,house,133,mail,14,19
WILKINSON,house,133,mail,15,27
WILKINSON,house,133,mail,17,1
WILKINSON,house,133,mail,18,17
WILKINSON,house,133,mail,19,9
WILKINSON,house,133,mail,20,32
WILKINSON,house,133,mail,21,27
WILKINSON,house,133,mail,22,7
WILKINSON,house,133,mail,25,2
WILKINSON,house,133,mail,26,1
WILKINSON,senate,26,inperson,4,223
WILKINSON,senate,26,inperson,5,119
WILKINSON,senate,26,inperson,6,147
WILKINSON,senate,26,inperson,7,123
WILKINSON,senate,26,inperson,8,169
WILKINSON,senate,26,inperson,10,107
WILKINSON,senate,26,inperson,11,164
WILKINSON,senate,26,inperson,12,128
WILKINSON,senate,26,inperson,13,140
WILKINSON,senate,26,inperson,14,159
WILKINSON,senate,26,inperson,15,175
WILKINSON,senate,26,inperson,17,88
WILKINSON,senate,26,inperson,18,199
WILKINSON,senate,26,inperson,19,179
WILKINSON,senate,26,inperson,20,150
WILKINSON,senate,26,inperson,21,188
WILKINSON,senate,26,mail,0,7
WILKINSON,senate,26,mail,1,9
WILKINSON,senate,26,mail,4,11
WILKINSON,senate,26,mail,5,7
WILKINSON,senate,26,mail,6,10
WILKINSON,senate,26,mail,7,18
WILKINSON,senate,26,mail,8,14
WILKINSON,senate,26,mail,10,2
WILKINSON,senate,26,mail,11,13
WILKINSON,senate,26,mail,12,15
WILKINSON,senate,26,mail,13,3
WILKINSON,senate,26,mail,14,19
WILKINSON,senate,26,mail,15,27
WILKINSON,senate,26,mail,17,1
WILKINSON,senate,26,mail,18,20
WILKINSON,senate,26,mail,19,9
WILKINSON,senate,26,mail,20,33
WILKINSON,senate,26,mail,21,27
WILKINSON,senate,26,mail,22,7
WILKINSON,senate,26,mail,25,2
WILKINSON,senate,26,mail,26,1
WORTH,house,152,inperson,4,487
WORTH,house,152,inperson,5,259
WORTH,house,152,inperson,6,260
WORTH,house,152,inperson,7,277
WORTH,house,152,inperson,8,307
WORTH,house,152,inperson,10,184
WORTH,house,152,inperson,11,434
WORTH,house,152,inperson,12,275
WORTH,house,152,inperson,13,354
WORTH,house,152,inperson,14,355
WORTH,house,152,inperson,15,390
WORTH,house,152,inperson,17,93
WORTH,house,152,inperson,18,453
WORTH,house,152,inperson,19,386
WORTH,house,152,inperson,20,420
WORTH,house,152,inperson,21,474
WORTH,house,152,mail,0,5
WORTH,house,152,mail,1,19
WORTH,house,152,mail,4,11
WORTH,house,152,mail,5,19
WORTH,house,152,mail,6,7
WORTH,house,152,mail,7,11
WORTH,house,152,mail,8,23
WORTH,house,152,mail,10,8
WORTH,house,152,mail,11,47
WORTH,house,152,mail,12,20
WORTH,house,152,mail,13,24
WORTH,house,152,mail,14,15
WORTH,house,152,mail,15,54
WORTH,house,152,mail,18,24
WORTH,house,152,mail,19,8
WORTH,house,152,mail,20,17
WORTH,house,152,mail,21,24
WORTH,house,152,mail,22,7
WORTH,house,152,mail,25,12
WORTH,house,152,mail,26,13
WORTH,house,152,mail,27,1
WORTH,senate,13,inperson,4,487
WORTH,senate,13,inperson,5,259
WORTH,senate,13,inperson,6,260
WORTH,senate,13,inperson,7,277
WORTH,senate,13,inperson,8,307
WORTH,senate,13,inperson,10,184
WORTH,senate,13,inperson,11,434
WORTH,senate,13,inperson,12,275
WORTH,senate,13,inperson,13,354
WORTH,senate,13,inperson,14,355
WORTH,senate,13,inperson,15,390
WORTH,senate,13,inperson,17,93
WORTH,senate,13,inperson,18,453
WORTH,senate,13,inperson,19,386
WORTH,senate,13,inperson,20,420
WORTH,senate,13,inperson,21,474
WORTH,senate,13,mail,0,5
WORTH,senate,13,mail,1,19
WORTH,senate,13,mail,4,11
WORTH,senate,13,mail,5,19
WORTH,senate,13,mail,6,7
WORTH,senate,13,mail,7,11
WORTH,senate,13,mail,8,23
WORTH,senate,13,mail,10,8
WORTH,senate,13,mail,11,47
WORTH,senate,13,mail,12,20
WORTH,senate,13,mail,13,24
WORTH,senate,13,mail,14,15
WORTH,senate,13,mail,15,54
WORTH,senate,13,mail,18,24
WORTH,senate,13,mail,19,8
WORTH,senate,13,mail,20,17
WORTH,senate,13,mail,21,24
WORTH,senate,13,mail,22,7
WORTH,senate,13,mail,25,12
WORTH,senate,13,mail,26,13
WORTH,senate,13,mail,27,1
