county,precinct,chamber,district,voters
,01-CH,house,121,1
,01-CH,senate,46,1
,02L1A,house,57,1
,02L1A,senate,36,1
,03N,house,56,1
,03N,senate,39,1
,03S,house,55,1
,03S,senate,38,1
,07B,house,54,1
,07B,senate,14,1
,07C,house,54,1
,07C,senate,14,1
,07N,house,57,2
,07N,senate,39,2
,08G,house,55,1
,08G,senate,38,1
,08N2,house,60,1
,08N2,senate,38,1
,09A,house,60,1
,09A,senate,35,1
,09I,house,55,1
,09I,senate,38,1
,106,house,99,1
,106,senate,7,1
,11,house,15,1
,11,senate,52,1
,112,house,108,1
,112,senate,55,1
,116,house,109,1
,116,senate,5,1
,11J,house,59,1
,11J,senate,38,1
,12,house,175,1
,12,senate,8,1
,14,house,73,1
,14,senate,16,1
,153,house,106,1
,153,senate,9,1
,18,house,73,1
,18,senate,16,1
,19,house,73,1
,19,senate,16,1
,1B,house,157,1
,1B,senate,19,1
,2,house,29,2
,2,house,33,1
,2,senate,24,1
,2,senate,49,2
,20STN,house,113,1
,20STN,senate,43,1
,22,house,29,1
,22,senate,49,1
,23,house,22,1
,23,senate,32,1
,24,house,29,1
,24,senate,49,1
,26,house,46,1
,26,senate,56,1
,271,house,167,1
,271,senate,3,1
,30,house,30,1
,30,senate,49,1
,34,house,82,1
,34,senate,16,1
,3A,house,159,1
,3A,senate,4,1
,3E,house,159,1
,3E,senate,4,1
,4,house,99,1
,4,senate,45,1
,44,house,95,1
,44,senate,55,1
,502UPP,house,179,1
,502UPP,senate,3,1
,6,house,107,1
,6,house,7,1
,6,senate,51,1
,6,senate,7,1
,8,house,124,1
,8,house,30,3
,8,senate,24,1
,8,senate,49,3
,AC1C,house,35,1
,AC1C,senate,37,1
,AD01,house,44,1
,AD01,senate,32,1
,AP021,house,49,1
,AP021,senate,21,1
,AP023,house,48,1
,AP023,senate,21,1
,BB,house,89,1
,BB,senate,44,1
,BF04,house,22,1
,BF04,senate,32,1
,CAND,house,158,1
,CAND,senate,4,1
,CHAM,house,2,1
,CHAM,senate,53,1
,CK01,house,35,1
,CK01,senate,32,1
,CS,house,116,1
,CS,senate,44,1
,EW2,house,76,2
,EW2,senate,44,2
,FA01B,house,67,1
,FA01B,senate,38,1
,FJ,house,90,1
,FJ,senate,44,1
,FMMS,house,146,1
,FMMS,senate,18,1
,GD,house,52,1
,GD,senate,40,1
,HI,house,92,1
,HI,senate,43,1
,HT01,house,46,2
,HT01,senate,56,2
,IB,house,85,1
,IB,senate,41,1
,JB07,house,75,1
,JB07,senate,17,1
,JB12,house,77,1
,JB12,senate,34,1
,JB13,house,75,1
,JB13,senate,17,1
,JB17,house,75,1
,JB17,senate,34,1
,JC01,house,50,1
,JC01,senate,48,1
,JC11,house,50,1
,JC11,senate,48,1
,KE5A,house,35,1
,KE5A,senate,37,1
,LB,house,86,2
,LB,senate,10,2
,MA3C,house,39,1
,MA3C,senate,28,1
,MA6A,house,41,1
,MA6A,senate,33,1
,MB,house,90,1
,MB,senate,44,1
,MI,house,84,1
,MI,senate,41,1
,MK,house,86,1
,MK,senate,41,1
,MR1A,house,37,1
,MR1A,senate,33,1
,MR4C,house,34,1
,MR4C,senate,37,1
,MT01,house,45,1
,MT01,senate,56,1
,OR02,house,41,2
,OR02,senate,33,2
,PA01,house,67,1
,PA01,senate,38,1
,PR01,house,22,2
,PR01,senate,32,2
,RD01,house,77,1
,RD01,senate,34,1
,RD12,house,77,1
,RD12,senate,34,1
,RE,house,87,1
,RE,senate,41,1
,RW01,house,49,1
,RW01,senate,56,1
,RW03,house,51,1
,RW03,senate,14,1
,RW19,house,47,1
,RW19,senate,21,1
,SC09B,house,69,1
,SC09B,senate,39,1
,SC11B,house,69,1
,SC11B,senate,39,1
,SC16A,house,61,2
,SC16A,senate,35,2
,SC23B,house,69,1
,SC23B,senate,39,1
,SK,house,88,1
,SK,senate,55,1
,SM01,house,37,1
,SM01,senate,32,1
,SN4A,house,42,1
,SN4A,senate,35,1
,SN5A,house,42,3
,SN5A,senate,35,3
,SP,house,92,1
,SP,senate,43,1
,SS01,house,51,1
,SS01,senate,14,1
,SS04,house,52,1
,SS04,senate,14,1
,SS17,house,51,1
,SS17,senate,14,1
,UC031,house,68,1
,UC031,senate,38,1
,WEST,house,3,1
,WEST,senate,53,1
APPLING,1B,house,157,735
APPLING,1B,senate,19,735
APPLING,1C,house,157,467
APPLING,1C,house,178,104
APPLING,1C,senate,19,571
APPLING,2,house,157,996
APPLING,2,senate,19,996
APPLING,3A1,house,157,407
APPLING,3A1,senate,19,407
APPLING,3C,house,157,871
APPLING,3C,house,178,70
APPLING,3C,senate,19,941
APPLING,4B,house,178,493
APPLING,4B,senate,19,493
APPLING,4D,house,178,803
APPLING,4D,senate,19,803
APPLING,5A,house,157,589
APPLING,5A,senate,19,589
APPLING,5B,house,157,11
APPLING,5B,house,178,486
APPLING,5B,senate,19,497
ATKINSON,0001,house,176,913
ATKINSON,0001,senate,8,913
ATKINSON,0002,house,176,302
ATKINSON,0002,senate,8,302
ATKINSON,0003,house,176,472
ATKINSON,0003,senate,8,472
ATKINSON,0004,house,176,270
ATKINSON,0004,senate,8,270
ATKINSON,PEARSON COUNTY,house,176,1
ATKINSON,PEARSON COUNTY,senate,8,1
BACON,DOUGL,house,178,4090
BACON,DOUGL,senate,19,4090
BAKER,A,house,154,216
BAKER,A,senate,12,216
BAKER,E,house,154,204
BAKER,E,senate,12,204
BAKER,ELMODEL,house,154,1
BAKER,ELMODEL,senate,12,1
BAKER,H,house,154,189
BAKER,H,senate,12,189
BAKER,M,house,154,205
BAKER,M,senate,12,205
BAKER,N,house,154,177
BAKER,N,senate,12,177
BALDWIN,1714,house,149,470
BALDWIN,1714,senate,25,470
BALDWIN,318,house,149,2380
BALDWIN,318,senate,25,2380
BALDWIN,319,house,149,1083
BALDWIN,319,senate,25,1083
BALDWIN,321E,house,149,376
BALDWIN,321E,senate,25,376
BALDWIN,321W,house,149,1322
BALDWIN,321W,senate,25,1322
BALDWIN,322,house,149,841
BALDWIN,322,senate,25,841
BALDWIN,CTY1,house,149,526
BALDWIN,CTY1,senate,25,526
BALDWIN,CTY2,house,149,316
BALDWIN,CTY2,senate,25,316
BALDWIN,CTY3,house,149,417
BALDWIN,CTY3,senate,25,417
BALDWIN,CTY4,house,149,226
BALDWIN,CTY4,senate,25,226
BALDWIN,CTY5,house,149,698
BALDWIN,CTY5,senate,25,698
BALDWIN,CTY6,house,149,1332
BALDWIN,CTY6,senate,25,1332
BALDWIN,MERI,house,149,2011
BALDWIN,MERI,senate,25,2011
BALDWIN,MONT,house,128,2307
BALDWIN,MONT,senate,25,2307
BALDWIN,SC16A,house,61,1
BALDWIN,SC16A,senate,35,1
BANKS,0001,house,32,944
BANKS,0001,senate,50,944
BANKS,0002,house,32,573
BANKS,0002,senate,50,573
BANKS,0003,house,32,507
BANKS,0003,senate,50,507
BANKS,0004,house,32,567
BANKS,0004,senate,50,567
BANKS,0005,house,32,253
BANKS,0005,senate,50,253
BANKS,0006,house,32,1114
BANKS,0006,senate,50,1114
BANKS,0007,house,32,522
BANKS,0007,senate,50,522
BANKS,0008,house,32,413
BANKS,0008,senate,50,413
BANKS,0009,house,32,450
BANKS,0009,senate,50,450
BANKS,0010,house,32,973
BANKS,0010,senate,50,973
BANKS,0011,house,32,1142
BANKS,0011,senate,50,1142
BANKS,0012,house,32,526
BANKS,0012,senate,50,526
BANKS,0013,house,32,422
BANKS,0013,senate,50,422
BARROW,01,house,104,4
BARROW,01,house,119,1916
BARROW,01,senate,46,51
BARROW,01,senate,47,1869
BARROW,02,house,119,4363
BARROW,02,senate,45,4363
BARROW,03,house,104,3074
BARROW,03,senate,45,3074
BARROW,04,house,104,1845
BARROW,04,senate,45,1845
BARROW,05,house,119,3514
BARROW,05,house,120,1852
BARROW,05,senate,47,5366
BARROW,08,house,119,4477
BARROW,08,senate,47,4477
BARROW,13,house,119,5868
BARROW,13,senate,45,4854
BARROW,13,senate,46,1014
BARROW,16,house,104,2941
BARROW,16,house,119,1660
BARROW,16,senate,46,4601
BARTOW,01,house,14,4517
BARTOW,01,senate,52,4517
BARTOW,02,house,15,2202
BARTOW,02,senate,37,2202
BARTOW,03,house,15,3801
BARTOW,03,senate,52,3801
BARTOW,04,house,15,5494
BARTOW,04,senate,37,115
BARTOW,04,senate,52,5379
BARTOW,05,house,14,1856
BARTOW,05,house,15,484
BARTOW,05,senate,52,2340
BARTOW,06,house,15,2305
BARTOW,06,senate,52,2305
BARTOW,07,house,15,1469
BARTOW,07,senate,37,1469
BARTOW,08,house,14,3065
BARTOW,08,senate,52,3065
BARTOW,09,house,14,719
BARTOW,09,senate,52,719
BARTOW,10,house,14,1492
BARTOW,10,senate,52,1492
BARTOW,11,house,15,2558
BARTOW,11,senate,52,2558
BARTOW,12,house,14,1059
BARTOW,12,senate,52,1059
BARTOW,14,house,14,1469
BARTOW,14,senate,52,1469
BARTOW,15,house,14,1236
BARTOW,15,house,15,71
BARTOW,15,senate,52,1307
BARTOW,16,house,15,3270
BARTOW,16,senate,52,3270
BARTOW,17,house,14,4095
BARTOW,17,senate,52,4095
BARTOW,18,house,15,1005
BARTOW,18,senate,52,1005
BENHILL,1,house,148,1696
BENHILL,1,house,156,3774
BENHILL,1,senate,13,5470
BENHILL,EAST,house,148,2
BENHILL,EAST,house,156,1
BENHILL,EAST,senate,13,3
BERRIEN,11062,house,170,420
BERRIEN,11062,senate,13,420
BERRIEN,1144,house,170,911
BERRIEN,1144,senate,13,911
BERRIEN,1157,house,170,3462
BERRIEN,1157,senate,13,3462
BERRIEN,1642,house,170,305
BERRIEN,1642,senate,13,305
BERRIEN,518,house,170,464
BERRIEN,518,senate,13,464
BIBB,EM1,house,149,556
BIBB,EM1,senate,26,556
BIBB,EM2,house,149,1497
BIBB,EM2,senate,26,1497
BIBB,EM3,house,142,1488
BIBB,EM3,senate,25,1488
BIBB,EM4,house,149,782
BIBB,EM4,senate,26,782
BIBB,EM5,house,143,614
BIBB,EM5,house,149,464
BIBB,EM5,senate,26,1078
BIBB,GF1,house,142,706
BIBB,GF1,house,143,748
BIBB,GF1,house,145,647
BIBB,GF1,senate,26,2101
BIBB,GF2,house,143,518
BIBB,GF2,senate,26,518
BIBB,GF3,house,145,1010
BIBB,GF3,senate,26,1010
BIBB,GF4,house,143,524
BIBB,GF4,senate,26,524
BIBB,GF5,house,145,1592
BIBB,GF5,senate,26,1592
BIBB,HA1,house,145,1124
BIBB,HA1,senate,26,1124
BIBB,HA2,house,142,1725
BIBB,HA2,senate,18,1725
BIBB,HA3,house,142,1226
BIBB,HA3,house,145,2240
BIBB,HA3,senate,26,3466
BIBB,HA4,house,145,3072
BIBB,HA4,senate,18,3072
BIBB,HO1,house,142,2142
BIBB,HO1,senate,18,2136
BIBB,HO1,senate,25,6
BIBB,HO2,house,142,1204
BIBB,HO2,house,144,897
BIBB,HO2,senate,18,2101
BIBB,HO3,house,142,70
BIBB,HO3,house,144,3184
BIBB,HO3,senate,18,3254
BIBB,HO4,house,142,897
BIBB,HO4,senate,25,897
BIBB,HO5,house,142,932
BIBB,HO5,senate,18,289
BIBB,HO5,senate,25,643
BIBB,HO6,house,142,1184
BIBB,HO6,senate,25,1184
BIBB,HO7,house,142,1702
BIBB,HO7,house,144,15
BIBB,HO7,senate,18,1716
BIBB,HO7,senate,25,1
BIBB,RU1,house,143,2537
BIBB,RU1,house,145,676
BIBB,RU1,senate,18,3213
BIBB,RU2,house,143,1671
BIBB,RU2,senate,26,1671
BIBB,VV1,house,142,697
BIBB,VV1,house,143,877
BIBB,VV1,senate,26,1574
BIBB,VV2,house,143,761
BIBB,VV2,senate,26,761
BIBB,VV3,house,142,1142
BIBB,VV3,senate,26,1142
BIBB,VV4,house,142,1454
BIBB,VV4,senate,26,1454
BIBB,VV5,house,142,1289
BIBB,VV5,senate,25,1289
BIBB,VV6,house,142,1462
BIBB,VV6,senate,26,1462
BIBB,WA1,house,145,1368
BIBB,WA1,senate,18,1368
BIBB,WA2,house,145,1777
BIBB,WA2,senate,18,1777
BLECKLEY,1,house,133,4636
BLECKLEY,1,senate,20,4636
BRANTLEY,1,house,174,1747
BRANTLEY,1,senate,3,1747
BRANTLEY,2,house,174,2370
BRANTLEY,2,senate,3,2370
BRANTLEY,3,house,174,1882
BRANTLEY,3,senate,3,1882
BROOKS,1199,house,175,1728
BROOKS,1199,senate,11,1728
BROOKS,1230,house,175,156
BROOKS,1230,senate,11,156
BROOKS,1402,house,175,535
BROOKS,1402,senate,11,535
BROOKS,1650,house,175,1052
BROOKS,1650,senate,11,1052
BROOKS,1712,house,175,183
BROOKS,1712,senate,11,183
BROOKS,659,house,175,335
BROOKS,659,senate,11,335
BROOKS,660,house,175,892
BROOKS,660,senate,11,892
BRYAN,1,house,160,1392
BRYAN,1,senate,1,1392
BRYAN,10,house,164,477
BRYAN,10,house,166,891
BRYAN,10,senate,1,1368
BRYAN,13,house,168,1
BRYAN,13,senate,1,1
BRYAN,2,house,160,1826
BRYAN,2,senate,1,1826
BRYAN,3,house,160,808
BRYAN,3,senate,1,808
BRYAN,4,house,164,2159
BRYAN,4,senate,1,2159
BRYAN,5,house,164,1863
BRYAN,5,senate,1,1863
BRYAN,6,house,164,1982
BRYAN,6,house,166,108
BRYAN,6,senate,1,2090
BRYAN,7,house,166,3207
BRYAN,7,senate,1,3207
BRYAN,8,house,166,2571
BRYAN,8,senate,1,2571
BRYAN,9,house,164,2003
BRYAN,9,house,166,617
BRYAN,9,senate,1,2620
BRYAN,CHRIST BAPTIST CHURCH,house,160,6
BRYAN,CHRIST BAPTIST CHURCH,senate,1,6
BRYAN,NEW LIFE,house,166,2
BRYAN,NEW LIFE,senate,1,2
BULLOCH,1,house,159,303
BULLOCH,1,senate,4,303
BULLOCH,10,house,160,1837
BULLOCH,10,senate,4,1837
BULLOCH,11,house,158,3238
BULLOCH,11,senate,4,3238
BULLOCH,12,house,158,654
BULLOCH,12,senate,4,654
BULLOCH,13,house,160,3760
BULLOCH,13,senate,4,3760
BULLOCH,14,house,158,1496
BULLOCH,14,house,159,1457
BULLOCH,14,senate,4,2953
BULLOCH,15,house,160,1661
BULLOCH,15,senate,4,1661
BULLOCH,16,house,160,402
BULLOCH,16,senate,4,402
BULLOCH,2,house,159,1143
BULLOCH,2,senate,4,1143
BULLOCH,3,house,159,1178
BULLOCH,3,house,160,12
BULLOCH,3,senate,4,1190
BULLOCH,4,house,160,1899
BULLOCH,4,senate,4,1899
BULLOCH,5,house,160,857
BULLOCH,5,senate,4,857
BULLOCH,6,house,160,704
BULLOCH,6,senate,4,704
BULLOCH,7,house,160,567
BULLOCH,7,senate,4,567
BULLOCH,8,house,158,184
BULLOCH,8,senate,4,184
BULLOCH,9,house,158,418
BULLOCH,9,senate,4,418
BULLOCH,FAIR,house,160,1
BULLOCH,FAIR,senate,4,1
BULLOCH,STILSON,house,160,1
BULLOCH,STILSON,senate,4,1
BURKE,0001,house,126,137
BURKE,0001,senate,23,137
BURKE,0002,house,126,1022
BURKE,0002,senate,23,1022
BURKE,0003,house,126,251
BURKE,0003,senate,23,251
BURKE,0004,house,126,174
BURKE,0004,senate,23,174
BURKE,0005,house,126,433
BURKE,0005,senate,23,433
BURKE,0006,house,126,88
BURKE,0006,senate,23,88
BURKE,0007,house,126,114
BURKE,0007,senate,23,114
BURKE,0008,house,126,116
BURKE,0008,senate,23,116
BURKE,0009,house,126,305
BURKE,0009,senate,23,305
BURKE,0010,house,126,85
BURKE,0010,senate,23,85
BURKE,0011,house,126,428
BURKE,0011,senate,23,428
BURKE,0012,house,126,238
BURKE,0012,senate,23,238
BURKE,0013,house,126,100
BURKE,0013,senate,23,100
BURKE,0014,house,126,1268
BURKE,0014,senate,23,1268
BURKE,0015,house,126,1754
BURKE,0015,senate,23,1754
BURKE,0016,house,126,266
BURKE,0016,senate,23,266
BURKE,SOUTH WAYNESBORO,house,126,2
BURKE,SOUTH WAYNESBORO,senate,23,2
BUTTS,BCAB,house,118,11270
BUTTS,BCAB,senate,25,11270
CALHOUN,1,house,154,334
CALHOUN,1,senate,12,334
CALHOUN,2,house,154,352
CALHOUN,2,senate,12,352
CALHOUN,3,house,154,148
CALHOUN,3,senate,12,148
CALHOUN,4,house,154,270
CALHOUN,4,senate,12,270
CALHOUN,5,house,154,201
CALHOUN,5,senate,12,201
CAMDEN,301 TARBORO,house,180,526
CAMDEN,301 TARBORO,senate,3,526
CAMDEN,302 WAVERLY,house,180,1081
CAMDEN,302 WAVERLY,senate,3,1081
CAMDEN,303 WOODBINE,house,180,1073
CAMDEN,303 WOODBINE,senate,3,1073
CAMDEN,304 HARRIETTS BLUFF,house,180,1048
CAMDEN,304 HARRIETTS BLUFF,senate,3,1048
CAMDEN,305 WEST KINGSLAND,house,180,1549
CAMDEN,305 WEST KINGSLAND,senate,3,1549
CAMDEN,306 HISTORIC KINGSLAND,house,180,2573
CAMDEN,306 HISTORIC KINGSLAND,senate,3,2573
CAMDEN,307 EAST KINGSLAND,house,180,4812
CAMDEN,307 EAST KINGSLAND,senate,3,4812
CAMDEN,308 ST. MARYS,house,180,2762
CAMDEN,308 ST. MARYS,senate,3,2762
CAMDEN,309 NORTH ST. MARYS,house,180,1036
CAMDEN,309 NORTH ST. MARYS,senate,3,1036
CAMDEN,310 SOUTH ST. MARYS,house,180,1435
CAMDEN,310 SOUTH ST. MARYS,senate,3,1435
CAMDEN,311 WEST ST. MARYS,house,180,2353
CAMDEN,311 WEST ST. MARYS,senate,3,2353
CAMDEN,EAST KINGSLAND,house,180,1
CAMDEN,EAST KINGSLAND,senate,3,1
CAMDEN,NORTH ST MARYS,house,180,1
CAMDEN,NORTH ST MARYS,senate,3,1
CAMDEN,SOUTH ST MARYS,house,180,1
CAMDEN,SOUTH ST MARYS,senate,3,1
CAMDEN,WAVERLY,house,180,2
CAMDEN,WAVERLY,senate,3,2
CAMDEN,WOODBINE,house,180,1
CAMDEN,WOODBINE,senate,3,1
CANDLER,CAND,house,158,3634
CANDLER,CAND,senate,4,3634
CARROLL,1006,house,18,459
CARROLL,1006,senate,6,459
CARROLL,1111,house,18,1171
CARROLL,1111,senate,6,1171
CARROLL,1122,house,71,2247
CARROLL,1122,senate,30,2247
CARROLL,1152,house,18,991
CARROLL,1152,senate,30,991
CARROLL,1240,house,18,1121
CARROLL,1240,senate,30,1121
CARROLL,1371,house,72,670
CARROLL,1371,senate,6,670
CARROLL,1483,house,72,2272
CARROLL,1483,senate,6,2272
CARROLL,1496,house,18,705
CARROLL,1496,senate,30,705
CARROLL,1533,house,18,849
CARROLL,1533,senate,6,849
CARROLL,1540,house,71,1913
CARROLL,1540,senate,30,1913
CARROLL,1542,house,71,1314
CARROLL,1542,senate,30,1314
CARROLL,501,house,71,2100
CARROLL,501,senate,30,2100
CARROLL,640,house,71,1584
CARROLL,640,senate,30,1584
CARROLL,641,house,71,2855
CARROLL,641,senate,30,2855
CARROLL,642,house,71,3343
CARROLL,642,senate,30,3343
CARROLL,649,house,71,1898
CARROLL,649,senate,30,1898
CARROLL,650,house,71,1701
CARROLL,650,senate,30,1701
CARROLL,682,house,70,1079
CARROLL,682,senate,6,1079
CARROLL,713,house,72,1781
CARROLL,713,senate,6,1781
CARROLL,714A1,house,72,1781
CARROLL,714A1,senate,30,1781
CARROLL,714A2,house,71,959
CARROLL,714A2,senate,30,959
CARROLL,714A3,house,71,204
CARROLL,714A3,house,72,1859
CARROLL,714A3,senate,30,1912
CARROLL,714A3,senate,6,151
CARROLL,714A4,house,72,931
CARROLL,714A4,senate,6,931
CARROLL,714A5,house,71,1474
CARROLL,714A5,senate,30,1474
CARROLL,714A6,house,72,923
CARROLL,714A6,senate,30,880
CARROLL,714A6,senate,6,43
CARROLL,714BN,house,18,840
CARROLL,714BN,senate,30,840
CARROLL,714BW,house,72,1137
CARROLL,714BW,senate,6,1137
CARROLL,715,house,72,830
CARROLL,715,senate,6,830
CATOOSA,BLCK,house,3,1087
CATOOSA,BLCK,senate,53,1087
CATOOSA,BOYN,house,3,3859
CATOOSA,BOYN,senate,53,3859
CATOOSA,CAKT,house,3,1518
CATOOSA,CAKT,senate,53,1518
CATOOSA,CHAM,house,2,1785
CATOOSA,CHAM,senate,53,1785
CATOOSA,FT O,house,3,2264
CATOOSA,FT O,senate,53,2264
CATOOSA,GRAY,house,3,2704
CATOOSA,GRAY,senate,53,2704
CATOOSA,LAKE,house,3,1754
CATOOSA,LAKE,senate,53,1754
CATOOSA,POPS,house,3,2624
CATOOSA,POPS,senate,53,2624
CATOOSA,RING,house,3,4828
CATOOSA,RING,senate,53,4828
CATOOSA,WEST,house,3,3536
CATOOSA,WEST,senate,53,3536
CATOOSA,WOOD,house,2,1812
CATOOSA,WOOD,senate,53,1812
CHARLTON,2,house,174,2205
CHARLTON,2,senate,3,2205
CHARLTON,3B,house,174,104
CHARLTON,3B,senate,3,104
CHARLTON,3S,house,174,198
CHARLTON,3S,senate,3,198
CHARLTON,4H,house,174,397
CHARLTON,4H,senate,3,397
CHARLTON,5R,house,174,137
CHARLTON,5R,senate,3,137
CHARLTON,5W,house,174,149
CHARLTON,5W,senate,3,149
CHARLTON,FOLKSTON,house,174,1
CHARLTON,FOLKSTON,senate,3,1
CHATHAM,1-01C,house,163,1956
CHATHAM,1-01C,senate,2,1956
CHATHAM,1-05C,house,163,1283
CHATHAM,1-05C,senate,2,1283
CHATHAM,1-06C,house,163,1201
CHATHAM,1-06C,senate,2,1201
CHATHAM,1-08C,house,163,674
CHATHAM,1-08C,house,165,232
CHATHAM,1-08C,senate,2,906
CHATHAM,1-09C,house,162,701
CHATHAM,1-09C,house,163,2
CHATHAM,1-09C,senate,2,703
CHATHAM,1-10C,house,166,622
CHATHAM,1-10C,senate,1,622
CHATHAM,1-12C,house,166,1277
CHATHAM,1-12C,senate,1,1277
CHATHAM,1-13C,house,163,712
CHATHAM,1-13C,senate,1,712
CHATHAM,1-14C,house,165,1077
CHATHAM,1-14C,house,166,4
CHATHAM,1-14C,senate,1,1077
CHATHAM,1-14C,senate,2,4
CHATHAM,1-16C,house,166,1552
CHATHAM,1-16C,senate,1,1552
CHATHAM,1-17C,house,166,2247
CHATHAM,1-17C,senate,1,2247
CHATHAM,15,house,160,1
CHATHAM,15,senate,4,1
CHATHAM,2-02C,house,165,655
CHATHAM,2-02C,senate,2,655
CHATHAM,2-03C,house,163,547
CHATHAM,2-03C,senate,2,547
CHATHAM,2-04C,house,165,917
CHATHAM,2-04C,senate,2,917
CHATHAM,2-05C,house,165,1070
CHATHAM,2-05C,senate,2,1070
CHATHAM,2-06C,house,165,780
CHATHAM,2-06C,senate,1,444
CHATHAM,2-06C,senate,2,336
CHATHAM,2-07C,house,165,1033
CHATHAM,2-07C,senate,2,1033
CHATHAM,2-09C,house,165,1412
CHATHAM,2-09C,senate,2,1412
CHATHAM,2-11C,house,165,617
CHATHAM,2-11C,senate,2,617
CHATHAM,2-12C,house,163,643
CHATHAM,2-12C,senate,2,643
CHATHAM,3-02C,house,163,822
CHATHAM,3-02C,senate,2,822
CHATHAM,3-03C,house,165,382
CHATHAM,3-03C,senate,2,382
CHATHAM,3-04C,house,165,483
CHATHAM,3-04C,senate,2,483
CHATHAM,3-05C,house,165,805
CHATHAM,3-05C,senate,2,805
CHATHAM,3-09C,house,165,886
CHATHAM,3-09C,senate,2,886
CHATHAM,3-10C,house,165,1047
CHATHAM,3-10C,senate,2,1047
CHATHAM,3-11C,house,165,552
CHATHAM,3-11C,senate,2,552
CHATHAM,3-12C,house,165,758
CHATHAM,3-12C,senate,2,758
CHATHAM,3-13C,house,165,1233
CHATHAM,3-13C,senate,2,1233
CHATHAM,3-14C,house,165,1200
CHATHAM,3-14C,senate,2,1200
CHATHAM,4-02C,house,166,1413
CHATHAM,4-02C,senate,1,1413
CHATHAM,4-04C,house,166,1425
CHATHAM,4-04C,senate,1,1425
CHATHAM,4-05C,house,166,1448
CHATHAM,4-05C,senate,1,1448
CHATHAM,4-06C,house,166,1509
CHATHAM,4-06C,senate,1,1509
CHATHAM,4-07C,house,166,2092
CHATHAM,4-07C,senate,1,2092
CHATHAM,4-08C,house,166,1825
CHATHAM,4-08C,senate,1,1825
CHATHAM,4-10C,house,166,684
CHATHAM,4-10C,senate,1,684
CHATHAM,4-11C,house,166,704
CHATHAM,4-11C,senate,1,704
CHATHAM,4-12C,house,166,1448
CHATHAM,4-12C,senate,1,1448
CHATHAM,4-13C,house,166,1726
CHATHAM,4-13C,senate,1,1726
CHATHAM,4-14C,house,166,2602
CHATHAM,4-14C,senate,1,2602
CHATHAM,5-03C,house,163,590
CHATHAM,5-03C,senate,2,590
CHATHAM,5-05C,house,163,1084
CHATHAM,5-05C,senate,2,1084
CHATHAM,5-06C,house,162,865
CHATHAM,5-06C,senate,2,865
CHATHAM,5-07C,house,162,605
CHATHAM,5-07C,senate,2,605
CHATHAM,5-08C,house,162,722
CHATHAM,5-08C,senate,2,722
CHATHAM,5-10C,house,163,1196
CHATHAM,5-10C,senate,2,1196
CHATHAM,5-11C,house,162,1215
CHATHAM,5-11C,senate,2,1215
CHATHAM,6-01C,house,163,819
CHATHAM,6-01C,senate,2,819
CHATHAM,6-02C,house,163,291
CHATHAM,6-02C,house,166,1024
CHATHAM,6-02C,senate,1,1315
CHATHAM,6-03C,house,162,830
CHATHAM,6-03C,house,166,635
CHATHAM,6-03C,senate,2,1465
CHATHAM,6-05C,house,162,901
CHATHAM,6-05C,senate,2,901
CHATHAM,6-06C,house,162,467
CHATHAM,6-06C,house,163,241
CHATHAM,6-06C,senate,2,708
CHATHAM,6-08C,house,162,904
CHATHAM,6-08C,senate,2,904
CHATHAM,6-09C,house,162,1648
CHATHAM,6-09C,senate,2,1648
CHATHAM,6-10C,house,164,2371
CHATHAM,6-10C,senate,1,2371
CHATHAM,6-11C,house,162,2419
CHATHAM,6-11C,house,164,7
CHATHAM,6-11C,senate,1,2426
CHATHAM,7-01C,house,161,3
CHATHAM,7-01C,house,163,542
CHATHAM,7-01C,senate,2,545
CHATHAM,7-03C,house,161,368
CHATHAM,7-03C,senate,2,368
CHATHAM,7-04C,house,161,1244
CHATHAM,7-04C,senate,2,1244
CHATHAM,7-05C,house,163,440
CHATHAM,7-05C,senate,2,440
CHATHAM,7-06C,house,164,1608
CHATHAM,7-06C,senate,1,116
CHATHAM,7-06C,senate,4,1492
CHATHAM,7-07C,house,161,301
CHATHAM,7-07C,house,164,1945
CHATHAM,7-07C,senate,4,2246
CHATHAM,7-08C,house,164,1582
CHATHAM,7-08C,senate,1,1253
CHATHAM,7-08C,senate,4,329
CHATHAM,7-09C,house,164,1398
CHATHAM,7-09C,senate,1,1398
CHATHAM,7-10C,house,162,2133
CHATHAM,7-10C,senate,2,2133
CHATHAM,7-11C,house,161,1380
CHATHAM,7-11C,senate,2,1380
CHATHAM,7-12C,house,164,2142
CHATHAM,7-12C,senate,4,2142
CHATHAM,7-13C,house,162,138
CHATHAM,7-13C,house,164,1729
CHATHAM,7-13C,senate,2,138
CHATHAM,7-13C,senate,4,1729
CHATHAM,7-14C,house,162,3532
CHATHAM,7-14C,house,164,23
CHATHAM,7-14C,senate,2,3532
CHATHAM,7-14C,senate,4,23
CHATHAM,7-15C,house,161,1330
CHATHAM,7-15C,senate,2,1330
CHATHAM,7-16C,house,162,681
CHATHAM,7-16C,house,164,1530
CHATHAM,7-16C,senate,1,2211
CHATHAM,7-17C,house,162,20
CHATHAM,7-17C,house,164,1624
CHATHAM,7-17C,senate,1,1644
CHATHAM,8-01C,house,165,922
CHATHAM,8-01C,senate,2,922
CHATHAM,8-02C,house,163,833
CHATHAM,8-02C,senate,2,833
CHATHAM,8-03C,house,162,291
CHATHAM,8-03C,house,163,324
CHATHAM,8-03C,senate,2,615
CHATHAM,8-05C,house,163,375
CHATHAM,8-05C,senate,2,375
CHATHAM,8-06C,house,163,314
CHATHAM,8-06C,senate,2,314
CHATHAM,8-08C,house,165,665
CHATHAM,8-08C,senate,2,665
CHATHAM,8-09C,house,165,355
CHATHAM,8-09C,senate,2,355
CHATHAM,8-10C,house,162,1
CHATHAM,8-10C,house,163,537
CHATHAM,8-10C,senate,2,538
CHATHAM,8-11C,house,163,576
CHATHAM,8-11C,senate,2,576
CHATHAM,8-12C,house,163,577
CHATHAM,8-12C,senate,2,577
CHATHAM,8-15C,house,163,490
CHATHAM,8-15C,house,165,1
CHATHAM,8-15C,senate,2,491
CHATHAM,8-16C,house,161,2002
CHATHAM,8-16C,senate,4,2002
CHATHAM,8-17C,house,161,1525
CHATHAM,8-17C,senate,2,1525
CHATHAM,8-18C,house,161,564
CHATHAM,8-18C,senate,2,564
CHATHAM,EP01A,house,62,1
CHATHAM,EP01A,senate,39,1
CHATHAM,POOLER RECREATION CENTER GYMNASIUM,house,164,1
CHATHAM,POOLER RECREATION CENTER GYMNASIUM,senate,1,1
CHATHAM,SS08D,house,52,1
CHATHAM,SS08D,senate,14,1
CHATTAHOOCHEE,1,house,151,1096
CHATTAHOOCHEE,1,senate,15,1096
CHATTOOGA,1382,house,12,46
CHATTOOGA,1382,senate,53,46
CHATTOOGA,1484,house,12,754
CHATTOOGA,1484,senate,53,754
CHATTOOGA,870,house,12,2578
CHATTOOGA,870,senate,53,2578
CHATTOOGA,925,house,12,2746
CHATTOOGA,925,senate,53,2746
CHATTOOGA,940,house,12,515
CHATTOOGA,940,senate,53,515
CHATTOOGA,962,house,12,204
CHATTOOGA,962,senate,53,204
CHATTOOGA,968,house,12,597
CHATTOOGA,968,senate,53,597
CHEROKEE,001,house,21,1798
CHEROKEE,001,senate,56,1798
CHEROKEE,002,house,21,3065
CHEROKEE,002,senate,56,3065
CHEROKEE,003,house,21,3186
CHEROKEE,003,senate,21,3186
CHEROKEE,004,house,11,3182
CHEROKEE,004,senate,21,3182
CHEROKEE,005,house,20,2573
CHEROKEE,005,senate,32,2573
CHEROKEE,006,house,22,3656
CHEROKEE,006,senate,32,3656
CHEROKEE,007,house,20,2585
CHEROKEE,007,senate,32,2585
CHEROKEE,008,house,21,3084
CHEROKEE,008,senate,21,3084
CHEROKEE,009,house,20,3466
CHEROKEE,009,senate,32,3466
CHEROKEE,010,house,23,5652
CHEROKEE,010,senate,21,5652
CHEROKEE,011,house,20,2372
CHEROKEE,011,house,22,514
CHEROKEE,011,senate,32,2886
CHEROKEE,012,house,44,4872
CHEROKEE,012,senate,56,4872
CHEROKEE,013,house,23,4611
CHEROKEE,013,senate,21,4611
CHEROKEE,014,house,11,645
CHEROKEE,014,senate,21,645
CHEROKEE,015,house,20,1523
CHEROKEE,015,senate,32,1523
CHEROKEE,016,house,20,3039
CHEROKEE,016,senate,32,3039
CHEROKEE,018,house,21,1950
CHEROKEE,018,house,47,2389
CHEROKEE,018,senate,21,4339
CHEROKEE,019,house,21,5916
CHEROKEE,019,senate,21,5914
CHEROKEE,019,senate,56,2
CHEROKEE,020,house,23,2986
CHEROKEE,020,senate,21,2986
CHEROKEE,021,house,20,2095
CHEROKEE,021,senate,32,2095
CHEROKEE,022,house,21,879
CHEROKEE,022,house,23,941
CHEROKEE,022,senate,56,1820
CHEROKEE,023,house,22,3371
CHEROKEE,023,senate,32,3371
CHEROKEE,024,house,20,4801
CHEROKEE,024,senate,32,4801
CHEROKEE,026,house,46,5242
CHEROKEE,026,senate,56,5242
CHEROKEE,027,house,23,3787
CHEROKEE,027,senate,21,3787
CHEROKEE,028,house,21,1927
CHEROKEE,028,senate,21,1927
CHEROKEE,029,house,22,2360
CHEROKEE,029,senate,32,2360
CHEROKEE,030,house,14,2333
CHEROKEE,030,senate,21,2333
CHEROKEE,031,house,23,1266
CHEROKEE,031,senate,21,1266
CHEROKEE,032,house,20,2302
CHEROKEE,032,senate,32,2302
CHEROKEE,033,house,14,280
CHEROKEE,033,senate,21,280
CHEROKEE,034,house,20,2182
CHEROKEE,034,senate,32,2182
CHEROKEE,035,house,22,1359
CHEROKEE,035,senate,32,1359
CHEROKEE,036,house,23,4988
CHEROKEE,036,senate,21,4988
CHEROKEE,037,house,21,4275
CHEROKEE,037,senate,56,4275
CHEROKEE,038,house,21,3011
CHEROKEE,038,senate,21,3011
CHEROKEE,039,house,23,3889
CHEROKEE,039,senate,21,3889
CHEROKEE,040,house,22,1820
CHEROKEE,040,senate,32,1820
CHEROKEE,041,house,14,2257
CHEROKEE,041,senate,21,2257
CHEROKEE,042,house,21,1756
CHEROKEE,042,senate,56,1756
CHEROKEE,043,house,46,1477
CHEROKEE,043,senate,56,1477
CHEROKEE,044,house,44,4607
CHEROKEE,044,senate,56,4607
CHEROKEE,11,house,158,1
CHEROKEE,11,senate,4,1
CHEROKEE,23,house,22,1
CHEROKEE,23,senate,32,1
CHEROKEE,26,house,46,1
CHEROKEE,26,senate,56,1
CHEROKEE,AIR ACRES,house,21,3
CHEROKEE,AIR ACRES,senate,56,3
CHEROKEE,AIRPORT,house,23,7
CHEROKEE,AIRPORT,senate,21,7
CHEROKEE,AP09A,house,25,2
CHEROKEE,AP09A,senate,48,2
CHEROKEE,ARNOLD MILL,house,21,2
CHEROKEE,ARNOLD MILL,senate,56,2
CHEROKEE,AVERY,house,21,2
CHEROKEE,AVERY,senate,21,2
CHEROKEE,BASCOMB,house,20,2
CHEROKEE,BASCOMB,senate,32,2
CHEROKEE,BELLS,house,22,2
CHEROKEE,BELLS,senate,32,2
CHEROKEE,BRADSHAW,house,21,6
CHEROKEE,BRADSHAW,senate,21,6
CHEROKEE,BRIDGEMILL,house,20,4
CHEROKEE,BRIDGEMILL,senate,32,4
CHEROKEE,CANTON,house,23,1
CHEROKEE,CANTON,senate,21,1
CHEROKEE,CARMEL,house,20,1
CHEROKEE,CARMEL,house,22,1
CHEROKEE,CARMEL,senate,32,2
CHEROKEE,CLARK CREEK,house,22,2
CHEROKEE,CLARK CREEK,senate,32,2
CHEROKEE,DEER RUN,house,20,1
CHEROKEE,DEER RUN,senate,32,1
CHEROKEE,DIXIE,house,20,4
CHEROKEE,DIXIE,senate,32,4
CHEROKEE,FREE HOME,house,21,2
CHEROKEE,FREE HOME,senate,21,2
CHEROKEE,HICKORY FLAT,house,21,5
CHEROKEE,HICKORY FLAT,senate,21,5
CHEROKEE,HICKORY LOG,house,23,2
CHEROKEE,HICKORY LOG,senate,21,2
CHEROKEE,HIGHTOWER,house,23,2
CHEROKEE,HIGHTOWER,senate,21,2
CHEROKEE,HOLLY SPRINGS,house,21,1
CHEROKEE,HOLLY SPRINGS,house,23,1
CHEROKEE,HOLLY SPRINGS,senate,56,2
CHEROKEE,LIBERTY,house,20,5
CHEROKEE,LIBERTY,senate,32,5
CHEROKEE,LICKSKILLET,house,44,4
CHEROKEE,LICKSKILLET,senate,56,4
CHEROKEE,LITTLE RIVER,house,46,2
CHEROKEE,LITTLE RIVER,senate,56,2
CHEROKEE,MACEDONIA,house,23,5
CHEROKEE,MACEDONIA,senate,21,5
CHEROKEE,OAK GROVE,house,22,2
CHEROKEE,OAK GROVE,senate,32,2
CHEROKEE,R M MOORE,house,14,1
CHEROKEE,R M MOORE,senate,21,1
CHEROKEE,RIVER GREEN,house,23,2
CHEROKEE,RIVER GREEN,senate,21,2
CHEROKEE,ROSECREEK,house,20,3
CHEROKEE,ROSECREEK,senate,32,3
CHEROKEE,SALACOA,house,14,1
CHEROKEE,SALACOA,senate,21,1
CHEROKEE,SIXES,house,20,1
CHEROKEE,SIXES,senate,32,1
CHEROKEE,SUTALLEE,house,22,3
CHEROKEE,SUTALLEE,senate,32,3
CHEROKEE,TOONIGH,house,21,2
CHEROKEE,TOONIGH,senate,56,2
CHEROKEE,UNION HILL,house,21,4
CHEROKEE,UNION HILL,senate,21,4
CHEROKEE,VICTORIA,house,22,1
CHEROKEE,VICTORIA,senate,32,1
CHEROKEE,WALESKA,house,14,1
CHEROKEE,WALESKA,senate,21,1
CHEROKEE,WILDCAT,house,21,2
CHEROKEE,WILDCAT,senate,56,2
CHEROKEE,WOODLANDS,house,46,1
CHEROKEE,WOODLANDS,senate,56,1
CHEROKEE,WOODSTOCK,house,44,5
CHEROKEE,WOODSTOCK,senate,56,5
CLARKE,08H,house,55,1
CLARKE,08H,senate,39,1
CLARKE,1A,house,122,499
CLARKE,1A,house,124,760
CLARKE,1A,senate,47,1259
CLARKE,1B,house,121,98
CLARKE,1B,house,124,1800
CLARKE,1B,senate,46,17
CLARKE,1B,senate,47,1881
CLARKE,1C,house,121,1718
CLARKE,1C,senate,46,1592
CLARKE,1C,senate,47,126
CLARKE,1D,house,121,1978
CLARKE,1D,house,124,295
CLARKE,1D,senate,46,1739
CLARKE,1D,senate,47,534
CLARKE,2A,house,122,1316
CLARKE,2A,senate,47,1316
CLARKE,2B,house,122,1432
CLARKE,2B,senate,47,1432
CLARKE,2C,house,122,900
CLARKE,2C,senate,47,900
CLARKE,3A,house,120,396
CLARKE,3A,house,121,42
CLARKE,3A,house,122,793
CLARKE,3A,senate,46,1163
CLARKE,3A,senate,47,68
CLARKE,3B,house,121,68
CLARKE,3B,house,122,1834
CLARKE,3B,senate,46,1050
CLARKE,3B,senate,47,852
CLARKE,4A,house,122,76
CLARKE,4A,house,124,924
CLARKE,4A,senate,47,1000
CLARKE,4B,house,120,598
CLARKE,4B,house,121,980
CLARKE,4B,senate,46,1578
CLARKE,5A,house,120,1181
CLARKE,5A,house,122,905
CLARKE,5A,senate,46,377
CLARKE,5A,senate,47,1709
CLARKE,5B,house,122,1603
CLARKE,5B,senate,47,1603
CLARKE,5C,house,122,1656
CLARKE,5C,senate,46,106
CLARKE,5C,senate,47,1550
CLARKE,5D,house,122,2066
CLARKE,5D,senate,47,2066
CLARKE,6A,house,120,1806
CLARKE,6A,house,122,489
CLARKE,6A,senate,46,1246
CLARKE,6A,senate,47,1049
CLARKE,6B,house,120,2459
CLARKE,6B,senate,46,1124
CLARKE,6B,senate,47,1335
CLARKE,6C,house,120,2174
CLARKE,6C,senate,46,1272
CLARKE,6C,senate,47,902
CLARKE,7A,house,120,1948
CLARKE,7A,senate,46,1948
CLARKE,7B,house,120,1436
CLARKE,7B,house,122,374
CLARKE,7B,senate,46,1685
CLARKE,7B,senate,47,125
CLARKE,7C,house,120,299
CLARKE,7C,house,121,953
CLARKE,7C,house,122,430
CLARKE,7C,senate,46,1415
CLARKE,7C,senate,47,267
CLARKE,8A,house,121,826
CLARKE,8A,house,122,663
CLARKE,8A,senate,47,1489
CLARKE,8B,house,121,205
CLARKE,8B,house,124,882
CLARKE,8B,senate,47,1087
CLARKE,8C,house,121,1538
CLARKE,8C,senate,46,90
CLARKE,8C,senate,47,1448
CLAY,1,house,154,178
CLAY,1,senate,12,178
CLAY,2,house,154,166
CLAY,2,senate,12,166
CLAY,3,house,154,151
CLAY,3,senate,12,151
CLAY,4,house,154,229
CLAY,4,senate,12,229
CLAY,5,house,154,292
CLAY,5,senate,12,292
CLAYTON,01G,house,62,1
CLAYTON,01G,senate,36,1
CLAYTON,11E1,house,65,1
CLAYTON,11E1,senate,38,1
CLAYTON,12E1,house,62,1
CLAYTON,12E1,senate,36,1
CLAYTON,EW1,house,76,1785
CLAYTON,EW1,senate,44,1785
CLAYTON,EW2,house,76,2122
CLAYTON,EW2,senate,44,2122
CLAYTON,FP1,house,77,1032
CLAYTON,FP1,senate,34,1032
CLAYTON,FP2,house,76,1012
CLAYTON,FP2,senate,34,1012
CLAYTON,FP3,house,77,1002
CLAYTON,FP3,senate,34,1002
CLAYTON,FP4,house,77,712
CLAYTON,FP4,senate,34,712
CLAYTON,FP5,house,79,1238
CLAYTON,FP5,senate,34,1238
CLAYTON,FP6,house,79,669
CLAYTON,FP6,senate,34,669
CLAYTON,JB01,house,75,1556
CLAYTON,JB01,senate,34,1556
CLAYTON,JB02,house,79,841
CLAYTON,JB02,senate,34,841
CLAYTON,JB03,house,75,558
CLAYTON,JB03,senate,17,558
CLAYTON,JB04,house,75,830
CLAYTON,JB04,senate,34,830
CLAYTON,JB05,house,74,943
CLAYTON,JB05,senate,17,943
CLAYTON,JB06,house,78,1733
CLAYTON,JB06,senate,17,1733
CLAYTON,JB07,house,75,1469
CLAYTON,JB07,senate,17,1469
CLAYTON,JB08,house,78,1311
CLAYTON,JB08,senate,44,1311
CLAYTON,JB09,house,75,532
CLAYTON,JB09,senate,34,532
CLAYTON,JB10,house,75,1177
CLAYTON,JB10,senate,34,1177
CLAYTON,JB11,house,78,1316
CLAYTON,JB11,senate,17,1316
CLAYTON,JB12,house,77,1233
CLAYTON,JB12,senate,34,1233
CLAYTON,JB13,house,75,1256
CLAYTON,JB13,senate,17,1256
CLAYTON,JB14,house,74,2405
CLAYTON,JB14,senate,17,2405
CLAYTON,JB15,house,79,893
CLAYTON,JB15,senate,34,893
CLAYTON,JB16,house,75,951
CLAYTON,JB16,senate,34,951
CLAYTON,JB17,house,75,1293
CLAYTON,JB17,senate,34,1293
CLAYTON,JB18,house,75,1479
CLAYTON,JB18,senate,17,1479
CLAYTON,JB19,house,75,1474
CLAYTON,JB19,senate,34,1474
CLAYTON,JB20,house,79,1116
CLAYTON,JB20,senate,34,1116
CLAYTON,JB21,house,75,1604
CLAYTON,JB21,senate,17,1604
CLAYTON,JB22,house,78,790
CLAYTON,JB22,senate,17,790
CLAYTON,LC1,house,76,1282
CLAYTON,LC1,senate,44,1282
CLAYTON,LJ1,house,74,238
CLAYTON,LJ1,house,75,1906
CLAYTON,LJ1,senate,17,2144
CLAYTON,LJ2,house,74,1581
CLAYTON,LJ2,senate,17,1581
CLAYTON,LJ3,house,74,976
CLAYTON,LJ3,senate,17,976
CLAYTON,LJ4,house,74,1391
CLAYTON,LJ4,senate,17,1391
CLAYTON,LJ5,house,75,1415
CLAYTON,LJ5,senate,17,1415
CLAYTON,LJ6,house,74,2084
CLAYTON,LJ6,senate,17,2084
CLAYTON,LJ7,house,74,2104
CLAYTON,LJ7,senate,17,2104
CLAYTON,LJ8,house,74,820
CLAYTON,LJ8,senate,17,820
CLAYTON,LOVEJOY 6,house,74,1
CLAYTON,LOVEJOY 6,senate,17,1
CLAYTON,MO01,house,76,1199
CLAYTON,MO01,senate,44,1199
CLAYTON,MO02,house,76,1010
CLAYTON,MO02,senate,44,1010
CLAYTON,MO03,house,76,1204
CLAYTON,MO03,senate,44,1204
CLAYTON,MO04,house,76,492
CLAYTON,MO04,house,78,370
CLAYTON,MO04,senate,44,862
CLAYTON,MO05,house,76,1600
CLAYTON,MO05,senate,44,1600
CLAYTON,MO06,house,76,1430
CLAYTON,MO06,senate,44,1430
CLAYTON,MO07,house,76,757
CLAYTON,MO07,senate,44,757
CLAYTON,MO08,house,76,1652
CLAYTON,MO08,senate,44,1652
CLAYTON,MO09,house,78,604
CLAYTON,MO09,senate,44,604
CLAYTON,MO10,house,76,1269
CLAYTON,MO10,senate,44,1269
CLAYTON,MO11,house,76,913
CLAYTON,MO11,senate,44,913
CLAYTON,OAK1,house,77,975
CLAYTON,OAK1,senate,34,975
CLAYTON,OAK2,house,77,528
CLAYTON,OAK2,senate,34,528
CLAYTON,OAK3,house,77,988
CLAYTON,OAK3,senate,34,988
CLAYTON,OAK4,house,77,1038
CLAYTON,OAK4,senate,34,1038
CLAYTON,OAK5,house,77,483
CLAYTON,OAK5,senate,34,483
CLAYTON,OAK6,house,77,481
CLAYTON,OAK6,senate,34,481
CLAYTON,PH1,house,74,1581
CLAYTON,PH1,senate,34,1581
CLAYTON,PH2,house,74,2237
CLAYTON,PH2,senate,17,2237
CLAYTON,RD01,house,77,1318
CLAYTON,RD01,senate,34,1318
CLAYTON,RD02,house,77,1377
CLAYTON,RD02,senate,34,1377
CLAYTON,RD03,house,79,1581
CLAYTON,RD03,senate,34,1581
CLAYTON,RD04,house,79,1627
CLAYTON,RD04,senate,34,1627
CLAYTON,RD05,house,79,1137
CLAYTON,RD05,senate,34,1137
CLAYTON,RD06,house,79,1068
CLAYTON,RD06,senate,34,1068
CLAYTON,RD07,house,79,844
CLAYTON,RD07,senate,34,844
CLAYTON,RD08,house,77,1519
CLAYTON,RD08,senate,34,1519
CLAYTON,RD09,house,79,1058
CLAYTON,RD09,senate,34,1058
CLAYTON,RD10,house,79,824
CLAYTON,RD10,senate,34,824
CLAYTON,RD11,house,77,970
CLAYTON,RD11,senate,34,970
CLAYTON,RD12,house,77,1413
CLAYTON,RD12,senate,34,1413
CLAYTON,SC05G,house,65,1
CLAYTON,SC05G,senate,28,1
CLAYTON,SC09C,house,69,1
CLAYTON,SC09C,senate,39,1
CLAYTON,UC02F,house,65,1
CLAYTON,UC02F,senate,38,1
CLINCH,AB,house,174,28
CLINCH,AB,senate,8,28
CLINCH,AG,house,174,165
CLINCH,AG,senate,8,165
CLINCH,D,house,174,128
CLINCH,D,senate,8,128
CLINCH,F,house,174,60
CLINCH,F,senate,8,60
CLINCH,H,house,174,1635
CLINCH,H,senate,8,1635
COBB,01,house,24,1
COBB,01,senate,27,1
COBB,023,house,22,1
COBB,023,senate,32,1
COBB,029,house,22,1
COBB,029,senate,32,1
COBB,09C,house,60,1
COBB,09C,senate,35,1
COBB,09N,house,55,1
COBB,09N,senate,38,1
COBB,11C2,house,61,1
COBB,11C2,senate,35,1
COBB,AC1A,house,36,3619
COBB,AC1A,senate,37,3619
COBB,AC1B,house,36,3056
COBB,AC1B,senate,37,3056
COBB,AC1C,house,22,21
COBB,AC1C,house,35,1803
COBB,AC1C,house,36,936
COBB,AC1C,senate,37,2760
COBB,ACWORTH 1A,house,36,1
COBB,ACWORTH 1A,senate,37,1
COBB,ACWORTH 1B,house,36,2
COBB,ACWORTH 1B,senate,37,2
COBB,ACWORTH 1C,house,36,3
COBB,ACWORTH 1C,senate,37,3
COBB,AD01,house,44,1542
COBB,AD01,senate,32,1542
COBB,ADDISON 01,house,44,2
COBB,ADDISON 01,senate,32,2
COBB,AU1A,house,38,1441
COBB,AU1A,senate,28,1441
COBB,AU1B,house,38,1460
COBB,AU1B,senate,28,1460
COBB,BAKER 01,house,35,1
COBB,BAKER 01,senate,37,1
COBB,BELLS FERRY 03,house,44,1
COBB,BELLS FERRY 03,senate,32,1
COBB,BELLS FERRY 04,house,22,1
COBB,BELLS FERRY 04,senate,32,1
COBB,BF02,house,44,1624
COBB,BF02,senate,32,1624
COBB,BF03,house,44,1216
COBB,BF03,senate,32,1216
COBB,BF04,house,22,1909
COBB,BF04,senate,32,1909
COBB,BG01,house,35,1379
COBB,BG01,senate,37,1379
COBB,BG02,house,22,1862
COBB,BG02,senate,32,1862
COBB,BIRNEY 01,house,41,2
COBB,BIRNEY 01,senate,35,2
COBB,BK01,house,22,1874
COBB,BK01,house,35,563
COBB,BK01,senate,37,2437
COBB,BLACKWELL 01,house,44,1
COBB,BLACKWELL 01,senate,32,1
COBB,BR01,house,41,1580
COBB,BR01,senate,35,1580
COBB,BW01,house,44,1551
COBB,BW01,senate,32,1551
COBB,CA01,house,43,2942
COBB,CA01,senate,35,2942
COBB,CH02,house,34,2234
COBB,CH02,senate,37,2234
COBB,CH03,house,34,2832
COBB,CH03,senate,37,2832
COBB,CHATTAHOOCHEE 01,house,43,3
COBB,CHATTAHOOCHEE 01,senate,35,3
COBB,CK01,house,35,2914
COBB,CK01,senate,32,2914
COBB,CL01,house,38,2006
COBB,CL01,senate,28,2
COBB,CL01,senate,33,2004
COBB,CL02,house,38,2757
COBB,CL02,senate,28,2757
COBB,CLARKDALE 01,house,38,2
COBB,CLARKDALE 01,senate,33,2
COBB,CLARKDALE 02,house,38,3
COBB,CLARKDALE 02,senate,28,3
COBB,CO,house,83,1
COBB,CO,senate,41,1
COBB,CR01,house,45,2089
COBB,CR01,senate,56,2089
COBB,DAVIS 01,house,46,1
COBB,DAVIS 01,senate,56,1
COBB,DC01,house,45,1852
COBB,DC01,senate,56,1852
COBB,DI01,house,42,518
COBB,DI01,house,43,350
COBB,DI01,senate,33,866
COBB,DI01,senate,35,2
COBB,DI02,house,42,1130
COBB,DI02,house,43,442
COBB,DI02,senate,35,1572
COBB,DL01,house,34,2035
COBB,DL01,senate,37,2035
COBB,DO01,house,45,1341
COBB,DO01,senate,56,1341
COBB,DODGEN 01,house,45,1
COBB,DODGEN 01,senate,56,1
COBB,DU01,house,36,3115
COBB,DU01,senate,37,3115
COBB,DV01,house,46,1277
COBB,DV01,senate,56,1277
COBB,EA01,house,45,1922
COBB,EA01,senate,33,1922
COBB,EA02,house,43,2708
COBB,EA02,senate,33,2708
COBB,EASTSIDE 01,house,45,1
COBB,EASTSIDE 01,senate,33,1
COBB,EL01,house,34,74
COBB,EL01,house,35,1785
COBB,EL01,house,37,25
COBB,EL01,senate,32,1217
COBB,EL01,senate,37,667
COBB,EL02,house,37,1394
COBB,EL02,senate,32,1394
COBB,EL03,house,44,1807
COBB,EL03,senate,32,1807
COBB,EL04,house,37,1375
COBB,EL04,senate,32,1375
COBB,EL05,house,44,1790
COBB,EL05,senate,32,1790
COBB,ELIZABETH 04,house,37,1
COBB,ELIZABETH 04,senate,32,1
COBB,ELIZABETH 05,house,44,1
COBB,ELIZABETH 05,senate,32,1
COBB,EP01,house,35,849
COBB,EP01,house,37,558
COBB,EP01,senate,32,1407
COBB,EP02A,house,63,1
COBB,EP02A,senate,36,1
COBB,FAIR OAKS 04,house,41,1
COBB,FAIR OAKS 04,senate,33,1
COBB,FO02,house,41,2556
COBB,FO02,senate,33,2556
COBB,FO04,house,41,1745
COBB,FO04,senate,33,1745
COBB,FP01,house,43,4
COBB,FP01,house,45,2116
COBB,FP01,senate,32,2116
COBB,FP01,senate,33,4
COBB,FR01,house,36,2303
COBB,FR01,senate,37,2303
COBB,FREY 01,house,36,1
COBB,FREY 01,senate,37,1
COBB,FULLERS PARK 01,house,45,1
COBB,FULLERS PARK 01,senate,32,1
COBB,FY01,house,36,1919
COBB,FY01,senate,37,1919
COBB,GARRISON MILL 01,house,46,2
COBB,GARRISON MILL 01,senate,56,2
COBB,GM01,house,46,1976
COBB,GM01,senate,56,1976
COBB,GRITTERS 01,house,44,2
COBB,GRITTERS 01,senate,32,2
COBB,GT01,house,44,2149
COBB,GT01,senate,32,2149
COBB,HARRISON 01,house,34,1
COBB,HARRISON 01,senate,37,1
COBB,HIGHTOWER 01,house,46,1
COBB,HIGHTOWER 01,senate,56,1
COBB,HR01,house,34,2234
COBB,HR01,senate,37,2234
COBB,HT01,house,46,2875
COBB,HT01,senate,56,2875
COBB,HY01,house,34,2728
COBB,HY01,senate,37,2728
COBB,KE1A,house,22,132
COBB,KE1A,house,35,1072
COBB,KE1A,senate,32,183
COBB,KE1A,senate,37,1021
COBB,KE2A,house,34,2193
COBB,KE2A,senate,37,2193
COBB,KE3A,house,34,374
COBB,KE3A,house,35,3433
COBB,KE3A,senate,37,3807
COBB,KE4A,house,35,2078
COBB,KE4A,house,36,87
COBB,KE4A,senate,37,2165
COBB,KE5A,house,35,3556
COBB,KE5A,senate,37,3556
COBB,KELL 01,house,44,2
COBB,KELL 01,senate,56,2
COBB,KENNESAW 1A,house,35,1
COBB,KENNESAW 1A,senate,37,1
COBB,KENNESAW 3A,house,35,1
COBB,KENNESAW 3A,senate,37,1
COBB,KENNESAW 5A,house,35,1
COBB,KENNESAW 5A,senate,37,1
COBB,KL01,house,44,1085
COBB,KL01,senate,56,1085
COBB,KP01,house,34,1356
COBB,KP01,senate,37,1356
COBB,KP02,house,34,2719
COBB,KP02,senate,37,2719
COBB,KP03,house,36,2892
COBB,KP03,senate,37,2892
COBB,LA01,house,44,1020
COBB,LA01,house,46,1347
COBB,LA01,senate,56,2367
COBB,LASSITER 01,house,44,1
COBB,LASSITER 01,senate,56,1
COBB,LM01,house,19,2866
COBB,LM01,senate,37,2866
COBB,LM02,house,36,2969
COBB,LM02,senate,37,2969
COBB,LM03,house,19,4174
COBB,LM03,senate,37,4174
COBB,LM04,house,34,1891
COBB,LM04,senate,37,1891
COBB,MA1A,house,39,1802
COBB,MA1A,senate,28,1802
COBB,MA1B,house,39,1491
COBB,MA1B,senate,28,1491
COBB,MA2A,house,39,1685
COBB,MA2A,senate,28,1685
COBB,MA2B,house,39,1271
COBB,MA2B,senate,28,1271
COBB,MA3A,house,39,1716
COBB,MA3A,senate,28,1716
COBB,MA3B,house,39,1242
COBB,MA3B,senate,28,1242
COBB,MA3C,house,39,1668
COBB,MA3C,senate,28,1668
COBB,MA4A,house,39,1216
COBB,MA4A,house,41,326
COBB,MA4A,house,42,2
COBB,MA4A,senate,28,1216
COBB,MA4A,senate,35,328
COBB,MA4B,house,39,1513
COBB,MA4B,senate,28,1513
COBB,MA4C,house,39,3031
COBB,MA4C,house,61,15
COBB,MA4C,senate,28,3046
COBB,MA5A,house,38,828
COBB,MA5A,house,39,1194
COBB,MA5A,house,41,177
COBB,MA5A,senate,28,1194
COBB,MA5A,senate,33,1005
COBB,MA5B,house,38,639
COBB,MA5B,house,39,2074
COBB,MA5B,senate,28,2713
COBB,MA6A,house,38,749
COBB,MA6A,house,41,1216
COBB,MA6A,senate,33,1965
COBB,MA6B,house,41,2218
COBB,MA6B,house,42,8
COBB,MA6B,senate,33,503
COBB,MA6B,senate,35,1723
COBB,MABLETON 1A,house,39,2
COBB,MABLETON 1A,senate,28,2
COBB,MABLETON 2A,house,39,2
COBB,MABLETON 2A,senate,28,2
COBB,MABLETON 3B,house,39,1
COBB,MABLETON 3B,senate,28,1
COBB,MABLETON 3C,house,39,1
COBB,MABLETON 3C,senate,28,1
COBB,MABLETON 5A,house,38,2
COBB,MABLETON 5A,senate,33,2
COBB,MABLETON 6A,house,41,2
COBB,MABLETON 6A,senate,33,2
COBB,MABLETON 6B,house,41,2
COBB,MABLETON 6B,senate,35,2
COBB,MACLAND 01,house,38,3
COBB,MACLAND 01,senate,33,3
COBB,MARIETTA 3B,house,37,1
COBB,MARIETTA 3B,senate,33,1
COBB,MARIETTA 5A,house,37,1
COBB,MARIETTA 5A,senate,33,1
COBB,MARIETTA 6A,house,43,2
COBB,MARIETTA 6A,senate,33,2
COBB,MB01,house,46,1044
COBB,MB01,senate,56,1044
COBB,MC01,house,38,2434
COBB,MC01,senate,33,2434
COBB,MCCLESKEY 01,house,44,1
COBB,MCCLESKEY 01,senate,56,1
COBB,MCEACHERN 01,house,38,1
COBB,MCEACHERN 01,senate,33,1
COBB,MD01,house,45,2665
COBB,MD01,senate,56,2665
COBB,ME01,house,38,2468
COBB,ME01,senate,33,2468
COBB,MK01,house,44,1142
COBB,MK01,senate,56,1142
COBB,ML01,house,36,2181
COBB,ML01,senate,37,2181
COBB,MR1A,house,37,1894
COBB,MR1A,house,43,75
COBB,MR1A,senate,33,1969
COBB,MR2A,house,34,1295
COBB,MR2A,senate,37,1295
COBB,MR2B,house,37,2494
COBB,MR2B,senate,33,2494
COBB,MR3A,house,37,2768
COBB,MR3A,senate,32,1546
COBB,MR3A,senate,33,1222
COBB,MR3B,house,37,983
COBB,MR3B,senate,33,983
COBB,MR4A,house,37,1277
COBB,MR4A,senate,32,1277
COBB,MR4B,house,35,397
COBB,MR4B,house,37,922
COBB,MR4B,senate,32,1319
COBB,MR4C,house,34,1995
COBB,MR4C,senate,37,1995
COBB,MR5A,house,0,21
COBB,MR5A,house,37,1262
COBB,MR5A,house,43,361
COBB,MR5A,senate,0,21
COBB,MR5A,senate,33,1623
COBB,MR5B,house,35,604
COBB,MR5B,house,37,485
COBB,MR5B,senate,32,1089
COBB,MR6A,house,37,232
COBB,MR6A,house,43,689
COBB,MR6A,senate,32,232
COBB,MR6A,senate,33,689
COBB,MR6B,house,37,1748
COBB,MR6B,senate,32,1748
COBB,MR7A,house,42,504
COBB,MR7A,house,43,766
COBB,MR7A,senate,33,1270
COBB,MS01,house,36,2352
COBB,MS01,senate,37,2352
COBB,MS02,house,36,1631
COBB,MS02,senate,37,1631
COBB,MT BETHEL 01,house,45,2
COBB,MT BETHEL 01,senate,56,2
COBB,MT BETHEL 03,house,45,4
COBB,MT BETHEL 03,senate,33,4
COBB,MT01,house,45,2717
COBB,MT01,senate,56,2717
COBB,MT03,house,45,2283
COBB,MT03,senate,33,2282
COBB,MT03,senate,6,1
COBB,MT04,house,45,1939
COBB,MT04,senate,33,1939
COBB,MURDOCK 01,house,45,1
COBB,MURDOCK 01,senate,56,1
COBB,NC01,house,36,1308
COBB,NC01,senate,37,1308
COBB,ND,house,86,1
COBB,ND,senate,41,1
COBB,NICHOLSON 01,house,44,3
COBB,NICHOLSON 01,senate,56,3
COBB,NJ01,house,61,3135
COBB,NJ01,senate,28,200
COBB,NJ01,senate,35,2935
COBB,NORTH COBB 01,house,36,2
COBB,NORTH COBB 01,senate,37,2
COBB,NORTON PARK 01,house,42,1
COBB,NORTON PARK 01,senate,35,1
COBB,NP01,house,41,486
COBB,NP01,house,42,1688
COBB,NP01,senate,35,2174
COBB,NS01,house,44,1319
COBB,NS01,senate,56,1319
COBB,OAKDALE 01,house,61,1
COBB,OAKDALE 01,senate,28,1
COBB,OK01,house,61,2333
COBB,OK01,senate,28,960
COBB,OK01,senate,35,1373
COBB,OR01,house,19,1133
COBB,OR01,senate,37,1133
COBB,OR02,house,41,2569
COBB,OR02,senate,33,2569
COBB,OR03,house,37,901
COBB,OR03,house,41,1414
COBB,OR03,house,42,129
COBB,OR03,senate,33,2444
COBB,OR04,house,41,2504
COBB,OR04,senate,33,2504
COBB,OR05,house,34,2510
COBB,OR05,senate,37,2510
COBB,OREGON 01,house,19,1
COBB,OREGON 01,senate,37,1
COBB,OREGON 03,house,41,1
COBB,OREGON 03,senate,33,1
COBB,OREGON 04,house,41,1
COBB,OREGON 04,senate,33,1
COBB,OREGON 05,house,34,1
COBB,OREGON 05,senate,37,1
COBB,PF01,house,43,1853
COBB,PF01,senate,33,1853
COBB,PINE MOUNTAIN 02,house,34,1
COBB,PINE MOUNTAIN 02,senate,37,1
COBB,PITNER 01,house,22,1
COBB,PITNER 01,senate,32,1
COBB,PM01,house,34,2411
COBB,PM01,senate,37,2411
COBB,PM02,house,34,2228
COBB,PM02,senate,37,2228
COBB,PO01,house,46,2418
COBB,PO01,senate,56,2418
COBB,POPE 01,house,46,1
COBB,POPE 01,senate,56,1
COBB,POWDER SPRINGS 1A,house,38,1
COBB,POWDER SPRINGS 1A,senate,33,1
COBB,POWDER SPRINGS 2A,house,38,1
COBB,POWDER SPRINGS 2A,senate,33,1
COBB,POWDER SPRINGS 3A,house,38,1
COBB,POWDER SPRINGS 3A,senate,33,1
COBB,POWERS FERRY 01,house,43,1
COBB,POWERS FERRY 01,senate,33,1
COBB,PP01,house,46,2145
COBB,PP01,senate,56,2145
COBB,PR01,house,22,1545
COBB,PR01,senate,32,1545
COBB,PS1A,house,38,2831
COBB,PS1A,senate,33,2831
COBB,PS2A,house,38,2206
COBB,PS2A,house,41,1
COBB,PS2A,senate,33,2207
COBB,PS3A,house,38,2573
COBB,PS3A,senate,33,2573
COBB,PT01,house,22,1404
COBB,PT01,senate,32,1404
COBB,RM01,house,46,2089
COBB,RM01,senate,56,2089
COBB,ROSWELL 01,house,45,1
COBB,ROSWELL 01,senate,56,1
COBB,ROSWELL 02,house,45,3
COBB,ROSWELL 02,senate,56,3
COBB,RW01,house,45,3699
COBB,RW01,senate,56,3699
COBB,RW02,house,45,2453
COBB,RW02,senate,56,2453
COBB,SA01,house,46,1765
COBB,SA01,senate,56,1765
COBB,SANDY PLAINS 01,house,46,1
COBB,SANDY PLAINS 01,senate,56,1
COBB,SC08E,house,68,1
COBB,SC08E,senate,38,1
COBB,SEWELL MILL 03,house,43,3
COBB,SEWELL MILL 03,senate,33,3
COBB,SF01,house,46,2239
COBB,SF01,senate,56,2239
COBB,SHALLOWFORD FALLS 01,house,46,2
COBB,SHALLOWFORD FALLS 01,senate,56,2
COBB,SI01,house,46,1237
COBB,SI01,senate,56,1237
COBB,SM01,house,37,2210
COBB,SM01,senate,32,2210
COBB,SM03,house,43,2347
COBB,SM03,senate,33,2347
COBB,SMYRNA 2A,house,42,1
COBB,SMYRNA 2A,senate,35,1
COBB,SMYRNA 3B,house,42,2
COBB,SMYRNA 3B,senate,35,2
COBB,SMYRNA 4A,house,42,1
COBB,SMYRNA 4A,senate,35,1
COBB,SMYRNA 5A,house,42,1
COBB,SMYRNA 5A,senate,35,1
COBB,SMYRNA 7A,house,39,2
COBB,SMYRNA 7A,house,61,2
COBB,SMYRNA 7A,senate,28,4
COBB,SN1A,house,42,2655
COBB,SN1A,senate,35,2655
COBB,SN2A,house,42,3081
COBB,SN2A,senate,35,3081
COBB,SN3A,house,42,2157
COBB,SN3A,senate,35,2157
COBB,SN3B,house,42,1824
COBB,SN3B,senate,35,1824
COBB,SN4A,house,42,2016
COBB,SN4A,house,61,2029
COBB,SN4A,senate,28,978
COBB,SN4A,senate,35,3067
COBB,SN5A,house,42,2197
COBB,SN5A,senate,35,2197
COBB,SN6A,house,42,2777
COBB,SN6A,house,61,748
COBB,SN6A,senate,35,3525
COBB,SN7A,house,39,684
COBB,SN7A,house,40,1
COBB,SN7A,house,61,3763
COBB,SN7A,senate,28,4418
COBB,SN7A,senate,35,29
COBB,SN7A,senate,38,1
COBB,SO01,house,45,1265
COBB,SO01,senate,33,1265
COBB,SO02,house,43,3066
COBB,SO02,senate,33,3066
COBB,SO03,house,45,1638
COBB,SO03,senate,33,1638
COBB,SOPE CREEK 01,house,45,1
COBB,SOPE CREEK 01,senate,33,1
COBB,SOPE CREEK 02,house,43,2
COBB,SOPE CREEK 02,senate,33,2
COBB,SS20,house,51,1
COBB,SS20,senate,14,1
COBB,SW01,house,38,1746
COBB,SW01,senate,33,1746
COBB,SY,house,115,1
COBB,SY,senate,10,1
COBB,TERRELL MILL 01,house,43,1
COBB,TERRELL MILL 01,senate,33,1
COBB,TM01,house,43,2594
COBB,TM01,senate,33,2594
COBB,TR01,house,45,1571
COBB,TR01,senate,56,1571
COBB,UC02D,house,67,1
COBB,UC02D,senate,38,1
COBB,VA01,house,36,2040
COBB,VA01,senate,37,2040
COBB,VG01,house,60,1933
COBB,VG01,senate,35,1933
COBB,VG02,house,42,2
COBB,VG02,house,61,3425
COBB,VG02,senate,35,3427
COBB,VG03,house,61,2783
COBB,VG03,senate,35,2783
COBB,VG04,house,60,2069
COBB,VG04,senate,35,2069
COBB,VININGS 02,house,61,2
COBB,VININGS 02,senate,35,2
COBB,WG01,house,22,1460
COBB,WG01,senate,37,1460
COBB,WG02,house,22,1230
COBB,WG02,senate,37,1230
COBB,WILLEO 01,house,46,1
COBB,WILLEO 01,senate,56,1
COBB,WL01,house,46,1978
COBB,WL01,senate,56,1978
COFFEE,1,house,169,5161
COFFEE,1,house,176,2708
COFFEE,1,senate,13,3600
COFFEE,1,senate,19,4269
COFFEE,2,house,169,883
COFFEE,2,house,176,16
COFFEE,2,senate,13,899
COFFEE,3,house,176,106
COFFEE,3,senate,13,106
COFFEE,4,house,169,1166
COFFEE,4,house,176,3
COFFEE,4,senate,13,1162
COFFEE,4,senate,19,7
COFFEE,5,house,169,812
COFFEE,5,senate,19,812
COFFEE,6,house,169,391
COFFEE,6,house,176,1
COFFEE,6,senate,19,392
COFFEE,DOUGLAS,house,169,1
COFFEE,DOUGLAS,house,176,3
COFFEE,DOUGLAS,senate,13,3
COFFEE,DOUGLAS,senate,19,1
COLQUITT,0001,house,172,1018
COLQUITT,0001,senate,11,1018
COLQUITT,0002,house,172,2371
COLQUITT,0002,senate,11,2371
COLQUITT,0007,house,172,686
COLQUITT,0007,senate,11,686
COLQUITT,0008,house,172,649
COLQUITT,0008,senate,11,649
COLQUITT,0009,house,172,86
COLQUITT,0009,senate,11,86
COLQUITT,0010,house,172,191
COLQUITT,0010,senate,11,191
COLQUITT,0011,house,172,492
COLQUITT,0011,senate,11,492
COLQUITT,0012,house,172,278
COLQUITT,0012,senate,11,278
COLQUITT,0013,house,172,177
COLQUITT,0013,senate,11,177
COLQUITT,0014,house,172,856
COLQUITT,0014,senate,11,856
COLQUITT,0015,house,172,431
COLQUITT,0015,senate,11,431
COLQUITT,0016,house,172,197
COLQUITT,0016,senate,11,197
COLQUITT,0017,house,172,778
COLQUITT,0017,senate,11,778
COLQUITT,0018,house,172,608
COLQUITT,0018,senate,11,608
COLQUITT,0019,house,172,1113
COLQUITT,0019,senate,11,1113
COLQUITT,0020,house,172,316
COLQUITT,0020,senate,11,316
COLQUITT,0021,house,172,81
COLQUITT,0021,senate,11,81
COLQUITT,0022,house,172,127
COLQUITT,0022,senate,11,127
COLQUITT,0023,house,172,382
COLQUITT,0023,senate,11,382
COLUMBIA,010,house,125,1972
COLUMBIA,010,senate,24,1972
COLUMBIA,013,house,131,948
COLUMBIA,013,senate,23,948
COLUMBIA,014,house,131,1136
COLUMBIA,014,senate,24,1136
COLUMBIA,015,house,131,2777
COLUMBIA,015,senate,24,2777
COLUMBIA,016,house,125,897
COLUMBIA,016,senate,23,897
COLUMBIA,017,house,131,1371
COLUMBIA,017,senate,24,1371
COLUMBIA,018,house,131,468
COLUMBIA,018,senate,23,468
COLUMBIA,019,house,131,1457
COLUMBIA,019,senate,23,1457
COLUMBIA,020,house,125,1314
COLUMBIA,020,senate,23,1314
COLUMBIA,022,house,125,950
COLUMBIA,022,senate,23,950
COLUMBIA,024,house,125,912
COLUMBIA,024,senate,23,912
COLUMBIA,025,house,125,3358
COLUMBIA,025,senate,23,3358
COLUMBIA,030,house,125,2191
COLUMBIA,030,senate,23,2191
COLUMBIA,031,house,125,1113
COLUMBIA,031,senate,23,1113
COLUMBIA,032,house,125,947
COLUMBIA,032,senate,23,947
COLUMBIA,033,house,125,1147
COLUMBIA,033,senate,23,1147
COLUMBIA,034,house,125,1090
COLUMBIA,034,senate,23,1090
COLUMBIA,040,house,125,704
COLUMBIA,040,senate,24,704
COLUMBIA,050,house,123,384
COLUMBIA,050,senate,24,384
COLUMBIA,051,house,123,572
COLUMBIA,051,senate,24,572
COLUMBIA,060,house,131,1375
COLUMBIA,060,senate,24,1375
COLUMBIA,062,house,125,1987
COLUMBIA,062,senate,24,1987
COLUMBIA,064,house,131,4598
COLUMBIA,064,senate,24,4598
COLUMBIA,065,house,131,1474
COLUMBIA,065,senate,24,1474
COLUMBIA,068,house,125,1715
COLUMBIA,068,senate,24,1715
COLUMBIA,070,house,127,939
COLUMBIA,070,senate,23,939
COLUMBIA,075,house,125,1247
COLUMBIA,075,senate,23,1247
COLUMBIA,076,house,127,901
COLUMBIA,076,senate,23,901
COLUMBIA,085,house,127,1379
COLUMBIA,085,senate,23,1379
COLUMBIA,090,house,127,1797
COLUMBIA,090,senate,24,1797
COLUMBIA,100,house,127,1192
COLUMBIA,100,senate,24,1192
COLUMBIA,105,house,127,1121
COLUMBIA,105,senate,24,1121
COLUMBIA,107,house,127,1620
COLUMBIA,107,senate,24,1620
COLUMBIA,108,house,127,1155
COLUMBIA,108,senate,24,1155
COLUMBIA,109,house,127,1861
COLUMBIA,109,senate,24,1861
COLUMBIA,110,house,127,574
COLUMBIA,110,senate,24,574
COLUMBIA,115,house,127,843
COLUMBIA,115,senate,24,843
COLUMBIA,120,house,131,1116
COLUMBIA,120,senate,24,1116
COLUMBIA,125,house,127,1072
COLUMBIA,125,senate,24,1072
COLUMBIA,130,house,131,1379
COLUMBIA,130,senate,24,1379
COLUMBIA,131,house,131,1889
COLUMBIA,131,senate,24,1889
COLUMBIA,132,house,131,1490
COLUMBIA,132,senate,24,1490
COLUMBIA,134,house,131,1331
COLUMBIA,134,senate,24,1331
COLUMBIA,135,house,127,1369
COLUMBIA,135,senate,24,1369
COLUMBIA,136,house,131,2346
COLUMBIA,136,senate,24,2346
COLUMBIA,137,house,131,1438
COLUMBIA,137,senate,24,1438
COLUMBIA,STEVENS CREEK CHURCH,house,127,1
COLUMBIA,STEVENS CREEK CHURCH,senate,24,1
COLUMBIA,THE FORMER EUCHEE CREEK LIBRARY,house,125,1
COLUMBIA,THE FORMER EUCHEE CREEK LIBRARY,senate,23,1
COOK,C,house,172,913
COOK,C,senate,11,913
COOK,DB,house,170,1394
COOK,DB,senate,11,1394
COOK,EP,house,172,137
COOK,EP,senate,11,137
COOK,L,house,170,536
COOK,L,senate,11,536
COOK,M,house,170,562
COOK,M,senate,11,562
COOK,NL,house,172,718
COOK,NL,senate,11,718
COOK,RB,house,172,817
COOK,RB,senate,11,817
COOK,S,house,172,309
COOK,S,senate,11,309
COOK,SPARKS,house,172,1
COOK,SPARKS,senate,11,1
COWETA,01,house,136,4526
COWETA,01,senate,6,4526
COWETA,02,house,136,1797
COWETA,02,senate,6,1797
COWETA,03,house,136,1371
COWETA,03,senate,6,1371
COWETA,04,house,70,347
COWETA,04,senate,6,347
COWETA,05,house,70,1513
COWETA,05,senate,6,1513
COWETA,06,house,136,34
COWETA,06,house,73,3200
COWETA,06,senate,6,3234
COWETA,09,house,136,1149
COWETA,09,senate,6,1149
COWETA,10,house,136,1334
COWETA,10,senate,6,1334
COWETA,11,house,70,1592
COWETA,11,senate,6,1592
COWETA,12,house,70,1423
COWETA,12,senate,6,1423
COWETA,13,house,70,1929
COWETA,13,senate,6,1929
COWETA,14,house,136,3829
COWETA,14,senate,6,3829
COWETA,15,house,70,1208
COWETA,15,senate,6,1208
COWETA,17,house,70,2073
COWETA,17,senate,6,2073
COWETA,18,house,70,4433
COWETA,18,house,73,9489
COWETA,18,senate,6,13922
COWETA,19,house,70,1600
COWETA,19,senate,6,1600
COWETA,20,house,70,1038
COWETA,20,senate,6,1038
COWETA,21,house,73,3027
COWETA,21,senate,6,3027
COWETA,22,house,65,7685
COWETA,22,senate,6,7685
COWETA,23,house,67,5357
COWETA,23,senate,6,5357
COWETA,24,house,70,345
COWETA,24,senate,6,345
COWETA,25,house,70,1337
COWETA,25,senate,6,1337
COWETA,26,house,67,3399
COWETA,26,senate,6,3399
COWETA,27,house,73,1498
COWETA,27,senate,6,1498
CRAWFORD,1,house,134,973
CRAWFORD,1,senate,18,973
CRAWFORD,2,house,134,1078
CRAWFORD,2,senate,18,1078
CRAWFORD,3,house,134,895
CRAWFORD,3,senate,18,895
CRAWFORD,4,house,134,890
CRAWFORD,4,senate,18,890
CRAWFORD,5,house,134,767
CRAWFORD,5,senate,18,767
CRAWFORD,DISTRICT 1,house,134,1
CRAWFORD,DISTRICT 1,senate,18,1
CRAWFORD,DISTRICT 2,house,134,2
CRAWFORD,DISTRICT 2,senate,18,2
CRAWFORD,DISTRICT 3,house,134,3
CRAWFORD,DISTRICT 3,senate,18,3
CRAWFORD,DISTRICT 5,house,134,1
CRAWFORD,DISTRICT 5,senate,18,1
CRISP,ARABI,house,148,328
CRISP,ARABI,senate,13,328
CRISP,CONEY,house,148,616
CRISP,CONEY,senate,13,616
CRISP,CORDE,house,148,4000
CRISP,CORDE,senate,13,4000
CRISP,JAMES,house,148,791
CRISP,JAMES,senate,13,791
CRISP,LISTO,house,148,454
CRISP,LISTO,senate,13,454
DADE,1038,house,1,462
DADE,1038,senate,53,462
DADE,1214,house,1,705
DADE,1214,senate,53,705
DADE,1222,house,1,996
DADE,1222,senate,53,996
DADE,1885,house,1,317
DADE,1885,senate,53,317
DADE,1889,house,1,590
DADE,1889,senate,53,590
DADE,960,house,1,1588
DADE,960,senate,53,1588
DADE,974,house,1,932
DADE,974,senate,53,932
DAWSON,01,house,7,2109
DAWSON,01,house,9,2422
DAWSON,01,senate,51,4531
DAWSON,02,house,9,3845
DAWSON,02,senate,51,3845
DAWSON,03,house,9,4512
DAWSON,03,senate,51,4512
DAWSON,04,house,9,3878
DAWSON,04,senate,51,3878
DECATUR,1277,house,171,305
DECATUR,1277,senate,11,305
DECATUR,1325,house,171,346
DECATUR,1325,senate,11,346
DECATUR,1342,house,171,263
DECATUR,1342,senate,11,263
DECATUR,1361,house,171,500
DECATUR,1361,senate,11,500
DECATUR,1613,house,171,401
DECATUR,1613,senate,11,401
DECATUR,1805,house,171,1121
DECATUR,1805,senate,11,1121
DECATUR,513,house,171,1048
DECATUR,513,senate,11,1048
DECATUR,514,house,171,1478
DECATUR,514,senate,11,1478
DECATUR,694,house,171,769
DECATUR,694,senate,11,769
DECATUR,914,house,171,2164
DECATUR,914,senate,11,2164
DEKALB,01E,house,62,1
DEKALB,01E,senate,36,1
DEKALB,01G,house,62,1
DEKALB,01G,senate,36,1
DEKALB,01P,house,63,2
DEKALB,01P,senate,36,2
DEKALB,01T,house,63,1
DEKALB,01T,senate,36,1
DEKALB,02J,house,57,1
DEKALB,02J,senate,36,1
DEKALB,02L2,house,56,1
DEKALB,02L2,senate,39,1
DEKALB,02W,house,56,1
DEKALB,02W,senate,39,1
DEKALB,03N,house,56,1
DEKALB,03N,senate,39,1
DEKALB,06I,house,57,1
DEKALB,06I,senate,39,1
DEKALB,10M,house,56,1
DEKALB,10M,senate,39,1
DEKALB,11C2,house,61,1
DEKALB,11C2,senate,35,1
DEKALB,11P,house,59,1
DEKALB,11P,senate,38,1
DEKALB,12H2,house,63,1
DEKALB,12H2,senate,36,1
DEKALB,12J,house,63,1
DEKALB,12J,senate,36,1
DEKALB,3A,house,122,1
DEKALB,3A,senate,46,1
DEKALB,3B,house,122,1
DEKALB,3B,senate,46,1
DEKALB,AA,house,86,1374
DEKALB,AA,senate,41,1374
DEKALB,AB,house,83,1639
DEKALB,AB,senate,40,1639
DEKALB,AD,house,80,1893
DEKALB,AD,senate,40,1893
DEKALB,AE,house,85,2217
DEKALB,AE,senate,10,2217
DEKALB,AF,house,84,920
DEKALB,AF,senate,41,920
DEKALB,AG,house,52,2108
DEKALB,AG,senate,40,2108
DEKALB,AH,house,52,2147
DEKALB,AH,senate,40,2147
DEKALB,AI,house,84,2137
DEKALB,AI,senate,10,1262
DEKALB,AI,senate,44,875
DEKALB,BB,house,89,3281
DEKALB,BB,senate,44,3281
DEKALB,BC,house,101,1769
DEKALB,BC,senate,41,1769
DEKALB,BD,house,101,1142
DEKALB,BD,senate,41,1142
DEKALB,BE,house,83,1624
DEKALB,BE,senate,41,1624
DEKALB,BETHUNE MIDDLE,house,84,1
DEKALB,BETHUNE MIDDLE,senate,41,1
DEKALB,BF,house,87,1528
DEKALB,BF,senate,55,1528
DEKALB,BG,house,101,1834
DEKALB,BG,senate,41,1834
DEKALB,BH,house,87,1491
DEKALB,BH,senate,41,1491
DEKALB,BI,house,83,2053
DEKALB,BI,senate,40,2053
DEKALB,BJ,house,115,2187
DEKALB,BJ,senate,10,2187
DEKALB,BL,house,116,418
DEKALB,BL,house,90,697
DEKALB,BL,senate,44,1115
DEKALB,BM,house,84,2172
DEKALB,BM,senate,41,2172
DEKALB,BOULEVARD (ATL),house,89,1
DEKALB,BOULEVARD (ATL),senate,44,1
DEKALB,BR,house,90,2187
DEKALB,BR,senate,44,2187
DEKALB,CA,house,84,901
DEKALB,CA,senate,10,901
DEKALB,CB,house,84,864
DEKALB,CB,senate,10,864
DEKALB,CC,house,89,393
DEKALB,CC,senate,10,393
DEKALB,CD,house,116,2030
DEKALB,CD,senate,44,2030
DEKALB,CE,house,83,1636
DEKALB,CE,senate,40,1636
DEKALB,CF,house,91,2065
DEKALB,CF,senate,10,2065
DEKALB,CG,house,115,1723
DEKALB,CG,senate,10,1723
DEKALB,CH,house,80,1199
DEKALB,CH,senate,40,1199
DEKALB,CI,house,84,2423
DEKALB,CI,senate,44,2423
DEKALB,CJ,house,86,2022
DEKALB,CJ,senate,10,2022
DEKALB,CK,house,86,1304
DEKALB,CK,senate,41,1304
DEKALB,CL,house,90,865
DEKALB,CL,senate,44,865
DEKALB,CLAIRMONT ROAD,house,86,1
DEKALB,CLAIRMONT ROAD,senate,10,1
DEKALB,CM,house,89,841
DEKALB,CM,senate,10,841
DEKALB,CN,house,90,2567
DEKALB,CN,senate,44,2567
DEKALB,CO,house,83,1448
DEKALB,CO,senate,41,1448
DEKALB,COAN RECREATION CENTER (ATL),house,90,1
DEKALB,COAN RECREATION CENTER (ATL),senate,44,1
DEKALB,CP,house,86,1424
DEKALB,CP,senate,41,1424
DEKALB,CQ,house,89,1548
DEKALB,CQ,senate,10,1548
DEKALB,CR,house,90,755
DEKALB,CR,senate,44,755
DEKALB,CS,house,116,2186
DEKALB,CS,senate,44,2186
DEKALB,CT,house,85,99
DEKALB,CT,senate,41,99
DEKALB,CU,house,85,1183
DEKALB,CU,senate,10,1183
DEKALB,CV,house,84,2344
DEKALB,CV,senate,44,2344
DEKALB,CW,house,86,2399
DEKALB,CW,senate,10,2399
DEKALB,CX,house,90,3300
DEKALB,CX,senate,44,3300
DEKALB,CY,house,85,1070
DEKALB,CY,senate,41,1070
DEKALB,CZ,house,83,2172
DEKALB,CZ,senate,40,2172
DEKALB,DA,house,80,1336
DEKALB,DA,senate,40,1336
DEKALB,DB,house,80,585
DEKALB,DB,senate,40,585
DEKALB,DC,house,101,929
DEKALB,DC,house,83,1434
DEKALB,DC,senate,40,2363
DEKALB,DD,house,89,1421
DEKALB,DD,senate,44,1421
DEKALB,DE,house,85,1056
DEKALB,DE,senate,41,1056
DEKALB,DECATUR (DEC),house,89,1
DEKALB,DECATUR (DEC),senate,44,1
DEKALB,DF,house,52,1965
DEKALB,DF,senate,40,1965
DEKALB,DG,house,80,1540
DEKALB,DG,senate,40,1540
DEKALB,DH,house,84,998
DEKALB,DH,house,89,883
DEKALB,DH,senate,44,1881
DEKALB,DI,house,80,2014
DEKALB,DI,senate,40,2014
DEKALB,DUNAIRE ELEM,house,85,1
DEKALB,DUNAIRE ELEM,senate,41,1
DEKALB,EA,house,89,2646
DEKALB,EA,house,90,2
DEKALB,EA,senate,44,2648
DEKALB,EC,house,101,434
DEKALB,EC,house,87,622
DEKALB,EC,senate,40,1056
DEKALB,EF,house,101,524
DEKALB,EF,house,87,1397
DEKALB,EF,senate,40,1921
DEKALB,EG,house,90,1996
DEKALB,EG,senate,44,1996
DEKALB,EMBRY HILLS,house,101,1
DEKALB,EMBRY HILLS,senate,40,1
DEKALB,EP03C,house,62,1
DEKALB,EP03C,senate,39,1
DEKALB,ER,house,86,5
DEKALB,ER,house,89,1572
DEKALB,ER,senate,44,1577
DEKALB,FA,house,91,1837
DEKALB,FA,senate,41,1837
DEKALB,FB,house,89,1571
DEKALB,FB,senate,44,1571
DEKALB,FC,house,90,942
DEKALB,FC,senate,44,942
DEKALB,FE,house,115,1896
DEKALB,FE,senate,10,1896
DEKALB,FG,house,91,1777
DEKALB,FG,senate,10,1777
DEKALB,FJ,house,90,931
DEKALB,FJ,senate,44,931
DEKALB,FK,house,115,1041
DEKALB,FK,senate,10,1041
DEKALB,FL,house,116,1041
DEKALB,FL,senate,10,1041
DEKALB,FM,house,87,1321
DEKALB,FM,senate,41,1321
DEKALB,GA,house,84,1975
DEKALB,GA,senate,44,1975
DEKALB,GB,house,85,769
DEKALB,GB,senate,41,769
DEKALB,GC,house,90,1761
DEKALB,GC,senate,44,1761
DEKALB,GD,house,52,2357
DEKALB,GD,senate,40,2357
DEKALB,GF,house,85,885
DEKALB,GF,senate,41,885
DEKALB,HA,house,87,1672
DEKALB,HA,senate,41,1672
DEKALB,HB,house,101,1930
DEKALB,HB,senate,40,1930
DEKALB,HC,house,101,1833
DEKALB,HC,senate,40,1833
DEKALB,HF,house,80,1690
DEKALB,HF,senate,40,1690
DEKALB,HG,house,88,1141
DEKALB,HG,senate,55,1141
DEKALB,HH,house,116,2198
DEKALB,HH,senate,10,2198
DEKALB,HI,house,101,802
DEKALB,HI,senate,41,802
DEKALB,IA,house,87,1248
DEKALB,IA,senate,41,1248
DEKALB,IB,house,85,924
DEKALB,IB,senate,41,924
DEKALB,IDLEWOOD ELEM (TUC),house,87,1
DEKALB,IDLEWOOD ELEM (TUC),senate,41,1
DEKALB,JA,house,90,1198
DEKALB,JA,senate,44,1198
DEKALB,JB,house,86,1492
DEKALB,JB,senate,41,1492
DEKALB,JC06,house,50,1
DEKALB,JC06,senate,48,1
DEKALB,KA,house,89,1237
DEKALB,KA,senate,44,1237
DEKALB,KB,house,80,1758
DEKALB,KB,senate,40,1758
DEKALB,KC,house,115,695
DEKALB,KC,senate,10,695
DEKALB,KE,house,84,1055
DEKALB,KE,senate,10,1055
DEKALB,KG,house,52,1654
DEKALB,KG,senate,40,1654
DEKALB,LA,house,101,1990
DEKALB,LA,senate,41,1990
DEKALB,LB,house,86,1375
DEKALB,LB,senate,10,1192
DEKALB,LB,senate,44,183
DEKALB,LC,house,101,1585
DEKALB,LC,senate,41,1585
DEKALB,LD,house,93,527
DEKALB,LD,senate,43,527
DEKALB,LE,house,89,2
DEKALB,LE,house,90,2132
DEKALB,LE,senate,44,2134
DEKALB,LH,house,94,1422
DEKALB,LH,senate,55,1422
DEKALB,LV,house,87,846
DEKALB,LV,senate,55,846
DEKALB,MA,house,87,1566
DEKALB,MA,senate,41,1566
DEKALB,MB,house,90,2300
DEKALB,MB,senate,44,2300
DEKALB,MC,house,93,1758
DEKALB,MC,senate,55,1758
DEKALB,MCNAIR HIGH,house,90,1
DEKALB,MCNAIR HIGH,senate,44,1
DEKALB,MD,house,89,1429
DEKALB,MD,senate,44,1429
DEKALB,ME,house,85,1908
DEKALB,ME,senate,10,1908
DEKALB,MF,house,91,1403
DEKALB,MF,senate,41,1403
DEKALB,MG,house,85,1582
DEKALB,MG,senate,10,1582
DEKALB,MH,house,87,1877
DEKALB,MH,senate,55,1877
DEKALB,MI,house,84,1903
DEKALB,MI,senate,41,1903
DEKALB,MIDVALE ELEM,house,87,1
DEKALB,MIDVALE ELEM,senate,55,1
DEKALB,MJ,house,83,743
DEKALB,MJ,senate,41,743
DEKALB,MK,house,85,2
DEKALB,MK,house,86,1434
DEKALB,MK,senate,41,1436
DEKALB,ML,house,90,1625
DEKALB,ML,senate,44,1625
DEKALB,MN,house,86,975
DEKALB,MN,senate,41,975
DEKALB,MO,house,84,1297
DEKALB,MO,senate,10,1297
DEKALB,MP,house,89,987
DEKALB,MP,senate,44,987
DEKALB,MQ,house,80,1966
DEKALB,MQ,senate,40,1966
DEKALB,MR,house,89,1545
DEKALB,MR,senate,10,1545
DEKALB,MS,house,80,1746
DEKALB,MS,senate,40,1746
DEKALB,MT,house,90,2115
DEKALB,MT,senate,44,2115
DEKALB,MU,house,52,1700
DEKALB,MU,senate,40,1700
DEKALB,MV,house,115,6
DEKALB,MV,house,91,1144
DEKALB,MV,senate,10,1150
DEKALB,MW,house,87,872
DEKALB,MW,senate,40,872
DEKALB,MZ,house,93,1277
DEKALB,MZ,senate,55,1277
DEKALB,NB,house,85,1025
DEKALB,NB,senate,10,1025
DEKALB,NC,house,87,1068
DEKALB,NC,senate,55,1068
DEKALB,ND,house,86,927
DEKALB,ND,senate,41,927
DEKALB,NF,house,80,825
DEKALB,NF,senate,40,825
DEKALB,OA,house,101,1482
DEKALB,OA,senate,41,1482
DEKALB,OB,house,80,653
DEKALB,OB,senate,40,653
DEKALB,OK,house,89,1899
DEKALB,OK,senate,44,1899
DEKALB,OV,house,116,2196
DEKALB,OV,senate,10,2196
DEKALB,PA,house,84,940
DEKALB,PA,senate,10,940
DEKALB,PB,house,80,1945
DEKALB,PB,senate,40,1945
DEKALB,PC,house,94,1162
DEKALB,PC,senate,55,1162
DEKALB,PE,house,87,192
DEKALB,PE,senate,41,192
DEKALB,PF,house,101,1462
DEKALB,PF,senate,40,1462
DEKALB,PG,house,89,2375
DEKALB,PG,senate,44,2375
DEKALB,PH,house,88,799
DEKALB,PH,senate,41,799
DEKALB,PI,house,85,838
DEKALB,PI,senate,41,838
DEKALB,PN,house,90,1038
DEKALB,PN,senate,44,1038
DEKALB,PONCE DE LEON (DEC),house,89,2
DEKALB,PONCE DE LEON (DEC),senate,44,2
DEKALB,PR,house,93,1535
DEKALB,PR,senate,55,1535
DEKALB,RA,house,89,1838
DEKALB,RA,senate,10,1838
DEKALB,RAINBOW ELEM,house,89,1
DEKALB,RAINBOW ELEM,senate,10,1
DEKALB,RC,house,88,1538
DEKALB,RC,senate,55,1538
DEKALB,RD,house,85,695
DEKALB,RD,house,86,517
DEKALB,RD,senate,41,1212
DEKALB,RE,house,87,1164
DEKALB,RE,senate,41,1152
DEKALB,RE,senate,55,12
DEKALB,RF,house,95,1455
DEKALB,RF,senate,55,1455
DEKALB,RG,house,85,1454
DEKALB,RG,senate,41,1454
DEKALB,RH,house,94,1934
DEKALB,RH,senate,55,1934
DEKALB,RI,house,94,1631
DEKALB,RI,house,95,743
DEKALB,RI,senate,55,2374
DEKALB,RJ,house,86,951
DEKALB,RJ,senate,41,951
DEKALB,RK,house,88,1310
DEKALB,RK,senate,55,1310
DEKALB,RL,house,95,2571
DEKALB,RL,senate,43,2571
DEKALB,RM,house,85,592
DEKALB,RM,house,88,707
DEKALB,RM,senate,41,1299
DEKALB,ROCK CHAPEL ROAD,house,95,1
DEKALB,ROCK CHAPEL ROAD,senate,43,1
DEKALB,ROCKBRIDGE ROAD,house,94,1
DEKALB,ROCKBRIDGE ROAD,senate,55,1
DEKALB,SA,house,101,2134
DEKALB,SA,senate,41,2134
DEKALB,SB,house,84,1644
DEKALB,SB,senate,10,1644
DEKALB,SC,house,85,1630
DEKALB,SC,senate,10,1630
DEKALB,SD,house,88,1329
DEKALB,SD,senate,55,1329
DEKALB,SE,house,83,3086
DEKALB,SE,senate,40,3086
DEKALB,SF,house,83,1381
DEKALB,SF,senate,40,1381
DEKALB,SG,house,84,944
DEKALB,SG,senate,10,944
DEKALB,SH,house,88,1414
DEKALB,SH,senate,55,1414
DEKALB,SI,house,87,316
DEKALB,SI,house,88,614
DEKALB,SI,senate,55,930
DEKALB,SJ,house,87,286
DEKALB,SJ,house,88,654
DEKALB,SJ,senate,55,940
DEKALB,SK,house,88,2476
DEKALB,SK,senate,55,2476
DEKALB,SL,house,93,771
DEKALB,SL,senate,43,771
DEKALB,SM,house,115,2361
DEKALB,SM,senate,10,2361
DEKALB,SN,house,86,1023
DEKALB,SN,senate,10,1023
DEKALB,SN1A,house,42,1
DEKALB,SN1A,senate,35,1
DEKALB,SO,house,95,1702
DEKALB,SO,senate,55,1702
DEKALB,SP,house,87,401
DEKALB,SP,house,88,762
DEKALB,SP,senate,55,1163
DEKALB,SQ,house,88,696
DEKALB,SQ,senate,55,696
DEKALB,SR,house,84,1057
DEKALB,SR,senate,10,1057
DEKALB,SS,house,91,1065
DEKALB,SS,senate,10,1065
DEKALB,SS08C,house,52,1
DEKALB,SS08C,senate,14,1
DEKALB,SS08D,house,52,1
DEKALB,SS08D,senate,14,1
DEKALB,SS11A,house,54,1
DEKALB,SS11A,senate,14,1
DEKALB,ST,house,94,1963
DEKALB,ST,senate,55,1963
DEKALB,SU,house,87,1440
DEKALB,SU,senate,41,1440
DEKALB,SV,house,88,1899
DEKALB,SV,senate,55,1899
DEKALB,SW,house,91,2289
DEKALB,SW,senate,43,2289
DEKALB,SY,house,115,3279
DEKALB,SY,senate,10,3279
DEKALB,TA,house,90,1441
DEKALB,TA,senate,44,1441
DEKALB,TC,house,89,737
DEKALB,TC,senate,10,737
DEKALB,TF,house,87,61
DEKALB,TF,house,88,2403
DEKALB,TF,senate,55,2464
DEKALB,TG,house,80,1058
DEKALB,TG,senate,40,1058
DEKALB,TH,house,87,1399
DEKALB,TH,house,88,465
DEKALB,TH,senate,55,1864
DEKALB,VB,house,85,513
DEKALB,VB,senate,10,513
DEKALB,WA,house,89,1328
DEKALB,WA,senate,10,1328
DEKALB,WB,house,115,1778
DEKALB,WB,senate,10,1778
DEKALB,WD,house,91,1429
DEKALB,WD,senate,55,1429
DEKALB,WF,house,84,1653
DEKALB,WF,senate,44,1653
DEKALB,WG,house,86,1656
DEKALB,WG,senate,41,1656
DEKALB,WI,house,101,544
DEKALB,WI,senate,40,544
DEKALB,WJ,house,101,189
DEKALB,WJ,house,83,1420
DEKALB,WJ,senate,41,1609
DEKALB,WK,house,86,1077
DEKALB,WK,senate,41,1077
DEKALB,WL,house,80,871
DEKALB,WL,senate,40,871
DEKALB,WN,house,94,1945
DEKALB,WN,senate,55,1945
DEKALB,YA,house,85,1069
DEKALB,YA,senate,41,1069
DODGE,0015,house,133,20
DODGE,0015,senate,20,20
DODGE,CHAUN,house,133,164
DODGE,CHAUN,senate,20,164
DODGE,CLARK,house,133,39
DODGE,CLARK,senate,20,39
DODGE,EDDIN,house,133,523
DODGE,EDDIN,senate,20,523
DODGE,EMPIR,house,133,198
DODGE,EMPIR,senate,20,198
DODGE,JAYBI,house,133,75
DODGE,JAYBI,senate,20,75
DODGE,JONES,house,133,213
DODGE,JONES,senate,20,213
DODGE,LEE,house,133,2431
DODGE,LEE,senate,20,2431
DODGE,MCCRA,house,133,145
DODGE,MCCRA,senate,20,145
DODGE,MILAN,house,133,123
DODGE,MILAN,senate,20,123
DODGE,MITCH,house,133,175
DODGE,MITCH,senate,20,175
DODGE,MULLI,house,133,170
DODGE,MULLI,senate,20,170
DODGE,PLAIN,house,133,224
DODGE,PLAIN,senate,20,224
DODGE,PONDT,house,133,300
DODGE,PONDT,senate,20,300
DODGE,RAWLI,house,133,421
DODGE,RAWLI,senate,20,421
DODGE,VILUL,house,133,70
DODGE,VILUL,senate,20,70
DODGE,YONKE,house,133,80
DODGE,YONKE,senate,20,80
DOOLY,10,house,150,280
DOOLY,10,senate,20,280
DOOLY,2,house,150,232
DOOLY,2,senate,20,232
DOOLY,5,house,150,614
DOOLY,5,senate,20,614
DOOLY,7,house,150,1445
DOOLY,7,senate,20,1445
DOOLY,8,house,150,230
DOOLY,8,senate,20,230
DOUGHERTY,01,house,153,1119
DOUGHERTY,01,senate,12,1119
DOUGHERTY,02,house,153,736
DOUGHERTY,02,senate,12,736
DOUGHERTY,03,house,151,5
DOUGHERTY,03,house,153,2110
DOUGHERTY,03,senate,12,2115
DOUGHERTY,04,house,153,2618
DOUGHERTY,04,senate,12,2618
DOUGHERTY,05,house,153,1007
DOUGHERTY,05,senate,12,1007
DOUGHERTY,06,house,151,1280
DOUGHERTY,06,house,153,449
DOUGHERTY,06,senate,12,1729
DOUGHERTY,07,house,154,1141
DOUGHERTY,07,senate,12,1141
DOUGHERTY,08,house,154,525
DOUGHERTY,08,senate,12,525
DOUGHERTY,09,house,153,192
DOUGHERTY,09,house,154,788
DOUGHERTY,09,senate,12,980
DOUGHERTY,10,house,154,288
DOUGHERTY,10,senate,12,288
DOUGHERTY,11,house,153,321
DOUGHERTY,11,house,154,11
DOUGHERTY,11,senate,12,332
DOUGHERTY,12,house,153,359
DOUGHERTY,12,senate,12,359
DOUGHERTY,13,house,154,339
DOUGHERTY,13,senate,12,339
DOUGHERTY,14,house,153,1458
DOUGHERTY,14,senate,12,1458
DOUGHERTY,15,house,153,894
DOUGHERTY,15,senate,12,894
DOUGHERTY,16,house,153,604
DOUGHERTY,16,senate,12,604
DOUGHERTY,17,house,153,614
DOUGHERTY,17,senate,12,614
DOUGHERTY,18,house,152,260
DOUGHERTY,18,senate,12,260
DOUGHERTY,19,house,152,849
DOUGHERTY,19,senate,12,849
DOUGHERTY,20,house,152,506
DOUGHERTY,20,senate,12,506
DOUGHERTY,22,house,153,755
DOUGHERTY,22,senate,12,755
DOUGHERTY,23,house,153,476
DOUGHERTY,23,senate,12,476
DOUGHERTY,24,house,151,1036
DOUGHERTY,24,senate,12,1036
DOUGHERTY,25,house,154,408
DOUGHERTY,25,senate,12,408
DOUGHERTY,26,house,153,186
DOUGHERTY,26,senate,12,186
DOUGHERTY,GREENBRIAR CHURCH,house,153,1
DOUGHERTY,GREENBRIAR CHURCH,senate,12,1
DOUGLAS,1258,house,40,3551
DOUGLAS,1258,senate,30,3551
DOUGLAS,1259,house,40,919
DOUGLAS,1259,senate,30,919
DOUGLAS,1260,house,40,3855
DOUGLAS,1260,senate,30,3855
DOUGLAS,1270,house,66,1407
DOUGLAS,1270,senate,28,1407
DOUGLAS,1271,house,40,2499
DOUGLAS,1271,senate,30,2499
DOUGLAS,1272,house,64,3335
DOUGLAS,1272,senate,30,3335
DOUGLAS,1273,house,66,1934
DOUGLAS,1273,senate,28,1934
DOUGLAS,1274,house,66,942
DOUGLAS,1274,senate,28,942
DOUGLAS,1275,house,64,3545
DOUGLAS,1275,senate,28,3545
DOUGLAS,1276,house,66,1470
DOUGLAS,1276,senate,28,1470
DOUGLAS,729,house,66,2688
DOUGLAS,729,senate,30,2688
DOUGLAS,730,house,66,2581
DOUGLAS,730,senate,28,2581
DOUGLAS,731,house,66,1768
DOUGLAS,731,senate,28,1768
DOUGLAS,732,house,66,1474
DOUGLAS,732,senate,30,1474
DOUGLAS,733,house,66,1359
DOUGLAS,733,senate,28,1359
DOUGLAS,734,house,64,1324
DOUGLAS,734,senate,30,1324
DOUGLAS,735,house,64,1834
DOUGLAS,735,senate,28,3
DOUGLAS,735,senate,30,1831
DOUGLAS,736N,house,64,2282
DOUGLAS,736N,senate,28,2282
DOUGLAS,736S,house,64,3781
DOUGLAS,736S,senate,28,3781
DOUGLAS,737,house,66,2257
DOUGLAS,737,senate,28,2257
DOUGLAS,738,house,64,1088
DOUGLAS,738,house,66,7
DOUGLAS,738,senate,28,7
DOUGLAS,738,senate,30,1088
DOUGLAS,739,house,64,2536
DOUGLAS,739,senate,28,2536
DOUGLAS,740,house,66,1538
DOUGLAS,740,senate,28,1538
DOUGLAS,784,house,64,3099
DOUGLAS,784,senate,28,3099
DOUGLAS,785,house,64,2491
DOUGLAS,785,senate,28,2491
DOUGLAS,BEULAH BAPTIST CHURCH,house,66,1
DOUGLAS,BEULAH BAPTIST CHURCH,senate,28,1
DOUGLAS,BRIGHT STAR,house,64,2
DOUGLAS,BRIGHT STAR,senate,30,2
DOUGLAS,CHAPEL HILL,house,64,4
DOUGLAS,CHAPEL HILL,senate,28,4
DOUGLAS,LITHIA SPRINGS HIGH SCHOOL,house,64,5
DOUGLAS,LITHIA SPRINGS HIGH SCHOOL,senate,28,5
DOUGLAS,LUTHERAN CHURCH - GS,house,64,1
DOUGLAS,LUTHERAN CHURCH - GS,senate,28,1
DOUGLAS,ST THERESA'S CATHOLIC CHURCH,house,66,1
DOUGLAS,ST THERESA'S CATHOLIC CHURCH,senate,28,1
DOUGLAS,TURNER,house,66,3
DOUGLAS,TURNER,senate,28,3
EARLY,A,house,154,354
EARLY,A,senate,12,354
EARLY,B,house,154,1420
EARLY,B,senate,12,1420
EARLY,CS,house,154,506
EARLY,CS,senate,12,506
EARLY,CUBA,house,154,594
EARLY,CUBA,senate,12,594
EARLY,U,house,154,400
EARLY,U,senate,12,400
ECHOLS,1058,house,174,1150
ECHOLS,1058,senate,8,1150
EFFINGHAM,1A,house,159,1414
EFFINGHAM,1A,senate,4,1414
EFFINGHAM,1B,house,159,1362
EFFINGHAM,1B,senate,4,1362
EFFINGHAM,1C,house,159,643
EFFINGHAM,1C,senate,4,643
EFFINGHAM,1D,house,161,744
EFFINGHAM,1D,senate,4,744
EFFINGHAM,2A,house,161,1116
EFFINGHAM,2A,senate,4,1116
EFFINGHAM,2B,house,161,821
EFFINGHAM,2B,senate,4,821
EFFINGHAM,2C,house,161,1343
EFFINGHAM,2C,senate,4,1343
EFFINGHAM,2D,house,161,1768
EFFINGHAM,2D,senate,4,1768
EFFINGHAM,3A,house,159,663
EFFINGHAM,3A,senate,4,663
EFFINGHAM,3B,house,159,1251
EFFINGHAM,3B,senate,4,1251
EFFINGHAM,3C,house,159,768
EFFINGHAM,3C,senate,4,768
EFFINGHAM,3D,house,159,1764
EFFINGHAM,3D,senate,4,1764
EFFINGHAM,3E,house,159,786
EFFINGHAM,3E,senate,4,786
EFFINGHAM,4A,house,159,2166
EFFINGHAM,4A,senate,4,2166
EFFINGHAM,4B,house,161,1196
EFFINGHAM,4B,senate,4,1196
EFFINGHAM,4C,house,159,1319
EFFINGHAM,4C,senate,4,1319
EFFINGHAM,5A,house,159,576
EFFINGHAM,5A,house,161,1303
EFFINGHAM,5A,senate,4,1879
EFFINGHAM,5B,house,161,1039
EFFINGHAM,5B,senate,4,1039
EFFINGHAM,5C,house,161,1246
EFFINGHAM,5C,senate,4,1246
EFFINGHAM,5D,house,161,973
EFFINGHAM,5D,senate,4,973
ELBERT,189,house,123,2098
ELBERT,189,senate,24,2098
ELBERT,190,house,123,382
ELBERT,190,senate,24,382
ELBERT,191,house,123,412
ELBERT,191,senate,24,412
ELBERT,192,house,123,194
ELBERT,192,senate,24,194
ELBERT,193,house,123,674
ELBERT,193,senate,24,674
ELBERT,196,house,123,270
ELBERT,196,senate,24,270
ELBERT,197,house,123,829
ELBERT,197,senate,24,829
ELBERT,199,house,123,265
ELBERT,199,senate,24,265
ELBERT,201,house,123,771
ELBERT,201,senate,24,771
ELBERT,202,house,123,224
ELBERT,202,senate,24,224
ELBERT,315,house,123,510
ELBERT,315,senate,24,510
EMANUEL,0050,house,158,201
EMANUEL,0050,senate,23,201
EMANUEL,0052,house,158,56
EMANUEL,0052,senate,23,56
EMANUEL,0053,house,158,3227
EMANUEL,0053,senate,23,3227
EMANUEL,0057,house,158,183
EMANUEL,0057,senate,23,183
EMANUEL,0058,house,158,179
EMANUEL,0058,senate,23,179
EMANUEL,1208,house,158,329
EMANUEL,1208,senate,23,329
EMANUEL,1333,house,158,255
EMANUEL,1333,senate,23,255
EMANUEL,1429,house,158,148
EMANUEL,1429,senate,23,148
EMANUEL,1502,house,158,142
EMANUEL,1502,senate,23,142
EMANUEL,1560,house,158,629
EMANUEL,1560,senate,23,629
EMANUEL,1748,house,158,278
EMANUEL,1748,senate,23,278
EMANUEL,STILLMORE,house,158,1
EMANUEL,STILLMORE,senate,23,1
EVANS,011,house,157,1
EVANS,011,senate,4,1
EVANS,11,house,157,3300
EVANS,11,senate,4,3300
EVANS,VETERAN'S COMM CTR,house,157,2
EVANS,VETERAN'S COMM CTR,senate,4,2
FANNIN,COLW,house,7,635
FANNIN,COLW,senate,51,635
FANNIN,COLWELL,house,7,2
FANNIN,COLWELL,senate,51,2
FANNIN,FAIR,house,7,692
FANNIN,FAIR,senate,51,692
FANNIN,FLIN,house,7,1552
FANNIN,FLIN,senate,51,1552
FANNIN,FLINTHILL,house,7,2
FANNIN,FLINTHILL,senate,51,2
FANNIN,HEMP,house,7,773
FANNIN,HEMP,senate,51,773
FANNIN,HOTH,house,7,685
FANNIN,HOTH,senate,51,685
FANNIN,MINE,house,7,1208
FANNIN,MINE,senate,51,1208
FANNIN,MINERAL BLUFF,house,7,1
FANNIN,MINERAL BLUFF,senate,51,1
FANNIN,MOBI,house,7,595
FANNIN,MOBI,senate,51,595
FANNIN,MOBILE,house,7,3
FANNIN,MOBILE,senate,51,3
FANNIN,MORG,house,7,1158
FANNIN,MORG,senate,51,1158
FANNIN,MORGANTON,house,7,2
FANNIN,MORGANTON,senate,51,2
FANNIN,NOON,house,7,534
FANNIN,NOON,senate,51,534
FANNIN,NOONTOOTLA,house,7,1
FANNIN,NOONTOOTLA,senate,51,1
FANNIN,SKEN,house,7,159
FANNIN,SKEN,senate,51,159
FANNIN,SUGC,house,7,1502
FANNIN,SUGC,senate,51,1502
FANNIN,TOCC,house,7,2082
FANNIN,TOCC,senate,51,2082
FANNIN,TOCCOA,house,7,1
FANNIN,TOCCOA,senate,51,1
FAYETTE,01,house,69,1758
FAYETTE,01,senate,34,1758
FAYETTE,02,house,82,1633
FAYETTE,02,senate,16,1633
FAYETTE,03,house,69,2169
FAYETTE,03,senate,34,2169
FAYETTE,04,house,69,1211
FAYETTE,04,senate,34,1211
FAYETTE,05,house,69,1405
FAYETTE,05,senate,34,1405
FAYETTE,06,house,69,1102
FAYETTE,06,senate,34,1102
FAYETTE,07,house,68,1337
FAYETTE,07,senate,34,1337
FAYETTE,08,house,69,1992
FAYETTE,08,senate,34,1992
FAYETTE,09,house,68,2234
FAYETTE,09,senate,16,2234
FAYETTE,10,house,68,3356
FAYETTE,10,senate,16,3356
FAYETTE,11,house,68,1001
FAYETTE,11,senate,16,1001
FAYETTE,12,house,73,921
FAYETTE,12,senate,16,921
FAYETTE,13,house,73,1145
FAYETTE,13,house,82,1375
FAYETTE,13,senate,16,2520
FAYETTE,14,house,73,2606
FAYETTE,14,senate,16,2606
FAYETTE,15,house,82,1668
FAYETTE,15,senate,16,1668
FAYETTE,16,house,68,2451
FAYETTE,16,senate,16,2451
FAYETTE,17,house,73,824
FAYETTE,17,senate,16,824
FAYETTE,18,house,73,4226
FAYETTE,18,senate,16,4226
FAYETTE,19,house,68,451
FAYETTE,19,house,73,740
FAYETTE,19,senate,16,1191
FAYETTE,20,house,73,657
FAYETTE,20,senate,16,657
FAYETTE,21,house,73,1241
FAYETTE,21,senate,16,1241
FAYETTE,22,house,73,328
FAYETTE,22,house,82,934
FAYETTE,22,senate,16,1262
FAYETTE,23,house,69,539
FAYETTE,23,senate,34,539
FAYETTE,24,house,69,898
FAYETTE,24,senate,34,898
FAYETTE,25,house,82,1217
FAYETTE,25,senate,16,1217
FAYETTE,26,house,69,2136
FAYETTE,26,senate,16,2136
FAYETTE,27,house,68,2479
FAYETTE,27,house,73,2
FAYETTE,27,senate,16,2479
FAYETTE,27,senate,6,2
FAYETTE,28,house,117,1
FAYETTE,28,house,69,1397
FAYETTE,28,senate,17,1
FAYETTE,28,senate,34,1397
FAYETTE,29,house,69,1712
FAYETTE,29,senate,34,1712
FAYETTE,30,house,82,2092
FAYETTE,30,senate,16,2092
FAYETTE,31,house,68,2396
FAYETTE,31,senate,16,2396
FAYETTE,32,house,73,1359
FAYETTE,32,senate,16,1359
FAYETTE,33,house,73,1289
FAYETTE,33,senate,16,1289
FAYETTE,34,house,82,2569
FAYETTE,34,senate,16,2569
FAYETTE,35,house,69,2356
FAYETTE,35,senate,16,2356
FAYETTE,36,house,82,1091
FAYETTE,36,senate,16,1091
FAYETTE,SC23A,house,69,1
FAYETTE,SC23A,senate,39,1
FLOYD,001,house,12,648
FLOYD,001,house,13,3089
FLOYD,001,senate,52,3737
FLOYD,010,house,12,1181
FLOYD,010,senate,53,1181
FLOYD,015,house,12,1697
FLOYD,015,senate,52,1697
FLOYD,020,house,12,629
FLOYD,020,senate,52,629
FLOYD,025,house,13,612
FLOYD,025,senate,52,612
FLOYD,030,house,13,2424
FLOYD,030,senate,52,2424
FLOYD,035,house,12,156
FLOYD,035,senate,53,156
FLOYD,040,house,12,997
FLOYD,040,senate,53,997
FLOYD,045,house,12,522
FLOYD,045,senate,52,522
FLOYD,050,house,12,3027
FLOYD,050,house,13,403
FLOYD,050,senate,52,795
FLOYD,050,senate,53,2635
FLOYD,055,house,12,53
FLOYD,055,house,13,2285
FLOYD,055,senate,52,2285
FLOYD,055,senate,53,53
FLOYD,060,house,13,666
FLOYD,060,senate,52,666
FLOYD,080,house,12,1053
FLOYD,080,senate,52,1053
FLOYD,090,house,13,3427
FLOYD,090,senate,52,3427
FLOYD,105,house,13,3205
FLOYD,105,senate,52,3205
FLOYD,110,house,13,929
FLOYD,110,senate,52,929
FLOYD,130,house,5,1912
FLOYD,130,senate,52,1912
FLOYD,135,house,12,1702
FLOYD,135,house,13,704
FLOYD,135,senate,52,2406
FLOYD,140,house,13,1728
FLOYD,140,senate,52,1728
FORSYTH,01,house,24,1498
FORSYTH,01,house,25,4807
FORSYTH,01,senate,27,6305
FORSYTH,01 BIG CREEK,house,24,4
FORSYTH,01 BIG CREEK,house,25,1
FORSYTH,01 BIG CREEK,senate,27,5
FORSYTH,02,house,24,2335
FORSYTH,02,senate,27,2335
FORSYTH,02 BRANDYWINE,house,24,1
FORSYTH,02 BRANDYWINE,senate,27,1
FORSYTH,04,house,28,2280
FORSYTH,04,senate,27,2280
FORSYTH,04 CHESTATEE,house,28,1
FORSYTH,04 CHESTATEE,senate,27,1
FORSYTH,05,house,28,4149
FORSYTH,05,senate,27,4149
FORSYTH,05 COAL MOUNTAIN,house,28,1
FORSYTH,05 COAL MOUNTAIN,senate,27,1
FORSYTH,06,house,28,5170
FORSYTH,06,senate,27,5170
FORSYTH,06 CROSSROADS,house,28,1
FORSYTH,06 CROSSROADS,senate,27,1
FORSYTH,07,house,26,4418
FORSYTH,07,house,28,1903
FORSYTH,07,senate,27,6235
FORSYTH,07,senate,48,86
FORSYTH,07 CUMMING,house,28,1
FORSYTH,07 CUMMING,senate,27,1
FORSYTH,08,house,26,4033
FORSYTH,08,senate,27,4033
FORSYTH,10,house,24,7635
FORSYTH,10,senate,27,7635
FORSYTH,15,house,11,4320
FORSYTH,15,senate,27,4320
FORSYTH,15 HEARDSVILLE,house,11,3
FORSYTH,15 HEARDSVILLE,senate,27,3
FORSYTH,16,house,26,715
FORSYTH,16,house,28,4450
FORSYTH,16,senate,27,5165
FORSYTH,16 OTWELL,house,28,2
FORSYTH,16 OTWELL,senate,27,2
FORSYTH,19,house,25,2135
FORSYTH,19,senate,48,2135
FORSYTH,21,house,25,2011
FORSYTH,21,senate,48,2011
FORSYTH,25,house,100,2000
FORSYTH,25,house,26,3489
FORSYTH,25,senate,48,5489
FORSYTH,25 WINDERMERE,house,100,1
FORSYTH,25 WINDERMERE,senate,48,1
FORSYTH,34,house,24,993
FORSYTH,34,house,26,3437
FORSYTH,34,senate,27,4430
FORSYTH,35,house,25,4795
FORSYTH,35,senate,48,4795
FORSYTH,35 JOHNS CREEK,house,25,2
FORSYTH,35 JOHNS CREEK,senate,48,2
FORSYTH,36,house,100,5048
FORSYTH,36,senate,48,5048
FORSYTH,36 NICHOLS,house,100,1
FORSYTH,36 NICHOLS,senate,48,1
FORSYTH,38,house,25,3869
FORSYTH,38,house,26,1785
FORSYTH,38,senate,27,1952
FORSYTH,38,senate,48,3702
FORSYTH,38 DAVES CREEK,house,26,1
FORSYTH,38 DAVES CREEK,senate,48,1
FORSYTH,39,house,25,3147
FORSYTH,39,senate,48,3147
FORSYTH,39 MATHIS,house,25,1
FORSYTH,39 MATHIS,senate,48,1
FORSYTH,40,house,11,1017
FORSYTH,40,house,24,4209
FORSYTH,40,senate,27,5226
FORSYTH,40 WEST FORSYTH,house,24,1
FORSYTH,40 WEST FORSYTH,senate,27,1
FORSYTH,41,house,24,2492
FORSYTH,41,senate,27,2492
FORSYTH,41 GRASSLAND,house,24,1
FORSYTH,41 GRASSLAND,senate,27,1
FORSYTH,42,house,28,2624
FORSYTH,42,senate,27,2624
FORSYTH,43,house,26,3928
FORSYTH,43,senate,27,3928
FORSYTH,43 LAKELAND,house,26,1
FORSYTH,43 LAKELAND,senate,27,1
FORSYTH,44,house,26,1840
FORSYTH,44,senate,27,1840
FORSYTH,44 LANIER,house,26,1
FORSYTH,44 LANIER,senate,27,1
FORSYTH,45,house,24,2237
FORSYTH,45,house,28,1538
FORSYTH,45,senate,27,3775
FORSYTH,45 MOUNTAINSIDE,house,24,2
FORSYTH,45 MOUNTAINSIDE,senate,27,2
FORSYTH,46,house,24,2915
FORSYTH,46,senate,27,2915
FORSYTH,46 SAWMILL BRANCH,house,24,1
FORSYTH,46 SAWMILL BRANCH,senate,27,1
FORSYTH,47,house,26,1460
FORSYTH,47,senate,27,1460
FORSYTH,49,house,24,2281
FORSYTH,49,senate,27,2281
FORSYTH,49 CHEATAM CREEK,house,24,1
FORSYTH,49 CHEATAM CREEK,senate,27,1
FORSYTH,50,house,26,1639
FORSYTH,50,house,28,2876
FORSYTH,50,senate,27,4515
FORSYTH,51,house,11,4949
FORSYTH,51,senate,27,4949
FORSYTH,51 MATT,house,11,5
FORSYTH,51 MATT,senate,27,5
FRANKLIN,1,house,33,1625
FRANKLIN,1,senate,50,1625
FRANKLIN,2,house,33,1002
FRANKLIN,2,senate,50,1002
FRANKLIN,3,house,33,1673
FRANKLIN,3,senate,50,1673
FRANKLIN,4,house,33,1200
FRANKLIN,4,senate,50,1200
FRANKLIN,5,house,33,647
FRANKLIN,5,senate,50,647
FRANKLIN,6,house,33,1101
FRANKLIN,6,senate,50,1101
FRANKLIN,7,house,33,1422
FRANKLIN,7,senate,50,1422
FULTON,019,house,21,1
FULTON,019,senate,21,1
FULTON,01A,house,62,2548
FULTON,01A,senate,36,2548
FULTON,01B,house,63,3041
FULTON,01B,senate,36,3041
FULTON,01C,house,62,589
FULTON,01C,senate,36,589
FULTON,01D,house,59,688
FULTON,01D,senate,36,688
FULTON,01E,house,62,2449
FULTON,01E,senate,36,2449
FULTON,01F,house,59,331
FULTON,01F,senate,36,331
FULTON,01G,house,62,1371
FULTON,01G,senate,36,1371
FULTON,01H,house,59,323
FULTON,01H,senate,36,323
FULTON,01J,house,62,1191
FULTON,01J,senate,36,1191
FULTON,01P,house,63,413
FULTON,01P,senate,36,413
FULTON,01R,house,63,222
FULTON,01R,senate,36,222
FULTON,01S,house,63,686
FULTON,01S,senate,36,686
FULTON,01T,house,63,810
FULTON,01T,senate,36,810
FULTON,026,house,46,1
FULTON,026,senate,56,1
FULTON,02A,house,57,2090
FULTON,02A,senate,36,2090
FULTON,02A1,house,56,1138
FULTON,02A1,senate,36,1138
FULTON,02B,house,58,1065
FULTON,02B,senate,36,1065
FULTON,02C,house,58,905
FULTON,02C,senate,36,905
FULTON,02D,house,58,3221
FULTON,02D,senate,36,3221
FULTON,02E,house,58,1256
FULTON,02E,senate,36,1256
FULTON,02F1,house,58,1865
FULTON,02F1,senate,36,1865
FULTON,02F2,house,58,390
FULTON,02F2,senate,36,390
FULTON,02G,house,59,2234
FULTON,02G,senate,36,2234
FULTON,02J,house,57,1229
FULTON,02J,senate,36,1229
FULTON,02K,house,57,807
FULTON,02K,senate,36,807
FULTON,02L1,house,57,771
FULTON,02L1,senate,36,771
FULTON,02L1A,house,57,1660
FULTON,02L1A,senate,36,1660
FULTON,02L1B,house,57,1509
FULTON,02L1B,senate,36,1509
FULTON,02L2,house,56,1715
FULTON,02L2,senate,39,1715
FULTON,02S,house,59,437
FULTON,02S,senate,36,437
FULTON,02W,house,56,684
FULTON,02W,senate,39,684
FULTON,039,house,23,1
FULTON,039,senate,21,1
FULTON,03A,house,56,559
FULTON,03A,senate,39,559
FULTON,03B,house,55,151
FULTON,03B,senate,39,151
FULTON,03C,house,55,666
FULTON,03C,senate,38,666
FULTON,03D,house,56,321
FULTON,03D,senate,39,321
FULTON,03E,house,56,717
FULTON,03E,senate,39,717
FULTON,03F,house,56,1000
FULTON,03F,senate,39,1000
FULTON,03G,house,56,237
FULTON,03G,senate,36,237
FULTON,03H,house,55,298
FULTON,03H,senate,38,298
FULTON,03I,house,56,766
FULTON,03I,senate,39,766
FULTON,03L,house,55,125
FULTON,03L,senate,39,125
FULTON,03M,house,55,508
FULTON,03M,senate,38,508
FULTON,03N,house,56,740
FULTON,03N,senate,39,740
FULTON,03P1A,house,56,2242
FULTON,03P1A,senate,39,2242
FULTON,03P2,house,56,49
FULTON,03P2,senate,39,49
FULTON,03S,house,55,309
FULTON,03S,senate,38,309
FULTON,03T,house,56,533
FULTON,03T,senate,36,533
FULTON,04A,house,56,433
FULTON,04A,senate,39,433
FULTON,04B,house,58,770
FULTON,04B,senate,36,770
FULTON,04C,house,56,46
FULTON,04C,senate,39,46
FULTON,04D,house,56,625
FULTON,04D,senate,39,625
FULTON,04F,house,56,1091
FULTON,04F,senate,36,1091
FULTON,04G,house,59,354
FULTON,04G,senate,39,354
FULTON,04I,house,58,601
FULTON,04I,senate,36,601
FULTON,04J,house,56,167
FULTON,04J,senate,36,167
FULTON,04K,house,58,968
FULTON,04K,senate,36,968
FULTON,04L,house,58,724
FULTON,04L,senate,39,724
FULTON,04M,house,58,194
FULTON,04M,senate,39,194
FULTON,04S,house,58,881
FULTON,04S,senate,39,881
FULTON,04T,house,58,535
FULTON,04T,senate,39,535
FULTON,04V,house,59,801
FULTON,04V,senate,36,801
FULTON,04W,house,56,447
FULTON,04W,senate,36,447
FULTON,04X1,house,58,906
FULTON,04X1,senate,39,906
FULTON,04X2,house,58,300
FULTON,04X2,senate,39,300
FULTON,05A1,house,59,2293
FULTON,05A1,senate,36,2293
FULTON,05A2,house,63,2226
FULTON,05A2,senate,36,2226
FULTON,05B,house,59,818
FULTON,05B,senate,36,818
FULTON,05C,house,59,25
FULTON,05C,senate,36,25
FULTON,05D,house,58,144
FULTON,05D,senate,36,144
FULTON,05F,house,58,21
FULTON,05F,senate,36,21
FULTON,05J,house,58,363
FULTON,05J,senate,36,363
FULTON,05K,house,59,923
FULTON,05K,senate,36,923
FULTON,06B,house,58,1112
FULTON,06B,senate,36,1112
FULTON,06D,house,57,1965
FULTON,06D,senate,39,1965
FULTON,06D1,house,57,2507
FULTON,06D1,senate,39,2507
FULTON,06D2,house,57,1744
FULTON,06D2,senate,39,1744
FULTON,06E,house,57,1186
FULTON,06E,senate,39,1186
FULTON,06F,house,58,1789
FULTON,06F,senate,36,1789
FULTON,06G,house,58,311
FULTON,06G,senate,36,311
FULTON,06I,house,57,1632
FULTON,06I,senate,39,1632
FULTON,06J,house,57,1906
FULTON,06J,senate,36,1906
FULTON,06L1,house,57,717
FULTON,06L1,senate,39,717
FULTON,06L2,house,57,519
FULTON,06L2,senate,39,519
FULTON,06N,house,57,1156
FULTON,06N,senate,39,1156
FULTON,06Q,house,57,193
FULTON,06Q,senate,39,193
FULTON,06R,house,57,1193
FULTON,06R,senate,39,1193
FULTON,06R1,house,56,100
FULTON,06R1,senate,39,100
FULTON,07A,house,54,1604
FULTON,07A,senate,14,1604
FULTON,07A1,house,54,2885
FULTON,07A1,senate,14,2885
FULTON,07B,house,54,2125
FULTON,07B,senate,14,2125
FULTON,07C,house,54,2976
FULTON,07C,senate,14,2976
FULTON,07D,house,54,1503
FULTON,07D,senate,38,1503
FULTON,07D1,house,54,1033
FULTON,07D1,senate,38,1033
FULTON,07E,house,54,1452
FULTON,07E,senate,39,1452
FULTON,07F,house,54,529
FULTON,07F,senate,39,529
FULTON,07F1,house,54,1807
FULTON,07F1,senate,39,1807
FULTON,07H,house,57,1407
FULTON,07H,senate,39,1407
FULTON,07J,house,57,1873
FULTON,07J,senate,39,1873
FULTON,07M,house,54,1219
FULTON,07M,senate,39,1219
FULTON,07N,house,57,856
FULTON,07N,senate,39,856
FULTON,08A,house,60,1984
FULTON,08A,senate,38,1984
FULTON,08B,house,53,2615
FULTON,08B,senate,38,2615
FULTON,08C,house,60,197
FULTON,08C,senate,38,197
FULTON,08C1,house,53,917
FULTON,08C1,senate,38,917
FULTON,08D,house,53,849
FULTON,08D,senate,38,849
FULTON,08E,house,60,1862
FULTON,08E,senate,38,1862
FULTON,08F1,house,53,1657
FULTON,08F1,senate,38,1657
FULTON,08G,house,55,1642
FULTON,08G,senate,38,1642
FULTON,08H,house,55,1849
FULTON,08H,senate,39,1849
FULTON,08J,house,55,2039
FULTON,08J,senate,38,2039
FULTON,08K,house,55,634
FULTON,08K,senate,39,634
FULTON,08L,house,55,2608
FULTON,08L,senate,39,2608
FULTON,08M,house,53,1805
FULTON,08M,senate,38,1805
FULTON,08N1,house,60,601
FULTON,08N1,senate,38,601
FULTON,08N2,house,60,1071
FULTON,08N2,senate,38,1071
FULTON,08P,house,55,507
FULTON,08P,senate,39,507
FULTON,08P1,house,56,404
FULTON,08P1,senate,39,404
FULTON,09A,house,60,2811
FULTON,09A,senate,35,2811
FULTON,09B,house,61,187
FULTON,09B,senate,35,187
FULTON,09C,house,60,1249
FULTON,09C,senate,35,1249
FULTON,09D,house,55,695
FULTON,09D,senate,38,695
FULTON,09E,house,55,1132
FULTON,09E,senate,38,1132
FULTON,09F,house,60,2540
FULTON,09F,senate,38,2540
FULTON,09G,house,55,372
FULTON,09G,senate,38,372
FULTON,09H,house,55,483
FULTON,09H,senate,38,483
FULTON,09I,house,55,474
FULTON,09I,senate,38,474
FULTON,09K,house,60,718
FULTON,09K,senate,35,718
FULTON,09K1,house,60,1152
FULTON,09K1,senate,35,1152
FULTON,09L,house,55,419
FULTON,09L,senate,38,419
FULTON,09M,house,60,1898
FULTON,09M,senate,35,1898
FULTON,09N,house,55,2238
FULTON,09N,senate,38,2238
FULTON,10A,house,60,1370
FULTON,10A,senate,35,1370
FULTON,10B,house,55,1762
FULTON,10B,senate,38,1762
FULTON,10B1,house,55,609
FULTON,10B1,senate,35,609
FULTON,10C,house,60,900
FULTON,10C,senate,35,900
FULTON,10D,house,55,234
FULTON,10D,senate,35,234
FULTON,10D1,house,60,780
FULTON,10D1,senate,35,780
FULTON,10D2,house,60,608
FULTON,10D2,senate,35,608
FULTON,10E,house,60,456
FULTON,10E,senate,35,456
FULTON,10F,house,55,451
FULTON,10F,senate,35,451
FULTON,10G,house,56,691
FULTON,10G,senate,38,691
FULTON,10H1,house,55,212
FULTON,10H1,senate,38,212
FULTON,10H2,house,55,816
FULTON,10H2,senate,38,816
FULTON,10I,house,56,257
FULTON,10I,senate,38,257
FULTON,10J,house,56,352
FULTON,10J,senate,38,352
FULTON,10K,house,56,826
FULTON,10K,senate,38,826
FULTON,10M,house,56,1200
FULTON,10M,senate,39,1200
FULTON,10P,house,60,488
FULTON,10P,senate,35,488
FULTON,10R,house,55,245
FULTON,10R,senate,35,245
FULTON,11B,house,61,1482
FULTON,11B,senate,35,1482
FULTON,11B1,house,55,608
FULTON,11B1,senate,35,608
FULTON,11B2,house,61,45
FULTON,11B2,senate,35,45
FULTON,11B3,house,61,312
FULTON,11B3,senate,35,312
FULTON,11C,house,55,206
FULTON,11C,senate,35,206
FULTON,11C2,house,61,1192
FULTON,11C2,senate,35,1192
FULTON,11C3,house,61,527
FULTON,11C3,senate,35,527
FULTON,11E1,house,65,534
FULTON,11E1,senate,38,534
FULTON,11E2,house,59,504
FULTON,11E2,senate,38,504
FULTON,11E3,house,59,1642
FULTON,11E3,senate,38,1642
FULTON,11G,house,59,737
FULTON,11G,senate,39,737
FULTON,11H,house,56,344
FULTON,11H,senate,38,344
FULTON,11J,house,59,784
FULTON,11J,senate,38,784
FULTON,11K,house,58,977
FULTON,11K,senate,39,977
FULTON,11M,house,58,719
FULTON,11M,senate,38,719
FULTON,11M1,house,58,725
FULTON,11M1,senate,38,725
FULTON,11N,house,58,1214
FULTON,11N,senate,38,1214
FULTON,11P,house,59,873
FULTON,11P,senate,38,873
FULTON,11R,house,58,617
FULTON,11R,senate,39,617
FULTON,12A,house,59,1011
FULTON,12A,senate,36,1011
FULTON,12A1,house,59,1721
FULTON,12A1,senate,36,1721
FULTON,12D,house,62,620
FULTON,12D,senate,36,620
FULTON,12E1,house,62,554
FULTON,12E1,senate,36,554
FULTON,12F,house,62,363
FULTON,12F,senate,36,363
FULTON,12G,house,62,358
FULTON,12G,senate,36,358
FULTON,12H1,house,63,209
FULTON,12H1,senate,36,209
FULTON,12H2,house,63,1098
FULTON,12H2,senate,36,1098
FULTON,12I,house,59,362
FULTON,12I,senate,39,362
FULTON,12J,house,63,1006
FULTON,12J,senate,36,1006
FULTON,12K,house,59,1423
FULTON,12K,senate,36,1423
FULTON,12L,house,59,197
FULTON,12L,senate,39,197
FULTON,12M,house,63,1073
FULTON,12M,senate,36,1073
FULTON,12N,house,59,314
FULTON,12N,senate,36,314
FULTON,12S,house,59,837
FULTON,12S,senate,36,837
FULTON,3A,house,122,1
FULTON,3A,senate,46,1
FULTON,AP01A,house,49,3444
FULTON,AP01A,senate,14,3444
FULTON,AP01B,house,49,945
FULTON,AP01B,senate,21,945
FULTON,AP01C,house,49,1616
FULTON,AP01C,senate,14,1616
FULTON,AP01D,house,48,593
FULTON,AP01D,senate,14,593
FULTON,AP021,house,49,2290
FULTON,AP021,senate,21,2290
FULTON,AP022,house,49,1309
FULTON,AP022,senate,21,1309
FULTON,AP023,house,48,609
FULTON,AP023,senate,21,609
FULTON,AP02B,house,48,503
FULTON,AP02B,senate,14,503
FULTON,AP03,house,48,335
FULTON,AP03,senate,14,335
FULTON,AP04A,house,49,1273
FULTON,AP04A,senate,21,1273
FULTON,AP04B,house,49,382
FULTON,AP04B,senate,21,382
FULTON,AP05,house,25,3188
FULTON,AP05,senate,48,3188
FULTON,AP06,house,49,1456
FULTON,AP06,senate,21,1456
FULTON,AP07A,house,47,2579
FULTON,AP07A,senate,21,2579
FULTON,AP07B,house,47,618
FULTON,AP07B,senate,21,618
FULTON,AP07C,house,49,740
FULTON,AP07C,senate,21,740
FULTON,AP09A,house,25,2766
FULTON,AP09A,senate,48,2766
FULTON,AP09B,house,50,618
FULTON,AP09B,senate,48,618
FULTON,AP10,house,49,720
FULTON,AP10,senate,21,720
FULTON,AP12A,house,47,392
FULTON,AP12A,senate,21,392
FULTON,AP12B,house,47,554
FULTON,AP12B,senate,21,554
FULTON,AP12C,house,49,1679
FULTON,AP12C,senate,21,1679
FULTON,AP14,house,49,89
FULTON,AP14,senate,14,89
FULTON,AP14A,house,48,2156
FULTON,AP14A,senate,14,2156
FULTON,BC,house,101,1
FULTON,BC,senate,41,1
FULTON,BG,house,101,1
FULTON,BG,senate,41,1
FULTON,BOWDEN SENIOR CENTER,house,62,1
FULTON,BOWDEN SENIOR CENTER,senate,39,1
FULTON,CE,house,83,2
FULTON,CE,senate,40,2
FULTON,CH01,house,65,246
FULTON,CH01,senate,28,246
FULTON,CH01B,house,67,4
FULTON,CH01B,senate,38,4
FULTON,CH02,house,65,317
FULTON,CH02,senate,28,317
FULTON,CH02A,house,65,41
FULTON,CH02A,senate,28,41
FULTON,CH03,house,65,283
FULTON,CH03,senate,28,283
FULTON,CH04A,house,65,535
FULTON,CH04A,senate,28,535
FULTON,CH05,house,65,307
FULTON,CH05,senate,28,307
FULTON,CH05A,house,65,15
FULTON,CH05A,senate,38,15
FULTON,CN,house,90,1
FULTON,CN,senate,44,1
FULTON,CP011,house,63,647
FULTON,CP011,senate,36,647
FULTON,CP012,house,62,821
FULTON,CP012,senate,36,821
FULTON,CP01B,house,63,265
FULTON,CP01B,senate,36,265
FULTON,CP02,house,63,563
FULTON,CP02,senate,36,563
FULTON,CP04A,house,63,2
FULTON,CP04A,senate,36,2
FULTON,CP04B,house,63,17
FULTON,CP04B,senate,36,17
FULTON,CP051,house,62,35
FULTON,CP051,senate,36,35
FULTON,CP052,house,62,6
FULTON,CP052,senate,39,6
FULTON,CP05B,house,63,47
FULTON,CP05B,senate,36,47
FULTON,CP05C,house,62,724
FULTON,CP05C,senate,36,724
FULTON,CP06A,house,63,139
FULTON,CP06A,senate,36,139
FULTON,CP07A,house,62,151
FULTON,CP07A,senate,36,151
FULTON,CP07B,house,63,4
FULTON,CP07B,senate,36,4
FULTON,CP07C,house,62,38
FULTON,CP07C,senate,39,38
FULTON,CP07D,house,62,58
FULTON,CP07D,senate,36,58
FULTON,CP07E,house,62,10
FULTON,CP07E,senate,36,10
FULTON,CP07F,house,62,44
FULTON,CP07F,senate,36,44
FULTON,CP081,house,63,89
FULTON,CP081,senate,39,89
FULTON,CP083,house,63,50
FULTON,CP083,senate,39,50
FULTON,CP084,house,62,1
FULTON,CP084,senate,39,1
FULTON,CP08A,house,63,70
FULTON,CP08A,senate,39,70
FULTON,CX,house,90,1
FULTON,CX,senate,44,1
FULTON,EP01A,house,62,1375
FULTON,EP01A,senate,39,1375
FULTON,EP01B,house,59,994
FULTON,EP01B,senate,39,994
FULTON,EP01C,house,62,327
FULTON,EP01C,senate,39,327
FULTON,EP01D,house,62,193
FULTON,EP01D,senate,39,193
FULTON,EP02A,house,63,838
FULTON,EP02A,senate,36,838
FULTON,EP02B,house,62,978
FULTON,EP02B,senate,36,978
FULTON,EP02C,house,63,259
FULTON,EP02C,senate,36,259
FULTON,EP02D,house,62,335
FULTON,EP02D,senate,39,335
FULTON,EP02E,house,62,561
FULTON,EP02E,senate,36,561
FULTON,EP03A,house,62,1779
FULTON,EP03A,senate,39,1779
FULTON,EP03B,house,62,840
FULTON,EP03B,senate,39,840
FULTON,EP03C,house,62,388
FULTON,EP03C,senate,39,388
FULTON,EP03D,house,62,11
FULTON,EP03D,senate,39,11
FULTON,EP04A,house,62,966
FULTON,EP04A,senate,39,966
FULTON,EP04B,house,65,1273
FULTON,EP04B,senate,39,1273
FULTON,EP04C,house,62,226
FULTON,EP04C,senate,39,226
FULTON,EP04D,house,62,942
FULTON,EP04D,senate,39,942
FULTON,FA01A,house,67,2085
FULTON,FA01A,senate,38,2085
FULTON,FA01B,house,67,3453
FULTON,FA01B,senate,38,3453
FULTON,FA01C,house,68,360
FULTON,FA01C,senate,38,360
FULTON,FA01D,house,67,202
FULTON,FA01D,senate,38,202
FULTON,FC02,house,61,20
FULTON,FC02,senate,35,20
FULTON,GC,house,90,1
FULTON,GC,senate,44,1
FULTON,HH,house,116,1
FULTON,HH,senate,10,1
FULTON,HP01,house,63,1681
FULTON,HP01,senate,36,1681
FULTON,JC01,house,50,2425
FULTON,JC01,senate,48,2425
FULTON,JC01A,house,50,1234
FULTON,JC01A,senate,48,1234
FULTON,JC02,house,50,1933
FULTON,JC02,senate,48,1933
FULTON,JC03A,house,50,412
FULTON,JC03A,senate,48,412
FULTON,JC03B,house,50,1005
FULTON,JC03B,senate,48,1005
FULTON,JC04A,house,50,2286
FULTON,JC04A,senate,48,2286
FULTON,JC04B,house,50,215
FULTON,JC04B,senate,48,215
FULTON,JC04C,house,50,858
FULTON,JC04C,senate,48,858
FULTON,JC05,house,50,1478
FULTON,JC05,senate,48,1478
FULTON,JC06,house,50,1675
FULTON,JC06,senate,48,1675
FULTON,JC07,house,50,2892
FULTON,JC07,senate,48,2892
FULTON,JC08,house,50,1940
FULTON,JC08,senate,48,1940
FULTON,JC09,house,50,1994
FULTON,JC09,senate,48,1994
FULTON,JC10,house,50,1555
FULTON,JC10,senate,48,1555
FULTON,JC11,house,50,2142
FULTON,JC11,senate,48,2142
FULTON,JC12,house,48,2035
FULTON,JC12,senate,48,2035
FULTON,JC13A,house,48,1639
FULTON,JC13A,senate,48,1639
FULTON,JC13B,house,48,212
FULTON,JC13B,senate,48,212
FULTON,JC14,house,48,1800
FULTON,JC14,senate,48,1800
FULTON,JC15,house,48,536
FULTON,JC15,senate,14,536
FULTON,JC16,house,48,1822
FULTON,JC16,senate,14,1822
FULTON,JC18,house,48,2016
FULTON,JC18,senate,14,2016
FULTON,JC19,house,51,877
FULTON,JC19,senate,14,877
FULTON,JC19A,house,48,1893
FULTON,JC19A,senate,14,1893
FULTON,LB,house,86,1
FULTON,LB,senate,44,1
FULTON,MA1A,house,39,1
FULTON,MA1A,senate,28,1
FULTON,MI,house,84,1
FULTON,MI,senate,41,1
FULTON,ML01A,house,49,2322
FULTON,ML01A,senate,21,2322
FULTON,ML01B,house,47,508
FULTON,ML01B,senate,21,508
FULTON,ML01C,house,49,111
FULTON,ML01C,senate,21,111
FULTON,ML02A,house,47,2017
FULTON,ML02A,senate,21,2017
FULTON,ML02B,house,47,1497
FULTON,ML02B,senate,21,1497
FULTON,ML03,house,47,2616
FULTON,ML03,senate,21,2616
FULTON,ML03A,house,47,410
FULTON,ML03A,senate,21,410
FULTON,ML04,house,47,2411
FULTON,ML04,senate,21,2411
FULTON,ML05,house,47,3161
FULTON,ML05,senate,21,3161
FULTON,ML06A,house,47,1122
FULTON,ML06A,senate,21,1122
FULTON,ML06B,house,47,1812
FULTON,ML06B,senate,21,1812
FULTON,ML07A,house,47,629
FULTON,ML07A,senate,21,629
FULTON,ML07B,house,47,1240
FULTON,ML07B,senate,21,1240
FULTON,MP01,house,47,120
FULTON,MP01,senate,56,120
FULTON,MR7A,house,43,1
FULTON,MR7A,senate,33,1
FULTON,MU,house,52,1
FULTON,MU,senate,40,1
FULTON,PA01,house,67,1657
FULTON,PA01,senate,38,1657
FULTON,PB,house,80,1
FULTON,PB,senate,40,1
FULTON,PS3A,house,38,1
FULTON,PS3A,senate,33,1
FULTON,RW01,house,49,3642
FULTON,RW01,senate,56,3642
FULTON,RW02,house,53,2951
FULTON,RW02,senate,56,2951
FULTON,RW03,house,51,352
FULTON,RW03,senate,14,352
FULTON,RW03A,house,51,434
FULTON,RW03A,senate,14,434
FULTON,RW03B,house,53,1176
FULTON,RW03B,senate,14,1176
FULTON,RW03C,house,53,1026
FULTON,RW03C,senate,14,1026
FULTON,RW04,house,51,1332
FULTON,RW04,senate,14,1332
FULTON,RW05,house,48,1108
FULTON,RW05,senate,14,1108
FULTON,RW05A,house,48,394
FULTON,RW05A,senate,14,394
FULTON,RW06,house,51,1998
FULTON,RW06,senate,14,1998
FULTON,RW07A,house,51,520
FULTON,RW07A,senate,14,520
FULTON,RW07B,house,48,199
FULTON,RW07B,senate,14,199
FULTON,RW08,house,49,1748
FULTON,RW08,senate,56,1748
FULTON,RW09,house,49,2878
FULTON,RW09,senate,56,2878
FULTON,RW09A,house,47,1807
FULTON,RW09A,senate,21,1807
FULTON,RW10,house,53,1989
FULTON,RW10,senate,56,1989
FULTON,RW10A,house,53,755
FULTON,RW10A,senate,56,755
FULTON,RW11A,house,53,1814
FULTON,RW11A,senate,56,1814
FULTON,RW12,house,49,2138
FULTON,RW12,senate,56,2138
FULTON,RW12A,house,49,2369
FULTON,RW12A,senate,21,2369
FULTON,RW13,house,48,2445
FULTON,RW13,senate,14,2445
FULTON,RW16,house,49,1502
FULTON,RW16,senate,56,1502
FULTON,RW17,house,51,1752
FULTON,RW17,senate,14,1752
FULTON,RW19,house,47,1541
FULTON,RW19,senate,21,1541
FULTON,RW20,house,51,2008
FULTON,RW20,senate,14,2008
FULTON,RW21,house,51,124
FULTON,RW21,senate,14,124
FULTON,RW21A,house,51,2264
FULTON,RW21A,senate,14,2264
FULTON,RW22A,house,51,2570
FULTON,RW22A,senate,14,2570
FULTON,SC01A,house,61,161
FULTON,SC01A,senate,35,161
FULTON,SC01B,house,65,1432
FULTON,SC01B,senate,35,1432
FULTON,SC01C,house,61,1755
FULTON,SC01C,senate,35,1755
FULTON,SC01D,house,65,54
FULTON,SC01D,senate,35,54
FULTON,SC02,house,61,472
FULTON,SC02,senate,35,472
FULTON,SC02A,house,61,513
FULTON,SC02A,senate,35,513
FULTON,SC04,house,65,671
FULTON,SC04,senate,28,671
FULTON,SC05A,house,65,395
FULTON,SC05A,senate,28,395
FULTON,SC05B,house,65,705
FULTON,SC05B,senate,38,705
FULTON,SC05C,house,65,1370
FULTON,SC05C,senate,28,1370
FULTON,SC05D,house,65,1162
FULTON,SC05D,senate,28,1162
FULTON,SC05E,house,65,333
FULTON,SC05E,senate,28,333
FULTON,SC05G,house,65,1006
FULTON,SC05G,senate,28,1006
FULTON,SC05H,house,65,210
FULTON,SC05H,senate,38,210
FULTON,SC05J,house,65,21
FULTON,SC05J,senate,38,21
FULTON,SC07A,house,67,2557
FULTON,SC07A,senate,38,2557
FULTON,SC07C,house,68,3
FULTON,SC07C,senate,38,3
FULTON,SC07D,house,65,545
FULTON,SC07D,senate,38,545
FULTON,SC07E,house,67,1099
FULTON,SC07E,senate,38,1099
FULTON,SC07F,house,67,47
FULTON,SC07F,senate,38,47
FULTON,SC08B,house,68,1750
FULTON,SC08B,senate,39,1750
FULTON,SC08C,house,65,59
FULTON,SC08C,senate,38,59
FULTON,SC08D,house,63,330
FULTON,SC08D,senate,39,330
FULTON,SC08E,house,68,370
FULTON,SC08E,senate,38,370
FULTON,SC08F,house,68,348
FULTON,SC08F,senate,38,348
FULTON,SC08G,house,68,5
FULTON,SC08G,senate,38,5
FULTON,SC08I,house,68,83
FULTON,SC08I,senate,38,83
FULTON,SC08J,house,62,18
FULTON,SC08J,senate,39,18
FULTON,SC08K,house,68,426
FULTON,SC08K,senate,39,426
FULTON,SC09A,house,63,695
FULTON,SC09A,senate,39,695
FULTON,SC09B,house,69,1130
FULTON,SC09B,senate,39,1130
FULTON,SC09C,house,69,801
FULTON,SC09C,senate,39,801
FULTON,SC10,house,63,506
FULTON,SC10,senate,39,506
FULTON,SC11A,house,69,821
FULTON,SC11A,senate,39,821
FULTON,SC11B,house,69,914
FULTON,SC11B,senate,39,914
FULTON,SC13,house,65,1274
FULTON,SC13,senate,28,1274
FULTON,SC13A,house,67,567
FULTON,SC13A,senate,28,567
FULTON,SC14A,house,60,413
FULTON,SC14A,senate,35,413
FULTON,SC15,house,65,2294
FULTON,SC15,senate,35,2294
FULTON,SC15A,house,65,1754
FULTON,SC15A,senate,35,1754
FULTON,SC15B,house,65,414
FULTON,SC15B,senate,35,414
FULTON,SC16A,house,61,1692
FULTON,SC16A,senate,35,1692
FULTON,SC16B,house,61,1388
FULTON,SC16B,senate,35,1388
FULTON,SC17A,house,65,89
FULTON,SC17A,senate,38,89
FULTON,SC17C,house,68,579
FULTON,SC17C,senate,39,579
FULTON,SC17D,house,68,70
FULTON,SC17D,senate,39,70
FULTON,SC18A,house,65,292
FULTON,SC18A,senate,38,292
FULTON,SC18B,house,65,1068
FULTON,SC18B,senate,38,1068
FULTON,SC18C,house,65,1135
FULTON,SC18C,senate,38,1135
FULTON,SC18D,house,65,246
FULTON,SC18D,senate,38,246
FULTON,SC19A,house,65,130
FULTON,SC19A,senate,39,130
FULTON,SC19B,house,62,436
FULTON,SC19B,senate,39,436
FULTON,SC19C,house,62,128
FULTON,SC19C,senate,39,128
FULTON,SC20,house,65,1753
FULTON,SC20,senate,35,1753
FULTON,SC20A,house,65,130
FULTON,SC20A,senate,35,130
FULTON,SC211,house,68,1128
FULTON,SC211,senate,38,1128
FULTON,SC212,house,68,2517
FULTON,SC212,senate,38,2517
FULTON,SC23A,house,69,1705
FULTON,SC23A,senate,39,1705
FULTON,SC23B,house,69,278
FULTON,SC23B,senate,39,278
FULTON,SC23C,house,69,1081
FULTON,SC23C,senate,39,1081
FULTON,SC23D,house,69,131
FULTON,SC23D,senate,39,131
FULTON,SC27,house,63,1128
FULTON,SC27,senate,39,1128
FULTON,SC29A,house,69,963
FULTON,SC29A,senate,38,963
FULTON,SC29C,house,69,487
FULTON,SC29C,senate,38,487
FULTON,SC30A,house,55,103
FULTON,SC30A,senate,35,103
FULTON,SC30B,house,55,442
FULTON,SC30B,senate,35,442
FULTON,SC31,house,61,96
FULTON,SC31,senate,35,96
FULTON,SC32,house,61,10
FULTON,SC32,senate,35,10
FULTON,SC33,house,61,9
FULTON,SC33,senate,35,9
FULTON,SE,house,83,2
FULTON,SE,senate,40,2
FULTON,SS01,house,51,2605
FULTON,SS01,senate,14,2605
FULTON,SS01A,house,51,872
FULTON,SS01A,senate,14,872
FULTON,SS02A,house,53,716
FULTON,SS02A,senate,14,716
FULTON,SS02B,house,52,725
FULTON,SS02B,senate,14,725
FULTON,SS03,house,52,507
FULTON,SS03,senate,14,507
FULTON,SS03A,house,52,525
FULTON,SS03A,senate,14,525
FULTON,SS04,house,52,2089
FULTON,SS04,senate,14,2089
FULTON,SS04A,house,52,84
FULTON,SS04A,senate,14,84
FULTON,SS05,house,53,1363
FULTON,SS05,senate,14,1363
FULTON,SS06,house,52,844
FULTON,SS06,senate,14,844
FULTON,SS06A,house,52,466
FULTON,SS06A,senate,14,466
FULTON,SS07A,house,52,913
FULTON,SS07A,senate,14,913
FULTON,SS07B,house,52,619
FULTON,SS07B,senate,14,619
FULTON,SS07C,house,52,523
FULTON,SS07C,senate,14,523
FULTON,SS07D,house,54,1
FULTON,SS07D,senate,14,1
FULTON,SS08A,house,52,946
FULTON,SS08A,senate,14,946
FULTON,SS08B,house,52,549
FULTON,SS08B,senate,14,549
FULTON,SS08C,house,52,426
FULTON,SS08C,senate,14,426
FULTON,SS08D,house,52,829
FULTON,SS08D,senate,14,829
FULTON,SS08E,house,52,198
FULTON,SS08E,senate,14,198
FULTON,SS08F,house,52,37
FULTON,SS08F,senate,14,37
FULTON,SS09A,house,53,2254
FULTON,SS09A,senate,38,2254
FULTON,SS09B,house,53,2734
FULTON,SS09B,senate,38,2734
FULTON,SS11A,house,54,2206
FULTON,SS11A,senate,14,2206
FULTON,SS11B,house,54,675
FULTON,SS11B,senate,38,675
FULTON,SS11C,house,54,190
FULTON,SS11C,senate,14,190
FULTON,SS11D,house,54,286
FULTON,SS11D,senate,38,286
FULTON,SS12,house,54,1960
FULTON,SS12,senate,14,1960
FULTON,SS13A,house,54,1223
FULTON,SS13A,senate,14,1223
FULTON,SS13B,house,54,905
FULTON,SS13B,senate,38,905
FULTON,SS14,house,54,1095
FULTON,SS14,senate,14,1095
FULTON,SS15A,house,51,313
FULTON,SS15A,senate,14,313
FULTON,SS15B,house,51,826
FULTON,SS15B,senate,14,826
FULTON,SS15C,house,51,708
FULTON,SS15C,senate,14,708
FULTON,SS16,house,53,1590
FULTON,SS16,senate,38,1590
FULTON,SS17,house,51,2145
FULTON,SS17,senate,14,2145
FULTON,SS18A,house,53,262
FULTON,SS18A,senate,14,262
FULTON,SS18B,house,53,144
FULTON,SS18B,senate,14,144
FULTON,SS18C,house,53,201
FULTON,SS18C,senate,14,201
FULTON,SS19A,house,53,1578
FULTON,SS19A,senate,14,1578
FULTON,SS19B,house,53,1264
FULTON,SS19B,senate,14,1264
FULTON,SS20,house,51,1219
FULTON,SS20,senate,14,1219
FULTON,SS22,house,53,1481
FULTON,SS22,senate,14,1481
FULTON,SS26,house,51,1671
FULTON,SS26,senate,14,1671
FULTON,SS29A,house,52,462
FULTON,SS29A,senate,14,462
FULTON,SS29B,house,52,2
FULTON,SS29B,senate,14,2
FULTON,SS29C,house,52,1354
FULTON,SS29C,senate,14,1354
FULTON,SS31,house,52,1144
FULTON,SS31,senate,14,1144
FULTON,UC01A,house,68,1431
FULTON,UC01A,senate,38,1431
FULTON,UC01B,house,63,163
FULTON,UC01B,senate,39,163
FULTON,UC01D,house,68,1
FULTON,UC01D,senate,38,1
FULTON,UC01E,house,65,328
FULTON,UC01E,senate,38,328
FULTON,UC02A,house,65,150
FULTON,UC02A,senate,28,150
FULTON,UC02B,house,65,8
FULTON,UC02B,senate,38,8
FULTON,UC02C,house,67,41
FULTON,UC02C,senate,38,41
FULTON,UC02D,house,67,2135
FULTON,UC02D,senate,38,2135
FULTON,UC02E,house,67,39
FULTON,UC02E,senate,28,39
FULTON,UC02F,house,65,322
FULTON,UC02F,senate,38,322
FULTON,UC02G,house,67,2392
FULTON,UC02G,senate,38,2392
FULTON,UC031,house,68,1216
FULTON,UC031,senate,38,1216
FULTON,UC032,house,68,258
FULTON,UC032,senate,38,258
FULTON,UC035,house,68,2
FULTON,UC035,senate,38,2
GILMER,01,house,7,2022
GILMER,01,senate,51,2022
GILMER,02,house,7,1008
GILMER,02,senate,51,1008
GILMER,03,house,7,911
GILMER,03,senate,51,911
GILMER,04,house,7,715
GILMER,04,senate,51,715
GILMER,05,house,7,1796
GILMER,05,senate,51,1796
GILMER,06,house,7,479
GILMER,06,senate,51,479
GILMER,07,house,7,894
GILMER,07,senate,51,894
GILMER,08,house,7,640
GILMER,08,senate,51,640
GILMER,09,house,7,1130
GILMER,09,senate,51,1130
GILMER,10,house,7,1023
GILMER,10,senate,51,1023
GILMER,11,house,7,717
GILMER,11,senate,51,717
GILMER,12,house,7,892
GILMER,12,senate,51,892
GILMER,13,house,7,1273
GILMER,13,senate,51,1273
GILMER,6,house,7,1
GILMER,6,senate,51,1
GILMER,CHERRY LOG,house,7,1
GILMER,CHERRY LOG,senate,51,1
GILMER,YUKON,house,7,1
GILMER,YUKON,senate,51,1
GLASCOCK,EDGH,house,128,76
GLASCOCK,EDGH,senate,23,76
GLASCOCK,GIBS,house,128,393
GLASCOCK,GIBS,senate,23,393
GLASCOCK,MIL,house,128,2
GLASCOCK,MIL,senate,23,2
GLASCOCK,MILL,house,128,434
GLASCOCK,MILL,senate,23,434
GLASCOCK,MITC,house,128,268
GLASCOCK,MITC,senate,23,268
GLYNN,101MAR,house,167,708
GLYNN,101MAR,house,180,1804
GLYNN,101MAR,senate,3,2512
GLYNN,102BLY,house,179,1330
GLYNN,102BLY,senate,3,1330
GLYNN,103BRK,house,167,1422
GLYNN,103BRK,senate,3,1422
GLYNN,104JI,house,180,333
GLYNN,104JI,senate,3,333
GLYNN,201NSI,house,179,4070
GLYNN,201NSI,senate,3,4070
GLYNN,202CSI,house,179,4484
GLYNN,202CSI,senate,3,4484
GLYNN,203SSI,house,179,3062
GLYNN,203SSI,senate,3,3062
GLYNN,301COG,house,167,2913
GLYNN,301COG,senate,3,2913
GLYNN,302HLD,house,167,2142
GLYNN,302HLD,house,179,1005
GLYNN,302HLD,senate,3,3147
GLYNN,303NGY,house,167,2158
GLYNN,303NGY,house,179,516
GLYNN,303NGY,senate,3,2674
GLYNN,304BAL,house,179,1694
GLYNN,304BAL,senate,3,1694
GLYNN,401CST,house,179,2398
GLYNN,401CST,senate,3,2398
GLYNN,402THE,house,179,1339
GLYNN,402THE,senate,3,1339
GLYNN,500CPM,house,179,1010
GLYNN,500CPM,senate,3,1010
GLYNN,501HCP,house,179,1372
GLYNN,501HCP,senate,3,1372
GLYNN,502UPP,house,179,1202
GLYNN,502UPP,senate,3,1202
GLYNN,504ARO,house,179,684
GLYNN,504ARO,senate,3,684
GORDON,1054,house,5,649
GORDON,1054,senate,52,649
GORDON,1055,house,5,893
GORDON,1055,senate,52,893
GORDON,1056,house,5,2913
GORDON,1056,senate,54,2913
GORDON,1063,house,6,514
GORDON,1063,senate,54,514
GORDON,1064,house,5,299
GORDON,1064,senate,52,299
GORDON,1235,house,6,569
GORDON,1235,senate,54,569
GORDON,849-A,house,5,3310
GORDON,849-A,senate,54,3310
GORDON,849-B,house,5,5557
GORDON,849-B,senate,54,5557
GORDON,856,house,5,1024
GORDON,856,senate,52,693
GORDON,856,senate,54,331
GORDON,874,house,5,718
GORDON,874,senate,54,718
GORDON,973,house,5,1577
GORDON,973,senate,54,1577
GORDON,980,house,5,610
GORDON,980,senate,54,610
GORDON,CALHOUN CITY,house,5,10
GORDON,CALHOUN CITY,senate,54,10
GORDON,GORDON COUNTY,house,5,1
GORDON,GORDON COUNTY,senate,54,1
GORDON,OAKMAN,house,6,1
GORDON,OAKMAN,senate,54,1
GORDON,PLAINVILLE,house,5,1
GORDON,PLAINVILLE,senate,52,1
GORDON,RESACA,house,5,1
GORDON,RESACA,senate,54,1
GRADY,B,house,171,394
GRADY,B,senate,11,394
GRADY,C04,house,173,1102
GRADY,C04,senate,11,1102
GRADY,C05,house,173,1255
GRADY,C05,senate,11,1255
GRADY,D,house,173,286
GRADY,D,senate,11,286
GRADY,H,house,171,377
GRADY,H,senate,11,377
GRADY,L,house,171,170
GRADY,L,senate,11,170
GRADY,M,house,173,769
GRADY,M,senate,11,769
GRADY,P,house,173,427
GRADY,P,senate,11,427
GRADY,R,house,171,288
GRADY,R,senate,11,288
GRADY,S,house,171,311
GRADY,S,senate,11,311
GRADY,SH,house,171,305
GRADY,SH,senate,11,305
GRADY,W,house,171,537
GRADY,W,senate,11,537
GRADY,WL,house,173,1388
GRADY,WL,senate,11,1388
GREENE,001,house,124,2316
GREENE,001,senate,24,2316
GREENE,004,house,124,847
GREENE,004,senate,24,847
GREENE,005,house,124,417
GREENE,005,senate,24,417
GREENE,006,house,124,194
GREENE,006,senate,24,194
GREENE,008,house,124,6863
GREENE,008,senate,24,6863
GREENE,8,house,124,1
GREENE,8,senate,24,1
GWINNETT,001,house,111,4972
GWINNETT,001,senate,46,4972
GWINNETT,002,house,95,2075
GWINNETT,002,senate,43,2075
GWINNETT,003,house,105,3036
GWINNETT,003,senate,45,1151
GWINNETT,003,senate,46,1885
GWINNETT,004,house,99,1362
GWINNETT,004,senate,45,1362
GWINNETT,005,house,110,1599
GWINNETT,005,senate,9,1599
GWINNETT,006,house,107,1996
GWINNETT,006,house,30,1
GWINNETT,006,senate,49,1
GWINNETT,006,senate,7,1996
GWINNETT,007,house,99,3256
GWINNETT,007,senate,7,3256
GWINNETT,008,house,104,3327
GWINNETT,008,senate,45,3327
GWINNETT,009,house,103,4196
GWINNETT,009,senate,45,4196
GWINNETT,010,house,110,1523
GWINNETT,010,senate,55,1523
GWINNETT,011,house,108,1180
GWINNETT,011,senate,9,1180
GWINNETT,012,house,88,2713
GWINNETT,012,senate,9,2713
GWINNETT,013,house,104,1980
GWINNETT,013,senate,45,1980
GWINNETT,014,house,108,2197
GWINNETT,014,senate,9,2197
GWINNETT,015,house,102,2071
GWINNETT,015,senate,9,2071
GWINNETT,016,house,102,2838
GWINNETT,016,house,27,1
GWINNETT,016,senate,49,1
GWINNETT,016,senate,9,2838
GWINNETT,017,house,109,1241
GWINNETT,017,senate,5,1241
GWINNETT,018,house,106,852
GWINNETT,018,house,107,419
GWINNETT,018,senate,5,1271
GWINNETT,019,house,106,1313
GWINNETT,019,senate,9,1313
GWINNETT,020,house,96,974
GWINNETT,020,senate,5,974
GWINNETT,021,house,98,1323
GWINNETT,021,senate,5,1323
GWINNETT,022,house,97,1255
GWINNETT,022,senate,40,1255
GWINNETT,023,house,98,737
GWINNETT,023,senate,5,737
GWINNETT,024,house,103,2357
GWINNETT,024,senate,45,2357
GWINNETT,025,house,100,3350
GWINNETT,025,senate,48,3350
GWINNETT,026,house,103,2384
GWINNETT,026,senate,7,2384
GWINNETT,027,house,105,2790
GWINNETT,027,senate,45,2790
GWINNETT,028,house,104,3893
GWINNETT,028,senate,45,3893
GWINNETT,029,house,108,924
GWINNETT,029,senate,9,924
GWINNETT,030,house,93,1522
GWINNETT,030,senate,55,1522
GWINNETT,031,house,105,1781
GWINNETT,031,senate,45,1781
GWINNETT,032,house,108,1691
GWINNETT,032,senate,9,1691
GWINNETT,033,house,108,1242
GWINNETT,033,senate,9,1242
GWINNETT,034,house,106,317
GWINNETT,034,house,108,612
GWINNETT,034,senate,9,929
GWINNETT,035,house,94,2262
GWINNETT,035,senate,55,2262
GWINNETT,036,house,94,1850
GWINNETT,036,senate,55,1850
GWINNETT,037,house,97,738
GWINNETT,037,senate,40,738
GWINNETT,038,house,96,1117
GWINNETT,038,senate,5,1117
GWINNETT,039,house,104,627
GWINNETT,039,house,30,4336
GWINNETT,039,senate,45,4963
GWINNETT,040,house,97,3112
GWINNETT,040,senate,7,3112
GWINNETT,041,house,112,3187
GWINNETT,041,senate,43,3187
GWINNETT,042,house,102,1587
GWINNETT,042,senate,45,1587
GWINNETT,043,house,109,866
GWINNETT,043,senate,5,866
GWINNETT,044,house,95,2004
GWINNETT,044,senate,55,2004
GWINNETT,045,house,94,1772
GWINNETT,045,senate,55,1772
GWINNETT,046,house,95,921
GWINNETT,046,senate,55,921
GWINNETT,047,house,106,1890
GWINNETT,047,senate,9,1890
GWINNETT,048,house,96,1833
GWINNETT,048,senate,7,1833
GWINNETT,049,house,94,1103
GWINNETT,049,senate,55,1103
GWINNETT,050,house,96,929
GWINNETT,050,senate,5,929
GWINNETT,051,house,98,795
GWINNETT,051,senate,5,795
GWINNETT,052,house,108,1538
GWINNETT,052,senate,55,1538
GWINNETT,053,house,95,1867
GWINNETT,053,senate,55,1867
GWINNETT,054,house,100,3047
GWINNETT,054,senate,48,3047
GWINNETT,055,house,100,955
GWINNETT,055,house,103,1922
GWINNETT,055,senate,45,2877
GWINNETT,056,house,97,1187
GWINNETT,056,senate,7,1187
GWINNETT,057,house,97,2573
GWINNETT,057,senate,7,2573
GWINNETT,058,house,98,1280
GWINNETT,058,senate,5,1280
GWINNETT,059,house,97,1517
GWINNETT,059,senate,40,1517
GWINNETT,05K,house,59,1
GWINNETT,05K,senate,36,1
GWINNETT,060,house,102,1988
GWINNETT,060,senate,5,1988
GWINNETT,061,house,106,1242
GWINNETT,061,senate,5,660
GWINNETT,061,senate,9,582
GWINNETT,062,house,48,1643
GWINNETT,062,senate,7,1643
GWINNETT,063,house,48,1955
GWINNETT,063,senate,7,1955
GWINNETT,064,house,94,1807
GWINNETT,064,senate,55,1807
GWINNETT,065,house,108,318
GWINNETT,065,house,98,524
GWINNETT,065,senate,9,842
GWINNETT,066,house,98,1249
GWINNETT,066,senate,5,1249
GWINNETT,067,house,103,556
GWINNETT,067,house,105,2846
GWINNETT,067,senate,45,3402
GWINNETT,068,house,94,2005
GWINNETT,068,senate,9,2005
GWINNETT,069,house,94,1806
GWINNETT,069,senate,9,1806
GWINNETT,070,house,103,2354
GWINNETT,070,senate,7,2354
GWINNETT,071,house,102,1373
GWINNETT,071,house,111,825
GWINNETT,071,senate,5,2198
GWINNETT,072,house,109,1866
GWINNETT,072,senate,5,1866
GWINNETT,073,house,48,1188
GWINNETT,073,senate,40,1188
GWINNETT,074,house,109,595
GWINNETT,074,senate,5,595
GWINNETT,075,house,95,2922
GWINNETT,075,senate,55,2922
GWINNETT,076,house,93,2197
GWINNETT,076,senate,43,2197
GWINNETT,077,house,107,2786
GWINNETT,077,senate,7,2786
GWINNETT,078,house,102,2496
GWINNETT,078,senate,9,2496
GWINNETT,079,house,108,1553
GWINNETT,079,senate,9,1553
GWINNETT,080,house,110,3845
GWINNETT,080,senate,9,3845
GWINNETT,081,house,93,2349
GWINNETT,081,senate,55,2349
GWINNETT,082,house,97,2689
GWINNETT,082,senate,7,2689
GWINNETT,083,house,107,2129
GWINNETT,083,senate,7,2129
GWINNETT,084,house,106,1413
GWINNETT,084,senate,9,1413
GWINNETT,085,house,105,1061
GWINNETT,085,house,107,1375
GWINNETT,085,senate,7,2436
GWINNETT,086,house,109,1041
GWINNETT,086,senate,5,1041
GWINNETT,087,house,96,1630
GWINNETT,087,senate,5,1630
GWINNETT,088,house,95,2046
GWINNETT,088,senate,55,2046
GWINNETT,089,house,103,2368
GWINNETT,089,senate,45,2368
GWINNETT,08P1,house,56,1
GWINNETT,08P1,senate,39,1
GWINNETT,090,house,102,1664
GWINNETT,090,senate,7,1664
GWINNETT,091,house,110,2853
GWINNETT,091,senate,9,2853
GWINNETT,092,house,108,1664
GWINNETT,092,senate,9,1664
GWINNETT,093,house,108,2358
GWINNETT,093,senate,9,2358
GWINNETT,094,house,106,1457
GWINNETT,094,senate,9,1457
GWINNETT,095,house,107,1151
GWINNETT,095,house,96,1569
GWINNETT,095,senate,7,2720
GWINNETT,096,house,96,771
GWINNETT,096,house,99,1133
GWINNETT,096,senate,7,1904
GWINNETT,097,house,107,2783
GWINNETT,097,senate,7,2783
GWINNETT,098,house,107,1604
GWINNETT,098,senate,7,1604
GWINNETT,099,house,96,1654
GWINNETT,099,senate,7,1654
GWINNETT,100,house,99,3038
GWINNETT,100,senate,45,3038
GWINNETT,101,house,97,916
GWINNETT,101,senate,40,916
GWINNETT,102,house,103,1934
GWINNETT,102,senate,45,1934
GWINNETT,103,house,109,1244
GWINNETT,103,senate,9,1244
GWINNETT,104,house,93,3399
GWINNETT,104,senate,43,3399
GWINNETT,105,house,99,2272
GWINNETT,105,senate,48,2272
GWINNETT,106,house,99,3388
GWINNETT,106,senate,7,3388
GWINNETT,107,house,108,805
GWINNETT,107,senate,9,805
GWINNETT,108,house,110,1439
GWINNETT,108,house,93,642
GWINNETT,108,senate,43,2081
GWINNETT,109,house,108,1176
GWINNETT,109,senate,9,1176
GWINNETT,10D1,house,60,1
GWINNETT,10D1,senate,35,1
GWINNETT,110,house,107,910
GWINNETT,110,senate,5,910
GWINNETT,111,house,97,1782
GWINNETT,111,senate,7,1782
GWINNETT,112,house,108,2112
GWINNETT,112,senate,55,2112
GWINNETT,113,house,98,836
GWINNETT,113,senate,5,836
GWINNETT,114,house,96,794
GWINNETT,114,house,97,1425
GWINNETT,114,senate,5,671
GWINNETT,114,senate,7,1548
GWINNETT,115,house,106,2241
GWINNETT,115,senate,5,2241
GWINNETT,116,house,109,1650
GWINNETT,116,senate,5,1650
GWINNETT,117,house,109,1564
GWINNETT,117,senate,5,1564
GWINNETT,118,house,94,1033
GWINNETT,118,senate,55,1033
GWINNETT,119,house,108,1431
GWINNETT,119,senate,9,1431
GWINNETT,120,house,108,602
GWINNETT,120,senate,9,602
GWINNETT,121,house,97,2293
GWINNETT,121,senate,7,2293
GWINNETT,122,house,95,3144
GWINNETT,122,senate,43,3144
GWINNETT,123,house,98,1059
GWINNETT,123,senate,5,1059
GWINNETT,124,house,107,1144
GWINNETT,124,senate,7,1144
GWINNETT,125,house,48,1249
GWINNETT,125,senate,7,1249
GWINNETT,126,house,48,1883
GWINNETT,126,senate,40,1883
GWINNETT,127,house,106,1071
GWINNETT,127,senate,9,1071
GWINNETT,128,house,107,1642
GWINNETT,128,senate,7,1642
GWINNETT,129,house,104,3960
GWINNETT,129,senate,45,3960
GWINNETT,130,house,100,2933
GWINNETT,130,senate,48,2933
GWINNETT,131,house,99,2811
GWINNETT,131,senate,48,2811
GWINNETT,132,house,105,1849
GWINNETT,132,senate,7,1849
GWINNETT,133,house,111,3028
GWINNETT,133,senate,46,3028
GWINNETT,134,house,110,2666
GWINNETT,134,senate,9,2666
GWINNETT,135,house,104,2049
GWINNETT,135,senate,45,2049
GWINNETT,136,house,105,2749
GWINNETT,136,senate,45,2749
GWINNETT,137,house,105,2775
GWINNETT,137,senate,45,2775
GWINNETT,138,house,99,2779
GWINNETT,138,senate,7,2779
GWINNETT,139,house,106,2508
GWINNETT,139,senate,9,2508
GWINNETT,140,house,100,2686
GWINNETT,140,senate,48,2686
GWINNETT,141,house,100,1822
GWINNETT,141,senate,48,1822
GWINNETT,142,house,103,1159
GWINNETT,142,house,99,1156
GWINNETT,142,senate,45,2315
GWINNETT,143,house,106,2598
GWINNETT,143,senate,9,2598
GWINNETT,144,house,102,3705
GWINNETT,144,senate,5,3705
GWINNETT,145,house,110,4550
GWINNETT,145,senate,43,4550
GWINNETT,146,house,110,4690
GWINNETT,146,senate,9,4690
GWINNETT,147,house,102,517
GWINNETT,147,house,110,2627
GWINNETT,147,senate,9,3144
GWINNETT,148,house,108,940
GWINNETT,148,senate,9,940
GWINNETT,149,house,107,1330
GWINNETT,149,senate,7,1330
GWINNETT,150,house,96,1004
GWINNETT,150,senate,7,1004
GWINNETT,151,house,111,1789
GWINNETT,151,senate,46,1789
GWINNETT,152,house,105,3152
GWINNETT,152,senate,45,3152
GWINNETT,153,house,106,1147
GWINNETT,153,senate,9,1147
GWINNETT,154,house,105,2117
GWINNETT,154,senate,45,2117
GWINNETT,155,house,99,2334
GWINNETT,155,senate,7,2334
GWINNETT,156,house,93,2498
GWINNETT,156,senate,43,2498
GWINNETT,3000,house,31,1
GWINNETT,3000,senate,47,1
GWINNETT,3B,house,122,1
GWINNETT,3B,senate,46,1
GWINNETT,4,house,99,1
GWINNETT,4,senate,45,1
GWINNETT,44,house,95,1
GWINNETT,44,senate,55,1
GWINNETT,6,house,107,1
GWINNETT,6,senate,7,1
GWINNETT,BAYCREEK B,house,112,2
GWINNETT,BAYCREEK B,senate,43,2
GWINNETT,BAYCREEK C,house,110,2
GWINNETT,BAYCREEK C,senate,9,2
GWINNETT,BAYCREEK D,house,110,1
GWINNETT,BAYCREEK D,senate,9,1
GWINNETT,BAYCREEK F,house,110,1
GWINNETT,BAYCREEK F,senate,9,1
GWINNETT,BAYCREEK H,house,110,1
GWINNETT,BAYCREEK H,senate,9,1
GWINNETT,BAYCREEK J,house,93,1
GWINNETT,BAYCREEK J,senate,43,1
GWINNETT,BAYCREEK K,house,102,2
GWINNETT,BAYCREEK K,senate,9,2
GWINNETT,BERKSHIRE D,house,108,1
GWINNETT,BERKSHIRE D,senate,9,1
GWINNETT,BERKSHIRE M,house,108,1
GWINNETT,BERKSHIRE M,senate,9,1
GWINNETT,CATES A,house,110,2
GWINNETT,CATES A,senate,55,2
GWINNETT,CATES E,house,94,1
GWINNETT,CATES E,senate,55,1
GWINNETT,CATES G,house,106,1
GWINNETT,CATES G,senate,9,1
GWINNETT,CATES L,house,93,1
GWINNETT,CATES L,senate,55,1
GWINNETT,CATES M,house,108,1
GWINNETT,CATES M,senate,9,1
GWINNETT,CH,house,80,1
GWINNETT,CH,senate,40,1
GWINNETT,DACULA,house,105,1
GWINNETT,DACULA,senate,46,1
GWINNETT,DULUTH B,house,96,1
GWINNETT,DULUTH B,senate,7,1
GWINNETT,DULUTH E,house,97,1
GWINNETT,DULUTH E,senate,7,1
GWINNETT,DUNCANS A,house,104,1
GWINNETT,DUNCANS A,senate,45,1
GWINNETT,FM,house,87,1
GWINNETT,FM,senate,41,1
GWINNETT,GARNERS B,house,94,1
GWINNETT,GARNERS B,senate,55,1
GWINNETT,GOODWINS A,house,107,1
GWINNETT,GOODWINS A,senate,7,1
GWINNETT,GOODWINS I,house,107,1
GWINNETT,GOODWINS I,senate,7,1
GWINNETT,HARBINS A,house,111,1
GWINNETT,HARBINS A,senate,46,1
GWINNETT,HARBINS C,house,111,1
GWINNETT,HARBINS C,senate,46,1
GWINNETT,HOG MOUNTAIN D,house,105,1
GWINNETT,HOG MOUNTAIN D,senate,45,1
GWINNETT,LAWRENCEVILLE A,house,102,1
GWINNETT,LAWRENCEVILLE A,senate,9,1
GWINNETT,LAWRENCEVILLE D,house,102,2
GWINNETT,LAWRENCEVILLE D,senate,5,2
GWINNETT,LAWRENCEVILLE E,house,106,1
GWINNETT,LAWRENCEVILLE E,senate,5,1
GWINNETT,LAWRENCEVILLE F,house,111,1
GWINNETT,LAWRENCEVILLE F,senate,5,1
GWINNETT,LAWRENCEVILLE G,house,106,1
GWINNETT,LAWRENCEVILLE G,senate,9,1
GWINNETT,LAWRENCEVILLE L,house,106,5
GWINNETT,LAWRENCEVILLE L,senate,9,5
GWINNETT,MARTINS C,house,106,1
GWINNETT,MARTINS C,senate,9,1
GWINNETT,MARTINS H,house,106,1
GWINNETT,MARTINS H,senate,5,1
GWINNETT,MARTINS J,house,109,1
GWINNETT,MARTINS J,senate,5,1
GWINNETT,MARTINS K,house,106,2
GWINNETT,MARTINS K,senate,9,2
GWINNETT,PINCKNEYVILLE C,house,97,1
GWINNETT,PINCKNEYVILLE C,senate,40,1
GWINNETT,PINCKNEYVILLE F,house,96,2
GWINNETT,PINCKNEYVILLE F,senate,5,2
GWINNETT,PINCKNEYVILLE M,house,48,1
GWINNETT,PINCKNEYVILLE M,senate,7,1
GWINNETT,PINCKNEYVILLE P,house,48,1
GWINNETT,PINCKNEYVILLE P,senate,40,1
GWINNETT,PINCKNEYVILLE U,house,97,1
GWINNETT,PINCKNEYVILLE U,senate,40,1
GWINNETT,PUCKETTS D,house,105,1
GWINNETT,PUCKETTS D,senate,45,1
GWINNETT,ROCKBRIDGE C,house,95,1
GWINNETT,ROCKBRIDGE C,senate,55,1
GWINNETT,ROCKBRIDGE D,house,93,1
GWINNETT,ROCKBRIDGE D,senate,43,1
GWINNETT,ROCKYCREEK A,house,104,1
GWINNETT,ROCKYCREEK A,senate,45,1
GWINNETT,SK,house,88,1
GWINNETT,SK,senate,55,1
GWINNETT,STONE MOUNTAIN ELEM,house,88,1
GWINNETT,STONE MOUNTAIN ELEM,senate,55,1
GWINNETT,SUGAR HILL C,house,100,2
GWINNETT,SUGAR HILL C,senate,48,2
GWINNETT,SUGAR HILL F,house,99,1
GWINNETT,SUGAR HILL F,senate,48,1
GWINNETT,SUWANEE A,house,99,1
GWINNETT,SUWANEE A,senate,45,1
GWINNETT,SUWANEE C,house,99,1
GWINNETT,SUWANEE C,senate,7,1
GWINNETT,SUWANEE D,house,100,1
GWINNETT,SUWANEE D,senate,48,1
GWINNETT,SUWANEE F,house,99,1
GWINNETT,SUWANEE F,senate,45,1
GWINNETT,SUWANEE G,house,99,1
GWINNETT,SUWANEE G,senate,7,1
HABERSHAM,01,house,10,9143
HABERSHAM,01,senate,50,9143
HABERSHAM,02,house,10,4299
HABERSHAM,02,house,32,917
HABERSHAM,02,senate,50,5216
HABERSHAM,03,house,10,632
HABERSHAM,03,senate,50,632
HABERSHAM,04,house,32,439
HABERSHAM,04,senate,50,439
HABERSHAM,06,house,10,2883
HABERSHAM,06,senate,50,2883
HABERSHAM,07,house,10,1147
HABERSHAM,07,senate,50,1147
HABERSHAM,HABERSHAM SOUTH,house,10,1
HABERSHAM,HABERSHAM SOUTH,senate,50,1
HALL,001,house,28,1763
HALL,001,house,29,1703
HALL,001,senate,49,3466
HALL,002,house,29,2027
HALL,002,senate,49,2027
HALL,003,house,29,1614
HALL,003,senate,49,1614
HALL,004,house,29,2746
HALL,004,senate,49,2746
HALL,005,house,30,3375
HALL,005,senate,49,3375
HALL,006,house,30,2365
HALL,006,senate,49,2365
HALL,007,house,100,3694
HALL,007,senate,49,3694
HALL,008,house,30,2576
HALL,008,senate,49,2576
HALL,009,house,30,3035
HALL,009,senate,49,3035
HALL,010,house,30,3111
HALL,010,senate,49,3111
HALL,011,house,31,2650
HALL,011,senate,49,777
HALL,011,senate,50,1873
HALL,012,house,27,2377
HALL,012,senate,49,1757
HALL,012,senate,50,620
HALL,013,house,27,2061
HALL,013,senate,49,2061
HALL,014,house,27,2510
HALL,014,senate,49,2510
HALL,015,house,27,2283
HALL,015,senate,49,2283
HALL,016,house,27,3966
HALL,016,senate,49,3966
HALL,017,house,27,2686
HALL,017,senate,49,2686
HALL,018,house,28,2164
HALL,018,senate,49,2164
HALL,019,house,27,2873
HALL,019,senate,49,2873
HALL,020,house,27,2827
HALL,020,senate,49,2827
HALL,021,house,29,2309
HALL,021,senate,49,2309
HALL,022,house,29,1270
HALL,022,senate,49,1270
HALL,023,house,29,1801
HALL,023,senate,49,1801
HALL,024,house,29,1538
HALL,024,senate,49,1538
HALL,025,house,27,725
HALL,025,senate,49,725
HALL,026,house,27,625
HALL,026,senate,50,625
HALL,027,house,27,2898
HALL,027,senate,49,2898
HALL,028,house,30,6934
HALL,028,senate,49,6934
HALL,029,house,103,2546
HALL,029,senate,49,2546
HALL,030,house,30,3037
HALL,030,senate,49,3037
HALL,031,house,103,3162
HALL,031,senate,49,3162
HALL,2,house,29,2
HALL,2,senate,49,2
HALL,22,house,29,1
HALL,22,senate,49,1
HALL,24,house,29,1
HALL,24,senate,49,1
HALL,30,house,30,1
HALL,30,senate,49,1
HALL,8,house,30,3
HALL,8,senate,49,3
HALL,SM03,house,43,1
HALL,SM03,senate,33,1
HANCOCK,1A,house,128,675
HANCOCK,1A,senate,26,675
HANCOCK,1B,house,128,286
HANCOCK,1B,senate,26,286
HANCOCK,2A,house,128,450
HANCOCK,2A,senate,26,450
HANCOCK,2B,house,128,242
HANCOCK,2B,senate,26,242
HANCOCK,3A,house,128,129
HANCOCK,3A,senate,26,129
HANCOCK,3B,house,128,320
HANCOCK,3B,senate,26,320
HANCOCK,3C,house,128,204
HANCOCK,3C,senate,26,204
HANCOCK,4A,house,128,482
HANCOCK,4A,senate,26,482
HANCOCK,4B,house,128,163
HANCOCK,4B,senate,26,163
HANCOCK,4C,house,128,59
HANCOCK,4C,senate,26,59
HARALSON,02,house,18,3939
HARALSON,02,senate,30,3939
HARALSON,03,house,18,1496
HARALSON,03,senate,30,1496
HARALSON,04,house,18,401
HARALSON,04,senate,30,401
HARALSON,05,house,18,863
HARALSON,05,senate,30,863
HARALSON,06,house,18,413
HARALSON,06,senate,30,413
HARALSON,07,house,18,165
HARALSON,07,senate,30,165
HARALSON,08,house,18,335
HARALSON,08,senate,30,335
HARALSON,09,house,18,146
HARALSON,09,senate,30,146
HARALSON,10,house,18,990
HARALSON,10,senate,30,990
HARALSON,11,house,18,268
HARALSON,11,senate,30,268
HARALSON,12,house,18,1388
HARALSON,12,senate,30,1388
HARALSON,13,house,18,526
HARALSON,13,senate,30,526
HARRIS,CA,house,139,1861
HARRIS,CA,senate,29,1861
HARRIS,EL,house,139,2730
HARRIS,EL,senate,29,2730
HARRIS,GM,house,138,966
HARRIS,GM,senate,29,966
HARRIS,HA,house,138,1898
HARRIS,HA,senate,29,1898
HARRIS,L9,house,138,1433
HARRIS,L9,senate,29,1433
HARRIS,MG,house,138,2054
HARRIS,MG,senate,29,2054
HARRIS,PV,house,138,656
HARRIS,PV,senate,29,656
HARRIS,SK,house,138,330
HARRIS,SK,senate,29,330
HARRIS,U9,house,138,971
HARRIS,U9,senate,29,971
HARRIS,VP,house,138,355
HARRIS,VP,senate,29,355
HARRIS,WA,house,139,1681
HARRIS,WA,senate,29,1681
HARRIS,WH,house,138,826
HARRIS,WH,senate,29,826
HART,2,house,33,4233
HART,2,senate,24,4233
HART,3,house,33,1002
HART,3,senate,24,1002
HART,4,house,33,627
HART,4,senate,24,627
HART,5,house,33,2437
HART,5,senate,24,2437
HART,6,house,33,769
HART,6,senate,24,769
HART,7,house,33,989
HART,7,senate,24,989
HART,8,house,33,771
HART,8,senate,24,771
HART,HARTWELL,house,33,1
HART,HARTWELL,senate,24,1
HEARD,CEN,house,72,1061
HEARD,CEN,senate,6,1061
HEARD,COO,house,72,322
HEARD,COO,senate,6,322
HEARD,ENO,house,72,511
HEARD,ENO,senate,6,511
HEARD,EPH,house,72,567
HEARD,EPH,senate,6,567
HEARD,FRA,house,72,1205
HEARD,FRA,senate,6,1205
HEARD,SOU,house,72,303
HEARD,SOU,senate,6,303
HENRY,036,house,81,1
HENRY,036,senate,42,1
HENRY,25,house,117,4691
HENRY,25,senate,25,4691
HENRY,26,house,81,2084
HENRY,26,senate,25,2084
HENRY,27,house,81,2940
HENRY,27,senate,25,2940
HENRY,28,house,117,2688
HENRY,28,senate,17,2688
HENRY,29,house,117,6153
HENRY,29,senate,17,6153
HENRY,30,house,74,3294
HENRY,30,house,78,5
HENRY,30,senate,17,3299
HENRY,31,house,74,4195
HENRY,31,senate,17,4195
HENRY,32,house,78,4184
HENRY,32,senate,17,4184
HENRY,33,house,78,3490
HENRY,33,senate,17,3490
HENRY,34,house,117,3547
HENRY,34,senate,17,3541
HENRY,34,senate,42,6
HENRY,35,house,117,1932
HENRY,35,senate,42,1932
HENRY,36,house,81,2351
HENRY,36,senate,42,2351
HENRY,37,house,81,2675
HENRY,37,senate,42,2675
HENRY,38,house,115,3373
HENRY,38,senate,17,3373
HENRY,39,house,116,2723
HENRY,39,house,78,614
HENRY,39,senate,17,3337
HENRY,41,house,116,1942
HENRY,41,senate,10,1942
HENRY,42,house,115,3144
HENRY,42,senate,10,3144
HENRY,43,house,115,2752
HENRY,43,senate,10,2752
HENRY,44,house,115,2168
HENRY,44,senate,10,2168
HENRY,45,house,116,2059
HENRY,45,senate,10,2059
HENRY,46,house,116,2607
HENRY,46,senate,10,2607
HENRY,47,house,115,2841
HENRY,47,senate,10,2841
HENRY,48,house,81,3255
HENRY,48,senate,25,3255
HENRY,49,house,117,2001
HENRY,49,senate,17,2001
HENRY,50,house,78,3148
HENRY,50,senate,17,3148
HENRY,51,house,78,2628
HENRY,51,senate,17,2628
HENRY,52,house,81,3250
HENRY,52,senate,42,3250
HENRY,53,house,116,3009
HENRY,53,senate,17,3009
HENRY,54,house,78,2121
HENRY,54,senate,10,2121
HENRY,55,house,115,17
HENRY,55,house,81,2096
HENRY,55,senate,10,17
HENRY,55,senate,42,2096
HENRY,56,house,116,2102
HENRY,56,senate,10,2102
HENRY,57,house,78,1672
HENRY,57,senate,17,1672
HENRY,58,house,81,1959
HENRY,58,senate,25,1959
HENRY,59,house,81,2752
HENRY,59,senate,25,2752
HENRY,60,house,81,2436
HENRY,60,senate,17,1151
HENRY,60,senate,42,1285
HENRY,61,house,117,2671
HENRY,61,senate,42,2671
HENRY,62,house,81,1508
HENRY,62,senate,42,1508
HENRY,COTTON INDIAN,house,115,1
HENRY,COTTON INDIAN,senate,10,1
HOUSTON,4A,house,147,9
HOUSTON,4A,senate,26,9
HOUSTON,ANNX,house,147,3097
HOUSTON,ANNX,senate,18,3097
HOUSTON,BMS,house,146,5199
HOUSTON,BMS,senate,20,5199
HOUSTON,CENT,house,143,30
HOUSTON,CENT,house,147,4695
HOUSTON,CENT,senate,18,4725
HOUSTON,CGTC,house,146,3535
HOUSTON,CGTC,senate,20,3535
HOUSTON,FMMS,house,146,3649
HOUSTON,FMMS,house,147,1868
HOUSTON,FMMS,senate,18,2410
HOUSTON,FMMS,senate,20,3107
HOUSTON,HAFS,house,148,982
HOUSTON,HAFS,senate,20,982
HOUSTON,HEFS,house,148,863
HOUSTON,HEFS,senate,20,863
HOUSTON,HHPC,house,143,2520
HOUSTON,HHPC,house,147,2190
HOUSTON,HHPC,senate,26,4710
HOUSTON,MCMS,house,146,2221
HOUSTON,MCMS,house,147,4259
HOUSTON,MCMS,senate,18,1557
HOUSTON,MCMS,senate,20,4923
HOUSTON,NHSC,house,143,1516
HOUSTON,NHSC,senate,18,2
HOUSTON,NHSC,senate,26,1514
HOUSTON,PEC,house,146,4314
HOUSTON,PEC,senate,20,4314
HOUSTON,ROZR,house,146,1837
HOUSTON,ROZR,house,148,3617
HOUSTON,ROZR,senate,20,5454
HOUSTON,TMS,house,147,2847
HOUSTON,TMS,senate,18,2847
HOUSTON,TWPK,house,146,4503
HOUSTON,TWPK,senate,18,2538
HOUSTON,TWPK,senate,20,1965
HOUSTON,VFW,house,147,2949
HOUSTON,VFW,senate,26,2949
HOUSTON,VHS,house,146,3183
HOUSTON,VHS,house,148,1825
HOUSTON,VHS,senate,20,5008
HOUSTON,WELL,house,143,3554
HOUSTON,WELL,house,146,110
HOUSTON,WELL,house,147,55
HOUSTON,WELL,senate,20,110
HOUSTON,WELL,senate,26,3609
IRWIN,0901,house,169,883
IRWIN,0901,senate,13,883
IRWIN,1529,house,169,2300
IRWIN,1529,senate,13,2300
JACKSON,1000,house,31,11874
JACKSON,1000,senate,47,11872
JACKSON,1000,senate,50,2
JACKSON,2000,house,120,1631
JACKSON,2000,house,31,2437
JACKSON,2000,house,32,3764
JACKSON,2000,senate,47,3
JACKSON,2000,senate,50,7829
JACKSON,3000,house,119,1990
JACKSON,3000,house,31,11215
JACKSON,3000,senate,47,13205
JACKSON,4000,house,120,4772
JACKSON,4000,senate,47,4772
JACKSON,WEST JACKSON,house,31,1
JACKSON,WEST JACKSON,senate,47,1
JASPER,290,house,144,852
JASPER,290,senate,25,852
JASPER,295,house,144,3226
JASPER,295,senate,25,3226
JASPER,296,house,144,2401
JASPER,296,senate,25,2401
JEFFDAVIS,100,house,157,598
JEFFDAVIS,100,senate,19,598
JEFFDAVIS,201,house,157,360
JEFFDAVIS,201,senate,19,360
JEFFDAVIS,202,house,157,632
JEFFDAVIS,202,senate,19,632
JEFFDAVIS,301,house,157,309
JEFFDAVIS,301,senate,19,309
JEFFDAVIS,302,house,157,319
JEFFDAVIS,302,senate,19,319
JEFFDAVIS,401,house,157,507
JEFFDAVIS,401,senate,19,507
JEFFDAVIS,402,house,157,273
JEFFDAVIS,402,senate,19,273
JEFFDAVIS,501,house,157,684
JEFFDAVIS,501,senate,19,684
JEFFDAVIS,502,house,157,279
JEFFDAVIS,502,senate,19,279
JEFFERSON,0076,house,132,191
JEFFERSON,0076,senate,23,191
JEFFERSON,0077,house,132,206
JEFFERSON,0077,senate,23,206
JEFFERSON,0081,house,132,1037
JEFFERSON,0081,senate,23,1037
JEFFERSON,0082,house,132,1941
JEFFERSON,0082,senate,23,1941
JEFFERSON,0083,house,132,696
JEFFERSON,0083,senate,23,696
JEFFERSON,0085,house,132,199
JEFFERSON,0085,senate,23,199
JEFFERSON,1460,house,132,189
JEFFERSON,1460,senate,23,189
JEFFERSON,1593,house,132,106
JEFFERSON,1593,senate,23,106
JENKINS,1,house,126,477
JENKINS,1,senate,23,477
JENKINS,2,house,126,423
JENKINS,2,senate,23,423
JENKINS,3,house,126,530
JENKINS,3,senate,23,530
JENKINS,4,house,126,586
JENKINS,4,senate,23,586
JENKINS,5,house,126,378
JENKINS,5,senate,23,378
JOHNSON,1201,house,155,1648
JOHNSON,1201,senate,26,1648
JOHNSON,1266,house,155,311
JOHNSON,1266,senate,26,311
JOHNSON,1301,house,155,419
JOHNSON,1301,senate,26,419
JOHNSON,55,house,155,376
JOHNSON,55,senate,26,376
JOHNSON,WRIGHTSVILLE,house,155,1
JOHNSON,WRIGHTSVILLE,senate,26,1
JONES,1,house,144,2050
JONES,1,senate,25,2050
JONES,10,house,144,910
JONES,10,house,149,772
JONES,10,senate,25,1682
JONES,11,house,144,1107
JONES,11,senate,25,1107
JONES,2,house,144,1484
JONES,2,senate,25,1484
JONES,3,house,144,25
JONES,3,house,149,1263
JONES,3,senate,25,1288
JONES,4,house,144,400
JONES,4,house,149,476
JONES,4,senate,25,876
JONES,5,house,144,1052
JONES,5,senate,25,1052
JONES,6,house,144,775
JONES,6,senate,25,775
JONES,8,house,144,55
JONES,8,senate,25,55
JONES,9,house,144,1502
JONES,9,senate,25,1502
LAMAR,1711,house,134,1197
LAMAR,1711,senate,16,1197
LAMAR,1712A,house,135,1098
LAMAR,1712A,senate,16,1098
LAMAR,1712B,house,134,46
LAMAR,1712B,house,135,623
LAMAR,1712B,senate,16,669
LAMAR,1712C,house,134,502
LAMAR,1712C,senate,16,502
LAMAR,1713,house,134,1549
LAMAR,1713,house,135,760
LAMAR,1713,senate,16,2309
LAMAR,1714,house,135,2469
LAMAR,1714,senate,16,2469
LANIER,1,house,176,2770
LANIER,1,senate,8,2770
LANIER,LAKELAND,house,176,1
LANIER,LAKELAND,senate,8,1
LAURENS,03,house,155,2465
LAURENS,03,senate,20,2465
LAURENS,04,house,155,2031
LAURENS,04,senate,20,2031
LAURENS,05,house,155,2293
LAURENS,05,senate,20,2293
LAURENS,07,house,155,364
LAURENS,07,senate,20,364
LAURENS,08,house,155,129
LAURENS,08,senate,20,129
LAURENS,10,house,155,266
LAURENS,10,senate,20,266
LAURENS,11,house,155,661
LAURENS,11,senate,20,661
LAURENS,12,house,155,662
LAURENS,12,senate,20,662
LAURENS,13,house,155,743
LAURENS,13,senate,20,743
LAURENS,15,house,155,344
LAURENS,15,senate,20,344
LAURENS,16,house,155,1055
LAURENS,16,senate,20,1055
LAURENS,18,house,155,1265
LAURENS,18,senate,20,1265
LAURENS,19,house,155,282
LAURENS,19,senate,20,282
LAURENS,21,house,155,1191
LAURENS,21,senate,20,1191
LAURENS,22,house,155,932
LAURENS,22,senate,20,932
LEE,1,house,152,233
LEE,1,senate,13,233
LEE,10,house,152,2535
LEE,10,senate,13,2535
LEE,2,house,152,437
LEE,2,senate,13,437
LEE,3,house,152,387
LEE,3,senate,13,387
LEE,4,house,152,1722
LEE,4,senate,13,1722
LEE,5,house,152,853
LEE,5,senate,13,853
LEE,6,house,152,2472
LEE,6,senate,13,2472
LEE,7,house,152,1031
LEE,7,senate,13,1031
LEE,8,house,152,1240
LEE,8,senate,13,1240
LEE,9,house,152,1775
LEE,9,senate,13,1775
LIBERTY,1,house,168,566
LIBERTY,1,senate,1,566
LIBERTY,10,house,168,1948
LIBERTY,10,senate,1,1948
LIBERTY,11,house,168,1193
LIBERTY,11,senate,1,1193
LIBERTY,12,house,167,21
LIBERTY,12,house,168,883
LIBERTY,12,senate,1,904
LIBERTY,13,house,167,128
LIBERTY,13,house,168,1117
LIBERTY,13,senate,1,1245
LIBERTY,14,house,168,860
LIBERTY,14,senate,1,860
LIBERTY,2,house,168,1644
LIBERTY,2,senate,1,1644
LIBERTY,3,house,168,3077
LIBERTY,3,senate,1,3077
LIBERTY,4,house,168,1772
LIBERTY,4,senate,1,1772
LIBERTY,6,house,168,1272
LIBERTY,6,senate,1,1272
LIBERTY,7,house,167,7
LIBERTY,7,house,168,1563
LIBERTY,7,senate,1,1570
LIBERTY,9,house,168,1207
LIBERTY,9,senate,1,1207
LINCOLN,1-A,house,123,377
LINCOLN,1-A,senate,24,377
LINCOLN,1-B,house,123,580
LINCOLN,1-B,senate,24,580
LINCOLN,2,house,123,884
LINCOLN,2,senate,24,884
LINCOLN,3-A,house,123,338
LINCOLN,3-A,senate,24,338
LINCOLN,3-B,house,123,619
LINCOLN,3-B,senate,24,619
LINCOLN,4-A,house,123,394
LINCOLN,4-A,senate,24,394
LINCOLN,4-B,house,123,656
LINCOLN,4-B,senate,24,656
LONG,1,house,167,566
LONG,1,senate,19,566
LONG,2,house,167,1635
LONG,2,senate,19,1635
LONG,3,house,167,655
LONG,3,senate,19,655
LONG,4,house,167,919
LONG,4,senate,19,919
LONG,5,house,167,369
LONG,5,senate,19,369
LONG,6,house,167,164
LONG,6,senate,19,164
LONG,7,house,167,552
LONG,7,senate,19,552
LOWNDES,001,house,175,1596
LOWNDES,001,senate,8,1596
LOWNDES,002,house,175,937
LOWNDES,002,senate,8,937
LOWNDES,003,house,175,552
LOWNDES,003,senate,8,552
LOWNDES,004,house,175,1105
LOWNDES,004,house,176,735
LOWNDES,004,senate,8,1840
LOWNDES,005,house,175,2063
LOWNDES,005,house,177,2505
LOWNDES,005,senate,8,4568
LOWNDES,006,house,175,1428
LOWNDES,006,house,176,129
LOWNDES,006,house,177,265
LOWNDES,006,senate,8,1822
LOWNDES,008,house,177,2718
LOWNDES,008,senate,8,2718
LOWNDES,009,house,175,846
LOWNDES,009,house,176,51
LOWNDES,009,house,177,1089
LOWNDES,009,senate,8,1986
LOWNDES,010,house,174,823
LOWNDES,010,house,177,2785
LOWNDES,010,senate,8,3608
LOWNDES,011,house,174,676
LOWNDES,011,senate,8,676
LOWNDES,012,house,174,28
LOWNDES,012,house,175,5808
LOWNDES,012,house,177,3215
LOWNDES,012,senate,8,9051
LOWNDES,013,house,177,38
LOWNDES,013,senate,8,38
LOWNDES,014,house,177,1030
LOWNDES,014,senate,8,1030
LOWNDES,015,house,177,737
LOWNDES,015,senate,8,737
LOWNDES,016,house,175,1170
LOWNDES,016,senate,8,1170
LOWNDES,017,house,174,1175
LOWNDES,017,senate,8,1175
LOWNDES,018,house,174,941
LOWNDES,018,house,175,731
LOWNDES,018,senate,8,1672
LOWNDES,019,house,174,37
LOWNDES,019,house,175,1081
LOWNDES,019,senate,8,1118
LOWNDES,12,house,175,1
LOWNDES,12,senate,8,1
LOWNDES,AV,house,175,6
LOWNDES,AV,house,177,5
LOWNDES,AV,senate,8,11
LOWNDES,ELECTIONS OFFICE,house,177,2
LOWNDES,ELECTIONS OFFICE,senate,8,2
LOWNDES,S LOWNDES,house,175,1
LOWNDES,S LOWNDES,senate,8,1
LUMPKIN,DA,house,27,1665
LUMPKIN,DA,house,9,13270
LUMPKIN,DA,senate,51,14935
LUMPKIN,DAHLONEGA,house,9,6
LUMPKIN,DAHLONEGA,senate,51,6
MACON,1,house,150,654
MACON,1,senate,15,654
MACON,2,house,150,761
MACON,2,senate,15,761
MACON,3,house,150,516
MACON,3,senate,15,516
MACON,4,house,150,734
MACON,4,senate,15,734
MACON,5,house,150,629
MACON,5,senate,15,629
MADISON,COB,house,123,1873
MADISON,COB,senate,47,1873
MADISON,COL,house,123,327
MADISON,COL,senate,47,327
MADISON,COM,house,123,794
MADISON,COM,senate,47,794
MADISON,DAN,house,123,2133
MADISON,DAN,senate,47,2133
MADISON,FOR,house,123,210
MADISON,FOR,senate,47,210
MADISON,HAR,house,33,256
MADISON,HAR,senate,47,256
MADISON,HUL,house,123,2292
MADISON,HUL,house,33,35
MADISON,HUL,senate,47,2327
MADISON,ILA,house,33,979
MADISON,ILA,senate,47,979
MADISON,MIL,house,33,1085
MADISON,MIL,senate,47,1085
MADISON,PAO,house,123,129
MADISON,PAO,senate,47,129
MADISON,PIT,house,33,982
MADISON,PIT,senate,47,982
MADISON,POC,house,33,636
MADISON,POC,senate,47,636
MARION,339,house,151,400
MARION,339,senate,15,400
MARION,807,house,151,1309
MARION,807,senate,15,1309
MARION,808,house,151,163
MARION,808,senate,15,163
MARION,948,house,151,219
MARION,948,senate,15,219
MARION,955,house,151,345
MARION,955,senate,15,345
MARION,BRANTLEY,house,151,1
MARION,BRANTLEY,senate,15,1
MCDUFFIE,101,house,125,1055
MCDUFFIE,101,senate,23,1055
MCDUFFIE,102,house,128,2714
MCDUFFIE,102,senate,23,2714
MCDUFFIE,103,house,128,672
MCDUFFIE,103,senate,23,672
MCDUFFIE,104,house,128,641
MCDUFFIE,104,senate,23,641
MCDUFFIE,105,house,125,25
MCDUFFIE,105,house,128,1472
MCDUFFIE,105,senate,23,1497
MCDUFFIE,106,house,125,1086
MCDUFFIE,106,senate,23,1086
MCDUFFIE,107,house,128,672
MCDUFFIE,107,senate,23,672
MCDUFFIE,133A,house,128,18
MCDUFFIE,133A,senate,23,18
MCDUFFIE,133B,house,125,16
MCDUFFIE,133B,senate,23,16
MCDUFFIE,135,house,128,10
MCDUFFIE,135,senate,23,10
MCDUFFIE,136,house,128,30
MCDUFFIE,136,senate,23,30
MCINTOSH,1312,house,167,23
MCINTOSH,1312,senate,3,23
MCINTOSH,1515,house,167,1140
MCINTOSH,1515,senate,3,1140
MCINTOSH,1771,house,167,1505
MCINTOSH,1771,senate,3,1505
MCINTOSH,22,house,167,1683
MCINTOSH,22,senate,3,1683
MCINTOSH,271,house,167,1418
MCINTOSH,271,senate,3,1418
MERIWETHER,01,house,137,190
MERIWETHER,01,senate,29,190
MERIWETHER,02,house,137,672
MERIWETHER,02,senate,29,672
MERIWETHER,03,house,137,348
MERIWETHER,03,senate,29,348
MERIWETHER,04,house,136,181
MERIWETHER,04,senate,29,181
MERIWETHER,05,house,136,1078
MERIWETHER,05,senate,29,1078
MERIWETHER,06,house,136,696
MERIWETHER,06,senate,29,696
MERIWETHER,07,house,136,1366
MERIWETHER,07,senate,29,1366
MERIWETHER,08,house,136,751
MERIWETHER,08,senate,29,751
MERIWETHER,09,house,136,180
MERIWETHER,09,senate,29,180
MERIWETHER,10,house,136,605
MERIWETHER,10,senate,29,605
MERIWETHER,11,house,137,504
MERIWETHER,11,senate,29,504
MERIWETHER,12,house,137,304
MERIWETHER,12,senate,29,304
MERIWETHER,13,house,136,263
MERIWETHER,13,senate,29,263
MERIWETHER,14,house,136,99
MERIWETHER,14,senate,29,99
MILLER,1,house,154,1952
MILLER,1,senate,12,1952
MITCHELL,BA,house,171,417
MITCHELL,BA,senate,12,417
MITCHELL,BV,house,171,267
MITCHELL,BV,senate,12,267
MITCHELL,CN,house,171,867
MITCHELL,CN,senate,12,867
MITCHELL,CS,house,171,1890
MITCHELL,CS,senate,12,1890
MITCHELL,CT,house,171,132
MITCHELL,CT,senate,12,132
MITCHELL,HF,house,171,132
MITCHELL,HF,senate,12,132
MITCHELL,HI,house,171,41
MITCHELL,HI,senate,12,41
MITCHELL,LS,house,171,511
MITCHELL,LS,senate,12,511
MITCHELL,PC,house,171,53
MITCHELL,PC,senate,12,53
MITCHELL,PE,house,171,1438
MITCHELL,PE,senate,12,1438
MITCHELL,SC,house,171,98
MITCHELL,SC,senate,12,98
MONROE,01,house,144,1585
MONROE,01,senate,18,1585
MONROE,02,house,145,765
MONROE,02,senate,18,765
MONROE,03,house,145,1529
MONROE,03,senate,18,1529
MONROE,04,house,118,423
MONROE,04,senate,18,423
MONROE,05,house,145,517
MONROE,05,senate,18,517
MONROE,06,house,145,180
MONROE,06,senate,18,180
MONROE,07,house,118,673
MONROE,07,senate,18,673
MONROE,08,house,118,1510
MONROE,08,senate,18,1510
MONROE,09,house,145,2770
MONROE,09,senate,18,2770
MONROE,10,house,118,1068
MONROE,10,senate,18,1068
MONROE,11,house,145,365
MONROE,11,senate,18,365
MONROE,12,house,118,878
MONROE,12,senate,18,878
MONROE,13,house,118,744
MONROE,13,senate,18,744
MONROE,14,house,145,247
MONROE,14,senate,18,247
MONROE,MIDDLEBROOKS,house,118,1
MONROE,MIDDLEBROOKS,senate,18,1
MONTGOMERY,01,house,156,1032
MONTGOMERY,01,senate,19,1032
MONTGOMERY,02,house,156,913
MONTGOMERY,02,senate,19,913
MONTGOMERY,03,house,156,611
MONTGOMERY,03,senate,19,611
MORGAN,01,house,114,1756
MORGAN,01,senate,42,1756
MORGAN,02,house,114,1873
MORGAN,02,senate,42,1873
MORGAN,03,house,114,1974
MORGAN,03,senate,42,1974
MORGAN,04,house,114,2390
MORGAN,04,senate,42,2390
MORGAN,05,house,114,2190
MORGAN,05,senate,42,2190
MURRAY,1013,house,6,1516
MURRAY,1013,senate,54,1516
MURRAY,1039,house,6,1468
MURRAY,1039,senate,54,1468
MURRAY,1291,house,6,1399
MURRAY,1291,senate,54,1399
MURRAY,1895,house,6,2050
MURRAY,1895,senate,54,2050
MURRAY,824,house,6,3835
MURRAY,824,senate,54,3835
MURRAY,872,house,6,1103
MURRAY,872,senate,54,1103
MURRAY,874,house,6,1070
MURRAY,874,senate,54,1070
MURRAY,NORTH,house,6,3
MURRAY,NORTH,senate,54,3
MUSCOGEE,101,house,140,2144
MUSCOGEE,101,senate,15,2144
MUSCOGEE,102,house,140,1648
MUSCOGEE,102,senate,15,1648
MUSCOGEE,103,house,141,2631
MUSCOGEE,103,senate,15,2631
MUSCOGEE,104,house,139,1184
MUSCOGEE,104,senate,29,1184
MUSCOGEE,105,house,139,1691
MUSCOGEE,105,senate,29,1691
MUSCOGEE,106,house,139,3892
MUSCOGEE,106,senate,29,3892
MUSCOGEE,107,house,140,1681
MUSCOGEE,107,senate,15,993
MUSCOGEE,107,senate,29,688
MUSCOGEE,108,house,138,4056
MUSCOGEE,108,senate,29,4056
MUSCOGEE,109,house,138,1824
MUSCOGEE,109,senate,29,1824
MUSCOGEE,110,house,140,678
MUSCOGEE,110,house,141,1024
MUSCOGEE,110,senate,15,1702
MUSCOGEE,112,house,140,2667
MUSCOGEE,112,house,141,64
MUSCOGEE,112,senate,15,2731
MUSCOGEE,113,house,141,2947
MUSCOGEE,113,senate,15,2947
MUSCOGEE,114,house,137,2077
MUSCOGEE,114,senate,15,2077
MUSCOGEE,115,house,137,1403
MUSCOGEE,115,house,141,1486
MUSCOGEE,115,senate,15,2889
MUSCOGEE,116,house,137,2617
MUSCOGEE,116,house,141,820
MUSCOGEE,116,senate,15,3437
MUSCOGEE,117,house,141,2937
MUSCOGEE,117,senate,15,2937
MUSCOGEE,118,house,139,3253
MUSCOGEE,118,senate,15,3253
MUSCOGEE,119,house,139,2602
MUSCOGEE,119,senate,29,2602
MUSCOGEE,120,house,139,2580
MUSCOGEE,120,house,141,1855
MUSCOGEE,120,senate,29,4435
MUSCOGEE,121,house,141,1610
MUSCOGEE,121,senate,15,1610
MUSCOGEE,122,house,140,739
MUSCOGEE,122,senate,15,739
MUSCOGEE,124,house,139,975
MUSCOGEE,124,house,140,817
MUSCOGEE,124,senate,15,1792
MUSCOGEE,125,house,140,879
MUSCOGEE,125,senate,15,879
MUSCOGEE,126,house,141,1550
MUSCOGEE,126,senate,15,1550
MUSCOGEE,127,house,137,5084
MUSCOGEE,127,senate,29,5084
MUSCOGEE,CANAAN,house,137,1
MUSCOGEE,CANAAN,senate,15,1
MUSCOGEE,COLUMBUS PUBLIC LIBRARY,house,140,1
MUSCOGEE,COLUMBUS PUBLIC LIBRARY,senate,15,1
MUSCOGEE,COLUMBUS TECH,house,140,1
MUSCOGEE,COLUMBUS TECH,senate,15,1
MUSCOGEE,FIRST AFRICAN,house,140,1
MUSCOGEE,FIRST AFRICAN,senate,15,1
MUSCOGEE,MT PILGRIM,house,141,1
MUSCOGEE,MT PILGRIM,senate,15,1
MUSCOGEE,NEW MT PILGRIM,house,141,1
MUSCOGEE,NEW MT PILGRIM,senate,15,1
MUSCOGEE,PSALMOND,house,137,2
MUSCOGEE,PSALMOND,senate,29,2
MUSCOGEE,ST ANDREWS,house,139,1
MUSCOGEE,ST ANDREWS,senate,29,1
NEWTON,02TN,house,113,2881
NEWTON,02TN,senate,42,2881
NEWTON,03ALM,house,113,2276
NEWTON,03ALM,senate,43,2276
NEWTON,04ALC,house,114,2761
NEWTON,04ALC,senate,42,2761
NEWTON,05CM,house,113,2577
NEWTON,05CM,house,118,429
NEWTON,05CM,senate,42,3006
NEWTON,06BRW,house,118,1647
NEWTON,06BRW,senate,42,1647
NEWTON,07BS,house,114,1502
NEWTON,07BS,senate,42,1502
NEWTON,09LIV,house,118,2791
NEWTON,09LIV,senate,42,2791
NEWTON,10DN,house,113,2986
NEWTON,10DN,senate,42,2986
NEWTON,12GC,house,114,2965
NEWTON,12GC,senate,42,2965
NEWTON,13BD,house,113,3081
NEWTON,13BD,senate,42,3081
NEWTON,14LEG,house,118,1792
NEWTON,14LEG,senate,42,1792
NEWTON,15MN,house,114,1107
NEWTON,15MN,senate,42,1107
NEWTON,17OXF,house,114,2488
NEWTON,17OXF,senate,42,2488
NEWTON,18RP,house,118,2409
NEWTON,18RP,senate,42,2409
NEWTON,19BC,house,113,2590
NEWTON,19BC,senate,42,2590
NEWTON,20STN,house,113,2794
NEWTON,20STN,house,118,18
NEWTON,20STN,senate,42,18
NEWTON,20STN,senate,43,2794
NEWTON,23FV,house,113,853
NEWTON,23FV,senate,43,853
NEWTON,24CRW,house,113,2316
NEWTON,24CRW,senate,43,2316
NEWTON,25HB,house,114,1375
NEWTON,25HB,senate,42,1375
OCONEE,01-CH,house,121,3016
OCONEE,01-CH,senate,46,3016
OCONEE,02-CF,house,121,2657
OCONEE,02-CF,senate,46,2657
OCONEE,03,house,121,1
OCONEE,03,senate,46,1
OCONEE,03-BI,house,121,2052
OCONEE,03-BI,senate,46,2052
OCONEE,04,house,121,1
OCONEE,04,senate,46,1
OCONEE,04-NO,house,121,2277
OCONEE,04-NO,senate,46,2277
OCONEE,05-DC,house,121,2918
OCONEE,05-DC,senate,46,2918
OCONEE,06-BO,house,120,1439
OCONEE,06-BO,senate,46,1439
OCONEE,07-MH,house,120,2984
OCONEE,07-MH,senate,46,2984
OCONEE,08-CC,house,121,5446
OCONEE,08-CC,senate,46,5446
OGLETHORPE,BV,house,124,2021
OGLETHORPE,BV,senate,24,2021
OGLETHORPE,CR,house,124,1846
OGLETHORPE,CR,senate,24,1846
OGLETHORPE,LX,house,124,2914
OGLETHORPE,LX,senate,24,2914
PAULDING,0001B,house,16,2279
PAULDING,0001B,senate,31,2279
PAULDING,0002C,house,16,2681
PAULDING,0002C,house,17,270
PAULDING,0002C,senate,31,2951
PAULDING,0003C,house,16,1272
PAULDING,0003C,house,17,3731
PAULDING,0003C,senate,31,5003
PAULDING,0004C,house,17,4404
PAULDING,0004C,house,19,1219
PAULDING,0004C,senate,31,5623
PAULDING,0005C,house,17,6014
PAULDING,0005C,senate,31,6014
PAULDING,0006B,house,17,864
PAULDING,0006B,house,19,2537
PAULDING,0006B,senate,31,3401
PAULDING,0007B,house,16,12
PAULDING,0007B,house,17,3604
PAULDING,0007B,senate,31,3616
PAULDING,0008C,house,19,5660
PAULDING,0008C,senate,31,5660
PAULDING,0009B,house,19,1550
PAULDING,0009B,senate,31,1550
PAULDING,0010B,house,17,111
PAULDING,0010B,house,19,2212
PAULDING,0010B,senate,31,2323
PAULDING,0011C,house,19,462
PAULDING,0011C,house,40,2801
PAULDING,0011C,senate,30,1771
PAULDING,0011C,senate,31,1492
PAULDING,0012C,house,19,1116
PAULDING,0012C,senate,31,1116
PAULDING,0013B,house,18,791
PAULDING,0013B,house,40,4331
PAULDING,0013B,senate,30,3064
PAULDING,0013B,senate,31,2058
PAULDING,0014B,house,17,3314
PAULDING,0014B,house,40,2544
PAULDING,0014B,senate,31,5858
PAULDING,0015C,house,17,318
PAULDING,0015C,house,18,4055
PAULDING,0015C,house,40,528
PAULDING,0015C,senate,30,3322
PAULDING,0015C,senate,31,1579
PAULDING,0016C,house,17,2299
PAULDING,0016C,senate,31,2299
PAULDING,0017C,house,16,29
PAULDING,0017C,house,17,550
PAULDING,0017C,senate,31,579
PAULDING,0018C,house,19,389
PAULDING,0018C,house,40,4314
PAULDING,0018C,senate,31,4703
PAULDING,0019C,house,16,1694
PAULDING,0019C,senate,31,1694
PAULDING,0020B,house,16,697
PAULDING,0020B,senate,31,697
PAULDING,0021B,house,19,5154
PAULDING,0021B,senate,31,5154
PAULDING,F1,house,150,1
PAULDING,F1,senate,18,1
PEACH,B1,house,134,1778
PEACH,B1,senate,18,1778
PEACH,B2,house,134,3546
PEACH,B2,house,147,1
PEACH,B2,senate,18,3547
PEACH,C1,house,134,8
PEACH,C1,house,147,565
PEACH,C1,senate,18,573
PEACH,F1,house,147,1
PEACH,F1,house,150,1341
PEACH,F1,senate,18,1342
PEACH,F2,house,150,1220
PEACH,F2,senate,18,1220
PEACH,F3,house,150,1289
PEACH,F3,senate,18,1289
PEACH,FORT VALLEY #3,house,150,1
PEACH,FORT VALLEY #3,senate,18,1
PEACH,P1,house,147,943
PEACH,P1,senate,18,943
PICKENS,1,house,11,2563
PICKENS,1,senate,51,2563
PICKENS,10,house,11,1818
PICKENS,10,senate,51,1818
PICKENS,11,house,11,1297
PICKENS,11,senate,51,1297
PICKENS,12,house,11,1603
PICKENS,12,senate,51,1603
PICKENS,2,house,11,1459
PICKENS,2,senate,51,1459
PICKENS,3,house,11,452
PICKENS,3,senate,51,452
PICKENS,4,house,11,590
PICKENS,4,senate,51,590
PICKENS,5,house,11,318
PICKENS,5,senate,51,318
PICKENS,6,house,11,795
PICKENS,6,senate,51,795
PICKENS,7,house,11,1191
PICKENS,7,senate,51,1191
PICKENS,8,house,11,2067
PICKENS,8,senate,51,2067
PICKENS,9,house,11,1715
PICKENS,9,senate,51,1715
PIERCE,0001,house,178,1989
PIERCE,0001,senate,8,1989
PIERCE,0002,house,178,2023
PIERCE,0002,senate,8,2023
PIERCE,3A,house,178,906
PIERCE,3A,senate,8,906
PIERCE,3B,house,178,994
PIERCE,3B,senate,8,994
PIERCE,4A,house,178,663
PIERCE,4A,senate,8,663
PIERCE,4B,house,178,340
PIERCE,4B,senate,8,340
PIERCE,4C,house,178,756
PIERCE,4C,senate,8,756
PIERCE,4D,house,178,430
PIERCE,4D,senate,8,430
PIKE,1,house,135,879
PIKE,1,senate,16,879
PIKE,2,house,135,1291
PIKE,2,senate,16,1291
PIKE,3,house,135,902
PIKE,3,senate,16,902
PIKE,4,house,135,1026
PIKE,4,senate,16,1026
PIKE,5,house,135,1939
PIKE,5,senate,16,1939
PIKE,6,house,135,786
PIKE,6,senate,16,786
PIKE,7,house,135,1425
PIKE,7,senate,16,1425
PIKE,8,house,135,1586
PIKE,8,senate,16,1586
POLK,01,house,16,1963
POLK,01,senate,31,1963
POLK,02,house,16,943
POLK,02,senate,31,943
POLK,03,house,16,3461
POLK,03,senate,31,3461
POLK,04,house,16,1736
POLK,04,senate,31,1736
POLK,05,house,16,1816
POLK,05,senate,31,1816
POLK,06,house,16,3806
POLK,06,senate,31,3806
POLK,07,house,16,1238
POLK,07,senate,31,1238
PULASKI,ANNEX,house,148,3577
PULASKI,ANNEX,senate,20,3577
PUTNAM,101,house,144,1882
PUTNAM,101,senate,25,1882
PUTNAM,104,house,124,2106
PUTNAM,104,senate,25,2106
PUTNAM,105,house,124,2711
PUTNAM,105,senate,25,2711
PUTNAM,106,house,124,848
PUTNAM,106,senate,25,848
PUTNAM,107,house,144,2772
PUTNAM,107,senate,25,2772
QUITMAN,G,house,154,776
QUITMAN,G,senate,12,776
QUITMAN,M,house,154,26
QUITMAN,M,senate,12,26
RABUN,RABUN,house,10,9145
RABUN,RABUN,senate,50,9145
RANDOLPH,131,house,154,103
RANDOLPH,131,senate,12,103
RANDOLPH,334,house,154,293
RANDOLPH,334,senate,12,293
RANDOLPH,4,house,154,1
RANDOLPH,4,senate,12,1
RANDOLPH,566,house,154,110
RANDOLPH,566,senate,12,110
RANDOLPH,718A,house,154,1232
RANDOLPH,718A,senate,12,1232
RANDOLPH,718B,house,154,141
RANDOLPH,718B,senate,12,141
RANDOLPH,954,house,154,117
RANDOLPH,954,senate,12,117
RICHMOND,09H,house,55,1
RICHMOND,09H,senate,38,1
RICHMOND,101,house,129,606
RICHMOND,101,senate,22,606
RICHMOND,102,house,129,303
RICHMOND,102,senate,22,303
RICHMOND,103,house,129,417
RICHMOND,103,senate,22,417
RICHMOND,104,house,130,865
RICHMOND,104,senate,22,865
RICHMOND,105,house,129,333
RICHMOND,105,senate,22,333
RICHMOND,106,house,129,196
RICHMOND,106,senate,22,196
RICHMOND,107,house,127,811
RICHMOND,107,senate,22,811
RICHMOND,108,house,129,231
RICHMOND,108,senate,22,231
RICHMOND,109,house,130,139
RICHMOND,109,senate,22,139
RICHMOND,110,house,129,343
RICHMOND,110,senate,22,343
RICHMOND,111,house,129,495
RICHMOND,111,senate,22,495
RICHMOND,112,house,129,587
RICHMOND,112,senate,22,587
RICHMOND,115,house,130,129
RICHMOND,115,senate,22,129
RICHMOND,201,house,129,763
RICHMOND,201,senate,22,763
RICHMOND,202,house,130,1474
RICHMOND,202,senate,22,1474
RICHMOND,203,house,129,237
RICHMOND,203,senate,22,237
RICHMOND,204,house,129,660
RICHMOND,204,senate,22,660
RICHMOND,207,house,129,689
RICHMOND,207,senate,22,689
RICHMOND,208,house,129,763
RICHMOND,208,senate,22,763
RICHMOND,210,house,129,601
RICHMOND,210,senate,22,601
RICHMOND,301,house,127,1055
RICHMOND,301,senate,22,1055
RICHMOND,302,house,129,275
RICHMOND,302,senate,22,275
RICHMOND,303,house,129,909
RICHMOND,303,senate,22,909
RICHMOND,304,house,129,354
RICHMOND,304,senate,22,354
RICHMOND,306,house,132,1845
RICHMOND,306,senate,22,1845
RICHMOND,307,house,129,862
RICHMOND,307,senate,22,862
RICHMOND,308,house,127,265
RICHMOND,308,senate,22,265
RICHMOND,310,house,132,3032
RICHMOND,310,senate,22,3032
RICHMOND,401,house,132,655
RICHMOND,401,senate,22,655
RICHMOND,402,house,132,906
RICHMOND,402,senate,22,906
RICHMOND,403,house,126,929
RICHMOND,403,senate,22,929
RICHMOND,405,house,126,3137
RICHMOND,405,senate,22,3137
RICHMOND,406,house,126,1708
RICHMOND,406,senate,22,1708
RICHMOND,501,house,130,1349
RICHMOND,501,senate,22,1349
RICHMOND,502,house,132,1100
RICHMOND,502,senate,22,1100
RICHMOND,503,house,129,834
RICHMOND,503,senate,22,834
RICHMOND,504,house,130,1346
RICHMOND,504,senate,22,1346
RICHMOND,505,house,132,689
RICHMOND,505,senate,22,689
RICHMOND,506,house,132,1819
RICHMOND,506,senate,22,1819
RICHMOND,507,house,132,357
RICHMOND,507,senate,22,357
RICHMOND,601,house,130,1544
RICHMOND,601,senate,22,1544
RICHMOND,602,house,130,239
RICHMOND,602,senate,22,239
RICHMOND,604,house,130,562
RICHMOND,604,senate,22,562
RICHMOND,605,house,130,1418
RICHMOND,605,senate,22,1418
RICHMOND,606,house,126,743
RICHMOND,606,senate,22,743
RICHMOND,607,house,130,1895
RICHMOND,607,senate,22,1895
RICHMOND,608,house,130,64
RICHMOND,608,senate,23,64
RICHMOND,701,house,127,1304
RICHMOND,701,senate,22,1304
RICHMOND,702,house,129,675
RICHMOND,702,senate,22,675
RICHMOND,703,house,129,1476
RICHMOND,703,senate,22,1476
RICHMOND,704,house,127,308
RICHMOND,704,senate,22,308
RICHMOND,705,house,127,1287
RICHMOND,705,senate,22,1287
RICHMOND,706,house,127,2054
RICHMOND,706,senate,22,2054
RICHMOND,707,house,129,1179
RICHMOND,707,senate,22,1179
RICHMOND,708,house,127,181
RICHMOND,708,senate,22,181
RICHMOND,709,house,127,324
RICHMOND,709,senate,22,324
RICHMOND,801,house,132,25
RICHMOND,801,senate,23,25
RICHMOND,801B,house,132,152
RICHMOND,801B,senate,23,152
RICHMOND,802,house,130,1074
RICHMOND,802,senate,23,1074
RICHMOND,803,house,132,42
RICHMOND,803,senate,22,42
RICHMOND,804,house,126,914
RICHMOND,804,senate,22,914
RICHMOND,804H,house,126,1299
RICHMOND,804H,senate,22,1299
RICHMOND,805,house,130,325
RICHMOND,805,senate,22,325
RICHMOND,806,house,130,1033
RICHMOND,806,senate,23,1033
RICHMOND,807,house,126,593
RICHMOND,807,senate,22,593
RICHMOND,808,house,130,1034
RICHMOND,808,senate,23,1034
RICHMOND,810,house,126,347
RICHMOND,810,senate,23,347
RICHMOND,811,house,132,118
RICHMOND,811,senate,23,118
ROCKDALE,BA,house,91,2679
ROCKDALE,BA,senate,43,2679
ROCKDALE,BT,house,92,384
ROCKDALE,BT,house,93,1604
ROCKDALE,BT,senate,43,1988
ROCKDALE,CO,house,92,1637
ROCKDALE,CO,senate,43,1637
ROCKDALE,FI,house,92,3490
ROCKDALE,FI,senate,43,3490
ROCKDALE,FS,house,92,2274
ROCKDALE,FS,senate,43,2274
ROCKDALE,HC,house,91,1269
ROCKDALE,HC,senate,43,1269
ROCKDALE,HI,house,92,2040
ROCKDALE,HI,senate,43,2040
ROCKDALE,LA,house,93,932
ROCKDALE,LA,senate,43,932
ROCKDALE,LO,house,91,2294
ROCKDALE,LO,senate,43,2294
ROCKDALE,MA,house,91,1654
ROCKDALE,MA,senate,43,1654
ROCKDALE,MI,house,92,2279
ROCKDALE,MI,senate,43,2279
ROCKDALE,OT,house,92,3290
ROCKDALE,OT,senate,43,3290
ROCKDALE,RO,house,92,2867
ROCKDALE,RO,senate,43,2867
ROCKDALE,SM,house,92,2535
ROCKDALE,SM,senate,43,2535
ROCKDALE,SP,house,91,507
ROCKDALE,SP,house,92,2265
ROCKDALE,SP,senate,43,2772
ROCKDALE,ST,house,91,1885
ROCKDALE,ST,senate,43,1885
SCHLEY,01,house,151,1958
SCHLEY,01,senate,15,1958
SCREVEN,01,house,159,691
SCREVEN,01,senate,23,691
SCREVEN,02,house,159,567
SCREVEN,02,senate,23,567
SCREVEN,03,house,159,894
SCREVEN,03,senate,23,894
SCREVEN,04,house,159,599
SCREVEN,04,senate,23,599
SCREVEN,05,house,159,717
SCREVEN,05,senate,23,717
SCREVEN,06,house,159,796
SCREVEN,06,senate,23,796
SCREVEN,07,house,159,706
SCREVEN,07,senate,23,706
SCREVEN,BAY BRANCH FIRE STATION 9,house,159,1
SCREVEN,BAY BRANCH FIRE STATION 9,senate,23,1
SCREVEN,FIRE STATION #10-ROBBINS BRANCH,house,159,14
SCREVEN,FIRE STATION #10-ROBBINS BRANCH,senate,23,14
SCREVEN,HILTONIA TOWN HALL,house,159,12
SCREVEN,HILTONIA TOWN HALL,senate,23,12
SCREVEN,JENK HILL FIRE STATION,house,159,3
SCREVEN,JENK HILL FIRE STATION,senate,23,3
SCREVEN,ROCKY FORD,house,159,16
SCREVEN,ROCKY FORD,senate,23,16
SEMINOLE,1,house,154,542
SEMINOLE,1,senate,11,542
SEMINOLE,2,house,154,549
SEMINOLE,2,senate,11,549
SEMINOLE,3,house,154,350
SEMINOLE,3,senate,11,350
SEMINOLE,4,house,154,460
SEMINOLE,4,senate,11,460
SEMINOLE,5,house,154,562
SEMINOLE,5,senate,11,562
SPALDING,01,house,135,590
SPALDING,01,senate,16,590
SPALDING,02,house,82,674
SPALDING,02,senate,16,674
SPALDING,03,house,135,1942
SPALDING,03,senate,16,1942
SPALDING,05,house,135,656
SPALDING,05,house,82,1069
SPALDING,05,senate,16,1725
SPALDING,06,house,135,907
SPALDING,06,senate,16,907
SPALDING,07,house,135,1082
SPALDING,07,senate,16,1082
SPALDING,08,house,135,1108
SPALDING,08,senate,16,1108
SPALDING,09,house,135,1047
SPALDING,09,house,82,974
SPALDING,09,senate,16,2021
SPALDING,10,house,135,1090
SPALDING,10,house,82,73
SPALDING,10,senate,16,1163
SPALDING,11,house,135,1609
SPALDING,11,senate,16,1609
SPALDING,12,house,82,1269
SPALDING,12,senate,16,1269
SPALDING,13,house,82,1300
SPALDING,13,senate,16,1300
SPALDING,14,house,82,755
SPALDING,14,senate,16,755
SPALDING,16,house,82,2110
SPALDING,16,senate,16,2110
SPALDING,19,house,82,1632
SPALDING,19,senate,16,1632
SPALDING,20,house,135,1292
SPALDING,20,senate,16,1292
SPALDING,21,house,82,4063
SPALDING,21,senate,16,4063
STEPHENS,SC1,house,32,11352
STEPHENS,SC1,senate,50,11352
STEWART,02,house,151,520
STEWART,02,senate,12,520
STEWART,04,house,151,123
STEWART,04,senate,12,123
STEWART,05,house,151,629
STEWART,05,senate,12,629
STEWART,06,house,151,41
STEWART,06,senate,12,41
SUMTER,15,house,151,800
SUMTER,15,senate,12,800
SUMTER,17,house,151,266
SUMTER,17,senate,12,266
SUMTER,28,house,150,535
SUMTER,28,senate,12,535
SUMTER,29,house,150,146
SUMTER,29,senate,12,146
SUMTER,C1-27,house,150,1126
SUMTER,C1-27,house,151,94
SUMTER,C1-27,senate,12,1220
SUMTER,C2-27,house,150,1159
SUMTER,C2-27,house,151,464
SUMTER,C2-27,senate,12,1623
SUMTER,C3-27,house,150,10
SUMTER,C3-27,house,151,1269
SUMTER,C3-27,senate,12,1279
SUMTER,E-27,house,150,1032
SUMTER,E-27,senate,12,1032
SUMTER,N-26,house,151,180
SUMTER,N-26,senate,12,180
SUMTER,O-26,house,151,476
SUMTER,O-26,senate,12,476
SUMTER,W-27,house,151,1165
SUMTER,W-27,senate,12,1165
TALBOT,01,house,137,284
TALBOT,01,senate,15,284
TALBOT,02,house,137,314
TALBOT,02,senate,15,314
TALBOT,03,house,137,178
TALBOT,03,senate,15,178
TALBOT,04,house,137,231
TALBOT,04,senate,15,231
TALBOT,04B,house,58,1
TALBOT,04B,senate,36,1
TALBOT,05,house,137,454
TALBOT,05,senate,15,454
TALBOT,06,house,137,159
TALBOT,06,senate,15,159
TALBOT,08,house,137,509
TALBOT,08,senate,15,509
TALIAFERRO,172,house,124,109
TALIAFERRO,172,senate,23,109
TALIAFERRO,601,house,124,553
TALIAFERRO,601,senate,23,553
TATTNALL,1,house,156,269
TATTNALL,1,senate,19,269
TATTNALL,10,house,157,444
TATTNALL,10,senate,19,444
TATTNALL,3,house,157,656
TATTNALL,3,senate,19,656
TATTNALL,4,house,157,190
TATTNALL,4,senate,19,190
TATTNALL,5,house,157,1197
TATTNALL,5,senate,19,1197
TATTNALL,7,house,157,1332
TATTNALL,7,senate,19,1332
TATTNALL,8,house,157,1369
TATTNALL,8,senate,19,1369
TATTNALL,9,house,157,523
TATTNALL,9,senate,19,523
TAYLOR,1,house,150,509
TAYLOR,1,senate,15,509
TAYLOR,5,house,150,1459
TAYLOR,5,senate,15,1459
TAYLOR,6,house,150,1160
TAYLOR,6,senate,15,1160
TAYLOR,PRECINCT 5,house,150,1
TAYLOR,PRECINCT 5,senate,15,1
TELFAIR,HE,house,133,453
TELFAIR,HE,senate,19,453
TELFAIR,JA,house,156,263
TELFAIR,JA,senate,19,263
TELFAIR,LU,house,156,305
TELFAIR,LU,senate,19,305
TELFAIR,MC,house,133,1185
TELFAIR,MC,senate,19,1185
TELFAIR,MI,house,133,379
TELFAIR,MI,house,156,2
TELFAIR,MI,senate,19,381
TELFAIR,SC,house,156,124
TELFAIR,SC,senate,19,124
TERRELL,01,house,151,1323
TERRELL,01,senate,12,1323
TERRELL,02,house,151,671
TERRELL,02,senate,12,671
TERRELL,03,house,151,347
TERRELL,03,senate,12,347
TERRELL,04,house,151,176
TERRELL,04,senate,12,176
TERRELL,05,house,151,291
TERRELL,05,senate,12,291
TERRELL,06,house,151,129
TERRELL,06,senate,12,129
TERRELL,SASSER,house,151,1
TERRELL,SASSER,senate,12,1
THOMAS,101,house,173,331
THOMAS,101,senate,11,331
THOMAS,102,house,173,791
THOMAS,102,senate,11,791
THOMAS,103,house,173,2418
THOMAS,103,senate,11,2418
THOMAS,104,house,172,448
THOMAS,104,senate,11,448
THOMAS,105,house,173,984
THOMAS,105,senate,11,984
THOMAS,106,house,172,724
THOMAS,106,house,173,3
THOMAS,106,senate,11,727
THOMAS,107,house,173,959
THOMAS,107,senate,11,959
THOMAS,108,house,173,1272
THOMAS,108,senate,11,1272
THOMAS,109,house,173,1019
THOMAS,109,senate,11,1019
THOMAS,110,house,173,1235
THOMAS,110,senate,11,1235
THOMAS,111,house,173,292
THOMAS,111,senate,11,292
THOMAS,112,house,173,439
THOMAS,112,senate,11,439
THOMAS,113,house,173,140
THOMAS,113,senate,11,140
THOMAS,114,house,173,1419
THOMAS,114,senate,11,1419
THOMAS,115,house,173,604
THOMAS,115,senate,11,604
THOMAS,116,house,172,32
THOMAS,116,house,173,244
THOMAS,116,senate,11,276
THOMAS,117,house,172,290
THOMAS,117,senate,11,290
THOMAS,118,house,173,1290
THOMAS,118,senate,11,1290
THOMAS,119,house,173,637
THOMAS,119,senate,11,637
THOMAS,120,house,173,1646
THOMAS,120,senate,11,1646
TIFT,01,house,170,1664
TIFT,01,senate,13,1664
TIFT,02,house,169,1452
TIFT,02,house,170,39
TIFT,02,senate,13,1491
TIFT,03,house,170,761
TIFT,03,senate,13,761
TIFT,04,house,169,730
TIFT,04,senate,13,730
TIFT,05,house,170,627
TIFT,05,senate,13,627
TIFT,06,house,170,604
TIFT,06,senate,13,604
TIFT,07,house,170,217
TIFT,07,senate,13,217
TIFT,08,house,169,552
TIFT,08,senate,13,552
TIFT,09,house,170,2071
TIFT,09,senate,13,2071
TIFT,10,house,170,884
TIFT,10,senate,13,884
TIFT,11,house,170,1018
TIFT,11,senate,13,1018
TIFT,12,house,170,1752
TIFT,12,senate,13,1752
TIFT,BROOKFIELD,house,170,1
TIFT,BROOKFIELD,senate,13,1
TIFT,DOCIA,house,170,1
TIFT,DOCIA,senate,13,1
TIFT,TY TY,house,169,1
TIFT,TY TY,senate,13,1
TOOMBS,15361,house,156,1764
TOOMBS,15361,senate,19,1764
TOOMBS,39,house,156,773
TOOMBS,39,senate,19,773
TOOMBS,43,house,156,649
TOOMBS,43,senate,19,649
TOOMBS,513,house,156,3136
TOOMBS,513,senate,19,3136
TOOMBS,514,house,156,1844
TOOMBS,514,senate,19,1844
TOWNS,1468,house,8,2196
TOWNS,1468,senate,50,2196
TOWNS,990,house,8,5520
TOWNS,990,senate,50,5520
TREUTLEN,ANNEX,house,158,1177
TREUTLEN,ANNEX,senate,20,1177
TREUTLEN,SOPE,house,158,1124
TREUTLEN,SOPE,senate,20,1124
TROUP,01,house,138,3676
TROUP,01,senate,29,3676
TROUP,02,house,136,3
TROUP,02,house,137,1306
TROUP,02,house,138,6
TROUP,02,senate,29,1315
TROUP,03,house,136,1866
TROUP,03,house,137,14
TROUP,03,senate,29,1880
TROUP,04,house,136,641
TROUP,04,house,137,787
TROUP,04,senate,29,1428
TROUP,05,house,138,723
TROUP,05,senate,29,723
TROUP,06,house,72,1951
TROUP,06,senate,29,1951
TROUP,07,house,138,1788
TROUP,07,senate,29,1788
TROUP,08,house,137,2374
TROUP,08,senate,29,2374
TROUP,09,house,136,883
TROUP,09,house,137,347
TROUP,09,senate,29,1230
TROUP,10,house,72,2207
TROUP,10,senate,29,2207
TROUP,11,house,137,1
TROUP,11,house,138,1676
TROUP,11,senate,29,1677
TROUP,12,house,136,1095
TROUP,12,house,137,38
TROUP,12,senate,29,1133
TROUP,13,house,138,796
TROUP,13,senate,29,796
TROUP,GRIGGS,house,136,1
TROUP,GRIGGS,senate,29,1
TROUP,HOGANSVILLE,house,72,1
TROUP,HOGANSVILLE,senate,29,1
TURNER,1,house,169,1150
TURNER,1,senate,13,1150
TURNER,2,house,169,1208
TURNER,2,senate,13,1208
TURNER,3,house,169,590
TURNER,3,senate,13,590
TWIGGS,DB,house,133,557
TWIGGS,DB,senate,26,557
TWIGGS,GI,house,133,724
TWIGGS,GI,senate,26,724
TWIGGS,HV,house,133,339
TWIGGS,HV,senate,26,339
TWIGGS,JEFFERSONVILLE/WARE,house,133,1
TWIGGS,JEFFERSONVILLE/WARE,senate,26,1
TWIGGS,JV-W,house,133,775
TWIGGS,JV-W,senate,26,775
TWIGGS,SG-T,house,133,436
TWIGGS,SG-T,senate,26,436
UNION,1,house,8,1859
UNION,1,senate,51,1859
UNION,10,house,8,1624
UNION,10,senate,51,1624
UNION,11,house,8,939
UNION,11,senate,51,939
UNION,2,house,8,1382
UNION,2,senate,51,1382
UNION,3,house,8,1163
UNION,3,senate,51,1163
UNION,4,house,8,1581
UNION,4,senate,51,1581
UNION,5,house,8,221
UNION,5,senate,51,221
UNION,6,house,8,802
UNION,6,senate,51,802
UNION,7,house,8,1072
UNION,7,senate,51,1072
UNION,8,house,8,1603
UNION,8,senate,51,1603
UNION,9,house,8,1980
UNION,9,senate,51,1980
UNION,GUMLOG,house,8,1
UNION,GUMLOG,senate,51,1
UPSON,0588,house,134,751
UPSON,0588,senate,18,751
UPSON,0589,house,134,133
UPSON,0589,senate,18,133
UPSON,1610,house,134,5612
UPSON,1610,senate,18,5612
UPSON,5610,house,134,4751
UPSON,5610,senate,18,4751
WALKER,0871,house,1,3397
WALKER,0871,house,2,232
WALKER,0871,senate,53,3629
WALKER,0917,house,1,452
WALKER,0917,house,2,736
WALKER,0917,senate,53,1188
WALKER,0944,house,2,4018
WALKER,0944,senate,53,4018
WALKER,0953,house,2,481
WALKER,0953,senate,53,481
WALKER,1161,house,1,540
WALKER,1161,senate,53,540
WALKER,1501,house,1,3488
WALKER,1501,senate,53,3488
WALKER,1809,house,1,536
WALKER,1809,senate,53,536
WALKER,1812,house,1,3044
WALKER,1812,senate,53,3044
WALKER,1818,house,1,148
WALKER,1818,house,2,4320
WALKER,1818,senate,53,4468
WALKER,1851,house,1,733
WALKER,1851,senate,53,733
WALKER,1893,house,1,1407
WALKER,1893,senate,53,1407
WALTON,1663,house,111,3255
WALTON,1663,senate,46,3255
WALTON,1675,house,114,1160
WALTON,1675,senate,42,1160
WALTON,250,house,112,2618
WALTON,250,senate,46,2618
WALTON,414,house,112,826
WALTON,414,senate,46,826
WALTON,415,house,111,3572
WALTON,415,senate,46,3572
WALTON,416,house,112,1638
WALTON,416,senate,42,1638
WALTON,417,house,111,5266
WALTON,417,senate,42,5266
WALTON,418,house,114,3108
WALTON,418,senate,42,3108
WALTON,419,house,112,2403
WALTON,419,senate,46,2403
WALTON,422,house,112,2732
WALTON,422,senate,42,2732
WALTON,423,house,112,2654
WALTON,423,senate,42,2654
WALTON,424,house,111,2363
WALTON,424,senate,46,2363
WALTON,425,house,112,4370
WALTON,425,senate,46,4370
WALTON,426,house,112,1459
WALTON,426,senate,46,1459
WALTON,427,house,111,2719
WALTON,427,senate,42,2719
WALTON,454,house,112,1094
WALTON,454,senate,46,1094
WALTON,502,house,112,1246
WALTON,502,senate,42,1246
WALTON,503,house,114,726
WALTON,503,senate,46,726
WALTON,559,house,112,1491
WALTON,559,senate,46,1491
WALTON,RW20,house,51,1
WALTON,RW20,senate,14,1
WARE,100,house,174,956
WARE,100,house,176,1083
WARE,100,senate,3,956
WARE,100,senate,8,1083
WARE,200A,house,176,1592
WARE,200A,senate,8,1592
WARE,200B,house,174,387
WARE,200B,senate,3,387
WARE,200C,house,174,306
WARE,200C,house,176,1021
WARE,200C,senate,3,1327
WARE,300,house,176,2140
WARE,300,senate,8,2140
WARE,304,house,176,448
WARE,304,senate,8,448
WARE,400,house,174,463
WARE,400,house,176,15
WARE,400,senate,3,463
WARE,400,senate,8,15
WARE,404,house,176,159
WARE,404,senate,8,159
WARE,405,house,176,278
WARE,405,senate,8,278
WARE,406,house,176,858
WARE,406,senate,8,858
WARE,407,house,174,197
WARE,407,house,176,61
WARE,407,senate,8,258
WARE,408,house,176,206
WARE,408,senate,8,206
WARE,409,house,176,557
WARE,409,senate,8,557
WARREN,1,house,128,1937
WARREN,1,senate,23,1937
WASHINGTON,1253,house,128,262
WASHINGTON,1253,senate,26,262
WASHINGTON,1350,house,128,284
WASHINGTON,1350,senate,26,284
WASHINGTON,1488,house,128,1216
WASHINGTON,1488,senate,26,1216
WASHINGTON,88,house,128,258
WASHINGTON,88,senate,26,258
WASHINGTON,91,house,128,478
WASHINGTON,91,senate,26,478
WASHINGTON,94,house,128,355
WASHINGTON,94,senate,26,355
WASHINGTON,97,house,128,3519
WASHINGTON,97,senate,26,3519
WASHINGTON,99,house,128,225
WASHINGTON,99,senate,26,225
WASHINGTON,TENNILLE,house,128,1
WASHINGTON,TENNILLE,senate,26,1
WAYNE,1A,house,178,760
WAYNE,1A,senate,19,760
WAYNE,1B,house,178,771
WAYNE,1B,senate,19,771
WAYNE,1C,house,167,782
WAYNE,1C,house,178,317
WAYNE,1C,senate,19,1099
WAYNE,2A,house,178,1009
WAYNE,2A,senate,19,1009
WAYNE,2C,house,178,650
WAYNE,2C,senate,19,650
WAYNE,2D,house,178,591
WAYNE,2D,senate,19,591
WAYNE,3A,house,167,1560
WAYNE,3A,senate,19,1560
WAYNE,3B,house,178,624
WAYNE,3B,senate,19,624
WAYNE,4A,house,178,492
WAYNE,4A,senate,19,492
WAYNE,4B,house,178,609
WAYNE,4B,senate,19,609
WAYNE,5A,house,178,1044
WAYNE,5A,senate,19,1044
WAYNE,5B,house,178,1012
WAYNE,5B,senate,19,1012
WEBSTER,P1,house,151,978
WEBSTER,P1,senate,12,978
WEBSTER,PRESTON 1,house,151,1
WEBSTER,PRESTON 1,senate,12,1
WHEELER,1,house,156,992
WHEELER,1,senate,19,992
WHEELER,2,house,156,535
WHEELER,2,senate,19,535
WHITE,011 - BLUE CREEK,house,8,1584
WHITE,011 - BLUE CREEK,senate,50,1584
WHITE,021 - BLUE RIDGE,house,8,644
WHITE,021 - BLUE RIDGE,senate,51,644
WHITE,031 - ROBERTSTOWN/HELEN,house,8,574
WHITE,031 - ROBERTSTOWN/HELEN,senate,50,574
WHITE,041 - MOSSY CREEK,house,8,1945
WHITE,041 - MOSSY CREEK,senate,50,1945
WHITE,051 - MT YONAH,house,8,2993
WHITE,051 - MT YONAH,senate,51,2993
WHITE,061 - NACOOCHEE,house,8,969
WHITE,061 - NACOOCHEE,senate,50,969
WHITE,081 - SHOAL CREEK,house,9,1422
WHITE,081 - SHOAL CREEK,senate,51,1422
WHITE,091 - TESNATEE,house,8,812
WHITE,091 - TESNATEE,senate,51,812
WHITE,101 - TOWN CREEK,house,9,986
WHITE,101 - TOWN CREEK,senate,51,986
WHITE,111 - WHITE CREEK,house,8,1066
WHITE,111 - WHITE CREEK,senate,50,1066
WHITE,MT YONAH,house,8,1
WHITE,MT YONAH,senate,51,1
WHITFIELD,1A,house,4,1036
WHITFIELD,1A,senate,54,1036
WHITFIELD,2A,house,2,1264
WHITFIELD,2A,house,4,316
WHITFIELD,2A,senate,54,1580
WHITFIELD,3A,house,4,1136
WHITFIELD,3A,senate,54,1136
WHITFIELD,4A,house,4,1469
WHITFIELD,4A,senate,54,1469
WHITFIELD,5A,house,4,634
WHITFIELD,5A,senate,54,634
WHITFIELD,6A,house,4,467
WHITFIELD,6A,senate,54,467
WHITFIELD,AN,house,4,867
WHITFIELD,AN,senate,54,867
WHITFIELD,CA,house,2,715
WHITFIELD,CA,senate,54,715
WHITFIELD,CO,house,6,573
WHITFIELD,CO,senate,54,573
WHITFIELD,DG,house,4,1579
WHITFIELD,DG,senate,54,1579
WHITFIELD,ES,house,4,656
WHITFIELD,ES,senate,54,656
WHITFIELD,FI,house,4,834
WHITFIELD,FI,senate,54,834
WHITFIELD,GL,house,4,1133
WHITFIELD,GL,senate,54,1133
WHITFIELD,LT,house,6,607
WHITFIELD,LT,senate,54,607
WHITFIELD,MC,house,2,741
WHITFIELD,MC,senate,54,741
WHITFIELD,NI,house,4,1107
WHITFIELD,NI,senate,54,1107
WHITFIELD,PG,house,2,1862
WHITFIELD,PG,house,6,545
WHITFIELD,PG,senate,54,2407
WHITFIELD,TH,house,2,1879
WHITFIELD,TH,senate,54,1879
WHITFIELD,TI,house,4,232
WHITFIELD,TI,senate,54,232
WHITFIELD,TR,house,2,719
WHITFIELD,TR,senate,54,719
WHITFIELD,UT,house,6,441
WHITFIELD,UT,senate,54,441
WHITFIELD,VA,house,6,2707
WHITFIELD,VA,senate,54,2707
WHITFIELD,WS,house,2,1389
WHITFIELD,WS,senate,54,1389
WILCOX,1A,house,148,184
WILCOX,1A,senate,20,184
WILCOX,2A,house,148,162
WILCOX,2A,senate,20,162
WILCOX,2B,house,148,203
WILCOX,2B,senate,20,203
WILCOX,3A,house,148,363
WILCOX,3A,senate,20,363
WILCOX,4A,house,148,587
WILCOX,4A,senate,20,587
WILCOX,5A,house,148,563
WILCOX,5A,senate,20,563
WILKES,1,house,123,824
WILKES,1,senate,24,824
WILKES,2A,house,123,750
WILKES,2A,senate,24,750
WILKES,2B,house,123,320
WILKES,2B,senate,24,320
WILKES,3A,house,123,459
WILKES,3A,senate,24,459
WILKES,3B,house,123,235
WILKES,3B,senate,24,235
WILKES,4A,house,123,674
WILKES,4A,senate,24,674
WILKES,4B,house,123,375
WILKES,4B,senate,24,375
WILKINSON,02,house,133,190
WILKINSON,02,senate,26,190
WILKINSON,03,house,133,56
WILKINSON,03,senate,26,56
WILKINSON,04,house,133,62
WILKINSON,04,senate,26,62
WILKINSON,05,house,133,491
WILKINSON,05,senate,26,495
WILKINSON,06,house,133,325
WILKINSON,06,senate,26,325
WILKINSON,07,house,133,315
WILKINSON,07,senate,26,315
WILKINSON,08,house,133,422
WILKINSON,08,senate,26,422
WILKINSON,10,house,133,707
WILKINSON,10,senate,26,707
WILKINSON,11,house,133,129
WILKINSON,11,senate,26,141
WORTH,1,house,152,1364
WORTH,1,senate,13,1364
WORTH,10,house,152,251
WORTH,10,senate,13,251
WORTH,11,house,152,519
WORTH,11,senate,13,519
WORTH,12,house,152,321
WORTH,12,senate,13,321
WORTH,14,house,152,305
WORTH,14,senate,13,305
WORTH,15,house,152,493
WORTH,15,senate,13,493
WORTH,2,house,152,889
WORTH,2,senate,13,889
WORTH,3,house,152,403
WORTH,3,senate,13,403
WORTH,4,house,152,369
WORTH,4,senate,13,369
WORTH,6,house,152,435
WORTH,6,senate,13,435
WORTH,7,house,152,156
WORTH,7,senate,13,156
WORTH,9,house,152,271
WORTH,9,senate,13,271
WORTH,DOLES,house,152,1
WORTH,DOLES,senate,13,1
