chamber,district,dim,group,days_out,ballots
house,1,surname,All others (est.),4,3650
house,1,surname,All others (est.),5,2644
house,1,surname,All others (est.),6,2404
house,1,surname,All others (est.),7,2452
house,1,surname,All others (est.),8,2707
house,1,surname,All others (est.),9,312
house,1,surname,All others (est.),10,956
house,1,surname,All others (est.),11,3183
house,1,surname,All others (est.),12,2840
house,1,surname,All others (est.),13,3148
house,1,surname,All others (est.),14,3438
house,1,surname,All others (est.),15,3593
house,1,surname,All others (est.),18,101
house,1,surname,All others (est.),19,111
house,1,surname,All others (est.),20,106
house,1,surname,All others (est.),21,35
house,1,surname,All others (est.),22,195
house,1,surname,All others (est.),25,100
house,1,surname,All others (est.),26,180
house,1,surname,All others (est.),27,42
house,1,surname,All others (est.),28,119
house,1,surname,All others (est.),32,47
house,1,surname,All others (est.),33,42
house,1,surname,All others (est.),34,43
house,1,surname,All others (est.),36,23
house,1,surname,Asian (est.),4,43
house,1,surname,Asian (est.),5,41
house,1,surname,Asian (est.),6,32
house,1,surname,Asian (est.),7,29
house,1,surname,Asian (est.),8,33
house,1,surname,Asian (est.),9,4
house,1,surname,Asian (est.),10,11
house,1,surname,Asian (est.),11,38
house,1,surname,Asian (est.),12,32
house,1,surname,Asian (est.),13,34
house,1,surname,Asian (est.),14,39
house,1,surname,Asian (est.),15,44
house,1,surname,Asian (est.),18,3
house,1,surname,Asian (est.),19,1
house,1,surname,Asian (est.),20,1
house,1,surname,Asian (est.),22,2
house,1,surname,Asian (est.),25,1
house,1,surname,Asian (est.),26,1
house,1,surname,Asian (est.),28,2
house,1,surname,Asian (est.),34,1
house,1,surname,Hispanic (est.),4,176
house,1,surname,Hispanic (est.),5,120
house,1,surname,Hispanic (est.),6,115
house,1,surname,Hispanic (est.),7,96
house,1,surname,Hispanic (est.),8,105
house,1,surname,Hispanic (est.),9,18
house,1,surname,Hispanic (est.),10,45
house,1,surname,Hispanic (est.),11,136
house,1,surname,Hispanic (est.),12,108
house,1,surname,Hispanic (est.),13,125
house,1,surname,Hispanic (est.),14,135
house,1,surname,Hispanic (est.),15,153
house,1,surname,Hispanic (est.),18,3
house,1,surname,Hispanic (est.),19,4
house,1,surname,Hispanic (est.),20,3
house,1,surname,Hispanic (est.),21,1
house,1,surname,Hispanic (est.),22,7
house,1,surname,Hispanic (est.),25,5
house,1,surname,Hispanic (est.),26,6
house,1,surname,Hispanic (est.),27,2
house,1,surname,Hispanic (est.),28,3
house,1,surname,Hispanic (est.),32,1
house,1,surname,Hispanic (est.),33,1
house,1,surname,Hispanic (est.),34,3
house,1,surname,Hispanic (est.),36,1
house,10,surname,All others (est.),4,4828
house,10,surname,All others (est.),5,3965
house,10,surname,All others (est.),6,3005
house,10,surname,All others (est.),7,2923
house,10,surname,All others (est.),8,3225
house,10,surname,All others (est.),9,832
house,10,surname,All others (est.),10,2216
house,10,surname,All others (est.),11,2842
house,10,surname,All others (est.),12,3747
house,10,surname,All others (est.),13,3772
house,10,surname,All others (est.),14,4436
house,10,surname,All others (est.),15,3759
house,10,surname,All others (est.),16,52
house,10,surname,All others (est.),18,49
house,10,surname,All others (est.),19,50
house,10,surname,All others (est.),20,52
house,10,surname,All others (est.),21,1
house,10,surname,All others (est.),22,56
house,10,surname,All others (est.),24,37
house,10,surname,All others (est.),25,62
house,10,surname,All others (est.),26,216
house,10,surname,All others (est.),27,1
house,10,surname,All others (est.),28,84
house,10,surname,All others (est.),32,69
house,10,surname,All others (est.),33,55
house,10,surname,All others (est.),34,4
house,10,surname,All others (est.),35,2
house,10,surname,Asian (est.),4,79
house,10,surname,Asian (est.),5,64
house,10,surname,Asian (est.),6,49
house,10,surname,Asian (est.),7,57
house,10,surname,Asian (est.),8,48
house,10,surname,Asian (est.),9,13
house,10,surname,Asian (est.),10,34
house,10,surname,Asian (est.),11,47
house,10,surname,Asian (est.),12,58
house,10,surname,Asian (est.),13,58
house,10,surname,Asian (est.),14,62
house,10,surname,Asian (est.),15,58
house,10,surname,Asian (est.),16,1
house,10,surname,Asian (est.),18,1
house,10,surname,Asian (est.),19,1
house,10,surname,Asian (est.),20,1
house,10,surname,Asian (est.),22,1
house,10,surname,Asian (est.),25,1
house,10,surname,Asian (est.),26,3
house,10,surname,Asian (est.),28,2
house,10,surname,Asian (est.),32,1
house,10,surname,Asian (est.),33,2
house,10,surname,Hispanic (est.),4,726
house,10,surname,Hispanic (est.),5,517
house,10,surname,Hispanic (est.),6,360
house,10,surname,Hispanic (est.),7,315
house,10,surname,Hispanic (est.),8,367
house,10,surname,Hispanic (est.),9,108
house,10,surname,Hispanic (est.),10,309
house,10,surname,Hispanic (est.),11,353
house,10,surname,Hispanic (est.),12,364
house,10,surname,Hispanic (est.),13,384
house,10,surname,Hispanic (est.),14,454
house,10,surname,Hispanic (est.),15,408
house,10,surname,Hispanic (est.),16,6
house,10,surname,Hispanic (est.),18,5
house,10,surname,Hispanic (est.),19,4
house,10,surname,Hispanic (est.),20,7
house,10,surname,Hispanic (est.),22,5
house,10,surname,Hispanic (est.),24,2
house,10,surname,Hispanic (est.),25,3
house,10,surname,Hispanic (est.),26,11
house,10,surname,Hispanic (est.),27,1
house,10,surname,Hispanic (est.),28,6
house,10,surname,Hispanic (est.),32,4
house,10,surname,Hispanic (est.),33,6
house,100,surname,All others (est.),4,1905
house,100,surname,All others (est.),5,1495
house,100,surname,All others (est.),6,1097
house,100,surname,All others (est.),7,1019
house,100,surname,All others (est.),8,1155
house,100,surname,All others (est.),9,359
house,100,surname,All others (est.),10,791
house,100,surname,All others (est.),11,796
house,100,surname,All others (est.),12,1131
house,100,surname,All others (est.),13,1193
house,100,surname,All others (est.),14,1140
house,100,surname,All others (est.),15,1066
house,100,surname,All others (est.),17,320
house,100,surname,All others (est.),19,1
house,100,surname,All others (est.),21,1
house,100,surname,All others (est.),22,2
house,100,surname,Asian (est.),4,74
house,100,surname,Asian (est.),5,57
house,100,surname,Asian (est.),6,43
house,100,surname,Asian (est.),7,31
house,100,surname,Asian (est.),8,27
house,100,surname,Asian (est.),9,15
house,100,surname,Asian (est.),10,28
house,100,surname,Asian (est.),11,30
house,100,surname,Asian (est.),12,31
house,100,surname,Asian (est.),13,40
house,100,surname,Asian (est.),14,42
house,100,surname,Asian (est.),15,29
house,100,surname,Asian (est.),17,10
house,100,surname,Asian (est.),28,1
house,100,surname,Hispanic (est.),4,778
house,100,surname,Hispanic (est.),5,498
house,100,surname,Hispanic (est.),6,331
house,100,surname,Hispanic (est.),7,240
house,100,surname,Hispanic (est.),8,270
house,100,surname,Hispanic (est.),9,94
house,100,surname,Hispanic (est.),10,243
house,100,surname,Hispanic (est.),11,231
house,100,surname,Hispanic (est.),12,269
house,100,surname,Hispanic (est.),13,260
house,100,surname,Hispanic (est.),14,275
house,100,surname,Hispanic (est.),15,277
house,100,surname,Hispanic (est.),17,31
house,100,surname,Hispanic (est.),28,1
house,101,surname,All others (est.),4,3320
house,101,surname,All others (est.),5,2424
house,101,surname,All others (est.),6,2039
house,101,surname,All others (est.),7,1905
house,101,surname,All others (est.),8,2003
house,101,surname,All others (est.),9,775
house,101,surname,All others (est.),10,2007
house,101,surname,All others (est.),11,1555
house,101,surname,All others (est.),12,1633
house,101,surname,All others (est.),13,1582
house,101,surname,All others (est.),14,1703
house,101,surname,All others (est.),15,1555
house,101,surname,All others (est.),18,46
house,101,surname,All others (est.),19,55
house,101,surname,All others (est.),20,54
house,101,surname,All others (est.),21,37
house,101,surname,All others (est.),22,91
house,101,surname,All others (est.),25,35
house,101,surname,All others (est.),26,3
house,101,surname,All others (est.),28,1
house,101,surname,All others (est.),32,1
house,101,surname,All others (est.),34,1
house,101,surname,Asian (est.),4,375
house,101,surname,Asian (est.),5,244
house,101,surname,Asian (est.),6,206
house,101,surname,Asian (est.),7,214
house,101,surname,Asian (est.),8,254
house,101,surname,Asian (est.),9,183
house,101,surname,Asian (est.),10,253
house,101,surname,Asian (est.),11,128
house,101,surname,Asian (est.),12,175
house,101,surname,Asian (est.),13,205
house,101,surname,Asian (est.),14,191
house,101,surname,Asian (est.),15,155
house,101,surname,Asian (est.),18,1
house,101,surname,Asian (est.),19,5
house,101,surname,Asian (est.),20,2
house,101,surname,Asian (est.),21,3
house,101,surname,Asian (est.),22,6
house,101,surname,Asian (est.),26,1
house,101,surname,Hispanic (est.),4,811
house,101,surname,Hispanic (est.),5,539
house,101,surname,Hispanic (est.),6,420
house,101,surname,Hispanic (est.),7,376
house,101,surname,Hispanic (est.),8,355
house,101,surname,Hispanic (est.),9,137
house,101,surname,Hispanic (est.),10,431
house,101,surname,Hispanic (est.),11,286
house,101,surname,Hispanic (est.),12,283
house,101,surname,Hispanic (est.),13,301
house,101,surname,Hispanic (est.),14,312
house,101,surname,Hispanic (est.),15,276
house,101,surname,Hispanic (est.),18,4
house,101,surname,Hispanic (est.),19,5
house,101,surname,Hispanic (est.),20,12
house,101,surname,Hispanic (est.),21,8
house,101,surname,Hispanic (est.),22,21
house,101,surname,Hispanic (est.),25,5
house,102,surname,All others (est.),4,2330
house,102,surname,All others (est.),5,2055
house,102,surname,All others (est.),6,1483
house,102,surname,All others (est.),7,1447
house,102,surname,All others (est.),8,1491
house,102,surname,All others (est.),9,566
house,102,surname,All others (est.),10,1208
house,102,surname,All others (est.),11,1275
house,102,surname,All others (est.),12,1592
house,102,surname,All others (est.),13,1713
house,102,surname,All others (est.),14,1711
house,102,surname,All others (est.),15,1466
house,102,surname,All others (est.),17,456
house,102,surname,All others (est.),19,3
house,102,surname,All others (est.),21,1
house,102,surname,All others (est.),22,2
house,102,surname,All others (est.),28,12
house,102,surname,Asian (est.),4,243
house,102,surname,Asian (est.),5,195
house,102,surname,Asian (est.),6,111
house,102,surname,Asian (est.),7,115
house,102,surname,Asian (est.),8,140
house,102,surname,Asian (est.),9,67
house,102,surname,Asian (est.),10,122
house,102,surname,Asian (est.),11,87
house,102,surname,Asian (est.),12,124
house,102,surname,Asian (est.),13,102
house,102,surname,Asian (est.),14,93
house,102,surname,Asian (est.),15,83
house,102,surname,Asian (est.),17,19
house,102,surname,Asian (est.),20,1
house,102,surname,Asian (est.),28,1
house,102,surname,Hispanic (est.),4,542
house,102,surname,Hispanic (est.),5,368
house,102,surname,Hispanic (est.),6,238
house,102,surname,Hispanic (est.),7,221
house,102,surname,Hispanic (est.),8,193
house,102,surname,Hispanic (est.),9,118
house,102,surname,Hispanic (est.),10,222
house,102,surname,Hispanic (est.),11,186
house,102,surname,Hispanic (est.),12,208
house,102,surname,Hispanic (est.),13,210
house,102,surname,Hispanic (est.),14,213
house,102,surname,Hispanic (est.),15,232
house,102,surname,Hispanic (est.),17,29
house,102,surname,Hispanic (est.),22,1
house,102,surname,Hispanic (est.),28,2
house,103,surname,All others (est.),4,2239
house,103,surname,All others (est.),5,1825
house,103,surname,All others (est.),6,1408
house,103,surname,All others (est.),7,1166
house,103,surname,All others (est.),8,1316
house,103,surname,All others (est.),9,476
house,103,surname,All others (est.),10,1125
house,103,surname,All others (est.),11,1149
house,103,surname,All others (est.),12,1302
house,103,surname,All others (est.),13,1471
house,103,surname,All others (est.),14,1544
house,103,surname,All others (est.),15,1482
house,103,surname,All others (est.),17,316
house,103,surname,All others (est.),19,2
house,103,surname,All others (est.),20,2
house,103,surname,All others (est.),22,5
house,103,surname,All others (est.),28,11
house,103,surname,Asian (est.),4,188
house,103,surname,Asian (est.),5,129
house,103,surname,Asian (est.),6,102
house,103,surname,Asian (est.),7,75
house,103,surname,Asian (est.),8,99
house,103,surname,Asian (est.),9,44
house,103,surname,Asian (est.),10,95
house,103,surname,Asian (est.),11,73
house,103,surname,Asian (est.),12,91
house,103,surname,Asian (est.),13,96
house,103,surname,Asian (est.),14,87
house,103,surname,Asian (est.),15,71
house,103,surname,Asian (est.),17,7
house,103,surname,Asian (est.),22,1
house,103,surname,Hispanic (est.),4,1027
house,103,surname,Hispanic (est.),5,743
house,103,surname,Hispanic (est.),6,511
house,103,surname,Hispanic (est.),7,411
house,103,surname,Hispanic (est.),8,416
house,103,surname,Hispanic (est.),9,178
house,103,surname,Hispanic (est.),10,366
house,103,surname,Hispanic (est.),11,343
house,103,surname,Hispanic (est.),12,411
house,103,surname,Hispanic (est.),13,381
house,103,surname,Hispanic (est.),14,447
house,103,surname,Hispanic (est.),15,425
house,103,surname,Hispanic (est.),17,65
house,103,surname,Hispanic (est.),28,1
house,104,surname,All others (est.),4,1513
house,104,surname,All others (est.),5,1143
house,104,surname,All others (est.),6,939
house,104,surname,All others (est.),7,833
house,104,surname,All others (est.),8,822
house,104,surname,All others (est.),9,233
house,104,surname,All others (est.),10,608
house,104,surname,All others (est.),11,634
house,104,surname,All others (est.),12,943
house,104,surname,All others (est.),13,982
house,104,surname,All others (est.),14,1069
house,104,surname,All others (est.),15,913
house,104,surname,All others (est.),17,213
house,104,surname,All others (est.),19,1
house,104,surname,All others (est.),21,3
house,104,surname,All others (est.),22,1
house,104,surname,All others (est.),28,2
house,104,surname,Asian (est.),4,70
house,104,surname,Asian (est.),5,59
house,104,surname,Asian (est.),6,44
house,104,surname,Asian (est.),7,35
house,104,surname,Asian (est.),8,30
house,104,surname,Asian (est.),9,16
house,104,surname,Asian (est.),10,42
house,104,surname,Asian (est.),11,30
house,104,surname,Asian (est.),12,43
house,104,surname,Asian (est.),13,37
house,104,surname,Asian (est.),14,42
house,104,surname,Asian (est.),15,35
house,104,surname,Asian (est.),17,7
house,104,surname,Asian (est.),19,1
house,104,surname,Hispanic (est.),4,1264
house,104,surname,Hispanic (est.),5,824
house,104,surname,Hispanic (est.),6,603
house,104,surname,Hispanic (est.),7,478
house,104,surname,Hispanic (est.),8,457
house,104,surname,Hispanic (est.),9,146
house,104,surname,Hispanic (est.),10,399
house,104,surname,Hispanic (est.),11,343
house,104,surname,Hispanic (est.),12,490
house,104,surname,Hispanic (est.),13,505
house,104,surname,Hispanic (est.),14,481
house,104,surname,Hispanic (est.),15,451
house,104,surname,Hispanic (est.),17,64
house,104,surname,Hispanic (est.),19,1
house,104,surname,Hispanic (est.),22,1
house,105,surname,All others (est.),4,1754
house,105,surname,All others (est.),5,1475
house,105,surname,All others (est.),6,1136
house,105,surname,All others (est.),7,1138
house,105,surname,All others (est.),8,1141
house,105,surname,All others (est.),9,335
house,105,surname,All others (est.),10,821
house,105,surname,All others (est.),11,887
house,105,surname,All others (est.),12,1227
house,105,surname,All others (est.),13,1271
house,105,surname,All others (est.),14,1364
house,105,surname,All others (est.),15,1149
house,105,surname,All others (est.),17,244
house,105,surname,All others (est.),22,1
house,105,surname,All others (est.),28,9
house,105,surname,Asian (est.),4,220
house,105,surname,Asian (est.),5,135
house,105,surname,Asian (est.),6,104
house,105,surname,Asian (est.),7,87
house,105,surname,Asian (est.),8,83
house,105,surname,Asian (est.),9,52
house,105,surname,Asian (est.),10,78
house,105,surname,Asian (est.),11,61
house,105,surname,Asian (est.),12,61
house,105,surname,Asian (est.),13,96
house,105,surname,Asian (est.),14,78
house,105,surname,Asian (est.),15,71
house,105,surname,Asian (est.),17,9
house,105,surname,Hispanic (est.),4,771
house,105,surname,Hispanic (est.),5,522
house,105,surname,Hispanic (est.),6,363
house,105,surname,Hispanic (est.),7,310
house,105,surname,Hispanic (est.),8,323
house,105,surname,Hispanic (est.),9,148
house,105,surname,Hispanic (est.),10,251
house,105,surname,Hispanic (est.),11,288
house,105,surname,Hispanic (est.),12,265
house,105,surname,Hispanic (est.),13,290
house,105,surname,Hispanic (est.),14,320
house,105,surname,Hispanic (est.),15,320
house,105,surname,Hispanic (est.),17,36
house,106,surname,All others (est.),4,5276
house,106,surname,All others (est.),5,4081
house,106,surname,All others (est.),6,3539
house,106,surname,All others (est.),7,3170
house,106,surname,All others (est.),8,3396
house,106,surname,All others (est.),9,1476
house,106,surname,All others (est.),10,3188
house,106,surname,All others (est.),11,3495
house,106,surname,All others (est.),12,3440
house,106,surname,All others (est.),13,3549
house,106,surname,All others (est.),14,3808
house,106,surname,All others (est.),15,3186
house,106,surname,All others (est.),17,29
house,106,surname,All others (est.),18,7
house,106,surname,All others (est.),19,108
house,106,surname,All others (est.),20,34
house,106,surname,All others (est.),21,75
house,106,surname,All others (est.),22,57
house,106,surname,All others (est.),25,88
house,106,surname,All others (est.),26,169
house,106,surname,All others (est.),27,40
house,106,surname,All others (est.),28,189
house,106,surname,All others (est.),29,21
house,106,surname,Asian (est.),4,476
house,106,surname,Asian (est.),5,300
house,106,surname,Asian (est.),6,207
house,106,surname,Asian (est.),7,201
house,106,surname,Asian (est.),8,194
house,106,surname,Asian (est.),9,180
house,106,surname,Asian (est.),10,255
house,106,surname,Asian (est.),11,154
house,106,surname,Asian (est.),12,156
house,106,surname,Asian (est.),13,163
house,106,surname,Asian (est.),14,172
house,106,surname,Asian (est.),15,155
house,106,surname,Asian (est.),17,2
house,106,surname,Asian (est.),19,6
house,106,surname,Asian (est.),20,1
house,106,surname,Asian (est.),21,3
house,106,surname,Asian (est.),22,1
house,106,surname,Asian (est.),25,3
house,106,surname,Asian (est.),26,5
house,106,surname,Asian (est.),27,3
house,106,surname,Asian (est.),28,9
house,106,surname,Asian (est.),29,1
house,106,surname,Hispanic (est.),4,691
house,106,surname,Hispanic (est.),5,491
house,106,surname,Hispanic (est.),6,450
house,106,surname,Hispanic (est.),7,333
house,106,surname,Hispanic (est.),8,329
house,106,surname,Hispanic (est.),9,193
house,106,surname,Hispanic (est.),10,429
house,106,surname,Hispanic (est.),11,380
house,106,surname,Hispanic (est.),12,345
house,106,surname,Hispanic (est.),13,324
house,106,surname,Hispanic (est.),14,347
house,106,surname,Hispanic (est.),15,327
house,106,surname,Hispanic (est.),17,1
house,106,surname,Hispanic (est.),19,7
house,106,surname,Hispanic (est.),20,3
house,106,surname,Hispanic (est.),21,6
house,106,surname,Hispanic (est.),22,5
house,106,surname,Hispanic (est.),25,7
house,106,surname,Hispanic (est.),26,10
house,106,surname,Hispanic (est.),27,3
house,106,surname,Hispanic (est.),28,15
house,106,surname,Hispanic (est.),29,1
house,107,surname,All others (est.),4,1393
house,107,surname,All others (est.),5,1262
house,107,surname,All others (est.),6,1054
house,107,surname,All others (est.),7,933
house,107,surname,All others (est.),8,1063
house,107,surname,All others (est.),9,245
house,107,surname,All others (est.),10,660
house,107,surname,All others (est.),11,740
house,107,surname,All others (est.),12,1117
house,107,surname,All others (est.),13,1214
house,107,surname,All others (est.),14,1274
house,107,surname,All others (est.),15,1206
house,107,surname,All others (est.),17,348
house,107,surname,All others (est.),19,5
house,107,surname,All others (est.),21,1
house,107,surname,All others (est.),22,1
house,107,surname,Asian (est.),4,71
house,107,surname,Asian (est.),5,50
house,107,surname,Asian (est.),6,38
house,107,surname,Asian (est.),7,28
house,107,surname,Asian (est.),8,33
house,107,surname,Asian (est.),9,16
house,107,surname,Asian (est.),10,24
house,107,surname,Asian (est.),11,26
house,107,surname,Asian (est.),12,35
house,107,surname,Asian (est.),13,35
house,107,surname,Asian (est.),14,41
house,107,surname,Asian (est.),15,36
house,107,surname,Asian (est.),17,9
house,107,surname,Asian (est.),19,1
house,107,surname,Hispanic (est.),4,902
house,107,surname,Hispanic (est.),5,525
house,107,surname,Hispanic (est.),6,404
house,107,surname,Hispanic (est.),7,357
house,107,surname,Hispanic (est.),8,316
house,107,surname,Hispanic (est.),9,128
house,107,surname,Hispanic (est.),10,264
house,107,surname,Hispanic (est.),11,274
house,107,surname,Hispanic (est.),12,318
house,107,surname,Hispanic (est.),13,317
house,107,surname,Hispanic (est.),14,343
house,107,surname,Hispanic (est.),15,309
house,107,surname,Hispanic (est.),17,42
house,107,surname,Hispanic (est.),19,1
house,107,surname,Hispanic (est.),21,1
house,107,surname,Hispanic (est.),22,2
house,108,surname,All others (est.),4,6752
house,108,surname,All others (est.),5,5197
house,108,surname,All others (est.),6,4467
house,108,surname,All others (est.),7,4256
house,108,surname,All others (est.),8,4066
house,108,surname,All others (est.),9,1624
house,108,surname,All others (est.),10,3290
house,108,surname,All others (est.),11,3904
house,108,surname,All others (est.),12,4565
house,108,surname,All others (est.),13,4596
house,108,surname,All others (est.),14,5184
house,108,surname,All others (est.),15,4973
house,108,surname,All others (est.),17,1070
house,108,surname,All others (est.),19,3
house,108,surname,All others (est.),21,4
house,108,surname,All others (est.),22,15
house,108,surname,All others (est.),28,39
house,108,surname,Asian (est.),4,323
house,108,surname,Asian (est.),5,220
house,108,surname,Asian (est.),6,204
house,108,surname,Asian (est.),7,163
house,108,surname,Asian (est.),8,171
house,108,surname,Asian (est.),9,93
house,108,surname,Asian (est.),10,153
house,108,surname,Asian (est.),11,150
house,108,surname,Asian (est.),12,160
house,108,surname,Asian (est.),13,163
house,108,surname,Asian (est.),14,178
house,108,surname,Asian (est.),15,184
house,108,surname,Asian (est.),17,26
house,108,surname,Asian (est.),22,1
house,108,surname,Asian (est.),28,2
house,108,surname,Hispanic (est.),4,603
house,108,surname,Hispanic (est.),5,479
house,108,surname,Hispanic (est.),6,383
house,108,surname,Hispanic (est.),7,361
house,108,surname,Hispanic (est.),8,345
house,108,surname,Hispanic (est.),9,159
house,108,surname,Hispanic (est.),10,318
house,108,surname,Hispanic (est.),11,308
house,108,surname,Hispanic (est.),12,343
house,108,surname,Hispanic (est.),13,384
house,108,surname,Hispanic (est.),14,401
house,108,surname,Hispanic (est.),15,402
house,108,surname,Hispanic (est.),17,60
house,108,surname,Hispanic (est.),28,4
house,109,surname,All others (est.),4,4041
house,109,surname,All others (est.),5,3246
house,109,surname,All others (est.),6,2422
house,109,surname,All others (est.),7,2363
house,109,surname,All others (est.),8,2542
house,109,surname,All others (est.),9,749
house,109,surname,All others (est.),10,1472
house,109,surname,All others (est.),11,1736
house,109,surname,All others (est.),12,2568
house,109,surname,All others (est.),13,2637
house,109,surname,All others (est.),14,2724
house,109,surname,All others (est.),15,2296
house,109,surname,All others (est.),17,454
house,109,surname,All others (est.),22,1
house,109,surname,All others (est.),28,2
house,109,surname,Asian (est.),4,77
house,109,surname,Asian (est.),5,52
house,109,surname,Asian (est.),6,38
house,109,surname,Asian (est.),7,42
house,109,surname,Asian (est.),8,49
house,109,surname,Asian (est.),9,12
house,109,surname,Asian (est.),10,40
house,109,surname,Asian (est.),11,31
house,109,surname,Asian (est.),12,46
house,109,surname,Asian (est.),13,52
house,109,surname,Asian (est.),14,42
house,109,surname,Asian (est.),15,40
house,109,surname,Asian (est.),17,7
house,109,surname,Hispanic (est.),4,636
house,109,surname,Hispanic (est.),5,426
house,109,surname,Hispanic (est.),6,315
house,109,surname,Hispanic (est.),7,249
house,109,surname,Hispanic (est.),8,281
house,109,surname,Hispanic (est.),9,82
house,109,surname,Hispanic (est.),10,183
house,109,surname,Hispanic (est.),11,194
house,109,surname,Hispanic (est.),12,253
house,109,surname,Hispanic (est.),13,281
house,109,surname,Hispanic (est.),14,263
house,109,surname,Hispanic (est.),15,243
house,109,surname,Hispanic (est.),17,38
house,11,surname,All others (est.),4,3608
house,11,surname,All others (est.),5,3021
house,11,surname,All others (est.),6,1943
house,11,surname,All others (est.),7,2316
house,11,surname,All others (est.),8,2712
house,11,surname,All others (est.),9,287
house,11,surname,All others (est.),10,1066
house,11,surname,All others (est.),11,2738
house,11,surname,All others (est.),12,2828
house,11,surname,All others (est.),13,2844
house,11,surname,All others (est.),14,3218
house,11,surname,All others (est.),15,3448
house,11,surname,All others (est.),17,23
house,11,surname,All others (est.),18,83
house,11,surname,All others (est.),19,47
house,11,surname,All others (est.),20,81
house,11,surname,All others (est.),21,56
house,11,surname,All others (est.),22,121
house,11,surname,All others (est.),24,102
house,11,surname,All others (est.),25,139
house,11,surname,All others (est.),26,59
house,11,surname,All others (est.),27,73
house,11,surname,All others (est.),28,112
house,11,surname,All others (est.),29,98
house,11,surname,All others (est.),32,121
house,11,surname,All others (est.),33,100
house,11,surname,All others (est.),34,19
house,11,surname,All others (est.),35,1
house,11,surname,All others (est.),36,2
house,11,surname,All others (est.),37,2
house,11,surname,Asian (est.),4,55
house,11,surname,Asian (est.),5,46
house,11,surname,Asian (est.),6,27
house,11,surname,Asian (est.),7,36
house,11,surname,Asian (est.),8,38
house,11,surname,Asian (est.),9,6
house,11,surname,Asian (est.),10,18
house,11,surname,Asian (est.),11,31
house,11,surname,Asian (est.),12,35
house,11,surname,Asian (est.),13,34
house,11,surname,Asian (est.),14,35
house,11,surname,Asian (est.),15,47
house,11,surname,Asian (est.),18,1
house,11,surname,Asian (est.),20,1
house,11,surname,Asian (est.),21,1
house,11,surname,Asian (est.),22,1
house,11,surname,Asian (est.),24,1
house,11,surname,Asian (est.),25,1
house,11,surname,Asian (est.),27,1
house,11,surname,Asian (est.),28,1
house,11,surname,Asian (est.),29,2
house,11,surname,Asian (est.),32,1
house,11,surname,Asian (est.),33,3
house,11,surname,Hispanic (est.),4,287
house,11,surname,Hispanic (est.),5,188
house,11,surname,Hispanic (est.),6,134
house,11,surname,Hispanic (est.),7,137
house,11,surname,Hispanic (est.),8,151
house,11,surname,Hispanic (est.),9,23
house,11,surname,Hispanic (est.),10,84
house,11,surname,Hispanic (est.),11,166
house,11,surname,Hispanic (est.),12,136
house,11,surname,Hispanic (est.),13,148
house,11,surname,Hispanic (est.),14,168
house,11,surname,Hispanic (est.),15,204
house,11,surname,Hispanic (est.),17,3
house,11,surname,Hispanic (est.),18,4
house,11,surname,Hispanic (est.),19,1
house,11,surname,Hispanic (est.),20,2
house,11,surname,Hispanic (est.),21,2
house,11,surname,Hispanic (est.),22,5
house,11,surname,Hispanic (est.),24,6
house,11,surname,Hispanic (est.),25,8
house,11,surname,Hispanic (est.),26,2
house,11,surname,Hispanic (est.),27,2
house,11,surname,Hispanic (est.),28,5
house,11,surname,Hispanic (est.),29,4
house,11,surname,Hispanic (est.),32,6
house,11,surname,Hispanic (est.),33,7
house,11,surname,Hispanic (est.),34,1
house,110,surname,All others (est.),4,1551
house,110,surname,All others (est.),5,1324
house,110,surname,All others (est.),6,1002
house,110,surname,All others (est.),7,872
house,110,surname,All others (est.),8,949
house,110,surname,All others (est.),9,207
house,110,surname,All others (est.),10,553
house,110,surname,All others (est.),11,556
house,110,surname,All others (est.),12,1100
house,110,surname,All others (est.),13,1047
house,110,surname,All others (est.),14,1019
house,110,surname,All others (est.),15,804
house,110,surname,All others (est.),17,327
house,110,surname,All others (est.),28,3
house,110,surname,Asian (est.),4,31
house,110,surname,Asian (est.),5,26
house,110,surname,Asian (est.),6,22
house,110,surname,Asian (est.),7,17
house,110,surname,Asian (est.),8,15
house,110,surname,Asian (est.),9,3
house,110,surname,Asian (est.),10,10
house,110,surname,Asian (est.),11,9
house,110,surname,Asian (est.),12,14
house,110,surname,Asian (est.),13,16
house,110,surname,Asian (est.),14,16
house,110,surname,Asian (est.),15,11
house,110,surname,Asian (est.),17,4
house,110,surname,Hispanic (est.),4,572
house,110,surname,Hispanic (est.),5,382
house,110,surname,Hispanic (est.),6,264
house,110,surname,Hispanic (est.),7,192
house,110,surname,Hispanic (est.),8,177
house,110,surname,Hispanic (est.),9,81
house,110,surname,Hispanic (est.),10,167
house,110,surname,Hispanic (est.),11,147
house,110,surname,Hispanic (est.),12,195
house,110,surname,Hispanic (est.),13,167
house,110,surname,Hispanic (est.),14,205
house,110,surname,Hispanic (est.),15,172
house,110,surname,Hispanic (est.),17,22
house,111,surname,All others (est.),4,3625
house,111,surname,All others (est.),5,2955
house,111,surname,All others (est.),6,2317
house,111,surname,All others (est.),7,2292
house,111,surname,All others (est.),8,2351
house,111,surname,All others (est.),9,680
house,111,surname,All others (est.),10,1507
house,111,surname,All others (est.),11,1622
house,111,surname,All others (est.),12,2594
house,111,surname,All others (est.),13,2621
house,111,surname,All others (est.),14,2707
house,111,surname,All others (est.),15,2121
house,111,surname,All others (est.),17,590
house,111,surname,All others (est.),28,6
house,111,surname,Asian (est.),4,120
house,111,surname,Asian (est.),5,93
house,111,surname,Asian (est.),6,63
house,111,surname,Asian (est.),7,52
house,111,surname,Asian (est.),8,64
house,111,surname,Asian (est.),9,19
house,111,surname,Asian (est.),10,38
house,111,surname,Asian (est.),11,34
house,111,surname,Asian (est.),12,57
house,111,surname,Asian (est.),13,63
house,111,surname,Asian (est.),14,66
house,111,surname,Asian (est.),15,48
house,111,surname,Asian (est.),17,18
house,111,surname,Hispanic (est.),4,852
house,111,surname,Hispanic (est.),5,566
house,111,surname,Hispanic (est.),6,399
house,111,surname,Hispanic (est.),7,337
house,111,surname,Hispanic (est.),8,348
house,111,surname,Hispanic (est.),9,124
house,111,surname,Hispanic (est.),10,263
house,111,surname,Hispanic (est.),11,273
house,111,surname,Hispanic (est.),12,345
house,111,surname,Hispanic (est.),13,376
house,111,surname,Hispanic (est.),14,365
house,111,surname,Hispanic (est.),15,318
house,111,surname,Hispanic (est.),17,43
house,111,surname,Hispanic (est.),28,1
house,112,surname,All others (est.),4,4707
house,112,surname,All others (est.),5,3988
house,112,surname,All others (est.),6,3196
house,112,surname,All others (est.),7,2984
house,112,surname,All others (est.),8,3121
house,112,surname,All others (est.),9,1123
house,112,surname,All others (est.),10,2447
house,112,surname,All others (est.),11,3065
house,112,surname,All others (est.),12,3464
house,112,surname,All others (est.),13,3701
house,112,surname,All others (est.),14,3808
house,112,surname,All others (est.),15,3558
house,112,surname,All others (est.),17,905
house,112,surname,All others (est.),18,1
house,112,surname,All others (est.),19,3
house,112,surname,All others (est.),20,2
house,112,surname,All others (est.),22,7
house,112,surname,All others (est.),28,20
house,112,surname,Asian (est.),4,317
house,112,surname,Asian (est.),5,238
house,112,surname,Asian (est.),6,186
house,112,surname,Asian (est.),7,154
house,112,surname,Asian (est.),8,192
house,112,surname,Asian (est.),9,84
house,112,surname,Asian (est.),10,181
house,112,surname,Asian (est.),11,128
house,112,surname,Asian (est.),12,169
house,112,surname,Asian (est.),13,193
house,112,surname,Asian (est.),14,185
house,112,surname,Asian (est.),15,162
house,112,surname,Asian (est.),17,36
house,112,surname,Asian (est.),28,2
house,112,surname,Hispanic (est.),4,753
house,112,surname,Hispanic (est.),5,560
house,112,surname,Hispanic (est.),6,395
house,112,surname,Hispanic (est.),7,355
house,112,surname,Hispanic (est.),8,332
house,112,surname,Hispanic (est.),9,156
house,112,surname,Hispanic (est.),10,318
house,112,surname,Hispanic (est.),11,341
house,112,surname,Hispanic (est.),12,351
house,112,surname,Hispanic (est.),13,380
house,112,surname,Hispanic (est.),14,384
house,112,surname,Hispanic (est.),15,378
house,112,surname,Hispanic (est.),17,62
house,112,surname,Hispanic (est.),28,2
house,113,surname,All others (est.),4,2627
house,113,surname,All others (est.),5,2309
house,113,surname,All others (est.),6,1830
house,113,surname,All others (est.),7,1783
house,113,surname,All others (est.),8,1804
house,113,surname,All others (est.),9,610
house,113,surname,All others (est.),10,1350
house,113,surname,All others (est.),11,1481
house,113,surname,All others (est.),12,2071
house,113,surname,All others (est.),13,2181
house,113,surname,All others (est.),14,2230
house,113,surname,All others (est.),15,1910
house,113,surname,All others (est.),17,432
house,113,surname,All others (est.),22,2
house,113,surname,All others (est.),28,2
house,113,surname,Asian (est.),4,207
house,113,surname,Asian (est.),5,134
house,113,surname,Asian (est.),6,111
house,113,surname,Asian (est.),7,97
house,113,surname,Asian (est.),8,128
house,113,surname,Asian (est.),9,45
house,113,surname,Asian (est.),10,90
house,113,surname,Asian (est.),11,89
house,113,surname,Asian (est.),12,92
house,113,surname,Asian (est.),13,114
house,113,surname,Asian (est.),14,102
house,113,surname,Asian (est.),15,85
house,113,surname,Asian (est.),17,14
house,113,surname,Hispanic (est.),4,752
house,113,surname,Hispanic (est.),5,503
house,113,surname,Hispanic (est.),6,399
house,113,surname,Hispanic (est.),7,346
house,113,surname,Hispanic (est.),8,327
house,113,surname,Hispanic (est.),9,127
house,113,surname,Hispanic (est.),10,310
house,113,surname,Hispanic (est.),11,315
house,113,surname,Hispanic (est.),12,323
house,113,surname,Hispanic (est.),13,392
house,113,surname,Hispanic (est.),14,358
house,113,surname,Hispanic (est.),15,326
house,113,surname,Hispanic (est.),17,55
house,113,surname,Hispanic (est.),21,1
house,114,surname,All others (est.),4,4480
house,114,surname,All others (est.),5,3286
house,114,surname,All others (est.),6,2541
house,114,surname,All others (est.),7,2358
house,114,surname,All others (est.),8,2203
house,114,surname,All others (est.),9,869
house,114,surname,All others (est.),10,1850
house,114,surname,All others (est.),11,2036
house,114,surname,All others (est.),12,2250
house,114,surname,All others (est.),13,2420
house,114,surname,All others (est.),14,2632
house,114,surname,All others (est.),15,2575
house,114,surname,All others (est.),17,436
house,114,surname,All others (est.),18,1
house,114,surname,All others (est.),19,5
house,114,surname,All others (est.),20,2
house,114,surname,All others (est.),21,14
house,114,surname,All others (est.),22,8
house,114,surname,All others (est.),28,5
house,114,surname,Asian (est.),4,207
house,114,surname,Asian (est.),5,135
house,114,surname,Asian (est.),6,107
house,114,surname,Asian (est.),7,90
house,114,surname,Asian (est.),8,87
house,114,surname,Asian (est.),9,60
house,114,surname,Asian (est.),10,74
house,114,surname,Asian (est.),11,75
house,114,surname,Asian (est.),12,82
house,114,surname,Asian (est.),13,90
house,114,surname,Asian (est.),14,90
house,114,surname,Asian (est.),15,89
house,114,surname,Asian (est.),17,11
house,114,surname,Hispanic (est.),4,839
house,114,surname,Hispanic (est.),5,631
house,114,surname,Hispanic (est.),6,423
house,114,surname,Hispanic (est.),7,354
house,114,surname,Hispanic (est.),8,335
house,114,surname,Hispanic (est.),9,158
house,114,surname,Hispanic (est.),10,297
house,114,surname,Hispanic (est.),11,321
house,114,surname,Hispanic (est.),12,330
house,114,surname,Hispanic (est.),13,391
house,114,surname,Hispanic (est.),14,409
house,114,surname,Hispanic (est.),15,368
house,114,surname,Hispanic (est.),17,38
house,114,surname,Hispanic (est.),21,1
house,115,surname,All others (est.),4,3783
house,115,surname,All others (est.),5,2905
house,115,surname,All others (est.),6,2290
house,115,surname,All others (est.),7,2041
house,115,surname,All others (est.),8,2222
house,115,surname,All others (est.),9,858
house,115,surname,All others (est.),10,1891
house,115,surname,All others (est.),11,2088
house,115,surname,All others (est.),12,2329
house,115,surname,All others (est.),13,2488
house,115,surname,All others (est.),14,2812
house,115,surname,All others (est.),15,2419
house,115,surname,All others (est.),17,623
house,115,surname,All others (est.),19,6
house,115,surname,All others (est.),21,5
house,115,surname,All others (est.),22,5
house,115,surname,All others (est.),28,8
house,115,surname,Asian (est.),4,656
house,115,surname,Asian (est.),5,422
house,115,surname,Asian (est.),6,306
house,115,surname,Asian (est.),7,252
house,115,surname,Asian (est.),8,260
house,115,surname,Asian (est.),9,173
house,115,surname,Asian (est.),10,293
house,115,surname,Asian (est.),11,207
house,115,surname,Asian (est.),12,251
house,115,surname,Asian (est.),13,235
house,115,surname,Asian (est.),14,247
house,115,surname,Asian (est.),15,202
house,115,surname,Asian (est.),17,32
house,115,surname,Asian (est.),28,2
house,115,surname,Hispanic (est.),4,702
house,115,surname,Hispanic (est.),5,438
house,115,surname,Hispanic (est.),6,349
house,115,surname,Hispanic (est.),7,345
house,115,surname,Hispanic (est.),8,303
house,115,surname,Hispanic (est.),9,169
house,115,surname,Hispanic (est.),10,315
house,115,surname,Hispanic (est.),11,290
house,115,surname,Hispanic (est.),12,302
house,115,surname,Hispanic (est.),13,328
house,115,surname,Hispanic (est.),14,369
house,115,surname,Hispanic (est.),15,351
house,115,surname,Hispanic (est.),17,45
house,115,surname,Hispanic (est.),28,3
house,116,surname,All others (est.),4,2070
house,116,surname,All others (est.),5,1527
house,116,surname,All others (est.),6,1257
house,116,surname,All others (est.),7,1182
house,116,surname,All others (est.),8,1091
house,116,surname,All others (est.),9,538
house,116,surname,All others (est.),10,1077
house,116,surname,All others (est.),11,1236
house,116,surname,All others (est.),12,1281
house,116,surname,All others (est.),13,1368
house,116,surname,All others (est.),14,1338
house,116,surname,All others (est.),15,1408
house,116,surname,All others (est.),17,37
house,116,surname,All others (est.),18,50
house,116,surname,All others (est.),19,72
house,116,surname,All others (est.),20,47
house,116,surname,All others (est.),21,81
house,116,surname,All others (est.),22,46
house,116,surname,All others (est.),23,2
house,116,surname,All others (est.),24,59
house,116,surname,All others (est.),25,76
house,116,surname,All others (est.),26,63
house,116,surname,All others (est.),27,34
house,116,surname,All others (est.),28,62
house,116,surname,All others (est.),32,4
house,116,surname,All others (est.),35,3
house,116,surname,All others (est.),36,2
house,116,surname,Asian (est.),4,190
house,116,surname,Asian (est.),5,123
house,116,surname,Asian (est.),6,96
house,116,surname,Asian (est.),7,74
house,116,surname,Asian (est.),8,59
house,116,surname,Asian (est.),9,40
house,116,surname,Asian (est.),10,77
house,116,surname,Asian (est.),11,72
house,116,surname,Asian (est.),12,83
house,116,surname,Asian (est.),13,82
house,116,surname,Asian (est.),14,88
house,116,surname,Asian (est.),15,82
house,116,surname,Asian (est.),17,3
house,116,surname,Asian (est.),18,2
house,116,surname,Asian (est.),19,4
house,116,surname,Asian (est.),20,3
house,116,surname,Asian (est.),21,2
house,116,surname,Asian (est.),22,2
house,116,surname,Asian (est.),24,2
house,116,surname,Asian (est.),25,2
house,116,surname,Asian (est.),26,2
house,116,surname,Asian (est.),27,1
house,116,surname,Asian (est.),28,3
house,116,surname,Hispanic (est.),4,2363
house,116,surname,Hispanic (est.),5,1579
house,116,surname,Hispanic (est.),6,1239
house,116,surname,Hispanic (est.),7,1124
house,116,surname,Hispanic (est.),8,1023
house,116,surname,Hispanic (est.),9,461
house,116,surname,Hispanic (est.),10,1137
house,116,surname,Hispanic (est.),11,1207
house,116,surname,Hispanic (est.),12,1247
house,116,surname,Hispanic (est.),13,1289
house,116,surname,Hispanic (est.),14,1366
house,116,surname,Hispanic (est.),15,1375
house,116,surname,Hispanic (est.),17,47
house,116,surname,Hispanic (est.),18,56
house,116,surname,Hispanic (est.),19,46
house,116,surname,Hispanic (est.),20,16
house,116,surname,Hispanic (est.),21,58
house,116,surname,Hispanic (est.),22,32
house,116,surname,Hispanic (est.),24,62
house,116,surname,Hispanic (est.),25,45
house,116,surname,Hispanic (est.),26,67
house,116,surname,Hispanic (est.),27,34
house,116,surname,Hispanic (est.),28,71
house,116,surname,Hispanic (est.),32,6
house,117,surname,All others (est.),4,1851
house,117,surname,All others (est.),5,1313
house,117,surname,All others (est.),6,1140
house,117,surname,All others (est.),7,1029
house,117,surname,All others (est.),8,980
house,117,surname,All others (est.),9,424
house,117,surname,All others (est.),10,912
house,117,surname,All others (est.),11,1211
house,117,surname,All others (est.),12,1126
house,117,surname,All others (est.),13,1222
house,117,surname,All others (est.),14,1286
house,117,surname,All others (est.),15,1327
house,117,surname,All others (est.),17,63
house,117,surname,All others (est.),18,54
house,117,surname,All others (est.),19,37
house,117,surname,All others (est.),20,43
house,117,surname,All others (est.),21,57
house,117,surname,All others (est.),22,55
house,117,surname,All others (est.),23,2
house,117,surname,All others (est.),24,41
house,117,surname,All others (est.),25,40
house,117,surname,All others (est.),26,112
house,117,surname,All others (est.),27,72
house,117,surname,All others (est.),28,83
house,117,surname,All others (est.),32,29
house,117,surname,All others (est.),33,21
house,117,surname,All others (est.),34,13
house,117,surname,All others (est.),35,4
house,117,surname,All others (est.),36,2
house,117,surname,All others (est.),37,3
house,117,surname,Asian (est.),4,109
house,117,surname,Asian (est.),5,75
house,117,surname,Asian (est.),6,55
house,117,surname,Asian (est.),7,50
house,117,surname,Asian (est.),8,48
house,117,surname,Asian (est.),9,25
house,117,surname,Asian (est.),10,54
house,117,surname,Asian (est.),11,56
house,117,surname,Asian (est.),12,51
house,117,surname,Asian (est.),13,51
house,117,surname,Asian (est.),14,62
house,117,surname,Asian (est.),15,61
house,117,surname,Asian (est.),17,1
house,117,surname,Asian (est.),18,2
house,117,surname,Asian (est.),19,2
house,117,surname,Asian (est.),20,1
house,117,surname,Asian (est.),21,1
house,117,surname,Asian (est.),22,2
house,117,surname,Asian (est.),24,2
house,117,surname,Asian (est.),25,2
house,117,surname,Asian (est.),26,3
house,117,surname,Asian (est.),27,1
house,117,surname,Asian (est.),28,3
house,117,surname,Asian (est.),32,1
house,117,surname,Asian (est.),33,1
house,117,surname,Asian (est.),34,1
house,117,surname,Hispanic (est.),4,2306
house,117,surname,Hispanic (est.),5,1521
house,117,surname,Hispanic (est.),6,1241
house,117,surname,Hispanic (est.),7,1052
house,117,surname,Hispanic (est.),8,942
house,117,surname,Hispanic (est.),9,497
house,117,surname,Hispanic (est.),10,1027
house,117,surname,Hispanic (est.),11,1208
house,117,surname,Hispanic (est.),12,1065
house,117,surname,Hispanic (est.),13,1170
house,117,surname,Hispanic (est.),14,1208
house,117,surname,Hispanic (est.),15,1203
house,117,surname,Hispanic (est.),17,32
house,117,surname,Hispanic (est.),18,29
house,117,surname,Hispanic (est.),19,26
house,117,surname,Hispanic (est.),20,27
house,117,surname,Hispanic (est.),21,38
house,117,surname,Hispanic (est.),22,26
house,117,surname,Hispanic (est.),23,1
house,117,surname,Hispanic (est.),24,21
house,117,surname,Hispanic (est.),25,33
house,117,surname,Hispanic (est.),26,69
house,117,surname,Hispanic (est.),27,56
house,117,surname,Hispanic (est.),28,48
house,117,surname,Hispanic (est.),32,35
house,117,surname,Hispanic (est.),33,32
house,117,surname,Hispanic (est.),34,44
house,117,surname,Hispanic (est.),36,1
house,118,surname,All others (est.),4,2472
house,118,surname,All others (est.),5,2032
house,118,surname,All others (est.),6,1690
house,118,surname,All others (est.),7,1601
house,118,surname,All others (est.),8,1394
house,118,surname,All others (est.),9,563
house,118,surname,All others (est.),10,1464
house,118,surname,All others (est.),11,1802
house,118,surname,All others (est.),12,1808
house,118,surname,All others (est.),13,1940
house,118,surname,All others (est.),14,1996
house,118,surname,All others (est.),15,1991
house,118,surname,All others (est.),17,105
house,118,surname,All others (est.),18,94
house,118,surname,All others (est.),19,137
house,118,surname,All others (est.),20,96
house,118,surname,All others (est.),21,81
house,118,surname,All others (est.),22,19
house,118,surname,All others (est.),23,2
house,118,surname,All others (est.),24,38
house,118,surname,All others (est.),25,59
house,118,surname,All others (est.),26,26
house,118,surname,All others (est.),27,34
house,118,surname,All others (est.),28,37
house,118,surname,All others (est.),31,2
house,118,surname,All others (est.),32,28
house,118,surname,All others (est.),33,16
house,118,surname,All others (est.),34,19
house,118,surname,All others (est.),35,1
house,118,surname,All others (est.),36,3
house,118,surname,Asian (est.),4,107
house,118,surname,Asian (est.),5,82
house,118,surname,Asian (est.),6,64
house,118,surname,Asian (est.),7,53
house,118,surname,Asian (est.),8,51
house,118,surname,Asian (est.),9,31
house,118,surname,Asian (est.),10,59
house,118,surname,Asian (est.),11,62
house,118,surname,Asian (est.),12,59
house,118,surname,Asian (est.),13,61
house,118,surname,Asian (est.),14,62
house,118,surname,Asian (est.),15,62
house,118,surname,Asian (est.),17,3
house,118,surname,Asian (est.),18,2
house,118,surname,Asian (est.),19,3
house,118,surname,Asian (est.),20,3
house,118,surname,Asian (est.),21,3
house,118,surname,Asian (est.),22,1
house,118,surname,Asian (est.),24,1
house,118,surname,Asian (est.),25,1
house,118,surname,Asian (est.),26,1
house,118,surname,Asian (est.),27,1
house,118,surname,Asian (est.),28,1
house,118,surname,Asian (est.),31,2
house,118,surname,Asian (est.),32,1
house,118,surname,Asian (est.),34,1
house,118,surname,Hispanic (est.),4,2206
house,118,surname,Hispanic (est.),5,1559
house,118,surname,Hispanic (est.),6,1193
house,118,surname,Hispanic (est.),7,1013
house,118,surname,Hispanic (est.),8,918
house,118,surname,Hispanic (est.),9,439
house,118,surname,Hispanic (est.),10,1018
house,118,surname,Hispanic (est.),11,1228
house,118,surname,Hispanic (est.),12,1125
house,118,surname,Hispanic (est.),13,1206
house,118,surname,Hispanic (est.),14,1254
house,118,surname,Hispanic (est.),15,1322
house,118,surname,Hispanic (est.),17,53
house,118,surname,Hispanic (est.),18,37
house,118,surname,Hispanic (est.),19,53
house,118,surname,Hispanic (est.),20,41
house,118,surname,Hispanic (est.),21,31
house,118,surname,Hispanic (est.),22,8
house,118,surname,Hispanic (est.),23,1
house,118,surname,Hispanic (est.),24,27
house,118,surname,Hispanic (est.),25,26
house,118,surname,Hispanic (est.),26,30
house,118,surname,Hispanic (est.),27,29
house,118,surname,Hispanic (est.),28,22
house,118,surname,Hispanic (est.),32,19
house,118,surname,Hispanic (est.),33,24
house,118,surname,Hispanic (est.),34,33
house,118,surname,Hispanic (est.),35,1
house,119,surname,All others (est.),4,1811
house,119,surname,All others (est.),5,1383
house,119,surname,All others (est.),6,1133
house,119,surname,All others (est.),7,1155
house,119,surname,All others (est.),8,1109
house,119,surname,All others (est.),9,501
house,119,surname,All others (est.),10,944
house,119,surname,All others (est.),11,1161
house,119,surname,All others (est.),12,1198
house,119,surname,All others (est.),13,1276
house,119,surname,All others (est.),14,1320
house,119,surname,All others (est.),15,1444
house,119,surname,All others (est.),17,85
house,119,surname,All others (est.),18,83
house,119,surname,All others (est.),19,102
house,119,surname,All others (est.),20,95
house,119,surname,All others (est.),21,63
house,119,surname,All others (est.),22,12
house,119,surname,All others (est.),23,1
house,119,surname,All others (est.),24,3
house,119,surname,All others (est.),25,5
house,119,surname,All others (est.),26,4
house,119,surname,All others (est.),27,7
house,119,surname,All others (est.),28,9
house,119,surname,All others (est.),31,1
house,119,surname,All others (est.),32,8
house,119,surname,All others (est.),33,3
house,119,surname,All others (est.),34,9
house,119,surname,All others (est.),36,3
house,119,surname,Asian (est.),4,106
house,119,surname,Asian (est.),5,63
house,119,surname,Asian (est.),6,56
house,119,surname,Asian (est.),7,45
house,119,surname,Asian (est.),8,47
house,119,surname,Asian (est.),9,28
house,119,surname,Asian (est.),10,50
house,119,surname,Asian (est.),11,55
house,119,surname,Asian (est.),12,44
house,119,surname,Asian (est.),13,55
house,119,surname,Asian (est.),14,54
house,119,surname,Asian (est.),15,61
house,119,surname,Asian (est.),17,2
house,119,surname,Asian (est.),18,2
house,119,surname,Asian (est.),19,2
house,119,surname,Asian (est.),20,3
house,119,surname,Asian (est.),21,2
house,119,surname,Asian (est.),22,1
house,119,surname,Asian (est.),32,1
house,119,surname,Asian (est.),34,1
house,119,surname,Hispanic (est.),4,2311
house,119,surname,Hispanic (est.),5,1452
house,119,surname,Hispanic (est.),6,1148
house,119,surname,Hispanic (est.),7,1093
house,119,surname,Hispanic (est.),8,932
house,119,surname,Hispanic (est.),9,464
house,119,surname,Hispanic (est.),10,968
house,119,surname,Hispanic (est.),11,1176
house,119,surname,Hispanic (est.),12,1130
house,119,surname,Hispanic (est.),13,1219
house,119,surname,Hispanic (est.),14,1294
house,119,surname,Hispanic (est.),15,1375
house,119,surname,Hispanic (est.),17,55
house,119,surname,Hispanic (est.),18,44
house,119,surname,Hispanic (est.),19,74
house,119,surname,Hispanic (est.),20,68
house,119,surname,Hispanic (est.),21,63
house,119,surname,Hispanic (est.),22,24
house,119,surname,Hispanic (est.),23,2
house,119,surname,Hispanic (est.),24,11
house,119,surname,Hispanic (est.),25,14
house,119,surname,Hispanic (est.),26,13
house,119,surname,Hispanic (est.),27,29
house,119,surname,Hispanic (est.),28,17
house,119,surname,Hispanic (est.),32,24
house,119,surname,Hispanic (est.),33,21
house,119,surname,Hispanic (est.),34,30
house,119,surname,Hispanic (est.),35,1
house,12,surname,All others (est.),4,3980
house,12,surname,All others (est.),5,3032
house,12,surname,All others (est.),6,2846
house,12,surname,All others (est.),7,2768
house,12,surname,All others (est.),8,2950
house,12,surname,All others (est.),9,652
house,12,surname,All others (est.),10,1392
house,12,surname,All others (est.),11,2711
house,12,surname,All others (est.),12,3021
house,12,surname,All others (est.),13,3330
house,12,surname,All others (est.),14,3777
house,12,surname,All others (est.),15,3794
house,12,surname,All others (est.),18,105
house,12,surname,All others (est.),19,171
house,12,surname,All others (est.),20,126
house,12,surname,All others (est.),21,78
house,12,surname,All others (est.),22,209
house,12,surname,All others (est.),25,114
house,12,surname,All others (est.),26,169
house,12,surname,All others (est.),27,24
house,12,surname,All others (est.),28,73
house,12,surname,All others (est.),32,5
house,12,surname,Asian (est.),4,79
house,12,surname,Asian (est.),5,54
house,12,surname,Asian (est.),6,48
house,12,surname,Asian (est.),7,43
house,12,surname,Asian (est.),8,49
house,12,surname,Asian (est.),9,12
house,12,surname,Asian (est.),10,33
house,12,surname,Asian (est.),11,47
house,12,surname,Asian (est.),12,42
house,12,surname,Asian (est.),13,52
house,12,surname,Asian (est.),14,71
house,12,surname,Asian (est.),15,60
house,12,surname,Asian (est.),18,3
house,12,surname,Asian (est.),19,3
house,12,surname,Asian (est.),20,1
house,12,surname,Asian (est.),21,1
house,12,surname,Asian (est.),22,4
house,12,surname,Asian (est.),25,2
house,12,surname,Asian (est.),26,5
house,12,surname,Asian (est.),28,1
house,12,surname,Hispanic (est.),4,460
house,12,surname,Hispanic (est.),5,284
house,12,surname,Hispanic (est.),6,251
house,12,surname,Hispanic (est.),7,240
house,12,surname,Hispanic (est.),8,228
house,12,surname,Hispanic (est.),9,56
house,12,surname,Hispanic (est.),10,145
house,12,surname,Hispanic (est.),11,218
house,12,surname,Hispanic (est.),12,216
house,12,surname,Hispanic (est.),13,242
house,12,surname,Hispanic (est.),14,264
house,12,surname,Hispanic (est.),15,292
house,12,surname,Hispanic (est.),18,7
house,12,surname,Hispanic (est.),19,14
house,12,surname,Hispanic (est.),20,5
house,12,surname,Hispanic (est.),21,8
house,12,surname,Hispanic (est.),22,14
house,12,surname,Hispanic (est.),25,7
house,12,surname,Hispanic (est.),26,11
house,12,surname,Hispanic (est.),27,1
house,12,surname,Hispanic (est.),28,7
house,120,surname,All others (est.),4,2379
house,120,surname,All others (est.),5,1738
house,120,surname,All others (est.),6,1403
house,120,surname,All others (est.),7,1349
house,120,surname,All others (est.),8,1386
house,120,surname,All others (est.),9,614
house,120,surname,All others (est.),10,1207
house,120,surname,All others (est.),11,1345
house,120,surname,All others (est.),12,1547
house,120,surname,All others (est.),13,1608
house,120,surname,All others (est.),14,1674
house,120,surname,All others (est.),15,1794
house,120,surname,All others (est.),17,122
house,120,surname,All others (est.),18,129
house,120,surname,All others (est.),19,144
house,120,surname,All others (est.),20,119
house,120,surname,All others (est.),21,118
house,120,surname,All others (est.),22,23
house,120,surname,All others (est.),27,1
house,120,surname,All others (est.),28,14
house,120,surname,All others (est.),31,1
house,120,surname,All others (est.),32,4
house,120,surname,All others (est.),34,1
house,120,surname,All others (est.),35,1
house,120,surname,All others (est.),36,8
house,120,surname,Asian (est.),4,98
house,120,surname,Asian (est.),5,62
house,120,surname,Asian (est.),6,56
house,120,surname,Asian (est.),7,41
house,120,surname,Asian (est.),8,44
house,120,surname,Asian (est.),9,18
house,120,surname,Asian (est.),10,46
house,120,surname,Asian (est.),11,55
house,120,surname,Asian (est.),12,57
house,120,surname,Asian (est.),13,52
house,120,surname,Asian (est.),14,54
house,120,surname,Asian (est.),15,63
house,120,surname,Asian (est.),17,3
house,120,surname,Asian (est.),18,4
house,120,surname,Asian (est.),19,4
house,120,surname,Asian (est.),20,2
house,120,surname,Asian (est.),21,4
house,120,surname,Hispanic (est.),4,1457
house,120,surname,Hispanic (est.),5,908
house,120,surname,Hispanic (est.),6,689
house,120,surname,Hispanic (est.),7,700
house,120,surname,Hispanic (est.),8,558
house,120,surname,Hispanic (est.),9,285
house,120,surname,Hispanic (est.),10,621
house,120,surname,Hispanic (est.),11,676
house,120,surname,Hispanic (est.),12,632
house,120,surname,Hispanic (est.),13,713
house,120,surname,Hispanic (est.),14,696
house,120,surname,Hispanic (est.),15,760
house,120,surname,Hispanic (est.),17,45
house,120,surname,Hispanic (est.),18,45
house,120,surname,Hispanic (est.),19,36
house,120,surname,Hispanic (est.),20,36
house,120,surname,Hispanic (est.),21,30
house,120,surname,Hispanic (est.),22,10
house,120,surname,Hispanic (est.),24,1
house,121,surname,All others (est.),4,4769
house,121,surname,All others (est.),5,3875
house,121,surname,All others (est.),6,3507
house,121,surname,All others (est.),7,3385
house,121,surname,All others (est.),8,3362
house,121,surname,All others (est.),9,1466
house,121,surname,All others (est.),10,2740
house,121,surname,All others (est.),11,3714
house,121,surname,All others (est.),12,3896
house,121,surname,All others (est.),13,3893
house,121,surname,All others (est.),14,3891
house,121,surname,All others (est.),15,3535
house,121,surname,All others (est.),17,181
house,121,surname,All others (est.),18,222
house,121,surname,All others (est.),19,235
house,121,surname,All others (est.),20,227
house,121,surname,All others (est.),21,338
house,121,surname,All others (est.),22,101
house,121,surname,All others (est.),23,2
house,121,surname,All others (est.),24,215
house,121,surname,All others (est.),25,129
house,121,surname,All others (est.),26,208
house,121,surname,All others (est.),27,63
house,121,surname,All others (est.),28,86
house,121,surname,All others (est.),32,4
house,121,surname,All others (est.),35,1
house,121,surname,All others (est.),36,1
house,121,surname,All others (est.),37,1
house,121,surname,Asian (est.),4,235
house,121,surname,Asian (est.),5,171
house,121,surname,Asian (est.),6,135
house,121,surname,Asian (est.),7,139
house,121,surname,Asian (est.),8,124
house,121,surname,Asian (est.),9,80
house,121,surname,Asian (est.),10,157
house,121,surname,Asian (est.),11,123
house,121,surname,Asian (est.),12,138
house,121,surname,Asian (est.),13,154
house,121,surname,Asian (est.),14,129
house,121,surname,Asian (est.),15,131
house,121,surname,Asian (est.),17,6
house,121,surname,Asian (est.),18,6
house,121,surname,Asian (est.),19,7
house,121,surname,Asian (est.),20,6
house,121,surname,Asian (est.),21,11
house,121,surname,Asian (est.),22,3
house,121,surname,Asian (est.),23,1
house,121,surname,Asian (est.),24,6
house,121,surname,Asian (est.),25,3
house,121,surname,Asian (est.),26,5
house,121,surname,Asian (est.),27,1
house,121,surname,Asian (est.),28,2
house,121,surname,Hispanic (est.),4,1796
house,121,surname,Hispanic (est.),5,1300
house,121,surname,Hispanic (est.),6,1148
house,121,surname,Hispanic (est.),7,1029
house,121,surname,Hispanic (est.),8,898
house,121,surname,Hispanic (est.),9,508
house,121,surname,Hispanic (est.),10,972
house,121,surname,Hispanic (est.),11,1182
house,121,surname,Hispanic (est.),12,1135
house,121,surname,Hispanic (est.),13,1049
house,121,surname,Hispanic (est.),14,1084
house,121,surname,Hispanic (est.),15,1041
house,121,surname,Hispanic (est.),17,27
house,121,surname,Hispanic (est.),18,37
house,121,surname,Hispanic (est.),19,49
house,121,surname,Hispanic (est.),20,44
house,121,surname,Hispanic (est.),21,50
house,121,surname,Hispanic (est.),22,21
house,121,surname,Hispanic (est.),24,46
house,121,surname,Hispanic (est.),25,33
house,121,surname,Hispanic (est.),26,25
house,121,surname,Hispanic (est.),27,9
house,121,surname,Hispanic (est.),28,13
house,122,surname,All others (est.),4,5201
house,122,surname,All others (est.),5,4193
house,122,surname,All others (est.),6,3829
house,122,surname,All others (est.),7,3688
house,122,surname,All others (est.),8,3530
house,122,surname,All others (est.),9,1524
house,122,surname,All others (est.),10,2947
house,122,surname,All others (est.),11,4000
house,122,surname,All others (est.),12,4052
house,122,surname,All others (est.),13,4013
house,122,surname,All others (est.),14,3977
house,122,surname,All others (est.),15,3735
house,122,surname,All others (est.),17,155
house,122,surname,All others (est.),18,146
house,122,surname,All others (est.),19,179
house,122,surname,All others (est.),20,176
house,122,surname,All others (est.),21,248
house,122,surname,All others (est.),22,160
house,122,surname,All others (est.),23,1
house,122,surname,All others (est.),24,219
house,122,surname,All others (est.),25,152
house,122,surname,All others (est.),26,161
house,122,surname,All others (est.),27,18
house,122,surname,All others (est.),28,51
house,122,surname,All others (est.),32,1
house,122,surname,All others (est.),33,1
house,122,surname,Asian (est.),4,313
house,122,surname,Asian (est.),5,207
house,122,surname,Asian (est.),6,208
house,122,surname,Asian (est.),7,168
house,122,surname,Asian (est.),8,149
house,122,surname,Asian (est.),9,92
house,122,surname,Asian (est.),10,189
house,122,surname,Asian (est.),11,158
house,122,surname,Asian (est.),12,177
house,122,surname,Asian (est.),13,167
house,122,surname,Asian (est.),14,183
house,122,surname,Asian (est.),15,144
house,122,surname,Asian (est.),17,4
house,122,surname,Asian (est.),18,4
house,122,surname,Asian (est.),19,7
house,122,surname,Asian (est.),20,5
house,122,surname,Asian (est.),21,7
house,122,surname,Asian (est.),22,4
house,122,surname,Asian (est.),24,7
house,122,surname,Asian (est.),25,2
house,122,surname,Asian (est.),26,5
house,122,surname,Asian (est.),28,1
house,122,surname,Hispanic (est.),4,2286
house,122,surname,Hispanic (est.),5,1552
house,122,surname,Hispanic (est.),6,1368
house,122,surname,Hispanic (est.),7,1310
house,122,surname,Hispanic (est.),8,1089
house,122,surname,Hispanic (est.),9,586
house,122,surname,Hispanic (est.),10,1098
house,122,surname,Hispanic (est.),11,1401
house,122,surname,Hispanic (est.),12,1323
house,122,surname,Hispanic (est.),13,1337
house,122,surname,Hispanic (est.),14,1281
house,122,surname,Hispanic (est.),15,1179
house,122,surname,Hispanic (est.),17,36
house,122,surname,Hispanic (est.),18,42
house,122,surname,Hispanic (est.),19,43
house,122,surname,Hispanic (est.),20,48
house,122,surname,Hispanic (est.),21,59
house,122,surname,Hispanic (est.),22,33
house,122,surname,Hispanic (est.),23,1
house,122,surname,Hispanic (est.),24,40
house,122,surname,Hispanic (est.),25,33
house,122,surname,Hispanic (est.),26,42
house,122,surname,Hispanic (est.),27,6
house,122,surname,Hispanic (est.),28,9
house,122,surname,Hispanic (est.),34,1
house,123,surname,All others (est.),4,2787
house,123,surname,All others (est.),5,1960
house,123,surname,All others (est.),6,1684
house,123,surname,All others (est.),7,1571
house,123,surname,All others (est.),8,1517
house,123,surname,All others (est.),9,588
house,123,surname,All others (est.),10,1355
house,123,surname,All others (est.),11,1816
house,123,surname,All others (est.),12,1904
house,123,surname,All others (est.),13,1815
house,123,surname,All others (est.),14,1909
house,123,surname,All others (est.),15,1850
house,123,surname,All others (est.),17,81
house,123,surname,All others (est.),18,66
house,123,surname,All others (est.),19,84
house,123,surname,All others (est.),20,61
house,123,surname,All others (est.),21,112
house,123,surname,All others (est.),22,62
house,123,surname,All others (est.),23,1
house,123,surname,All others (est.),24,113
house,123,surname,All others (est.),25,79
house,123,surname,All others (est.),26,93
house,123,surname,All others (est.),27,48
house,123,surname,All others (est.),28,49
house,123,surname,All others (est.),32,4
house,123,surname,All others (est.),33,3
house,123,surname,All others (est.),34,1
house,123,surname,All others (est.),35,1
house,123,surname,All others (est.),36,1
house,123,surname,Asian (est.),4,148
house,123,surname,Asian (est.),5,81
house,123,surname,Asian (est.),6,71
house,123,surname,Asian (est.),7,74
house,123,surname,Asian (est.),8,75
house,123,surname,Asian (est.),9,31
house,123,surname,Asian (est.),10,62
house,123,surname,Asian (est.),11,77
house,123,surname,Asian (est.),12,74
house,123,surname,Asian (est.),13,81
house,123,surname,Asian (est.),14,68
house,123,surname,Asian (est.),15,77
house,123,surname,Asian (est.),17,2
house,123,surname,Asian (est.),18,3
house,123,surname,Asian (est.),19,3
house,123,surname,Asian (est.),20,1
house,123,surname,Asian (est.),21,4
house,123,surname,Asian (est.),22,3
house,123,surname,Asian (est.),24,3
house,123,surname,Asian (est.),25,4
house,123,surname,Asian (est.),26,3
house,123,surname,Asian (est.),27,2
house,123,surname,Asian (est.),28,3
house,123,surname,Hispanic (est.),4,2500
house,123,surname,Hispanic (est.),5,1579
house,123,surname,Hispanic (est.),6,1278
house,123,surname,Hispanic (est.),7,1113
house,123,surname,Hispanic (est.),8,1092
house,123,surname,Hispanic (est.),9,425
house,123,surname,Hispanic (est.),10,1141
house,123,surname,Hispanic (est.),11,1213
house,123,surname,Hispanic (est.),12,1343
house,123,surname,Hispanic (est.),13,1336
house,123,surname,Hispanic (est.),14,1374
house,123,surname,Hispanic (est.),15,1372
house,123,surname,Hispanic (est.),17,52
house,123,surname,Hispanic (est.),18,49
house,123,surname,Hispanic (est.),19,67
house,123,surname,Hispanic (est.),20,43
house,123,surname,Hispanic (est.),21,62
house,123,surname,Hispanic (est.),22,18
house,123,surname,Hispanic (est.),23,2
house,123,surname,Hispanic (est.),24,67
house,123,surname,Hispanic (est.),25,41
house,123,surname,Hispanic (est.),26,63
house,123,surname,Hispanic (est.),27,62
house,123,surname,Hispanic (est.),28,74
house,123,surname,Hispanic (est.),32,7
house,123,surname,Hispanic (est.),33,9
house,123,surname,Hispanic (est.),34,3
house,124,surname,All others (est.),4,1284
house,124,surname,All others (est.),5,942
house,124,surname,All others (est.),6,768
house,124,surname,All others (est.),7,722
house,124,surname,All others (est.),8,669
house,124,surname,All others (est.),9,300
house,124,surname,All others (est.),10,659
house,124,surname,All others (est.),11,800
house,124,surname,All others (est.),12,775
house,124,surname,All others (est.),13,821
house,124,surname,All others (est.),14,829
house,124,surname,All others (est.),15,931
house,124,surname,All others (est.),17,26
house,124,surname,All others (est.),18,27
house,124,surname,All others (est.),19,27
house,124,surname,All others (est.),20,19
house,124,surname,All others (est.),21,45
house,124,surname,All others (est.),22,44
house,124,surname,All others (est.),23,2
house,124,surname,All others (est.),24,36
house,124,surname,All others (est.),25,38
house,124,surname,All others (est.),26,36
house,124,surname,All others (est.),27,61
house,124,surname,All others (est.),28,48
house,124,surname,All others (est.),31,1
house,124,surname,All others (est.),32,18
house,124,surname,All others (est.),33,34
house,124,surname,All others (est.),34,5
house,124,surname,All others (est.),35,1
house,124,surname,All others (est.),36,3
house,124,surname,Asian (est.),4,101
house,124,surname,Asian (est.),5,51
house,124,surname,Asian (est.),6,52
house,124,surname,Asian (est.),7,47
house,124,surname,Asian (est.),8,37
house,124,surname,Asian (est.),9,15
house,124,surname,Asian (est.),10,41
house,124,surname,Asian (est.),11,42
house,124,surname,Asian (est.),12,34
house,124,surname,Asian (est.),13,42
house,124,surname,Asian (est.),14,39
house,124,surname,Asian (est.),15,52
house,124,surname,Asian (est.),17,1
house,124,surname,Asian (est.),18,2
house,124,surname,Asian (est.),19,1
house,124,surname,Asian (est.),20,1
house,124,surname,Asian (est.),21,2
house,124,surname,Asian (est.),22,1
house,124,surname,Asian (est.),24,1
house,124,surname,Asian (est.),25,3
house,124,surname,Asian (est.),26,1
house,124,surname,Asian (est.),27,4
house,124,surname,Asian (est.),28,2
house,124,surname,Asian (est.),32,1
house,124,surname,Asian (est.),33,1
house,124,surname,Asian (est.),37,1
house,124,surname,Hispanic (est.),4,2071
house,124,surname,Hispanic (est.),5,1417
house,124,surname,Hispanic (est.),6,1045
house,124,surname,Hispanic (est.),7,983
house,124,surname,Hispanic (est.),8,837
house,124,surname,Hispanic (est.),9,427
house,124,surname,Hispanic (est.),10,949
house,124,surname,Hispanic (est.),11,1106
house,124,surname,Hispanic (est.),12,1017
house,124,surname,Hispanic (est.),13,1079
house,124,surname,Hispanic (est.),14,1148
house,124,surname,Hispanic (est.),15,1121
house,124,surname,Hispanic (est.),17,28
house,124,surname,Hispanic (est.),18,42
house,124,surname,Hispanic (est.),19,31
house,124,surname,Hispanic (est.),20,20
house,124,surname,Hispanic (est.),21,40
house,124,surname,Hispanic (est.),22,31
house,124,surname,Hispanic (est.),23,2
house,124,surname,Hispanic (est.),24,40
house,124,surname,Hispanic (est.),25,39
house,124,surname,Hispanic (est.),26,42
house,124,surname,Hispanic (est.),27,75
house,124,surname,Hispanic (est.),28,58
house,124,surname,Hispanic (est.),32,27
house,124,surname,Hispanic (est.),33,38
house,124,surname,Hispanic (est.),34,5
house,124,surname,Hispanic (est.),37,1
house,125,surname,All others (est.),4,2326
house,125,surname,All others (est.),5,1811
house,125,surname,All others (est.),6,1574
house,125,surname,All others (est.),7,1477
house,125,surname,All others (est.),8,1364
house,125,surname,All others (est.),9,633
house,125,surname,All others (est.),10,1346
house,125,surname,All others (est.),11,1696
house,125,surname,All others (est.),12,1680
house,125,surname,All others (est.),13,1724
house,125,surname,All others (est.),14,1769
house,125,surname,All others (est.),15,1771
house,125,surname,All others (est.),17,52
house,125,surname,All others (est.),18,57
house,125,surname,All others (est.),19,66
house,125,surname,All others (est.),20,47
house,125,surname,All others (est.),21,78
house,125,surname,All others (est.),22,48
house,125,surname,All others (est.),23,1
house,125,surname,All others (est.),24,69
house,125,surname,All others (est.),25,51
house,125,surname,All others (est.),26,102
house,125,surname,All others (est.),27,61
house,125,surname,All others (est.),28,102
house,125,surname,All others (est.),32,3
house,125,surname,All others (est.),36,3
house,125,surname,Asian (est.),4,150
house,125,surname,Asian (est.),5,100
house,125,surname,Asian (est.),6,81
house,125,surname,Asian (est.),7,90
house,125,surname,Asian (est.),8,58
house,125,surname,Asian (est.),9,37
house,125,surname,Asian (est.),10,91
house,125,surname,Asian (est.),11,79
house,125,surname,Asian (est.),12,92
house,125,surname,Asian (est.),13,90
house,125,surname,Asian (est.),14,97
house,125,surname,Asian (est.),15,80
house,125,surname,Asian (est.),17,2
house,125,surname,Asian (est.),18,3
house,125,surname,Asian (est.),19,6
house,125,surname,Asian (est.),20,1
house,125,surname,Asian (est.),21,2
house,125,surname,Asian (est.),22,4
house,125,surname,Asian (est.),24,3
house,125,surname,Asian (est.),25,3
house,125,surname,Asian (est.),26,4
house,125,surname,Asian (est.),27,2
house,125,surname,Asian (est.),28,3
house,125,surname,Asian (est.),36,1
house,125,surname,Hispanic (est.),4,2771
house,125,surname,Hispanic (est.),5,1919
house,125,surname,Hispanic (est.),6,1583
house,125,surname,Hispanic (est.),7,1479
house,125,surname,Hispanic (est.),8,1319
house,125,surname,Hispanic (est.),9,551
house,125,surname,Hispanic (est.),10,1385
house,125,surname,Hispanic (est.),11,1564
house,125,surname,Hispanic (est.),12,1617
house,125,surname,Hispanic (est.),13,1625
house,125,surname,Hispanic (est.),14,1663
house,125,surname,Hispanic (est.),15,1677
house,125,surname,Hispanic (est.),17,56
house,125,surname,Hispanic (est.),18,49
house,125,surname,Hispanic (est.),19,51
house,125,surname,Hispanic (est.),20,41
house,125,surname,Hispanic (est.),21,59
house,125,surname,Hispanic (est.),22,43
house,125,surname,Hispanic (est.),23,1
house,125,surname,Hispanic (est.),24,76
house,125,surname,Hispanic (est.),25,57
house,125,surname,Hispanic (est.),26,77
house,125,surname,Hispanic (est.),27,73
house,125,surname,Hispanic (est.),28,104
house,125,surname,Hispanic (est.),32,3
house,126,surname,All others (est.),4,4153
house,126,surname,All others (est.),5,3183
house,126,surname,All others (est.),6,2895
house,126,surname,All others (est.),7,2286
house,126,surname,All others (est.),8,2374
house,126,surname,All others (est.),9,1161
house,126,surname,All others (est.),10,1809
house,126,surname,All others (est.),11,3006
house,126,surname,All others (est.),12,2805
house,126,surname,All others (est.),13,2861
house,126,surname,All others (est.),14,2973
house,126,surname,All others (est.),15,2679
house,126,surname,All others (est.),17,367
house,126,surname,All others (est.),18,223
house,126,surname,All others (est.),19,148
house,126,surname,All others (est.),20,187
house,126,surname,All others (est.),21,242
house,126,surname,All others (est.),25,38
house,126,surname,All others (est.),26,5
house,126,surname,All others (est.),33,1
house,126,surname,All others (est.),34,1
house,126,surname,Asian (est.),4,302
house,126,surname,Asian (est.),5,282
house,126,surname,Asian (est.),6,208
house,126,surname,Asian (est.),7,161
house,126,surname,Asian (est.),8,172
house,126,surname,Asian (est.),9,112
house,126,surname,Asian (est.),10,168
house,126,surname,Asian (est.),11,185
house,126,surname,Asian (est.),12,167
house,126,surname,Asian (est.),13,162
house,126,surname,Asian (est.),14,176
house,126,surname,Asian (est.),15,131
house,126,surname,Asian (est.),17,19
house,126,surname,Asian (est.),18,7
house,126,surname,Asian (est.),19,5
house,126,surname,Asian (est.),20,10
house,126,surname,Asian (est.),21,6
house,126,surname,Asian (est.),25,2
house,126,surname,Hispanic (est.),4,861
house,126,surname,Hispanic (est.),5,567
house,126,surname,Hispanic (est.),6,476
house,126,surname,Hispanic (est.),7,343
house,126,surname,Hispanic (est.),8,369
house,126,surname,Hispanic (est.),9,213
house,126,surname,Hispanic (est.),10,340
house,126,surname,Hispanic (est.),11,452
house,126,surname,Hispanic (est.),12,390
house,126,surname,Hispanic (est.),13,400
house,126,surname,Hispanic (est.),14,426
house,126,surname,Hispanic (est.),15,405
house,126,surname,Hispanic (est.),17,35
house,126,surname,Hispanic (est.),18,24
house,126,surname,Hispanic (est.),19,18
house,126,surname,Hispanic (est.),20,10
house,126,surname,Hispanic (est.),21,19
house,126,surname,Hispanic (est.),25,5
house,126,surname,Hispanic (est.),33,1
house,126,surname,Hispanic (est.),37,1
house,127,surname,All others (est.),4,4609
house,127,surname,All others (est.),5,3814
house,127,surname,All others (est.),6,3219
house,127,surname,All others (est.),7,2800
house,127,surname,All others (est.),8,2762
house,127,surname,All others (est.),9,1453
house,127,surname,All others (est.),10,2509
house,127,surname,All others (est.),11,3392
house,127,surname,All others (est.),12,3182
house,127,surname,All others (est.),13,3208
house,127,surname,All others (est.),14,3414
house,127,surname,All others (est.),15,3036
house,127,surname,All others (est.),17,443
house,127,surname,All others (est.),18,205
house,127,surname,All others (est.),19,201
house,127,surname,All others (est.),20,129
house,127,surname,All others (est.),21,96
house,127,surname,All others (est.),25,26
house,127,surname,All others (est.),27,2
house,127,surname,All others (est.),28,3
house,127,surname,All others (est.),33,1
house,127,surname,All others (est.),34,1
house,127,surname,All others (est.),35,1
house,127,surname,All others (est.),37,1
house,127,surname,Asian (est.),4,164
house,127,surname,Asian (est.),5,114
house,127,surname,Asian (est.),6,105
house,127,surname,Asian (est.),7,84
house,127,surname,Asian (est.),8,86
house,127,surname,Asian (est.),9,57
house,127,surname,Asian (est.),10,85
house,127,surname,Asian (est.),11,89
house,127,surname,Asian (est.),12,89
house,127,surname,Asian (est.),13,86
house,127,surname,Asian (est.),14,76
house,127,surname,Asian (est.),15,91
house,127,surname,Asian (est.),17,12
house,127,surname,Asian (est.),18,6
house,127,surname,Asian (est.),19,5
house,127,surname,Asian (est.),20,5
house,127,surname,Asian (est.),21,6
house,127,surname,Asian (est.),25,1
house,127,surname,Hispanic (est.),4,947
house,127,surname,Hispanic (est.),5,710
house,127,surname,Hispanic (est.),6,475
house,127,surname,Hispanic (est.),7,431
house,127,surname,Hispanic (est.),8,437
house,127,surname,Hispanic (est.),9,271
house,127,surname,Hispanic (est.),10,442
house,127,surname,Hispanic (est.),11,553
house,127,surname,Hispanic (est.),12,456
house,127,surname,Hispanic (est.),13,435
house,127,surname,Hispanic (est.),14,468
house,127,surname,Hispanic (est.),15,469
house,127,surname,Hispanic (est.),17,39
house,127,surname,Hispanic (est.),18,15
house,127,surname,Hispanic (est.),19,25
house,127,surname,Hispanic (est.),20,12
house,127,surname,Hispanic (est.),21,8
house,127,surname,Hispanic (est.),25,2
house,127,surname,Hispanic (est.),26,2
house,128,surname,All others (est.),4,3231
house,128,surname,All others (est.),5,2310
house,128,surname,All others (est.),6,2080
house,128,surname,All others (est.),7,1606
house,128,surname,All others (est.),8,1791
house,128,surname,All others (est.),9,761
house,128,surname,All others (est.),10,1225
house,128,surname,All others (est.),11,2347
house,128,surname,All others (est.),12,2208
house,128,surname,All others (est.),13,2745
house,128,surname,All others (est.),14,2923
house,128,surname,All others (est.),15,2831
house,128,surname,All others (est.),17,423
house,128,surname,All others (est.),18,165
house,128,surname,All others (est.),19,162
house,128,surname,All others (est.),20,102
house,128,surname,All others (est.),21,35
house,128,surname,All others (est.),25,4
house,128,surname,All others (est.),27,1
house,128,surname,All others (est.),35,2
house,128,surname,Asian (est.),4,78
house,128,surname,Asian (est.),5,55
house,128,surname,Asian (est.),6,45
house,128,surname,Asian (est.),7,45
house,128,surname,Asian (est.),8,44
house,128,surname,Asian (est.),9,18
house,128,surname,Asian (est.),10,37
house,128,surname,Asian (est.),11,49
house,128,surname,Asian (est.),12,44
house,128,surname,Asian (est.),13,60
house,128,surname,Asian (est.),14,59
house,128,surname,Asian (est.),15,55
house,128,surname,Asian (est.),17,9
house,128,surname,Asian (est.),18,2
house,128,surname,Asian (est.),19,4
house,128,surname,Asian (est.),20,1
house,128,surname,Hispanic (est.),4,969
house,128,surname,Hispanic (est.),5,530
house,128,surname,Hispanic (est.),6,432
house,128,surname,Hispanic (est.),7,381
house,128,surname,Hispanic (est.),8,326
house,128,surname,Hispanic (est.),9,160
house,128,surname,Hispanic (est.),10,302
house,128,surname,Hispanic (est.),11,484
house,128,surname,Hispanic (est.),12,424
house,128,surname,Hispanic (est.),13,418
house,128,surname,Hispanic (est.),14,486
house,128,surname,Hispanic (est.),15,491
house,128,surname,Hispanic (est.),17,39
house,128,surname,Hispanic (est.),18,17
house,128,surname,Hispanic (est.),19,18
house,128,surname,Hispanic (est.),20,10
house,128,surname,Hispanic (est.),21,4
house,128,surname,Hispanic (est.),25,1
house,129,surname,All others (est.),4,4478
house,129,surname,All others (est.),5,3215
house,129,surname,All others (est.),6,2888
house,129,surname,All others (est.),7,2184
house,129,surname,All others (est.),8,2478
house,129,surname,All others (est.),9,1129
house,129,surname,All others (est.),10,1876
house,129,surname,All others (est.),11,3214
house,129,surname,All others (est.),12,3087
house,129,surname,All others (est.),13,3362
house,129,surname,All others (est.),14,3376
house,129,surname,All others (est.),15,3192
house,129,surname,All others (est.),17,577
house,129,surname,All others (est.),18,312
house,129,surname,All others (est.),19,201
house,129,surname,All others (est.),20,174
house,129,surname,All others (est.),21,66
house,129,surname,All others (est.),25,10
house,129,surname,All others (est.),26,1
house,129,surname,All others (est.),27,4
house,129,surname,All others (est.),28,3
house,129,surname,All others (est.),29,1
house,129,surname,All others (est.),32,4
house,129,surname,All others (est.),35,1
house,129,surname,All others (est.),36,1
house,129,surname,All others (est.),37,1
house,129,surname,Asian (est.),4,428
house,129,surname,Asian (est.),5,341
house,129,surname,Asian (est.),6,260
house,129,surname,Asian (est.),7,182
house,129,surname,Asian (est.),8,201
house,129,surname,Asian (est.),9,155
house,129,surname,Asian (est.),10,172
house,129,surname,Asian (est.),11,232
house,129,surname,Asian (est.),12,235
house,129,surname,Asian (est.),13,234
house,129,surname,Asian (est.),14,196
house,129,surname,Asian (est.),15,221
house,129,surname,Asian (est.),17,26
house,129,surname,Asian (est.),18,17
house,129,surname,Asian (est.),19,11
house,129,surname,Asian (est.),20,8
house,129,surname,Asian (est.),21,8
house,129,surname,Asian (est.),25,7
house,129,surname,Asian (est.),27,3
house,129,surname,Hispanic (est.),4,1151
house,129,surname,Hispanic (est.),5,692
house,129,surname,Hispanic (est.),6,546
house,129,surname,Hispanic (est.),7,403
house,129,surname,Hispanic (est.),8,490
house,129,surname,Hispanic (est.),9,247
house,129,surname,Hispanic (est.),10,390
house,129,surname,Hispanic (est.),11,571
house,129,surname,Hispanic (est.),12,527
house,129,surname,Hispanic (est.),13,619
house,129,surname,Hispanic (est.),14,616
house,129,surname,Hispanic (est.),15,640
house,129,surname,Hispanic (est.),17,62
house,129,surname,Hispanic (est.),18,35
house,129,surname,Hispanic (est.),19,14
house,129,surname,Hispanic (est.),20,21
house,129,surname,Hispanic (est.),21,12
house,129,surname,Hispanic (est.),25,2
house,13,surname,All others (est.),4,3003
house,13,surname,All others (est.),5,2300
house,13,surname,All others (est.),6,1958
house,13,surname,All others (est.),7,1899
house,13,surname,All others (est.),8,2035
house,13,surname,All others (est.),9,197
house,13,surname,All others (est.),10,776
house,13,surname,All others (est.),11,2288
house,13,surname,All others (est.),12,2296
house,13,surname,All others (est.),13,2500
house,13,surname,All others (est.),14,2890
house,13,surname,All others (est.),15,2823
house,13,surname,All others (est.),16,2
house,13,surname,All others (est.),18,74
house,13,surname,All others (est.),19,83
house,13,surname,All others (est.),20,54
house,13,surname,All others (est.),21,46
house,13,surname,All others (est.),22,123
house,13,surname,All others (est.),24,45
house,13,surname,All others (est.),25,35
house,13,surname,All others (est.),26,137
house,13,surname,All others (est.),27,43
house,13,surname,All others (est.),28,94
house,13,surname,All others (est.),29,50
house,13,surname,All others (est.),32,47
house,13,surname,All others (est.),33,27
house,13,surname,All others (est.),34,43
house,13,surname,All others (est.),35,42
house,13,surname,All others (est.),36,65
house,13,surname,All others (est.),37,100
house,13,surname,Asian (est.),4,45
house,13,surname,Asian (est.),5,32
house,13,surname,Asian (est.),6,32
house,13,surname,Asian (est.),7,24
house,13,surname,Asian (est.),8,24
house,13,surname,Asian (est.),9,3
house,13,surname,Asian (est.),10,11
house,13,surname,Asian (est.),11,29
house,13,surname,Asian (est.),12,31
house,13,surname,Asian (est.),13,30
house,13,surname,Asian (est.),14,35
house,13,surname,Asian (est.),15,40
house,13,surname,Asian (est.),18,1
house,13,surname,Asian (est.),19,1
house,13,surname,Asian (est.),21,1
house,13,surname,Asian (est.),22,1
house,13,surname,Asian (est.),24,1
house,13,surname,Asian (est.),25,1
house,13,surname,Asian (est.),26,2
house,13,surname,Asian (est.),27,1
house,13,surname,Asian (est.),28,1
house,13,surname,Asian (est.),37,2
house,13,surname,Hispanic (est.),4,319
house,13,surname,Hispanic (est.),5,205
house,13,surname,Hispanic (est.),6,158
house,13,surname,Hispanic (est.),7,152
house,13,surname,Hispanic (est.),8,163
house,13,surname,Hispanic (est.),9,15
house,13,surname,Hispanic (est.),10,81
house,13,surname,Hispanic (est.),11,174
house,13,surname,Hispanic (est.),12,195
house,13,surname,Hispanic (est.),13,171
house,13,surname,Hispanic (est.),14,193
house,13,surname,Hispanic (est.),15,206
house,13,surname,Hispanic (est.),16,1
house,13,surname,Hispanic (est.),18,5
house,13,surname,Hispanic (est.),19,6
house,13,surname,Hispanic (est.),20,3
house,13,surname,Hispanic (est.),21,6
house,13,surname,Hispanic (est.),22,6
house,13,surname,Hispanic (est.),24,2
house,13,surname,Hispanic (est.),25,5
house,13,surname,Hispanic (est.),26,13
house,13,surname,Hispanic (est.),27,4
house,13,surname,Hispanic (est.),28,5
house,13,surname,Hispanic (est.),29,2
house,13,surname,Hispanic (est.),32,1
house,13,surname,Hispanic (est.),33,1
house,13,surname,Hispanic (est.),34,2
house,13,surname,Hispanic (est.),35,3
house,13,surname,Hispanic (est.),36,3
house,13,surname,Hispanic (est.),37,6
house,130,surname,All others (est.),4,4900
house,130,surname,All others (est.),5,3879
house,130,surname,All others (est.),6,3373
house,130,surname,All others (est.),7,2702
house,130,surname,All others (est.),8,2970
house,130,surname,All others (est.),9,1372
house,130,surname,All others (est.),10,2194
house,130,surname,All others (est.),11,3492
house,130,surname,All others (est.),12,3264
house,130,surname,All others (est.),13,3379
house,130,surname,All others (est.),14,3438
house,130,surname,All others (est.),15,3321
house,130,surname,All others (est.),17,216
house,130,surname,All others (est.),18,165
house,130,surname,All others (est.),19,95
house,130,surname,All others (est.),20,150
house,130,surname,All others (est.),21,88
house,130,surname,All others (est.),25,22
house,130,surname,All others (est.),26,1
house,130,surname,All others (est.),28,3
house,130,surname,All others (est.),32,2
house,130,surname,Asian (est.),4,282
house,130,surname,Asian (est.),5,251
house,130,surname,Asian (est.),6,191
house,130,surname,Asian (est.),7,138
house,130,surname,Asian (est.),8,157
house,130,surname,Asian (est.),9,104
house,130,surname,Asian (est.),10,141
house,130,surname,Asian (est.),11,133
house,130,surname,Asian (est.),12,143
house,130,surname,Asian (est.),13,148
house,130,surname,Asian (est.),14,137
house,130,surname,Asian (est.),15,143
house,130,surname,Asian (est.),17,6
house,130,surname,Asian (est.),18,6
house,130,surname,Asian (est.),19,2
house,130,surname,Asian (est.),20,7
house,130,surname,Asian (est.),21,6
house,130,surname,Asian (est.),25,1
house,130,surname,Hispanic (est.),4,904
house,130,surname,Hispanic (est.),5,661
house,130,surname,Hispanic (est.),6,503
house,130,surname,Hispanic (est.),7,390
house,130,surname,Hispanic (est.),8,410
house,130,surname,Hispanic (est.),9,208
house,130,surname,Hispanic (est.),10,366
house,130,surname,Hispanic (est.),11,469
house,130,surname,Hispanic (est.),12,419
house,130,surname,Hispanic (est.),13,457
house,130,surname,Hispanic (est.),14,486
house,130,surname,Hispanic (est.),15,462
house,130,surname,Hispanic (est.),17,20
house,130,surname,Hispanic (est.),18,10
house,130,surname,Hispanic (est.),19,6
house,130,surname,Hispanic (est.),20,10
house,130,surname,Hispanic (est.),21,5
house,130,surname,Hispanic (est.),25,2
house,130,surname,Hispanic (est.),33,1
house,131,surname,All others (est.),4,2399
house,131,surname,All others (est.),5,1676
house,131,surname,All others (est.),6,1376
house,131,surname,All others (est.),7,853
house,131,surname,All others (est.),8,1147
house,131,surname,All others (est.),9,585
house,131,surname,All others (est.),10,849
house,131,surname,All others (est.),11,1082
house,131,surname,All others (est.),12,1193
house,131,surname,All others (est.),13,1220
house,131,surname,All others (est.),14,1281
house,131,surname,All others (est.),15,1215
house,131,surname,All others (est.),17,330
house,131,surname,All others (est.),18,90
house,131,surname,All others (est.),19,100
house,131,surname,All others (est.),20,87
house,131,surname,All others (est.),21,20
house,131,surname,All others (est.),25,6
house,131,surname,All others (est.),28,1
house,131,surname,All others (est.),32,1
house,131,surname,All others (est.),34,1
house,131,surname,Asian (est.),4,185
house,131,surname,Asian (est.),5,138
house,131,surname,Asian (est.),6,105
house,131,surname,Asian (est.),7,75
house,131,surname,Asian (est.),8,96
house,131,surname,Asian (est.),9,56
house,131,surname,Asian (est.),10,95
house,131,surname,Asian (est.),11,95
house,131,surname,Asian (est.),12,116
house,131,surname,Asian (est.),13,121
house,131,surname,Asian (est.),14,123
house,131,surname,Asian (est.),15,111
house,131,surname,Asian (est.),17,17
house,131,surname,Asian (est.),18,5
house,131,surname,Asian (est.),19,12
house,131,surname,Asian (est.),20,8
house,131,surname,Asian (est.),21,8
house,131,surname,Asian (est.),25,1
house,131,surname,Hispanic (est.),4,866
house,131,surname,Hispanic (est.),5,554
house,131,surname,Hispanic (est.),6,385
house,131,surname,Hispanic (est.),7,281
house,131,surname,Hispanic (est.),8,300
house,131,surname,Hispanic (est.),9,175
house,131,surname,Hispanic (est.),10,318
house,131,surname,Hispanic (est.),11,286
house,131,surname,Hispanic (est.),12,310
house,131,surname,Hispanic (est.),13,301
house,131,surname,Hispanic (est.),14,309
house,131,surname,Hispanic (est.),15,299
house,131,surname,Hispanic (est.),17,40
house,131,surname,Hispanic (est.),18,10
house,131,surname,Hispanic (est.),19,13
house,131,surname,Hispanic (est.),20,16
house,131,surname,Hispanic (est.),21,4
house,131,surname,Hispanic (est.),25,1
house,131,surname,Hispanic (est.),32,1
house,132,surname,All others (est.),4,4181
house,132,surname,All others (est.),5,3289
house,132,surname,All others (est.),6,2872
house,132,surname,All others (est.),7,2442
house,132,surname,All others (est.),8,2506
house,132,surname,All others (est.),9,1285
house,132,surname,All others (est.),10,2061
house,132,surname,All others (est.),11,3120
house,132,surname,All others (est.),12,2942
house,132,surname,All others (est.),13,3186
house,132,surname,All others (est.),14,3145
house,132,surname,All others (est.),15,3163
house,132,surname,All others (est.),17,246
house,132,surname,All others (est.),18,127
house,132,surname,All others (est.),19,138
house,132,surname,All others (est.),20,94
house,132,surname,All others (est.),21,66
house,132,surname,All others (est.),22,1
house,132,surname,All others (est.),25,7
house,132,surname,All others (est.),26,1
house,132,surname,All others (est.),28,2
house,132,surname,All others (est.),32,1
house,132,surname,Asian (est.),4,400
house,132,surname,Asian (est.),5,355
house,132,surname,Asian (est.),6,274
house,132,surname,Asian (est.),7,184
house,132,surname,Asian (est.),8,234
house,132,surname,Asian (est.),9,131
house,132,surname,Asian (est.),10,238
house,132,surname,Asian (est.),11,245
house,132,surname,Asian (est.),12,192
house,132,surname,Asian (est.),13,208
house,132,surname,Asian (est.),14,197
house,132,surname,Asian (est.),15,215
house,132,surname,Asian (est.),17,16
house,132,surname,Asian (est.),18,8
house,132,surname,Asian (est.),19,2
house,132,surname,Asian (est.),20,12
house,132,surname,Asian (est.),21,8
house,132,surname,Asian (est.),25,2
house,132,surname,Hispanic (est.),4,983
house,132,surname,Hispanic (est.),5,704
house,132,surname,Hispanic (est.),6,546
house,132,surname,Hispanic (est.),7,430
house,132,surname,Hispanic (est.),8,442
house,132,surname,Hispanic (est.),9,246
house,132,surname,Hispanic (est.),10,458
house,132,surname,Hispanic (est.),11,569
house,132,surname,Hispanic (est.),12,537
house,132,surname,Hispanic (est.),13,504
house,132,surname,Hispanic (est.),14,508
house,132,surname,Hispanic (est.),15,541
house,132,surname,Hispanic (est.),17,26
house,132,surname,Hispanic (est.),18,12
house,132,surname,Hispanic (est.),19,13
house,132,surname,Hispanic (est.),20,10
house,132,surname,Hispanic (est.),21,8
house,133,surname,All others (est.),4,4424
house,133,surname,All others (est.),5,3539
house,133,surname,All others (est.),6,3225
house,133,surname,All others (est.),7,2692
house,133,surname,All others (est.),8,2735
house,133,surname,All others (est.),9,1252
house,133,surname,All others (est.),10,2202
house,133,surname,All others (est.),11,3076
house,133,surname,All others (est.),12,2892
house,133,surname,All others (est.),13,3184
house,133,surname,All others (est.),14,3100
house,133,surname,All others (est.),15,2793
house,133,surname,All others (est.),17,391
house,133,surname,All others (est.),18,247
house,133,surname,All others (est.),19,285
house,133,surname,All others (est.),20,148
house,133,surname,All others (est.),21,45
house,133,surname,All others (est.),25,8
house,133,surname,All others (est.),26,2
house,133,surname,All others (est.),27,1
house,133,surname,All others (est.),28,5
house,133,surname,All others (est.),32,3
house,133,surname,All others (est.),33,4
house,133,surname,All others (est.),36,2
house,133,surname,Asian (est.),4,452
house,133,surname,Asian (est.),5,280
house,133,surname,Asian (est.),6,237
house,133,surname,Asian (est.),7,175
house,133,surname,Asian (est.),8,197
house,133,surname,Asian (est.),9,134
house,133,surname,Asian (est.),10,207
house,133,surname,Asian (est.),11,239
house,133,surname,Asian (est.),12,188
house,133,surname,Asian (est.),13,199
house,133,surname,Asian (est.),14,195
house,133,surname,Asian (est.),15,205
house,133,surname,Asian (est.),17,20
house,133,surname,Asian (est.),18,11
house,133,surname,Asian (est.),19,26
house,133,surname,Asian (est.),20,11
house,133,surname,Asian (est.),21,4
house,133,surname,Asian (est.),25,1
house,133,surname,Asian (est.),27,1
house,133,surname,Hispanic (est.),4,684
house,133,surname,Hispanic (est.),5,483
house,133,surname,Hispanic (est.),6,377
house,133,surname,Hispanic (est.),7,321
house,133,surname,Hispanic (est.),8,325
house,133,surname,Hispanic (est.),9,207
house,133,surname,Hispanic (est.),10,337
house,133,surname,Hispanic (est.),11,346
house,133,surname,Hispanic (est.),12,321
house,133,surname,Hispanic (est.),13,328
house,133,surname,Hispanic (est.),14,376
house,133,surname,Hispanic (est.),15,347
house,133,surname,Hispanic (est.),17,29
house,133,surname,Hispanic (est.),18,20
house,133,surname,Hispanic (est.),19,23
house,133,surname,Hispanic (est.),20,12
house,133,surname,Hispanic (est.),21,4
house,133,surname,Hispanic (est.),28,3
house,134,surname,All others (est.),4,5918
house,134,surname,All others (est.),5,4509
house,134,surname,All others (est.),6,4198
house,134,surname,All others (est.),7,3369
house,134,surname,All others (est.),8,3130
house,134,surname,All others (est.),9,1805
house,134,surname,All others (est.),10,2759
house,134,surname,All others (est.),11,3930
house,134,surname,All others (est.),12,3439
house,134,surname,All others (est.),13,3786
house,134,surname,All others (est.),14,3671
house,134,surname,All others (est.),15,3523
house,134,surname,All others (est.),17,418
house,134,surname,All others (est.),18,243
house,134,surname,All others (est.),19,321
house,134,surname,All others (est.),20,193
house,134,surname,All others (est.),21,59
house,134,surname,All others (est.),25,28
house,134,surname,All others (est.),26,4
house,134,surname,All others (est.),27,3
house,134,surname,All others (est.),28,17
house,134,surname,All others (est.),32,2
house,134,surname,All others (est.),33,1
house,134,surname,All others (est.),34,5
house,134,surname,Asian (est.),4,700
house,134,surname,Asian (est.),5,547
house,134,surname,Asian (est.),6,424
house,134,surname,Asian (est.),7,299
house,134,surname,Asian (est.),8,336
house,134,surname,Asian (est.),9,243
house,134,surname,Asian (est.),10,355
house,134,surname,Asian (est.),11,401
house,134,surname,Asian (est.),12,352
house,134,surname,Asian (est.),13,350
house,134,surname,Asian (est.),14,329
house,134,surname,Asian (est.),15,328
house,134,surname,Asian (est.),17,16
house,134,surname,Asian (est.),18,13
house,134,surname,Asian (est.),19,21
house,134,surname,Asian (est.),20,13
house,134,surname,Asian (est.),21,6
house,134,surname,Asian (est.),25,9
house,134,surname,Asian (est.),28,1
house,134,surname,Asian (est.),33,1
house,134,surname,Hispanic (est.),4,919
house,134,surname,Hispanic (est.),5,651
house,134,surname,Hispanic (est.),6,509
house,134,surname,Hispanic (est.),7,417
house,134,surname,Hispanic (est.),8,432
house,134,surname,Hispanic (est.),9,264
house,134,surname,Hispanic (est.),10,416
house,134,surname,Hispanic (est.),11,500
house,134,surname,Hispanic (est.),12,400
house,134,surname,Hispanic (est.),13,441
house,134,surname,Hispanic (est.),14,494
house,134,surname,Hispanic (est.),15,481
house,134,surname,Hispanic (est.),17,26
house,134,surname,Hispanic (est.),18,16
house,134,surname,Hispanic (est.),19,27
house,134,surname,Hispanic (est.),20,18
house,134,surname,Hispanic (est.),21,6
house,134,surname,Hispanic (est.),25,1
house,134,surname,Hispanic (est.),28,1
house,135,surname,All others (est.),4,2529
house,135,surname,All others (est.),5,2030
house,135,surname,All others (est.),6,1555
house,135,surname,All others (est.),7,1217
house,135,surname,All others (est.),8,1383
house,135,surname,All others (est.),9,743
house,135,surname,All others (est.),10,1144
house,135,surname,All others (est.),11,1432
house,135,surname,All others (est.),12,1382
house,135,surname,All others (est.),13,1416
house,135,surname,All others (est.),14,1448
house,135,surname,All others (est.),15,1389
house,135,surname,All others (est.),17,126
house,135,surname,All others (est.),18,65
house,135,surname,All others (est.),19,55
house,135,surname,All others (est.),20,50
house,135,surname,All others (est.),21,37
house,135,surname,All others (est.),25,16
house,135,surname,All others (est.),27,1
house,135,surname,All others (est.),28,1
house,135,surname,All others (est.),36,1
house,135,surname,Asian (est.),4,289
house,135,surname,Asian (est.),5,207
house,135,surname,Asian (est.),6,179
house,135,surname,Asian (est.),7,126
house,135,surname,Asian (est.),8,130
house,135,surname,Asian (est.),9,96
house,135,surname,Asian (est.),10,135
house,135,surname,Asian (est.),11,129
house,135,surname,Asian (est.),12,118
house,135,surname,Asian (est.),13,126
house,135,surname,Asian (est.),14,120
house,135,surname,Asian (est.),15,129
house,135,surname,Asian (est.),17,9
house,135,surname,Asian (est.),18,6
house,135,surname,Asian (est.),19,4
house,135,surname,Asian (est.),20,3
house,135,surname,Asian (est.),21,5
house,135,surname,Asian (est.),25,3
house,135,surname,Hispanic (est.),4,1109
house,135,surname,Hispanic (est.),5,760
house,135,surname,Hispanic (est.),6,613
house,135,surname,Hispanic (est.),7,464
house,135,surname,Hispanic (est.),8,443
house,135,surname,Hispanic (est.),9,292
house,135,surname,Hispanic (est.),10,497
house,135,surname,Hispanic (est.),11,492
house,135,surname,Hispanic (est.),12,408
house,135,surname,Hispanic (est.),13,456
house,135,surname,Hispanic (est.),14,463
house,135,surname,Hispanic (est.),15,436
house,135,surname,Hispanic (est.),17,18
house,135,surname,Hispanic (est.),18,12
house,135,surname,Hispanic (est.),19,13
house,135,surname,Hispanic (est.),20,7
house,135,surname,Hispanic (est.),21,7
house,135,surname,Hispanic (est.),25,4
house,135,surname,Hispanic (est.),26,1
house,136,surname,All others (est.),4,4947
house,136,surname,All others (est.),5,3378
house,136,surname,All others (est.),6,2775
house,136,surname,All others (est.),7,2430
house,136,surname,All others (est.),8,2446
house,136,surname,All others (est.),9,1079
house,136,surname,All others (est.),10,2021
house,136,surname,All others (est.),11,2908
house,136,surname,All others (est.),12,2737
house,136,surname,All others (est.),13,2691
house,136,surname,All others (est.),14,2802
house,136,surname,All others (est.),15,3233
house,136,surname,All others (est.),18,66
house,136,surname,All others (est.),19,62
house,136,surname,All others (est.),20,36
house,136,surname,All others (est.),22,165
house,136,surname,All others (est.),23,13
house,136,surname,All others (est.),25,86
house,136,surname,All others (est.),26,109
house,136,surname,All others (est.),27,79
house,136,surname,All others (est.),28,64
house,136,surname,All others (est.),32,45
house,136,surname,All others (est.),33,18
house,136,surname,All others (est.),34,5
house,136,surname,All others (est.),37,2
house,136,surname,Asian (est.),4,568
house,136,surname,Asian (est.),5,313
house,136,surname,Asian (est.),6,294
house,136,surname,Asian (est.),7,212
house,136,surname,Asian (est.),8,227
house,136,surname,Asian (est.),9,137
house,136,surname,Asian (est.),10,228
house,136,surname,Asian (est.),11,254
house,136,surname,Asian (est.),12,182
house,136,surname,Asian (est.),13,191
house,136,surname,Asian (est.),14,217
house,136,surname,Asian (est.),15,235
house,136,surname,Asian (est.),18,3
house,136,surname,Asian (est.),19,2
house,136,surname,Asian (est.),20,1
house,136,surname,Asian (est.),22,9
house,136,surname,Asian (est.),23,1
house,136,surname,Asian (est.),25,7
house,136,surname,Asian (est.),26,2
house,136,surname,Asian (est.),27,4
house,136,surname,Asian (est.),28,2
house,136,surname,Asian (est.),32,1
house,136,surname,Asian (est.),36,1
house,136,surname,Hispanic (est.),4,1126
house,136,surname,Hispanic (est.),5,661
house,136,surname,Hispanic (est.),6,507
house,136,surname,Hispanic (est.),7,443
house,136,surname,Hispanic (est.),8,435
house,136,surname,Hispanic (est.),9,237
house,136,surname,Hispanic (est.),10,448
house,136,surname,Hispanic (est.),11,560
house,136,surname,Hispanic (est.),12,545
house,136,surname,Hispanic (est.),13,513
house,136,surname,Hispanic (est.),14,514
house,136,surname,Hispanic (est.),15,592
house,136,surname,Hispanic (est.),18,11
house,136,surname,Hispanic (est.),19,9
house,136,surname,Hispanic (est.),20,4
house,136,surname,Hispanic (est.),22,13
house,136,surname,Hispanic (est.),23,1
house,136,surname,Hispanic (est.),25,17
house,136,surname,Hispanic (est.),26,14
house,136,surname,Hispanic (est.),27,6
house,136,surname,Hispanic (est.),28,8
house,136,surname,Hispanic (est.),32,8
house,136,surname,Hispanic (est.),33,1
house,137,surname,All others (est.),4,1364
house,137,surname,All others (est.),5,996
house,137,surname,All others (est.),6,822
house,137,surname,All others (est.),7,600
house,137,surname,All others (est.),8,698
house,137,surname,All others (est.),9,360
house,137,surname,All others (est.),10,560
house,137,surname,All others (est.),11,744
house,137,surname,All others (est.),12,755
house,137,surname,All others (est.),13,779
house,137,surname,All others (est.),14,782
house,137,surname,All others (est.),15,694
house,137,surname,All others (est.),17,133
house,137,surname,All others (est.),18,61
house,137,surname,All others (est.),19,68
house,137,surname,All others (est.),20,57
house,137,surname,All others (est.),21,6
house,137,surname,All others (est.),25,3
house,137,surname,All others (est.),28,2
house,137,surname,All others (est.),32,1
house,137,surname,All others (est.),34,1
house,137,surname,All others (est.),37,1
house,137,surname,Asian (est.),4,206
house,137,surname,Asian (est.),5,124
house,137,surname,Asian (est.),6,112
house,137,surname,Asian (est.),7,82
house,137,surname,Asian (est.),8,116
house,137,surname,Asian (est.),9,63
house,137,surname,Asian (est.),10,117
house,137,surname,Asian (est.),11,79
house,137,surname,Asian (est.),12,98
house,137,surname,Asian (est.),13,98
house,137,surname,Asian (est.),14,106
house,137,surname,Asian (est.),15,98
house,137,surname,Asian (est.),17,11
house,137,surname,Asian (est.),18,10
house,137,surname,Asian (est.),19,13
house,137,surname,Asian (est.),20,8
house,137,surname,Asian (est.),25,3
house,137,surname,Asian (est.),37,1
house,137,surname,Hispanic (est.),4,431
house,137,surname,Hispanic (est.),5,315
house,137,surname,Hispanic (est.),6,229
house,137,surname,Hispanic (est.),7,192
house,137,surname,Hispanic (est.),8,202
house,137,surname,Hispanic (est.),9,109
house,137,surname,Hispanic (est.),10,189
house,137,surname,Hispanic (est.),11,196
house,137,surname,Hispanic (est.),12,186
house,137,surname,Hispanic (est.),13,222
house,137,surname,Hispanic (est.),14,190
house,137,surname,Hispanic (est.),15,183
house,137,surname,Hispanic (est.),17,19
house,137,surname,Hispanic (est.),18,6
house,137,surname,Hispanic (est.),19,9
house,137,surname,Hispanic (est.),20,7
house,137,surname,Hispanic (est.),34,1
house,138,surname,All others (est.),4,3699
house,138,surname,All others (est.),5,2868
house,138,surname,All others (est.),6,2723
house,138,surname,All others (est.),7,2183
house,138,surname,All others (est.),8,2282
house,138,surname,All others (est.),9,1151
house,138,surname,All others (est.),10,1874
house,138,surname,All others (est.),11,2663
house,138,surname,All others (est.),12,2645
house,138,surname,All others (est.),13,2755
house,138,surname,All others (est.),14,2893
house,138,surname,All others (est.),15,2650
house,138,surname,All others (est.),17,342
house,138,surname,All others (est.),18,161
house,138,surname,All others (est.),19,165
house,138,surname,All others (est.),20,149
house,138,surname,All others (est.),21,96
house,138,surname,All others (est.),25,28
house,138,surname,All others (est.),26,2
house,138,surname,All others (est.),27,3
house,138,surname,All others (est.),28,3
house,138,surname,All others (est.),29,1
house,138,surname,All others (est.),32,1
house,138,surname,All others (est.),33,6
house,138,surname,All others (est.),35,1
house,138,surname,Asian (est.),4,419
house,138,surname,Asian (est.),5,344
house,138,surname,Asian (est.),6,281
house,138,surname,Asian (est.),7,196
house,138,surname,Asian (est.),8,230
house,138,surname,Asian (est.),9,136
house,138,surname,Asian (est.),10,224
house,138,surname,Asian (est.),11,242
house,138,surname,Asian (est.),12,207
house,138,surname,Asian (est.),13,252
house,138,surname,Asian (est.),14,241
house,138,surname,Asian (est.),15,212
house,138,surname,Asian (est.),17,15
house,138,surname,Asian (est.),18,9
house,138,surname,Asian (est.),19,11
house,138,surname,Asian (est.),20,5
house,138,surname,Asian (est.),21,14
house,138,surname,Asian (est.),25,6
house,138,surname,Asian (est.),27,2
house,138,surname,Asian (est.),34,1
house,138,surname,Asian (est.),35,2
house,138,surname,Asian (est.),37,1
house,138,surname,Hispanic (est.),4,969
house,138,surname,Hispanic (est.),5,709
house,138,surname,Hispanic (est.),6,536
house,138,surname,Hispanic (est.),7,362
house,138,surname,Hispanic (est.),8,439
house,138,surname,Hispanic (est.),9,258
house,138,surname,Hispanic (est.),10,439
house,138,surname,Hispanic (est.),11,442
house,138,surname,Hispanic (est.),12,422
house,138,surname,Hispanic (est.),13,472
house,138,surname,Hispanic (est.),14,491
house,138,surname,Hispanic (est.),15,478
house,138,surname,Hispanic (est.),17,38
house,138,surname,Hispanic (est.),18,11
house,138,surname,Hispanic (est.),19,20
house,138,surname,Hispanic (est.),20,13
house,138,surname,Hispanic (est.),21,10
house,138,surname,Hispanic (est.),25,4
house,138,surname,Hispanic (est.),26,2
house,138,surname,Hispanic (est.),28,1
house,138,surname,Hispanic (est.),34,1
house,139,surname,All others (est.),4,3630
house,139,surname,All others (est.),5,2491
house,139,surname,All others (est.),6,2127
house,139,surname,All others (est.),7,1585
house,139,surname,All others (est.),8,1854
house,139,surname,All others (est.),9,889
house,139,surname,All others (est.),10,1429
house,139,surname,All others (est.),11,1933
house,139,surname,All others (est.),12,1879
house,139,surname,All others (est.),13,1958
house,139,surname,All others (est.),14,1957
house,139,surname,All others (est.),15,1800
house,139,surname,All others (est.),17,301
house,139,surname,All others (est.),18,162
house,139,surname,All others (est.),19,201
house,139,surname,All others (est.),20,112
house,139,surname,All others (est.),21,44
house,139,surname,All others (est.),25,7
house,139,surname,All others (est.),28,2
house,139,surname,Asian (est.),4,222
house,139,surname,Asian (est.),5,159
house,139,surname,Asian (est.),6,135
house,139,surname,Asian (est.),7,87
house,139,surname,Asian (est.),8,122
house,139,surname,Asian (est.),9,61
house,139,surname,Asian (est.),10,104
house,139,surname,Asian (est.),11,110
house,139,surname,Asian (est.),12,98
house,139,surname,Asian (est.),13,95
house,139,surname,Asian (est.),14,122
house,139,surname,Asian (est.),15,96
house,139,surname,Asian (est.),17,7
house,139,surname,Asian (est.),18,3
house,139,surname,Asian (est.),19,4
house,139,surname,Asian (est.),20,8
house,139,surname,Asian (est.),21,3
house,139,surname,Asian (est.),25,3
house,139,surname,Hispanic (est.),4,985
house,139,surname,Hispanic (est.),5,562
house,139,surname,Hispanic (est.),6,401
house,139,surname,Hispanic (est.),7,319
house,139,surname,Hispanic (est.),8,337
house,139,surname,Hispanic (est.),9,193
house,139,surname,Hispanic (est.),10,311
house,139,surname,Hispanic (est.),11,373
house,139,surname,Hispanic (est.),12,388
house,139,surname,Hispanic (est.),13,359
house,139,surname,Hispanic (est.),14,321
house,139,surname,Hispanic (est.),15,354
house,139,surname,Hispanic (est.),17,28
house,139,surname,Hispanic (est.),18,11
house,139,surname,Hispanic (est.),19,18
house,139,surname,Hispanic (est.),20,14
house,139,surname,Hispanic (est.),21,3
house,139,surname,Hispanic (est.),25,1
house,14,surname,All others (est.),4,3817
house,14,surname,All others (est.),5,2728
house,14,surname,All others (est.),6,2195
house,14,surname,All others (est.),7,1958
house,14,surname,All others (est.),8,1834
house,14,surname,All others (est.),9,572
house,14,surname,All others (est.),10,1118
house,14,surname,All others (est.),11,1829
house,14,surname,All others (est.),12,1945
house,14,surname,All others (est.),13,1943
house,14,surname,All others (est.),14,2038
house,14,surname,All others (est.),15,2086
house,14,surname,All others (est.),18,118
house,14,surname,All others (est.),19,121
house,14,surname,All others (est.),20,131
house,14,surname,All others (est.),21,35
house,14,surname,All others (est.),22,75
house,14,surname,All others (est.),25,2
house,14,surname,All others (est.),26,8
house,14,surname,All others (est.),33,5
house,14,surname,Asian (est.),4,219
house,14,surname,Asian (est.),5,136
house,14,surname,Asian (est.),6,89
house,14,surname,Asian (est.),7,74
house,14,surname,Asian (est.),8,81
house,14,surname,Asian (est.),9,37
house,14,surname,Asian (est.),10,45
house,14,surname,Asian (est.),11,79
house,14,surname,Asian (est.),12,77
house,14,surname,Asian (est.),13,67
house,14,surname,Asian (est.),14,66
house,14,surname,Asian (est.),15,66
house,14,surname,Asian (est.),18,3
house,14,surname,Asian (est.),19,5
house,14,surname,Asian (est.),20,4
house,14,surname,Asian (est.),22,1
house,14,surname,Hispanic (est.),4,786
house,14,surname,Hispanic (est.),5,440
house,14,surname,Hispanic (est.),6,323
house,14,surname,Hispanic (est.),7,253
house,14,surname,Hispanic (est.),8,235
house,14,surname,Hispanic (est.),9,114
house,14,surname,Hispanic (est.),10,153
house,14,surname,Hispanic (est.),11,258
house,14,surname,Hispanic (est.),12,255
house,14,surname,Hispanic (est.),13,230
house,14,surname,Hispanic (est.),14,256
house,14,surname,Hispanic (est.),15,322
house,14,surname,Hispanic (est.),18,10
house,14,surname,Hispanic (est.),19,9
house,14,surname,Hispanic (est.),20,8
house,14,surname,Hispanic (est.),21,2
house,14,surname,Hispanic (est.),22,10
house,14,surname,Hispanic (est.),26,1
house,140,surname,All others (est.),4,727
house,140,surname,All others (est.),5,544
house,140,surname,All others (est.),6,440
house,140,surname,All others (est.),7,287
house,140,surname,All others (est.),8,372
house,140,surname,All others (est.),9,177
house,140,surname,All others (est.),10,268
house,140,surname,All others (est.),11,341
house,140,surname,All others (est.),12,419
house,140,surname,All others (est.),13,433
house,140,surname,All others (est.),14,447
house,140,surname,All others (est.),15,400
house,140,surname,All others (est.),17,88
house,140,surname,All others (est.),18,59
house,140,surname,All others (est.),19,61
house,140,surname,All others (est.),20,30
house,140,surname,All others (est.),21,40
house,140,surname,All others (est.),25,10
house,140,surname,All others (est.),26,1
house,140,surname,All others (est.),27,1
house,140,surname,Asian (est.),4,68
house,140,surname,Asian (est.),5,51
house,140,surname,Asian (est.),6,33
house,140,surname,Asian (est.),7,28
house,140,surname,Asian (est.),8,37
house,140,surname,Asian (est.),9,14
house,140,surname,Asian (est.),10,23
house,140,surname,Asian (est.),11,30
house,140,surname,Asian (est.),12,34
house,140,surname,Asian (est.),13,35
house,140,surname,Asian (est.),14,34
house,140,surname,Asian (est.),15,27
house,140,surname,Asian (est.),17,6
house,140,surname,Asian (est.),18,2
house,140,surname,Asian (est.),19,1
house,140,surname,Asian (est.),20,1
house,140,surname,Asian (est.),21,2
house,140,surname,Asian (est.),25,1
house,140,surname,Hispanic (est.),4,1207
house,140,surname,Hispanic (est.),5,762
house,140,surname,Hispanic (est.),6,501
house,140,surname,Hispanic (est.),7,364
house,140,surname,Hispanic (est.),8,400
house,140,surname,Hispanic (est.),9,198
house,140,surname,Hispanic (est.),10,353
house,140,surname,Hispanic (est.),11,379
house,140,surname,Hispanic (est.),12,372
house,140,surname,Hispanic (est.),13,437
house,140,surname,Hispanic (est.),14,371
house,140,surname,Hispanic (est.),15,464
house,140,surname,Hispanic (est.),17,44
house,140,surname,Hispanic (est.),18,27
house,140,surname,Hispanic (est.),19,33
house,140,surname,Hispanic (est.),20,26
house,140,surname,Hispanic (est.),21,14
house,140,surname,Hispanic (est.),25,6
house,141,surname,All others (est.),4,2239
house,141,surname,All others (est.),5,1495
house,141,surname,All others (est.),6,1240
house,141,surname,All others (est.),7,760
house,141,surname,All others (est.),8,984
house,141,surname,All others (est.),9,586
house,141,surname,All others (est.),10,683
house,141,surname,All others (est.),11,990
house,141,surname,All others (est.),12,1070
house,141,surname,All others (est.),13,1026
house,141,surname,All others (est.),14,1103
house,141,surname,All others (est.),15,1025
house,141,surname,All others (est.),17,242
house,141,surname,All others (est.),18,105
house,141,surname,All others (est.),19,148
house,141,surname,All others (est.),20,107
house,141,surname,All others (est.),21,35
house,141,surname,All others (est.),25,2
house,141,surname,Asian (est.),4,62
house,141,surname,Asian (est.),5,48
house,141,surname,Asian (est.),6,36
house,141,surname,Asian (est.),7,28
house,141,surname,Asian (est.),8,23
house,141,surname,Asian (est.),9,22
house,141,surname,Asian (est.),10,25
house,141,surname,Asian (est.),11,30
house,141,surname,Asian (est.),12,28
house,141,surname,Asian (est.),13,32
house,141,surname,Asian (est.),14,36
house,141,surname,Asian (est.),15,33
house,141,surname,Asian (est.),17,4
house,141,surname,Asian (est.),18,1
house,141,surname,Asian (est.),19,4
house,141,surname,Asian (est.),20,3
house,141,surname,Asian (est.),21,1
house,141,surname,Hispanic (est.),4,613
house,141,surname,Hispanic (est.),5,389
house,141,surname,Hispanic (est.),6,264
house,141,surname,Hispanic (est.),7,185
house,141,surname,Hispanic (est.),8,198
house,141,surname,Hispanic (est.),9,121
house,141,surname,Hispanic (est.),10,189
house,141,surname,Hispanic (est.),11,225
house,141,surname,Hispanic (est.),12,198
house,141,surname,Hispanic (est.),13,209
house,141,surname,Hispanic (est.),14,238
house,141,surname,Hispanic (est.),15,216
house,141,surname,Hispanic (est.),17,22
house,141,surname,Hispanic (est.),18,5
house,141,surname,Hispanic (est.),19,16
house,141,surname,Hispanic (est.),20,12
house,141,surname,Hispanic (est.),21,4
house,142,surname,All others (est.),4,2910
house,142,surname,All others (est.),5,1967
house,142,surname,All others (est.),6,1461
house,142,surname,All others (est.),7,1127
house,142,surname,All others (est.),8,1333
house,142,surname,All others (est.),9,742
house,142,surname,All others (est.),10,1059
house,142,surname,All others (est.),11,1234
house,142,surname,All others (est.),12,1304
house,142,surname,All others (est.),13,1369
house,142,surname,All others (est.),14,1449
house,142,surname,All others (est.),15,1366
house,142,surname,All others (est.),17,263
house,142,surname,All others (est.),18,133
house,142,surname,All others (est.),19,134
house,142,surname,All others (est.),20,72
house,142,surname,All others (est.),21,43
house,142,surname,All others (est.),25,7
house,142,surname,All others (est.),32,1
house,142,surname,Asian (est.),4,102
house,142,surname,Asian (est.),5,64
house,142,surname,Asian (est.),6,54
house,142,surname,Asian (est.),7,46
house,142,surname,Asian (est.),8,45
house,142,surname,Asian (est.),9,28
house,142,surname,Asian (est.),10,58
house,142,surname,Asian (est.),11,45
house,142,surname,Asian (est.),12,34
house,142,surname,Asian (est.),13,42
house,142,surname,Asian (est.),14,40
house,142,surname,Asian (est.),15,52
house,142,surname,Asian (est.),17,5
house,142,surname,Asian (est.),18,2
house,142,surname,Asian (est.),19,2
house,142,surname,Asian (est.),20,2
house,142,surname,Hispanic (est.),4,883
house,142,surname,Hispanic (est.),5,568
house,142,surname,Hispanic (est.),6,392
house,142,surname,Hispanic (est.),7,279
house,142,surname,Hispanic (est.),8,284
house,142,surname,Hispanic (est.),9,195
house,142,surname,Hispanic (est.),10,344
house,142,surname,Hispanic (est.),11,338
house,142,surname,Hispanic (est.),12,314
house,142,surname,Hispanic (est.),13,340
house,142,surname,Hispanic (est.),14,330
house,142,surname,Hispanic (est.),15,340
house,142,surname,Hispanic (est.),17,35
house,142,surname,Hispanic (est.),18,12
house,142,surname,Hispanic (est.),19,12
house,142,surname,Hispanic (est.),20,8
house,142,surname,Hispanic (est.),21,4
house,142,surname,Hispanic (est.),25,3
house,143,surname,All others (est.),4,1138
house,143,surname,All others (est.),5,840
house,143,surname,All others (est.),6,652
house,143,surname,All others (est.),7,501
house,143,surname,All others (est.),8,547
house,143,surname,All others (est.),9,291
house,143,surname,All others (est.),10,393
house,143,surname,All others (est.),11,651
house,143,surname,All others (est.),12,683
house,143,surname,All others (est.),13,797
house,143,surname,All others (est.),14,849
house,143,surname,All others (est.),15,832
house,143,surname,All others (est.),17,184
house,143,surname,All others (est.),18,70
house,143,surname,All others (est.),19,85
house,143,surname,All others (est.),20,37
house,143,surname,All others (est.),21,42
house,143,surname,All others (est.),25,10
house,143,surname,All others (est.),28,2
house,143,surname,All others (est.),33,1
house,143,surname,Asian (est.),4,56
house,143,surname,Asian (est.),5,44
house,143,surname,Asian (est.),6,33
house,143,surname,Asian (est.),7,20
house,143,surname,Asian (est.),8,29
house,143,surname,Asian (est.),9,14
house,143,surname,Asian (est.),10,18
house,143,surname,Asian (est.),11,26
house,143,surname,Asian (est.),12,23
house,143,surname,Asian (est.),13,30
house,143,surname,Asian (est.),14,24
house,143,surname,Asian (est.),15,30
house,143,surname,Asian (est.),17,6
house,143,surname,Asian (est.),18,3
house,143,surname,Asian (est.),19,2
house,143,surname,Asian (est.),20,1
house,143,surname,Asian (est.),21,1
house,143,surname,Hispanic (est.),4,1282
house,143,surname,Hispanic (est.),5,733
house,143,surname,Hispanic (est.),6,612
house,143,surname,Hispanic (est.),7,471
house,143,surname,Hispanic (est.),8,445
house,143,surname,Hispanic (est.),9,223
house,143,surname,Hispanic (est.),10,409
house,143,surname,Hispanic (est.),11,570
house,143,surname,Hispanic (est.),12,505
house,143,surname,Hispanic (est.),13,567
house,143,surname,Hispanic (est.),14,608
house,143,surname,Hispanic (est.),15,600
house,143,surname,Hispanic (est.),17,96
house,143,surname,Hispanic (est.),18,30
house,143,surname,Hispanic (est.),19,40
house,143,surname,Hispanic (est.),20,17
house,143,surname,Hispanic (est.),21,13
house,143,surname,Hispanic (est.),25,5
house,143,surname,Hispanic (est.),27,1
house,144,surname,All others (est.),4,1036
house,144,surname,All others (est.),5,844
house,144,surname,All others (est.),6,661
house,144,surname,All others (est.),7,450
house,144,surname,All others (est.),8,530
house,144,surname,All others (est.),9,223
house,144,surname,All others (est.),10,417
house,144,surname,All others (est.),11,627
house,144,surname,All others (est.),12,627
house,144,surname,All others (est.),13,776
house,144,surname,All others (est.),14,736
house,144,surname,All others (est.),15,781
house,144,surname,All others (est.),17,193
house,144,surname,All others (est.),18,86
house,144,surname,All others (est.),19,51
house,144,surname,All others (est.),20,65
house,144,surname,All others (est.),21,20
house,144,surname,All others (est.),25,2
house,144,surname,Asian (est.),4,103
house,144,surname,Asian (est.),5,87
house,144,surname,Asian (est.),6,66
house,144,surname,Asian (est.),7,38
house,144,surname,Asian (est.),8,56
house,144,surname,Asian (est.),9,26
house,144,surname,Asian (est.),10,33
house,144,surname,Asian (est.),11,42
house,144,surname,Asian (est.),12,52
house,144,surname,Asian (est.),13,55
house,144,surname,Asian (est.),14,60
house,144,surname,Asian (est.),15,69
house,144,surname,Asian (est.),17,8
house,144,surname,Asian (est.),18,2
house,144,surname,Asian (est.),19,3
house,144,surname,Asian (est.),20,3
house,144,surname,Asian (est.),21,1
house,144,surname,Hispanic (est.),4,1391
house,144,surname,Hispanic (est.),5,824
house,144,surname,Hispanic (est.),6,621
house,144,surname,Hispanic (est.),7,461
house,144,surname,Hispanic (est.),8,442
house,144,surname,Hispanic (est.),9,274
house,144,surname,Hispanic (est.),10,470
house,144,surname,Hispanic (est.),11,533
house,144,surname,Hispanic (est.),12,510
house,144,surname,Hispanic (est.),13,546
house,144,surname,Hispanic (est.),14,556
house,144,surname,Hispanic (est.),15,617
house,144,surname,Hispanic (est.),17,80
house,144,surname,Hispanic (est.),18,40
house,144,surname,Hispanic (est.),19,38
house,144,surname,Hispanic (est.),20,32
house,144,surname,Hispanic (est.),21,12
house,144,surname,Hispanic (est.),25,1
house,144,surname,Hispanic (est.),37,2
house,145,surname,All others (est.),4,3065
house,145,surname,All others (est.),5,2127
house,145,surname,All others (est.),6,1680
house,145,surname,All others (est.),7,1317
house,145,surname,All others (est.),8,1392
house,145,surname,All others (est.),9,692
house,145,surname,All others (est.),10,1110
house,145,surname,All others (est.),11,1555
house,145,surname,All others (est.),12,1348
house,145,surname,All others (est.),13,1501
house,145,surname,All others (est.),14,1501
house,145,surname,All others (est.),15,1566
house,145,surname,All others (est.),17,137
house,145,surname,All others (est.),18,78
house,145,surname,All others (est.),19,89
house,145,surname,All others (est.),20,68
house,145,surname,All others (est.),21,16
house,145,surname,All others (est.),25,6
house,145,surname,All others (est.),27,3
house,145,surname,All others (est.),28,4
house,145,surname,All others (est.),33,1
house,145,surname,All others (est.),36,2
house,145,surname,Asian (est.),4,228
house,145,surname,Asian (est.),5,150
house,145,surname,Asian (est.),6,107
house,145,surname,Asian (est.),7,79
house,145,surname,Asian (est.),8,87
house,145,surname,Asian (est.),9,70
house,145,surname,Asian (est.),10,100
house,145,surname,Asian (est.),11,111
house,145,surname,Asian (est.),12,83
house,145,surname,Asian (est.),13,110
house,145,surname,Asian (est.),14,101
house,145,surname,Asian (est.),15,102
house,145,surname,Asian (est.),17,6
house,145,surname,Asian (est.),18,3
house,145,surname,Asian (est.),19,4
house,145,surname,Asian (est.),20,3
house,145,surname,Hispanic (est.),4,1706
house,145,surname,Hispanic (est.),5,1189
house,145,surname,Hispanic (est.),6,766
house,145,surname,Hispanic (est.),7,573
house,145,surname,Hispanic (est.),8,602
house,145,surname,Hispanic (est.),9,368
house,145,surname,Hispanic (est.),10,610
house,145,surname,Hispanic (est.),11,703
house,145,surname,Hispanic (est.),12,664
house,145,surname,Hispanic (est.),13,759
house,145,surname,Hispanic (est.),14,816
house,145,surname,Hispanic (est.),15,838
house,145,surname,Hispanic (est.),17,93
house,145,surname,Hispanic (est.),18,31
house,145,surname,Hispanic (est.),19,59
house,145,surname,Hispanic (est.),20,31
house,145,surname,Hispanic (est.),21,13
house,145,surname,Hispanic (est.),25,1
house,145,surname,Hispanic (est.),27,1
house,145,surname,Hispanic (est.),28,1
house,146,surname,All others (est.),4,3756
house,146,surname,All others (est.),5,2592
house,146,surname,All others (est.),6,2107
house,146,surname,All others (est.),7,1460
house,146,surname,All others (est.),8,1706
house,146,surname,All others (est.),9,802
house,146,surname,All others (est.),10,1383
house,146,surname,All others (est.),11,1695
house,146,surname,All others (est.),12,1835
house,146,surname,All others (est.),13,1868
house,146,surname,All others (est.),14,1858
house,146,surname,All others (est.),15,1699
house,146,surname,All others (est.),17,444
house,146,surname,All others (est.),18,167
house,146,surname,All others (est.),19,181
house,146,surname,All others (est.),20,107
house,146,surname,All others (est.),21,19
house,146,surname,All others (est.),25,12
house,146,surname,All others (est.),26,1
house,146,surname,All others (est.),27,1
house,146,surname,All others (est.),28,4
house,146,surname,All others (est.),32,1
house,146,surname,All others (est.),34,1
house,146,surname,All others (est.),36,4
house,146,surname,Asian (est.),4,258
house,146,surname,Asian (est.),5,176
house,146,surname,Asian (est.),6,137
house,146,surname,Asian (est.),7,100
house,146,surname,Asian (est.),8,108
house,146,surname,Asian (est.),9,60
house,146,surname,Asian (est.),10,101
house,146,surname,Asian (est.),11,104
house,146,surname,Asian (est.),12,95
house,146,surname,Asian (est.),13,110
house,146,surname,Asian (est.),14,120
house,146,surname,Asian (est.),15,124
house,146,surname,Asian (est.),17,13
house,146,surname,Asian (est.),18,5
house,146,surname,Asian (est.),19,9
house,146,surname,Asian (est.),20,6
house,146,surname,Asian (est.),26,1
house,146,surname,Hispanic (est.),4,664
house,146,surname,Hispanic (est.),5,398
house,146,surname,Hispanic (est.),6,340
house,146,surname,Hispanic (est.),7,207
house,146,surname,Hispanic (est.),8,269
house,146,surname,Hispanic (est.),9,151
house,146,surname,Hispanic (est.),10,261
house,146,surname,Hispanic (est.),11,302
house,146,surname,Hispanic (est.),12,267
house,146,surname,Hispanic (est.),13,253
house,146,surname,Hispanic (est.),14,271
house,146,surname,Hispanic (est.),15,275
house,146,surname,Hispanic (est.),17,25
house,146,surname,Hispanic (est.),18,15
house,146,surname,Hispanic (est.),19,15
house,146,surname,Hispanic (est.),20,12
house,146,surname,Hispanic (est.),21,1
house,146,surname,Hispanic (est.),28,1
house,147,surname,All others (est.),4,4178
house,147,surname,All others (est.),5,2577
house,147,surname,All others (est.),6,2119
house,147,surname,All others (est.),7,1538
house,147,surname,All others (est.),8,1664
house,147,surname,All others (est.),9,931
house,147,surname,All others (est.),10,1323
house,147,surname,All others (est.),11,1796
house,147,surname,All others (est.),12,1746
house,147,surname,All others (est.),13,1768
house,147,surname,All others (est.),14,1742
house,147,surname,All others (est.),15,1733
house,147,surname,All others (est.),17,338
house,147,surname,All others (est.),18,118
house,147,surname,All others (est.),19,193
house,147,surname,All others (est.),20,78
house,147,surname,All others (est.),21,11
house,147,surname,All others (est.),25,10
house,147,surname,All others (est.),26,1
house,147,surname,All others (est.),27,6
house,147,surname,All others (est.),28,2
house,147,surname,All others (est.),33,3
house,147,surname,All others (est.),34,1
house,147,surname,All others (est.),36,2
house,147,surname,Asian (est.),4,358
house,147,surname,Asian (est.),5,252
house,147,surname,Asian (est.),6,200
house,147,surname,Asian (est.),7,102
house,147,surname,Asian (est.),8,158
house,147,surname,Asian (est.),9,89
house,147,surname,Asian (est.),10,136
house,147,surname,Asian (est.),11,137
house,147,surname,Asian (est.),12,157
house,147,surname,Asian (est.),13,135
house,147,surname,Asian (est.),14,122
house,147,surname,Asian (est.),15,133
house,147,surname,Asian (est.),17,8
house,147,surname,Asian (est.),18,2
house,147,surname,Asian (est.),19,6
house,147,surname,Asian (est.),20,4
house,147,surname,Asian (est.),21,4
house,147,surname,Asian (est.),25,1
house,147,surname,Hispanic (est.),4,1136
house,147,surname,Hispanic (est.),5,711
house,147,surname,Hispanic (est.),6,491
house,147,surname,Hispanic (est.),7,356
house,147,surname,Hispanic (est.),8,394
house,147,surname,Hispanic (est.),9,206
house,147,surname,Hispanic (est.),10,371
house,147,surname,Hispanic (est.),11,383
house,147,surname,Hispanic (est.),12,390
house,147,surname,Hispanic (est.),13,421
house,147,surname,Hispanic (est.),14,441
house,147,surname,Hispanic (est.),15,407
house,147,surname,Hispanic (est.),17,37
house,147,surname,Hispanic (est.),18,9
house,147,surname,Hispanic (est.),19,15
house,147,surname,Hispanic (est.),20,11
house,147,surname,Hispanic (est.),21,2
house,147,surname,Hispanic (est.),25,2
house,147,surname,Hispanic (est.),28,2
house,148,surname,All others (est.),4,2470
house,148,surname,All others (est.),5,1745
house,148,surname,All others (est.),6,1341
house,148,surname,All others (est.),7,1005
house,148,surname,All others (est.),8,1115
house,148,surname,All others (est.),9,621
house,148,surname,All others (est.),10,1000
house,148,surname,All others (est.),11,1262
house,148,surname,All others (est.),12,1271
house,148,surname,All others (est.),13,1449
house,148,surname,All others (est.),14,1305
house,148,surname,All others (est.),15,1394
house,148,surname,All others (est.),17,187
house,148,surname,All others (est.),18,95
house,148,surname,All others (est.),19,110
house,148,surname,All others (est.),20,56
house,148,surname,All others (est.),21,54
house,148,surname,All others (est.),25,14
house,148,surname,All others (est.),26,2
house,148,surname,All others (est.),28,1
house,148,surname,All others (est.),32,1
house,148,surname,All others (est.),33,1
house,148,surname,All others (est.),34,1
house,148,surname,Asian (est.),4,302
house,148,surname,Asian (est.),5,253
house,148,surname,Asian (est.),6,151
house,148,surname,Asian (est.),7,109
house,148,surname,Asian (est.),8,159
house,148,surname,Asian (est.),9,122
house,148,surname,Asian (est.),10,150
house,148,surname,Asian (est.),11,165
house,148,surname,Asian (est.),12,137
house,148,surname,Asian (est.),13,126
house,148,surname,Asian (est.),14,143
house,148,surname,Asian (est.),15,132
house,148,surname,Asian (est.),17,15
house,148,surname,Asian (est.),18,6
house,148,surname,Asian (est.),19,11
house,148,surname,Asian (est.),20,3
house,148,surname,Asian (est.),21,1
house,148,surname,Asian (est.),25,2
house,148,surname,Hispanic (est.),4,1074
house,148,surname,Hispanic (est.),5,716
house,148,surname,Hispanic (est.),6,489
house,148,surname,Hispanic (est.),7,338
house,148,surname,Hispanic (est.),8,414
house,148,surname,Hispanic (est.),9,250
house,148,surname,Hispanic (est.),10,425
house,148,surname,Hispanic (est.),11,462
house,148,surname,Hispanic (est.),12,389
house,148,surname,Hispanic (est.),13,421
house,148,surname,Hispanic (est.),14,438
house,148,surname,Hispanic (est.),15,404
house,148,surname,Hispanic (est.),17,36
house,148,surname,Hispanic (est.),18,21
house,148,surname,Hispanic (est.),19,19
house,148,surname,Hispanic (est.),20,14
house,148,surname,Hispanic (est.),21,11
house,148,surname,Hispanic (est.),25,3
house,148,surname,Hispanic (est.),28,1
house,149,surname,All others (est.),4,1906
house,149,surname,All others (est.),5,1357
house,149,surname,All others (est.),6,1062
house,149,surname,All others (est.),7,756
house,149,surname,All others (est.),8,948
house,149,surname,All others (est.),9,489
house,149,surname,All others (est.),10,796
house,149,surname,All others (est.),11,929
house,149,surname,All others (est.),12,960
house,149,surname,All others (est.),13,992
house,149,surname,All others (est.),14,1013
house,149,surname,All others (est.),15,1051
house,149,surname,All others (est.),17,128
house,149,surname,All others (est.),18,71
house,149,surname,All others (est.),19,86
house,149,surname,All others (est.),20,67
house,149,surname,All others (est.),21,18
house,149,surname,All others (est.),25,9
house,149,surname,All others (est.),26,3
house,149,surname,All others (est.),28,5
house,149,surname,All others (est.),34,1
house,149,surname,All others (est.),36,1
house,149,surname,Asian (est.),4,506
house,149,surname,Asian (est.),5,384
house,149,surname,Asian (est.),6,356
house,149,surname,Asian (est.),7,221
house,149,surname,Asian (est.),8,295
house,149,surname,Asian (est.),9,192
house,149,surname,Asian (est.),10,294
house,149,surname,Asian (est.),11,259
house,149,surname,Asian (est.),12,286
house,149,surname,Asian (est.),13,306
house,149,surname,Asian (est.),14,331
house,149,surname,Asian (est.),15,291
house,149,surname,Asian (est.),17,13
house,149,surname,Asian (est.),18,9
house,149,surname,Asian (est.),19,19
house,149,surname,Asian (est.),20,18
house,149,surname,Asian (est.),21,11
house,149,surname,Asian (est.),25,10
house,149,surname,Hispanic (est.),4,857
house,149,surname,Hispanic (est.),5,497
house,149,surname,Hispanic (est.),6,371
house,149,surname,Hispanic (est.),7,277
house,149,surname,Hispanic (est.),8,299
house,149,surname,Hispanic (est.),9,180
house,149,surname,Hispanic (est.),10,342
house,149,surname,Hispanic (est.),11,354
house,149,surname,Hispanic (est.),12,319
house,149,surname,Hispanic (est.),13,304
house,149,surname,Hispanic (est.),14,340
house,149,surname,Hispanic (est.),15,319
house,149,surname,Hispanic (est.),17,29
house,149,surname,Hispanic (est.),18,10
house,149,surname,Hispanic (est.),19,18
house,149,surname,Hispanic (est.),20,17
house,149,surname,Hispanic (est.),21,8
house,149,surname,Hispanic (est.),25,2
house,149,surname,Hispanic (est.),27,1
house,149,surname,Hispanic (est.),32,1
house,15,surname,All others (est.),4,5223
house,15,surname,All others (est.),5,3781
house,15,surname,All others (est.),6,3549
house,15,surname,All others (est.),7,2890
house,15,surname,All others (est.),8,3243
house,15,surname,All others (est.),9,1669
house,15,surname,All others (est.),10,3158
house,15,surname,All others (est.),11,3665
house,15,surname,All others (est.),12,3339
house,15,surname,All others (est.),13,3394
house,15,surname,All others (est.),14,3374
house,15,surname,All others (est.),15,3229
house,15,surname,All others (est.),18,141
house,15,surname,All others (est.),19,186
house,15,surname,All others (est.),20,69
house,15,surname,All others (est.),21,200
house,15,surname,All others (est.),22,73
house,15,surname,All others (est.),25,62
house,15,surname,All others (est.),26,161
house,15,surname,All others (est.),27,28
house,15,surname,All others (est.),28,306
house,15,surname,All others (est.),29,55
house,15,surname,All others (est.),32,30
house,15,surname,All others (est.),33,74
house,15,surname,All others (est.),34,204
house,15,surname,All others (est.),35,30
house,15,surname,All others (est.),36,16
house,15,surname,Asian (est.),4,252
house,15,surname,Asian (est.),5,174
house,15,surname,Asian (est.),6,129
house,15,surname,Asian (est.),7,118
house,15,surname,Asian (est.),8,142
house,15,surname,Asian (est.),9,86
house,15,surname,Asian (est.),10,170
house,15,surname,Asian (est.),11,147
house,15,surname,Asian (est.),12,147
house,15,surname,Asian (est.),13,120
house,15,surname,Asian (est.),14,105
house,15,surname,Asian (est.),15,112
house,15,surname,Asian (est.),18,6
house,15,surname,Asian (est.),19,6
house,15,surname,Asian (est.),20,1
house,15,surname,Asian (est.),21,5
house,15,surname,Asian (est.),22,2
house,15,surname,Asian (est.),25,1
house,15,surname,Asian (est.),26,2
house,15,surname,Asian (est.),27,1
house,15,surname,Asian (est.),28,6
house,15,surname,Asian (est.),29,1
house,15,surname,Asian (est.),33,2
house,15,surname,Asian (est.),34,5
house,15,surname,Asian (est.),35,1
house,15,surname,Hispanic (est.),4,853
house,15,surname,Hispanic (est.),5,547
house,15,surname,Hispanic (est.),6,441
house,15,surname,Hispanic (est.),7,360
house,15,surname,Hispanic (est.),8,404
house,15,surname,Hispanic (est.),9,242
house,15,surname,Hispanic (est.),10,461
house,15,surname,Hispanic (est.),11,437
house,15,surname,Hispanic (est.),12,352
house,15,surname,Hispanic (est.),13,359
house,15,surname,Hispanic (est.),14,383
house,15,surname,Hispanic (est.),15,360
house,15,surname,Hispanic (est.),18,8
house,15,surname,Hispanic (est.),19,8
house,15,surname,Hispanic (est.),20,5
house,15,surname,Hispanic (est.),21,13
house,15,surname,Hispanic (est.),22,6
house,15,surname,Hispanic (est.),25,3
house,15,surname,Hispanic (est.),26,9
house,15,surname,Hispanic (est.),27,2
house,15,surname,Hispanic (est.),28,26
house,15,surname,Hispanic (est.),29,2
house,15,surname,Hispanic (est.),32,1
house,15,surname,Hispanic (est.),33,5
house,15,surname,Hispanic (est.),34,15
house,15,surname,Hispanic (est.),35,2
house,15,surname,Hispanic (est.),36,1
house,150,surname,All others (est.),4,4412
house,150,surname,All others (est.),5,3381
house,150,surname,All others (est.),6,2619
house,150,surname,All others (est.),7,2087
house,150,surname,All others (est.),8,2249
house,150,surname,All others (est.),9,1049
house,150,surname,All others (est.),10,1890
house,150,surname,All others (est.),11,2802
house,150,surname,All others (est.),12,2571
house,150,surname,All others (est.),13,2743
house,150,surname,All others (est.),14,2897
house,150,surname,All others (est.),15,3016
house,150,surname,All others (est.),17,280
house,150,surname,All others (est.),18,154
house,150,surname,All others (est.),19,143
house,150,surname,All others (est.),20,122
house,150,surname,All others (est.),21,78
house,150,surname,All others (est.),25,10
house,150,surname,All others (est.),26,1
house,150,surname,All others (est.),27,2
house,150,surname,All others (est.),28,2
house,150,surname,All others (est.),33,1
house,150,surname,All others (est.),34,1
house,150,surname,All others (est.),37,2
house,150,surname,Asian (est.),4,271
house,150,surname,Asian (est.),5,180
house,150,surname,Asian (est.),6,149
house,150,surname,Asian (est.),7,102
house,150,surname,Asian (est.),8,124
house,150,surname,Asian (est.),9,88
house,150,surname,Asian (est.),10,118
house,150,surname,Asian (est.),11,113
house,150,surname,Asian (est.),12,106
house,150,surname,Asian (est.),13,101
house,150,surname,Asian (est.),14,127
house,150,surname,Asian (est.),15,138
house,150,surname,Asian (est.),17,9
house,150,surname,Asian (est.),18,4
house,150,surname,Asian (est.),19,5
house,150,surname,Asian (est.),20,4
house,150,surname,Asian (est.),21,3
house,150,surname,Hispanic (est.),4,1007
house,150,surname,Hispanic (est.),5,660
house,150,surname,Hispanic (est.),6,466
house,150,surname,Hispanic (est.),7,352
house,150,surname,Hispanic (est.),8,390
house,150,surname,Hispanic (est.),9,230
house,150,surname,Hispanic (est.),10,378
house,150,surname,Hispanic (est.),11,452
house,150,surname,Hispanic (est.),12,401
house,150,surname,Hispanic (est.),13,429
house,150,surname,Hispanic (est.),14,477
house,150,surname,Hispanic (est.),15,499
house,150,surname,Hispanic (est.),17,29
house,150,surname,Hispanic (est.),18,15
house,150,surname,Hispanic (est.),19,10
house,150,surname,Hispanic (est.),20,7
house,150,surname,Hispanic (est.),21,6
house,150,surname,Hispanic (est.),25,3
house,16,surname,All others (est.),4,4226
house,16,surname,All others (est.),5,3240
house,16,surname,All others (est.),6,3043
house,16,surname,All others (est.),7,2512
house,16,surname,All others (est.),8,3076
house,16,surname,All others (est.),9,1234
house,16,surname,All others (est.),10,2669
house,16,surname,All others (est.),11,3256
house,16,surname,All others (est.),12,3192
house,16,surname,All others (est.),13,3403
house,16,surname,All others (est.),14,3499
house,16,surname,All others (est.),15,3423
house,16,surname,All others (est.),18,75
house,16,surname,All others (est.),19,106
house,16,surname,All others (est.),20,78
house,16,surname,All others (est.),21,122
house,16,surname,All others (est.),22,63
house,16,surname,All others (est.),25,62
house,16,surname,All others (est.),26,141
house,16,surname,All others (est.),27,20
house,16,surname,All others (est.),28,199
house,16,surname,All others (est.),29,47
house,16,surname,All others (est.),32,29
house,16,surname,All others (est.),33,110
house,16,surname,All others (est.),34,216
house,16,surname,All others (est.),35,40
house,16,surname,All others (est.),36,23
house,16,surname,All others (est.),37,1
house,16,surname,Asian (est.),4,89
house,16,surname,Asian (est.),5,65
house,16,surname,Asian (est.),6,60
house,16,surname,Asian (est.),7,50
house,16,surname,Asian (est.),8,62
house,16,surname,Asian (est.),9,29
house,16,surname,Asian (est.),10,53
house,16,surname,Asian (est.),11,68
house,16,surname,Asian (est.),12,57
house,16,surname,Asian (est.),13,63
house,16,surname,Asian (est.),14,58
house,16,surname,Asian (est.),15,58
house,16,surname,Asian (est.),18,4
house,16,surname,Asian (est.),19,1
house,16,surname,Asian (est.),20,1
house,16,surname,Asian (est.),21,5
house,16,surname,Asian (est.),22,1
house,16,surname,Asian (est.),25,1
house,16,surname,Asian (est.),26,5
house,16,surname,Asian (est.),28,4
house,16,surname,Asian (est.),32,1
house,16,surname,Asian (est.),33,1
house,16,surname,Asian (est.),34,8
house,16,surname,Asian (est.),35,1
house,16,surname,Hispanic (est.),4,496
house,16,surname,Hispanic (est.),5,335
house,16,surname,Hispanic (est.),6,326
house,16,surname,Hispanic (est.),7,251
house,16,surname,Hispanic (est.),8,278
house,16,surname,Hispanic (est.),9,129
house,16,surname,Hispanic (est.),10,286
house,16,surname,Hispanic (est.),11,291
house,16,surname,Hispanic (est.),12,255
house,16,surname,Hispanic (est.),13,269
house,16,surname,Hispanic (est.),14,287
house,16,surname,Hispanic (est.),15,245
house,16,surname,Hispanic (est.),18,5
house,16,surname,Hispanic (est.),19,4
house,16,surname,Hispanic (est.),20,6
house,16,surname,Hispanic (est.),21,7
house,16,surname,Hispanic (est.),22,3
house,16,surname,Hispanic (est.),25,5
house,16,surname,Hispanic (est.),26,11
house,16,surname,Hispanic (est.),27,2
house,16,surname,Hispanic (est.),28,13
house,16,surname,Hispanic (est.),29,2
house,16,surname,Hispanic (est.),32,3
house,16,surname,Hispanic (est.),33,4
house,16,surname,Hispanic (est.),34,15
house,16,surname,Hispanic (est.),35,2
house,16,surname,Hispanic (est.),36,1
house,16,surname,Hispanic (est.),37,2
house,17,surname,All others (est.),4,4395
house,17,surname,All others (est.),5,3060
house,17,surname,All others (est.),6,2643
house,17,surname,All others (est.),7,2465
house,17,surname,All others (est.),8,2735
house,17,surname,All others (est.),9,501
house,17,surname,All others (est.),10,1719
house,17,surname,All others (est.),11,2787
house,17,surname,All others (est.),12,2900
house,17,surname,All others (est.),13,2972
house,17,surname,All others (est.),14,3382
house,17,surname,All others (est.),15,3532
house,17,surname,All others (est.),18,81
house,17,surname,All others (est.),19,130
house,17,surname,All others (est.),20,79
house,17,surname,All others (est.),21,73
house,17,surname,All others (est.),22,121
house,17,surname,All others (est.),25,114
house,17,surname,All others (est.),26,93
house,17,surname,All others (est.),27,33
house,17,surname,All others (est.),28,128
house,17,surname,All others (est.),32,54
house,17,surname,All others (est.),33,76
house,17,surname,All others (est.),34,74
house,17,surname,All others (est.),35,15
house,17,surname,All others (est.),36,121
house,17,surname,All others (est.),37,3
house,17,surname,Asian (est.),4,93
house,17,surname,Asian (est.),5,56
house,17,surname,Asian (est.),6,55
house,17,surname,Asian (est.),7,49
house,17,surname,Asian (est.),8,48
house,17,surname,Asian (est.),9,8
house,17,surname,Asian (est.),10,33
house,17,surname,Asian (est.),11,57
house,17,surname,Asian (est.),12,56
house,17,surname,Asian (est.),13,52
house,17,surname,Asian (est.),14,63
house,17,surname,Asian (est.),15,58
house,17,surname,Asian (est.),18,2
house,17,surname,Asian (est.),19,3
house,17,surname,Asian (est.),20,1
house,17,surname,Asian (est.),21,1
house,17,surname,Asian (est.),22,2
house,17,surname,Asian (est.),25,1
house,17,surname,Asian (est.),26,2
house,17,surname,Asian (est.),27,1
house,17,surname,Asian (est.),28,2
house,17,surname,Asian (est.),32,1
house,17,surname,Asian (est.),33,2
house,17,surname,Asian (est.),34,2
house,17,surname,Asian (est.),36,2
house,17,surname,Hispanic (est.),4,1073
house,17,surname,Hispanic (est.),5,619
house,17,surname,Hispanic (est.),6,451
house,17,surname,Hispanic (est.),7,394
house,17,surname,Hispanic (est.),8,429
house,17,surname,Hispanic (est.),9,114
house,17,surname,Hispanic (est.),10,374
house,17,surname,Hispanic (est.),11,495
house,17,surname,Hispanic (est.),12,447
house,17,surname,Hispanic (est.),13,412
house,17,surname,Hispanic (est.),14,486
house,17,surname,Hispanic (est.),15,465
house,17,surname,Hispanic (est.),18,15
house,17,surname,Hispanic (est.),19,19
house,17,surname,Hispanic (est.),20,22
house,17,surname,Hispanic (est.),21,6
house,17,surname,Hispanic (est.),22,16
house,17,surname,Hispanic (est.),25,13
house,17,surname,Hispanic (est.),26,6
house,17,surname,Hispanic (est.),27,1
house,17,surname,Hispanic (est.),28,17
house,17,surname,Hispanic (est.),32,6
house,17,surname,Hispanic (est.),33,15
house,17,surname,Hispanic (est.),34,9
house,17,surname,Hispanic (est.),35,2
house,17,surname,Hispanic (est.),36,24
house,18,surname,All others (est.),4,3542
house,18,surname,All others (est.),5,2259
house,18,surname,All others (est.),6,3391
house,18,surname,All others (est.),7,3493
house,18,surname,All others (est.),8,2200
house,18,surname,All others (est.),9,606
house,18,surname,All others (est.),10,1534
house,18,surname,All others (est.),11,2724
house,18,surname,All others (est.),12,2605
house,18,surname,All others (est.),13,2535
house,18,surname,All others (est.),14,3145
house,18,surname,All others (est.),15,3024
house,18,surname,All others (est.),18,75
house,18,surname,All others (est.),19,81
house,18,surname,All others (est.),20,24
house,18,surname,All others (est.),21,51
house,18,surname,All others (est.),22,162
house,18,surname,All others (est.),25,81
house,18,surname,All others (est.),26,137
house,18,surname,All others (est.),27,12
house,18,surname,All others (est.),28,151
house,18,surname,All others (est.),29,1
house,18,surname,All others (est.),32,13
house,18,surname,All others (est.),33,16
house,18,surname,All others (est.),34,29
house,18,surname,All others (est.),35,3
house,18,surname,All others (est.),36,4
house,18,surname,Asian (est.),4,56
house,18,surname,Asian (est.),5,42
house,18,surname,Asian (est.),6,44
house,18,surname,Asian (est.),7,46
house,18,surname,Asian (est.),8,35
house,18,surname,Asian (est.),9,9
house,18,surname,Asian (est.),10,26
house,18,surname,Asian (est.),11,41
house,18,surname,Asian (est.),12,33
house,18,surname,Asian (est.),13,36
house,18,surname,Asian (est.),14,43
house,18,surname,Asian (est.),15,41
house,18,surname,Asian (est.),18,1
house,18,surname,Asian (est.),19,1
house,18,surname,Asian (est.),22,2
house,18,surname,Asian (est.),25,1
house,18,surname,Asian (est.),26,3
house,18,surname,Asian (est.),28,2
house,18,surname,Hispanic (est.),4,372
house,18,surname,Hispanic (est.),5,200
house,18,surname,Hispanic (est.),6,242
house,18,surname,Hispanic (est.),7,234
house,18,surname,Hispanic (est.),8,180
house,18,surname,Hispanic (est.),9,58
house,18,surname,Hispanic (est.),10,150
house,18,surname,Hispanic (est.),11,209
house,18,surname,Hispanic (est.),12,175
house,18,surname,Hispanic (est.),13,180
house,18,surname,Hispanic (est.),14,193
house,18,surname,Hispanic (est.),15,191
house,18,surname,Hispanic (est.),18,4
house,18,surname,Hispanic (est.),19,7
house,18,surname,Hispanic (est.),20,1
house,18,surname,Hispanic (est.),21,2
house,18,surname,Hispanic (est.),22,11
house,18,surname,Hispanic (est.),25,7
house,18,surname,Hispanic (est.),26,5
house,18,surname,Hispanic (est.),28,5
house,18,surname,Hispanic (est.),33,1
house,18,surname,Hispanic (est.),34,2
house,18,surname,Hispanic (est.),35,1
house,19,surname,All others (est.),4,6776
house,19,surname,All others (est.),5,5210
house,19,surname,All others (est.),6,4586
house,19,surname,All others (est.),7,4505
house,19,surname,All others (est.),8,4655
house,19,surname,All others (est.),9,709
house,19,surname,All others (est.),10,2182
house,19,surname,All others (est.),11,5737
house,19,surname,All others (est.),12,5323
house,19,surname,All others (est.),13,5650
house,19,surname,All others (est.),14,5868
house,19,surname,All others (est.),15,6362
house,19,surname,All others (est.),17,39
house,19,surname,All others (est.),18,142
house,19,surname,All others (est.),19,350
house,19,surname,All others (est.),20,112
house,19,surname,All others (est.),21,220
house,19,surname,All others (est.),22,291
house,19,surname,All others (est.),23,31
house,19,surname,All others (est.),25,403
house,19,surname,All others (est.),26,270
house,19,surname,All others (est.),27,95
house,19,surname,All others (est.),28,270
house,19,surname,All others (est.),32,68
house,19,surname,All others (est.),33,40
house,19,surname,All others (est.),34,35
house,19,surname,All others (est.),35,5
house,19,surname,All others (est.),36,117
house,19,surname,All others (est.),37,108
house,19,surname,Asian (est.),4,244
house,19,surname,Asian (est.),5,152
house,19,surname,Asian (est.),6,129
house,19,surname,Asian (est.),7,147
house,19,surname,Asian (est.),8,121
house,19,surname,Asian (est.),9,48
house,19,surname,Asian (est.),10,84
house,19,surname,Asian (est.),11,145
house,19,surname,Asian (est.),12,141
house,19,surname,Asian (est.),13,140
house,19,surname,Asian (est.),14,132
house,19,surname,Asian (est.),15,148
house,19,surname,Asian (est.),18,2
house,19,surname,Asian (est.),19,5
house,19,surname,Asian (est.),20,2
house,19,surname,Asian (est.),21,7
house,19,surname,Asian (est.),22,6
house,19,surname,Asian (est.),23,1
house,19,surname,Asian (est.),25,6
house,19,surname,Asian (est.),26,5
house,19,surname,Asian (est.),27,1
house,19,surname,Asian (est.),28,3
house,19,surname,Asian (est.),32,2
house,19,surname,Asian (est.),33,1
house,19,surname,Asian (est.),36,2
house,19,surname,Asian (est.),37,1
house,19,surname,Hispanic (est.),4,895
house,19,surname,Hispanic (est.),5,579
house,19,surname,Hispanic (est.),6,429
house,19,surname,Hispanic (est.),7,420
house,19,surname,Hispanic (est.),8,435
house,19,surname,Hispanic (est.),9,59
house,19,surname,Hispanic (est.),10,238
house,19,surname,Hispanic (est.),11,562
house,19,surname,Hispanic (est.),12,493
house,19,surname,Hispanic (est.),13,506
house,19,surname,Hispanic (est.),14,493
house,19,surname,Hispanic (est.),15,548
house,19,surname,Hispanic (est.),17,1
house,19,surname,Hispanic (est.),18,10
house,19,surname,Hispanic (est.),19,24
house,19,surname,Hispanic (est.),20,8
house,19,surname,Hispanic (est.),21,12
house,19,surname,Hispanic (est.),22,21
house,19,surname,Hispanic (est.),23,1
house,19,surname,Hispanic (est.),25,35
house,19,surname,Hispanic (est.),26,14
house,19,surname,Hispanic (est.),27,10
house,19,surname,Hispanic (est.),28,20
house,19,surname,Hispanic (est.),32,7
house,19,surname,Hispanic (est.),33,6
house,19,surname,Hispanic (est.),34,3
house,19,surname,Hispanic (est.),36,12
house,19,surname,Hispanic (est.),37,4
house,2,surname,All others (est.),4,2906
house,2,surname,All others (est.),5,2682
house,2,surname,All others (est.),6,2245
house,2,surname,All others (est.),7,2383
house,2,surname,All others (est.),8,2551
house,2,surname,All others (est.),9,714
house,2,surname,All others (est.),10,1874
house,2,surname,All others (est.),11,2355
house,2,surname,All others (est.),12,2648
house,2,surname,All others (est.),13,2869
house,2,surname,All others (est.),14,2853
house,2,surname,All others (est.),15,2760
house,2,surname,All others (est.),18,71
house,2,surname,All others (est.),19,107
house,2,surname,All others (est.),20,108
house,2,surname,All others (est.),21,13
house,2,surname,All others (est.),22,102
house,2,surname,All others (est.),24,25
house,2,surname,All others (est.),25,46
house,2,surname,All others (est.),26,58
house,2,surname,All others (est.),27,27
house,2,surname,All others (est.),28,83
house,2,surname,All others (est.),29,39
house,2,surname,All others (est.),32,50
house,2,surname,All others (est.),33,55
house,2,surname,All others (est.),34,86
house,2,surname,All others (est.),35,7
house,2,surname,All others (est.),36,44
house,2,surname,Asian (est.),4,43
house,2,surname,Asian (est.),5,37
house,2,surname,Asian (est.),6,36
house,2,surname,Asian (est.),7,31
house,2,surname,Asian (est.),8,30
house,2,surname,Asian (est.),9,13
house,2,surname,Asian (est.),10,27
house,2,surname,Asian (est.),11,29
house,2,surname,Asian (est.),12,32
house,2,surname,Asian (est.),13,40
house,2,surname,Asian (est.),14,39
house,2,surname,Asian (est.),15,38
house,2,surname,Asian (est.),18,2
house,2,surname,Asian (est.),19,1
house,2,surname,Asian (est.),20,1
house,2,surname,Asian (est.),22,1
house,2,surname,Asian (est.),26,1
house,2,surname,Asian (est.),28,1
house,2,surname,Asian (est.),32,2
house,2,surname,Asian (est.),34,1
house,2,surname,Asian (est.),36,1
house,2,surname,Hispanic (est.),4,245
house,2,surname,Hispanic (est.),5,204
house,2,surname,Hispanic (est.),6,158
house,2,surname,Hispanic (est.),7,166
house,2,surname,Hispanic (est.),8,173
house,2,surname,Hispanic (est.),9,59
house,2,surname,Hispanic (est.),10,141
house,2,surname,Hispanic (est.),11,168
house,2,surname,Hispanic (est.),12,152
house,2,surname,Hispanic (est.),13,146
house,2,surname,Hispanic (est.),14,157
house,2,surname,Hispanic (est.),15,173
house,2,surname,Hispanic (est.),18,3
house,2,surname,Hispanic (est.),19,5
house,2,surname,Hispanic (est.),20,4
house,2,surname,Hispanic (est.),21,1
house,2,surname,Hispanic (est.),22,4
house,2,surname,Hispanic (est.),24,1
house,2,surname,Hispanic (est.),25,1
house,2,surname,Hispanic (est.),26,4
house,2,surname,Hispanic (est.),27,2
house,2,surname,Hispanic (est.),28,3
house,2,surname,Hispanic (est.),29,4
house,2,surname,Hispanic (est.),32,2
house,2,surname,Hispanic (est.),33,1
house,2,surname,Hispanic (est.),34,4
house,2,surname,Hispanic (est.),36,5
house,20,surname,All others (est.),4,6468
house,20,surname,All others (est.),5,4610
house,20,surname,All others (est.),6,4179
house,20,surname,All others (est.),7,3976
house,20,surname,All others (est.),8,4024
house,20,surname,All others (est.),9,1558
house,20,surname,All others (est.),10,3018
house,20,surname,All others (est.),11,4785
house,20,surname,All others (est.),12,4857
house,20,surname,All others (est.),13,5187
house,20,surname,All others (est.),14,4916
house,20,surname,All others (est.),15,5430
house,20,surname,All others (est.),18,164
house,20,surname,All others (est.),19,130
house,20,surname,All others (est.),20,156
house,20,surname,All others (est.),21,1
house,20,surname,All others (est.),22,350
house,20,surname,All others (est.),23,4
house,20,surname,All others (est.),25,131
house,20,surname,All others (est.),26,280
house,20,surname,All others (est.),27,240
house,20,surname,All others (est.),28,186
house,20,surname,All others (est.),29,17
house,20,surname,All others (est.),32,103
house,20,surname,All others (est.),33,7
house,20,surname,All others (est.),34,1
house,20,surname,All others (est.),35,3
house,20,surname,All others (est.),36,5
house,20,surname,All others (est.),37,4
house,20,surname,Asian (est.),4,259
house,20,surname,Asian (est.),5,172
house,20,surname,Asian (est.),6,117
house,20,surname,Asian (est.),7,115
house,20,surname,Asian (est.),8,128
house,20,surname,Asian (est.),9,59
house,20,surname,Asian (est.),10,97
house,20,surname,Asian (est.),11,137
house,20,surname,Asian (est.),12,120
house,20,surname,Asian (est.),13,131
house,20,surname,Asian (est.),14,128
house,20,surname,Asian (est.),15,155
house,20,surname,Asian (est.),18,4
house,20,surname,Asian (est.),19,3
house,20,surname,Asian (est.),20,3
house,20,surname,Asian (est.),22,9
house,20,surname,Asian (est.),25,4
house,20,surname,Asian (est.),26,5
house,20,surname,Asian (est.),27,4
house,20,surname,Asian (est.),28,5
house,20,surname,Asian (est.),29,1
house,20,surname,Asian (est.),32,2
house,20,surname,Hispanic (est.),4,1077
house,20,surname,Hispanic (est.),5,715
house,20,surname,Hispanic (est.),6,556
house,20,surname,Hispanic (est.),7,511
house,20,surname,Hispanic (est.),8,483
house,20,surname,Hispanic (est.),9,249
house,20,surname,Hispanic (est.),10,437
house,20,surname,Hispanic (est.),11,610
house,20,surname,Hispanic (est.),12,562
house,20,surname,Hispanic (est.),13,615
house,20,surname,Hispanic (est.),14,559
house,20,surname,Hispanic (est.),15,655
house,20,surname,Hispanic (est.),18,18
house,20,surname,Hispanic (est.),19,8
house,20,surname,Hispanic (est.),20,14
house,20,surname,Hispanic (est.),22,28
house,20,surname,Hispanic (est.),23,1
house,20,surname,Hispanic (est.),25,12
house,20,surname,Hispanic (est.),26,26
house,20,surname,Hispanic (est.),27,18
house,20,surname,Hispanic (est.),28,18
house,20,surname,Hispanic (est.),29,2
house,20,surname,Hispanic (est.),32,10
house,20,surname,Hispanic (est.),37,1
house,21,surname,All others (est.),4,4108
house,21,surname,All others (est.),5,2960
house,21,surname,All others (est.),6,2536
house,21,surname,All others (est.),7,2214
house,21,surname,All others (est.),8,2705
house,21,surname,All others (est.),9,843
house,21,surname,All others (est.),10,2432
house,21,surname,All others (est.),11,4227
house,21,surname,All others (est.),12,3869
house,21,surname,All others (est.),13,3244
house,21,surname,All others (est.),14,3719
house,21,surname,All others (est.),15,3720
house,21,surname,All others (est.),17,32
house,21,surname,All others (est.),18,114
house,21,surname,All others (est.),19,41
house,21,surname,All others (est.),20,60
house,21,surname,All others (est.),21,155
house,21,surname,All others (est.),22,173
house,21,surname,All others (est.),23,267
house,21,surname,All others (est.),25,69
house,21,surname,All others (est.),26,53
house,21,surname,All others (est.),27,12
house,21,surname,All others (est.),28,13
house,21,surname,All others (est.),32,1
house,21,surname,All others (est.),33,2
house,21,surname,All others (est.),36,1
house,21,surname,Asian (est.),4,82
house,21,surname,Asian (est.),5,54
house,21,surname,Asian (est.),6,49
house,21,surname,Asian (est.),7,43
house,21,surname,Asian (est.),8,45
house,21,surname,Asian (est.),9,24
house,21,surname,Asian (est.),10,67
house,21,surname,Asian (est.),11,64
house,21,surname,Asian (est.),12,66
house,21,surname,Asian (est.),13,62
house,21,surname,Asian (est.),14,56
house,21,surname,Asian (est.),15,72
house,21,surname,Asian (est.),17,1
house,21,surname,Asian (est.),18,2
house,21,surname,Asian (est.),20,1
house,21,surname,Asian (est.),21,2
house,21,surname,Asian (est.),22,2
house,21,surname,Asian (est.),23,6
house,21,surname,Asian (est.),25,1
house,21,surname,Asian (est.),26,1
house,21,surname,Asian (est.),28,1
house,21,surname,Hispanic (est.),4,329
house,21,surname,Hispanic (est.),5,213
house,21,surname,Hispanic (est.),6,179
house,21,surname,Hispanic (est.),7,152
house,21,surname,Hispanic (est.),8,179
house,21,surname,Hispanic (est.),9,69
house,21,surname,Hispanic (est.),10,163
house,21,surname,Hispanic (est.),11,285
house,21,surname,Hispanic (est.),12,245
house,21,surname,Hispanic (est.),13,226
house,21,surname,Hispanic (est.),14,228
house,21,surname,Hispanic (est.),15,211
house,21,surname,Hispanic (est.),17,3
house,21,surname,Hispanic (est.),18,7
house,21,surname,Hispanic (est.),19,3
house,21,surname,Hispanic (est.),20,5
house,21,surname,Hispanic (est.),21,12
house,21,surname,Hispanic (est.),22,9
house,21,surname,Hispanic (est.),23,17
house,21,surname,Hispanic (est.),25,5
house,21,surname,Hispanic (est.),26,3
house,22,surname,All others (est.),4,3351
house,22,surname,All others (est.),5,2179
house,22,surname,All others (est.),6,1835
house,22,surname,All others (est.),7,1388
house,22,surname,All others (est.),8,1938
house,22,surname,All others (est.),9,1006
house,22,surname,All others (est.),10,1586
house,22,surname,All others (est.),11,2078
house,22,surname,All others (est.),12,2185
house,22,surname,All others (est.),13,2262
house,22,surname,All others (est.),14,2462
house,22,surname,All others (est.),15,2590
house,22,surname,All others (est.),17,62
house,22,surname,All others (est.),18,88
house,22,surname,All others (est.),19,128
house,22,surname,All others (est.),20,77
house,22,surname,All others (est.),21,44
house,22,surname,All others (est.),22,281
house,22,surname,All others (est.),25,190
house,22,surname,All others (est.),26,233
house,22,surname,All others (est.),27,58
house,22,surname,All others (est.),28,73
house,22,surname,Asian (est.),4,110
house,22,surname,Asian (est.),5,63
house,22,surname,Asian (est.),6,58
house,22,surname,Asian (est.),7,53
house,22,surname,Asian (est.),8,52
house,22,surname,Asian (est.),9,31
house,22,surname,Asian (est.),10,47
house,22,surname,Asian (est.),11,48
house,22,surname,Asian (est.),12,42
house,22,surname,Asian (est.),13,47
house,22,surname,Asian (est.),14,55
house,22,surname,Asian (est.),15,65
house,22,surname,Asian (est.),17,1
house,22,surname,Asian (est.),18,1
house,22,surname,Asian (est.),19,4
house,22,surname,Asian (est.),20,1
house,22,surname,Asian (est.),21,1
house,22,surname,Asian (est.),22,5
house,22,surname,Asian (est.),25,3
house,22,surname,Asian (est.),26,4
house,22,surname,Asian (est.),27,2
house,22,surname,Asian (est.),28,1
house,22,surname,Hispanic (est.),4,377
house,22,surname,Hispanic (est.),5,206
house,22,surname,Hispanic (est.),6,166
house,22,surname,Hispanic (est.),7,143
house,22,surname,Hispanic (est.),8,184
house,22,surname,Hispanic (est.),9,88
house,22,surname,Hispanic (est.),10,166
house,22,surname,Hispanic (est.),11,200
house,22,surname,Hispanic (est.),12,166
house,22,surname,Hispanic (est.),13,176
house,22,surname,Hispanic (est.),14,212
house,22,surname,Hispanic (est.),15,233
house,22,surname,Hispanic (est.),17,2
house,22,surname,Hispanic (est.),18,4
house,22,surname,Hispanic (est.),19,10
house,22,surname,Hispanic (est.),20,8
house,22,surname,Hispanic (est.),21,3
house,22,surname,Hispanic (est.),22,19
house,22,surname,Hispanic (est.),25,10
house,22,surname,Hispanic (est.),26,13
house,22,surname,Hispanic (est.),27,4
house,22,surname,Hispanic (est.),28,5
house,23,surname,All others (est.),4,4538
house,23,surname,All others (est.),5,3067
house,23,surname,All others (est.),6,2692
house,23,surname,All others (est.),7,2083
house,23,surname,All others (est.),8,2883
house,23,surname,All others (est.),9,477
house,23,surname,All others (est.),10,1298
house,23,surname,All others (est.),11,3073
house,23,surname,All others (est.),12,2782
house,23,surname,All others (est.),13,3186
house,23,surname,All others (est.),14,3655
house,23,surname,All others (est.),15,3975
house,23,surname,All others (est.),18,174
house,23,surname,All others (est.),19,14
house,23,surname,All others (est.),20,103
house,23,surname,All others (est.),21,28
house,23,surname,All others (est.),22,181
house,23,surname,All others (est.),25,108
house,23,surname,All others (est.),26,216
house,23,surname,All others (est.),27,2
house,23,surname,All others (est.),28,78
house,23,surname,All others (est.),32,10
house,23,surname,All others (est.),33,3
house,23,surname,All others (est.),37,1
house,23,surname,Asian (est.),4,143
house,23,surname,Asian (est.),5,84
house,23,surname,Asian (est.),6,66
house,23,surname,Asian (est.),7,52
house,23,surname,Asian (est.),8,74
house,23,surname,Asian (est.),9,13
house,23,surname,Asian (est.),10,53
house,23,surname,Asian (est.),11,77
house,23,surname,Asian (est.),12,68
house,23,surname,Asian (est.),13,70
house,23,surname,Asian (est.),14,79
house,23,surname,Asian (est.),15,89
house,23,surname,Asian (est.),18,4
house,23,surname,Asian (est.),20,3
house,23,surname,Asian (est.),21,1
house,23,surname,Asian (est.),22,4
house,23,surname,Asian (est.),25,3
house,23,surname,Asian (est.),26,5
house,23,surname,Asian (est.),28,3
house,23,surname,Hispanic (est.),4,875
house,23,surname,Hispanic (est.),5,502
house,23,surname,Hispanic (est.),6,375
house,23,surname,Hispanic (est.),7,290
house,23,surname,Hispanic (est.),8,386
house,23,surname,Hispanic (est.),9,78
house,23,surname,Hispanic (est.),10,233
house,23,surname,Hispanic (est.),11,458
house,23,surname,Hispanic (est.),12,351
house,23,surname,Hispanic (est.),13,411
house,23,surname,Hispanic (est.),14,457
house,23,surname,Hispanic (est.),15,509
house,23,surname,Hispanic (est.),18,21
house,23,surname,Hispanic (est.),19,1
house,23,surname,Hispanic (est.),20,10
house,23,surname,Hispanic (est.),21,1
house,23,surname,Hispanic (est.),22,30
house,23,surname,Hispanic (est.),25,13
house,23,surname,Hispanic (est.),26,25
house,23,surname,Hispanic (est.),28,17
house,23,surname,Hispanic (est.),33,1
house,23,surname,Hispanic (est.),34,1
house,24,surname,All others (est.),4,6255
house,24,surname,All others (est.),5,3845
house,24,surname,All others (est.),6,3300
house,24,surname,All others (est.),7,2435
house,24,surname,All others (est.),8,3528
house,24,surname,All others (est.),9,1090
house,24,surname,All others (est.),10,2866
house,24,surname,All others (est.),11,4173
house,24,surname,All others (est.),12,3677
house,24,surname,All others (est.),13,3635
house,24,surname,All others (est.),14,4419
house,24,surname,All others (est.),15,4632
house,24,surname,All others (est.),18,316
house,24,surname,All others (est.),19,40
house,24,surname,All others (est.),20,204
house,24,surname,All others (est.),21,27
house,24,surname,All others (est.),22,317
house,24,surname,All others (est.),25,107
house,24,surname,All others (est.),26,72
house,24,surname,All others (est.),27,2
house,24,surname,All others (est.),28,51
house,24,surname,All others (est.),32,2
house,24,surname,All others (est.),34,1
house,24,surname,All others (est.),36,2
house,24,surname,All others (est.),37,2
house,24,surname,Asian (est.),4,263
house,24,surname,Asian (est.),5,150
house,24,surname,Asian (est.),6,103
house,24,surname,Asian (est.),7,93
house,24,surname,Asian (est.),8,128
house,24,surname,Asian (est.),9,61
house,24,surname,Asian (est.),10,128
house,24,surname,Asian (est.),11,143
house,24,surname,Asian (est.),12,108
house,24,surname,Asian (est.),13,121
house,24,surname,Asian (est.),14,130
house,24,surname,Asian (est.),15,125
house,24,surname,Asian (est.),18,8
house,24,surname,Asian (est.),19,1
house,24,surname,Asian (est.),20,3
house,24,surname,Asian (est.),22,7
house,24,surname,Asian (est.),25,3
house,24,surname,Asian (est.),26,1
house,24,surname,Asian (est.),28,1
house,24,surname,Hispanic (est.),4,1021
house,24,surname,Hispanic (est.),5,554
house,24,surname,Hispanic (est.),6,421
house,24,surname,Hispanic (est.),7,305
house,24,surname,Hispanic (est.),8,468
house,24,surname,Hispanic (est.),9,166
house,24,surname,Hispanic (est.),10,415
house,24,surname,Hispanic (est.),11,531
house,24,surname,Hispanic (est.),12,440
house,24,surname,Hispanic (est.),13,409
house,24,surname,Hispanic (est.),14,498
house,24,surname,Hispanic (est.),15,548
house,24,surname,Hispanic (est.),18,27
house,24,surname,Hispanic (est.),19,6
house,24,surname,Hispanic (est.),20,21
house,24,surname,Hispanic (est.),21,2
house,24,surname,Hispanic (est.),22,33
house,24,surname,Hispanic (est.),25,13
house,24,surname,Hispanic (est.),26,5
house,24,surname,Hispanic (est.),28,4
house,25,surname,All others (est.),4,4633
house,25,surname,All others (est.),5,2844
house,25,surname,All others (est.),6,2415
house,25,surname,All others (est.),7,1887
house,25,surname,All others (est.),8,2482
house,25,surname,All others (est.),9,831
house,25,surname,All others (est.),10,1910
house,25,surname,All others (est.),11,2914
house,25,surname,All others (est.),12,2537
house,25,surname,All others (est.),13,2590
house,25,surname,All others (est.),14,2948
house,25,surname,All others (est.),15,3108
house,25,surname,All others (est.),18,63
house,25,surname,All others (est.),19,28
house,25,surname,All others (est.),20,49
house,25,surname,All others (est.),21,5
house,25,surname,All others (est.),22,115
house,25,surname,All others (est.),25,78
house,25,surname,All others (est.),26,75
house,25,surname,All others (est.),27,4
house,25,surname,All others (est.),28,71
house,25,surname,All others (est.),29,55
house,25,surname,All others (est.),32,89
house,25,surname,All others (est.),33,66
house,25,surname,All others (est.),34,93
house,25,surname,All others (est.),35,8
house,25,surname,All others (est.),36,99
house,25,surname,All others (est.),37,5
house,25,surname,Asian (est.),4,235
house,25,surname,Asian (est.),5,151
house,25,surname,Asian (est.),6,135
house,25,surname,Asian (est.),7,101
house,25,surname,Asian (est.),8,123
house,25,surname,Asian (est.),9,52
house,25,surname,Asian (est.),10,120
house,25,surname,Asian (est.),11,130
house,25,surname,Asian (est.),12,101
house,25,surname,Asian (est.),13,97
house,25,surname,Asian (est.),14,104
house,25,surname,Asian (est.),15,113
house,25,surname,Asian (est.),18,2
house,25,surname,Asian (est.),19,2
house,25,surname,Asian (est.),20,2
house,25,surname,Asian (est.),22,7
house,25,surname,Asian (est.),25,1
house,25,surname,Asian (est.),26,2
house,25,surname,Asian (est.),27,1
house,25,surname,Asian (est.),28,4
house,25,surname,Asian (est.),29,2
house,25,surname,Asian (est.),32,3
house,25,surname,Asian (est.),33,2
house,25,surname,Asian (est.),34,1
house,25,surname,Asian (est.),36,3
house,25,surname,Hispanic (est.),4,862
house,25,surname,Hispanic (est.),5,460
house,25,surname,Hispanic (est.),6,396
house,25,surname,Hispanic (est.),7,344
house,25,surname,Hispanic (est.),8,394
house,25,surname,Hispanic (est.),9,131
house,25,surname,Hispanic (est.),10,349
house,25,surname,Hispanic (est.),11,451
house,25,surname,Hispanic (est.),12,336
house,25,surname,Hispanic (est.),13,365
house,25,surname,Hispanic (est.),14,394
house,25,surname,Hispanic (est.),15,401
house,25,surname,Hispanic (est.),18,9
house,25,surname,Hispanic (est.),19,2
house,25,surname,Hispanic (est.),20,8
house,25,surname,Hispanic (est.),22,6
house,25,surname,Hispanic (est.),25,7
house,25,surname,Hispanic (est.),26,13
house,25,surname,Hispanic (est.),27,1
house,25,surname,Hispanic (est.),28,9
house,25,surname,Hispanic (est.),29,5
house,25,surname,Hispanic (est.),32,9
house,25,surname,Hispanic (est.),33,5
house,25,surname,Hispanic (est.),34,9
house,25,surname,Hispanic (est.),36,13
house,26,surname,All others (est.),4,5089
house,26,surname,All others (est.),5,3055
house,26,surname,All others (est.),6,2690
house,26,surname,All others (est.),7,2223
house,26,surname,All others (est.),8,2841
house,26,surname,All others (est.),9,992
house,26,surname,All others (est.),10,2619
house,26,surname,All others (est.),11,3644
house,26,surname,All others (est.),12,2973
house,26,surname,All others (est.),13,3292
house,26,surname,All others (est.),14,3480
house,26,surname,All others (est.),15,3728
house,26,surname,All others (est.),18,84
house,26,surname,All others (est.),19,98
house,26,surname,All others (est.),20,24
house,26,surname,All others (est.),21,92
house,26,surname,All others (est.),22,91
house,26,surname,All others (est.),25,108
house,26,surname,All others (est.),26,121
house,26,surname,All others (est.),27,22
house,26,surname,All others (est.),28,182
house,26,surname,All others (est.),29,1
house,26,surname,All others (est.),32,26
house,26,surname,All others (est.),33,24
house,26,surname,All others (est.),34,2
house,26,surname,Asian (est.),4,791
house,26,surname,Asian (est.),5,397
house,26,surname,Asian (est.),6,349
house,26,surname,Asian (est.),7,248
house,26,surname,Asian (est.),8,317
house,26,surname,Asian (est.),9,188
house,26,surname,Asian (est.),10,419
house,26,surname,Asian (est.),11,379
house,26,surname,Asian (est.),12,293
house,26,surname,Asian (est.),13,310
house,26,surname,Asian (est.),14,295
house,26,surname,Asian (est.),15,288
house,26,surname,Asian (est.),18,10
house,26,surname,Asian (est.),19,6
house,26,surname,Asian (est.),20,4
house,26,surname,Asian (est.),21,1
house,26,surname,Asian (est.),22,3
house,26,surname,Asian (est.),25,6
house,26,surname,Asian (est.),26,9
house,26,surname,Asian (est.),28,7
house,26,surname,Asian (est.),32,1
house,26,surname,Asian (est.),35,1
house,26,surname,Hispanic (est.),4,1159
house,26,surname,Hispanic (est.),5,643
house,26,surname,Hispanic (est.),6,502
house,26,surname,Hispanic (est.),7,389
house,26,surname,Hispanic (est.),8,459
house,26,surname,Hispanic (est.),9,260
house,26,surname,Hispanic (est.),10,602
house,26,surname,Hispanic (est.),11,592
house,26,surname,Hispanic (est.),12,509
house,26,surname,Hispanic (est.),13,526
house,26,surname,Hispanic (est.),14,545
house,26,surname,Hispanic (est.),15,634
house,26,surname,Hispanic (est.),18,13
house,26,surname,Hispanic (est.),19,11
house,26,surname,Hispanic (est.),20,2
house,26,surname,Hispanic (est.),21,9
house,26,surname,Hispanic (est.),22,12
house,26,surname,Hispanic (est.),25,10
house,26,surname,Hispanic (est.),26,14
house,26,surname,Hispanic (est.),27,5
house,26,surname,Hispanic (est.),28,30
house,26,surname,Hispanic (est.),29,1
house,26,surname,Hispanic (est.),32,6
house,26,surname,Hispanic (est.),33,1
house,27,surname,All others (est.),4,5226
house,27,surname,All others (est.),5,3444
house,27,surname,All others (est.),6,2817
house,27,surname,All others (est.),7,2148
house,27,surname,All others (est.),8,3117
house,27,surname,All others (est.),9,972
house,27,surname,All others (est.),10,2174
house,27,surname,All others (est.),11,2817
house,27,surname,All others (est.),12,2833
house,27,surname,All others (est.),13,2875
house,27,surname,All others (est.),14,3117
house,27,surname,All others (est.),15,3138
house,27,surname,All others (est.),18,107
house,27,surname,All others (est.),19,208
house,27,surname,All others (est.),20,5
house,27,surname,All others (est.),21,110
house,27,surname,All others (est.),22,130
house,27,surname,All others (est.),25,142
house,27,surname,All others (est.),26,182
house,27,surname,All others (est.),27,39
house,27,surname,All others (est.),28,230
house,27,surname,All others (est.),29,2
house,27,surname,All others (est.),32,29
house,27,surname,All others (est.),33,32
house,27,surname,All others (est.),34,1
house,27,surname,All others (est.),35,4
house,27,surname,Asian (est.),4,606
house,27,surname,Asian (est.),5,365
house,27,surname,Asian (est.),6,317
house,27,surname,Asian (est.),7,211
house,27,surname,Asian (est.),8,306
house,27,surname,Asian (est.),9,138
house,27,surname,Asian (est.),10,299
house,27,surname,Asian (est.),11,296
house,27,surname,Asian (est.),12,254
house,27,surname,Asian (est.),13,255
house,27,surname,Asian (est.),14,295
house,27,surname,Asian (est.),15,243
house,27,surname,Asian (est.),18,11
house,27,surname,Asian (est.),19,20
house,27,surname,Asian (est.),21,3
house,27,surname,Asian (est.),22,15
house,27,surname,Asian (est.),25,11
house,27,surname,Asian (est.),26,13
house,27,surname,Asian (est.),27,1
house,27,surname,Asian (est.),28,15
house,27,surname,Asian (est.),32,1
house,27,surname,Asian (est.),33,2
house,27,surname,Hispanic (est.),4,816
house,27,surname,Hispanic (est.),5,506
house,27,surname,Hispanic (est.),6,370
house,27,surname,Hispanic (est.),7,273
house,27,surname,Hispanic (est.),8,400
house,27,surname,Hispanic (est.),9,159
house,27,surname,Hispanic (est.),10,347
house,27,surname,Hispanic (est.),11,369
house,27,surname,Hispanic (est.),12,359
house,27,surname,Hispanic (est.),13,398
house,27,surname,Hispanic (est.),14,402
house,27,surname,Hispanic (est.),15,359
house,27,surname,Hispanic (est.),18,11
house,27,surname,Hispanic (est.),19,24
house,27,surname,Hispanic (est.),21,8
house,27,surname,Hispanic (est.),22,10
house,27,surname,Hispanic (est.),25,17
house,27,surname,Hispanic (est.),26,22
house,27,surname,Hispanic (est.),27,3
house,27,surname,Hispanic (est.),28,21
house,27,surname,Hispanic (est.),32,4
house,27,surname,Hispanic (est.),33,5
house,28,surname,All others (est.),4,5370
house,28,surname,All others (est.),5,3221
house,28,surname,All others (est.),6,2711
house,28,surname,All others (est.),7,2267
house,28,surname,All others (est.),8,2722
house,28,surname,All others (est.),9,853
house,28,surname,All others (est.),10,2367
house,28,surname,All others (est.),11,3364
house,28,surname,All others (est.),12,3076
house,28,surname,All others (est.),13,3397
house,28,surname,All others (est.),14,3722
house,28,surname,All others (est.),15,3756
house,28,surname,All others (est.),18,99
house,28,surname,All others (est.),19,129
house,28,surname,All others (est.),20,16
house,28,surname,All others (est.),21,93
house,28,surname,All others (est.),22,80
house,28,surname,All others (est.),25,107
house,28,surname,All others (est.),26,209
house,28,surname,All others (est.),27,29
house,28,surname,All others (est.),28,189
house,28,surname,All others (est.),29,4
house,28,surname,All others (est.),32,49
house,28,surname,All others (est.),33,39
house,28,surname,All others (est.),34,14
house,28,surname,All others (est.),35,2
house,28,surname,Asian (est.),4,820
house,28,surname,Asian (est.),5,479
house,28,surname,Asian (est.),6,396
house,28,surname,Asian (est.),7,273
house,28,surname,Asian (est.),8,350
house,28,surname,Asian (est.),9,172
house,28,surname,Asian (est.),10,437
house,28,surname,Asian (est.),11,404
house,28,surname,Asian (est.),12,364
house,28,surname,Asian (est.),13,298
house,28,surname,Asian (est.),14,371
house,28,surname,Asian (est.),15,344
house,28,surname,Asian (est.),18,15
house,28,surname,Asian (est.),19,21
house,28,surname,Asian (est.),20,1
house,28,surname,Asian (est.),21,14
house,28,surname,Asian (est.),22,6
house,28,surname,Asian (est.),25,11
house,28,surname,Asian (est.),26,20
house,28,surname,Asian (est.),27,4
house,28,surname,Asian (est.),28,17
house,28,surname,Asian (est.),32,4
house,28,surname,Asian (est.),33,4
house,28,surname,Hispanic (est.),4,1248
house,28,surname,Hispanic (est.),5,650
house,28,surname,Hispanic (est.),6,520
house,28,surname,Hispanic (est.),7,422
house,28,surname,Hispanic (est.),8,518
house,28,surname,Hispanic (est.),9,191
house,28,surname,Hispanic (est.),10,545
house,28,surname,Hispanic (est.),11,608
house,28,surname,Hispanic (est.),12,563
house,28,surname,Hispanic (est.),13,595
house,28,surname,Hispanic (est.),14,621
house,28,surname,Hispanic (est.),15,643
house,28,surname,Hispanic (est.),18,17
house,28,surname,Hispanic (est.),19,17
house,28,surname,Hispanic (est.),20,1
house,28,surname,Hispanic (est.),21,15
house,28,surname,Hispanic (est.),22,12
house,28,surname,Hispanic (est.),25,24
house,28,surname,Hispanic (est.),26,30
house,28,surname,Hispanic (est.),27,3
house,28,surname,Hispanic (est.),28,32
house,28,surname,Hispanic (est.),32,9
house,28,surname,Hispanic (est.),33,8
house,28,surname,Hispanic (est.),34,1
house,29,surname,All others (est.),4,4701
house,29,surname,All others (est.),5,2982
house,29,surname,All others (est.),6,2652
house,29,surname,All others (est.),7,2018
house,29,surname,All others (est.),8,2696
house,29,surname,All others (est.),9,956
house,29,surname,All others (est.),10,2298
house,29,surname,All others (est.),11,2921
house,29,surname,All others (est.),12,2650
house,29,surname,All others (est.),13,2676
house,29,surname,All others (est.),14,3079
house,29,surname,All others (est.),15,3440
house,29,surname,All others (est.),18,65
house,29,surname,All others (est.),19,42
house,29,surname,All others (est.),20,67
house,29,surname,All others (est.),21,5
house,29,surname,All others (est.),22,100
house,29,surname,All others (est.),25,70
house,29,surname,All others (est.),26,106
house,29,surname,All others (est.),27,14
house,29,surname,All others (est.),28,84
house,29,surname,All others (est.),29,72
house,29,surname,All others (est.),32,69
house,29,surname,All others (est.),33,60
house,29,surname,All others (est.),34,109
house,29,surname,All others (est.),35,2
house,29,surname,All others (est.),36,124
house,29,surname,Asian (est.),4,373
house,29,surname,Asian (est.),5,205
house,29,surname,Asian (est.),6,168
house,29,surname,Asian (est.),7,146
house,29,surname,Asian (est.),8,171
house,29,surname,Asian (est.),9,72
house,29,surname,Asian (est.),10,201
house,29,surname,Asian (est.),11,174
house,29,surname,Asian (est.),12,132
house,29,surname,Asian (est.),13,117
house,29,surname,Asian (est.),14,137
house,29,surname,Asian (est.),15,140
house,29,surname,Asian (est.),18,2
house,29,surname,Asian (est.),19,2
house,29,surname,Asian (est.),20,1
house,29,surname,Asian (est.),22,5
house,29,surname,Asian (est.),25,3
house,29,surname,Asian (est.),26,3
house,29,surname,Asian (est.),27,1
house,29,surname,Asian (est.),28,4
house,29,surname,Asian (est.),29,2
house,29,surname,Asian (est.),32,1
house,29,surname,Asian (est.),33,2
house,29,surname,Asian (est.),34,6
house,29,surname,Asian (est.),36,2
house,29,surname,Hispanic (est.),4,1158
house,29,surname,Hispanic (est.),5,613
house,29,surname,Hispanic (est.),6,492
house,29,surname,Hispanic (est.),7,384
house,29,surname,Hispanic (est.),8,508
house,29,surname,Hispanic (est.),9,193
house,29,surname,Hispanic (est.),10,519
house,29,surname,Hispanic (est.),11,552
house,29,surname,Hispanic (est.),12,432
house,29,surname,Hispanic (est.),13,441
house,29,surname,Hispanic (est.),14,486
house,29,surname,Hispanic (est.),15,536
house,29,surname,Hispanic (est.),18,6
house,29,surname,Hispanic (est.),19,7
house,29,surname,Hispanic (est.),20,5
house,29,surname,Hispanic (est.),22,15
house,29,surname,Hispanic (est.),25,8
house,29,surname,Hispanic (est.),26,14
house,29,surname,Hispanic (est.),27,2
house,29,surname,Hispanic (est.),28,9
house,29,surname,Hispanic (est.),29,12
house,29,surname,Hispanic (est.),32,8
house,29,surname,Hispanic (est.),33,11
house,29,surname,Hispanic (est.),34,21
house,29,surname,Hispanic (est.),35,1
house,29,surname,Hispanic (est.),36,18
house,3,surname,All others (est.),4,4780
house,3,surname,All others (est.),5,3366
house,3,surname,All others (est.),6,3222
house,3,surname,All others (est.),7,2543
house,3,surname,All others (est.),8,3059
house,3,surname,All others (est.),9,1387
house,3,surname,All others (est.),10,2883
house,3,surname,All others (est.),11,3193
house,3,surname,All others (est.),12,3019
house,3,surname,All others (est.),13,3125
house,3,surname,All others (est.),14,3132
house,3,surname,All others (est.),15,3252
house,3,surname,All others (est.),18,66
house,3,surname,All others (est.),19,145
house,3,surname,All others (est.),20,44
house,3,surname,All others (est.),21,163
house,3,surname,All others (est.),22,37
house,3,surname,All others (est.),25,55
house,3,surname,All others (est.),26,124
house,3,surname,All others (est.),27,9
house,3,surname,All others (est.),28,205
house,3,surname,All others (est.),29,28
house,3,surname,All others (est.),32,42
house,3,surname,All others (est.),33,78
house,3,surname,All others (est.),34,155
house,3,surname,All others (est.),35,25
house,3,surname,All others (est.),36,16
house,3,surname,Asian (est.),4,134
house,3,surname,Asian (est.),5,97
house,3,surname,Asian (est.),6,84
house,3,surname,Asian (est.),7,68
house,3,surname,Asian (est.),8,76
house,3,surname,Asian (est.),9,41
house,3,surname,Asian (est.),10,101
house,3,surname,Asian (est.),11,83
house,3,surname,Asian (est.),12,67
house,3,surname,Asian (est.),13,60
house,3,surname,Asian (est.),14,74
house,3,surname,Asian (est.),15,80
house,3,surname,Asian (est.),18,1
house,3,surname,Asian (est.),19,3
house,3,surname,Asian (est.),20,2
house,3,surname,Asian (est.),21,3
house,3,surname,Asian (est.),25,1
house,3,surname,Asian (est.),26,2
house,3,surname,Asian (est.),28,3
house,3,surname,Asian (est.),32,1
house,3,surname,Asian (est.),33,1
house,3,surname,Asian (est.),34,2
house,3,surname,Hispanic (est.),4,754
house,3,surname,Hispanic (est.),5,421
house,3,surname,Hispanic (est.),6,384
house,3,surname,Hispanic (est.),7,294
house,3,surname,Hispanic (est.),8,358
house,3,surname,Hispanic (est.),9,185
house,3,surname,Hispanic (est.),10,366
house,3,surname,Hispanic (est.),11,367
house,3,surname,Hispanic (est.),12,300
house,3,surname,Hispanic (est.),13,303
house,3,surname,Hispanic (est.),14,300
house,3,surname,Hispanic (est.),15,324
house,3,surname,Hispanic (est.),18,5
house,3,surname,Hispanic (est.),19,8
house,3,surname,Hispanic (est.),20,2
house,3,surname,Hispanic (est.),21,11
house,3,surname,Hispanic (est.),22,1
house,3,surname,Hispanic (est.),25,6
house,3,surname,Hispanic (est.),26,14
house,3,surname,Hispanic (est.),28,13
house,3,surname,Hispanic (est.),29,3
house,3,surname,Hispanic (est.),32,3
house,3,surname,Hispanic (est.),33,4
house,3,surname,Hispanic (est.),34,13
house,3,surname,Hispanic (est.),35,5
house,30,surname,All others (est.),4,3061
house,30,surname,All others (est.),5,2399
house,30,surname,All others (est.),6,2129
house,30,surname,All others (est.),7,1637
house,30,surname,All others (est.),8,2131
house,30,surname,All others (est.),9,218
house,30,surname,All others (est.),10,689
house,30,surname,All others (est.),11,2982
house,30,surname,All others (est.),12,2598
house,30,surname,All others (est.),13,2626
house,30,surname,All others (est.),14,2728
house,30,surname,All others (est.),15,2947
house,30,surname,All others (est.),18,267
house,30,surname,All others (est.),19,33
house,30,surname,All others (est.),20,400
house,30,surname,All others (est.),21,238
house,30,surname,All others (est.),22,242
house,30,surname,All others (est.),25,58
house,30,surname,All others (est.),26,46
house,30,surname,All others (est.),27,6
house,30,surname,All others (est.),28,34
house,30,surname,All others (est.),32,16
house,30,surname,All others (est.),33,29
house,30,surname,All others (est.),34,33
house,30,surname,All others (est.),35,24
house,30,surname,All others (est.),36,7
house,30,surname,Asian (est.),4,81
house,30,surname,Asian (est.),5,56
house,30,surname,Asian (est.),6,53
house,30,surname,Asian (est.),7,37
house,30,surname,Asian (est.),8,48
house,30,surname,Asian (est.),9,3
house,30,surname,Asian (est.),10,18
house,30,surname,Asian (est.),11,60
house,30,surname,Asian (est.),12,49
house,30,surname,Asian (est.),13,46
house,30,surname,Asian (est.),14,55
house,30,surname,Asian (est.),15,60
house,30,surname,Asian (est.),18,6
house,30,surname,Asian (est.),19,1
house,30,surname,Asian (est.),20,10
house,30,surname,Asian (est.),21,9
house,30,surname,Asian (est.),22,4
house,30,surname,Asian (est.),25,1
house,30,surname,Asian (est.),26,1
house,30,surname,Asian (est.),34,1
house,30,surname,Hispanic (est.),4,735
house,30,surname,Hispanic (est.),5,555
house,30,surname,Hispanic (est.),6,456
house,30,surname,Hispanic (est.),7,331
house,30,surname,Hispanic (est.),8,414
house,30,surname,Hispanic (est.),9,62
house,30,surname,Hispanic (est.),10,240
house,30,surname,Hispanic (est.),11,571
house,30,surname,Hispanic (est.),12,458
house,30,surname,Hispanic (est.),13,462
house,30,surname,Hispanic (est.),14,451
house,30,surname,Hispanic (est.),15,502
house,30,surname,Hispanic (est.),18,48
house,30,surname,Hispanic (est.),19,7
house,30,surname,Hispanic (est.),20,69
house,30,surname,Hispanic (est.),21,76
house,30,surname,Hispanic (est.),22,42
house,30,surname,Hispanic (est.),25,6
house,30,surname,Hispanic (est.),26,4
house,30,surname,Hispanic (est.),28,1
house,30,surname,Hispanic (est.),32,1
house,30,surname,Hispanic (est.),33,1
house,30,surname,Hispanic (est.),34,3
house,30,surname,Hispanic (est.),35,2
house,31,surname,All others (est.),4,1500
house,31,surname,All others (est.),5,994
house,31,surname,All others (est.),6,798
house,31,surname,All others (est.),7,798
house,31,surname,All others (est.),8,860
house,31,surname,All others (est.),9,78
house,31,surname,All others (est.),10,871
house,31,surname,All others (est.),11,1803
house,31,surname,All others (est.),12,2334
house,31,surname,All others (est.),13,1145
house,31,surname,All others (est.),14,1171
house,31,surname,All others (est.),15,1389
house,31,surname,All others (est.),18,53
house,31,surname,All others (est.),19,52
house,31,surname,All others (est.),20,55
house,31,surname,All others (est.),21,24
house,31,surname,All others (est.),22,81
house,31,surname,All others (est.),25,58
house,31,surname,All others (est.),26,90
house,31,surname,All others (est.),27,26
house,31,surname,All others (est.),28,37
house,31,surname,All others (est.),29,13
house,31,surname,All others (est.),37,4
house,31,surname,Asian (est.),4,67
house,31,surname,Asian (est.),5,34
house,31,surname,Asian (est.),6,31
house,31,surname,Asian (est.),7,28
house,31,surname,Asian (est.),8,31
house,31,surname,Asian (est.),9,5
house,31,surname,Asian (est.),10,32
house,31,surname,Asian (est.),11,49
house,31,surname,Asian (est.),12,63
house,31,surname,Asian (est.),13,50
house,31,surname,Asian (est.),14,44
house,31,surname,Asian (est.),15,46
house,31,surname,Asian (est.),18,3
house,31,surname,Asian (est.),19,3
house,31,surname,Asian (est.),20,2
house,31,surname,Asian (est.),21,1
house,31,surname,Asian (est.),22,3
house,31,surname,Asian (est.),25,3
house,31,surname,Asian (est.),26,2
house,31,surname,Asian (est.),27,1
house,31,surname,Asian (est.),28,1
house,31,surname,Hispanic (est.),4,2537
house,31,surname,Hispanic (est.),5,1414
house,31,surname,Hispanic (est.),6,1132
house,31,surname,Hispanic (est.),7,991
house,31,surname,Hispanic (est.),8,1186
house,31,surname,Hispanic (est.),9,281
house,31,surname,Hispanic (est.),10,1200
house,31,surname,Hispanic (est.),11,1813
house,31,surname,Hispanic (est.),12,1698
house,31,surname,Hispanic (est.),13,1588
house,31,surname,Hispanic (est.),14,1705
house,31,surname,Hispanic (est.),15,1892
house,31,surname,Hispanic (est.),18,91
house,31,surname,Hispanic (est.),19,69
house,31,surname,Hispanic (est.),20,93
house,31,surname,Hispanic (est.),21,42
house,31,surname,Hispanic (est.),22,57
house,31,surname,Hispanic (est.),25,38
house,31,surname,Hispanic (est.),26,48
house,31,surname,Hispanic (est.),27,26
house,31,surname,Hispanic (est.),28,10
house,31,surname,Hispanic (est.),29,8
house,32,surname,All others (est.),4,3748
house,32,surname,All others (est.),5,2497
house,32,surname,All others (est.),6,2233
house,32,surname,All others (est.),7,1621
house,32,surname,All others (est.),8,2171
house,32,surname,All others (est.),9,97
house,32,surname,All others (est.),10,1542
house,32,surname,All others (est.),11,2675
house,32,surname,All others (est.),12,2496
house,32,surname,All others (est.),13,2807
house,32,surname,All others (est.),14,3135
house,32,surname,All others (est.),15,3520
house,32,surname,All others (est.),18,104
house,32,surname,All others (est.),19,121
house,32,surname,All others (est.),20,174
house,32,surname,All others (est.),21,163
house,32,surname,All others (est.),22,327
house,32,surname,All others (est.),25,125
house,32,surname,All others (est.),26,141
house,32,surname,All others (est.),27,32
house,32,surname,All others (est.),28,16
house,32,surname,All others (est.),32,21
house,32,surname,All others (est.),33,17
house,32,surname,All others (est.),34,22
house,32,surname,All others (est.),35,12
house,32,surname,All others (est.),37,1
house,32,surname,Asian (est.),4,138
house,32,surname,Asian (est.),5,90
house,32,surname,Asian (est.),6,88
house,32,surname,Asian (est.),7,55
house,32,surname,Asian (est.),8,66
house,32,surname,Asian (est.),9,5
house,32,surname,Asian (est.),10,56
house,32,surname,Asian (est.),11,80
house,32,surname,Asian (est.),12,75
house,32,surname,Asian (est.),13,83
house,32,surname,Asian (est.),14,94
house,32,surname,Asian (est.),15,96
house,32,surname,Asian (est.),18,4
house,32,surname,Asian (est.),19,4
house,32,surname,Asian (est.),20,6
house,32,surname,Asian (est.),21,3
house,32,surname,Asian (est.),22,9
house,32,surname,Asian (est.),25,2
house,32,surname,Asian (est.),26,3
house,32,surname,Hispanic (est.),4,1753
house,32,surname,Hispanic (est.),5,1051
house,32,surname,Hispanic (est.),6,862
house,32,surname,Hispanic (est.),7,627
house,32,surname,Hispanic (est.),8,700
house,32,surname,Hispanic (est.),9,70
house,32,surname,Hispanic (est.),10,770
house,32,surname,Hispanic (est.),11,1030
house,32,surname,Hispanic (est.),12,862
house,32,surname,Hispanic (est.),13,928
house,32,surname,Hispanic (est.),14,1111
house,32,surname,Hispanic (est.),15,1204
house,32,surname,Hispanic (est.),18,40
house,32,surname,Hispanic (est.),19,51
house,32,surname,Hispanic (est.),20,95
house,32,surname,Hispanic (est.),21,53
house,32,surname,Hispanic (est.),22,145
house,32,surname,Hispanic (est.),25,47
house,32,surname,Hispanic (est.),26,69
house,32,surname,Hispanic (est.),27,4
house,32,surname,Hispanic (est.),32,2
house,32,surname,Hispanic (est.),33,1
house,32,surname,Hispanic (est.),34,1
house,32,surname,Hispanic (est.),35,2
house,33,surname,All others (est.),4,5099
house,33,surname,All others (est.),5,3988
house,33,surname,All others (est.),6,3286
house,33,surname,All others (est.),7,3278
house,33,surname,All others (est.),8,3351
house,33,surname,All others (est.),9,1066
house,33,surname,All others (est.),10,3424
house,33,surname,All others (est.),11,2993
house,33,surname,All others (est.),12,3359
house,33,surname,All others (est.),13,3918
house,33,surname,All others (est.),14,4011
house,33,surname,All others (est.),15,3412
house,33,surname,All others (est.),17,1
house,33,surname,All others (est.),18,67
house,33,surname,All others (est.),19,75
house,33,surname,All others (est.),20,71
house,33,surname,All others (est.),21,63
house,33,surname,All others (est.),22,156
house,33,surname,All others (est.),24,3
house,33,surname,All others (est.),25,228
house,33,surname,All others (est.),26,38
house,33,surname,All others (est.),27,54
house,33,surname,All others (est.),28,5
house,33,surname,All others (est.),29,115
house,33,surname,All others (est.),31,1
house,33,surname,All others (est.),32,10
house,33,surname,All others (est.),33,10
house,33,surname,All others (est.),34,5
house,33,surname,All others (est.),36,1
house,33,surname,All others (est.),37,1
house,33,surname,Asian (est.),4,346
house,33,surname,Asian (est.),5,229
house,33,surname,Asian (est.),6,190
house,33,surname,Asian (est.),7,184
house,33,surname,Asian (est.),8,185
house,33,surname,Asian (est.),9,84
house,33,surname,Asian (est.),10,233
house,33,surname,Asian (est.),11,135
house,33,surname,Asian (est.),12,164
house,33,surname,Asian (est.),13,164
house,33,surname,Asian (est.),14,144
house,33,surname,Asian (est.),15,135
house,33,surname,Asian (est.),18,4
house,33,surname,Asian (est.),19,6
house,33,surname,Asian (est.),20,4
house,33,surname,Asian (est.),21,3
house,33,surname,Asian (est.),22,3
house,33,surname,Asian (est.),25,4
house,33,surname,Asian (est.),26,1
house,33,surname,Asian (est.),27,2
house,33,surname,Asian (est.),28,1
house,33,surname,Asian (est.),29,2
house,33,surname,Hispanic (est.),4,700
house,33,surname,Hispanic (est.),5,487
house,33,surname,Hispanic (est.),6,376
house,33,surname,Hispanic (est.),7,346
house,33,surname,Hispanic (est.),8,354
house,33,surname,Hispanic (est.),9,124
house,33,surname,Hispanic (est.),10,404
house,33,surname,Hispanic (est.),11,356
house,33,surname,Hispanic (est.),12,337
house,33,surname,Hispanic (est.),13,341
house,33,surname,Hispanic (est.),14,372
house,33,surname,Hispanic (est.),15,316
house,33,surname,Hispanic (est.),18,4
house,33,surname,Hispanic (est.),19,7
house,33,surname,Hispanic (est.),20,6
house,33,surname,Hispanic (est.),21,6
house,33,surname,Hispanic (est.),22,9
house,33,surname,Hispanic (est.),25,11
house,33,surname,Hispanic (est.),26,1
house,33,surname,Hispanic (est.),27,4
house,33,surname,Hispanic (est.),29,6
house,33,surname,Hispanic (est.),32,1
house,33,surname,Hispanic (est.),33,2
house,34,surname,All others (est.),4,1645
house,34,surname,All others (est.),5,965
house,34,surname,All others (est.),6,884
house,34,surname,All others (est.),7,610
house,34,surname,All others (est.),8,848
house,34,surname,All others (est.),9,58
house,34,surname,All others (est.),10,607
house,34,surname,All others (est.),11,1050
house,34,surname,All others (est.),12,888
house,34,surname,All others (est.),13,1017
house,34,surname,All others (est.),14,1231
house,34,surname,All others (est.),15,1386
house,34,surname,All others (est.),18,52
house,34,surname,All others (est.),19,76
house,34,surname,All others (est.),20,83
house,34,surname,All others (est.),21,99
house,34,surname,All others (est.),22,192
house,34,surname,All others (est.),25,58
house,34,surname,All others (est.),26,104
house,34,surname,All others (est.),27,1
house,34,surname,All others (est.),33,1
house,34,surname,Asian (est.),4,70
house,34,surname,Asian (est.),5,40
house,34,surname,Asian (est.),6,29
house,34,surname,Asian (est.),7,26
house,34,surname,Asian (est.),8,28
house,34,surname,Asian (est.),9,3
house,34,surname,Asian (est.),10,27
house,34,surname,Asian (est.),11,38
house,34,surname,Asian (est.),12,28
house,34,surname,Asian (est.),13,31
house,34,surname,Asian (est.),14,43
house,34,surname,Asian (est.),15,47
house,34,surname,Asian (est.),18,3
house,34,surname,Asian (est.),19,3
house,34,surname,Asian (est.),20,4
house,34,surname,Asian (est.),21,3
house,34,surname,Asian (est.),22,9
house,34,surname,Asian (est.),25,3
house,34,surname,Asian (est.),26,4
house,34,surname,Hispanic (est.),4,2207
house,34,surname,Hispanic (est.),5,1217
house,34,surname,Hispanic (est.),6,1013
house,34,surname,Hispanic (est.),7,741
house,34,surname,Hispanic (est.),8,862
house,34,surname,Hispanic (est.),9,70
house,34,surname,Hispanic (est.),10,879
house,34,surname,Hispanic (est.),11,1163
house,34,surname,Hispanic (est.),12,922
house,34,surname,Hispanic (est.),13,1082
house,34,surname,Hispanic (est.),14,1325
house,34,surname,Hispanic (est.),15,1451
house,34,surname,Hispanic (est.),18,68
house,34,surname,Hispanic (est.),19,89
house,34,surname,Hispanic (est.),20,130
house,34,surname,Hispanic (est.),21,123
house,34,surname,Hispanic (est.),22,321
house,34,surname,Hispanic (est.),25,90
house,34,surname,Hispanic (est.),26,142
house,34,surname,Hispanic (est.),27,2
house,34,surname,Hispanic (est.),28,1
house,34,surname,Hispanic (est.),33,1
house,35,surname,All others (est.),4,460
house,35,surname,All others (est.),5,259
house,35,surname,All others (est.),6,233
house,35,surname,All others (est.),7,211
house,35,surname,All others (est.),8,225
house,35,surname,All others (est.),9,67
house,35,surname,All others (est.),10,185
house,35,surname,All others (est.),11,293
house,35,surname,All others (est.),12,252
house,35,surname,All others (est.),13,308
house,35,surname,All others (est.),14,423
house,35,surname,All others (est.),15,468
house,35,surname,All others (est.),18,5
house,35,surname,All others (est.),19,5
house,35,surname,All others (est.),20,27
house,35,surname,All others (est.),21,18
house,35,surname,All others (est.),22,22
house,35,surname,All others (est.),25,21
house,35,surname,All others (est.),26,12
house,35,surname,All others (est.),27,9
house,35,surname,Asian (est.),4,51
house,35,surname,Asian (est.),5,23
house,35,surname,Asian (est.),6,16
house,35,surname,Asian (est.),7,18
house,35,surname,Asian (est.),8,17
house,35,surname,Asian (est.),9,8
house,35,surname,Asian (est.),10,21
house,35,surname,Asian (est.),11,24
house,35,surname,Asian (est.),12,24
house,35,surname,Asian (est.),13,27
house,35,surname,Asian (est.),14,33
house,35,surname,Asian (est.),15,36
house,35,surname,Asian (est.),19,1
house,35,surname,Asian (est.),20,1
house,35,surname,Asian (est.),21,2
house,35,surname,Asian (est.),22,1
house,35,surname,Asian (est.),25,1
house,35,surname,Asian (est.),26,1
house,35,surname,Asian (est.),27,1
house,35,surname,Hispanic (est.),4,2220
house,35,surname,Hispanic (est.),5,1165
house,35,surname,Hispanic (est.),6,923
house,35,surname,Hispanic (est.),7,901
house,35,surname,Hispanic (est.),8,839
house,35,surname,Hispanic (est.),9,457
house,35,surname,Hispanic (est.),10,1087
house,35,surname,Hispanic (est.),11,1147
house,35,surname,Hispanic (est.),12,1089
house,35,surname,Hispanic (est.),13,1149
house,35,surname,Hispanic (est.),14,1438
house,35,surname,Hispanic (est.),15,1770
house,35,surname,Hispanic (est.),18,8
house,35,surname,Hispanic (est.),19,23
house,35,surname,Hispanic (est.),20,48
house,35,surname,Hispanic (est.),21,50
house,35,surname,Hispanic (est.),22,33
house,35,surname,Hispanic (est.),25,42
house,35,surname,Hispanic (est.),26,27
house,35,surname,Hispanic (est.),27,42
house,35,surname,Hispanic (est.),29,1
house,36,surname,All others (est.),4,530
house,36,surname,All others (est.),5,335
house,36,surname,All others (est.),6,291
house,36,surname,All others (est.),7,291
house,36,surname,All others (est.),8,266
house,36,surname,All others (est.),9,71
house,36,surname,All others (est.),10,212
house,36,surname,All others (est.),11,330
house,36,surname,All others (est.),12,353
house,36,surname,All others (est.),13,388
house,36,surname,All others (est.),14,501
house,36,surname,All others (est.),15,539
house,36,surname,All others (est.),18,13
house,36,surname,All others (est.),20,15
house,36,surname,All others (est.),21,30
house,36,surname,All others (est.),22,9
house,36,surname,All others (est.),25,40
house,36,surname,All others (est.),27,27
house,36,surname,Asian (est.),4,65
house,36,surname,Asian (est.),5,29
house,36,surname,Asian (est.),6,26
house,36,surname,Asian (est.),7,23
house,36,surname,Asian (est.),8,24
house,36,surname,Asian (est.),9,12
house,36,surname,Asian (est.),10,22
house,36,surname,Asian (est.),11,35
house,36,surname,Asian (est.),12,36
house,36,surname,Asian (est.),13,26
house,36,surname,Asian (est.),14,34
house,36,surname,Asian (est.),15,39
house,36,surname,Asian (est.),20,1
house,36,surname,Asian (est.),21,1
house,36,surname,Asian (est.),25,2
house,36,surname,Asian (est.),27,2
house,36,surname,Hispanic (est.),4,2679
house,36,surname,Hispanic (est.),5,1395
house,36,surname,Hispanic (est.),6,1218
house,36,surname,Hispanic (est.),7,994
house,36,surname,Hispanic (est.),8,933
house,36,surname,Hispanic (est.),9,424
house,36,surname,Hispanic (est.),10,1068
house,36,surname,Hispanic (est.),11,1202
house,36,surname,Hispanic (est.),12,1046
house,36,surname,Hispanic (est.),13,1221
house,36,surname,Hispanic (est.),14,1385
house,36,surname,Hispanic (est.),15,1589
house,36,surname,Hispanic (est.),18,19
house,36,surname,Hispanic (est.),20,49
house,36,surname,Hispanic (est.),21,68
house,36,surname,Hispanic (est.),22,16
house,36,surname,Hispanic (est.),25,111
house,36,surname,Hispanic (est.),26,1
house,36,surname,Hispanic (est.),27,68
house,37,surname,All others (est.),4,1172
house,37,surname,All others (est.),5,840
house,37,surname,All others (est.),6,801
house,37,surname,All others (est.),7,703
house,37,surname,All others (est.),8,785
house,37,surname,All others (est.),9,137
house,37,surname,All others (est.),10,456
house,37,surname,All others (est.),11,978
house,37,surname,All others (est.),12,941
house,37,surname,All others (est.),13,1199
house,37,surname,All others (est.),14,1455
house,37,surname,All others (est.),15,1850
house,37,surname,All others (est.),18,38
house,37,surname,All others (est.),19,38
house,37,surname,All others (est.),20,99
house,37,surname,All others (est.),21,31
house,37,surname,All others (est.),22,131
house,37,surname,All others (est.),25,34
house,37,surname,All others (est.),26,65
house,37,surname,All others (est.),27,1
house,37,surname,All others (est.),28,2
house,37,surname,All others (est.),32,1
house,37,surname,All others (est.),33,2
house,37,surname,All others (est.),37,1
house,37,surname,Asian (est.),4,79
house,37,surname,Asian (est.),5,48
house,37,surname,Asian (est.),6,40
house,37,surname,Asian (est.),7,40
house,37,surname,Asian (est.),8,35
house,37,surname,Asian (est.),9,6
house,37,surname,Asian (est.),10,32
house,37,surname,Asian (est.),11,44
house,37,surname,Asian (est.),12,42
house,37,surname,Asian (est.),13,45
house,37,surname,Asian (est.),14,60
house,37,surname,Asian (est.),15,81
house,37,surname,Asian (est.),18,1
house,37,surname,Asian (est.),19,1
house,37,surname,Asian (est.),20,6
house,37,surname,Asian (est.),21,1
house,37,surname,Asian (est.),22,4
house,37,surname,Asian (est.),25,1
house,37,surname,Asian (est.),26,3
house,37,surname,Hispanic (est.),4,2480
house,37,surname,Hispanic (est.),5,1438
house,37,surname,Hispanic (est.),6,1141
house,37,surname,Hispanic (est.),7,947
house,37,surname,Hispanic (est.),8,964
house,37,surname,Hispanic (est.),9,273
house,37,surname,Hispanic (est.),10,879
house,37,surname,Hispanic (est.),11,1373
house,37,surname,Hispanic (est.),12,1250
house,37,surname,Hispanic (est.),13,1529
house,37,surname,Hispanic (est.),14,1662
house,37,surname,Hispanic (est.),15,2191
house,37,surname,Hispanic (est.),18,31
house,37,surname,Hispanic (est.),19,42
house,37,surname,Hispanic (est.),20,89
house,37,surname,Hispanic (est.),21,32
house,37,surname,Hispanic (est.),22,96
house,37,surname,Hispanic (est.),25,22
house,37,surname,Hispanic (est.),26,71
house,37,surname,Hispanic (est.),27,5
house,37,surname,Hispanic (est.),28,1
house,38,surname,All others (est.),4,592
house,38,surname,All others (est.),5,330
house,38,surname,All others (est.),6,301
house,38,surname,All others (est.),7,256
house,38,surname,All others (est.),8,267
house,38,surname,All others (est.),9,100
house,38,surname,All others (est.),10,257
house,38,surname,All others (est.),11,388
house,38,surname,All others (est.),12,330
house,38,surname,All others (est.),13,421
house,38,surname,All others (est.),14,541
house,38,surname,All others (est.),15,612
house,38,surname,All others (est.),18,6
house,38,surname,All others (est.),19,19
house,38,surname,All others (est.),20,45
house,38,surname,All others (est.),21,7
house,38,surname,All others (est.),22,58
house,38,surname,All others (est.),25,3
house,38,surname,All others (est.),26,25
house,38,surname,All others (est.),27,1
house,38,surname,All others (est.),28,1
house,38,surname,Asian (est.),4,76
house,38,surname,Asian (est.),5,31
house,38,surname,Asian (est.),6,27
house,38,surname,Asian (est.),7,24
house,38,surname,Asian (est.),8,32
house,38,surname,Asian (est.),9,10
house,38,surname,Asian (est.),10,25
house,38,surname,Asian (est.),11,33
house,38,surname,Asian (est.),12,33
house,38,surname,Asian (est.),13,43
house,38,surname,Asian (est.),14,41
house,38,surname,Asian (est.),15,49
house,38,surname,Asian (est.),19,1
house,38,surname,Asian (est.),20,3
house,38,surname,Asian (est.),22,2
house,38,surname,Asian (est.),26,1
house,38,surname,Hispanic (est.),4,2415
house,38,surname,Hispanic (est.),5,1263
house,38,surname,Hispanic (est.),6,1103
house,38,surname,Hispanic (est.),7,949
house,38,surname,Hispanic (est.),8,864
house,38,surname,Hispanic (est.),9,339
house,38,surname,Hispanic (est.),10,878
house,38,surname,Hispanic (est.),11,1293
house,38,surname,Hispanic (est.),12,1209
house,38,surname,Hispanic (est.),13,1368
house,38,surname,Hispanic (est.),14,1558
house,38,surname,Hispanic (est.),15,1737
house,38,surname,Hispanic (est.),18,15
house,38,surname,Hispanic (est.),19,31
house,38,surname,Hispanic (est.),20,85
house,38,surname,Hispanic (est.),21,8
house,38,surname,Hispanic (est.),22,85
house,38,surname,Hispanic (est.),25,10
house,38,surname,Hispanic (est.),26,49
house,38,surname,Hispanic (est.),36,2
house,39,surname,All others (est.),4,597
house,39,surname,All others (est.),5,400
house,39,surname,All others (est.),6,379
house,39,surname,All others (est.),7,340
house,39,surname,All others (est.),8,373
house,39,surname,All others (est.),9,97
house,39,surname,All others (est.),10,272
house,39,surname,All others (est.),11,446
house,39,surname,All others (est.),12,467
house,39,surname,All others (est.),13,501
house,39,surname,All others (est.),14,623
house,39,surname,All others (est.),15,712
house,39,surname,All others (est.),18,22
house,39,surname,All others (est.),20,44
house,39,surname,All others (est.),21,41
house,39,surname,All others (est.),22,24
house,39,surname,All others (est.),25,35
house,39,surname,All others (est.),27,46
house,39,surname,Asian (est.),4,57
house,39,surname,Asian (est.),5,33
house,39,surname,Asian (est.),6,28
house,39,surname,Asian (est.),7,23
house,39,surname,Asian (est.),8,31
house,39,surname,Asian (est.),9,9
house,39,surname,Asian (est.),10,21
house,39,surname,Asian (est.),11,29
house,39,surname,Asian (est.),12,27
house,39,surname,Asian (est.),13,31
house,39,surname,Asian (est.),14,33
house,39,surname,Asian (est.),15,45
house,39,surname,Asian (est.),18,2
house,39,surname,Asian (est.),20,2
house,39,surname,Asian (est.),21,2
house,39,surname,Asian (est.),22,1
house,39,surname,Asian (est.),25,2
house,39,surname,Asian (est.),27,2
house,39,surname,Hispanic (est.),4,2686
house,39,surname,Hispanic (est.),5,1493
house,39,surname,Hispanic (est.),6,1239
house,39,surname,Hispanic (est.),7,1026
house,39,surname,Hispanic (est.),8,1095
house,39,surname,Hispanic (est.),9,481
house,39,surname,Hispanic (est.),10,1157
house,39,surname,Hispanic (est.),11,1404
house,39,surname,Hispanic (est.),12,1206
house,39,surname,Hispanic (est.),13,1408
house,39,surname,Hispanic (est.),14,1556
house,39,surname,Hispanic (est.),15,1804
house,39,surname,Hispanic (est.),18,52
house,39,surname,Hispanic (est.),20,58
house,39,surname,Hispanic (est.),21,68
house,39,surname,Hispanic (est.),22,32
house,39,surname,Hispanic (est.),25,47
house,39,surname,Hispanic (est.),26,2
house,39,surname,Hispanic (est.),27,111
house,4,surname,All others (est.),4,3753
house,4,surname,All others (est.),5,2895
house,4,surname,All others (est.),6,2603
house,4,surname,All others (est.),7,2586
house,4,surname,All others (est.),8,2823
house,4,surname,All others (est.),9,729
house,4,surname,All others (est.),10,2041
house,4,surname,All others (est.),11,2293
house,4,surname,All others (est.),12,2782
house,4,surname,All others (est.),13,3018
house,4,surname,All others (est.),14,3338
house,4,surname,All others (est.),15,3120
house,4,surname,All others (est.),17,28
house,4,surname,All others (est.),18,28
house,4,surname,All others (est.),19,65
house,4,surname,All others (est.),20,55
house,4,surname,All others (est.),21,9
house,4,surname,All others (est.),22,75
house,4,surname,All others (est.),24,29
house,4,surname,All others (est.),25,214
house,4,surname,All others (est.),26,52
house,4,surname,All others (est.),28,38
house,4,surname,All others (est.),29,41
house,4,surname,All others (est.),32,5
house,4,surname,All others (est.),33,19
house,4,surname,All others (est.),34,1
house,4,surname,Asian (est.),4,72
house,4,surname,Asian (est.),5,47
house,4,surname,Asian (est.),6,41
house,4,surname,Asian (est.),7,41
house,4,surname,Asian (est.),8,36
house,4,surname,Asian (est.),9,11
house,4,surname,Asian (est.),10,43
house,4,surname,Asian (est.),11,40
house,4,surname,Asian (est.),12,46
house,4,surname,Asian (est.),13,49
house,4,surname,Asian (est.),14,48
house,4,surname,Asian (est.),15,53
house,4,surname,Asian (est.),19,1
house,4,surname,Asian (est.),22,1
house,4,surname,Asian (est.),25,3
house,4,surname,Asian (est.),26,1
house,4,surname,Asian (est.),28,1
house,4,surname,Hispanic (est.),4,497
house,4,surname,Hispanic (est.),5,352
house,4,surname,Hispanic (est.),6,266
house,4,surname,Hispanic (est.),7,247
house,4,surname,Hispanic (est.),8,265
house,4,surname,Hispanic (est.),9,107
house,4,surname,Hispanic (est.),10,262
house,4,surname,Hispanic (est.),11,253
house,4,surname,Hispanic (est.),12,244
house,4,surname,Hispanic (est.),13,249
house,4,surname,Hispanic (est.),14,283
house,4,surname,Hispanic (est.),15,293
house,4,surname,Hispanic (est.),17,3
house,4,surname,Hispanic (est.),18,3
house,4,surname,Hispanic (est.),19,4
house,4,surname,Hispanic (est.),20,1
house,4,surname,Hispanic (est.),22,7
house,4,surname,Hispanic (est.),24,2
house,4,surname,Hispanic (est.),25,19
house,4,surname,Hispanic (est.),26,2
house,4,surname,Hispanic (est.),28,1
house,4,surname,Hispanic (est.),29,1
house,4,surname,Hispanic (est.),33,1
house,40,surname,All others (est.),4,561
house,40,surname,All others (est.),5,356
house,40,surname,All others (est.),6,302
house,40,surname,All others (est.),7,239
house,40,surname,All others (est.),8,263
house,40,surname,All others (est.),9,99
house,40,surname,All others (est.),10,218
house,40,surname,All others (est.),11,327
house,40,surname,All others (est.),12,321
house,40,surname,All others (est.),13,356
house,40,surname,All others (est.),14,392
house,40,surname,All others (est.),15,462
house,40,surname,All others (est.),18,5
house,40,surname,All others (est.),20,21
house,40,surname,All others (est.),21,15
house,40,surname,All others (est.),22,7
house,40,surname,All others (est.),25,10
house,40,surname,All others (est.),27,27
house,40,surname,Asian (est.),4,61
house,40,surname,Asian (est.),5,46
house,40,surname,Asian (est.),6,29
house,40,surname,Asian (est.),7,28
house,40,surname,Asian (est.),8,27
house,40,surname,Asian (est.),9,10
house,40,surname,Asian (est.),10,26
house,40,surname,Asian (est.),11,36
house,40,surname,Asian (est.),12,30
house,40,surname,Asian (est.),13,35
house,40,surname,Asian (est.),14,38
house,40,surname,Asian (est.),15,44
house,40,surname,Asian (est.),20,1
house,40,surname,Asian (est.),21,1
house,40,surname,Asian (est.),22,1
house,40,surname,Asian (est.),25,1
house,40,surname,Asian (est.),27,2
house,40,surname,Hispanic (est.),4,2572
house,40,surname,Hispanic (est.),5,1532
house,40,surname,Hispanic (est.),6,1248
house,40,surname,Hispanic (est.),7,1147
house,40,surname,Hispanic (est.),8,1095
house,40,surname,Hispanic (est.),9,474
house,40,surname,Hispanic (est.),10,1151
house,40,surname,Hispanic (est.),11,1419
house,40,surname,Hispanic (est.),12,1215
house,40,surname,Hispanic (est.),13,1354
house,40,surname,Hispanic (est.),14,1599
house,40,surname,Hispanic (est.),15,1720
house,40,surname,Hispanic (est.),18,17
house,40,surname,Hispanic (est.),20,83
house,40,surname,Hispanic (est.),21,44
house,40,surname,Hispanic (est.),22,39
house,40,surname,Hispanic (est.),25,47
house,40,surname,Hispanic (est.),27,97
house,41,surname,All others (est.),4,1147
house,41,surname,All others (est.),5,716
house,41,surname,All others (est.),6,673
house,41,surname,All others (est.),7,636
house,41,surname,All others (est.),8,642
house,41,surname,All others (est.),9,139
house,41,surname,All others (est.),10,496
house,41,surname,All others (est.),11,735
house,41,surname,All others (est.),12,801
house,41,surname,All others (est.),13,880
house,41,surname,All others (est.),14,1096
house,41,surname,All others (est.),15,1117
house,41,surname,All others (est.),18,22
house,41,surname,All others (est.),20,27
house,41,surname,All others (est.),21,60
house,41,surname,All others (est.),22,16
house,41,surname,All others (est.),25,55
house,41,surname,All others (est.),27,60
house,41,surname,Asian (est.),4,102
house,41,surname,Asian (est.),5,63
house,41,surname,Asian (est.),6,57
house,41,surname,Asian (est.),7,55
house,41,surname,Asian (est.),8,47
house,41,surname,Asian (est.),9,18
house,41,surname,Asian (est.),10,51
house,41,surname,Asian (est.),11,61
house,41,surname,Asian (est.),12,54
house,41,surname,Asian (est.),13,54
house,41,surname,Asian (est.),14,79
house,41,surname,Asian (est.),15,70
house,41,surname,Asian (est.),18,1
house,41,surname,Asian (est.),20,2
house,41,surname,Asian (est.),21,4
house,41,surname,Asian (est.),25,3
house,41,surname,Asian (est.),27,3
house,41,surname,Hispanic (est.),4,3061
house,41,surname,Hispanic (est.),5,1690
house,41,surname,Hispanic (est.),6,1440
house,41,surname,Hispanic (est.),7,1285
house,41,surname,Hispanic (est.),8,1308
house,41,surname,Hispanic (est.),9,475
house,41,surname,Hispanic (est.),10,1289
house,41,surname,Hispanic (est.),11,1631
house,41,surname,Hispanic (est.),12,1516
house,41,surname,Hispanic (est.),13,1629
house,41,surname,Hispanic (est.),14,1877
house,41,surname,Hispanic (est.),15,2020
house,41,surname,Hispanic (est.),18,34
house,41,surname,Hispanic (est.),20,59
house,41,surname,Hispanic (est.),21,73
house,41,surname,Hispanic (est.),22,22
house,41,surname,Hispanic (est.),25,69
house,41,surname,Hispanic (est.),27,90
house,42,surname,All others (est.),4,613
house,42,surname,All others (est.),5,376
house,42,surname,All others (est.),6,361
house,42,surname,All others (est.),7,270
house,42,surname,All others (est.),8,259
house,42,surname,All others (est.),9,127
house,42,surname,All others (est.),10,281
house,42,surname,All others (est.),11,297
house,42,surname,All others (est.),12,299
house,42,surname,All others (est.),13,304
house,42,surname,All others (est.),14,375
house,42,surname,All others (est.),15,445
house,42,surname,All others (est.),19,54
house,42,surname,All others (est.),20,14
house,42,surname,Asian (est.),4,86
house,42,surname,Asian (est.),5,47
house,42,surname,Asian (est.),6,43
house,42,surname,Asian (est.),7,33
house,42,surname,Asian (est.),8,39
house,42,surname,Asian (est.),9,18
house,42,surname,Asian (est.),10,41
house,42,surname,Asian (est.),11,39
house,42,surname,Asian (est.),12,41
house,42,surname,Asian (est.),13,44
house,42,surname,Asian (est.),14,44
house,42,surname,Asian (est.),15,48
house,42,surname,Asian (est.),19,4
house,42,surname,Hispanic (est.),4,3115
house,42,surname,Hispanic (est.),5,1879
house,42,surname,Hispanic (est.),6,1603
house,42,surname,Hispanic (est.),7,1264
house,42,surname,Hispanic (est.),8,1153
house,42,surname,Hispanic (est.),9,608
house,42,surname,Hispanic (est.),10,1556
house,42,surname,Hispanic (est.),11,1346
house,42,surname,Hispanic (est.),12,1307
house,42,surname,Hispanic (est.),13,1499
house,42,surname,Hispanic (est.),14,1589
house,42,surname,Hispanic (est.),15,1807
house,42,surname,Hispanic (est.),19,195
house,42,surname,Hispanic (est.),20,4
house,43,surname,All others (est.),4,1752
house,43,surname,All others (est.),5,1084
house,43,surname,All others (est.),6,1437
house,43,surname,All others (est.),7,1202
house,43,surname,All others (est.),8,1039
house,43,surname,All others (est.),9,14
house,43,surname,All others (est.),10,1184
house,43,surname,All others (est.),11,1315
house,43,surname,All others (est.),12,1336
house,43,surname,All others (est.),13,1954
house,43,surname,All others (est.),14,2599
house,43,surname,All others (est.),15,2105
house,43,surname,All others (est.),16,1
house,43,surname,All others (est.),18,24
house,43,surname,All others (est.),19,29
house,43,surname,All others (est.),20,44
house,43,surname,All others (est.),21,40
house,43,surname,All others (est.),22,9
house,43,surname,All others (est.),24,1
house,43,surname,All others (est.),25,47
house,43,surname,All others (est.),26,73
house,43,surname,All others (est.),27,13
house,43,surname,All others (est.),28,80
house,43,surname,All others (est.),29,15
house,43,surname,All others (est.),32,41
house,43,surname,All others (est.),33,40
house,43,surname,All others (est.),34,48
house,43,surname,All others (est.),35,3
house,43,surname,All others (est.),36,59
house,43,surname,Asian (est.),4,62
house,43,surname,Asian (est.),5,34
house,43,surname,Asian (est.),6,39
house,43,surname,Asian (est.),7,31
house,43,surname,Asian (est.),8,34
house,43,surname,Asian (est.),9,1
house,43,surname,Asian (est.),10,39
house,43,surname,Asian (est.),11,45
house,43,surname,Asian (est.),12,36
house,43,surname,Asian (est.),13,44
house,43,surname,Asian (est.),14,64
house,43,surname,Asian (est.),15,59
house,43,surname,Asian (est.),16,1
house,43,surname,Asian (est.),18,1
house,43,surname,Asian (est.),19,1
house,43,surname,Asian (est.),20,2
house,43,surname,Asian (est.),21,1
house,43,surname,Asian (est.),25,1
house,43,surname,Asian (est.),26,3
house,43,surname,Asian (est.),28,2
house,43,surname,Asian (est.),32,1
house,43,surname,Asian (est.),33,2
house,43,surname,Asian (est.),34,2
house,43,surname,Asian (est.),35,2
house,43,surname,Asian (est.),36,1
house,43,surname,Hispanic (est.),4,1462
house,43,surname,Hispanic (est.),5,796
house,43,surname,Hispanic (est.),6,916
house,43,surname,Hispanic (est.),7,685
house,43,surname,Hispanic (est.),8,620
house,43,surname,Hispanic (est.),9,26
house,43,surname,Hispanic (est.),10,1098
house,43,surname,Hispanic (est.),11,1022
house,43,surname,Hispanic (est.),12,871
house,43,surname,Hispanic (est.),13,1145
house,43,surname,Hispanic (est.),14,1374
house,43,surname,Hispanic (est.),15,1427
house,43,surname,Hispanic (est.),18,42
house,43,surname,Hispanic (est.),19,17
house,43,surname,Hispanic (est.),20,40
house,43,surname,Hispanic (est.),21,36
house,43,surname,Hispanic (est.),22,9
house,43,surname,Hispanic (est.),24,7
house,43,surname,Hispanic (est.),25,34
house,43,surname,Hispanic (est.),26,77
house,43,surname,Hispanic (est.),27,5
house,43,surname,Hispanic (est.),28,71
house,43,surname,Hispanic (est.),29,15
house,43,surname,Hispanic (est.),32,43
house,43,surname,Hispanic (est.),33,38
house,43,surname,Hispanic (est.),34,64
house,43,surname,Hispanic (est.),35,4
house,43,surname,Hispanic (est.),36,69
house,43,surname,Hispanic (est.),37,3
house,44,surname,All others (est.),4,3996
house,44,surname,All others (est.),5,2977
house,44,surname,All others (est.),6,2700
house,44,surname,All others (est.),7,2495
house,44,surname,All others (est.),8,2742
house,44,surname,All others (est.),9,901
house,44,surname,All others (est.),10,2235
house,44,surname,All others (est.),11,3083
house,44,surname,All others (est.),12,2905
house,44,surname,All others (est.),13,2825
house,44,surname,All others (est.),14,2810
house,44,surname,All others (est.),15,3038
house,44,surname,All others (est.),18,70
house,44,surname,All others (est.),19,89
house,44,surname,All others (est.),20,89
house,44,surname,All others (est.),21,14
house,44,surname,All others (est.),22,126
house,44,surname,All others (est.),25,76
house,44,surname,All others (est.),26,133
house,44,surname,All others (est.),27,10
house,44,surname,All others (est.),28,212
house,44,surname,All others (est.),33,59
house,44,surname,All others (est.),34,68
house,44,surname,All others (est.),35,30
house,44,surname,All others (est.),36,114
house,44,surname,All others (est.),37,159
house,44,surname,Asian (est.),4,103
house,44,surname,Asian (est.),5,78
house,44,surname,Asian (est.),6,66
house,44,surname,Asian (est.),7,56
house,44,surname,Asian (est.),8,61
house,44,surname,Asian (est.),9,18
house,44,surname,Asian (est.),10,60
house,44,surname,Asian (est.),11,66
house,44,surname,Asian (est.),12,61
house,44,surname,Asian (est.),13,58
house,44,surname,Asian (est.),14,59
house,44,surname,Asian (est.),15,65
house,44,surname,Asian (est.),18,2
house,44,surname,Asian (est.),19,2
house,44,surname,Asian (est.),20,3
house,44,surname,Asian (est.),22,2
house,44,surname,Asian (est.),25,3
house,44,surname,Asian (est.),26,2
house,44,surname,Asian (est.),27,1
house,44,surname,Asian (est.),28,4
house,44,surname,Asian (est.),33,2
house,44,surname,Asian (est.),34,2
house,44,surname,Asian (est.),35,1
house,44,surname,Asian (est.),36,3
house,44,surname,Asian (est.),37,4
house,44,surname,Hispanic (est.),4,1220
house,44,surname,Hispanic (est.),5,797
house,44,surname,Hispanic (est.),6,677
house,44,surname,Hispanic (est.),7,579
house,44,surname,Hispanic (est.),8,562
house,44,surname,Hispanic (est.),9,229
house,44,surname,Hispanic (est.),10,564
house,44,surname,Hispanic (est.),11,688
house,44,surname,Hispanic (est.),12,554
house,44,surname,Hispanic (est.),13,556
house,44,surname,Hispanic (est.),14,542
house,44,surname,Hispanic (est.),15,672
house,44,surname,Hispanic (est.),18,20
house,44,surname,Hispanic (est.),19,17
house,44,surname,Hispanic (est.),20,18
house,44,surname,Hispanic (est.),21,1
house,44,surname,Hispanic (est.),22,22
house,44,surname,Hispanic (est.),25,13
house,44,surname,Hispanic (est.),26,28
house,44,surname,Hispanic (est.),27,3
house,44,surname,Hispanic (est.),28,42
house,44,surname,Hispanic (est.),33,18
house,44,surname,Hispanic (est.),34,17
house,44,surname,Hispanic (est.),35,5
house,44,surname,Hispanic (est.),36,23
house,44,surname,Hispanic (est.),37,35
house,45,surname,All others (est.),4,5249
house,45,surname,All others (est.),5,3418
house,45,surname,All others (est.),6,2648
house,45,surname,All others (est.),7,2350
house,45,surname,All others (est.),8,2539
house,45,surname,All others (est.),9,1006
house,45,surname,All others (est.),10,2062
house,45,surname,All others (est.),11,3215
house,45,surname,All others (est.),12,2555
house,45,surname,All others (est.),13,2982
house,45,surname,All others (est.),14,3277
house,45,surname,All others (est.),15,3254
house,45,surname,All others (est.),17,251
house,45,surname,All others (est.),20,134
house,45,surname,All others (est.),21,209
house,45,surname,All others (est.),25,69
house,45,surname,All others (est.),26,257
house,45,surname,All others (est.),27,76
house,45,surname,All others (est.),32,264
house,45,surname,Asian (est.),4,191
house,45,surname,Asian (est.),5,118
house,45,surname,Asian (est.),6,89
house,45,surname,Asian (est.),7,71
house,45,surname,Asian (est.),8,83
house,45,surname,Asian (est.),9,41
house,45,surname,Asian (est.),10,69
house,45,surname,Asian (est.),11,91
house,45,surname,Asian (est.),12,74
house,45,surname,Asian (est.),13,89
house,45,surname,Asian (est.),14,93
house,45,surname,Asian (est.),15,95
house,45,surname,Asian (est.),17,5
house,45,surname,Asian (est.),20,2
house,45,surname,Asian (est.),21,4
house,45,surname,Asian (est.),25,3
house,45,surname,Asian (est.),26,6
house,45,surname,Asian (est.),27,1
house,45,surname,Asian (est.),32,9
house,45,surname,Hispanic (est.),4,2120
house,45,surname,Hispanic (est.),5,1288
house,45,surname,Hispanic (est.),6,905
house,45,surname,Hispanic (est.),7,793
house,45,surname,Hispanic (est.),8,843
house,45,surname,Hispanic (est.),9,407
house,45,surname,Hispanic (est.),10,783
house,45,surname,Hispanic (est.),11,959
house,45,surname,Hispanic (est.),12,791
house,45,surname,Hispanic (est.),13,903
house,45,surname,Hispanic (est.),14,970
house,45,surname,Hispanic (est.),15,1013
house,45,surname,Hispanic (est.),17,57
house,45,surname,Hispanic (est.),20,26
house,45,surname,Hispanic (est.),21,36
house,45,surname,Hispanic (est.),25,18
house,45,surname,Hispanic (est.),26,58
house,45,surname,Hispanic (est.),27,16
house,45,surname,Hispanic (est.),32,71
house,46,surname,All others (est.),4,5788
house,46,surname,All others (est.),5,3798
house,46,surname,All others (est.),6,3158
house,46,surname,All others (est.),7,2469
house,46,surname,All others (est.),8,2432
house,46,surname,All others (est.),9,1207
house,46,surname,All others (est.),10,2025
house,46,surname,All others (est.),11,2822
house,46,surname,All others (est.),12,2558
house,46,surname,All others (est.),13,2635
house,46,surname,All others (est.),14,2466
house,46,surname,All others (est.),15,2706
house,46,surname,All others (est.),17,24
house,46,surname,All others (est.),18,66
house,46,surname,All others (est.),19,173
house,46,surname,All others (est.),20,2
house,46,surname,All others (est.),21,68
house,46,surname,All others (est.),22,113
house,46,surname,All others (est.),25,200
house,46,surname,All others (est.),26,121
house,46,surname,All others (est.),27,1
house,46,surname,All others (est.),28,39
house,46,surname,Asian (est.),4,445
house,46,surname,Asian (est.),5,259
house,46,surname,Asian (est.),6,212
house,46,surname,Asian (est.),7,163
house,46,surname,Asian (est.),8,160
house,46,surname,Asian (est.),9,87
house,46,surname,Asian (est.),10,144
house,46,surname,Asian (est.),11,182
house,46,surname,Asian (est.),12,135
house,46,surname,Asian (est.),13,150
house,46,surname,Asian (est.),14,128
house,46,surname,Asian (est.),15,159
house,46,surname,Asian (est.),18,3
house,46,surname,Asian (est.),19,5
house,46,surname,Asian (est.),21,4
house,46,surname,Asian (est.),22,7
house,46,surname,Asian (est.),25,4
house,46,surname,Asian (est.),26,5
house,46,surname,Asian (est.),28,1
house,46,surname,Hispanic (est.),4,1543
house,46,surname,Hispanic (est.),5,944
house,46,surname,Hispanic (est.),6,766
house,46,surname,Hispanic (est.),7,537
house,46,surname,Hispanic (est.),8,542
house,46,surname,Hispanic (est.),9,320
house,46,surname,Hispanic (est.),10,500
house,46,surname,Hispanic (est.),11,695
house,46,surname,Hispanic (est.),12,594
house,46,surname,Hispanic (est.),13,581
house,46,surname,Hispanic (est.),14,589
house,46,surname,Hispanic (est.),15,637
house,46,surname,Hispanic (est.),17,1
house,46,surname,Hispanic (est.),18,7
house,46,surname,Hispanic (est.),19,35
house,46,surname,Hispanic (est.),21,12
house,46,surname,Hispanic (est.),22,22
house,46,surname,Hispanic (est.),25,20
house,46,surname,Hispanic (est.),26,19
house,46,surname,Hispanic (est.),28,6
house,47,surname,All others (est.),4,6959
house,47,surname,All others (est.),5,5060
house,47,surname,All others (est.),6,4304
house,47,surname,All others (est.),7,3697
house,47,surname,All others (est.),8,3822
house,47,surname,All others (est.),9,1583
house,47,surname,All others (est.),10,2820
house,47,surname,All others (est.),11,4380
house,47,surname,All others (est.),12,4029
house,47,surname,All others (est.),13,4374
house,47,surname,All others (est.),14,4200
house,47,surname,All others (est.),15,4481
house,47,surname,All others (est.),17,53
house,47,surname,All others (est.),18,148
house,47,surname,All others (est.),19,382
house,47,surname,All others (est.),20,6
house,47,surname,All others (est.),21,102
house,47,surname,All others (est.),22,213
house,47,surname,All others (est.),25,360
house,47,surname,All others (est.),26,158
house,47,surname,All others (est.),28,64
house,47,surname,Asian (est.),4,773
house,47,surname,Asian (est.),5,520
house,47,surname,Asian (est.),6,373
house,47,surname,Asian (est.),7,286
house,47,surname,Asian (est.),8,338
house,47,surname,Asian (est.),9,236
house,47,surname,Asian (est.),10,352
house,47,surname,Asian (est.),11,358
house,47,surname,Asian (est.),12,266
house,47,surname,Asian (est.),13,297
house,47,surname,Asian (est.),14,266
house,47,surname,Asian (est.),15,263
house,47,surname,Asian (est.),17,2
house,47,surname,Asian (est.),18,7
house,47,surname,Asian (est.),19,16
house,47,surname,Asian (est.),20,1
house,47,surname,Asian (est.),21,3
house,47,surname,Asian (est.),22,9
house,47,surname,Asian (est.),25,15
house,47,surname,Asian (est.),26,6
house,47,surname,Asian (est.),28,3
house,47,surname,Hispanic (est.),4,1071
house,47,surname,Hispanic (est.),5,638
house,47,surname,Hispanic (est.),6,561
house,47,surname,Hispanic (est.),7,499
house,47,surname,Hispanic (est.),8,474
house,47,surname,Hispanic (est.),9,265
house,47,surname,Hispanic (est.),10,460
house,47,surname,Hispanic (est.),11,595
house,47,surname,Hispanic (est.),12,533
house,47,surname,Hispanic (est.),13,559
house,47,surname,Hispanic (est.),14,526
house,47,surname,Hispanic (est.),15,567
house,47,surname,Hispanic (est.),17,6
house,47,surname,Hispanic (est.),18,9
house,47,surname,Hispanic (est.),19,41
house,47,surname,Hispanic (est.),21,13
house,47,surname,Hispanic (est.),22,16
house,47,surname,Hispanic (est.),25,40
house,47,surname,Hispanic (est.),26,16
house,47,surname,Hispanic (est.),28,7
house,48,surname,All others (est.),4,7086
house,48,surname,All others (est.),5,5405
house,48,surname,All others (est.),6,4730
house,48,surname,All others (est.),7,3946
house,48,surname,All others (est.),8,3907
house,48,surname,All others (est.),9,1594
house,48,surname,All others (est.),10,2928
house,48,surname,All others (est.),11,4592
house,48,surname,All others (est.),12,4344
house,48,surname,All others (est.),13,4648
house,48,surname,All others (est.),14,4373
house,48,surname,All others (est.),15,4771
house,48,surname,All others (est.),17,58
house,48,surname,All others (est.),18,142
house,48,surname,All others (est.),19,390
house,48,surname,All others (est.),20,7
house,48,surname,All others (est.),21,134
house,48,surname,All others (est.),22,223
house,48,surname,All others (est.),25,361
house,48,surname,All others (est.),26,159
house,48,surname,All others (est.),27,5
house,48,surname,All others (est.),28,71
house,48,surname,Asian (est.),4,412
house,48,surname,Asian (est.),5,281
house,48,surname,Asian (est.),6,244
house,48,surname,Asian (est.),7,197
house,48,surname,Asian (est.),8,198
house,48,surname,Asian (est.),9,111
house,48,surname,Asian (est.),10,179
house,48,surname,Asian (est.),11,235
house,48,surname,Asian (est.),12,214
house,48,surname,Asian (est.),13,205
house,48,surname,Asian (est.),14,181
house,48,surname,Asian (est.),15,192
house,48,surname,Asian (est.),17,2
house,48,surname,Asian (est.),18,4
house,48,surname,Asian (est.),19,14
house,48,surname,Asian (est.),21,5
house,48,surname,Asian (est.),22,8
house,48,surname,Asian (est.),25,11
house,48,surname,Asian (est.),26,6
house,48,surname,Asian (est.),28,3
house,48,surname,Hispanic (est.),4,1481
house,48,surname,Hispanic (est.),5,1023
house,48,surname,Hispanic (est.),6,882
house,48,surname,Hispanic (est.),7,765
house,48,surname,Hispanic (est.),8,628
house,48,surname,Hispanic (est.),9,339
house,48,surname,Hispanic (est.),10,613
house,48,surname,Hispanic (est.),11,870
house,48,surname,Hispanic (est.),12,766
house,48,surname,Hispanic (est.),13,789
house,48,surname,Hispanic (est.),14,743
house,48,surname,Hispanic (est.),15,824
house,48,surname,Hispanic (est.),17,6
house,48,surname,Hispanic (est.),18,15
house,48,surname,Hispanic (est.),19,67
house,48,surname,Hispanic (est.),20,1
house,48,surname,Hispanic (est.),21,21
house,48,surname,Hispanic (est.),22,30
house,48,surname,Hispanic (est.),25,46
house,48,surname,Hispanic (est.),26,16
house,48,surname,Hispanic (est.),28,7
house,49,surname,All others (est.),4,8290
house,49,surname,All others (est.),5,5614
house,49,surname,All others (est.),6,4532
house,49,surname,All others (est.),7,3631
house,49,surname,All others (est.),8,3490
house,49,surname,All others (est.),9,1283
house,49,surname,All others (est.),10,2389
house,49,surname,All others (est.),11,4040
house,49,surname,All others (est.),12,3537
house,49,surname,All others (est.),13,3758
house,49,surname,All others (est.),14,3565
house,49,surname,All others (est.),15,3868
house,49,surname,All others (est.),17,56
house,49,surname,All others (est.),18,89
house,49,surname,All others (est.),19,246
house,49,surname,All others (est.),20,5
house,49,surname,All others (est.),21,104
house,49,surname,All others (est.),22,184
house,49,surname,All others (est.),25,287
house,49,surname,All others (est.),26,140
house,49,surname,All others (est.),27,4
house,49,surname,All others (est.),28,63
house,49,surname,Asian (est.),4,916
house,49,surname,Asian (est.),5,479
house,49,surname,Asian (est.),6,329
house,49,surname,Asian (est.),7,307
house,49,surname,Asian (est.),8,289
house,49,surname,Asian (est.),9,109
house,49,surname,Asian (est.),10,138
house,49,surname,Asian (est.),11,321
house,49,surname,Asian (est.),12,259
house,49,surname,Asian (est.),13,268
house,49,surname,Asian (est.),14,237
house,49,surname,Asian (est.),15,266
house,49,surname,Asian (est.),17,1
house,49,surname,Asian (est.),18,1
house,49,surname,Asian (est.),19,5
house,49,surname,Asian (est.),21,1
house,49,surname,Asian (est.),22,4
house,49,surname,Asian (est.),25,8
house,49,surname,Asian (est.),26,6
house,49,surname,Asian (est.),28,1
house,49,surname,Hispanic (est.),4,1847
house,49,surname,Hispanic (est.),5,1077
house,49,surname,Hispanic (est.),6,845
house,49,surname,Hispanic (est.),7,655
house,49,surname,Hispanic (est.),8,651
house,49,surname,Hispanic (est.),9,248
house,49,surname,Hispanic (est.),10,422
house,49,surname,Hispanic (est.),11,743
house,49,surname,Hispanic (est.),12,619
house,49,surname,Hispanic (est.),13,640
house,49,surname,Hispanic (est.),14,601
house,49,surname,Hispanic (est.),15,695
house,49,surname,Hispanic (est.),17,4
house,49,surname,Hispanic (est.),18,12
house,49,surname,Hispanic (est.),19,35
house,49,surname,Hispanic (est.),21,12
house,49,surname,Hispanic (est.),22,27
house,49,surname,Hispanic (est.),25,28
house,49,surname,Hispanic (est.),26,17
house,49,surname,Hispanic (est.),27,1
house,49,surname,Hispanic (est.),28,11
house,5,surname,All others (est.),4,3497
house,5,surname,All others (est.),5,2833
house,5,surname,All others (est.),6,2769
house,5,surname,All others (est.),7,2977
house,5,surname,All others (est.),8,2950
house,5,surname,All others (est.),9,471
house,5,surname,All others (est.),10,1441
house,5,surname,All others (est.),11,3314
house,5,surname,All others (est.),12,3765
house,5,surname,All others (est.),13,4081
house,5,surname,All others (est.),14,4286
house,5,surname,All others (est.),15,4087
house,5,surname,All others (est.),18,130
house,5,surname,All others (est.),19,74
house,5,surname,All others (est.),20,49
house,5,surname,All others (est.),21,93
house,5,surname,All others (est.),22,188
house,5,surname,All others (est.),25,151
house,5,surname,All others (est.),26,63
house,5,surname,All others (est.),27,75
house,5,surname,All others (est.),28,104
house,5,surname,All others (est.),29,11
house,5,surname,All others (est.),32,1
house,5,surname,All others (est.),33,30
house,5,surname,All others (est.),34,21
house,5,surname,All others (est.),35,65
house,5,surname,All others (est.),36,9
house,5,surname,All others (est.),37,19
house,5,surname,Asian (est.),4,40
house,5,surname,Asian (est.),5,39
house,5,surname,Asian (est.),6,36
house,5,surname,Asian (est.),7,43
house,5,surname,Asian (est.),8,37
house,5,surname,Asian (est.),9,6
house,5,surname,Asian (est.),10,18
house,5,surname,Asian (est.),11,42
house,5,surname,Asian (est.),12,54
house,5,surname,Asian (est.),13,50
house,5,surname,Asian (est.),14,53
house,5,surname,Asian (est.),15,52
house,5,surname,Asian (est.),18,2
house,5,surname,Asian (est.),19,1
house,5,surname,Asian (est.),20,1
house,5,surname,Asian (est.),21,1
house,5,surname,Asian (est.),22,3
house,5,surname,Asian (est.),25,1
house,5,surname,Asian (est.),28,1
house,5,surname,Asian (est.),35,1
house,5,surname,Hispanic (est.),4,261
house,5,surname,Hispanic (est.),5,189
house,5,surname,Hispanic (est.),6,167
house,5,surname,Hispanic (est.),7,180
house,5,surname,Hispanic (est.),8,169
house,5,surname,Hispanic (est.),9,32
house,5,surname,Hispanic (est.),10,88
house,5,surname,Hispanic (est.),11,183
house,5,surname,Hispanic (est.),12,164
house,5,surname,Hispanic (est.),13,204
house,5,surname,Hispanic (est.),14,205
house,5,surname,Hispanic (est.),15,210
house,5,surname,Hispanic (est.),18,6
house,5,surname,Hispanic (est.),19,3
house,5,surname,Hispanic (est.),20,3
house,5,surname,Hispanic (est.),21,3
house,5,surname,Hispanic (est.),22,9
house,5,surname,Hispanic (est.),25,7
house,5,surname,Hispanic (est.),26,2
house,5,surname,Hispanic (est.),27,4
house,5,surname,Hispanic (est.),28,3
house,5,surname,Hispanic (est.),33,1
house,5,surname,Hispanic (est.),34,1
house,5,surname,Hispanic (est.),35,3
house,5,surname,Hispanic (est.),37,1
house,50,surname,All others (est.),4,4075
house,50,surname,All others (est.),5,2723
house,50,surname,All others (est.),6,2159
house,50,surname,All others (est.),7,1793
house,50,surname,All others (est.),8,1741
house,50,surname,All others (est.),9,767
house,50,surname,All others (est.),10,1428
house,50,surname,All others (est.),11,2108
house,50,surname,All others (est.),12,1870
house,50,surname,All others (est.),13,1963
house,50,surname,All others (est.),14,1846
house,50,surname,All others (est.),15,1976
house,50,surname,All others (est.),17,13
house,50,surname,All others (est.),18,66
house,50,surname,All others (est.),19,150
house,50,surname,All others (est.),21,57
house,50,surname,All others (est.),22,138
house,50,surname,All others (est.),25,171
house,50,surname,All others (est.),26,98
house,50,surname,All others (est.),27,1
house,50,surname,All others (est.),28,44
house,50,surname,Asian (est.),4,416
house,50,surname,Asian (est.),5,274
house,50,surname,Asian (est.),6,190
house,50,surname,Asian (est.),7,156
house,50,surname,Asian (est.),8,148
house,50,surname,Asian (est.),9,72
house,50,surname,Asian (est.),10,158
house,50,surname,Asian (est.),11,187
house,50,surname,Asian (est.),12,143
house,50,surname,Asian (est.),13,157
house,50,surname,Asian (est.),14,151
house,50,surname,Asian (est.),15,158
house,50,surname,Asian (est.),17,2
house,50,surname,Asian (est.),18,5
house,50,surname,Asian (est.),19,10
house,50,surname,Asian (est.),21,3
house,50,surname,Asian (est.),22,4
house,50,surname,Asian (est.),25,6
house,50,surname,Asian (est.),26,2
house,50,surname,Asian (est.),28,1
house,50,surname,Hispanic (est.),4,1175
house,50,surname,Hispanic (est.),5,776
house,50,surname,Hispanic (est.),6,575
house,50,surname,Hispanic (est.),7,467
house,50,surname,Hispanic (est.),8,440
house,50,surname,Hispanic (est.),9,232
house,50,surname,Hispanic (est.),10,380
house,50,surname,Hispanic (est.),11,527
house,50,surname,Hispanic (est.),12,487
house,50,surname,Hispanic (est.),13,489
house,50,surname,Hispanic (est.),14,473
house,50,surname,Hispanic (est.),15,531
house,50,surname,Hispanic (est.),17,3
house,50,surname,Hispanic (est.),18,9
house,50,surname,Hispanic (est.),19,14
house,50,surname,Hispanic (est.),21,9
house,50,surname,Hispanic (est.),22,23
house,50,surname,Hispanic (est.),25,22
house,50,surname,Hispanic (est.),26,24
house,50,surname,Hispanic (est.),27,1
house,50,surname,Hispanic (est.),28,6
house,51,surname,All others (est.),4,4588
house,51,surname,All others (est.),5,2724
house,51,surname,All others (est.),6,2166
house,51,surname,All others (est.),7,1773
house,51,surname,All others (est.),8,1629
house,51,surname,All others (est.),9,687
house,51,surname,All others (est.),10,1263
house,51,surname,All others (est.),11,1700
house,51,surname,All others (est.),12,1558
house,51,surname,All others (est.),13,1671
house,51,surname,All others (est.),14,1655
house,51,surname,All others (est.),15,1691
house,51,surname,All others (est.),17,8
house,51,surname,All others (est.),18,35
house,51,surname,All others (est.),19,88
house,51,surname,All others (est.),20,2
house,51,surname,All others (est.),21,44
house,51,surname,All others (est.),22,58
house,51,surname,All others (est.),25,82
house,51,surname,All others (est.),26,46
house,51,surname,All others (est.),28,26
house,51,surname,Asian (est.),4,299
house,51,surname,Asian (est.),5,145
house,51,surname,Asian (est.),6,116
house,51,surname,Asian (est.),7,92
house,51,surname,Asian (est.),8,96
house,51,surname,Asian (est.),9,46
house,51,surname,Asian (est.),10,88
house,51,surname,Asian (est.),11,102
house,51,surname,Asian (est.),12,79
house,51,surname,Asian (est.),13,88
house,51,surname,Asian (est.),14,85
house,51,surname,Asian (est.),15,90
house,51,surname,Asian (est.),18,1
house,51,surname,Asian (est.),19,7
house,51,surname,Asian (est.),21,1
house,51,surname,Asian (est.),22,3
house,51,surname,Asian (est.),25,4
house,51,surname,Asian (est.),26,1
house,51,surname,Hispanic (est.),4,1862
house,51,surname,Hispanic (est.),5,1080
house,51,surname,Hispanic (est.),6,809
house,51,surname,Hispanic (est.),7,657
house,51,surname,Hispanic (est.),8,565
house,51,surname,Hispanic (est.),9,273
house,51,surname,Hispanic (est.),10,578
house,51,surname,Hispanic (est.),11,686
house,51,surname,Hispanic (est.),12,574
house,51,surname,Hispanic (est.),13,622
house,51,surname,Hispanic (est.),14,628
house,51,surname,Hispanic (est.),15,702
house,51,surname,Hispanic (est.),17,2
house,51,surname,Hispanic (est.),18,21
house,51,surname,Hispanic (est.),19,31
house,51,surname,Hispanic (est.),21,21
house,51,surname,Hispanic (est.),22,25
house,51,surname,Hispanic (est.),25,69
house,51,surname,Hispanic (est.),26,18
house,51,surname,Hispanic (est.),28,6
house,52,surname,All others (est.),4,6691
house,52,surname,All others (est.),5,4410
house,52,surname,All others (est.),6,3680
house,52,surname,All others (est.),7,3333
house,52,surname,All others (est.),8,3306
house,52,surname,All others (est.),9,1298
house,52,surname,All others (est.),10,2503
house,52,surname,All others (est.),11,3958
house,52,surname,All others (est.),12,3713
house,52,surname,All others (est.),13,3872
house,52,surname,All others (est.),14,4031
house,52,surname,All others (est.),15,4410
house,52,surname,All others (est.),18,73
house,52,surname,All others (est.),19,82
house,52,surname,All others (est.),20,73
house,52,surname,All others (est.),22,174
house,52,surname,All others (est.),23,3
house,52,surname,All others (est.),25,101
house,52,surname,All others (est.),26,113
house,52,surname,All others (est.),27,119
house,52,surname,All others (est.),28,92
house,52,surname,All others (est.),29,7
house,52,surname,All others (est.),32,41
house,52,surname,All others (est.),33,25
house,52,surname,All others (est.),37,1
house,52,surname,Asian (est.),4,462
house,52,surname,Asian (est.),5,268
house,52,surname,Asian (est.),6,193
house,52,surname,Asian (est.),7,163
house,52,surname,Asian (est.),8,139
house,52,surname,Asian (est.),9,115
house,52,surname,Asian (est.),10,154
house,52,surname,Asian (est.),11,189
house,52,surname,Asian (est.),12,162
house,52,surname,Asian (est.),13,149
house,52,surname,Asian (est.),14,168
house,52,surname,Asian (est.),15,169
house,52,surname,Asian (est.),18,5
house,52,surname,Asian (est.),19,2
house,52,surname,Asian (est.),20,2
house,52,surname,Asian (est.),22,9
house,52,surname,Asian (est.),23,1
house,52,surname,Asian (est.),25,1
house,52,surname,Asian (est.),26,5
house,52,surname,Asian (est.),27,5
house,52,surname,Asian (est.),28,2
house,52,surname,Asian (est.),32,4
house,52,surname,Hispanic (est.),4,1401
house,52,surname,Hispanic (est.),5,828
house,52,surname,Hispanic (est.),6,713
house,52,surname,Hispanic (est.),7,568
house,52,surname,Hispanic (est.),8,588
house,52,surname,Hispanic (est.),9,225
house,52,surname,Hispanic (est.),10,469
house,52,surname,Hispanic (est.),11,640
house,52,surname,Hispanic (est.),12,646
house,52,surname,Hispanic (est.),13,616
house,52,surname,Hispanic (est.),14,634
house,52,surname,Hispanic (est.),15,726
house,52,surname,Hispanic (est.),18,8
house,52,surname,Hispanic (est.),19,9
house,52,surname,Hispanic (est.),20,9
house,52,surname,Hispanic (est.),22,35
house,52,surname,Hispanic (est.),25,14
house,52,surname,Hispanic (est.),26,9
house,52,surname,Hispanic (est.),27,11
house,52,surname,Hispanic (est.),28,10
house,52,surname,Hispanic (est.),32,3
house,52,surname,Hispanic (est.),33,6
house,53,surname,All others (est.),4,4628
house,53,surname,All others (est.),5,3420
house,53,surname,All others (est.),6,3188
house,53,surname,All others (est.),7,3430
house,53,surname,All others (est.),8,3761
house,53,surname,All others (est.),10,833
house,53,surname,All others (est.),11,4707
house,53,surname,All others (est.),12,4252
house,53,surname,All others (est.),13,4608
house,53,surname,All others (est.),14,5326
house,53,surname,All others (est.),15,5989
house,53,surname,All others (est.),18,125
house,53,surname,All others (est.),19,122
house,53,surname,All others (est.),20,124
house,53,surname,All others (est.),21,42
house,53,surname,All others (est.),22,251
house,53,surname,All others (est.),25,268
house,53,surname,All others (est.),26,36
house,53,surname,All others (est.),27,151
house,53,surname,All others (est.),28,151
house,53,surname,All others (est.),32,70
house,53,surname,All others (est.),33,98
house,53,surname,All others (est.),34,49
house,53,surname,All others (est.),35,15
house,53,surname,All others (est.),36,54
house,53,surname,All others (est.),37,242
house,53,surname,Asian (est.),4,92
house,53,surname,Asian (est.),5,71
house,53,surname,Asian (est.),6,58
house,53,surname,Asian (est.),7,59
house,53,surname,Asian (est.),8,65
house,53,surname,Asian (est.),10,16
house,53,surname,Asian (est.),11,79
house,53,surname,Asian (est.),12,70
house,53,surname,Asian (est.),13,71
house,53,surname,Asian (est.),14,88
house,53,surname,Asian (est.),15,100
house,53,surname,Asian (est.),18,2
house,53,surname,Asian (est.),19,2
house,53,surname,Asian (est.),20,2
house,53,surname,Asian (est.),22,3
house,53,surname,Asian (est.),25,5
house,53,surname,Asian (est.),26,2
house,53,surname,Asian (est.),27,3
house,53,surname,Asian (est.),28,3
house,53,surname,Asian (est.),32,2
house,53,surname,Asian (est.),33,1
house,53,surname,Asian (est.),34,2
house,53,surname,Asian (est.),36,1
house,53,surname,Asian (est.),37,2
house,53,surname,Hispanic (est.),4,1200
house,53,surname,Hispanic (est.),5,859
house,53,surname,Hispanic (est.),6,598
house,53,surname,Hispanic (est.),7,730
house,53,surname,Hispanic (est.),8,667
house,53,surname,Hispanic (est.),10,205
house,53,surname,Hispanic (est.),11,880
house,53,surname,Hispanic (est.),12,742
house,53,surname,Hispanic (est.),13,792
house,53,surname,Hispanic (est.),14,872
house,53,surname,Hispanic (est.),15,958
house,53,surname,Hispanic (est.),18,27
house,53,surname,Hispanic (est.),19,28
house,53,surname,Hispanic (est.),20,42
house,53,surname,Hispanic (est.),21,13
house,53,surname,Hispanic (est.),22,35
house,53,surname,Hispanic (est.),25,32
house,53,surname,Hispanic (est.),26,18
house,53,surname,Hispanic (est.),27,22
house,53,surname,Hispanic (est.),28,21
house,53,surname,Hispanic (est.),32,10
house,53,surname,Hispanic (est.),33,11
house,53,surname,Hispanic (est.),34,3
house,53,surname,Hispanic (est.),35,3
house,53,surname,Hispanic (est.),36,2
house,53,surname,Hispanic (est.),37,12
house,54,surname,All others (est.),4,2606
house,54,surname,All others (est.),5,1946
house,54,surname,All others (est.),6,1681
house,54,surname,All others (est.),7,1615
house,54,surname,All others (est.),8,1772
house,54,surname,All others (est.),9,569
house,54,surname,All others (est.),10,1565
house,54,surname,All others (est.),11,1647
house,54,surname,All others (est.),12,1808
house,54,surname,All others (est.),13,1845
house,54,surname,All others (est.),14,1959
house,54,surname,All others (est.),15,1828
house,54,surname,All others (est.),16,97
house,54,surname,All others (est.),17,2
house,54,surname,All others (est.),18,110
house,54,surname,All others (est.),19,85
house,54,surname,All others (est.),20,50
house,54,surname,All others (est.),21,88
house,54,surname,All others (est.),22,264
house,54,surname,All others (est.),25,29
house,54,surname,All others (est.),26,45
house,54,surname,All others (est.),27,3
house,54,surname,All others (est.),28,14
house,54,surname,All others (est.),33,1
house,54,surname,All others (est.),35,3
house,54,surname,Asian (est.),4,71
house,54,surname,Asian (est.),5,41
house,54,surname,Asian (est.),6,36
house,54,surname,Asian (est.),7,31
house,54,surname,Asian (est.),8,34
house,54,surname,Asian (est.),9,19
house,54,surname,Asian (est.),10,38
house,54,surname,Asian (est.),11,33
house,54,surname,Asian (est.),12,36
house,54,surname,Asian (est.),13,37
house,54,surname,Asian (est.),14,32
house,54,surname,Asian (est.),15,43
house,54,surname,Asian (est.),16,1
house,54,surname,Asian (est.),18,2
house,54,surname,Asian (est.),19,3
house,54,surname,Asian (est.),20,1
house,54,surname,Asian (est.),21,4
house,54,surname,Asian (est.),22,5
house,54,surname,Hispanic (est.),4,392
house,54,surname,Hispanic (est.),5,274
house,54,surname,Hispanic (est.),6,268
house,54,surname,Hispanic (est.),7,226
house,54,surname,Hispanic (est.),8,213
house,54,surname,Hispanic (est.),9,80
house,54,surname,Hispanic (est.),10,260
house,54,surname,Hispanic (est.),11,192
house,54,surname,Hispanic (est.),12,247
house,54,surname,Hispanic (est.),13,244
house,54,surname,Hispanic (est.),14,241
house,54,surname,Hispanic (est.),15,225
house,54,surname,Hispanic (est.),16,13
house,54,surname,Hispanic (est.),18,10
house,54,surname,Hispanic (est.),19,8
house,54,surname,Hispanic (est.),20,5
house,54,surname,Hispanic (est.),21,10
house,54,surname,Hispanic (est.),22,24
house,54,surname,Hispanic (est.),25,2
house,54,surname,Hispanic (est.),26,5
house,54,surname,Hispanic (est.),28,2
house,55,surname,All others (est.),4,3176
house,55,surname,All others (est.),5,2445
house,55,surname,All others (est.),6,2254
house,55,surname,All others (est.),7,2142
house,55,surname,All others (est.),8,2419
house,55,surname,All others (est.),9,766
house,55,surname,All others (est.),10,1998
house,55,surname,All others (est.),11,2273
house,55,surname,All others (est.),12,2357
house,55,surname,All others (est.),13,2432
house,55,surname,All others (est.),14,2384
house,55,surname,All others (est.),15,2288
house,55,surname,All others (est.),16,148
house,55,surname,All others (est.),17,5
house,55,surname,All others (est.),18,153
house,55,surname,All others (est.),19,147
house,55,surname,All others (est.),20,49
house,55,surname,All others (est.),21,117
house,55,surname,All others (est.),22,385
house,55,surname,All others (est.),25,26
house,55,surname,All others (est.),26,69
house,55,surname,All others (est.),27,1
house,55,surname,All others (est.),28,14
house,55,surname,All others (est.),32,1
house,55,surname,All others (est.),34,1
house,55,surname,All others (est.),35,2
house,55,surname,Asian (est.),4,92
house,55,surname,Asian (est.),5,65
house,55,surname,Asian (est.),6,56
house,55,surname,Asian (est.),7,58
house,55,surname,Asian (est.),8,57
house,55,surname,Asian (est.),9,26
house,55,surname,Asian (est.),10,61
house,55,surname,Asian (est.),11,52
house,55,surname,Asian (est.),12,56
house,55,surname,Asian (est.),13,49
house,55,surname,Asian (est.),14,54
house,55,surname,Asian (est.),15,57
house,55,surname,Asian (est.),16,2
house,55,surname,Asian (est.),18,3
house,55,surname,Asian (est.),19,5
house,55,surname,Asian (est.),20,2
house,55,surname,Asian (est.),21,2
house,55,surname,Asian (est.),22,8
house,55,surname,Asian (est.),26,1
house,55,surname,Hispanic (est.),4,625
house,55,surname,Hispanic (est.),5,399
house,55,surname,Hispanic (est.),6,351
house,55,surname,Hispanic (est.),7,318
house,55,surname,Hispanic (est.),8,302
house,55,surname,Hispanic (est.),9,140
house,55,surname,Hispanic (est.),10,314
house,55,surname,Hispanic (est.),11,299
house,55,surname,Hispanic (est.),12,259
house,55,surname,Hispanic (est.),13,315
house,55,surname,Hispanic (est.),14,325
house,55,surname,Hispanic (est.),15,283
house,55,surname,Hispanic (est.),16,13
house,55,surname,Hispanic (est.),18,10
house,55,surname,Hispanic (est.),19,16
house,55,surname,Hispanic (est.),20,8
house,55,surname,Hispanic (est.),21,10
house,55,surname,Hispanic (est.),22,39
house,55,surname,Hispanic (est.),25,2
house,55,surname,Hispanic (est.),26,11
house,55,surname,Hispanic (est.),28,1
house,56,surname,All others (est.),4,4072
house,56,surname,All others (est.),5,3172
house,56,surname,All others (est.),6,2710
house,56,surname,All others (est.),7,2694
house,56,surname,All others (est.),8,2852
house,56,surname,All others (est.),9,765
house,56,surname,All others (est.),10,2095
house,56,surname,All others (est.),11,2606
house,56,surname,All others (est.),12,2887
house,56,surname,All others (est.),13,3096
house,56,surname,All others (est.),14,3236
house,56,surname,All others (est.),15,3087
house,56,surname,All others (est.),18,155
house,56,surname,All others (est.),19,242
house,56,surname,All others (est.),20,87
house,56,surname,All others (est.),21,136
house,56,surname,All others (est.),22,226
house,56,surname,All others (est.),24,294
house,56,surname,All others (est.),25,4
house,56,surname,All others (est.),26,250
house,56,surname,All others (est.),27,58
house,56,surname,All others (est.),28,96
house,56,surname,All others (est.),29,28
house,56,surname,All others (est.),36,2
house,56,surname,All others (est.),37,3
house,56,surname,Asian (est.),4,89
house,56,surname,Asian (est.),5,63
house,56,surname,Asian (est.),6,57
house,56,surname,Asian (est.),7,54
house,56,surname,Asian (est.),8,56
house,56,surname,Asian (est.),9,15
house,56,surname,Asian (est.),10,44
house,56,surname,Asian (est.),11,46
house,56,surname,Asian (est.),12,58
house,56,surname,Asian (est.),13,55
house,56,surname,Asian (est.),14,47
house,56,surname,Asian (est.),15,52
house,56,surname,Asian (est.),18,3
house,56,surname,Asian (est.),19,3
house,56,surname,Asian (est.),20,3
house,56,surname,Asian (est.),21,1
house,56,surname,Asian (est.),22,4
house,56,surname,Asian (est.),24,5
house,56,surname,Asian (est.),26,3
house,56,surname,Asian (est.),27,1
house,56,surname,Asian (est.),28,2
house,56,surname,Asian (est.),29,2
house,56,surname,Hispanic (est.),4,586
house,56,surname,Hispanic (est.),5,443
house,56,surname,Hispanic (est.),6,275
house,56,surname,Hispanic (est.),7,276
house,56,surname,Hispanic (est.),8,283
house,56,surname,Hispanic (est.),9,104
house,56,surname,Hispanic (est.),10,236
house,56,surname,Hispanic (est.),11,298
house,56,surname,Hispanic (est.),12,268
house,56,surname,Hispanic (est.),13,298
house,56,surname,Hispanic (est.),14,287
house,56,surname,Hispanic (est.),15,288
house,56,surname,Hispanic (est.),18,15
house,56,surname,Hispanic (est.),19,18
house,56,surname,Hispanic (est.),20,6
house,56,surname,Hispanic (est.),21,11
house,56,surname,Hispanic (est.),22,13
house,56,surname,Hispanic (est.),24,27
house,56,surname,Hispanic (est.),25,1
house,56,surname,Hispanic (est.),26,19
house,56,surname,Hispanic (est.),27,4
house,56,surname,Hispanic (est.),28,10
house,56,surname,Hispanic (est.),29,8
house,57,surname,All others (est.),4,5051
house,57,surname,All others (est.),5,3713
house,57,surname,All others (est.),6,3218
house,57,surname,All others (est.),7,3022
house,57,surname,All others (est.),8,3074
house,57,surname,All others (est.),9,1460
house,57,surname,All others (est.),10,3245
house,57,surname,All others (est.),11,3086
house,57,surname,All others (est.),12,3219
house,57,surname,All others (est.),13,3137
house,57,surname,All others (est.),14,3606
house,57,surname,All others (est.),15,3124
house,57,surname,All others (est.),17,28
house,57,surname,All others (est.),18,6
house,57,surname,All others (est.),19,115
house,57,surname,All others (est.),20,16
house,57,surname,All others (est.),21,96
house,57,surname,All others (est.),22,75
house,57,surname,All others (est.),25,142
house,57,surname,All others (est.),26,196
house,57,surname,All others (est.),27,18
house,57,surname,All others (est.),28,64
house,57,surname,All others (est.),29,12
house,57,surname,Asian (est.),4,193
house,57,surname,Asian (est.),5,134
house,57,surname,Asian (est.),6,107
house,57,surname,Asian (est.),7,110
house,57,surname,Asian (est.),8,108
house,57,surname,Asian (est.),9,68
house,57,surname,Asian (est.),10,135
house,57,surname,Asian (est.),11,84
house,57,surname,Asian (est.),12,86
house,57,surname,Asian (est.),13,88
house,57,surname,Asian (est.),14,115
house,57,surname,Asian (est.),15,83
house,57,surname,Asian (est.),17,1
house,57,surname,Asian (est.),19,4
house,57,surname,Asian (est.),20,2
house,57,surname,Asian (est.),21,5
house,57,surname,Asian (est.),22,2
house,57,surname,Asian (est.),25,3
house,57,surname,Asian (est.),26,6
house,57,surname,Asian (est.),28,2
house,57,surname,Hispanic (est.),4,723
house,57,surname,Hispanic (est.),5,519
house,57,surname,Hispanic (est.),6,407
house,57,surname,Hispanic (est.),7,358
house,57,surname,Hispanic (est.),8,361
house,57,surname,Hispanic (est.),9,215
house,57,surname,Hispanic (est.),10,463
house,57,surname,Hispanic (est.),11,355
house,57,surname,Hispanic (est.),12,346
house,57,surname,Hispanic (est.),13,317
house,57,surname,Hispanic (est.),14,362
house,57,surname,Hispanic (est.),15,347
house,57,surname,Hispanic (est.),17,1
house,57,surname,Hispanic (est.),18,1
house,57,surname,Hispanic (est.),19,10
house,57,surname,Hispanic (est.),20,1
house,57,surname,Hispanic (est.),21,4
house,57,surname,Hispanic (est.),22,5
house,57,surname,Hispanic (est.),25,13
house,57,surname,Hispanic (est.),26,12
house,57,surname,Hispanic (est.),28,4
house,57,surname,Hispanic (est.),29,1
house,58,surname,All others (est.),4,4338
house,58,surname,All others (est.),5,3408
house,58,surname,All others (est.),6,2977
house,58,surname,All others (est.),7,3028
house,58,surname,All others (est.),8,3166
house,58,surname,All others (est.),9,684
house,58,surname,All others (est.),10,1822
house,58,surname,All others (est.),11,3003
house,58,surname,All others (est.),12,3126
house,58,surname,All others (est.),13,3111
house,58,surname,All others (est.),14,3400
house,58,surname,All others (est.),15,3117
house,58,surname,All others (est.),18,83
house,58,surname,All others (est.),19,87
house,58,surname,All others (est.),20,135
house,58,surname,All others (est.),21,150
house,58,surname,All others (est.),22,58
house,58,surname,All others (est.),24,120
house,58,surname,All others (est.),25,119
house,58,surname,All others (est.),26,142
house,58,surname,All others (est.),27,1
house,58,surname,All others (est.),28,3
house,58,surname,All others (est.),37,1
house,58,surname,Asian (est.),4,66
house,58,surname,Asian (est.),5,55
house,58,surname,Asian (est.),6,53
house,58,surname,Asian (est.),7,44
house,58,surname,Asian (est.),8,50
house,58,surname,Asian (est.),9,9
house,58,surname,Asian (est.),10,24
house,58,surname,Asian (est.),11,46
house,58,surname,Asian (est.),12,43
house,58,surname,Asian (est.),13,44
house,58,surname,Asian (est.),14,49
house,58,surname,Asian (est.),15,40
house,58,surname,Asian (est.),18,1
house,58,surname,Asian (est.),19,1
house,58,surname,Asian (est.),20,2
house,58,surname,Asian (est.),21,2
house,58,surname,Asian (est.),22,1
house,58,surname,Asian (est.),24,1
house,58,surname,Asian (est.),25,2
house,58,surname,Asian (est.),26,1
house,58,surname,Hispanic (est.),4,514
house,58,surname,Hispanic (est.),5,342
house,58,surname,Hispanic (est.),6,271
house,58,surname,Hispanic (est.),7,307
house,58,surname,Hispanic (est.),8,279
house,58,surname,Hispanic (est.),9,82
house,58,surname,Hispanic (est.),10,208
house,58,surname,Hispanic (est.),11,260
house,58,surname,Hispanic (est.),12,231
house,58,surname,Hispanic (est.),13,249
house,58,surname,Hispanic (est.),14,264
house,58,surname,Hispanic (est.),15,270
house,58,surname,Hispanic (est.),18,5
house,58,surname,Hispanic (est.),19,8
house,58,surname,Hispanic (est.),20,12
house,58,surname,Hispanic (est.),21,8
house,58,surname,Hispanic (est.),22,6
house,58,surname,Hispanic (est.),24,7
house,58,surname,Hispanic (est.),25,9
house,58,surname,Hispanic (est.),26,8
house,59,surname,All others (est.),4,3624
house,59,surname,All others (est.),5,2852
house,59,surname,All others (est.),6,2696
house,59,surname,All others (est.),7,2811
house,59,surname,All others (est.),8,3089
house,59,surname,All others (est.),9,467
house,59,surname,All others (est.),10,1325
house,59,surname,All others (est.),11,3063
house,59,surname,All others (est.),12,3135
house,59,surname,All others (est.),13,3275
house,59,surname,All others (est.),14,3683
house,59,surname,All others (est.),15,3643
house,59,surname,All others (est.),18,147
house,59,surname,All others (est.),19,29
house,59,surname,All others (est.),20,103
house,59,surname,All others (est.),21,18
house,59,surname,All others (est.),22,335
house,59,surname,All others (est.),25,51
house,59,surname,All others (est.),26,25
house,59,surname,All others (est.),27,1
house,59,surname,All others (est.),28,47
house,59,surname,All others (est.),32,10
house,59,surname,All others (est.),33,33
house,59,surname,All others (est.),34,42
house,59,surname,All others (est.),35,1
house,59,surname,All others (est.),36,57
house,59,surname,All others (est.),37,123
house,59,surname,Asian (est.),4,65
house,59,surname,Asian (est.),5,48
house,59,surname,Asian (est.),6,37
house,59,surname,Asian (est.),7,38
house,59,surname,Asian (est.),8,36
house,59,surname,Asian (est.),9,5
house,59,surname,Asian (est.),10,22
house,59,surname,Asian (est.),11,48
house,59,surname,Asian (est.),12,51
house,59,surname,Asian (est.),13,48
house,59,surname,Asian (est.),14,51
house,59,surname,Asian (est.),15,53
house,59,surname,Asian (est.),18,2
house,59,surname,Asian (est.),19,1
house,59,surname,Asian (est.),20,2
house,59,surname,Asian (est.),22,6
house,59,surname,Asian (est.),25,1
house,59,surname,Asian (est.),34,1
house,59,surname,Asian (est.),36,2
house,59,surname,Asian (est.),37,2
house,59,surname,Hispanic (est.),4,322
house,59,surname,Hispanic (est.),5,207
house,59,surname,Hispanic (est.),6,212
house,59,surname,Hispanic (est.),7,209
house,59,surname,Hispanic (est.),8,235
house,59,surname,Hispanic (est.),9,48
house,59,surname,Hispanic (est.),10,121
house,59,surname,Hispanic (est.),11,235
house,59,surname,Hispanic (est.),12,206
house,59,surname,Hispanic (est.),13,219
house,59,surname,Hispanic (est.),14,265
house,59,surname,Hispanic (est.),15,273
house,59,surname,Hispanic (est.),18,7
house,59,surname,Hispanic (est.),19,4
house,59,surname,Hispanic (est.),20,9
house,59,surname,Hispanic (est.),21,1
house,59,surname,Hispanic (est.),22,21
house,59,surname,Hispanic (est.),25,5
house,59,surname,Hispanic (est.),26,3
house,59,surname,Hispanic (est.),28,1
house,59,surname,Hispanic (est.),33,1
house,59,surname,Hispanic (est.),34,2
house,59,surname,Hispanic (est.),36,4
house,59,surname,Hispanic (est.),37,13
house,6,surname,All others (est.),4,3988
house,6,surname,All others (est.),5,3195
house,6,surname,All others (est.),6,2958
house,6,surname,All others (est.),7,3055
house,6,surname,All others (est.),8,2991
house,6,surname,All others (est.),9,873
house,6,surname,All others (est.),10,2411
house,6,surname,All others (est.),11,2881
house,6,surname,All others (est.),12,3468
house,6,surname,All others (est.),13,3619
house,6,surname,All others (est.),14,3921
house,6,surname,All others (est.),15,3773
house,6,surname,All others (est.),18,96
house,6,surname,All others (est.),19,93
house,6,surname,All others (est.),20,6
house,6,surname,All others (est.),21,184
house,6,surname,All others (est.),22,131
house,6,surname,All others (est.),25,182
house,6,surname,All others (est.),26,45
house,6,surname,All others (est.),27,170
house,6,surname,All others (est.),28,1
house,6,surname,All others (est.),32,7
house,6,surname,All others (est.),33,1
house,6,surname,All others (est.),34,1
house,6,surname,All others (est.),36,1
house,6,surname,All others (est.),37,3
house,6,surname,Asian (est.),4,73
house,6,surname,Asian (est.),5,57
house,6,surname,Asian (est.),6,46
house,6,surname,Asian (est.),7,51
house,6,surname,Asian (est.),8,46
house,6,surname,Asian (est.),9,20
house,6,surname,Asian (est.),10,48
house,6,surname,Asian (est.),11,48
house,6,surname,Asian (est.),12,47
house,6,surname,Asian (est.),13,48
house,6,surname,Asian (est.),14,54
house,6,surname,Asian (est.),15,59
house,6,surname,Asian (est.),18,1
house,6,surname,Asian (est.),19,3
house,6,surname,Asian (est.),21,3
house,6,surname,Asian (est.),22,2
house,6,surname,Asian (est.),25,2
house,6,surname,Asian (est.),26,1
house,6,surname,Asian (est.),27,2
house,6,surname,Asian (est.),33,1
house,6,surname,Hispanic (est.),4,408
house,6,surname,Hispanic (est.),5,255
house,6,surname,Hispanic (est.),6,208
house,6,surname,Hispanic (est.),7,192
house,6,surname,Hispanic (est.),8,198
house,6,surname,Hispanic (est.),9,64
house,6,surname,Hispanic (est.),10,173
house,6,surname,Hispanic (est.),11,175
house,6,surname,Hispanic (est.),12,184
house,6,surname,Hispanic (est.),13,214
house,6,surname,Hispanic (est.),14,214
house,6,surname,Hispanic (est.),15,201
house,6,surname,Hispanic (est.),18,4
house,6,surname,Hispanic (est.),19,5
house,6,surname,Hispanic (est.),21,12
house,6,surname,Hispanic (est.),22,6
house,6,surname,Hispanic (est.),25,10
house,6,surname,Hispanic (est.),26,3
house,6,surname,Hispanic (est.),27,8
house,6,surname,Hispanic (est.),37,1
house,60,surname,All others (est.),4,5862
house,60,surname,All others (est.),5,4174
house,60,surname,All others (est.),6,3534
house,60,surname,All others (est.),7,3735
house,60,surname,All others (est.),8,3753
house,60,surname,All others (est.),9,1069
house,60,surname,All others (est.),10,2451
house,60,surname,All others (est.),11,3997
house,60,surname,All others (est.),12,3640
house,60,surname,All others (est.),13,3800
house,60,surname,All others (est.),14,4241
house,60,surname,All others (est.),15,3881
house,60,surname,All others (est.),18,96
house,60,surname,All others (est.),19,70
house,60,surname,All others (est.),20,100
house,60,surname,All others (est.),21,30
house,60,surname,All others (est.),22,152
house,60,surname,All others (est.),25,74
house,60,surname,All others (est.),26,91
house,60,surname,All others (est.),27,44
house,60,surname,All others (est.),28,86
house,60,surname,All others (est.),32,94
house,60,surname,All others (est.),33,108
house,60,surname,All others (est.),34,95
house,60,surname,All others (est.),35,9
house,60,surname,All others (est.),36,78
house,60,surname,All others (est.),37,2
house,60,surname,Asian (est.),4,100
house,60,surname,Asian (est.),5,66
house,60,surname,Asian (est.),6,58
house,60,surname,Asian (est.),7,57
house,60,surname,Asian (est.),8,59
house,60,surname,Asian (est.),9,23
house,60,surname,Asian (est.),10,41
house,60,surname,Asian (est.),11,57
house,60,surname,Asian (est.),12,51
house,60,surname,Asian (est.),13,51
house,60,surname,Asian (est.),14,57
house,60,surname,Asian (est.),15,59
house,60,surname,Asian (est.),18,1
house,60,surname,Asian (est.),19,1
house,60,surname,Asian (est.),20,2
house,60,surname,Asian (est.),22,1
house,60,surname,Asian (est.),25,1
house,60,surname,Asian (est.),26,1
house,60,surname,Asian (est.),28,2
house,60,surname,Asian (est.),32,1
house,60,surname,Asian (est.),33,2
house,60,surname,Asian (est.),34,1
house,60,surname,Asian (est.),36,1
house,60,surname,Hispanic (est.),4,533
house,60,surname,Hispanic (est.),5,328
house,60,surname,Hispanic (est.),6,284
house,60,surname,Hispanic (est.),7,264
house,60,surname,Hispanic (est.),8,279
house,60,surname,Hispanic (est.),9,83
house,60,surname,Hispanic (est.),10,192
house,60,surname,Hispanic (est.),11,283
house,60,surname,Hispanic (est.),12,242
house,60,surname,Hispanic (est.),13,279
house,60,surname,Hispanic (est.),14,267
house,60,surname,Hispanic (est.),15,259
house,60,surname,Hispanic (est.),18,6
house,60,surname,Hispanic (est.),19,3
house,60,surname,Hispanic (est.),20,4
house,60,surname,Hispanic (est.),21,1
house,60,surname,Hispanic (est.),22,6
house,60,surname,Hispanic (est.),25,3
house,60,surname,Hispanic (est.),26,6
house,60,surname,Hispanic (est.),27,1
house,60,surname,Hispanic (est.),28,3
house,60,surname,Hispanic (est.),32,3
house,60,surname,Hispanic (est.),33,5
house,60,surname,Hispanic (est.),34,5
house,60,surname,Hispanic (est.),36,2
house,61,surname,All others (est.),4,5617
house,61,surname,All others (est.),5,4214
house,61,surname,All others (est.),6,3437
house,61,surname,All others (est.),7,3338
house,61,surname,All others (est.),8,3298
house,61,surname,All others (est.),9,1473
house,61,surname,All others (est.),10,3244
house,61,surname,All others (est.),11,3140
house,61,surname,All others (est.),12,3157
house,61,surname,All others (est.),13,3546
house,61,surname,All others (est.),14,3923
house,61,surname,All others (est.),15,3285
house,61,surname,All others (est.),16,1
house,61,surname,All others (est.),17,4
house,61,surname,All others (est.),18,52
house,61,surname,All others (est.),19,58
house,61,surname,All others (est.),20,78
house,61,surname,All others (est.),21,73
house,61,surname,All others (est.),22,103
house,61,surname,All others (est.),24,6
house,61,surname,All others (est.),25,80
house,61,surname,All others (est.),26,166
house,61,surname,All others (est.),27,38
house,61,surname,All others (est.),28,77
house,61,surname,All others (est.),31,4
house,61,surname,All others (est.),32,14
house,61,surname,All others (est.),33,15
house,61,surname,All others (est.),34,30
house,61,surname,Asian (est.),4,743
house,61,surname,Asian (est.),5,426
house,61,surname,Asian (est.),6,296
house,61,surname,Asian (est.),7,288
house,61,surname,Asian (est.),8,314
house,61,surname,Asian (est.),9,199
house,61,surname,Asian (est.),10,372
house,61,surname,Asian (est.),11,228
house,61,surname,Asian (est.),12,197
house,61,surname,Asian (est.),13,202
house,61,surname,Asian (est.),14,221
house,61,surname,Asian (est.),15,163
house,61,surname,Asian (est.),17,1
house,61,surname,Asian (est.),18,3
house,61,surname,Asian (est.),19,3
house,61,surname,Asian (est.),20,5
house,61,surname,Asian (est.),21,7
house,61,surname,Asian (est.),22,3
house,61,surname,Asian (est.),25,3
house,61,surname,Asian (est.),26,9
house,61,surname,Asian (est.),27,3
house,61,surname,Asian (est.),28,3
house,61,surname,Hispanic (est.),4,738
house,61,surname,Hispanic (est.),5,505
house,61,surname,Hispanic (est.),6,378
house,61,surname,Hispanic (est.),7,366
house,61,surname,Hispanic (est.),8,389
house,61,surname,Hispanic (est.),9,179
house,61,surname,Hispanic (est.),10,462
house,61,surname,Hispanic (est.),11,339
house,61,surname,Hispanic (est.),12,304
house,61,surname,Hispanic (est.),13,358
house,61,surname,Hispanic (est.),14,404
house,61,surname,Hispanic (est.),15,315
house,61,surname,Hispanic (est.),17,1
house,61,surname,Hispanic (est.),18,4
house,61,surname,Hispanic (est.),19,3
house,61,surname,Hispanic (est.),20,6
house,61,surname,Hispanic (est.),21,4
house,61,surname,Hispanic (est.),22,4
house,61,surname,Hispanic (est.),25,4
house,61,surname,Hispanic (est.),26,14
house,61,surname,Hispanic (est.),27,2
house,61,surname,Hispanic (est.),28,4
house,61,surname,Hispanic (est.),33,1
house,61,surname,Hispanic (est.),34,1
house,62,surname,All others (est.),4,3613
house,62,surname,All others (est.),5,3262
house,62,surname,All others (est.),6,2736
house,62,surname,All others (est.),7,2875
house,62,surname,All others (est.),8,2989
house,62,surname,All others (est.),9,489
house,62,surname,All others (est.),10,1425
house,62,surname,All others (est.),11,2984
house,62,surname,All others (est.),12,3498
house,62,surname,All others (est.),13,3657
house,62,surname,All others (est.),14,4175
house,62,surname,All others (est.),15,3280
house,62,surname,All others (est.),18,77
house,62,surname,All others (est.),19,81
house,62,surname,All others (est.),20,16
house,62,surname,All others (est.),21,67
house,62,surname,All others (est.),22,100
house,62,surname,All others (est.),24,1
house,62,surname,All others (est.),25,267
house,62,surname,All others (est.),26,138
house,62,surname,All others (est.),27,29
house,62,surname,All others (est.),28,159
house,62,surname,All others (est.),29,1
house,62,surname,All others (est.),32,159
house,62,surname,All others (est.),33,164
house,62,surname,All others (est.),34,24
house,62,surname,All others (est.),35,60
house,62,surname,All others (est.),37,4
house,62,surname,Asian (est.),4,46
house,62,surname,Asian (est.),5,42
house,62,surname,Asian (est.),6,40
house,62,surname,Asian (est.),7,38
house,62,surname,Asian (est.),8,37
house,62,surname,Asian (est.),9,6
house,62,surname,Asian (est.),10,23
house,62,surname,Asian (est.),11,43
house,62,surname,Asian (est.),12,47
house,62,surname,Asian (est.),13,52
house,62,surname,Asian (est.),14,51
house,62,surname,Asian (est.),15,45
house,62,surname,Asian (est.),18,1
house,62,surname,Asian (est.),19,1
house,62,surname,Asian (est.),22,1
house,62,surname,Asian (est.),25,2
house,62,surname,Asian (est.),26,2
house,62,surname,Asian (est.),28,2
house,62,surname,Asian (est.),32,2
house,62,surname,Asian (est.),33,2
house,62,surname,Asian (est.),35,2
house,62,surname,Hispanic (est.),4,275
house,62,surname,Hispanic (est.),5,217
house,62,surname,Hispanic (est.),6,190
house,62,surname,Hispanic (est.),7,189
house,62,surname,Hispanic (est.),8,176
house,62,surname,Hispanic (est.),9,38
house,62,surname,Hispanic (est.),10,90
house,62,surname,Hispanic (est.),11,168
house,62,surname,Hispanic (est.),12,193
house,62,surname,Hispanic (est.),13,205
house,62,surname,Hispanic (est.),14,214
house,62,surname,Hispanic (est.),15,173
house,62,surname,Hispanic (est.),18,6
house,62,surname,Hispanic (est.),19,4
house,62,surname,Hispanic (est.),21,2
house,62,surname,Hispanic (est.),22,3
house,62,surname,Hispanic (est.),25,11
house,62,surname,Hispanic (est.),26,8
house,62,surname,Hispanic (est.),27,3
house,62,surname,Hispanic (est.),28,6
house,62,surname,Hispanic (est.),32,4
house,62,surname,Hispanic (est.),33,8
house,62,surname,Hispanic (est.),34,2
house,62,surname,Hispanic (est.),35,2
house,63,surname,All others (est.),4,4707
house,63,surname,All others (est.),5,3664
house,63,surname,All others (est.),6,3082
house,63,surname,All others (est.),7,2975
house,63,surname,All others (est.),8,3054
house,63,surname,All others (est.),9,1459
house,63,surname,All others (est.),10,3436
house,63,surname,All others (est.),11,3141
house,63,surname,All others (est.),12,3175
house,63,surname,All others (est.),13,3429
house,63,surname,All others (est.),14,3637
house,63,surname,All others (est.),15,3483
house,63,surname,All others (est.),17,22
house,63,surname,All others (est.),18,9
house,63,surname,All others (est.),19,204
house,63,surname,All others (est.),20,41
house,63,surname,All others (est.),21,175
house,63,surname,All others (est.),22,119
house,63,surname,All others (est.),25,166
house,63,surname,All others (est.),26,261
house,63,surname,All others (est.),27,31
house,63,surname,All others (est.),28,13
house,63,surname,Asian (est.),4,361
house,63,surname,Asian (est.),5,273
house,63,surname,Asian (est.),6,225
house,63,surname,Asian (est.),7,204
house,63,surname,Asian (est.),8,208
house,63,surname,Asian (est.),9,165
house,63,surname,Asian (est.),10,279
house,63,surname,Asian (est.),11,212
house,63,surname,Asian (est.),12,178
house,63,surname,Asian (est.),13,188
house,63,surname,Asian (est.),14,191
house,63,surname,Asian (est.),15,154
house,63,surname,Asian (est.),18,2
house,63,surname,Asian (est.),19,7
house,63,surname,Asian (est.),20,7
house,63,surname,Asian (est.),21,6
house,63,surname,Asian (est.),22,3
house,63,surname,Asian (est.),25,6
house,63,surname,Asian (est.),26,11
house,63,surname,Asian (est.),27,1
house,63,surname,Asian (est.),28,1
house,63,surname,Hispanic (est.),4,712
house,63,surname,Hispanic (est.),5,454
house,63,surname,Hispanic (est.),6,354
house,63,surname,Hispanic (est.),7,332
house,63,surname,Hispanic (est.),8,385
house,63,surname,Hispanic (est.),9,223
house,63,surname,Hispanic (est.),10,473
house,63,surname,Hispanic (est.),11,336
house,63,surname,Hispanic (est.),12,315
house,63,surname,Hispanic (est.),13,322
house,63,surname,Hispanic (est.),14,358
house,63,surname,Hispanic (est.),15,350
house,63,surname,Hispanic (est.),17,2
house,63,surname,Hispanic (est.),19,16
house,63,surname,Hispanic (est.),20,5
house,63,surname,Hispanic (est.),21,15
house,63,surname,Hispanic (est.),22,11
house,63,surname,Hispanic (est.),25,16
house,63,surname,Hispanic (est.),26,15
house,63,surname,Hispanic (est.),27,6
house,63,surname,Hispanic (est.),28,1
house,64,surname,All others (est.),4,5227
house,64,surname,All others (est.),5,3917
house,64,surname,All others (est.),6,3462
house,64,surname,All others (est.),7,3220
house,64,surname,All others (est.),8,3345
house,64,surname,All others (est.),9,1243
house,64,surname,All others (est.),10,2992
house,64,surname,All others (est.),11,3205
house,64,surname,All others (est.),12,3613
house,64,surname,All others (est.),13,3860
house,64,surname,All others (est.),14,4280
house,64,surname,All others (est.),15,3912
house,64,surname,All others (est.),17,31
house,64,surname,All others (est.),18,33
house,64,surname,All others (est.),19,185
house,64,surname,All others (est.),20,53
house,64,surname,All others (est.),21,156
house,64,surname,All others (est.),22,125
house,64,surname,All others (est.),25,194
house,64,surname,All others (est.),26,248
house,64,surname,All others (est.),27,28
house,64,surname,All others (est.),28,141
house,64,surname,All others (est.),29,45
house,64,surname,All others (est.),32,24
house,64,surname,All others (est.),33,51
house,64,surname,All others (est.),34,48
house,64,surname,All others (est.),35,8
house,64,surname,All others (est.),36,4
house,64,surname,Asian (est.),4,130
house,64,surname,Asian (est.),5,100
house,64,surname,Asian (est.),6,69
house,64,surname,Asian (est.),7,67
house,64,surname,Asian (est.),8,63
house,64,surname,Asian (est.),9,32
house,64,surname,Asian (est.),10,66
house,64,surname,Asian (est.),11,63
house,64,surname,Asian (est.),12,68
house,64,surname,Asian (est.),13,74
house,64,surname,Asian (est.),14,87
house,64,surname,Asian (est.),15,65
house,64,surname,Asian (est.),19,3
house,64,surname,Asian (est.),21,2
house,64,surname,Asian (est.),22,2
house,64,surname,Asian (est.),25,3
house,64,surname,Asian (est.),26,8
house,64,surname,Asian (est.),27,2
house,64,surname,Asian (est.),28,2
house,64,surname,Asian (est.),33,1
house,64,surname,Hispanic (est.),4,687
house,64,surname,Hispanic (est.),5,516
house,64,surname,Hispanic (est.),6,410
house,64,surname,Hispanic (est.),7,353
house,64,surname,Hispanic (est.),8,346
house,64,surname,Hispanic (est.),9,176
house,64,surname,Hispanic (est.),10,354
house,64,surname,Hispanic (est.),11,326
house,64,surname,Hispanic (est.),12,347
house,64,surname,Hispanic (est.),13,337
house,64,surname,Hispanic (est.),14,372
house,64,surname,Hispanic (est.),15,334
house,64,surname,Hispanic (est.),17,1
house,64,surname,Hispanic (est.),18,2
house,64,surname,Hispanic (est.),19,14
house,64,surname,Hispanic (est.),20,3
house,64,surname,Hispanic (est.),21,5
house,64,surname,Hispanic (est.),22,5
house,64,surname,Hispanic (est.),25,8
house,64,surname,Hispanic (est.),26,15
house,64,surname,Hispanic (est.),27,1
house,64,surname,Hispanic (est.),28,8
house,64,surname,Hispanic (est.),29,2
house,64,surname,Hispanic (est.),32,2
house,64,surname,Hispanic (est.),33,3
house,64,surname,Hispanic (est.),34,2
house,65,surname,All others (est.),4,5480
house,65,surname,All others (est.),5,4020
house,65,surname,All others (est.),6,3638
house,65,surname,All others (est.),7,3311
house,65,surname,All others (est.),8,3604
house,65,surname,All others (est.),9,1635
house,65,surname,All others (est.),10,3671
house,65,surname,All others (est.),11,3580
house,65,surname,All others (est.),12,3423
house,65,surname,All others (est.),13,3662
house,65,surname,All others (est.),14,3862
house,65,surname,All others (est.),15,3468
house,65,surname,All others (est.),17,28
house,65,surname,All others (est.),18,7
house,65,surname,All others (est.),19,181
house,65,surname,All others (est.),20,33
house,65,surname,All others (est.),21,167
house,65,surname,All others (est.),22,114
house,65,surname,All others (est.),25,183
house,65,surname,All others (est.),26,268
house,65,surname,All others (est.),27,34
house,65,surname,All others (est.),28,71
house,65,surname,Asian (est.),4,477
house,65,surname,Asian (est.),5,291
house,65,surname,Asian (est.),6,235
house,65,surname,Asian (est.),7,233
house,65,surname,Asian (est.),8,238
house,65,surname,Asian (est.),9,137
house,65,surname,Asian (est.),10,306
house,65,surname,Asian (est.),11,225
house,65,surname,Asian (est.),12,197
house,65,surname,Asian (est.),13,196
house,65,surname,Asian (est.),14,242
house,65,surname,Asian (est.),15,169
house,65,surname,Asian (est.),17,1
house,65,surname,Asian (est.),18,2
house,65,surname,Asian (est.),19,8
house,65,surname,Asian (est.),20,3
house,65,surname,Asian (est.),21,5
house,65,surname,Asian (est.),22,5
house,65,surname,Asian (est.),25,6
house,65,surname,Asian (est.),26,14
house,65,surname,Asian (est.),27,3
house,65,surname,Asian (est.),28,3
house,65,surname,Hispanic (est.),4,780
house,65,surname,Hispanic (est.),5,488
house,65,surname,Hispanic (est.),6,425
house,65,surname,Hispanic (est.),7,395
house,65,surname,Hispanic (est.),8,397
house,65,surname,Hispanic (est.),9,189
house,65,surname,Hispanic (est.),10,502
house,65,surname,Hispanic (est.),11,363
house,65,surname,Hispanic (est.),12,360
house,65,surname,Hispanic (est.),13,387
house,65,surname,Hispanic (est.),14,402
house,65,surname,Hispanic (est.),15,339
house,65,surname,Hispanic (est.),17,2
house,65,surname,Hispanic (est.),19,11
house,65,surname,Hispanic (est.),20,2
house,65,surname,Hispanic (est.),21,15
house,65,surname,Hispanic (est.),22,7
house,65,surname,Hispanic (est.),25,14
house,65,surname,Hispanic (est.),26,15
house,65,surname,Hispanic (est.),27,4
house,65,surname,Hispanic (est.),28,8
house,66,surname,All others (est.),4,5546
house,66,surname,All others (est.),5,4301
house,66,surname,All others (est.),6,3741
house,66,surname,All others (est.),7,3498
house,66,surname,All others (est.),8,3793
house,66,surname,All others (est.),9,1504
house,66,surname,All others (est.),10,3563
house,66,surname,All others (est.),11,3304
house,66,surname,All others (est.),12,3472
house,66,surname,All others (est.),13,3697
house,66,surname,All others (est.),14,4176
house,66,surname,All others (est.),15,3503
house,66,surname,All others (est.),17,11
house,66,surname,All others (est.),18,61
house,66,surname,All others (est.),19,99
house,66,surname,All others (est.),20,65
house,66,surname,All others (est.),21,132
house,66,surname,All others (est.),22,98
house,66,surname,All others (est.),23,1
house,66,surname,All others (est.),24,3
house,66,surname,All others (est.),25,73
house,66,surname,All others (est.),26,137
house,66,surname,All others (est.),27,109
house,66,surname,All others (est.),28,49
house,66,surname,All others (est.),31,8
house,66,surname,All others (est.),32,21
house,66,surname,All others (est.),33,21
house,66,surname,All others (est.),34,11
house,66,surname,All others (est.),35,7
house,66,surname,Asian (est.),4,675
house,66,surname,Asian (est.),5,438
house,66,surname,Asian (est.),6,379
house,66,surname,Asian (est.),7,304
house,66,surname,Asian (est.),8,330
house,66,surname,Asian (est.),9,218
house,66,surname,Asian (est.),10,504
house,66,surname,Asian (est.),11,283
house,66,surname,Asian (est.),12,281
house,66,surname,Asian (est.),13,291
house,66,surname,Asian (est.),14,291
house,66,surname,Asian (est.),15,246
house,66,surname,Asian (est.),18,3
house,66,surname,Asian (est.),19,7
house,66,surname,Asian (est.),20,5
house,66,surname,Asian (est.),21,9
house,66,surname,Asian (est.),22,2
house,66,surname,Asian (est.),24,2
house,66,surname,Asian (est.),25,3
house,66,surname,Asian (est.),26,5
house,66,surname,Asian (est.),27,14
house,66,surname,Asian (est.),28,1
house,66,surname,Asian (est.),32,3
house,66,surname,Asian (est.),34,2
house,66,surname,Hispanic (est.),4,632
house,66,surname,Hispanic (est.),5,474
house,66,surname,Hispanic (est.),6,389
house,66,surname,Hispanic (est.),7,343
house,66,surname,Hispanic (est.),8,365
house,66,surname,Hispanic (est.),9,197
house,66,surname,Hispanic (est.),10,398
house,66,surname,Hispanic (est.),11,318
house,66,surname,Hispanic (est.),12,313
house,66,surname,Hispanic (est.),13,325
house,66,surname,Hispanic (est.),14,359
house,66,surname,Hispanic (est.),15,337
house,66,surname,Hispanic (est.),17,1
house,66,surname,Hispanic (est.),18,5
house,66,surname,Hispanic (est.),19,7
house,66,surname,Hispanic (est.),20,2
house,66,surname,Hispanic (est.),21,11
house,66,surname,Hispanic (est.),22,8
house,66,surname,Hispanic (est.),25,8
house,66,surname,Hispanic (est.),26,11
house,66,surname,Hispanic (est.),27,9
house,66,surname,Hispanic (est.),28,5
house,66,surname,Hispanic (est.),32,3
house,66,surname,Hispanic (est.),33,2
house,66,surname,Hispanic (est.),34,1
house,67,surname,All others (est.),4,5033
house,67,surname,All others (est.),5,3971
house,67,surname,All others (est.),6,3312
house,67,surname,All others (est.),7,3210
house,67,surname,All others (est.),8,3407
house,67,surname,All others (est.),9,1175
house,67,surname,All others (est.),10,2973
house,67,surname,All others (est.),11,2984
house,67,surname,All others (est.),12,3194
house,67,surname,All others (est.),13,3552
house,67,surname,All others (est.),14,3738
house,67,surname,All others (est.),15,3285
house,67,surname,All others (est.),17,5
house,67,surname,All others (est.),18,52
house,67,surname,All others (est.),19,75
house,67,surname,All others (est.),20,82
house,67,surname,All others (est.),21,90
house,67,surname,All others (est.),22,78
house,67,surname,All others (est.),24,4
house,67,surname,All others (est.),25,88
house,67,surname,All others (est.),26,127
house,67,surname,All others (est.),27,87
house,67,surname,All others (est.),28,87
house,67,surname,All others (est.),31,3
house,67,surname,All others (est.),32,63
house,67,surname,All others (est.),33,39
house,67,surname,All others (est.),34,41
house,67,surname,All others (est.),35,4
house,67,surname,Asian (est.),4,481
house,67,surname,Asian (est.),5,341
house,67,surname,Asian (est.),6,252
house,67,surname,Asian (est.),7,237
house,67,surname,Asian (est.),8,266
house,67,surname,Asian (est.),9,141
house,67,surname,Asian (est.),10,349
house,67,surname,Asian (est.),11,194
house,67,surname,Asian (est.),12,179
house,67,surname,Asian (est.),13,210
house,67,surname,Asian (est.),14,192
house,67,surname,Asian (est.),15,161
house,67,surname,Asian (est.),17,1
house,67,surname,Asian (est.),18,5
house,67,surname,Asian (est.),19,7
house,67,surname,Asian (est.),20,4
house,67,surname,Asian (est.),21,5
house,67,surname,Asian (est.),22,4
house,67,surname,Asian (est.),25,3
house,67,surname,Asian (est.),26,9
house,67,surname,Asian (est.),27,3
house,67,surname,Asian (est.),28,6
house,67,surname,Asian (est.),32,1
house,67,surname,Asian (est.),34,1
house,67,surname,Asian (est.),35,1
house,67,surname,Hispanic (est.),4,671
house,67,surname,Hispanic (est.),5,477
house,67,surname,Hispanic (est.),6,372
house,67,surname,Hispanic (est.),7,341
house,67,surname,Hispanic (est.),8,353
house,67,surname,Hispanic (est.),9,146
house,67,surname,Hispanic (est.),10,434
house,67,surname,Hispanic (est.),11,299
house,67,surname,Hispanic (est.),12,308
house,67,surname,Hispanic (est.),13,303
house,67,surname,Hispanic (est.),14,337
house,67,surname,Hispanic (est.),15,322
house,67,surname,Hispanic (est.),17,2
house,67,surname,Hispanic (est.),18,2
house,67,surname,Hispanic (est.),19,4
house,67,surname,Hispanic (est.),20,4
house,67,surname,Hispanic (est.),21,5
house,67,surname,Hispanic (est.),22,8
house,67,surname,Hispanic (est.),25,6
house,67,surname,Hispanic (est.),26,7
house,67,surname,Hispanic (est.),27,6
house,67,surname,Hispanic (est.),28,5
house,67,surname,Hispanic (est.),32,3
house,67,surname,Hispanic (est.),33,2
house,67,surname,Hispanic (est.),34,2
house,68,surname,All others (est.),4,4246
house,68,surname,All others (est.),5,3016
house,68,surname,All others (est.),6,2440
house,68,surname,All others (est.),7,3025
house,68,surname,All others (est.),8,3157
house,68,surname,All others (est.),9,7
house,68,surname,All others (est.),10,100
house,68,surname,All others (est.),11,3641
house,68,surname,All others (est.),12,3304
house,68,surname,All others (est.),13,3790
house,68,surname,All others (est.),14,4591
house,68,surname,All others (est.),15,4241
house,68,surname,All others (est.),18,54
house,68,surname,All others (est.),19,71
house,68,surname,All others (est.),20,82
house,68,surname,All others (est.),21,38
house,68,surname,All others (est.),22,175
house,68,surname,All others (est.),23,6
house,68,surname,All others (est.),25,134
house,68,surname,All others (est.),26,41
house,68,surname,All others (est.),27,35
house,68,surname,All others (est.),28,62
house,68,surname,All others (est.),30,2
house,68,surname,All others (est.),32,26
house,68,surname,All others (est.),33,28
house,68,surname,All others (est.),34,27
house,68,surname,All others (est.),35,2
house,68,surname,All others (est.),36,36
house,68,surname,All others (est.),37,38
house,68,surname,Asian (est.),4,45
house,68,surname,Asian (est.),5,36
house,68,surname,Asian (est.),6,30
house,68,surname,Asian (est.),7,36
house,68,surname,Asian (est.),8,40
house,68,surname,Asian (est.),10,1
house,68,surname,Asian (est.),11,48
house,68,surname,Asian (est.),12,41
house,68,surname,Asian (est.),13,45
house,68,surname,Asian (est.),14,55
house,68,surname,Asian (est.),15,60
house,68,surname,Asian (est.),19,1
house,68,surname,Asian (est.),20,1
house,68,surname,Asian (est.),21,1
house,68,surname,Asian (est.),22,3
house,68,surname,Asian (est.),25,1
house,68,surname,Asian (est.),28,2
house,68,surname,Asian (est.),34,1
house,68,surname,Hispanic (est.),4,351
house,68,surname,Hispanic (est.),5,233
house,68,surname,Hispanic (est.),6,182
house,68,surname,Hispanic (est.),7,200
house,68,surname,Hispanic (est.),8,217
house,68,surname,Hispanic (est.),10,8
house,68,surname,Hispanic (est.),11,260
house,68,surname,Hispanic (est.),12,202
house,68,surname,Hispanic (est.),13,222
house,68,surname,Hispanic (est.),14,284
house,68,surname,Hispanic (est.),15,278
house,68,surname,Hispanic (est.),18,1
house,68,surname,Hispanic (est.),19,2
house,68,surname,Hispanic (est.),20,7
house,68,surname,Hispanic (est.),21,1
house,68,surname,Hispanic (est.),22,13
house,68,surname,Hispanic (est.),25,5
house,68,surname,Hispanic (est.),26,1
house,68,surname,Hispanic (est.),27,1
house,68,surname,Hispanic (est.),28,2
house,68,surname,Hispanic (est.),32,1
house,68,surname,Hispanic (est.),33,1
house,68,surname,Hispanic (est.),34,1
house,68,surname,Hispanic (est.),35,1
house,68,surname,Hispanic (est.),36,1
house,68,surname,Hispanic (est.),37,2
house,69,surname,All others (est.),4,3255
house,69,surname,All others (est.),5,2422
house,69,surname,All others (est.),6,2261
house,69,surname,All others (est.),7,2148
house,69,surname,All others (est.),8,2253
house,69,surname,All others (est.),9,418
house,69,surname,All others (est.),10,1165
house,69,surname,All others (est.),11,2391
house,69,surname,All others (est.),12,2654
house,69,surname,All others (est.),13,2603
house,69,surname,All others (est.),14,3054
house,69,surname,All others (est.),15,3113
house,69,surname,All others (est.),18,121
house,69,surname,All others (est.),19,25
house,69,surname,All others (est.),20,19
house,69,surname,All others (est.),21,36
house,69,surname,All others (est.),22,178
house,69,surname,All others (est.),25,72
house,69,surname,All others (est.),26,41
house,69,surname,All others (est.),27,65
house,69,surname,All others (est.),28,124
house,69,surname,All others (est.),32,69
house,69,surname,All others (est.),33,106
house,69,surname,All others (est.),34,9
house,69,surname,All others (est.),35,8
house,69,surname,All others (est.),36,140
house,69,surname,All others (est.),37,28
house,69,surname,Asian (est.),4,71
house,69,surname,Asian (est.),5,45
house,69,surname,Asian (est.),6,42
house,69,surname,Asian (est.),7,37
house,69,surname,Asian (est.),8,38
house,69,surname,Asian (est.),9,10
house,69,surname,Asian (est.),10,22
house,69,surname,Asian (est.),11,40
house,69,surname,Asian (est.),12,44
house,69,surname,Asian (est.),13,40
house,69,surname,Asian (est.),14,47
house,69,surname,Asian (est.),15,53
house,69,surname,Asian (est.),18,4
house,69,surname,Asian (est.),21,1
house,69,surname,Asian (est.),22,2
house,69,surname,Asian (est.),25,1
house,69,surname,Asian (est.),27,1
house,69,surname,Asian (est.),28,1
house,69,surname,Asian (est.),32,1
house,69,surname,Asian (est.),33,1
house,69,surname,Asian (est.),36,1
house,69,surname,Asian (est.),37,1
house,69,surname,Hispanic (est.),4,300
house,69,surname,Hispanic (est.),5,205
house,69,surname,Hispanic (est.),6,186
house,69,surname,Hispanic (est.),7,171
house,69,surname,Hispanic (est.),8,193
house,69,surname,Hispanic (est.),9,35
house,69,surname,Hispanic (est.),10,101
house,69,surname,Hispanic (est.),11,205
house,69,surname,Hispanic (est.),12,211
house,69,surname,Hispanic (est.),13,184
house,69,surname,Hispanic (est.),14,212
house,69,surname,Hispanic (est.),15,253
house,69,surname,Hispanic (est.),18,8
house,69,surname,Hispanic (est.),19,6
house,69,surname,Hispanic (est.),20,1
house,69,surname,Hispanic (est.),21,4
house,69,surname,Hispanic (est.),22,19
house,69,surname,Hispanic (est.),25,5
house,69,surname,Hispanic (est.),26,5
house,69,surname,Hispanic (est.),27,4
house,69,surname,Hispanic (est.),28,8
house,69,surname,Hispanic (est.),32,4
house,69,surname,Hispanic (est.),33,7
house,69,surname,Hispanic (est.),36,9
house,69,surname,Hispanic (est.),37,1
house,7,surname,All others (est.),4,4163
house,7,surname,All others (est.),5,3127
house,7,surname,All others (est.),6,2499
house,7,surname,All others (est.),7,2594
house,7,surname,All others (est.),8,2692
house,7,surname,All others (est.),9,277
house,7,surname,All others (est.),10,1219
house,7,surname,All others (est.),11,3326
house,7,surname,All others (est.),12,3510
house,7,surname,All others (est.),13,3770
house,7,surname,All others (est.),14,4110
house,7,surname,All others (est.),15,4761
house,7,surname,All others (est.),18,100
house,7,surname,All others (est.),19,95
house,7,surname,All others (est.),20,129
house,7,surname,All others (est.),21,39
house,7,surname,All others (est.),22,227
house,7,surname,All others (est.),25,115
house,7,surname,All others (est.),26,123
house,7,surname,All others (est.),27,72
house,7,surname,All others (est.),28,62
house,7,surname,All others (est.),29,102
house,7,surname,All others (est.),32,20
house,7,surname,All others (est.),33,9
house,7,surname,All others (est.),34,7
house,7,surname,All others (est.),36,10
house,7,surname,All others (est.),37,2
house,7,surname,Asian (est.),4,65
house,7,surname,Asian (est.),5,42
house,7,surname,Asian (est.),6,31
house,7,surname,Asian (est.),7,39
house,7,surname,Asian (est.),8,35
house,7,surname,Asian (est.),9,3
house,7,surname,Asian (est.),10,15
house,7,surname,Asian (est.),11,54
house,7,surname,Asian (est.),12,48
house,7,surname,Asian (est.),13,48
house,7,surname,Asian (est.),14,50
house,7,surname,Asian (est.),15,63
house,7,surname,Asian (est.),18,1
house,7,surname,Asian (est.),19,4
house,7,surname,Asian (est.),20,2
house,7,surname,Asian (est.),22,2
house,7,surname,Asian (est.),25,2
house,7,surname,Asian (est.),26,2
house,7,surname,Asian (est.),28,1
house,7,surname,Asian (est.),29,1
house,7,surname,Hispanic (est.),4,264
house,7,surname,Hispanic (est.),5,180
house,7,surname,Hispanic (est.),6,135
house,7,surname,Hispanic (est.),7,139
house,7,surname,Hispanic (est.),8,135
house,7,surname,Hispanic (est.),9,23
house,7,surname,Hispanic (est.),10,78
house,7,surname,Hispanic (est.),11,184
house,7,surname,Hispanic (est.),12,170
house,7,surname,Hispanic (est.),13,192
house,7,surname,Hispanic (est.),14,193
house,7,surname,Hispanic (est.),15,224
house,7,surname,Hispanic (est.),18,4
house,7,surname,Hispanic (est.),19,5
house,7,surname,Hispanic (est.),20,6
house,7,surname,Hispanic (est.),21,1
house,7,surname,Hispanic (est.),22,9
house,7,surname,Hispanic (est.),25,6
house,7,surname,Hispanic (est.),26,6
house,7,surname,Hispanic (est.),27,3
house,7,surname,Hispanic (est.),28,3
house,7,surname,Hispanic (est.),29,5
house,7,surname,Hispanic (est.),32,2
house,7,surname,Hispanic (est.),33,2
house,7,surname,Hispanic (est.),36,1
house,70,surname,All others (est.),4,4216
house,70,surname,All others (est.),5,3383
house,70,surname,All others (est.),6,2820
house,70,surname,All others (est.),7,2819
house,70,surname,All others (est.),8,2879
house,70,surname,All others (est.),9,1373
house,70,surname,All others (est.),10,2889
house,70,surname,All others (est.),11,2666
house,70,surname,All others (est.),12,3199
house,70,surname,All others (est.),13,3403
house,70,surname,All others (est.),14,3687
house,70,surname,All others (est.),15,3006
house,70,surname,All others (est.),16,1
house,70,surname,All others (est.),17,8
house,70,surname,All others (est.),18,154
house,70,surname,All others (est.),19,146
house,70,surname,All others (est.),20,24
house,70,surname,All others (est.),21,186
house,70,surname,All others (est.),22,122
house,70,surname,All others (est.),24,6
house,70,surname,All others (est.),25,126
house,70,surname,All others (est.),26,123
house,70,surname,All others (est.),27,195
house,70,surname,All others (est.),28,27
house,70,surname,All others (est.),31,6
house,70,surname,All others (est.),32,57
house,70,surname,All others (est.),33,63
house,70,surname,All others (est.),34,35
house,70,surname,Asian (est.),4,654
house,70,surname,Asian (est.),5,450
house,70,surname,Asian (est.),6,321
house,70,surname,Asian (est.),7,343
house,70,surname,Asian (est.),8,306
house,70,surname,Asian (est.),9,228
house,70,surname,Asian (est.),10,447
house,70,surname,Asian (est.),11,268
house,70,surname,Asian (est.),12,264
house,70,surname,Asian (est.),13,276
house,70,surname,Asian (est.),14,263
house,70,surname,Asian (est.),15,229
house,70,surname,Asian (est.),18,6
house,70,surname,Asian (est.),19,8
house,70,surname,Asian (est.),20,1
house,70,surname,Asian (est.),21,17
house,70,surname,Asian (est.),22,10
house,70,surname,Asian (est.),25,4
house,70,surname,Asian (est.),26,8
house,70,surname,Asian (est.),27,10
house,70,surname,Asian (est.),28,5
house,70,surname,Asian (est.),32,5
house,70,surname,Asian (est.),33,2
house,70,surname,Asian (est.),34,1
house,70,surname,Hispanic (est.),4,561
house,70,surname,Hispanic (est.),5,405
house,70,surname,Hispanic (est.),6,302
house,70,surname,Hispanic (est.),7,312
house,70,surname,Hispanic (est.),8,325
house,70,surname,Hispanic (est.),9,190
house,70,surname,Hispanic (est.),10,373
house,70,surname,Hispanic (est.),11,265
house,70,surname,Hispanic (est.),12,278
house,70,surname,Hispanic (est.),13,313
house,70,surname,Hispanic (est.),14,338
house,70,surname,Hispanic (est.),15,281
house,70,surname,Hispanic (est.),18,6
house,70,surname,Hispanic (est.),19,9
house,70,surname,Hispanic (est.),20,1
house,70,surname,Hispanic (est.),21,13
house,70,surname,Hispanic (est.),22,12
house,70,surname,Hispanic (est.),25,6
house,70,surname,Hispanic (est.),26,9
house,70,surname,Hispanic (est.),27,11
house,70,surname,Hispanic (est.),28,2
house,70,surname,Hispanic (est.),31,1
house,70,surname,Hispanic (est.),32,3
house,70,surname,Hispanic (est.),33,3
house,70,surname,Hispanic (est.),34,6
house,71,surname,All others (est.),4,3314
house,71,surname,All others (est.),5,2447
house,71,surname,All others (est.),6,2171
house,71,surname,All others (est.),7,2464
house,71,surname,All others (est.),8,2382
house,71,surname,All others (est.),9,643
house,71,surname,All others (est.),10,1503
house,71,surname,All others (est.),11,2412
house,71,surname,All others (est.),12,2565
house,71,surname,All others (est.),13,2559
house,71,surname,All others (est.),14,3042
house,71,surname,All others (est.),15,3029
house,71,surname,All others (est.),17,43
house,71,surname,All others (est.),18,48
house,71,surname,All others (est.),19,46
house,71,surname,All others (est.),20,53
house,71,surname,All others (est.),21,57
house,71,surname,All others (est.),22,60
house,71,surname,All others (est.),23,43
house,71,surname,All others (est.),25,46
house,71,surname,All others (est.),26,97
house,71,surname,All others (est.),27,66
house,71,surname,All others (est.),28,53
house,71,surname,All others (est.),29,23
house,71,surname,All others (est.),32,55
house,71,surname,All others (est.),33,68
house,71,surname,All others (est.),34,76
house,71,surname,All others (est.),35,103
house,71,surname,All others (est.),36,51
house,71,surname,All others (est.),37,21
house,71,surname,Asian (est.),4,56
house,71,surname,Asian (est.),5,45
house,71,surname,Asian (est.),6,38
house,71,surname,Asian (est.),7,36
house,71,surname,Asian (est.),8,37
house,71,surname,Asian (est.),9,12
house,71,surname,Asian (est.),10,24
house,71,surname,Asian (est.),11,49
house,71,surname,Asian (est.),12,35
house,71,surname,Asian (est.),13,43
house,71,surname,Asian (est.),14,46
house,71,surname,Asian (est.),15,43
house,71,surname,Asian (est.),17,1
house,71,surname,Asian (est.),18,2
house,71,surname,Asian (est.),19,1
house,71,surname,Asian (est.),20,2
house,71,surname,Asian (est.),21,1
house,71,surname,Asian (est.),25,1
house,71,surname,Asian (est.),26,1
house,71,surname,Asian (est.),27,1
house,71,surname,Asian (est.),28,1
house,71,surname,Asian (est.),29,1
house,71,surname,Asian (est.),32,1
house,71,surname,Asian (est.),33,1
house,71,surname,Asian (est.),34,1
house,71,surname,Asian (est.),35,1
house,71,surname,Asian (est.),36,1
house,71,surname,Hispanic (est.),4,467
house,71,surname,Hispanic (est.),5,283
house,71,surname,Hispanic (est.),6,270
house,71,surname,Hispanic (est.),7,275
house,71,surname,Hispanic (est.),8,262
house,71,surname,Hispanic (est.),9,91
house,71,surname,Hispanic (est.),10,193
house,71,surname,Hispanic (est.),11,284
house,71,surname,Hispanic (est.),12,255
house,71,surname,Hispanic (est.),13,276
house,71,surname,Hispanic (est.),14,329
house,71,surname,Hispanic (est.),15,266
house,71,surname,Hispanic (est.),17,1
house,71,surname,Hispanic (est.),18,4
house,71,surname,Hispanic (est.),19,5
house,71,surname,Hispanic (est.),20,5
house,71,surname,Hispanic (est.),21,7
house,71,surname,Hispanic (est.),22,6
house,71,surname,Hispanic (est.),23,2
house,71,surname,Hispanic (est.),25,7
house,71,surname,Hispanic (est.),26,7
house,71,surname,Hispanic (est.),27,6
house,71,surname,Hispanic (est.),28,3
house,71,surname,Hispanic (est.),29,1
house,71,surname,Hispanic (est.),32,7
house,71,surname,Hispanic (est.),33,6
house,71,surname,Hispanic (est.),34,8
house,71,surname,Hispanic (est.),35,9
house,71,surname,Hispanic (est.),36,2
house,72,surname,All others (est.),4,2937
house,72,surname,All others (est.),5,2264
house,72,surname,All others (est.),6,1953
house,72,surname,All others (est.),7,2036
house,72,surname,All others (est.),8,2150
house,72,surname,All others (est.),9,349
house,72,surname,All others (est.),10,978
house,72,surname,All others (est.),11,2378
house,72,surname,All others (est.),12,2368
house,72,surname,All others (est.),13,2580
house,72,surname,All others (est.),14,2665
house,72,surname,All others (est.),15,2633
house,72,surname,All others (est.),17,23
house,72,surname,All others (est.),18,44
house,72,surname,All others (est.),19,95
house,72,surname,All others (est.),20,93
house,72,surname,All others (est.),21,61
house,72,surname,All others (est.),22,180
house,72,surname,All others (est.),25,49
house,72,surname,All others (est.),26,108
house,72,surname,All others (est.),27,77
house,72,surname,All others (est.),28,106
house,72,surname,All others (est.),31,32
house,72,surname,All others (est.),32,60
house,72,surname,All others (est.),33,65
house,72,surname,All others (est.),34,86
house,72,surname,All others (est.),35,51
house,72,surname,All others (est.),36,50
house,72,surname,Asian (est.),4,55
house,72,surname,Asian (est.),5,41
house,72,surname,Asian (est.),6,28
house,72,surname,Asian (est.),7,25
house,72,surname,Asian (est.),8,38
house,72,surname,Asian (est.),9,8
house,72,surname,Asian (est.),10,16
house,72,surname,Asian (est.),11,35
house,72,surname,Asian (est.),12,37
house,72,surname,Asian (est.),13,44
house,72,surname,Asian (est.),14,39
house,72,surname,Asian (est.),15,37
house,72,surname,Asian (est.),19,4
house,72,surname,Asian (est.),20,1
house,72,surname,Asian (est.),21,1
house,72,surname,Asian (est.),22,3
house,72,surname,Asian (est.),25,1
house,72,surname,Asian (est.),26,1
house,72,surname,Asian (est.),27,1
house,72,surname,Asian (est.),28,1
house,72,surname,Asian (est.),32,1
house,72,surname,Asian (est.),33,2
house,72,surname,Asian (est.),34,1
house,72,surname,Asian (est.),35,1
house,72,surname,Asian (est.),36,1
house,72,surname,Hispanic (est.),4,728
house,72,surname,Hispanic (est.),5,470
house,72,surname,Hispanic (est.),6,335
house,72,surname,Hispanic (est.),7,350
house,72,surname,Hispanic (est.),8,365
house,72,surname,Hispanic (est.),9,71
house,72,surname,Hispanic (est.),10,210
house,72,surname,Hispanic (est.),11,425
house,72,surname,Hispanic (est.),12,364
house,72,surname,Hispanic (est.),13,361
house,72,surname,Hispanic (est.),14,381
house,72,surname,Hispanic (est.),15,357
house,72,surname,Hispanic (est.),17,5
house,72,surname,Hispanic (est.),18,2
house,72,surname,Hispanic (est.),19,15
house,72,surname,Hispanic (est.),20,17
house,72,surname,Hispanic (est.),21,8
house,72,surname,Hispanic (est.),22,28
house,72,surname,Hispanic (est.),25,7
house,72,surname,Hispanic (est.),26,14
house,72,surname,Hispanic (est.),27,12
house,72,surname,Hispanic (est.),28,13
house,72,surname,Hispanic (est.),31,10
house,72,surname,Hispanic (est.),32,11
house,72,surname,Hispanic (est.),33,11
house,72,surname,Hispanic (est.),34,14
house,72,surname,Hispanic (est.),35,15
house,72,surname,Hispanic (est.),36,8
house,73,surname,All others (est.),4,6522
house,73,surname,All others (est.),5,5060
house,73,surname,All others (est.),6,4639
house,73,surname,All others (est.),7,4673
house,73,surname,All others (est.),8,4846
house,73,surname,All others (est.),9,1421
house,73,surname,All others (est.),10,3666
house,73,surname,All others (est.),11,5504
house,73,surname,All others (est.),12,5109
house,73,surname,All others (est.),13,5628
house,73,surname,All others (est.),14,5622
house,73,surname,All others (est.),15,5809
house,73,surname,All others (est.),17,151
house,73,surname,All others (est.),18,123
house,73,surname,All others (est.),19,158
house,73,surname,All others (est.),20,223
house,73,surname,All others (est.),21,111
house,73,surname,All others (est.),22,215
house,73,surname,All others (est.),25,159
house,73,surname,All others (est.),26,368
house,73,surname,All others (est.),27,65
house,73,surname,All others (est.),28,151
house,73,surname,All others (est.),32,121
house,73,surname,All others (est.),33,62
house,73,surname,Asian (est.),4,153
house,73,surname,Asian (est.),5,109
house,73,surname,Asian (est.),6,91
house,73,surname,Asian (est.),7,98
house,73,surname,Asian (est.),8,97
house,73,surname,Asian (est.),9,29
house,73,surname,Asian (est.),10,78
house,73,surname,Asian (est.),11,105
house,73,surname,Asian (est.),12,110
house,73,surname,Asian (est.),13,115
house,73,surname,Asian (est.),14,102
house,73,surname,Asian (est.),15,115
house,73,surname,Asian (est.),17,5
house,73,surname,Asian (est.),18,2
house,73,surname,Asian (est.),19,3
house,73,surname,Asian (est.),20,5
house,73,surname,Asian (est.),21,2
house,73,surname,Asian (est.),22,3
house,73,surname,Asian (est.),25,2
house,73,surname,Asian (est.),26,7
house,73,surname,Asian (est.),27,1
house,73,surname,Asian (est.),28,3
house,73,surname,Asian (est.),32,2
house,73,surname,Asian (est.),33,1
house,73,surname,Hispanic (est.),4,1131
house,73,surname,Hispanic (est.),5,790
house,73,surname,Hispanic (est.),6,657
house,73,surname,Hispanic (est.),7,650
house,73,surname,Hispanic (est.),8,703
house,73,surname,Hispanic (est.),9,253
house,73,surname,Hispanic (est.),10,662
house,73,surname,Hispanic (est.),11,725
house,73,surname,Hispanic (est.),12,658
house,73,surname,Hispanic (est.),13,689
house,73,surname,Hispanic (est.),14,722
house,73,surname,Hispanic (est.),15,775
house,73,surname,Hispanic (est.),17,11
house,73,surname,Hispanic (est.),18,7
house,73,surname,Hispanic (est.),19,14
house,73,surname,Hispanic (est.),20,15
house,73,surname,Hispanic (est.),21,10
house,73,surname,Hispanic (est.),22,22
house,73,surname,Hispanic (est.),25,13
house,73,surname,Hispanic (est.),26,35
house,73,surname,Hispanic (est.),27,8
house,73,surname,Hispanic (est.),28,18
house,73,surname,Hispanic (est.),32,11
house,73,surname,Hispanic (est.),33,5
house,74,surname,All others (est.),4,1162
house,74,surname,All others (est.),5,824
house,74,surname,All others (est.),6,766
house,74,surname,All others (est.),7,694
house,74,surname,All others (est.),8,717
house,74,surname,All others (est.),9,159
house,74,surname,All others (est.),10,379
house,74,surname,All others (est.),11,906
house,74,surname,All others (est.),12,870
house,74,surname,All others (est.),13,919
house,74,surname,All others (est.),14,1141
house,74,surname,All others (est.),15,1309
house,74,surname,All others (est.),16,1
house,74,surname,All others (est.),17,5
house,74,surname,All others (est.),18,36
house,74,surname,All others (est.),19,32
house,74,surname,All others (est.),20,28
house,74,surname,All others (est.),21,16
house,74,surname,All others (est.),22,24
house,74,surname,All others (est.),24,2
house,74,surname,All others (est.),25,9
house,74,surname,All others (est.),26,13
house,74,surname,All others (est.),27,14
house,74,surname,All others (est.),28,31
house,74,surname,All others (est.),32,9
house,74,surname,All others (est.),33,17
house,74,surname,All others (est.),34,4
house,74,surname,All others (est.),35,1
house,74,surname,All others (est.),36,5
house,74,surname,All others (est.),37,4
house,74,surname,Asian (est.),4,65
house,74,surname,Asian (est.),5,48
house,74,surname,Asian (est.),6,38
house,74,surname,Asian (est.),7,42
house,74,surname,Asian (est.),8,32
house,74,surname,Asian (est.),9,12
house,74,surname,Asian (est.),10,30
house,74,surname,Asian (est.),11,40
house,74,surname,Asian (est.),12,40
house,74,surname,Asian (est.),13,36
house,74,surname,Asian (est.),14,44
house,74,surname,Asian (est.),15,56
house,74,surname,Asian (est.),18,1
house,74,surname,Asian (est.),19,3
house,74,surname,Asian (est.),20,2
house,74,surname,Asian (est.),21,1
house,74,surname,Asian (est.),22,1
house,74,surname,Asian (est.),27,1
house,74,surname,Asian (est.),28,1
house,74,surname,Asian (est.),33,1
house,74,surname,Hispanic (est.),4,2518
house,74,surname,Hispanic (est.),5,1446
house,74,surname,Hispanic (est.),6,1213
house,74,surname,Hispanic (est.),7,1252
house,74,surname,Hispanic (est.),8,1000
house,74,surname,Hispanic (est.),9,417
house,74,surname,Hispanic (est.),10,1190
house,74,surname,Hispanic (est.),11,1288
house,74,surname,Hispanic (est.),12,1174
house,74,surname,Hispanic (est.),13,1238
house,74,surname,Hispanic (est.),14,1267
house,74,surname,Hispanic (est.),15,1386
house,74,surname,Hispanic (est.),16,19
house,74,surname,Hispanic (est.),17,8
house,74,surname,Hispanic (est.),18,32
house,74,surname,Hispanic (est.),19,48
house,74,surname,Hispanic (est.),20,43
house,74,surname,Hispanic (est.),21,15
house,74,surname,Hispanic (est.),22,21
house,74,surname,Hispanic (est.),24,16
house,74,surname,Hispanic (est.),25,3
house,74,surname,Hispanic (est.),26,12
house,74,surname,Hispanic (est.),27,14
house,74,surname,Hispanic (est.),28,37
house,74,surname,Hispanic (est.),32,12
house,74,surname,Hispanic (est.),33,23
house,74,surname,Hispanic (est.),35,7
house,74,surname,Hispanic (est.),36,7
house,74,surname,Hispanic (est.),37,9
house,75,surname,All others (est.),4,707
house,75,surname,All others (est.),5,403
house,75,surname,All others (est.),6,337
house,75,surname,All others (est.),7,242
house,75,surname,All others (est.),8,276
house,75,surname,All others (est.),9,128
house,75,surname,All others (est.),10,219
house,75,surname,All others (est.),11,343
house,75,surname,All others (est.),12,345
house,75,surname,All others (est.),13,346
house,75,surname,All others (est.),14,411
house,75,surname,All others (est.),15,409
house,75,surname,All others (est.),17,9
house,75,surname,All others (est.),18,2
house,75,surname,All others (est.),19,3
house,75,surname,All others (est.),20,5
house,75,surname,All others (est.),21,6
house,75,surname,All others (est.),22,11
house,75,surname,All others (est.),25,8
house,75,surname,All others (est.),26,9
house,75,surname,All others (est.),27,45
house,75,surname,Asian (est.),4,52
house,75,surname,Asian (est.),5,36
house,75,surname,Asian (est.),6,30
house,75,surname,Asian (est.),7,23
house,75,surname,Asian (est.),8,19
house,75,surname,Asian (est.),9,10
house,75,surname,Asian (est.),10,16
house,75,surname,Asian (est.),11,35
house,75,surname,Asian (est.),12,27
house,75,surname,Asian (est.),13,25
house,75,surname,Asian (est.),14,33
house,75,surname,Asian (est.),15,32
house,75,surname,Asian (est.),17,1
house,75,surname,Asian (est.),20,1
house,75,surname,Asian (est.),21,1
house,75,surname,Asian (est.),22,1
house,75,surname,Asian (est.),25,1
house,75,surname,Asian (est.),26,1
house,75,surname,Asian (est.),27,4
house,75,surname,Hispanic (est.),4,2344
house,75,surname,Hispanic (est.),5,1262
house,75,surname,Hispanic (est.),6,1027
house,75,surname,Hispanic (est.),7,809
house,75,surname,Hispanic (est.),8,698
house,75,surname,Hispanic (est.),9,372
house,75,surname,Hispanic (est.),10,635
house,75,surname,Hispanic (est.),11,1073
house,75,surname,Hispanic (est.),12,932
house,75,surname,Hispanic (est.),13,897
house,75,surname,Hispanic (est.),14,956
house,75,surname,Hispanic (est.),15,957
house,75,surname,Hispanic (est.),17,19
house,75,surname,Hispanic (est.),18,11
house,75,surname,Hispanic (est.),19,2
house,75,surname,Hispanic (est.),20,1
house,75,surname,Hispanic (est.),21,8
house,75,surname,Hispanic (est.),22,7
house,75,surname,Hispanic (est.),25,1
house,75,surname,Hispanic (est.),26,8
house,75,surname,Hispanic (est.),27,16
house,76,surname,All others (est.),4,3490
house,76,surname,All others (est.),5,2175
house,76,surname,All others (est.),6,1876
house,76,surname,All others (est.),7,1500
house,76,surname,All others (est.),8,1968
house,76,surname,All others (est.),9,618
house,76,surname,All others (est.),10,1601
house,76,surname,All others (est.),11,1980
house,76,surname,All others (est.),12,1969
house,76,surname,All others (est.),13,2039
house,76,surname,All others (est.),14,2216
house,76,surname,All others (est.),15,2394
house,76,surname,All others (est.),18,89
house,76,surname,All others (est.),19,85
house,76,surname,All others (est.),21,76
house,76,surname,All others (est.),22,46
house,76,surname,All others (est.),25,61
house,76,surname,All others (est.),26,157
house,76,surname,All others (est.),27,23
house,76,surname,All others (est.),28,130
house,76,surname,All others (est.),29,2
house,76,surname,All others (est.),32,42
house,76,surname,All others (est.),33,27
house,76,surname,All others (est.),34,1
house,76,surname,All others (est.),35,2
house,76,surname,Asian (est.),4,1168
house,76,surname,Asian (est.),5,703
house,76,surname,Asian (est.),6,532
house,76,surname,Asian (est.),7,430
house,76,surname,Asian (est.),8,491
house,76,surname,Asian (est.),9,239
house,76,surname,Asian (est.),10,560
house,76,surname,Asian (est.),11,461
house,76,surname,Asian (est.),12,510
house,76,surname,Asian (est.),13,493
house,76,surname,Asian (est.),14,457
house,76,surname,Asian (est.),15,412
house,76,surname,Asian (est.),18,26
house,76,surname,Asian (est.),19,15
house,76,surname,Asian (est.),21,12
house,76,surname,Asian (est.),22,13
house,76,surname,Asian (est.),25,15
house,76,surname,Asian (est.),26,25
house,76,surname,Asian (est.),27,4
house,76,surname,Asian (est.),28,25
house,76,surname,Asian (est.),32,4
house,76,surname,Asian (est.),33,2
house,76,surname,Asian (est.),35,1
house,76,surname,Asian (est.),37,1
house,76,surname,Hispanic (est.),4,912
house,76,surname,Hispanic (est.),5,514
house,76,surname,Hispanic (est.),6,395
house,76,surname,Hispanic (est.),7,308
house,76,surname,Hispanic (est.),8,413
house,76,surname,Hispanic (est.),9,145
house,76,surname,Hispanic (est.),10,373
house,76,surname,Hispanic (est.),11,396
house,76,surname,Hispanic (est.),12,422
house,76,surname,Hispanic (est.),13,404
house,76,surname,Hispanic (est.),14,430
house,76,surname,Hispanic (est.),15,440
house,76,surname,Hispanic (est.),18,11
house,76,surname,Hispanic (est.),19,9
house,76,surname,Hispanic (est.),21,7
house,76,surname,Hispanic (est.),22,2
house,76,surname,Hispanic (est.),25,15
house,76,surname,Hispanic (est.),26,12
house,76,surname,Hispanic (est.),27,4
house,76,surname,Hispanic (est.),28,20
house,76,surname,Hispanic (est.),32,5
house,76,surname,Hispanic (est.),33,3
house,76,surname,Hispanic (est.),34,1
house,77,surname,All others (est.),4,796
house,77,surname,All others (est.),5,544
house,77,surname,All others (est.),6,403
house,77,surname,All others (est.),7,360
house,77,surname,All others (est.),8,404
house,77,surname,All others (est.),9,132
house,77,surname,All others (est.),10,232
house,77,surname,All others (est.),11,425
house,77,surname,All others (est.),12,420
house,77,surname,All others (est.),13,437
house,77,surname,All others (est.),14,505
house,77,surname,All others (est.),15,492
house,77,surname,All others (est.),17,19
house,77,surname,All others (est.),18,13
house,77,surname,All others (est.),19,5
house,77,surname,All others (est.),20,8
house,77,surname,All others (est.),21,28
house,77,surname,All others (est.),22,47
house,77,surname,All others (est.),25,35
house,77,surname,All others (est.),26,51
house,77,surname,All others (est.),27,187
house,77,surname,Asian (est.),4,73
house,77,surname,Asian (est.),5,41
house,77,surname,Asian (est.),6,30
house,77,surname,Asian (est.),7,23
house,77,surname,Asian (est.),8,36
house,77,surname,Asian (est.),9,12
house,77,surname,Asian (est.),10,24
house,77,surname,Asian (est.),11,33
house,77,surname,Asian (est.),12,34
house,77,surname,Asian (est.),13,35
house,77,surname,Asian (est.),14,46
house,77,surname,Asian (est.),15,34
house,77,surname,Asian (est.),17,2
house,77,surname,Asian (est.),18,2
house,77,surname,Asian (est.),20,1
house,77,surname,Asian (est.),21,3
house,77,surname,Asian (est.),22,5
house,77,surname,Asian (est.),25,3
house,77,surname,Asian (est.),26,6
house,77,surname,Asian (est.),27,18
house,77,surname,Hispanic (est.),4,2358
house,77,surname,Hispanic (est.),5,1405
house,77,surname,Hispanic (est.),6,1151
house,77,surname,Hispanic (est.),7,950
house,77,surname,Hispanic (est.),8,913
house,77,surname,Hispanic (est.),9,301
house,77,surname,Hispanic (est.),10,572
house,77,surname,Hispanic (est.),11,1067
house,77,surname,Hispanic (est.),12,1078
house,77,surname,Hispanic (est.),13,1119
house,77,surname,Hispanic (est.),14,1170
house,77,surname,Hispanic (est.),15,1131
house,77,surname,Hispanic (est.),17,71
house,77,surname,Hispanic (est.),18,30
house,77,surname,Hispanic (est.),19,13
house,77,surname,Hispanic (est.),20,12
house,77,surname,Hispanic (est.),21,25
house,77,surname,Hispanic (est.),22,26
house,77,surname,Hispanic (est.),25,13
house,77,surname,Hispanic (est.),26,31
house,77,surname,Hispanic (est.),27,82
house,77,surname,Hispanic (est.),31,1
house,78,surname,All others (est.),4,2046
house,78,surname,All others (est.),5,1419
house,78,surname,All others (est.),6,1332
house,78,surname,All others (est.),7,1092
house,78,surname,All others (est.),8,1073
house,78,surname,All others (est.),9,348
house,78,surname,All others (est.),10,675
house,78,surname,All others (est.),11,1375
house,78,surname,All others (est.),12,1282
house,78,surname,All others (est.),13,1502
house,78,surname,All others (est.),14,1565
house,78,surname,All others (est.),15,1773
house,78,surname,All others (est.),17,32
house,78,surname,All others (est.),18,33
house,78,surname,All others (est.),19,8
house,78,surname,All others (est.),20,10
house,78,surname,All others (est.),21,32
house,78,surname,All others (est.),22,66
house,78,surname,All others (est.),25,55
house,78,surname,All others (est.),26,50
house,78,surname,All others (est.),27,180
house,78,surname,Asian (est.),4,124
house,78,surname,Asian (est.),5,92
house,78,surname,Asian (est.),6,74
house,78,surname,Asian (est.),7,58
house,78,surname,Asian (est.),8,52
house,78,surname,Asian (est.),9,28
house,78,surname,Asian (est.),10,49
house,78,surname,Asian (est.),11,77
house,78,surname,Asian (est.),12,78
house,78,surname,Asian (est.),13,80
house,78,surname,Asian (est.),14,82
house,78,surname,Asian (est.),15,90
house,78,surname,Asian (est.),17,1
house,78,surname,Asian (est.),18,2
house,78,surname,Asian (est.),20,1
house,78,surname,Asian (est.),21,2
house,78,surname,Asian (est.),22,5
house,78,surname,Asian (est.),25,4
house,78,surname,Asian (est.),26,4
house,78,surname,Asian (est.),27,14
house,78,surname,Hispanic (est.),4,2783
house,78,surname,Hispanic (est.),5,1703
house,78,surname,Hispanic (est.),6,1339
house,78,surname,Hispanic (est.),7,1135
house,78,surname,Hispanic (est.),8,962
house,78,surname,Hispanic (est.),9,386
house,78,surname,Hispanic (est.),10,669
house,78,surname,Hispanic (est.),11,1309
house,78,surname,Hispanic (est.),12,1211
house,78,surname,Hispanic (est.),13,1332
house,78,surname,Hispanic (est.),14,1367
house,78,surname,Hispanic (est.),15,1314
house,78,surname,Hispanic (est.),17,34
house,78,surname,Hispanic (est.),18,24
house,78,surname,Hispanic (est.),19,2
house,78,surname,Hispanic (est.),20,2
house,78,surname,Hispanic (est.),21,14
house,78,surname,Hispanic (est.),22,16
house,78,surname,Hispanic (est.),25,14
house,78,surname,Hispanic (est.),26,16
house,78,surname,Hispanic (est.),27,57
house,78,surname,Hispanic (est.),34,1
house,79,surname,All others (est.),4,1142
house,79,surname,All others (est.),5,817
house,79,surname,All others (est.),6,695
house,79,surname,All others (est.),7,614
house,79,surname,All others (est.),8,586
house,79,surname,All others (est.),9,177
house,79,surname,All others (est.),10,386
house,79,surname,All others (est.),11,692
house,79,surname,All others (est.),12,781
house,79,surname,All others (est.),13,799
house,79,surname,All others (est.),14,926
house,79,surname,All others (est.),15,948
house,79,surname,All others (est.),17,22
house,79,surname,All others (est.),18,17
house,79,surname,All others (est.),19,9
house,79,surname,All others (est.),20,13
house,79,surname,All others (est.),21,41
house,79,surname,All others (est.),22,83
house,79,surname,All others (est.),25,60
house,79,surname,All others (est.),26,90
house,79,surname,All others (est.),27,331
house,79,surname,Asian (est.),4,83
house,79,surname,Asian (est.),5,57
house,79,surname,Asian (est.),6,50
house,79,surname,Asian (est.),7,39
house,79,surname,Asian (est.),8,38
house,79,surname,Asian (est.),9,12
house,79,surname,Asian (est.),10,34
house,79,surname,Asian (est.),11,46
house,79,surname,Asian (est.),12,59
house,79,surname,Asian (est.),13,49
house,79,surname,Asian (est.),14,51
house,79,surname,Asian (est.),15,53
house,79,surname,Asian (est.),17,1
house,79,surname,Asian (est.),18,2
house,79,surname,Asian (est.),19,1
house,79,surname,Asian (est.),20,1
house,79,surname,Asian (est.),21,3
house,79,surname,Asian (est.),22,7
house,79,surname,Asian (est.),25,5
house,79,surname,Asian (est.),26,9
house,79,surname,Asian (est.),27,32
house,79,surname,Hispanic (est.),4,2882
house,79,surname,Hispanic (est.),5,1803
house,79,surname,Hispanic (est.),6,1470
house,79,surname,Hispanic (est.),7,1308
house,79,surname,Hispanic (est.),8,1155
house,79,surname,Hispanic (est.),9,397
house,79,surname,Hispanic (est.),10,763
house,79,surname,Hispanic (est.),11,1442
house,79,surname,Hispanic (est.),12,1406
house,79,surname,Hispanic (est.),13,1424
house,79,surname,Hispanic (est.),14,1634
house,79,surname,Hispanic (est.),15,1454
house,79,surname,Hispanic (est.),17,42
house,79,surname,Hispanic (est.),18,20
house,79,surname,Hispanic (est.),19,4
house,79,surname,Hispanic (est.),20,6
house,79,surname,Hispanic (est.),21,27
house,79,surname,Hispanic (est.),22,41
house,79,surname,Hispanic (est.),25,19
house,79,surname,Hispanic (est.),26,42
house,79,surname,Hispanic (est.),27,109
house,8,surname,All others (est.),4,3258
house,8,surname,All others (est.),5,2455
house,8,surname,All others (est.),6,2260
house,8,surname,All others (est.),7,2370
house,8,surname,All others (est.),8,2584
house,8,surname,All others (est.),9,508
house,8,surname,All others (est.),10,1133
house,8,surname,All others (est.),11,2763
house,8,surname,All others (est.),12,3125
house,8,surname,All others (est.),13,3226
house,8,surname,All others (est.),14,3323
house,8,surname,All others (est.),15,3562
house,8,surname,All others (est.),17,16
house,8,surname,All others (est.),18,190
house,8,surname,All others (est.),19,69
house,8,surname,All others (est.),20,65
house,8,surname,All others (est.),21,18
house,8,surname,All others (est.),22,124
house,8,surname,All others (est.),25,31
house,8,surname,All others (est.),26,60
house,8,surname,All others (est.),27,35
house,8,surname,All others (est.),28,40
house,8,surname,All others (est.),29,11
house,8,surname,All others (est.),33,37
house,8,surname,All others (est.),34,3
house,8,surname,All others (est.),35,2
house,8,surname,All others (est.),36,24
house,8,surname,All others (est.),37,3
house,8,surname,Asian (est.),4,59
house,8,surname,Asian (est.),5,34
house,8,surname,Asian (est.),6,31
house,8,surname,Asian (est.),7,35
house,8,surname,Asian (est.),8,33
house,8,surname,Asian (est.),9,10
house,8,surname,Asian (est.),10,20
house,8,surname,Asian (est.),11,31
house,8,surname,Asian (est.),12,39
house,8,surname,Asian (est.),13,37
house,8,surname,Asian (est.),14,38
house,8,surname,Asian (est.),15,42
house,8,surname,Asian (est.),18,2
house,8,surname,Asian (est.),19,1
house,8,surname,Asian (est.),20,1
house,8,surname,Asian (est.),22,1
house,8,surname,Asian (est.),28,1
house,8,surname,Hispanic (est.),4,271
house,8,surname,Hispanic (est.),5,177
house,8,surname,Hispanic (est.),6,149
house,8,surname,Hispanic (est.),7,169
house,8,surname,Hispanic (est.),8,171
house,8,surname,Hispanic (est.),9,39
house,8,surname,Hispanic (est.),10,95
house,8,surname,Hispanic (est.),11,163
house,8,surname,Hispanic (est.),12,181
house,8,surname,Hispanic (est.),13,209
house,8,surname,Hispanic (est.),14,170
house,8,surname,Hispanic (est.),15,212
house,8,surname,Hispanic (est.),17,1
house,8,surname,Hispanic (est.),18,7
house,8,surname,Hispanic (est.),19,3
house,8,surname,Hispanic (est.),20,3
house,8,surname,Hispanic (est.),22,3
house,8,surname,Hispanic (est.),25,1
house,8,surname,Hispanic (est.),26,3
house,8,surname,Hispanic (est.),27,4
house,8,surname,Hispanic (est.),28,2
house,8,surname,Hispanic (est.),33,3
house,8,surname,Hispanic (est.),34,2
house,8,surname,Hispanic (est.),36,3
house,80,surname,All others (est.),4,1160
house,80,surname,All others (est.),5,745
house,80,surname,All others (est.),6,657
house,80,surname,All others (est.),7,744
house,80,surname,All others (est.),8,649
house,80,surname,All others (est.),9,39
house,80,surname,All others (est.),10,577
house,80,surname,All others (est.),11,838
house,80,surname,All others (est.),12,920
house,80,surname,All others (est.),13,887
house,80,surname,All others (est.),14,1074
house,80,surname,All others (est.),15,1178
house,80,surname,All others (est.),18,18
house,80,surname,All others (est.),19,24
house,80,surname,All others (est.),20,27
house,80,surname,All others (est.),21,9
house,80,surname,All others (est.),22,31
house,80,surname,All others (est.),25,16
house,80,surname,All others (est.),26,26
house,80,surname,All others (est.),27,5
house,80,surname,All others (est.),28,34
house,80,surname,All others (est.),29,1
house,80,surname,All others (est.),32,12
house,80,surname,All others (est.),33,13
house,80,surname,All others (est.),34,5
house,80,surname,All others (est.),35,1
house,80,surname,Asian (est.),4,61
house,80,surname,Asian (est.),5,39
house,80,surname,Asian (est.),6,31
house,80,surname,Asian (est.),7,30
house,80,surname,Asian (est.),8,28
house,80,surname,Asian (est.),9,6
house,80,surname,Asian (est.),10,41
house,80,surname,Asian (est.),11,32
house,80,surname,Asian (est.),12,36
house,80,surname,Asian (est.),13,36
house,80,surname,Asian (est.),14,40
house,80,surname,Asian (est.),15,54
house,80,surname,Asian (est.),18,1
house,80,surname,Asian (est.),19,1
house,80,surname,Asian (est.),20,1
house,80,surname,Asian (est.),22,2
house,80,surname,Asian (est.),25,2
house,80,surname,Asian (est.),26,1
house,80,surname,Asian (est.),28,2
house,80,surname,Asian (est.),32,1
house,80,surname,Asian (est.),33,1
house,80,surname,Asian (est.),34,1
house,80,surname,Hispanic (est.),4,2219
house,80,surname,Hispanic (est.),5,1231
house,80,surname,Hispanic (est.),6,1098
house,80,surname,Hispanic (est.),7,1010
house,80,surname,Hispanic (est.),8,886
house,80,surname,Hispanic (est.),9,274
house,80,surname,Hispanic (est.),10,1555
house,80,surname,Hispanic (est.),11,1128
house,80,surname,Hispanic (est.),12,1060
house,80,surname,Hispanic (est.),13,1129
house,80,surname,Hispanic (est.),14,1262
house,80,surname,Hispanic (est.),15,1705
house,80,surname,Hispanic (est.),18,50
house,80,surname,Hispanic (est.),19,53
house,80,surname,Hispanic (est.),20,51
house,80,surname,Hispanic (est.),21,25
house,80,surname,Hispanic (est.),22,53
house,80,surname,Hispanic (est.),25,33
house,80,surname,Hispanic (est.),26,47
house,80,surname,Hispanic (est.),27,16
house,80,surname,Hispanic (est.),28,75
house,80,surname,Hispanic (est.),29,9
house,80,surname,Hispanic (est.),32,45
house,80,surname,Hispanic (est.),33,19
house,80,surname,Hispanic (est.),34,18
house,80,surname,Hispanic (est.),35,1
house,81,surname,All others (est.),4,1644
house,81,surname,All others (est.),5,1213
house,81,surname,All others (est.),6,994
house,81,surname,All others (est.),7,915
house,81,surname,All others (est.),8,809
house,81,surname,All others (est.),9,187
house,81,surname,All others (est.),10,531
house,81,surname,All others (est.),11,1124
house,81,surname,All others (est.),12,940
house,81,surname,All others (est.),13,1061
house,81,surname,All others (est.),14,1193
house,81,surname,All others (est.),15,1207
house,81,surname,All others (est.),18,11
house,81,surname,All others (est.),19,45
house,81,surname,All others (est.),20,11
house,81,surname,All others (est.),21,39
house,81,surname,All others (est.),22,44
house,81,surname,All others (est.),25,57
house,81,surname,All others (est.),26,2
house,81,surname,All others (est.),27,5
house,81,surname,All others (est.),28,8
house,81,surname,All others (est.),29,39
house,81,surname,All others (est.),32,25
house,81,surname,All others (est.),34,32
house,81,surname,All others (est.),35,61
house,81,surname,All others (est.),36,4
house,81,surname,Asian (est.),4,37
house,81,surname,Asian (est.),5,30
house,81,surname,Asian (est.),6,27
house,81,surname,Asian (est.),7,24
house,81,surname,Asian (est.),8,19
house,81,surname,Asian (est.),9,6
house,81,surname,Asian (est.),10,11
house,81,surname,Asian (est.),11,21
house,81,surname,Asian (est.),12,16
house,81,surname,Asian (est.),13,20
house,81,surname,Asian (est.),14,19
house,81,surname,Asian (est.),15,24
house,81,surname,Asian (est.),19,1
house,81,surname,Asian (est.),20,2
house,81,surname,Asian (est.),22,1
house,81,surname,Asian (est.),25,1
house,81,surname,Asian (est.),34,1
house,81,surname,Asian (est.),35,1
house,81,surname,Hispanic (est.),4,861
house,81,surname,Hispanic (est.),5,497
house,81,surname,Hispanic (est.),6,361
house,81,surname,Hispanic (est.),7,340
house,81,surname,Hispanic (est.),8,303
house,81,surname,Hispanic (est.),9,105
house,81,surname,Hispanic (est.),10,209
house,81,surname,Hispanic (est.),11,354
house,81,surname,Hispanic (est.),12,323
house,81,surname,Hispanic (est.),13,287
house,81,surname,Hispanic (est.),14,297
house,81,surname,Hispanic (est.),15,365
house,81,surname,Hispanic (est.),18,4
house,81,surname,Hispanic (est.),19,18
house,81,surname,Hispanic (est.),20,2
house,81,surname,Hispanic (est.),21,9
house,81,surname,Hispanic (est.),22,19
house,81,surname,Hispanic (est.),25,14
house,81,surname,Hispanic (est.),27,1
house,81,surname,Hispanic (est.),28,4
house,81,surname,Hispanic (est.),29,18
house,81,surname,Hispanic (est.),32,5
house,81,surname,Hispanic (est.),34,11
house,81,surname,Hispanic (est.),35,9
house,81,surname,Hispanic (est.),36,1
house,82,surname,All others (est.),4,3139
house,82,surname,All others (est.),5,2041
house,82,surname,All others (est.),6,1819
house,82,surname,All others (est.),7,1727
house,82,surname,All others (est.),8,1791
house,82,surname,All others (est.),9,389
house,82,surname,All others (est.),10,1102
house,82,surname,All others (est.),11,2387
house,82,surname,All others (est.),12,1977
house,82,surname,All others (est.),13,1964
house,82,surname,All others (est.),14,2107
house,82,surname,All others (est.),15,2213
house,82,surname,All others (est.),17,1
house,82,surname,All others (est.),18,22
house,82,surname,All others (est.),19,26
house,82,surname,All others (est.),20,48
house,82,surname,All others (est.),21,21
house,82,surname,All others (est.),22,4
house,82,surname,All others (est.),25,1
house,82,surname,All others (est.),26,1
house,82,surname,All others (est.),27,14
house,82,surname,All others (est.),28,2
house,82,surname,All others (est.),29,1
house,82,surname,All others (est.),33,7
house,82,surname,All others (est.),34,5
house,82,surname,All others (est.),35,3
house,82,surname,All others (est.),36,1
house,82,surname,Asian (est.),4,85
house,82,surname,Asian (est.),5,48
house,82,surname,Asian (est.),6,35
house,82,surname,Asian (est.),7,32
house,82,surname,Asian (est.),8,30
house,82,surname,Asian (est.),9,11
house,82,surname,Asian (est.),10,27
house,82,surname,Asian (est.),11,53
house,82,surname,Asian (est.),12,40
house,82,surname,Asian (est.),13,38
house,82,surname,Asian (est.),14,41
house,82,surname,Asian (est.),15,40
house,82,surname,Asian (est.),21,1
house,82,surname,Hispanic (est.),4,887
house,82,surname,Hispanic (est.),5,441
house,82,surname,Hispanic (est.),6,365
house,82,surname,Hispanic (est.),7,385
house,82,surname,Hispanic (est.),8,352
house,82,surname,Hispanic (est.),9,105
house,82,surname,Hispanic (est.),10,249
house,82,surname,Hispanic (est.),11,442
house,82,surname,Hispanic (est.),12,358
house,82,surname,Hispanic (est.),13,326
house,82,surname,Hispanic (est.),14,383
house,82,surname,Hispanic (est.),15,382
house,82,surname,Hispanic (est.),18,2
house,82,surname,Hispanic (est.),19,5
house,82,surname,Hispanic (est.),20,10
house,82,surname,Hispanic (est.),21,11
house,82,surname,Hispanic (est.),22,1
house,82,surname,Hispanic (est.),27,1
house,82,surname,Hispanic (est.),28,1
house,82,surname,Hispanic (est.),34,1
house,83,surname,All others (est.),4,3883
house,83,surname,All others (est.),5,2826
house,83,surname,All others (est.),6,2674
house,83,surname,All others (est.),7,2639
house,83,surname,All others (est.),8,2830
house,83,surname,All others (est.),9,830
house,83,surname,All others (est.),10,1602
house,83,surname,All others (est.),11,3051
house,83,surname,All others (est.),12,3269
house,83,surname,All others (est.),13,3329
house,83,surname,All others (est.),14,3583
house,83,surname,All others (est.),15,3788
house,83,surname,All others (est.),18,25
house,83,surname,All others (est.),19,22
house,83,surname,All others (est.),20,63
house,83,surname,All others (est.),21,66
house,83,surname,All others (est.),22,131
house,83,surname,All others (est.),25,49
house,83,surname,All others (est.),26,97
house,83,surname,All others (est.),27,124
house,83,surname,All others (est.),28,62
house,83,surname,All others (est.),29,2
house,83,surname,All others (est.),32,68
house,83,surname,All others (est.),33,43
house,83,surname,All others (est.),34,39
house,83,surname,All others (est.),35,64
house,83,surname,All others (est.),36,74
house,83,surname,All others (est.),37,3
house,83,surname,Asian (est.),4,73
house,83,surname,Asian (est.),5,56
house,83,surname,Asian (est.),6,50
house,83,surname,Asian (est.),7,43
house,83,surname,Asian (est.),8,44
house,83,surname,Asian (est.),9,19
house,83,surname,Asian (est.),10,36
house,83,surname,Asian (est.),11,54
house,83,surname,Asian (est.),12,48
house,83,surname,Asian (est.),13,57
house,83,surname,Asian (est.),14,53
house,83,surname,Asian (est.),15,54
house,83,surname,Asian (est.),21,1
house,83,surname,Asian (est.),22,1
house,83,surname,Asian (est.),25,1
house,83,surname,Asian (est.),26,1
house,83,surname,Asian (est.),27,1
house,83,surname,Asian (est.),28,1
house,83,surname,Asian (est.),32,1
house,83,surname,Asian (est.),34,1
house,83,surname,Asian (est.),35,1
house,83,surname,Asian (est.),36,1
house,83,surname,Hispanic (est.),4,806
house,83,surname,Hispanic (est.),5,513
house,83,surname,Hispanic (est.),6,418
house,83,surname,Hispanic (est.),7,401
house,83,surname,Hispanic (est.),8,392
house,83,surname,Hispanic (est.),9,131
house,83,surname,Hispanic (est.),10,273
house,83,surname,Hispanic (est.),11,459
house,83,surname,Hispanic (est.),12,449
house,83,surname,Hispanic (est.),13,402
house,83,surname,Hispanic (est.),14,473
house,83,surname,Hispanic (est.),15,497
house,83,surname,Hispanic (est.),18,2
house,83,surname,Hispanic (est.),19,1
house,83,surname,Hispanic (est.),20,9
house,83,surname,Hispanic (est.),21,3
house,83,surname,Hispanic (est.),22,11
house,83,surname,Hispanic (est.),25,10
house,83,surname,Hispanic (est.),26,5
house,83,surname,Hispanic (est.),27,17
house,83,surname,Hispanic (est.),28,8
house,83,surname,Hispanic (est.),32,10
house,83,surname,Hispanic (est.),33,2
house,83,surname,Hispanic (est.),34,3
house,83,surname,Hispanic (est.),35,4
house,83,surname,Hispanic (est.),36,6
house,83,surname,Hispanic (est.),37,2
house,84,surname,All others (est.),4,2921
house,84,surname,All others (est.),5,1813
house,84,surname,All others (est.),6,1871
house,84,surname,All others (est.),7,1540
house,84,surname,All others (est.),8,1515
house,84,surname,All others (est.),9,643
house,84,surname,All others (est.),10,1118
house,84,surname,All others (est.),11,1601
house,84,surname,All others (est.),12,1925
house,84,surname,All others (est.),13,1835
house,84,surname,All others (est.),14,2092
house,84,surname,All others (est.),15,2018
house,84,surname,All others (est.),18,7
house,84,surname,All others (est.),19,2
house,84,surname,All others (est.),20,32
house,84,surname,All others (est.),21,37
house,84,surname,All others (est.),22,50
house,84,surname,All others (est.),25,9
house,84,surname,All others (est.),26,37
house,84,surname,All others (est.),27,91
house,84,surname,All others (est.),28,52
house,84,surname,All others (est.),29,2
house,84,surname,All others (est.),32,40
house,84,surname,All others (est.),33,36
house,84,surname,All others (est.),34,38
house,84,surname,All others (est.),35,39
house,84,surname,All others (est.),36,71
house,84,surname,All others (est.),37,3
house,84,surname,Asian (est.),4,80
house,84,surname,Asian (est.),5,51
house,84,surname,Asian (est.),6,47
house,84,surname,Asian (est.),7,43
house,84,surname,Asian (est.),8,38
house,84,surname,Asian (est.),9,22
house,84,surname,Asian (est.),10,26
house,84,surname,Asian (est.),11,35
house,84,surname,Asian (est.),12,40
house,84,surname,Asian (est.),13,40
house,84,surname,Asian (est.),14,51
house,84,surname,Asian (est.),15,42
house,84,surname,Asian (est.),20,1
house,84,surname,Asian (est.),22,1
house,84,surname,Asian (est.),26,1
house,84,surname,Asian (est.),27,2
house,84,surname,Asian (est.),28,1
house,84,surname,Asian (est.),33,1
house,84,surname,Asian (est.),36,1
house,84,surname,Hispanic (est.),4,910
house,84,surname,Hispanic (est.),5,510
house,84,surname,Hispanic (est.),6,448
house,84,surname,Hispanic (est.),7,415
house,84,surname,Hispanic (est.),8,336
house,84,surname,Hispanic (est.),9,149
house,84,surname,Hispanic (est.),10,291
house,84,surname,Hispanic (est.),11,402
house,84,surname,Hispanic (est.),12,444
house,84,surname,Hispanic (est.),13,423
house,84,surname,Hispanic (est.),14,492
house,84,surname,Hispanic (est.),15,500
house,84,surname,Hispanic (est.),18,1
house,84,surname,Hispanic (est.),19,1
house,84,surname,Hispanic (est.),20,7
house,84,surname,Hispanic (est.),21,8
house,84,surname,Hispanic (est.),22,8
house,84,surname,Hispanic (est.),25,3
house,84,surname,Hispanic (est.),26,6
house,84,surname,Hispanic (est.),27,28
house,84,surname,Hispanic (est.),28,9
house,84,surname,Hispanic (est.),29,1
house,84,surname,Hispanic (est.),32,8
house,84,surname,Hispanic (est.),33,9
house,84,surname,Hispanic (est.),34,7
house,84,surname,Hispanic (est.),35,10
house,84,surname,Hispanic (est.),36,12
house,85,surname,All others (est.),4,4641
house,85,surname,All others (est.),5,3179
house,85,surname,All others (est.),6,3009
house,85,surname,All others (est.),7,2497
house,85,surname,All others (est.),8,2883
house,85,surname,All others (est.),9,698
house,85,surname,All others (est.),10,1523
house,85,surname,All others (est.),11,3492
house,85,surname,All others (est.),12,3289
house,85,surname,All others (est.),13,3620
house,85,surname,All others (est.),14,3599
house,85,surname,All others (est.),15,4136
house,85,surname,All others (est.),18,93
house,85,surname,All others (est.),19,83
house,85,surname,All others (est.),20,100
house,85,surname,All others (est.),21,26
house,85,surname,All others (est.),22,174
house,85,surname,All others (est.),24,1
house,85,surname,All others (est.),25,114
house,85,surname,All others (est.),26,121
house,85,surname,All others (est.),27,11
house,85,surname,All others (est.),28,86
house,85,surname,All others (est.),29,2
house,85,surname,All others (est.),32,20
house,85,surname,All others (est.),33,32
house,85,surname,All others (est.),34,32
house,85,surname,All others (est.),35,9
house,85,surname,All others (est.),36,36
house,85,surname,All others (est.),37,68
house,85,surname,Asian (est.),4,447
house,85,surname,Asian (est.),5,262
house,85,surname,Asian (est.),6,230
house,85,surname,Asian (est.),7,156
house,85,surname,Asian (est.),8,203
house,85,surname,Asian (est.),9,131
house,85,surname,Asian (est.),10,219
house,85,surname,Asian (est.),11,265
house,85,surname,Asian (est.),12,198
house,85,surname,Asian (est.),13,204
house,85,surname,Asian (est.),14,206
house,85,surname,Asian (est.),15,206
house,85,surname,Asian (est.),18,7
house,85,surname,Asian (est.),19,6
house,85,surname,Asian (est.),20,2
house,85,surname,Asian (est.),21,3
house,85,surname,Asian (est.),22,3
house,85,surname,Asian (est.),25,3
house,85,surname,Asian (est.),26,6
house,85,surname,Asian (est.),27,1
house,85,surname,Asian (est.),28,3
house,85,surname,Asian (est.),33,1
house,85,surname,Asian (est.),34,2
house,85,surname,Asian (est.),37,1
house,85,surname,Hispanic (est.),4,717
house,85,surname,Hispanic (est.),5,435
house,85,surname,Hispanic (est.),6,350
house,85,surname,Hispanic (est.),7,299
house,85,surname,Hispanic (est.),8,321
house,85,surname,Hispanic (est.),9,93
house,85,surname,Hispanic (est.),10,240
house,85,surname,Hispanic (est.),11,454
house,85,surname,Hispanic (est.),12,349
house,85,surname,Hispanic (est.),13,388
house,85,surname,Hispanic (est.),14,361
house,85,surname,Hispanic (est.),15,415
house,85,surname,Hispanic (est.),18,6
house,85,surname,Hispanic (est.),19,12
house,85,surname,Hispanic (est.),20,11
house,85,surname,Hispanic (est.),21,3
house,85,surname,Hispanic (est.),22,11
house,85,surname,Hispanic (est.),25,8
house,85,surname,Hispanic (est.),26,15
house,85,surname,Hispanic (est.),27,2
house,85,surname,Hispanic (est.),28,7
house,85,surname,Hispanic (est.),32,1
house,85,surname,Hispanic (est.),33,1
house,85,surname,Hispanic (est.),34,2
house,85,surname,Hispanic (est.),35,2
house,85,surname,Hispanic (est.),36,4
house,85,surname,Hispanic (est.),37,8
house,86,surname,All others (est.),4,4426
house,86,surname,All others (est.),5,2604
house,86,surname,All others (est.),6,2375
house,86,surname,All others (est.),7,2364
house,86,surname,All others (est.),8,2410
house,86,surname,All others (est.),9,649
house,86,surname,All others (est.),10,2016
house,86,surname,All others (est.),11,3106
house,86,surname,All others (est.),12,2703
house,86,surname,All others (est.),13,2822
house,86,surname,All others (est.),14,3172
house,86,surname,All others (est.),15,2783
house,86,surname,All others (est.),18,87
house,86,surname,All others (est.),19,107
house,86,surname,All others (est.),20,108
house,86,surname,All others (est.),21,40
house,86,surname,All others (est.),22,225
house,86,surname,All others (est.),25,92
house,86,surname,All others (est.),26,192
house,86,surname,All others (est.),27,58
house,86,surname,All others (est.),28,97
house,86,surname,All others (est.),29,107
house,86,surname,All others (est.),32,98
house,86,surname,All others (est.),33,86
house,86,surname,All others (est.),34,156
house,86,surname,All others (est.),35,6
house,86,surname,All others (est.),36,210
house,86,surname,All others (est.),37,20
house,86,surname,Asian (est.),4,92
house,86,surname,Asian (est.),5,46
house,86,surname,Asian (est.),6,38
house,86,surname,Asian (est.),7,37
house,86,surname,Asian (est.),8,44
house,86,surname,Asian (est.),9,12
house,86,surname,Asian (est.),10,44
house,86,surname,Asian (est.),11,52
house,86,surname,Asian (est.),12,40
house,86,surname,Asian (est.),13,38
house,86,surname,Asian (est.),14,48
house,86,surname,Asian (est.),15,47
house,86,surname,Asian (est.),18,1
house,86,surname,Asian (est.),19,1
house,86,surname,Asian (est.),20,1
house,86,surname,Asian (est.),22,3
house,86,surname,Asian (est.),25,1
house,86,surname,Asian (est.),26,4
house,86,surname,Asian (est.),27,1
house,86,surname,Asian (est.),28,1
house,86,surname,Asian (est.),29,1
house,86,surname,Asian (est.),32,1
house,86,surname,Asian (est.),33,1
house,86,surname,Asian (est.),34,2
house,86,surname,Asian (est.),36,3
house,86,surname,Hispanic (est.),4,726
house,86,surname,Hispanic (est.),5,326
house,86,surname,Hispanic (est.),6,314
house,86,surname,Hispanic (est.),7,280
house,86,surname,Hispanic (est.),8,303
house,86,surname,Hispanic (est.),9,76
house,86,surname,Hispanic (est.),10,225
house,86,surname,Hispanic (est.),11,401
house,86,surname,Hispanic (est.),12,261
house,86,surname,Hispanic (est.),13,251
house,86,surname,Hispanic (est.),14,273
house,86,surname,Hispanic (est.),15,262
house,86,surname,Hispanic (est.),18,6
house,86,surname,Hispanic (est.),19,8
house,86,surname,Hispanic (est.),20,7
house,86,surname,Hispanic (est.),21,2
house,86,surname,Hispanic (est.),22,16
house,86,surname,Hispanic (est.),25,8
house,86,surname,Hispanic (est.),26,23
house,86,surname,Hispanic (est.),27,5
house,86,surname,Hispanic (est.),28,13
house,86,surname,Hispanic (est.),29,9
house,86,surname,Hispanic (est.),32,8
house,86,surname,Hispanic (est.),33,8
house,86,surname,Hispanic (est.),34,6
house,86,surname,Hispanic (est.),36,13
house,86,surname,Hispanic (est.),37,1
house,87,surname,All others (est.),4,2326
house,87,surname,All others (est.),5,1612
house,87,surname,All others (est.),6,1431
house,87,surname,All others (est.),7,1431
house,87,surname,All others (est.),8,1453
house,87,surname,All others (est.),9,209
house,87,surname,All others (est.),10,776
house,87,surname,All others (est.),11,1875
house,87,surname,All others (est.),12,1622
house,87,surname,All others (est.),13,1875
house,87,surname,All others (est.),14,2024
house,87,surname,All others (est.),15,1859
house,87,surname,All others (est.),18,50
house,87,surname,All others (est.),19,86
house,87,surname,All others (est.),20,54
house,87,surname,All others (est.),21,51
house,87,surname,All others (est.),22,222
house,87,surname,All others (est.),25,19
house,87,surname,All others (est.),26,205
house,87,surname,All others (est.),27,74
house,87,surname,All others (est.),28,209
house,87,surname,All others (est.),29,11
house,87,surname,All others (est.),32,41
house,87,surname,All others (est.),33,19
house,87,surname,All others (est.),34,27
house,87,surname,All others (est.),35,4
house,87,surname,All others (est.),36,40
house,87,surname,All others (est.),37,23
house,87,surname,Asian (est.),4,46
house,87,surname,Asian (est.),5,29
house,87,surname,Asian (est.),6,21
house,87,surname,Asian (est.),7,24
house,87,surname,Asian (est.),8,26
house,87,surname,Asian (est.),9,4
house,87,surname,Asian (est.),10,19
house,87,surname,Asian (est.),11,30
house,87,surname,Asian (est.),12,23
house,87,surname,Asian (est.),13,23
house,87,surname,Asian (est.),14,32
house,87,surname,Asian (est.),15,29
house,87,surname,Asian (est.),18,1
house,87,surname,Asian (est.),19,2
house,87,surname,Asian (est.),20,1
house,87,surname,Asian (est.),21,1
house,87,surname,Asian (est.),22,2
house,87,surname,Asian (est.),25,1
house,87,surname,Asian (est.),26,3
house,87,surname,Asian (est.),27,2
house,87,surname,Asian (est.),28,2
house,87,surname,Asian (est.),36,1
house,87,surname,Hispanic (est.),4,432
house,87,surname,Hispanic (est.),5,264
house,87,surname,Hispanic (est.),6,233
house,87,surname,Hispanic (est.),7,202
house,87,surname,Hispanic (est.),8,165
house,87,surname,Hispanic (est.),9,31
house,87,surname,Hispanic (est.),10,140
house,87,surname,Hispanic (est.),11,231
house,87,surname,Hispanic (est.),12,217
house,87,surname,Hispanic (est.),13,192
house,87,surname,Hispanic (est.),14,203
house,87,surname,Hispanic (est.),15,231
house,87,surname,Hispanic (est.),18,7
house,87,surname,Hispanic (est.),19,4
house,87,surname,Hispanic (est.),20,8
house,87,surname,Hispanic (est.),21,4
house,87,surname,Hispanic (est.),22,20
house,87,surname,Hispanic (est.),25,3
house,87,surname,Hispanic (est.),26,23
house,87,surname,Hispanic (est.),27,4
house,87,surname,Hispanic (est.),28,16
house,87,surname,Hispanic (est.),32,2
house,87,surname,Hispanic (est.),33,1
house,87,surname,Hispanic (est.),34,1
house,87,surname,Hispanic (est.),36,3
house,87,surname,Hispanic (est.),37,1
house,88,surname,All others (est.),4,2242
house,88,surname,All others (est.),5,1567
house,88,surname,All others (est.),6,1351
house,88,surname,All others (est.),7,1448
house,88,surname,All others (est.),8,1583
house,88,surname,All others (est.),11,1912
house,88,surname,All others (est.),12,1670
house,88,surname,All others (est.),13,2000
house,88,surname,All others (est.),14,1846
house,88,surname,All others (est.),15,1884
house,88,surname,All others (est.),16,3
house,88,surname,All others (est.),18,62
house,88,surname,All others (est.),19,40
house,88,surname,All others (est.),20,67
house,88,surname,All others (est.),21,20
house,88,surname,All others (est.),22,132
house,88,surname,All others (est.),23,2
house,88,surname,All others (est.),25,47
house,88,surname,All others (est.),26,80
house,88,surname,All others (est.),27,71
house,88,surname,All others (est.),28,62
house,88,surname,All others (est.),29,2
house,88,surname,All others (est.),32,49
house,88,surname,All others (est.),33,38
house,88,surname,All others (est.),34,30
house,88,surname,All others (est.),35,31
house,88,surname,All others (est.),36,42
house,88,surname,All others (est.),37,73
house,88,surname,Asian (est.),4,35
house,88,surname,Asian (est.),5,22
house,88,surname,Asian (est.),6,20
house,88,surname,Asian (est.),7,20
house,88,surname,Asian (est.),8,20
house,88,surname,Asian (est.),11,22
house,88,surname,Asian (est.),12,21
house,88,surname,Asian (est.),13,25
house,88,surname,Asian (est.),14,23
house,88,surname,Asian (est.),15,30
house,88,surname,Asian (est.),18,1
house,88,surname,Asian (est.),19,2
house,88,surname,Asian (est.),20,1
house,88,surname,Asian (est.),22,1
house,88,surname,Asian (est.),26,1
house,88,surname,Asian (est.),27,1
house,88,surname,Asian (est.),28,1
house,88,surname,Asian (est.),33,1
house,88,surname,Asian (est.),35,1
house,88,surname,Asian (est.),37,1
house,88,surname,Hispanic (est.),4,484
house,88,surname,Hispanic (est.),5,270
house,88,surname,Hispanic (est.),6,227
house,88,surname,Hispanic (est.),7,232
house,88,surname,Hispanic (est.),8,244
house,88,surname,Hispanic (est.),11,262
house,88,surname,Hispanic (est.),12,200
house,88,surname,Hispanic (est.),13,289
house,88,surname,Hispanic (est.),14,214
house,88,surname,Hispanic (est.),15,243
house,88,surname,Hispanic (est.),18,4
house,88,surname,Hispanic (est.),19,11
house,88,surname,Hispanic (est.),20,6
house,88,surname,Hispanic (est.),21,6
house,88,surname,Hispanic (est.),22,11
house,88,surname,Hispanic (est.),25,7
house,88,surname,Hispanic (est.),26,14
house,88,surname,Hispanic (est.),27,7
house,88,surname,Hispanic (est.),28,8
house,88,surname,Hispanic (est.),32,1
house,88,surname,Hispanic (est.),33,3
house,88,surname,Hispanic (est.),34,3
house,88,surname,Hispanic (est.),35,2
house,88,surname,Hispanic (est.),36,1
house,88,surname,Hispanic (est.),37,4
house,89,surname,All others (est.),4,5103
house,89,surname,All others (est.),5,3988
house,89,surname,All others (est.),6,3249
house,89,surname,All others (est.),7,3286
house,89,surname,All others (est.),8,3315
house,89,surname,All others (est.),9,1213
house,89,surname,All others (est.),10,3201
house,89,surname,All others (est.),11,3021
house,89,surname,All others (est.),12,3321
house,89,surname,All others (est.),13,3277
house,89,surname,All others (est.),14,3529
house,89,surname,All others (est.),15,2917
house,89,surname,All others (est.),17,7
house,89,surname,All others (est.),18,53
house,89,surname,All others (est.),19,56
house,89,surname,All others (est.),20,61
house,89,surname,All others (est.),21,99
house,89,surname,All others (est.),22,73
house,89,surname,All others (est.),24,5
house,89,surname,All others (est.),25,78
house,89,surname,All others (est.),26,121
house,89,surname,All others (est.),27,102
house,89,surname,All others (est.),28,63
house,89,surname,All others (est.),31,2
house,89,surname,All others (est.),32,39
house,89,surname,All others (est.),33,33
house,89,surname,All others (est.),34,20
house,89,surname,All others (est.),35,3
house,89,surname,Asian (est.),4,523
house,89,surname,Asian (est.),5,359
house,89,surname,Asian (est.),6,232
house,89,surname,Asian (est.),7,238
house,89,surname,Asian (est.),8,251
house,89,surname,Asian (est.),9,143
house,89,surname,Asian (est.),10,276
house,89,surname,Asian (est.),11,220
house,89,surname,Asian (est.),12,208
house,89,surname,Asian (est.),13,167
house,89,surname,Asian (est.),14,162
house,89,surname,Asian (est.),15,144
house,89,surname,Asian (est.),18,3
house,89,surname,Asian (est.),19,1
house,89,surname,Asian (est.),20,3
house,89,surname,Asian (est.),21,7
house,89,surname,Asian (est.),22,6
house,89,surname,Asian (est.),25,2
house,89,surname,Asian (est.),26,4
house,89,surname,Asian (est.),27,3
house,89,surname,Asian (est.),28,1
house,89,surname,Asian (est.),32,1
house,89,surname,Hispanic (est.),4,688
house,89,surname,Hispanic (est.),5,491
house,89,surname,Hispanic (est.),6,394
house,89,surname,Hispanic (est.),7,387
house,89,surname,Hispanic (est.),8,341
house,89,surname,Hispanic (est.),9,159
house,89,surname,Hispanic (est.),10,408
house,89,surname,Hispanic (est.),11,339
house,89,surname,Hispanic (est.),12,327
house,89,surname,Hispanic (est.),13,331
house,89,surname,Hispanic (est.),14,379
house,89,surname,Hispanic (est.),15,297
house,89,surname,Hispanic (est.),18,5
house,89,surname,Hispanic (est.),19,4
house,89,surname,Hispanic (est.),20,6
house,89,surname,Hispanic (est.),21,8
house,89,surname,Hispanic (est.),22,7
house,89,surname,Hispanic (est.),25,3
house,89,surname,Hispanic (est.),26,8
house,89,surname,Hispanic (est.),27,7
house,89,surname,Hispanic (est.),28,6
house,89,surname,Hispanic (est.),32,2
house,89,surname,Hispanic (est.),33,2
house,9,surname,All others (est.),4,3950
house,9,surname,All others (est.),5,2697
house,9,surname,All others (est.),6,2546
house,9,surname,All others (est.),7,2639
house,9,surname,All others (est.),8,3052
house,9,surname,All others (est.),9,201
house,9,surname,All others (est.),10,1309
house,9,surname,All others (est.),11,3613
house,9,surname,All others (est.),12,3479
house,9,surname,All others (est.),13,3573
house,9,surname,All others (est.),14,4079
house,9,surname,All others (est.),15,4318
house,9,surname,All others (est.),18,131
house,9,surname,All others (est.),19,132
house,9,surname,All others (est.),20,23
house,9,surname,All others (est.),21,92
house,9,surname,All others (est.),22,294
house,9,surname,All others (est.),24,23
house,9,surname,All others (est.),25,335
house,9,surname,All others (est.),26,4
house,9,surname,All others (est.),27,266
house,9,surname,All others (est.),28,90
house,9,surname,All others (est.),31,69
house,9,surname,All others (est.),32,119
house,9,surname,All others (est.),33,25
house,9,surname,All others (est.),34,20
house,9,surname,All others (est.),35,54
house,9,surname,All others (est.),36,14
house,9,surname,All others (est.),37,84
house,9,surname,Asian (est.),4,62
house,9,surname,Asian (est.),5,44
house,9,surname,Asian (est.),6,38
house,9,surname,Asian (est.),7,43
house,9,surname,Asian (est.),8,38
house,9,surname,Asian (est.),9,5
house,9,surname,Asian (est.),10,20
house,9,surname,Asian (est.),11,47
house,9,surname,Asian (est.),12,43
house,9,surname,Asian (est.),13,50
house,9,surname,Asian (est.),14,47
house,9,surname,Asian (est.),15,52
house,9,surname,Asian (est.),18,2
house,9,surname,Asian (est.),19,5
house,9,surname,Asian (est.),21,2
house,9,surname,Asian (est.),22,7
house,9,surname,Asian (est.),24,1
house,9,surname,Asian (est.),25,5
house,9,surname,Asian (est.),27,4
house,9,surname,Asian (est.),28,1
house,9,surname,Asian (est.),31,1
house,9,surname,Asian (est.),32,1
house,9,surname,Asian (est.),33,1
house,9,surname,Asian (est.),35,1
house,9,surname,Asian (est.),37,1
house,9,surname,Hispanic (est.),4,350
house,9,surname,Hispanic (est.),5,200
house,9,surname,Hispanic (est.),6,174
house,9,surname,Hispanic (est.),7,154
house,9,surname,Hispanic (est.),8,189
house,9,surname,Hispanic (est.),9,16
house,9,surname,Hispanic (est.),10,100
house,9,surname,Hispanic (est.),11,241
house,9,surname,Hispanic (est.),12,214
house,9,surname,Hispanic (est.),13,202
house,9,surname,Hispanic (est.),14,199
house,9,surname,Hispanic (est.),15,263
house,9,surname,Hispanic (est.),18,8
house,9,surname,Hispanic (est.),19,7
house,9,surname,Hispanic (est.),20,2
house,9,surname,Hispanic (est.),21,4
house,9,surname,Hispanic (est.),22,13
house,9,surname,Hispanic (est.),24,2
house,9,surname,Hispanic (est.),25,17
house,9,surname,Hispanic (est.),27,18
house,9,surname,Hispanic (est.),28,4
house,9,surname,Hispanic (est.),31,3
house,9,surname,Hispanic (est.),32,8
house,9,surname,Hispanic (est.),33,1
house,9,surname,Hispanic (est.),34,1
house,9,surname,Hispanic (est.),35,3
house,9,surname,Hispanic (est.),37,4
house,90,surname,All others (est.),4,1837
house,90,surname,All others (est.),5,1467
house,90,surname,All others (est.),6,1173
house,90,surname,All others (est.),7,1068
house,90,surname,All others (est.),8,1183
house,90,surname,All others (est.),9,362
house,90,surname,All others (est.),10,928
house,90,surname,All others (est.),11,961
house,90,surname,All others (est.),12,1116
house,90,surname,All others (est.),13,1123
house,90,surname,All others (est.),14,1082
house,90,surname,All others (est.),15,1062
house,90,surname,All others (est.),18,60
house,90,surname,All others (est.),19,54
house,90,surname,All others (est.),20,75
house,90,surname,All others (est.),21,24
house,90,surname,All others (est.),22,170
house,90,surname,All others (est.),25,83
house,90,surname,All others (est.),26,7
house,90,surname,All others (est.),27,1
house,90,surname,All others (est.),28,1
house,90,surname,All others (est.),33,2
house,90,surname,All others (est.),34,2
house,90,surname,All others (est.),35,1
house,90,surname,Asian (est.),4,79
house,90,surname,Asian (est.),5,66
house,90,surname,Asian (est.),6,33
house,90,surname,Asian (est.),7,46
house,90,surname,Asian (est.),8,41
house,90,surname,Asian (est.),9,23
house,90,surname,Asian (est.),10,37
house,90,surname,Asian (est.),11,40
house,90,surname,Asian (est.),12,31
house,90,surname,Asian (est.),13,34
house,90,surname,Asian (est.),14,42
house,90,surname,Asian (est.),15,38
house,90,surname,Asian (est.),18,2
house,90,surname,Asian (est.),19,5
house,90,surname,Asian (est.),20,1
house,90,surname,Asian (est.),21,1
house,90,surname,Asian (est.),22,4
house,90,surname,Asian (est.),25,1
house,90,surname,Hispanic (est.),4,1158
house,90,surname,Hispanic (est.),5,727
house,90,surname,Hispanic (est.),6,541
house,90,surname,Hispanic (est.),7,463
house,90,surname,Hispanic (est.),8,402
house,90,surname,Hispanic (est.),9,136
house,90,surname,Hispanic (est.),10,490
house,90,surname,Hispanic (est.),11,378
house,90,surname,Hispanic (est.),12,372
house,90,surname,Hispanic (est.),13,380
house,90,surname,Hispanic (est.),14,369
house,90,surname,Hispanic (est.),15,340
house,90,surname,Hispanic (est.),18,8
house,90,surname,Hispanic (est.),19,12
house,90,surname,Hispanic (est.),20,16
house,90,surname,Hispanic (est.),21,8
house,90,surname,Hispanic (est.),22,48
house,90,surname,Hispanic (est.),25,22
house,90,surname,Hispanic (est.),26,1
house,91,surname,All others (est.),4,3758
house,91,surname,All others (est.),5,2970
house,91,surname,All others (est.),6,2664
house,91,surname,All others (est.),7,2494
house,91,surname,All others (est.),8,2642
house,91,surname,All others (est.),9,758
house,91,surname,All others (est.),10,2470
house,91,surname,All others (est.),11,2310
house,91,surname,All others (est.),12,2666
house,91,surname,All others (est.),13,2780
house,91,surname,All others (est.),14,3086
house,91,surname,All others (est.),15,2712
house,91,surname,All others (est.),18,81
house,91,surname,All others (est.),19,83
house,91,surname,All others (est.),20,114
house,91,surname,All others (est.),21,29
house,91,surname,All others (est.),22,120
house,91,surname,All others (est.),25,66
house,91,surname,All others (est.),26,3
house,91,surname,All others (est.),28,4
house,91,surname,All others (est.),32,3
house,91,surname,All others (est.),33,1
house,91,surname,All others (est.),34,4
house,91,surname,All others (est.),37,2
house,91,surname,Asian (est.),4,165
house,91,surname,Asian (est.),5,147
house,91,surname,Asian (est.),6,107
house,91,surname,Asian (est.),7,103
house,91,surname,Asian (est.),8,98
house,91,surname,Asian (est.),9,51
house,91,surname,Asian (est.),10,122
house,91,surname,Asian (est.),11,87
house,91,surname,Asian (est.),12,107
house,91,surname,Asian (est.),13,90
house,91,surname,Asian (est.),14,87
house,91,surname,Asian (est.),15,83
house,91,surname,Asian (est.),18,4
house,91,surname,Asian (est.),19,4
house,91,surname,Asian (est.),20,5
house,91,surname,Asian (est.),22,5
house,91,surname,Asian (est.),25,1
house,91,surname,Hispanic (est.),4,722
house,91,surname,Hispanic (est.),5,502
house,91,surname,Hispanic (est.),6,402
house,91,surname,Hispanic (est.),7,385
house,91,surname,Hispanic (est.),8,385
house,91,surname,Hispanic (est.),9,116
house,91,surname,Hispanic (est.),10,407
house,91,surname,Hispanic (est.),11,346
house,91,surname,Hispanic (est.),12,312
house,91,surname,Hispanic (est.),13,357
house,91,surname,Hispanic (est.),14,360
house,91,surname,Hispanic (est.),15,300
house,91,surname,Hispanic (est.),18,5
house,91,surname,Hispanic (est.),19,6
house,91,surname,Hispanic (est.),20,8
house,91,surname,Hispanic (est.),21,4
house,91,surname,Hispanic (est.),22,14
house,91,surname,Hispanic (est.),25,3
house,91,surname,Hispanic (est.),28,1
house,92,surname,All others (est.),4,2417
house,92,surname,All others (est.),5,1834
house,92,surname,All others (est.),6,1524
house,92,surname,All others (est.),7,1504
house,92,surname,All others (est.),8,1609
house,92,surname,All others (est.),9,519
house,92,surname,All others (est.),10,1553
house,92,surname,All others (est.),11,1417
house,92,surname,All others (est.),12,1483
house,92,surname,All others (est.),13,1657
house,92,surname,All others (est.),14,1687
house,92,surname,All others (est.),15,1524
house,92,surname,All others (est.),18,40
house,92,surname,All others (est.),19,63
house,92,surname,All others (est.),20,68
house,92,surname,All others (est.),21,19
house,92,surname,All others (est.),22,84
house,92,surname,All others (est.),25,45
house,92,surname,All others (est.),26,4
house,92,surname,All others (est.),28,1
house,92,surname,All others (est.),32,1
house,92,surname,All others (est.),33,1
house,92,surname,All others (est.),34,1
house,92,surname,Asian (est.),4,291
house,92,surname,Asian (est.),5,175
house,92,surname,Asian (est.),6,150
house,92,surname,Asian (est.),7,130
house,92,surname,Asian (est.),8,151
house,92,surname,Asian (est.),9,85
house,92,surname,Asian (est.),10,150
house,92,surname,Asian (est.),11,103
house,92,surname,Asian (est.),12,121
house,92,surname,Asian (est.),13,120
house,92,surname,Asian (est.),14,123
house,92,surname,Asian (est.),15,92
house,92,surname,Asian (est.),18,3
house,92,surname,Asian (est.),19,4
house,92,surname,Asian (est.),20,6
house,92,surname,Asian (est.),21,2
house,92,surname,Asian (est.),22,4
house,92,surname,Asian (est.),25,3
house,92,surname,Hispanic (est.),4,544
house,92,surname,Hispanic (est.),5,382
house,92,surname,Hispanic (est.),6,274
house,92,surname,Hispanic (est.),7,287
house,92,surname,Hispanic (est.),8,267
house,92,surname,Hispanic (est.),9,118
house,92,surname,Hispanic (est.),10,307
house,92,surname,Hispanic (est.),11,225
house,92,surname,Hispanic (est.),12,218
house,92,surname,Hispanic (est.),13,252
house,92,surname,Hispanic (est.),14,261
house,92,surname,Hispanic (est.),15,219
house,92,surname,Hispanic (est.),18,2
house,92,surname,Hispanic (est.),19,4
house,92,surname,Hispanic (est.),20,7
house,92,surname,Hispanic (est.),21,1
house,92,surname,Hispanic (est.),22,13
house,92,surname,Hispanic (est.),25,7
house,93,surname,All others (est.),4,4632
house,93,surname,All others (est.),5,3336
house,93,surname,All others (est.),6,2692
house,93,surname,All others (est.),7,2575
house,93,surname,All others (est.),8,2853
house,93,surname,All others (est.),9,956
house,93,surname,All others (est.),10,2644
house,93,surname,All others (est.),11,2664
house,93,surname,All others (est.),12,2511
house,93,surname,All others (est.),13,2612
house,93,surname,All others (est.),14,2689
house,93,surname,All others (est.),15,2312
house,93,surname,All others (est.),18,88
house,93,surname,All others (est.),19,84
house,93,surname,All others (est.),20,106
house,93,surname,All others (est.),21,41
house,93,surname,All others (est.),22,174
house,93,surname,All others (est.),25,68
house,93,surname,All others (est.),26,2
house,93,surname,All others (est.),28,4
house,93,surname,All others (est.),32,1
house,93,surname,All others (est.),33,3
house,93,surname,All others (est.),34,1
house,93,surname,All others (est.),37,2
house,93,surname,Asian (est.),4,212
house,93,surname,Asian (est.),5,185
house,93,surname,Asian (est.),6,144
house,93,surname,Asian (est.),7,122
house,93,surname,Asian (est.),8,110
house,93,surname,Asian (est.),9,67
house,93,surname,Asian (est.),10,140
house,93,surname,Asian (est.),11,115
house,93,surname,Asian (est.),12,104
house,93,surname,Asian (est.),13,99
house,93,surname,Asian (est.),14,111
house,93,surname,Asian (est.),15,95
house,93,surname,Asian (est.),18,2
house,93,surname,Asian (est.),19,2
house,93,surname,Asian (est.),20,4
house,93,surname,Asian (est.),21,2
house,93,surname,Asian (est.),22,7
house,93,surname,Asian (est.),25,4
house,93,surname,Hispanic (est.),4,915
house,93,surname,Hispanic (est.),5,614
house,93,surname,Hispanic (est.),6,485
house,93,surname,Hispanic (est.),7,468
house,93,surname,Hispanic (est.),8,488
house,93,surname,Hispanic (est.),9,216
house,93,surname,Hispanic (est.),10,489
house,93,surname,Hispanic (est.),11,419
house,93,surname,Hispanic (est.),12,352
house,93,surname,Hispanic (est.),13,424
house,93,surname,Hispanic (est.),14,373
house,93,surname,Hispanic (est.),15,318
house,93,surname,Hispanic (est.),18,8
house,93,surname,Hispanic (est.),19,6
house,93,surname,Hispanic (est.),20,10
house,93,surname,Hispanic (est.),21,4
house,93,surname,Hispanic (est.),22,20
house,93,surname,Hispanic (est.),25,5
house,93,surname,Hispanic (est.),26,1
house,94,surname,All others (est.),4,4351
house,94,surname,All others (est.),5,3643
house,94,surname,All others (est.),6,3151
house,94,surname,All others (est.),7,3002
house,94,surname,All others (est.),8,3165
house,94,surname,All others (est.),9,945
house,94,surname,All others (est.),10,2944
house,94,surname,All others (est.),11,3053
house,94,surname,All others (est.),12,3572
house,94,surname,All others (est.),13,3544
house,94,surname,All others (est.),14,3571
house,94,surname,All others (est.),15,3253
house,94,surname,All others (est.),18,125
house,94,surname,All others (est.),19,204
house,94,surname,All others (est.),20,211
house,94,surname,All others (est.),21,86
house,94,surname,All others (est.),22,307
house,94,surname,All others (est.),25,151
house,94,surname,All others (est.),26,8
house,94,surname,All others (est.),27,1
house,94,surname,All others (est.),28,2
house,94,surname,All others (est.),33,1
house,94,surname,All others (est.),35,1
house,94,surname,Asian (est.),4,244
house,94,surname,Asian (est.),5,176
house,94,surname,Asian (est.),6,137
house,94,surname,Asian (est.),7,129
house,94,surname,Asian (est.),8,105
house,94,surname,Asian (est.),9,52
house,94,surname,Asian (est.),10,132
house,94,surname,Asian (est.),11,110
house,94,surname,Asian (est.),12,121
house,94,surname,Asian (est.),13,121
house,94,surname,Asian (est.),14,122
house,94,surname,Asian (est.),15,109
house,94,surname,Asian (est.),18,4
house,94,surname,Asian (est.),19,6
house,94,surname,Asian (est.),20,3
house,94,surname,Asian (est.),21,2
house,94,surname,Asian (est.),22,11
house,94,surname,Asian (est.),25,1
house,94,surname,Hispanic (est.),4,660
house,94,surname,Hispanic (est.),5,494
house,94,surname,Hispanic (est.),6,406
house,94,surname,Hispanic (est.),7,366
house,94,surname,Hispanic (est.),8,332
house,94,surname,Hispanic (est.),9,156
house,94,surname,Hispanic (est.),10,406
house,94,surname,Hispanic (est.),11,329
house,94,surname,Hispanic (est.),12,365
house,94,surname,Hispanic (est.),13,339
house,94,surname,Hispanic (est.),14,370
house,94,surname,Hispanic (est.),15,351
house,94,surname,Hispanic (est.),18,8
house,94,surname,Hispanic (est.),19,14
house,94,surname,Hispanic (est.),20,9
house,94,surname,Hispanic (est.),21,5
house,94,surname,Hispanic (est.),22,21
house,94,surname,Hispanic (est.),25,9
house,94,surname,Hispanic (est.),26,1
house,94,surname,Hispanic (est.),37,1
house,95,surname,All others (est.),4,2685
house,95,surname,All others (est.),5,2252
house,95,surname,All others (est.),6,1786
house,95,surname,All others (est.),7,1764
house,95,surname,All others (est.),8,1857
house,95,surname,All others (est.),9,565
house,95,surname,All others (est.),10,1421
house,95,surname,All others (est.),11,1254
house,95,surname,All others (est.),12,1781
house,95,surname,All others (est.),13,1811
house,95,surname,All others (est.),14,1884
house,95,surname,All others (est.),15,1580
house,95,surname,All others (est.),18,96
house,95,surname,All others (est.),19,113
house,95,surname,All others (est.),20,113
house,95,surname,All others (est.),21,47
house,95,surname,All others (est.),22,269
house,95,surname,All others (est.),25,131
house,95,surname,All others (est.),26,9
house,95,surname,All others (est.),27,1
house,95,surname,All others (est.),32,1
house,95,surname,All others (est.),33,2
house,95,surname,All others (est.),37,3
house,95,surname,Asian (est.),4,92
house,95,surname,Asian (est.),5,66
house,95,surname,Asian (est.),6,56
house,95,surname,Asian (est.),7,48
house,95,surname,Asian (est.),8,48
house,95,surname,Asian (est.),9,19
house,95,surname,Asian (est.),10,54
house,95,surname,Asian (est.),11,32
house,95,surname,Asian (est.),12,38
house,95,surname,Asian (est.),13,39
house,95,surname,Asian (est.),14,47
house,95,surname,Asian (est.),15,29
house,95,surname,Asian (est.),18,3
house,95,surname,Asian (est.),19,4
house,95,surname,Asian (est.),20,1
house,95,surname,Asian (est.),21,1
house,95,surname,Asian (est.),22,3
house,95,surname,Asian (est.),25,1
house,95,surname,Hispanic (est.),4,571
house,95,surname,Hispanic (est.),5,382
house,95,surname,Hispanic (est.),6,282
house,95,surname,Hispanic (est.),7,284
house,95,surname,Hispanic (est.),8,261
house,95,surname,Hispanic (est.),9,90
house,95,surname,Hispanic (est.),10,249
house,95,surname,Hispanic (est.),11,207
house,95,surname,Hispanic (est.),12,209
house,95,surname,Hispanic (est.),13,218
house,95,surname,Hispanic (est.),14,220
house,95,surname,Hispanic (est.),15,181
house,95,surname,Hispanic (est.),18,8
house,95,surname,Hispanic (est.),19,8
house,95,surname,Hispanic (est.),20,12
house,95,surname,Hispanic (est.),21,6
house,95,surname,Hispanic (est.),22,20
house,95,surname,Hispanic (est.),25,8
house,95,surname,Hispanic (est.),26,3
house,96,surname,All others (est.),4,4765
house,96,surname,All others (est.),5,3714
house,96,surname,All others (est.),6,3213
house,96,surname,All others (est.),7,3214
house,96,surname,All others (est.),8,3227
house,96,surname,All others (est.),9,1099
house,96,surname,All others (est.),10,2750
house,96,surname,All others (est.),11,2981
house,96,surname,All others (est.),12,3107
house,96,surname,All others (est.),13,3380
house,96,surname,All others (est.),14,3256
house,96,surname,All others (est.),15,3014
house,96,surname,All others (est.),18,112
house,96,surname,All others (est.),19,197
house,96,surname,All others (est.),20,207
house,96,surname,All others (est.),21,106
house,96,surname,All others (est.),22,345
house,96,surname,All others (est.),25,128
house,96,surname,All others (est.),26,3
house,96,surname,All others (est.),27,1
house,96,surname,All others (est.),28,3
house,96,surname,All others (est.),32,1
house,96,surname,All others (est.),33,4
house,96,surname,All others (est.),34,2
house,96,surname,All others (est.),35,1
house,96,surname,All others (est.),36,1
house,96,surname,Asian (est.),4,190
house,96,surname,Asian (est.),5,146
house,96,surname,Asian (est.),6,112
house,96,surname,Asian (est.),7,119
house,96,surname,Asian (est.),8,118
house,96,surname,Asian (est.),9,54
house,96,surname,Asian (est.),10,139
house,96,surname,Asian (est.),11,104
house,96,surname,Asian (est.),12,92
house,96,surname,Asian (est.),13,104
house,96,surname,Asian (est.),14,114
house,96,surname,Asian (est.),15,89
house,96,surname,Asian (est.),18,4
house,96,surname,Asian (est.),19,4
house,96,surname,Asian (est.),20,4
house,96,surname,Asian (est.),21,1
house,96,surname,Asian (est.),22,9
house,96,surname,Asian (est.),25,3
house,96,surname,Asian (est.),28,1
house,96,surname,Hispanic (est.),4,726
house,96,surname,Hispanic (est.),5,527
house,96,surname,Hispanic (est.),6,441
house,96,surname,Hispanic (est.),7,357
house,96,surname,Hispanic (est.),8,359
house,96,surname,Hispanic (est.),9,128
house,96,surname,Hispanic (est.),10,374
house,96,surname,Hispanic (est.),11,351
house,96,surname,Hispanic (est.),12,278
house,96,surname,Hispanic (est.),13,328
house,96,surname,Hispanic (est.),14,356
house,96,surname,Hispanic (est.),15,289
house,96,surname,Hispanic (est.),18,7
house,96,surname,Hispanic (est.),19,13
house,96,surname,Hispanic (est.),20,17
house,96,surname,Hispanic (est.),21,7
house,96,surname,Hispanic (est.),22,24
house,96,surname,Hispanic (est.),25,9
house,96,surname,Hispanic (est.),28,1
house,97,surname,All others (est.),4,4983
house,97,surname,All others (est.),5,3841
house,97,surname,All others (est.),6,3148
house,97,surname,All others (est.),7,3101
house,97,surname,All others (est.),8,3233
house,97,surname,All others (est.),9,998
house,97,surname,All others (est.),10,2556
house,97,surname,All others (est.),11,3213
house,97,surname,All others (est.),12,3165
house,97,surname,All others (est.),13,3329
house,97,surname,All others (est.),14,3528
house,97,surname,All others (est.),15,3218
house,97,surname,All others (est.),18,116
house,97,surname,All others (est.),19,175
house,97,surname,All others (est.),20,234
house,97,surname,All others (est.),21,65
house,97,surname,All others (est.),22,355
house,97,surname,All others (est.),25,170
house,97,surname,All others (est.),26,11
house,97,surname,All others (est.),27,2
house,97,surname,All others (est.),28,5
house,97,surname,All others (est.),32,4
house,97,surname,All others (est.),36,1
house,97,surname,Asian (est.),4,174
house,97,surname,Asian (est.),5,105
house,97,surname,Asian (est.),6,83
house,97,surname,Asian (est.),7,88
house,97,surname,Asian (est.),8,88
house,97,surname,Asian (est.),9,39
house,97,surname,Asian (est.),10,88
house,97,surname,Asian (est.),11,93
house,97,surname,Asian (est.),12,95
house,97,surname,Asian (est.),13,75
house,97,surname,Asian (est.),14,76
house,97,surname,Asian (est.),15,64
house,97,surname,Asian (est.),18,1
house,97,surname,Asian (est.),19,4
house,97,surname,Asian (est.),20,5
house,97,surname,Asian (est.),21,1
house,97,surname,Asian (est.),22,11
house,97,surname,Asian (est.),25,6
house,97,surname,Asian (est.),26,1
house,97,surname,Hispanic (est.),4,769
house,97,surname,Hispanic (est.),5,505
house,97,surname,Hispanic (est.),6,383
house,97,surname,Hispanic (est.),7,395
house,97,surname,Hispanic (est.),8,411
house,97,surname,Hispanic (est.),9,148
house,97,surname,Hispanic (est.),10,380
house,97,surname,Hispanic (est.),11,354
house,97,surname,Hispanic (est.),12,320
house,97,surname,Hispanic (est.),13,343
house,97,surname,Hispanic (est.),14,356
house,97,surname,Hispanic (est.),15,321
house,97,surname,Hispanic (est.),18,6
house,97,surname,Hispanic (est.),19,21
house,97,surname,Hispanic (est.),20,10
house,97,surname,Hispanic (est.),21,5
house,97,surname,Hispanic (est.),22,24
house,97,surname,Hispanic (est.),25,9
house,97,surname,Hispanic (est.),34,1
house,98,surname,All others (est.),4,6190
house,98,surname,All others (est.),5,4868
house,98,surname,All others (est.),6,4175
house,98,surname,All others (est.),7,4148
house,98,surname,All others (est.),8,4294
house,98,surname,All others (est.),9,1534
house,98,surname,All others (est.),10,3972
house,98,surname,All others (est.),11,4432
house,98,surname,All others (est.),12,4389
house,98,surname,All others (est.),13,4633
house,98,surname,All others (est.),14,4688
house,98,surname,All others (est.),15,4489
house,98,surname,All others (est.),18,111
house,98,surname,All others (est.),19,130
house,98,surname,All others (est.),20,161
house,98,surname,All others (est.),21,31
house,98,surname,All others (est.),22,285
house,98,surname,All others (est.),25,97
house,98,surname,All others (est.),26,4
house,98,surname,All others (est.),27,2
house,98,surname,All others (est.),28,8
house,98,surname,All others (est.),32,5
house,98,surname,All others (est.),33,1
house,98,surname,All others (est.),34,4
house,98,surname,All others (est.),36,3
house,98,surname,All others (est.),37,2
house,98,surname,Asian (est.),4,436
house,98,surname,Asian (est.),5,306
house,98,surname,Asian (est.),6,244
house,98,surname,Asian (est.),7,208
house,98,surname,Asian (est.),8,233
house,98,surname,Asian (est.),9,116
house,98,surname,Asian (est.),10,297
house,98,surname,Asian (est.),11,198
house,98,surname,Asian (est.),12,160
house,98,surname,Asian (est.),13,209
house,98,surname,Asian (est.),14,198
house,98,surname,Asian (est.),15,150
house,98,surname,Asian (est.),18,5
house,98,surname,Asian (est.),19,7
house,98,surname,Asian (est.),20,5
house,98,surname,Asian (est.),21,1
house,98,surname,Asian (est.),22,12
house,98,surname,Asian (est.),25,3
house,98,surname,Asian (est.),26,1
house,98,surname,Hispanic (est.),4,680
house,98,surname,Hispanic (est.),5,476
house,98,surname,Hispanic (est.),6,383
house,98,surname,Hispanic (est.),7,377
house,98,surname,Hispanic (est.),8,399
house,98,surname,Hispanic (est.),9,164
house,98,surname,Hispanic (est.),10,436
house,98,surname,Hispanic (est.),11,391
house,98,surname,Hispanic (est.),12,376
house,98,surname,Hispanic (est.),13,386
house,98,surname,Hispanic (est.),14,412
house,98,surname,Hispanic (est.),15,367
house,98,surname,Hispanic (est.),18,8
house,98,surname,Hispanic (est.),19,12
house,98,surname,Hispanic (est.),20,9
house,98,surname,Hispanic (est.),21,1
house,98,surname,Hispanic (est.),22,19
house,98,surname,Hispanic (est.),25,8
house,99,surname,All others (est.),4,4034
house,99,surname,All others (est.),5,3063
house,99,surname,All others (est.),6,2559
house,99,surname,All others (est.),7,2487
house,99,surname,All others (est.),8,2520
house,99,surname,All others (est.),9,805
house,99,surname,All others (est.),10,2001
house,99,surname,All others (est.),11,2441
house,99,surname,All others (est.),12,2644
house,99,surname,All others (est.),13,2664
house,99,surname,All others (est.),14,2780
house,99,surname,All others (est.),15,2600
house,99,surname,All others (est.),18,119
house,99,surname,All others (est.),19,143
house,99,surname,All others (est.),20,185
house,99,surname,All others (est.),21,47
house,99,surname,All others (est.),22,286
house,99,surname,All others (est.),25,156
house,99,surname,All others (est.),26,4
house,99,surname,All others (est.),27,5
house,99,surname,All others (est.),28,3
house,99,surname,All others (est.),33,3
house,99,surname,All others (est.),34,1
house,99,surname,All others (est.),37,2
house,99,surname,Asian (est.),4,113
house,99,surname,Asian (est.),5,90
house,99,surname,Asian (est.),6,63
house,99,surname,Asian (est.),7,64
house,99,surname,Asian (est.),8,49
house,99,surname,Asian (est.),9,26
house,99,surname,Asian (est.),10,58
house,99,surname,Asian (est.),11,53
house,99,surname,Asian (est.),12,58
house,99,surname,Asian (est.),13,62
house,99,surname,Asian (est.),14,61
house,99,surname,Asian (est.),15,62
house,99,surname,Asian (est.),18,2
house,99,surname,Asian (est.),19,2
house,99,surname,Asian (est.),20,6
house,99,surname,Asian (est.),21,2
house,99,surname,Asian (est.),22,7
house,99,surname,Asian (est.),25,3
house,99,surname,Asian (est.),26,1
house,99,surname,Asian (est.),28,1
house,99,surname,Hispanic (est.),4,834
house,99,surname,Hispanic (est.),5,593
house,99,surname,Hispanic (est.),6,409
house,99,surname,Hispanic (est.),7,370
house,99,surname,Hispanic (est.),8,370
house,99,surname,Hispanic (est.),9,119
house,99,surname,Hispanic (est.),10,350
house,99,surname,Hispanic (est.),11,345
house,99,surname,Hispanic (est.),12,297
house,99,surname,Hispanic (est.),13,361
house,99,surname,Hispanic (est.),14,332
house,99,surname,Hispanic (est.),15,295
house,99,surname,Hispanic (est.),18,8
house,99,surname,Hispanic (est.),19,12
house,99,surname,Hispanic (est.),20,22
house,99,surname,Hispanic (est.),21,6
house,99,surname,Hispanic (est.),22,28
house,99,surname,Hispanic (est.),25,15
house,99,surname,Hispanic (est.),32,2
house,99,surname,Hispanic (est.),33,1
house,99,surname,Hispanic (est.),37,2
senate,1,surname,All others (est.),4,18042
senate,1,surname,All others (est.),5,14368
senate,1,surname,All others (est.),6,12235
senate,1,surname,All others (est.),7,13306
senate,1,surname,All others (est.),8,13632
senate,1,surname,All others (est.),9,2065
senate,1,surname,All others (est.),10,7114
senate,1,surname,All others (est.),11,14853
senate,1,surname,All others (est.),12,16088
senate,1,surname,All others (est.),13,17057
senate,1,surname,All others (est.),14,18331
senate,1,surname,All others (est.),15,18917
senate,1,surname,All others (est.),18,471
senate,1,surname,All others (est.),19,444
senate,1,surname,All others (est.),20,335
senate,1,surname,All others (est.),21,362
senate,1,surname,All others (est.),22,885
senate,1,surname,All others (est.),24,25
senate,1,surname,All others (est.),25,636
senate,1,surname,All others (est.),26,478
senate,1,surname,All others (est.),27,397
senate,1,surname,All others (est.),28,477
senate,1,surname,All others (est.),29,114
senate,1,surname,All others (est.),32,173
senate,1,surname,All others (est.),33,149
senate,1,surname,All others (est.),34,115
senate,1,surname,All others (est.),35,68
senate,1,surname,All others (est.),36,44
senate,1,surname,All others (est.),37,28
senate,1,surname,Asian (est.),4,257
senate,1,surname,Asian (est.),5,210
senate,1,surname,Asian (est.),6,166
senate,1,surname,Asian (est.),7,192
senate,1,surname,Asian (est.),8,183
senate,1,surname,Asian (est.),9,34
senate,1,surname,Asian (est.),10,108
senate,1,surname,Asian (est.),11,207
senate,1,surname,Asian (est.),12,206
senate,1,surname,Asian (est.),13,208
senate,1,surname,Asian (est.),14,221
senate,1,surname,Asian (est.),15,253
senate,1,surname,Asian (est.),18,6
senate,1,surname,Asian (est.),19,9
senate,1,surname,Asian (est.),20,4
senate,1,surname,Asian (est.),21,4
senate,1,surname,Asian (est.),22,10
senate,1,surname,Asian (est.),25,6
senate,1,surname,Asian (est.),26,6
senate,1,surname,Asian (est.),27,4
senate,1,surname,Asian (est.),28,5
senate,1,surname,Asian (est.),29,2
senate,1,surname,Asian (est.),32,2
senate,1,surname,Asian (est.),33,2
senate,1,surname,Asian (est.),34,1
senate,1,surname,Asian (est.),35,1
senate,1,surname,Asian (est.),36,1
senate,1,surname,Hispanic (est.),4,1292
senate,1,surname,Hispanic (est.),5,885
senate,1,surname,Hispanic (est.),6,714
senate,1,surname,Hispanic (est.),7,737
senate,1,surname,Hispanic (est.),8,716
senate,1,surname,Hispanic (est.),9,148
senate,1,surname,Hispanic (est.),10,474
senate,1,surname,Hispanic (est.),11,783
senate,1,surname,Hispanic (est.),12,757
senate,1,surname,Hispanic (est.),13,847
senate,1,surname,Hispanic (est.),14,859
senate,1,surname,Hispanic (est.),15,925
senate,1,surname,Hispanic (est.),18,17
senate,1,surname,Hispanic (est.),19,20
senate,1,surname,Hispanic (est.),20,13
senate,1,surname,Hispanic (est.),21,17
senate,1,surname,Hispanic (est.),22,36
senate,1,surname,Hispanic (est.),24,1
senate,1,surname,Hispanic (est.),25,30
senate,1,surname,Hispanic (est.),26,19
senate,1,surname,Hispanic (est.),27,18
senate,1,surname,Hispanic (est.),28,16
senate,1,surname,Hispanic (est.),29,6
senate,1,surname,Hispanic (est.),32,7
senate,1,surname,Hispanic (est.),33,7
senate,1,surname,Hispanic (est.),34,6
senate,1,surname,Hispanic (est.),35,3
senate,1,surname,Hispanic (est.),36,3
senate,1,surname,Hispanic (est.),37,3
senate,10,surname,All others (est.),4,19537
senate,10,surname,All others (est.),5,15500
senate,10,surname,All others (est.),6,13106
senate,10,surname,All others (est.),7,13178
senate,10,surname,All others (est.),8,13598
senate,10,surname,All others (est.),9,3467
senate,10,surname,All others (est.),10,9050
senate,10,surname,All others (est.),11,12597
senate,10,surname,All others (est.),12,13624
senate,10,surname,All others (est.),13,13839
senate,10,surname,All others (est.),14,14398
senate,10,surname,All others (est.),15,13279
senate,10,surname,All others (est.),18,519
senate,10,surname,All others (est.),19,656
senate,10,surname,All others (est.),20,802
senate,10,surname,All others (est.),21,402
senate,10,surname,All others (est.),22,1250
senate,10,surname,All others (est.),23,6
senate,10,surname,All others (est.),24,120
senate,10,surname,All others (est.),25,648
senate,10,surname,All others (est.),26,233
senate,10,surname,All others (est.),27,58
senate,10,surname,All others (est.),28,77
senate,10,surname,All others (est.),32,65
senate,10,surname,All others (est.),33,74
senate,10,surname,All others (est.),34,61
senate,10,surname,All others (est.),35,9
senate,10,surname,All others (est.),36,58
senate,10,surname,All others (est.),37,10
senate,10,surname,Asian (est.),4,552
senate,10,surname,Asian (est.),5,404
senate,10,surname,Asian (est.),6,330
senate,10,surname,Asian (est.),7,335
senate,10,surname,Asian (est.),8,316
senate,10,surname,Asian (est.),9,123
senate,10,surname,Asian (est.),10,276
senate,10,surname,Asian (est.),11,309
senate,10,surname,Asian (est.),12,320
senate,10,surname,Asian (est.),13,300
senate,10,surname,Asian (est.),14,317
senate,10,surname,Asian (est.),15,275
senate,10,surname,Asian (est.),18,10
senate,10,surname,Asian (est.),19,18
senate,10,surname,Asian (est.),20,15
senate,10,surname,Asian (est.),21,6
senate,10,surname,Asian (est.),22,25
senate,10,surname,Asian (est.),24,1
senate,10,surname,Asian (est.),25,12
senate,10,surname,Asian (est.),26,3
senate,10,surname,Asian (est.),28,1
senate,10,surname,Asian (est.),32,1
senate,10,surname,Asian (est.),33,1
senate,10,surname,Asian (est.),34,1
senate,10,surname,Asian (est.),36,1
senate,10,surname,Hispanic (est.),4,3026
senate,10,surname,Hispanic (est.),5,2086
senate,10,surname,Hispanic (est.),6,1694
senate,10,surname,Hispanic (est.),7,1574
senate,10,surname,Hispanic (est.),8,1489
senate,10,surname,Hispanic (est.),9,485
senate,10,surname,Hispanic (est.),10,1359
senate,10,surname,Hispanic (est.),11,1390
senate,10,surname,Hispanic (est.),12,1291
senate,10,surname,Hispanic (est.),13,1353
senate,10,surname,Hispanic (est.),14,1403
senate,10,surname,Hispanic (est.),15,1304
senate,10,surname,Hispanic (est.),18,32
senate,10,surname,Hispanic (est.),19,53
senate,10,surname,Hispanic (est.),20,57
senate,10,surname,Hispanic (est.),21,31
senate,10,surname,Hispanic (est.),22,108
senate,10,surname,Hispanic (est.),24,7
senate,10,surname,Hispanic (est.),25,49
senate,10,surname,Hispanic (est.),26,14
senate,10,surname,Hispanic (est.),27,3
senate,10,surname,Hispanic (est.),28,3
senate,10,surname,Hispanic (est.),32,2
senate,10,surname,Hispanic (est.),33,3
senate,10,surname,Hispanic (est.),34,4
senate,10,surname,Hispanic (est.),36,2
senate,11,surname,All others (est.),4,22284
senate,11,surname,All others (est.),5,14668
senate,11,surname,All others (est.),6,12760
senate,11,surname,All others (est.),7,9542
senate,11,surname,All others (est.),8,12637
senate,11,surname,All others (est.),9,4481
senate,11,surname,All others (est.),10,9828
senate,11,surname,All others (est.),11,14625
senate,11,surname,All others (est.),12,13355
senate,11,surname,All others (est.),13,14238
senate,11,surname,All others (est.),14,15950
senate,11,surname,All others (est.),15,16525
senate,11,surname,All others (est.),17,909
senate,11,surname,All others (est.),18,959
senate,11,surname,All others (est.),19,428
senate,11,surname,All others (est.),20,598
senate,11,surname,All others (est.),21,135
senate,11,surname,All others (est.),22,626
senate,11,surname,All others (est.),25,316
senate,11,surname,All others (est.),26,374
senate,11,surname,All others (est.),27,21
senate,11,surname,All others (est.),28,232
senate,11,surname,All others (est.),29,90
senate,11,surname,All others (est.),32,117
senate,11,surname,All others (est.),33,81
senate,11,surname,All others (est.),34,140
senate,11,surname,All others (est.),35,4
senate,11,surname,All others (est.),36,149
senate,11,surname,All others (est.),37,4
senate,11,surname,Asian (est.),4,1407
senate,11,surname,Asian (est.),5,921
senate,11,surname,Asian (est.),6,710
senate,11,surname,Asian (est.),7,560
senate,11,surname,Asian (est.),8,695
senate,11,surname,Asian (est.),9,356
senate,11,surname,Asian (est.),10,674
senate,11,surname,Asian (est.),11,730
senate,11,surname,Asian (est.),12,623
senate,11,surname,Asian (est.),13,624
senate,11,surname,Asian (est.),14,636
senate,11,surname,Asian (est.),15,670
senate,11,surname,Asian (est.),17,34
senate,11,surname,Asian (est.),18,32
senate,11,surname,Asian (est.),19,18
senate,11,surname,Asian (est.),20,18
senate,11,surname,Asian (est.),21,9
senate,11,surname,Asian (est.),22,22
senate,11,surname,Asian (est.),25,16
senate,11,surname,Asian (est.),26,9
senate,11,surname,Asian (est.),27,5
senate,11,surname,Asian (est.),28,11
senate,11,surname,Asian (est.),29,4
senate,11,surname,Asian (est.),32,4
senate,11,surname,Asian (est.),33,3
senate,11,surname,Asian (est.),34,6
senate,11,surname,Asian (est.),36,5
senate,11,surname,Hispanic (est.),4,5017
senate,11,surname,Hispanic (est.),5,2837
senate,11,surname,Hispanic (est.),6,2240
senate,11,surname,Hispanic (est.),7,1719
senate,11,surname,Hispanic (est.),8,2145
senate,11,surname,Hispanic (est.),9,879
senate,11,surname,Hispanic (est.),10,1917
senate,11,surname,Hispanic (est.),11,2564
senate,11,surname,Hispanic (est.),12,2118
senate,11,surname,Hispanic (est.),13,2220
senate,11,surname,Hispanic (est.),14,2459
senate,11,surname,Hispanic (est.),15,2634
senate,11,surname,Hispanic (est.),17,99
senate,11,surname,Hispanic (est.),18,106
senate,11,surname,Hispanic (est.),19,48
senate,11,surname,Hispanic (est.),20,70
senate,11,surname,Hispanic (est.),21,17
senate,11,surname,Hispanic (est.),22,80
senate,11,surname,Hispanic (est.),25,38
senate,11,surname,Hispanic (est.),26,49
senate,11,surname,Hispanic (est.),27,2
senate,11,surname,Hispanic (est.),28,30
senate,11,surname,Hispanic (est.),29,12
senate,11,surname,Hispanic (est.),32,10
senate,11,surname,Hispanic (est.),33,12
senate,11,surname,Hispanic (est.),34,23
senate,11,surname,Hispanic (est.),35,1
senate,11,surname,Hispanic (est.),36,21
senate,12,surname,All others (est.),4,25508
senate,12,surname,All others (est.),5,19602
senate,12,surname,All others (est.),6,16928
senate,12,surname,All others (est.),7,16181
senate,12,surname,All others (est.),8,16870
senate,12,surname,All others (est.),9,6722
senate,12,surname,All others (est.),10,15916
senate,12,surname,All others (est.),11,16810
senate,12,surname,All others (est.),12,17627
senate,12,surname,All others (est.),13,18515
senate,12,surname,All others (est.),14,20453
senate,12,surname,All others (est.),15,18981
senate,12,surname,All others (est.),17,1687
senate,12,surname,All others (est.),18,115
senate,12,surname,All others (est.),19,604
senate,12,surname,All others (est.),20,232
senate,12,surname,All others (est.),21,478
senate,12,surname,All others (est.),22,527
senate,12,surname,All others (est.),25,539
senate,12,surname,All others (est.),26,668
senate,12,surname,All others (est.),27,79
senate,12,surname,All others (est.),28,191
senate,12,surname,All others (est.),29,40
senate,12,surname,All others (est.),32,25
senate,12,surname,All others (est.),33,52
senate,12,surname,All others (est.),34,51
senate,12,surname,All others (est.),35,8
senate,12,surname,All others (est.),36,5
senate,12,surname,Asian (est.),4,1876
senate,12,surname,Asian (est.),5,1297
senate,12,surname,Asian (est.),6,1025
senate,12,surname,Asian (est.),7,917
senate,12,surname,Asian (est.),8,970
senate,12,surname,Asian (est.),9,599
senate,12,surname,Asian (est.),10,1184
senate,12,surname,Asian (est.),11,859
senate,12,surname,Asian (est.),12,864
senate,12,surname,Asian (est.),13,885
senate,12,surname,Asian (est.),14,944
senate,12,surname,Asian (est.),15,778
senate,12,surname,Asian (est.),17,61
senate,12,surname,Asian (est.),18,6
senate,12,surname,Asian (est.),19,19
senate,12,surname,Asian (est.),20,11
senate,12,surname,Asian (est.),21,13
senate,12,surname,Asian (est.),22,20
senate,12,surname,Asian (est.),25,16
senate,12,surname,Asian (est.),26,25
senate,12,surname,Asian (est.),27,3
senate,12,surname,Asian (est.),28,8
senate,12,surname,Asian (est.),33,1
senate,12,surname,Hispanic (est.),4,3480
senate,12,surname,Hispanic (est.),5,2312
senate,12,surname,Hispanic (est.),6,1872
senate,12,surname,Hispanic (est.),7,1749
senate,12,surname,Hispanic (est.),8,1774
senate,12,surname,Hispanic (est.),9,925
senate,12,surname,Hispanic (est.),10,1985
senate,12,surname,Hispanic (est.),11,1679
senate,12,surname,Hispanic (est.),12,1721
senate,12,surname,Hispanic (est.),13,1803
senate,12,surname,Hispanic (est.),14,1949
senate,12,surname,Hispanic (est.),15,1860
senate,12,surname,Hispanic (est.),17,113
senate,12,surname,Hispanic (est.),18,6
senate,12,surname,Hispanic (est.),19,42
senate,12,surname,Hispanic (est.),20,17
senate,12,surname,Hispanic (est.),21,33
senate,12,surname,Hispanic (est.),22,30
senate,12,surname,Hispanic (est.),25,38
senate,12,surname,Hispanic (est.),26,37
senate,12,surname,Hispanic (est.),27,10
senate,12,surname,Hispanic (est.),28,17
senate,12,surname,Hispanic (est.),29,2
senate,12,surname,Hispanic (est.),32,2
senate,12,surname,Hispanic (est.),33,4
senate,12,surname,Hispanic (est.),34,2
senate,13,surname,All others (est.),4,15357
senate,13,surname,All others (est.),5,10181
senate,13,surname,All others (est.),6,8288
senate,13,surname,All others (est.),7,5760
senate,13,surname,All others (est.),8,7550
senate,13,surname,All others (est.),9,3351
senate,13,surname,All others (est.),10,5522
senate,13,surname,All others (est.),11,7144
senate,13,surname,All others (est.),12,7564
senate,13,surname,All others (est.),13,7794
senate,13,surname,All others (est.),14,8033
senate,13,surname,All others (est.),15,7789
senate,13,surname,All others (est.),17,1290
senate,13,surname,All others (est.),18,549
senate,13,surname,All others (est.),19,787
senate,13,surname,All others (est.),20,357
senate,13,surname,All others (est.),21,161
senate,13,surname,All others (est.),22,126
senate,13,surname,All others (est.),25,166
senate,13,surname,All others (est.),26,185
senate,13,surname,All others (est.),27,43
senate,13,surname,All others (est.),28,226
senate,13,surname,All others (est.),29,2
senate,13,surname,All others (est.),32,30
senate,13,surname,All others (est.),33,36
senate,13,surname,All others (est.),34,5
senate,13,surname,All others (est.),35,4
senate,13,surname,All others (est.),36,3
senate,13,surname,All others (est.),37,1
senate,13,surname,Asian (est.),4,1583
senate,13,surname,Asian (est.),5,1004
senate,13,surname,Asian (est.),6,886
senate,13,surname,Asian (est.),7,589
senate,13,surname,Asian (est.),8,746
senate,13,surname,Asian (est.),9,430
senate,13,surname,Asian (est.),10,768
senate,13,surname,Asian (est.),11,730
senate,13,surname,Asian (est.),12,715
senate,13,surname,Asian (est.),13,741
senate,13,surname,Asian (est.),14,818
senate,13,surname,Asian (est.),15,711
senate,13,surname,Asian (est.),17,46
senate,13,surname,Asian (est.),18,36
senate,13,surname,Asian (est.),19,62
senate,13,surname,Asian (est.),20,25
senate,13,surname,Asian (est.),21,15
senate,13,surname,Asian (est.),22,14
senate,13,surname,Asian (est.),25,23
senate,13,surname,Asian (est.),26,12
senate,13,surname,Asian (est.),27,2
senate,13,surname,Asian (est.),28,13
senate,13,surname,Asian (est.),32,1
senate,13,surname,Asian (est.),33,2
senate,13,surname,Asian (est.),34,1
senate,13,surname,Asian (est.),37,1
senate,13,surname,Hispanic (est.),4,3326
senate,13,surname,Hispanic (est.),5,2060
senate,13,surname,Hispanic (est.),6,1509
senate,13,surname,Hispanic (est.),7,1077
senate,13,surname,Hispanic (est.),8,1337
senate,13,surname,Hispanic (est.),9,667
senate,13,surname,Hispanic (est.),10,1235
senate,13,surname,Hispanic (est.),11,1273
senate,13,surname,Hispanic (est.),12,1233
senate,13,surname,Hispanic (est.),13,1288
senate,13,surname,Hispanic (est.),14,1363
senate,13,surname,Hispanic (est.),15,1274
senate,13,surname,Hispanic (est.),17,101
senate,13,surname,Hispanic (est.),18,41
senate,13,surname,Hispanic (est.),19,68
senate,13,surname,Hispanic (est.),20,43
senate,13,surname,Hispanic (est.),21,14
senate,13,surname,Hispanic (est.),22,9
senate,13,surname,Hispanic (est.),25,21
senate,13,surname,Hispanic (est.),26,22
senate,13,surname,Hispanic (est.),27,3
senate,13,surname,Hispanic (est.),28,25
senate,13,surname,Hispanic (est.),32,5
senate,13,surname,Hispanic (est.),33,5
senate,13,surname,Hispanic (est.),34,1
senate,14,surname,All others (est.),4,30865
senate,14,surname,All others (est.),5,21490
senate,14,surname,All others (est.),6,17778
senate,14,surname,All others (est.),7,14531
senate,14,surname,All others (est.),8,14327
senate,14,surname,All others (est.),9,6035
senate,14,surname,All others (est.),10,10839
senate,14,surname,All others (est.),11,16659
senate,14,surname,All others (est.),12,15125
senate,14,surname,All others (est.),13,16078
senate,14,surname,All others (est.),14,15181
senate,14,surname,All others (est.),15,16366
senate,14,surname,All others (est.),17,186
senate,14,surname,All others (est.),18,479
senate,14,surname,All others (est.),19,1223
senate,14,surname,All others (est.),20,18
senate,14,surname,All others (est.),21,433
senate,14,surname,All others (est.),22,802
senate,14,surname,All others (est.),25,1265
senate,14,surname,All others (est.),26,632
senate,14,surname,All others (est.),27,11
senate,14,surname,All others (est.),28,276
senate,14,surname,Asian (est.),4,2785
senate,14,surname,Asian (est.),5,1708
senate,14,surname,Asian (est.),6,1269
senate,14,surname,Asian (est.),7,1037
senate,14,surname,Asian (est.),8,1054
senate,14,surname,Asian (est.),9,547
senate,14,surname,Asian (est.),10,897
senate,14,surname,Asian (est.),11,1208
senate,14,surname,Asian (est.),12,945
senate,14,surname,Asian (est.),13,992
senate,14,surname,Asian (est.),14,901
senate,14,surname,Asian (est.),15,978
senate,14,surname,Asian (est.),17,7
senate,14,surname,Asian (est.),18,19
senate,14,surname,Asian (est.),19,50
senate,14,surname,Asian (est.),20,1
senate,14,surname,Asian (est.),21,13
senate,14,surname,Asian (est.),22,27
senate,14,surname,Asian (est.),25,38
senate,14,surname,Asian (est.),26,23
senate,14,surname,Asian (est.),28,7
senate,14,surname,Hispanic (est.),4,6911
senate,14,surname,Hispanic (est.),5,4281
senate,14,surname,Hispanic (est.),6,3435
senate,14,surname,Hispanic (est.),7,2726
senate,14,surname,Hispanic (est.),8,2596
senate,14,surname,Hispanic (est.),9,1301
senate,14,surname,Hispanic (est.),10,2221
senate,14,surname,Hispanic (est.),11,3232
senate,14,surname,Hispanic (est.),12,2803
senate,14,surname,Hispanic (est.),13,2854
senate,14,surname,Hispanic (est.),14,2760
senate,14,surname,Hispanic (est.),15,3065
senate,14,surname,Hispanic (est.),17,18
senate,14,surname,Hispanic (est.),18,52
senate,14,surname,Hispanic (est.),19,170
senate,14,surname,Hispanic (est.),20,1
senate,14,surname,Hispanic (est.),21,64
senate,14,surname,Hispanic (est.),22,112
senate,14,surname,Hispanic (est.),25,160
senate,14,surname,Hispanic (est.),26,89
senate,14,surname,Hispanic (est.),27,2
senate,14,surname,Hispanic (est.),28,35
senate,15,surname,All others (est.),4,18636
senate,15,surname,All others (est.),5,13400
senate,15,surname,All others (est.),6,11417
senate,15,surname,All others (est.),7,8816
senate,15,surname,All others (est.),8,9154
senate,15,surname,All others (est.),9,4898
senate,15,surname,All others (est.),10,7940
senate,15,surname,All others (est.),11,10569
senate,15,surname,All others (est.),12,9891
senate,15,surname,All others (est.),13,10370
senate,15,surname,All others (est.),14,10370
senate,15,surname,All others (est.),15,9858
senate,15,surname,All others (est.),17,1201
senate,15,surname,All others (est.),18,683
senate,15,surname,All others (est.),19,825
senate,15,surname,All others (est.),20,519
senate,15,surname,All others (est.),21,270
senate,15,surname,All others (est.),25,70
senate,15,surname,All others (est.),26,7
senate,15,surname,All others (est.),27,6
senate,15,surname,All others (est.),28,25
senate,15,surname,All others (est.),32,3
senate,15,surname,All others (est.),33,4
senate,15,surname,All others (est.),34,7
senate,15,surname,All others (est.),36,4
senate,15,surname,Asian (est.),4,1628
senate,15,surname,Asian (est.),5,1207
senate,15,surname,Asian (est.),6,960
senate,15,surname,Asian (est.),7,687
senate,15,surname,Asian (est.),8,819
senate,15,surname,Asian (est.),9,548
senate,15,surname,Asian (est.),10,780
senate,15,surname,Asian (est.),11,879
senate,15,surname,Asian (est.),12,788
senate,15,surname,Asian (est.),13,785
senate,15,surname,Asian (est.),14,790
senate,15,surname,Asian (est.),15,751
senate,15,surname,Asian (est.),17,44
senate,15,surname,Asian (est.),18,25
senate,15,surname,Asian (est.),19,46
senate,15,surname,Asian (est.),20,32
senate,15,surname,Asian (est.),21,19
senate,15,surname,Asian (est.),25,15
senate,15,surname,Asian (est.),26,1
senate,15,surname,Asian (est.),27,1
senate,15,surname,Asian (est.),28,2
senate,15,surname,Asian (est.),37,1
senate,15,surname,Hispanic (est.),4,4822
senate,15,surname,Hispanic (est.),5,3239
senate,15,surname,Hispanic (est.),6,2284
senate,15,surname,Hispanic (est.),7,1739
senate,15,surname,Hispanic (est.),8,1854
senate,15,surname,Hispanic (est.),9,1193
senate,15,surname,Hispanic (est.),10,1890
senate,15,surname,Hispanic (est.),11,2212
senate,15,surname,Hispanic (est.),12,1893
senate,15,surname,Hispanic (est.),13,2044
senate,15,surname,Hispanic (est.),14,2049
senate,15,surname,Hispanic (est.),15,2082
senate,15,surname,Hispanic (est.),17,140
senate,15,surname,Hispanic (est.),18,58
senate,15,surname,Hispanic (est.),19,104
senate,15,surname,Hispanic (est.),20,62
senate,15,surname,Hispanic (est.),21,28
senate,15,surname,Hispanic (est.),25,9
senate,15,surname,Hispanic (est.),26,3
senate,15,surname,Hispanic (est.),28,5
senate,15,surname,Hispanic (est.),34,1
senate,16,surname,All others (est.),4,12487
senate,16,surname,All others (est.),5,10105
senate,16,surname,All others (est.),6,7947
senate,16,surname,All others (est.),7,7354
senate,16,surname,All others (est.),8,7543
senate,16,surname,All others (est.),9,2659
senate,16,surname,All others (est.),10,5800
senate,16,surname,All others (est.),11,6288
senate,16,surname,All others (est.),12,8155
senate,16,surname,All others (est.),13,8524
senate,16,surname,All others (est.),14,8950
senate,16,surname,All others (est.),15,8083
senate,16,surname,All others (est.),17,1755
senate,16,surname,All others (est.),19,9
senate,16,surname,All others (est.),20,1
senate,16,surname,All others (est.),21,14
senate,16,surname,All others (est.),22,14
senate,16,surname,All others (est.),28,42
senate,16,surname,Asian (est.),4,790
senate,16,surname,Asian (est.),5,539
senate,16,surname,Asian (est.),6,398
senate,16,surname,Asian (est.),7,343
senate,16,surname,Asian (est.),8,388
senate,16,surname,Asian (est.),9,197
senate,16,surname,Asian (est.),10,327
senate,16,surname,Asian (est.),11,297
senate,16,surname,Asian (est.),12,338
senate,16,surname,Asian (est.),13,357
senate,16,surname,Asian (est.),14,362
senate,16,surname,Asian (est.),15,322
senate,16,surname,Asian (est.),17,52
senate,16,surname,Asian (est.),19,1
senate,16,surname,Asian (est.),20,1
senate,16,surname,Asian (est.),28,4
senate,16,surname,Hispanic (est.),4,4130
senate,16,surname,Hispanic (est.),5,2819
senate,16,surname,Hispanic (est.),6,2038
senate,16,surname,Hispanic (est.),7,1678
senate,16,surname,Hispanic (est.),8,1652
senate,16,surname,Hispanic (est.),9,725
senate,16,surname,Hispanic (est.),10,1499
senate,16,surname,Hispanic (est.),11,1436
senate,16,surname,Hispanic (est.),12,1606
senate,16,surname,Hispanic (est.),13,1689
senate,16,surname,Hispanic (est.),14,1789
senate,16,surname,Hispanic (est.),15,1703
senate,16,surname,Hispanic (est.),17,210
senate,16,surname,Hispanic (est.),21,1
senate,16,surname,Hispanic (est.),22,1
senate,16,surname,Hispanic (est.),28,3
senate,17,surname,All others (est.),4,20575
senate,17,surname,All others (est.),5,14329
senate,17,surname,All others (est.),6,13051
senate,17,surname,All others (est.),7,10413
senate,17,surname,All others (est.),8,12116
senate,17,surname,All others (est.),9,4436
senate,17,surname,All others (est.),10,9081
senate,17,surname,All others (est.),11,15158
senate,17,surname,All others (est.),12,13830
senate,17,surname,All others (est.),13,14734
senate,17,surname,All others (est.),14,15537
senate,17,surname,All others (est.),15,15961
senate,17,surname,All others (est.),17,699
senate,17,surname,All others (est.),18,601
senate,17,surname,All others (est.),19,696
senate,17,surname,All others (est.),20,397
senate,17,surname,All others (est.),21,233
senate,17,surname,All others (est.),22,277
senate,17,surname,All others (est.),24,1
senate,17,surname,All others (est.),25,247
senate,17,surname,All others (est.),26,408
senate,17,surname,All others (est.),27,47
senate,17,surname,All others (est.),28,326
senate,17,surname,All others (est.),29,42
senate,17,surname,All others (est.),32,131
senate,17,surname,All others (est.),33,105
senate,17,surname,All others (est.),34,88
senate,17,surname,All others (est.),35,17
senate,17,surname,All others (est.),36,89
senate,17,surname,All others (est.),37,29
senate,17,surname,Asian (est.),4,2289
senate,17,surname,Asian (est.),5,1421
senate,17,surname,Asian (est.),6,1266
senate,17,surname,Asian (est.),7,813
senate,17,surname,Asian (est.),8,1060
senate,17,surname,Asian (est.),9,595
senate,17,surname,Asian (est.),10,1161
senate,17,surname,Asian (est.),11,1188
senate,17,surname,Asian (est.),12,1059
senate,17,surname,Asian (est.),13,1105
senate,17,surname,Asian (est.),14,1101
senate,17,surname,Asian (est.),15,1093
senate,17,surname,Asian (est.),17,38
senate,17,surname,Asian (est.),18,40
senate,17,surname,Asian (est.),19,57
senate,17,surname,Asian (est.),20,28
senate,17,surname,Asian (est.),21,29
senate,17,surname,Asian (est.),22,13
senate,17,surname,Asian (est.),25,17
senate,17,surname,Asian (est.),26,30
senate,17,surname,Asian (est.),27,6
senate,17,surname,Asian (est.),28,26
senate,17,surname,Asian (est.),32,7
senate,17,surname,Asian (est.),33,4
senate,17,surname,Asian (est.),34,2
senate,17,surname,Asian (est.),35,1
senate,17,surname,Asian (est.),36,1
senate,17,surname,Hispanic (est.),4,3990
senate,17,surname,Hispanic (est.),5,2496
senate,17,surname,Hispanic (est.),6,2023
senate,17,surname,Hispanic (est.),7,1590
senate,17,surname,Hispanic (est.),8,1795
senate,17,surname,Hispanic (est.),9,836
senate,17,surname,Hispanic (est.),10,1726
senate,17,surname,Hispanic (est.),11,2252
senate,17,surname,Hispanic (est.),12,1908
senate,17,surname,Hispanic (est.),13,1998
senate,17,surname,Hispanic (est.),14,2098
senate,17,surname,Hispanic (est.),15,2117
senate,17,surname,Hispanic (est.),17,57
senate,17,surname,Hispanic (est.),18,55
senate,17,surname,Hispanic (est.),19,73
senate,17,surname,Hispanic (est.),20,43
senate,17,surname,Hispanic (est.),21,33
senate,17,surname,Hispanic (est.),22,23
senate,17,surname,Hispanic (est.),25,29
senate,17,surname,Hispanic (est.),26,42
senate,17,surname,Hispanic (est.),27,6
senate,17,surname,Hispanic (est.),28,27
senate,17,surname,Hispanic (est.),29,6
senate,17,surname,Hispanic (est.),32,15
senate,17,surname,Hispanic (est.),33,9
senate,17,surname,Hispanic (est.),34,8
senate,17,surname,Hispanic (est.),35,3
senate,17,surname,Hispanic (est.),36,12
senate,17,surname,Hispanic (est.),37,3
senate,18,surname,All others (est.),4,19266
senate,18,surname,All others (est.),5,13400
senate,18,surname,All others (est.),6,11655
senate,18,surname,All others (est.),7,9870
senate,18,surname,All others (est.),8,11912
senate,18,surname,All others (est.),9,3120
senate,18,surname,All others (est.),10,7718
senate,18,surname,All others (est.),11,13407
senate,18,surname,All others (est.),12,12665
senate,18,surname,All others (est.),13,13560
senate,18,surname,All others (est.),14,14399
senate,18,surname,All others (est.),15,15161
senate,18,surname,All others (est.),16,1
senate,18,surname,All others (est.),17,123
senate,18,surname,All others (est.),18,655
senate,18,surname,All others (est.),19,460
senate,18,surname,All others (est.),20,598
senate,18,surname,All others (est.),21,515
senate,18,surname,All others (est.),22,580
senate,18,surname,All others (est.),24,1
senate,18,surname,All others (est.),25,405
senate,18,surname,All others (est.),26,446
senate,18,surname,All others (est.),27,119
senate,18,surname,All others (est.),28,517
senate,18,surname,All others (est.),29,10
senate,18,surname,All others (est.),32,143
senate,18,surname,All others (est.),33,145
senate,18,surname,All others (est.),34,129
senate,18,surname,All others (est.),35,59
senate,18,surname,All others (est.),36,60
senate,18,surname,All others (est.),37,45
senate,18,surname,Asian (est.),4,2281
senate,18,surname,Asian (est.),5,1418
senate,18,surname,Asian (est.),6,1103
senate,18,surname,Asian (est.),7,863
senate,18,surname,Asian (est.),8,1058
senate,18,surname,Asian (est.),9,500
senate,18,surname,Asian (est.),10,1123
senate,18,surname,Asian (est.),11,1094
senate,18,surname,Asian (est.),12,979
senate,18,surname,Asian (est.),13,944
senate,18,surname,Asian (est.),14,975
senate,18,surname,Asian (est.),15,929
senate,18,surname,Asian (est.),16,1
senate,18,surname,Asian (est.),17,10
senate,18,surname,Asian (est.),18,54
senate,18,surname,Asian (est.),19,33
senate,18,surname,Asian (est.),20,21
senate,18,surname,Asian (est.),21,32
senate,18,surname,Asian (est.),22,20
senate,18,surname,Asian (est.),25,27
senate,18,surname,Asian (est.),26,37
senate,18,surname,Asian (est.),27,6
senate,18,surname,Asian (est.),28,32
senate,18,surname,Asian (est.),32,6
senate,18,surname,Asian (est.),33,5
senate,18,surname,Asian (est.),34,4
senate,18,surname,Asian (est.),35,4
senate,18,surname,Asian (est.),36,1
senate,18,surname,Asian (est.),37,1
senate,18,surname,Hispanic (est.),4,4385
senate,18,surname,Hispanic (est.),5,2596
senate,18,surname,Hispanic (est.),6,2078
senate,18,surname,Hispanic (est.),7,1661
senate,18,surname,Hispanic (est.),8,1975
senate,18,surname,Hispanic (est.),9,636
senate,18,surname,Hispanic (est.),10,1717
senate,18,surname,Hispanic (est.),11,2252
senate,18,surname,Hispanic (est.),12,2060
senate,18,surname,Hispanic (est.),13,2154
senate,18,surname,Hispanic (est.),14,2222
senate,18,surname,Hispanic (est.),15,2376
senate,18,surname,Hispanic (est.),17,23
senate,18,surname,Hispanic (est.),18,117
senate,18,surname,Hispanic (est.),19,54
senate,18,surname,Hispanic (est.),20,90
senate,18,surname,Hispanic (est.),21,110
senate,18,surname,Hispanic (est.),22,78
senate,18,surname,Hispanic (est.),24,7
senate,18,surname,Hispanic (est.),25,61
senate,18,surname,Hispanic (est.),26,51
senate,18,surname,Hispanic (est.),27,15
senate,18,surname,Hispanic (est.),28,102
senate,18,surname,Hispanic (est.),29,1
senate,18,surname,Hispanic (est.),32,24
senate,18,surname,Hispanic (est.),33,16
senate,18,surname,Hispanic (est.),34,16
senate,18,surname,Hispanic (est.),35,6
senate,18,surname,Hispanic (est.),36,4
senate,18,surname,Hispanic (est.),37,5
senate,19,surname,All others (est.),4,9624
senate,19,surname,All others (est.),5,7087
senate,19,surname,All others (est.),6,6010
senate,19,surname,All others (est.),7,5696
senate,19,surname,All others (est.),8,5434
senate,19,surname,All others (est.),9,2225
senate,19,surname,All others (est.),10,4944
senate,19,surname,All others (est.),11,6398
senate,19,surname,All others (est.),12,6446
senate,19,surname,All others (est.),13,6669
senate,19,surname,All others (est.),14,7162
senate,19,surname,All others (est.),15,7575
senate,19,surname,All others (est.),16,1
senate,19,surname,All others (est.),17,243
senate,19,surname,All others (est.),18,287
senate,19,surname,All others (est.),19,323
senate,19,surname,All others (est.),20,291
senate,19,surname,All others (est.),21,262
senate,19,surname,All others (est.),22,196
senate,19,surname,All others (est.),23,5
senate,19,surname,All others (est.),24,144
senate,19,surname,All others (est.),25,158
senate,19,surname,All others (est.),26,221
senate,19,surname,All others (est.),27,136
senate,19,surname,All others (est.),28,252
senate,19,surname,All others (est.),31,3
senate,19,surname,All others (est.),32,77
senate,19,surname,All others (est.),33,70
senate,19,surname,All others (est.),34,51
senate,19,surname,All others (est.),35,10
senate,19,surname,All others (est.),36,29
senate,19,surname,All others (est.),37,32
senate,19,surname,Asian (est.),4,529
senate,19,surname,Asian (est.),5,358
senate,19,surname,Asian (est.),6,302
senate,19,surname,Asian (est.),7,272
senate,19,surname,Asian (est.),8,232
senate,19,surname,Asian (est.),9,133
senate,19,surname,Asian (est.),10,281
senate,19,surname,Asian (est.),11,272
senate,19,surname,Asian (est.),12,251
senate,19,surname,Asian (est.),13,278
senate,19,surname,Asian (est.),14,300
senate,19,surname,Asian (est.),15,294
senate,19,surname,Asian (est.),17,7
senate,19,surname,Asian (est.),18,10
senate,19,surname,Asian (est.),19,10
senate,19,surname,Asian (est.),20,10
senate,19,surname,Asian (est.),21,6
senate,19,surname,Asian (est.),22,11
senate,19,surname,Asian (est.),24,4
senate,19,surname,Asian (est.),25,6
senate,19,surname,Asian (est.),26,7
senate,19,surname,Asian (est.),27,3
senate,19,surname,Asian (est.),28,8
senate,19,surname,Asian (est.),31,2
senate,19,surname,Asian (est.),32,3
senate,19,surname,Asian (est.),33,2
senate,19,surname,Asian (est.),34,3
senate,19,surname,Asian (est.),36,2
senate,19,surname,Asian (est.),37,1
senate,19,surname,Hispanic (est.),4,10323
senate,19,surname,Hispanic (est.),5,6596
senate,19,surname,Hispanic (est.),6,5346
senate,19,surname,Hispanic (est.),7,4918
senate,19,surname,Hispanic (est.),8,4231
senate,19,surname,Hispanic (est.),9,1964
senate,19,surname,Hispanic (est.),10,5010
senate,19,surname,Hispanic (est.),11,5431
senate,19,surname,Hispanic (est.),12,4943
senate,19,surname,Hispanic (est.),13,5177
senate,19,surname,Hispanic (est.),14,5411
senate,19,surname,Hispanic (est.),15,5728
senate,19,surname,Hispanic (est.),16,19
senate,19,surname,Hispanic (est.),17,135
senate,19,surname,Hispanic (est.),18,184
senate,19,surname,Hispanic (est.),19,205
senate,19,surname,Hispanic (est.),20,190
senate,19,surname,Hispanic (est.),21,150
senate,19,surname,Hispanic (est.),22,125
senate,19,surname,Hispanic (est.),23,5
senate,19,surname,Hispanic (est.),24,97
senate,19,surname,Hispanic (est.),25,102
senate,19,surname,Hispanic (est.),26,171
senate,19,surname,Hispanic (est.),27,109
senate,19,surname,Hispanic (est.),28,179
senate,19,surname,Hispanic (est.),32,100
senate,19,surname,Hispanic (est.),33,96
senate,19,surname,Hispanic (est.),34,109
senate,19,surname,Hispanic (est.),35,5
senate,19,surname,Hispanic (est.),36,8
senate,19,surname,Hispanic (est.),37,15
senate,2,surname,All others (est.),4,17955
senate,2,surname,All others (est.),5,14794
senate,2,surname,All others (est.),6,12451
senate,2,surname,All others (est.),7,12079
senate,2,surname,All others (est.),8,12848
senate,2,surname,All others (est.),9,3986
senate,2,surname,All others (est.),10,10402
senate,2,surname,All others (est.),11,11369
senate,2,surname,All others (est.),12,13557
senate,2,surname,All others (est.),13,14782
senate,2,surname,All others (est.),14,15683
senate,2,surname,All others (est.),15,14036
senate,2,surname,All others (est.),16,19
senate,2,surname,All others (est.),17,1262
senate,2,surname,All others (est.),18,226
senate,2,surname,All others (est.),19,219
senate,2,surname,All others (est.),20,201
senate,2,surname,All others (est.),21,129
senate,2,surname,All others (est.),22,282
senate,2,surname,All others (est.),24,42
senate,2,surname,All others (est.),25,468
senate,2,surname,All others (est.),26,173
senate,2,surname,All others (est.),27,141
senate,2,surname,All others (est.),28,36
senate,2,surname,All others (est.),29,115
senate,2,surname,All others (est.),31,4
senate,2,surname,All others (est.),32,38
senate,2,surname,All others (est.),33,67
senate,2,surname,All others (est.),34,14
senate,2,surname,All others (est.),35,4
senate,2,surname,All others (est.),36,26
senate,2,surname,All others (est.),37,4
senate,2,surname,Asian (est.),4,1060
senate,2,surname,Asian (est.),5,725
senate,2,surname,Asian (est.),6,603
senate,2,surname,Asian (est.),7,544
senate,2,surname,Asian (est.),8,597
senate,2,surname,Asian (est.),9,249
senate,2,surname,Asian (est.),10,587
senate,2,surname,Asian (est.),11,449
senate,2,surname,Asian (est.),12,530
senate,2,surname,Asian (est.),13,559
senate,2,surname,Asian (est.),14,540
senate,2,surname,Asian (est.),15,487
senate,2,surname,Asian (est.),17,47
senate,2,surname,Asian (est.),18,4
senate,2,surname,Asian (est.),19,7
senate,2,surname,Asian (est.),20,5
senate,2,surname,Asian (est.),21,7
senate,2,surname,Asian (est.),22,9
senate,2,surname,Asian (est.),25,9
senate,2,surname,Asian (est.),26,4
senate,2,surname,Asian (est.),27,5
senate,2,surname,Asian (est.),28,2
senate,2,surname,Asian (est.),29,2
senate,2,surname,Asian (est.),32,1
senate,2,surname,Asian (est.),33,1
senate,2,surname,Hispanic (est.),4,3244
senate,2,surname,Hispanic (est.),5,2272
senate,2,surname,Hispanic (est.),6,1732
senate,2,surname,Hispanic (est.),7,1563
senate,2,surname,Hispanic (est.),8,1565
senate,2,surname,Hispanic (est.),9,609
senate,2,surname,Hispanic (est.),10,1486
senate,2,surname,Hispanic (est.),11,1444
senate,2,surname,Hispanic (est.),12,1483
senate,2,surname,Hispanic (est.),13,1582
senate,2,surname,Hispanic (est.),14,1618
senate,2,surname,Hispanic (est.),15,1548
senate,2,surname,Hispanic (est.),16,2
senate,2,surname,Hispanic (est.),17,111
senate,2,surname,Hispanic (est.),18,13
senate,2,surname,Hispanic (est.),19,16
senate,2,surname,Hispanic (est.),20,9
senate,2,surname,Hispanic (est.),21,13
senate,2,surname,Hispanic (est.),22,21
senate,2,surname,Hispanic (est.),24,3
senate,2,surname,Hispanic (est.),25,31
senate,2,surname,Hispanic (est.),26,7
senate,2,surname,Hispanic (est.),27,11
senate,2,surname,Hispanic (est.),28,6
senate,2,surname,Hispanic (est.),29,6
senate,2,surname,Hispanic (est.),32,4
senate,2,surname,Hispanic (est.),33,6
senate,2,surname,Hispanic (est.),34,2
senate,2,surname,Hispanic (est.),36,4
senate,20,surname,All others (est.),4,5859
senate,20,surname,All others (est.),5,3631
senate,20,surname,All others (est.),6,3295
senate,20,surname,All others (est.),7,2673
senate,20,surname,All others (est.),8,3127
senate,20,surname,All others (est.),9,452
senate,20,surname,All others (est.),10,2512
senate,20,surname,All others (est.),11,3817
senate,20,surname,All others (est.),12,3683
senate,20,surname,All others (est.),13,4076
senate,20,surname,All others (est.),14,4868
senate,20,surname,All others (est.),15,5251
senate,20,surname,All others (est.),18,159
senate,20,surname,All others (est.),19,146
senate,20,surname,All others (est.),20,253
senate,20,surname,All others (est.),21,303
senate,20,surname,All others (est.),22,436
senate,20,surname,All others (est.),25,249
senate,20,surname,All others (est.),26,195
senate,20,surname,All others (est.),27,122
senate,20,surname,All others (est.),28,2
senate,20,surname,All others (est.),32,1
senate,20,surname,All others (est.),33,1
senate,20,surname,Asian (est.),4,392
senate,20,surname,Asian (est.),5,226
senate,20,surname,Asian (est.),6,199
senate,20,surname,Asian (est.),7,178
senate,20,surname,Asian (est.),8,174
senate,20,surname,Asian (est.),9,46
senate,20,surname,Asian (est.),10,170
senate,20,surname,Asian (est.),11,223
senate,20,surname,Asian (est.),12,195
senate,20,surname,Asian (est.),13,193
senate,20,surname,Asian (est.),14,258
senate,20,surname,Asian (est.),15,258
senate,20,surname,Asian (est.),18,7
senate,20,surname,Asian (est.),19,5
senate,20,surname,Asian (est.),20,13
senate,20,surname,Asian (est.),21,10
senate,20,surname,Asian (est.),22,14
senate,20,surname,Asian (est.),25,10
senate,20,surname,Asian (est.),26,5
senate,20,surname,Asian (est.),27,7
senate,20,surname,Hispanic (est.),4,11998
senate,20,surname,Hispanic (est.),5,6776
senate,20,surname,Hispanic (est.),6,5662
senate,20,surname,Hispanic (est.),7,4758
senate,20,surname,Hispanic (est.),8,4795
senate,20,surname,Hispanic (est.),9,1585
senate,20,surname,Hispanic (est.),10,5538
senate,20,surname,Hispanic (est.),11,6409
senate,20,surname,Hispanic (est.),12,5602
senate,20,surname,Hispanic (est.),13,6132
senate,20,surname,Hispanic (est.),14,7282
senate,20,surname,Hispanic (est.),15,8131
senate,20,surname,Hispanic (est.),18,190
senate,20,surname,Hispanic (est.),19,144
senate,20,surname,Hispanic (est.),20,398
senate,20,surname,Hispanic (est.),21,355
senate,20,surname,Hispanic (est.),22,513
senate,20,surname,Hispanic (est.),25,348
senate,20,surname,Hispanic (est.),26,188
senate,20,surname,Hispanic (est.),27,248
senate,20,surname,Hispanic (est.),33,1
senate,21,surname,All others (est.),4,11005
senate,21,surname,All others (est.),5,7137
senate,21,surname,All others (est.),6,5725
senate,21,surname,All others (est.),7,5079
senate,21,surname,All others (est.),8,5238
senate,21,surname,All others (est.),9,1708
senate,21,surname,All others (est.),10,4565
senate,21,surname,All others (est.),11,6796
senate,21,surname,All others (est.),12,6982
senate,21,surname,All others (est.),13,6194
senate,21,surname,All others (est.),14,6494
senate,21,surname,All others (est.),15,6968
senate,21,surname,All others (est.),17,145
senate,21,surname,All others (est.),18,143
senate,21,surname,All others (est.),19,257
senate,21,surname,All others (est.),20,170
senate,21,surname,All others (est.),21,224
senate,21,surname,All others (est.),22,179
senate,21,surname,All others (est.),25,205
senate,21,surname,All others (est.),26,275
senate,21,surname,All others (est.),27,76
senate,21,surname,All others (est.),28,79
senate,21,surname,All others (est.),29,14
senate,21,surname,All others (est.),32,220
senate,21,surname,All others (est.),33,13
senate,21,surname,All others (est.),34,6
senate,21,surname,All others (est.),35,1
senate,21,surname,All others (est.),36,9
senate,21,surname,All others (est.),37,16
senate,21,surname,Asian (est.),4,592
senate,21,surname,Asian (est.),5,324
senate,21,surname,Asian (est.),6,268
senate,21,surname,Asian (est.),7,213
senate,21,surname,Asian (est.),8,239
senate,21,surname,Asian (est.),9,106
senate,21,surname,Asian (est.),10,230
senate,21,surname,Asian (est.),11,255
senate,21,surname,Asian (est.),12,259
senate,21,surname,Asian (est.),13,263
senate,21,surname,Asian (est.),14,257
senate,21,surname,Asian (est.),15,268
senate,21,surname,Asian (est.),17,3
senate,21,surname,Asian (est.),18,6
senate,21,surname,Asian (est.),19,11
senate,21,surname,Asian (est.),20,4
senate,21,surname,Asian (est.),21,6
senate,21,surname,Asian (est.),22,8
senate,21,surname,Asian (est.),25,10
senate,21,surname,Asian (est.),26,7
senate,21,surname,Asian (est.),27,2
senate,21,surname,Asian (est.),28,2
senate,21,surname,Asian (est.),32,8
senate,21,surname,Hispanic (est.),4,10881
senate,21,surname,Hispanic (est.),5,6370
senate,21,surname,Hispanic (est.),6,5118
senate,21,surname,Hispanic (est.),7,4253
senate,21,surname,Hispanic (est.),8,4230
senate,21,surname,Hispanic (est.),9,1894
senate,21,surname,Hispanic (est.),10,5087
senate,21,surname,Hispanic (est.),11,5393
senate,21,surname,Hispanic (est.),12,4983
senate,21,surname,Hispanic (est.),13,5251
senate,21,surname,Hispanic (est.),14,5570
senate,21,surname,Hispanic (est.),15,6341
senate,21,surname,Hispanic (est.),17,46
senate,21,surname,Hispanic (est.),18,128
senate,21,surname,Hispanic (est.),19,356
senate,21,surname,Hispanic (est.),20,120
senate,21,surname,Hispanic (est.),21,101
senate,21,surname,Hispanic (est.),22,94
senate,21,surname,Hispanic (est.),24,5
senate,21,surname,Hispanic (est.),25,115
senate,21,surname,Hispanic (est.),26,121
senate,21,surname,Hispanic (est.),27,54
senate,21,surname,Hispanic (est.),28,31
senate,21,surname,Hispanic (est.),29,17
senate,21,surname,Hispanic (est.),32,80
senate,21,surname,Hispanic (est.),33,10
senate,21,surname,Hispanic (est.),34,3
senate,21,surname,Hispanic (est.),36,5
senate,21,surname,Hispanic (est.),37,3
senate,22,surname,All others (est.),4,18720
senate,22,surname,All others (est.),5,14704
senate,22,surname,All others (est.),6,12451
senate,22,surname,All others (est.),7,12494
senate,22,surname,All others (est.),8,13269
senate,22,surname,All others (est.),9,3253
senate,22,surname,All others (est.),10,9227
senate,22,surname,All others (est.),11,12427
senate,22,surname,All others (est.),12,13393
senate,22,surname,All others (est.),13,13995
senate,22,surname,All others (est.),14,15261
senate,22,surname,All others (est.),15,14287
senate,22,surname,All others (est.),16,34
senate,22,surname,All others (est.),18,489
senate,22,surname,All others (est.),19,528
senate,22,surname,All others (est.),20,430
senate,22,surname,All others (est.),21,285
senate,22,surname,All others (est.),22,766
senate,22,surname,All others (est.),24,358
senate,22,surname,All others (est.),25,298
senate,22,surname,All others (est.),26,489
senate,22,surname,All others (est.),27,87
senate,22,surname,All others (est.),28,266
senate,22,surname,All others (est.),29,68
senate,22,surname,All others (est.),32,89
senate,22,surname,All others (est.),33,48
senate,22,surname,All others (est.),34,41
senate,22,surname,All others (est.),35,11
senate,22,surname,All others (est.),36,33
senate,22,surname,All others (est.),37,50
senate,22,surname,Asian (est.),4,789
senate,22,surname,Asian (est.),5,533
senate,22,surname,Asian (est.),6,457
senate,22,surname,Asian (est.),7,459
senate,22,surname,Asian (est.),8,472
senate,22,surname,Asian (est.),9,208
senate,22,surname,Asian (est.),10,445
senate,22,surname,Asian (est.),11,357
senate,22,surname,Asian (est.),12,411
senate,22,surname,Asian (est.),13,435
senate,22,surname,Asian (est.),14,411
senate,22,surname,Asian (est.),15,379
senate,22,surname,Asian (est.),16,1
senate,22,surname,Asian (est.),18,13
senate,22,surname,Asian (est.),19,10
senate,22,surname,Asian (est.),20,12
senate,22,surname,Asian (est.),21,8
senate,22,surname,Asian (est.),22,21
senate,22,surname,Asian (est.),24,6
senate,22,surname,Asian (est.),25,5
senate,22,surname,Asian (est.),26,8
senate,22,surname,Asian (est.),27,1
senate,22,surname,Asian (est.),28,5
senate,22,surname,Asian (est.),29,3
senate,22,surname,Asian (est.),32,1
senate,22,surname,Asian (est.),33,1
senate,22,surname,Asian (est.),37,1
senate,22,surname,Hispanic (est.),4,2834
senate,22,surname,Hispanic (est.),5,2010
senate,22,surname,Hispanic (est.),6,1463
senate,22,surname,Hispanic (est.),7,1355
senate,22,surname,Hispanic (est.),8,1433
senate,22,surname,Hispanic (est.),9,481
senate,22,surname,Hispanic (est.),10,1313
senate,22,surname,Hispanic (est.),11,1356
senate,22,surname,Hispanic (est.),12,1292
senate,22,surname,Hispanic (est.),13,1388
senate,22,surname,Hispanic (est.),14,1474
senate,22,surname,Hispanic (est.),15,1389
senate,22,surname,Hispanic (est.),16,4
senate,22,surname,Hispanic (est.),18,41
senate,22,surname,Hispanic (est.),19,41
senate,22,surname,Hispanic (est.),20,38
senate,22,surname,Hispanic (est.),21,24
senate,22,surname,Hispanic (est.),22,63
senate,22,surname,Hispanic (est.),24,30
senate,22,surname,Hispanic (est.),25,27
senate,22,surname,Hispanic (est.),26,38
senate,22,surname,Hispanic (est.),27,8
senate,22,surname,Hispanic (est.),28,19
senate,22,surname,Hispanic (est.),29,10
senate,22,surname,Hispanic (est.),32,4
senate,22,surname,Hispanic (est.),33,6
senate,22,surname,Hispanic (est.),34,3
senate,22,surname,Hispanic (est.),35,2
senate,22,surname,Hispanic (est.),36,1
senate,22,surname,Hispanic (est.),37,4
senate,23,surname,All others (est.),4,16953
senate,23,surname,All others (est.),5,13189
senate,23,surname,All others (est.),6,10222
senate,23,surname,All others (est.),7,9559
senate,23,surname,All others (est.),8,9890
senate,23,surname,All others (est.),9,3214
senate,23,surname,All others (est.),10,7007
senate,23,surname,All others (est.),11,7283
senate,23,surname,All others (est.),12,10226
senate,23,surname,All others (est.),13,10492
senate,23,surname,All others (est.),14,10916
senate,23,surname,All others (est.),15,9344
senate,23,surname,All others (est.),17,2099
senate,23,surname,All others (est.),18,17
senate,23,surname,All others (est.),19,23
senate,23,surname,All others (est.),20,30
senate,23,surname,All others (est.),21,20
senate,23,surname,All others (est.),22,58
senate,23,surname,All others (est.),25,10
senate,23,surname,All others (est.),28,23
senate,23,surname,All others (est.),34,1
senate,23,surname,Asian (est.),4,742
senate,23,surname,Asian (est.),5,546
senate,23,surname,Asian (est.),6,408
senate,23,surname,Asian (est.),7,345
senate,23,surname,Asian (est.),8,390
senate,23,surname,Asian (est.),9,229
senate,23,surname,Asian (est.),10,349
senate,23,surname,Asian (est.),11,257
senate,23,surname,Asian (est.),12,334
senate,23,surname,Asian (est.),13,382
senate,23,surname,Asian (est.),14,379
senate,23,surname,Asian (est.),15,301
senate,23,surname,Asian (est.),17,52
senate,23,surname,Asian (est.),19,3
senate,23,surname,Asian (est.),20,2
senate,23,surname,Asian (est.),22,3
senate,23,surname,Asian (est.),28,1
senate,23,surname,Hispanic (est.),4,4252
senate,23,surname,Hispanic (est.),5,2808
senate,23,surname,Hispanic (est.),6,1998
senate,23,surname,Hispanic (est.),7,1686
senate,23,surname,Hispanic (est.),8,1614
senate,23,surname,Hispanic (est.),9,592
senate,23,surname,Hispanic (est.),10,1395
senate,23,surname,Hispanic (est.),11,1341
senate,23,surname,Hispanic (est.),12,1600
senate,23,surname,Hispanic (est.),13,1681
senate,23,surname,Hispanic (est.),14,1741
senate,23,surname,Hispanic (est.),15,1557
senate,23,surname,Hispanic (est.),17,198
senate,23,surname,Hispanic (est.),18,1
senate,23,surname,Hispanic (est.),19,4
senate,23,surname,Hispanic (est.),20,2
senate,23,surname,Hispanic (est.),21,5
senate,23,surname,Hispanic (est.),22,12
senate,23,surname,Hispanic (est.),28,3
senate,24,surname,All others (est.),4,19840
senate,24,surname,All others (est.),5,14570
senate,24,surname,All others (est.),6,12861
senate,24,surname,All others (est.),7,12801
senate,24,surname,All others (est.),8,13313
senate,24,surname,All others (est.),9,3121
senate,24,surname,All others (est.),10,8035
senate,24,surname,All others (est.),11,15219
senate,24,surname,All others (est.),12,14847
senate,24,surname,All others (est.),13,15539
senate,24,surname,All others (est.),14,16732
senate,24,surname,All others (est.),15,17449
senate,24,surname,All others (est.),16,245
senate,24,surname,All others (est.),17,23
senate,24,surname,All others (est.),18,512
senate,24,surname,All others (est.),19,508
senate,24,surname,All others (est.),20,408
senate,24,surname,All others (est.),21,290
senate,24,surname,All others (est.),22,1508
senate,24,surname,All others (est.),23,45
senate,24,surname,All others (est.),25,470
senate,24,surname,All others (est.),26,461
senate,24,surname,All others (est.),27,311
senate,24,surname,All others (est.),28,335
senate,24,surname,All others (est.),32,150
senate,24,surname,All others (est.),33,165
senate,24,surname,All others (est.),34,99
senate,24,surname,All others (est.),35,24
senate,24,surname,All others (est.),36,222
senate,24,surname,All others (est.),37,470
senate,24,surname,Asian (est.),4,932
senate,24,surname,Asian (est.),5,594
senate,24,surname,Asian (est.),6,506
senate,24,surname,Asian (est.),7,422
senate,24,surname,Asian (est.),8,430
senate,24,surname,Asian (est.),9,210
senate,24,surname,Asian (est.),10,385
senate,24,surname,Asian (est.),11,499
senate,24,surname,Asian (est.),12,413
senate,24,surname,Asian (est.),13,424
senate,24,surname,Asian (est.),14,478
senate,24,surname,Asian (est.),15,534
senate,24,surname,Asian (est.),16,3
senate,24,surname,Asian (est.),18,12
senate,24,surname,Asian (est.),19,15
senate,24,surname,Asian (est.),20,9
senate,24,surname,Asian (est.),21,8
senate,24,surname,Asian (est.),22,37
senate,24,surname,Asian (est.),23,2
senate,24,surname,Asian (est.),25,13
senate,24,surname,Asian (est.),26,8
senate,24,surname,Asian (est.),27,8
senate,24,surname,Asian (est.),28,5
senate,24,surname,Asian (est.),29,1
senate,24,surname,Asian (est.),32,3
senate,24,surname,Asian (est.),33,2
senate,24,surname,Asian (est.),34,3
senate,24,surname,Asian (est.),36,5
senate,24,surname,Asian (est.),37,6
senate,24,surname,Hispanic (est.),4,3703
senate,24,surname,Hispanic (est.),5,2378
senate,24,surname,Hispanic (est.),6,1940
senate,24,surname,Hispanic (est.),7,1955
senate,24,surname,Hispanic (est.),8,1801
senate,24,surname,Hispanic (est.),9,538
senate,24,surname,Hispanic (est.),10,1482
senate,24,surname,Hispanic (est.),11,2176
senate,24,surname,Hispanic (est.),12,2040
senate,24,surname,Hispanic (est.),13,2107
senate,24,surname,Hispanic (est.),14,2232
senate,24,surname,Hispanic (est.),15,2304
senate,24,surname,Hispanic (est.),16,26
senate,24,surname,Hispanic (est.),17,1
senate,24,surname,Hispanic (est.),18,54
senate,24,surname,Hispanic (est.),19,58
senate,24,surname,Hispanic (est.),20,73
senate,24,surname,Hispanic (est.),21,30
senate,24,surname,Hispanic (est.),22,161
senate,24,surname,Hispanic (est.),23,2
senate,24,surname,Hispanic (est.),25,58
senate,24,surname,Hispanic (est.),26,62
senate,24,surname,Hispanic (est.),27,22
senate,24,surname,Hispanic (est.),28,39
senate,24,surname,Hispanic (est.),29,3
senate,24,surname,Hispanic (est.),32,22
senate,24,surname,Hispanic (est.),33,16
senate,24,surname,Hispanic (est.),34,6
senate,24,surname,Hispanic (est.),35,3
senate,24,surname,Hispanic (est.),36,19
senate,24,surname,Hispanic (est.),37,31
senate,25,surname,All others (est.),4,26865
senate,25,surname,All others (est.),5,20771
senate,25,surname,All others (est.),6,18627
senate,25,surname,All others (est.),7,17803
senate,25,surname,All others (est.),8,18057
senate,25,surname,All others (est.),9,6224
senate,25,surname,All others (est.),10,13793
senate,25,surname,All others (est.),11,21131
senate,25,surname,All others (est.),12,19787
senate,25,surname,All others (est.),13,20774
senate,25,surname,All others (est.),14,20785
senate,25,surname,All others (est.),15,21051
senate,25,surname,All others (est.),17,638
senate,25,surname,All others (est.),18,634
senate,25,surname,All others (est.),19,973
senate,25,surname,All others (est.),20,735
senate,25,surname,All others (est.),21,968
senate,25,surname,All others (est.),22,711
senate,25,surname,All others (est.),23,4
senate,25,surname,All others (est.),24,405
senate,25,surname,All others (est.),25,950
senate,25,surname,All others (est.),26,1078
senate,25,surname,All others (est.),27,223
senate,25,surname,All others (est.),28,582
senate,25,surname,All others (est.),32,212
senate,25,surname,All others (est.),33,98
senate,25,surname,All others (est.),34,57
senate,25,surname,All others (est.),35,26
senate,25,surname,All others (est.),36,85
senate,25,surname,All others (est.),37,123
senate,25,surname,Asian (est.),4,1196
senate,25,surname,Asian (est.),5,784
senate,25,surname,Asian (est.),6,663
senate,25,surname,Asian (est.),7,641
senate,25,surname,Asian (est.),8,590
senate,25,surname,Asian (est.),9,317
senate,25,surname,Asian (est.),10,607
senate,25,surname,Asian (est.),11,654
senate,25,surname,Asian (est.),12,638
senate,25,surname,Asian (est.),13,670
senate,25,surname,Asian (est.),14,600
senate,25,surname,Asian (est.),15,627
senate,25,surname,Asian (est.),17,17
senate,25,surname,Asian (est.),18,15
senate,25,surname,Asian (est.),19,26
senate,25,surname,Asian (est.),20,18
senate,25,surname,Asian (est.),21,28
senate,25,surname,Asian (est.),22,15
senate,25,surname,Asian (est.),23,1
senate,25,surname,Asian (est.),24,11
senate,25,surname,Asian (est.),25,22
senate,25,surname,Asian (est.),26,21
senate,25,surname,Asian (est.),27,4
senate,25,surname,Asian (est.),28,13
senate,25,surname,Asian (est.),32,4
senate,25,surname,Asian (est.),33,2
senate,25,surname,Asian (est.),34,2
senate,25,surname,Asian (est.),35,1
senate,25,surname,Asian (est.),36,2
senate,25,surname,Asian (est.),37,3
senate,25,surname,Hispanic (est.),4,6715
senate,25,surname,Hispanic (est.),5,4709
senate,25,surname,Hispanic (est.),6,3952
senate,25,surname,Hispanic (est.),7,3682
senate,25,surname,Hispanic (est.),8,3416
senate,25,surname,Hispanic (est.),9,1559
senate,25,surname,Hispanic (est.),10,3384
senate,25,surname,Hispanic (est.),11,4201
senate,25,surname,Hispanic (est.),12,3809
senate,25,surname,Hispanic (est.),13,3856
senate,25,surname,Hispanic (est.),14,3836
senate,25,surname,Hispanic (est.),15,3906
senate,25,surname,Hispanic (est.),17,97
senate,25,surname,Hispanic (est.),18,93
senate,25,surname,Hispanic (est.),19,134
senate,25,surname,Hispanic (est.),20,115
senate,25,surname,Hispanic (est.),21,141
senate,25,surname,Hispanic (est.),22,89
senate,25,surname,Hispanic (est.),23,1
senate,25,surname,Hispanic (est.),24,65
senate,25,surname,Hispanic (est.),25,122
senate,25,surname,Hispanic (est.),26,115
senate,25,surname,Hispanic (est.),27,29
senate,25,surname,Hispanic (est.),28,73
senate,25,surname,Hispanic (est.),32,20
senate,25,surname,Hispanic (est.),33,16
senate,25,surname,Hispanic (est.),34,14
senate,25,surname,Hispanic (est.),35,3
senate,25,surname,Hispanic (est.),36,11
senate,25,surname,Hispanic (est.),37,18
senate,26,surname,All others (est.),4,9752
senate,26,surname,All others (est.),5,7275
senate,26,surname,All others (est.),6,6162
senate,26,surname,All others (est.),7,5901
senate,26,surname,All others (est.),8,5674
senate,26,surname,All others (est.),9,2366
senate,26,surname,All others (est.),10,5186
senate,26,surname,All others (est.),11,6437
senate,26,surname,All others (est.),12,6781
senate,26,surname,All others (est.),13,6940
senate,26,surname,All others (est.),14,7061
senate,26,surname,All others (est.),15,7192
senate,26,surname,All others (est.),17,333
senate,26,surname,All others (est.),18,317
senate,26,surname,All others (est.),19,389
senate,26,surname,All others (est.),20,312
senate,26,surname,All others (est.),21,407
senate,26,surname,All others (est.),22,205
senate,26,surname,All others (est.),23,5
senate,26,surname,All others (est.),24,247
senate,26,surname,All others (est.),25,247
senate,26,surname,All others (est.),26,286
senate,26,surname,All others (est.),27,191
senate,26,surname,All others (est.),28,241
senate,26,surname,All others (est.),31,2
senate,26,surname,All others (est.),32,37
senate,26,surname,All others (est.),33,37
senate,26,surname,All others (est.),34,12
senate,26,surname,All others (est.),35,5
senate,26,surname,All others (est.),36,15
senate,26,surname,Asian (est.),4,620
senate,26,surname,Asian (est.),5,371
senate,26,surname,Asian (est.),6,316
senate,26,surname,Asian (est.),7,280
senate,26,surname,Asian (est.),8,259
senate,26,surname,Asian (est.),9,124
senate,26,surname,Asian (est.),10,289
senate,26,surname,Asian (est.),11,295
senate,26,surname,Asian (est.),12,321
senate,26,surname,Asian (est.),13,316
senate,26,surname,Asian (est.),14,323
senate,26,surname,Asian (est.),15,335
senate,26,surname,Asian (est.),17,10
senate,26,surname,Asian (est.),18,11
senate,26,surname,Asian (est.),19,16
senate,26,surname,Asian (est.),20,10
senate,26,surname,Asian (est.),21,13
senate,26,surname,Asian (est.),22,7
senate,26,surname,Asian (est.),24,10
senate,26,surname,Asian (est.),25,10
senate,26,surname,Asian (est.),26,9
senate,26,surname,Asian (est.),27,8
senate,26,surname,Asian (est.),28,11
senate,26,surname,Asian (est.),32,2
senate,26,surname,Asian (est.),33,1
senate,26,surname,Asian (est.),34,1
senate,26,surname,Asian (est.),37,1
senate,26,surname,Hispanic (est.),4,10685
senate,26,surname,Hispanic (est.),5,7044
senate,26,surname,Hispanic (est.),6,5562
senate,26,surname,Hispanic (est.),7,5162
senate,26,surname,Hispanic (est.),8,4681
senate,26,surname,Hispanic (est.),9,2066
senate,26,surname,Hispanic (est.),10,4927
senate,26,surname,Hispanic (est.),11,5563
senate,26,surname,Hispanic (est.),12,5635
senate,26,surname,Hispanic (est.),13,5862
senate,26,surname,Hispanic (est.),14,6047
senate,26,surname,Hispanic (est.),15,6206
senate,26,surname,Hispanic (est.),17,228
senate,26,surname,Hispanic (est.),18,229
senate,26,surname,Hispanic (est.),19,242
senate,26,surname,Hispanic (est.),20,184
senate,26,surname,Hispanic (est.),21,258
senate,26,surname,Hispanic (est.),22,130
senate,26,surname,Hispanic (est.),23,4
senate,26,surname,Hispanic (est.),24,240
senate,26,surname,Hispanic (est.),25,178
senate,26,surname,Hispanic (est.),26,256
senate,26,surname,Hispanic (est.),27,261
senate,26,surname,Hispanic (est.),28,306
senate,26,surname,Hispanic (est.),32,60
senate,26,surname,Hispanic (est.),33,60
senate,26,surname,Hispanic (est.),34,25
senate,26,surname,Hispanic (est.),35,1
senate,26,surname,Hispanic (est.),36,1
senate,26,surname,Hispanic (est.),37,1
senate,27,surname,All others (est.),4,5408
senate,27,surname,All others (est.),5,3387
senate,27,surname,All others (est.),6,3559
senate,27,surname,All others (est.),7,2953
senate,27,surname,All others (est.),8,3041
senate,27,surname,All others (est.),9,425
senate,27,surname,All others (est.),10,2628
senate,27,surname,All others (est.),11,3852
senate,27,surname,All others (est.),12,3610
senate,27,surname,All others (est.),13,4746
senate,27,surname,All others (est.),14,6062
senate,27,surname,All others (est.),15,6405
senate,27,surname,All others (est.),18,111
senate,27,surname,All others (est.),19,121
senate,27,surname,All others (est.),20,299
senate,27,surname,All others (est.),21,176
senate,27,surname,All others (est.),22,349
senate,27,surname,All others (est.),25,152
senate,27,surname,All others (est.),26,213
senate,27,surname,All others (est.),27,58
senate,27,surname,All others (est.),28,62
senate,27,surname,All others (est.),29,15
senate,27,surname,All others (est.),32,33
senate,27,surname,All others (est.),33,37
senate,27,surname,All others (est.),34,40
senate,27,surname,All others (est.),35,1
senate,27,surname,All others (est.),36,56
senate,27,surname,All others (est.),37,1
senate,27,surname,Asian (est.),4,346
senate,27,surname,Asian (est.),5,190
senate,27,surname,Asian (est.),6,164
senate,27,surname,Asian (est.),7,139
senate,27,surname,Asian (est.),8,150
senate,27,surname,Asian (est.),9,34
senate,27,surname,Asian (est.),10,143
senate,27,surname,Asian (est.),11,176
senate,27,surname,Asian (est.),12,171
senate,27,surname,Asian (est.),13,207
senate,27,surname,Asian (est.),14,236
senate,27,surname,Asian (est.),15,280
senate,27,surname,Asian (est.),18,4
senate,27,surname,Asian (est.),19,5
senate,27,surname,Asian (est.),20,15
senate,27,surname,Asian (est.),21,7
senate,27,surname,Asian (est.),22,12
senate,27,surname,Asian (est.),25,6
senate,27,surname,Asian (est.),26,10
senate,27,surname,Asian (est.),27,3
senate,27,surname,Asian (est.),28,2
senate,27,surname,Asian (est.),32,1
senate,27,surname,Asian (est.),33,2
senate,27,surname,Asian (est.),34,1
senate,27,surname,Asian (est.),36,1
senate,27,surname,Hispanic (est.),4,11460
senate,27,surname,Hispanic (est.),5,6210
senate,27,surname,Hispanic (est.),6,5356
senate,27,surname,Hispanic (est.),7,4492
senate,27,surname,Hispanic (est.),8,4415
senate,27,surname,Hispanic (est.),9,1504
senate,27,surname,Hispanic (est.),10,4800
senate,27,surname,Hispanic (est.),11,6181
senate,27,surname,Hispanic (est.),12,5493
senate,27,surname,Hispanic (est.),13,6609
senate,27,surname,Hispanic (est.),14,7513
senate,27,surname,Hispanic (est.),15,8748
senate,27,surname,Hispanic (est.),18,135
senate,27,surname,Hispanic (est.),19,120
senate,27,surname,Hispanic (est.),20,357
senate,27,surname,Hispanic (est.),21,195
senate,27,surname,Hispanic (est.),22,288
senate,27,surname,Hispanic (est.),25,169
senate,27,surname,Hispanic (est.),26,248
senate,27,surname,Hispanic (est.),27,168
senate,27,surname,Hispanic (est.),28,57
senate,27,surname,Hispanic (est.),29,16
senate,27,surname,Hispanic (est.),32,40
senate,27,surname,Hispanic (est.),33,35
senate,27,surname,Hispanic (est.),34,59
senate,27,surname,Hispanic (est.),35,4
senate,27,surname,Hispanic (est.),36,70
senate,27,surname,Hispanic (est.),37,3
senate,28,surname,All others (est.),4,15447
senate,28,surname,All others (est.),5,11014
senate,28,surname,All others (est.),6,10427
senate,28,surname,All others (est.),7,10219
senate,28,surname,All others (est.),8,10548
senate,28,surname,All others (est.),9,2733
senate,28,surname,All others (est.),10,5938
senate,28,surname,All others (est.),11,11434
senate,28,surname,All others (est.),12,12234
senate,28,surname,All others (est.),13,12709
senate,28,surname,All others (est.),14,13638
senate,28,surname,All others (est.),15,13877
senate,28,surname,All others (est.),16,3
senate,28,surname,All others (est.),17,43
senate,28,surname,All others (est.),18,241
senate,28,surname,All others (est.),19,168
senate,28,surname,All others (est.),20,265
senate,28,surname,All others (est.),21,230
senate,28,surname,All others (est.),22,560
senate,28,surname,All others (est.),23,44
senate,28,surname,All others (est.),25,216
senate,28,surname,All others (est.),26,381
senate,28,surname,All others (est.),27,461
senate,28,surname,All others (est.),28,375
senate,28,surname,All others (est.),29,27
senate,28,surname,All others (est.),30,2
senate,28,surname,All others (est.),31,32
senate,28,surname,All others (est.),32,305
senate,28,surname,All others (est.),33,281
senate,28,surname,All others (est.),34,245
senate,28,surname,All others (est.),35,278
senate,28,surname,All others (est.),36,300
senate,28,surname,All others (est.),37,70
senate,28,surname,Asian (est.),4,319
senate,28,surname,Asian (est.),5,214
senate,28,surname,Asian (est.),6,191
senate,28,surname,Asian (est.),7,170
senate,28,surname,Asian (est.),8,183
senate,28,surname,Asian (est.),9,69
senate,28,surname,Asian (est.),10,119
senate,28,surname,Asian (est.),11,202
senate,28,surname,Asian (est.),12,191
senate,28,surname,Asian (est.),13,214
senate,28,surname,Asian (est.),14,228
senate,28,surname,Asian (est.),15,221
senate,28,surname,Asian (est.),17,1
senate,28,surname,Asian (est.),18,4
senate,28,surname,Asian (est.),19,5
senate,28,surname,Asian (est.),20,5
senate,28,surname,Asian (est.),21,3
senate,28,surname,Asian (est.),22,7
senate,28,surname,Asian (est.),25,3
senate,28,surname,Asian (est.),26,5
senate,28,surname,Asian (est.),27,6
senate,28,surname,Asian (est.),28,6
senate,28,surname,Asian (est.),29,1
senate,28,surname,Asian (est.),32,6
senate,28,surname,Asian (est.),33,5
senate,28,surname,Asian (est.),34,3
senate,28,surname,Asian (est.),35,4
senate,28,surname,Asian (est.),36,3
senate,28,surname,Asian (est.),37,1
senate,28,surname,Hispanic (est.),4,3092
senate,28,surname,Hispanic (est.),5,1899
senate,28,surname,Hispanic (est.),6,1617
senate,28,surname,Hispanic (est.),7,1564
senate,28,surname,Hispanic (est.),8,1453
senate,28,surname,Hispanic (est.),9,465
senate,28,surname,Hispanic (est.),10,1022
senate,28,surname,Hispanic (est.),11,1681
senate,28,surname,Hispanic (est.),12,1661
senate,28,surname,Hispanic (est.),13,1682
senate,28,surname,Hispanic (est.),14,1812
senate,28,surname,Hispanic (est.),15,1815
senate,28,surname,Hispanic (est.),17,1
senate,28,surname,Hispanic (est.),18,22
senate,28,surname,Hispanic (est.),19,28
senate,28,surname,Hispanic (est.),20,40
senate,28,surname,Hispanic (est.),21,28
senate,28,surname,Hispanic (est.),22,56
senate,28,surname,Hispanic (est.),23,2
senate,28,surname,Hispanic (est.),25,27
senate,28,surname,Hispanic (est.),26,42
senate,28,surname,Hispanic (est.),27,72
senate,28,surname,Hispanic (est.),28,43
senate,28,surname,Hispanic (est.),29,2
senate,28,surname,Hispanic (est.),31,10
senate,28,surname,Hispanic (est.),32,40
senate,28,surname,Hispanic (est.),33,33
senate,28,surname,Hispanic (est.),34,32
senate,28,surname,Hispanic (est.),35,38
senate,28,surname,Hispanic (est.),36,30
senate,28,surname,Hispanic (est.),37,4
senate,29,surname,All others (est.),4,5431
senate,29,surname,All others (est.),5,3745
senate,29,surname,All others (est.),6,3291
senate,29,surname,All others (est.),7,2763
senate,29,surname,All others (est.),8,2843
senate,29,surname,All others (est.),9,818
senate,29,surname,All others (est.),10,1619
senate,29,surname,All others (est.),11,3469
senate,29,surname,All others (est.),12,3410
senate,29,surname,All others (est.),13,3694
senate,29,surname,All others (est.),14,4179
senate,29,surname,All others (est.),15,4528
senate,29,surname,All others (est.),17,85
senate,29,surname,All others (est.),18,86
senate,29,surname,All others (est.),19,36
senate,29,surname,All others (est.),20,48
senate,29,surname,All others (est.),21,122
senate,29,surname,All others (est.),22,228
senate,29,surname,All others (est.),25,167
senate,29,surname,All others (est.),26,209
senate,29,surname,All others (est.),27,761
senate,29,surname,All others (est.),28,31
senate,29,surname,All others (est.),32,5
senate,29,surname,All others (est.),33,12
senate,29,surname,All others (est.),34,2
senate,29,surname,All others (est.),35,2
senate,29,surname,All others (est.),36,5
senate,29,surname,All others (est.),37,4
senate,29,surname,Asian (est.),4,372
senate,29,surname,Asian (est.),5,253
senate,29,surname,Asian (est.),6,204
senate,29,surname,Asian (est.),7,165
senate,29,surname,Asian (est.),8,164
senate,29,surname,Asian (est.),9,65
senate,29,surname,Asian (est.),10,130
senate,29,surname,Asian (est.),11,214
senate,29,surname,Asian (est.),12,222
senate,29,surname,Asian (est.),13,207
senate,29,surname,Asian (est.),14,240
senate,29,surname,Asian (est.),15,240
senate,29,surname,Asian (est.),17,4
senate,29,surname,Asian (est.),18,7
senate,29,surname,Asian (est.),19,4
senate,29,surname,Asian (est.),20,3
senate,29,surname,Asian (est.),21,10
senate,29,surname,Asian (est.),22,18
senate,29,surname,Asian (est.),25,13
senate,29,surname,Asian (est.),26,21
senate,29,surname,Asian (est.),27,69
senate,29,surname,Asian (est.),28,1
senate,29,surname,Hispanic (est.),4,11501
senate,29,surname,Hispanic (est.),5,6880
senate,29,surname,Hispanic (est.),6,5555
senate,29,surname,Hispanic (est.),7,4715
senate,29,surname,Hispanic (est.),8,4195
senate,29,surname,Hispanic (est.),9,1526
senate,29,surname,Hispanic (est.),10,2826
senate,29,surname,Hispanic (est.),11,5554
senate,29,surname,Hispanic (est.),12,5258
senate,29,surname,Hispanic (est.),13,5429
senate,29,surname,Hispanic (est.),14,5833
senate,29,surname,Hispanic (est.),15,5537
senate,29,surname,Hispanic (est.),17,173
senate,29,surname,Hispanic (est.),18,104
senate,29,surname,Hispanic (est.),19,25
senate,29,surname,Hispanic (est.),20,31
senate,29,surname,Hispanic (est.),21,85
senate,29,surname,Hispanic (est.),22,99
senate,29,surname,Hispanic (est.),25,51
senate,29,surname,Hispanic (est.),26,109
senate,29,surname,Hispanic (est.),27,282
senate,29,surname,Hispanic (est.),28,28
senate,29,surname,Hispanic (est.),31,1
senate,29,surname,Hispanic (est.),32,6
senate,29,surname,Hispanic (est.),33,11
senate,29,surname,Hispanic (est.),34,1
senate,29,surname,Hispanic (est.),35,7
senate,29,surname,Hispanic (est.),36,7
senate,29,surname,Hispanic (est.),37,9
senate,3,surname,All others (est.),4,18300
senate,3,surname,All others (est.),5,12837
senate,3,surname,All others (est.),6,12482
senate,3,surname,All others (est.),7,12212
senate,3,surname,All others (est.),8,12676
senate,3,surname,All others (est.),9,2976
senate,3,surname,All others (est.),10,7355
senate,3,surname,All others (est.),11,15464
senate,3,surname,All others (est.),12,15493
senate,3,surname,All others (est.),13,15122
senate,3,surname,All others (est.),14,16918
senate,3,surname,All others (est.),15,17630
senate,3,surname,All others (est.),17,141
senate,3,surname,All others (est.),18,608
senate,3,surname,All others (est.),19,440
senate,3,surname,All others (est.),20,241
senate,3,surname,All others (est.),21,384
senate,3,surname,All others (est.),22,934
senate,3,surname,All others (est.),23,267
senate,3,surname,All others (est.),24,125
senate,3,surname,All others (est.),25,731
senate,3,surname,All others (est.),26,439
senate,3,surname,All others (est.),27,401
senate,3,surname,All others (est.),28,312
senate,3,surname,All others (est.),29,150
senate,3,surname,All others (est.),31,69
senate,3,surname,All others (est.),32,194
senate,3,surname,All others (est.),33,114
senate,3,surname,All others (est.),34,24
senate,3,surname,All others (est.),35,54
senate,3,surname,All others (est.),36,15
senate,3,surname,All others (est.),37,86
senate,3,surname,Asian (est.),4,330
senate,3,surname,Asian (est.),5,228
senate,3,surname,Asian (est.),6,203
senate,3,surname,Asian (est.),7,205
senate,3,surname,Asian (est.),8,196
senate,3,surname,Asian (est.),9,70
senate,3,surname,Asian (est.),10,155
senate,3,surname,Asian (est.),11,221
senate,3,surname,Asian (est.),12,221
senate,3,surname,Asian (est.),13,220
senate,3,surname,Asian (est.),14,235
senate,3,surname,Asian (est.),15,265
senate,3,surname,Asian (est.),17,1
senate,3,surname,Asian (est.),18,7
senate,3,surname,Asian (est.),19,9
senate,3,surname,Asian (est.),20,2
senate,3,surname,Asian (est.),21,5
senate,3,surname,Asian (est.),22,16
senate,3,surname,Asian (est.),23,6
senate,3,surname,Asian (est.),24,2
senate,3,surname,Asian (est.),25,9
senate,3,surname,Asian (est.),26,8
senate,3,surname,Asian (est.),27,7
senate,3,surname,Asian (est.),28,4
senate,3,surname,Asian (est.),29,2
senate,3,surname,Asian (est.),31,1
senate,3,surname,Asian (est.),32,2
senate,3,surname,Asian (est.),33,3
senate,3,surname,Asian (est.),35,1
senate,3,surname,Asian (est.),37,1
senate,3,surname,Hispanic (est.),4,1555
senate,3,surname,Hispanic (est.),5,935
senate,3,surname,Hispanic (est.),6,857
senate,3,surname,Hispanic (est.),7,775
senate,3,surname,Hispanic (est.),8,831
senate,3,surname,Hispanic (est.),9,221
senate,3,surname,Hispanic (est.),10,575
senate,3,surname,Hispanic (est.),11,1066
senate,3,surname,Hispanic (est.),12,950
senate,3,surname,Hispanic (est.),13,944
senate,3,surname,Hispanic (est.),14,980
senate,3,surname,Hispanic (est.),15,1092
senate,3,surname,Hispanic (est.),17,10
senate,3,surname,Hispanic (est.),18,28
senate,3,surname,Hispanic (est.),19,27
senate,3,surname,Hispanic (est.),20,14
senate,3,surname,Hispanic (est.),21,23
senate,3,surname,Hispanic (est.),22,51
senate,3,surname,Hispanic (est.),23,17
senate,3,surname,Hispanic (est.),24,7
senate,3,surname,Hispanic (est.),25,42
senate,3,surname,Hispanic (est.),26,20
senate,3,surname,Hispanic (est.),27,24
senate,3,surname,Hispanic (est.),28,14
senate,3,surname,Hispanic (est.),29,5
senate,3,surname,Hispanic (est.),31,3
senate,3,surname,Hispanic (est.),32,12
senate,3,surname,Hispanic (est.),33,6
senate,3,surname,Hispanic (est.),34,2
senate,3,surname,Hispanic (est.),35,3
senate,3,surname,Hispanic (est.),36,1
senate,3,surname,Hispanic (est.),37,4
senate,30,surname,All others (est.),4,23204
senate,30,surname,All others (est.),5,17767
senate,30,surname,All others (est.),6,14884
senate,30,surname,All others (est.),7,14373
senate,30,surname,All others (est.),8,15072
senate,30,surname,All others (est.),9,5439
senate,30,surname,All others (est.),10,11739
senate,30,surname,All others (est.),11,15011
senate,30,surname,All others (est.),12,15236
senate,30,surname,All others (est.),13,16316
senate,30,surname,All others (est.),14,18505
senate,30,surname,All others (est.),15,15408
senate,30,surname,All others (est.),17,78
senate,30,surname,All others (est.),18,221
senate,30,surname,All others (est.),19,458
senate,30,surname,All others (est.),20,152
senate,30,surname,All others (est.),21,373
senate,30,surname,All others (est.),22,414
senate,30,surname,All others (est.),24,2
senate,30,surname,All others (est.),25,669
senate,30,surname,All others (est.),26,691
senate,30,surname,All others (est.),27,141
senate,30,surname,All others (est.),28,560
senate,30,surname,All others (est.),29,39
senate,30,surname,All others (est.),31,1
senate,30,surname,All others (est.),32,205
senate,30,surname,All others (est.),33,273
senate,30,surname,All others (est.),34,76
senate,30,surname,All others (est.),35,69
senate,30,surname,All others (est.),36,161
senate,30,surname,All others (est.),37,51
senate,30,surname,Asian (est.),4,1534
senate,30,surname,Asian (est.),5,942
senate,30,surname,Asian (est.),6,688
senate,30,surname,Asian (est.),7,666
senate,30,surname,Asian (est.),8,704
senate,30,surname,Asian (est.),9,475
senate,30,surname,Asian (est.),10,812
senate,30,surname,Asian (est.),11,519
senate,30,surname,Asian (est.),12,504
senate,30,surname,Asian (est.),13,547
senate,30,surname,Asian (est.),14,600
senate,30,surname,Asian (est.),15,479
senate,30,surname,Asian (est.),17,4
senate,30,surname,Asian (est.),18,7
senate,30,surname,Asian (est.),19,17
senate,30,surname,Asian (est.),20,10
senate,30,surname,Asian (est.),21,10
senate,30,surname,Asian (est.),22,7
senate,30,surname,Asian (est.),24,1
senate,30,surname,Asian (est.),25,15
senate,30,surname,Asian (est.),26,25
senate,30,surname,Asian (est.),27,9
senate,30,surname,Asian (est.),28,16
senate,30,surname,Asian (est.),29,1
senate,30,surname,Asian (est.),32,2
senate,30,surname,Asian (est.),33,4
senate,30,surname,Asian (est.),34,3
senate,30,surname,Asian (est.),35,2
senate,30,surname,Asian (est.),36,1
senate,30,surname,Asian (est.),37,1
senate,30,surname,Hispanic (est.),4,2896
senate,30,surname,Hispanic (est.),5,2112
senate,30,surname,Hispanic (est.),6,1684
senate,30,surname,Hispanic (est.),7,1444
senate,30,surname,Hispanic (est.),8,1499
senate,30,surname,Hispanic (est.),9,707
senate,30,surname,Hispanic (est.),10,1531
senate,30,surname,Hispanic (est.),11,1441
senate,30,surname,Hispanic (est.),12,1373
senate,30,surname,Hispanic (est.),13,1386
senate,30,surname,Hispanic (est.),14,1493
senate,30,surname,Hispanic (est.),15,1365
senate,30,surname,Hispanic (est.),17,4
senate,30,surname,Hispanic (est.),18,16
senate,30,surname,Hispanic (est.),19,31
senate,30,surname,Hispanic (est.),20,9
senate,30,surname,Hispanic (est.),21,21
senate,30,surname,Hispanic (est.),22,35
senate,30,surname,Hispanic (est.),25,43
senate,30,surname,Hispanic (est.),26,46
senate,30,surname,Hispanic (est.),27,8
senate,30,surname,Hispanic (est.),28,37
senate,30,surname,Hispanic (est.),29,2
senate,30,surname,Hispanic (est.),32,7
senate,30,surname,Hispanic (est.),33,14
senate,30,surname,Hispanic (est.),34,3
senate,30,surname,Hispanic (est.),35,3
senate,30,surname,Hispanic (est.),36,9
senate,30,surname,Hispanic (est.),37,2
senate,31,surname,All others (est.),4,13913
senate,31,surname,All others (est.),5,9134
senate,31,surname,All others (est.),6,7984
senate,31,surname,All others (est.),7,7899
senate,31,surname,All others (est.),8,8069
senate,31,surname,All others (est.),9,1433
senate,31,surname,All others (est.),10,4448
senate,31,surname,All others (est.),11,10403
senate,31,surname,All others (est.),12,8942
senate,31,surname,All others (est.),13,9451
senate,31,surname,All others (est.),14,10424
senate,31,surname,All others (est.),15,10112
senate,31,surname,All others (est.),17,24
senate,31,surname,All others (est.),18,212
senate,31,surname,All others (est.),19,339
senate,31,surname,All others (est.),20,291
senate,31,surname,All others (est.),21,193
senate,31,surname,All others (est.),22,610
senate,31,surname,All others (est.),25,204
senate,31,surname,All others (est.),26,469
senate,31,surname,All others (est.),27,184
senate,31,surname,All others (est.),28,371
senate,31,surname,All others (est.),29,160
senate,31,surname,All others (est.),32,182
senate,31,surname,All others (est.),33,127
senate,31,surname,All others (est.),34,244
senate,31,surname,All others (est.),35,87
senate,31,surname,All others (est.),36,279
senate,31,surname,All others (est.),37,82
senate,31,surname,Asian (est.),4,296
senate,31,surname,Asian (est.),5,184
senate,31,surname,Asian (est.),6,144
senate,31,surname,Asian (est.),7,135
senate,31,surname,Asian (est.),8,142
senate,31,surname,Asian (est.),9,33
senate,31,surname,Asian (est.),10,101
senate,31,surname,Asian (est.),11,185
senate,31,surname,Asian (est.),12,142
senate,31,surname,Asian (est.),13,147
senate,31,surname,Asian (est.),14,165
senate,31,surname,Asian (est.),15,171
senate,31,surname,Asian (est.),18,2
senate,31,surname,Asian (est.),19,5
senate,31,surname,Asian (est.),20,5
senate,31,surname,Asian (est.),21,2
senate,31,surname,Asian (est.),22,8
senate,31,surname,Asian (est.),25,3
senate,31,surname,Asian (est.),26,7
senate,31,surname,Asian (est.),27,3
senate,31,surname,Asian (est.),28,4
senate,31,surname,Asian (est.),29,2
senate,31,surname,Asian (est.),32,2
senate,31,surname,Asian (est.),33,2
senate,31,surname,Asian (est.),34,3
senate,31,surname,Asian (est.),35,1
senate,31,surname,Asian (est.),36,4
senate,31,surname,Asian (est.),37,2
senate,31,surname,Hispanic (est.),4,3553
senate,31,surname,Hispanic (est.),5,1897
senate,31,surname,Hispanic (est.),6,1550
senate,31,surname,Hispanic (est.),7,1543
senate,31,surname,Hispanic (est.),8,1451
senate,31,surname,Hispanic (est.),9,317
senate,31,surname,Hispanic (est.),10,830
senate,31,surname,Hispanic (est.),11,1796
senate,31,surname,Hispanic (est.),12,1455
senate,31,surname,Hispanic (est.),13,1328
senate,31,surname,Hispanic (est.),14,1472
senate,31,surname,Hispanic (est.),15,1594
senate,31,surname,Hispanic (est.),17,5
senate,31,surname,Hispanic (est.),18,22
senate,31,surname,Hispanic (est.),19,51
senate,31,surname,Hispanic (est.),20,42
senate,31,surname,Hispanic (est.),21,34
senate,31,surname,Hispanic (est.),22,75
senate,31,surname,Hispanic (est.),25,35
senate,31,surname,Hispanic (est.),26,56
senate,31,surname,Hispanic (est.),27,13
senate,31,surname,Hispanic (est.),28,39
senate,31,surname,Hispanic (est.),29,27
senate,31,surname,Hispanic (est.),32,15
senate,31,surname,Hispanic (est.),33,12
senate,31,surname,Hispanic (est.),34,21
senate,31,surname,Hispanic (est.),35,11
senate,31,surname,Hispanic (est.),36,17
senate,31,surname,Hispanic (est.),37,5
senate,4,surname,All others (est.),4,20749
senate,4,surname,All others (est.),5,15505
senate,4,surname,All others (est.),6,14090
senate,4,surname,All others (est.),7,11568
senate,4,surname,All others (est.),8,13214
senate,4,surname,All others (est.),9,5783
senate,4,surname,All others (est.),10,11033
senate,4,surname,All others (est.),11,14884
senate,4,surname,All others (est.),12,13889
senate,4,surname,All others (est.),13,14644
senate,4,surname,All others (est.),14,15257
senate,4,surname,All others (est.),15,14816
senate,4,surname,All others (est.),17,664
senate,4,surname,All others (est.),18,625
senate,4,surname,All others (est.),19,725
senate,4,surname,All others (est.),20,410
senate,4,surname,All others (est.),21,558
senate,4,surname,All others (est.),22,268
senate,4,surname,All others (est.),25,249
senate,4,surname,All others (est.),26,495
senate,4,surname,All others (est.),27,55
senate,4,surname,All others (est.),28,681
senate,4,surname,All others (est.),29,119
senate,4,surname,All others (est.),32,94
senate,4,surname,All others (est.),33,246
senate,4,surname,All others (est.),34,529
senate,4,surname,All others (est.),35,84
senate,4,surname,All others (est.),36,47
senate,4,surname,All others (est.),37,4
senate,4,surname,Asian (est.),4,738
senate,4,surname,Asian (est.),5,517
senate,4,surname,Asian (est.),6,428
senate,4,surname,Asian (est.),7,357
senate,4,surname,Asian (est.),8,399
senate,4,surname,Asian (est.),9,236
senate,4,surname,Asian (est.),10,434
senate,4,surname,Asian (est.),11,417
senate,4,surname,Asian (est.),12,391
senate,4,surname,Asian (est.),13,383
senate,4,surname,Asian (est.),14,359
senate,4,surname,Asian (est.),15,380
senate,4,surname,Asian (est.),17,17
senate,4,surname,Asian (est.),18,20
senate,4,surname,Asian (est.),19,17
senate,4,surname,Asian (est.),20,7
senate,4,surname,Asian (est.),21,17
senate,4,surname,Asian (est.),22,4
senate,4,surname,Asian (est.),25,3
senate,4,surname,Asian (est.),26,9
senate,4,surname,Asian (est.),27,2
senate,4,surname,Asian (est.),28,13
senate,4,surname,Asian (est.),29,2
senate,4,surname,Asian (est.),32,3
senate,4,surname,Asian (est.),33,4
senate,4,surname,Asian (est.),34,13
senate,4,surname,Asian (est.),35,1
senate,4,surname,Hispanic (est.),4,3679
senate,4,surname,Hispanic (est.),5,2291
senate,4,surname,Hispanic (est.),6,1845
senate,4,surname,Hispanic (est.),7,1535
senate,4,surname,Hispanic (est.),8,1636
senate,4,surname,Hispanic (est.),9,870
senate,4,surname,Hispanic (est.),10,1677
senate,4,surname,Hispanic (est.),11,1867
senate,4,surname,Hispanic (est.),12,1528
senate,4,surname,Hispanic (est.),13,1587
senate,4,surname,Hispanic (est.),14,1679
senate,4,surname,Hispanic (est.),15,1663
senate,4,surname,Hispanic (est.),17,61
senate,4,surname,Hispanic (est.),18,46
senate,4,surname,Hispanic (est.),19,56
senate,4,surname,Hispanic (est.),20,32
senate,4,surname,Hispanic (est.),21,41
senate,4,surname,Hispanic (est.),22,17
senate,4,surname,Hispanic (est.),25,18
senate,4,surname,Hispanic (est.),26,36
senate,4,surname,Hispanic (est.),27,4
senate,4,surname,Hispanic (est.),28,48
senate,4,surname,Hispanic (est.),29,5
senate,4,surname,Hispanic (est.),32,8
senate,4,surname,Hispanic (est.),33,11
senate,4,surname,Hispanic (est.),34,36
senate,4,surname,Hispanic (est.),35,7
senate,4,surname,Hispanic (est.),36,3
senate,4,surname,Hispanic (est.),37,2
senate,5,surname,All others (est.),4,22909
senate,5,surname,All others (est.),5,15766
senate,5,surname,All others (est.),6,13809
senate,5,surname,All others (est.),7,12893
senate,5,surname,All others (est.),8,13139
senate,5,surname,All others (est.),9,3800
senate,5,surname,All others (est.),10,8547
senate,5,surname,All others (est.),11,14312
senate,5,surname,All others (est.),12,14579
senate,5,surname,All others (est.),13,15274
senate,5,surname,All others (est.),14,16297
senate,5,surname,All others (est.),15,17286
senate,5,surname,All others (est.),16,2
senate,5,surname,All others (est.),18,452
senate,5,surname,All others (est.),19,548
senate,5,surname,All others (est.),20,484
senate,5,surname,All others (est.),21,123
senate,5,surname,All others (est.),22,844
senate,5,surname,All others (est.),23,5
senate,5,surname,All others (est.),24,6
senate,5,surname,All others (est.),25,397
senate,5,surname,All others (est.),26,625
senate,5,surname,All others (est.),27,361
senate,5,surname,All others (est.),28,486
senate,5,surname,All others (est.),29,34
senate,5,surname,All others (est.),32,188
senate,5,surname,All others (est.),33,136
senate,5,surname,All others (est.),34,97
senate,5,surname,All others (est.),35,41
senate,5,surname,All others (est.),36,149
senate,5,surname,All others (est.),37,60
senate,5,surname,Asian (est.),4,1016
senate,5,surname,Asian (est.),5,605
senate,5,surname,Asian (est.),6,456
senate,5,surname,Asian (est.),7,398
senate,5,surname,Asian (est.),8,403
senate,5,surname,Asian (est.),9,208
senate,5,surname,Asian (est.),10,326
senate,5,surname,Asian (est.),11,447
senate,5,surname,Asian (est.),12,420
senate,5,surname,Asian (est.),13,393
senate,5,surname,Asian (est.),14,426
senate,5,surname,Asian (est.),15,446
senate,5,surname,Asian (est.),18,15
senate,5,surname,Asian (est.),19,11
senate,5,surname,Asian (est.),20,10
senate,5,surname,Asian (est.),21,2
senate,5,surname,Asian (est.),22,22
senate,5,surname,Asian (est.),23,2
senate,5,surname,Asian (est.),25,7
senate,5,surname,Asian (est.),26,15
senate,5,surname,Asian (est.),27,8
senate,5,surname,Asian (est.),28,9
senate,5,surname,Asian (est.),29,1
senate,5,surname,Asian (est.),32,6
senate,5,surname,Asian (est.),33,2
senate,5,surname,Asian (est.),34,2
senate,5,surname,Asian (est.),36,2
senate,5,surname,Asian (est.),37,1
senate,5,surname,Hispanic (est.),4,4241
senate,5,surname,Hispanic (est.),5,2525
senate,5,surname,Hispanic (est.),6,2054
senate,5,surname,Hispanic (est.),7,1746
senate,5,surname,Hispanic (est.),8,1727
senate,5,surname,Hispanic (est.),9,668
senate,5,surname,Hispanic (est.),10,1366
senate,5,surname,Hispanic (est.),11,1951
senate,5,surname,Hispanic (est.),12,1879
senate,5,surname,Hispanic (est.),13,1853
senate,5,surname,Hispanic (est.),14,1914
senate,5,surname,Hispanic (est.),15,2233
senate,5,surname,Hispanic (est.),16,1
senate,5,surname,Hispanic (est.),18,48
senate,5,surname,Hispanic (est.),19,48
senate,5,surname,Hispanic (est.),20,41
senate,5,surname,Hispanic (est.),21,9
senate,5,surname,Hispanic (est.),22,82
senate,5,surname,Hispanic (est.),23,1
senate,5,surname,Hispanic (est.),25,47
senate,5,surname,Hispanic (est.),26,51
senate,5,surname,Hispanic (est.),27,30
senate,5,surname,Hispanic (est.),28,44
senate,5,surname,Hispanic (est.),29,1
senate,5,surname,Hispanic (est.),32,13
senate,5,surname,Hispanic (est.),33,19
senate,5,surname,Hispanic (est.),34,10
senate,5,surname,Hispanic (est.),35,2
senate,5,surname,Hispanic (est.),36,26
senate,5,surname,Hispanic (est.),37,3
senate,6,surname,All others (est.),4,6767
senate,6,surname,All others (est.),5,4690
senate,6,surname,All others (est.),6,3621
senate,6,surname,All others (est.),7,2628
senate,6,surname,All others (est.),8,3104
senate,6,surname,All others (est.),9,1583
senate,6,surname,All others (est.),10,2318
senate,6,surname,All others (est.),11,3180
senate,6,surname,All others (est.),12,3384
senate,6,surname,All others (est.),13,3801
senate,6,surname,All others (est.),14,3846
senate,6,surname,All others (est.),15,3845
senate,6,surname,All others (est.),17,777
senate,6,surname,All others (est.),18,362
senate,6,surname,All others (est.),19,340
senate,6,surname,All others (est.),20,264
senate,6,surname,All others (est.),21,141
senate,6,surname,All others (est.),25,30
senate,6,surname,All others (est.),26,1
senate,6,surname,All others (est.),27,2
senate,6,surname,All others (est.),28,4
senate,6,surname,All others (est.),32,1
senate,6,surname,All others (est.),34,1
senate,6,surname,All others (est.),36,2
senate,6,surname,Asian (est.),4,480
senate,6,surname,Asian (est.),5,366
senate,6,surname,Asian (est.),6,270
senate,6,surname,Asian (est.),7,182
senate,6,surname,Asian (est.),8,227
senate,6,surname,Asian (est.),9,122
senate,6,surname,Asian (est.),10,200
senate,6,surname,Asian (est.),11,205
senate,6,surname,Asian (est.),12,201
senate,6,surname,Asian (est.),13,226
senate,6,surname,Asian (est.),14,210
senate,6,surname,Asian (est.),15,247
senate,6,surname,Asian (est.),17,31
senate,6,surname,Asian (est.),18,11
senate,6,surname,Asian (est.),19,11
senate,6,surname,Asian (est.),20,10
senate,6,surname,Asian (est.),21,4
senate,6,surname,Asian (est.),25,2
senate,6,surname,Hispanic (est.),4,6285
senate,6,surname,Hispanic (est.),5,3910
senate,6,surname,Hispanic (est.),6,2755
senate,6,surname,Hispanic (est.),7,2055
senate,6,surname,Hispanic (est.),8,2088
senate,6,surname,Hispanic (est.),9,1151
senate,6,surname,Hispanic (est.),10,2067
senate,6,surname,Hispanic (est.),11,2343
senate,6,surname,Hispanic (est.),12,2285
senate,6,surname,Hispanic (est.),13,2509
senate,6,surname,Hispanic (est.),14,2533
senate,6,surname,Hispanic (est.),15,2711
senate,6,surname,Hispanic (est.),17,348
senate,6,surname,Hispanic (est.),18,137
senate,6,surname,Hispanic (est.),19,171
senate,6,surname,Hispanic (est.),20,119
senate,6,surname,Hispanic (est.),21,59
senate,6,surname,Hispanic (est.),25,15
senate,6,surname,Hispanic (est.),27,2
senate,6,surname,Hispanic (est.),28,1
senate,6,surname,Hispanic (est.),37,2
senate,7,surname,All others (est.),4,20217
senate,7,surname,All others (est.),5,15659
senate,7,surname,All others (est.),6,13545
senate,7,surname,All others (est.),7,10998
senate,7,surname,All others (est.),8,11751
senate,7,surname,All others (est.),9,5654
senate,7,surname,All others (est.),10,9399
senate,7,surname,All others (est.),11,13911
senate,7,surname,All others (est.),12,12909
senate,7,surname,All others (est.),13,13663
senate,7,surname,All others (est.),14,13787
senate,7,surname,All others (est.),15,13359
senate,7,surname,All others (est.),17,1153
senate,7,surname,All others (est.),18,716
senate,7,surname,All others (est.),19,559
senate,7,surname,All others (est.),20,616
senate,7,surname,All others (est.),21,559
senate,7,surname,All others (est.),22,9
senate,7,surname,All others (est.),25,108
senate,7,surname,All others (est.),26,43
senate,7,surname,All others (est.),27,11
senate,7,surname,All others (est.),28,69
senate,7,surname,All others (est.),29,8
senate,7,surname,All others (est.),32,7
senate,7,surname,All others (est.),33,23
senate,7,surname,All others (est.),34,44
senate,7,surname,All others (est.),35,9
senate,7,surname,All others (est.),36,7
senate,7,surname,Asian (est.),4,1568
senate,7,surname,Asian (est.),5,1303
senate,7,surname,Asian (est.),6,956
senate,7,surname,Asian (est.),7,698
senate,7,surname,Asian (est.),8,810
senate,7,surname,Asian (est.),9,549
senate,7,surname,Asian (est.),10,819
senate,7,surname,Asian (est.),11,821
senate,7,surname,Asian (est.),12,738
senate,7,surname,Asian (est.),13,758
senate,7,surname,Asian (est.),14,793
senate,7,surname,Asian (est.),15,759
senate,7,surname,Asian (est.),17,58
senate,7,surname,Asian (est.),18,27
senate,7,surname,Asian (est.),19,29
senate,7,surname,Asian (est.),20,37
senate,7,surname,Asian (est.),21,31
senate,7,surname,Asian (est.),25,11
senate,7,surname,Asian (est.),28,1
senate,7,surname,Asian (est.),34,1
senate,7,surname,Asian (est.),35,2
senate,7,surname,Hispanic (est.),4,4546
senate,7,surname,Hispanic (est.),5,3141
senate,7,surname,Hispanic (est.),6,2467
senate,7,surname,Hispanic (est.),7,1851
senate,7,surname,Hispanic (est.),8,1997
senate,7,surname,Hispanic (est.),9,1127
senate,7,surname,Hispanic (est.),10,1979
senate,7,surname,Hispanic (est.),11,2236
senate,7,surname,Hispanic (est.),12,2030
senate,7,surname,Hispanic (est.),13,2086
senate,7,surname,Hispanic (est.),14,2248
senate,7,surname,Hispanic (est.),15,2166
senate,7,surname,Hispanic (est.),17,120
senate,7,surname,Hispanic (est.),18,63
senate,7,surname,Hispanic (est.),19,57
senate,7,surname,Hispanic (est.),20,43
senate,7,surname,Hispanic (est.),21,41
senate,7,surname,Hispanic (est.),25,16
senate,7,surname,Hispanic (est.),26,5
senate,7,surname,Hispanic (est.),27,1
senate,7,surname,Hispanic (est.),28,6
senate,7,surname,Hispanic (est.),29,2
senate,7,surname,Hispanic (est.),33,3
senate,7,surname,Hispanic (est.),34,5
senate,7,surname,Hispanic (est.),35,2
senate,7,surname,Hispanic (est.),37,1
senate,8,surname,All others (est.),4,24229
senate,8,surname,All others (est.),5,19107
senate,8,surname,All others (est.),6,15861
senate,8,surname,All others (est.),7,15695
senate,8,surname,All others (est.),8,16324
senate,8,surname,All others (est.),9,6115
senate,8,surname,All others (est.),10,14944
senate,8,surname,All others (est.),11,14804
senate,8,surname,All others (est.),12,16163
senate,8,surname,All others (est.),13,17207
senate,8,surname,All others (est.),14,18455
senate,8,surname,All others (est.),15,15802
senate,8,surname,All others (est.),16,2
senate,8,surname,All others (est.),17,26
senate,8,surname,All others (est.),18,308
senate,8,surname,All others (est.),19,398
senate,8,surname,All others (est.),20,337
senate,8,surname,All others (est.),21,489
senate,8,surname,All others (est.),22,502
senate,8,surname,All others (est.),23,1
senate,8,surname,All others (est.),24,24
senate,8,surname,All others (est.),25,437
senate,8,surname,All others (est.),26,667
senate,8,surname,All others (est.),27,485
senate,8,surname,All others (est.),28,364
senate,8,surname,All others (est.),29,39
senate,8,surname,All others (est.),31,18
senate,8,surname,All others (est.),32,235
senate,8,surname,All others (est.),33,216
senate,8,surname,All others (est.),34,214
senate,8,surname,All others (est.),35,15
senate,8,surname,All others (est.),36,43
senate,8,surname,Asian (est.),4,2524
senate,8,surname,Asian (est.),5,1721
senate,8,surname,Asian (est.),6,1251
senate,8,surname,Asian (est.),7,1201
senate,8,surname,Asian (est.),8,1207
senate,8,surname,Asian (est.),9,773
senate,8,surname,Asian (est.),10,1639
senate,8,surname,Asian (est.),11,1044
senate,8,surname,Asian (est.),12,1023
senate,8,surname,Asian (est.),13,1034
senate,8,surname,Asian (est.),14,987
senate,8,surname,Asian (est.),15,849
senate,8,surname,Asian (est.),17,3
senate,8,surname,Asian (est.),18,21
senate,8,surname,Asian (est.),19,24
senate,8,surname,Asian (est.),20,16
senate,8,surname,Asian (est.),21,39
senate,8,surname,Asian (est.),22,21
senate,8,surname,Asian (est.),24,1
senate,8,surname,Asian (est.),25,11
senate,8,surname,Asian (est.),26,31
senate,8,surname,Asian (est.),27,27
senate,8,surname,Asian (est.),28,17
senate,8,surname,Asian (est.),31,1
senate,8,surname,Asian (est.),32,11
senate,8,surname,Asian (est.),33,4
senate,8,surname,Asian (est.),34,3
senate,8,surname,Asian (est.),35,1
senate,8,surname,Asian (est.),36,1
senate,8,surname,Hispanic (est.),4,3094
senate,8,surname,Hispanic (est.),5,2190
senate,8,surname,Hispanic (est.),6,1707
senate,8,surname,Hispanic (est.),7,1653
senate,8,surname,Hispanic (est.),8,1653
senate,8,surname,Hispanic (est.),9,769
senate,8,surname,Hispanic (est.),10,1881
senate,8,surname,Hispanic (est.),11,1520
senate,8,surname,Hispanic (est.),12,1473
senate,8,surname,Hispanic (est.),13,1546
senate,8,surname,Hispanic (est.),14,1738
senate,8,surname,Hispanic (est.),15,1477
senate,8,surname,Hispanic (est.),17,3
senate,8,surname,Hispanic (est.),18,19
senate,8,surname,Hispanic (est.),19,24
senate,8,surname,Hispanic (est.),20,22
senate,8,surname,Hispanic (est.),21,32
senate,8,surname,Hispanic (est.),22,36
senate,8,surname,Hispanic (est.),24,1
senate,8,surname,Hispanic (est.),25,26
senate,8,surname,Hispanic (est.),26,47
senate,8,surname,Hispanic (est.),27,33
senate,8,surname,Hispanic (est.),28,20
senate,8,surname,Hispanic (est.),29,4
senate,8,surname,Hispanic (est.),31,1
senate,8,surname,Hispanic (est.),32,12
senate,8,surname,Hispanic (est.),33,11
senate,8,surname,Hispanic (est.),34,14
senate,8,surname,Hispanic (est.),36,4
senate,9,surname,All others (est.),4,20674
senate,9,surname,All others (est.),5,15767
senate,9,surname,All others (est.),6,13289
senate,9,surname,All others (est.),7,12776
senate,9,surname,All others (est.),8,13462
senate,9,surname,All others (est.),9,4350
senate,9,surname,All others (est.),10,11933
senate,9,surname,All others (est.),11,12878
senate,9,surname,All others (est.),12,13366
senate,9,surname,All others (est.),13,13987
senate,9,surname,All others (est.),14,14531
senate,9,surname,All others (est.),15,13162
senate,9,surname,All others (est.),18,432
senate,9,surname,All others (est.),19,507
senate,9,surname,All others (est.),20,631
senate,9,surname,All others (est.),21,174
senate,9,surname,All others (est.),22,951
senate,9,surname,All others (est.),25,471
senate,9,surname,All others (est.),26,21
senate,9,surname,All others (est.),27,7
senate,9,surname,All others (est.),28,17
senate,9,surname,All others (est.),32,10
senate,9,surname,All others (est.),33,9
senate,9,surname,All others (est.),34,9
senate,9,surname,All others (est.),35,2
senate,9,surname,All others (est.),36,3
senate,9,surname,All others (est.),37,9
senate,9,surname,Asian (est.),4,996
senate,9,surname,Asian (est.),5,751
senate,9,surname,Asian (est.),6,576
senate,9,surname,Asian (est.),7,512
senate,9,surname,Asian (est.),8,487
senate,9,surname,Asian (est.),9,252
senate,9,surname,Asian (est.),10,603
senate,9,surname,Asian (est.),11,460
senate,9,surname,Asian (est.),12,439
senate,9,surname,Asian (est.),13,446
senate,9,surname,Asian (est.),14,471
senate,9,surname,Asian (est.),15,396
senate,9,surname,Asian (est.),18,12
senate,9,surname,Asian (est.),19,16
senate,9,surname,Asian (est.),20,19
senate,9,surname,Asian (est.),21,6
senate,9,surname,Asian (est.),22,32
senate,9,surname,Asian (est.),25,12
senate,9,surname,Asian (est.),26,1
senate,9,surname,Asian (est.),28,1
senate,9,surname,Hispanic (est.),4,4159
senate,9,surname,Hispanic (est.),5,2821
senate,9,surname,Hispanic (est.),6,2097
senate,9,surname,Hispanic (est.),7,2040
senate,9,surname,Hispanic (est.),8,2039
senate,9,surname,Hispanic (est.),9,730
senate,9,surname,Hispanic (est.),10,2070
senate,9,surname,Hispanic (est.),11,1822
senate,9,surname,Hispanic (est.),12,1652
senate,9,surname,Hispanic (est.),13,1857
senate,9,surname,Hispanic (est.),14,1820
senate,9,surname,Hispanic (est.),15,1565
senate,9,surname,Hispanic (est.),18,33
senate,9,surname,Hispanic (est.),19,48
senate,9,surname,Hispanic (est.),20,61
senate,9,surname,Hispanic (est.),21,21
senate,9,surname,Hispanic (est.),22,105
senate,9,surname,Hispanic (est.),25,42
senate,9,surname,Hispanic (est.),26,4
senate,9,surname,Hispanic (est.),28,2
senate,9,surname,Hispanic (est.),32,2
senate,9,surname,Hispanic (est.),33,1
senate,9,surname,Hispanic (est.),34,1
senate,9,surname,Hispanic (est.),37,3
