chamber,district,dim,group,days_out,ballots
congress,1,surname,All others (est.),4,19009
congress,1,surname,All others (est.),5,12389
congress,1,surname,All others (est.),6,13333
congress,1,surname,All others (est.),7,15519
congress,1,surname,All others (est.),8,18183
congress,1,surname,All others (est.),9,6159
congress,1,surname,All others (est.),10,14713
congress,1,surname,All others (est.),11,24014
congress,1,surname,All others (est.),12,23130
congress,1,surname,All others (est.),13,25097
congress,1,surname,All others (est.),14,27548
congress,1,surname,All others (est.),15,29553
congress,1,surname,All others (est.),16,225
congress,1,surname,All others (est.),17,231
congress,1,surname,All others (est.),18,775
congress,1,surname,All others (est.),19,419
congress,1,surname,All others (est.),20,433
congress,1,surname,All others (est.),21,447
congress,1,surname,All others (est.),22,150
congress,1,surname,All others (est.),23,1
congress,1,surname,All others (est.),24,46
congress,1,surname,All others (est.),25,515
congress,1,surname,All others (est.),26,451
congress,1,surname,All others (est.),27,221
congress,1,surname,All others (est.),28,88
congress,1,surname,All others (est.),29,376
congress,1,surname,All others (est.),32,105
congress,1,surname,All others (est.),33,168
congress,1,surname,All others (est.),34,145
congress,1,surname,All others (est.),35,15
congress,1,surname,All others (est.),36,119
congress,1,surname,All others (est.),37,213
congress,1,surname,Asian (est.),4,367
congress,1,surname,Asian (est.),5,242
congress,1,surname,Asian (est.),6,254
congress,1,surname,Asian (est.),7,268
congress,1,surname,Asian (est.),8,316
congress,1,surname,Asian (est.),9,115
congress,1,surname,Asian (est.),10,242
congress,1,surname,Asian (est.),11,370
congress,1,surname,Asian (est.),12,335
congress,1,surname,Asian (est.),13,387
congress,1,surname,Asian (est.),14,395
congress,1,surname,Asian (est.),15,453
congress,1,surname,Asian (est.),16,4
congress,1,surname,Asian (est.),17,2
congress,1,surname,Asian (est.),18,10
congress,1,surname,Asian (est.),19,7
congress,1,surname,Asian (est.),20,6
congress,1,surname,Asian (est.),21,3
congress,1,surname,Asian (est.),22,3
congress,1,surname,Asian (est.),24,1
congress,1,surname,Asian (est.),25,4
congress,1,surname,Asian (est.),26,5
congress,1,surname,Asian (est.),27,3
congress,1,surname,Asian (est.),28,1
congress,1,surname,Asian (est.),29,4
congress,1,surname,Asian (est.),32,1
congress,1,surname,Asian (est.),33,2
congress,1,surname,Asian (est.),34,2
congress,1,surname,Asian (est.),35,2
congress,1,surname,Asian (est.),36,2
congress,1,surname,Asian (est.),37,3
congress,1,surname,Hispanic (est.),4,2162
congress,1,surname,Hispanic (est.),5,1200
congress,1,surname,Hispanic (est.),6,1248
congress,1,surname,Hispanic (est.),7,1326
congress,1,surname,Hispanic (est.),8,1433
congress,1,surname,Hispanic (est.),9,577
congress,1,surname,Hispanic (est.),10,1247
congress,1,surname,Hispanic (est.),11,1710
congress,1,surname,Hispanic (est.),12,1503
congress,1,surname,Hispanic (est.),13,1514
congress,1,surname,Hispanic (est.),14,1676
congress,1,surname,Hispanic (est.),15,1704
congress,1,surname,Hispanic (est.),16,9
congress,1,surname,Hispanic (est.),17,13
congress,1,surname,Hispanic (est.),18,33
congress,1,surname,Hispanic (est.),19,20
congress,1,surname,Hispanic (est.),20,17
congress,1,surname,Hispanic (est.),21,22
congress,1,surname,Hispanic (est.),22,11
congress,1,surname,Hispanic (est.),24,1
congress,1,surname,Hispanic (est.),25,22
congress,1,surname,Hispanic (est.),26,20
congress,1,surname,Hispanic (est.),27,9
congress,1,surname,Hispanic (est.),28,2
congress,1,surname,Hispanic (est.),29,15
congress,1,surname,Hispanic (est.),32,7
congress,1,surname,Hispanic (est.),33,7
congress,1,surname,Hispanic (est.),34,12
congress,1,surname,Hispanic (est.),35,1
congress,1,surname,Hispanic (est.),36,6
congress,1,surname,Hispanic (est.),37,8
congress,10,surname,All others (est.),4,19435
congress,10,surname,All others (est.),5,15198
congress,10,surname,All others (est.),6,16424
congress,10,surname,All others (est.),7,17752
congress,10,surname,All others (est.),8,19376
congress,10,surname,All others (est.),9,8253
congress,10,surname,All others (est.),10,15068
congress,10,surname,All others (est.),11,22364
congress,10,surname,All others (est.),12,21534
congress,10,surname,All others (est.),13,23434
congress,10,surname,All others (est.),14,24020
congress,10,surname,All others (est.),15,25388
congress,10,surname,All others (est.),16,102
congress,10,surname,All others (est.),17,30
congress,10,surname,All others (est.),18,542
congress,10,surname,All others (est.),19,770
congress,10,surname,All others (est.),20,210
congress,10,surname,All others (est.),21,1376
congress,10,surname,All others (est.),22,134
congress,10,surname,All others (est.),25,517
congress,10,surname,All others (est.),26,451
congress,10,surname,All others (est.),27,204
congress,10,surname,All others (est.),28,167
congress,10,surname,All others (est.),29,425
congress,10,surname,All others (est.),32,183
congress,10,surname,All others (est.),33,178
congress,10,surname,All others (est.),34,136
congress,10,surname,All others (est.),35,35
congress,10,surname,All others (est.),36,52
congress,10,surname,All others (est.),37,28
congress,10,surname,Asian (est.),4,1190
congress,10,surname,Asian (est.),5,892
congress,10,surname,Asian (est.),6,853
congress,10,surname,Asian (est.),7,829
congress,10,surname,Asian (est.),8,930
congress,10,surname,Asian (est.),9,534
congress,10,surname,Asian (est.),10,888
congress,10,surname,Asian (est.),11,1071
congress,10,surname,Asian (est.),12,930
congress,10,surname,Asian (est.),13,915
congress,10,surname,Asian (est.),14,896
congress,10,surname,Asian (est.),15,988
congress,10,surname,Asian (est.),16,4
congress,10,surname,Asian (est.),17,2
congress,10,surname,Asian (est.),18,18
congress,10,surname,Asian (est.),19,16
congress,10,surname,Asian (est.),20,8
congress,10,surname,Asian (est.),21,42
congress,10,surname,Asian (est.),22,2
congress,10,surname,Asian (est.),25,14
congress,10,surname,Asian (est.),26,14
congress,10,surname,Asian (est.),27,7
congress,10,surname,Asian (est.),28,8
congress,10,surname,Asian (est.),29,9
congress,10,surname,Asian (est.),32,6
congress,10,surname,Asian (est.),33,7
congress,10,surname,Asian (est.),34,2
congress,10,surname,Asian (est.),35,3
congress,10,surname,Asian (est.),36,1
congress,10,surname,Hispanic (est.),4,3417
congress,10,surname,Hispanic (est.),5,2380
congress,10,surname,Hispanic (est.),6,2378
congress,10,surname,Hispanic (est.),7,2371
congress,10,surname,Hispanic (est.),8,2429
congress,10,surname,Hispanic (est.),9,1204
congress,10,surname,Hispanic (est.),10,2336
congress,10,surname,Hispanic (est.),11,2745
congress,10,surname,Hispanic (est.),12,2435
congress,10,surname,Hispanic (est.),13,2585
congress,10,surname,Hispanic (est.),14,2523
congress,10,surname,Hispanic (est.),15,2766
congress,10,surname,Hispanic (est.),16,8
congress,10,surname,Hispanic (est.),17,1
congress,10,surname,Hispanic (est.),18,40
congress,10,surname,Hispanic (est.),19,62
congress,10,surname,Hispanic (est.),20,18
congress,10,surname,Hispanic (est.),21,112
congress,10,surname,Hispanic (est.),22,6
congress,10,surname,Hispanic (est.),25,34
congress,10,surname,Hispanic (est.),26,37
congress,10,surname,Hispanic (est.),27,14
congress,10,surname,Hispanic (est.),28,11
congress,10,surname,Hispanic (est.),29,27
congress,10,surname,Hispanic (est.),32,11
congress,10,surname,Hispanic (est.),33,13
congress,10,surname,Hispanic (est.),34,12
congress,10,surname,Hispanic (est.),35,4
congress,10,surname,Hispanic (est.),36,9
congress,10,surname,Hispanic (est.),37,6
congress,11,surname,All others (est.),4,14235
congress,11,surname,All others (est.),5,10648
congress,11,surname,All others (est.),6,11564
congress,11,surname,All others (est.),7,12536
congress,11,surname,All others (est.),8,13714
congress,11,surname,All others (est.),9,5748
congress,11,surname,All others (est.),10,11669
congress,11,surname,All others (est.),11,16250
congress,11,surname,All others (est.),12,15667
congress,11,surname,All others (est.),13,16002
congress,11,surname,All others (est.),14,16576
congress,11,surname,All others (est.),15,16733
congress,11,surname,All others (est.),17,108
congress,11,surname,All others (est.),18,388
congress,11,surname,All others (est.),19,326
congress,11,surname,All others (est.),20,326
congress,11,surname,All others (est.),21,419
congress,11,surname,All others (est.),22,64
congress,11,surname,All others (est.),24,3
congress,11,surname,All others (est.),25,243
congress,11,surname,All others (est.),26,250
congress,11,surname,All others (est.),27,282
congress,11,surname,All others (est.),28,256
congress,11,surname,All others (est.),29,286
congress,11,surname,All others (est.),31,13
congress,11,surname,All others (est.),32,101
congress,11,surname,All others (est.),33,121
congress,11,surname,All others (est.),34,113
congress,11,surname,All others (est.),35,115
congress,11,surname,All others (est.),36,172
congress,11,surname,All others (est.),37,248
congress,11,surname,Asian (est.),4,842
congress,11,surname,Asian (est.),5,616
congress,11,surname,Asian (est.),6,590
congress,11,surname,Asian (est.),7,579
congress,11,surname,Asian (est.),8,639
congress,11,surname,Asian (est.),9,320
congress,11,surname,Asian (est.),10,610
congress,11,surname,Asian (est.),11,645
congress,11,surname,Asian (est.),12,636
congress,11,surname,Asian (est.),13,597
congress,11,surname,Asian (est.),14,582
congress,11,surname,Asian (est.),15,563
congress,11,surname,Asian (est.),17,2
congress,11,surname,Asian (est.),18,9
congress,11,surname,Asian (est.),19,12
congress,11,surname,Asian (est.),20,7
congress,11,surname,Asian (est.),21,14
congress,11,surname,Asian (est.),22,1
congress,11,surname,Asian (est.),25,6
congress,11,surname,Asian (est.),26,9
congress,11,surname,Asian (est.),27,6
congress,11,surname,Asian (est.),28,3
congress,11,surname,Asian (est.),29,9
congress,11,surname,Asian (est.),32,3
congress,11,surname,Asian (est.),33,1
congress,11,surname,Asian (est.),34,4
congress,11,surname,Asian (est.),35,2
congress,11,surname,Asian (est.),36,2
congress,11,surname,Asian (est.),37,3
congress,11,surname,Hispanic (est.),4,5729
congress,11,surname,Hispanic (est.),5,3578
congress,11,surname,Hispanic (est.),6,3682
congress,11,surname,Hispanic (est.),7,3723
congress,11,surname,Hispanic (est.),8,3832
congress,11,surname,Hispanic (est.),9,1768
congress,11,surname,Hispanic (est.),10,3638
congress,11,surname,Hispanic (est.),11,4032
congress,11,surname,Hispanic (est.),12,3407
congress,11,surname,Hispanic (est.),13,3309
congress,11,surname,Hispanic (est.),14,3390
congress,11,surname,Hispanic (est.),15,3278
congress,11,surname,Hispanic (est.),17,26
congress,11,surname,Hispanic (est.),18,58
congress,11,surname,Hispanic (est.),19,49
congress,11,surname,Hispanic (est.),20,54
congress,11,surname,Hispanic (est.),21,49
congress,11,surname,Hispanic (est.),22,20
congress,11,surname,Hispanic (est.),25,36
congress,11,surname,Hispanic (est.),26,37
congress,11,surname,Hispanic (est.),27,40
congress,11,surname,Hispanic (est.),28,47
congress,11,surname,Hispanic (est.),29,38
congress,11,surname,Hispanic (est.),31,5
congress,11,surname,Hispanic (est.),32,11
congress,11,surname,Hispanic (est.),33,11
congress,11,surname,Hispanic (est.),34,16
congress,11,surname,Hispanic (est.),35,25
congress,11,surname,Hispanic (est.),36,21
congress,11,surname,Hispanic (est.),37,38
congress,12,surname,All others (est.),4,19513
congress,12,surname,All others (est.),5,13949
congress,12,surname,All others (est.),6,14952
congress,12,surname,All others (est.),7,16428
congress,12,surname,All others (est.),8,18629
congress,12,surname,All others (est.),9,8214
congress,12,surname,All others (est.),10,16667
congress,12,surname,All others (est.),11,20408
congress,12,surname,All others (est.),12,18346
congress,12,surname,All others (est.),13,18191
congress,12,surname,All others (est.),14,18745
congress,12,surname,All others (est.),15,19609
congress,12,surname,All others (est.),17,455
congress,12,surname,All others (est.),18,516
congress,12,surname,All others (est.),19,523
congress,12,surname,All others (est.),20,657
congress,12,surname,All others (est.),21,487
congress,12,surname,All others (est.),25,515
congress,12,surname,All others (est.),26,500
congress,12,surname,All others (est.),27,152
congress,12,surname,All others (est.),28,151
congress,12,surname,All others (est.),29,126
congress,12,surname,All others (est.),32,74
congress,12,surname,All others (est.),33,69
congress,12,surname,All others (est.),34,84
congress,12,surname,All others (est.),35,20
congress,12,surname,All others (est.),36,66
congress,12,surname,All others (est.),37,9
congress,12,surname,Asian (est.),4,993
congress,12,surname,Asian (est.),5,624
congress,12,surname,Asian (est.),6,611
congress,12,surname,Asian (est.),7,671
congress,12,surname,Asian (est.),8,734
congress,12,surname,Asian (est.),9,368
congress,12,surname,Asian (est.),10,687
congress,12,surname,Asian (est.),11,713
congress,12,surname,Asian (est.),12,599
congress,12,surname,Asian (est.),13,543
congress,12,surname,Asian (est.),14,539
congress,12,surname,Asian (est.),15,573
congress,12,surname,Asian (est.),17,12
congress,12,surname,Asian (est.),18,13
congress,12,surname,Asian (est.),19,17
congress,12,surname,Asian (est.),20,18
congress,12,surname,Asian (est.),21,14
congress,12,surname,Asian (est.),25,12
congress,12,surname,Asian (est.),26,10
congress,12,surname,Asian (est.),27,7
congress,12,surname,Asian (est.),28,3
congress,12,surname,Asian (est.),29,4
congress,12,surname,Asian (est.),32,1
congress,12,surname,Asian (est.),33,1
congress,12,surname,Asian (est.),34,2
congress,12,surname,Hispanic (est.),4,5399
congress,12,surname,Hispanic (est.),5,3248
congress,12,surname,Hispanic (est.),6,3332
congress,12,surname,Hispanic (est.),7,3352
congress,12,surname,Hispanic (est.),8,3534
congress,12,surname,Hispanic (est.),9,1658
congress,12,surname,Hispanic (est.),10,3354
congress,12,surname,Hispanic (est.),11,3508
congress,12,surname,Hispanic (est.),12,2933
congress,12,surname,Hispanic (est.),13,2764
congress,12,surname,Hispanic (est.),14,2769
congress,12,surname,Hispanic (est.),15,2911
congress,12,surname,Hispanic (est.),17,59
congress,12,surname,Hispanic (est.),18,45
congress,12,surname,Hispanic (est.),19,50
congress,12,surname,Hispanic (est.),20,66
congress,12,surname,Hispanic (est.),21,50
congress,12,surname,Hispanic (est.),25,63
congress,12,surname,Hispanic (est.),26,56
congress,12,surname,Hispanic (est.),27,17
congress,12,surname,Hispanic (est.),28,9
congress,12,surname,Hispanic (est.),29,11
congress,12,surname,Hispanic (est.),32,6
congress,12,surname,Hispanic (est.),33,4
congress,12,surname,Hispanic (est.),34,5
congress,12,surname,Hispanic (est.),36,2
congress,13,surname,All others (est.),4,17433
congress,13,surname,All others (est.),5,11554
congress,13,surname,All others (est.),6,12016
congress,13,surname,All others (est.),7,13247
congress,13,surname,All others (est.),8,15146
congress,13,surname,All others (est.),9,6026
congress,13,surname,All others (est.),10,13645
congress,13,surname,All others (est.),11,20399
congress,13,surname,All others (est.),12,19247
congress,13,surname,All others (est.),13,21041
congress,13,surname,All others (est.),14,23560
congress,13,surname,All others (est.),15,26783
congress,13,surname,All others (est.),16,114
congress,13,surname,All others (est.),17,339
congress,13,surname,All others (est.),18,247
congress,13,surname,All others (est.),19,415
congress,13,surname,All others (est.),20,254
congress,13,surname,All others (est.),21,430
congress,13,surname,All others (est.),22,200
congress,13,surname,All others (est.),23,81
congress,13,surname,All others (est.),24,102
congress,13,surname,All others (est.),25,331
congress,13,surname,All others (est.),26,386
congress,13,surname,All others (est.),27,422
congress,13,surname,All others (est.),28,198
congress,13,surname,All others (est.),29,372
congress,13,surname,All others (est.),30,103
congress,13,surname,All others (est.),31,79
congress,13,surname,All others (est.),32,216
congress,13,surname,All others (est.),33,245
congress,13,surname,All others (est.),34,235
congress,13,surname,All others (est.),35,150
congress,13,surname,All others (est.),36,188
congress,13,surname,All others (est.),37,116
congress,13,surname,Asian (est.),4,543
congress,13,surname,Asian (est.),5,333
congress,13,surname,Asian (est.),6,326
congress,13,surname,Asian (est.),7,339
congress,13,surname,Asian (est.),8,399
congress,13,surname,Asian (est.),9,187
congress,13,surname,Asian (est.),10,368
congress,13,surname,Asian (est.),11,478
congress,13,surname,Asian (est.),12,437
congress,13,surname,Asian (est.),13,451
congress,13,surname,Asian (est.),14,457
congress,13,surname,Asian (est.),15,561
congress,13,surname,Asian (est.),16,7
congress,13,surname,Asian (est.),17,6
congress,13,surname,Asian (est.),18,5
congress,13,surname,Asian (est.),19,5
congress,13,surname,Asian (est.),20,7
congress,13,surname,Asian (est.),21,6
congress,13,surname,Asian (est.),22,7
congress,13,surname,Asian (est.),23,1
congress,13,surname,Asian (est.),24,2
congress,13,surname,Asian (est.),25,6
congress,13,surname,Asian (est.),26,5
congress,13,surname,Asian (est.),27,5
congress,13,surname,Asian (est.),28,3
congress,13,surname,Asian (est.),29,5
congress,13,surname,Asian (est.),30,1
congress,13,surname,Asian (est.),31,5
congress,13,surname,Asian (est.),32,4
congress,13,surname,Asian (est.),33,4
congress,13,surname,Asian (est.),34,3
congress,13,surname,Asian (est.),35,4
congress,13,surname,Asian (est.),36,3
congress,13,surname,Asian (est.),37,1
congress,13,surname,Hispanic (est.),4,3931
congress,13,surname,Hispanic (est.),5,2242
congress,13,surname,Hispanic (est.),6,2150
congress,13,surname,Hispanic (est.),7,2218
congress,13,surname,Hispanic (est.),8,2386
congress,13,surname,Hispanic (est.),9,1071
congress,13,surname,Hispanic (est.),10,2249
congress,13,surname,Hispanic (est.),11,2967
congress,13,surname,Hispanic (est.),12,2561
congress,13,surname,Hispanic (est.),13,2524
congress,13,surname,Hispanic (est.),14,2685
congress,13,surname,Hispanic (est.),15,3049
congress,13,surname,Hispanic (est.),16,7
congress,13,surname,Hispanic (est.),17,23
congress,13,surname,Hispanic (est.),18,15
congress,13,surname,Hispanic (est.),19,31
congress,13,surname,Hispanic (est.),20,16
congress,13,surname,Hispanic (est.),21,30
congress,13,surname,Hispanic (est.),22,11
congress,13,surname,Hispanic (est.),23,7
congress,13,surname,Hispanic (est.),24,6
congress,13,surname,Hispanic (est.),25,27
congress,13,surname,Hispanic (est.),26,29
congress,13,surname,Hispanic (est.),27,39
congress,13,surname,Hispanic (est.),28,13
congress,13,surname,Hispanic (est.),29,39
congress,13,surname,Hispanic (est.),30,7
congress,13,surname,Hispanic (est.),31,8
congress,13,surname,Hispanic (est.),32,24
congress,13,surname,Hispanic (est.),33,17
congress,13,surname,Hispanic (est.),34,20
congress,13,surname,Hispanic (est.),35,6
congress,13,surname,Hispanic (est.),36,11
congress,13,surname,Hispanic (est.),37,4
congress,14,surname,All others (est.),4,19809
congress,14,surname,All others (est.),5,11294
congress,14,surname,All others (est.),6,12882
congress,14,surname,All others (est.),7,14986
congress,14,surname,All others (est.),8,17513
congress,14,surname,All others (est.),9,7130
congress,14,surname,All others (est.),10,15626
congress,14,surname,All others (est.),11,22866
congress,14,surname,All others (est.),12,20301
congress,14,surname,All others (est.),13,23143
congress,14,surname,All others (est.),14,25784
congress,14,surname,All others (est.),15,28276
congress,14,surname,All others (est.),17,103
congress,14,surname,All others (est.),18,367
congress,14,surname,All others (est.),19,463
congress,14,surname,All others (est.),20,287
congress,14,surname,All others (est.),21,547
congress,14,surname,All others (est.),22,226
congress,14,surname,All others (est.),24,1
congress,14,surname,All others (est.),25,239
congress,14,surname,All others (est.),26,225
congress,14,surname,All others (est.),27,319
congress,14,surname,All others (est.),28,368
congress,14,surname,All others (est.),29,328
congress,14,surname,All others (est.),32,122
congress,14,surname,All others (est.),33,164
congress,14,surname,All others (est.),34,121
congress,14,surname,All others (est.),35,83
congress,14,surname,All others (est.),36,31
congress,14,surname,All others (est.),37,5
congress,14,surname,Asian (est.),4,1294
congress,14,surname,Asian (est.),5,784
congress,14,surname,Asian (est.),6,836
congress,14,surname,Asian (est.),7,926
congress,14,surname,Asian (est.),8,1049
congress,14,surname,Asian (est.),9,466
congress,14,surname,Asian (est.),10,955
congress,14,surname,Asian (est.),11,1194
congress,14,surname,Asian (est.),12,1007
congress,14,surname,Asian (est.),13,1000
congress,14,surname,Asian (est.),14,1055
congress,14,surname,Asian (est.),15,1042
congress,14,surname,Asian (est.),17,5
congress,14,surname,Asian (est.),18,9
congress,14,surname,Asian (est.),19,12
congress,14,surname,Asian (est.),20,10
congress,14,surname,Asian (est.),21,11
congress,14,surname,Asian (est.),22,7
congress,14,surname,Asian (est.),24,1
congress,14,surname,Asian (est.),25,6
congress,14,surname,Asian (est.),26,10
congress,14,surname,Asian (est.),27,15
congress,14,surname,Asian (est.),28,8
congress,14,surname,Asian (est.),29,10
congress,14,surname,Asian (est.),32,2
congress,14,surname,Asian (est.),33,4
congress,14,surname,Asian (est.),34,3
congress,14,surname,Asian (est.),35,4
congress,14,surname,Asian (est.),36,1
congress,14,surname,Hispanic (est.),4,4357
congress,14,surname,Hispanic (est.),5,2284
congress,14,surname,Hispanic (est.),6,2374
congress,14,surname,Hispanic (est.),7,2658
congress,14,surname,Hispanic (est.),8,3004
congress,14,surname,Hispanic (est.),9,1357
congress,14,surname,Hispanic (est.),10,3028
congress,14,surname,Hispanic (est.),11,3659
congress,14,surname,Hispanic (est.),12,2930
congress,14,surname,Hispanic (est.),13,3207
congress,14,surname,Hispanic (est.),14,3461
congress,14,surname,Hispanic (est.),15,3637
congress,14,surname,Hispanic (est.),17,9
congress,14,surname,Hispanic (est.),18,37
congress,14,surname,Hispanic (est.),19,44
congress,14,surname,Hispanic (est.),20,30
congress,14,surname,Hispanic (est.),21,62
congress,14,surname,Hispanic (est.),22,28
congress,14,surname,Hispanic (est.),25,20
congress,14,surname,Hispanic (est.),26,26
congress,14,surname,Hispanic (est.),27,31
congress,14,surname,Hispanic (est.),28,45
congress,14,surname,Hispanic (est.),29,42
congress,14,surname,Hispanic (est.),32,13
congress,14,surname,Hispanic (est.),33,28
congress,14,surname,Hispanic (est.),34,13
congress,14,surname,Hispanic (est.),35,10
congress,14,surname,Hispanic (est.),36,2
congress,14,surname,Hispanic (est.),37,2
congress,15,surname,All others (est.),4,5857
congress,15,surname,All others (est.),5,3754
congress,15,surname,All others (est.),6,4121
congress,15,surname,All others (est.),7,4695
congress,15,surname,All others (est.),8,5157
congress,15,surname,All others (est.),9,1684
congress,15,surname,All others (est.),10,4013
congress,15,surname,All others (est.),11,6741
congress,15,surname,All others (est.),12,6489
congress,15,surname,All others (est.),13,7390
congress,15,surname,All others (est.),14,8189
congress,15,surname,All others (est.),15,9658
congress,15,surname,All others (est.),18,60
congress,15,surname,All others (est.),19,182
congress,15,surname,All others (est.),20,388
congress,15,surname,All others (est.),21,170
congress,15,surname,All others (est.),22,5
congress,15,surname,All others (est.),24,4
congress,15,surname,All others (est.),25,70
congress,15,surname,All others (est.),26,113
congress,15,surname,All others (est.),27,124
congress,15,surname,All others (est.),28,52
congress,15,surname,All others (est.),29,107
congress,15,surname,All others (est.),32,50
congress,15,surname,All others (est.),33,63
congress,15,surname,All others (est.),34,55
congress,15,surname,All others (est.),35,34
congress,15,surname,All others (est.),36,28
congress,15,surname,All others (est.),37,7
congress,15,surname,Asian (est.),4,384
congress,15,surname,Asian (est.),5,231
congress,15,surname,Asian (est.),6,265
congress,15,surname,Asian (est.),7,267
congress,15,surname,Asian (est.),8,281
congress,15,surname,Asian (est.),9,112
congress,15,surname,Asian (est.),10,231
congress,15,surname,Asian (est.),11,308
congress,15,surname,Asian (est.),12,314
congress,15,surname,Asian (est.),13,314
congress,15,surname,Asian (est.),14,341
congress,15,surname,Asian (est.),15,396
congress,15,surname,Asian (est.),18,2
congress,15,surname,Asian (est.),19,13
congress,15,surname,Asian (est.),20,12
congress,15,surname,Asian (est.),21,8
congress,15,surname,Asian (est.),25,1
congress,15,surname,Asian (est.),26,6
congress,15,surname,Asian (est.),27,3
congress,15,surname,Asian (est.),28,1
congress,15,surname,Asian (est.),29,3
congress,15,surname,Asian (est.),32,2
congress,15,surname,Asian (est.),33,1
congress,15,surname,Asian (est.),34,1
congress,15,surname,Asian (est.),36,1
congress,15,surname,Hispanic (est.),4,12335
congress,15,surname,Hispanic (est.),5,7347
congress,15,surname,Hispanic (est.),6,7469
congress,15,surname,Hispanic (est.),7,7528
congress,15,surname,Hispanic (est.),8,7860
congress,15,surname,Hispanic (est.),9,3287
congress,15,surname,Hispanic (est.),10,7585
congress,15,surname,Hispanic (est.),11,9623
congress,15,surname,Hispanic (est.),12,8684
congress,15,surname,Hispanic (est.),13,9492
congress,15,surname,Hispanic (est.),14,9795
congress,15,surname,Hispanic (est.),15,11658
congress,15,surname,Hispanic (est.),18,50
congress,15,surname,Hispanic (est.),19,218
congress,15,surname,Hispanic (est.),20,368
congress,15,surname,Hispanic (est.),21,190
congress,15,surname,Hispanic (est.),22,1
congress,15,surname,Hispanic (est.),24,6
congress,15,surname,Hispanic (est.),25,41
congress,15,surname,Hispanic (est.),26,199
congress,15,surname,Hispanic (est.),27,72
congress,15,surname,Hispanic (est.),28,9
congress,15,surname,Hispanic (est.),29,68
congress,15,surname,Hispanic (est.),32,21
congress,15,surname,Hispanic (est.),33,26
congress,15,surname,Hispanic (est.),34,12
congress,15,surname,Hispanic (est.),35,12
congress,15,surname,Hispanic (est.),36,15
congress,15,surname,Hispanic (est.),37,1
congress,16,surname,All others (est.),4,5405
congress,16,surname,All others (est.),5,3962
congress,16,surname,All others (est.),6,4458
congress,16,surname,All others (est.),7,4530
congress,16,surname,All others (est.),8,4583
congress,16,surname,All others (est.),9,2044
congress,16,surname,All others (est.),10,3197
congress,16,surname,All others (est.),11,4853
congress,16,surname,All others (est.),12,4934
congress,16,surname,All others (est.),13,5360
congress,16,surname,All others (est.),14,5630
congress,16,surname,All others (est.),15,6594
congress,16,surname,All others (est.),18,113
congress,16,surname,All others (est.),19,415
congress,16,surname,All others (est.),20,148
congress,16,surname,All others (est.),21,66
congress,16,surname,All others (est.),22,112
congress,16,surname,All others (est.),24,135
congress,16,surname,All others (est.),25,211
congress,16,surname,All others (est.),26,171
congress,16,surname,All others (est.),27,256
congress,16,surname,All others (est.),29,120
congress,16,surname,All others (est.),31,289
congress,16,surname,All others (est.),33,76
congress,16,surname,All others (est.),37,3
congress,16,surname,Asian (est.),4,482
congress,16,surname,Asian (est.),5,335
congress,16,surname,Asian (est.),6,353
congress,16,surname,Asian (est.),7,357
congress,16,surname,Asian (est.),8,340
congress,16,surname,Asian (est.),9,152
congress,16,surname,Asian (est.),10,243
congress,16,surname,Asian (est.),11,376
congress,16,surname,Asian (est.),12,367
congress,16,surname,Asian (est.),13,359
congress,16,surname,Asian (est.),14,357
congress,16,surname,Asian (est.),15,429
congress,16,surname,Asian (est.),18,8
congress,16,surname,Asian (est.),19,16
congress,16,surname,Asian (est.),20,7
congress,16,surname,Asian (est.),21,3
congress,16,surname,Asian (est.),22,8
congress,16,surname,Asian (est.),24,10
congress,16,surname,Asian (est.),25,8
congress,16,surname,Asian (est.),26,8
congress,16,surname,Asian (est.),27,13
congress,16,surname,Asian (est.),29,5
congress,16,surname,Asian (est.),31,16
congress,16,surname,Asian (est.),33,7
congress,16,surname,Hispanic (est.),4,12979
congress,16,surname,Hispanic (est.),5,8617
congress,16,surname,Hispanic (est.),6,9412
congress,16,surname,Hispanic (est.),7,9292
congress,16,surname,Hispanic (est.),8,9087
congress,16,surname,Hispanic (est.),9,3963
congress,16,surname,Hispanic (est.),10,6320
congress,16,surname,Hispanic (est.),11,9510
congress,16,surname,Hispanic (est.),12,9107
congress,16,surname,Hispanic (est.),13,9402
congress,16,surname,Hispanic (est.),14,9576
congress,16,surname,Hispanic (est.),15,10346
congress,16,surname,Hispanic (est.),18,158
congress,16,surname,Hispanic (est.),19,630
congress,16,surname,Hispanic (est.),20,142
congress,16,surname,Hispanic (est.),21,28
congress,16,surname,Hispanic (est.),22,190
congress,16,surname,Hispanic (est.),24,183
congress,16,surname,Hispanic (est.),25,212
congress,16,surname,Hispanic (est.),26,276
congress,16,surname,Hispanic (est.),27,398
congress,16,surname,Hispanic (est.),29,152
congress,16,surname,Hispanic (est.),31,441
congress,16,surname,Hispanic (est.),33,48
congress,16,surname,Hispanic (est.),37,2
congress,17,surname,All others (est.),4,18053
congress,17,surname,All others (est.),5,12968
congress,17,surname,All others (est.),6,14199
congress,17,surname,All others (est.),7,15144
congress,17,surname,All others (est.),8,17294
congress,17,surname,All others (est.),9,6432
congress,17,surname,All others (est.),10,13726
congress,17,surname,All others (est.),11,19962
congress,17,surname,All others (est.),12,18354
congress,17,surname,All others (est.),13,19694
congress,17,surname,All others (est.),14,20416
congress,17,surname,All others (est.),15,20914
congress,17,surname,All others (est.),17,289
congress,17,surname,All others (est.),18,561
congress,17,surname,All others (est.),19,449
congress,17,surname,All others (est.),20,181
congress,17,surname,All others (est.),21,176
congress,17,surname,All others (est.),22,194
congress,17,surname,All others (est.),25,377
congress,17,surname,All others (est.),26,205
congress,17,surname,All others (est.),27,65
congress,17,surname,All others (est.),28,62
congress,17,surname,All others (est.),29,98
congress,17,surname,All others (est.),31,10
congress,17,surname,All others (est.),32,14
congress,17,surname,All others (est.),33,30
congress,17,surname,All others (est.),34,21
congress,17,surname,All others (est.),35,25
congress,17,surname,All others (est.),36,13
congress,17,surname,All others (est.),37,2
congress,17,surname,Asian (est.),4,1166
congress,17,surname,Asian (est.),5,788
congress,17,surname,Asian (est.),6,764
congress,17,surname,Asian (est.),7,704
congress,17,surname,Asian (est.),8,825
congress,17,surname,Asian (est.),9,472
congress,17,surname,Asian (est.),10,800
congress,17,surname,Asian (est.),11,921
congress,17,surname,Asian (est.),12,777
congress,17,surname,Asian (est.),13,799
congress,17,surname,Asian (est.),14,797
congress,17,surname,Asian (est.),15,776
congress,17,surname,Asian (est.),17,5
congress,17,surname,Asian (est.),18,15
congress,17,surname,Asian (est.),19,15
congress,17,surname,Asian (est.),20,4
congress,17,surname,Asian (est.),21,7
congress,17,surname,Asian (est.),22,5
congress,17,surname,Asian (est.),25,9
congress,17,surname,Asian (est.),26,4
congress,17,surname,Asian (est.),27,1
congress,17,surname,Asian (est.),28,1
congress,17,surname,Asian (est.),29,2
congress,17,surname,Asian (est.),32,1
congress,17,surname,Asian (est.),33,2
congress,17,surname,Asian (est.),34,1
congress,17,surname,Hispanic (est.),4,3601
congress,17,surname,Hispanic (est.),5,2335
congress,17,surname,Hispanic (est.),6,2405
congress,17,surname,Hispanic (est.),7,2423
congress,17,surname,Hispanic (est.),8,2699
congress,17,surname,Hispanic (est.),9,1228
congress,17,surname,Hispanic (est.),10,2518
congress,17,surname,Hispanic (est.),11,3029
congress,17,surname,Hispanic (est.),12,2623
congress,17,surname,Hispanic (est.),13,2616
congress,17,surname,Hispanic (est.),14,2593
congress,17,surname,Hispanic (est.),15,2730
congress,17,surname,Hispanic (est.),17,25
congress,17,surname,Hispanic (est.),18,54
congress,17,surname,Hispanic (est.),19,62
congress,17,surname,Hispanic (est.),20,24
congress,17,surname,Hispanic (est.),21,21
congress,17,surname,Hispanic (est.),22,30
congress,17,surname,Hispanic (est.),25,34
congress,17,surname,Hispanic (est.),26,11
congress,17,surname,Hispanic (est.),27,3
congress,17,surname,Hispanic (est.),28,3
congress,17,surname,Hispanic (est.),29,5
congress,17,surname,Hispanic (est.),31,1
congress,17,surname,Hispanic (est.),33,3
congress,17,surname,Hispanic (est.),34,1
congress,17,surname,Hispanic (est.),35,1
congress,17,surname,Hispanic (est.),36,1
congress,18,surname,All others (est.),4,15749
congress,18,surname,All others (est.),5,10436
congress,18,surname,All others (est.),6,10191
congress,18,surname,All others (est.),7,11031
congress,18,surname,All others (est.),8,11391
congress,18,surname,All others (est.),9,4552
congress,18,surname,All others (est.),10,8892
congress,18,surname,All others (est.),11,13124
congress,18,surname,All others (est.),12,12767
congress,18,surname,All others (est.),13,14071
congress,18,surname,All others (est.),14,15633
congress,18,surname,All others (est.),15,18242
congress,18,surname,All others (est.),17,126
congress,18,surname,All others (est.),18,269
congress,18,surname,All others (est.),19,163
congress,18,surname,All others (est.),20,680
congress,18,surname,All others (est.),21,3
congress,18,surname,All others (est.),22,249
congress,18,surname,All others (est.),24,215
congress,18,surname,All others (est.),25,428
congress,18,surname,All others (est.),26,533
congress,18,surname,All others (est.),27,150
congress,18,surname,All others (est.),28,468
congress,18,surname,All others (est.),29,444
congress,18,surname,All others (est.),32,252
congress,18,surname,All others (est.),33,47
congress,18,surname,All others (est.),34,56
congress,18,surname,All others (est.),35,3
congress,18,surname,All others (est.),36,1
congress,18,surname,Asian (est.),4,1411
congress,18,surname,Asian (est.),5,996
congress,18,surname,Asian (est.),6,943
congress,18,surname,Asian (est.),7,961
congress,18,surname,Asian (est.),8,956
congress,18,surname,Asian (est.),9,466
congress,18,surname,Asian (est.),10,847
congress,18,surname,Asian (est.),11,1119
congress,18,surname,Asian (est.),12,1003
congress,18,surname,Asian (est.),13,1087
congress,18,surname,Asian (est.),14,1016
congress,18,surname,Asian (est.),15,1067
congress,18,surname,Asian (est.),17,8
congress,18,surname,Asian (est.),18,11
congress,18,surname,Asian (est.),19,8
congress,18,surname,Asian (est.),20,27
congress,18,surname,Asian (est.),22,8
congress,18,surname,Asian (est.),24,8
congress,18,surname,Asian (est.),25,11
congress,18,surname,Asian (est.),26,18
congress,18,surname,Asian (est.),27,7
congress,18,surname,Asian (est.),28,16
congress,18,surname,Asian (est.),29,12
congress,18,surname,Asian (est.),32,8
congress,18,surname,Asian (est.),33,1
congress,18,surname,Asian (est.),34,1
congress,18,surname,Asian (est.),35,1
congress,18,surname,Asian (est.),36,1
congress,18,surname,Hispanic (est.),4,5053
congress,18,surname,Hispanic (est.),5,3052
congress,18,surname,Hispanic (est.),6,2825
congress,18,surname,Hispanic (est.),7,2829
congress,18,surname,Hispanic (est.),8,2721
congress,18,surname,Hispanic (est.),9,1265
congress,18,surname,Hispanic (est.),10,2296
congress,18,surname,Hispanic (est.),11,3003
congress,18,surname,Hispanic (est.),12,2645
congress,18,surname,Hispanic (est.),13,2614
congress,18,surname,Hispanic (est.),14,2748
congress,18,surname,Hispanic (est.),15,2937
congress,18,surname,Hispanic (est.),17,17
congress,18,surname,Hispanic (est.),18,28
congress,18,surname,Hispanic (est.),19,20
congress,18,surname,Hispanic (est.),20,68
congress,18,surname,Hispanic (est.),21,1
congress,18,surname,Hispanic (est.),22,22
congress,18,surname,Hispanic (est.),24,19
congress,18,surname,Hispanic (est.),25,38
congress,18,surname,Hispanic (est.),26,49
congress,18,surname,Hispanic (est.),27,10
congress,18,surname,Hispanic (est.),28,46
congress,18,surname,Hispanic (est.),29,47
congress,18,surname,Hispanic (est.),32,32
congress,18,surname,Hispanic (est.),33,8
congress,18,surname,Hispanic (est.),34,10
congress,18,surname,Hispanic (est.),36,1
congress,19,surname,All others (est.),4,14218
congress,19,surname,All others (est.),5,9295
congress,19,surname,All others (est.),6,10663
congress,19,surname,All others (est.),7,12245
congress,19,surname,All others (est.),8,13780
congress,19,surname,All others (est.),9,4987
congress,19,surname,All others (est.),10,10372
congress,19,surname,All others (est.),11,17130
congress,19,surname,All others (est.),12,16990
congress,19,surname,All others (est.),13,18447
congress,19,surname,All others (est.),14,20155
congress,19,surname,All others (est.),15,21649
congress,19,surname,All others (est.),16,2
congress,19,surname,All others (est.),17,72
congress,19,surname,All others (est.),18,284
congress,19,surname,All others (est.),19,338
congress,19,surname,All others (est.),20,290
congress,19,surname,All others (est.),21,244
congress,19,surname,All others (est.),22,247
congress,19,surname,All others (est.),23,238
congress,19,surname,All others (est.),24,11
congress,19,surname,All others (est.),25,195
congress,19,surname,All others (est.),26,203
congress,19,surname,All others (est.),27,173
congress,19,surname,All others (est.),28,50
congress,19,surname,All others (est.),29,168
congress,19,surname,All others (est.),31,12
congress,19,surname,All others (est.),32,41
congress,19,surname,All others (est.),33,60
congress,19,surname,All others (est.),34,55
congress,19,surname,All others (est.),35,49
congress,19,surname,All others (est.),36,87
congress,19,surname,All others (est.),37,104
congress,19,surname,Asian (est.),4,376
congress,19,surname,Asian (est.),5,238
congress,19,surname,Asian (est.),6,260
congress,19,surname,Asian (est.),7,301
congress,19,surname,Asian (est.),8,310
congress,19,surname,Asian (est.),9,123
congress,19,surname,Asian (est.),10,230
congress,19,surname,Asian (est.),11,354
congress,19,surname,Asian (est.),12,332
congress,19,surname,Asian (est.),13,353
congress,19,surname,Asian (est.),14,388
congress,19,surname,Asian (est.),15,390
congress,19,surname,Asian (est.),17,1
congress,19,surname,Asian (est.),18,4
congress,19,surname,Asian (est.),19,8
congress,19,surname,Asian (est.),20,5
congress,19,surname,Asian (est.),21,5
congress,19,surname,Asian (est.),22,5
congress,19,surname,Asian (est.),23,2
congress,19,surname,Asian (est.),25,3
congress,19,surname,Asian (est.),26,4
congress,19,surname,Asian (est.),27,2
congress,19,surname,Asian (est.),28,1
congress,19,surname,Asian (est.),29,3
congress,19,surname,Asian (est.),33,1
congress,19,surname,Asian (est.),34,1
congress,19,surname,Asian (est.),36,1
congress,19,surname,Asian (est.),37,1
congress,19,surname,Hispanic (est.),4,5097
congress,19,surname,Hispanic (est.),5,2797
congress,19,surname,Hispanic (est.),6,3187
congress,19,surname,Hispanic (est.),7,3256
congress,19,surname,Hispanic (est.),8,3399
congress,19,surname,Hispanic (est.),9,1372
congress,19,surname,Hispanic (est.),10,2584
congress,19,surname,Hispanic (est.),11,3898
congress,19,surname,Hispanic (est.),12,3408
congress,19,surname,Hispanic (est.),13,3659
congress,19,surname,Hispanic (est.),14,3798
congress,19,surname,Hispanic (est.),15,4049
congress,19,surname,Hispanic (est.),17,9
congress,19,surname,Hispanic (est.),18,32
congress,19,surname,Hispanic (est.),19,48
congress,19,surname,Hispanic (est.),20,37
congress,19,surname,Hispanic (est.),21,44
congress,19,surname,Hispanic (est.),22,23
congress,19,surname,Hispanic (est.),23,19
congress,19,surname,Hispanic (est.),24,4
congress,19,surname,Hispanic (est.),25,29
congress,19,surname,Hispanic (est.),26,39
congress,19,surname,Hispanic (est.),27,29
congress,19,surname,Hispanic (est.),28,11
congress,19,surname,Hispanic (est.),29,29
congress,19,surname,Hispanic (est.),32,5
congress,19,surname,Hispanic (est.),33,8
congress,19,surname,Hispanic (est.),34,10
congress,19,surname,Hispanic (est.),35,5
congress,19,surname,Hispanic (est.),36,15
congress,19,surname,Hispanic (est.),37,10
congress,2,surname,All others (est.),4,19719
congress,2,surname,All others (est.),5,15147
congress,2,surname,All others (est.),6,15964
congress,2,surname,All others (est.),7,17909
congress,2,surname,All others (est.),8,19089
congress,2,surname,All others (est.),9,9029
congress,2,surname,All others (est.),10,15909
congress,2,surname,All others (est.),11,19269
congress,2,surname,All others (est.),12,18264
congress,2,surname,All others (est.),13,19109
congress,2,surname,All others (est.),14,18878
congress,2,surname,All others (est.),15,19392
congress,2,surname,All others (est.),17,48
congress,2,surname,All others (est.),18,334
congress,2,surname,All others (est.),19,248
congress,2,surname,All others (est.),20,368
congress,2,surname,All others (est.),21,374
congress,2,surname,All others (est.),22,164
congress,2,surname,All others (est.),24,98
congress,2,surname,All others (est.),25,275
congress,2,surname,All others (est.),26,414
congress,2,surname,All others (est.),27,340
congress,2,surname,All others (est.),28,315
congress,2,surname,All others (est.),29,657
congress,2,surname,All others (est.),32,339
congress,2,surname,All others (est.),33,201
congress,2,surname,All others (est.),34,289
congress,2,surname,All others (est.),35,48
congress,2,surname,All others (est.),36,111
congress,2,surname,All others (est.),37,9
congress,2,surname,Asian (est.),4,1354
congress,2,surname,Asian (est.),5,980
congress,2,surname,Asian (est.),6,981
congress,2,surname,Asian (est.),7,1088
congress,2,surname,Asian (est.),8,1111
congress,2,surname,Asian (est.),9,709
congress,2,surname,Asian (est.),10,1062
congress,2,surname,Asian (est.),11,1037
congress,2,surname,Asian (est.),12,926
congress,2,surname,Asian (est.),13,997
congress,2,surname,Asian (est.),14,939
congress,2,surname,Asian (est.),15,973
congress,2,surname,Asian (est.),17,4
congress,2,surname,Asian (est.),18,18
congress,2,surname,Asian (est.),19,6
congress,2,surname,Asian (est.),20,16
congress,2,surname,Asian (est.),21,7
congress,2,surname,Asian (est.),22,9
congress,2,surname,Asian (est.),24,8
congress,2,surname,Asian (est.),25,10
congress,2,surname,Asian (est.),26,16
congress,2,surname,Asian (est.),27,9
congress,2,surname,Asian (est.),28,10
congress,2,surname,Asian (est.),29,28
congress,2,surname,Asian (est.),32,12
congress,2,surname,Asian (est.),33,7
congress,2,surname,Asian (est.),34,8
congress,2,surname,Asian (est.),35,1
congress,2,surname,Asian (est.),36,4
congress,2,surname,Asian (est.),37,2
congress,2,surname,Hispanic (est.),4,5612
congress,2,surname,Hispanic (est.),5,3677
congress,2,surname,Hispanic (est.),6,3588
congress,2,surname,Hispanic (est.),7,3841
congress,2,surname,Hispanic (est.),8,3887
congress,2,surname,Hispanic (est.),9,2131
congress,2,surname,Hispanic (est.),10,3729
congress,2,surname,Hispanic (est.),11,3882
congress,2,surname,Hispanic (est.),12,3269
congress,2,surname,Hispanic (est.),13,3361
congress,2,surname,Hispanic (est.),14,3242
congress,2,surname,Hispanic (est.),15,3348
congress,2,surname,Hispanic (est.),17,4
congress,2,surname,Hispanic (est.),18,42
congress,2,surname,Hispanic (est.),19,25
congress,2,surname,Hispanic (est.),20,31
congress,2,surname,Hispanic (est.),21,31
congress,2,surname,Hispanic (est.),22,21
congress,2,surname,Hispanic (est.),24,15
congress,2,surname,Hispanic (est.),25,20
congress,2,surname,Hispanic (est.),26,34
congress,2,surname,Hispanic (est.),27,27
congress,2,surname,Hispanic (est.),28,40
congress,2,surname,Hispanic (est.),29,68
congress,2,surname,Hispanic (est.),32,33
congress,2,surname,Hispanic (est.),33,26
congress,2,surname,Hispanic (est.),34,25
congress,2,surname,Hispanic (est.),35,3
congress,2,surname,Hispanic (est.),36,10
congress,2,surname,Hispanic (est.),37,2
congress,20,surname,All others (est.),4,7649
congress,20,surname,All others (est.),5,5998
congress,20,surname,All others (est.),6,6355
congress,20,surname,All others (est.),7,6440
congress,20,surname,All others (est.),8,6433
congress,20,surname,All others (est.),9,3228
congress,20,surname,All others (est.),10,5934
congress,20,surname,All others (est.),11,6239
congress,20,surname,All others (est.),12,6230
congress,20,surname,All others (est.),13,6175
congress,20,surname,All others (est.),14,6459
congress,20,surname,All others (est.),15,6719
congress,20,surname,All others (est.),17,215
congress,20,surname,All others (est.),18,333
congress,20,surname,All others (est.),19,132
congress,20,surname,All others (est.),20,121
congress,20,surname,All others (est.),21,161
congress,20,surname,All others (est.),22,89
congress,20,surname,All others (est.),24,113
congress,20,surname,All others (est.),25,191
congress,20,surname,All others (est.),26,172
congress,20,surname,All others (est.),27,82
congress,20,surname,All others (est.),28,114
congress,20,surname,All others (est.),29,74
congress,20,surname,All others (est.),31,16
congress,20,surname,All others (est.),33,2
congress,20,surname,All others (est.),34,10
congress,20,surname,All others (est.),35,2
congress,20,surname,All others (est.),36,11
congress,20,surname,Asian (est.),4,517
congress,20,surname,Asian (est.),5,378
congress,20,surname,Asian (est.),6,411
congress,20,surname,Asian (est.),7,425
congress,20,surname,Asian (est.),8,410
congress,20,surname,Asian (est.),9,213
congress,20,surname,Asian (est.),10,374
congress,20,surname,Asian (est.),11,350
congress,20,surname,Asian (est.),12,346
congress,20,surname,Asian (est.),13,356
congress,20,surname,Asian (est.),14,345
congress,20,surname,Asian (est.),15,333
congress,20,surname,Asian (est.),17,9
congress,20,surname,Asian (est.),18,15
congress,20,surname,Asian (est.),19,4
congress,20,surname,Asian (est.),20,4
congress,20,surname,Asian (est.),21,5
congress,20,surname,Asian (est.),22,3
congress,20,surname,Asian (est.),24,5
congress,20,surname,Asian (est.),25,8
congress,20,surname,Asian (est.),26,8
congress,20,surname,Asian (est.),27,3
congress,20,surname,Asian (est.),28,5
congress,20,surname,Asian (est.),29,3
congress,20,surname,Asian (est.),31,1
congress,20,surname,Asian (est.),34,1
congress,20,surname,Hispanic (est.),4,10520
congress,20,surname,Hispanic (est.),5,7181
congress,20,surname,Hispanic (est.),6,7831
congress,20,surname,Hispanic (est.),7,7764
congress,20,surname,Hispanic (est.),8,7692
congress,20,surname,Hispanic (est.),9,3763
congress,20,surname,Hispanic (est.),10,7267
congress,20,surname,Hispanic (est.),11,7024
congress,20,surname,Hispanic (est.),12,6799
congress,20,surname,Hispanic (est.),13,6988
congress,20,surname,Hispanic (est.),14,6948
congress,20,surname,Hispanic (est.),15,6955
congress,20,surname,Hispanic (est.),17,226
congress,20,surname,Hispanic (est.),18,242
congress,20,surname,Hispanic (est.),19,118
congress,20,surname,Hispanic (est.),20,137
congress,20,surname,Hispanic (est.),21,141
congress,20,surname,Hispanic (est.),22,83
congress,20,surname,Hispanic (est.),24,119
congress,20,surname,Hispanic (est.),25,166
congress,20,surname,Hispanic (est.),26,234
congress,20,surname,Hispanic (est.),27,88
congress,20,surname,Hispanic (est.),28,137
congress,20,surname,Hispanic (est.),29,81
congress,20,surname,Hispanic (est.),31,33
congress,20,surname,Hispanic (est.),34,7
congress,20,surname,Hispanic (est.),35,1
congress,20,surname,Hispanic (est.),36,1
congress,21,surname,All others (est.),4,20560
congress,21,surname,All others (est.),5,16872
congress,21,surname,All others (est.),6,19717
congress,21,surname,All others (est.),7,22092
congress,21,surname,All others (est.),8,23506
congress,21,surname,All others (est.),9,9984
congress,21,surname,All others (est.),10,18397
congress,21,surname,All others (est.),11,24333
congress,21,surname,All others (est.),12,24195
congress,21,surname,All others (est.),13,25763
congress,21,surname,All others (est.),14,25835
congress,21,surname,All others (est.),15,25680
congress,21,surname,All others (est.),17,237
congress,21,surname,All others (est.),18,757
congress,21,surname,All others (est.),19,751
congress,21,surname,All others (est.),20,195
congress,21,surname,All others (est.),21,973
congress,21,surname,All others (est.),22,241
congress,21,surname,All others (est.),24,201
congress,21,surname,All others (est.),25,361
congress,21,surname,All others (est.),26,507
congress,21,surname,All others (est.),27,461
congress,21,surname,All others (est.),28,318
congress,21,surname,All others (est.),29,362
congress,21,surname,All others (est.),30,1
congress,21,surname,All others (est.),31,25
congress,21,surname,All others (est.),32,70
congress,21,surname,All others (est.),33,87
congress,21,surname,All others (est.),34,183
congress,21,surname,All others (est.),35,94
congress,21,surname,All others (est.),36,121
congress,21,surname,All others (est.),37,25
congress,21,surname,Asian (est.),4,870
congress,21,surname,Asian (est.),5,631
congress,21,surname,Asian (est.),6,725
congress,21,surname,Asian (est.),7,750
congress,21,surname,Asian (est.),8,772
congress,21,surname,Asian (est.),9,361
congress,21,surname,Asian (est.),10,703
congress,21,surname,Asian (est.),11,729
congress,21,surname,Asian (est.),12,710
congress,21,surname,Asian (est.),13,738
congress,21,surname,Asian (est.),14,673
congress,21,surname,Asian (est.),15,688
congress,21,surname,Asian (est.),17,7
congress,21,surname,Asian (est.),18,18
congress,21,surname,Asian (est.),19,17
congress,21,surname,Asian (est.),20,6
congress,21,surname,Asian (est.),21,27
congress,21,surname,Asian (est.),22,5
congress,21,surname,Asian (est.),24,5
congress,21,surname,Asian (est.),25,8
congress,21,surname,Asian (est.),26,11
congress,21,surname,Asian (est.),27,8
congress,21,surname,Asian (est.),28,9
congress,21,surname,Asian (est.),29,7
congress,21,surname,Asian (est.),32,2
congress,21,surname,Asian (est.),33,2
congress,21,surname,Asian (est.),34,5
congress,21,surname,Asian (est.),35,2
congress,21,surname,Asian (est.),36,2
congress,21,surname,Hispanic (est.),4,7802
congress,21,surname,Hispanic (est.),5,5642
congress,21,surname,Hispanic (est.),6,6170
congress,21,surname,Hispanic (est.),7,6293
congress,21,surname,Hispanic (est.),8,6550
congress,21,surname,Hispanic (est.),9,3232
congress,21,surname,Hispanic (est.),10,6201
congress,21,surname,Hispanic (est.),11,6408
congress,21,surname,Hispanic (est.),12,5811
congress,21,surname,Hispanic (est.),13,5856
congress,21,surname,Hispanic (est.),14,5940
congress,21,surname,Hispanic (est.),15,6111
congress,21,surname,Hispanic (est.),17,76
congress,21,surname,Hispanic (est.),18,127
congress,21,surname,Hispanic (est.),19,133
congress,21,surname,Hispanic (est.),20,50
congress,21,surname,Hispanic (est.),21,131
congress,21,surname,Hispanic (est.),22,47
congress,21,surname,Hispanic (est.),24,45
congress,21,surname,Hispanic (est.),25,89
congress,21,surname,Hispanic (est.),26,91
congress,21,surname,Hispanic (est.),27,68
congress,21,surname,Hispanic (est.),28,67
congress,21,surname,Hispanic (est.),29,51
congress,21,surname,Hispanic (est.),31,7
congress,21,surname,Hispanic (est.),32,9
congress,21,surname,Hispanic (est.),33,14
congress,21,surname,Hispanic (est.),34,28
congress,21,surname,Hispanic (est.),35,8
congress,21,surname,Hispanic (est.),36,23
congress,21,surname,Hispanic (est.),37,4
congress,22,surname,All others (est.),4,19247
congress,22,surname,All others (est.),5,11804
congress,22,surname,All others (est.),6,12914
congress,22,surname,All others (est.),7,14569
congress,22,surname,All others (est.),8,16397
congress,22,surname,All others (est.),9,6068
congress,22,surname,All others (est.),10,13676
congress,22,surname,All others (est.),11,22404
congress,22,surname,All others (est.),12,20849
congress,22,surname,All others (est.),13,23284
congress,22,surname,All others (est.),14,24580
congress,22,surname,All others (est.),15,26622
congress,22,surname,All others (est.),17,122
congress,22,surname,All others (est.),18,201
congress,22,surname,All others (est.),19,259
congress,22,surname,All others (est.),20,574
congress,22,surname,All others (est.),21,76
congress,22,surname,All others (est.),22,104
congress,22,surname,All others (est.),24,98
congress,22,surname,All others (est.),25,286
congress,22,surname,All others (est.),26,197
congress,22,surname,All others (est.),27,129
congress,22,surname,All others (est.),28,123
congress,22,surname,All others (est.),29,200
congress,22,surname,All others (est.),32,80
congress,22,surname,All others (est.),33,65
congress,22,surname,All others (est.),34,92
congress,22,surname,All others (est.),35,10
congress,22,surname,All others (est.),36,83
congress,22,surname,All others (est.),37,4
congress,22,surname,Asian (est.),4,3755
congress,22,surname,Asian (est.),5,2253
congress,22,surname,Asian (est.),6,2188
congress,22,surname,Asian (est.),7,2304
congress,22,surname,Asian (est.),8,2535
congress,22,surname,Asian (est.),9,1242
congress,22,surname,Asian (est.),10,2555
congress,22,surname,Asian (est.),11,2952
congress,22,surname,Asian (est.),12,2480
congress,22,surname,Asian (est.),13,2575
congress,22,surname,Asian (est.),14,2521
congress,22,surname,Asian (est.),15,2434
congress,22,surname,Asian (est.),17,16
congress,22,surname,Asian (est.),18,22
congress,22,surname,Asian (est.),19,33
congress,22,surname,Asian (est.),20,53
congress,22,surname,Asian (est.),21,4
congress,22,surname,Asian (est.),22,5
congress,22,surname,Asian (est.),24,16
congress,22,surname,Asian (est.),25,15
congress,22,surname,Asian (est.),26,12
congress,22,surname,Asian (est.),27,10
congress,22,surname,Asian (est.),28,12
congress,22,surname,Asian (est.),29,10
congress,22,surname,Asian (est.),32,3
congress,22,surname,Asian (est.),33,1
congress,22,surname,Asian (est.),34,3
congress,22,surname,Asian (est.),35,2
congress,22,surname,Asian (est.),36,3
congress,22,surname,Hispanic (est.),4,6007
congress,22,surname,Hispanic (est.),5,3609
congress,22,surname,Hispanic (est.),6,3479
congress,22,surname,Hispanic (est.),7,3760
congress,22,surname,Hispanic (est.),8,4049
congress,22,surname,Hispanic (est.),9,1671
congress,22,surname,Hispanic (est.),10,3767
congress,22,surname,Hispanic (est.),11,5058
congress,22,surname,Hispanic (est.),12,4276
congress,22,surname,Hispanic (est.),13,4621
congress,22,surname,Hispanic (est.),14,4521
congress,22,surname,Hispanic (est.),15,5023
congress,22,surname,Hispanic (est.),17,20
congress,22,surname,Hispanic (est.),18,20
congress,22,surname,Hispanic (est.),19,49
congress,22,surname,Hispanic (est.),20,82
congress,22,surname,Hispanic (est.),21,13
congress,22,surname,Hispanic (est.),22,8
congress,22,surname,Hispanic (est.),24,20
congress,22,surname,Hispanic (est.),25,34
congress,22,surname,Hispanic (est.),26,19
congress,22,surname,Hispanic (est.),27,14
congress,22,surname,Hispanic (est.),28,13
congress,22,surname,Hispanic (est.),29,28
congress,22,surname,Hispanic (est.),32,13
congress,22,surname,Hispanic (est.),33,9
congress,22,surname,Hispanic (est.),34,19
congress,22,surname,Hispanic (est.),35,5
congress,22,surname,Hispanic (est.),36,4
congress,23,surname,All others (est.),4,12973
congress,23,surname,All others (est.),5,10410
congress,23,surname,All others (est.),6,11397
congress,23,surname,All others (est.),7,11979
congress,23,surname,All others (est.),8,12671
congress,23,surname,All others (est.),9,5681
congress,23,surname,All others (est.),10,10442
congress,23,surname,All others (est.),11,12897
congress,23,surname,All others (est.),12,12336
congress,23,surname,All others (est.),13,13083
congress,23,surname,All others (est.),14,13307
congress,23,surname,All others (est.),15,14142
congress,23,surname,All others (est.),16,1
congress,23,surname,All others (est.),17,353
congress,23,surname,All others (est.),18,482
congress,23,surname,All others (est.),19,201
congress,23,surname,All others (est.),20,253
congress,23,surname,All others (est.),21,276
congress,23,surname,All others (est.),22,122
congress,23,surname,All others (est.),23,2
congress,23,surname,All others (est.),24,177
congress,23,surname,All others (est.),25,247
congress,23,surname,All others (est.),26,200
congress,23,surname,All others (est.),27,157
congress,23,surname,All others (est.),28,138
congress,23,surname,All others (est.),29,134
congress,23,surname,All others (est.),31,6
congress,23,surname,All others (est.),32,22
congress,23,surname,All others (est.),33,16
congress,23,surname,All others (est.),34,37
congress,23,surname,All others (est.),35,18
congress,23,surname,All others (est.),36,58
congress,23,surname,All others (est.),37,45
congress,23,surname,Asian (est.),4,851
congress,23,surname,Asian (est.),5,652
congress,23,surname,Asian (est.),6,696
congress,23,surname,Asian (est.),7,644
congress,23,surname,Asian (est.),8,683
congress,23,surname,Asian (est.),9,340
congress,23,surname,Asian (est.),10,643
congress,23,surname,Asian (est.),11,600
congress,23,surname,Asian (est.),12,569
congress,23,surname,Asian (est.),13,589
congress,23,surname,Asian (est.),14,575
congress,23,surname,Asian (est.),15,567
congress,23,surname,Asian (est.),17,14
congress,23,surname,Asian (est.),18,17
congress,23,surname,Asian (est.),19,8
congress,23,surname,Asian (est.),20,8
congress,23,surname,Asian (est.),21,6
congress,23,surname,Asian (est.),22,3
congress,23,surname,Asian (est.),24,6
congress,23,surname,Asian (est.),25,5
congress,23,surname,Asian (est.),26,4
congress,23,surname,Asian (est.),27,4
congress,23,surname,Asian (est.),28,4
congress,23,surname,Asian (est.),29,3
congress,23,surname,Asian (est.),33,2
congress,23,surname,Asian (est.),34,2
congress,23,surname,Asian (est.),35,3
congress,23,surname,Asian (est.),36,3
congress,23,surname,Asian (est.),37,1
congress,23,surname,Hispanic (est.),4,11743
congress,23,surname,Hispanic (est.),5,7286
congress,23,surname,Hispanic (est.),6,7890
congress,23,surname,Hispanic (est.),7,7939
congress,23,surname,Hispanic (est.),8,8217
congress,23,surname,Hispanic (est.),9,4222
congress,23,surname,Hispanic (est.),10,8236
congress,23,surname,Hispanic (est.),11,8395
congress,23,surname,Hispanic (est.),12,7241
congress,23,surname,Hispanic (est.),13,7475
congress,23,surname,Hispanic (est.),14,7813
congress,23,surname,Hispanic (est.),15,8189
congress,23,surname,Hispanic (est.),16,6
congress,23,surname,Hispanic (est.),17,175
congress,23,surname,Hispanic (est.),18,160
congress,23,surname,Hispanic (est.),19,167
congress,23,surname,Hispanic (est.),20,112
congress,23,surname,Hispanic (est.),21,97
congress,23,surname,Hispanic (est.),22,39
congress,23,surname,Hispanic (est.),24,41
congress,23,surname,Hispanic (est.),25,73
congress,23,surname,Hispanic (est.),26,77
congress,23,surname,Hispanic (est.),27,83
congress,23,surname,Hispanic (est.),28,54
congress,23,surname,Hispanic (est.),29,53
congress,23,surname,Hispanic (est.),31,8
congress,23,surname,Hispanic (est.),32,17
congress,23,surname,Hispanic (est.),33,12
congress,23,surname,Hispanic (est.),34,38
congress,23,surname,Hispanic (est.),35,11
congress,23,surname,Hispanic (est.),36,28
congress,23,surname,Hispanic (est.),37,34
congress,24,surname,All others (est.),4,23128
congress,24,surname,All others (est.),5,17193
congress,24,surname,All others (est.),6,18666
congress,24,surname,All others (est.),7,20751
congress,24,surname,All others (est.),8,23135
congress,24,surname,All others (est.),9,10484
congress,24,surname,All others (est.),10,21493
congress,24,surname,All others (est.),11,24812
congress,24,surname,All others (est.),12,23224
congress,24,surname,All others (est.),13,24550
congress,24,surname,All others (est.),14,24780
congress,24,surname,All others (est.),15,24685
congress,24,surname,All others (est.),17,527
congress,24,surname,All others (est.),18,490
congress,24,surname,All others (est.),19,572
congress,24,surname,All others (est.),20,775
congress,24,surname,All others (est.),21,371
congress,24,surname,All others (est.),22,154
congress,24,surname,All others (est.),23,11
congress,24,surname,All others (est.),24,247
congress,24,surname,All others (est.),25,422
congress,24,surname,All others (est.),26,510
congress,24,surname,All others (est.),27,93
congress,24,surname,All others (est.),28,352
congress,24,surname,All others (est.),29,85
congress,24,surname,All others (est.),32,88
congress,24,surname,All others (est.),33,23
congress,24,surname,All others (est.),34,8
congress,24,surname,All others (est.),35,3
congress,24,surname,All others (est.),36,13
congress,24,surname,All others (est.),37,3
congress,24,surname,Asian (est.),4,2358
congress,24,surname,Asian (est.),5,1360
congress,24,surname,Asian (est.),6,1430
congress,24,surname,Asian (est.),7,1381
congress,24,surname,Asian (est.),8,1583
congress,24,surname,Asian (est.),9,915
congress,24,surname,Asian (est.),10,1887
congress,24,surname,Asian (est.),11,1639
congress,24,surname,Asian (est.),12,1317
congress,24,surname,Asian (est.),13,1336
congress,24,surname,Asian (est.),14,1208
congress,24,surname,Asian (est.),15,1233
congress,24,surname,Asian (est.),17,24
congress,24,surname,Asian (est.),18,29
congress,24,surname,Asian (est.),19,25
congress,24,surname,Asian (est.),20,41
congress,24,surname,Asian (est.),21,15
congress,24,surname,Asian (est.),22,8
congress,24,surname,Asian (est.),23,1
congress,24,surname,Asian (est.),24,17
congress,24,surname,Asian (est.),25,17
congress,24,surname,Asian (est.),26,21
congress,24,surname,Asian (est.),27,6
congress,24,surname,Asian (est.),28,10
congress,24,surname,Asian (est.),29,3
congress,24,surname,Asian (est.),32,4
congress,24,surname,Asian (est.),36,1
congress,24,surname,Hispanic (est.),4,4217
congress,24,surname,Hispanic (est.),5,2769
congress,24,surname,Hispanic (est.),6,2797
congress,24,surname,Hispanic (est.),7,2910
congress,24,surname,Hispanic (est.),8,3149
congress,24,surname,Hispanic (est.),9,1591
congress,24,surname,Hispanic (est.),10,3447
congress,24,surname,Hispanic (est.),11,3268
congress,24,surname,Hispanic (est.),12,2687
congress,24,surname,Hispanic (est.),13,2775
congress,24,surname,Hispanic (est.),14,2812
congress,24,surname,Hispanic (est.),15,2841
congress,24,surname,Hispanic (est.),17,56
congress,24,surname,Hispanic (est.),18,41
congress,24,surname,Hispanic (est.),19,42
congress,24,surname,Hispanic (est.),20,79
congress,24,surname,Hispanic (est.),21,32
congress,24,surname,Hispanic (est.),22,11
congress,24,surname,Hispanic (est.),23,2
congress,24,surname,Hispanic (est.),24,17
congress,24,surname,Hispanic (est.),25,29
congress,24,surname,Hispanic (est.),26,38
congress,24,surname,Hispanic (est.),27,5
congress,24,surname,Hispanic (est.),28,33
congress,24,surname,Hispanic (est.),29,11
congress,24,surname,Hispanic (est.),32,6
congress,24,surname,Hispanic (est.),33,1
congress,24,surname,Hispanic (est.),36,1
congress,24,surname,Hispanic (est.),37,1
congress,25,surname,All others (est.),4,18770
congress,25,surname,All others (est.),5,13169
congress,25,surname,All others (est.),6,13485
congress,25,surname,All others (est.),7,14965
congress,25,surname,All others (est.),8,18127
congress,25,surname,All others (est.),9,6920
congress,25,surname,All others (est.),10,14728
congress,25,surname,All others (est.),11,20290
congress,25,surname,All others (est.),12,18784
congress,25,surname,All others (est.),13,19989
congress,25,surname,All others (est.),14,21160
congress,25,surname,All others (est.),15,23024
congress,25,surname,All others (est.),17,315
congress,25,surname,All others (est.),18,366
congress,25,surname,All others (est.),19,466
congress,25,surname,All others (est.),20,503
congress,25,surname,All others (est.),21,569
congress,25,surname,All others (est.),22,42
congress,25,surname,All others (est.),24,12
congress,25,surname,All others (est.),25,395
congress,25,surname,All others (est.),26,444
congress,25,surname,All others (est.),27,214
congress,25,surname,All others (est.),28,130
congress,25,surname,All others (est.),29,221
congress,25,surname,All others (est.),31,31
congress,25,surname,All others (est.),32,109
congress,25,surname,All others (est.),33,135
congress,25,surname,All others (est.),34,57
congress,25,surname,All others (est.),35,13
congress,25,surname,All others (est.),36,38
congress,25,surname,All others (est.),37,77
congress,25,surname,Asian (est.),4,783
congress,25,surname,Asian (est.),5,514
congress,25,surname,Asian (est.),6,503
congress,25,surname,Asian (est.),7,553
congress,25,surname,Asian (est.),8,640
congress,25,surname,Asian (est.),9,274
congress,25,surname,Asian (est.),10,564
congress,25,surname,Asian (est.),11,592
congress,25,surname,Asian (est.),12,514
congress,25,surname,Asian (est.),13,541
congress,25,surname,Asian (est.),14,568
congress,25,surname,Asian (est.),15,572
congress,25,surname,Asian (est.),17,9
congress,25,surname,Asian (est.),18,13
congress,25,surname,Asian (est.),19,16
congress,25,surname,Asian (est.),20,12
congress,25,surname,Asian (est.),21,13
congress,25,surname,Asian (est.),25,10
congress,25,surname,Asian (est.),26,11
congress,25,surname,Asian (est.),27,3
congress,25,surname,Asian (est.),28,2
congress,25,surname,Asian (est.),29,6
congress,25,surname,Asian (est.),32,1
congress,25,surname,Asian (est.),33,1
congress,25,surname,Asian (est.),34,1
congress,25,surname,Asian (est.),36,2
congress,25,surname,Asian (est.),37,1
congress,25,surname,Hispanic (est.),4,3875
congress,25,surname,Hispanic (est.),5,2308
congress,25,surname,Hispanic (est.),6,2381
congress,25,surname,Hispanic (est.),7,2300
congress,25,surname,Hispanic (est.),8,2561
congress,25,surname,Hispanic (est.),9,1110
congress,25,surname,Hispanic (est.),10,2503
congress,25,surname,Hispanic (est.),11,2600
congress,25,surname,Hispanic (est.),12,2231
congress,25,surname,Hispanic (est.),13,2245
congress,25,surname,Hispanic (est.),14,2167
congress,25,surname,Hispanic (est.),15,2292
congress,25,surname,Hispanic (est.),17,26
congress,25,surname,Hispanic (est.),18,28
congress,25,surname,Hispanic (est.),19,46
congress,25,surname,Hispanic (est.),20,44
congress,25,surname,Hispanic (est.),21,38
congress,25,surname,Hispanic (est.),22,2
congress,25,surname,Hispanic (est.),24,1
congress,25,surname,Hispanic (est.),25,29
congress,25,surname,Hispanic (est.),26,40
congress,25,surname,Hispanic (est.),27,14
congress,25,surname,Hispanic (est.),28,5
congress,25,surname,Hispanic (est.),29,12
congress,25,surname,Hispanic (est.),31,6
congress,25,surname,Hispanic (est.),32,5
congress,25,surname,Hispanic (est.),33,10
congress,25,surname,Hispanic (est.),34,1
congress,25,surname,Hispanic (est.),36,1
congress,25,surname,Hispanic (est.),37,3
congress,26,surname,All others (est.),4,24185
congress,26,surname,All others (est.),5,15502
congress,26,surname,All others (est.),6,16266
congress,26,surname,All others (est.),7,17737
congress,26,surname,All others (est.),8,19465
congress,26,surname,All others (est.),9,8948
congress,26,surname,All others (est.),10,17558
congress,26,surname,All others (est.),11,28740
congress,26,surname,All others (est.),12,25506
congress,26,surname,All others (est.),13,28990
congress,26,surname,All others (est.),14,33813
congress,26,surname,All others (est.),15,38273
congress,26,surname,All others (est.),16,520
congress,26,surname,All others (est.),17,437
congress,26,surname,All others (est.),18,299
congress,26,surname,All others (est.),19,328
congress,26,surname,All others (est.),20,340
congress,26,surname,All others (est.),21,48
congress,26,surname,All others (est.),22,282
congress,26,surname,All others (est.),24,275
congress,26,surname,All others (est.),25,110
congress,26,surname,All others (est.),26,430
congress,26,surname,All others (est.),27,436
congress,26,surname,All others (est.),28,96
congress,26,surname,All others (est.),29,23
congress,26,surname,All others (est.),31,82
congress,26,surname,All others (est.),32,42
congress,26,surname,All others (est.),33,266
congress,26,surname,All others (est.),34,23
congress,26,surname,All others (est.),35,6
congress,26,surname,All others (est.),36,45
congress,26,surname,All others (est.),37,9
congress,26,surname,Asian (est.),4,2219
congress,26,surname,Asian (est.),5,1284
congress,26,surname,Asian (est.),6,1254
congress,26,surname,Asian (est.),7,1324
congress,26,surname,Asian (est.),8,1449
congress,26,surname,Asian (est.),9,828
congress,26,surname,Asian (est.),10,1409
congress,26,surname,Asian (est.),11,1853
congress,26,surname,Asian (est.),12,1481
congress,26,surname,Asian (est.),13,1592
congress,26,surname,Asian (est.),14,1819
congress,26,surname,Asian (est.),15,1842
congress,26,surname,Asian (est.),16,17
congress,26,surname,Asian (est.),17,18
congress,26,surname,Asian (est.),18,15
congress,26,surname,Asian (est.),19,11
congress,26,surname,Asian (est.),20,16
congress,26,surname,Asian (est.),21,1
congress,26,surname,Asian (est.),22,13
congress,26,surname,Asian (est.),24,21
congress,26,surname,Asian (est.),25,6
congress,26,surname,Asian (est.),26,18
congress,26,surname,Asian (est.),27,13
congress,26,surname,Asian (est.),28,1
congress,26,surname,Asian (est.),31,4
congress,26,surname,Asian (est.),32,1
congress,26,surname,Asian (est.),33,11
congress,26,surname,Hispanic (est.),4,4196
congress,26,surname,Hispanic (est.),5,2447
congress,26,surname,Hispanic (est.),6,2564
congress,26,surname,Hispanic (est.),7,2548
congress,26,surname,Hispanic (est.),8,2811
congress,26,surname,Hispanic (est.),9,1462
congress,26,surname,Hispanic (est.),10,2608
congress,26,surname,Hispanic (est.),11,3815
congress,26,surname,Hispanic (est.),12,3109
congress,26,surname,Hispanic (est.),13,3298
congress,26,surname,Hispanic (est.),14,3746
congress,26,surname,Hispanic (est.),15,4275
congress,26,surname,Hispanic (est.),16,43
congress,26,surname,Hispanic (est.),17,47
congress,26,surname,Hispanic (est.),18,30
congress,26,surname,Hispanic (est.),19,25
congress,26,surname,Hispanic (est.),20,27
congress,26,surname,Hispanic (est.),21,2
congress,26,surname,Hispanic (est.),22,20
congress,26,surname,Hispanic (est.),24,25
congress,26,surname,Hispanic (est.),25,9
congress,26,surname,Hispanic (est.),26,32
congress,26,surname,Hispanic (est.),27,31
congress,26,surname,Hispanic (est.),28,6
congress,26,surname,Hispanic (est.),29,1
congress,26,surname,Hispanic (est.),31,9
congress,26,surname,Hispanic (est.),32,1
congress,26,surname,Hispanic (est.),33,20
congress,26,surname,Hispanic (est.),34,1
congress,26,surname,Hispanic (est.),36,1
congress,27,surname,All others (est.),4,15557
congress,27,surname,All others (est.),5,10872
congress,27,surname,All others (est.),6,11734
congress,27,surname,All others (est.),7,13350
congress,27,surname,All others (est.),8,14779
congress,27,surname,All others (est.),9,5673
congress,27,surname,All others (est.),10,11841
congress,27,surname,All others (est.),11,17268
congress,27,surname,All others (est.),12,16767
congress,27,surname,All others (est.),13,17952
congress,27,surname,All others (est.),14,19346
congress,27,surname,All others (est.),15,20799
congress,27,surname,All others (est.),16,101
congress,27,surname,All others (est.),17,9
congress,27,surname,All others (est.),18,260
congress,27,surname,All others (est.),19,451
congress,27,surname,All others (est.),20,199
congress,27,surname,All others (est.),21,498
congress,27,surname,All others (est.),22,64
congress,27,surname,All others (est.),24,73
congress,27,surname,All others (est.),25,196
congress,27,surname,All others (est.),26,331
congress,27,surname,All others (est.),27,224
congress,27,surname,All others (est.),28,116
congress,27,surname,All others (est.),29,401
congress,27,surname,All others (est.),31,9
congress,27,surname,All others (est.),32,185
congress,27,surname,All others (est.),33,249
congress,27,surname,All others (est.),34,234
congress,27,surname,All others (est.),35,22
congress,27,surname,All others (est.),36,426
congress,27,surname,All others (est.),37,203
congress,27,surname,Asian (est.),4,586
congress,27,surname,Asian (est.),5,370
congress,27,surname,Asian (est.),6,399
congress,27,surname,Asian (est.),7,444
congress,27,surname,Asian (est.),8,489
congress,27,surname,Asian (est.),9,228
congress,27,surname,Asian (est.),10,415
congress,27,surname,Asian (est.),11,514
congress,27,surname,Asian (est.),12,471
congress,27,surname,Asian (est.),13,477
congress,27,surname,Asian (est.),14,532
congress,27,surname,Asian (est.),15,559
congress,27,surname,Asian (est.),16,2
congress,27,surname,Asian (est.),17,1
congress,27,surname,Asian (est.),18,5
congress,27,surname,Asian (est.),19,10
congress,27,surname,Asian (est.),20,5
congress,27,surname,Asian (est.),21,14
congress,27,surname,Asian (est.),22,2
congress,27,surname,Asian (est.),24,1
congress,27,surname,Asian (est.),25,6
congress,27,surname,Asian (est.),26,9
congress,27,surname,Asian (est.),27,3
congress,27,surname,Asian (est.),28,2
congress,27,surname,Asian (est.),29,7
congress,27,surname,Asian (est.),32,4
congress,27,surname,Asian (est.),33,5
congress,27,surname,Asian (est.),34,3
congress,27,surname,Asian (est.),35,1
congress,27,surname,Asian (est.),36,11
congress,27,surname,Asian (est.),37,5
congress,27,surname,Hispanic (est.),4,6708
congress,27,surname,Hispanic (est.),5,4044
congress,27,surname,Hispanic (est.),6,4124
congress,27,surname,Hispanic (est.),7,4156
congress,27,surname,Hispanic (est.),8,4491
congress,27,surname,Hispanic (est.),9,1896
congress,27,surname,Hispanic (est.),10,4019
congress,27,surname,Hispanic (est.),11,5082
congress,27,surname,Hispanic (est.),12,4358
congress,27,surname,Hispanic (est.),13,4443
congress,27,surname,Hispanic (est.),14,4554
congress,27,surname,Hispanic (est.),15,4702
congress,27,surname,Hispanic (est.),16,35
congress,27,surname,Hispanic (est.),17,15
congress,27,surname,Hispanic (est.),18,68
congress,27,surname,Hispanic (est.),19,142
congress,27,surname,Hispanic (est.),20,118
congress,27,surname,Hispanic (est.),21,131
congress,27,surname,Hispanic (est.),22,22
congress,27,surname,Hispanic (est.),24,14
congress,27,surname,Hispanic (est.),25,70
congress,27,surname,Hispanic (est.),26,86
congress,27,surname,Hispanic (est.),27,42
congress,27,surname,Hispanic (est.),28,30
congress,27,surname,Hispanic (est.),29,73
congress,27,surname,Hispanic (est.),31,1
congress,27,surname,Hispanic (est.),32,54
congress,27,surname,Hispanic (est.),33,40
congress,27,surname,Hispanic (est.),34,57
congress,27,surname,Hispanic (est.),35,1
congress,27,surname,Hispanic (est.),36,101
congress,27,surname,Hispanic (est.),37,34
congress,28,surname,All others (est.),4,3224
congress,28,surname,All others (est.),5,1977
congress,28,surname,All others (est.),6,2121
congress,28,surname,All others (est.),7,2259
congress,28,surname,All others (est.),8,2583
congress,28,surname,All others (est.),9,959
congress,28,surname,All others (est.),10,2351
congress,28,surname,All others (est.),11,3068
congress,28,surname,All others (est.),12,2961
congress,28,surname,All others (est.),13,3529
congress,28,surname,All others (est.),14,3786
congress,28,surname,All others (est.),15,4701
congress,28,surname,All others (est.),17,1
congress,28,surname,All others (est.),18,92
congress,28,surname,All others (est.),19,115
congress,28,surname,All others (est.),20,122
congress,28,surname,All others (est.),21,154
congress,28,surname,All others (est.),25,18
congress,28,surname,All others (est.),26,83
congress,28,surname,All others (est.),27,20
congress,28,surname,All others (est.),28,6
congress,28,surname,All others (est.),29,5
congress,28,surname,All others (est.),32,10
congress,28,surname,All others (est.),33,9
congress,28,surname,All others (est.),34,23
congress,28,surname,All others (est.),35,2
congress,28,surname,All others (est.),36,1
congress,28,surname,Asian (est.),4,337
congress,28,surname,Asian (est.),5,192
congress,28,surname,Asian (est.),6,193
congress,28,surname,Asian (est.),7,203
congress,28,surname,Asian (est.),8,230
congress,28,surname,Asian (est.),9,105
congress,28,surname,Asian (est.),10,222
congress,28,surname,Asian (est.),11,243
congress,28,surname,Asian (est.),12,224
congress,28,surname,Asian (est.),13,246
congress,28,surname,Asian (est.),14,254
congress,28,surname,Asian (est.),15,288
congress,28,surname,Asian (est.),18,7
congress,28,surname,Asian (est.),19,8
congress,28,surname,Asian (est.),20,8
congress,28,surname,Asian (est.),21,8
congress,28,surname,Asian (est.),25,1
congress,28,surname,Asian (est.),26,4
congress,28,surname,Asian (est.),27,1
congress,28,surname,Hispanic (est.),4,12673
congress,28,surname,Hispanic (est.),5,7496
congress,28,surname,Hispanic (est.),6,8089
congress,28,surname,Hispanic (est.),7,7909
congress,28,surname,Hispanic (est.),8,8448
congress,28,surname,Hispanic (est.),9,3512
congress,28,surname,Hispanic (est.),10,8631
congress,28,surname,Hispanic (est.),11,9269
congress,28,surname,Hispanic (est.),12,8177
congress,28,surname,Hispanic (est.),13,9081
congress,28,surname,Hispanic (est.),14,9324
congress,28,surname,Hispanic (est.),15,10450
congress,28,surname,Hispanic (est.),17,5
congress,28,surname,Hispanic (est.),18,255
congress,28,surname,Hispanic (est.),19,199
congress,28,surname,Hispanic (est.),20,341
congress,28,surname,Hispanic (est.),21,295
congress,28,surname,Hispanic (est.),25,28
congress,28,surname,Hispanic (est.),26,156
congress,28,surname,Hispanic (est.),27,27
congress,28,surname,Hispanic (est.),28,10
congress,28,surname,Hispanic (est.),29,11
congress,28,surname,Hispanic (est.),32,13
congress,28,surname,Hispanic (est.),33,11
congress,28,surname,Hispanic (est.),34,9
congress,29,surname,All others (est.),4,9049
congress,29,surname,All others (est.),5,6208
congress,29,surname,All others (est.),6,6134
congress,29,surname,All others (est.),7,6627
congress,29,surname,All others (est.),8,6810
congress,29,surname,All others (est.),9,2940
congress,29,surname,All others (est.),10,5190
congress,29,surname,All others (est.),11,7646
congress,29,surname,All others (est.),12,7360
congress,29,surname,All others (est.),13,7965
congress,29,surname,All others (est.),14,8702
congress,29,surname,All others (est.),15,9809
congress,29,surname,All others (est.),17,43
congress,29,surname,All others (est.),18,135
congress,29,surname,All others (est.),19,31
congress,29,surname,All others (est.),20,291
congress,29,surname,All others (est.),21,2
congress,29,surname,All others (est.),22,150
congress,29,surname,All others (est.),24,148
congress,29,surname,All others (est.),25,147
congress,29,surname,All others (est.),26,313
congress,29,surname,All others (est.),27,73
congress,29,surname,All others (est.),28,250
congress,29,surname,All others (est.),29,315
congress,29,surname,All others (est.),32,127
congress,29,surname,All others (est.),33,36
congress,29,surname,All others (est.),34,51
congress,29,surname,All others (est.),35,1
congress,29,surname,All others (est.),36,12
congress,29,surname,All others (est.),37,2
congress,29,surname,Asian (est.),4,742
congress,29,surname,Asian (est.),5,578
congress,29,surname,Asian (est.),6,504
congress,29,surname,Asian (est.),7,536
congress,29,surname,Asian (est.),8,609
congress,29,surname,Asian (est.),9,309
congress,29,surname,Asian (est.),10,455
congress,29,surname,Asian (est.),11,599
congress,29,surname,Asian (est.),12,544
congress,29,surname,Asian (est.),13,595
congress,29,surname,Asian (est.),14,576
congress,29,surname,Asian (est.),15,633
congress,29,surname,Asian (est.),17,1
congress,29,surname,Asian (est.),18,12
congress,29,surname,Asian (est.),19,1
congress,29,surname,Asian (est.),20,10
congress,29,surname,Asian (est.),22,8
congress,29,surname,Asian (est.),24,8
congress,29,surname,Asian (est.),25,9
congress,29,surname,Asian (est.),26,12
congress,29,surname,Asian (est.),27,4
congress,29,surname,Asian (est.),28,9
congress,29,surname,Asian (est.),29,12
congress,29,surname,Asian (est.),32,6
congress,29,surname,Asian (est.),34,1
congress,29,surname,Asian (est.),36,1
congress,29,surname,Hispanic (est.),4,6076
congress,29,surname,Hispanic (est.),5,3810
congress,29,surname,Hispanic (est.),6,3487
congress,29,surname,Hispanic (est.),7,3557
congress,29,surname,Hispanic (est.),8,3170
congress,29,surname,Hispanic (est.),9,1481
congress,29,surname,Hispanic (est.),10,2630
congress,29,surname,Hispanic (est.),11,3348
congress,29,surname,Hispanic (est.),12,2948
congress,29,surname,Hispanic (est.),13,3013
congress,29,surname,Hispanic (est.),14,2948
congress,29,surname,Hispanic (est.),15,3300
congress,29,surname,Hispanic (est.),17,8
congress,29,surname,Hispanic (est.),18,26
congress,29,surname,Hispanic (est.),19,7
congress,29,surname,Hispanic (est.),20,70
congress,29,surname,Hispanic (est.),22,28
congress,29,surname,Hispanic (est.),24,27
congress,29,surname,Hispanic (est.),25,19
congress,29,surname,Hispanic (est.),26,58
congress,29,surname,Hispanic (est.),27,21
congress,29,surname,Hispanic (est.),28,54
congress,29,surname,Hispanic (est.),29,54
congress,29,surname,Hispanic (est.),32,36
congress,29,surname,Hispanic (est.),33,7
congress,29,surname,Hispanic (est.),34,10
congress,29,surname,Hispanic (est.),36,2
congress,3,surname,All others (est.),4,24025
congress,3,surname,All others (est.),5,15393
congress,3,surname,All others (est.),6,16463
congress,3,surname,All others (est.),7,17531
congress,3,surname,All others (est.),8,20276
congress,3,surname,All others (est.),9,8699
congress,3,surname,All others (est.),10,20373
congress,3,surname,All others (est.),11,25462
congress,3,surname,All others (est.),12,22076
congress,3,surname,All others (est.),13,24167
congress,3,surname,All others (est.),14,26272
congress,3,surname,All others (est.),15,28960
congress,3,surname,All others (est.),17,219
congress,3,surname,All others (est.),18,187
congress,3,surname,All others (est.),19,449
congress,3,surname,All others (est.),20,147
congress,3,surname,All others (est.),21,482
congress,3,surname,All others (est.),22,31
congress,3,surname,All others (est.),23,47
congress,3,surname,All others (est.),24,33
congress,3,surname,All others (est.),25,159
congress,3,surname,All others (est.),26,95
congress,3,surname,All others (est.),27,74
congress,3,surname,All others (est.),28,43
congress,3,surname,All others (est.),29,125
congress,3,surname,All others (est.),31,76
congress,3,surname,All others (est.),32,43
congress,3,surname,All others (est.),33,38
congress,3,surname,All others (est.),34,43
congress,3,surname,All others (est.),35,65
congress,3,surname,All others (est.),36,8
congress,3,surname,All others (est.),37,14
congress,3,surname,Asian (est.),4,3061
congress,3,surname,Asian (est.),5,1782
congress,3,surname,Asian (est.),6,1665
congress,3,surname,Asian (est.),7,1617
congress,3,surname,Asian (est.),8,1720
congress,3,surname,Asian (est.),9,1056
congress,3,surname,Asian (est.),10,2199
congress,3,surname,Asian (est.),11,1994
congress,3,surname,Asian (est.),12,1465
congress,3,surname,Asian (est.),13,1503
congress,3,surname,Asian (est.),14,1594
congress,3,surname,Asian (est.),15,1587
congress,3,surname,Asian (est.),17,15
congress,3,surname,Asian (est.),18,8
congress,3,surname,Asian (est.),19,27
congress,3,surname,Asian (est.),20,9
congress,3,surname,Asian (est.),21,28
congress,3,surname,Asian (est.),23,3
congress,3,surname,Asian (est.),24,2
congress,3,surname,Asian (est.),25,9
congress,3,surname,Asian (est.),26,2
congress,3,surname,Asian (est.),27,2
congress,3,surname,Asian (est.),28,2
congress,3,surname,Asian (est.),29,6
congress,3,surname,Asian (est.),31,5
congress,3,surname,Asian (est.),32,2
congress,3,surname,Asian (est.),33,3
congress,3,surname,Asian (est.),34,1
congress,3,surname,Asian (est.),35,1
congress,3,surname,Asian (est.),37,1
congress,3,surname,Hispanic (est.),4,4229
congress,3,surname,Hispanic (est.),5,2383
congress,3,surname,Hispanic (est.),6,2461
congress,3,surname,Hispanic (est.),7,2538
congress,3,surname,Hispanic (est.),8,2701
congress,3,surname,Hispanic (est.),9,1244
congress,3,surname,Hispanic (est.),10,3167
congress,3,surname,Hispanic (est.),11,3198
congress,3,surname,Hispanic (est.),12,2487
congress,3,surname,Hispanic (est.),13,2521
congress,3,surname,Hispanic (est.),14,2701
congress,3,surname,Hispanic (est.),15,2971
congress,3,surname,Hispanic (est.),17,20
congress,3,surname,Hispanic (est.),18,13
congress,3,surname,Hispanic (est.),19,36
congress,3,surname,Hispanic (est.),20,13
congress,3,surname,Hispanic (est.),21,37
congress,3,surname,Hispanic (est.),22,3
congress,3,surname,Hispanic (est.),23,4
congress,3,surname,Hispanic (est.),24,5
congress,3,surname,Hispanic (est.),25,7
congress,3,surname,Hispanic (est.),26,4
congress,3,surname,Hispanic (est.),27,4
congress,3,surname,Hispanic (est.),28,1
congress,3,surname,Hispanic (est.),29,9
congress,3,surname,Hispanic (est.),31,7
congress,3,surname,Hispanic (est.),32,2
congress,3,surname,Hispanic (est.),33,3
congress,3,surname,Hispanic (est.),34,3
congress,3,surname,Hispanic (est.),35,3
congress,30,surname,All others (est.),4,16371
congress,30,surname,All others (est.),5,11136
congress,30,surname,All others (est.),6,11453
congress,30,surname,All others (est.),7,11474
congress,30,surname,All others (est.),8,13574
congress,30,surname,All others (est.),9,5666
congress,30,surname,All others (est.),10,12595
congress,30,surname,All others (est.),11,13742
congress,30,surname,All others (est.),12,12856
congress,30,surname,All others (est.),13,14040
congress,30,surname,All others (est.),14,14753
congress,30,surname,All others (est.),15,14757
congress,30,surname,All others (est.),17,279
congress,30,surname,All others (est.),18,264
congress,30,surname,All others (est.),19,111
congress,30,surname,All others (est.),20,517
congress,30,surname,All others (est.),21,78
congress,30,surname,All others (est.),22,244
congress,30,surname,All others (est.),23,6
congress,30,surname,All others (est.),24,304
congress,30,surname,All others (est.),25,91
congress,30,surname,All others (est.),26,412
congress,30,surname,All others (est.),27,21
congress,30,surname,All others (est.),28,827
congress,30,surname,All others (est.),29,8
congress,30,surname,All others (est.),32,49
congress,30,surname,All others (est.),33,4
congress,30,surname,All others (est.),35,1
congress,30,surname,All others (est.),36,1
congress,30,surname,All others (est.),37,4
congress,30,surname,Asian (est.),4,1015
congress,30,surname,Asian (est.),5,771
congress,30,surname,Asian (est.),6,743
congress,30,surname,Asian (est.),7,812
congress,30,surname,Asian (est.),8,938
congress,30,surname,Asian (est.),9,537
congress,30,surname,Asian (est.),10,858
congress,30,surname,Asian (est.),11,787
congress,30,surname,Asian (est.),12,687
congress,30,surname,Asian (est.),13,729
congress,30,surname,Asian (est.),14,720
congress,30,surname,Asian (est.),15,709
congress,30,surname,Asian (est.),17,11
congress,30,surname,Asian (est.),18,6
congress,30,surname,Asian (est.),19,9
congress,30,surname,Asian (est.),20,18
congress,30,surname,Asian (est.),21,2
congress,30,surname,Asian (est.),22,10
congress,30,surname,Asian (est.),24,6
congress,30,surname,Asian (est.),25,5
congress,30,surname,Asian (est.),26,11
congress,30,surname,Asian (est.),27,3
congress,30,surname,Asian (est.),28,10
congress,30,surname,Asian (est.),29,2
congress,30,surname,Asian (est.),32,1
congress,30,surname,Asian (est.),36,1
congress,30,surname,Hispanic (est.),4,5356
congress,30,surname,Hispanic (est.),5,3008
congress,30,surname,Hispanic (est.),6,3115
congress,30,surname,Hispanic (est.),7,2733
congress,30,surname,Hispanic (est.),8,2935
congress,30,surname,Hispanic (est.),9,1305
congress,30,surname,Hispanic (est.),10,2916
congress,30,surname,Hispanic (est.),11,2648
congress,30,surname,Hispanic (est.),12,2217
congress,30,surname,Hispanic (est.),13,2244
congress,30,surname,Hispanic (est.),14,2185
congress,30,surname,Hispanic (est.),15,2042
congress,30,surname,Hispanic (est.),17,34
congress,30,surname,Hispanic (est.),18,27
congress,30,surname,Hispanic (est.),19,18
congress,30,surname,Hispanic (est.),20,58
congress,30,surname,Hispanic (est.),21,16
congress,30,surname,Hispanic (est.),22,21
congress,30,surname,Hispanic (est.),23,1
congress,30,surname,Hispanic (est.),24,25
congress,30,surname,Hispanic (est.),25,14
congress,30,surname,Hispanic (est.),26,43
congress,30,surname,Hispanic (est.),27,4
congress,30,surname,Hispanic (est.),28,62
congress,30,surname,Hispanic (est.),32,5
congress,30,surname,Hispanic (est.),37,2
congress,31,surname,All others (est.),4,20665
congress,31,surname,All others (est.),5,14429
congress,31,surname,All others (est.),6,15556
congress,31,surname,All others (est.),7,17048
congress,31,surname,All others (est.),8,20151
congress,31,surname,All others (est.),9,8555
congress,31,surname,All others (est.),10,17393
congress,31,surname,All others (est.),11,24562
congress,31,surname,All others (est.),12,24705
congress,31,surname,All others (est.),13,25705
congress,31,surname,All others (est.),14,26189
congress,31,surname,All others (est.),15,28168
congress,31,surname,All others (est.),16,2
congress,31,surname,All others (est.),17,3
congress,31,surname,All others (est.),18,716
congress,31,surname,All others (est.),19,868
congress,31,surname,All others (est.),20,859
congress,31,surname,All others (est.),21,563
congress,31,surname,All others (est.),22,328
congress,31,surname,All others (est.),25,99
congress,31,surname,All others (est.),26,99
congress,31,surname,All others (est.),27,129
congress,31,surname,All others (est.),28,186
congress,31,surname,All others (est.),29,102
congress,31,surname,All others (est.),32,133
congress,31,surname,All others (est.),33,23
congress,31,surname,All others (est.),34,99
congress,31,surname,All others (est.),35,40
congress,31,surname,All others (est.),36,154
congress,31,surname,All others (est.),37,72
congress,31,surname,Asian (est.),4,1064
congress,31,surname,Asian (est.),5,692
congress,31,surname,Asian (est.),6,681
congress,31,surname,Asian (est.),7,697
congress,31,surname,Asian (est.),8,813
congress,31,surname,Asian (est.),9,409
congress,31,surname,Asian (est.),10,797
congress,31,surname,Asian (est.),11,908
congress,31,surname,Asian (est.),12,811
congress,31,surname,Asian (est.),13,814
congress,31,surname,Asian (est.),14,759
congress,31,surname,Asian (est.),15,878
congress,31,surname,Asian (est.),18,16
congress,31,surname,Asian (est.),19,21
congress,31,surname,Asian (est.),20,22
congress,31,surname,Asian (est.),21,13
congress,31,surname,Asian (est.),22,7
congress,31,surname,Asian (est.),25,2
congress,31,surname,Asian (est.),26,1
congress,31,surname,Asian (est.),27,5
congress,31,surname,Asian (est.),28,4
congress,31,surname,Asian (est.),29,1
congress,31,surname,Asian (est.),32,1
congress,31,surname,Asian (est.),34,4
congress,31,surname,Asian (est.),35,2
congress,31,surname,Asian (est.),36,3
congress,31,surname,Asian (est.),37,2
congress,31,surname,Hispanic (est.),4,4414
congress,31,surname,Hispanic (est.),5,2899
congress,31,surname,Hispanic (est.),6,2987
congress,31,surname,Hispanic (est.),7,3078
congress,31,surname,Hispanic (est.),8,3373
congress,31,surname,Hispanic (est.),9,1655
congress,31,surname,Hispanic (est.),10,3220
congress,31,surname,Hispanic (est.),11,3985
congress,31,surname,Hispanic (est.),12,3537
congress,31,surname,Hispanic (est.),13,3557
congress,31,surname,Hispanic (est.),14,3606
congress,31,surname,Hispanic (est.),15,3987
congress,31,surname,Hispanic (est.),17,1
congress,31,surname,Hispanic (est.),18,71
congress,31,surname,Hispanic (est.),19,87
congress,31,surname,Hispanic (est.),20,97
congress,31,surname,Hispanic (est.),21,68
congress,31,surname,Hispanic (est.),22,25
congress,31,surname,Hispanic (est.),25,6
congress,31,surname,Hispanic (est.),26,14
congress,31,surname,Hispanic (est.),27,12
congress,31,surname,Hispanic (est.),28,14
congress,31,surname,Hispanic (est.),29,11
congress,31,surname,Hispanic (est.),32,13
congress,31,surname,Hispanic (est.),33,3
congress,31,surname,Hispanic (est.),34,15
congress,31,surname,Hispanic (est.),35,1
congress,31,surname,Hispanic (est.),36,17
congress,31,surname,Hispanic (est.),37,7
congress,32,surname,All others (est.),4,18199
congress,32,surname,All others (est.),5,12486
congress,32,surname,All others (est.),6,13370
congress,32,surname,All others (est.),7,14242
congress,32,surname,All others (est.),8,16813
congress,32,surname,All others (est.),9,6723
congress,32,surname,All others (est.),10,15756
congress,32,surname,All others (est.),11,19374
congress,32,surname,All others (est.),12,17508
congress,32,surname,All others (est.),13,18183
congress,32,surname,All others (est.),14,18910
congress,32,surname,All others (est.),15,19644
congress,32,surname,All others (est.),17,328
congress,32,surname,All others (est.),18,390
congress,32,surname,All others (est.),19,201
congress,32,surname,All others (est.),20,392
congress,32,surname,All others (est.),21,272
congress,32,surname,All others (est.),22,283
congress,32,surname,All others (est.),23,16
congress,32,surname,All others (est.),24,347
congress,32,surname,All others (est.),25,78
congress,32,surname,All others (est.),26,348
congress,32,surname,All others (est.),27,61
congress,32,surname,All others (est.),28,597
congress,32,surname,All others (est.),29,92
congress,32,surname,All others (est.),31,5
congress,32,surname,All others (est.),32,153
congress,32,surname,All others (est.),33,48
congress,32,surname,All others (est.),34,39
congress,32,surname,All others (est.),35,16
congress,32,surname,All others (est.),36,43
congress,32,surname,All others (est.),37,5
congress,32,surname,Asian (est.),4,1774
congress,32,surname,Asian (est.),5,1252
congress,32,surname,Asian (est.),6,1175
congress,32,surname,Asian (est.),7,1132
congress,32,surname,Asian (est.),8,1313
congress,32,surname,Asian (est.),9,713
congress,32,surname,Asian (est.),10,1468
congress,32,surname,Asian (est.),11,1347
congress,32,surname,Asian (est.),12,1087
congress,32,surname,Asian (est.),13,1129
congress,32,surname,Asian (est.),14,1159
congress,32,surname,Asian (est.),15,1266
congress,32,surname,Asian (est.),17,20
congress,32,surname,Asian (est.),18,15
congress,32,surname,Asian (est.),19,12
congress,32,surname,Asian (est.),20,20
congress,32,surname,Asian (est.),21,8
congress,32,surname,Asian (est.),22,17
congress,32,surname,Asian (est.),23,1
congress,32,surname,Asian (est.),24,19
congress,32,surname,Asian (est.),25,2
congress,32,surname,Asian (est.),26,16
congress,32,surname,Asian (est.),27,1
congress,32,surname,Asian (est.),28,34
congress,32,surname,Asian (est.),29,1
congress,32,surname,Asian (est.),31,1
congress,32,surname,Asian (est.),32,5
congress,32,surname,Asian (est.),33,1
congress,32,surname,Hispanic (est.),4,3994
congress,32,surname,Hispanic (est.),5,2482
congress,32,surname,Hispanic (est.),6,2528
congress,32,surname,Hispanic (est.),7,2405
congress,32,surname,Hispanic (est.),8,2639
congress,32,surname,Hispanic (est.),9,1262
congress,32,surname,Hispanic (est.),10,2833
congress,32,surname,Hispanic (est.),11,2529
congress,32,surname,Hispanic (est.),12,2206
congress,32,surname,Hispanic (est.),13,2141
congress,32,surname,Hispanic (est.),14,2254
congress,32,surname,Hispanic (est.),15,2281
congress,32,surname,Hispanic (est.),17,37
congress,32,surname,Hispanic (est.),18,23
congress,32,surname,Hispanic (est.),19,15
congress,32,surname,Hispanic (est.),20,34
congress,32,surname,Hispanic (est.),21,16
congress,32,surname,Hispanic (est.),22,21
congress,32,surname,Hispanic (est.),23,2
congress,32,surname,Hispanic (est.),24,26
congress,32,surname,Hispanic (est.),25,5
congress,32,surname,Hispanic (est.),26,23
congress,32,surname,Hispanic (est.),27,2
congress,32,surname,Hispanic (est.),28,58
congress,32,surname,Hispanic (est.),29,6
congress,32,surname,Hispanic (est.),32,15
congress,32,surname,Hispanic (est.),33,1
congress,32,surname,Hispanic (est.),34,1
congress,32,surname,Hispanic (est.),35,1
congress,32,surname,Hispanic (est.),36,1
congress,33,surname,All others (est.),4,11261
congress,33,surname,All others (est.),5,7645
congress,33,surname,All others (est.),6,7827
congress,33,surname,All others (est.),7,7688
congress,33,surname,All others (est.),8,8195
congress,33,surname,All others (est.),9,3438
congress,33,surname,All others (est.),10,7347
congress,33,surname,All others (est.),11,8602
congress,33,surname,All others (est.),12,7408
congress,33,surname,All others (est.),13,8055
congress,33,surname,All others (est.),14,8606
congress,33,surname,All others (est.),15,9198
congress,33,surname,All others (est.),17,187
congress,33,surname,All others (est.),18,156
congress,33,surname,All others (est.),19,19
congress,33,surname,All others (est.),20,312
congress,33,surname,All others (est.),22,199
congress,33,surname,All others (est.),23,8
congress,33,surname,All others (est.),24,241
congress,33,surname,All others (est.),25,14
congress,33,surname,All others (est.),26,215
congress,33,surname,All others (est.),27,2
congress,33,surname,All others (est.),28,431
congress,33,surname,All others (est.),29,2
congress,33,surname,All others (est.),32,98
congress,33,surname,Asian (est.),4,920
congress,33,surname,Asian (est.),5,594
congress,33,surname,Asian (est.),6,584
congress,33,surname,Asian (est.),7,529
congress,33,surname,Asian (est.),8,543
congress,33,surname,Asian (est.),9,346
congress,33,surname,Asian (est.),10,620
congress,33,surname,Asian (est.),11,562
congress,33,surname,Asian (est.),12,386
congress,33,surname,Asian (est.),13,436
congress,33,surname,Asian (est.),14,409
congress,33,surname,Asian (est.),15,430
congress,33,surname,Asian (est.),17,15
congress,33,surname,Asian (est.),18,6
congress,33,surname,Asian (est.),19,1
congress,33,surname,Asian (est.),20,18
congress,33,surname,Asian (est.),22,9
congress,33,surname,Asian (est.),23,1
congress,33,surname,Asian (est.),24,10
congress,33,surname,Asian (est.),25,1
congress,33,surname,Asian (est.),26,9
congress,33,surname,Asian (est.),28,15
congress,33,surname,Asian (est.),32,2
congress,33,surname,Hispanic (est.),4,6360
congress,33,surname,Hispanic (est.),5,3559
congress,33,surname,Hispanic (est.),6,3631
congress,33,surname,Hispanic (est.),7,3268
congress,33,surname,Hispanic (est.),8,3103
congress,33,surname,Hispanic (est.),9,1489
congress,33,surname,Hispanic (est.),10,3361
congress,33,surname,Hispanic (est.),11,2848
congress,33,surname,Hispanic (est.),12,2332
congress,33,surname,Hispanic (est.),13,2353
congress,33,surname,Hispanic (est.),14,2395
congress,33,surname,Hispanic (est.),15,2443
congress,33,surname,Hispanic (est.),17,22
congress,33,surname,Hispanic (est.),18,32
congress,33,surname,Hispanic (est.),19,3
congress,33,surname,Hispanic (est.),20,55
congress,33,surname,Hispanic (est.),22,34
congress,33,surname,Hispanic (est.),23,2
congress,33,surname,Hispanic (est.),24,38
congress,33,surname,Hispanic (est.),25,3
congress,33,surname,Hispanic (est.),26,42
congress,33,surname,Hispanic (est.),27,1
congress,33,surname,Hispanic (est.),28,89
congress,33,surname,Hispanic (est.),32,11
congress,34,surname,All others (est.),4,7055
congress,34,surname,All others (est.),5,4399
congress,34,surname,All others (est.),6,4875
congress,34,surname,All others (est.),7,5307
congress,34,surname,All others (est.),8,6081
congress,34,surname,All others (est.),9,865
congress,34,surname,All others (est.),10,5032
congress,34,surname,All others (est.),11,7300
congress,34,surname,All others (est.),12,7158
congress,34,surname,All others (est.),13,8232
congress,34,surname,All others (est.),14,9413
congress,34,surname,All others (est.),15,9753
congress,34,surname,All others (est.),17,100
congress,34,surname,All others (est.),18,212
congress,34,surname,All others (est.),19,371
congress,34,surname,All others (est.),20,452
congress,34,surname,All others (est.),21,250
congress,34,surname,All others (est.),22,74
congress,34,surname,All others (est.),23,77
congress,34,surname,All others (est.),25,276
congress,34,surname,All others (est.),26,282
congress,34,surname,All others (est.),27,62
congress,34,surname,All others (est.),28,91
congress,34,surname,All others (est.),29,2
congress,34,surname,All others (est.),32,4
congress,34,surname,All others (est.),33,4
congress,34,surname,All others (est.),34,6
congress,34,surname,All others (est.),35,4
congress,34,surname,All others (est.),36,4
congress,34,surname,All others (est.),37,2
congress,34,surname,Asian (est.),4,485
congress,34,surname,Asian (est.),5,283
congress,34,surname,Asian (est.),6,293
congress,34,surname,Asian (est.),7,292
congress,34,surname,Asian (est.),8,321
congress,34,surname,Asian (est.),9,70
congress,34,surname,Asian (est.),10,293
congress,34,surname,Asian (est.),11,365
congress,34,surname,Asian (est.),12,336
congress,34,surname,Asian (est.),13,376
congress,34,surname,Asian (est.),14,417
congress,34,surname,Asian (est.),15,447
congress,34,surname,Asian (est.),17,8
congress,34,surname,Asian (est.),18,9
congress,34,surname,Asian (est.),19,12
congress,34,surname,Asian (est.),20,21
congress,34,surname,Asian (est.),21,11
congress,34,surname,Asian (est.),22,2
congress,34,surname,Asian (est.),23,3
congress,34,surname,Asian (est.),25,8
congress,34,surname,Asian (est.),26,10
congress,34,surname,Asian (est.),27,2
congress,34,surname,Asian (est.),28,2
congress,34,surname,Asian (est.),33,1
congress,34,surname,Hispanic (est.),4,12858
congress,34,surname,Hispanic (est.),5,6766
congress,34,surname,Hispanic (est.),6,6993
congress,34,surname,Hispanic (est.),7,7217
congress,34,surname,Hispanic (est.),8,7863
congress,34,surname,Hispanic (est.),9,2286
congress,34,surname,Hispanic (est.),10,7491
congress,34,surname,Hispanic (est.),11,9438
congress,34,surname,Hispanic (est.),12,8621
congress,34,surname,Hispanic (est.),13,9519
congress,34,surname,Hispanic (est.),14,10629
congress,34,surname,Hispanic (est.),15,11694
congress,34,surname,Hispanic (est.),17,70
congress,34,surname,Hispanic (est.),18,202
congress,34,surname,Hispanic (est.),19,383
congress,34,surname,Hispanic (est.),20,349
congress,34,surname,Hispanic (est.),21,189
congress,34,surname,Hispanic (est.),22,46
congress,34,surname,Hispanic (est.),23,81
congress,34,surname,Hispanic (est.),25,259
congress,34,surname,Hispanic (est.),26,306
congress,34,surname,Hispanic (est.),27,44
congress,34,surname,Hispanic (est.),28,35
congress,34,surname,Hispanic (est.),29,1
congress,34,surname,Hispanic (est.),33,1
congress,34,surname,Hispanic (est.),36,2
congress,35,surname,All others (est.),4,13393
congress,35,surname,All others (est.),5,9769
congress,35,surname,All others (est.),6,10693
congress,35,surname,All others (est.),7,11411
congress,35,surname,All others (est.),8,12436
congress,35,surname,All others (est.),9,6003
congress,35,surname,All others (est.),10,10757
congress,35,surname,All others (est.),11,14444
congress,35,surname,All others (est.),12,13828
congress,35,surname,All others (est.),13,19126
congress,35,surname,All others (est.),14,10832
congress,35,surname,All others (est.),15,15132
congress,35,surname,All others (est.),17,232
congress,35,surname,All others (est.),18,355
congress,35,surname,All others (est.),19,239
congress,35,surname,All others (est.),20,189
congress,35,surname,All others (est.),21,184
congress,35,surname,All others (est.),22,218
congress,35,surname,All others (est.),24,92
congress,35,surname,All others (est.),25,178
congress,35,surname,All others (est.),26,243
congress,35,surname,All others (est.),27,190
congress,35,surname,All others (est.),28,339
congress,35,surname,All others (est.),29,82
congress,35,surname,All others (est.),31,8
congress,35,surname,All others (est.),32,79
congress,35,surname,All others (est.),33,170
congress,35,surname,All others (est.),34,20
congress,35,surname,All others (est.),35,189
congress,35,surname,All others (est.),36,22
congress,35,surname,All others (est.),37,27
congress,35,surname,Asian (est.),4,573
congress,35,surname,Asian (est.),5,423
congress,35,surname,Asian (est.),6,445
congress,35,surname,Asian (est.),7,476
congress,35,surname,Asian (est.),8,465
congress,35,surname,Asian (est.),9,229
congress,35,surname,Asian (est.),10,410
congress,35,surname,Asian (est.),11,475
congress,35,surname,Asian (est.),12,464
congress,35,surname,Asian (est.),13,608
congress,35,surname,Asian (est.),14,367
congress,35,surname,Asian (est.),15,493
congress,35,surname,Asian (est.),17,6
congress,35,surname,Asian (est.),18,9
congress,35,surname,Asian (est.),19,8
congress,35,surname,Asian (est.),20,6
congress,35,surname,Asian (est.),21,6
congress,35,surname,Asian (est.),22,7
congress,35,surname,Asian (est.),24,2
congress,35,surname,Asian (est.),25,6
congress,35,surname,Asian (est.),26,6
congress,35,surname,Asian (est.),27,5
congress,35,surname,Asian (est.),28,9
congress,35,surname,Asian (est.),29,4
congress,35,surname,Asian (est.),32,2
congress,35,surname,Asian (est.),33,4
congress,35,surname,Asian (est.),35,5
congress,35,surname,Asian (est.),36,1
congress,35,surname,Hispanic (est.),4,10414
congress,35,surname,Hispanic (est.),5,6479
congress,35,surname,Hispanic (est.),6,7246
congress,35,surname,Hispanic (est.),7,7014
congress,35,surname,Hispanic (est.),8,7397
congress,35,surname,Hispanic (est.),9,3705
congress,35,surname,Hispanic (est.),10,6901
congress,35,surname,Hispanic (est.),11,7858
congress,35,surname,Hispanic (est.),12,7025
congress,35,surname,Hispanic (est.),13,8224
congress,35,surname,Hispanic (est.),14,6310
congress,35,surname,Hispanic (est.),15,7861
congress,35,surname,Hispanic (est.),17,126
congress,35,surname,Hispanic (est.),18,162
congress,35,surname,Hispanic (est.),19,101
congress,35,surname,Hispanic (est.),20,159
congress,35,surname,Hispanic (est.),21,110
congress,35,surname,Hispanic (est.),22,60
congress,35,surname,Hispanic (est.),24,78
congress,35,surname,Hispanic (est.),25,132
congress,35,surname,Hispanic (est.),26,112
congress,35,surname,Hispanic (est.),27,61
congress,35,surname,Hispanic (est.),28,134
congress,35,surname,Hispanic (est.),29,65
congress,35,surname,Hispanic (est.),31,6
congress,35,surname,Hispanic (est.),32,24
congress,35,surname,Hispanic (est.),33,36
congress,35,surname,Hispanic (est.),34,5
congress,35,surname,Hispanic (est.),35,33
congress,35,surname,Hispanic (est.),36,3
congress,35,surname,Hispanic (est.),37,9
congress,36,surname,All others (est.),4,18485
congress,36,surname,All others (est.),5,10495
congress,36,surname,All others (est.),6,11518
congress,36,surname,All others (est.),7,13092
congress,36,surname,All others (est.),8,15479
congress,36,surname,All others (est.),9,5635
congress,36,surname,All others (est.),10,11088
congress,36,surname,All others (est.),11,20758
congress,36,surname,All others (est.),12,18810
congress,36,surname,All others (est.),13,21473
congress,36,surname,All others (est.),14,24074
congress,36,surname,All others (est.),15,27706
congress,36,surname,All others (est.),16,1
congress,36,surname,All others (est.),17,185
congress,36,surname,All others (est.),18,452
congress,36,surname,All others (est.),19,278
congress,36,surname,All others (est.),20,354
congress,36,surname,All others (est.),21,519
congress,36,surname,All others (est.),22,146
congress,36,surname,All others (est.),24,60
congress,36,surname,All others (est.),25,255
congress,36,surname,All others (est.),26,320
congress,36,surname,All others (est.),27,177
congress,36,surname,All others (est.),28,246
congress,36,surname,All others (est.),29,317
congress,36,surname,All others (est.),32,217
congress,36,surname,All others (est.),33,127
congress,36,surname,All others (est.),34,198
congress,36,surname,All others (est.),35,79
congress,36,surname,All others (est.),36,42
congress,36,surname,All others (est.),37,4
congress,36,surname,Asian (est.),4,1479
congress,36,surname,Asian (est.),5,910
congress,36,surname,Asian (est.),6,938
congress,36,surname,Asian (est.),7,1000
congress,36,surname,Asian (est.),8,1125
congress,36,surname,Asian (est.),9,648
congress,36,surname,Asian (est.),10,1012
congress,36,surname,Asian (est.),11,1346
congress,36,surname,Asian (est.),12,1150
congress,36,surname,Asian (est.),13,1252
congress,36,surname,Asian (est.),14,1295
congress,36,surname,Asian (est.),15,1494
congress,36,surname,Asian (est.),17,7
congress,36,surname,Asian (est.),18,13
congress,36,surname,Asian (est.),19,6
congress,36,surname,Asian (est.),20,14
congress,36,surname,Asian (est.),21,17
congress,36,surname,Asian (est.),22,8
congress,36,surname,Asian (est.),24,7
congress,36,surname,Asian (est.),25,11
congress,36,surname,Asian (est.),26,19
congress,36,surname,Asian (est.),27,10
congress,36,surname,Asian (est.),28,19
congress,36,surname,Asian (est.),29,12
congress,36,surname,Asian (est.),32,7
congress,36,surname,Asian (est.),33,7
congress,36,surname,Asian (est.),34,10
congress,36,surname,Asian (est.),35,1
congress,36,surname,Asian (est.),36,1
congress,36,surname,Hispanic (est.),4,4789
congress,36,surname,Hispanic (est.),5,2623
congress,36,surname,Hispanic (est.),6,2594
congress,36,surname,Hispanic (est.),7,2853
congress,36,surname,Hispanic (est.),8,2982
congress,36,surname,Hispanic (est.),9,1306
congress,36,surname,Hispanic (est.),10,2503
congress,36,surname,Hispanic (est.),11,3739
congress,36,surname,Hispanic (est.),12,2922
congress,36,surname,Hispanic (est.),13,3310
congress,36,surname,Hispanic (est.),14,3439
congress,36,surname,Hispanic (est.),15,3836
congress,36,surname,Hispanic (est.),17,15
congress,36,surname,Hispanic (est.),18,36
congress,36,surname,Hispanic (est.),19,19
congress,36,surname,Hispanic (est.),20,39
congress,36,surname,Hispanic (est.),21,29
congress,36,surname,Hispanic (est.),22,17
congress,36,surname,Hispanic (est.),24,11
congress,36,surname,Hispanic (est.),25,28
congress,36,surname,Hispanic (est.),26,40
congress,36,surname,Hispanic (est.),27,18
congress,36,surname,Hispanic (est.),28,39
congress,36,surname,Hispanic (est.),29,40
congress,36,surname,Hispanic (est.),32,25
congress,36,surname,Hispanic (est.),33,21
congress,36,surname,Hispanic (est.),34,18
congress,36,surname,Hispanic (est.),35,3
congress,36,surname,Hispanic (est.),36,5
congress,36,surname,Hispanic (est.),37,1
congress,37,surname,All others (est.),4,21157
congress,37,surname,All others (est.),5,16554
congress,37,surname,All others (est.),6,17298
congress,37,surname,All others (est.),7,16568
congress,37,surname,All others (est.),8,17020
congress,37,surname,All others (est.),9,7591
congress,37,surname,All others (est.),10,12185
congress,37,surname,All others (est.),11,20392
congress,37,surname,All others (est.),12,19387
congress,37,surname,All others (est.),13,20296
congress,37,surname,All others (est.),14,20437
congress,37,surname,All others (est.),15,22312
congress,37,surname,All others (est.),18,593
congress,37,surname,All others (est.),19,994
congress,37,surname,All others (est.),20,101
congress,37,surname,All others (est.),21,1358
congress,37,surname,All others (est.),25,556
congress,37,surname,All others (est.),26,428
congress,37,surname,All others (est.),27,74
congress,37,surname,All others (est.),28,22
congress,37,surname,All others (est.),29,111
congress,37,surname,All others (est.),32,22
congress,37,surname,All others (est.),33,22
congress,37,surname,All others (est.),34,29
congress,37,surname,All others (est.),35,3
congress,37,surname,All others (est.),36,47
congress,37,surname,All others (est.),37,5
congress,37,surname,Asian (est.),4,2059
congress,37,surname,Asian (est.),5,1625
congress,37,surname,Asian (est.),6,1521
congress,37,surname,Asian (est.),7,1452
congress,37,surname,Asian (est.),8,1479
congress,37,surname,Asian (est.),9,737
congress,37,surname,Asian (est.),10,1177
congress,37,surname,Asian (est.),11,1732
congress,37,surname,Asian (est.),12,1444
congress,37,surname,Asian (est.),13,1452
congress,37,surname,Asian (est.),14,1412
congress,37,surname,Asian (est.),15,1565
congress,37,surname,Asian (est.),18,22
congress,37,surname,Asian (est.),19,30
congress,37,surname,Asian (est.),20,7
congress,37,surname,Asian (est.),21,50
congress,37,surname,Asian (est.),25,21
congress,37,surname,Asian (est.),26,17
congress,37,surname,Asian (est.),27,5
congress,37,surname,Asian (est.),28,3
congress,37,surname,Asian (est.),29,10
congress,37,surname,Asian (est.),32,1
congress,37,surname,Asian (est.),33,1
congress,37,surname,Asian (est.),34,2
congress,37,surname,Asian (est.),35,1
congress,37,surname,Asian (est.),36,3
congress,37,surname,Hispanic (est.),4,6689
congress,37,surname,Hispanic (est.),5,4621
congress,37,surname,Hispanic (est.),6,4581
congress,37,surname,Hispanic (est.),7,4224
congress,37,surname,Hispanic (est.),8,4147
congress,37,surname,Hispanic (est.),9,2121
congress,37,surname,Hispanic (est.),10,3328
congress,37,surname,Hispanic (est.),11,4906
congress,37,surname,Hispanic (est.),12,4465
congress,37,surname,Hispanic (est.),13,4805
congress,37,surname,Hispanic (est.),14,4611
congress,37,surname,Hispanic (est.),15,5208
congress,37,surname,Hispanic (est.),18,98
congress,37,surname,Hispanic (est.),19,163
congress,37,surname,Hispanic (est.),20,8
congress,37,surname,Hispanic (est.),21,204
congress,37,surname,Hispanic (est.),25,84
congress,37,surname,Hispanic (est.),26,94
congress,37,surname,Hispanic (est.),27,15
congress,37,surname,Hispanic (est.),28,3
congress,37,surname,Hispanic (est.),29,14
congress,37,surname,Hispanic (est.),32,2
congress,37,surname,Hispanic (est.),33,2
congress,37,surname,Hispanic (est.),34,4
congress,37,surname,Hispanic (est.),36,8
congress,38,surname,All others (est.),4,21422
congress,38,surname,All others (est.),5,15297
congress,38,surname,All others (est.),6,15797
congress,38,surname,All others (est.),7,17480
congress,38,surname,All others (est.),8,19084
congress,38,surname,All others (est.),9,8371
congress,38,surname,All others (est.),10,13610
congress,38,surname,All others (est.),11,23289
congress,38,surname,All others (est.),12,21484
congress,38,surname,All others (est.),13,22744
congress,38,surname,All others (est.),14,23348
congress,38,surname,All others (est.),15,23758
congress,38,surname,All others (est.),17,84
congress,38,surname,All others (est.),18,349
congress,38,surname,All others (est.),19,125
congress,38,surname,All others (est.),20,592
congress,38,surname,All others (est.),21,10
congress,38,surname,All others (est.),22,363
congress,38,surname,All others (est.),24,235
congress,38,surname,All others (est.),25,316
congress,38,surname,All others (est.),26,549
congress,38,surname,All others (est.),27,150
congress,38,surname,All others (est.),28,513
congress,38,surname,All others (est.),29,444
congress,38,surname,All others (est.),32,333
congress,38,surname,All others (est.),33,119
congress,38,surname,All others (est.),34,120
congress,38,surname,All others (est.),35,3
congress,38,surname,All others (est.),36,23
congress,38,surname,All others (est.),37,2
congress,38,surname,Asian (est.),4,2607
congress,38,surname,Asian (est.),5,1747
congress,38,surname,Asian (est.),6,1660
congress,38,surname,Asian (est.),7,1772
congress,38,surname,Asian (est.),8,1849
congress,38,surname,Asian (est.),9,1090
congress,38,surname,Asian (est.),10,1626
congress,38,surname,Asian (est.),11,2109
congress,38,surname,Asian (est.),12,1821
congress,38,surname,Asian (est.),13,1874
congress,38,surname,Asian (est.),14,1929
congress,38,surname,Asian (est.),15,1954
congress,38,surname,Asian (est.),17,4
congress,38,surname,Asian (est.),18,26
congress,38,surname,Asian (est.),19,9
congress,38,surname,Asian (est.),20,34
congress,38,surname,Asian (est.),22,25
congress,38,surname,Asian (est.),24,17
congress,38,surname,Asian (est.),25,19
congress,38,surname,Asian (est.),26,36
congress,38,surname,Asian (est.),27,15
congress,38,surname,Asian (est.),28,35
congress,38,surname,Asian (est.),29,17
congress,38,surname,Asian (est.),32,19
congress,38,surname,Asian (est.),33,4
congress,38,surname,Asian (est.),34,3
congress,38,surname,Asian (est.),36,1
congress,38,surname,Hispanic (est.),4,5865
congress,38,surname,Hispanic (est.),5,3684
congress,38,surname,Hispanic (est.),6,3543
congress,38,surname,Hispanic (est.),7,3733
congress,38,surname,Hispanic (est.),8,3907
congress,38,surname,Hispanic (est.),9,2010
congress,38,surname,Hispanic (est.),10,3313
congress,38,surname,Hispanic (est.),11,4595
congress,38,surname,Hispanic (est.),12,3875
congress,38,surname,Hispanic (est.),13,3858
congress,38,surname,Hispanic (est.),14,3904
congress,38,surname,Hispanic (est.),15,4044
congress,38,surname,Hispanic (est.),17,8
congress,38,surname,Hispanic (est.),18,34
congress,38,surname,Hispanic (est.),19,15
congress,38,surname,Hispanic (est.),20,60
congress,38,surname,Hispanic (est.),21,1
congress,38,surname,Hispanic (est.),22,34
congress,38,surname,Hispanic (est.),24,32
congress,38,surname,Hispanic (est.),25,28
congress,38,surname,Hispanic (est.),26,59
congress,38,surname,Hispanic (est.),27,15
congress,38,surname,Hispanic (est.),28,51
congress,38,surname,Hispanic (est.),29,46
congress,38,surname,Hispanic (est.),32,33
congress,38,surname,Hispanic (est.),33,16
congress,38,surname,Hispanic (est.),34,11
congress,38,surname,Hispanic (est.),36,1
congress,38,surname,Hispanic (est.),37,1
congress,4,surname,All others (est.),4,20488
congress,4,surname,All others (est.),5,14000
congress,4,surname,All others (est.),6,15183
congress,4,surname,All others (est.),7,17335
congress,4,surname,All others (est.),8,19469
congress,4,surname,All others (est.),9,8794
congress,4,surname,All others (est.),10,17391
congress,4,surname,All others (est.),11,24158
congress,4,surname,All others (est.),12,21896
congress,4,surname,All others (est.),13,23758
congress,4,surname,All others (est.),14,25570
congress,4,surname,All others (est.),15,26295
congress,4,surname,All others (est.),16,38
congress,4,surname,All others (est.),17,341
congress,4,surname,All others (est.),18,232
congress,4,surname,All others (est.),19,433
congress,4,surname,All others (est.),20,406
congress,4,surname,All others (est.),21,496
congress,4,surname,All others (est.),22,186
congress,4,surname,All others (est.),23,51
congress,4,surname,All others (est.),24,59
congress,4,surname,All others (est.),25,342
congress,4,surname,All others (est.),26,132
congress,4,surname,All others (est.),27,176
congress,4,surname,All others (est.),28,72
congress,4,surname,All others (est.),29,141
congress,4,surname,All others (est.),31,104
congress,4,surname,All others (est.),32,36
congress,4,surname,All others (est.),33,86
congress,4,surname,All others (est.),34,44
congress,4,surname,All others (est.),35,20
congress,4,surname,All others (est.),36,62
congress,4,surname,All others (est.),37,52
congress,4,surname,Asian (est.),4,3347
congress,4,surname,Asian (est.),5,1844
congress,4,surname,Asian (est.),6,1759
congress,4,surname,Asian (est.),7,1849
congress,4,surname,Asian (est.),8,2025
congress,4,surname,Asian (est.),9,1382
congress,4,surname,Asian (est.),10,2628
congress,4,surname,Asian (est.),11,2196
congress,4,surname,Asian (est.),12,1700
congress,4,surname,Asian (est.),13,1690
congress,4,surname,Asian (est.),14,1813
congress,4,surname,Asian (est.),15,1701
congress,4,surname,Asian (est.),16,1
congress,4,surname,Asian (est.),17,29
congress,4,surname,Asian (est.),18,11
congress,4,surname,Asian (est.),19,18
congress,4,surname,Asian (est.),20,15
congress,4,surname,Asian (est.),21,38
congress,4,surname,Asian (est.),22,3
congress,4,surname,Asian (est.),23,9
congress,4,surname,Asian (est.),24,4
congress,4,surname,Asian (est.),25,13
congress,4,surname,Asian (est.),26,3
congress,4,surname,Asian (est.),27,5
congress,4,surname,Asian (est.),28,1
congress,4,surname,Asian (est.),29,5
congress,4,surname,Asian (est.),31,9
congress,4,surname,Asian (est.),32,1
congress,4,surname,Asian (est.),33,4
congress,4,surname,Asian (est.),34,3
congress,4,surname,Asian (est.),36,5
congress,4,surname,Asian (est.),37,1
congress,4,surname,Hispanic (est.),4,2781
congress,4,surname,Hispanic (est.),5,1634
congress,4,surname,Hispanic (est.),6,1697
congress,4,surname,Hispanic (est.),7,1789
congress,4,surname,Hispanic (est.),8,2033
congress,4,surname,Hispanic (est.),9,1068
congress,4,surname,Hispanic (est.),10,2203
congress,4,surname,Hispanic (est.),11,2342
congress,4,surname,Hispanic (est.),12,2001
congress,4,surname,Hispanic (est.),13,2083
congress,4,surname,Hispanic (est.),14,2151
congress,4,surname,Hispanic (est.),15,2295
congress,4,surname,Hispanic (est.),16,2
congress,4,surname,Hispanic (est.),17,21
congress,4,surname,Hispanic (est.),18,12
congress,4,surname,Hispanic (est.),19,34
congress,4,surname,Hispanic (est.),20,23
congress,4,surname,Hispanic (est.),21,27
congress,4,surname,Hispanic (est.),22,9
congress,4,surname,Hispanic (est.),23,6
congress,4,surname,Hispanic (est.),24,7
congress,4,surname,Hispanic (est.),25,21
congress,4,surname,Hispanic (est.),26,5
congress,4,surname,Hispanic (est.),27,11
congress,4,surname,Hispanic (est.),28,4
congress,4,surname,Hispanic (est.),29,8
congress,4,surname,Hispanic (est.),31,9
congress,4,surname,Hispanic (est.),32,1
congress,4,surname,Hispanic (est.),33,5
congress,4,surname,Hispanic (est.),34,1
congress,4,surname,Hispanic (est.),36,4
congress,4,surname,Hispanic (est.),37,2
congress,5,surname,All others (est.),4,17309
congress,5,surname,All others (est.),5,12029
congress,5,surname,All others (est.),6,13288
congress,5,surname,All others (est.),7,14047
congress,5,surname,All others (est.),8,15687
congress,5,surname,All others (est.),9,6912
congress,5,surname,All others (est.),10,14591
congress,5,surname,All others (est.),11,16998
congress,5,surname,All others (est.),12,16007
congress,5,surname,All others (est.),13,16840
congress,5,surname,All others (est.),14,17342
congress,5,surname,All others (est.),15,18255
congress,5,surname,All others (est.),17,357
congress,5,surname,All others (est.),18,329
congress,5,surname,All others (est.),19,201
congress,5,surname,All others (est.),20,269
congress,5,surname,All others (est.),21,208
congress,5,surname,All others (est.),22,244
congress,5,surname,All others (est.),23,10
congress,5,surname,All others (est.),24,182
congress,5,surname,All others (est.),25,106
congress,5,surname,All others (est.),26,545
congress,5,surname,All others (est.),27,71
congress,5,surname,All others (est.),28,457
congress,5,surname,All others (est.),29,3
congress,5,surname,All others (est.),32,113
congress,5,surname,All others (est.),33,2
congress,5,surname,All others (est.),34,6
congress,5,surname,All others (est.),36,1
congress,5,surname,Asian (est.),4,777
congress,5,surname,Asian (est.),5,540
congress,5,surname,Asian (est.),6,529
congress,5,surname,Asian (est.),7,543
congress,5,surname,Asian (est.),8,543
congress,5,surname,Asian (est.),9,327
congress,5,surname,Asian (est.),10,638
congress,5,surname,Asian (est.),11,594
congress,5,surname,Asian (est.),12,480
congress,5,surname,Asian (est.),13,487
congress,5,surname,Asian (est.),14,455
congress,5,surname,Asian (est.),15,525
congress,5,surname,Asian (est.),17,7
congress,5,surname,Asian (est.),18,8
congress,5,surname,Asian (est.),19,3
congress,5,surname,Asian (est.),20,5
congress,5,surname,Asian (est.),21,2
congress,5,surname,Asian (est.),22,4
congress,5,surname,Asian (est.),24,4
congress,5,surname,Asian (est.),25,3
congress,5,surname,Asian (est.),26,13
congress,5,surname,Asian (est.),28,11
congress,5,surname,Asian (est.),32,5
congress,5,surname,Hispanic (est.),4,4253
congress,5,surname,Hispanic (est.),5,2482
congress,5,surname,Hispanic (est.),6,2643
congress,5,surname,Hispanic (est.),7,2449
congress,5,surname,Hispanic (est.),8,2548
congress,5,surname,Hispanic (est.),9,1238
congress,5,surname,Hispanic (est.),10,2818
congress,5,surname,Hispanic (est.),11,2388
congress,5,surname,Hispanic (est.),12,2086
congress,5,surname,Hispanic (est.),13,2003
congress,5,surname,Hispanic (est.),14,1994
congress,5,surname,Hispanic (est.),15,2053
congress,5,surname,Hispanic (est.),17,35
congress,5,surname,Hispanic (est.),18,27
congress,5,surname,Hispanic (est.),19,13
congress,5,surname,Hispanic (est.),20,14
congress,5,surname,Hispanic (est.),21,14
congress,5,surname,Hispanic (est.),22,18
congress,5,surname,Hispanic (est.),23,2
congress,5,surname,Hispanic (est.),24,26
congress,5,surname,Hispanic (est.),25,5
congress,5,surname,Hispanic (est.),26,49
congress,5,surname,Hispanic (est.),27,3
congress,5,surname,Hispanic (est.),28,43
congress,5,surname,Hispanic (est.),29,1
congress,5,surname,Hispanic (est.),32,15
congress,5,surname,Hispanic (est.),34,1
congress,6,surname,All others (est.),4,18915
congress,6,surname,All others (est.),5,13132
congress,6,surname,All others (est.),6,13359
congress,6,surname,All others (est.),7,15020
congress,6,surname,All others (est.),8,17286
congress,6,surname,All others (est.),9,6708
congress,6,surname,All others (est.),10,14204
congress,6,surname,All others (est.),11,19472
congress,6,surname,All others (est.),12,17639
congress,6,surname,All others (est.),13,19376
congress,6,surname,All others (est.),14,19931
congress,6,surname,All others (est.),15,20854
congress,6,surname,All others (est.),17,280
congress,6,surname,All others (est.),18,306
congress,6,surname,All others (est.),19,397
congress,6,surname,All others (est.),20,294
congress,6,surname,All others (est.),21,361
congress,6,surname,All others (est.),22,149
congress,6,surname,All others (est.),23,1
congress,6,surname,All others (est.),24,109
congress,6,surname,All others (est.),25,363
congress,6,surname,All others (est.),26,343
congress,6,surname,All others (est.),27,89
congress,6,surname,All others (est.),28,49
congress,6,surname,All others (est.),29,71
congress,6,surname,All others (est.),31,62
congress,6,surname,All others (est.),32,18
congress,6,surname,All others (est.),33,45
congress,6,surname,All others (est.),34,17
congress,6,surname,All others (est.),36,4
congress,6,surname,All others (est.),37,2
congress,6,surname,Asian (est.),4,1060
congress,6,surname,Asian (est.),5,625
congress,6,surname,Asian (est.),6,581
congress,6,surname,Asian (est.),7,602
congress,6,surname,Asian (est.),8,670
congress,6,surname,Asian (est.),9,372
congress,6,surname,Asian (est.),10,654
congress,6,surname,Asian (est.),11,654
congress,6,surname,Asian (est.),12,563
congress,6,surname,Asian (est.),13,592
congress,6,surname,Asian (est.),14,550
congress,6,surname,Asian (est.),15,615
congress,6,surname,Asian (est.),17,9
congress,6,surname,Asian (est.),18,10
congress,6,surname,Asian (est.),19,8
congress,6,surname,Asian (est.),20,9
congress,6,surname,Asian (est.),21,10
congress,6,surname,Asian (est.),22,6
congress,6,surname,Asian (est.),24,4
congress,6,surname,Asian (est.),25,8
congress,6,surname,Asian (est.),26,8
congress,6,surname,Asian (est.),27,2
congress,6,surname,Asian (est.),28,3
congress,6,surname,Asian (est.),29,1
congress,6,surname,Asian (est.),31,1
congress,6,surname,Asian (est.),32,1
congress,6,surname,Asian (est.),33,1
congress,6,surname,Asian (est.),34,1
congress,6,surname,Hispanic (est.),4,4965
congress,6,surname,Hispanic (est.),5,3066
congress,6,surname,Hispanic (est.),6,2843
congress,6,surname,Hispanic (est.),7,2840
congress,6,surname,Hispanic (est.),8,3036
congress,6,surname,Hispanic (est.),9,1383
congress,6,surname,Hispanic (est.),10,2742
congress,6,surname,Hispanic (est.),11,3156
congress,6,surname,Hispanic (est.),12,2395
congress,6,surname,Hispanic (est.),13,2628
congress,6,surname,Hispanic (est.),14,2500
congress,6,surname,Hispanic (est.),15,2734
congress,6,surname,Hispanic (est.),17,27
congress,6,surname,Hispanic (est.),18,29
congress,6,surname,Hispanic (est.),19,47
congress,6,surname,Hispanic (est.),20,24
congress,6,surname,Hispanic (est.),21,30
congress,6,surname,Hispanic (est.),22,19
congress,6,surname,Hispanic (est.),24,11
congress,6,surname,Hispanic (est.),25,25
congress,6,surname,Hispanic (est.),26,41
congress,6,surname,Hispanic (est.),27,11
congress,6,surname,Hispanic (est.),28,6
congress,6,surname,Hispanic (est.),29,7
congress,6,surname,Hispanic (est.),31,5
congress,6,surname,Hispanic (est.),32,3
congress,6,surname,Hispanic (est.),33,9
congress,6,surname,Hispanic (est.),34,2
congress,6,surname,Hispanic (est.),36,1
congress,7,surname,All others (est.),4,13856
congress,7,surname,All others (est.),5,9852
congress,7,surname,All others (est.),6,9993
congress,7,surname,All others (est.),7,10719
congress,7,surname,All others (est.),8,10754
congress,7,surname,All others (est.),9,4713
congress,7,surname,All others (est.),10,8522
congress,7,surname,All others (est.),11,13032
congress,7,surname,All others (est.),12,11981
congress,7,surname,All others (est.),13,12429
congress,7,surname,All others (est.),14,12701
congress,7,surname,All others (est.),15,13065
congress,7,surname,All others (est.),17,104
congress,7,surname,All others (est.),18,260
congress,7,surname,All others (est.),19,152
congress,7,surname,All others (est.),20,397
congress,7,surname,All others (est.),21,4
congress,7,surname,All others (est.),22,189
congress,7,surname,All others (est.),24,160
congress,7,surname,All others (est.),25,198
congress,7,surname,All others (est.),26,291
congress,7,surname,All others (est.),27,72
congress,7,surname,All others (est.),28,288
congress,7,surname,All others (est.),29,242
congress,7,surname,All others (est.),32,176
congress,7,surname,All others (est.),33,52
congress,7,surname,All others (est.),34,67
congress,7,surname,All others (est.),35,2
congress,7,surname,All others (est.),36,13
congress,7,surname,All others (est.),37,2
congress,7,surname,Asian (est.),4,3022
congress,7,surname,Asian (est.),5,2086
congress,7,surname,Asian (est.),6,2062
congress,7,surname,Asian (est.),7,2254
congress,7,surname,Asian (est.),8,2344
congress,7,surname,Asian (est.),9,1237
congress,7,surname,Asian (est.),10,2187
congress,7,surname,Asian (est.),11,2434
congress,7,surname,Asian (est.),12,2175
congress,7,surname,Asian (est.),13,2298
congress,7,surname,Asian (est.),14,2197
congress,7,surname,Asian (est.),15,2126
congress,7,surname,Asian (est.),17,19
congress,7,surname,Asian (est.),18,25
congress,7,surname,Asian (est.),19,23
congress,7,surname,Asian (est.),20,55
congress,7,surname,Asian (est.),22,21
congress,7,surname,Asian (est.),24,22
congress,7,surname,Asian (est.),25,10
congress,7,surname,Asian (est.),26,25
congress,7,surname,Asian (est.),27,12
congress,7,surname,Asian (est.),28,20
congress,7,surname,Asian (est.),29,23
congress,7,surname,Asian (est.),32,16
congress,7,surname,Asian (est.),33,4
congress,7,surname,Asian (est.),34,5
congress,7,surname,Asian (est.),35,1
congress,7,surname,Hispanic (est.),4,4252
congress,7,surname,Hispanic (est.),5,2787
congress,7,surname,Hispanic (est.),6,2648
congress,7,surname,Hispanic (est.),7,2782
congress,7,surname,Hispanic (est.),8,2736
congress,7,surname,Hispanic (est.),9,1268
congress,7,surname,Hispanic (est.),10,2383
congress,7,surname,Hispanic (est.),11,3151
congress,7,surname,Hispanic (est.),12,2618
congress,7,surname,Hispanic (est.),13,2629
congress,7,surname,Hispanic (est.),14,2602
congress,7,surname,Hispanic (est.),15,2690
congress,7,surname,Hispanic (est.),17,15
congress,7,surname,Hispanic (est.),18,23
congress,7,surname,Hispanic (est.),19,16
congress,7,surname,Hispanic (est.),20,59
congress,7,surname,Hispanic (est.),22,33
congress,7,surname,Hispanic (est.),24,26
congress,7,surname,Hispanic (est.),25,22
congress,7,surname,Hispanic (est.),26,31
congress,7,surname,Hispanic (est.),27,10
congress,7,surname,Hispanic (est.),28,32
congress,7,surname,Hispanic (est.),29,29
congress,7,surname,Hispanic (est.),32,21
congress,7,surname,Hispanic (est.),33,5
congress,7,surname,Hispanic (est.),34,6
congress,7,surname,Hispanic (est.),36,1
congress,8,surname,All others (est.),4,17582
congress,8,surname,All others (est.),5,13175
congress,8,surname,All others (est.),6,14693
congress,8,surname,All others (est.),7,16544
congress,8,surname,All others (est.),8,16746
congress,8,surname,All others (est.),9,8442
congress,8,surname,All others (est.),10,15592
congress,8,surname,All others (est.),11,16360
congress,8,surname,All others (est.),12,15666
congress,8,surname,All others (est.),13,15721
congress,8,surname,All others (est.),14,15620
congress,8,surname,All others (est.),15,16396
congress,8,surname,All others (est.),17,33
congress,8,surname,All others (est.),18,305
congress,8,surname,All others (est.),19,143
congress,8,surname,All others (est.),20,317
congress,8,surname,All others (est.),21,299
congress,8,surname,All others (est.),22,108
congress,8,surname,All others (est.),24,64
congress,8,surname,All others (est.),25,229
congress,8,surname,All others (est.),26,258
congress,8,surname,All others (est.),27,223
congress,8,surname,All others (est.),28,305
congress,8,surname,All others (est.),29,424
congress,8,surname,All others (est.),32,239
congress,8,surname,All others (est.),33,131
congress,8,surname,All others (est.),34,198
congress,8,surname,All others (est.),35,111
congress,8,surname,All others (est.),36,111
congress,8,surname,All others (est.),37,10
congress,8,surname,Asian (est.),4,1299
congress,8,surname,Asian (est.),5,917
congress,8,surname,Asian (est.),6,939
congress,8,surname,Asian (est.),7,1015
congress,8,surname,Asian (est.),8,1137
congress,8,surname,Asian (est.),9,708
congress,8,surname,Asian (est.),10,1030
congress,8,surname,Asian (est.),11,1043
congress,8,surname,Asian (est.),12,976
congress,8,surname,Asian (est.),13,1047
congress,8,surname,Asian (est.),14,980
congress,8,surname,Asian (est.),15,1079
congress,8,surname,Asian (est.),17,2
congress,8,surname,Asian (est.),18,12
congress,8,surname,Asian (est.),19,7
congress,8,surname,Asian (est.),20,26
congress,8,surname,Asian (est.),21,8
congress,8,surname,Asian (est.),22,10
congress,8,surname,Asian (est.),24,9
congress,8,surname,Asian (est.),25,11
congress,8,surname,Asian (est.),26,12
congress,8,surname,Asian (est.),27,10
congress,8,surname,Asian (est.),28,17
congress,8,surname,Asian (est.),29,11
congress,8,surname,Asian (est.),32,9
congress,8,surname,Asian (est.),33,3
congress,8,surname,Asian (est.),34,8
congress,8,surname,Asian (est.),35,2
congress,8,surname,Asian (est.),36,2
congress,8,surname,Hispanic (est.),4,5216
congress,8,surname,Hispanic (est.),5,3534
congress,8,surname,Hispanic (est.),6,3346
congress,8,surname,Hispanic (est.),7,3455
congress,8,surname,Hispanic (est.),8,3537
congress,8,surname,Hispanic (est.),9,1867
congress,8,surname,Hispanic (est.),10,3450
congress,8,surname,Hispanic (est.),11,3432
congress,8,surname,Hispanic (est.),12,2846
congress,8,surname,Hispanic (est.),13,2924
congress,8,surname,Hispanic (est.),14,2689
congress,8,surname,Hispanic (est.),15,2842
congress,8,surname,Hispanic (est.),17,5
congress,8,surname,Hispanic (est.),18,24
congress,8,surname,Hispanic (est.),19,14
congress,8,surname,Hispanic (est.),20,32
congress,8,surname,Hispanic (est.),21,27
congress,8,surname,Hispanic (est.),22,23
congress,8,surname,Hispanic (est.),24,7
congress,8,surname,Hispanic (est.),25,25
congress,8,surname,Hispanic (est.),26,27
congress,8,surname,Hispanic (est.),27,17
congress,8,surname,Hispanic (est.),28,25
congress,8,surname,Hispanic (est.),29,50
congress,8,surname,Hispanic (est.),32,29
congress,8,surname,Hispanic (est.),33,9
congress,8,surname,Hispanic (est.),34,18
congress,8,surname,Hispanic (est.),35,10
congress,8,surname,Hispanic (est.),36,10
congress,8,surname,Hispanic (est.),37,1
congress,9,surname,All others (est.),4,8474
congress,9,surname,All others (est.),5,5753
congress,9,surname,All others (est.),6,5691
congress,9,surname,All others (est.),7,6539
congress,9,surname,All others (est.),8,7152
congress,9,surname,All others (est.),9,2743
congress,9,surname,All others (est.),10,5366
congress,9,surname,All others (est.),11,9382
congress,9,surname,All others (est.),12,8813
congress,9,surname,All others (est.),13,10114
congress,9,surname,All others (est.),14,10842
congress,9,surname,All others (est.),15,12231
congress,9,surname,All others (est.),17,30
congress,9,surname,All others (est.),18,186
congress,9,surname,All others (est.),19,34
congress,9,surname,All others (est.),20,181
congress,9,surname,All others (est.),21,35
congress,9,surname,All others (est.),22,129
congress,9,surname,All others (est.),24,79
congress,9,surname,All others (est.),25,159
congress,9,surname,All others (est.),26,258
congress,9,surname,All others (est.),27,90
congress,9,surname,All others (est.),28,256
congress,9,surname,All others (est.),29,302
congress,9,surname,All others (est.),32,204
congress,9,surname,All others (est.),33,109
congress,9,surname,All others (est.),34,89
congress,9,surname,All others (est.),35,2
congress,9,surname,All others (est.),36,26
congress,9,surname,Asian (est.),4,482
congress,9,surname,Asian (est.),5,361
congress,9,surname,Asian (est.),6,317
congress,9,surname,Asian (est.),7,328
congress,9,surname,Asian (est.),8,362
congress,9,surname,Asian (est.),9,168
congress,9,surname,Asian (est.),10,295
congress,9,surname,Asian (est.),11,411
congress,9,surname,Asian (est.),12,363
congress,9,surname,Asian (est.),13,404
congress,9,surname,Asian (est.),14,391
congress,9,surname,Asian (est.),15,425
congress,9,surname,Asian (est.),17,1
congress,9,surname,Asian (est.),18,4
congress,9,surname,Asian (est.),19,2
congress,9,surname,Asian (est.),20,8
congress,9,surname,Asian (est.),22,3
congress,9,surname,Asian (est.),24,2
congress,9,surname,Asian (est.),25,6
congress,9,surname,Asian (est.),26,7
congress,9,surname,Asian (est.),27,2
congress,9,surname,Asian (est.),28,7
congress,9,surname,Asian (est.),29,8
congress,9,surname,Asian (est.),32,4
congress,9,surname,Asian (est.),33,2
congress,9,surname,Asian (est.),34,3
congress,9,surname,Hispanic (est.),4,7478
congress,9,surname,Hispanic (est.),5,4412
congress,9,surname,Hispanic (est.),6,3991
congress,9,surname,Hispanic (est.),7,4295
congress,9,surname,Hispanic (est.),8,3982
congress,9,surname,Hispanic (est.),9,1769
congress,9,surname,Hispanic (est.),10,3285
congress,9,surname,Hispanic (est.),11,4619
congress,9,surname,Hispanic (est.),12,3908
congress,9,surname,Hispanic (est.),13,4103
congress,9,surname,Hispanic (est.),14,3990
congress,9,surname,Hispanic (est.),15,4462
congress,9,surname,Hispanic (est.),17,10
congress,9,surname,Hispanic (est.),18,51
congress,9,surname,Hispanic (est.),19,10
congress,9,surname,Hispanic (est.),20,70
congress,9,surname,Hispanic (est.),21,2
congress,9,surname,Hispanic (est.),22,37
congress,9,surname,Hispanic (est.),24,32
congress,9,surname,Hispanic (est.),25,40
congress,9,surname,Hispanic (est.),26,69
congress,9,surname,Hispanic (est.),27,17
congress,9,surname,Hispanic (est.),28,87
congress,9,surname,Hispanic (est.),29,90
congress,9,surname,Hispanic (est.),32,49
congress,9,surname,Hispanic (est.),33,24
congress,9,surname,Hispanic (est.),34,28
congress,9,surname,Hispanic (est.),35,3
congress,9,surname,Hispanic (est.),36,3
congress,9,surname,Hispanic (est.),37,1
house,1,surname,All others (est.),4,4845
house,1,surname,All others (est.),5,3209
house,1,surname,All others (est.),6,3481
house,1,surname,All others (est.),7,4026
house,1,surname,All others (est.),8,4609
house,1,surname,All others (est.),9,1224
house,1,surname,All others (est.),10,3026
house,1,surname,All others (est.),11,6378
house,1,surname,All others (est.),12,5836
house,1,surname,All others (est.),13,6301
house,1,surname,All others (est.),14,6714
house,1,surname,All others (est.),15,7711
house,1,surname,All others (est.),18,103
house,1,surname,All others (est.),19,116
house,1,surname,All others (est.),20,71
house,1,surname,All others (est.),21,245
house,1,surname,All others (est.),25,70
house,1,surname,All others (est.),26,147
house,1,surname,All others (est.),27,140
house,1,surname,All others (est.),28,53
house,1,surname,All others (est.),29,204
house,1,surname,All others (est.),32,66
house,1,surname,All others (est.),33,87
house,1,surname,All others (est.),34,82
house,1,surname,All others (est.),35,20
house,1,surname,All others (est.),36,70
house,1,surname,All others (est.),37,136
house,1,surname,Asian (est.),4,72
house,1,surname,Asian (est.),5,49
house,1,surname,Asian (est.),6,50
house,1,surname,Asian (est.),7,63
house,1,surname,Asian (est.),8,72
house,1,surname,Asian (est.),9,19
house,1,surname,Asian (est.),10,39
house,1,surname,Asian (est.),11,94
house,1,surname,Asian (est.),12,64
house,1,surname,Asian (est.),13,84
house,1,surname,Asian (est.),14,81
house,1,surname,Asian (est.),15,88
house,1,surname,Asian (est.),18,1
house,1,surname,Asian (est.),19,1
house,1,surname,Asian (est.),20,1
house,1,surname,Asian (est.),21,2
house,1,surname,Asian (est.),26,1
house,1,surname,Asian (est.),27,1
house,1,surname,Asian (est.),28,1
house,1,surname,Asian (est.),29,2
house,1,surname,Asian (est.),33,1
house,1,surname,Asian (est.),34,1
house,1,surname,Asian (est.),35,1
house,1,surname,Asian (est.),36,1
house,1,surname,Asian (est.),37,3
house,1,surname,Hispanic (est.),4,300
house,1,surname,Hispanic (est.),5,172
house,1,surname,Hispanic (est.),6,194
house,1,surname,Hispanic (est.),7,219
house,1,surname,Hispanic (est.),8,265
house,1,surname,Hispanic (est.),9,60
house,1,surname,Hispanic (est.),10,156
house,1,surname,Hispanic (est.),11,310
house,1,surname,Hispanic (est.),12,264
house,1,surname,Hispanic (est.),13,282
house,1,surname,Hispanic (est.),14,298
house,1,surname,Hispanic (est.),15,336
house,1,surname,Hispanic (est.),18,4
house,1,surname,Hispanic (est.),19,4
house,1,surname,Hispanic (est.),20,3
house,1,surname,Hispanic (est.),21,8
house,1,surname,Hispanic (est.),25,4
house,1,surname,Hispanic (est.),26,4
house,1,surname,Hispanic (est.),27,4
house,1,surname,Hispanic (est.),28,2
house,1,surname,Hispanic (est.),29,9
house,1,surname,Hispanic (est.),32,3
house,1,surname,Hispanic (est.),33,4
house,1,surname,Hispanic (est.),34,6
house,1,surname,Hispanic (est.),35,1
house,1,surname,Hispanic (est.),36,3
house,1,surname,Hispanic (est.),37,5
house,10,surname,All others (est.),4,6654
house,10,surname,All others (est.),5,4758
house,10,surname,All others (est.),6,4115
house,10,surname,All others (est.),7,4797
house,10,surname,All others (est.),8,5616
house,10,surname,All others (est.),9,1983
house,10,surname,All others (est.),10,4403
house,10,surname,All others (est.),11,6947
house,10,surname,All others (est.),12,6204
house,10,surname,All others (est.),13,7016
house,10,surname,All others (est.),14,7619
house,10,surname,All others (est.),15,8229
house,10,surname,All others (est.),18,96
house,10,surname,All others (est.),19,128
house,10,surname,All others (est.),20,20
house,10,surname,All others (est.),21,123
house,10,surname,All others (est.),22,68
house,10,surname,All others (est.),25,88
house,10,surname,All others (est.),26,97
house,10,surname,All others (est.),27,14
house,10,surname,All others (est.),28,7
house,10,surname,All others (est.),29,37
house,10,surname,All others (est.),33,24
house,10,surname,Asian (est.),4,154
house,10,surname,Asian (est.),5,102
house,10,surname,Asian (est.),6,90
house,10,surname,Asian (est.),7,104
house,10,surname,Asian (est.),8,109
house,10,surname,Asian (est.),9,53
house,10,surname,Asian (est.),10,86
house,10,surname,Asian (est.),11,130
house,10,surname,Asian (est.),12,111
house,10,surname,Asian (est.),13,116
house,10,surname,Asian (est.),14,122
house,10,surname,Asian (est.),15,143
house,10,surname,Asian (est.),18,2
house,10,surname,Asian (est.),19,2
house,10,surname,Asian (est.),20,1
house,10,surname,Asian (est.),21,1
house,10,surname,Asian (est.),22,1
house,10,surname,Asian (est.),25,2
house,10,surname,Asian (est.),26,1
house,10,surname,Asian (est.),28,1
house,10,surname,Hispanic (est.),4,1538
house,10,surname,Hispanic (est.),5,963
house,10,surname,Hispanic (est.),6,724
house,10,surname,Hispanic (est.),7,788
house,10,surname,Hispanic (est.),8,932
house,10,surname,Hispanic (est.),9,407
house,10,surname,Hispanic (est.),10,763
house,10,surname,Hispanic (est.),11,1012
house,10,surname,Hispanic (est.),12,774
house,10,surname,Hispanic (est.),13,844
house,10,surname,Hispanic (est.),14,869
house,10,surname,Hispanic (est.),15,984
house,10,surname,Hispanic (est.),18,11
house,10,surname,Hispanic (est.),19,12
house,10,surname,Hispanic (est.),20,2
house,10,surname,Hispanic (est.),21,12
house,10,surname,Hispanic (est.),22,7
house,10,surname,Hispanic (est.),25,11
house,10,surname,Hispanic (est.),26,8
house,10,surname,Hispanic (est.),27,1
house,10,surname,Hispanic (est.),28,1
house,10,surname,Hispanic (est.),29,3
house,10,surname,Hispanic (est.),33,7
house,100,surname,All others (est.),4,2553
house,100,surname,All others (est.),5,1594
house,100,surname,All others (est.),6,1600
house,100,surname,All others (est.),7,1502
house,100,surname,All others (est.),8,1779
house,100,surname,All others (est.),9,704
house,100,surname,All others (est.),10,1565
house,100,surname,All others (est.),11,1775
house,100,surname,All others (est.),12,1595
house,100,surname,All others (est.),13,1655
house,100,surname,All others (est.),14,1966
house,100,surname,All others (est.),15,2141
house,100,surname,All others (est.),17,48
house,100,surname,All others (est.),18,31
house,100,surname,All others (est.),19,3
house,100,surname,All others (est.),20,89
house,100,surname,All others (est.),22,59
house,100,surname,All others (est.),23,1
house,100,surname,All others (est.),24,64
house,100,surname,All others (est.),25,1
house,100,surname,All others (est.),26,42
house,100,surname,All others (est.),28,161
house,100,surname,All others (est.),29,1
house,100,surname,All others (est.),32,29
house,100,surname,Asian (est.),4,126
house,100,surname,Asian (est.),5,84
house,100,surname,Asian (est.),6,68
house,100,surname,Asian (est.),7,78
house,100,surname,Asian (est.),8,71
house,100,surname,Asian (est.),9,38
house,100,surname,Asian (est.),10,74
house,100,surname,Asian (est.),11,80
house,100,surname,Asian (est.),12,51
house,100,surname,Asian (est.),13,71
house,100,surname,Asian (est.),14,64
house,100,surname,Asian (est.),15,53
house,100,surname,Asian (est.),17,3
house,100,surname,Asian (est.),19,1
house,100,surname,Asian (est.),20,5
house,100,surname,Asian (est.),22,1
house,100,surname,Asian (est.),24,1
house,100,surname,Asian (est.),26,3
house,100,surname,Asian (est.),28,4
house,100,surname,Asian (est.),32,1
house,100,surname,Hispanic (est.),4,1315
house,100,surname,Hispanic (est.),5,705
house,100,surname,Hispanic (est.),6,749
house,100,surname,Hispanic (est.),7,630
house,100,surname,Hispanic (est.),8,622
house,100,surname,Hispanic (est.),9,261
house,100,surname,Hispanic (est.),10,661
house,100,surname,Hispanic (est.),11,561
house,100,surname,Hispanic (est.),12,434
house,100,surname,Hispanic (est.),13,450
house,100,surname,Hispanic (est.),14,446
house,100,surname,Hispanic (est.),15,492
house,100,surname,Hispanic (est.),17,8
house,100,surname,Hispanic (est.),18,6
house,100,surname,Hispanic (est.),20,14
house,100,surname,Hispanic (est.),22,11
house,100,surname,Hispanic (est.),24,9
house,100,surname,Hispanic (est.),26,5
house,100,surname,Hispanic (est.),28,21
house,100,surname,Hispanic (est.),32,2
house,101,surname,All others (est.),4,3653
house,101,surname,All others (est.),5,2716
house,101,surname,All others (est.),6,2771
house,101,surname,All others (est.),7,2865
house,101,surname,All others (est.),8,3367
house,101,surname,All others (est.),9,1579
house,101,surname,All others (est.),10,3624
house,101,surname,All others (est.),11,3246
house,101,surname,All others (est.),12,2924
house,101,surname,All others (est.),13,2967
house,101,surname,All others (est.),14,2918
house,101,surname,All others (est.),15,2992
house,101,surname,All others (est.),17,87
house,101,surname,All others (est.),18,48
house,101,surname,All others (est.),19,81
house,101,surname,All others (est.),20,105
house,101,surname,All others (est.),21,70
house,101,surname,All others (est.),25,72
house,101,surname,All others (est.),26,74
house,101,surname,All others (est.),27,15
house,101,surname,All others (est.),28,2
house,101,surname,All others (est.),29,7
house,101,surname,All others (est.),32,6
house,101,surname,All others (est.),33,3
house,101,surname,All others (est.),36,1
house,101,surname,All others (est.),37,4
house,101,surname,Asian (est.),4,481
house,101,surname,Asian (est.),5,435
house,101,surname,Asian (est.),6,396
house,101,surname,Asian (est.),7,441
house,101,surname,Asian (est.),8,505
house,101,surname,Asian (est.),9,332
house,101,surname,Asian (est.),10,510
house,101,surname,Asian (est.),11,406
house,101,surname,Asian (est.),12,371
house,101,surname,Asian (est.),13,401
house,101,surname,Asian (est.),14,355
house,101,surname,Asian (est.),15,378
house,101,surname,Asian (est.),17,4
house,101,surname,Asian (est.),18,2
house,101,surname,Asian (est.),19,9
house,101,surname,Asian (est.),20,6
house,101,surname,Asian (est.),21,5
house,101,surname,Asian (est.),25,5
house,101,surname,Asian (est.),26,3
house,101,surname,Asian (est.),27,3
house,101,surname,Asian (est.),29,1
house,101,surname,Asian (est.),36,1
house,101,surname,Hispanic (est.),4,1282
house,101,surname,Hispanic (est.),5,769
house,101,surname,Hispanic (est.),6,742
house,101,surname,Hispanic (est.),7,755
house,101,surname,Hispanic (est.),8,816
house,101,surname,Hispanic (est.),9,437
house,101,surname,Hispanic (est.),10,865
house,101,surname,Hispanic (est.),11,684
house,101,surname,Hispanic (est.),12,650
house,101,surname,Hispanic (est.),13,565
house,101,surname,Hispanic (est.),14,555
house,101,surname,Hispanic (est.),15,514
house,101,surname,Hispanic (est.),17,13
house,101,surname,Hispanic (est.),18,6
house,101,surname,Hispanic (est.),19,13
house,101,surname,Hispanic (est.),20,17
house,101,surname,Hispanic (est.),21,13
house,101,surname,Hispanic (est.),25,12
house,101,surname,Hispanic (est.),26,12
house,101,surname,Hispanic (est.),27,4
house,101,surname,Hispanic (est.),37,2
house,102,surname,All others (est.),4,3146
house,102,surname,All others (est.),5,2189
house,102,surname,All others (est.),6,2275
house,102,surname,All others (est.),7,2303
house,102,surname,All others (est.),8,2486
house,102,surname,All others (est.),9,1124
house,102,surname,All others (est.),10,2373
house,102,surname,All others (est.),11,2598
house,102,surname,All others (est.),12,2432
house,102,surname,All others (est.),13,2455
house,102,surname,All others (est.),14,2649
house,102,surname,All others (est.),15,2608
house,102,surname,All others (est.),17,82
house,102,surname,All others (est.),18,83
house,102,surname,All others (est.),19,8
house,102,surname,All others (est.),20,113
house,102,surname,All others (est.),22,67
house,102,surname,All others (est.),23,4
house,102,surname,All others (est.),24,99
house,102,surname,All others (est.),25,3
house,102,surname,All others (est.),26,99
house,102,surname,All others (est.),27,2
house,102,surname,All others (est.),28,196
house,102,surname,All others (est.),29,1
house,102,surname,All others (est.),32,50
house,102,surname,Asian (est.),4,472
house,102,surname,Asian (est.),5,372
house,102,surname,Asian (est.),6,321
house,102,surname,Asian (est.),7,271
house,102,surname,Asian (est.),8,326
house,102,surname,Asian (est.),9,192
house,102,surname,Asian (est.),10,349
house,102,surname,Asian (est.),11,350
house,102,surname,Asian (est.),12,290
house,102,surname,Asian (est.),13,270
house,102,surname,Asian (est.),14,314
house,102,surname,Asian (est.),15,328
house,102,surname,Asian (est.),17,4
house,102,surname,Asian (est.),18,2
house,102,surname,Asian (est.),19,1
house,102,surname,Asian (est.),20,3
house,102,surname,Asian (est.),22,4
house,102,surname,Asian (est.),24,7
house,102,surname,Asian (est.),25,1
house,102,surname,Asian (est.),26,4
house,102,surname,Asian (est.),28,8
house,102,surname,Asian (est.),32,3
house,102,surname,Hispanic (est.),4,868
house,102,surname,Hispanic (est.),5,513
house,102,surname,Hispanic (est.),6,518
house,102,surname,Hispanic (est.),7,493
house,102,surname,Hispanic (est.),8,463
house,102,surname,Hispanic (est.),9,242
house,102,surname,Hispanic (est.),10,546
house,102,surname,Hispanic (est.),11,402
house,102,surname,Hispanic (est.),12,365
house,102,surname,Hispanic (est.),13,345
house,102,surname,Hispanic (est.),14,392
house,102,surname,Hispanic (est.),15,344
house,102,surname,Hispanic (est.),17,9
house,102,surname,Hispanic (est.),18,5
house,102,surname,Hispanic (est.),19,1
house,102,surname,Hispanic (est.),20,8
house,102,surname,Hispanic (est.),22,5
house,102,surname,Hispanic (est.),24,8
house,102,surname,Hispanic (est.),26,4
house,102,surname,Hispanic (est.),28,23
house,102,surname,Hispanic (est.),32,8
house,103,surname,All others (est.),4,2953
house,103,surname,All others (est.),5,1972
house,103,surname,All others (est.),6,2116
house,103,surname,All others (est.),7,2035
house,103,surname,All others (est.),8,2108
house,103,surname,All others (est.),9,1005
house,103,surname,All others (est.),10,2232
house,103,surname,All others (est.),11,2454
house,103,surname,All others (est.),12,2148
house,103,surname,All others (est.),13,2303
house,103,surname,All others (est.),14,2398
house,103,surname,All others (est.),15,2407
house,103,surname,All others (est.),17,43
house,103,surname,All others (est.),18,17
house,103,surname,All others (est.),19,4
house,103,surname,All others (est.),20,79
house,103,surname,All others (est.),22,44
house,103,surname,All others (est.),24,60
house,103,surname,All others (est.),25,5
house,103,surname,All others (est.),26,48
house,103,surname,All others (est.),28,126
house,103,surname,All others (est.),29,1
house,103,surname,All others (est.),32,12
house,103,surname,Asian (est.),4,272
house,103,surname,Asian (est.),5,210
house,103,surname,Asian (est.),6,170
house,103,surname,Asian (est.),7,177
house,103,surname,Asian (est.),8,176
house,103,surname,Asian (est.),9,112
house,103,surname,Asian (est.),10,199
house,103,surname,Asian (est.),11,187
house,103,surname,Asian (est.),12,139
house,103,surname,Asian (est.),13,164
house,103,surname,Asian (est.),14,135
house,103,surname,Asian (est.),15,142
house,103,surname,Asian (est.),17,3
house,103,surname,Asian (est.),18,2
house,103,surname,Asian (est.),20,3
house,103,surname,Asian (est.),22,4
house,103,surname,Asian (est.),24,1
house,103,surname,Asian (est.),26,2
house,103,surname,Asian (est.),28,6
house,103,surname,Hispanic (est.),4,1709
house,103,surname,Hispanic (est.),5,982
house,103,surname,Hispanic (est.),6,1031
house,103,surname,Hispanic (est.),7,888
house,103,surname,Hispanic (est.),8,853
house,103,surname,Hispanic (est.),9,453
house,103,surname,Hispanic (est.),10,1024
house,103,surname,Hispanic (est.),11,852
house,103,surname,Hispanic (est.),12,716
house,103,surname,Hispanic (est.),13,724
house,103,surname,Hispanic (est.),14,712
house,103,surname,Hispanic (est.),15,681
house,103,surname,Hispanic (est.),17,8
house,103,surname,Hispanic (est.),18,12
house,103,surname,Hispanic (est.),20,19
house,103,surname,Hispanic (est.),22,6
house,103,surname,Hispanic (est.),23,1
house,103,surname,Hispanic (est.),24,4
house,103,surname,Hispanic (est.),26,8
house,103,surname,Hispanic (est.),28,29
house,103,surname,Hispanic (est.),32,2
house,104,surname,All others (est.),4,1910
house,104,surname,All others (est.),5,1254
house,104,surname,All others (est.),6,1278
house,104,surname,All others (est.),7,1223
house,104,surname,All others (est.),8,1360
house,104,surname,All others (est.),9,570
house,104,surname,All others (est.),10,1272
house,104,surname,All others (est.),11,1500
house,104,surname,All others (est.),12,1358
house,104,surname,All others (est.),13,1473
house,104,surname,All others (est.),14,1715
house,104,surname,All others (est.),15,1941
house,104,surname,All others (est.),17,25
house,104,surname,All others (est.),18,34
house,104,surname,All others (est.),19,4
house,104,surname,All others (est.),20,49
house,104,surname,All others (est.),22,46
house,104,surname,All others (est.),23,4
house,104,surname,All others (est.),24,65
house,104,surname,All others (est.),25,2
house,104,surname,All others (est.),26,50
house,104,surname,All others (est.),28,36
house,104,surname,All others (est.),32,1
house,104,surname,Asian (est.),4,153
house,104,surname,Asian (est.),5,93
house,104,surname,Asian (est.),6,83
house,104,surname,Asian (est.),7,90
house,104,surname,Asian (est.),8,96
house,104,surname,Asian (est.),9,52
house,104,surname,Asian (est.),10,95
house,104,surname,Asian (est.),11,90
house,104,surname,Asian (est.),12,73
house,104,surname,Asian (est.),13,67
house,104,surname,Asian (est.),14,73
house,104,surname,Asian (est.),15,87
house,104,surname,Asian (est.),17,1
house,104,surname,Asian (est.),18,1
house,104,surname,Asian (est.),20,1
house,104,surname,Asian (est.),22,2
house,104,surname,Asian (est.),23,1
house,104,surname,Asian (est.),24,1
house,104,surname,Asian (est.),26,1
house,104,surname,Asian (est.),28,1
house,104,surname,Hispanic (est.),4,2265
house,104,surname,Hispanic (est.),5,1264
house,104,surname,Hispanic (est.),6,1302
house,104,surname,Hispanic (est.),7,1163
house,104,surname,Hispanic (est.),8,1124
house,104,surname,Hispanic (est.),9,541
house,104,surname,Hispanic (est.),10,1094
house,104,surname,Hispanic (est.),11,984
house,104,surname,Hispanic (est.),12,803
house,104,surname,Hispanic (est.),13,812
house,104,surname,Hispanic (est.),14,851
house,104,surname,Hispanic (est.),15,866
house,104,surname,Hispanic (est.),17,3
house,104,surname,Hispanic (est.),18,11
house,104,surname,Hispanic (est.),20,18
house,104,surname,Hispanic (est.),22,18
house,104,surname,Hispanic (est.),24,25
house,104,surname,Hispanic (est.),25,2
house,104,surname,Hispanic (est.),26,24
house,104,surname,Hispanic (est.),28,27
house,105,surname,All others (est.),4,2401
house,105,surname,All others (est.),5,1541
house,105,surname,All others (est.),6,1557
house,105,surname,All others (est.),7,1612
house,105,surname,All others (est.),8,1769
house,105,surname,All others (est.),9,731
house,105,surname,All others (est.),10,1702
house,105,surname,All others (est.),11,1919
house,105,surname,All others (est.),12,1649
house,105,surname,All others (est.),13,1901
house,105,surname,All others (est.),14,2065
house,105,surname,All others (est.),15,2505
house,105,surname,All others (est.),17,56
house,105,surname,All others (est.),18,41
house,105,surname,All others (est.),20,49
house,105,surname,All others (est.),22,65
house,105,surname,All others (est.),23,1
house,105,surname,All others (est.),24,75
house,105,surname,All others (est.),25,3
house,105,surname,All others (est.),26,72
house,105,surname,All others (est.),28,16
house,105,surname,All others (est.),29,1
house,105,surname,Asian (est.),4,504
house,105,surname,Asian (est.),5,221
house,105,surname,Asian (est.),6,226
house,105,surname,Asian (est.),7,208
house,105,surname,Asian (est.),8,243
house,105,surname,Asian (est.),9,134
house,105,surname,Asian (est.),10,266
house,105,surname,Asian (est.),11,199
house,105,surname,Asian (est.),12,145
house,105,surname,Asian (est.),13,160
house,105,surname,Asian (est.),14,129
house,105,surname,Asian (est.),15,174
house,105,surname,Asian (est.),17,4
house,105,surname,Asian (est.),18,4
house,105,surname,Asian (est.),20,2
house,105,surname,Asian (est.),22,6
house,105,surname,Asian (est.),24,4
house,105,surname,Asian (est.),26,4
house,105,surname,Asian (est.),28,1
house,105,surname,Hispanic (est.),4,1404
house,105,surname,Hispanic (est.),5,791
house,105,surname,Hispanic (est.),6,797
house,105,surname,Hispanic (est.),7,721
house,105,surname,Hispanic (est.),8,672
house,105,surname,Hispanic (est.),9,344
house,105,surname,Hispanic (est.),10,722
house,105,surname,Hispanic (est.),11,662
house,105,surname,Hispanic (est.),12,482
house,105,surname,Hispanic (est.),13,565
house,105,surname,Hispanic (est.),14,524
house,105,surname,Hispanic (est.),15,599
house,105,surname,Hispanic (est.),17,8
house,105,surname,Hispanic (est.),18,5
house,105,surname,Hispanic (est.),20,10
house,105,surname,Hispanic (est.),22,11
house,105,surname,Hispanic (est.),24,9
house,105,surname,Hispanic (est.),26,12
house,105,surname,Hispanic (est.),28,3
house,106,surname,All others (est.),4,6290
house,106,surname,All others (est.),5,4118
house,106,surname,All others (est.),6,4326
house,106,surname,All others (est.),7,4590
house,106,surname,All others (est.),8,5070
house,106,surname,All others (est.),9,2543
house,106,surname,All others (est.),10,4457
house,106,surname,All others (est.),11,7745
house,106,surname,All others (est.),12,6868
house,106,surname,All others (est.),13,7432
house,106,surname,All others (est.),14,8686
house,106,surname,All others (est.),15,9578
house,106,surname,All others (est.),16,112
house,106,surname,All others (est.),17,84
house,106,surname,All others (est.),18,70
house,106,surname,All others (est.),19,63
house,106,surname,All others (est.),20,62
house,106,surname,All others (est.),22,61
house,106,surname,All others (est.),24,83
house,106,surname,All others (est.),25,38
house,106,surname,All others (est.),26,95
house,106,surname,All others (est.),27,202
house,106,surname,All others (est.),28,7
house,106,surname,All others (est.),31,74
house,106,surname,All others (est.),32,5
house,106,surname,All others (est.),33,146
house,106,surname,Asian (est.),4,873
house,106,surname,Asian (est.),5,484
house,106,surname,Asian (est.),6,450
house,106,surname,Asian (est.),7,493
house,106,surname,Asian (est.),8,511
house,106,surname,Asian (est.),9,317
house,106,surname,Asian (est.),10,514
house,106,surname,Asian (est.),11,671
house,106,surname,Asian (est.),12,519
house,106,surname,Asian (est.),13,567
house,106,surname,Asian (est.),14,568
house,106,surname,Asian (est.),15,639
house,106,surname,Asian (est.),16,4
house,106,surname,Asian (est.),17,4
house,106,surname,Asian (est.),18,5
house,106,surname,Asian (est.),19,2
house,106,surname,Asian (est.),20,5
house,106,surname,Asian (est.),22,4
house,106,surname,Asian (est.),24,7
house,106,surname,Asian (est.),25,1
house,106,surname,Asian (est.),26,2
house,106,surname,Asian (est.),27,8
house,106,surname,Asian (est.),31,4
house,106,surname,Asian (est.),33,6
house,106,surname,Hispanic (est.),4,1094
house,106,surname,Hispanic (est.),5,625
house,106,surname,Hispanic (est.),6,672
house,106,surname,Hispanic (est.),7,634
house,106,surname,Hispanic (est.),8,724
house,106,surname,Hispanic (est.),9,398
house,106,surname,Hispanic (est.),10,695
house,106,surname,Hispanic (est.),11,1019
house,106,surname,Hispanic (est.),12,841
house,106,surname,Hispanic (est.),13,939
house,106,surname,Hispanic (est.),14,1032
house,106,surname,Hispanic (est.),15,1161
house,106,surname,Hispanic (est.),16,9
house,106,surname,Hispanic (est.),17,8
house,106,surname,Hispanic (est.),18,4
house,106,surname,Hispanic (est.),19,7
house,106,surname,Hispanic (est.),20,7
house,106,surname,Hispanic (est.),22,6
house,106,surname,Hispanic (est.),24,5
house,106,surname,Hispanic (est.),25,3
house,106,surname,Hispanic (est.),26,8
house,106,surname,Hispanic (est.),27,15
house,106,surname,Hispanic (est.),28,1
house,106,surname,Hispanic (est.),31,8
house,106,surname,Hispanic (est.),33,10
house,107,surname,All others (est.),4,1967
house,107,surname,All others (est.),5,1340
house,107,surname,All others (est.),6,1455
house,107,surname,All others (est.),7,1474
house,107,surname,All others (est.),8,1639
house,107,surname,All others (est.),9,605
house,107,surname,All others (est.),10,1478
house,107,surname,All others (est.),11,1550
house,107,surname,All others (est.),12,1591
house,107,surname,All others (est.),13,1694
house,107,surname,All others (est.),14,1814
house,107,surname,All others (est.),15,1915
house,107,surname,All others (est.),17,43
house,107,surname,All others (est.),18,57
house,107,surname,All others (est.),19,4
house,107,surname,All others (est.),20,52
house,107,surname,All others (est.),22,47
house,107,surname,All others (est.),23,1
house,107,surname,All others (est.),24,41
house,107,surname,All others (est.),26,55
house,107,surname,All others (est.),27,1
house,107,surname,All others (est.),28,143
house,107,surname,All others (est.),29,1
house,107,surname,All others (est.),32,50
house,107,surname,Asian (est.),4,120
house,107,surname,Asian (est.),5,86
house,107,surname,Asian (est.),6,76
house,107,surname,Asian (est.),7,78
house,107,surname,Asian (est.),8,72
house,107,surname,Asian (est.),9,54
house,107,surname,Asian (est.),10,89
house,107,surname,Asian (est.),11,73
house,107,surname,Asian (est.),12,66
house,107,surname,Asian (est.),13,68
house,107,surname,Asian (est.),14,95
house,107,surname,Asian (est.),15,85
house,107,surname,Asian (est.),17,1
house,107,surname,Asian (est.),18,1
house,107,surname,Asian (est.),20,1
house,107,surname,Asian (est.),22,1
house,107,surname,Asian (est.),24,1
house,107,surname,Asian (est.),26,2
house,107,surname,Asian (est.),28,3
house,107,surname,Asian (est.),32,3
house,107,surname,Hispanic (est.),4,1631
house,107,surname,Hispanic (est.),5,909
house,107,surname,Hispanic (est.),6,918
house,107,surname,Hispanic (est.),7,795
house,107,surname,Hispanic (est.),8,790
house,107,surname,Hispanic (est.),9,392
house,107,surname,Hispanic (est.),10,867
house,107,surname,Hispanic (est.),11,692
house,107,surname,Hispanic (est.),12,561
house,107,surname,Hispanic (est.),13,555
house,107,surname,Hispanic (est.),14,561
house,107,surname,Hispanic (est.),15,501
house,107,surname,Hispanic (est.),17,6
house,107,surname,Hispanic (est.),18,6
house,107,surname,Hispanic (est.),19,1
house,107,surname,Hispanic (est.),20,6
house,107,surname,Hispanic (est.),22,8
house,107,surname,Hispanic (est.),23,3
house,107,surname,Hispanic (est.),24,10
house,107,surname,Hispanic (est.),26,8
house,107,surname,Hispanic (est.),27,1
house,107,surname,Hispanic (est.),28,21
house,107,surname,Hispanic (est.),32,11
house,108,surname,All others (est.),4,7872
house,108,surname,All others (est.),5,5953
house,108,surname,All others (est.),6,6387
house,108,surname,All others (est.),7,6977
house,108,surname,All others (est.),8,7299
house,108,surname,All others (est.),9,2973
house,108,surname,All others (est.),10,5702
house,108,surname,All others (est.),11,7361
house,108,surname,All others (est.),12,6789
house,108,surname,All others (est.),13,7235
house,108,surname,All others (est.),14,6779
house,108,surname,All others (est.),15,6203
house,108,surname,All others (est.),17,210
house,108,surname,All others (est.),18,231
house,108,surname,All others (est.),19,22
house,108,surname,All others (est.),20,345
house,108,surname,All others (est.),22,185
house,108,surname,All others (est.),23,8
house,108,surname,All others (est.),24,294
house,108,surname,All others (est.),25,18
house,108,surname,All others (est.),26,197
house,108,surname,All others (est.),27,11
house,108,surname,All others (est.),28,400
house,108,surname,All others (est.),32,88
house,108,surname,All others (est.),37,1
house,108,surname,Asian (est.),4,465
house,108,surname,Asian (est.),5,284
house,108,surname,Asian (est.),6,300
house,108,surname,Asian (est.),7,314
house,108,surname,Asian (est.),8,292
house,108,surname,Asian (est.),9,184
house,108,surname,Asian (est.),10,399
house,108,surname,Asian (est.),11,324
house,108,surname,Asian (est.),12,271
house,108,surname,Asian (est.),13,292
house,108,surname,Asian (est.),14,264
house,108,surname,Asian (est.),15,253
house,108,surname,Asian (est.),17,7
house,108,surname,Asian (est.),18,10
house,108,surname,Asian (est.),19,3
house,108,surname,Asian (est.),20,17
house,108,surname,Asian (est.),22,5
house,108,surname,Asian (est.),24,10
house,108,surname,Asian (est.),25,1
house,108,surname,Asian (est.),26,4
house,108,surname,Asian (est.),28,9
house,108,surname,Asian (est.),32,4
house,108,surname,Hispanic (est.),4,823
house,108,surname,Hispanic (est.),5,557
house,108,surname,Hispanic (est.),6,576
house,108,surname,Hispanic (est.),7,574
house,108,surname,Hispanic (est.),8,595
house,108,surname,Hispanic (est.),9,282
house,108,surname,Hispanic (est.),10,630
house,108,surname,Hispanic (est.),11,681
house,108,surname,Hispanic (est.),12,584
house,108,surname,Hispanic (est.),13,623
house,108,surname,Hispanic (est.),14,569
house,108,surname,Hispanic (est.),15,545
house,108,surname,Hispanic (est.),17,13
house,108,surname,Hispanic (est.),18,15
house,108,surname,Hispanic (est.),19,2
house,108,surname,Hispanic (est.),20,22
house,108,surname,Hispanic (est.),22,9
house,108,surname,Hispanic (est.),24,20
house,108,surname,Hispanic (est.),25,1
house,108,surname,Hispanic (est.),26,10
house,108,surname,Hispanic (est.),28,23
house,108,surname,Hispanic (est.),32,7
house,109,surname,All others (est.),4,4899
house,109,surname,All others (est.),5,3208
house,109,surname,All others (est.),6,3382
house,109,surname,All others (est.),7,3320
house,109,surname,All others (est.),8,4066
house,109,surname,All others (est.),9,1756
house,109,surname,All others (est.),10,3612
house,109,surname,All others (est.),11,4108
house,109,surname,All others (est.),12,3941
house,109,surname,All others (est.),13,4249
house,109,surname,All others (est.),14,4562
house,109,surname,All others (est.),15,4382
house,109,surname,All others (est.),17,32
house,109,surname,All others (est.),18,63
house,109,surname,All others (est.),19,5
house,109,surname,All others (est.),20,111
house,109,surname,All others (est.),22,71
house,109,surname,All others (est.),23,1
house,109,surname,All others (est.),24,90
house,109,surname,All others (est.),25,1
house,109,surname,All others (est.),26,104
house,109,surname,All others (est.),28,241
house,109,surname,All others (est.),32,2
house,109,surname,Asian (est.),4,134
house,109,surname,Asian (est.),5,67
house,109,surname,Asian (est.),6,87
house,109,surname,Asian (est.),7,95
house,109,surname,Asian (est.),8,99
house,109,surname,Asian (est.),9,39
house,109,surname,Asian (est.),10,91
house,109,surname,Asian (est.),11,85
house,109,surname,Asian (est.),12,80
house,109,surname,Asian (est.),13,87
house,109,surname,Asian (est.),14,86
house,109,surname,Asian (est.),15,77
house,109,surname,Asian (est.),18,1
house,109,surname,Asian (est.),20,4
house,109,surname,Asian (est.),22,2
house,109,surname,Asian (est.),24,1
house,109,surname,Asian (est.),26,2
house,109,surname,Asian (est.),28,3
house,109,surname,Hispanic (est.),4,1238
house,109,surname,Hispanic (est.),5,703
house,109,surname,Hispanic (est.),6,725
house,109,surname,Hispanic (est.),7,584
house,109,surname,Hispanic (est.),8,711
house,109,surname,Hispanic (est.),9,262
house,109,surname,Hispanic (est.),10,632
house,109,surname,Hispanic (est.),11,624
house,109,surname,Hispanic (est.),12,503
house,109,surname,Hispanic (est.),13,536
house,109,surname,Hispanic (est.),14,511
house,109,surname,Hispanic (est.),15,411
house,109,surname,Hispanic (est.),17,4
house,109,surname,Hispanic (est.),18,8
house,109,surname,Hispanic (est.),19,1
house,109,surname,Hispanic (est.),20,9
house,109,surname,Hispanic (est.),22,2
house,109,surname,Hispanic (est.),24,8
house,109,surname,Hispanic (est.),26,14
house,109,surname,Hispanic (est.),27,1
house,109,surname,Hispanic (est.),28,22
house,109,surname,Hispanic (est.),32,3
house,11,surname,All others (est.),4,4404
house,11,surname,All others (est.),5,2685
house,11,surname,All others (est.),6,3041
house,11,surname,All others (est.),7,3511
house,11,surname,All others (est.),8,4188
house,11,surname,All others (est.),9,1687
house,11,surname,All others (est.),10,3390
house,11,surname,All others (est.),11,5233
house,11,surname,All others (est.),12,4886
house,11,surname,All others (est.),13,5410
house,11,surname,All others (est.),14,5934
house,11,surname,All others (est.),15,6540
house,11,surname,All others (est.),16,21
house,11,surname,All others (est.),17,31
house,11,surname,All others (est.),18,181
house,11,surname,All others (est.),19,144
house,11,surname,All others (est.),20,54
house,11,surname,All others (est.),21,222
house,11,surname,All others (est.),22,3
house,11,surname,All others (est.),25,140
house,11,surname,All others (est.),26,138
house,11,surname,All others (est.),27,20
house,11,surname,All others (est.),28,47
house,11,surname,All others (est.),29,125
house,11,surname,All others (est.),32,42
house,11,surname,All others (est.),33,83
house,11,surname,All others (est.),34,71
house,11,surname,All others (est.),35,2
house,11,surname,All others (est.),36,44
house,11,surname,All others (est.),37,71
house,11,surname,Asian (est.),4,80
house,11,surname,Asian (est.),5,53
house,11,surname,Asian (est.),6,48
house,11,surname,Asian (est.),7,49
house,11,surname,Asian (est.),8,66
house,11,surname,Asian (est.),9,26
house,11,surname,Asian (est.),10,49
house,11,surname,Asian (est.),11,66
house,11,surname,Asian (est.),12,69
house,11,surname,Asian (est.),13,72
house,11,surname,Asian (est.),14,80
house,11,surname,Asian (est.),15,107
house,11,surname,Asian (est.),18,2
house,11,surname,Asian (est.),19,3
house,11,surname,Asian (est.),20,1
house,11,surname,Asian (est.),21,2
house,11,surname,Asian (est.),25,1
house,11,surname,Asian (est.),26,2
house,11,surname,Asian (est.),27,1
house,11,surname,Asian (est.),28,1
house,11,surname,Asian (est.),29,1
house,11,surname,Asian (est.),33,1
house,11,surname,Asian (est.),34,1
house,11,surname,Asian (est.),36,1
house,11,surname,Hispanic (est.),4,520
house,11,surname,Hispanic (est.),5,266
house,11,surname,Hispanic (est.),6,253
house,11,surname,Hispanic (est.),7,318
house,11,surname,Hispanic (est.),8,313
house,11,surname,Hispanic (est.),9,148
house,11,surname,Hispanic (est.),10,278
house,11,surname,Hispanic (est.),11,374
house,11,surname,Hispanic (est.),12,321
house,11,surname,Hispanic (est.),13,321
house,11,surname,Hispanic (est.),14,374
house,11,surname,Hispanic (est.),15,420
house,11,surname,Hispanic (est.),16,1
house,11,surname,Hispanic (est.),17,1
house,11,surname,Hispanic (est.),18,8
house,11,surname,Hispanic (est.),19,7
house,11,surname,Hispanic (est.),20,2
house,11,surname,Hispanic (est.),21,12
house,11,surname,Hispanic (est.),25,7
house,11,surname,Hispanic (est.),26,4
house,11,surname,Hispanic (est.),27,1
house,11,surname,Hispanic (est.),28,1
house,11,surname,Hispanic (est.),29,5
house,11,surname,Hispanic (est.),32,2
house,11,surname,Hispanic (est.),33,3
house,11,surname,Hispanic (est.),34,6
house,11,surname,Hispanic (est.),36,3
house,11,surname,Hispanic (est.),37,3
house,110,surname,All others (est.),4,2118
house,110,surname,All others (est.),5,1438
house,110,surname,All others (est.),6,1413
house,110,surname,All others (est.),7,1330
house,110,surname,All others (est.),8,1387
house,110,surname,All others (est.),9,514
house,110,surname,All others (est.),10,1192
house,110,surname,All others (est.),11,1484
house,110,surname,All others (est.),12,1338
house,110,surname,All others (est.),13,1601
house,110,surname,All others (est.),14,1750
house,110,surname,All others (est.),15,2141
house,110,surname,All others (est.),17,43
house,110,surname,All others (est.),18,37
house,110,surname,All others (est.),19,1
house,110,surname,All others (est.),20,67
house,110,surname,All others (est.),22,39
house,110,surname,All others (est.),24,62
house,110,surname,All others (est.),25,1
house,110,surname,All others (est.),26,75
house,110,surname,All others (est.),28,219
house,110,surname,All others (est.),32,16
house,110,surname,Asian (est.),4,58
house,110,surname,Asian (est.),5,33
house,110,surname,Asian (est.),6,31
house,110,surname,Asian (est.),7,32
house,110,surname,Asian (est.),8,32
house,110,surname,Asian (est.),9,9
house,110,surname,Asian (est.),10,35
house,110,surname,Asian (est.),11,26
house,110,surname,Asian (est.),12,24
house,110,surname,Asian (est.),13,32
house,110,surname,Asian (est.),14,30
house,110,surname,Asian (est.),15,29
house,110,surname,Asian (est.),20,2
house,110,surname,Asian (est.),26,1
house,110,surname,Asian (est.),28,3
house,110,surname,Hispanic (est.),4,1213
house,110,surname,Hispanic (est.),5,635
house,110,surname,Hispanic (est.),6,646
house,110,surname,Hispanic (est.),7,599
house,110,surname,Hispanic (est.),8,525
house,110,surname,Hispanic (est.),9,222
house,110,surname,Hispanic (est.),10,537
house,110,surname,Hispanic (est.),11,444
house,110,surname,Hispanic (est.),12,358
house,110,surname,Hispanic (est.),13,345
house,110,surname,Hispanic (est.),14,367
house,110,surname,Hispanic (est.),15,351
house,110,surname,Hispanic (est.),17,6
house,110,surname,Hispanic (est.),18,4
house,110,surname,Hispanic (est.),20,6
house,110,surname,Hispanic (est.),22,4
house,110,surname,Hispanic (est.),24,2
house,110,surname,Hispanic (est.),26,4
house,110,surname,Hispanic (est.),28,11
house,110,surname,Hispanic (est.),32,2
house,111,surname,All others (est.),4,4147
house,111,surname,All others (est.),5,2738
house,111,surname,All others (est.),6,2832
house,111,surname,All others (est.),7,2863
house,111,surname,All others (est.),8,3530
house,111,surname,All others (est.),9,1312
house,111,surname,All others (est.),10,3091
house,111,surname,All others (est.),11,3658
house,111,surname,All others (est.),12,3458
house,111,surname,All others (est.),13,4077
house,111,surname,All others (est.),14,4256
house,111,surname,All others (est.),15,4254
house,111,surname,All others (est.),17,68
house,111,surname,All others (est.),18,78
house,111,surname,All others (est.),19,6
house,111,surname,All others (est.),20,145
house,111,surname,All others (est.),22,89
house,111,surname,All others (est.),23,4
house,111,surname,All others (est.),24,97
house,111,surname,All others (est.),25,4
house,111,surname,All others (est.),26,121
house,111,surname,All others (est.),27,3
house,111,surname,All others (est.),28,290
house,111,surname,All others (est.),32,16
house,111,surname,Asian (est.),4,165
house,111,surname,Asian (est.),5,104
house,111,surname,Asian (est.),6,109
house,111,surname,Asian (est.),7,122
house,111,surname,Asian (est.),8,142
house,111,surname,Asian (est.),9,74
house,111,surname,Asian (est.),10,114
house,111,surname,Asian (est.),11,138
house,111,surname,Asian (est.),12,93
house,111,surname,Asian (est.),13,114
house,111,surname,Asian (est.),14,120
house,111,surname,Asian (est.),15,113
house,111,surname,Asian (est.),17,2
house,111,surname,Asian (est.),18,2
house,111,surname,Asian (est.),19,1
house,111,surname,Asian (est.),20,4
house,111,surname,Asian (est.),22,6
house,111,surname,Asian (est.),24,3
house,111,surname,Asian (est.),25,1
house,111,surname,Asian (est.),26,5
house,111,surname,Asian (est.),28,3
house,111,surname,Hispanic (est.),4,1514
house,111,surname,Hispanic (est.),5,826
house,111,surname,Hispanic (est.),6,884
house,111,surname,Hispanic (est.),7,712
house,111,surname,Hispanic (est.),8,793
house,111,surname,Hispanic (est.),9,320
house,111,surname,Hispanic (est.),10,799
house,111,surname,Hispanic (est.),11,711
house,111,surname,Hispanic (est.),12,584
house,111,surname,Hispanic (est.),13,639
house,111,surname,Hispanic (est.),14,628
house,111,surname,Hispanic (est.),15,608
house,111,surname,Hispanic (est.),17,4
house,111,surname,Hispanic (est.),18,5
house,111,surname,Hispanic (est.),19,2
house,111,surname,Hispanic (est.),20,14
house,111,surname,Hispanic (est.),22,7
house,111,surname,Hispanic (est.),24,7
house,111,surname,Hispanic (est.),26,12
house,111,surname,Hispanic (est.),27,1
house,111,surname,Hispanic (est.),28,27
house,112,surname,All others (est.),4,5473
house,112,surname,All others (est.),5,3904
house,112,surname,All others (est.),6,4298
house,112,surname,All others (est.),7,4546
house,112,surname,All others (est.),8,5275
house,112,surname,All others (est.),9,2322
house,112,surname,All others (est.),10,4986
house,112,surname,All others (est.),11,6089
house,112,surname,All others (est.),12,5509
house,112,surname,All others (est.),13,5627
house,112,surname,All others (est.),14,5652
house,112,surname,All others (est.),15,5888
house,112,surname,All others (est.),17,132
house,112,surname,All others (est.),18,173
house,112,surname,All others (est.),19,11
house,112,surname,All others (est.),20,194
house,112,surname,All others (est.),22,152
house,112,surname,All others (est.),23,4
house,112,surname,All others (est.),24,161
house,112,surname,All others (est.),25,4
house,112,surname,All others (est.),26,153
house,112,surname,All others (est.),27,2
house,112,surname,All others (est.),28,284
house,112,surname,All others (est.),29,2
house,112,surname,All others (est.),32,40
house,112,surname,All others (est.),37,1
house,112,surname,Asian (est.),4,540
house,112,surname,Asian (est.),5,427
house,112,surname,Asian (est.),6,422
house,112,surname,Asian (est.),7,417
house,112,surname,Asian (est.),8,479
house,112,surname,Asian (est.),9,233
house,112,surname,Asian (est.),10,481
house,112,surname,Asian (est.),11,462
house,112,surname,Asian (est.),12,402
house,112,surname,Asian (est.),13,419
house,112,surname,Asian (est.),14,363
house,112,surname,Asian (est.),15,450
house,112,surname,Asian (est.),17,6
house,112,surname,Asian (est.),18,6
house,112,surname,Asian (est.),19,1
house,112,surname,Asian (est.),20,9
house,112,surname,Asian (est.),22,8
house,112,surname,Asian (est.),24,6
house,112,surname,Asian (est.),26,9
house,112,surname,Asian (est.),28,17
house,112,surname,Asian (est.),32,2
house,112,surname,Hispanic (est.),4,1061
house,112,surname,Hispanic (est.),5,695
house,112,surname,Hispanic (est.),6,716
house,112,surname,Hispanic (est.),7,636
house,112,surname,Hispanic (est.),8,778
house,112,surname,Hispanic (est.),9,390
house,112,surname,Hispanic (est.),10,814
house,112,surname,Hispanic (est.),11,736
house,112,surname,Hispanic (est.),12,674
house,112,surname,Hispanic (est.),13,617
house,112,surname,Hispanic (est.),14,640
house,112,surname,Hispanic (est.),15,704
house,112,surname,Hispanic (est.),17,10
house,112,surname,Hispanic (est.),18,13
house,112,surname,Hispanic (est.),19,3
house,112,surname,Hispanic (est.),20,16
house,112,surname,Hispanic (est.),22,8
house,112,surname,Hispanic (est.),24,11
house,112,surname,Hispanic (est.),25,2
house,112,surname,Hispanic (est.),26,9
house,112,surname,Hispanic (est.),28,23
house,112,surname,Hispanic (est.),32,3
house,113,surname,All others (est.),4,3432
house,113,surname,All others (est.),5,2285
house,113,surname,All others (est.),6,2613
house,113,surname,All others (est.),7,2586
house,113,surname,All others (est.),8,3008
house,113,surname,All others (est.),9,1314
house,113,surname,All others (est.),10,3054
house,113,surname,All others (est.),11,3234
house,113,surname,All others (est.),12,2957
house,113,surname,All others (est.),13,3241
house,113,surname,All others (est.),14,3293
house,113,surname,All others (est.),15,3339
house,113,surname,All others (est.),17,59
house,113,surname,All others (est.),18,71
house,113,surname,All others (est.),19,4
house,113,surname,All others (est.),20,67
house,113,surname,All others (est.),22,60
house,113,surname,All others (est.),23,4
house,113,surname,All others (est.),24,84
house,113,surname,All others (est.),25,2
house,113,surname,All others (est.),26,67
house,113,surname,All others (est.),28,166
house,113,surname,All others (est.),32,37
house,113,surname,Asian (est.),4,382
house,113,surname,Asian (est.),5,225
house,113,surname,Asian (est.),6,258
house,113,surname,Asian (est.),7,277
house,113,surname,Asian (est.),8,289
house,113,surname,Asian (est.),9,209
house,113,surname,Asian (est.),10,351
house,113,surname,Asian (est.),11,298
house,113,surname,Asian (est.),12,229
house,113,surname,Asian (est.),13,262
house,113,surname,Asian (est.),14,218
house,113,surname,Asian (est.),15,231
house,113,surname,Asian (est.),17,3
house,113,surname,Asian (est.),18,2
house,113,surname,Asian (est.),19,1
house,113,surname,Asian (est.),20,3
house,113,surname,Asian (est.),22,4
house,113,surname,Asian (est.),24,3
house,113,surname,Asian (est.),26,1
house,113,surname,Asian (est.),28,4
house,113,surname,Asian (est.),32,1
house,113,surname,Hispanic (est.),4,1401
house,113,surname,Hispanic (est.),5,833
house,113,surname,Hispanic (est.),6,930
house,113,surname,Hispanic (est.),7,864
house,113,surname,Hispanic (est.),8,811
house,113,surname,Hispanic (est.),9,389
house,113,surname,Hispanic (est.),10,840
house,113,surname,Hispanic (est.),11,714
house,113,surname,Hispanic (est.),12,617
house,113,surname,Hispanic (est.),13,612
house,113,surname,Hispanic (est.),14,604
house,113,surname,Hispanic (est.),15,578
house,113,surname,Hispanic (est.),17,12
house,113,surname,Hispanic (est.),18,10
house,113,surname,Hispanic (est.),19,1
house,113,surname,Hispanic (est.),20,8
house,113,surname,Hispanic (est.),22,6
house,113,surname,Hispanic (est.),24,14
house,113,surname,Hispanic (est.),26,15
house,113,surname,Hispanic (est.),28,15
house,113,surname,Hispanic (est.),32,5
house,114,surname,All others (est.),4,5535
house,114,surname,All others (est.),5,3874
house,114,surname,All others (est.),6,4005
house,114,surname,All others (est.),7,3841
house,114,surname,All others (est.),8,4072
house,114,surname,All others (est.),9,1608
house,114,surname,All others (est.),10,3329
house,114,surname,All others (est.),11,4156
house,114,surname,All others (est.),12,3533
house,114,surname,All others (est.),13,3753
house,114,surname,All others (est.),14,3739
house,114,surname,All others (est.),15,3663
house,114,surname,All others (est.),17,72
house,114,surname,All others (est.),18,69
house,114,surname,All others (est.),19,18
house,114,surname,All others (est.),20,144
house,114,surname,All others (est.),22,82
house,114,surname,All others (est.),23,10
house,114,surname,All others (est.),24,87
house,114,surname,All others (est.),25,7
house,114,surname,All others (est.),26,79
house,114,surname,All others (est.),27,1
house,114,surname,All others (est.),28,190
house,114,surname,All others (est.),29,3
house,114,surname,All others (est.),32,64
house,114,surname,Asian (est.),4,283
house,114,surname,Asian (est.),5,195
house,114,surname,Asian (est.),6,197
house,114,surname,Asian (est.),7,181
house,114,surname,Asian (est.),8,179
house,114,surname,Asian (est.),9,102
house,114,surname,Asian (est.),10,186
house,114,surname,Asian (est.),11,204
house,114,surname,Asian (est.),12,121
house,114,surname,Asian (est.),13,141
house,114,surname,Asian (est.),14,140
house,114,surname,Asian (est.),15,152
house,114,surname,Asian (est.),17,4
house,114,surname,Asian (est.),18,3
house,114,surname,Asian (est.),20,4
house,114,surname,Asian (est.),22,1
house,114,surname,Asian (est.),24,3
house,114,surname,Asian (est.),26,1
house,114,surname,Asian (est.),28,5
house,114,surname,Asian (est.),32,1
house,114,surname,Hispanic (est.),4,1214
house,114,surname,Hispanic (est.),5,737
house,114,surname,Hispanic (est.),6,731
house,114,surname,Hispanic (est.),7,729
house,114,surname,Hispanic (est.),8,674
house,114,surname,Hispanic (est.),9,352
house,114,surname,Hispanic (est.),10,729
house,114,surname,Hispanic (est.),11,635
house,114,surname,Hispanic (est.),12,535
house,114,surname,Hispanic (est.),13,567
house,114,surname,Hispanic (est.),14,503
house,114,surname,Hispanic (est.),15,583
house,114,surname,Hispanic (est.),17,9
house,114,surname,Hispanic (est.),18,7
house,114,surname,Hispanic (est.),19,4
house,114,surname,Hispanic (est.),20,14
house,114,surname,Hispanic (est.),22,5
house,114,surname,Hispanic (est.),23,1
house,114,surname,Hispanic (est.),24,3
house,114,surname,Hispanic (est.),25,1
house,114,surname,Hispanic (est.),26,9
house,114,surname,Hispanic (est.),28,23
house,114,surname,Hispanic (est.),32,4
house,115,surname,All others (est.),4,4299
house,115,surname,All others (est.),5,2998
house,115,surname,All others (est.),6,2914
house,115,surname,All others (est.),7,3094
house,115,surname,All others (est.),8,3535
house,115,surname,All others (est.),9,1685
house,115,surname,All others (est.),10,3689
house,115,surname,All others (est.),11,4134
house,115,surname,All others (est.),12,3657
house,115,surname,All others (est.),13,4055
house,115,surname,All others (est.),14,4410
house,115,surname,All others (est.),15,4220
house,115,surname,All others (est.),17,126
house,115,surname,All others (est.),18,89
house,115,surname,All others (est.),19,9
house,115,surname,All others (est.),20,119
house,115,surname,All others (est.),22,110
house,115,surname,All others (est.),23,8
house,115,surname,All others (est.),24,137
house,115,surname,All others (est.),25,5
house,115,surname,All others (est.),26,92
house,115,surname,All others (est.),27,3
house,115,surname,All others (est.),28,163
house,115,surname,All others (est.),32,12
house,115,surname,Asian (est.),4,1083
house,115,surname,Asian (est.),5,623
house,115,surname,Asian (est.),6,609
house,115,surname,Asian (est.),7,519
house,115,surname,Asian (est.),8,603
house,115,surname,Asian (est.),9,427
house,115,surname,Asian (est.),10,783
house,115,surname,Asian (est.),11,629
house,115,surname,Asian (est.),12,469
house,115,surname,Asian (est.),13,453
house,115,surname,Asian (est.),14,434
house,115,surname,Asian (est.),15,452
house,115,surname,Asian (est.),17,15
house,115,surname,Asian (est.),18,13
house,115,surname,Asian (est.),19,3
house,115,surname,Asian (est.),20,12
house,115,surname,Asian (est.),22,8
house,115,surname,Asian (est.),23,1
house,115,surname,Asian (est.),24,18
house,115,surname,Asian (est.),26,7
house,115,surname,Asian (est.),28,12
house,115,surname,Asian (est.),32,1
house,115,surname,Hispanic (est.),4,1036
house,115,surname,Hispanic (est.),5,639
house,115,surname,Hispanic (est.),6,594
house,115,surname,Hispanic (est.),7,566
house,115,surname,Hispanic (est.),8,612
house,115,surname,Hispanic (est.),9,391
house,115,surname,Hispanic (est.),10,789
house,115,surname,Hispanic (est.),11,701
house,115,surname,Hispanic (est.),12,536
house,115,surname,Hispanic (est.),13,578
house,115,surname,Hispanic (est.),14,661
house,115,surname,Hispanic (est.),15,622
house,115,surname,Hispanic (est.),17,16
house,115,surname,Hispanic (est.),18,7
house,115,surname,Hispanic (est.),19,5
house,115,surname,Hispanic (est.),20,8
house,115,surname,Hispanic (est.),22,12
house,115,surname,Hispanic (est.),23,1
house,115,surname,Hispanic (est.),24,11
house,115,surname,Hispanic (est.),26,10
house,115,surname,Hispanic (est.),28,19
house,115,surname,Hispanic (est.),32,1
house,116,surname,All others (est.),4,2303
house,116,surname,All others (est.),5,1834
house,116,surname,All others (est.),6,1993
house,116,surname,All others (est.),7,2068
house,116,surname,All others (est.),8,2008
house,116,surname,All others (est.),9,990
house,116,surname,All others (est.),10,1869
house,116,surname,All others (est.),11,1901
house,116,surname,All others (est.),12,1880
house,116,surname,All others (est.),13,1919
house,116,surname,All others (est.),14,1967
house,116,surname,All others (est.),15,1894
house,116,surname,All others (est.),17,51
house,116,surname,All others (est.),18,104
house,116,surname,All others (est.),19,30
house,116,surname,All others (est.),20,39
house,116,surname,All others (est.),21,57
house,116,surname,All others (est.),22,29
house,116,surname,All others (est.),24,20
house,116,surname,All others (est.),25,32
house,116,surname,All others (est.),26,51
house,116,surname,All others (est.),27,11
house,116,surname,All others (est.),28,35
house,116,surname,All others (est.),29,11
house,116,surname,All others (est.),31,7
house,116,surname,All others (est.),34,1
house,116,surname,All others (est.),35,2
house,116,surname,Asian (est.),4,209
house,116,surname,Asian (est.),5,159
house,116,surname,Asian (est.),6,202
house,116,surname,Asian (est.),7,193
house,116,surname,Asian (est.),8,175
house,116,surname,Asian (est.),9,80
house,116,surname,Asian (est.),10,152
house,116,surname,Asian (est.),11,143
house,116,surname,Asian (est.),12,122
house,116,surname,Asian (est.),13,147
house,116,surname,Asian (est.),14,128
house,116,surname,Asian (est.),15,121
house,116,surname,Asian (est.),17,1
house,116,surname,Asian (est.),18,5
house,116,surname,Asian (est.),19,1
house,116,surname,Asian (est.),20,1
house,116,surname,Asian (est.),21,2
house,116,surname,Asian (est.),22,1
house,116,surname,Asian (est.),24,1
house,116,surname,Asian (est.),25,3
house,116,surname,Asian (est.),26,3
house,116,surname,Asian (est.),27,1
house,116,surname,Asian (est.),28,1
house,116,surname,Hispanic (est.),4,2732
house,116,surname,Hispanic (est.),5,1893
house,116,surname,Hispanic (est.),6,2156
house,116,surname,Hispanic (est.),7,2126
house,116,surname,Hispanic (est.),8,2154
house,116,surname,Hispanic (est.),9,948
house,116,surname,Hispanic (est.),10,2004
house,116,surname,Hispanic (est.),11,1856
house,116,surname,Hispanic (est.),12,1921
house,116,surname,Hispanic (est.),13,1937
house,116,surname,Hispanic (est.),14,1980
house,116,surname,Hispanic (est.),15,1985
house,116,surname,Hispanic (est.),17,47
house,116,surname,Hispanic (est.),18,74
house,116,surname,Hispanic (est.),19,19
house,116,surname,Hispanic (est.),20,22
house,116,surname,Hispanic (est.),21,40
house,116,surname,Hispanic (est.),22,10
house,116,surname,Hispanic (est.),24,24
house,116,surname,Hispanic (est.),25,40
house,116,surname,Hispanic (est.),26,61
house,116,surname,Hispanic (est.),27,10
house,116,surname,Hispanic (est.),28,32
house,116,surname,Hispanic (est.),29,7
house,116,surname,Hispanic (est.),31,9
house,116,surname,Hispanic (est.),34,2
house,117,surname,All others (est.),4,2731
house,117,surname,All others (est.),5,1901
house,117,surname,All others (est.),6,2186
house,117,surname,All others (est.),7,2199
house,117,surname,All others (est.),8,2342
house,117,surname,All others (est.),9,1054
house,117,surname,All others (est.),10,2075
house,117,surname,All others (est.),11,2382
house,117,surname,All others (est.),12,2270
house,117,surname,All others (est.),13,2361
house,117,surname,All others (est.),14,2181
house,117,surname,All others (est.),15,2254
house,117,surname,All others (est.),17,79
house,117,surname,All others (est.),18,121
house,117,surname,All others (est.),19,30
house,117,surname,All others (est.),20,49
house,117,surname,All others (est.),21,49
house,117,surname,All others (est.),22,33
house,117,surname,All others (est.),24,52
house,117,surname,All others (est.),25,57
house,117,surname,All others (est.),26,69
house,117,surname,All others (est.),27,24
house,117,surname,All others (est.),28,46
house,117,surname,All others (est.),29,13
house,117,surname,All others (est.),31,1
house,117,surname,All others (est.),34,4
house,117,surname,All others (est.),35,3
house,117,surname,All others (est.),36,12
house,117,surname,All others (est.),37,1
house,117,surname,Asian (est.),4,189
house,117,surname,Asian (est.),5,132
house,117,surname,Asian (est.),6,118
house,117,surname,Asian (est.),7,142
house,117,surname,Asian (est.),8,146
house,117,surname,Asian (est.),9,64
house,117,surname,Asian (est.),10,129
house,117,surname,Asian (est.),11,119
house,117,surname,Asian (est.),12,119
house,117,surname,Asian (est.),13,136
house,117,surname,Asian (est.),14,127
house,117,surname,Asian (est.),15,118
house,117,surname,Asian (est.),17,5
house,117,surname,Asian (est.),18,4
house,117,surname,Asian (est.),19,1
house,117,surname,Asian (est.),20,2
house,117,surname,Asian (est.),21,2
house,117,surname,Asian (est.),24,4
house,117,surname,Asian (est.),25,2
house,117,surname,Asian (est.),26,1
house,117,surname,Asian (est.),27,1
house,117,surname,Asian (est.),28,1
house,117,surname,Asian (est.),29,1
house,117,surname,Asian (est.),35,1
house,117,surname,Hispanic (est.),4,3488
house,117,surname,Hispanic (est.),5,2174
house,117,surname,Hispanic (est.),6,2415
house,117,surname,Hispanic (est.),7,2455
house,117,surname,Hispanic (est.),8,2525
house,117,surname,Hispanic (est.),9,1295
house,117,surname,Hispanic (est.),10,2405
house,117,surname,Hispanic (est.),11,2278
house,117,surname,Hispanic (est.),12,2222
house,117,surname,Hispanic (est.),13,2289
house,117,surname,Hispanic (est.),14,2208
house,117,surname,Hispanic (est.),15,2242
house,117,surname,Hispanic (est.),17,58
house,117,surname,Hispanic (est.),18,52
house,117,surname,Hispanic (est.),19,24
house,117,surname,Hispanic (est.),20,37
house,117,surname,Hispanic (est.),21,28
house,117,surname,Hispanic (est.),22,15
house,117,surname,Hispanic (est.),24,30
house,117,surname,Hispanic (est.),25,47
house,117,surname,Hispanic (est.),26,49
house,117,surname,Hispanic (est.),27,11
house,117,surname,Hispanic (est.),28,41
house,117,surname,Hispanic (est.),29,22
house,117,surname,Hispanic (est.),31,3
house,117,surname,Hispanic (est.),35,2
house,117,surname,Hispanic (est.),36,1
house,118,surname,All others (est.),4,3398
house,118,surname,All others (est.),5,2462
house,118,surname,All others (est.),6,2529
house,118,surname,All others (est.),7,2902
house,118,surname,All others (est.),8,2974
house,118,surname,All others (est.),9,1353
house,118,surname,All others (est.),10,2612
house,118,surname,All others (est.),11,3104
house,118,surname,All others (est.),12,3031
house,118,surname,All others (est.),13,3247
house,118,surname,All others (est.),14,3261
house,118,surname,All others (est.),15,3318
house,118,surname,All others (est.),17,78
house,118,surname,All others (est.),18,98
house,118,surname,All others (est.),19,27
house,118,surname,All others (est.),20,44
house,118,surname,All others (est.),21,43
house,118,surname,All others (est.),22,21
house,118,surname,All others (est.),24,53
house,118,surname,All others (est.),25,77
house,118,surname,All others (est.),26,65
house,118,surname,All others (est.),27,27
house,118,surname,All others (est.),28,41
house,118,surname,All others (est.),29,24
house,118,surname,All others (est.),31,3
house,118,surname,All others (est.),34,3
house,118,surname,All others (est.),35,3
house,118,surname,All others (est.),36,6
house,118,surname,Asian (est.),4,158
house,118,surname,Asian (est.),5,109
house,118,surname,Asian (est.),6,123
house,118,surname,Asian (est.),7,133
house,118,surname,Asian (est.),8,138
house,118,surname,Asian (est.),9,63
house,118,surname,Asian (est.),10,121
house,118,surname,Asian (est.),11,118
house,118,surname,Asian (est.),12,122
house,118,surname,Asian (est.),13,127
house,118,surname,Asian (est.),14,125
house,118,surname,Asian (est.),15,123
house,118,surname,Asian (est.),17,3
house,118,surname,Asian (est.),18,3
house,118,surname,Asian (est.),19,1
house,118,surname,Asian (est.),20,1
house,118,surname,Asian (est.),21,1
house,118,surname,Asian (est.),22,2
house,118,surname,Asian (est.),24,1
house,118,surname,Asian (est.),25,3
house,118,surname,Asian (est.),26,2
house,118,surname,Asian (est.),27,1
house,118,surname,Asian (est.),28,2
house,118,surname,Asian (est.),29,1
house,118,surname,Hispanic (est.),4,3443
house,118,surname,Hispanic (est.),5,2125
house,118,surname,Hispanic (est.),6,2309
house,118,surname,Hispanic (est.),7,2293
house,118,surname,Hispanic (est.),8,2354
house,118,surname,Hispanic (est.),9,1097
house,118,surname,Hispanic (est.),10,2156
house,118,surname,Hispanic (est.),11,2412
house,118,surname,Hispanic (est.),12,2162
house,118,surname,Hispanic (est.),13,2111
house,118,surname,Hispanic (est.),14,2261
house,118,surname,Hispanic (est.),15,2524
house,118,surname,Hispanic (est.),17,40
house,118,surname,Hispanic (est.),18,51
house,118,surname,Hispanic (est.),19,15
house,118,surname,Hispanic (est.),20,22
house,118,surname,Hispanic (est.),21,27
house,118,surname,Hispanic (est.),22,10
house,118,surname,Hispanic (est.),24,39
house,118,surname,Hispanic (est.),25,43
house,118,surname,Hispanic (est.),26,35
house,118,surname,Hispanic (est.),27,11
house,118,surname,Hispanic (est.),28,35
house,118,surname,Hispanic (est.),29,26
house,118,surname,Hispanic (est.),31,1
house,119,surname,All others (est.),4,2386
house,119,surname,All others (est.),5,1763
house,119,surname,All others (est.),6,1976
house,119,surname,All others (est.),7,1882
house,119,surname,All others (est.),8,2030
house,119,surname,All others (est.),9,972
house,119,surname,All others (est.),10,1798
house,119,surname,All others (est.),11,2045
house,119,surname,All others (est.),12,2070
house,119,surname,All others (est.),13,2142
house,119,surname,All others (est.),14,2195
house,119,surname,All others (est.),15,2079
house,119,surname,All others (est.),17,84
house,119,surname,All others (est.),18,86
house,119,surname,All others (est.),19,39
house,119,surname,All others (est.),20,33
house,119,surname,All others (est.),21,43
house,119,surname,All others (est.),22,27
house,119,surname,All others (est.),24,22
house,119,surname,All others (est.),25,49
house,119,surname,All others (est.),26,49
house,119,surname,All others (est.),27,20
house,119,surname,All others (est.),28,20
house,119,surname,All others (est.),29,18
house,119,surname,All others (est.),31,2
house,119,surname,All others (est.),33,1
house,119,surname,All others (est.),34,4
house,119,surname,All others (est.),35,1
house,119,surname,All others (est.),36,1
house,119,surname,Asian (est.),4,143
house,119,surname,Asian (est.),5,109
house,119,surname,Asian (est.),6,117
house,119,surname,Asian (est.),7,109
house,119,surname,Asian (est.),8,95
house,119,surname,Asian (est.),9,49
house,119,surname,Asian (est.),10,99
house,119,surname,Asian (est.),11,92
house,119,surname,Asian (est.),12,95
house,119,surname,Asian (est.),13,108
house,119,surname,Asian (est.),14,89
house,119,surname,Asian (est.),15,108
house,119,surname,Asian (est.),17,2
house,119,surname,Asian (est.),18,2
house,119,surname,Asian (est.),19,1
house,119,surname,Asian (est.),20,2
house,119,surname,Asian (est.),21,2
house,119,surname,Asian (est.),22,3
house,119,surname,Asian (est.),25,1
house,119,surname,Asian (est.),26,1
house,119,surname,Asian (est.),27,1
house,119,surname,Asian (est.),28,1
house,119,surname,Hispanic (est.),4,3009
house,119,surname,Hispanic (est.),5,2008
house,119,surname,Hispanic (est.),6,2185
house,119,surname,Hispanic (est.),7,2138
house,119,surname,Hispanic (est.),8,2194
house,119,surname,Hispanic (est.),9,1078
house,119,surname,Hispanic (est.),10,2027
house,119,surname,Hispanic (est.),11,2113
house,119,surname,Hispanic (est.),12,2054
house,119,surname,Hispanic (est.),13,2030
house,119,surname,Hispanic (est.),14,2170
house,119,surname,Hispanic (est.),15,2036
house,119,surname,Hispanic (est.),17,69
house,119,surname,Hispanic (est.),18,65
house,119,surname,Hispanic (est.),19,32
house,119,surname,Hispanic (est.),20,54
house,119,surname,Hispanic (est.),21,39
house,119,surname,Hispanic (est.),22,19
house,119,surname,Hispanic (est.),24,15
house,119,surname,Hispanic (est.),25,51
house,119,surname,Hispanic (est.),26,28
house,119,surname,Hispanic (est.),27,22
house,119,surname,Hispanic (est.),28,16
house,119,surname,Hispanic (est.),29,14
house,119,surname,Hispanic (est.),31,6
house,119,surname,Hispanic (est.),36,1
house,12,surname,All others (est.),4,4862
house,12,surname,All others (est.),5,3562
house,12,surname,All others (est.),6,3856
house,12,surname,All others (est.),7,4563
house,12,surname,All others (est.),8,5109
house,12,surname,All others (est.),9,2217
house,12,surname,All others (est.),10,4254
house,12,surname,All others (est.),11,5831
house,12,surname,All others (est.),12,5466
house,12,surname,All others (est.),13,6206
house,12,surname,All others (est.),14,6397
house,12,surname,All others (est.),15,6894
house,12,surname,All others (est.),18,96
house,12,surname,All others (est.),19,114
house,12,surname,All others (est.),20,35
house,12,surname,All others (est.),21,68
house,12,surname,All others (est.),22,4
house,12,surname,All others (est.),25,27
house,12,surname,All others (est.),26,13
house,12,surname,All others (est.),27,14
house,12,surname,All others (est.),28,8
house,12,surname,All others (est.),29,31
house,12,surname,All others (est.),32,17
house,12,surname,All others (est.),33,16
house,12,surname,All others (est.),34,29
house,12,surname,All others (est.),35,6
house,12,surname,All others (est.),36,3
house,12,surname,All others (est.),37,2
house,12,surname,Asian (est.),4,126
house,12,surname,Asian (est.),5,82
house,12,surname,Asian (est.),6,73
house,12,surname,Asian (est.),7,96
house,12,surname,Asian (est.),8,107
house,12,surname,Asian (est.),9,46
house,12,surname,Asian (est.),10,90
house,12,surname,Asian (est.),11,112
house,12,surname,Asian (est.),12,98
house,12,surname,Asian (est.),13,106
house,12,surname,Asian (est.),14,117
house,12,surname,Asian (est.),15,126
house,12,surname,Asian (est.),18,2
house,12,surname,Asian (est.),19,2
house,12,surname,Asian (est.),20,1
house,12,surname,Asian (est.),21,2
house,12,surname,Asian (est.),25,1
house,12,surname,Asian (est.),27,1
house,12,surname,Asian (est.),28,1
house,12,surname,Asian (est.),35,2
house,12,surname,Hispanic (est.),4,775
house,12,surname,Hispanic (est.),5,469
house,12,surname,Hispanic (est.),6,476
house,12,surname,Hispanic (est.),7,502
house,12,surname,Hispanic (est.),8,534
house,12,surname,Hispanic (est.),9,230
house,12,surname,Hispanic (est.),10,573
house,12,surname,Hispanic (est.),11,592
house,12,surname,Hispanic (est.),12,527
house,12,surname,Hispanic (est.),13,541
house,12,surname,Hispanic (est.),14,527
house,12,surname,Hispanic (est.),15,585
house,12,surname,Hispanic (est.),18,11
house,12,surname,Hispanic (est.),19,9
house,12,surname,Hispanic (est.),20,5
house,12,surname,Hispanic (est.),21,5
house,12,surname,Hispanic (est.),25,3
house,12,surname,Hispanic (est.),26,2
house,12,surname,Hispanic (est.),27,2
house,12,surname,Hispanic (est.),28,2
house,12,surname,Hispanic (est.),29,3
house,12,surname,Hispanic (est.),32,2
house,12,surname,Hispanic (est.),34,1
house,12,surname,Hispanic (est.),35,1
house,12,surname,Hispanic (est.),36,2
house,120,surname,All others (est.),4,2745
house,120,surname,All others (est.),5,2095
house,120,surname,All others (est.),6,2184
house,120,surname,All others (est.),7,2303
house,120,surname,All others (est.),8,2378
house,120,surname,All others (est.),9,1121
house,120,surname,All others (est.),10,2146
house,120,surname,All others (est.),11,2361
house,120,surname,All others (est.),12,2237
house,120,surname,All others (est.),13,2415
house,120,surname,All others (est.),14,2584
house,120,surname,All others (est.),15,2970
house,120,surname,All others (est.),17,100
house,120,surname,All others (est.),18,125
house,120,surname,All others (est.),19,57
house,120,surname,All others (est.),20,54
house,120,surname,All others (est.),21,67
house,120,surname,All others (est.),22,34
house,120,surname,All others (est.),24,43
house,120,surname,All others (est.),25,59
house,120,surname,All others (est.),26,48
house,120,surname,All others (est.),27,30
house,120,surname,All others (est.),28,36
house,120,surname,All others (est.),29,45
house,120,surname,All others (est.),31,1
house,120,surname,All others (est.),34,12
house,120,surname,All others (est.),36,1
house,120,surname,All others (est.),37,1
house,120,surname,Asian (est.),4,135
house,120,surname,Asian (est.),5,99
house,120,surname,Asian (est.),6,102
house,120,surname,Asian (est.),7,128
house,120,surname,Asian (est.),8,115
house,120,surname,Asian (est.),9,56
house,120,surname,Asian (est.),10,95
house,120,surname,Asian (est.),11,98
house,120,surname,Asian (est.),12,95
house,120,surname,Asian (est.),13,100
house,120,surname,Asian (est.),14,98
house,120,surname,Asian (est.),15,96
house,120,surname,Asian (est.),17,3
house,120,surname,Asian (est.),18,6
house,120,surname,Asian (est.),19,2
house,120,surname,Asian (est.),20,1
house,120,surname,Asian (est.),21,1
house,120,surname,Asian (est.),24,2
house,120,surname,Asian (est.),25,2
house,120,surname,Asian (est.),26,2
house,120,surname,Asian (est.),28,3
house,120,surname,Asian (est.),29,2
house,120,surname,Asian (est.),35,1
house,120,surname,Hispanic (est.),4,1955
house,120,surname,Hispanic (est.),5,1310
house,120,surname,Hispanic (est.),6,1412
house,120,surname,Hispanic (est.),7,1366
house,120,surname,Hispanic (est.),8,1313
house,120,surname,Hispanic (est.),9,707
house,120,surname,Hispanic (est.),10,1310
house,120,surname,Hispanic (est.),11,1345
house,120,surname,Hispanic (est.),12,1142
house,120,surname,Hispanic (est.),13,1190
house,120,surname,Hispanic (est.),14,1194
house,120,surname,Hispanic (est.),15,1276
house,120,surname,Hispanic (est.),17,28
house,120,surname,Hispanic (est.),18,43
house,120,surname,Hispanic (est.),19,16
house,120,surname,Hispanic (est.),20,21
house,120,surname,Hispanic (est.),21,15
house,120,surname,Hispanic (est.),22,11
house,120,surname,Hispanic (est.),24,16
house,120,surname,Hispanic (est.),25,23
house,120,surname,Hispanic (est.),26,19
house,120,surname,Hispanic (est.),27,9
house,120,surname,Hispanic (est.),28,18
house,120,surname,Hispanic (est.),29,7
house,120,surname,Hispanic (est.),31,3
house,120,surname,Hispanic (est.),34,2
house,121,surname,All others (est.),4,5323
house,121,surname,All others (est.),5,4853
house,121,surname,All others (est.),6,5568
house,121,surname,All others (est.),7,5564
house,121,surname,All others (est.),8,5539
house,121,surname,All others (est.),9,2928
house,121,surname,All others (est.),10,4669
house,121,surname,All others (est.),11,5151
house,121,surname,All others (est.),12,5087
house,121,surname,All others (est.),13,5214
house,121,surname,All others (est.),14,4693
house,121,surname,All others (est.),15,4280
house,121,surname,All others (est.),17,174
house,121,surname,All others (est.),18,280
house,121,surname,All others (est.),19,76
house,121,surname,All others (est.),20,142
house,121,surname,All others (est.),21,140
house,121,surname,All others (est.),22,88
house,121,surname,All others (est.),24,95
house,121,surname,All others (est.),25,128
house,121,surname,All others (est.),26,70
house,121,surname,All others (est.),27,71
house,121,surname,All others (est.),28,80
house,121,surname,All others (est.),29,8
house,121,surname,All others (est.),31,2
house,121,surname,All others (est.),33,3
house,121,surname,All others (est.),34,6
house,121,surname,All others (est.),35,5
house,121,surname,All others (est.),36,16
house,121,surname,Asian (est.),4,346
house,121,surname,Asian (est.),5,266
house,121,surname,Asian (est.),6,275
house,121,surname,Asian (est.),7,270
house,121,surname,Asian (est.),8,293
house,121,surname,Asian (est.),9,158
house,121,surname,Asian (est.),10,273
house,121,surname,Asian (est.),11,220
house,121,surname,Asian (est.),12,220
house,121,surname,Asian (est.),13,225
house,121,surname,Asian (est.),14,180
house,121,surname,Asian (est.),15,157
house,121,surname,Asian (est.),17,7
house,121,surname,Asian (est.),18,10
house,121,surname,Asian (est.),19,4
house,121,surname,Asian (est.),20,6
house,121,surname,Asian (est.),21,5
house,121,surname,Asian (est.),22,3
house,121,surname,Asian (est.),24,4
house,121,surname,Asian (est.),25,3
house,121,surname,Asian (est.),26,2
house,121,surname,Asian (est.),27,2
house,121,surname,Asian (est.),28,2
house,121,surname,Asian (est.),35,2
house,121,surname,Hispanic (est.),4,2308
house,121,surname,Hispanic (est.),5,1730
house,121,surname,Hispanic (est.),6,1979
house,121,surname,Hispanic (est.),7,1991
house,121,surname,Hispanic (est.),8,1838
house,121,surname,Hispanic (est.),9,1052
house,121,surname,Hispanic (est.),10,1841
house,121,surname,Hispanic (est.),11,1731
house,121,surname,Hispanic (est.),12,1597
house,121,surname,Hispanic (est.),13,1608
house,121,surname,Hispanic (est.),14,1511
house,121,surname,Hispanic (est.),15,1449
house,121,surname,Hispanic (est.),17,32
house,121,surname,Hispanic (est.),18,52
house,121,surname,Hispanic (est.),19,21
house,121,surname,Hispanic (est.),20,33
house,121,surname,Hispanic (est.),21,33
house,121,surname,Hispanic (est.),22,16
house,121,surname,Hispanic (est.),24,25
house,121,surname,Hispanic (est.),25,27
house,121,surname,Hispanic (est.),26,15
house,121,surname,Hispanic (est.),27,11
house,121,surname,Hispanic (est.),28,11
house,121,surname,Hispanic (est.),29,1
house,121,surname,Hispanic (est.),31,1
house,121,surname,Hispanic (est.),34,1
house,121,surname,Hispanic (est.),36,2
house,122,surname,All others (est.),4,5717
house,122,surname,All others (est.),5,5299
house,122,surname,All others (est.),6,5997
house,122,surname,All others (est.),7,6301
house,122,surname,All others (est.),8,6244
house,122,surname,All others (est.),9,3085
house,122,surname,All others (est.),10,5069
house,122,surname,All others (est.),11,5808
house,122,surname,All others (est.),12,5797
house,122,surname,All others (est.),13,5760
house,122,surname,All others (est.),14,5778
house,122,surname,All others (est.),15,5003
house,122,surname,All others (est.),17,206
house,122,surname,All others (est.),18,258
house,122,surname,All others (est.),19,88
house,122,surname,All others (est.),20,84
house,122,surname,All others (est.),21,99
house,122,surname,All others (est.),22,57
house,122,surname,All others (est.),24,70
house,122,surname,All others (est.),25,124
house,122,surname,All others (est.),26,69
house,122,surname,All others (est.),27,47
house,122,surname,All others (est.),28,36
house,122,surname,All others (est.),29,12
house,122,surname,All others (est.),31,1
house,122,surname,All others (est.),33,3
house,122,surname,All others (est.),34,4
house,122,surname,All others (est.),35,3
house,122,surname,All others (est.),36,17
house,122,surname,Asian (est.),4,433
house,122,surname,Asian (est.),5,342
house,122,surname,Asian (est.),6,413
house,122,surname,Asian (est.),7,344
house,122,surname,Asian (est.),8,347
house,122,surname,Asian (est.),9,194
house,122,surname,Asian (est.),10,344
house,122,surname,Asian (est.),11,301
house,122,surname,Asian (est.),12,280
house,122,surname,Asian (est.),13,292
house,122,surname,Asian (est.),14,257
house,122,surname,Asian (est.),15,246
house,122,surname,Asian (est.),17,6
house,122,surname,Asian (est.),18,10
house,122,surname,Asian (est.),19,2
house,122,surname,Asian (est.),20,3
house,122,surname,Asian (est.),21,2
house,122,surname,Asian (est.),22,2
house,122,surname,Asian (est.),24,2
house,122,surname,Asian (est.),25,2
house,122,surname,Asian (est.),26,2
house,122,surname,Asian (est.),27,1
house,122,surname,Asian (est.),28,1
house,122,surname,Asian (est.),35,1
house,122,surname,Asian (est.),36,1
house,122,surname,Hispanic (est.),4,2817
house,122,surname,Hispanic (est.),5,2229
house,122,surname,Hispanic (est.),6,2463
house,122,surname,Hispanic (est.),7,2495
house,122,surname,Hispanic (est.),8,2430
house,122,surname,Hispanic (est.),9,1262
house,122,surname,Hispanic (est.),10,2217
house,122,surname,Hispanic (est.),11,2262
house,122,surname,Hispanic (est.),12,2046
house,122,surname,Hispanic (est.),13,2062
house,122,surname,Hispanic (est.),14,2124
house,122,surname,Hispanic (est.),15,2043
house,122,surname,Hispanic (est.),17,48
house,122,surname,Hispanic (est.),18,59
house,122,surname,Hispanic (est.),19,24
house,122,surname,Hispanic (est.),20,21
house,122,surname,Hispanic (est.),21,25
house,122,surname,Hispanic (est.),22,19
house,122,surname,Hispanic (est.),24,16
house,122,surname,Hispanic (est.),25,28
house,122,surname,Hispanic (est.),26,13
house,122,surname,Hispanic (est.),27,17
house,122,surname,Hispanic (est.),28,13
house,122,surname,Hispanic (est.),29,3
house,122,surname,Hispanic (est.),31,1
house,122,surname,Hispanic (est.),33,1
house,122,surname,Hispanic (est.),35,1
house,122,surname,Hispanic (est.),36,1
house,123,surname,All others (est.),4,2695
house,123,surname,All others (est.),5,2223
house,123,surname,All others (est.),6,2501
house,123,surname,All others (est.),7,2577
house,123,surname,All others (est.),8,2438
house,123,surname,All others (est.),9,1250
house,123,surname,All others (est.),10,2265
house,123,surname,All others (est.),11,2385
house,123,surname,All others (est.),12,2473
house,123,surname,All others (est.),13,2461
house,123,surname,All others (est.),14,2390
house,123,surname,All others (est.),15,2340
house,123,surname,All others (est.),17,110
house,123,surname,All others (est.),18,151
house,123,surname,All others (est.),19,51
house,123,surname,All others (est.),20,35
house,123,surname,All others (est.),21,56
house,123,surname,All others (est.),22,31
house,123,surname,All others (est.),24,49
house,123,surname,All others (est.),25,49
house,123,surname,All others (est.),26,40
house,123,surname,All others (est.),27,26
house,123,surname,All others (est.),28,39
house,123,surname,All others (est.),29,16
house,123,surname,All others (est.),31,6
house,123,surname,All others (est.),33,1
house,123,surname,All others (est.),34,1
house,123,surname,All others (est.),36,4
house,123,surname,Asian (est.),4,149
house,123,surname,Asian (est.),5,130
house,123,surname,Asian (est.),6,123
house,123,surname,Asian (est.),7,130
house,123,surname,Asian (est.),8,120
house,123,surname,Asian (est.),9,72
house,123,surname,Asian (est.),10,132
house,123,surname,Asian (est.),11,110
house,123,surname,Asian (est.),12,118
house,123,surname,Asian (est.),13,116
house,123,surname,Asian (est.),14,106
house,123,surname,Asian (est.),15,102
house,123,surname,Asian (est.),17,3
house,123,surname,Asian (est.),18,5
house,123,surname,Asian (est.),19,2
house,123,surname,Asian (est.),20,1
house,123,surname,Asian (est.),21,2
house,123,surname,Asian (est.),24,2
house,123,surname,Asian (est.),25,2
house,123,surname,Asian (est.),26,2
house,123,surname,Asian (est.),27,1
house,123,surname,Asian (est.),28,3
house,123,surname,Asian (est.),29,2
house,123,surname,Hispanic (est.),4,2750
house,123,surname,Hispanic (est.),5,1937
house,123,surname,Hispanic (est.),6,2126
house,123,surname,Hispanic (est.),7,2151
house,123,surname,Hispanic (est.),8,2113
house,123,surname,Hispanic (est.),9,1064
house,123,surname,Hispanic (est.),10,2019
house,123,surname,Hispanic (est.),11,1931
house,123,surname,Hispanic (est.),12,1885
house,123,surname,Hispanic (est.),13,1952
house,123,surname,Hispanic (est.),14,1933
house,123,surname,Hispanic (est.),15,2061
house,123,surname,Hispanic (est.),17,77
house,123,surname,Hispanic (est.),18,60
house,123,surname,Hispanic (est.),19,43
house,123,surname,Hispanic (est.),20,45
house,123,surname,Hispanic (est.),21,38
house,123,surname,Hispanic (est.),22,16
house,123,surname,Hispanic (est.),24,38
house,123,surname,Hispanic (est.),25,55
house,123,surname,Hispanic (est.),26,71
house,123,surname,Hispanic (est.),27,30
house,123,surname,Hispanic (est.),28,41
house,123,surname,Hispanic (est.),29,25
house,123,surname,Hispanic (est.),31,9
house,123,surname,Hispanic (est.),33,1
house,123,surname,Hispanic (est.),34,1
house,123,surname,Hispanic (est.),35,1
house,123,surname,Hispanic (est.),36,1
house,124,surname,All others (est.),4,1633
house,124,surname,All others (est.),5,1310
house,124,surname,All others (est.),6,1364
house,124,surname,All others (est.),7,1367
house,124,surname,All others (est.),8,1381
house,124,surname,All others (est.),9,672
house,124,surname,All others (est.),10,1268
house,124,surname,All others (est.),11,1322
house,124,surname,All others (est.),12,1315
house,124,surname,All others (est.),13,1218
house,124,surname,All others (est.),14,1216
house,124,surname,All others (est.),15,1232
house,124,surname,All others (est.),17,40
house,124,surname,All others (est.),18,75
house,124,surname,All others (est.),19,24
house,124,surname,All others (est.),20,20
house,124,surname,All others (est.),21,36
house,124,surname,All others (est.),22,20
house,124,surname,All others (est.),24,33
house,124,surname,All others (est.),25,47
house,124,surname,All others (est.),26,33
house,124,surname,All others (est.),27,16
house,124,surname,All others (est.),28,17
house,124,surname,All others (est.),29,9
house,124,surname,All others (est.),31,1
house,124,surname,All others (est.),33,2
house,124,surname,All others (est.),34,5
house,124,surname,All others (est.),35,3
house,124,surname,All others (est.),36,4
house,124,surname,Asian (est.),4,123
house,124,surname,Asian (est.),5,87
house,124,surname,Asian (est.),6,102
house,124,surname,Asian (est.),7,92
house,124,surname,Asian (est.),8,96
house,124,surname,Asian (est.),9,49
house,124,surname,Asian (est.),10,81
house,124,surname,Asian (est.),11,82
house,124,surname,Asian (est.),12,69
house,124,surname,Asian (est.),13,65
house,124,surname,Asian (est.),14,70
house,124,surname,Asian (est.),15,62
house,124,surname,Asian (est.),17,2
house,124,surname,Asian (est.),18,2
house,124,surname,Asian (est.),19,1
house,124,surname,Asian (est.),20,1
house,124,surname,Asian (est.),21,1
house,124,surname,Asian (est.),22,1
house,124,surname,Asian (est.),24,2
house,124,surname,Asian (est.),25,1
house,124,surname,Asian (est.),26,1
house,124,surname,Asian (est.),28,2
house,124,surname,Asian (est.),31,1
house,124,surname,Hispanic (est.),4,2958
house,124,surname,Hispanic (est.),5,1926
house,124,surname,Hispanic (est.),6,2117
house,124,surname,Hispanic (est.),7,2115
house,124,surname,Hispanic (est.),8,1958
house,124,surname,Hispanic (est.),9,1053
house,124,surname,Hispanic (est.),10,1828
house,124,surname,Hispanic (est.),11,1851
house,124,surname,Hispanic (est.),12,1630
house,124,surname,Hispanic (est.),13,1725
house,124,surname,Hispanic (est.),14,1614
house,124,surname,Hispanic (est.),15,1590
house,124,surname,Hispanic (est.),17,48
house,124,surname,Hispanic (est.),18,44
house,124,surname,Hispanic (est.),19,23
house,124,surname,Hispanic (est.),20,34
house,124,surname,Hispanic (est.),21,40
house,124,surname,Hispanic (est.),22,29
house,124,surname,Hispanic (est.),24,29
house,124,surname,Hispanic (est.),25,21
house,124,surname,Hispanic (est.),26,62
house,124,surname,Hispanic (est.),27,18
house,124,surname,Hispanic (est.),28,25
house,124,surname,Hispanic (est.),29,16
house,124,surname,Hispanic (est.),31,4
house,124,surname,Hispanic (est.),34,3
house,125,surname,All others (est.),4,2874
house,125,surname,All others (est.),5,2397
house,125,surname,All others (est.),6,2652
house,125,surname,All others (est.),7,2648
house,125,surname,All others (est.),8,2592
house,125,surname,All others (est.),9,1408
house,125,surname,All others (est.),10,2419
house,125,surname,All others (est.),11,2439
house,125,surname,All others (est.),12,2461
house,125,surname,All others (est.),13,2346
house,125,surname,All others (est.),14,2321
house,125,surname,All others (est.),15,2091
house,125,surname,All others (est.),17,57
house,125,surname,All others (est.),18,96
house,125,surname,All others (est.),19,46
house,125,surname,All others (est.),20,38
house,125,surname,All others (est.),21,60
house,125,surname,All others (est.),22,20
house,125,surname,All others (est.),24,33
house,125,surname,All others (est.),25,70
house,125,surname,All others (est.),26,62
house,125,surname,All others (est.),27,40
house,125,surname,All others (est.),28,32
house,125,surname,All others (est.),29,25
house,125,surname,All others (est.),31,4
house,125,surname,All others (est.),34,2
house,125,surname,All others (est.),35,2
house,125,surname,All others (est.),36,8
house,125,surname,Asian (est.),4,220
house,125,surname,Asian (est.),5,167
house,125,surname,Asian (est.),6,169
house,125,surname,Asian (est.),7,179
house,125,surname,Asian (est.),8,170
house,125,surname,Asian (est.),9,77
house,125,surname,Asian (est.),10,169
house,125,surname,Asian (est.),11,145
house,125,surname,Asian (est.),12,146
house,125,surname,Asian (est.),13,150
house,125,surname,Asian (est.),14,137
house,125,surname,Asian (est.),15,126
house,125,surname,Asian (est.),17,2
house,125,surname,Asian (est.),18,3
house,125,surname,Asian (est.),19,2
house,125,surname,Asian (est.),20,1
house,125,surname,Asian (est.),21,4
house,125,surname,Asian (est.),22,1
house,125,surname,Asian (est.),24,1
house,125,surname,Asian (est.),25,3
house,125,surname,Asian (est.),26,2
house,125,surname,Asian (est.),27,1
house,125,surname,Asian (est.),28,2
house,125,surname,Asian (est.),29,1
house,125,surname,Hispanic (est.),4,3572
house,125,surname,Hispanic (est.),5,2509
house,125,surname,Hispanic (est.),6,2809
house,125,surname,Hispanic (est.),7,2688
house,125,surname,Hispanic (est.),8,2711
house,125,surname,Hispanic (est.),9,1459
house,125,surname,Hispanic (est.),10,2752
house,125,surname,Hispanic (est.),11,2520
house,125,surname,Hispanic (est.),12,2441
house,125,surname,Hispanic (est.),13,2431
house,125,surname,Hispanic (est.),14,2437
house,125,surname,Hispanic (est.),15,2275
house,125,surname,Hispanic (est.),17,57
house,125,surname,Hispanic (est.),18,76
house,125,surname,Hispanic (est.),19,43
house,125,surname,Hispanic (est.),20,37
house,125,surname,Hispanic (est.),21,41
house,125,surname,Hispanic (est.),22,30
house,125,surname,Hispanic (est.),24,27
house,125,surname,Hispanic (est.),25,60
house,125,surname,Hispanic (est.),26,58
house,125,surname,Hispanic (est.),27,33
house,125,surname,Hispanic (est.),28,54
house,125,surname,Hispanic (est.),29,32
house,125,surname,Hispanic (est.),31,9
house,125,surname,Hispanic (est.),34,1
house,125,surname,Hispanic (est.),35,2
house,125,surname,Hispanic (est.),36,2
house,126,surname,All others (est.),4,4740
house,126,surname,All others (est.),5,3407
house,126,surname,All others (est.),6,3347
house,126,surname,All others (est.),7,3808
house,126,surname,All others (est.),8,3903
house,126,surname,All others (est.),9,1641
house,126,surname,All others (est.),10,2817
house,126,surname,All others (est.),11,4890
house,126,surname,All others (est.),12,4761
house,126,surname,All others (est.),13,5024
house,126,surname,All others (est.),14,5306
house,126,surname,All others (est.),15,5233
house,126,surname,All others (est.),17,22
house,126,surname,All others (est.),18,80
house,126,surname,All others (est.),19,27
house,126,surname,All others (est.),20,165
house,126,surname,All others (est.),22,97
house,126,surname,All others (est.),24,44
house,126,surname,All others (est.),25,81
house,126,surname,All others (est.),26,147
house,126,surname,All others (est.),27,37
house,126,surname,All others (est.),28,155
house,126,surname,All others (est.),29,153
house,126,surname,All others (est.),32,64
house,126,surname,All others (est.),33,35
house,126,surname,All others (est.),34,38
house,126,surname,All others (est.),35,1
house,126,surname,All others (est.),36,9
house,126,surname,Asian (est.),4,519
house,126,surname,Asian (est.),5,409
house,126,surname,Asian (est.),6,342
house,126,surname,Asian (est.),7,374
house,126,surname,Asian (est.),8,382
house,126,surname,Asian (est.),9,239
house,126,surname,Asian (est.),10,297
house,126,surname,Asian (est.),11,412
house,126,surname,Asian (est.),12,376
house,126,surname,Asian (est.),13,377
house,126,surname,Asian (est.),14,367
house,126,surname,Asian (est.),15,368
house,126,surname,Asian (est.),18,9
house,126,surname,Asian (est.),19,1
house,126,surname,Asian (est.),20,10
house,126,surname,Asian (est.),22,3
house,126,surname,Asian (est.),24,3
house,126,surname,Asian (est.),25,2
house,126,surname,Asian (est.),26,7
house,126,surname,Asian (est.),27,2
house,126,surname,Asian (est.),28,10
house,126,surname,Asian (est.),29,3
house,126,surname,Asian (est.),32,2
house,126,surname,Hispanic (est.),4,1363
house,126,surname,Hispanic (est.),5,828
house,126,surname,Hispanic (est.),6,780
house,126,surname,Hispanic (est.),7,785
house,126,surname,Hispanic (est.),8,867
house,126,surname,Hispanic (est.),9,436
house,126,surname,Hispanic (est.),10,643
house,126,surname,Hispanic (est.),11,973
house,126,surname,Hispanic (est.),12,873
house,126,surname,Hispanic (est.),13,907
house,126,surname,Hispanic (est.),14,899
house,126,surname,Hispanic (est.),15,919
house,126,surname,Hispanic (est.),17,2
house,126,surname,Hispanic (est.),18,6
house,126,surname,Hispanic (est.),19,2
house,126,surname,Hispanic (est.),20,18
house,126,surname,Hispanic (est.),22,5
house,126,surname,Hispanic (est.),24,5
house,126,surname,Hispanic (est.),25,7
house,126,surname,Hispanic (est.),26,10
house,126,surname,Hispanic (est.),27,6
house,126,surname,Hispanic (est.),28,15
house,126,surname,Hispanic (est.),29,15
house,126,surname,Hispanic (est.),32,10
house,126,surname,Hispanic (est.),33,5
house,126,surname,Hispanic (est.),34,4
house,127,surname,All others (est.),4,5570
house,127,surname,All others (est.),5,4059
house,127,surname,All others (est.),6,3839
house,127,surname,All others (est.),7,4476
house,127,surname,All others (est.),8,4906
house,127,surname,All others (est.),9,2188
house,127,surname,All others (est.),10,3773
house,127,surname,All others (est.),11,5955
house,127,surname,All others (est.),12,5784
house,127,surname,All others (est.),13,6295
house,127,surname,All others (est.),14,6683
house,127,surname,All others (est.),15,6775
house,127,surname,All others (est.),17,28
house,127,surname,All others (est.),18,77
house,127,surname,All others (est.),19,28
house,127,surname,All others (est.),20,152
house,127,surname,All others (est.),22,72
house,127,surname,All others (est.),24,59
house,127,surname,All others (est.),25,60
house,127,surname,All others (est.),26,120
house,127,surname,All others (est.),27,35
house,127,surname,All others (est.),28,131
house,127,surname,All others (est.),29,125
house,127,surname,All others (est.),32,94
house,127,surname,All others (est.),33,69
house,127,surname,All others (est.),34,40
house,127,surname,All others (est.),35,1
house,127,surname,All others (est.),36,28
house,127,surname,All others (est.),37,2
house,127,surname,Asian (est.),4,234
house,127,surname,Asian (est.),5,173
house,127,surname,Asian (est.),6,167
house,127,surname,Asian (est.),7,180
house,127,surname,Asian (est.),8,162
house,127,surname,Asian (est.),9,95
house,127,surname,Asian (est.),10,147
house,127,surname,Asian (est.),11,194
house,127,surname,Asian (est.),12,186
house,127,surname,Asian (est.),13,214
house,127,surname,Asian (est.),14,190
house,127,surname,Asian (est.),15,216
house,127,surname,Asian (est.),17,4
house,127,surname,Asian (est.),18,3
house,127,surname,Asian (est.),20,4
house,127,surname,Asian (est.),22,4
house,127,surname,Asian (est.),24,4
house,127,surname,Asian (est.),25,1
house,127,surname,Asian (est.),26,3
house,127,surname,Asian (est.),27,2
house,127,surname,Asian (est.),28,4
house,127,surname,Asian (est.),29,4
house,127,surname,Asian (est.),32,1
house,127,surname,Asian (est.),33,2
house,127,surname,Asian (est.),34,1
house,127,surname,Asian (est.),36,1
house,127,surname,Hispanic (est.),4,1606
house,127,surname,Hispanic (est.),5,1042
house,127,surname,Hispanic (est.),6,935
house,127,surname,Hispanic (est.),7,1148
house,127,surname,Hispanic (est.),8,1068
house,127,surname,Hispanic (est.),9,538
house,127,surname,Hispanic (est.),10,913
house,127,surname,Hispanic (est.),11,1274
house,127,surname,Hispanic (est.),12,1082
house,127,surname,Hispanic (est.),13,1072
house,127,surname,Hispanic (est.),14,1135
house,127,surname,Hispanic (est.),15,1106
house,127,surname,Hispanic (est.),17,2
house,127,surname,Hispanic (est.),18,7
house,127,surname,Hispanic (est.),19,1
house,127,surname,Hispanic (est.),20,11
house,127,surname,Hispanic (est.),22,9
house,127,surname,Hispanic (est.),24,8
house,127,surname,Hispanic (est.),25,5
house,127,surname,Hispanic (est.),26,7
house,127,surname,Hispanic (est.),27,3
house,127,surname,Hispanic (est.),28,17
house,127,surname,Hispanic (est.),29,14
house,127,surname,Hispanic (est.),32,9
house,127,surname,Hispanic (est.),33,7
house,127,surname,Hispanic (est.),34,5
house,127,surname,Hispanic (est.),36,3
house,128,surname,All others (est.),4,3300
house,128,surname,All others (est.),5,2366
house,128,surname,All others (est.),6,2434
house,128,surname,All others (est.),7,2847
house,128,surname,All others (est.),8,3127
house,128,surname,All others (est.),9,1216
house,128,surname,All others (est.),10,2161
house,128,surname,All others (est.),11,4306
house,128,surname,All others (est.),12,4020
house,128,surname,All others (est.),13,4646
house,128,surname,All others (est.),14,4719
house,128,surname,All others (est.),15,5384
house,128,surname,All others (est.),17,16
house,128,surname,All others (est.),18,44
house,128,surname,All others (est.),19,10
house,128,surname,All others (est.),20,76
house,128,surname,All others (est.),22,57
house,128,surname,All others (est.),24,46
house,128,surname,All others (est.),25,65
house,128,surname,All others (est.),26,97
house,128,surname,All others (est.),27,20
house,128,surname,All others (est.),28,107
house,128,surname,All others (est.),29,124
house,128,surname,All others (est.),32,112
house,128,surname,All others (est.),33,61
house,128,surname,All others (est.),34,34
house,128,surname,All others (est.),36,6
house,128,surname,Asian (est.),4,133
house,128,surname,Asian (est.),5,99
house,128,surname,Asian (est.),6,75
house,128,surname,Asian (est.),7,84
house,128,surname,Asian (est.),8,106
house,128,surname,Asian (est.),9,34
house,128,surname,Asian (est.),10,71
house,128,surname,Asian (est.),11,113
house,128,surname,Asian (est.),12,98
house,128,surname,Asian (est.),13,130
house,128,surname,Asian (est.),14,122
house,128,surname,Asian (est.),15,124
house,128,surname,Asian (est.),18,1
house,128,surname,Asian (est.),20,2
house,128,surname,Asian (est.),22,1
house,128,surname,Asian (est.),25,1
house,128,surname,Asian (est.),26,3
house,128,surname,Asian (est.),28,1
house,128,surname,Asian (est.),29,2
house,128,surname,Asian (est.),32,2
house,128,surname,Asian (est.),33,1
house,128,surname,Asian (est.),34,1
house,128,surname,Hispanic (est.),4,1475
house,128,surname,Hispanic (est.),5,984
house,128,surname,Hispanic (est.),6,915
house,128,surname,Hispanic (est.),7,979
house,128,surname,Hispanic (est.),8,908
house,128,surname,Hispanic (est.),9,418
house,128,surname,Hispanic (est.),10,726
house,128,surname,Hispanic (est.),11,1220
house,128,surname,Hispanic (est.),12,971
house,128,surname,Hispanic (est.),13,1085
house,128,surname,Hispanic (est.),14,1019
house,128,surname,Hispanic (est.),15,1113
house,128,surname,Hispanic (est.),17,1
house,128,surname,Hispanic (est.),18,7
house,128,surname,Hispanic (est.),19,2
house,128,surname,Hispanic (est.),20,11
house,128,surname,Hispanic (est.),22,4
house,128,surname,Hispanic (est.),24,4
house,128,surname,Hispanic (est.),25,8
house,128,surname,Hispanic (est.),26,15
house,128,surname,Hispanic (est.),27,3
house,128,surname,Hispanic (est.),28,11
house,128,surname,Hispanic (est.),29,19
house,128,surname,Hispanic (est.),32,16
house,128,surname,Hispanic (est.),33,8
house,128,surname,Hispanic (est.),34,7
house,129,surname,All others (est.),4,4993
house,129,surname,All others (est.),5,3009
house,129,surname,All others (est.),6,3317
house,129,surname,All others (est.),7,3615
house,129,surname,All others (est.),8,3855
house,129,surname,All others (est.),9,1406
house,129,surname,All others (est.),10,2682
house,129,surname,All others (est.),11,5208
house,129,surname,All others (est.),12,4996
house,129,surname,All others (est.),13,5871
house,129,surname,All others (est.),14,6317
house,129,surname,All others (est.),15,6883
house,129,surname,All others (est.),17,30
house,129,surname,All others (est.),18,111
house,129,surname,All others (est.),19,21
house,129,surname,All others (est.),20,165
house,129,surname,All others (est.),22,93
house,129,surname,All others (est.),24,41
house,129,surname,All others (est.),25,84
house,129,surname,All others (est.),26,171
house,129,surname,All others (est.),27,56
house,129,surname,All others (est.),28,131
house,129,surname,All others (est.),29,132
house,129,surname,All others (est.),32,130
house,129,surname,All others (est.),33,66
house,129,surname,All others (est.),34,77
house,129,surname,All others (est.),35,6
house,129,surname,All others (est.),36,10
house,129,surname,Asian (est.),4,628
house,129,surname,Asian (est.),5,382
house,129,surname,Asian (est.),6,396
house,129,surname,Asian (est.),7,371
house,129,surname,Asian (est.),8,475
house,129,surname,Asian (est.),9,256
house,129,surname,Asian (est.),10,343
house,129,surname,Asian (est.),11,538
house,129,surname,Asian (est.),12,439
house,129,surname,Asian (est.),13,502
house,129,surname,Asian (est.),14,533
house,129,surname,Asian (est.),15,617
house,129,surname,Asian (est.),17,2
house,129,surname,Asian (est.),18,3
house,129,surname,Asian (est.),20,8
house,129,surname,Asian (est.),22,6
house,129,surname,Asian (est.),24,6
house,129,surname,Asian (est.),25,5
house,129,surname,Asian (est.),26,8
house,129,surname,Asian (est.),27,7
house,129,surname,Asian (est.),28,9
house,129,surname,Asian (est.),29,9
house,129,surname,Asian (est.),32,4
house,129,surname,Asian (est.),33,6
house,129,surname,Asian (est.),34,6
house,129,surname,Hispanic (est.),4,1698
house,129,surname,Hispanic (est.),5,912
house,129,surname,Hispanic (est.),6,922
house,129,surname,Hispanic (est.),7,1037
house,129,surname,Hispanic (est.),8,1042
house,129,surname,Hispanic (est.),9,409
house,129,surname,Hispanic (est.),10,818
house,129,surname,Hispanic (est.),11,1300
house,129,surname,Hispanic (est.),12,1098
house,129,surname,Hispanic (est.),13,1278
house,129,surname,Hispanic (est.),14,1302
house,129,surname,Hispanic (est.),15,1500
house,129,surname,Hispanic (est.),17,4
house,129,surname,Hispanic (est.),18,12
house,129,surname,Hispanic (est.),19,2
house,129,surname,Hispanic (est.),20,24
house,129,surname,Hispanic (est.),22,13
house,129,surname,Hispanic (est.),24,10
house,129,surname,Hispanic (est.),25,11
house,129,surname,Hispanic (est.),26,15
house,129,surname,Hispanic (est.),27,4
house,129,surname,Hispanic (est.),28,24
house,129,surname,Hispanic (est.),29,29
house,129,surname,Hispanic (est.),32,9
house,129,surname,Hispanic (est.),33,11
house,129,surname,Hispanic (est.),34,11
house,129,surname,Hispanic (est.),36,4
house,13,surname,All others (est.),4,4201
house,13,surname,All others (est.),5,2738
house,13,surname,All others (est.),6,2924
house,13,surname,All others (est.),7,3124
house,13,surname,All others (est.),8,3999
house,13,surname,All others (est.),9,1227
house,13,surname,All others (est.),10,2548
house,13,surname,All others (est.),11,4879
house,13,surname,All others (est.),12,4266
house,13,surname,All others (est.),13,4984
house,13,surname,All others (est.),14,5638
house,13,surname,All others (est.),15,5952
house,13,surname,All others (est.),16,3
house,13,surname,All others (est.),17,41
house,13,surname,All others (est.),18,63
house,13,surname,All others (est.),19,68
house,13,surname,All others (est.),20,10
house,13,surname,All others (est.),21,57
house,13,surname,All others (est.),22,29
house,13,surname,All others (est.),25,64
house,13,surname,All others (est.),26,61
house,13,surname,All others (est.),27,28
house,13,surname,All others (est.),28,11
house,13,surname,All others (est.),29,50
house,13,surname,All others (est.),32,26
house,13,surname,All others (est.),33,10
house,13,surname,All others (est.),34,18
house,13,surname,All others (est.),35,18
house,13,surname,All others (est.),36,24
house,13,surname,All others (est.),37,18
house,13,surname,Asian (est.),4,78
house,13,surname,Asian (est.),5,47
house,13,surname,Asian (est.),6,48
house,13,surname,Asian (est.),7,44
house,13,surname,Asian (est.),8,58
house,13,surname,Asian (est.),9,23
house,13,surname,Asian (est.),10,39
house,13,surname,Asian (est.),11,65
house,13,surname,Asian (est.),12,64
house,13,surname,Asian (est.),13,71
house,13,surname,Asian (est.),14,75
house,13,surname,Asian (est.),15,80
house,13,surname,Asian (est.),17,1
house,13,surname,Asian (est.),18,2
house,13,surname,Asian (est.),19,1
house,13,surname,Asian (est.),21,1
house,13,surname,Asian (est.),25,2
house,13,surname,Asian (est.),26,1
house,13,surname,Asian (est.),27,1
house,13,surname,Hispanic (est.),4,645
house,13,surname,Hispanic (est.),5,356
house,13,surname,Hispanic (est.),6,387
house,13,surname,Hispanic (est.),7,375
house,13,surname,Hispanic (est.),8,456
house,13,surname,Hispanic (est.),9,169
house,13,surname,Hispanic (est.),10,400
house,13,surname,Hispanic (est.),11,490
house,13,surname,Hispanic (est.),12,406
house,13,surname,Hispanic (est.),13,370
house,13,surname,Hispanic (est.),14,421
house,13,surname,Hispanic (est.),15,471
house,13,surname,Hispanic (est.),16,1
house,13,surname,Hispanic (est.),17,3
house,13,surname,Hispanic (est.),18,4
house,13,surname,Hispanic (est.),19,8
house,13,surname,Hispanic (est.),21,5
house,13,surname,Hispanic (est.),22,3
house,13,surname,Hispanic (est.),25,4
house,13,surname,Hispanic (est.),26,4
house,13,surname,Hispanic (est.),27,2
house,13,surname,Hispanic (est.),28,2
house,13,surname,Hispanic (est.),29,1
house,13,surname,Hispanic (est.),32,1
house,13,surname,Hispanic (est.),34,1
house,13,surname,Hispanic (est.),35,1
house,13,surname,Hispanic (est.),36,2
house,13,surname,Hispanic (est.),37,1
house,130,surname,All others (est.),4,5658
house,130,surname,All others (est.),5,4187
house,130,surname,All others (est.),6,4345
house,130,surname,All others (est.),7,4804
house,130,surname,All others (est.),8,5383
house,130,surname,All others (est.),9,2401
house,130,surname,All others (est.),10,3733
house,130,surname,All others (est.),11,6420
house,130,surname,All others (est.),12,5861
house,130,surname,All others (est.),13,6083
house,130,surname,All others (est.),14,6090
house,130,surname,All others (est.),15,5787
house,130,surname,All others (est.),17,13
house,130,surname,All others (est.),18,77
house,130,surname,All others (est.),19,30
house,130,surname,All others (est.),20,102
house,130,surname,All others (est.),22,79
house,130,surname,All others (est.),24,59
house,130,surname,All others (est.),25,42
house,130,surname,All others (est.),26,99
house,130,surname,All others (est.),27,17
house,130,surname,All others (est.),28,101
house,130,surname,All others (est.),29,66
house,130,surname,All others (est.),32,55
house,130,surname,All others (est.),33,30
house,130,surname,All others (est.),34,24
house,130,surname,All others (est.),36,6
house,130,surname,Asian (est.),4,534
house,130,surname,Asian (est.),5,318
house,130,surname,Asian (est.),6,327
house,130,surname,Asian (est.),7,380
house,130,surname,Asian (est.),8,380
house,130,surname,Asian (est.),9,228
house,130,surname,Asian (est.),10,332
house,130,surname,Asian (est.),11,400
house,130,surname,Asian (est.),12,344
house,130,surname,Asian (est.),13,343
house,130,surname,Asian (est.),14,370
house,130,surname,Asian (est.),15,355
house,130,surname,Asian (est.),18,2
house,130,surname,Asian (est.),19,2
house,130,surname,Asian (est.),20,4
house,130,surname,Asian (est.),22,6
house,130,surname,Asian (est.),24,2
house,130,surname,Asian (est.),25,2
house,130,surname,Asian (est.),26,2
house,130,surname,Asian (est.),27,3
house,130,surname,Asian (est.),28,5
house,130,surname,Asian (est.),29,2
house,130,surname,Asian (est.),32,4
house,130,surname,Asian (est.),34,1
house,130,surname,Hispanic (est.),4,1424
house,130,surname,Hispanic (est.),5,932
house,130,surname,Hispanic (est.),6,919
house,130,surname,Hispanic (est.),7,996
house,130,surname,Hispanic (est.),8,1023
house,130,surname,Hispanic (est.),9,541
house,130,surname,Hispanic (est.),10,858
house,130,surname,Hispanic (est.),11,1173
house,130,surname,Hispanic (est.),12,993
house,130,surname,Hispanic (est.),13,954
house,130,surname,Hispanic (est.),14,977
house,130,surname,Hispanic (est.),15,949
house,130,surname,Hispanic (est.),17,3
house,130,surname,Hispanic (est.),18,9
house,130,surname,Hispanic (est.),19,2
house,130,surname,Hispanic (est.),20,11
house,130,surname,Hispanic (est.),22,6
house,130,surname,Hispanic (est.),24,6
house,130,surname,Hispanic (est.),25,4
house,130,surname,Hispanic (est.),26,12
house,130,surname,Hispanic (est.),27,2
house,130,surname,Hispanic (est.),28,7
house,130,surname,Hispanic (est.),29,8
house,130,surname,Hispanic (est.),32,4
house,130,surname,Hispanic (est.),33,4
house,130,surname,Hispanic (est.),34,2
house,131,surname,All others (est.),4,2418
house,131,surname,All others (est.),5,1528
house,131,surname,All others (est.),6,1531
house,131,surname,All others (est.),7,1716
house,131,surname,All others (est.),8,1654
house,131,surname,All others (est.),9,827
house,131,surname,All others (est.),10,1450
house,131,surname,All others (est.),11,1993
house,131,surname,All others (est.),12,1943
house,131,surname,All others (est.),13,2196
house,131,surname,All others (est.),14,2493
house,131,surname,All others (est.),15,3001
house,131,surname,All others (est.),17,8
house,131,surname,All others (est.),18,42
house,131,surname,All others (est.),19,7
house,131,surname,All others (est.),20,91
house,131,surname,All others (est.),21,2
house,131,surname,All others (est.),22,34
house,131,surname,All others (est.),24,36
house,131,surname,All others (est.),25,70
house,131,surname,All others (est.),26,104
house,131,surname,All others (est.),27,21
house,131,surname,All others (est.),28,81
house,131,surname,All others (est.),29,81
house,131,surname,All others (est.),32,40
house,131,surname,All others (est.),33,11
house,131,surname,All others (est.),34,10
house,131,surname,All others (est.),36,1
house,131,surname,Asian (est.),4,267
house,131,surname,Asian (est.),5,179
house,131,surname,Asian (est.),6,196
house,131,surname,Asian (est.),7,198
house,131,surname,Asian (est.),8,232
house,131,surname,Asian (est.),9,130
house,131,surname,Asian (est.),10,205
house,131,surname,Asian (est.),11,253
house,131,surname,Asian (est.),12,258
house,131,surname,Asian (est.),13,252
house,131,surname,Asian (est.),14,257
house,131,surname,Asian (est.),15,277
house,131,surname,Asian (est.),17,1
house,131,surname,Asian (est.),18,1
house,131,surname,Asian (est.),19,1
house,131,surname,Asian (est.),20,8
house,131,surname,Asian (est.),22,1
house,131,surname,Asian (est.),24,5
house,131,surname,Asian (est.),25,2
house,131,surname,Asian (est.),26,5
house,131,surname,Asian (est.),27,3
house,131,surname,Asian (est.),28,8
house,131,surname,Asian (est.),29,6
house,131,surname,Asian (est.),32,1
house,131,surname,Hispanic (est.),4,1387
house,131,surname,Hispanic (est.),5,902
house,131,surname,Hispanic (est.),6,794
house,131,surname,Hispanic (est.),7,754
house,131,surname,Hispanic (est.),8,765
house,131,surname,Hispanic (est.),9,388
house,131,surname,Hispanic (est.),10,633
house,131,surname,Hispanic (est.),11,753
house,131,surname,Hispanic (est.),12,639
house,131,surname,Hispanic (est.),13,590
house,131,surname,Hispanic (est.),14,616
house,131,surname,Hispanic (est.),15,644
house,131,surname,Hispanic (est.),17,5
house,131,surname,Hispanic (est.),18,8
house,131,surname,Hispanic (est.),19,4
house,131,surname,Hispanic (est.),20,10
house,131,surname,Hispanic (est.),21,1
house,131,surname,Hispanic (est.),22,8
house,131,surname,Hispanic (est.),24,5
house,131,surname,Hispanic (est.),25,10
house,131,surname,Hispanic (est.),26,14
house,131,surname,Hispanic (est.),27,2
house,131,surname,Hispanic (est.),28,13
house,131,surname,Hispanic (est.),29,10
house,131,surname,Hispanic (est.),32,4
house,131,surname,Hispanic (est.),33,2
house,131,surname,Hispanic (est.),34,2
house,132,surname,All others (est.),4,5291
house,132,surname,All others (est.),5,3678
house,132,surname,All others (est.),6,3817
house,132,surname,All others (est.),7,4281
house,132,surname,All others (est.),8,4677
house,132,surname,All others (est.),9,2291
house,132,surname,All others (est.),10,3512
house,132,surname,All others (est.),11,6152
house,132,surname,All others (est.),12,5492
house,132,surname,All others (est.),13,5888
house,132,surname,All others (est.),14,5955
house,132,surname,All others (est.),15,6142
house,132,surname,All others (est.),17,21
house,132,surname,All others (est.),18,91
house,132,surname,All others (est.),19,19
house,132,surname,All others (est.),20,142
house,132,surname,All others (est.),21,2
house,132,surname,All others (est.),22,57
house,132,surname,All others (est.),24,51
house,132,surname,All others (est.),25,86
house,132,surname,All others (est.),26,122
house,132,surname,All others (est.),27,21
house,132,surname,All others (est.),28,91
house,132,surname,All others (est.),29,71
house,132,surname,All others (est.),32,48
house,132,surname,All others (est.),33,8
house,132,surname,All others (est.),34,17
house,132,surname,All others (est.),36,1
house,132,surname,Asian (est.),4,816
house,132,surname,Asian (est.),5,502
house,132,surname,Asian (est.),6,535
house,132,surname,Asian (est.),7,514
house,132,surname,Asian (est.),8,579
house,132,surname,Asian (est.),9,374
house,132,surname,Asian (est.),10,497
house,132,surname,Asian (est.),11,703
house,132,surname,Asian (est.),12,514
house,132,surname,Asian (est.),13,630
house,132,surname,Asian (est.),14,525
house,132,surname,Asian (est.),15,578
house,132,surname,Asian (est.),18,9
house,132,surname,Asian (est.),19,1
house,132,surname,Asian (est.),20,10
house,132,surname,Asian (est.),22,4
house,132,surname,Asian (est.),24,5
house,132,surname,Asian (est.),25,4
house,132,surname,Asian (est.),26,9
house,132,surname,Asian (est.),27,1
house,132,surname,Asian (est.),28,4
house,132,surname,Asian (est.),29,1
house,132,surname,Asian (est.),32,2
house,132,surname,Hispanic (est.),4,1657
house,132,surname,Hispanic (est.),5,1080
house,132,surname,Hispanic (est.),6,1006
house,132,surname,Hispanic (est.),7,1104
house,132,surname,Hispanic (est.),8,1172
house,132,surname,Hispanic (est.),9,644
house,132,surname,Hispanic (est.),10,1049
house,132,surname,Hispanic (est.),11,1438
house,132,surname,Hispanic (est.),12,1129
house,132,surname,Hispanic (est.),13,1201
house,132,surname,Hispanic (est.),14,1152
house,132,surname,Hispanic (est.),15,1185
house,132,surname,Hispanic (est.),17,3
house,132,surname,Hispanic (est.),18,10
house,132,surname,Hispanic (est.),19,3
house,132,surname,Hispanic (est.),20,13
house,132,surname,Hispanic (est.),22,8
house,132,surname,Hispanic (est.),24,10
house,132,surname,Hispanic (est.),25,8
house,132,surname,Hispanic (est.),26,10
house,132,surname,Hispanic (est.),27,3
house,132,surname,Hispanic (est.),28,14
house,132,surname,Hispanic (est.),29,8
house,132,surname,Hispanic (est.),32,5
house,132,surname,Hispanic (est.),33,1
house,132,surname,Hispanic (est.),34,3
house,133,surname,All others (est.),4,4781
house,133,surname,All others (est.),5,3510
house,133,surname,All others (est.),6,3835
house,133,surname,All others (est.),7,4080
house,133,surname,All others (est.),8,4449
house,133,surname,All others (est.),9,1900
house,133,surname,All others (est.),10,3150
house,133,surname,All others (est.),11,5025
house,133,surname,All others (est.),12,4792
house,133,surname,All others (est.),13,5065
house,133,surname,All others (est.),14,5065
house,133,surname,All others (est.),15,5249
house,133,surname,All others (est.),17,28
house,133,surname,All others (est.),18,123
house,133,surname,All others (est.),19,56
house,133,surname,All others (est.),20,202
house,133,surname,All others (est.),21,2
house,133,surname,All others (est.),22,120
house,133,surname,All others (est.),24,67
house,133,surname,All others (est.),25,125
house,133,surname,All others (est.),26,206
house,133,surname,All others (est.),27,56
house,133,surname,All others (est.),28,168
house,133,surname,All others (est.),29,175
house,133,surname,All others (est.),32,118
house,133,surname,All others (est.),33,34
house,133,surname,All others (est.),34,39
house,133,surname,All others (est.),35,2
house,133,surname,All others (est.),36,4
house,133,surname,All others (est.),37,2
house,133,surname,Asian (est.),4,573
house,133,surname,Asian (est.),5,354
house,133,surname,Asian (est.),6,331
house,133,surname,Asian (est.),7,385
house,133,surname,Asian (est.),8,386
house,133,surname,Asian (est.),9,212
house,133,surname,Asian (est.),10,349
house,133,surname,Asian (est.),11,474
house,133,surname,Asian (est.),12,408
house,133,surname,Asian (est.),13,414
house,133,surname,Asian (est.),14,424
house,133,surname,Asian (est.),15,432
house,133,surname,Asian (est.),17,2
house,133,surname,Asian (est.),18,6
house,133,surname,Asian (est.),19,3
house,133,surname,Asian (est.),20,8
house,133,surname,Asian (est.),22,9
house,133,surname,Asian (est.),24,3
house,133,surname,Asian (est.),25,5
house,133,surname,Asian (est.),26,8
house,133,surname,Asian (est.),27,4
house,133,surname,Asian (est.),28,14
house,133,surname,Asian (est.),29,9
house,133,surname,Asian (est.),32,4
house,133,surname,Asian (est.),33,3
house,133,surname,Asian (est.),34,4
house,133,surname,Hispanic (est.),4,863
house,133,surname,Hispanic (est.),5,556
house,133,surname,Hispanic (est.),6,617
house,133,surname,Hispanic (est.),7,615
house,133,surname,Hispanic (est.),8,672
house,133,surname,Hispanic (est.),9,331
house,133,surname,Hispanic (est.),10,521
house,133,surname,Hispanic (est.),11,782
house,133,surname,Hispanic (est.),12,620
house,133,surname,Hispanic (est.),13,656
house,133,surname,Hispanic (est.),14,671
house,133,surname,Hispanic (est.),15,709
house,133,surname,Hispanic (est.),17,2
house,133,surname,Hispanic (est.),18,7
house,133,surname,Hispanic (est.),19,6
house,133,surname,Hispanic (est.),20,11
house,133,surname,Hispanic (est.),22,6
house,133,surname,Hispanic (est.),24,6
house,133,surname,Hispanic (est.),25,13
house,133,surname,Hispanic (est.),26,13
house,133,surname,Hispanic (est.),27,6
house,133,surname,Hispanic (est.),28,12
house,133,surname,Hispanic (est.),29,10
house,133,surname,Hispanic (est.),32,9
house,133,surname,Hispanic (est.),33,3
house,133,surname,Hispanic (est.),34,3
house,134,surname,All others (est.),4,6299
house,134,surname,All others (est.),5,5030
house,134,surname,All others (est.),6,5141
house,134,surname,All others (est.),7,5402
house,134,surname,All others (est.),8,5483
house,134,surname,All others (est.),9,2434
house,134,surname,All others (est.),10,3966
house,134,surname,All others (est.),11,6441
house,134,surname,All others (est.),12,6118
house,134,surname,All others (est.),13,6385
house,134,surname,All others (est.),14,6296
house,134,surname,All others (est.),15,6310
house,134,surname,All others (est.),17,39
house,134,surname,All others (est.),18,184
house,134,surname,All others (est.),19,78
house,134,surname,All others (est.),20,282
house,134,surname,All others (est.),21,3
house,134,surname,All others (est.),22,142
house,134,surname,All others (est.),24,94
house,134,surname,All others (est.),25,155
house,134,surname,All others (est.),26,220
house,134,surname,All others (est.),27,49
house,134,surname,All others (est.),28,184
house,134,surname,All others (est.),29,186
house,134,surname,All others (est.),32,103
house,134,surname,All others (est.),33,29
house,134,surname,All others (est.),34,22
house,134,surname,All others (est.),35,2
house,134,surname,All others (est.),36,4
house,134,surname,Asian (est.),4,943
house,134,surname,Asian (est.),5,677
house,134,surname,Asian (est.),6,681
house,134,surname,Asian (est.),7,659
house,134,surname,Asian (est.),8,631
house,134,surname,Asian (est.),9,417
house,134,surname,Asian (est.),10,593
house,134,surname,Asian (est.),11,790
house,134,surname,Asian (est.),12,679
house,134,surname,Asian (est.),13,697
house,134,surname,Asian (est.),14,698
house,134,surname,Asian (est.),15,650
house,134,surname,Asian (est.),17,1
house,134,surname,Asian (est.),18,15
house,134,surname,Asian (est.),19,8
house,134,surname,Asian (est.),20,26
house,134,surname,Asian (est.),22,9
house,134,surname,Asian (est.),24,10
house,134,surname,Asian (est.),25,7
house,134,surname,Asian (est.),26,21
house,134,surname,Asian (est.),27,4
house,134,surname,Asian (est.),28,12
house,134,surname,Asian (est.),29,14
house,134,surname,Asian (est.),32,11
house,134,surname,Asian (est.),33,2
house,134,surname,Asian (est.),36,1
house,134,surname,Hispanic (est.),4,1163
house,134,surname,Hispanic (est.),5,787
house,134,surname,Hispanic (est.),6,777
house,134,surname,Hispanic (est.),7,812
house,134,surname,Hispanic (est.),8,844
house,134,surname,Hispanic (est.),9,400
house,134,surname,Hispanic (est.),10,674
house,134,surname,Hispanic (est.),11,1007
house,134,surname,Hispanic (est.),12,839
house,134,surname,Hispanic (est.),13,896
house,134,surname,Hispanic (est.),14,847
house,134,surname,Hispanic (est.),15,914
house,134,surname,Hispanic (est.),17,2
house,134,surname,Hispanic (est.),18,13
house,134,surname,Hispanic (est.),19,8
house,134,surname,Hispanic (est.),20,23
house,134,surname,Hispanic (est.),22,13
house,134,surname,Hispanic (est.),24,9
house,134,surname,Hispanic (est.),25,13
house,134,surname,Hispanic (est.),26,18
house,134,surname,Hispanic (est.),27,8
house,134,surname,Hispanic (est.),28,16
house,134,surname,Hispanic (est.),29,14
house,134,surname,Hispanic (est.),32,9
house,134,surname,Hispanic (est.),33,1
house,134,surname,Hispanic (est.),34,1
house,135,surname,All others (est.),4,3367
house,135,surname,All others (est.),5,2227
house,135,surname,All others (est.),6,2236
house,135,surname,All others (est.),7,2398
house,135,surname,All others (est.),8,2474
house,135,surname,All others (est.),9,1209
house,135,surname,All others (est.),10,2075
house,135,surname,All others (est.),11,2989
house,135,surname,All others (est.),12,2626
house,135,surname,All others (est.),13,2840
house,135,surname,All others (est.),14,3011
house,135,surname,All others (est.),15,3389
house,135,surname,All others (est.),17,13
house,135,surname,All others (est.),18,31
house,135,surname,All others (est.),19,9
house,135,surname,All others (est.),20,68
house,135,surname,All others (est.),22,23
house,135,surname,All others (est.),24,24
house,135,surname,All others (est.),25,48
house,135,surname,All others (est.),26,51
house,135,surname,All others (est.),27,14
house,135,surname,All others (est.),28,46
house,135,surname,All others (est.),29,37
house,135,surname,All others (est.),32,25
house,135,surname,All others (est.),33,11
house,135,surname,All others (est.),34,17
house,135,surname,All others (est.),36,1
house,135,surname,Asian (est.),4,522
house,135,surname,Asian (est.),5,356
house,135,surname,Asian (est.),6,347
house,135,surname,Asian (est.),7,313
house,135,surname,Asian (est.),8,388
house,135,surname,Asian (est.),9,264
house,135,surname,Asian (est.),10,378
house,135,surname,Asian (est.),11,382
house,135,surname,Asian (est.),12,365
house,135,surname,Asian (est.),13,380
house,135,surname,Asian (est.),14,347
house,135,surname,Asian (est.),15,351
house,135,surname,Asian (est.),18,2
house,135,surname,Asian (est.),19,2
house,135,surname,Asian (est.),20,9
house,135,surname,Asian (est.),22,3
house,135,surname,Asian (est.),24,5
house,135,surname,Asian (est.),25,4
house,135,surname,Asian (est.),26,3
house,135,surname,Asian (est.),27,2
house,135,surname,Asian (est.),28,3
house,135,surname,Asian (est.),29,1
house,135,surname,Asian (est.),32,2
house,135,surname,Asian (est.),34,2
house,135,surname,Hispanic (est.),4,2095
house,135,surname,Hispanic (est.),5,1367
house,135,surname,Hispanic (est.),6,1132
house,135,surname,Hispanic (est.),7,1216
house,135,surname,Hispanic (est.),8,1245
house,135,surname,Hispanic (est.),9,664
house,135,surname,Hispanic (est.),10,1120
house,135,surname,Hispanic (est.),11,1316
house,135,surname,Hispanic (est.),12,1094
house,135,surname,Hispanic (est.),13,1171
house,135,surname,Hispanic (est.),14,1069
house,135,surname,Hispanic (est.),15,1105
house,135,surname,Hispanic (est.),17,3
house,135,surname,Hispanic (est.),18,4
house,135,surname,Hispanic (est.),19,1
house,135,surname,Hispanic (est.),20,14
house,135,surname,Hispanic (est.),22,6
house,135,surname,Hispanic (est.),24,5
house,135,surname,Hispanic (est.),25,6
house,135,surname,Hispanic (est.),26,12
house,135,surname,Hispanic (est.),27,2
house,135,surname,Hispanic (est.),28,7
house,135,surname,Hispanic (est.),29,9
house,135,surname,Hispanic (est.),32,10
house,135,surname,Hispanic (est.),34,3
house,136,surname,All others (est.),4,4749
house,136,surname,All others (est.),5,3379
house,136,surname,All others (est.),6,3459
house,136,surname,All others (est.),7,3584
house,136,surname,All others (est.),8,3937
house,136,surname,All others (est.),9,1801
house,136,surname,All others (est.),10,3298
house,136,surname,All others (est.),11,4952
house,136,surname,All others (est.),12,4603
house,136,surname,All others (est.),13,4737
house,136,surname,All others (est.),14,4546
house,136,surname,All others (est.),15,5174
house,136,surname,All others (est.),18,122
house,136,surname,All others (est.),19,175
house,136,surname,All others (est.),20,82
house,136,surname,All others (est.),21,55
house,136,surname,All others (est.),22,76
house,136,surname,All others (est.),25,16
house,136,surname,All others (est.),26,1
house,136,surname,All others (est.),27,5
house,136,surname,All others (est.),28,13
house,136,surname,All others (est.),29,13
house,136,surname,All others (est.),32,6
house,136,surname,All others (est.),33,3
house,136,surname,All others (est.),34,2
house,136,surname,All others (est.),35,3
house,136,surname,All others (est.),36,4
house,136,surname,All others (est.),37,2
house,136,surname,Asian (est.),4,732
house,136,surname,Asian (est.),5,480
house,136,surname,Asian (est.),6,421
house,136,surname,Asian (est.),7,391
house,136,surname,Asian (est.),8,457
house,136,surname,Asian (est.),9,274
house,136,surname,Asian (est.),10,503
house,136,surname,Asian (est.),11,536
house,136,surname,Asian (est.),12,430
house,136,surname,Asian (est.),13,472
house,136,surname,Asian (est.),14,429
house,136,surname,Asian (est.),15,418
house,136,surname,Asian (est.),18,4
house,136,surname,Asian (est.),19,7
house,136,surname,Asian (est.),20,2
house,136,surname,Asian (est.),21,6
house,136,surname,Asian (est.),22,3
house,136,surname,Asian (est.),25,1
house,136,surname,Asian (est.),32,1
house,136,surname,Hispanic (est.),4,1172
house,136,surname,Hispanic (est.),5,750
house,136,surname,Hispanic (est.),6,796
house,136,surname,Hispanic (est.),7,802
house,136,surname,Hispanic (est.),8,850
house,136,surname,Hispanic (est.),9,440
house,136,surname,Hispanic (est.),10,805
house,136,surname,Hispanic (est.),11,1029
house,136,surname,Hispanic (est.),12,886
house,136,surname,Hispanic (est.),13,1014
house,136,surname,Hispanic (est.),14,892
house,136,surname,Hispanic (est.),15,983
house,136,surname,Hispanic (est.),18,16
house,136,surname,Hispanic (est.),19,28
house,136,surname,Hispanic (est.),20,10
house,136,surname,Hispanic (est.),21,9
house,136,surname,Hispanic (est.),22,10
house,136,surname,Hispanic (est.),25,1
house,136,surname,Hispanic (est.),36,1
house,137,surname,All others (est.),4,1608
house,137,surname,All others (est.),5,1088
house,137,surname,All others (est.),6,1097
house,137,surname,All others (est.),7,1156
house,137,surname,All others (est.),8,1085
house,137,surname,All others (est.),9,505
house,137,surname,All others (est.),10,969
house,137,surname,All others (est.),11,1339
house,137,surname,All others (est.),12,1229
house,137,surname,All others (est.),13,1325
house,137,surname,All others (est.),14,1324
house,137,surname,All others (est.),15,1449
house,137,surname,All others (est.),17,8
house,137,surname,All others (est.),18,45
house,137,surname,All others (est.),19,7
house,137,surname,All others (est.),20,56
house,137,surname,All others (est.),22,34
house,137,surname,All others (est.),24,24
house,137,surname,All others (est.),25,33
house,137,surname,All others (est.),26,47
house,137,surname,All others (est.),27,14
house,137,surname,All others (est.),28,58
house,137,surname,All others (est.),29,36
house,137,surname,All others (est.),32,17
house,137,surname,All others (est.),33,8
house,137,surname,All others (est.),34,18
house,137,surname,All others (est.),36,3
house,137,surname,Asian (est.),4,301
house,137,surname,Asian (est.),5,216
house,137,surname,Asian (est.),6,199
house,137,surname,Asian (est.),7,197
house,137,surname,Asian (est.),8,248
house,137,surname,Asian (est.),9,124
house,137,surname,Asian (est.),10,208
house,137,surname,Asian (est.),11,249
house,137,surname,Asian (est.),12,240
house,137,surname,Asian (est.),13,257
house,137,surname,Asian (est.),14,227
house,137,surname,Asian (est.),15,232
house,137,surname,Asian (est.),17,1
house,137,surname,Asian (est.),18,4
house,137,surname,Asian (est.),19,1
house,137,surname,Asian (est.),20,5
house,137,surname,Asian (est.),22,3
house,137,surname,Asian (est.),24,1
house,137,surname,Asian (est.),25,2
house,137,surname,Asian (est.),26,5
house,137,surname,Asian (est.),27,3
house,137,surname,Asian (est.),28,2
house,137,surname,Asian (est.),29,3
house,137,surname,Asian (est.),32,2
house,137,surname,Hispanic (est.),4,662
house,137,surname,Hispanic (est.),5,454
house,137,surname,Hispanic (est.),6,455
house,137,surname,Hispanic (est.),7,471
house,137,surname,Hispanic (est.),8,422
house,137,surname,Hispanic (est.),9,216
house,137,surname,Hispanic (est.),10,354
house,137,surname,Hispanic (est.),11,444
house,137,surname,Hispanic (est.),12,396
house,137,surname,Hispanic (est.),13,430
house,137,surname,Hispanic (est.),14,378
house,137,surname,Hispanic (est.),15,399
house,137,surname,Hispanic (est.),18,5
house,137,surname,Hispanic (est.),20,8
house,137,surname,Hispanic (est.),22,7
house,137,surname,Hispanic (est.),24,7
house,137,surname,Hispanic (est.),25,5
house,137,surname,Hispanic (est.),26,10
house,137,surname,Hispanic (est.),27,1
house,137,surname,Hispanic (est.),28,5
house,137,surname,Hispanic (est.),29,6
house,137,surname,Hispanic (est.),32,2
house,137,surname,Hispanic (est.),33,1
house,137,surname,Hispanic (est.),34,2
house,138,surname,All others (est.),4,3939
house,138,surname,All others (est.),5,2807
house,138,surname,All others (est.),6,2900
house,138,surname,All others (est.),7,3245
house,138,surname,All others (est.),8,3375
house,138,surname,All others (est.),9,1437
house,138,surname,All others (est.),10,2559
house,138,surname,All others (est.),11,4623
house,138,surname,All others (est.),12,4004
house,138,surname,All others (est.),13,4511
house,138,surname,All others (est.),14,4868
house,138,surname,All others (est.),15,5121
house,138,surname,All others (est.),17,18
house,138,surname,All others (est.),18,97
house,138,surname,All others (est.),19,27
house,138,surname,All others (est.),20,159
house,138,surname,All others (est.),21,8
house,138,surname,All others (est.),22,94
house,138,surname,All others (est.),24,66
house,138,surname,All others (est.),25,95
house,138,surname,All others (est.),26,158
house,138,surname,All others (est.),27,47
house,138,surname,All others (est.),28,153
house,138,surname,All others (est.),29,110
house,138,surname,All others (est.),32,109
house,138,surname,All others (est.),33,33
house,138,surname,All others (est.),34,46
house,138,surname,All others (est.),35,2
house,138,surname,All others (est.),36,9
house,138,surname,All others (est.),37,2
house,138,surname,Asian (est.),4,574
house,138,surname,Asian (est.),5,418
house,138,surname,Asian (est.),6,396
house,138,surname,Asian (est.),7,460
house,138,surname,Asian (est.),8,434
house,138,surname,Asian (est.),9,285
house,138,surname,Asian (est.),10,446
house,138,surname,Asian (est.),11,534
house,138,surname,Asian (est.),12,481
house,138,surname,Asian (est.),13,491
house,138,surname,Asian (est.),14,571
house,138,surname,Asian (est.),15,582
house,138,surname,Asian (est.),17,4
house,138,surname,Asian (est.),18,10
house,138,surname,Asian (est.),19,4
house,138,surname,Asian (est.),20,18
house,138,surname,Asian (est.),22,9
house,138,surname,Asian (est.),24,2
house,138,surname,Asian (est.),25,8
house,138,surname,Asian (est.),26,20
house,138,surname,Asian (est.),27,4
house,138,surname,Asian (est.),28,16
house,138,surname,Asian (est.),29,4
house,138,surname,Asian (est.),32,10
house,138,surname,Asian (est.),34,2
house,138,surname,Hispanic (est.),4,1519
house,138,surname,Hispanic (est.),5,976
house,138,surname,Hispanic (est.),6,913
house,138,surname,Hispanic (est.),7,933
house,138,surname,Hispanic (est.),8,913
house,138,surname,Hispanic (est.),9,443
house,138,surname,Hispanic (est.),10,853
house,138,surname,Hispanic (est.),11,1126
house,138,surname,Hispanic (est.),12,908
house,138,surname,Hispanic (est.),13,934
house,138,surname,Hispanic (est.),14,960
house,138,surname,Hispanic (est.),15,1035
house,138,surname,Hispanic (est.),17,2
house,138,surname,Hispanic (est.),18,11
house,138,surname,Hispanic (est.),19,5
house,138,surname,Hispanic (est.),20,18
house,138,surname,Hispanic (est.),22,12
house,138,surname,Hispanic (est.),24,5
house,138,surname,Hispanic (est.),25,6
house,138,surname,Hispanic (est.),26,14
house,138,surname,Hispanic (est.),27,2
house,138,surname,Hispanic (est.),28,16
house,138,surname,Hispanic (est.),29,15
house,138,surname,Hispanic (est.),32,14
house,138,surname,Hispanic (est.),33,4
house,138,surname,Hispanic (est.),34,5
house,138,surname,Hispanic (est.),36,1
house,138,surname,Hispanic (est.),37,1
house,139,surname,All others (est.),4,3579
house,139,surname,All others (est.),5,2418
house,139,surname,All others (est.),6,2435
house,139,surname,All others (est.),7,2672
house,139,surname,All others (est.),8,2781
house,139,surname,All others (est.),9,1157
house,139,surname,All others (est.),10,2095
house,139,surname,All others (est.),11,3268
house,139,surname,All others (est.),12,3081
house,139,surname,All others (est.),13,3452
house,139,surname,All others (est.),14,3825
house,139,surname,All others (est.),15,4177
house,139,surname,All others (est.),17,22
house,139,surname,All others (est.),18,54
house,139,surname,All others (est.),19,12
house,139,surname,All others (est.),20,141
house,139,surname,All others (est.),22,62
house,139,surname,All others (est.),24,84
house,139,surname,All others (est.),25,78
house,139,surname,All others (est.),26,162
house,139,surname,All others (est.),27,37
house,139,surname,All others (est.),28,119
house,139,surname,All others (est.),29,156
house,139,surname,All others (est.),32,38
house,139,surname,All others (est.),33,12
house,139,surname,All others (est.),34,16
house,139,surname,All others (est.),35,1
house,139,surname,All others (est.),36,1
house,139,surname,Asian (est.),4,331
house,139,surname,Asian (est.),5,227
house,139,surname,Asian (est.),6,219
house,139,surname,Asian (est.),7,204
house,139,surname,Asian (est.),8,264
house,139,surname,Asian (est.),9,132
house,139,surname,Asian (est.),10,164
house,139,surname,Asian (est.),11,267
house,139,surname,Asian (est.),12,225
house,139,surname,Asian (est.),13,281
house,139,surname,Asian (est.),14,268
house,139,surname,Asian (est.),15,271
house,139,surname,Asian (est.),18,3
house,139,surname,Asian (est.),20,3
house,139,surname,Asian (est.),22,4
house,139,surname,Asian (est.),24,4
house,139,surname,Asian (est.),25,5
house,139,surname,Asian (est.),26,6
house,139,surname,Asian (est.),27,1
house,139,surname,Asian (est.),28,2
house,139,surname,Asian (est.),29,5
house,139,surname,Asian (est.),32,2
house,139,surname,Hispanic (est.),4,1416
house,139,surname,Hispanic (est.),5,899
house,139,surname,Hispanic (est.),6,837
house,139,surname,Hispanic (est.),7,845
house,139,surname,Hispanic (est.),8,741
house,139,surname,Hispanic (est.),9,372
house,139,surname,Hispanic (est.),10,594
house,139,surname,Hispanic (est.),11,889
house,139,surname,Hispanic (est.),12,747
house,139,surname,Hispanic (est.),13,742
house,139,surname,Hispanic (est.),14,766
house,139,surname,Hispanic (est.),15,779
house,139,surname,Hispanic (est.),17,2
house,139,surname,Hispanic (est.),18,8
house,139,surname,Hispanic (est.),19,2
house,139,surname,Hispanic (est.),20,17
house,139,surname,Hispanic (est.),22,9
house,139,surname,Hispanic (est.),24,5
house,139,surname,Hispanic (est.),25,3
house,139,surname,Hispanic (est.),26,18
house,139,surname,Hispanic (est.),27,6
house,139,surname,Hispanic (est.),28,13
house,139,surname,Hispanic (est.),29,10
house,139,surname,Hispanic (est.),32,6
house,139,surname,Hispanic (est.),33,2
house,139,surname,Hispanic (est.),34,1
house,14,surname,All others (est.),4,4326
house,14,surname,All others (est.),5,3503
house,14,surname,All others (est.),6,3746
house,14,surname,All others (est.),7,4031
house,14,surname,All others (est.),8,3830
house,14,surname,All others (est.),9,1903
house,14,surname,All others (est.),10,3422
house,14,surname,All others (est.),11,3749
house,14,surname,All others (est.),12,3627
house,14,surname,All others (est.),13,3816
house,14,surname,All others (est.),14,3714
house,14,surname,All others (est.),15,3679
house,14,surname,All others (est.),18,81
house,14,surname,All others (est.),19,84
house,14,surname,All others (est.),20,25
house,14,surname,All others (est.),21,157
house,14,surname,All others (est.),22,2
house,14,surname,All others (est.),25,57
house,14,surname,All others (est.),26,87
house,14,surname,All others (est.),27,52
house,14,surname,All others (est.),28,47
house,14,surname,All others (est.),29,158
house,14,surname,All others (est.),32,67
house,14,surname,All others (est.),33,96
house,14,surname,All others (est.),34,57
house,14,surname,All others (est.),35,19
house,14,surname,All others (est.),37,1
house,14,surname,Asian (est.),4,287
house,14,surname,Asian (est.),5,217
house,14,surname,Asian (est.),6,219
house,14,surname,Asian (est.),7,197
house,14,surname,Asian (est.),8,186
house,14,surname,Asian (est.),9,105
house,14,surname,Asian (est.),10,170
house,14,surname,Asian (est.),11,187
house,14,surname,Asian (est.),12,174
house,14,surname,Asian (est.),13,164
house,14,surname,Asian (est.),14,149
house,14,surname,Asian (est.),15,148
house,14,surname,Asian (est.),18,1
house,14,surname,Asian (est.),19,1
house,14,surname,Asian (est.),20,2
house,14,surname,Asian (est.),21,9
house,14,surname,Asian (est.),25,2
house,14,surname,Asian (est.),26,3
house,14,surname,Asian (est.),27,2
house,14,surname,Asian (est.),28,4
house,14,surname,Asian (est.),29,5
house,14,surname,Asian (est.),32,2
house,14,surname,Asian (est.),33,5
house,14,surname,Asian (est.),34,1
house,14,surname,Asian (est.),35,1
house,14,surname,Hispanic (est.),4,1019
house,14,surname,Hispanic (est.),5,705
house,14,surname,Hispanic (est.),6,711
house,14,surname,Hispanic (est.),7,721
house,14,surname,Hispanic (est.),8,685
house,14,surname,Hispanic (est.),9,361
house,14,surname,Hispanic (est.),10,688
house,14,surname,Hispanic (est.),11,579
house,14,surname,Hispanic (est.),12,526
house,14,surname,Hispanic (est.),13,573
house,14,surname,Hispanic (est.),14,536
house,14,surname,Hispanic (est.),15,556
house,14,surname,Hispanic (est.),18,8
house,14,surname,Hispanic (est.),19,8
house,14,surname,Hispanic (est.),20,4
house,14,surname,Hispanic (est.),21,16
house,14,surname,Hispanic (est.),25,4
house,14,surname,Hispanic (est.),26,5
house,14,surname,Hispanic (est.),27,4
house,14,surname,Hispanic (est.),28,4
house,14,surname,Hispanic (est.),29,11
house,14,surname,Hispanic (est.),32,6
house,14,surname,Hispanic (est.),33,11
house,14,surname,Hispanic (est.),34,9
house,14,surname,Hispanic (est.),35,2
house,14,surname,Hispanic (est.),37,2
house,140,surname,All others (est.),4,794
house,140,surname,All others (est.),5,566
house,140,surname,All others (est.),6,534
house,140,surname,All others (est.),7,606
house,140,surname,All others (est.),8,622
house,140,surname,All others (est.),9,226
house,140,surname,All others (est.),10,405
house,140,surname,All others (est.),11,577
house,140,surname,All others (est.),12,616
house,140,surname,All others (est.),13,749
house,140,surname,All others (est.),14,809
house,140,surname,All others (est.),15,860
house,140,surname,All others (est.),17,10
house,140,surname,All others (est.),18,15
house,140,surname,All others (est.),19,2
house,140,surname,All others (est.),20,35
house,140,surname,All others (est.),22,20
house,140,surname,All others (est.),24,16
house,140,surname,All others (est.),25,11
house,140,surname,All others (est.),26,40
house,140,surname,All others (est.),27,9
house,140,surname,All others (est.),28,24
house,140,surname,All others (est.),29,43
house,140,surname,All others (est.),32,16
house,140,surname,All others (est.),33,9
house,140,surname,All others (est.),34,8
house,140,surname,All others (est.),37,2
house,140,surname,Asian (est.),4,94
house,140,surname,Asian (est.),5,85
house,140,surname,Asian (est.),6,71
house,140,surname,Asian (est.),7,77
house,140,surname,Asian (est.),8,84
house,140,surname,Asian (est.),9,40
house,140,surname,Asian (est.),10,53
house,140,surname,Asian (est.),11,57
house,140,surname,Asian (est.),12,73
house,140,surname,Asian (est.),13,70
house,140,surname,Asian (est.),14,74
house,140,surname,Asian (est.),15,65
house,140,surname,Asian (est.),18,1
house,140,surname,Asian (est.),20,1
house,140,surname,Asian (est.),22,1
house,140,surname,Asian (est.),24,1
house,140,surname,Asian (est.),26,1
house,140,surname,Asian (est.),28,1
house,140,surname,Asian (est.),29,2
house,140,surname,Asian (est.),32,2
house,140,surname,Hispanic (est.),4,1978
house,140,surname,Hispanic (est.),5,1159
house,140,surname,Hispanic (est.),6,1047
house,140,surname,Hispanic (est.),7,1034
house,140,surname,Hispanic (est.),8,930
house,140,surname,Hispanic (est.),9,396
house,140,surname,Hispanic (est.),10,723
house,140,surname,Hispanic (est.),11,875
house,140,surname,Hispanic (est.),12,811
house,140,surname,Hispanic (est.),13,877
house,140,surname,Hispanic (est.),14,828
house,140,surname,Hispanic (est.),15,874
house,140,surname,Hispanic (est.),17,2
house,140,surname,Hispanic (est.),18,5
house,140,surname,Hispanic (est.),19,2
house,140,surname,Hispanic (est.),20,25
house,140,surname,Hispanic (est.),22,5
house,140,surname,Hispanic (est.),24,14
house,140,surname,Hispanic (est.),25,3
house,140,surname,Hispanic (est.),26,18
house,140,surname,Hispanic (est.),27,7
house,140,surname,Hispanic (est.),28,10
house,140,surname,Hispanic (est.),29,21
house,140,surname,Hispanic (est.),32,16
house,140,surname,Hispanic (est.),33,3
house,140,surname,Hispanic (est.),34,4
house,140,surname,Hispanic (est.),36,2
house,141,surname,All others (est.),4,2316
house,141,surname,All others (est.),5,1583
house,141,surname,All others (est.),6,1462
house,141,surname,All others (est.),7,1682
house,141,surname,All others (est.),8,1667
house,141,surname,All others (est.),9,791
house,141,surname,All others (est.),10,1260
house,141,surname,All others (est.),11,1683
house,141,surname,All others (est.),12,1695
house,141,surname,All others (est.),13,1974
house,141,surname,All others (est.),14,2213
house,141,surname,All others (est.),15,2654
house,141,surname,All others (est.),17,17
house,141,surname,All others (est.),18,45
house,141,surname,All others (est.),19,15
house,141,surname,All others (est.),20,106
house,141,surname,All others (est.),22,50
house,141,surname,All others (est.),24,35
house,141,surname,All others (est.),25,51
house,141,surname,All others (est.),26,97
house,141,surname,All others (est.),27,27
house,141,surname,All others (est.),28,117
house,141,surname,All others (est.),29,95
house,141,surname,All others (est.),32,51
house,141,surname,All others (est.),33,3
house,141,surname,All others (est.),34,9
house,141,surname,All others (est.),36,1
house,141,surname,Asian (est.),4,95
house,141,surname,Asian (est.),5,80
house,141,surname,Asian (est.),6,52
house,141,surname,Asian (est.),7,60
house,141,surname,Asian (est.),8,69
house,141,surname,Asian (est.),9,29
house,141,surname,Asian (est.),10,51
house,141,surname,Asian (est.),11,65
house,141,surname,Asian (est.),12,63
house,141,surname,Asian (est.),13,65
house,141,surname,Asian (est.),14,68
house,141,surname,Asian (est.),15,91
house,141,surname,Asian (est.),18,6
house,141,surname,Asian (est.),20,3
house,141,surname,Asian (est.),22,1
house,141,surname,Asian (est.),24,1
house,141,surname,Asian (est.),25,2
house,141,surname,Asian (est.),26,1
house,141,surname,Asian (est.),28,3
house,141,surname,Asian (est.),29,1
house,141,surname,Asian (est.),32,1
house,141,surname,Hispanic (est.),4,986
house,141,surname,Hispanic (est.),5,701
house,141,surname,Hispanic (est.),6,576
house,141,surname,Hispanic (est.),7,597
house,141,surname,Hispanic (est.),8,515
house,141,surname,Hispanic (est.),9,213
house,141,surname,Hispanic (est.),10,440
house,141,surname,Hispanic (est.),11,522
house,141,surname,Hispanic (est.),12,452
house,141,surname,Hispanic (est.),13,445
house,141,surname,Hispanic (est.),14,411
house,141,surname,Hispanic (est.),15,494
house,141,surname,Hispanic (est.),18,7
house,141,surname,Hispanic (est.),19,1
house,141,surname,Hispanic (est.),20,8
house,141,surname,Hispanic (est.),22,5
house,141,surname,Hispanic (est.),24,3
house,141,surname,Hispanic (est.),25,2
house,141,surname,Hispanic (est.),26,12
house,141,surname,Hispanic (est.),27,2
house,141,surname,Hispanic (est.),28,14
house,141,surname,Hispanic (est.),29,6
house,141,surname,Hispanic (est.),32,3
house,141,surname,Hispanic (est.),34,4
house,142,surname,All others (est.),4,3083
house,142,surname,All others (est.),5,2102
house,142,surname,All others (est.),6,1941
house,142,surname,All others (est.),7,2127
house,142,surname,All others (est.),8,2382
house,142,surname,All others (est.),9,1056
house,142,surname,All others (est.),10,1715
house,142,surname,All others (est.),11,2576
house,142,surname,All others (est.),12,2461
house,142,surname,All others (est.),13,2601
house,142,surname,All others (est.),14,3037
house,142,surname,All others (est.),15,3473
house,142,surname,All others (est.),17,14
house,142,surname,All others (est.),18,35
house,142,surname,All others (est.),19,16
house,142,surname,All others (est.),20,80
house,142,surname,All others (est.),21,1
house,142,surname,All others (est.),22,48
house,142,surname,All others (est.),24,36
house,142,surname,All others (est.),25,63
house,142,surname,All others (est.),26,87
house,142,surname,All others (est.),27,32
house,142,surname,All others (est.),28,114
house,142,surname,All others (est.),29,81
house,142,surname,All others (est.),32,63
house,142,surname,All others (est.),33,20
house,142,surname,All others (est.),34,42
house,142,surname,All others (est.),35,2
house,142,surname,All others (est.),36,7
house,142,surname,Asian (est.),4,156
house,142,surname,Asian (est.),5,110
house,142,surname,Asian (est.),6,92
house,142,surname,Asian (est.),7,97
house,142,surname,Asian (est.),8,104
house,142,surname,Asian (est.),9,71
house,142,surname,Asian (est.),10,77
house,142,surname,Asian (est.),11,122
house,142,surname,Asian (est.),12,99
house,142,surname,Asian (est.),13,101
house,142,surname,Asian (est.),14,102
house,142,surname,Asian (est.),15,101
house,142,surname,Asian (est.),19,1
house,142,surname,Asian (est.),20,3
house,142,surname,Asian (est.),25,1
house,142,surname,Asian (est.),26,2
house,142,surname,Asian (est.),28,2
house,142,surname,Asian (est.),29,3
house,142,surname,Asian (est.),32,3
house,142,surname,Asian (est.),34,1
house,142,surname,Hispanic (est.),4,1480
house,142,surname,Hispanic (est.),5,890
house,142,surname,Hispanic (est.),6,829
house,142,surname,Hispanic (est.),7,887
house,142,surname,Hispanic (est.),8,836
house,142,surname,Hispanic (est.),9,474
house,142,surname,Hispanic (est.),10,709
house,142,surname,Hispanic (est.),11,869
house,142,surname,Hispanic (est.),12,808
house,142,surname,Hispanic (est.),13,746
house,142,surname,Hispanic (est.),14,765
house,142,surname,Hispanic (est.),15,727
house,142,surname,Hispanic (est.),17,2
house,142,surname,Hispanic (est.),18,6
house,142,surname,Hispanic (est.),19,2
house,142,surname,Hispanic (est.),20,12
house,142,surname,Hispanic (est.),22,2
house,142,surname,Hispanic (est.),24,1
house,142,surname,Hispanic (est.),25,5
house,142,surname,Hispanic (est.),26,11
house,142,surname,Hispanic (est.),27,1
house,142,surname,Hispanic (est.),28,14
house,142,surname,Hispanic (est.),29,12
house,142,surname,Hispanic (est.),32,8
house,142,surname,Hispanic (est.),33,5
house,142,surname,Hispanic (est.),34,7
house,143,surname,All others (est.),4,1155
house,143,surname,All others (est.),5,872
house,143,surname,All others (est.),6,824
house,143,surname,All others (est.),7,928
house,143,surname,All others (est.),8,851
house,143,surname,All others (est.),9,395
house,143,surname,All others (est.),10,692
house,143,surname,All others (est.),11,1126
house,143,surname,All others (est.),12,1118
house,143,surname,All others (est.),13,1305
house,143,surname,All others (est.),14,1414
house,143,surname,All others (est.),15,1655
house,143,surname,All others (est.),17,2
house,143,surname,All others (est.),18,22
house,143,surname,All others (est.),19,10
house,143,surname,All others (est.),20,45
house,143,surname,All others (est.),22,35
house,143,surname,All others (est.),24,17
house,143,surname,All others (est.),25,47
house,143,surname,All others (est.),26,43
house,143,surname,All others (est.),27,16
house,143,surname,All others (est.),28,67
house,143,surname,All others (est.),29,42
house,143,surname,All others (est.),32,27
house,143,surname,All others (est.),33,17
house,143,surname,All others (est.),34,12
house,143,surname,All others (est.),35,1
house,143,surname,All others (est.),36,8
house,143,surname,Asian (est.),4,72
house,143,surname,Asian (est.),5,56
house,143,surname,Asian (est.),6,49
house,143,surname,Asian (est.),7,51
house,143,surname,Asian (est.),8,53
house,143,surname,Asian (est.),9,24
house,143,surname,Asian (est.),10,43
house,143,surname,Asian (est.),11,76
house,143,surname,Asian (est.),12,60
house,143,surname,Asian (est.),13,60
house,143,surname,Asian (est.),14,50
house,143,surname,Asian (est.),15,56
house,143,surname,Asian (est.),19,1
house,143,surname,Asian (est.),20,1
house,143,surname,Asian (est.),25,2
house,143,surname,Asian (est.),26,2
house,143,surname,Asian (est.),28,3
house,143,surname,Asian (est.),29,1
house,143,surname,Asian (est.),33,1
house,143,surname,Asian (est.),34,1
house,143,surname,Hispanic (est.),4,2146
house,143,surname,Hispanic (est.),5,1262
house,143,surname,Hispanic (est.),6,1157
house,143,surname,Hispanic (est.),7,1175
house,143,surname,Hispanic (est.),8,1101
house,143,surname,Hispanic (est.),9,510
house,143,surname,Hispanic (est.),10,916
house,143,surname,Hispanic (est.),11,1253
house,143,surname,Hispanic (est.),12,1067
house,143,surname,Hispanic (est.),13,1162
house,143,surname,Hispanic (est.),14,1053
house,143,surname,Hispanic (est.),15,1253
house,143,surname,Hispanic (est.),17,4
house,143,surname,Hispanic (est.),18,13
house,143,surname,Hispanic (est.),19,4
house,143,surname,Hispanic (est.),20,24
house,143,surname,Hispanic (est.),22,17
house,143,surname,Hispanic (est.),24,10
house,143,surname,Hispanic (est.),25,15
house,143,surname,Hispanic (est.),26,21
house,143,surname,Hispanic (est.),27,5
house,143,surname,Hispanic (est.),28,36
house,143,surname,Hispanic (est.),29,26
house,143,surname,Hispanic (est.),32,15
house,143,surname,Hispanic (est.),33,5
house,143,surname,Hispanic (est.),34,5
house,143,surname,Hispanic (est.),35,3
house,144,surname,All others (est.),4,1236
house,144,surname,All others (est.),5,797
house,144,surname,All others (est.),6,790
house,144,surname,All others (est.),7,887
house,144,surname,All others (est.),8,895
house,144,surname,All others (est.),9,328
house,144,surname,All others (est.),10,612
house,144,surname,All others (est.),11,1074
house,144,surname,All others (est.),12,1001
house,144,surname,All others (est.),13,1259
house,144,surname,All others (est.),14,1378
house,144,surname,All others (est.),15,1686
house,144,surname,All others (est.),17,6
house,144,surname,All others (est.),18,44
house,144,surname,All others (est.),19,6
house,144,surname,All others (est.),20,48
house,144,surname,All others (est.),22,22
house,144,surname,All others (est.),24,9
house,144,surname,All others (est.),25,22
house,144,surname,All others (est.),26,72
house,144,surname,All others (est.),27,17
house,144,surname,All others (est.),28,43
house,144,surname,All others (est.),29,53
house,144,surname,All others (est.),32,43
house,144,surname,All others (est.),33,17
house,144,surname,All others (est.),34,29
house,144,surname,All others (est.),35,4
house,144,surname,All others (est.),36,9
house,144,surname,Asian (est.),4,157
house,144,surname,Asian (est.),5,124
house,144,surname,Asian (est.),6,114
house,144,surname,Asian (est.),7,148
house,144,surname,Asian (est.),8,125
house,144,surname,Asian (est.),9,73
house,144,surname,Asian (est.),10,95
house,144,surname,Asian (est.),11,123
house,144,surname,Asian (est.),12,128
house,144,surname,Asian (est.),13,164
house,144,surname,Asian (est.),14,143
house,144,surname,Asian (est.),15,181
house,144,surname,Asian (est.),17,1
house,144,surname,Asian (est.),18,1
house,144,surname,Asian (est.),20,1
house,144,surname,Asian (est.),25,2
house,144,surname,Asian (est.),26,4
house,144,surname,Asian (est.),27,1
house,144,surname,Asian (est.),28,3
house,144,surname,Asian (est.),29,2
house,144,surname,Asian (est.),32,1
house,144,surname,Hispanic (est.),4,2447
house,144,surname,Hispanic (est.),5,1453
house,144,surname,Hispanic (est.),6,1218
house,144,surname,Hispanic (est.),7,1333
house,144,surname,Hispanic (est.),8,1194
house,144,surname,Hispanic (est.),9,489
house,144,surname,Hispanic (est.),10,952
house,144,surname,Hispanic (est.),11,1358
house,144,surname,Hispanic (est.),12,1129
house,144,surname,Hispanic (est.),13,1171
house,144,surname,Hispanic (est.),14,1203
house,144,surname,Hispanic (est.),15,1366
house,144,surname,Hispanic (est.),17,3
house,144,surname,Hispanic (est.),18,25
house,144,surname,Hispanic (est.),19,4
house,144,surname,Hispanic (est.),20,19
house,144,surname,Hispanic (est.),21,1
house,144,surname,Hispanic (est.),22,7
house,144,surname,Hispanic (est.),24,12
house,144,surname,Hispanic (est.),25,17
house,144,surname,Hispanic (est.),26,22
house,144,surname,Hispanic (est.),27,7
house,144,surname,Hispanic (est.),28,17
house,144,surname,Hispanic (est.),29,28
house,144,surname,Hispanic (est.),32,17
house,144,surname,Hispanic (est.),33,13
house,144,surname,Hispanic (est.),34,14
house,144,surname,Hispanic (est.),36,2
house,145,surname,All others (est.),4,3332
house,145,surname,All others (est.),5,2175
house,145,surname,All others (est.),6,2105
house,145,surname,All others (est.),7,2307
house,145,surname,All others (est.),8,2343
house,145,surname,All others (est.),9,1031
house,145,surname,All others (est.),10,1616
house,145,surname,All others (est.),11,2781
house,145,surname,All others (est.),12,2321
house,145,surname,All others (est.),13,2570
house,145,surname,All others (est.),14,2740
house,145,surname,All others (est.),15,3190
house,145,surname,All others (est.),17,9
house,145,surname,All others (est.),18,39
house,145,surname,All others (est.),19,17
house,145,surname,All others (est.),20,49
house,145,surname,All others (est.),21,2
house,145,surname,All others (est.),22,39
house,145,surname,All others (est.),24,23
house,145,surname,All others (est.),25,37
house,145,surname,All others (est.),26,59
house,145,surname,All others (est.),27,13
house,145,surname,All others (est.),28,50
house,145,surname,All others (est.),29,70
house,145,surname,All others (est.),32,57
house,145,surname,All others (est.),33,7
house,145,surname,All others (est.),34,12
house,145,surname,All others (est.),35,1
house,145,surname,All others (est.),36,1
house,145,surname,Asian (est.),4,273
house,145,surname,Asian (est.),5,180
house,145,surname,Asian (est.),6,199
house,145,surname,Asian (est.),7,185
house,145,surname,Asian (est.),8,188
house,145,surname,Asian (est.),9,90
house,145,surname,Asian (est.),10,154
house,145,surname,Asian (est.),11,241
house,145,surname,Asian (est.),12,168
house,145,surname,Asian (est.),13,182
house,145,surname,Asian (est.),14,186
house,145,surname,Asian (est.),15,231
house,145,surname,Asian (est.),18,1
house,145,surname,Asian (est.),20,3
house,145,surname,Asian (est.),22,4
house,145,surname,Asian (est.),24,1
house,145,surname,Asian (est.),25,3
house,145,surname,Asian (est.),26,1
house,145,surname,Asian (est.),28,3
house,145,surname,Asian (est.),29,2
house,145,surname,Asian (est.),32,1
house,145,surname,Hispanic (est.),4,2346
house,145,surname,Hispanic (est.),5,1387
house,145,surname,Hispanic (est.),6,1268
house,145,surname,Hispanic (est.),7,1414
house,145,surname,Hispanic (est.),8,1306
house,145,surname,Hispanic (est.),9,532
house,145,surname,Hispanic (est.),10,1025
house,145,surname,Hispanic (est.),11,1447
house,145,surname,Hispanic (est.),12,1285
house,145,surname,Hispanic (est.),13,1307
house,145,surname,Hispanic (est.),14,1426
house,145,surname,Hispanic (est.),15,1654
house,145,surname,Hispanic (est.),17,5
house,145,surname,Hispanic (est.),18,13
house,145,surname,Hispanic (est.),19,6
house,145,surname,Hispanic (est.),20,40
house,145,surname,Hispanic (est.),22,16
house,145,surname,Hispanic (est.),24,10
house,145,surname,Hispanic (est.),25,17
house,145,surname,Hispanic (est.),26,32
house,145,surname,Hispanic (est.),27,6
house,145,surname,Hispanic (est.),28,43
house,145,surname,Hispanic (est.),29,38
house,145,surname,Hispanic (est.),32,30
house,145,surname,Hispanic (est.),33,3
house,145,surname,Hispanic (est.),34,4
house,145,surname,Hispanic (est.),37,1
house,146,surname,All others (est.),4,3920
house,146,surname,All others (est.),5,2670
house,146,surname,All others (est.),6,2558
house,146,surname,All others (est.),7,2804
house,146,surname,All others (est.),8,2740
house,146,surname,All others (est.),9,1193
house,146,surname,All others (est.),10,2074
house,146,surname,All others (est.),11,3086
house,146,surname,All others (est.),12,3081
house,146,surname,All others (est.),13,3335
house,146,surname,All others (est.),14,3568
house,146,surname,All others (est.),15,4098
house,146,surname,All others (est.),17,17
house,146,surname,All others (est.),18,75
house,146,surname,All others (est.),19,27
house,146,surname,All others (est.),20,145
house,146,surname,All others (est.),22,77
house,146,surname,All others (est.),24,73
house,146,surname,All others (est.),25,109
house,146,surname,All others (est.),26,181
house,146,surname,All others (est.),27,20
house,146,surname,All others (est.),28,129
house,146,surname,All others (est.),29,111
house,146,surname,All others (est.),32,70
house,146,surname,All others (est.),33,9
house,146,surname,All others (est.),34,14
house,146,surname,Asian (est.),4,295
house,146,surname,Asian (est.),5,237
house,146,surname,Asian (est.),6,203
house,146,surname,Asian (est.),7,216
house,146,surname,Asian (est.),8,205
house,146,surname,Asian (est.),9,109
house,146,surname,Asian (est.),10,174
house,146,surname,Asian (est.),11,250
house,146,surname,Asian (est.),12,234
house,146,surname,Asian (est.),13,247
house,146,surname,Asian (est.),14,224
house,146,surname,Asian (est.),15,261
house,146,surname,Asian (est.),17,1
house,146,surname,Asian (est.),18,6
house,146,surname,Asian (est.),19,1
house,146,surname,Asian (est.),20,3
house,146,surname,Asian (est.),22,2
house,146,surname,Asian (est.),24,2
house,146,surname,Asian (est.),25,1
house,146,surname,Asian (est.),26,9
house,146,surname,Asian (est.),27,2
house,146,surname,Asian (est.),28,6
house,146,surname,Asian (est.),29,2
house,146,surname,Asian (est.),32,2
house,146,surname,Hispanic (est.),4,859
house,146,surname,Hispanic (est.),5,555
house,146,surname,Hispanic (est.),6,545
house,146,surname,Hispanic (est.),7,517
house,146,surname,Hispanic (est.),8,485
house,146,surname,Hispanic (est.),9,258
house,146,surname,Hispanic (est.),10,441
house,146,surname,Hispanic (est.),11,583
house,146,surname,Hispanic (est.),12,498
house,146,surname,Hispanic (est.),13,461
house,146,surname,Hispanic (est.),14,537
house,146,surname,Hispanic (est.),15,580
house,146,surname,Hispanic (est.),17,3
house,146,surname,Hispanic (est.),18,7
house,146,surname,Hispanic (est.),19,3
house,146,surname,Hispanic (est.),20,14
house,146,surname,Hispanic (est.),22,5
house,146,surname,Hispanic (est.),24,6
house,146,surname,Hispanic (est.),25,5
house,146,surname,Hispanic (est.),26,11
house,146,surname,Hispanic (est.),27,3
house,146,surname,Hispanic (est.),28,12
house,146,surname,Hispanic (est.),29,14
house,146,surname,Hispanic (est.),32,7
house,146,surname,Hispanic (est.),34,1
house,147,surname,All others (est.),4,4230
house,147,surname,All others (est.),5,2943
house,147,surname,All others (est.),6,2915
house,147,surname,All others (est.),7,2892
house,147,surname,All others (est.),8,2914
house,147,surname,All others (est.),9,1223
house,147,surname,All others (est.),10,2116
house,147,surname,All others (est.),11,3320
house,147,surname,All others (est.),12,3041
house,147,surname,All others (est.),13,3130
house,147,surname,All others (est.),14,3521
house,147,surname,All others (est.),15,4205
house,147,surname,All others (est.),17,16
house,147,surname,All others (est.),18,73
house,147,surname,All others (est.),19,30
house,147,surname,All others (est.),20,116
house,147,surname,All others (est.),22,68
house,147,surname,All others (est.),24,65
house,147,surname,All others (est.),25,76
house,147,surname,All others (est.),26,109
house,147,surname,All others (est.),27,30
house,147,surname,All others (est.),28,117
house,147,surname,All others (est.),29,119
house,147,surname,All others (est.),32,64
house,147,surname,All others (est.),33,6
house,147,surname,All others (est.),34,18
house,147,surname,All others (est.),35,2
house,147,surname,All others (est.),36,2
house,147,surname,All others (est.),37,1
house,147,surname,Asian (est.),4,396
house,147,surname,Asian (est.),5,308
house,147,surname,Asian (est.),6,270
house,147,surname,Asian (est.),7,312
house,147,surname,Asian (est.),8,284
house,147,surname,Asian (est.),9,169
house,147,surname,Asian (est.),10,211
house,147,surname,Asian (est.),11,337
house,147,surname,Asian (est.),12,270
house,147,surname,Asian (est.),13,344
house,147,surname,Asian (est.),14,321
house,147,surname,Asian (est.),15,347
house,147,surname,Asian (est.),18,5
house,147,surname,Asian (est.),20,2
house,147,surname,Asian (est.),22,4
house,147,surname,Asian (est.),24,3
house,147,surname,Asian (est.),25,3
house,147,surname,Asian (est.),26,2
house,147,surname,Asian (est.),27,1
house,147,surname,Asian (est.),28,4
house,147,surname,Asian (est.),29,3
house,147,surname,Asian (est.),32,2
house,147,surname,Asian (est.),34,1
house,147,surname,Hispanic (est.),4,1554
house,147,surname,Hispanic (est.),5,946
house,147,surname,Hispanic (est.),6,929
house,147,surname,Hispanic (est.),7,916
house,147,surname,Hispanic (est.),8,908
house,147,surname,Hispanic (est.),9,391
house,147,surname,Hispanic (est.),10,666
house,147,surname,Hispanic (est.),11,969
house,147,surname,Hispanic (est.),12,769
house,147,surname,Hispanic (est.),13,875
house,147,surname,Hispanic (est.),14,874
house,147,surname,Hispanic (est.),15,972
house,147,surname,Hispanic (est.),17,1
house,147,surname,Hispanic (est.),18,6
house,147,surname,Hispanic (est.),19,2
house,147,surname,Hispanic (est.),20,12
house,147,surname,Hispanic (est.),22,10
house,147,surname,Hispanic (est.),24,8
house,147,surname,Hispanic (est.),25,9
house,147,surname,Hispanic (est.),26,17
house,147,surname,Hispanic (est.),27,5
house,147,surname,Hispanic (est.),28,11
house,147,surname,Hispanic (est.),29,8
house,147,surname,Hispanic (est.),32,7
house,147,surname,Hispanic (est.),34,2
house,147,surname,Hispanic (est.),36,1
house,148,surname,All others (est.),4,2582
house,148,surname,All others (est.),5,1832
house,148,surname,All others (est.),6,1716
house,148,surname,All others (est.),7,1863
house,148,surname,All others (est.),8,1986
house,148,surname,All others (est.),9,863
house,148,surname,All others (est.),10,1474
house,148,surname,All others (est.),11,2280
house,148,surname,All others (est.),12,2234
house,148,surname,All others (est.),13,2321
house,148,surname,All others (est.),14,2483
house,148,surname,All others (est.),15,3009
house,148,surname,All others (est.),17,7
house,148,surname,All others (est.),18,33
house,148,surname,All others (est.),19,7
house,148,surname,All others (est.),20,76
house,148,surname,All others (est.),21,1
house,148,surname,All others (est.),22,45
house,148,surname,All others (est.),24,29
house,148,surname,All others (est.),25,28
house,148,surname,All others (est.),26,92
house,148,surname,All others (est.),27,19
house,148,surname,All others (est.),28,67
house,148,surname,All others (est.),29,57
house,148,surname,All others (est.),32,38
house,148,surname,All others (est.),33,12
house,148,surname,All others (est.),34,12
house,148,surname,Asian (est.),4,422
house,148,surname,Asian (est.),5,332
house,148,surname,Asian (est.),6,285
house,148,surname,Asian (est.),7,340
house,148,surname,Asian (est.),8,323
house,148,surname,Asian (est.),9,216
house,148,surname,Asian (est.),10,342
house,148,surname,Asian (est.),11,325
house,148,surname,Asian (est.),12,322
house,148,surname,Asian (est.),13,322
house,148,surname,Asian (est.),14,335
house,148,surname,Asian (est.),15,375
house,148,surname,Asian (est.),18,5
house,148,surname,Asian (est.),20,4
house,148,surname,Asian (est.),22,3
house,148,surname,Asian (est.),24,4
house,148,surname,Asian (est.),25,4
house,148,surname,Asian (est.),26,5
house,148,surname,Asian (est.),27,6
house,148,surname,Asian (est.),28,2
house,148,surname,Asian (est.),29,4
house,148,surname,Asian (est.),32,1
house,148,surname,Hispanic (est.),4,1621
house,148,surname,Hispanic (est.),5,1081
house,148,surname,Hispanic (est.),6,981
house,148,surname,Hispanic (est.),7,990
house,148,surname,Hispanic (est.),8,890
house,148,surname,Hispanic (est.),9,511
house,148,surname,Hispanic (est.),10,783
house,148,surname,Hispanic (est.),11,982
house,148,surname,Hispanic (est.),12,877
house,148,surname,Hispanic (est.),13,835
house,148,surname,Hispanic (est.),14,877
house,148,surname,Hispanic (est.),15,1051
house,148,surname,Hispanic (est.),17,1
house,148,surname,Hispanic (est.),18,4
house,148,surname,Hispanic (est.),19,2
house,148,surname,Hispanic (est.),20,15
house,148,surname,Hispanic (est.),22,8
house,148,surname,Hispanic (est.),24,8
house,148,surname,Hispanic (est.),25,8
house,148,surname,Hispanic (est.),26,18
house,148,surname,Hispanic (est.),27,6
house,148,surname,Hispanic (est.),28,11
house,148,surname,Hispanic (est.),29,13
house,148,surname,Hispanic (est.),32,11
house,148,surname,Hispanic (est.),33,3
house,148,surname,Hispanic (est.),34,1
house,149,surname,All others (est.),4,2003
house,149,surname,All others (est.),5,1457
house,149,surname,All others (est.),6,1533
house,149,surname,All others (est.),7,1538
house,149,surname,All others (est.),8,1549
house,149,surname,All others (est.),9,754
house,149,surname,All others (est.),10,1420
house,149,surname,All others (est.),11,1733
house,149,surname,All others (est.),12,1692
house,149,surname,All others (est.),13,1785
house,149,surname,All others (est.),14,1840
house,149,surname,All others (est.),15,1985
house,149,surname,All others (est.),17,8
house,149,surname,All others (est.),18,35
house,149,surname,All others (est.),19,12
house,149,surname,All others (est.),20,65
house,149,surname,All others (est.),22,35
house,149,surname,All others (est.),24,22
house,149,surname,All others (est.),25,38
house,149,surname,All others (est.),26,47
house,149,surname,All others (est.),27,17
house,149,surname,All others (est.),28,55
house,149,surname,All others (est.),29,46
house,149,surname,All others (est.),32,41
house,149,surname,All others (est.),33,13
house,149,surname,All others (est.),34,14
house,149,surname,All others (est.),36,1
house,149,surname,All others (est.),37,1
house,149,surname,Asian (est.),4,578
house,149,surname,Asian (est.),5,507
house,149,surname,Asian (est.),6,579
house,149,surname,Asian (est.),7,689
house,149,surname,Asian (est.),8,755
house,149,surname,Asian (est.),9,467
house,149,surname,Asian (est.),10,623
house,149,surname,Asian (est.),11,615
house,149,surname,Asian (est.),12,701
house,149,surname,Asian (est.),13,776
house,149,surname,Asian (est.),14,678
house,149,surname,Asian (est.),15,779
house,149,surname,Asian (est.),17,1
house,149,surname,Asian (est.),18,7
house,149,surname,Asian (est.),19,2
house,149,surname,Asian (est.),20,17
house,149,surname,Asian (est.),22,8
house,149,surname,Asian (est.),24,9
house,149,surname,Asian (est.),25,6
house,149,surname,Asian (est.),26,5
house,149,surname,Asian (est.),27,2
house,149,surname,Asian (est.),28,10
house,149,surname,Asian (est.),29,7
house,149,surname,Asian (est.),32,8
house,149,surname,Asian (est.),33,1
house,149,surname,Asian (est.),34,2
house,149,surname,Hispanic (est.),4,1169
house,149,surname,Hispanic (est.),5,902
house,149,surname,Hispanic (est.),6,757
house,149,surname,Hispanic (est.),7,819
house,149,surname,Hispanic (est.),8,743
house,149,surname,Hispanic (est.),9,395
house,149,surname,Hispanic (est.),10,737
house,149,surname,Hispanic (est.),11,775
house,149,surname,Hispanic (est.),12,683
house,149,surname,Hispanic (est.),13,637
house,149,surname,Hispanic (est.),14,631
house,149,surname,Hispanic (est.),15,617
house,149,surname,Hispanic (est.),17,1
house,149,surname,Hispanic (est.),18,9
house,149,surname,Hispanic (est.),19,1
house,149,surname,Hispanic (est.),20,11
house,149,surname,Hispanic (est.),22,15
house,149,surname,Hispanic (est.),24,3
house,149,surname,Hispanic (est.),25,5
house,149,surname,Hispanic (est.),26,9
house,149,surname,Hispanic (est.),27,3
house,149,surname,Hispanic (est.),28,13
house,149,surname,Hispanic (est.),29,8
house,149,surname,Hispanic (est.),32,7
house,149,surname,Hispanic (est.),33,2
house,149,surname,Hispanic (est.),34,1
house,149,surname,Hispanic (est.),36,1
house,15,surname,All others (est.),4,6218
house,15,surname,All others (est.),5,5294
house,15,surname,All others (est.),6,6074
house,15,surname,All others (est.),7,6549
house,15,surname,All others (est.),8,6617
house,15,surname,All others (est.),9,3378
house,15,surname,All others (est.),10,6122
house,15,surname,All others (est.),11,5318
house,15,surname,All others (est.),12,4994
house,15,surname,All others (est.),13,5137
house,15,surname,All others (est.),14,4378
house,15,surname,All others (est.),15,4521
house,15,surname,All others (est.),18,164
house,15,surname,All others (est.),19,125
house,15,surname,All others (est.),20,61
house,15,surname,All others (est.),21,280
house,15,surname,All others (est.),22,21
house,15,surname,All others (est.),25,107
house,15,surname,All others (est.),26,95
house,15,surname,All others (est.),27,176
house,15,surname,All others (est.),28,62
house,15,surname,All others (est.),29,298
house,15,surname,All others (est.),32,114
house,15,surname,All others (est.),33,71
house,15,surname,All others (est.),34,131
house,15,surname,All others (est.),35,33
house,15,surname,All others (est.),36,54
house,15,surname,All others (est.),37,5
house,15,surname,Asian (est.),4,392
house,15,surname,Asian (est.),5,275
house,15,surname,Asian (est.),6,304
house,15,surname,Asian (est.),7,322
house,15,surname,Asian (est.),8,354
house,15,surname,Asian (est.),9,197
house,15,surname,Asian (est.),10,378
house,15,surname,Asian (est.),11,256
house,15,surname,Asian (est.),12,218
house,15,surname,Asian (est.),13,226
house,15,surname,Asian (est.),14,207
house,15,surname,Asian (est.),15,198
house,15,surname,Asian (est.),18,5
house,15,surname,Asian (est.),19,3
house,15,surname,Asian (est.),20,2
house,15,surname,Asian (est.),21,5
house,15,surname,Asian (est.),25,3
house,15,surname,Asian (est.),26,1
house,15,surname,Asian (est.),27,4
house,15,surname,Asian (est.),28,1
house,15,surname,Asian (est.),29,16
house,15,surname,Asian (est.),32,4
house,15,surname,Asian (est.),33,5
house,15,surname,Asian (est.),34,4
house,15,surname,Asian (est.),35,1
house,15,surname,Asian (est.),36,2
house,15,surname,Asian (est.),37,2
house,15,surname,Hispanic (est.),4,1268
house,15,surname,Hispanic (est.),5,874
house,15,surname,Hispanic (est.),6,1018
house,15,surname,Hispanic (est.),7,1023
house,15,surname,Hispanic (est.),8,986
house,15,surname,Hispanic (est.),9,613
house,15,surname,Hispanic (est.),10,1148
house,15,surname,Hispanic (est.),11,789
house,15,surname,Hispanic (est.),12,689
house,15,surname,Hispanic (est.),13,696
house,15,surname,Hispanic (est.),14,646
house,15,surname,Hispanic (est.),15,672
house,15,surname,Hispanic (est.),18,14
house,15,surname,Hispanic (est.),19,13
house,15,surname,Hispanic (est.),20,4
house,15,surname,Hispanic (est.),21,21
house,15,surname,Hispanic (est.),22,2
house,15,surname,Hispanic (est.),25,6
house,15,surname,Hispanic (est.),26,7
house,15,surname,Hispanic (est.),27,11
house,15,surname,Hispanic (est.),28,8
house,15,surname,Hispanic (est.),29,19
house,15,surname,Hispanic (est.),32,6
house,15,surname,Hispanic (est.),33,9
house,15,surname,Hispanic (est.),34,11
house,15,surname,Hispanic (est.),35,1
house,15,surname,Hispanic (est.),36,2
house,150,surname,All others (est.),4,5071
house,150,surname,All others (est.),5,3367
house,150,surname,All others (est.),6,3458
house,150,surname,All others (est.),7,3840
house,150,surname,All others (est.),8,4071
house,150,surname,All others (est.),9,1779
house,150,surname,All others (est.),10,3164
house,150,surname,All others (est.),11,5099
house,150,surname,All others (est.),12,4798
house,150,surname,All others (est.),13,4949
house,150,surname,All others (est.),14,5324
house,150,surname,All others (est.),15,5673
house,150,surname,All others (est.),17,24
house,150,surname,All others (est.),18,50
house,150,surname,All others (est.),19,14
house,150,surname,All others (est.),20,115
house,150,surname,All others (est.),22,51
house,150,surname,All others (est.),24,33
house,150,surname,All others (est.),25,56
house,150,surname,All others (est.),26,102
house,150,surname,All others (est.),27,40
house,150,surname,All others (est.),28,97
house,150,surname,All others (est.),29,89
house,150,surname,All others (est.),32,60
house,150,surname,All others (est.),33,10
house,150,surname,All others (est.),34,19
house,150,surname,All others (est.),36,1
house,150,surname,Asian (est.),4,429
house,150,surname,Asian (est.),5,311
house,150,surname,Asian (est.),6,269
house,150,surname,Asian (est.),7,281
house,150,surname,Asian (est.),8,301
house,150,surname,Asian (est.),9,166
house,150,surname,Asian (est.),10,221
house,150,surname,Asian (est.),11,312
house,150,surname,Asian (est.),12,248
house,150,surname,Asian (est.),13,261
house,150,surname,Asian (est.),14,332
house,150,surname,Asian (est.),15,307
house,150,surname,Asian (est.),17,1
house,150,surname,Asian (est.),18,4
house,150,surname,Asian (est.),20,5
house,150,surname,Asian (est.),22,2
house,150,surname,Asian (est.),24,4
house,150,surname,Asian (est.),25,4
house,150,surname,Asian (est.),26,5
house,150,surname,Asian (est.),28,4
house,150,surname,Asian (est.),29,2
house,150,surname,Asian (est.),32,2
house,150,surname,Hispanic (est.),4,1571
house,150,surname,Hispanic (est.),5,941
house,150,surname,Hispanic (est.),6,857
house,150,surname,Hispanic (est.),7,961
house,150,surname,Hispanic (est.),8,1034
house,150,surname,Hispanic (est.),9,479
house,150,surname,Hispanic (est.),10,823
house,150,surname,Hispanic (est.),11,1111
house,150,surname,Hispanic (est.),12,940
house,150,surname,Hispanic (est.),13,981
house,150,surname,Hispanic (est.),14,971
house,150,surname,Hispanic (est.),15,1058
house,150,surname,Hispanic (est.),17,2
house,150,surname,Hispanic (est.),18,13
house,150,surname,Hispanic (est.),19,3
house,150,surname,Hispanic (est.),20,9
house,150,surname,Hispanic (est.),22,8
house,150,surname,Hispanic (est.),24,5
house,150,surname,Hispanic (est.),25,5
house,150,surname,Hispanic (est.),26,7
house,150,surname,Hispanic (est.),27,4
house,150,surname,Hispanic (est.),28,10
house,150,surname,Hispanic (est.),29,14
house,150,surname,Hispanic (est.),32,8
house,150,surname,Hispanic (est.),33,2
house,150,surname,Hispanic (est.),34,1
house,16,surname,All others (est.),4,5695
house,16,surname,All others (est.),5,4622
house,16,surname,All others (est.),6,5544
house,16,surname,All others (est.),7,6523
house,16,surname,All others (est.),8,6663
house,16,surname,All others (est.),9,3392
house,16,surname,All others (est.),10,6345
house,16,surname,All others (est.),11,5531
house,16,surname,All others (est.),12,5695
house,16,surname,All others (est.),13,5113
house,16,surname,All others (est.),14,4923
house,16,surname,All others (est.),15,4725
house,16,surname,All others (est.),18,131
house,16,surname,All others (est.),19,59
house,16,surname,All others (est.),20,91
house,16,surname,All others (est.),21,180
house,16,surname,All others (est.),22,7
house,16,surname,All others (est.),25,76
house,16,surname,All others (est.),26,56
house,16,surname,All others (est.),27,115
house,16,surname,All others (est.),28,114
house,16,surname,All others (est.),29,209
house,16,surname,All others (est.),32,120
house,16,surname,All others (est.),33,77
house,16,surname,All others (est.),34,105
house,16,surname,All others (est.),35,97
house,16,surname,All others (est.),36,72
house,16,surname,All others (est.),37,8
house,16,surname,Asian (est.),4,164
house,16,surname,Asian (est.),5,123
house,16,surname,Asian (est.),6,138
house,16,surname,Asian (est.),7,142
house,16,surname,Asian (est.),8,155
house,16,surname,Asian (est.),9,77
house,16,surname,Asian (est.),10,153
house,16,surname,Asian (est.),11,123
house,16,surname,Asian (est.),12,121
house,16,surname,Asian (est.),13,108
house,16,surname,Asian (est.),14,94
house,16,surname,Asian (est.),15,110
house,16,surname,Asian (est.),18,2
house,16,surname,Asian (est.),19,2
house,16,surname,Asian (est.),20,3
house,16,surname,Asian (est.),21,6
house,16,surname,Asian (est.),25,3
house,16,surname,Asian (est.),26,1
house,16,surname,Asian (est.),27,6
house,16,surname,Asian (est.),28,2
house,16,surname,Asian (est.),29,3
house,16,surname,Asian (est.),32,1
house,16,surname,Asian (est.),33,2
house,16,surname,Asian (est.),34,2
house,16,surname,Asian (est.),35,2
house,16,surname,Asian (est.),36,1
house,16,surname,Hispanic (est.),4,1070
house,16,surname,Hispanic (est.),5,754
house,16,surname,Hispanic (est.),6,796
house,16,surname,Hispanic (est.),7,812
house,16,surname,Hispanic (est.),8,856
house,16,surname,Hispanic (est.),9,439
house,16,surname,Hispanic (est.),10,900
house,16,surname,Hispanic (est.),11,666
house,16,surname,Hispanic (est.),12,610
house,16,surname,Hispanic (est.),13,554
house,16,surname,Hispanic (est.),14,466
house,16,surname,Hispanic (est.),15,489
house,16,surname,Hispanic (est.),18,7
house,16,surname,Hispanic (est.),19,6
house,16,surname,Hispanic (est.),20,5
house,16,surname,Hispanic (est.),21,18
house,16,surname,Hispanic (est.),25,5
house,16,surname,Hispanic (est.),26,3
house,16,surname,Hispanic (est.),27,10
house,16,surname,Hispanic (est.),28,6
house,16,surname,Hispanic (est.),29,19
house,16,surname,Hispanic (est.),32,7
house,16,surname,Hispanic (est.),33,6
house,16,surname,Hispanic (est.),34,8
house,16,surname,Hispanic (est.),35,6
house,16,surname,Hispanic (est.),36,7
house,17,surname,All others (est.),4,4392
house,17,surname,All others (est.),5,3041
house,17,surname,All others (est.),6,3297
house,17,surname,All others (est.),7,3709
house,17,surname,All others (est.),8,4250
house,17,surname,All others (est.),9,1580
house,17,surname,All others (est.),10,3563
house,17,surname,All others (est.),11,5251
house,17,surname,All others (est.),12,4988
house,17,surname,All others (est.),13,5734
house,17,surname,All others (est.),14,6063
house,17,surname,All others (est.),15,7169
house,17,surname,All others (est.),18,87
house,17,surname,All others (est.),19,121
house,17,surname,All others (est.),20,54
house,17,surname,All others (est.),21,165
house,17,surname,All others (est.),22,34
house,17,surname,All others (est.),25,48
house,17,surname,All others (est.),26,81
house,17,surname,All others (est.),27,95
house,17,surname,All others (est.),28,18
house,17,surname,All others (est.),29,148
house,17,surname,All others (est.),32,54
house,17,surname,All others (est.),33,72
house,17,surname,All others (est.),34,92
house,17,surname,All others (est.),35,12
house,17,surname,All others (est.),36,34
house,17,surname,All others (est.),37,6
house,17,surname,Asian (est.),4,106
house,17,surname,Asian (est.),5,67
house,17,surname,Asian (est.),6,79
house,17,surname,Asian (est.),7,83
house,17,surname,Asian (est.),8,100
house,17,surname,Asian (est.),9,32
house,17,surname,Asian (est.),10,80
house,17,surname,Asian (est.),11,100
house,17,surname,Asian (est.),12,97
house,17,surname,Asian (est.),13,114
house,17,surname,Asian (est.),14,118
house,17,surname,Asian (est.),15,131
house,17,surname,Asian (est.),18,2
house,17,surname,Asian (est.),19,3
house,17,surname,Asian (est.),20,1
house,17,surname,Asian (est.),21,3
house,17,surname,Asian (est.),22,1
house,17,surname,Asian (est.),25,1
house,17,surname,Asian (est.),26,2
house,17,surname,Asian (est.),27,1
house,17,surname,Asian (est.),29,2
house,17,surname,Asian (est.),32,1
house,17,surname,Asian (est.),33,1
house,17,surname,Asian (est.),34,1
house,17,surname,Hispanic (est.),4,1448
house,17,surname,Hispanic (est.),5,849
house,17,surname,Hispanic (est.),6,899
house,17,surname,Hispanic (est.),7,796
house,17,surname,Hispanic (est.),8,959
house,17,surname,Hispanic (est.),9,452
house,17,surname,Hispanic (est.),10,914
house,17,surname,Hispanic (est.),11,1111
house,17,surname,Hispanic (est.),12,932
house,17,surname,Hispanic (est.),13,957
house,17,surname,Hispanic (est.),14,987
house,17,surname,Hispanic (est.),15,1107
house,17,surname,Hispanic (est.),18,12
house,17,surname,Hispanic (est.),19,32
house,17,surname,Hispanic (est.),20,12
house,17,surname,Hispanic (est.),21,41
house,17,surname,Hispanic (est.),22,5
house,17,surname,Hispanic (est.),25,4
house,17,surname,Hispanic (est.),26,7
house,17,surname,Hispanic (est.),27,7
house,17,surname,Hispanic (est.),28,2
house,17,surname,Hispanic (est.),29,14
house,17,surname,Hispanic (est.),32,8
house,17,surname,Hispanic (est.),33,8
house,17,surname,Hispanic (est.),34,9
house,17,surname,Hispanic (est.),35,1
house,17,surname,Hispanic (est.),36,3
house,18,surname,All others (est.),4,5496
house,18,surname,All others (est.),5,3190
house,18,surname,All others (est.),6,3596
house,18,surname,All others (est.),7,4185
house,18,surname,All others (est.),8,5202
house,18,surname,All others (est.),9,1750
house,18,surname,All others (est.),10,3688
house,18,surname,All others (est.),11,6365
house,18,surname,All others (est.),12,5471
house,18,surname,All others (est.),13,6208
house,18,surname,All others (est.),14,6800
house,18,surname,All others (est.),15,7366
house,18,surname,All others (est.),18,89
house,18,surname,All others (est.),19,64
house,18,surname,All others (est.),20,27
house,18,surname,All others (est.),21,95
house,18,surname,All others (est.),25,51
house,18,surname,All others (est.),26,44
house,18,surname,All others (est.),27,85
house,18,surname,All others (est.),28,43
house,18,surname,All others (est.),29,115
house,18,surname,All others (est.),32,37
house,18,surname,All others (est.),33,19
house,18,surname,All others (est.),34,15
house,18,surname,All others (est.),35,3
house,18,surname,All others (est.),36,8
house,18,surname,Asian (est.),4,85
house,18,surname,Asian (est.),5,62
house,18,surname,Asian (est.),6,65
house,18,surname,Asian (est.),7,64
house,18,surname,Asian (est.),8,84
house,18,surname,Asian (est.),9,29
house,18,surname,Asian (est.),10,64
house,18,surname,Asian (est.),11,109
house,18,surname,Asian (est.),12,82
house,18,surname,Asian (est.),13,105
house,18,surname,Asian (est.),14,101
house,18,surname,Asian (est.),15,108
house,18,surname,Asian (est.),18,1
house,18,surname,Asian (est.),19,1
house,18,surname,Asian (est.),20,2
house,18,surname,Asian (est.),21,1
house,18,surname,Asian (est.),25,1
house,18,surname,Asian (est.),27,1
house,18,surname,Asian (est.),29,2
house,18,surname,Asian (est.),32,1
house,18,surname,Asian (est.),34,1
house,18,surname,Hispanic (est.),4,914
house,18,surname,Hispanic (est.),5,508
house,18,surname,Hispanic (est.),6,482
house,18,surname,Hispanic (est.),7,509
house,18,surname,Hispanic (est.),8,608
house,18,surname,Hispanic (est.),9,252
house,18,surname,Hispanic (est.),10,534
house,18,surname,Hispanic (est.),11,675
house,18,surname,Hispanic (est.),12,492
house,18,surname,Hispanic (est.),13,546
house,18,surname,Hispanic (est.),14,517
house,18,surname,Hispanic (est.),15,589
house,18,surname,Hispanic (est.),18,4
house,18,surname,Hispanic (est.),19,5
house,18,surname,Hispanic (est.),20,4
house,18,surname,Hispanic (est.),21,7
house,18,surname,Hispanic (est.),25,5
house,18,surname,Hispanic (est.),26,3
house,18,surname,Hispanic (est.),27,3
house,18,surname,Hispanic (est.),28,3
house,18,surname,Hispanic (est.),29,8
house,18,surname,Hispanic (est.),32,1
house,18,surname,Hispanic (est.),33,4
house,18,surname,Hispanic (est.),34,2
house,18,surname,Hispanic (est.),36,2
house,19,surname,All others (est.),4,6476
house,19,surname,All others (est.),5,5443
house,19,surname,All others (est.),6,5800
house,19,surname,All others (est.),7,6407
house,19,surname,All others (est.),8,7370
house,19,surname,All others (est.),9,2447
house,19,surname,All others (est.),10,4954
house,19,surname,All others (est.),11,9823
house,19,surname,All others (est.),12,9903
house,19,surname,All others (est.),13,10332
house,19,surname,All others (est.),14,10930
house,19,surname,All others (est.),15,11637
house,19,surname,All others (est.),18,406
house,19,surname,All others (est.),19,296
house,19,surname,All others (est.),20,135
house,19,surname,All others (est.),21,632
house,19,surname,All others (est.),25,125
house,19,surname,All others (est.),26,173
house,19,surname,All others (est.),27,151
house,19,surname,All others (est.),28,280
house,19,surname,All others (est.),29,73
house,19,surname,All others (est.),32,124
house,19,surname,All others (est.),33,27
house,19,surname,All others (est.),34,97
house,19,surname,All others (est.),35,100
house,19,surname,All others (est.),36,93
house,19,surname,All others (est.),37,28
house,19,surname,Asian (est.),4,264
house,19,surname,Asian (est.),5,233
house,19,surname,Asian (est.),6,221
house,19,surname,Asian (est.),7,221
house,19,surname,Asian (est.),8,231
house,19,surname,Asian (est.),9,129
house,19,surname,Asian (est.),10,219
house,19,surname,Asian (est.),11,350
house,19,surname,Asian (est.),12,305
house,19,surname,Asian (est.),13,303
house,19,surname,Asian (est.),14,311
house,19,surname,Asian (est.),15,334
house,19,surname,Asian (est.),18,6
house,19,surname,Asian (est.),19,5
house,19,surname,Asian (est.),20,2
house,19,surname,Asian (est.),21,20
house,19,surname,Asian (est.),25,3
house,19,surname,Asian (est.),26,3
house,19,surname,Asian (est.),27,3
house,19,surname,Asian (est.),28,4
house,19,surname,Asian (est.),29,2
house,19,surname,Asian (est.),32,3
house,19,surname,Asian (est.),34,1
house,19,surname,Asian (est.),35,2
house,19,surname,Asian (est.),36,1
house,19,surname,Hispanic (est.),4,1028
house,19,surname,Hispanic (est.),5,768
house,19,surname,Hispanic (est.),6,745
house,19,surname,Hispanic (est.),7,791
house,19,surname,Hispanic (est.),8,836
house,19,surname,Hispanic (est.),9,351
house,19,surname,Hispanic (est.),10,717
house,19,surname,Hispanic (est.),11,1199
house,19,surname,Hispanic (est.),12,1061
house,19,surname,Hispanic (est.),13,1034
house,19,surname,Hispanic (est.),14,1088
house,19,surname,Hispanic (est.),15,1198
house,19,surname,Hispanic (est.),18,27
house,19,surname,Hispanic (est.),19,19
house,19,surname,Hispanic (est.),20,9
house,19,surname,Hispanic (est.),21,59
house,19,surname,Hispanic (est.),25,7
house,19,surname,Hispanic (est.),26,12
house,19,surname,Hispanic (est.),27,9
house,19,surname,Hispanic (est.),28,22
house,19,surname,Hispanic (est.),29,6
house,19,surname,Hispanic (est.),32,7
house,19,surname,Hispanic (est.),33,3
house,19,surname,Hispanic (est.),34,13
house,19,surname,Hispanic (est.),35,4
house,19,surname,Hispanic (est.),36,7
house,19,surname,Hispanic (est.),37,1
house,2,surname,All others (est.),4,5518
house,2,surname,All others (est.),5,3959
house,2,surname,All others (est.),6,4190
house,2,surname,All others (est.),7,4498
house,2,surname,All others (est.),8,5122
house,2,surname,All others (est.),9,2434
house,2,surname,All others (est.),10,4734
house,2,surname,All others (est.),11,5305
house,2,surname,All others (est.),12,4681
house,2,surname,All others (est.),13,5115
house,2,surname,All others (est.),14,5120
house,2,surname,All others (est.),15,4997
house,2,surname,All others (est.),18,88
house,2,surname,All others (est.),19,53
house,2,surname,All others (est.),20,56
house,2,surname,All others (est.),21,99
house,2,surname,All others (est.),22,33
house,2,surname,All others (est.),25,37
house,2,surname,All others (est.),26,79
house,2,surname,All others (est.),27,53
house,2,surname,All others (est.),28,36
house,2,surname,All others (est.),29,102
house,2,surname,All others (est.),32,25
house,2,surname,All others (est.),33,28
house,2,surname,All others (est.),34,42
house,2,surname,All others (est.),35,64
house,2,surname,All others (est.),37,13
house,2,surname,Asian (est.),4,93
house,2,surname,Asian (est.),5,61
house,2,surname,Asian (est.),6,67
house,2,surname,Asian (est.),7,72
house,2,surname,Asian (est.),8,93
house,2,surname,Asian (est.),9,45
house,2,surname,Asian (est.),10,77
house,2,surname,Asian (est.),11,79
house,2,surname,Asian (est.),12,65
house,2,surname,Asian (est.),13,72
house,2,surname,Asian (est.),14,74
house,2,surname,Asian (est.),15,88
house,2,surname,Asian (est.),18,1
house,2,surname,Asian (est.),19,1
house,2,surname,Asian (est.),20,1
house,2,surname,Asian (est.),21,4
house,2,surname,Asian (est.),25,1
house,2,surname,Asian (est.),26,1
house,2,surname,Asian (est.),27,2
house,2,surname,Asian (est.),28,2
house,2,surname,Asian (est.),29,3
house,2,surname,Asian (est.),33,1
house,2,surname,Asian (est.),34,1
house,2,surname,Asian (est.),35,1
house,2,surname,Hispanic (est.),4,711
house,2,surname,Hispanic (est.),5,422
house,2,surname,Hispanic (est.),6,431
house,2,surname,Hispanic (est.),7,440
house,2,surname,Hispanic (est.),8,444
house,2,surname,Hispanic (est.),9,197
house,2,surname,Hispanic (est.),10,540
house,2,surname,Hispanic (est.),11,436
house,2,surname,Hispanic (est.),12,361
house,2,surname,Hispanic (est.),13,363
house,2,surname,Hispanic (est.),14,379
house,2,surname,Hispanic (est.),15,398
house,2,surname,Hispanic (est.),18,4
house,2,surname,Hispanic (est.),19,3
house,2,surname,Hispanic (est.),20,4
house,2,surname,Hispanic (est.),21,7
house,2,surname,Hispanic (est.),22,3
house,2,surname,Hispanic (est.),25,1
house,2,surname,Hispanic (est.),26,3
house,2,surname,Hispanic (est.),27,3
house,2,surname,Hispanic (est.),28,1
house,2,surname,Hispanic (est.),29,8
house,2,surname,Hispanic (est.),32,1
house,2,surname,Hispanic (est.),33,1
house,2,surname,Hispanic (est.),34,3
house,2,surname,Hispanic (est.),35,3
house,20,surname,All others (est.),4,6170
house,20,surname,All others (est.),5,4404
house,20,surname,All others (est.),6,4856
house,20,surname,All others (est.),7,5280
house,20,surname,All others (est.),8,6247
house,20,surname,All others (est.),9,2690
house,20,surname,All others (est.),10,4623
house,20,surname,All others (est.),11,8661
house,20,surname,All others (est.),12,8827
house,20,surname,All others (est.),13,9444
house,20,surname,All others (est.),14,9186
house,20,surname,All others (est.),15,9468
house,20,surname,All others (est.),17,3
house,20,surname,All others (est.),18,261
house,20,surname,All others (est.),19,489
house,20,surname,All others (est.),20,228
house,20,surname,All others (est.),21,148
house,20,surname,All others (est.),22,245
house,20,surname,All others (est.),25,19
house,20,surname,All others (est.),26,7
house,20,surname,All others (est.),27,13
house,20,surname,All others (est.),28,7
house,20,surname,All others (est.),29,20
house,20,surname,All others (est.),32,1
house,20,surname,All others (est.),33,5
house,20,surname,All others (est.),34,3
house,20,surname,All others (est.),35,9
house,20,surname,All others (est.),36,7
house,20,surname,All others (est.),37,3
house,20,surname,Asian (est.),4,312
house,20,surname,Asian (est.),5,196
house,20,surname,Asian (est.),6,229
house,20,surname,Asian (est.),7,230
house,20,surname,Asian (est.),8,242
house,20,surname,Asian (est.),9,134
house,20,surname,Asian (est.),10,204
house,20,surname,Asian (est.),11,338
house,20,surname,Asian (est.),12,291
house,20,surname,Asian (est.),13,297
house,20,surname,Asian (est.),14,283
house,20,surname,Asian (est.),15,316
house,20,surname,Asian (est.),18,5
house,20,surname,Asian (est.),19,11
house,20,surname,Asian (est.),20,6
house,20,surname,Asian (est.),21,4
house,20,surname,Asian (est.),22,4
house,20,surname,Asian (est.),29,1
house,20,surname,Asian (est.),34,1
house,20,surname,Hispanic (est.),4,1383
house,20,surname,Hispanic (est.),5,925
house,20,surname,Hispanic (est.),6,897
house,20,surname,Hispanic (est.),7,941
house,20,surname,Hispanic (est.),8,1014
house,20,surname,Hispanic (est.),9,505
house,20,surname,Hispanic (est.),10,816
house,20,surname,Hispanic (est.),11,1304
house,20,surname,Hispanic (est.),12,1248
house,20,surname,Hispanic (est.),13,1232
house,20,surname,Hispanic (est.),14,1238
house,20,surname,Hispanic (est.),15,1338
house,20,surname,Hispanic (est.),18,24
house,20,surname,Hispanic (est.),19,48
house,20,surname,Hispanic (est.),20,24
house,20,surname,Hispanic (est.),21,15
house,20,surname,Hispanic (est.),22,15
house,20,surname,Hispanic (est.),25,1
house,20,surname,Hispanic (est.),27,1
house,20,surname,Hispanic (est.),28,1
house,20,surname,Hispanic (est.),29,1
house,20,surname,Hispanic (est.),32,1
house,20,surname,Hispanic (est.),34,2
house,21,surname,All others (est.),4,5405
house,21,surname,All others (est.),5,2775
house,21,surname,All others (est.),6,3402
house,21,surname,All others (est.),7,4108
house,21,surname,All others (est.),8,4807
house,21,surname,All others (est.),9,2069
house,21,surname,All others (est.),10,4332
house,21,surname,All others (est.),11,6509
house,21,surname,All others (est.),12,5796
house,21,surname,All others (est.),13,6613
house,21,surname,All others (est.),14,7339
house,21,surname,All others (est.),15,8117
house,21,surname,All others (est.),17,46
house,21,surname,All others (est.),18,96
house,21,surname,All others (est.),19,169
house,21,surname,All others (est.),20,77
house,21,surname,All others (est.),21,268
house,21,surname,All others (est.),25,46
house,21,surname,All others (est.),26,36
house,21,surname,All others (est.),27,43
house,21,surname,All others (est.),28,87
house,21,surname,All others (est.),29,44
house,21,surname,All others (est.),32,36
house,21,surname,All others (est.),33,54
house,21,surname,All others (est.),34,37
house,21,surname,All others (est.),35,62
house,21,surname,All others (est.),36,5
house,21,surname,Asian (est.),4,157
house,21,surname,Asian (est.),5,76
house,21,surname,Asian (est.),6,95
house,21,surname,Asian (est.),7,96
house,21,surname,Asian (est.),8,119
house,21,surname,Asian (est.),9,63
house,21,surname,Asian (est.),10,119
house,21,surname,Asian (est.),11,139
house,21,surname,Asian (est.),12,109
house,21,surname,Asian (est.),13,126
house,21,surname,Asian (est.),14,140
house,21,surname,Asian (est.),15,135
house,21,surname,Asian (est.),17,3
house,21,surname,Asian (est.),18,4
house,21,surname,Asian (est.),19,3
house,21,surname,Asian (est.),20,2
house,21,surname,Asian (est.),21,4
house,21,surname,Asian (est.),29,1
house,21,surname,Asian (est.),33,1
house,21,surname,Asian (est.),34,2
house,21,surname,Asian (est.),35,1
house,21,surname,Hispanic (est.),4,529
house,21,surname,Hispanic (est.),5,269
house,21,surname,Hispanic (est.),6,285
house,21,surname,Hispanic (est.),7,352
house,21,surname,Hispanic (est.),8,394
house,21,surname,Hispanic (est.),9,176
house,21,surname,Hispanic (est.),10,401
house,21,surname,Hispanic (est.),11,501
house,21,surname,Hispanic (est.),12,390
house,21,surname,Hispanic (est.),13,438
house,21,surname,Hispanic (est.),14,499
house,21,surname,Hispanic (est.),15,518
house,21,surname,Hispanic (est.),17,3
house,21,surname,Hispanic (est.),18,4
house,21,surname,Hispanic (est.),19,8
house,21,surname,Hispanic (est.),20,6
house,21,surname,Hispanic (est.),21,17
house,21,surname,Hispanic (est.),25,2
house,21,surname,Hispanic (est.),26,2
house,21,surname,Hispanic (est.),27,2
house,21,surname,Hispanic (est.),28,2
house,21,surname,Hispanic (est.),29,3
house,21,surname,Hispanic (est.),32,3
house,21,surname,Hispanic (est.),33,5
house,21,surname,Hispanic (est.),34,1
house,21,surname,Hispanic (est.),35,5
house,22,surname,All others (est.),4,3626
house,22,surname,All others (est.),5,1764
house,22,surname,All others (est.),6,2109
house,22,surname,All others (est.),7,2412
house,22,surname,All others (est.),8,2914
house,22,surname,All others (est.),9,1405
house,22,surname,All others (est.),10,2555
house,22,surname,All others (est.),11,3545
house,22,surname,All others (est.),12,3333
house,22,surname,All others (est.),13,3955
house,22,surname,All others (est.),14,4507
house,22,surname,All others (est.),15,5439
house,22,surname,All others (est.),17,139
house,22,surname,All others (est.),18,224
house,22,surname,All others (est.),19,240
house,22,surname,All others (est.),20,70
house,22,surname,All others (est.),21,495
house,22,surname,All others (est.),25,50
house,22,surname,All others (est.),26,2
house,22,surname,All others (est.),28,4
house,22,surname,All others (est.),29,9
house,22,surname,All others (est.),33,1
house,22,surname,All others (est.),34,1
house,22,surname,All others (est.),35,2
house,22,surname,All others (est.),36,1
house,22,surname,Asian (est.),4,156
house,22,surname,Asian (est.),5,71
house,22,surname,Asian (est.),6,84
house,22,surname,Asian (est.),7,111
house,22,surname,Asian (est.),8,137
house,22,surname,Asian (est.),9,68
house,22,surname,Asian (est.),10,125
house,22,surname,Asian (est.),11,127
house,22,surname,Asian (est.),12,115
house,22,surname,Asian (est.),13,121
house,22,surname,Asian (est.),14,118
house,22,surname,Asian (est.),15,173
house,22,surname,Asian (est.),17,3
house,22,surname,Asian (est.),18,3
house,22,surname,Asian (est.),19,4
house,22,surname,Asian (est.),20,1
house,22,surname,Asian (est.),21,10
house,22,surname,Asian (est.),25,4
house,22,surname,Hispanic (est.),4,613
house,22,surname,Hispanic (est.),5,310
house,22,surname,Hispanic (est.),6,303
house,22,surname,Hispanic (est.),7,341
house,22,surname,Hispanic (est.),8,368
house,22,surname,Hispanic (est.),9,186
house,22,surname,Hispanic (est.),10,352
house,22,surname,Hispanic (est.),11,394
house,22,surname,Hispanic (est.),12,323
house,22,surname,Hispanic (est.),13,377
house,22,surname,Hispanic (est.),14,410
house,22,surname,Hispanic (est.),15,478
house,22,surname,Hispanic (est.),17,10
house,22,surname,Hispanic (est.),18,14
house,22,surname,Hispanic (est.),19,17
house,22,surname,Hispanic (est.),20,4
house,22,surname,Hispanic (est.),21,37
house,22,surname,Hispanic (est.),25,5
house,23,surname,All others (est.),4,4972
house,23,surname,All others (est.),5,2699
house,23,surname,All others (est.),6,3185
house,23,surname,All others (est.),7,3591
house,23,surname,All others (est.),8,4349
house,23,surname,All others (est.),9,1499
house,23,surname,All others (est.),10,3326
house,23,surname,All others (est.),11,5597
house,23,surname,All others (est.),12,5051
house,23,surname,All others (est.),13,6087
house,23,surname,All others (est.),14,6868
house,23,surname,All others (est.),15,8215
house,23,surname,All others (est.),18,83
house,23,surname,All others (est.),19,95
house,23,surname,All others (est.),20,76
house,23,surname,All others (est.),21,64
house,23,surname,All others (est.),22,81
house,23,surname,All others (est.),25,72
house,23,surname,All others (est.),26,65
house,23,surname,All others (est.),27,102
house,23,surname,All others (est.),28,89
house,23,surname,All others (est.),29,145
house,23,surname,All others (est.),32,54
house,23,surname,All others (est.),33,47
house,23,surname,All others (est.),34,27
house,23,surname,All others (est.),35,8
house,23,surname,All others (est.),36,2
house,23,surname,All others (est.),37,2
house,23,surname,Asian (est.),4,171
house,23,surname,Asian (est.),5,89
house,23,surname,Asian (est.),6,122
house,23,surname,Asian (est.),7,132
house,23,surname,Asian (est.),8,147
house,23,surname,Asian (est.),9,64
house,23,surname,Asian (est.),10,127
house,23,surname,Asian (est.),11,169
house,23,surname,Asian (est.),12,151
house,23,surname,Asian (est.),13,150
house,23,surname,Asian (est.),14,197
house,23,surname,Asian (est.),15,185
house,23,surname,Asian (est.),18,2
house,23,surname,Asian (est.),19,2
house,23,surname,Asian (est.),20,2
house,23,surname,Asian (est.),21,1
house,23,surname,Asian (est.),22,2
house,23,surname,Asian (est.),25,1
house,23,surname,Asian (est.),26,4
house,23,surname,Asian (est.),27,3
house,23,surname,Asian (est.),28,2
house,23,surname,Asian (est.),29,3
house,23,surname,Asian (est.),33,1
house,23,surname,Asian (est.),35,2
house,23,surname,Hispanic (est.),4,1223
house,23,surname,Hispanic (est.),5,599
house,23,surname,Hispanic (est.),6,712
house,23,surname,Hispanic (est.),7,782
house,23,surname,Hispanic (est.),8,843
house,23,surname,Hispanic (est.),9,325
house,23,surname,Hispanic (est.),10,810
house,23,surname,Hispanic (est.),11,1028
house,23,surname,Hispanic (est.),12,796
house,23,surname,Hispanic (est.),13,941
house,23,surname,Hispanic (est.),14,1038
house,23,surname,Hispanic (est.),15,1087
house,23,surname,Hispanic (est.),18,13
house,23,surname,Hispanic (est.),19,11
house,23,surname,Hispanic (est.),20,8
house,23,surname,Hispanic (est.),21,10
house,23,surname,Hispanic (est.),22,16
house,23,surname,Hispanic (est.),25,10
house,23,surname,Hispanic (est.),26,7
house,23,surname,Hispanic (est.),27,6
house,23,surname,Hispanic (est.),28,12
house,23,surname,Hispanic (est.),29,19
house,23,surname,Hispanic (est.),32,6
house,23,surname,Hispanic (est.),33,12
house,23,surname,Hispanic (est.),34,4
house,23,surname,Hispanic (est.),35,1
house,24,surname,All others (est.),4,6086
house,24,surname,All others (est.),5,3545
house,24,surname,All others (est.),6,3985
house,24,surname,All others (est.),7,4701
house,24,surname,All others (est.),8,5458
house,24,surname,All others (est.),9,2388
house,24,surname,All others (est.),10,5124
house,24,surname,All others (est.),11,7549
house,24,surname,All others (est.),12,6463
house,24,surname,All others (est.),13,7261
house,24,surname,All others (est.),14,8424
house,24,surname,All others (est.),15,9396
house,24,surname,All others (est.),18,153
house,24,surname,All others (est.),19,150
house,24,surname,All others (est.),20,120
house,24,surname,All others (est.),21,83
house,24,surname,All others (est.),22,119
house,24,surname,All others (est.),25,103
house,24,surname,All others (est.),26,113
house,24,surname,All others (est.),27,147
house,24,surname,All others (est.),28,160
house,24,surname,All others (est.),29,120
house,24,surname,All others (est.),32,20
house,24,surname,All others (est.),33,20
house,24,surname,All others (est.),34,23
house,24,surname,All others (est.),35,9
house,24,surname,All others (est.),36,2
house,24,surname,All others (est.),37,1
house,24,surname,Asian (est.),4,325
house,24,surname,Asian (est.),5,197
house,24,surname,Asian (est.),6,201
house,24,surname,Asian (est.),7,215
house,24,surname,Asian (est.),8,266
house,24,surname,Asian (est.),9,146
house,24,surname,Asian (est.),10,261
house,24,surname,Asian (est.),11,324
house,24,surname,Asian (est.),12,280
house,24,surname,Asian (est.),13,256
house,24,surname,Asian (est.),14,266
house,24,surname,Asian (est.),15,305
house,24,surname,Asian (est.),18,4
house,24,surname,Asian (est.),19,6
house,24,surname,Asian (est.),20,4
house,24,surname,Asian (est.),21,2
house,24,surname,Asian (est.),22,5
house,24,surname,Asian (est.),25,2
house,24,surname,Asian (est.),26,5
house,24,surname,Asian (est.),27,7
house,24,surname,Asian (est.),28,3
house,24,surname,Asian (est.),29,4
house,24,surname,Asian (est.),33,1
house,24,surname,Asian (est.),36,1
house,24,surname,Hispanic (est.),4,1332
house,24,surname,Hispanic (est.),5,682
house,24,surname,Hispanic (est.),6,709
house,24,surname,Hispanic (est.),7,780
house,24,surname,Hispanic (est.),8,968
house,24,surname,Hispanic (est.),9,489
house,24,surname,Hispanic (est.),10,1052
house,24,surname,Hispanic (est.),11,1200
house,24,surname,Hispanic (est.),12,918
house,24,surname,Hispanic (est.),13,988
house,24,surname,Hispanic (est.),14,1057
house,24,surname,Hispanic (est.),15,1248
house,24,surname,Hispanic (est.),18,14
house,24,surname,Hispanic (est.),19,20
house,24,surname,Hispanic (est.),20,13
house,24,surname,Hispanic (est.),21,11
house,24,surname,Hispanic (est.),22,10
house,24,surname,Hispanic (est.),25,6
house,24,surname,Hispanic (est.),26,16
house,24,surname,Hispanic (est.),27,22
house,24,surname,Hispanic (est.),28,24
house,24,surname,Hispanic (est.),29,10
house,24,surname,Hispanic (est.),32,2
house,24,surname,Hispanic (est.),33,2
house,24,surname,Hispanic (est.),34,3
house,24,surname,Hispanic (est.),35,1
house,24,surname,Hispanic (est.),36,1
house,24,surname,Hispanic (est.),37,2
house,25,surname,All others (est.),4,4831
house,25,surname,All others (est.),5,2820
house,25,surname,All others (est.),6,2972
house,25,surname,All others (est.),7,3231
house,25,surname,All others (est.),8,3956
house,25,surname,All others (est.),9,1588
house,25,surname,All others (est.),10,3332
house,25,surname,All others (est.),11,5486
house,25,surname,All others (est.),12,4842
house,25,surname,All others (est.),13,5577
house,25,surname,All others (est.),14,6135
house,25,surname,All others (est.),15,7229
house,25,surname,All others (est.),18,5
house,25,surname,All others (est.),19,1
house,25,surname,All others (est.),20,5
house,25,surname,All others (est.),21,87
house,25,surname,All others (est.),22,40
house,25,surname,All others (est.),25,48
house,25,surname,All others (est.),26,48
house,25,surname,All others (est.),27,52
house,25,surname,All others (est.),28,47
house,25,surname,All others (est.),29,97
house,25,surname,All others (est.),32,37
house,25,surname,All others (est.),33,50
house,25,surname,All others (est.),34,75
house,25,surname,All others (est.),35,3
house,25,surname,All others (est.),36,65
house,25,surname,All others (est.),37,4
house,25,surname,Asian (est.),4,343
house,25,surname,Asian (est.),5,217
house,25,surname,Asian (est.),6,217
house,25,surname,Asian (est.),7,227
house,25,surname,Asian (est.),8,271
house,25,surname,Asian (est.),9,146
house,25,surname,Asian (est.),10,272
house,25,surname,Asian (est.),11,336
house,25,surname,Asian (est.),12,262
house,25,surname,Asian (est.),13,277
house,25,surname,Asian (est.),14,251
house,25,surname,Asian (est.),15,294
house,25,surname,Asian (est.),21,6
house,25,surname,Asian (est.),22,1
house,25,surname,Asian (est.),25,2
house,25,surname,Asian (est.),26,3
house,25,surname,Asian (est.),27,3
house,25,surname,Asian (est.),28,5
house,25,surname,Asian (est.),29,3
house,25,surname,Asian (est.),32,1
house,25,surname,Asian (est.),33,1
house,25,surname,Asian (est.),34,2
house,25,surname,Asian (est.),36,2
house,25,surname,Hispanic (est.),4,1347
house,25,surname,Hispanic (est.),5,693
house,25,surname,Hispanic (est.),6,625
house,25,surname,Hispanic (est.),7,750
house,25,surname,Hispanic (est.),8,838
house,25,surname,Hispanic (est.),9,368
house,25,surname,Hispanic (est.),10,730
house,25,surname,Hispanic (est.),11,1097
house,25,surname,Hispanic (est.),12,871
house,25,surname,Hispanic (est.),13,1004
house,25,surname,Hispanic (est.),14,988
house,25,surname,Hispanic (est.),15,1071
house,25,surname,Hispanic (est.),20,1
house,25,surname,Hispanic (est.),21,13
house,25,surname,Hispanic (est.),22,4
house,25,surname,Hispanic (est.),25,5
house,25,surname,Hispanic (est.),26,5
house,25,surname,Hispanic (est.),27,4
house,25,surname,Hispanic (est.),28,3
house,25,surname,Hispanic (est.),29,15
house,25,surname,Hispanic (est.),32,6
house,25,surname,Hispanic (est.),33,7
house,25,surname,Hispanic (est.),34,11
house,25,surname,Hispanic (est.),35,4
house,25,surname,Hispanic (est.),36,2
house,26,surname,All others (est.),4,4852
house,26,surname,All others (est.),5,2867
house,26,surname,All others (est.),6,3246
house,26,surname,All others (est.),7,3705
house,26,surname,All others (est.),8,4253
house,26,surname,All others (est.),9,1483
house,26,surname,All others (est.),10,3884
house,26,surname,All others (est.),11,5638
house,26,surname,All others (est.),12,5525
house,26,surname,All others (est.),13,5813
house,26,surname,All others (est.),14,5907
house,26,surname,All others (est.),15,5810
house,26,surname,All others (est.),17,44
house,26,surname,All others (est.),18,69
house,26,surname,All others (est.),19,106
house,26,surname,All others (est.),20,189
house,26,surname,All others (est.),22,15
house,26,surname,All others (est.),24,2
house,26,surname,All others (est.),25,99
house,26,surname,All others (est.),26,18
house,26,surname,All others (est.),27,21
house,26,surname,All others (est.),28,2
house,26,surname,All others (est.),29,11
house,26,surname,All others (est.),33,2
house,26,surname,All others (est.),34,4
house,26,surname,All others (est.),35,4
house,26,surname,All others (est.),36,1
house,26,surname,Asian (est.),4,1111
house,26,surname,Asian (est.),5,627
house,26,surname,Asian (est.),6,632
house,26,surname,Asian (est.),7,680
house,26,surname,Asian (est.),8,741
house,26,surname,Asian (est.),9,365
house,26,surname,Asian (est.),10,842
house,26,surname,Asian (est.),11,882
house,26,surname,Asian (est.),12,724
house,26,surname,Asian (est.),13,727
house,26,surname,Asian (est.),14,651
house,26,surname,Asian (est.),15,613
house,26,surname,Asian (est.),17,3
house,26,surname,Asian (est.),18,10
house,26,surname,Asian (est.),19,13
house,26,surname,Asian (est.),20,14
house,26,surname,Asian (est.),22,1
house,26,surname,Asian (est.),25,5
house,26,surname,Asian (est.),26,5
house,26,surname,Asian (est.),27,3
house,26,surname,Asian (est.),28,1
house,26,surname,Asian (est.),29,2
house,26,surname,Asian (est.),34,1
house,26,surname,Hispanic (est.),4,1367
house,26,surname,Hispanic (est.),5,781
house,26,surname,Hispanic (est.),6,821
house,26,surname,Hispanic (est.),7,891
house,26,surname,Hispanic (est.),8,1000
house,26,surname,Hispanic (est.),9,419
house,26,surname,Hispanic (est.),10,986
house,26,surname,Hispanic (est.),11,1267
house,26,surname,Hispanic (est.),12,1068
house,26,surname,Hispanic (est.),13,1097
house,26,surname,Hispanic (est.),14,1067
house,26,surname,Hispanic (est.),15,1225
house,26,surname,Hispanic (est.),17,11
house,26,surname,Hispanic (est.),18,8
house,26,surname,Hispanic (est.),19,16
house,26,surname,Hispanic (est.),20,20
house,26,surname,Hispanic (est.),22,1
house,26,surname,Hispanic (est.),24,3
house,26,surname,Hispanic (est.),25,13
house,26,surname,Hispanic (est.),26,2
house,26,surname,Hispanic (est.),27,3
house,26,surname,Hispanic (est.),29,2
house,26,surname,Hispanic (est.),34,2
house,26,surname,Hispanic (est.),36,1
house,27,surname,All others (est.),4,5576
house,27,surname,All others (est.),5,3492
house,27,surname,All others (est.),6,3605
house,27,surname,All others (est.),7,4043
house,27,surname,All others (est.),8,4609
house,27,surname,All others (est.),9,1185
house,27,surname,All others (est.),10,3801
house,27,surname,All others (est.),11,5607
house,27,surname,All others (est.),12,5495
house,27,surname,All others (est.),13,5850
house,27,surname,All others (est.),14,6156
house,27,surname,All others (est.),15,6400
house,27,surname,All others (est.),17,103
house,27,surname,All others (est.),18,84
house,27,surname,All others (est.),19,97
house,27,surname,All others (est.),20,249
house,27,surname,All others (est.),22,8
house,27,surname,All others (est.),24,5
house,27,surname,All others (est.),25,104
house,27,surname,All others (est.),26,14
house,27,surname,All others (est.),27,47
house,27,surname,All others (est.),29,26
house,27,surname,All others (est.),32,2
house,27,surname,All others (est.),33,2
house,27,surname,All others (est.),34,3
house,27,surname,All others (est.),36,1
house,27,surname,Asian (est.),4,828
house,27,surname,Asian (est.),5,543
house,27,surname,Asian (est.),6,560
house,27,surname,Asian (est.),7,602
house,27,surname,Asian (est.),8,600
house,27,surname,Asian (est.),9,234
house,27,surname,Asian (est.),10,563
house,27,surname,Asian (est.),11,716
house,27,surname,Asian (est.),12,680
house,27,surname,Asian (est.),13,660
house,27,surname,Asian (est.),14,634
house,27,surname,Asian (est.),15,522
house,27,surname,Asian (est.),17,11
house,27,surname,Asian (est.),18,2
house,27,surname,Asian (est.),19,4
house,27,surname,Asian (est.),20,17
house,27,surname,Asian (est.),24,3
house,27,surname,Asian (est.),25,2
house,27,surname,Asian (est.),27,4
house,27,surname,Asian (est.),36,1
house,27,surname,Hispanic (est.),4,1387
house,27,surname,Hispanic (est.),5,733
house,27,surname,Hispanic (est.),6,757
house,27,surname,Hispanic (est.),7,774
house,27,surname,Hispanic (est.),8,777
house,27,surname,Hispanic (est.),9,247
house,27,surname,Hispanic (est.),10,757
house,27,surname,Hispanic (est.),11,952
house,27,surname,Hispanic (est.),12,905
house,27,surname,Hispanic (est.),13,848
house,27,surname,Hispanic (est.),14,886
house,27,surname,Hispanic (est.),15,875
house,27,surname,Hispanic (est.),17,10
house,27,surname,Hispanic (est.),18,7
house,27,surname,Hispanic (est.),19,10
house,27,surname,Hispanic (est.),20,28
house,27,surname,Hispanic (est.),22,4
house,27,surname,Hispanic (est.),24,1
house,27,surname,Hispanic (est.),25,6
house,27,surname,Hispanic (est.),26,1
house,27,surname,Hispanic (est.),27,2
house,27,surname,Hispanic (est.),29,2
house,27,surname,Hispanic (est.),36,1
house,28,surname,All others (est.),4,5576
house,28,surname,All others (est.),5,3304
house,28,surname,All others (est.),6,3603
house,28,surname,All others (est.),7,4031
house,28,surname,All others (est.),8,4429
house,28,surname,All others (est.),9,1410
house,28,surname,All others (est.),10,3666
house,28,surname,All others (est.),11,6452
house,28,surname,All others (est.),12,5682
house,28,surname,All others (est.),13,6658
house,28,surname,All others (est.),14,6924
house,28,surname,All others (est.),15,7763
house,28,surname,All others (est.),17,36
house,28,surname,All others (est.),18,52
house,28,surname,All others (est.),19,104
house,28,surname,All others (est.),20,209
house,28,surname,All others (est.),22,13
house,28,surname,All others (est.),24,37
house,28,surname,All others (est.),25,64
house,28,surname,All others (est.),26,20
house,28,surname,All others (est.),27,35
house,28,surname,All others (est.),28,3
house,28,surname,All others (est.),29,15
house,28,surname,All others (est.),32,5
house,28,surname,All others (est.),33,4
house,28,surname,All others (est.),34,3
house,28,surname,All others (est.),35,2
house,28,surname,All others (est.),36,2
house,28,surname,Asian (est.),4,1320
house,28,surname,Asian (est.),5,721
house,28,surname,Asian (est.),6,710
house,28,surname,Asian (est.),7,768
house,28,surname,Asian (est.),8,806
house,28,surname,Asian (est.),9,279
house,28,surname,Asian (est.),10,834
house,28,surname,Asian (est.),11,966
house,28,surname,Asian (est.),12,822
house,28,surname,Asian (est.),13,809
house,28,surname,Asian (est.),14,824
house,28,surname,Asian (est.),15,865
house,28,surname,Asian (est.),17,3
house,28,surname,Asian (est.),18,6
house,28,surname,Asian (est.),19,15
house,28,surname,Asian (est.),20,18
house,28,surname,Asian (est.),22,2
house,28,surname,Asian (est.),24,4
house,28,surname,Asian (est.),25,4
house,28,surname,Asian (est.),27,3
house,28,surname,Asian (est.),28,1
house,28,surname,Asian (est.),29,4
house,28,surname,Asian (est.),33,1
house,28,surname,Asian (est.),34,1
house,28,surname,Hispanic (est.),4,1800
house,28,surname,Hispanic (est.),5,1098
house,28,surname,Hispanic (est.),6,1030
house,28,surname,Hispanic (est.),7,1084
house,28,surname,Hispanic (est.),8,1129
house,28,surname,Hispanic (est.),9,437
house,28,surname,Hispanic (est.),10,1089
house,28,surname,Hispanic (est.),11,1533
house,28,surname,Hispanic (est.),12,1271
house,28,surname,Hispanic (est.),13,1328
house,28,surname,Hispanic (est.),14,1354
house,28,surname,Hispanic (est.),15,1518
house,28,surname,Hispanic (est.),17,7
house,28,surname,Hispanic (est.),18,3
house,28,surname,Hispanic (est.),19,24
house,28,surname,Hispanic (est.),20,39
house,28,surname,Hispanic (est.),22,1
house,28,surname,Hispanic (est.),24,10
house,28,surname,Hispanic (est.),25,6
house,28,surname,Hispanic (est.),26,2
house,28,surname,Hispanic (est.),27,5
house,28,surname,Hispanic (est.),29,1
house,28,surname,Hispanic (est.),32,1
house,28,surname,Hispanic (est.),35,1
house,29,surname,All others (est.),4,4600
house,29,surname,All others (est.),5,2833
house,29,surname,All others (est.),6,2951
house,29,surname,All others (est.),7,3387
house,29,surname,All others (est.),8,4255
house,29,surname,All others (est.),9,1810
house,29,surname,All others (est.),10,3799
house,29,surname,All others (est.),11,5661
house,29,surname,All others (est.),12,5226
house,29,surname,All others (est.),13,5521
house,29,surname,All others (est.),14,6228
house,29,surname,All others (est.),15,6521
house,29,surname,All others (est.),18,4
house,29,surname,All others (est.),19,2
house,29,surname,All others (est.),20,6
house,29,surname,All others (est.),21,98
house,29,surname,All others (est.),22,43
house,29,surname,All others (est.),25,54
house,29,surname,All others (est.),26,51
house,29,surname,All others (est.),27,81
house,29,surname,All others (est.),28,72
house,29,surname,All others (est.),29,79
house,29,surname,All others (est.),32,35
house,29,surname,All others (est.),33,79
house,29,surname,All others (est.),34,76
house,29,surname,All others (est.),35,8
house,29,surname,All others (est.),36,59
house,29,surname,All others (est.),37,2
house,29,surname,Asian (est.),4,452
house,29,surname,Asian (est.),5,279
house,29,surname,Asian (est.),6,267
house,29,surname,Asian (est.),7,295
house,29,surname,Asian (est.),8,348
house,29,surname,Asian (est.),9,182
house,29,surname,Asian (est.),10,392
house,29,surname,Asian (est.),11,432
house,29,surname,Asian (est.),12,338
house,29,surname,Asian (est.),13,336
house,29,surname,Asian (est.),14,396
house,29,surname,Asian (est.),15,379
house,29,surname,Asian (est.),20,1
house,29,surname,Asian (est.),21,8
house,29,surname,Asian (est.),22,2
house,29,surname,Asian (est.),25,1
house,29,surname,Asian (est.),26,3
house,29,surname,Asian (est.),27,4
house,29,surname,Asian (est.),28,4
house,29,surname,Asian (est.),29,3
house,29,surname,Asian (est.),32,1
house,29,surname,Asian (est.),33,1
house,29,surname,Asian (est.),34,2
house,29,surname,Asian (est.),35,1
house,29,surname,Asian (est.),36,1
house,29,surname,Hispanic (est.),4,1632
house,29,surname,Hispanic (est.),5,899
house,29,surname,Hispanic (est.),6,850
house,29,surname,Hispanic (est.),7,957
house,29,surname,Hispanic (est.),8,1062
house,29,surname,Hispanic (est.),9,531
house,29,surname,Hispanic (est.),10,1081
house,29,surname,Hispanic (est.),11,1389
house,29,surname,Hispanic (est.),12,1065
house,29,surname,Hispanic (est.),13,1228
house,29,surname,Hispanic (est.),14,1246
house,29,surname,Hispanic (est.),15,1188
house,29,surname,Hispanic (est.),20,2
house,29,surname,Hispanic (est.),21,13
house,29,surname,Hispanic (est.),22,5
house,29,surname,Hispanic (est.),25,8
house,29,surname,Hispanic (est.),26,10
house,29,surname,Hispanic (est.),27,7
house,29,surname,Hispanic (est.),28,11
house,29,surname,Hispanic (est.),29,14
house,29,surname,Hispanic (est.),32,8
house,29,surname,Hispanic (est.),33,12
house,29,surname,Hispanic (est.),34,12
house,29,surname,Hispanic (est.),35,2
house,29,surname,Hispanic (est.),36,3
house,3,surname,All others (est.),4,6564
house,3,surname,All others (est.),5,5163
house,3,surname,All others (est.),6,5884
house,3,surname,All others (est.),7,6636
house,3,surname,All others (est.),8,6818
house,3,surname,All others (est.),9,3591
house,3,surname,All others (est.),10,6329
house,3,surname,All others (est.),11,5859
house,3,surname,All others (est.),12,5497
house,3,surname,All others (est.),13,5359
house,3,surname,All others (est.),14,4996
house,3,surname,All others (est.),15,4922
house,3,surname,All others (est.),18,64
house,3,surname,All others (est.),19,97
house,3,surname,All others (est.),20,46
house,3,surname,All others (est.),21,189
house,3,surname,All others (est.),22,4
house,3,surname,All others (est.),25,81
house,3,surname,All others (est.),26,93
house,3,surname,All others (est.),27,134
house,3,surname,All others (est.),28,40
house,3,surname,All others (est.),29,176
house,3,surname,All others (est.),32,107
house,3,surname,All others (est.),33,61
house,3,surname,All others (est.),34,122
house,3,surname,All others (est.),35,25
house,3,surname,All others (est.),36,55
house,3,surname,All others (est.),37,4
house,3,surname,Asian (est.),4,243
house,3,surname,Asian (est.),5,192
house,3,surname,Asian (est.),6,212
house,3,surname,Asian (est.),7,225
house,3,surname,Asian (est.),8,242
house,3,surname,Asian (est.),9,131
house,3,surname,Asian (est.),10,238
house,3,surname,Asian (est.),11,177
house,3,surname,Asian (est.),12,133
house,3,surname,Asian (est.),13,159
house,3,surname,Asian (est.),14,115
house,3,surname,Asian (est.),15,136
house,3,surname,Asian (est.),18,1
house,3,surname,Asian (est.),19,3
house,3,surname,Asian (est.),20,1
house,3,surname,Asian (est.),21,4
house,3,surname,Asian (est.),25,2
house,3,surname,Asian (est.),26,4
house,3,surname,Asian (est.),27,3
house,3,surname,Asian (est.),29,6
house,3,surname,Asian (est.),32,3
house,3,surname,Asian (est.),33,1
house,3,surname,Asian (est.),34,1
house,3,surname,Asian (est.),36,1
house,3,surname,Hispanic (est.),4,1558
house,3,surname,Hispanic (est.),5,1046
house,3,surname,Hispanic (est.),6,1062
house,3,surname,Hispanic (est.),7,1017
house,3,surname,Hispanic (est.),8,1031
house,3,surname,Hispanic (est.),9,620
house,3,surname,Hispanic (est.),10,1182
house,3,surname,Hispanic (est.),11,889
house,3,surname,Hispanic (est.),12,692
house,3,surname,Hispanic (est.),13,709
house,3,surname,Hispanic (est.),14,569
house,3,surname,Hispanic (est.),15,578
house,3,surname,Hispanic (est.),18,7
house,3,surname,Hispanic (est.),19,7
house,3,surname,Hispanic (est.),20,4
house,3,surname,Hispanic (est.),21,16
house,3,surname,Hispanic (est.),22,2
house,3,surname,Hispanic (est.),25,6
house,3,surname,Hispanic (est.),26,7
house,3,surname,Hispanic (est.),27,8
house,3,surname,Hispanic (est.),28,1
house,3,surname,Hispanic (est.),29,21
house,3,surname,Hispanic (est.),32,6
house,3,surname,Hispanic (est.),33,4
house,3,surname,Hispanic (est.),34,9
house,3,surname,Hispanic (est.),35,5
house,3,surname,Hispanic (est.),36,5
house,3,surname,Hispanic (est.),37,2
house,30,surname,All others (est.),4,3772
house,30,surname,All others (est.),5,2658
house,30,surname,All others (est.),6,3062
house,30,surname,All others (est.),7,3419
house,30,surname,All others (est.),8,3804
house,30,surname,All others (est.),9,1654
house,30,surname,All others (est.),10,3086
house,30,surname,All others (est.),11,4289
house,30,surname,All others (est.),12,4070
house,30,surname,All others (est.),13,4293
house,30,surname,All others (est.),14,4441
house,30,surname,All others (est.),15,4750
house,30,surname,All others (est.),16,101
house,30,surname,All others (est.),18,21
house,30,surname,All others (est.),19,126
house,30,surname,All others (est.),20,152
house,30,surname,All others (est.),21,132
house,30,surname,All others (est.),22,5
house,30,surname,All others (est.),25,79
house,30,surname,All others (est.),26,92
house,30,surname,All others (est.),27,106
house,30,surname,All others (est.),28,14
house,30,surname,All others (est.),29,169
house,30,surname,All others (est.),32,66
house,30,surname,All others (est.),33,138
house,30,surname,All others (est.),34,84
house,30,surname,All others (est.),36,293
house,30,surname,All others (est.),37,85
house,30,surname,Asian (est.),4,117
house,30,surname,Asian (est.),5,72
house,30,surname,Asian (est.),6,74
house,30,surname,Asian (est.),7,98
house,30,surname,Asian (est.),8,110
house,30,surname,Asian (est.),9,50
house,30,surname,Asian (est.),10,76
house,30,surname,Asian (est.),11,89
house,30,surname,Asian (est.),12,92
house,30,surname,Asian (est.),13,97
house,30,surname,Asian (est.),14,99
house,30,surname,Asian (est.),15,138
house,30,surname,Asian (est.),16,2
house,30,surname,Asian (est.),19,4
house,30,surname,Asian (est.),20,4
house,30,surname,Asian (est.),21,3
house,30,surname,Asian (est.),25,1
house,30,surname,Asian (est.),26,1
house,30,surname,Asian (est.),27,1
house,30,surname,Asian (est.),29,4
house,30,surname,Asian (est.),32,1
house,30,surname,Asian (est.),33,4
house,30,surname,Asian (est.),34,2
house,30,surname,Asian (est.),36,8
house,30,surname,Asian (est.),37,2
house,30,surname,Hispanic (est.),4,1352
house,30,surname,Hispanic (est.),5,828
house,30,surname,Hispanic (est.),6,845
house,30,surname,Hispanic (est.),7,897
house,30,surname,Hispanic (est.),8,1001
house,30,surname,Hispanic (est.),9,453
house,30,surname,Hispanic (est.),10,853
house,30,surname,Hispanic (est.),11,1003
house,30,surname,Hispanic (est.),12,950
house,30,surname,Hispanic (est.),13,915
house,30,surname,Hispanic (est.),14,914
house,30,surname,Hispanic (est.),15,1043
house,30,surname,Hispanic (est.),16,35
house,30,surname,Hispanic (est.),18,3
house,30,surname,Hispanic (est.),19,40
house,30,surname,Hispanic (est.),20,15
house,30,surname,Hispanic (est.),21,34
house,30,surname,Hispanic (est.),22,1
house,30,surname,Hispanic (est.),25,19
house,30,surname,Hispanic (est.),26,19
house,30,surname,Hispanic (est.),27,16
house,30,surname,Hispanic (est.),28,2
house,30,surname,Hispanic (est.),29,41
house,30,surname,Hispanic (est.),32,28
house,30,surname,Hispanic (est.),33,25
house,30,surname,Hispanic (est.),34,27
house,30,surname,Hispanic (est.),36,75
house,30,surname,Hispanic (est.),37,20
house,31,surname,All others (est.),4,1955
house,31,surname,All others (est.),5,1273
house,31,surname,All others (est.),6,1354
house,31,surname,All others (est.),7,1553
house,31,surname,All others (est.),8,1862
house,31,surname,All others (est.),9,996
house,31,surname,All others (est.),10,1809
house,31,surname,All others (est.),11,2512
house,31,surname,All others (est.),12,2211
house,31,surname,All others (est.),13,2607
house,31,surname,All others (est.),14,2789
house,31,surname,All others (est.),15,3189
house,31,surname,All others (est.),17,11
house,31,surname,All others (est.),18,65
house,31,surname,All others (est.),19,88
house,31,surname,All others (est.),20,53
house,31,surname,All others (est.),21,61
house,31,surname,All others (est.),24,13
house,31,surname,All others (est.),25,17
house,31,surname,All others (est.),26,10
house,31,surname,All others (est.),27,16
house,31,surname,All others (est.),28,20
house,31,surname,All others (est.),29,22
house,31,surname,All others (est.),32,19
house,31,surname,All others (est.),33,22
house,31,surname,All others (est.),34,14
house,31,surname,All others (est.),35,3
house,31,surname,All others (est.),36,6
house,31,surname,All others (est.),37,5
house,31,surname,Asian (est.),4,57
house,31,surname,Asian (est.),5,50
house,31,surname,Asian (est.),6,50
house,31,surname,Asian (est.),7,59
house,31,surname,Asian (est.),8,66
house,31,surname,Asian (est.),9,27
house,31,surname,Asian (est.),10,61
house,31,surname,Asian (est.),11,82
house,31,surname,Asian (est.),12,70
house,31,surname,Asian (est.),13,81
house,31,surname,Asian (est.),14,81
house,31,surname,Asian (est.),15,84
house,31,surname,Asian (est.),18,3
house,31,surname,Asian (est.),19,4
house,31,surname,Asian (est.),20,2
house,31,surname,Asian (est.),21,3
house,31,surname,Asian (est.),25,1
house,31,surname,Asian (est.),26,1
house,31,surname,Asian (est.),27,1
house,31,surname,Asian (est.),28,1
house,31,surname,Asian (est.),29,1
house,31,surname,Asian (est.),32,1
house,31,surname,Asian (est.),33,1
house,31,surname,Hispanic (est.),4,1875
house,31,surname,Hispanic (est.),5,1706
house,31,surname,Hispanic (est.),6,1844
house,31,surname,Hispanic (est.),7,1707
house,31,surname,Hispanic (est.),8,2039
house,31,surname,Hispanic (est.),9,725
house,31,surname,Hispanic (est.),10,2145
house,31,surname,Hispanic (est.),11,2798
house,31,surname,Hispanic (est.),12,2066
house,31,surname,Hispanic (est.),13,2459
house,31,surname,Hispanic (est.),14,2370
house,31,surname,Hispanic (est.),15,2795
house,31,surname,Hispanic (est.),17,6
house,31,surname,Hispanic (est.),18,110
house,31,surname,Hispanic (est.),19,57
house,31,surname,Hispanic (est.),20,135
house,31,surname,Hispanic (est.),21,88
house,31,surname,Hispanic (est.),24,7
house,31,surname,Hispanic (est.),25,21
house,31,surname,Hispanic (est.),26,27
house,31,surname,Hispanic (est.),27,11
house,31,surname,Hispanic (est.),28,13
house,31,surname,Hispanic (est.),29,27
house,31,surname,Hispanic (est.),32,25
house,31,surname,Hispanic (est.),33,25
house,31,surname,Hispanic (est.),34,6
house,31,surname,Hispanic (est.),35,6
house,31,surname,Hispanic (est.),36,2
house,32,surname,All others (est.),4,3853
house,32,surname,All others (est.),5,2532
house,32,surname,All others (est.),6,2888
house,32,surname,All others (est.),7,3172
house,32,surname,All others (est.),8,3738
house,32,surname,All others (est.),9,366
house,32,surname,All others (est.),10,2798
house,32,surname,All others (est.),11,4397
house,32,surname,All others (est.),12,4427
house,32,surname,All others (est.),13,4857
house,32,surname,All others (est.),14,5192
house,32,surname,All others (est.),15,4848
house,32,surname,All others (est.),17,83
house,32,surname,All others (est.),18,106
house,32,surname,All others (est.),19,129
house,32,surname,All others (est.),20,338
house,32,surname,All others (est.),21,116
house,32,surname,All others (est.),22,53
house,32,surname,All others (est.),25,126
house,32,surname,All others (est.),26,127
house,32,surname,All others (est.),27,71
house,32,surname,All others (est.),28,101
house,32,surname,All others (est.),29,33
house,32,surname,All others (est.),32,21
house,32,surname,All others (est.),33,36
house,32,surname,All others (est.),34,21
house,32,surname,All others (est.),35,30
house,32,surname,All others (est.),36,2
house,32,surname,All others (est.),37,5
house,32,surname,Asian (est.),4,199
house,32,surname,Asian (est.),5,116
house,32,surname,Asian (est.),6,122
house,32,surname,Asian (est.),7,127
house,32,surname,Asian (est.),8,158
house,32,surname,Asian (est.),9,23
house,32,surname,Asian (est.),10,136
house,32,surname,Asian (est.),11,155
house,32,surname,Asian (est.),12,142
house,32,surname,Asian (est.),13,150
house,32,surname,Asian (est.),14,163
house,32,surname,Asian (est.),15,155
house,32,surname,Asian (est.),17,7
house,32,surname,Asian (est.),18,5
house,32,surname,Asian (est.),19,4
house,32,surname,Asian (est.),20,14
house,32,surname,Asian (est.),21,4
house,32,surname,Asian (est.),22,1
house,32,surname,Asian (est.),25,2
house,32,surname,Asian (est.),26,3
house,32,surname,Asian (est.),27,1
house,32,surname,Asian (est.),28,2
house,32,surname,Asian (est.),29,1
house,32,surname,Asian (est.),32,1
house,32,surname,Asian (est.),33,1
house,32,surname,Hispanic (est.),4,2359
house,32,surname,Hispanic (est.),5,1313
house,32,surname,Hispanic (est.),6,1416
house,32,surname,Hispanic (est.),7,1476
house,32,surname,Hispanic (est.),8,1604
house,32,surname,Hispanic (est.),9,159
house,32,surname,Hispanic (est.),10,1669
house,32,surname,Hispanic (est.),11,1862
house,32,surname,Hispanic (est.),12,1697
house,32,surname,Hispanic (est.),13,1793
house,32,surname,Hispanic (est.),14,1971
house,32,surname,Hispanic (est.),15,1816
house,32,surname,Hispanic (est.),17,37
house,32,surname,Hispanic (est.),18,53
house,32,surname,Hispanic (est.),19,57
house,32,surname,Hispanic (est.),20,137
house,32,surname,Hispanic (est.),21,51
house,32,surname,Hispanic (est.),22,18
house,32,surname,Hispanic (est.),25,45
house,32,surname,Hispanic (est.),26,43
house,32,surname,Hispanic (est.),27,11
house,32,surname,Hispanic (est.),28,17
house,32,surname,Hispanic (est.),29,3
house,32,surname,Hispanic (est.),32,3
house,32,surname,Hispanic (est.),33,5
house,32,surname,Hispanic (est.),34,1
house,32,surname,Hispanic (est.),35,6
house,33,surname,All others (est.),4,6223
house,33,surname,All others (est.),5,4071
house,33,surname,All others (est.),6,4342
house,33,surname,All others (est.),7,4733
house,33,surname,All others (est.),8,5719
house,33,surname,All others (est.),9,2082
house,33,surname,All others (est.),10,6013
house,33,surname,All others (est.),11,7004
house,33,surname,All others (est.),12,6195
house,33,surname,All others (est.),13,6607
house,33,surname,All others (est.),14,7211
house,33,surname,All others (est.),15,7995
house,33,surname,All others (est.),17,23
house,33,surname,All others (est.),18,104
house,33,surname,All others (est.),19,159
house,33,surname,All others (est.),20,12
house,33,surname,All others (est.),21,235
house,33,surname,All others (est.),22,2
house,33,surname,All others (est.),23,8
house,33,surname,All others (est.),24,8
house,33,surname,All others (est.),25,19
house,33,surname,All others (est.),26,33
house,33,surname,All others (est.),27,5
house,33,surname,All others (est.),28,1
house,33,surname,All others (est.),29,17
house,33,surname,All others (est.),31,12
house,33,surname,All others (est.),32,6
house,33,surname,All others (est.),33,2
house,33,surname,All others (est.),35,1
house,33,surname,All others (est.),36,2
house,33,surname,Asian (est.),4,699
house,33,surname,Asian (est.),5,438
house,33,surname,Asian (est.),6,379
house,33,surname,Asian (est.),7,350
house,33,surname,Asian (est.),8,417
house,33,surname,Asian (est.),9,211
house,33,surname,Asian (est.),10,550
house,33,surname,Asian (est.),11,454
house,33,surname,Asian (est.),12,305
house,33,surname,Asian (est.),13,347
house,33,surname,Asian (est.),14,391
house,33,surname,Asian (est.),15,451
house,33,surname,Asian (est.),17,5
house,33,surname,Asian (est.),18,4
house,33,surname,Asian (est.),19,10
house,33,surname,Asian (est.),20,5
house,33,surname,Asian (est.),21,9
house,33,surname,Asian (est.),24,1
house,33,surname,Asian (est.),26,1
house,33,surname,Asian (est.),29,2
house,33,surname,Asian (est.),31,1
house,33,surname,Hispanic (est.),4,1134
house,33,surname,Hispanic (est.),5,675
house,33,surname,Hispanic (est.),6,693
house,33,surname,Hispanic (est.),7,714
house,33,surname,Hispanic (est.),8,830
house,33,surname,Hispanic (est.),9,301
house,33,surname,Hispanic (est.),10,904
house,33,surname,Hispanic (est.),11,876
house,33,surname,Hispanic (est.),12,739
house,33,surname,Hispanic (est.),13,757
house,33,surname,Hispanic (est.),14,759
house,33,surname,Hispanic (est.),15,857
house,33,surname,Hispanic (est.),17,2
house,33,surname,Hispanic (est.),18,5
house,33,surname,Hispanic (est.),19,10
house,33,surname,Hispanic (est.),20,1
house,33,surname,Hispanic (est.),21,16
house,33,surname,Hispanic (est.),23,1
house,33,surname,Hispanic (est.),24,1
house,33,surname,Hispanic (est.),26,3
house,33,surname,Hispanic (est.),29,2
house,33,surname,Hispanic (est.),31,1
house,34,surname,All others (est.),4,1715
house,34,surname,All others (est.),5,1021
house,34,surname,All others (est.),6,1099
house,34,surname,All others (est.),7,1236
house,34,surname,All others (est.),8,1430
house,34,surname,All others (est.),9,107
house,34,surname,All others (est.),10,1267
house,34,surname,All others (est.),11,1697
house,34,surname,All others (est.),12,1592
house,34,surname,All others (est.),13,1737
house,34,surname,All others (est.),14,1991
house,34,surname,All others (est.),15,2159
house,34,surname,All others (est.),17,19
house,34,surname,All others (est.),18,47
house,34,surname,All others (est.),19,53
house,34,surname,All others (est.),20,151
house,34,surname,All others (est.),21,46
house,34,surname,All others (est.),22,35
house,34,surname,All others (est.),25,64
house,34,surname,All others (est.),26,50
house,34,surname,All others (est.),27,14
house,34,surname,All others (est.),28,18
house,34,surname,All others (est.),35,1
house,34,surname,Asian (est.),4,75
house,34,surname,Asian (est.),5,51
house,34,surname,Asian (est.),6,55
house,34,surname,Asian (est.),7,57
house,34,surname,Asian (est.),8,64
house,34,surname,Asian (est.),9,4
house,34,surname,Asian (est.),10,51
house,34,surname,Asian (est.),11,63
house,34,surname,Asian (est.),12,56
house,34,surname,Asian (est.),13,61
house,34,surname,Asian (est.),14,69
house,34,surname,Asian (est.),15,77
house,34,surname,Asian (est.),17,1
house,34,surname,Asian (est.),18,3
house,34,surname,Asian (est.),19,2
house,34,surname,Asian (est.),20,7
house,34,surname,Asian (est.),21,3
house,34,surname,Asian (est.),22,1
house,34,surname,Asian (est.),25,3
house,34,surname,Asian (est.),26,2
house,34,surname,Asian (est.),27,1
house,34,surname,Asian (est.),28,1
house,34,surname,Hispanic (est.),4,2859
house,34,surname,Hispanic (est.),5,1482
house,34,surname,Hispanic (est.),6,1479
house,34,surname,Hispanic (est.),7,1625
house,34,surname,Hispanic (est.),8,1789
house,34,surname,Hispanic (est.),9,126
house,34,surname,Hispanic (est.),10,1972
house,34,surname,Hispanic (est.),11,2159
house,34,surname,Hispanic (est.),12,1798
house,34,surname,Hispanic (est.),13,1945
house,34,surname,Hispanic (est.),14,2208
house,34,surname,Hispanic (est.),15,2366
house,34,surname,Hispanic (est.),17,46
house,34,surname,Hispanic (est.),18,69
house,34,surname,Hispanic (est.),19,99
house,34,surname,Hispanic (est.),20,273
house,34,surname,Hispanic (est.),21,79
house,34,surname,Hispanic (est.),22,38
house,34,surname,Hispanic (est.),25,103
house,34,surname,Hispanic (est.),26,106
house,34,surname,Hispanic (est.),27,31
house,34,surname,Hispanic (est.),28,22
house,34,surname,Hispanic (est.),33,1
house,35,surname,All others (est.),4,527
house,35,surname,All others (est.),5,293
house,35,surname,All others (est.),6,303
house,35,surname,All others (est.),7,339
house,35,surname,All others (est.),8,350
house,35,surname,All others (est.),9,98
house,35,surname,All others (est.),10,259
house,35,surname,All others (est.),11,448
house,35,surname,All others (est.),12,426
house,35,surname,All others (est.),13,519
house,35,surname,All others (est.),14,564
house,35,surname,All others (est.),15,713
house,35,surname,All others (est.),18,9
house,35,surname,All others (est.),19,35
house,35,surname,All others (est.),20,8
house,35,surname,All others (est.),21,16
house,35,surname,All others (est.),23,5
house,35,surname,All others (est.),25,6
house,35,surname,All others (est.),26,23
house,35,surname,All others (est.),28,1
house,35,surname,Asian (est.),4,59
house,35,surname,Asian (est.),5,33
house,35,surname,Asian (est.),6,35
house,35,surname,Asian (est.),7,33
house,35,surname,Asian (est.),8,31
house,35,surname,Asian (est.),9,12
house,35,surname,Asian (est.),10,30
house,35,surname,Asian (est.),11,38
house,35,surname,Asian (est.),12,39
house,35,surname,Asian (est.),13,44
house,35,surname,Asian (est.),14,48
house,35,surname,Asian (est.),15,50
house,35,surname,Asian (est.),19,2
house,35,surname,Asian (est.),21,2
house,35,surname,Asian (est.),25,1
house,35,surname,Asian (est.),26,1
house,35,surname,Hispanic (est.),4,2816
house,35,surname,Hispanic (est.),5,1509
house,35,surname,Hispanic (est.),6,1551
house,35,surname,Hispanic (est.),7,1510
house,35,surname,Hispanic (est.),8,1561
house,35,surname,Hispanic (est.),9,625
house,35,surname,Hispanic (est.),10,1410
house,35,surname,Hispanic (est.),11,1816
house,35,surname,Hispanic (est.),12,1672
house,35,surname,Hispanic (est.),13,1841
house,35,surname,Hispanic (est.),14,1989
house,35,surname,Hispanic (est.),15,2206
house,35,surname,Hispanic (est.),18,25
house,35,surname,Hispanic (est.),19,67
house,35,surname,Hispanic (est.),20,26
house,35,surname,Hispanic (est.),21,24
house,35,surname,Hispanic (est.),23,10
house,35,surname,Hispanic (est.),25,15
house,35,surname,Hispanic (est.),26,45
house,35,surname,Hispanic (est.),27,4
house,36,surname,All others (est.),4,595
house,36,surname,All others (est.),5,377
house,36,surname,All others (est.),6,419
house,36,surname,All others (est.),7,418
house,36,surname,All others (est.),8,483
house,36,surname,All others (est.),9,132
house,36,surname,All others (est.),10,307
house,36,surname,All others (est.),11,486
house,36,surname,All others (est.),12,573
house,36,surname,All others (est.),13,648
house,36,surname,All others (est.),14,721
house,36,surname,All others (est.),15,914
house,36,surname,All others (est.),18,15
house,36,surname,All others (est.),19,50
house,36,surname,All others (est.),20,31
house,36,surname,All others (est.),21,54
house,36,surname,All others (est.),26,37
house,36,surname,Asian (est.),4,74
house,36,surname,Asian (est.),5,45
house,36,surname,Asian (est.),6,50
house,36,surname,Asian (est.),7,47
house,36,surname,Asian (est.),8,54
house,36,surname,Asian (est.),9,22
house,36,surname,Asian (est.),10,43
house,36,surname,Asian (est.),11,58
house,36,surname,Asian (est.),12,59
house,36,surname,Asian (est.),13,62
house,36,surname,Asian (est.),14,57
house,36,surname,Asian (est.),15,64
house,36,surname,Asian (est.),19,2
house,36,surname,Asian (est.),20,1
house,36,surname,Asian (est.),21,3
house,36,surname,Asian (est.),26,1
house,36,surname,Hispanic (est.),4,3306
house,36,surname,Hispanic (est.),5,1943
house,36,surname,Hispanic (est.),6,2032
house,36,surname,Hispanic (est.),7,1962
house,36,surname,Hispanic (est.),8,2051
house,36,surname,Hispanic (est.),9,770
house,36,surname,Hispanic (est.),10,1636
house,36,surname,Hispanic (est.),11,2247
house,36,surname,Hispanic (est.),12,2029
house,36,surname,Hispanic (est.),13,2284
house,36,surname,Hispanic (est.),14,2239
house,36,surname,Hispanic (est.),15,2583
house,36,surname,Hispanic (est.),18,8
house,36,surname,Hispanic (est.),19,87
house,36,surname,Hispanic (est.),20,40
house,36,surname,Hispanic (est.),21,68
house,36,surname,Hispanic (est.),26,69
house,37,surname,All others (est.),4,1295
house,37,surname,All others (est.),5,823
house,37,surname,All others (est.),6,862
house,37,surname,All others (est.),7,933
house,37,surname,All others (est.),8,1109
house,37,surname,All others (est.),9,313
house,37,surname,All others (est.),10,739
house,37,surname,All others (est.),11,1327
house,37,surname,All others (est.),12,1464
house,37,surname,All others (est.),13,1814
house,37,surname,All others (est.),14,2288
house,37,surname,All others (est.),15,2735
house,37,surname,All others (est.),18,50
house,37,surname,All others (est.),19,119
house,37,surname,All others (est.),20,39
house,37,surname,All others (est.),21,88
house,37,surname,All others (est.),22,2
house,37,surname,All others (est.),23,45
house,37,surname,All others (est.),25,84
house,37,surname,All others (est.),26,81
house,37,surname,All others (est.),27,3
house,37,surname,All others (est.),28,12
house,37,surname,All others (est.),35,1
house,37,surname,All others (est.),36,2
house,37,surname,Asian (est.),4,108
house,37,surname,Asian (est.),5,59
house,37,surname,Asian (est.),6,55
house,37,surname,Asian (est.),7,60
house,37,surname,Asian (est.),8,63
house,37,surname,Asian (est.),9,21
house,37,surname,Asian (est.),10,48
house,37,surname,Asian (est.),11,83
house,37,surname,Asian (est.),12,78
house,37,surname,Asian (est.),13,90
house,37,surname,Asian (est.),14,107
house,37,surname,Asian (est.),15,130
house,37,surname,Asian (est.),18,1
house,37,surname,Asian (est.),19,3
house,37,surname,Asian (est.),20,2
house,37,surname,Asian (est.),21,4
house,37,surname,Asian (est.),23,2
house,37,surname,Asian (est.),25,2
house,37,surname,Asian (est.),26,3
house,37,surname,Hispanic (est.),4,3508
house,37,surname,Hispanic (est.),5,1720
house,37,surname,Hispanic (est.),6,1675
house,37,surname,Hispanic (est.),7,1760
house,37,surname,Hispanic (est.),8,2030
house,37,surname,Hispanic (est.),9,739
house,37,surname,Hispanic (est.),10,1618
house,37,surname,Hispanic (est.),11,2470
house,37,surname,Hispanic (est.),12,2324
house,37,surname,Hispanic (est.),13,2632
house,37,surname,Hispanic (est.),14,3009
house,37,surname,Hispanic (est.),15,3680
house,37,surname,Hispanic (est.),18,32
house,37,surname,Hispanic (est.),19,106
house,37,surname,Hispanic (est.),20,23
house,37,surname,Hispanic (est.),21,51
house,37,surname,Hispanic (est.),22,1
house,37,surname,Hispanic (est.),23,36
house,37,surname,Hispanic (est.),25,73
house,37,surname,Hispanic (est.),26,97
house,37,surname,Hispanic (est.),27,10
house,37,surname,Hispanic (est.),28,2
house,38,surname,All others (est.),4,653
house,38,surname,All others (est.),5,397
house,38,surname,All others (est.),6,435
house,38,surname,All others (est.),7,479
house,38,surname,All others (est.),8,514
house,38,surname,All others (est.),9,226
house,38,surname,All others (est.),10,470
house,38,surname,All others (est.),11,560
house,38,surname,All others (est.),12,559
house,38,surname,All others (est.),13,691
house,38,surname,All others (est.),14,789
house,38,surname,All others (est.),15,842
house,38,surname,All others (est.),18,23
house,38,surname,All others (est.),19,55
house,38,surname,All others (est.),20,9
house,38,surname,All others (est.),21,19
house,38,surname,All others (est.),22,1
house,38,surname,All others (est.),23,26
house,38,surname,All others (est.),25,23
house,38,surname,All others (est.),26,33
house,38,surname,All others (est.),27,1
house,38,surname,All others (est.),28,3
house,38,surname,All others (est.),33,1
house,38,surname,All others (est.),34,1
house,38,surname,All others (est.),36,1
house,38,surname,Asian (est.),4,94
house,38,surname,Asian (est.),5,56
house,38,surname,Asian (est.),6,63
house,38,surname,Asian (est.),7,57
house,38,surname,Asian (est.),8,47
house,38,surname,Asian (est.),9,26
house,38,surname,Asian (est.),10,53
house,38,surname,Asian (est.),11,67
house,38,surname,Asian (est.),12,62
house,38,surname,Asian (est.),13,70
house,38,surname,Asian (est.),14,69
house,38,surname,Asian (est.),15,80
house,38,surname,Asian (est.),18,2
house,38,surname,Asian (est.),19,2
house,38,surname,Asian (est.),20,1
house,38,surname,Asian (est.),23,1
house,38,surname,Asian (est.),25,2
house,38,surname,Asian (est.),26,2
house,38,surname,Hispanic (est.),4,3219
house,38,surname,Hispanic (est.),5,1832
house,38,surname,Hispanic (est.),6,1922
house,38,surname,Hispanic (est.),7,1884
house,38,surname,Hispanic (est.),8,2011
house,38,surname,Hispanic (est.),9,931
house,38,surname,Hispanic (est.),10,1731
house,38,surname,Hispanic (est.),11,2261
house,38,surname,Hispanic (est.),12,2260
house,38,surname,Hispanic (est.),13,2476
house,38,surname,Hispanic (est.),14,2615
house,38,surname,Hispanic (est.),15,2757
house,38,surname,Hispanic (est.),18,42
house,38,surname,Hispanic (est.),19,91
house,38,surname,Hispanic (est.),20,6
house,38,surname,Hispanic (est.),21,22
house,38,surname,Hispanic (est.),22,1
house,38,surname,Hispanic (est.),23,35
house,38,surname,Hispanic (est.),25,59
house,38,surname,Hispanic (est.),26,66
house,38,surname,Hispanic (est.),27,4
house,38,surname,Hispanic (est.),28,6
house,38,surname,Hispanic (est.),36,2
house,39,surname,All others (est.),4,622
house,39,surname,All others (est.),5,381
house,39,surname,All others (est.),6,451
house,39,surname,All others (est.),7,507
house,39,surname,All others (est.),8,569
house,39,surname,All others (est.),9,179
house,39,surname,All others (est.),10,320
house,39,surname,All others (est.),11,652
house,39,surname,All others (est.),12,723
house,39,surname,All others (est.),13,847
house,39,surname,All others (est.),14,931
house,39,surname,All others (est.),15,1209
house,39,surname,All others (est.),18,18
house,39,surname,All others (est.),19,46
house,39,surname,All others (est.),20,76
house,39,surname,All others (est.),21,44
house,39,surname,All others (est.),26,34
house,39,surname,Asian (est.),4,75
house,39,surname,Asian (est.),5,41
house,39,surname,Asian (est.),6,50
house,39,surname,Asian (est.),7,45
house,39,surname,Asian (est.),8,53
house,39,surname,Asian (est.),9,17
house,39,surname,Asian (est.),10,35
house,39,surname,Asian (est.),11,54
house,39,surname,Asian (est.),12,52
house,39,surname,Asian (est.),13,57
house,39,surname,Asian (est.),14,60
house,39,surname,Asian (est.),15,78
house,39,surname,Asian (est.),19,1
house,39,surname,Asian (est.),20,3
house,39,surname,Asian (est.),21,2
house,39,surname,Asian (est.),26,1
house,39,surname,Hispanic (est.),4,3446
house,39,surname,Hispanic (est.),5,1973
house,39,surname,Hispanic (est.),6,2047
house,39,surname,Hispanic (est.),7,1984
house,39,surname,Hispanic (est.),8,2194
house,39,surname,Hispanic (est.),9,831
house,39,surname,Hispanic (est.),10,1809
house,39,surname,Hispanic (est.),11,2515
house,39,surname,Hispanic (est.),12,2291
house,39,surname,Hispanic (est.),13,2552
house,39,surname,Hispanic (est.),14,2630
house,39,surname,Hispanic (est.),15,3188
house,39,surname,Hispanic (est.),18,8
house,39,surname,Hispanic (est.),19,60
house,39,surname,Hispanic (est.),20,118
house,39,surname,Hispanic (est.),21,71
house,39,surname,Hispanic (est.),26,76
house,4,surname,All others (est.),4,5611
house,4,surname,All others (est.),5,3494
house,4,surname,All others (est.),6,3990
house,4,surname,All others (est.),7,4313
house,4,surname,All others (est.),8,5014
house,4,surname,All others (est.),9,2349
house,4,surname,All others (est.),10,5436
house,4,surname,All others (est.),11,5927
house,4,surname,All others (est.),12,5744
house,4,surname,All others (est.),13,5877
house,4,surname,All others (est.),14,6057
house,4,surname,All others (est.),15,6424
house,4,surname,All others (est.),17,186
house,4,surname,All others (est.),18,35
house,4,surname,All others (est.),19,50
house,4,surname,All others (est.),20,11
house,4,surname,All others (est.),21,56
house,4,surname,All others (est.),22,68
house,4,surname,All others (est.),25,58
house,4,surname,All others (est.),26,343
house,4,surname,All others (est.),27,46
house,4,surname,All others (est.),32,3
house,4,surname,All others (est.),34,1
house,4,surname,Asian (est.),4,146
house,4,surname,Asian (est.),5,98
house,4,surname,Asian (est.),6,105
house,4,surname,Asian (est.),7,103
house,4,surname,Asian (est.),8,113
house,4,surname,Asian (est.),9,51
house,4,surname,Asian (est.),10,132
house,4,surname,Asian (est.),11,121
house,4,surname,Asian (est.),12,102
house,4,surname,Asian (est.),13,119
house,4,surname,Asian (est.),14,101
house,4,surname,Asian (est.),15,120
house,4,surname,Asian (est.),17,3
house,4,surname,Asian (est.),19,1
house,4,surname,Asian (est.),21,1
house,4,surname,Asian (est.),25,2
house,4,surname,Asian (est.),26,9
house,4,surname,Hispanic (est.),4,1109
house,4,surname,Hispanic (est.),5,658
house,4,surname,Hispanic (est.),6,653
house,4,surname,Hispanic (est.),7,650
house,4,surname,Hispanic (est.),8,725
house,4,surname,Hispanic (est.),9,411
house,4,surname,Hispanic (est.),10,945
house,4,surname,Hispanic (est.),11,746
house,4,surname,Hispanic (est.),12,655
house,4,surname,Hispanic (est.),13,603
house,4,surname,Hispanic (est.),14,596
house,4,surname,Hispanic (est.),15,609
house,4,surname,Hispanic (est.),17,17
house,4,surname,Hispanic (est.),18,1
house,4,surname,Hispanic (est.),19,1
house,4,surname,Hispanic (est.),21,5
house,4,surname,Hispanic (est.),22,4
house,4,surname,Hispanic (est.),25,4
house,4,surname,Hispanic (est.),26,23
house,4,surname,Hispanic (est.),27,1
house,40,surname,All others (est.),4,613
house,40,surname,All others (est.),5,412
house,40,surname,All others (est.),6,430
house,40,surname,All others (est.),7,451
house,40,surname,All others (est.),8,476
house,40,surname,All others (est.),9,183
house,40,surname,All others (est.),10,396
house,40,surname,All others (est.),11,599
house,40,surname,All others (est.),12,580
house,40,surname,All others (est.),13,625
house,40,surname,All others (est.),14,700
house,40,surname,All others (est.),15,743
house,40,surname,All others (est.),18,3
house,40,surname,All others (est.),19,32
house,40,surname,All others (est.),20,24
house,40,surname,All others (est.),21,24
house,40,surname,All others (est.),26,16
house,40,surname,Asian (est.),4,90
house,40,surname,Asian (est.),5,55
house,40,surname,Asian (est.),6,63
house,40,surname,Asian (est.),7,63
house,40,surname,Asian (est.),8,55
house,40,surname,Asian (est.),9,24
house,40,surname,Asian (est.),10,55
house,40,surname,Asian (est.),11,69
house,40,surname,Asian (est.),12,63
house,40,surname,Asian (est.),13,64
house,40,surname,Asian (est.),14,68
house,40,surname,Asian (est.),15,70
house,40,surname,Asian (est.),18,1
house,40,surname,Asian (est.),19,3
house,40,surname,Asian (est.),20,1
house,40,surname,Asian (est.),21,2
house,40,surname,Asian (est.),26,1
house,40,surname,Hispanic (est.),4,3280
house,40,surname,Hispanic (est.),5,2037
house,40,surname,Hispanic (est.),6,2176
house,40,surname,Hispanic (est.),7,2124
house,40,surname,Hispanic (est.),8,2136
house,40,surname,Hispanic (est.),9,970
house,40,surname,Hispanic (est.),10,2051
house,40,surname,Hispanic (est.),11,2600
house,40,surname,Hispanic (est.),12,2413
house,40,surname,Hispanic (est.),13,2490
house,40,surname,Hispanic (est.),14,2542
house,40,surname,Hispanic (est.),15,2971
house,40,surname,Hispanic (est.),18,14
house,40,surname,Hispanic (est.),19,107
house,40,surname,Hispanic (est.),20,73
house,40,surname,Hispanic (est.),21,51
house,40,surname,Hispanic (est.),26,64
house,41,surname,All others (est.),4,1111
house,41,surname,All others (est.),5,763
house,41,surname,All others (est.),6,813
house,41,surname,All others (est.),7,869
house,41,surname,All others (est.),8,980
house,41,surname,All others (est.),9,328
house,41,surname,All others (est.),10,812
house,41,surname,All others (est.),11,1178
house,41,surname,All others (est.),12,1286
house,41,surname,All others (est.),13,1485
house,41,surname,All others (est.),14,1538
house,41,surname,All others (est.),15,1831
house,41,surname,All others (est.),18,10
house,41,surname,All others (est.),19,58
house,41,surname,All others (est.),20,74
house,41,surname,All others (est.),21,61
house,41,surname,All others (est.),26,56
house,41,surname,Asian (est.),4,140
house,41,surname,Asian (est.),5,89
house,41,surname,Asian (est.),6,87
house,41,surname,Asian (est.),7,91
house,41,surname,Asian (est.),8,102
house,41,surname,Asian (est.),9,46
house,41,surname,Asian (est.),10,84
house,41,surname,Asian (est.),11,108
house,41,surname,Asian (est.),12,124
house,41,surname,Asian (est.),13,122
house,41,surname,Asian (est.),14,124
house,41,surname,Asian (est.),15,138
house,41,surname,Asian (est.),19,10
house,41,surname,Asian (est.),20,4
house,41,surname,Asian (est.),21,2
house,41,surname,Asian (est.),26,2
house,41,surname,Hispanic (est.),4,3562
house,41,surname,Hispanic (est.),5,2326
house,41,surname,Hispanic (est.),6,2405
house,41,surname,Hispanic (est.),7,2298
house,41,surname,Hispanic (est.),8,2506
house,41,surname,Hispanic (est.),9,1079
house,41,surname,Hispanic (est.),10,2308
house,41,surname,Hispanic (est.),11,3006
house,41,surname,Hispanic (est.),12,2871
house,41,surname,Hispanic (est.),13,3149
house,41,surname,Hispanic (est.),14,3328
house,41,surname,Hispanic (est.),15,3709
house,41,surname,Hispanic (est.),18,14
house,41,surname,Hispanic (est.),19,76
house,41,surname,Hispanic (est.),20,114
house,41,surname,Hispanic (est.),21,71
house,41,surname,Hispanic (est.),26,64
house,42,surname,All others (est.),4,732
house,42,surname,All others (est.),5,364
house,42,surname,All others (est.),6,382
house,42,surname,All others (est.),7,476
house,42,surname,All others (est.),8,487
house,42,surname,All others (est.),9,256
house,42,surname,All others (est.),10,565
house,42,surname,All others (est.),11,501
house,42,surname,All others (est.),12,506
house,42,surname,All others (est.),13,592
house,42,surname,All others (est.),14,542
house,42,surname,All others (est.),15,622
house,42,surname,All others (est.),18,29
house,42,surname,All others (est.),20,40
house,42,surname,All others (est.),21,32
house,42,surname,All others (est.),34,16
house,42,surname,Asian (est.),4,114
house,42,surname,Asian (est.),5,62
house,42,surname,Asian (est.),6,55
house,42,surname,Asian (est.),7,68
house,42,surname,Asian (est.),8,76
house,42,surname,Asian (est.),9,41
house,42,surname,Asian (est.),10,75
house,42,surname,Asian (est.),11,57
house,42,surname,Asian (est.),12,61
house,42,surname,Asian (est.),13,63
house,42,surname,Asian (est.),14,72
house,42,surname,Asian (est.),15,76
house,42,surname,Asian (est.),18,3
house,42,surname,Asian (est.),20,2
house,42,surname,Asian (est.),21,2
house,42,surname,Hispanic (est.),4,4116
house,42,surname,Hispanic (est.),5,1929
house,42,surname,Hispanic (est.),6,2218
house,42,surname,Hispanic (est.),7,2293
house,42,surname,Hispanic (est.),8,2389
house,42,surname,Hispanic (est.),9,1270
house,42,surname,Hispanic (est.),10,2930
house,42,surname,Hispanic (est.),11,2339
house,42,surname,Hispanic (est.),12,2148
house,42,surname,Hispanic (est.),13,2361
house,42,surname,Hispanic (est.),14,2403
house,42,surname,Hispanic (est.),15,2598
house,42,surname,Hispanic (est.),18,95
house,42,surname,Hispanic (est.),20,100
house,42,surname,Hispanic (est.),21,77
house,42,surname,Hispanic (est.),34,7
house,43,surname,All others (est.),4,2429
house,43,surname,All others (est.),5,1491
house,43,surname,All others (est.),6,1582
house,43,surname,All others (est.),7,1897
house,43,surname,All others (est.),8,1945
house,43,surname,All others (est.),9,381
house,43,surname,All others (est.),10,1858
house,43,surname,All others (est.),11,2736
house,43,surname,All others (est.),12,2501
house,43,surname,All others (est.),13,2889
house,43,surname,All others (est.),14,3566
house,43,surname,All others (est.),15,4389
house,43,surname,All others (est.),18,18
house,43,surname,All others (est.),19,35
house,43,surname,All others (est.),20,68
house,43,surname,All others (est.),21,43
house,43,surname,All others (est.),22,1
house,43,surname,All others (est.),24,4
house,43,surname,All others (est.),25,26
house,43,surname,All others (est.),26,7
house,43,surname,All others (est.),27,59
house,43,surname,All others (est.),28,4
house,43,surname,All others (est.),29,77
house,43,surname,All others (est.),32,19
house,43,surname,All others (est.),33,19
house,43,surname,All others (est.),34,22
house,43,surname,All others (est.),35,7
house,43,surname,All others (est.),36,21
house,43,surname,All others (est.),37,20
house,43,surname,Asian (est.),4,100
house,43,surname,Asian (est.),5,55
house,43,surname,Asian (est.),6,60
house,43,surname,Asian (est.),7,80
house,43,surname,Asian (est.),8,70
house,43,surname,Asian (est.),9,21
house,43,surname,Asian (est.),10,71
house,43,surname,Asian (est.),11,92
house,43,surname,Asian (est.),12,81
house,43,surname,Asian (est.),13,86
house,43,surname,Asian (est.),14,104
house,43,surname,Asian (est.),15,127
house,43,surname,Asian (est.),18,1
house,43,surname,Asian (est.),19,1
house,43,surname,Asian (est.),20,2
house,43,surname,Asian (est.),21,2
house,43,surname,Asian (est.),25,1
house,43,surname,Asian (est.),26,3
house,43,surname,Asian (est.),27,2
house,43,surname,Asian (est.),29,2
house,43,surname,Asian (est.),32,1
house,43,surname,Asian (est.),33,1
house,43,surname,Asian (est.),35,1
house,43,surname,Asian (est.),36,1
house,43,surname,Asian (est.),37,1
house,43,surname,Hispanic (est.),4,2383
house,43,surname,Hispanic (est.),5,1362
house,43,surname,Hispanic (est.),6,1291
house,43,surname,Hispanic (est.),7,1530
house,43,surname,Hispanic (est.),8,1482
house,43,surname,Hispanic (est.),9,438
house,43,surname,Hispanic (est.),10,1703
house,43,surname,Hispanic (est.),11,2087
house,43,surname,Hispanic (est.),12,1617
house,43,surname,Hispanic (est.),13,1891
house,43,surname,Hispanic (est.),14,2213
house,43,surname,Hispanic (est.),15,2810
house,43,surname,Hispanic (est.),18,42
house,43,surname,Hispanic (est.),19,34
house,43,surname,Hispanic (est.),20,106
house,43,surname,Hispanic (est.),21,33
house,43,surname,Hispanic (est.),22,2
house,43,surname,Hispanic (est.),24,6
house,43,surname,Hispanic (est.),25,38
house,43,surname,Hispanic (est.),26,13
house,43,surname,Hispanic (est.),27,66
house,43,surname,Hispanic (est.),29,62
house,43,surname,Hispanic (est.),32,11
house,43,surname,Hispanic (est.),33,12
house,43,surname,Hispanic (est.),34,10
house,43,surname,Hispanic (est.),35,2
house,43,surname,Hispanic (est.),36,15
house,43,surname,Hispanic (est.),37,5
house,44,surname,All others (est.),4,4754
house,44,surname,All others (est.),5,3362
house,44,surname,All others (est.),6,3809
house,44,surname,All others (est.),7,3945
house,44,surname,All others (est.),8,4500
house,44,surname,All others (est.),9,2007
house,44,surname,All others (est.),10,3487
house,44,surname,All others (est.),11,6149
house,44,surname,All others (est.),12,5665
house,44,surname,All others (est.),13,10311
house,44,surname,All others (est.),14,2007
house,44,surname,All others (est.),15,6239
house,44,surname,All others (est.),18,41
house,44,surname,All others (est.),19,87
house,44,surname,All others (est.),20,72
house,44,surname,All others (est.),21,16
house,44,surname,All others (est.),22,152
house,44,surname,All others (est.),25,24
house,44,surname,All others (est.),26,83
house,44,surname,All others (est.),27,145
house,44,surname,All others (est.),28,245
house,44,surname,All others (est.),29,13
house,44,surname,All others (est.),31,1
house,44,surname,All others (est.),32,72
house,44,surname,All others (est.),33,157
house,44,surname,All others (est.),34,3
house,44,surname,All others (est.),35,183
house,44,surname,All others (est.),37,22
house,44,surname,Asian (est.),4,144
house,44,surname,Asian (est.),5,100
house,44,surname,Asian (est.),6,116
house,44,surname,Asian (est.),7,116
house,44,surname,Asian (est.),8,118
house,44,surname,Asian (est.),9,57
house,44,surname,Asian (est.),10,86
house,44,surname,Asian (est.),11,157
house,44,surname,Asian (est.),12,151
house,44,surname,Asian (est.),13,265
house,44,surname,Asian (est.),14,44
house,44,surname,Asian (est.),15,159
house,44,surname,Asian (est.),18,2
house,44,surname,Asian (est.),19,3
house,44,surname,Asian (est.),20,1
house,44,surname,Asian (est.),22,3
house,44,surname,Asian (est.),26,3
house,44,surname,Asian (est.),27,3
house,44,surname,Asian (est.),28,4
house,44,surname,Asian (est.),32,1
house,44,surname,Asian (est.),33,3
house,44,surname,Asian (est.),35,4
house,44,surname,Hispanic (est.),4,1861
house,44,surname,Hispanic (est.),5,1137
house,44,surname,Hispanic (est.),6,1262
house,44,surname,Hispanic (est.),7,1214
house,44,surname,Hispanic (est.),8,1305
house,44,surname,Hispanic (est.),9,654
house,44,surname,Hispanic (est.),10,1191
house,44,surname,Hispanic (est.),11,1662
house,44,surname,Hispanic (est.),12,1410
house,44,surname,Hispanic (est.),13,2530
house,44,surname,Hispanic (est.),14,425
house,44,surname,Hispanic (est.),15,1564
house,44,surname,Hispanic (est.),18,12
house,44,surname,Hispanic (est.),19,17
house,44,surname,Hispanic (est.),20,23
house,44,surname,Hispanic (est.),21,2
house,44,surname,Hispanic (est.),22,31
house,44,surname,Hispanic (est.),25,1
house,44,surname,Hispanic (est.),26,13
house,44,surname,Hispanic (est.),27,27
house,44,surname,Hispanic (est.),28,42
house,44,surname,Hispanic (est.),29,2
house,44,surname,Hispanic (est.),32,20
house,44,surname,Hispanic (est.),33,31
house,44,surname,Hispanic (est.),35,32
house,44,surname,Hispanic (est.),37,9
house,45,surname,All others (est.),4,5359
house,45,surname,All others (est.),5,3714
house,45,surname,All others (est.),6,4078
house,45,surname,All others (est.),7,4575
house,45,surname,All others (est.),8,4819
house,45,surname,All others (est.),9,1911
house,45,surname,All others (est.),10,3735
house,45,surname,All others (est.),11,5161
house,45,surname,All others (est.),12,5138
house,45,surname,All others (est.),13,5349
house,45,surname,All others (est.),14,5415
house,45,surname,All others (est.),15,4995
house,45,surname,All others (est.),17,8
house,45,surname,All others (est.),18,73
house,45,surname,All others (est.),19,138
house,45,surname,All others (est.),20,12
house,45,surname,All others (est.),21,130
house,45,surname,All others (est.),24,77
house,45,surname,All others (est.),25,4
house,45,surname,All others (est.),26,152
house,45,surname,All others (est.),28,96
house,45,surname,All others (est.),29,62
house,45,surname,All others (est.),30,1
house,45,surname,All others (est.),32,80
house,45,surname,All others (est.),33,60
house,45,surname,All others (est.),34,119
house,45,surname,All others (est.),36,122
house,45,surname,All others (est.),37,13
house,45,surname,Asian (est.),4,230
house,45,surname,Asian (est.),5,156
house,45,surname,Asian (est.),6,172
house,45,surname,Asian (est.),7,168
house,45,surname,Asian (est.),8,209
house,45,surname,Asian (est.),9,102
house,45,surname,Asian (est.),10,152
house,45,surname,Asian (est.),11,194
house,45,surname,Asian (est.),12,185
house,45,surname,Asian (est.),13,176
house,45,surname,Asian (est.),14,185
house,45,surname,Asian (est.),15,158
house,45,surname,Asian (est.),18,2
house,45,surname,Asian (est.),19,2
house,45,surname,Asian (est.),21,4
house,45,surname,Asian (est.),24,1
house,45,surname,Asian (est.),26,4
house,45,surname,Asian (est.),28,1
house,45,surname,Asian (est.),29,1
house,45,surname,Asian (est.),32,2
house,45,surname,Asian (est.),33,1
house,45,surname,Asian (est.),34,3
house,45,surname,Asian (est.),36,3
house,45,surname,Hispanic (est.),4,2636
house,45,surname,Hispanic (est.),5,1631
house,45,surname,Hispanic (est.),6,1762
house,45,surname,Hispanic (est.),7,1719
house,45,surname,Hispanic (est.),8,1795
house,45,surname,Hispanic (est.),9,829
house,45,surname,Hispanic (est.),10,1536
house,45,surname,Hispanic (est.),11,1974
house,45,surname,Hispanic (est.),12,1690
house,45,surname,Hispanic (est.),13,1721
house,45,surname,Hispanic (est.),14,1694
house,45,surname,Hispanic (est.),15,1578
house,45,surname,Hispanic (est.),18,10
house,45,surname,Hispanic (est.),19,27
house,45,surname,Hispanic (est.),20,1
house,45,surname,Hispanic (est.),21,28
house,45,surname,Hispanic (est.),24,17
house,45,surname,Hispanic (est.),25,1
house,45,surname,Hispanic (est.),26,28
house,45,surname,Hispanic (est.),28,31
house,45,surname,Hispanic (est.),29,10
house,45,surname,Hispanic (est.),32,22
house,45,surname,Hispanic (est.),33,12
house,45,surname,Hispanic (est.),34,36
house,45,surname,Hispanic (est.),36,32
house,45,surname,Hispanic (est.),37,6
house,46,surname,All others (est.),4,5133
house,46,surname,All others (est.),5,4039
house,46,surname,All others (est.),6,4098
house,46,surname,All others (est.),7,4030
house,46,surname,All others (est.),8,4096
house,46,surname,All others (est.),9,2006
house,46,surname,All others (est.),10,3355
house,46,surname,All others (est.),11,4926
house,46,surname,All others (est.),12,4593
house,46,surname,All others (est.),13,4732
house,46,surname,All others (est.),14,4813
house,46,surname,All others (est.),15,5451
house,46,surname,All others (est.),18,132
house,46,surname,All others (est.),19,203
house,46,surname,All others (est.),20,33
house,46,surname,All others (est.),21,274
house,46,surname,All others (est.),25,129
house,46,surname,All others (est.),26,97
house,46,surname,All others (est.),27,13
house,46,surname,All others (est.),28,1
house,46,surname,All others (est.),29,20
house,46,surname,All others (est.),32,1
house,46,surname,All others (est.),33,4
house,46,surname,All others (est.),34,5
house,46,surname,All others (est.),35,1
house,46,surname,All others (est.),36,6
house,46,surname,Asian (est.),4,497
house,46,surname,Asian (est.),5,394
house,46,surname,Asian (est.),6,390
house,46,surname,Asian (est.),7,367
house,46,surname,Asian (est.),8,366
house,46,surname,Asian (est.),9,183
house,46,surname,Asian (est.),10,311
house,46,surname,Asian (est.),11,375
house,46,surname,Asian (est.),12,360
house,46,surname,Asian (est.),13,360
house,46,surname,Asian (est.),14,342
house,46,surname,Asian (est.),15,368
house,46,surname,Asian (est.),18,5
house,46,surname,Asian (est.),19,4
house,46,surname,Asian (est.),20,5
house,46,surname,Asian (est.),21,8
house,46,surname,Asian (est.),25,8
house,46,surname,Asian (est.),26,3
house,46,surname,Asian (est.),27,1
house,46,surname,Asian (est.),29,1
house,46,surname,Asian (est.),34,1
house,46,surname,Hispanic (est.),4,1870
house,46,surname,Hispanic (est.),5,1203
house,46,surname,Hispanic (est.),6,1272
house,46,surname,Hispanic (est.),7,1163
house,46,surname,Hispanic (est.),8,1095
house,46,surname,Hispanic (est.),9,599
house,46,surname,Hispanic (est.),10,1024
house,46,surname,Hispanic (est.),11,1321
house,46,surname,Hispanic (est.),12,1140
house,46,surname,Hispanic (est.),13,1155
house,46,surname,Hispanic (est.),14,1147
house,46,surname,Hispanic (est.),15,1275
house,46,surname,Hispanic (est.),18,20
house,46,surname,Hispanic (est.),19,23
house,46,surname,Hispanic (est.),20,3
house,46,surname,Hispanic (est.),21,35
house,46,surname,Hispanic (est.),25,17
house,46,surname,Hispanic (est.),26,13
house,46,surname,Hispanic (est.),27,6
house,46,surname,Hispanic (est.),29,3
house,46,surname,Hispanic (est.),32,1
house,46,surname,Hispanic (est.),34,1
house,46,surname,Hispanic (est.),36,1
house,47,surname,All others (est.),4,5937
house,47,surname,All others (est.),5,4905
house,47,surname,All others (est.),6,5483
house,47,surname,All others (est.),7,5200
house,47,surname,All others (est.),8,5861
house,47,surname,All others (est.),9,2550
house,47,surname,All others (est.),10,4458
house,47,surname,All others (est.),11,7116
house,47,surname,All others (est.),12,6964
house,47,surname,All others (est.),13,7318
house,47,surname,All others (est.),14,7210
house,47,surname,All others (est.),15,7215
house,47,surname,All others (est.),18,193
house,47,surname,All others (est.),19,346
house,47,surname,All others (est.),20,27
house,47,surname,All others (est.),21,465
house,47,surname,All others (est.),25,186
house,47,surname,All others (est.),26,134
house,47,surname,All others (est.),27,25
house,47,surname,All others (est.),28,5
house,47,surname,All others (est.),29,25
house,47,surname,All others (est.),32,1
house,47,surname,All others (est.),33,10
house,47,surname,All others (est.),34,13
house,47,surname,All others (est.),35,2
house,47,surname,All others (est.),36,14
house,47,surname,Asian (est.),4,800
house,47,surname,Asian (est.),5,536
house,47,surname,Asian (est.),6,532
house,47,surname,Asian (est.),7,470
house,47,surname,Asian (est.),8,572
house,47,surname,Asian (est.),9,352
house,47,surname,Asian (est.),10,673
house,47,surname,Asian (est.),11,722
house,47,surname,Asian (est.),12,592
house,47,surname,Asian (est.),13,563
house,47,surname,Asian (est.),14,563
house,47,surname,Asian (est.),15,603
house,47,surname,Asian (est.),18,9
house,47,surname,Asian (est.),19,13
house,47,surname,Asian (est.),20,5
house,47,surname,Asian (est.),21,19
house,47,surname,Asian (est.),25,7
house,47,surname,Asian (est.),26,14
house,47,surname,Asian (est.),27,1
house,47,surname,Asian (est.),28,2
house,47,surname,Asian (est.),29,4
house,47,surname,Asian (est.),32,2
house,47,surname,Asian (est.),33,1
house,47,surname,Asian (est.),34,3
house,47,surname,Hispanic (est.),4,979
house,47,surname,Hispanic (est.),5,769
house,47,surname,Hispanic (est.),6,749
house,47,surname,Hispanic (est.),7,748
house,47,surname,Hispanic (est.),8,809
house,47,surname,Hispanic (est.),9,404
house,47,surname,Hispanic (est.),10,712
house,47,surname,Hispanic (est.),11,1063
house,47,surname,Hispanic (est.),12,951
house,47,surname,Hispanic (est.),13,996
house,47,surname,Hispanic (est.),14,975
house,47,surname,Hispanic (est.),15,1017
house,47,surname,Hispanic (est.),18,16
house,47,surname,Hispanic (est.),19,32
house,47,surname,Hispanic (est.),20,1
house,47,surname,Hispanic (est.),21,48
house,47,surname,Hispanic (est.),25,20
house,47,surname,Hispanic (est.),26,19
house,47,surname,Hispanic (est.),27,3
house,47,surname,Hispanic (est.),28,1
house,47,surname,Hispanic (est.),29,4
house,47,surname,Hispanic (est.),34,2
house,47,surname,Hispanic (est.),36,3
house,48,surname,All others (est.),4,6075
house,48,surname,All others (est.),5,5047
house,48,surname,All others (est.),6,5564
house,48,surname,All others (est.),7,5472
house,48,surname,All others (est.),8,5890
house,48,surname,All others (est.),9,2576
house,48,surname,All others (est.),10,4296
house,48,surname,All others (est.),11,6997
house,48,surname,All others (est.),12,7047
house,48,surname,All others (est.),13,7170
house,48,surname,All others (est.),14,7270
house,48,surname,All others (est.),15,7396
house,48,surname,All others (est.),18,210
house,48,surname,All others (est.),19,403
house,48,surname,All others (est.),20,38
house,48,surname,All others (est.),21,542
house,48,surname,All others (est.),25,194
house,48,surname,All others (est.),26,158
house,48,surname,All others (est.),27,26
house,48,surname,All others (est.),28,7
house,48,surname,All others (est.),29,41
house,48,surname,All others (est.),32,5
house,48,surname,All others (est.),33,5
house,48,surname,All others (est.),34,6
house,48,surname,All others (est.),35,2
house,48,surname,All others (est.),36,18
house,48,surname,All others (est.),37,4
house,48,surname,Asian (est.),4,383
house,48,surname,Asian (est.),5,310
house,48,surname,Asian (est.),6,322
house,48,surname,Asian (est.),7,306
house,48,surname,Asian (est.),8,336
house,48,surname,Asian (est.),9,203
house,48,surname,Asian (est.),10,322
house,48,surname,Asian (est.),11,398
house,48,surname,Asian (est.),12,393
house,48,surname,Asian (est.),13,362
house,48,surname,Asian (est.),14,338
house,48,surname,Asian (est.),15,394
house,48,surname,Asian (est.),18,11
house,48,surname,Asian (est.),19,11
house,48,surname,Asian (est.),20,1
house,48,surname,Asian (est.),21,21
house,48,surname,Asian (est.),25,4
house,48,surname,Asian (est.),26,7
house,48,surname,Asian (est.),27,3
house,48,surname,Asian (est.),28,1
house,48,surname,Asian (est.),29,3
house,48,surname,Asian (est.),36,1
house,48,surname,Hispanic (est.),4,1463
house,48,surname,Hispanic (est.),5,1101
house,48,surname,Hispanic (est.),6,1148
house,48,surname,Hispanic (est.),7,1139
house,48,surname,Hispanic (est.),8,1120
house,48,surname,Hispanic (est.),9,617
house,48,surname,Hispanic (est.),10,1038
house,48,surname,Hispanic (est.),11,1347
house,48,surname,Hispanic (est.),12,1233
house,48,surname,Hispanic (est.),13,1409
house,48,surname,Hispanic (est.),14,1316
house,48,surname,Hispanic (est.),15,1411
house,48,surname,Hispanic (est.),18,34
house,48,surname,Hispanic (est.),19,52
house,48,surname,Hispanic (est.),20,1
house,48,surname,Hispanic (est.),21,76
house,48,surname,Hispanic (est.),25,28
house,48,surname,Hispanic (est.),26,25
house,48,surname,Hispanic (est.),27,4
house,48,surname,Hispanic (est.),29,3
house,48,surname,Hispanic (est.),34,1
house,48,surname,Hispanic (est.),36,3
house,49,surname,All others (est.),4,6665
house,49,surname,All others (est.),5,5362
house,49,surname,All others (est.),6,5457
house,49,surname,All others (est.),7,5228
house,49,surname,All others (est.),8,5254
house,49,surname,All others (est.),9,2283
house,49,surname,All others (est.),10,3419
house,49,surname,All others (est.),11,6140
house,49,surname,All others (est.),12,5893
house,49,surname,All others (est.),13,6349
house,49,surname,All others (est.),14,6154
house,49,surname,All others (est.),15,6925
house,49,surname,All others (est.),18,186
house,49,surname,All others (est.),19,298
house,49,surname,All others (est.),20,40
house,49,surname,All others (est.),21,435
house,49,surname,All others (est.),25,188
house,49,surname,All others (est.),26,134
house,49,surname,All others (est.),27,27
house,49,surname,All others (est.),28,7
house,49,surname,All others (est.),29,43
house,49,surname,All others (est.),32,11
house,49,surname,All others (est.),33,10
house,49,surname,All others (est.),34,14
house,49,surname,All others (est.),36,14
house,49,surname,All others (est.),37,3
house,49,surname,Asian (est.),4,814
house,49,surname,Asian (est.),5,664
house,49,surname,Asian (est.),6,580
house,49,surname,Asian (est.),7,533
house,49,surname,Asian (est.),8,507
house,49,surname,Asian (est.),9,222
house,49,surname,Asian (est.),10,303
house,49,surname,Asian (est.),11,639
house,49,surname,Asian (est.),12,469
house,49,surname,Asian (est.),13,482
house,49,surname,Asian (est.),14,458
house,49,surname,Asian (est.),15,492
house,49,surname,Asian (est.),18,5
house,49,surname,Asian (est.),19,8
house,49,surname,Asian (est.),20,1
house,49,surname,Asian (est.),21,16
house,49,surname,Asian (est.),25,4
house,49,surname,Asian (est.),26,4
house,49,surname,Asian (est.),27,1
house,49,surname,Asian (est.),28,1
house,49,surname,Asian (est.),29,4
house,49,surname,Asian (est.),35,1
house,49,surname,Asian (est.),36,2
house,49,surname,Hispanic (est.),4,1693
house,49,surname,Hispanic (est.),5,1214
house,49,surname,Hispanic (est.),6,1209
house,49,surname,Hispanic (est.),7,1100
house,49,surname,Hispanic (est.),8,1073
house,49,surname,Hispanic (est.),9,518
house,49,surname,Hispanic (est.),10,708
house,49,surname,Hispanic (est.),11,1221
house,49,surname,Hispanic (est.),12,1148
house,49,surname,Hispanic (est.),13,1245
house,49,surname,Hispanic (est.),14,1173
house,49,surname,Hispanic (est.),15,1255
house,49,surname,Hispanic (est.),18,16
house,49,surname,Hispanic (est.),19,47
house,49,surname,Hispanic (est.),20,4
house,49,surname,Hispanic (est.),21,42
house,49,surname,Hispanic (est.),25,24
house,49,surname,Hispanic (est.),26,20
house,49,surname,Hispanic (est.),27,3
house,49,surname,Hispanic (est.),28,1
house,49,surname,Hispanic (est.),29,5
house,49,surname,Hispanic (est.),32,1
house,49,surname,Hispanic (est.),34,1
house,49,surname,Hispanic (est.),36,3
house,5,surname,All others (est.),4,3242
house,5,surname,All others (est.),5,2204
house,5,surname,All others (est.),6,2292
house,5,surname,All others (est.),7,2640
house,5,surname,All others (est.),8,3335
house,5,surname,All others (est.),9,1329
house,5,surname,All others (est.),10,2726
house,5,surname,All others (est.),11,4389
house,5,surname,All others (est.),12,4275
house,5,surname,All others (est.),13,4528
house,5,surname,All others (est.),14,4943
house,5,surname,All others (est.),15,5246
house,5,surname,All others (est.),17,29
house,5,surname,All others (est.),18,62
house,5,surname,All others (est.),19,77
house,5,surname,All others (est.),20,69
house,5,surname,All others (est.),21,57
house,5,surname,All others (est.),22,18
house,5,surname,All others (est.),25,64
house,5,surname,All others (est.),26,26
house,5,surname,All others (est.),27,47
house,5,surname,All others (est.),28,24
house,5,surname,All others (est.),29,54
house,5,surname,All others (est.),32,32
house,5,surname,All others (est.),33,40
house,5,surname,All others (est.),34,26
house,5,surname,All others (est.),35,6
house,5,surname,All others (est.),36,41
house,5,surname,All others (est.),37,1
house,5,surname,Asian (est.),4,50
house,5,surname,Asian (est.),5,31
house,5,surname,Asian (est.),6,36
house,5,surname,Asian (est.),7,43
house,5,surname,Asian (est.),8,50
house,5,surname,Asian (est.),9,17
house,5,surname,Asian (est.),10,39
house,5,surname,Asian (est.),11,65
house,5,surname,Asian (est.),12,62
house,5,surname,Asian (est.),13,66
house,5,surname,Asian (est.),14,60
house,5,surname,Asian (est.),15,69
house,5,surname,Asian (est.),19,1
house,5,surname,Asian (est.),21,1
house,5,surname,Asian (est.),25,1
house,5,surname,Hispanic (est.),4,385
house,5,surname,Hispanic (est.),5,205
house,5,surname,Hispanic (est.),6,214
house,5,surname,Hispanic (est.),7,202
house,5,surname,Hispanic (est.),8,263
house,5,surname,Hispanic (est.),9,110
house,5,surname,Hispanic (est.),10,214
house,5,surname,Hispanic (est.),11,299
house,5,surname,Hispanic (est.),12,257
house,5,surname,Hispanic (est.),13,261
house,5,surname,Hispanic (est.),14,291
house,5,surname,Hispanic (est.),15,296
house,5,surname,Hispanic (est.),17,1
house,5,surname,Hispanic (est.),18,2
house,5,surname,Hispanic (est.),19,3
house,5,surname,Hispanic (est.),20,3
house,5,surname,Hispanic (est.),21,4
house,5,surname,Hispanic (est.),25,2
house,5,surname,Hispanic (est.),26,2
house,5,surname,Hispanic (est.),27,1
house,5,surname,Hispanic (est.),28,1
house,5,surname,Hispanic (est.),29,3
house,5,surname,Hispanic (est.),32,3
house,5,surname,Hispanic (est.),33,1
house,5,surname,Hispanic (est.),34,1
house,5,surname,Hispanic (est.),36,1
house,50,surname,All others (est.),4,3651
house,50,surname,All others (est.),5,2821
house,50,surname,All others (est.),6,2882
house,50,surname,All others (est.),7,2726
house,50,surname,All others (est.),8,2850
house,50,surname,All others (est.),9,1308
house,50,surname,All others (est.),10,2231
house,50,surname,All others (est.),11,3508
house,50,surname,All others (est.),12,3191
house,50,surname,All others (est.),13,3266
house,50,surname,All others (est.),14,3388
house,50,surname,All others (est.),15,3852
house,50,surname,All others (est.),18,124
house,50,surname,All others (est.),19,174
house,50,surname,All others (est.),20,21
house,50,surname,All others (est.),21,225
house,50,surname,All others (est.),25,91
house,50,surname,All others (est.),26,91
house,50,surname,All others (est.),27,14
house,50,surname,All others (est.),28,1
house,50,surname,All others (est.),29,16
house,50,surname,All others (est.),32,1
house,50,surname,All others (est.),34,3
house,50,surname,All others (est.),36,6
house,50,surname,Asian (est.),4,498
house,50,surname,Asian (est.),5,383
house,50,surname,Asian (est.),6,338
house,50,surname,Asian (est.),7,377
house,50,surname,Asian (est.),8,395
house,50,surname,Asian (est.),9,219
house,50,surname,Asian (est.),10,336
house,50,surname,Asian (est.),11,378
house,50,surname,Asian (est.),12,349
house,50,surname,Asian (est.),13,362
house,50,surname,Asian (est.),14,350
house,50,surname,Asian (est.),15,371
house,50,surname,Asian (est.),18,6
house,50,surname,Asian (est.),19,8
house,50,surname,Asian (est.),21,9
house,50,surname,Asian (est.),25,4
house,50,surname,Asian (est.),26,3
house,50,surname,Asian (est.),29,2
house,50,surname,Hispanic (est.),4,1426
house,50,surname,Hispanic (est.),5,1019
house,50,surname,Hispanic (est.),6,903
house,50,surname,Hispanic (est.),7,809
house,50,surname,Hispanic (est.),8,809
house,50,surname,Hispanic (est.),9,491
house,50,surname,Hispanic (est.),10,749
house,50,surname,Hispanic (est.),11,975
house,50,surname,Hispanic (est.),12,842
house,50,surname,Hispanic (est.),13,844
house,50,surname,Hispanic (est.),14,854
house,50,surname,Hispanic (est.),15,969
house,50,surname,Hispanic (est.),18,17
house,50,surname,Hispanic (est.),19,30
house,50,surname,Hispanic (est.),20,3
house,50,surname,Hispanic (est.),21,38
house,50,surname,Hispanic (est.),25,20
house,50,surname,Hispanic (est.),26,18
house,50,surname,Hispanic (est.),27,2
house,50,surname,Hispanic (est.),29,2
house,50,surname,Hispanic (est.),33,1
house,50,surname,Hispanic (est.),34,1
house,51,surname,All others (est.),4,4042
house,51,surname,All others (est.),5,3021
house,51,surname,All others (est.),6,2959
house,51,surname,All others (est.),7,2847
house,51,surname,All others (est.),8,2645
house,51,surname,All others (est.),9,1206
house,51,surname,All others (est.),10,1906
house,51,surname,All others (est.),11,3135
house,51,surname,All others (est.),12,2889
house,51,surname,All others (est.),13,3079
house,51,surname,All others (est.),14,3234
house,51,surname,All others (est.),15,3664
house,51,surname,All others (est.),18,48
house,51,surname,All others (est.),19,90
house,51,surname,All others (est.),20,9
house,51,surname,All others (est.),21,158
house,51,surname,All others (est.),25,56
house,51,surname,All others (est.),26,42
house,51,surname,All others (est.),27,10
house,51,surname,All others (est.),28,9
house,51,surname,All others (est.),29,22
house,51,surname,All others (est.),32,8
house,51,surname,All others (est.),33,5
house,51,surname,All others (est.),34,10
house,51,surname,All others (est.),36,12
house,51,surname,Asian (est.),4,270
house,51,surname,Asian (est.),5,199
house,51,surname,Asian (est.),6,201
house,51,surname,Asian (est.),7,193
house,51,surname,Asian (est.),8,191
house,51,surname,Asian (est.),9,91
house,51,surname,Asian (est.),10,153
house,51,surname,Asian (est.),11,212
house,51,surname,Asian (est.),12,188
house,51,surname,Asian (est.),13,169
house,51,surname,Asian (est.),14,180
house,51,surname,Asian (est.),15,227
house,51,surname,Asian (est.),18,3
house,51,surname,Asian (est.),19,4
house,51,surname,Asian (est.),20,1
house,51,surname,Asian (est.),21,4
house,51,surname,Asian (est.),25,6
house,51,surname,Asian (est.),26,1
house,51,surname,Asian (est.),29,2
house,51,surname,Hispanic (est.),4,2047
house,51,surname,Hispanic (est.),5,1384
house,51,surname,Hispanic (est.),6,1288
house,51,surname,Hispanic (est.),7,1205
house,51,surname,Hispanic (est.),8,1144
house,51,surname,Hispanic (est.),9,561
house,51,surname,Hispanic (est.),10,913
house,51,surname,Hispanic (est.),11,1274
house,51,surname,Hispanic (est.),12,1182
house,51,surname,Hispanic (est.),13,1233
house,51,surname,Hispanic (est.),14,1202
house,51,surname,Hispanic (est.),15,1467
house,51,surname,Hispanic (est.),18,31
house,51,surname,Hispanic (est.),19,41
house,51,surname,Hispanic (est.),20,1
house,51,surname,Hispanic (est.),21,53
house,51,surname,Hispanic (est.),25,19
house,51,surname,Hispanic (est.),26,33
house,51,surname,Hispanic (est.),27,4
house,51,surname,Hispanic (est.),28,2
house,51,surname,Hispanic (est.),29,2
house,51,surname,Hispanic (est.),32,1
house,51,surname,Hispanic (est.),33,1
house,51,surname,Hispanic (est.),34,1
house,52,surname,All others (est.),4,7020
house,52,surname,All others (est.),5,4852
house,52,surname,All others (est.),6,5209
house,52,surname,All others (est.),7,5381
house,52,surname,All others (est.),8,6183
house,52,surname,All others (est.),9,2618
house,52,surname,All others (est.),10,4812
house,52,surname,All others (est.),11,7896
house,52,surname,All others (est.),12,7446
house,52,surname,All others (est.),13,7834
house,52,surname,All others (est.),14,7717
house,52,surname,All others (est.),15,8766
house,52,surname,All others (est.),18,148
house,52,surname,All others (est.),19,171
house,52,surname,All others (est.),20,120
house,52,surname,All others (est.),21,66
house,52,surname,All others (est.),22,123
house,52,surname,All others (est.),25,10
house,52,surname,All others (est.),26,5
house,52,surname,All others (est.),27,7
house,52,surname,All others (est.),28,11
house,52,surname,All others (est.),29,15
house,52,surname,All others (est.),32,5
house,52,surname,All others (est.),33,1
house,52,surname,All others (est.),34,6
house,52,surname,All others (est.),35,3
house,52,surname,All others (est.),36,1
house,52,surname,All others (est.),37,2
house,52,surname,Asian (est.),4,668
house,52,surname,Asian (est.),5,451
house,52,surname,Asian (est.),6,399
house,52,surname,Asian (est.),7,370
house,52,surname,Asian (est.),8,444
house,52,surname,Asian (est.),9,251
house,52,surname,Asian (est.),10,436
house,52,surname,Asian (est.),11,496
house,52,surname,Asian (est.),12,424
house,52,surname,Asian (est.),13,413
house,52,surname,Asian (est.),14,388
house,52,surname,Asian (est.),15,436
house,52,surname,Asian (est.),18,6
house,52,surname,Asian (est.),19,10
house,52,surname,Asian (est.),20,6
house,52,surname,Asian (est.),21,2
house,52,surname,Asian (est.),22,3
house,52,surname,Asian (est.),25,1
house,52,surname,Asian (est.),27,1
house,52,surname,Asian (est.),28,2
house,52,surname,Hispanic (est.),4,1783
house,52,surname,Hispanic (est.),5,1129
house,52,surname,Hispanic (est.),6,1173
house,52,surname,Hispanic (est.),7,1138
house,52,surname,Hispanic (est.),8,1177
house,52,surname,Hispanic (est.),9,642
house,52,surname,Hispanic (est.),10,1094
house,52,surname,Hispanic (est.),11,1643
house,52,surname,Hispanic (est.),12,1336
house,52,surname,Hispanic (est.),13,1390
house,52,surname,Hispanic (est.),14,1427
house,52,surname,Hispanic (est.),15,1686
house,52,surname,Hispanic (est.),17,1
house,52,surname,Hispanic (est.),18,22
house,52,surname,Hispanic (est.),19,18
house,52,surname,Hispanic (est.),20,17
house,52,surname,Hispanic (est.),21,11
house,52,surname,Hispanic (est.),22,16
house,52,surname,Hispanic (est.),25,2
house,52,surname,Hispanic (est.),28,2
house,52,surname,Hispanic (est.),29,2
house,52,surname,Hispanic (est.),33,1
house,52,surname,Hispanic (est.),37,1
house,53,surname,All others (est.),4,4620
house,53,surname,All others (est.),5,3401
house,53,surname,All others (est.),6,3766
house,53,surname,All others (est.),7,4324
house,53,surname,All others (est.),8,5311
house,53,surname,All others (est.),9,1598
house,53,surname,All others (est.),10,3297
house,53,surname,All others (est.),11,6715
house,53,surname,All others (est.),12,6607
house,53,surname,All others (est.),13,7998
house,53,surname,All others (est.),14,8996
house,53,surname,All others (est.),15,10450
house,53,surname,All others (est.),18,173
house,53,surname,All others (est.),19,237
house,53,surname,All others (est.),20,48
house,53,surname,All others (est.),21,291
house,53,surname,All others (est.),22,4
house,53,surname,All others (est.),24,5
house,53,surname,All others (est.),25,126
house,53,surname,All others (est.),26,169
house,53,surname,All others (est.),27,176
house,53,surname,All others (est.),28,30
house,53,surname,All others (est.),29,154
house,53,surname,All others (est.),32,40
house,53,surname,All others (est.),33,45
house,53,surname,All others (est.),34,45
house,53,surname,All others (est.),35,14
house,53,surname,All others (est.),36,63
house,53,surname,All others (est.),37,26
house,53,surname,Asian (est.),4,108
house,53,surname,Asian (est.),5,70
house,53,surname,Asian (est.),6,70
house,53,surname,Asian (est.),7,90
house,53,surname,Asian (est.),8,101
house,53,surname,Asian (est.),9,36
house,53,surname,Asian (est.),10,72
house,53,surname,Asian (est.),11,133
house,53,surname,Asian (est.),12,126
house,53,surname,Asian (est.),13,131
house,53,surname,Asian (est.),14,159
house,53,surname,Asian (est.),15,185
house,53,surname,Asian (est.),18,3
house,53,surname,Asian (est.),19,3
house,53,surname,Asian (est.),20,1
house,53,surname,Asian (est.),21,4
house,53,surname,Asian (est.),25,2
house,53,surname,Asian (est.),26,3
house,53,surname,Asian (est.),27,3
house,53,surname,Asian (est.),29,3
house,53,surname,Asian (est.),33,1
house,53,surname,Asian (est.),36,1
house,53,surname,Hispanic (est.),4,1729
house,53,surname,Hispanic (est.),5,991
house,53,surname,Hispanic (est.),6,1035
house,53,surname,Hispanic (est.),7,1054
house,53,surname,Hispanic (est.),8,1296
house,53,surname,Hispanic (est.),9,485
house,53,surname,Hispanic (est.),10,1039
house,53,surname,Hispanic (est.),11,1583
house,53,surname,Hispanic (est.),12,1336
house,53,surname,Hispanic (est.),13,1421
house,53,surname,Hispanic (est.),14,1575
house,53,surname,Hispanic (est.),15,1876
house,53,surname,Hispanic (est.),18,26
house,53,surname,Hispanic (est.),19,50
house,53,surname,Hispanic (est.),20,20
house,53,surname,Hispanic (est.),21,30
house,53,surname,Hispanic (est.),25,16
house,53,surname,Hispanic (est.),26,25
house,53,surname,Hispanic (est.),27,27
house,53,surname,Hispanic (est.),28,5
house,53,surname,Hispanic (est.),29,19
house,53,surname,Hispanic (est.),32,9
house,53,surname,Hispanic (est.),33,5
house,53,surname,Hispanic (est.),34,5
house,53,surname,Hispanic (est.),35,3
house,53,surname,Hispanic (est.),36,6
house,53,surname,Hispanic (est.),37,1
house,54,surname,All others (est.),4,3267
house,54,surname,All others (est.),5,2229
house,54,surname,All others (est.),6,2512
house,54,surname,All others (est.),7,2831
house,54,surname,All others (est.),8,3288
house,54,surname,All others (est.),9,1573
house,54,surname,All others (est.),10,3523
house,54,surname,All others (est.),11,3445
house,54,surname,All others (est.),12,3291
house,54,surname,All others (est.),13,3279
house,54,surname,All others (est.),14,3507
house,54,surname,All others (est.),15,3582
house,54,surname,All others (est.),18,102
house,54,surname,All others (est.),19,126
house,54,surname,All others (est.),20,190
house,54,surname,All others (est.),21,113
house,54,surname,All others (est.),25,21
house,54,surname,All others (est.),27,14
house,54,surname,All others (est.),29,8
house,54,surname,All others (est.),32,4
house,54,surname,All others (est.),34,9
house,54,surname,All others (est.),36,15
house,54,surname,Asian (est.),4,91
house,54,surname,Asian (est.),5,71
house,54,surname,Asian (est.),6,76
house,54,surname,Asian (est.),7,80
house,54,surname,Asian (est.),8,101
house,54,surname,Asian (est.),9,38
house,54,surname,Asian (est.),10,96
house,54,surname,Asian (est.),11,85
house,54,surname,Asian (est.),12,84
house,54,surname,Asian (est.),13,77
house,54,surname,Asian (est.),14,75
house,54,surname,Asian (est.),15,80
house,54,surname,Asian (est.),18,3
house,54,surname,Asian (est.),19,3
house,54,surname,Asian (est.),20,6
house,54,surname,Asian (est.),21,2
house,54,surname,Asian (est.),27,1
house,54,surname,Hispanic (est.),4,627
house,54,surname,Hispanic (est.),5,419
house,54,surname,Hispanic (est.),6,520
house,54,surname,Hispanic (est.),7,482
house,54,surname,Hispanic (est.),8,567
house,54,surname,Hispanic (est.),9,292
house,54,surname,Hispanic (est.),10,656
house,54,surname,Hispanic (est.),11,532
house,54,surname,Hispanic (est.),12,501
house,54,surname,Hispanic (est.),13,491
house,54,surname,Hispanic (est.),14,449
house,54,surname,Hispanic (est.),15,489
house,54,surname,Hispanic (est.),18,13
house,54,surname,Hispanic (est.),19,17
house,54,surname,Hispanic (est.),20,27
house,54,surname,Hispanic (est.),21,19
house,54,surname,Hispanic (est.),25,2
house,54,surname,Hispanic (est.),27,2
house,54,surname,Hispanic (est.),29,2
house,54,surname,Hispanic (est.),34,2
house,54,surname,Hispanic (est.),36,1
house,55,surname,All others (est.),4,4262
house,55,surname,All others (est.),5,3126
house,55,surname,All others (est.),6,3289
house,55,surname,All others (est.),7,3893
house,55,surname,All others (est.),8,4546
house,55,surname,All others (est.),9,2128
house,55,surname,All others (est.),10,4658
house,55,surname,All others (est.),11,4267
house,55,surname,All others (est.),12,4200
house,55,surname,All others (est.),13,4047
house,55,surname,All others (est.),14,3914
house,55,surname,All others (est.),15,3629
house,55,surname,All others (est.),18,188
house,55,surname,All others (est.),19,115
house,55,surname,All others (est.),20,278
house,55,surname,All others (est.),21,135
house,55,surname,All others (est.),25,35
house,55,surname,All others (est.),27,13
house,55,surname,All others (est.),29,12
house,55,surname,All others (est.),32,7
house,55,surname,All others (est.),34,8
house,55,surname,All others (est.),35,1
house,55,surname,All others (est.),36,12
house,55,surname,Asian (est.),4,157
house,55,surname,Asian (est.),5,97
house,55,surname,Asian (est.),6,108
house,55,surname,Asian (est.),7,122
house,55,surname,Asian (est.),8,135
house,55,surname,Asian (est.),9,73
house,55,surname,Asian (est.),10,172
house,55,surname,Asian (est.),11,131
house,55,surname,Asian (est.),12,122
house,55,surname,Asian (est.),13,105
house,55,surname,Asian (est.),14,89
house,55,surname,Asian (est.),15,98
house,55,surname,Asian (est.),18,5
house,55,surname,Asian (est.),19,2
house,55,surname,Asian (est.),20,4
house,55,surname,Asian (est.),21,3
house,55,surname,Asian (est.),27,1
house,55,surname,Asian (est.),34,2
house,55,surname,Hispanic (est.),4,962
house,55,surname,Hispanic (est.),5,676
house,55,surname,Hispanic (est.),6,664
house,55,surname,Hispanic (est.),7,756
house,55,surname,Hispanic (est.),8,832
house,55,surname,Hispanic (est.),9,411
house,55,surname,Hispanic (est.),10,886
house,55,surname,Hispanic (est.),11,799
house,55,surname,Hispanic (est.),12,658
house,55,surname,Hispanic (est.),13,591
house,55,surname,Hispanic (est.),14,601
house,55,surname,Hispanic (est.),15,548
house,55,surname,Hispanic (est.),18,17
house,55,surname,Hispanic (est.),19,13
house,55,surname,Hispanic (est.),20,28
house,55,surname,Hispanic (est.),21,13
house,55,surname,Hispanic (est.),25,2
house,55,surname,Hispanic (est.),27,1
house,55,surname,Hispanic (est.),32,4
house,55,surname,Hispanic (est.),36,6
house,56,surname,All others (est.),4,4845
house,56,surname,All others (est.),5,3628
house,56,surname,All others (est.),6,4406
house,56,surname,All others (est.),7,4748
house,56,surname,All others (est.),8,5109
house,56,surname,All others (est.),9,1921
house,56,surname,All others (est.),10,4461
house,56,surname,All others (est.),11,4969
house,56,surname,All others (est.),12,4506
house,56,surname,All others (est.),13,4683
house,56,surname,All others (est.),14,4991
house,56,surname,All others (est.),15,4542
house,56,surname,All others (est.),17,248
house,56,surname,All others (est.),18,272
house,56,surname,All others (est.),19,73
house,56,surname,All others (est.),20,7
house,56,surname,All others (est.),21,10
house,56,surname,All others (est.),22,55
house,56,surname,All others (est.),25,285
house,56,surname,All others (est.),26,123
house,56,surname,All others (est.),27,5
house,56,surname,All others (est.),28,32
house,56,surname,All others (est.),29,13
house,56,surname,All others (est.),33,9
house,56,surname,All others (est.),35,6
house,56,surname,All others (est.),36,3
house,56,surname,Asian (est.),4,120
house,56,surname,Asian (est.),5,99
house,56,surname,Asian (est.),6,110
house,56,surname,Asian (est.),7,111
house,56,surname,Asian (est.),8,127
house,56,surname,Asian (est.),9,71
house,56,surname,Asian (est.),10,104
house,56,surname,Asian (est.),11,102
house,56,surname,Asian (est.),12,93
house,56,surname,Asian (est.),13,92
house,56,surname,Asian (est.),14,117
house,56,surname,Asian (est.),15,94
house,56,surname,Asian (est.),17,4
house,56,surname,Asian (est.),18,5
house,56,surname,Asian (est.),19,1
house,56,surname,Asian (est.),22,1
house,56,surname,Asian (est.),25,6
house,56,surname,Asian (est.),26,3
house,56,surname,Asian (est.),33,1
house,56,surname,Hispanic (est.),4,833
house,56,surname,Hispanic (est.),5,606
house,56,surname,Hispanic (est.),6,590
house,56,surname,Hispanic (est.),7,624
house,56,surname,Hispanic (est.),8,704
house,56,surname,Hispanic (est.),9,284
house,56,surname,Hispanic (est.),10,681
house,56,surname,Hispanic (est.),11,621
house,56,surname,Hispanic (est.),12,525
house,56,surname,Hispanic (est.),13,510
house,56,surname,Hispanic (est.),14,525
house,56,surname,Hispanic (est.),15,502
house,56,surname,Hispanic (est.),17,22
house,56,surname,Hispanic (est.),18,22
house,56,surname,Hispanic (est.),19,12
house,56,surname,Hispanic (est.),20,2
house,56,surname,Hispanic (est.),22,10
house,56,surname,Hispanic (est.),25,28
house,56,surname,Hispanic (est.),26,7
house,56,surname,Hispanic (est.),28,2
house,56,surname,Hispanic (est.),29,1
house,56,surname,Hispanic (est.),33,1
house,57,surname,All others (est.),4,5905
house,57,surname,All others (est.),5,3675
house,57,surname,All others (est.),6,3635
house,57,surname,All others (est.),7,4161
house,57,surname,All others (est.),8,4540
house,57,surname,All others (est.),9,2078
house,57,surname,All others (est.),10,4069
house,57,surname,All others (est.),11,6588
house,57,surname,All others (est.),12,5770
house,57,surname,All others (est.),13,6639
house,57,surname,All others (est.),14,7523
house,57,surname,All others (est.),15,9255
house,57,surname,All others (est.),16,88
house,57,surname,All others (est.),17,122
house,57,surname,All others (est.),18,54
house,57,surname,All others (est.),19,60
house,57,surname,All others (est.),20,54
house,57,surname,All others (est.),22,67
house,57,surname,All others (est.),24,66
house,57,surname,All others (est.),25,14
house,57,surname,All others (est.),26,61
house,57,surname,All others (est.),27,90
house,57,surname,All others (est.),31,36
house,57,surname,All others (est.),32,4
house,57,surname,All others (est.),33,113
house,57,surname,Asian (est.),4,434
house,57,surname,Asian (est.),5,214
house,57,surname,Asian (est.),6,213
house,57,surname,Asian (est.),7,220
house,57,surname,Asian (est.),8,253
house,57,surname,Asian (est.),9,144
house,57,surname,Asian (est.),10,224
house,57,surname,Asian (est.),11,323
house,57,surname,Asian (est.),12,237
house,57,surname,Asian (est.),13,276
house,57,surname,Asian (est.),14,290
house,57,surname,Asian (est.),15,292
house,57,surname,Asian (est.),16,3
house,57,surname,Asian (est.),17,3
house,57,surname,Asian (est.),18,1
house,57,surname,Asian (est.),19,2
house,57,surname,Asian (est.),20,2
house,57,surname,Asian (est.),22,2
house,57,surname,Asian (est.),24,3
house,57,surname,Asian (est.),25,1
house,57,surname,Asian (est.),26,2
house,57,surname,Asian (est.),27,1
house,57,surname,Asian (est.),28,1
house,57,surname,Asian (est.),31,1
house,57,surname,Asian (est.),33,3
house,57,surname,Hispanic (est.),4,1098
house,57,surname,Hispanic (est.),5,633
house,57,surname,Hispanic (est.),6,609
house,57,surname,Hispanic (est.),7,667
house,57,surname,Hispanic (est.),8,692
house,57,surname,Hispanic (est.),9,368
house,57,surname,Hispanic (est.),10,679
house,57,surname,Hispanic (est.),11,956
house,57,surname,Hispanic (est.),12,823
house,57,surname,Hispanic (est.),13,864
house,57,surname,Hispanic (est.),14,945
house,57,surname,Hispanic (est.),15,1093
house,57,surname,Hispanic (est.),16,7
house,57,surname,Hispanic (est.),17,16
house,57,surname,Hispanic (est.),18,5
house,57,surname,Hispanic (est.),19,3
house,57,surname,Hispanic (est.),20,3
house,57,surname,Hispanic (est.),22,5
house,57,surname,Hispanic (est.),24,6
house,57,surname,Hispanic (est.),25,1
house,57,surname,Hispanic (est.),26,3
house,57,surname,Hispanic (est.),27,7
house,57,surname,Hispanic (est.),28,1
house,57,surname,Hispanic (est.),31,3
house,57,surname,Hispanic (est.),33,9
house,58,surname,All others (est.),4,6586
house,58,surname,All others (est.),5,4107
house,58,surname,All others (est.),6,4435
house,58,surname,All others (est.),7,5218
house,58,surname,All others (est.),8,6054
house,58,surname,All others (est.),9,2236
house,58,surname,All others (est.),10,4778
house,58,surname,All others (est.),11,6471
house,58,surname,All others (est.),12,5651
house,58,surname,All others (est.),13,5895
house,58,surname,All others (est.),14,6021
house,58,surname,All others (est.),15,5578
house,58,surname,All others (est.),17,5
house,58,surname,All others (est.),18,37
house,58,surname,All others (est.),19,36
house,58,surname,All others (est.),20,3
house,58,surname,All others (est.),21,28
house,58,surname,All others (est.),24,24
house,58,surname,All others (est.),25,19
house,58,surname,All others (est.),26,36
house,58,surname,All others (est.),27,50
house,58,surname,All others (est.),28,2
house,58,surname,All others (est.),29,6
house,58,surname,All others (est.),31,104
house,58,surname,All others (est.),32,9
house,58,surname,All others (est.),33,29
house,58,surname,All others (est.),34,25
house,58,surname,Asian (est.),4,159
house,58,surname,Asian (est.),5,94
house,58,surname,Asian (est.),6,87
house,58,surname,Asian (est.),7,102
house,58,surname,Asian (est.),8,112
house,58,surname,Asian (est.),9,50
house,58,surname,Asian (est.),10,96
house,58,surname,Asian (est.),11,117
house,58,surname,Asian (est.),12,99
house,58,surname,Asian (est.),13,98
house,58,surname,Asian (est.),14,93
house,58,surname,Asian (est.),15,102
house,58,surname,Asian (est.),17,1
house,58,surname,Asian (est.),18,1
house,58,surname,Asian (est.),19,1
house,58,surname,Asian (est.),26,1
house,58,surname,Asian (est.),27,2
house,58,surname,Asian (est.),31,1
house,58,surname,Asian (est.),34,1
house,58,surname,Hispanic (est.),4,1119
house,58,surname,Hispanic (est.),5,662
house,58,surname,Hispanic (est.),6,669
house,58,surname,Hispanic (est.),7,636
house,58,surname,Hispanic (est.),8,800
house,58,surname,Hispanic (est.),9,326
house,58,surname,Hispanic (est.),10,675
house,58,surname,Hispanic (est.),11,808
house,58,surname,Hispanic (est.),12,588
house,58,surname,Hispanic (est.),13,622
house,58,surname,Hispanic (est.),14,528
house,58,surname,Hispanic (est.),15,525
house,58,surname,Hispanic (est.),18,2
house,58,surname,Hispanic (est.),19,10
house,58,surname,Hispanic (est.),21,2
house,58,surname,Hispanic (est.),24,1
house,58,surname,Hispanic (est.),26,4
house,58,surname,Hispanic (est.),27,5
house,58,surname,Hispanic (est.),29,3
house,58,surname,Hispanic (est.),31,11
house,58,surname,Hispanic (est.),32,2
house,58,surname,Hispanic (est.),33,2
house,58,surname,Hispanic (est.),34,2
house,59,surname,All others (est.),4,4878
house,59,surname,All others (est.),5,3352
house,59,surname,All others (est.),6,3693
house,59,surname,All others (est.),7,4212
house,59,surname,All others (est.),8,5278
house,59,surname,All others (est.),9,1663
house,59,surname,All others (est.),10,3365
house,59,surname,All others (est.),11,5849
house,59,surname,All others (est.),12,5881
house,59,surname,All others (est.),13,6235
house,59,surname,All others (est.),14,6362
house,59,surname,All others (est.),15,7000
house,59,surname,All others (est.),16,2
house,59,surname,All others (est.),18,112
house,59,surname,All others (est.),19,54
house,59,surname,All others (est.),20,81
house,59,surname,All others (est.),21,203
house,59,surname,All others (est.),22,42
house,59,surname,All others (est.),25,47
house,59,surname,All others (est.),26,96
house,59,surname,All others (est.),27,95
house,59,surname,All others (est.),28,66
house,59,surname,All others (est.),29,140
house,59,surname,All others (est.),32,61
house,59,surname,All others (est.),33,57
house,59,surname,All others (est.),34,37
house,59,surname,All others (est.),35,8
house,59,surname,All others (est.),36,45
house,59,surname,All others (est.),37,55
house,59,surname,Asian (est.),4,93
house,59,surname,Asian (est.),5,65
house,59,surname,Asian (est.),6,64
house,59,surname,Asian (est.),7,71
house,59,surname,Asian (est.),8,88
house,59,surname,Asian (est.),9,30
house,59,surname,Asian (est.),10,62
house,59,surname,Asian (est.),11,88
house,59,surname,Asian (est.),12,84
house,59,surname,Asian (est.),13,100
house,59,surname,Asian (est.),14,96
house,59,surname,Asian (est.),15,119
house,59,surname,Asian (est.),18,2
house,59,surname,Asian (est.),19,1
house,59,surname,Asian (est.),20,1
house,59,surname,Asian (est.),21,3
house,59,surname,Asian (est.),25,1
house,59,surname,Asian (est.),26,1
house,59,surname,Asian (est.),27,1
house,59,surname,Asian (est.),28,1
house,59,surname,Asian (est.),29,2
house,59,surname,Asian (est.),32,1
house,59,surname,Asian (est.),33,1
house,59,surname,Asian (est.),34,1
house,59,surname,Asian (est.),36,3
house,59,surname,Asian (est.),37,2
house,59,surname,Hispanic (est.),4,632
house,59,surname,Hispanic (est.),5,376
house,59,surname,Hispanic (est.),6,407
house,59,surname,Hispanic (est.),7,398
house,59,surname,Hispanic (est.),8,527
house,59,surname,Hispanic (est.),9,196
house,59,surname,Hispanic (est.),10,395
house,59,surname,Hispanic (est.),11,525
house,59,surname,Hispanic (est.),12,498
house,59,surname,Hispanic (est.),13,505
house,59,surname,Hispanic (est.),14,514
house,59,surname,Hispanic (est.),15,613
house,59,surname,Hispanic (est.),18,9
house,59,surname,Hispanic (est.),19,1
house,59,surname,Hispanic (est.),20,12
house,59,surname,Hispanic (est.),21,13
house,59,surname,Hispanic (est.),22,2
house,59,surname,Hispanic (est.),25,2
house,59,surname,Hispanic (est.),26,10
house,59,surname,Hispanic (est.),27,4
house,59,surname,Hispanic (est.),28,4
house,59,surname,Hispanic (est.),29,9
house,59,surname,Hispanic (est.),32,5
house,59,surname,Hispanic (est.),33,6
house,59,surname,Hispanic (est.),34,2
house,59,surname,Hispanic (est.),36,5
house,59,surname,Hispanic (est.),37,6
house,6,surname,All others (est.),4,4730
house,6,surname,All others (est.),5,3291
house,6,surname,All others (est.),6,3679
house,6,surname,All others (est.),7,4232
house,6,surname,All others (est.),8,4887
house,6,surname,All others (est.),9,1741
house,6,surname,All others (est.),10,4454
house,6,surname,All others (est.),11,6212
house,6,surname,All others (est.),12,6139
house,6,surname,All others (est.),13,6341
house,6,surname,All others (est.),14,6620
house,6,surname,All others (est.),15,6834
house,6,surname,All others (est.),17,163
house,6,surname,All others (est.),18,183
house,6,surname,All others (est.),19,133
house,6,surname,All others (est.),20,245
house,6,surname,All others (est.),21,11
house,6,surname,All others (est.),22,75
house,6,surname,All others (est.),25,129
house,6,surname,All others (est.),26,62
house,6,surname,All others (est.),27,1
house,6,surname,All others (est.),28,2
house,6,surname,All others (est.),29,3
house,6,surname,All others (est.),32,3
house,6,surname,All others (est.),33,3
house,6,surname,All others (est.),34,1
house,6,surname,All others (est.),35,2
house,6,surname,All others (est.),36,4
house,6,surname,Asian (est.),4,118
house,6,surname,Asian (est.),5,79
house,6,surname,Asian (est.),6,91
house,6,surname,Asian (est.),7,83
house,6,surname,Asian (est.),8,110
house,6,surname,Asian (est.),9,47
house,6,surname,Asian (est.),10,85
house,6,surname,Asian (est.),11,107
house,6,surname,Asian (est.),12,112
house,6,surname,Asian (est.),13,120
house,6,surname,Asian (est.),14,118
house,6,surname,Asian (est.),15,113
house,6,surname,Asian (est.),17,2
house,6,surname,Asian (est.),18,5
house,6,surname,Asian (est.),19,4
house,6,surname,Asian (est.),20,4
house,6,surname,Asian (est.),22,2
house,6,surname,Asian (est.),25,2
house,6,surname,Asian (est.),26,1
house,6,surname,Hispanic (est.),4,658
house,6,surname,Hispanic (est.),5,362
house,6,surname,Hispanic (est.),6,414
house,6,surname,Hispanic (est.),7,421
house,6,surname,Hispanic (est.),8,474
house,6,surname,Hispanic (est.),9,180
house,6,surname,Hispanic (est.),10,421
house,6,surname,Hispanic (est.),11,548
house,6,surname,Hispanic (est.),12,462
house,6,surname,Hispanic (est.),13,447
house,6,surname,Hispanic (est.),14,491
house,6,surname,Hispanic (est.),15,446
house,6,surname,Hispanic (est.),17,11
house,6,surname,Hispanic (est.),18,12
house,6,surname,Hispanic (est.),19,8
house,6,surname,Hispanic (est.),20,10
house,6,surname,Hispanic (est.),21,1
house,6,surname,Hispanic (est.),22,7
house,6,surname,Hispanic (est.),25,6
house,6,surname,Hispanic (est.),26,2
house,6,surname,Hispanic (est.),32,2
house,6,surname,Hispanic (est.),35,1
house,60,surname,All others (est.),4,7023
house,60,surname,All others (est.),5,4871
house,60,surname,All others (est.),6,4824
house,60,surname,All others (est.),7,5474
house,60,surname,All others (est.),8,6944
house,60,surname,All others (est.),9,3231
house,60,surname,All others (est.),10,6340
house,60,surname,All others (est.),11,8184
house,60,surname,All others (est.),12,7192
house,60,surname,All others (est.),13,7170
house,60,surname,All others (est.),14,7381
house,60,surname,All others (est.),15,8106
house,60,surname,All others (est.),18,183
house,60,surname,All others (est.),19,44
house,60,surname,All others (est.),20,118
house,60,surname,All others (est.),21,104
house,60,surname,All others (est.),25,84
house,60,surname,All others (est.),26,119
house,60,surname,All others (est.),27,122
house,60,surname,All others (est.),28,164
house,60,surname,All others (est.),29,96
house,60,surname,All others (est.),32,85
house,60,surname,All others (est.),33,97
house,60,surname,All others (est.),34,99
house,60,surname,All others (est.),35,22
house,60,surname,All others (est.),36,83
house,60,surname,All others (est.),37,72
house,60,surname,Asian (est.),4,146
house,60,surname,Asian (est.),5,91
house,60,surname,Asian (est.),6,89
house,60,surname,Asian (est.),7,93
house,60,surname,Asian (est.),8,124
house,60,surname,Asian (est.),9,61
house,60,surname,Asian (est.),10,101
house,60,surname,Asian (est.),11,141
house,60,surname,Asian (est.),12,129
house,60,surname,Asian (est.),13,106
house,60,surname,Asian (est.),14,111
house,60,surname,Asian (est.),15,121
house,60,surname,Asian (est.),18,4
house,60,surname,Asian (est.),20,3
house,60,surname,Asian (est.),21,2
house,60,surname,Asian (est.),25,1
house,60,surname,Asian (est.),26,2
house,60,surname,Asian (est.),27,2
house,60,surname,Asian (est.),28,3
house,60,surname,Asian (est.),29,3
house,60,surname,Asian (est.),32,1
house,60,surname,Asian (est.),33,1
house,60,surname,Asian (est.),34,1
house,60,surname,Asian (est.),36,1
house,60,surname,Asian (est.),37,1
house,60,surname,Hispanic (est.),4,851
house,60,surname,Hispanic (est.),5,508
house,60,surname,Hispanic (est.),6,507
house,60,surname,Hispanic (est.),7,513
house,60,surname,Hispanic (est.),8,626
house,60,surname,Hispanic (est.),9,315
house,60,surname,Hispanic (est.),10,592
house,60,surname,Hispanic (est.),11,743
house,60,surname,Hispanic (est.),12,605
house,60,surname,Hispanic (est.),13,575
house,60,surname,Hispanic (est.),14,548
house,60,surname,Hispanic (est.),15,635
house,60,surname,Hispanic (est.),18,8
house,60,surname,Hispanic (est.),19,2
house,60,surname,Hispanic (est.),20,5
house,60,surname,Hispanic (est.),21,7
house,60,surname,Hispanic (est.),25,4
house,60,surname,Hispanic (est.),26,7
house,60,surname,Hispanic (est.),27,9
house,60,surname,Hispanic (est.),28,8
house,60,surname,Hispanic (est.),29,7
house,60,surname,Hispanic (est.),32,4
house,60,surname,Hispanic (est.),33,6
house,60,surname,Hispanic (est.),34,5
house,60,surname,Hispanic (est.),36,3
house,60,surname,Hispanic (est.),37,2
house,61,surname,All others (est.),4,6948
house,61,surname,All others (est.),5,4347
house,61,surname,All others (est.),6,4437
house,61,surname,All others (est.),7,5048
house,61,surname,All others (est.),8,5847
house,61,surname,All others (est.),9,2686
house,61,surname,All others (est.),10,5973
house,61,surname,All others (est.),11,7221
house,61,surname,All others (est.),12,6081
house,61,surname,All others (est.),13,6492
house,61,surname,All others (est.),14,6950
house,61,surname,All others (est.),15,7338
house,61,surname,All others (est.),17,66
house,61,surname,All others (est.),18,45
house,61,surname,All others (est.),19,132
house,61,surname,All others (est.),20,35
house,61,surname,All others (est.),21,133
house,61,surname,All others (est.),22,3
house,61,surname,All others (est.),23,13
house,61,surname,All others (est.),24,13
house,61,surname,All others (est.),25,36
house,61,surname,All others (est.),26,7
house,61,surname,All others (est.),27,5
house,61,surname,All others (est.),28,4
house,61,surname,All others (est.),29,16
house,61,surname,All others (est.),31,20
house,61,surname,All others (est.),32,6
house,61,surname,All others (est.),33,5
house,61,surname,All others (est.),34,6
house,61,surname,All others (est.),36,3
house,61,surname,Asian (est.),4,1537
house,61,surname,Asian (est.),5,746
house,61,surname,Asian (est.),6,725
house,61,surname,Asian (est.),7,664
house,61,surname,Asian (est.),8,743
house,61,surname,Asian (est.),9,522
house,61,surname,Asian (est.),10,1022
house,61,surname,Asian (est.),11,884
house,61,surname,Asian (est.),12,654
house,61,surname,Asian (est.),13,560
house,61,surname,Asian (est.),14,603
house,61,surname,Asian (est.),15,584
house,61,surname,Asian (est.),17,4
house,61,surname,Asian (est.),18,2
house,61,surname,Asian (est.),19,5
house,61,surname,Asian (est.),20,2
house,61,surname,Asian (est.),21,9
house,61,surname,Asian (est.),25,4
house,61,surname,Asian (est.),31,3
house,61,surname,Asian (est.),33,2
house,61,surname,Asian (est.),36,2
house,61,surname,Hispanic (est.),4,1139
house,61,surname,Hispanic (est.),5,590
house,61,surname,Hispanic (est.),6,628
house,61,surname,Hispanic (est.),7,702
house,61,surname,Hispanic (est.),8,814
house,61,surname,Hispanic (est.),9,409
house,61,surname,Hispanic (est.),10,945
house,61,surname,Hispanic (est.),11,950
house,61,surname,Hispanic (est.),12,708
house,61,surname,Hispanic (est.),13,720
house,61,surname,Hispanic (est.),14,789
house,61,surname,Hispanic (est.),15,870
house,61,surname,Hispanic (est.),17,8
house,61,surname,Hispanic (est.),18,2
house,61,surname,Hispanic (est.),19,11
house,61,surname,Hispanic (est.),20,4
house,61,surname,Hispanic (est.),21,6
house,61,surname,Hispanic (est.),23,1
house,61,surname,Hispanic (est.),24,3
house,61,surname,Hispanic (est.),25,2
house,61,surname,Hispanic (est.),29,1
house,61,surname,Hispanic (est.),31,3
house,62,surname,All others (est.),4,5270
house,62,surname,All others (est.),5,3382
house,62,surname,All others (est.),6,3952
house,62,surname,All others (est.),7,4597
house,62,surname,All others (est.),8,4902
house,62,surname,All others (est.),9,1989
house,62,surname,All others (est.),10,3391
house,62,surname,All others (est.),11,6622
house,62,surname,All others (est.),12,6288
house,62,surname,All others (est.),13,7215
house,62,surname,All others (est.),14,7919
house,62,surname,All others (est.),15,8153
house,62,surname,All others (est.),18,16
house,62,surname,All others (est.),19,179
house,62,surname,All others (est.),20,237
house,62,surname,All others (est.),21,46
house,62,surname,All others (est.),22,161
house,62,surname,All others (est.),25,226
house,62,surname,All others (est.),26,5
house,62,surname,All others (est.),27,9
house,62,surname,All others (est.),28,15
house,62,surname,All others (est.),29,40
house,62,surname,All others (est.),32,19
house,62,surname,All others (est.),33,40
house,62,surname,All others (est.),34,25
house,62,surname,All others (est.),35,17
house,62,surname,All others (est.),36,51
house,62,surname,All others (est.),37,55
house,62,surname,Asian (est.),4,89
house,62,surname,Asian (est.),5,58
house,62,surname,Asian (est.),6,75
house,62,surname,Asian (est.),7,81
house,62,surname,Asian (est.),8,86
house,62,surname,Asian (est.),9,46
house,62,surname,Asian (est.),10,52
house,62,surname,Asian (est.),11,100
house,62,surname,Asian (est.),12,96
house,62,surname,Asian (est.),13,102
house,62,surname,Asian (est.),14,118
house,62,surname,Asian (est.),15,130
house,62,surname,Asian (est.),19,2
house,62,surname,Asian (est.),20,3
house,62,surname,Asian (est.),21,1
house,62,surname,Asian (est.),22,2
house,62,surname,Asian (est.),25,3
house,62,surname,Asian (est.),29,1
house,62,surname,Asian (est.),37,1
house,62,surname,Hispanic (est.),4,561
house,62,surname,Hispanic (est.),5,297
house,62,surname,Hispanic (est.),6,349
house,62,surname,Hispanic (est.),7,350
house,62,surname,Hispanic (est.),8,400
house,62,surname,Hispanic (est.),9,183
house,62,surname,Hispanic (est.),10,282
house,62,surname,Hispanic (est.),11,463
house,62,surname,Hispanic (est.),12,413
house,62,surname,Hispanic (est.),13,481
house,62,surname,Hispanic (est.),14,498
house,62,surname,Hispanic (est.),15,542
house,62,surname,Hispanic (est.),18,2
house,62,surname,Hispanic (est.),19,11
house,62,surname,Hispanic (est.),20,12
house,62,surname,Hispanic (est.),21,2
house,62,surname,Hispanic (est.),22,8
house,62,surname,Hispanic (est.),25,12
house,62,surname,Hispanic (est.),26,1
house,62,surname,Hispanic (est.),28,1
house,62,surname,Hispanic (est.),29,2
house,62,surname,Hispanic (est.),32,2
house,62,surname,Hispanic (est.),33,1
house,62,surname,Hispanic (est.),34,1
house,62,surname,Hispanic (est.),36,3
house,62,surname,Hispanic (est.),37,2
house,63,surname,All others (est.),4,5183
house,63,surname,All others (est.),5,3378
house,63,surname,All others (est.),6,3483
house,63,surname,All others (est.),7,3782
house,63,surname,All others (est.),8,4033
house,63,surname,All others (est.),9,1915
house,63,surname,All others (est.),10,3824
house,63,surname,All others (est.),11,6188
house,63,surname,All others (est.),12,5421
house,63,surname,All others (est.),13,6115
house,63,surname,All others (est.),14,7412
house,63,surname,All others (est.),15,8356
house,63,surname,All others (est.),16,166
house,63,surname,All others (est.),17,123
house,63,surname,All others (est.),18,66
house,63,surname,All others (est.),19,78
house,63,surname,All others (est.),20,102
house,63,surname,All others (est.),22,92
house,63,surname,All others (est.),24,71
house,63,surname,All others (est.),25,16
house,63,surname,All others (est.),26,120
house,63,surname,All others (est.),27,67
house,63,surname,All others (est.),28,5
house,63,surname,All others (est.),31,2
house,63,surname,All others (est.),32,2
house,63,surname,All others (est.),33,20
house,63,surname,Asian (est.),4,668
house,63,surname,Asian (est.),5,362
house,63,surname,Asian (est.),6,342
house,63,surname,Asian (est.),7,361
house,63,surname,Asian (est.),8,426
house,63,surname,Asian (est.),9,256
house,63,surname,Asian (est.),10,459
house,63,surname,Asian (est.),11,526
house,63,surname,Asian (est.),12,430
house,63,surname,Asian (est.),13,433
house,63,surname,Asian (est.),14,556
house,63,surname,Asian (est.),15,529
house,63,surname,Asian (est.),16,5
house,63,surname,Asian (est.),17,7
house,63,surname,Asian (est.),18,4
house,63,surname,Asian (est.),19,2
house,63,surname,Asian (est.),20,7
house,63,surname,Asian (est.),22,3
house,63,surname,Asian (est.),24,8
house,63,surname,Asian (est.),25,2
house,63,surname,Asian (est.),26,4
house,63,surname,Asian (est.),27,4
house,63,surname,Asian (est.),33,2
house,63,surname,Hispanic (est.),4,972
house,63,surname,Hispanic (est.),5,585
house,63,surname,Hispanic (est.),6,590
house,63,surname,Hispanic (est.),7,565
house,63,surname,Hispanic (est.),8,612
house,63,surname,Hispanic (est.),9,323
house,63,surname,Hispanic (est.),10,587
house,63,surname,Hispanic (est.),11,890
house,63,surname,Hispanic (est.),12,676
house,63,surname,Hispanic (est.),13,739
house,63,surname,Hispanic (est.),14,886
house,63,surname,Hispanic (est.),15,1037
house,63,surname,Hispanic (est.),16,12
house,63,surname,Hispanic (est.),17,13
house,63,surname,Hispanic (est.),18,7
house,63,surname,Hispanic (est.),19,11
house,63,surname,Hispanic (est.),20,9
house,63,surname,Hispanic (est.),22,5
house,63,surname,Hispanic (est.),24,5
house,63,surname,Hispanic (est.),25,1
house,63,surname,Hispanic (est.),26,11
house,63,surname,Hispanic (est.),27,6
house,63,surname,Hispanic (est.),33,1
house,64,surname,All others (est.),4,5730
house,64,surname,All others (est.),5,3818
house,64,surname,All others (est.),6,4051
house,64,surname,All others (est.),7,4494
house,64,surname,All others (est.),8,4893
house,64,surname,All others (est.),9,2096
house,64,surname,All others (est.),10,4613
house,64,surname,All others (est.),11,6904
house,64,surname,All others (est.),12,6642
house,64,surname,All others (est.),13,7654
house,64,surname,All others (est.),14,8918
house,64,surname,All others (est.),15,9726
house,64,surname,All others (est.),16,100
house,64,surname,All others (est.),17,216
house,64,surname,All others (est.),18,120
house,64,surname,All others (est.),19,108
house,64,surname,All others (est.),20,100
house,64,surname,All others (est.),21,28
house,64,surname,All others (est.),22,102
house,64,surname,All others (est.),24,66
house,64,surname,All others (est.),25,49
house,64,surname,All others (est.),26,107
house,64,surname,All others (est.),27,116
house,64,surname,All others (est.),28,30
house,64,surname,All others (est.),29,24
house,64,surname,All others (est.),31,29
house,64,surname,All others (est.),32,24
house,64,surname,All others (est.),33,110
house,64,surname,All others (est.),34,1
house,64,surname,All others (est.),35,1
house,64,surname,All others (est.),36,2
house,64,surname,All others (est.),37,5
house,64,surname,Asian (est.),4,174
house,64,surname,Asian (est.),5,106
house,64,surname,Asian (est.),6,105
house,64,surname,Asian (est.),7,124
house,64,surname,Asian (est.),8,111
house,64,surname,Asian (est.),9,63
house,64,surname,Asian (est.),10,118
house,64,surname,Asian (est.),11,152
house,64,surname,Asian (est.),12,138
house,64,surname,Asian (est.),13,163
house,64,surname,Asian (est.),14,179
house,64,surname,Asian (est.),15,199
house,64,surname,Asian (est.),16,5
house,64,surname,Asian (est.),17,4
house,64,surname,Asian (est.),18,1
house,64,surname,Asian (est.),19,1
house,64,surname,Asian (est.),20,2
house,64,surname,Asian (est.),22,3
house,64,surname,Asian (est.),24,1
house,64,surname,Asian (est.),25,1
house,64,surname,Asian (est.),26,2
house,64,surname,Asian (est.),27,1
house,64,surname,Asian (est.),31,2
house,64,surname,Asian (est.),33,2
house,64,surname,Hispanic (est.),4,1075
house,64,surname,Hispanic (est.),5,670
house,64,surname,Hispanic (est.),6,686
house,64,surname,Hispanic (est.),7,699
house,64,surname,Hispanic (est.),8,708
house,64,surname,Hispanic (est.),9,339
house,64,surname,Hispanic (est.),10,633
house,64,surname,Hispanic (est.),11,838
house,64,surname,Hispanic (est.),12,777
house,64,surname,Hispanic (est.),13,788
house,64,surname,Hispanic (est.),14,931
house,64,surname,Hispanic (est.),15,1036
house,64,surname,Hispanic (est.),16,5
house,64,surname,Hispanic (est.),17,12
house,64,surname,Hispanic (est.),18,7
house,64,surname,Hispanic (est.),19,6
house,64,surname,Hispanic (est.),20,3
house,64,surname,Hispanic (est.),21,2
house,64,surname,Hispanic (est.),22,4
house,64,surname,Hispanic (est.),24,5
house,64,surname,Hispanic (est.),25,3
house,64,surname,Hispanic (est.),26,6
house,64,surname,Hispanic (est.),27,7
house,64,surname,Hispanic (est.),28,3
house,64,surname,Hispanic (est.),29,1
house,64,surname,Hispanic (est.),31,5
house,64,surname,Hispanic (est.),32,1
house,64,surname,Hispanic (est.),33,8
house,65,surname,All others (est.),4,6283
house,65,surname,All others (est.),5,4006
house,65,surname,All others (est.),6,4192
house,65,surname,All others (est.),7,4593
house,65,surname,All others (est.),8,4994
house,65,surname,All others (est.),9,2338
house,65,surname,All others (est.),10,4374
house,65,surname,All others (est.),11,7459
house,65,surname,All others (est.),12,6421
house,65,surname,All others (est.),13,7425
house,65,surname,All others (est.),14,8742
house,65,surname,All others (est.),15,9659
house,65,surname,All others (est.),16,207
house,65,surname,All others (est.),17,148
house,65,surname,All others (est.),18,73
house,65,surname,All others (est.),19,95
house,65,surname,All others (est.),20,108
house,65,surname,All others (est.),22,80
house,65,surname,All others (est.),24,96
house,65,surname,All others (est.),25,18
house,65,surname,All others (est.),26,142
house,65,surname,All others (est.),27,108
house,65,surname,All others (est.),28,3
house,65,surname,All others (est.),31,5
house,65,surname,All others (est.),32,3
house,65,surname,All others (est.),33,10
house,65,surname,Asian (est.),4,787
house,65,surname,Asian (est.),5,495
house,65,surname,Asian (est.),6,484
house,65,surname,Asian (est.),7,471
house,65,surname,Asian (est.),8,524
house,65,surname,Asian (est.),9,268
house,65,surname,Asian (est.),10,503
house,65,surname,Asian (est.),11,677
house,65,surname,Asian (est.),12,528
house,65,surname,Asian (est.),13,571
house,65,surname,Asian (est.),14,631
house,65,surname,Asian (est.),15,627
house,65,surname,Asian (est.),16,7
house,65,surname,Asian (est.),17,7
house,65,surname,Asian (est.),18,5
house,65,surname,Asian (est.),19,6
house,65,surname,Asian (est.),20,5
house,65,surname,Asian (est.),22,6
house,65,surname,Asian (est.),24,6
house,65,surname,Asian (est.),25,3
house,65,surname,Asian (est.),26,10
house,65,surname,Asian (est.),27,1
house,65,surname,Asian (est.),33,2
house,65,surname,Hispanic (est.),4,1109
house,65,surname,Hispanic (est.),5,654
house,65,surname,Hispanic (est.),6,681
house,65,surname,Hispanic (est.),7,671
house,65,surname,Hispanic (est.),8,791
house,65,surname,Hispanic (est.),9,418
house,65,surname,Hispanic (est.),10,667
house,65,surname,Hispanic (est.),11,1023
house,65,surname,Hispanic (est.),12,843
house,65,surname,Hispanic (est.),13,867
house,65,surname,Hispanic (est.),14,976
house,65,surname,Hispanic (est.),15,1114
house,65,surname,Hispanic (est.),16,18
house,65,surname,Hispanic (est.),17,17
house,65,surname,Hispanic (est.),18,13
house,65,surname,Hispanic (est.),19,5
house,65,surname,Hispanic (est.),20,9
house,65,surname,Hispanic (est.),22,5
house,65,surname,Hispanic (est.),24,9
house,65,surname,Hispanic (est.),25,2
house,65,surname,Hispanic (est.),26,11
house,65,surname,Hispanic (est.),27,7
house,65,surname,Hispanic (est.),33,1
house,66,surname,All others (est.),4,6277
house,66,surname,All others (est.),5,4327
house,66,surname,All others (est.),6,4722
house,66,surname,All others (est.),7,5277
house,66,surname,All others (est.),8,6214
house,66,surname,All others (est.),9,2659
house,66,surname,All others (est.),10,5916
house,66,surname,All others (est.),11,7006
house,66,surname,All others (est.),12,6344
house,66,surname,All others (est.),13,6619
house,66,surname,All others (est.),14,6995
house,66,surname,All others (est.),15,7161
house,66,surname,All others (est.),17,129
house,66,surname,All others (est.),18,76
house,66,surname,All others (est.),19,110
house,66,surname,All others (est.),20,26
house,66,surname,All others (est.),21,200
house,66,surname,All others (est.),23,22
house,66,surname,All others (est.),24,12
house,66,surname,All others (est.),25,40
house,66,surname,All others (est.),26,7
house,66,surname,All others (est.),27,18
house,66,surname,All others (est.),28,7
house,66,surname,All others (est.),29,22
house,66,surname,All others (est.),31,32
house,66,surname,All others (est.),32,5
house,66,surname,All others (est.),33,4
house,66,surname,All others (est.),34,6
house,66,surname,All others (est.),35,1
house,66,surname,All others (est.),36,5
house,66,surname,Asian (est.),4,991
house,66,surname,Asian (est.),5,622
house,66,surname,Asian (est.),6,607
house,66,surname,Asian (est.),7,671
house,66,surname,Asian (est.),8,725
house,66,surname,Asian (est.),9,485
house,66,surname,Asian (est.),10,952
house,66,surname,Asian (est.),11,744
house,66,surname,Asian (est.),12,599
house,66,surname,Asian (est.),13,594
house,66,surname,Asian (est.),14,629
house,66,surname,Asian (est.),15,570
house,66,surname,Asian (est.),17,16
house,66,surname,Asian (est.),18,4
house,66,surname,Asian (est.),19,9
house,66,surname,Asian (est.),20,2
house,66,surname,Asian (est.),21,12
house,66,surname,Asian (est.),23,4
house,66,surname,Asian (est.),25,3
house,66,surname,Asian (est.),26,1
house,66,surname,Asian (est.),27,2
house,66,surname,Asian (est.),29,2
house,66,surname,Asian (est.),31,4
house,66,surname,Asian (est.),34,3
house,66,surname,Hispanic (est.),4,942
house,66,surname,Hispanic (est.),5,576
house,66,surname,Hispanic (est.),6,611
house,66,surname,Hispanic (est.),7,623
house,66,surname,Hispanic (est.),8,700
house,66,surname,Hispanic (est.),9,366
house,66,surname,Hispanic (est.),10,855
house,66,surname,Hispanic (est.),11,802
house,66,surname,Hispanic (est.),12,678
house,66,surname,Hispanic (est.),13,672
house,66,surname,Hispanic (est.),14,661
house,66,surname,Hispanic (est.),15,715
house,66,surname,Hispanic (est.),17,9
house,66,surname,Hispanic (est.),18,4
house,66,surname,Hispanic (est.),19,10
house,66,surname,Hispanic (est.),20,4
house,66,surname,Hispanic (est.),21,14
house,66,surname,Hispanic (est.),23,2
house,66,surname,Hispanic (est.),24,1
house,66,surname,Hispanic (est.),25,3
house,66,surname,Hispanic (est.),27,3
house,66,surname,Hispanic (est.),28,1
house,66,surname,Hispanic (est.),29,3
house,66,surname,Hispanic (est.),31,2
house,67,surname,All others (est.),4,6459
house,67,surname,All others (est.),5,4213
house,67,surname,All others (est.),6,4462
house,67,surname,All others (est.),7,4793
house,67,surname,All others (est.),8,5396
house,67,surname,All others (est.),9,2212
house,67,surname,All others (est.),10,5466
house,67,surname,All others (est.),11,6682
house,67,surname,All others (est.),12,5860
house,67,surname,All others (est.),13,6384
house,67,surname,All others (est.),14,7001
house,67,surname,All others (est.),15,7746
house,67,surname,All others (est.),17,89
house,67,surname,All others (est.),18,46
house,67,surname,All others (est.),19,125
house,67,surname,All others (est.),20,35
house,67,surname,All others (est.),21,126
house,67,surname,All others (est.),22,1
house,67,surname,All others (est.),23,14
house,67,surname,All others (est.),24,11
house,67,surname,All others (est.),25,44
house,67,surname,All others (est.),26,3
house,67,surname,All others (est.),27,7
house,67,surname,All others (est.),28,3
house,67,surname,All others (est.),29,10
house,67,surname,All others (est.),31,23
house,67,surname,All others (est.),32,7
house,67,surname,All others (est.),33,4
house,67,surname,All others (est.),34,4
house,67,surname,All others (est.),36,5
house,67,surname,Asian (est.),4,962
house,67,surname,Asian (est.),5,531
house,67,surname,Asian (est.),6,485
house,67,surname,Asian (est.),7,512
house,67,surname,Asian (est.),8,536
house,67,surname,Asian (est.),9,340
house,67,surname,Asian (est.),10,675
house,67,surname,Asian (est.),11,620
house,67,surname,Asian (est.),12,459
house,67,surname,Asian (est.),13,444
house,67,surname,Asian (est.),14,464
house,67,surname,Asian (est.),15,474
house,67,surname,Asian (est.),17,6
house,67,surname,Asian (est.),18,6
house,67,surname,Asian (est.),19,11
house,67,surname,Asian (est.),20,3
house,67,surname,Asian (est.),21,12
house,67,surname,Asian (est.),24,1
house,67,surname,Asian (est.),25,2
house,67,surname,Asian (est.),29,1
house,67,surname,Asian (est.),31,1
house,67,surname,Asian (est.),33,1
house,67,surname,Asian (est.),37,1
house,67,surname,Hispanic (est.),4,1157
house,67,surname,Hispanic (est.),5,676
house,67,surname,Hispanic (est.),6,683
house,67,surname,Hispanic (est.),7,703
house,67,surname,Hispanic (est.),8,747
house,67,surname,Hispanic (est.),9,318
house,67,surname,Hispanic (est.),10,883
house,67,surname,Hispanic (est.),11,880
house,67,surname,Hispanic (est.),12,694
house,67,surname,Hispanic (est.),13,677
house,67,surname,Hispanic (est.),14,729
house,67,surname,Hispanic (est.),15,806
house,67,surname,Hispanic (est.),17,5
house,67,surname,Hispanic (est.),18,3
house,67,surname,Hispanic (est.),19,8
house,67,surname,Hispanic (est.),20,2
house,67,surname,Hispanic (est.),21,10
house,67,surname,Hispanic (est.),23,1
house,67,surname,Hispanic (est.),24,1
house,67,surname,Hispanic (est.),25,2
house,67,surname,Hispanic (est.),29,1
house,67,surname,Hispanic (est.),31,4
house,67,surname,Hispanic (est.),34,2
house,68,surname,All others (est.),4,5141
house,68,surname,All others (est.),5,3606
house,68,surname,All others (est.),6,3979
house,68,surname,All others (est.),7,4580
house,68,surname,All others (est.),8,5175
house,68,surname,All others (est.),9,1648
house,68,surname,All others (est.),10,3654
house,68,surname,All others (est.),11,6582
house,68,surname,All others (est.),12,6278
house,68,surname,All others (est.),13,6757
house,68,surname,All others (est.),14,7789
house,68,surname,All others (est.),15,8743
house,68,surname,All others (est.),18,104
house,68,surname,All others (est.),19,114
house,68,surname,All others (est.),20,74
house,68,surname,All others (est.),21,188
house,68,surname,All others (est.),22,9
house,68,surname,All others (est.),23,2
house,68,surname,All others (est.),25,95
house,68,surname,All others (est.),26,131
house,68,surname,All others (est.),27,165
house,68,surname,All others (est.),28,137
house,68,surname,All others (est.),29,169
house,68,surname,All others (est.),32,60
house,68,surname,All others (est.),33,71
house,68,surname,All others (est.),34,54
house,68,surname,All others (est.),35,11
house,68,surname,All others (est.),36,62
house,68,surname,All others (est.),37,11
house,68,surname,Asian (est.),4,79
house,68,surname,Asian (est.),5,52
house,68,surname,Asian (est.),6,61
house,68,surname,Asian (est.),7,61
house,68,surname,Asian (est.),8,73
house,68,surname,Asian (est.),9,25
house,68,surname,Asian (est.),10,52
house,68,surname,Asian (est.),11,82
house,68,surname,Asian (est.),12,80
house,68,surname,Asian (est.),13,83
house,68,surname,Asian (est.),14,89
house,68,surname,Asian (est.),15,109
house,68,surname,Asian (est.),18,1
house,68,surname,Asian (est.),19,2
house,68,surname,Asian (est.),20,2
house,68,surname,Asian (est.),21,2
house,68,surname,Asian (est.),25,1
house,68,surname,Asian (est.),26,1
house,68,surname,Asian (est.),27,2
house,68,surname,Asian (est.),28,1
house,68,surname,Asian (est.),29,2
house,68,surname,Asian (est.),32,2
house,68,surname,Asian (est.),33,1
house,68,surname,Asian (est.),34,1
house,68,surname,Hispanic (est.),4,666
house,68,surname,Hispanic (est.),5,376
house,68,surname,Hispanic (est.),6,428
house,68,surname,Hispanic (est.),7,449
house,68,surname,Hispanic (est.),8,519
house,68,surname,Hispanic (est.),9,182
house,68,surname,Hispanic (est.),10,391
house,68,surname,Hispanic (est.),11,573
house,68,surname,Hispanic (est.),12,507
house,68,surname,Hispanic (est.),13,554
house,68,surname,Hispanic (est.),14,573
house,68,surname,Hispanic (est.),15,610
house,68,surname,Hispanic (est.),18,5
house,68,surname,Hispanic (est.),19,12
house,68,surname,Hispanic (est.),20,5
house,68,surname,Hispanic (est.),21,17
house,68,surname,Hispanic (est.),22,1
house,68,surname,Hispanic (est.),25,5
house,68,surname,Hispanic (est.),26,9
house,68,surname,Hispanic (est.),27,11
house,68,surname,Hispanic (est.),28,9
house,68,surname,Hispanic (est.),29,11
house,68,surname,Hispanic (est.),32,2
house,68,surname,Hispanic (est.),33,4
house,68,surname,Hispanic (est.),34,2
house,68,surname,Hispanic (est.),36,2
house,69,surname,All others (est.),4,3902
house,69,surname,All others (est.),5,2674
house,69,surname,All others (est.),6,2980
house,69,surname,All others (est.),7,3328
house,69,surname,All others (est.),8,3555
house,69,surname,All others (est.),9,1449
house,69,surname,All others (est.),10,3276
house,69,surname,All others (est.),11,4818
house,69,surname,All others (est.),12,4719
house,69,surname,All others (est.),13,5160
house,69,surname,All others (est.),14,5281
house,69,surname,All others (est.),15,5854
house,69,surname,All others (est.),17,64
house,69,surname,All others (est.),18,34
house,69,surname,All others (est.),19,31
house,69,surname,All others (est.),20,89
house,69,surname,All others (est.),21,141
house,69,surname,All others (est.),24,27
house,69,surname,All others (est.),25,102
house,69,surname,All others (est.),26,101
house,69,surname,All others (est.),27,67
house,69,surname,All others (est.),28,90
house,69,surname,All others (est.),29,59
house,69,surname,All others (est.),30,1
house,69,surname,All others (est.),31,44
house,69,surname,All others (est.),32,52
house,69,surname,All others (est.),33,19
house,69,surname,All others (est.),34,8
house,69,surname,All others (est.),35,11
house,69,surname,All others (est.),36,15
house,69,surname,All others (est.),37,15
house,69,surname,Asian (est.),4,96
house,69,surname,Asian (est.),5,68
house,69,surname,Asian (est.),6,57
house,69,surname,Asian (est.),7,64
house,69,surname,Asian (est.),8,83
house,69,surname,Asian (est.),9,40
house,69,surname,Asian (est.),10,70
house,69,surname,Asian (est.),11,103
house,69,surname,Asian (est.),12,88
house,69,surname,Asian (est.),13,98
house,69,surname,Asian (est.),14,85
house,69,surname,Asian (est.),15,109
house,69,surname,Asian (est.),17,1
house,69,surname,Asian (est.),20,2
house,69,surname,Asian (est.),21,3
house,69,surname,Asian (est.),24,1
house,69,surname,Asian (est.),25,2
house,69,surname,Asian (est.),26,1
house,69,surname,Asian (est.),27,2
house,69,surname,Asian (est.),28,2
house,69,surname,Asian (est.),31,2
house,69,surname,Asian (est.),32,1
house,69,surname,Hispanic (est.),4,609
house,69,surname,Hispanic (est.),5,344
house,69,surname,Hispanic (est.),6,335
house,69,surname,Hispanic (est.),7,376
house,69,surname,Hispanic (est.),8,376
house,69,surname,Hispanic (est.),9,183
house,69,surname,Hispanic (est.),10,389
house,69,surname,Hispanic (est.),11,520
house,69,surname,Hispanic (est.),12,458
house,69,surname,Hispanic (est.),13,459
house,69,surname,Hispanic (est.),14,456
house,69,surname,Hispanic (est.),15,498
house,69,surname,Hispanic (est.),17,4
house,69,surname,Hispanic (est.),18,1
house,69,surname,Hispanic (est.),19,2
house,69,surname,Hispanic (est.),20,10
house,69,surname,Hispanic (est.),21,11
house,69,surname,Hispanic (est.),24,2
house,69,surname,Hispanic (est.),25,10
house,69,surname,Hispanic (est.),26,8
house,69,surname,Hispanic (est.),27,3
house,69,surname,Hispanic (est.),28,7
house,69,surname,Hispanic (est.),29,7
house,69,surname,Hispanic (est.),31,2
house,69,surname,Hispanic (est.),32,5
house,69,surname,Hispanic (est.),34,1
house,69,surname,Hispanic (est.),36,2
house,7,surname,All others (est.),4,5041
house,7,surname,All others (est.),5,3186
house,7,surname,All others (est.),6,3057
house,7,surname,All others (est.),7,3543
house,7,surname,All others (est.),8,4273
house,7,surname,All others (est.),9,1336
house,7,surname,All others (est.),10,3262
house,7,surname,All others (est.),11,6219
house,7,surname,All others (est.),12,5910
house,7,surname,All others (est.),13,6862
house,7,surname,All others (est.),14,7859
house,7,surname,All others (est.),15,8359
house,7,surname,All others (est.),16,201
house,7,surname,All others (est.),17,9
house,7,surname,All others (est.),18,275
house,7,surname,All others (est.),19,33
house,7,surname,All others (est.),20,64
house,7,surname,All others (est.),21,29
house,7,surname,All others (est.),22,55
house,7,surname,All others (est.),23,1
house,7,surname,All others (est.),24,46
house,7,surname,All others (est.),25,136
house,7,surname,All others (est.),26,164
house,7,surname,All others (est.),27,71
house,7,surname,All others (est.),28,27
house,7,surname,All others (est.),29,49
house,7,surname,All others (est.),32,3
house,7,surname,All others (est.),33,4
house,7,surname,All others (est.),34,2
house,7,surname,All others (est.),35,3
house,7,surname,All others (est.),36,3
house,7,surname,All others (est.),37,6
house,7,surname,Asian (est.),4,89
house,7,surname,Asian (est.),5,57
house,7,surname,Asian (est.),6,58
house,7,surname,Asian (est.),7,62
house,7,surname,Asian (est.),8,65
house,7,surname,Asian (est.),9,23
house,7,surname,Asian (est.),10,49
house,7,surname,Asian (est.),11,91
house,7,surname,Asian (est.),12,75
house,7,surname,Asian (est.),13,107
house,7,surname,Asian (est.),14,107
house,7,surname,Asian (est.),15,127
house,7,surname,Asian (est.),16,3
house,7,surname,Asian (est.),18,2
house,7,surname,Asian (est.),20,1
house,7,surname,Asian (est.),22,1
house,7,surname,Asian (est.),24,1
house,7,surname,Asian (est.),25,1
house,7,surname,Asian (est.),26,2
house,7,surname,Asian (est.),27,1
house,7,surname,Asian (est.),29,1
house,7,surname,Asian (est.),35,1
house,7,surname,Hispanic (est.),4,536
house,7,surname,Hispanic (est.),5,305
house,7,surname,Hispanic (est.),6,290
house,7,surname,Hispanic (est.),7,297
house,7,surname,Hispanic (est.),8,317
house,7,surname,Hispanic (est.),9,131
house,7,surname,Hispanic (est.),10,307
house,7,surname,Hispanic (est.),11,413
house,7,surname,Hispanic (est.),12,377
house,7,surname,Hispanic (est.),13,397
house,7,surname,Hispanic (est.),14,426
house,7,surname,Hispanic (est.),15,450
house,7,surname,Hispanic (est.),16,8
house,7,surname,Hispanic (est.),18,8
house,7,surname,Hispanic (est.),19,1
house,7,surname,Hispanic (est.),20,3
house,7,surname,Hispanic (est.),21,1
house,7,surname,Hispanic (est.),22,3
house,7,surname,Hispanic (est.),24,1
house,7,surname,Hispanic (est.),25,5
house,7,surname,Hispanic (est.),26,10
house,7,surname,Hispanic (est.),27,4
house,7,surname,Hispanic (est.),28,1
house,7,surname,Hispanic (est.),29,2
house,70,surname,All others (est.),4,4328
house,70,surname,All others (est.),5,3132
house,70,surname,All others (est.),6,3629
house,70,surname,All others (est.),7,4001
house,70,surname,All others (est.),8,4565
house,70,surname,All others (est.),9,2158
house,70,surname,All others (est.),10,4522
house,70,surname,All others (est.),11,5021
house,70,surname,All others (est.),12,4691
house,70,surname,All others (est.),13,4721
house,70,surname,All others (est.),14,5104
house,70,surname,All others (est.),15,5080
house,70,surname,All others (est.),17,169
house,70,surname,All others (est.),18,81
house,70,surname,All others (est.),19,76
house,70,surname,All others (est.),20,64
house,70,surname,All others (est.),21,131
house,70,surname,All others (est.),22,5
house,70,surname,All others (est.),23,24
house,70,surname,All others (est.),24,11
house,70,surname,All others (est.),25,51
house,70,surname,All others (est.),26,14
house,70,surname,All others (est.),27,7
house,70,surname,All others (est.),28,4
house,70,surname,All others (est.),29,14
house,70,surname,All others (est.),31,40
house,70,surname,All others (est.),32,4
house,70,surname,All others (est.),33,9
house,70,surname,All others (est.),34,2
house,70,surname,All others (est.),36,2
house,70,surname,Asian (est.),4,932
house,70,surname,Asian (est.),5,553
house,70,surname,Asian (est.),6,563
house,70,surname,Asian (est.),7,581
house,70,surname,Asian (est.),8,607
house,70,surname,Asian (est.),9,432
house,70,surname,Asian (est.),10,814
house,70,surname,Asian (est.),11,615
house,70,surname,Asian (est.),12,490
house,70,surname,Asian (est.),13,524
house,70,surname,Asian (est.),14,560
house,70,surname,Asian (est.),15,490
house,70,surname,Asian (est.),17,10
house,70,surname,Asian (est.),18,4
house,70,surname,Asian (est.),19,9
house,70,surname,Asian (est.),20,6
house,70,surname,Asian (est.),21,18
house,70,surname,Asian (est.),23,5
house,70,surname,Asian (est.),24,1
house,70,surname,Asian (est.),25,5
house,70,surname,Asian (est.),29,1
house,70,surname,Asian (est.),31,4
house,70,surname,Asian (est.),32,1
house,70,surname,Asian (est.),36,3
house,70,surname,Hispanic (est.),4,741
house,70,surname,Hispanic (est.),5,465
house,70,surname,Hispanic (est.),6,505
house,70,surname,Hispanic (est.),7,505
house,70,surname,Hispanic (est.),8,525
house,70,surname,Hispanic (est.),9,309
house,70,surname,Hispanic (est.),10,655
house,70,surname,Hispanic (est.),11,554
house,70,surname,Hispanic (est.),12,521
house,70,surname,Hispanic (est.),13,515
house,70,surname,Hispanic (est.),14,531
house,70,surname,Hispanic (est.),15,546
house,70,surname,Hispanic (est.),17,9
house,70,surname,Hispanic (est.),18,4
house,70,surname,Hispanic (est.),19,7
house,70,surname,Hispanic (est.),20,5
house,70,surname,Hispanic (est.),21,10
house,70,surname,Hispanic (est.),23,4
house,70,surname,Hispanic (est.),24,2
house,70,surname,Hispanic (est.),25,3
house,70,surname,Hispanic (est.),26,1
house,70,surname,Hispanic (est.),31,4
house,71,surname,All others (est.),4,4199
house,71,surname,All others (est.),5,2750
house,71,surname,All others (est.),6,2911
house,71,surname,All others (est.),7,3318
house,71,surname,All others (est.),8,3944
house,71,surname,All others (est.),9,1521
house,71,surname,All others (est.),10,3372
house,71,surname,All others (est.),11,4971
house,71,surname,All others (est.),12,4751
house,71,surname,All others (est.),13,5019
house,71,surname,All others (est.),14,5428
house,71,surname,All others (est.),15,5146
house,71,surname,All others (est.),17,70
house,71,surname,All others (est.),18,96
house,71,surname,All others (est.),20,13
house,71,surname,All others (est.),21,58
house,71,surname,All others (est.),22,235
house,71,surname,All others (est.),23,236
house,71,surname,All others (est.),25,2
house,71,surname,All others (est.),26,5
house,71,surname,All others (est.),27,12
house,71,surname,All others (est.),28,14
house,71,surname,All others (est.),29,15
house,71,surname,All others (est.),32,11
house,71,surname,All others (est.),33,7
house,71,surname,All others (est.),34,12
house,71,surname,All others (est.),35,3
house,71,surname,All others (est.),36,14
house,71,surname,All others (est.),37,44
house,71,surname,Asian (est.),4,92
house,71,surname,Asian (est.),5,56
house,71,surname,Asian (est.),6,51
house,71,surname,Asian (est.),7,72
house,71,surname,Asian (est.),8,85
house,71,surname,Asian (est.),9,33
house,71,surname,Asian (est.),10,61
house,71,surname,Asian (est.),11,95
house,71,surname,Asian (est.),12,78
house,71,surname,Asian (est.),13,97
house,71,surname,Asian (est.),14,90
house,71,surname,Asian (est.),15,89
house,71,surname,Asian (est.),17,1
house,71,surname,Asian (est.),18,2
house,71,surname,Asian (est.),21,1
house,71,surname,Asian (est.),22,5
house,71,surname,Asian (est.),23,2
house,71,surname,Hispanic (est.),4,812
house,71,surname,Hispanic (est.),5,451
house,71,surname,Hispanic (est.),6,499
house,71,surname,Hispanic (est.),7,510
house,71,surname,Hispanic (est.),8,606
house,71,surname,Hispanic (est.),9,279
house,71,surname,Hispanic (est.),10,540
house,71,surname,Hispanic (est.),11,693
house,71,surname,Hispanic (est.),12,601
house,71,surname,Hispanic (est.),13,600
house,71,surname,Hispanic (est.),14,577
house,71,surname,Hispanic (est.),15,584
house,71,surname,Hispanic (est.),17,9
house,71,surname,Hispanic (est.),18,9
house,71,surname,Hispanic (est.),21,6
house,71,surname,Hispanic (est.),22,22
house,71,surname,Hispanic (est.),23,19
house,71,surname,Hispanic (est.),27,1
house,71,surname,Hispanic (est.),28,1
house,71,surname,Hispanic (est.),32,1
house,71,surname,Hispanic (est.),33,2
house,71,surname,Hispanic (est.),34,2
house,71,surname,Hispanic (est.),36,1
house,71,surname,Hispanic (est.),37,3
house,72,surname,All others (est.),4,3309
house,72,surname,All others (est.),5,2242
house,72,surname,All others (est.),6,2644
house,72,surname,All others (est.),7,2828
house,72,surname,All others (est.),8,3367
house,72,surname,All others (est.),9,1176
house,72,surname,All others (est.),10,2804
house,72,surname,All others (est.),11,4272
house,72,surname,All others (est.),12,4130
house,72,surname,All others (est.),13,4505
house,72,surname,All others (est.),14,4894
house,72,surname,All others (est.),15,4906
house,72,surname,All others (est.),17,2
house,72,surname,All others (est.),18,91
house,72,surname,All others (est.),19,33
house,72,surname,All others (est.),20,120
house,72,surname,All others (est.),21,37
house,72,surname,All others (est.),22,1
house,72,surname,All others (est.),24,11
house,72,surname,All others (est.),25,58
house,72,surname,All others (est.),26,40
house,72,surname,All others (est.),27,59
house,72,surname,All others (est.),28,115
house,72,surname,All others (est.),29,150
house,72,surname,All others (est.),31,12
house,72,surname,All others (est.),32,64
house,72,surname,All others (est.),33,79
house,72,surname,All others (est.),34,72
house,72,surname,All others (est.),35,67
house,72,surname,All others (est.),36,139
house,72,surname,All others (est.),37,255
house,72,surname,Asian (est.),4,80
house,72,surname,Asian (est.),5,46
house,72,surname,Asian (est.),6,53
house,72,surname,Asian (est.),7,59
house,72,surname,Asian (est.),8,75
house,72,surname,Asian (est.),9,25
house,72,surname,Asian (est.),10,53
house,72,surname,Asian (est.),11,75
house,72,surname,Asian (est.),12,81
house,72,surname,Asian (est.),13,75
house,72,surname,Asian (est.),14,85
house,72,surname,Asian (est.),15,74
house,72,surname,Asian (est.),18,1
house,72,surname,Asian (est.),19,2
house,72,surname,Asian (est.),20,1
house,72,surname,Asian (est.),21,1
house,72,surname,Asian (est.),25,1
house,72,surname,Asian (est.),26,1
house,72,surname,Asian (est.),27,3
house,72,surname,Asian (est.),28,2
house,72,surname,Asian (est.),29,4
house,72,surname,Asian (est.),32,2
house,72,surname,Asian (est.),33,1
house,72,surname,Asian (est.),34,1
house,72,surname,Asian (est.),35,1
house,72,surname,Asian (est.),36,1
house,72,surname,Asian (est.),37,4
house,72,surname,Hispanic (est.),4,1291
house,72,surname,Hispanic (est.),5,717
house,72,surname,Hispanic (est.),6,762
house,72,surname,Hispanic (est.),7,798
house,72,surname,Hispanic (est.),8,889
house,72,surname,Hispanic (est.),9,335
house,72,surname,Hispanic (est.),10,844
house,72,surname,Hispanic (est.),11,1016
house,72,surname,Hispanic (est.),12,890
house,72,surname,Hispanic (est.),13,866
house,72,surname,Hispanic (est.),14,868
house,72,surname,Hispanic (est.),15,883
house,72,surname,Hispanic (est.),18,12
house,72,surname,Hispanic (est.),19,5
house,72,surname,Hispanic (est.),20,20
house,72,surname,Hispanic (est.),21,9
house,72,surname,Hispanic (est.),24,4
house,72,surname,Hispanic (est.),25,5
house,72,surname,Hispanic (est.),26,4
house,72,surname,Hispanic (est.),27,11
house,72,surname,Hispanic (est.),28,13
house,72,surname,Hispanic (est.),29,34
house,72,surname,Hispanic (est.),32,9
house,72,surname,Hispanic (est.),33,9
house,72,surname,Hispanic (est.),34,12
house,72,surname,Hispanic (est.),35,5
house,72,surname,Hispanic (est.),36,22
house,72,surname,Hispanic (est.),37,40
house,73,surname,All others (est.),4,7119
house,73,surname,All others (est.),5,5676
house,73,surname,All others (est.),6,6895
house,73,surname,All others (est.),7,8260
house,73,surname,All others (est.),8,9112
house,73,surname,All others (est.),9,3952
house,73,surname,All others (est.),10,7264
house,73,surname,All others (est.),11,8661
house,73,surname,All others (est.),12,8770
house,73,surname,All others (est.),13,9291
house,73,surname,All others (est.),14,9220
house,73,surname,All others (est.),15,8917
house,73,surname,All others (est.),17,2
house,73,surname,All others (est.),18,60
house,73,surname,All others (est.),19,393
house,73,surname,All others (est.),20,19
house,73,surname,All others (est.),21,240
house,73,surname,All others (est.),22,153
house,73,surname,All others (est.),24,61
house,73,surname,All others (est.),25,100
house,73,surname,All others (est.),26,220
house,73,surname,All others (est.),27,202
house,73,surname,All others (est.),28,44
house,73,surname,All others (est.),29,221
house,73,surname,All others (est.),31,21
house,73,surname,All others (est.),32,28
house,73,surname,All others (est.),33,48
house,73,surname,All others (est.),34,93
house,73,surname,All others (est.),35,4
house,73,surname,All others (est.),36,41
house,73,surname,Asian (est.),4,212
house,73,surname,Asian (est.),5,138
house,73,surname,Asian (est.),6,166
house,73,surname,Asian (est.),7,176
house,73,surname,Asian (est.),8,199
house,73,surname,Asian (est.),9,92
house,73,surname,Asian (est.),10,188
house,73,surname,Asian (est.),11,200
house,73,surname,Asian (est.),12,190
house,73,surname,Asian (est.),13,195
house,73,surname,Asian (est.),14,192
house,73,surname,Asian (est.),15,215
house,73,surname,Asian (est.),18,1
house,73,surname,Asian (est.),19,9
house,73,surname,Asian (est.),21,4
house,73,surname,Asian (est.),22,2
house,73,surname,Asian (est.),24,1
house,73,surname,Asian (est.),25,2
house,73,surname,Asian (est.),26,3
house,73,surname,Asian (est.),27,4
house,73,surname,Asian (est.),29,5
house,73,surname,Asian (est.),33,1
house,73,surname,Asian (est.),34,2
house,73,surname,Asian (est.),36,1
house,73,surname,Hispanic (est.),4,1637
house,73,surname,Hispanic (est.),5,1147
house,73,surname,Hispanic (est.),6,1246
house,73,surname,Hispanic (est.),7,1366
house,73,surname,Hispanic (est.),8,1604
house,73,surname,Hispanic (est.),9,758
house,73,surname,Hispanic (est.),10,1575
house,73,surname,Hispanic (est.),11,1505
house,73,surname,Hispanic (est.),12,1262
house,73,surname,Hispanic (est.),13,1262
house,73,surname,Hispanic (est.),14,1284
house,73,surname,Hispanic (est.),15,1397
house,73,surname,Hispanic (est.),18,6
house,73,surname,Hispanic (est.),19,59
house,73,surname,Hispanic (est.),20,3
house,73,surname,Hispanic (est.),21,28
house,73,surname,Hispanic (est.),22,18
house,73,surname,Hispanic (est.),24,5
house,73,surname,Hispanic (est.),25,19
house,73,surname,Hispanic (est.),26,28
house,73,surname,Hispanic (est.),27,34
house,73,surname,Hispanic (est.),28,3
house,73,surname,Hispanic (est.),29,33
house,73,surname,Hispanic (est.),31,4
house,73,surname,Hispanic (est.),32,1
house,73,surname,Hispanic (est.),33,8
house,73,surname,Hispanic (est.),34,9
house,73,surname,Hispanic (est.),35,1
house,73,surname,Hispanic (est.),36,3
house,74,surname,All others (est.),4,1340
house,74,surname,All others (est.),5,867
house,74,surname,All others (est.),6,843
house,74,surname,All others (est.),7,945
house,74,surname,All others (est.),8,1124
house,74,surname,All others (est.),9,370
house,74,surname,All others (est.),10,881
house,74,surname,All others (est.),11,1281
house,74,surname,All others (est.),12,1260
house,74,surname,All others (est.),13,1493
house,74,surname,All others (est.),14,1617
house,74,surname,All others (est.),15,2326
house,74,surname,All others (est.),16,1
house,74,surname,All others (est.),17,40
house,74,surname,All others (est.),18,15
house,74,surname,All others (est.),19,27
house,74,surname,All others (est.),20,65
house,74,surname,All others (est.),21,38
house,74,surname,All others (est.),22,4
house,74,surname,All others (est.),23,2
house,74,surname,All others (est.),24,4
house,74,surname,All others (est.),25,34
house,74,surname,All others (est.),26,22
house,74,surname,All others (est.),27,35
house,74,surname,All others (est.),28,11
house,74,surname,All others (est.),29,69
house,74,surname,All others (est.),31,5
house,74,surname,All others (est.),32,10
house,74,surname,All others (est.),33,9
house,74,surname,All others (est.),34,15
house,74,surname,All others (est.),35,10
house,74,surname,All others (est.),36,22
house,74,surname,All others (est.),37,45
house,74,surname,Asian (est.),4,96
house,74,surname,Asian (est.),5,64
house,74,surname,Asian (est.),6,66
house,74,surname,Asian (est.),7,55
house,74,surname,Asian (est.),8,68
house,74,surname,Asian (est.),9,31
house,74,surname,Asian (est.),10,70
house,74,surname,Asian (est.),11,67
house,74,surname,Asian (est.),12,72
house,74,surname,Asian (est.),13,70
house,74,surname,Asian (est.),14,84
house,74,surname,Asian (est.),15,90
house,74,surname,Asian (est.),17,2
house,74,surname,Asian (est.),18,2
house,74,surname,Asian (est.),19,2
house,74,surname,Asian (est.),20,3
house,74,surname,Asian (est.),21,1
house,74,surname,Asian (est.),27,1
house,74,surname,Asian (est.),29,2
house,74,surname,Asian (est.),33,3
house,74,surname,Asian (est.),34,2
house,74,surname,Asian (est.),35,1
house,74,surname,Asian (est.),36,2
house,74,surname,Asian (est.),37,1
house,74,surname,Hispanic (est.),4,3419
house,74,surname,Hispanic (est.),5,1927
house,74,surname,Hispanic (est.),6,1924
house,74,surname,Hispanic (est.),7,1903
house,74,surname,Hispanic (est.),8,2148
house,74,surname,Hispanic (est.),9,1220
house,74,surname,Hispanic (est.),10,2539
house,74,surname,Hispanic (est.),11,2351
house,74,surname,Hispanic (est.),12,1963
house,74,surname,Hispanic (est.),13,1994
house,74,surname,Hispanic (est.),14,2266
house,74,surname,Hispanic (est.),15,2435
house,74,surname,Hispanic (est.),16,6
house,74,surname,Hispanic (est.),17,98
house,74,surname,Hispanic (est.),18,6
house,74,surname,Hispanic (est.),19,37
house,74,surname,Hispanic (est.),20,32
house,74,surname,Hispanic (est.),21,15
house,74,surname,Hispanic (est.),22,7
house,74,surname,Hispanic (est.),24,3
house,74,surname,Hispanic (est.),25,12
house,74,surname,Hispanic (est.),26,16
house,74,surname,Hispanic (est.),27,44
house,74,surname,Hispanic (est.),28,1
house,74,surname,Hispanic (est.),29,33
house,74,surname,Hispanic (est.),31,3
house,74,surname,Hispanic (est.),32,4
house,74,surname,Hispanic (est.),33,5
house,74,surname,Hispanic (est.),34,21
house,74,surname,Hispanic (est.),35,7
house,74,surname,Hispanic (est.),36,25
house,74,surname,Hispanic (est.),37,34
house,75,surname,All others (est.),4,1029
house,75,surname,All others (est.),5,613
house,75,surname,All others (est.),6,704
house,75,surname,All others (est.),7,635
house,75,surname,All others (est.),8,683
house,75,surname,All others (est.),9,292
house,75,surname,All others (est.),10,548
house,75,surname,All others (est.),11,734
house,75,surname,All others (est.),12,708
house,75,surname,All others (est.),13,782
house,75,surname,All others (est.),14,822
house,75,surname,All others (est.),15,1137
house,75,surname,All others (est.),18,10
house,75,surname,All others (est.),19,14
house,75,surname,All others (est.),20,11
house,75,surname,All others (est.),21,8
house,75,surname,All others (est.),22,9
house,75,surname,All others (est.),24,24
house,75,surname,All others (est.),25,9
house,75,surname,All others (est.),26,17
house,75,surname,All others (est.),27,23
house,75,surname,All others (est.),29,9
house,75,surname,All others (est.),31,13
house,75,surname,All others (est.),33,7
house,75,surname,Asian (est.),4,104
house,75,surname,Asian (est.),5,56
house,75,surname,Asian (est.),6,64
house,75,surname,Asian (est.),7,58
house,75,surname,Asian (est.),8,59
house,75,surname,Asian (est.),9,27
house,75,surname,Asian (est.),10,46
house,75,surname,Asian (est.),11,72
house,75,surname,Asian (est.),12,66
house,75,surname,Asian (est.),13,63
house,75,surname,Asian (est.),14,72
house,75,surname,Asian (est.),15,94
house,75,surname,Asian (est.),18,1
house,75,surname,Asian (est.),19,1
house,75,surname,Asian (est.),24,1
house,75,surname,Asian (est.),26,1
house,75,surname,Asian (est.),27,1
house,75,surname,Asian (est.),31,1
house,75,surname,Hispanic (est.),4,3760
house,75,surname,Hispanic (est.),5,2177
house,75,surname,Hispanic (est.),6,2375
house,75,surname,Hispanic (est.),7,2179
house,75,surname,Hispanic (est.),8,2108
house,75,surname,Hispanic (est.),9,904
house,75,surname,Hispanic (est.),10,1545
house,75,surname,Hispanic (est.),11,2278
house,75,surname,Hispanic (est.),12,2036
house,75,surname,Hispanic (est.),13,2193
house,75,surname,Hispanic (est.),14,2202
house,75,surname,Hispanic (est.),15,2597
house,75,surname,Hispanic (est.),18,17
house,75,surname,Hispanic (est.),19,57
house,75,surname,Hispanic (est.),20,8
house,75,surname,Hispanic (est.),21,6
house,75,surname,Hispanic (est.),22,13
house,75,surname,Hispanic (est.),24,23
house,75,surname,Hispanic (est.),25,15
house,75,surname,Hispanic (est.),26,32
house,75,surname,Hispanic (est.),27,33
house,75,surname,Hispanic (est.),29,11
house,75,surname,Hispanic (est.),31,21
house,75,surname,Hispanic (est.),33,4
house,76,surname,All others (est.),4,3799
house,76,surname,All others (est.),5,2415
house,76,surname,All others (est.),6,2594
house,76,surname,All others (est.),7,2895
house,76,surname,All others (est.),8,2984
house,76,surname,All others (est.),9,1066
house,76,surname,All others (est.),10,2699
house,76,surname,All others (est.),11,3569
house,76,surname,All others (est.),12,3541
house,76,surname,All others (est.),13,3576
house,76,surname,All others (est.),14,3790
house,76,surname,All others (est.),15,3999
house,76,surname,All others (est.),17,67
house,76,surname,All others (est.),18,6
house,76,surname,All others (est.),19,85
house,76,surname,All others (est.),20,82
house,76,surname,All others (est.),22,4
house,76,surname,All others (est.),24,58
house,76,surname,All others (est.),25,11
house,76,surname,All others (est.),26,11
house,76,surname,All others (est.),27,14
house,76,surname,All others (est.),28,2
house,76,surname,All others (est.),29,8
house,76,surname,All others (est.),32,4
house,76,surname,All others (est.),33,4
house,76,surname,All others (est.),34,3
house,76,surname,All others (est.),35,1
house,76,surname,All others (est.),36,5
house,76,surname,All others (est.),37,1
house,76,surname,Asian (est.),4,1754
house,76,surname,Asian (est.),5,1108
house,76,surname,Asian (est.),6,1018
house,76,surname,Asian (est.),7,1160
house,76,surname,Asian (est.),8,1220
house,76,surname,Asian (est.),9,589
house,76,surname,Asian (est.),10,1220
house,76,surname,Asian (est.),11,1163
house,76,surname,Asian (est.),12,1018
house,76,surname,Asian (est.),13,1089
house,76,surname,Asian (est.),14,1061
house,76,surname,Asian (est.),15,916
house,76,surname,Asian (est.),17,20
house,76,surname,Asian (est.),18,4
house,76,surname,Asian (est.),19,16
house,76,surname,Asian (est.),20,20
house,76,surname,Asian (est.),22,2
house,76,surname,Asian (est.),24,14
house,76,surname,Asian (est.),26,2
house,76,surname,Asian (est.),27,2
house,76,surname,Asian (est.),29,2
house,76,surname,Asian (est.),34,1
house,76,surname,Asian (est.),35,1
house,76,surname,Hispanic (est.),4,1347
house,76,surname,Hispanic (est.),5,711
house,76,surname,Hispanic (est.),6,751
house,76,surname,Hispanic (est.),7,813
house,76,surname,Hispanic (est.),8,860
house,76,surname,Hispanic (est.),9,306
house,76,surname,Hispanic (est.),10,841
house,76,surname,Hispanic (est.),11,947
house,76,surname,Hispanic (est.),12,846
house,76,surname,Hispanic (est.),13,813
house,76,surname,Hispanic (est.),14,819
house,76,surname,Hispanic (est.),15,834
house,76,surname,Hispanic (est.),17,10
house,76,surname,Hispanic (est.),19,12
house,76,surname,Hispanic (est.),20,15
house,76,surname,Hispanic (est.),22,1
house,76,surname,Hispanic (est.),24,9
house,76,surname,Hispanic (est.),29,1
house,77,surname,All others (est.),4,901
house,77,surname,All others (est.),5,637
house,77,surname,All others (est.),6,697
house,77,surname,All others (est.),7,728
house,77,surname,All others (est.),8,698
house,77,surname,All others (est.),9,307
house,77,surname,All others (est.),10,455
house,77,surname,All others (est.),11,714
house,77,surname,All others (est.),12,727
house,77,surname,All others (est.),13,792
house,77,surname,All others (est.),14,857
house,77,surname,All others (est.),15,1046
house,77,surname,All others (est.),18,29
house,77,surname,All others (est.),19,88
house,77,surname,All others (est.),20,38
house,77,surname,All others (est.),21,10
house,77,surname,All others (est.),22,23
house,77,surname,All others (est.),24,23
house,77,surname,All others (est.),25,43
house,77,surname,All others (est.),26,40
house,77,surname,All others (est.),27,47
house,77,surname,All others (est.),29,20
house,77,surname,All others (est.),31,62
house,77,surname,All others (est.),33,16
house,77,surname,Asian (est.),4,93
house,77,surname,Asian (est.),5,69
house,77,surname,Asian (est.),6,67
house,77,surname,Asian (est.),7,81
house,77,surname,Asian (est.),8,61
house,77,surname,Asian (est.),9,27
house,77,surname,Asian (est.),10,46
house,77,surname,Asian (est.),11,72
house,77,surname,Asian (est.),12,66
house,77,surname,Asian (est.),13,70
house,77,surname,Asian (est.),14,69
house,77,surname,Asian (est.),15,83
house,77,surname,Asian (est.),18,3
house,77,surname,Asian (est.),19,5
house,77,surname,Asian (est.),20,3
house,77,surname,Asian (est.),22,3
house,77,surname,Asian (est.),24,5
house,77,surname,Asian (est.),25,2
house,77,surname,Asian (est.),26,4
house,77,surname,Asian (est.),27,5
house,77,surname,Asian (est.),29,1
house,77,surname,Asian (est.),31,5
house,77,surname,Asian (est.),33,1
house,77,surname,Hispanic (est.),4,2819
house,77,surname,Hispanic (est.),5,1922
house,77,surname,Hispanic (est.),6,2080
house,77,surname,Hispanic (est.),7,2134
house,77,surname,Hispanic (est.),8,2073
house,77,surname,Hispanic (est.),9,808
house,77,surname,Hispanic (est.),10,1353
house,77,surname,Hispanic (est.),11,2133
house,77,surname,Hispanic (est.),12,2106
house,77,surname,Hispanic (est.),13,2149
house,77,surname,Hispanic (est.),14,2244
house,77,surname,Hispanic (est.),15,2477
house,77,surname,Hispanic (est.),18,62
house,77,surname,Hispanic (est.),19,228
house,77,surname,Hispanic (est.),20,57
house,77,surname,Hispanic (est.),21,8
house,77,surname,Hispanic (est.),22,79
house,77,surname,Hispanic (est.),24,84
house,77,surname,Hispanic (est.),25,85
house,77,surname,Hispanic (est.),26,118
house,77,surname,Hispanic (est.),27,144
house,77,surname,Hispanic (est.),29,55
house,77,surname,Hispanic (est.),31,197
house,77,surname,Hispanic (est.),33,14
house,77,surname,Hispanic (est.),37,2
house,78,surname,All others (est.),4,2126
house,78,surname,All others (est.),5,1690
house,78,surname,All others (est.),6,1879
house,78,surname,All others (est.),7,1947
house,78,surname,All others (est.),8,2042
house,78,surname,All others (est.),9,910
house,78,surname,All others (est.),10,1279
house,78,surname,All others (est.),11,2140
house,78,surname,All others (est.),12,2181
house,78,surname,All others (est.),13,2375
house,78,surname,All others (est.),14,2505
house,78,surname,All others (est.),15,2798
house,78,surname,All others (est.),18,36
house,78,surname,All others (est.),19,164
house,78,surname,All others (est.),20,53
house,78,surname,All others (est.),21,29
house,78,surname,All others (est.),22,48
house,78,surname,All others (est.),24,61
house,78,surname,All others (est.),25,92
house,78,surname,All others (est.),26,67
house,78,surname,All others (est.),27,101
house,78,surname,All others (est.),29,57
house,78,surname,All others (est.),31,122
house,78,surname,All others (est.),33,27
house,78,surname,All others (est.),37,2
house,78,surname,Asian (est.),4,176
house,78,surname,Asian (est.),5,114
house,78,surname,Asian (est.),6,137
house,78,surname,Asian (est.),7,130
house,78,surname,Asian (est.),8,138
house,78,surname,Asian (est.),9,69
house,78,surname,Asian (est.),10,76
house,78,surname,Asian (est.),11,142
house,78,surname,Asian (est.),12,141
house,78,surname,Asian (est.),13,132
house,78,surname,Asian (est.),14,127
house,78,surname,Asian (est.),15,152
house,78,surname,Asian (est.),18,1
house,78,surname,Asian (est.),19,4
house,78,surname,Asian (est.),20,3
house,78,surname,Asian (est.),21,2
house,78,surname,Asian (est.),22,3
house,78,surname,Asian (est.),24,1
house,78,surname,Asian (est.),25,2
house,78,surname,Asian (est.),26,1
house,78,surname,Asian (est.),27,4
house,78,surname,Asian (est.),29,2
house,78,surname,Asian (est.),31,5
house,78,surname,Asian (est.),33,4
house,78,surname,Hispanic (est.),4,3319
house,78,surname,Hispanic (est.),5,2303
house,78,surname,Hispanic (est.),6,2424
house,78,surname,Hispanic (est.),7,2486
house,78,surname,Hispanic (est.),8,2410
house,78,surname,Hispanic (est.),9,1097
house,78,surname,Hispanic (est.),10,1565
house,78,surname,Hispanic (est.),11,2526
house,78,surname,Hispanic (est.),12,2399
house,78,surname,Hispanic (est.),13,2464
house,78,surname,Hispanic (est.),14,2496
house,78,surname,Hispanic (est.),15,2623
house,78,surname,Hispanic (est.),18,28
house,78,surname,Hispanic (est.),19,148
house,78,surname,Hispanic (est.),20,26
house,78,surname,Hispanic (est.),21,10
house,78,surname,Hispanic (est.),22,39
house,78,surname,Hispanic (est.),24,34
house,78,surname,Hispanic (est.),25,48
house,78,surname,Hispanic (est.),26,41
house,78,surname,Hispanic (est.),27,79
house,78,surname,Hispanic (est.),29,40
house,78,surname,Hispanic (est.),31,82
house,78,surname,Hispanic (est.),33,15
house,79,surname,All others (est.),4,1326
house,79,surname,All others (est.),5,985
house,79,surname,All others (est.),6,1114
house,79,surname,All others (est.),7,1179
house,79,surname,All others (est.),8,1123
house,79,surname,All others (est.),9,504
house,79,surname,All others (est.),10,864
house,79,surname,All others (est.),11,1203
house,79,surname,All others (est.),12,1268
house,79,surname,All others (est.),13,1360
house,79,surname,All others (est.),14,1437
house,79,surname,All others (est.),15,1608
house,79,surname,All others (est.),18,40
house,79,surname,All others (est.),19,142
house,79,surname,All others (est.),20,44
house,79,surname,All others (est.),21,17
house,79,surname,All others (est.),22,32
house,79,surname,All others (est.),24,30
house,79,surname,All others (est.),25,64
house,79,surname,All others (est.),26,47
house,79,surname,All others (est.),27,83
house,79,surname,All others (est.),29,34
house,79,surname,All others (est.),31,90
house,79,surname,All others (est.),33,26
house,79,surname,Asian (est.),4,111
house,79,surname,Asian (est.),5,89
house,79,surname,Asian (est.),6,81
house,79,surname,Asian (est.),7,87
house,79,surname,Asian (est.),8,84
house,79,surname,Asian (est.),9,32
house,79,surname,Asian (est.),10,70
house,79,surname,Asian (est.),11,87
house,79,surname,Asian (est.),12,91
house,79,surname,Asian (est.),13,90
house,79,surname,Asian (est.),14,87
house,79,surname,Asian (est.),15,103
house,79,surname,Asian (est.),18,2
house,79,surname,Asian (est.),19,4
house,79,surname,Asian (est.),20,1
house,79,surname,Asian (est.),22,2
house,79,surname,Asian (est.),24,3
house,79,surname,Asian (est.),25,5
house,79,surname,Asian (est.),26,2
house,79,surname,Asian (est.),27,4
house,79,surname,Asian (est.),29,2
house,79,surname,Asian (est.),31,6
house,79,surname,Asian (est.),33,1
house,79,surname,Hispanic (est.),4,3419
house,79,surname,Hispanic (est.),5,2346
house,79,surname,Hispanic (est.),6,2639
house,79,surname,Hispanic (est.),7,2585
house,79,surname,Hispanic (est.),8,2590
house,79,surname,Hispanic (est.),9,1160
house,79,surname,Hispanic (est.),10,1827
house,79,surname,Hispanic (est.),11,2667
house,79,surname,Hispanic (est.),12,2564
house,79,surname,Hispanic (est.),13,2714
house,79,surname,Hispanic (est.),14,2720
house,79,surname,Hispanic (est.),15,2778
house,79,surname,Hispanic (est.),18,55
house,79,surname,Hispanic (est.),19,192
house,79,surname,Hispanic (est.),20,49
house,79,surname,Hispanic (est.),21,4
house,79,surname,Hispanic (est.),22,54
house,79,surname,Hispanic (est.),24,47
house,79,surname,Hispanic (est.),25,65
house,79,surname,Hispanic (est.),26,86
house,79,surname,Hispanic (est.),27,133
house,79,surname,Hispanic (est.),29,42
house,79,surname,Hispanic (est.),31,144
house,79,surname,Hispanic (est.),33,13
house,8,surname,All others (est.),4,4087
house,8,surname,All others (est.),5,2858
house,8,surname,All others (est.),6,3116
house,8,surname,All others (est.),7,3692
house,8,surname,All others (est.),8,4333
house,8,surname,All others (est.),9,1513
house,8,surname,All others (est.),10,2844
house,8,surname,All others (est.),11,5430
house,8,surname,All others (est.),12,5127
house,8,surname,All others (est.),13,5593
house,8,surname,All others (est.),14,6153
house,8,surname,All others (est.),15,6711
house,8,surname,All others (est.),17,42
house,8,surname,All others (est.),18,117
house,8,surname,All others (est.),19,138
house,8,surname,All others (est.),20,21
house,8,surname,All others (est.),21,222
house,8,surname,All others (est.),22,14
house,8,surname,All others (est.),25,74
house,8,surname,All others (est.),26,77
house,8,surname,All others (est.),27,86
house,8,surname,All others (est.),28,6
house,8,surname,All others (est.),29,50
house,8,surname,All others (est.),32,1
house,8,surname,All others (est.),34,3
house,8,surname,All others (est.),36,1
house,8,surname,All others (est.),37,1
house,8,surname,Asian (est.),4,66
house,8,surname,Asian (est.),5,45
house,8,surname,Asian (est.),6,49
house,8,surname,Asian (est.),7,55
house,8,surname,Asian (est.),8,63
house,8,surname,Asian (est.),9,27
house,8,surname,Asian (est.),10,44
house,8,surname,Asian (est.),11,83
house,8,surname,Asian (est.),12,70
house,8,surname,Asian (est.),13,68
house,8,surname,Asian (est.),14,73
house,8,surname,Asian (est.),15,98
house,8,surname,Asian (est.),18,1
house,8,surname,Asian (est.),19,3
house,8,surname,Asian (est.),21,2
house,8,surname,Asian (est.),25,1
house,8,surname,Asian (est.),26,1
house,8,surname,Asian (est.),27,1
house,8,surname,Asian (est.),29,1
house,8,surname,Hispanic (est.),4,561
house,8,surname,Hispanic (est.),5,321
house,8,surname,Hispanic (est.),6,365
house,8,surname,Hispanic (est.),7,368
house,8,surname,Hispanic (est.),8,372
house,8,surname,Hispanic (est.),9,158
house,8,surname,Hispanic (est.),10,274
house,8,surname,Hispanic (est.),11,462
house,8,surname,Hispanic (est.),12,397
house,8,surname,Hispanic (est.),13,406
house,8,surname,Hispanic (est.),14,394
house,8,surname,Hispanic (est.),15,457
house,8,surname,Hispanic (est.),17,1
house,8,surname,Hispanic (est.),18,7
house,8,surname,Hispanic (est.),19,10
house,8,surname,Hispanic (est.),20,1
house,8,surname,Hispanic (est.),21,17
house,8,surname,Hispanic (est.),25,3
house,8,surname,Hispanic (est.),26,3
house,8,surname,Hispanic (est.),27,3
house,8,surname,Hispanic (est.),29,3
house,80,surname,All others (est.),4,1379
house,80,surname,All others (est.),5,839
house,80,surname,All others (est.),6,826
house,80,surname,All others (est.),7,918
house,80,surname,All others (est.),8,1107
house,80,surname,All others (est.),9,372
house,80,surname,All others (est.),10,1155
house,80,surname,All others (est.),11,1427
house,80,surname,All others (est.),12,1301
house,80,surname,All others (est.),13,1478
house,80,surname,All others (est.),14,1719
house,80,surname,All others (est.),15,2209
house,80,surname,All others (est.),18,34
house,80,surname,All others (est.),19,36
house,80,surname,All others (est.),20,18
house,80,surname,All others (est.),21,31
house,80,surname,All others (est.),22,1
house,80,surname,All others (est.),25,22
house,80,surname,All others (est.),26,21
house,80,surname,All others (est.),27,25
house,80,surname,All others (est.),28,18
house,80,surname,All others (est.),32,2
house,80,surname,All others (est.),33,4
house,80,surname,All others (est.),34,5
house,80,surname,All others (est.),36,2
house,80,surname,Asian (est.),4,90
house,80,surname,Asian (est.),5,38
house,80,surname,Asian (est.),6,41
house,80,surname,Asian (est.),7,45
house,80,surname,Asian (est.),8,47
house,80,surname,Asian (est.),9,24
house,80,surname,Asian (est.),10,70
house,80,surname,Asian (est.),11,63
house,80,surname,Asian (est.),12,48
house,80,surname,Asian (est.),13,55
house,80,surname,Asian (est.),14,65
house,80,surname,Asian (est.),15,82
house,80,surname,Asian (est.),18,2
house,80,surname,Asian (est.),19,2
house,80,surname,Asian (est.),20,2
house,80,surname,Asian (est.),21,1
house,80,surname,Asian (est.),25,1
house,80,surname,Asian (est.),26,1
house,80,surname,Asian (est.),27,1
house,80,surname,Asian (est.),28,2
house,80,surname,Hispanic (est.),4,3125
house,80,surname,Hispanic (est.),5,1486
house,80,surname,Hispanic (est.),6,1640
house,80,surname,Hispanic (est.),7,1601
house,80,surname,Hispanic (est.),8,1772
house,80,surname,Hispanic (est.),9,866
house,80,surname,Hispanic (est.),10,2220
house,80,surname,Hispanic (est.),11,1832
house,80,surname,Hispanic (est.),12,1694
house,80,surname,Hispanic (est.),13,1763
house,80,surname,Hispanic (est.),14,1894
house,80,surname,Hispanic (est.),15,2195
house,80,surname,Hispanic (est.),18,71
house,80,surname,Hispanic (est.),19,84
house,80,surname,Hispanic (est.),20,47
house,80,surname,Hispanic (est.),21,54
house,80,surname,Hispanic (est.),22,2
house,80,surname,Hispanic (est.),25,26
house,80,surname,Hispanic (est.),26,31
house,80,surname,Hispanic (est.),27,27
house,80,surname,Hispanic (est.),28,24
house,80,surname,Hispanic (est.),32,8
house,80,surname,Hispanic (est.),33,4
house,80,surname,Hispanic (est.),34,14
house,81,surname,All others (est.),4,1981
house,81,surname,All others (est.),5,1326
house,81,surname,All others (est.),6,1470
house,81,surname,All others (est.),7,1746
house,81,surname,All others (est.),8,1733
house,81,surname,All others (est.),9,801
house,81,surname,All others (est.),10,1598
house,81,surname,All others (est.),11,1989
house,81,surname,All others (est.),12,1800
house,81,surname,All others (est.),13,1938
house,81,surname,All others (est.),14,2156
house,81,surname,All others (est.),15,2387
house,81,surname,All others (est.),17,108
house,81,surname,All others (est.),18,9
house,81,surname,All others (est.),19,3
house,81,surname,All others (est.),20,124
house,81,surname,All others (est.),21,4
house,81,surname,All others (est.),22,55
house,81,surname,All others (est.),25,13
house,81,surname,All others (est.),26,63
house,81,surname,All others (est.),28,86
house,81,surname,All others (est.),35,50
house,81,surname,Asian (est.),4,83
house,81,surname,Asian (est.),5,52
house,81,surname,Asian (est.),6,45
house,81,surname,Asian (est.),7,47
house,81,surname,Asian (est.),8,52
house,81,surname,Asian (est.),9,18
house,81,surname,Asian (est.),10,47
house,81,surname,Asian (est.),11,48
house,81,surname,Asian (est.),12,42
house,81,surname,Asian (est.),13,47
house,81,surname,Asian (est.),14,60
house,81,surname,Asian (est.),15,55
house,81,surname,Asian (est.),17,2
house,81,surname,Asian (est.),20,2
house,81,surname,Asian (est.),22,1
house,81,surname,Asian (est.),26,1
house,81,surname,Asian (est.),28,1
house,81,surname,Asian (est.),35,1
house,81,surname,Hispanic (est.),4,1766
house,81,surname,Hispanic (est.),5,1028
house,81,surname,Hispanic (est.),6,1106
house,81,surname,Hispanic (est.),7,1098
house,81,surname,Hispanic (est.),8,1098
house,81,surname,Hispanic (est.),9,523
house,81,surname,Hispanic (est.),10,1036
house,81,surname,Hispanic (est.),11,1078
house,81,surname,Hispanic (est.),12,845
house,81,surname,Hispanic (est.),13,829
house,81,surname,Hispanic (est.),14,899
house,81,surname,Hispanic (est.),15,909
house,81,surname,Hispanic (est.),17,26
house,81,surname,Hispanic (est.),18,3
house,81,surname,Hispanic (est.),19,5
house,81,surname,Hispanic (est.),20,36
house,81,surname,Hispanic (est.),21,1
house,81,surname,Hispanic (est.),22,18
house,81,surname,Hispanic (est.),25,3
house,81,surname,Hispanic (est.),26,21
house,81,surname,Hispanic (est.),28,30
house,81,surname,Hispanic (est.),35,20
house,82,surname,All others (est.),4,3544
house,82,surname,All others (est.),5,2530
house,82,surname,All others (est.),6,2711
house,82,surname,All others (est.),7,3140
house,82,surname,All others (est.),8,3355
house,82,surname,All others (est.),9,1567
house,82,surname,All others (est.),10,3241
house,82,surname,All others (est.),11,4037
house,82,surname,All others (est.),12,3634
house,82,surname,All others (est.),13,3302
house,82,surname,All others (est.),14,3274
house,82,surname,All others (est.),15,3020
house,82,surname,All others (est.),16,2
house,82,surname,All others (est.),18,139
house,82,surname,All others (est.),19,12
house,82,surname,All others (est.),21,63
house,82,surname,All others (est.),22,2
house,82,surname,All others (est.),24,3
house,82,surname,All others (est.),25,25
house,82,surname,All others (est.),27,94
house,82,surname,All others (est.),28,21
house,82,surname,All others (est.),29,5
house,82,surname,All others (est.),31,13
house,82,surname,All others (est.),34,3
house,82,surname,All others (est.),35,1
house,82,surname,Asian (est.),4,118
house,82,surname,Asian (est.),5,87
house,82,surname,Asian (est.),6,94
house,82,surname,Asian (est.),7,90
house,82,surname,Asian (est.),8,112
house,82,surname,Asian (est.),9,47
house,82,surname,Asian (est.),10,108
house,82,surname,Asian (est.),11,90
house,82,surname,Asian (est.),12,82
house,82,surname,Asian (est.),13,69
house,82,surname,Asian (est.),14,67
house,82,surname,Asian (est.),15,57
house,82,surname,Asian (est.),18,1
house,82,surname,Asian (est.),19,1
house,82,surname,Asian (est.),21,1
house,82,surname,Asian (est.),25,1
house,82,surname,Asian (est.),27,1
house,82,surname,Hispanic (est.),4,1680
house,82,surname,Hispanic (est.),5,1008
house,82,surname,Hispanic (est.),6,985
house,82,surname,Hispanic (est.),7,1071
house,82,surname,Hispanic (est.),8,1065
house,82,surname,Hispanic (est.),9,486
house,82,surname,Hispanic (est.),10,984
house,82,surname,Hispanic (est.),11,1076
house,82,surname,Hispanic (est.),12,883
house,82,surname,Hispanic (est.),13,766
house,82,surname,Hispanic (est.),14,779
house,82,surname,Hispanic (est.),15,665
house,82,surname,Hispanic (est.),18,29
house,82,surname,Hispanic (est.),19,3
house,82,surname,Hispanic (est.),21,8
house,82,surname,Hispanic (est.),22,1
house,82,surname,Hispanic (est.),25,9
house,82,surname,Hispanic (est.),26,2
house,82,surname,Hispanic (est.),27,16
house,82,surname,Hispanic (est.),28,5
house,82,surname,Hispanic (est.),29,1
house,82,surname,Hispanic (est.),31,5
house,83,surname,All others (est.),4,4268
house,83,surname,All others (est.),5,2838
house,83,surname,All others (est.),6,3412
house,83,surname,All others (est.),7,4022
house,83,surname,All others (est.),8,4493
house,83,surname,All others (est.),9,1513
house,83,surname,All others (est.),10,3133
house,83,surname,All others (est.),11,5624
house,83,surname,All others (est.),12,5712
house,83,surname,All others (est.),13,6139
house,83,surname,All others (est.),14,6689
house,83,surname,All others (est.),15,7340
house,83,surname,All others (est.),18,88
house,83,surname,All others (est.),19,160
house,83,surname,All others (est.),20,162
house,83,surname,All others (est.),21,79
house,83,surname,All others (est.),22,3
house,83,surname,All others (est.),25,103
house,83,surname,All others (est.),26,90
house,83,surname,All others (est.),27,73
house,83,surname,All others (est.),28,12
house,83,surname,All others (est.),29,40
house,83,surname,All others (est.),32,12
house,83,surname,All others (est.),33,16
house,83,surname,All others (est.),34,12
house,83,surname,All others (est.),35,7
house,83,surname,All others (est.),36,11
house,83,surname,Asian (est.),4,117
house,83,surname,Asian (est.),5,72
house,83,surname,Asian (est.),6,84
house,83,surname,Asian (est.),7,98
house,83,surname,Asian (est.),8,93
house,83,surname,Asian (est.),9,36
house,83,surname,Asian (est.),10,78
house,83,surname,Asian (est.),11,108
house,83,surname,Asian (est.),12,124
house,83,surname,Asian (est.),13,110
house,83,surname,Asian (est.),14,125
house,83,surname,Asian (est.),15,120
house,83,surname,Asian (est.),18,1
house,83,surname,Asian (est.),19,3
house,83,surname,Asian (est.),20,3
house,83,surname,Asian (est.),21,1
house,83,surname,Asian (est.),25,1
house,83,surname,Asian (est.),26,2
house,83,surname,Asian (est.),27,1
house,83,surname,Asian (est.),29,1
house,83,surname,Hispanic (est.),4,1404
house,83,surname,Hispanic (est.),5,750
house,83,surname,Hispanic (est.),6,904
house,83,surname,Hispanic (est.),7,927
house,83,surname,Hispanic (est.),8,942
house,83,surname,Hispanic (est.),9,356
house,83,surname,Hispanic (est.),10,748
house,83,surname,Hispanic (est.),11,1083
house,83,surname,Hispanic (est.),12,1003
house,83,surname,Hispanic (est.),13,1025
house,83,surname,Hispanic (est.),14,1134
house,83,surname,Hispanic (est.),15,1185
house,83,surname,Hispanic (est.),18,11
house,83,surname,Hispanic (est.),19,20
house,83,surname,Hispanic (est.),20,14
house,83,surname,Hispanic (est.),21,8
house,83,surname,Hispanic (est.),25,5
house,83,surname,Hispanic (est.),26,11
house,83,surname,Hispanic (est.),27,7
house,83,surname,Hispanic (est.),28,3
house,83,surname,Hispanic (est.),29,6
house,83,surname,Hispanic (est.),33,2
house,83,surname,Hispanic (est.),34,3
house,83,surname,Hispanic (est.),35,3
house,84,surname,All others (est.),4,3064
house,84,surname,All others (est.),5,2121
house,84,surname,All others (est.),6,2418
house,84,surname,All others (est.),7,2818
house,84,surname,All others (est.),8,2820
house,84,surname,All others (est.),9,1034
house,84,surname,All others (est.),10,2001
house,84,surname,All others (est.),11,3355
house,84,surname,All others (est.),12,3585
house,84,surname,All others (est.),13,3832
house,84,surname,All others (est.),14,4091
house,84,surname,All others (est.),15,4543
house,84,surname,All others (est.),18,58
house,84,surname,All others (est.),19,105
house,84,surname,All others (est.),20,89
house,84,surname,All others (est.),21,37
house,84,surname,All others (est.),25,55
house,84,surname,All others (est.),26,58
house,84,surname,All others (est.),27,62
house,84,surname,All others (est.),28,6
house,84,surname,All others (est.),29,39
house,84,surname,All others (est.),36,1
house,84,surname,Asian (est.),4,104
house,84,surname,Asian (est.),5,77
house,84,surname,Asian (est.),6,89
house,84,surname,Asian (est.),7,88
house,84,surname,Asian (est.),8,83
house,84,surname,Asian (est.),9,36
house,84,surname,Asian (est.),10,56
house,84,surname,Asian (est.),11,92
house,84,surname,Asian (est.),12,81
house,84,surname,Asian (est.),13,92
house,84,surname,Asian (est.),14,117
house,84,surname,Asian (est.),15,115
house,84,surname,Asian (est.),18,1
house,84,surname,Asian (est.),19,2
house,84,surname,Asian (est.),20,2
house,84,surname,Asian (est.),21,2
house,84,surname,Asian (est.),25,1
house,84,surname,Asian (est.),26,1
house,84,surname,Asian (est.),27,1
house,84,surname,Asian (est.),29,1
house,84,surname,Hispanic (est.),4,1341
house,84,surname,Hispanic (est.),5,807
house,84,surname,Hispanic (est.),6,916
house,84,surname,Hispanic (est.),7,881
house,84,surname,Hispanic (est.),8,874
house,84,surname,Hispanic (est.),9,353
house,84,surname,Hispanic (est.),10,701
house,84,surname,Hispanic (est.),11,1002
house,84,surname,Hispanic (est.),12,906
house,84,surname,Hispanic (est.),13,1075
house,84,surname,Hispanic (est.),14,1109
house,84,surname,Hispanic (est.),15,1223
house,84,surname,Hispanic (est.),18,6
house,84,surname,Hispanic (est.),19,18
house,84,surname,Hispanic (est.),20,19
house,84,surname,Hispanic (est.),21,14
house,84,surname,Hispanic (est.),25,17
house,84,surname,Hispanic (est.),26,19
house,84,surname,Hispanic (est.),27,13
house,84,surname,Hispanic (est.),28,1
house,84,surname,Hispanic (est.),29,9
house,85,surname,All others (est.),4,5293
house,85,surname,All others (est.),5,3572
house,85,surname,All others (est.),6,3643
house,85,surname,All others (est.),7,4252
house,85,surname,All others (est.),8,4772
house,85,surname,All others (est.),9,1676
house,85,surname,All others (est.),10,3585
house,85,surname,All others (est.),11,6139
house,85,surname,All others (est.),12,5626
house,85,surname,All others (est.),13,6416
house,85,surname,All others (est.),14,7152
house,85,surname,All others (est.),15,8327
house,85,surname,All others (est.),17,7
house,85,surname,All others (est.),18,67
house,85,surname,All others (est.),19,115
house,85,surname,All others (est.),20,78
house,85,surname,All others (est.),21,64
house,85,surname,All others (est.),22,13
house,85,surname,All others (est.),24,25
house,85,surname,All others (est.),25,55
house,85,surname,All others (est.),26,75
house,85,surname,All others (est.),27,66
house,85,surname,All others (est.),28,27
house,85,surname,All others (est.),29,71
house,85,surname,All others (est.),31,9
house,85,surname,All others (est.),32,30
house,85,surname,All others (est.),33,21
house,85,surname,All others (est.),34,19
house,85,surname,All others (est.),35,13
house,85,surname,All others (est.),36,46
house,85,surname,All others (est.),37,94
house,85,surname,Asian (est.),4,615
house,85,surname,Asian (est.),5,412
house,85,surname,Asian (est.),6,365
house,85,surname,Asian (est.),7,396
house,85,surname,Asian (est.),8,451
house,85,surname,Asian (est.),9,228
house,85,surname,Asian (est.),10,372
house,85,surname,Asian (est.),11,520
house,85,surname,Asian (est.),12,436
house,85,surname,Asian (est.),13,454
house,85,surname,Asian (est.),14,463
house,85,surname,Asian (est.),15,467
house,85,surname,Asian (est.),17,3
house,85,surname,Asian (est.),18,1
house,85,surname,Asian (est.),19,5
house,85,surname,Asian (est.),20,4
house,85,surname,Asian (est.),24,2
house,85,surname,Asian (est.),25,1
house,85,surname,Asian (est.),26,2
house,85,surname,Asian (est.),27,2
house,85,surname,Asian (est.),28,2
house,85,surname,Asian (est.),29,2
house,85,surname,Asian (est.),32,2
house,85,surname,Asian (est.),35,2
house,85,surname,Asian (est.),36,1
house,85,surname,Asian (est.),37,1
house,85,surname,Hispanic (est.),4,1198
house,85,surname,Hispanic (est.),5,721
house,85,surname,Hispanic (est.),6,692
house,85,surname,Hispanic (est.),7,748
house,85,surname,Hispanic (est.),8,828
house,85,surname,Hispanic (est.),9,289
house,85,surname,Hispanic (est.),10,645
house,85,surname,Hispanic (est.),11,1001
house,85,surname,Hispanic (est.),12,832
house,85,surname,Hispanic (est.),13,885
house,85,surname,Hispanic (est.),14,899
house,85,surname,Hispanic (est.),15,1020
house,85,surname,Hispanic (est.),17,2
house,85,surname,Hispanic (est.),18,4
house,85,surname,Hispanic (est.),19,12
house,85,surname,Hispanic (est.),20,7
house,85,surname,Hispanic (est.),21,5
house,85,surname,Hispanic (est.),22,3
house,85,surname,Hispanic (est.),24,1
house,85,surname,Hispanic (est.),25,5
house,85,surname,Hispanic (est.),26,5
house,85,surname,Hispanic (est.),27,6
house,85,surname,Hispanic (est.),28,1
house,85,surname,Hispanic (est.),29,10
house,85,surname,Hispanic (est.),31,1
house,85,surname,Hispanic (est.),32,2
house,85,surname,Hispanic (est.),33,1
house,85,surname,Hispanic (est.),34,1
house,85,surname,Hispanic (est.),35,1
house,85,surname,Hispanic (est.),36,5
house,85,surname,Hispanic (est.),37,8
house,86,surname,All others (est.),4,4798
house,86,surname,All others (est.),5,3175
house,86,surname,All others (est.),6,3259
house,86,surname,All others (est.),7,3656
house,86,surname,All others (est.),8,4246
house,86,surname,All others (est.),9,1903
house,86,surname,All others (est.),10,4681
house,86,surname,All others (est.),11,5328
house,86,surname,All others (est.),12,4974
house,86,surname,All others (est.),13,5209
house,86,surname,All others (est.),14,5429
house,86,surname,All others (est.),15,5793
house,86,surname,All others (est.),17,54
house,86,surname,All others (est.),18,72
house,86,surname,All others (est.),19,150
house,86,surname,All others (est.),20,28
house,86,surname,All others (est.),21,136
house,86,surname,All others (est.),23,78
house,86,surname,All others (est.),25,95
house,86,surname,All others (est.),26,78
house,86,surname,All others (est.),27,120
house,86,surname,All others (est.),28,35
house,86,surname,All others (est.),29,154
house,86,surname,All others (est.),30,77
house,86,surname,All others (est.),32,63
house,86,surname,All others (est.),33,52
house,86,surname,All others (est.),34,112
house,86,surname,All others (est.),35,81
house,86,surname,All others (est.),36,117
house,86,surname,All others (est.),37,87
house,86,surname,Asian (est.),4,116
house,86,surname,Asian (est.),5,69
house,86,surname,Asian (est.),6,73
house,86,surname,Asian (est.),7,79
house,86,surname,Asian (est.),8,88
house,86,surname,Asian (est.),9,45
house,86,surname,Asian (est.),10,103
house,86,surname,Asian (est.),11,99
house,86,surname,Asian (est.),12,88
house,86,surname,Asian (est.),13,86
house,86,surname,Asian (est.),14,91
house,86,surname,Asian (est.),15,115
house,86,surname,Asian (est.),18,2
house,86,surname,Asian (est.),19,2
house,86,surname,Asian (est.),20,1
house,86,surname,Asian (est.),21,2
house,86,surname,Asian (est.),23,1
house,86,surname,Asian (est.),25,2
house,86,surname,Asian (est.),26,1
house,86,surname,Asian (est.),27,1
house,86,surname,Asian (est.),29,3
house,86,surname,Asian (est.),30,1
house,86,surname,Asian (est.),32,1
house,86,surname,Asian (est.),33,1
house,86,surname,Asian (est.),34,2
house,86,surname,Asian (est.),35,2
house,86,surname,Asian (est.),36,3
house,86,surname,Asian (est.),37,1
house,86,surname,Hispanic (est.),4,1294
house,86,surname,Hispanic (est.),5,673
house,86,surname,Hispanic (est.),6,657
house,86,surname,Hispanic (est.),7,686
house,86,surname,Hispanic (est.),8,723
house,86,surname,Hispanic (est.),9,348
house,86,surname,Hispanic (est.),10,805
house,86,surname,Hispanic (est.),11,841
house,86,surname,Hispanic (est.),12,716
house,86,surname,Hispanic (est.),13,662
house,86,surname,Hispanic (est.),14,711
house,86,surname,Hispanic (est.),15,772
house,86,surname,Hispanic (est.),17,3
house,86,surname,Hispanic (est.),18,6
house,86,surname,Hispanic (est.),19,13
house,86,surname,Hispanic (est.),20,1
house,86,surname,Hispanic (est.),21,8
house,86,surname,Hispanic (est.),23,6
house,86,surname,Hispanic (est.),25,7
house,86,surname,Hispanic (est.),26,6
house,86,surname,Hispanic (est.),27,18
house,86,surname,Hispanic (est.),28,3
house,86,surname,Hispanic (est.),29,21
house,86,surname,Hispanic (est.),30,6
house,86,surname,Hispanic (est.),32,10
house,86,surname,Hispanic (est.),33,5
house,86,surname,Hispanic (est.),34,4
house,86,surname,Hispanic (est.),35,2
house,86,surname,Hispanic (est.),36,9
house,86,surname,Hispanic (est.),37,3
house,87,surname,All others (est.),4,3002
house,87,surname,All others (est.),5,1949
house,87,surname,All others (est.),6,1885
house,87,surname,All others (est.),7,1955
house,87,surname,All others (est.),8,2483
house,87,surname,All others (est.),9,825
house,87,surname,All others (est.),10,1872
house,87,surname,All others (est.),11,3354
house,87,surname,All others (est.),12,3075
house,87,surname,All others (est.),13,3467
house,87,surname,All others (est.),14,4093
house,87,surname,All others (est.),15,5012
house,87,surname,All others (est.),18,46
house,87,surname,All others (est.),19,151
house,87,surname,All others (est.),20,30
house,87,surname,All others (est.),21,105
house,87,surname,All others (est.),22,79
house,87,surname,All others (est.),25,52
house,87,surname,All others (est.),26,100
house,87,surname,All others (est.),27,115
house,87,surname,All others (est.),28,38
house,87,surname,All others (est.),29,126
house,87,surname,All others (est.),30,22
house,87,surname,All others (est.),32,78
house,87,surname,All others (est.),33,30
house,87,surname,All others (est.),34,81
house,87,surname,All others (est.),35,53
house,87,surname,All others (est.),36,17
house,87,surname,Asian (est.),4,89
house,87,surname,Asian (est.),5,54
house,87,surname,Asian (est.),6,53
house,87,surname,Asian (est.),7,43
house,87,surname,Asian (est.),8,72
house,87,surname,Asian (est.),9,18
house,87,surname,Asian (est.),10,52
house,87,surname,Asian (est.),11,75
house,87,surname,Asian (est.),12,71
house,87,surname,Asian (est.),13,67
house,87,surname,Asian (est.),14,77
house,87,surname,Asian (est.),15,94
house,87,surname,Asian (est.),18,1
house,87,surname,Asian (est.),19,2
house,87,surname,Asian (est.),21,1
house,87,surname,Asian (est.),22,2
house,87,surname,Asian (est.),26,1
house,87,surname,Asian (est.),27,1
house,87,surname,Asian (est.),29,1
house,87,surname,Asian (est.),32,1
house,87,surname,Asian (est.),34,1
house,87,surname,Asian (est.),35,2
house,87,surname,Hispanic (est.),4,942
house,87,surname,Hispanic (est.),5,525
house,87,surname,Hispanic (est.),6,463
house,87,surname,Hispanic (est.),7,475
house,87,surname,Hispanic (est.),8,557
house,87,surname,Hispanic (est.),9,203
house,87,surname,Hispanic (est.),10,461
house,87,surname,Hispanic (est.),11,701
house,87,surname,Hispanic (est.),12,537
house,87,surname,Hispanic (est.),13,543
house,87,surname,Hispanic (est.),14,564
house,87,surname,Hispanic (est.),15,638
house,87,surname,Hispanic (est.),18,2
house,87,surname,Hispanic (est.),19,13
house,87,surname,Hispanic (est.),20,2
house,87,surname,Hispanic (est.),21,7
house,87,surname,Hispanic (est.),22,6
house,87,surname,Hispanic (est.),25,7
house,87,surname,Hispanic (est.),26,10
house,87,surname,Hispanic (est.),27,10
house,87,surname,Hispanic (est.),28,2
house,87,surname,Hispanic (est.),29,10
house,87,surname,Hispanic (est.),30,2
house,87,surname,Hispanic (est.),32,8
house,87,surname,Hispanic (est.),33,1
house,87,surname,Hispanic (est.),34,13
house,87,surname,Hispanic (est.),35,4
house,87,surname,Hispanic (est.),36,1
house,88,surname,All others (est.),4,2957
house,88,surname,All others (est.),5,1786
house,88,surname,All others (est.),6,2060
house,88,surname,All others (est.),7,2164
house,88,surname,All others (est.),8,2757
house,88,surname,All others (est.),9,893
house,88,surname,All others (est.),10,1857
house,88,surname,All others (est.),11,3469
house,88,surname,All others (est.),12,3282
house,88,surname,All others (est.),13,3658
house,88,surname,All others (est.),14,4504
house,88,surname,All others (est.),15,5330
house,88,surname,All others (est.),17,4
house,88,surname,All others (est.),18,46
house,88,surname,All others (est.),19,67
house,88,surname,All others (est.),20,50
house,88,surname,All others (est.),21,85
house,88,surname,All others (est.),22,27
house,88,surname,All others (est.),23,3
house,88,surname,All others (est.),25,67
house,88,surname,All others (est.),26,55
house,88,surname,All others (est.),27,43
house,88,surname,All others (est.),28,38
house,88,surname,All others (est.),29,51
house,88,surname,All others (est.),30,3
house,88,surname,All others (est.),32,19
house,88,surname,All others (est.),33,34
house,88,surname,All others (est.),34,37
house,88,surname,All others (est.),35,27
house,88,surname,All others (est.),36,56
house,88,surname,All others (est.),37,38
house,88,surname,Asian (est.),4,55
house,88,surname,Asian (est.),5,33
house,88,surname,Asian (est.),6,40
house,88,surname,Asian (est.),7,43
house,88,surname,Asian (est.),8,46
house,88,surname,Asian (est.),9,16
house,88,surname,Asian (est.),10,31
house,88,surname,Asian (est.),11,60
house,88,surname,Asian (est.),12,47
house,88,surname,Asian (est.),13,52
house,88,surname,Asian (est.),14,59
house,88,surname,Asian (est.),15,76
house,88,surname,Asian (est.),18,1
house,88,surname,Asian (est.),19,1
house,88,surname,Asian (est.),20,1
house,88,surname,Asian (est.),21,1
house,88,surname,Asian (est.),22,1
house,88,surname,Asian (est.),25,1
house,88,surname,Asian (est.),29,1
house,88,surname,Asian (est.),33,1
house,88,surname,Hispanic (est.),4,1255
house,88,surname,Hispanic (est.),5,672
house,88,surname,Hispanic (est.),6,754
house,88,surname,Hispanic (est.),7,787
house,88,surname,Hispanic (est.),8,826
house,88,surname,Hispanic (est.),9,296
house,88,surname,Hispanic (est.),10,477
house,88,surname,Hispanic (est.),11,989
house,88,surname,Hispanic (est.),12,768
house,88,surname,Hispanic (est.),13,819
house,88,surname,Hispanic (est.),14,819
house,88,surname,Hispanic (est.),15,930
house,88,surname,Hispanic (est.),18,4
house,88,surname,Hispanic (est.),19,7
house,88,surname,Hispanic (est.),20,2
house,88,surname,Hispanic (est.),21,8
house,88,surname,Hispanic (est.),22,2
house,88,surname,Hispanic (est.),23,1
house,88,surname,Hispanic (est.),25,6
house,88,surname,Hispanic (est.),26,7
house,88,surname,Hispanic (est.),27,7
house,88,surname,Hispanic (est.),28,3
house,88,surname,Hispanic (est.),29,4
house,88,surname,Hispanic (est.),32,2
house,88,surname,Hispanic (est.),33,5
house,88,surname,Hispanic (est.),34,5
house,88,surname,Hispanic (est.),35,2
house,88,surname,Hispanic (est.),36,6
house,88,surname,Hispanic (est.),37,4
house,89,surname,All others (est.),4,6476
house,89,surname,All others (est.),5,4181
house,89,surname,All others (est.),6,4398
house,89,surname,All others (est.),7,4506
house,89,surname,All others (est.),8,5064
house,89,surname,All others (est.),9,2259
house,89,surname,All others (est.),10,5469
house,89,surname,All others (est.),11,6558
house,89,surname,All others (est.),12,5503
house,89,surname,All others (est.),13,6288
house,89,surname,All others (est.),14,6855
house,89,surname,All others (est.),15,8061
house,89,surname,All others (est.),17,56
house,89,surname,All others (est.),18,43
house,89,surname,All others (est.),19,139
house,89,surname,All others (est.),20,15
house,89,surname,All others (est.),21,114
house,89,surname,All others (est.),23,21
house,89,surname,All others (est.),24,11
house,89,surname,All others (est.),25,37
house,89,surname,All others (est.),26,4
house,89,surname,All others (est.),27,10
house,89,surname,All others (est.),28,4
house,89,surname,All others (est.),29,18
house,89,surname,All others (est.),31,29
house,89,surname,All others (est.),32,7
house,89,surname,All others (est.),33,3
house,89,surname,All others (est.),34,2
house,89,surname,All others (est.),36,1
house,89,surname,Asian (est.),4,987
house,89,surname,Asian (est.),5,592
house,89,surname,Asian (est.),6,506
house,89,surname,Asian (est.),7,520
house,89,surname,Asian (est.),8,530
house,89,surname,Asian (est.),9,335
house,89,surname,Asian (est.),10,717
house,89,surname,Asian (est.),11,603
house,89,surname,Asian (est.),12,458
house,89,surname,Asian (est.),13,475
house,89,surname,Asian (est.),14,543
house,89,surname,Asian (est.),15,490
house,89,surname,Asian (est.),17,3
house,89,surname,Asian (est.),18,1
house,89,surname,Asian (est.),19,6
house,89,surname,Asian (est.),21,7
house,89,surname,Asian (est.),23,3
house,89,surname,Asian (est.),25,4
house,89,surname,Asian (est.),29,1
house,89,surname,Asian (est.),31,2
house,89,surname,Asian (est.),32,1
house,89,surname,Hispanic (est.),4,1268
house,89,surname,Hispanic (est.),5,722
house,89,surname,Hispanic (est.),6,694
house,89,surname,Hispanic (est.),7,725
house,89,surname,Hispanic (est.),8,766
house,89,surname,Hispanic (est.),9,382
house,89,surname,Hispanic (est.),10,917
house,89,surname,Hispanic (est.),11,935
house,89,surname,Hispanic (est.),12,715
house,89,surname,Hispanic (est.),13,715
house,89,surname,Hispanic (est.),14,785
house,89,surname,Hispanic (est.),15,862
house,89,surname,Hispanic (est.),17,7
house,89,surname,Hispanic (est.),18,5
house,89,surname,Hispanic (est.),19,14
house,89,surname,Hispanic (est.),20,1
house,89,surname,Hispanic (est.),21,11
house,89,surname,Hispanic (est.),23,2
house,89,surname,Hispanic (est.),24,2
house,89,surname,Hispanic (est.),25,1
house,89,surname,Hispanic (est.),29,1
house,89,surname,Hispanic (est.),31,2
house,89,surname,Hispanic (est.),33,2
house,9,surname,All others (est.),4,4858
house,9,surname,All others (est.),5,3003
house,9,surname,All others (est.),6,3098
house,9,surname,All others (est.),7,3882
house,9,surname,All others (est.),8,4640
house,9,surname,All others (est.),9,1421
house,9,surname,All others (est.),10,3435
house,9,surname,All others (est.),11,6103
house,9,surname,All others (est.),12,5878
house,9,surname,All others (est.),13,6578
house,9,surname,All others (est.),14,7541
house,9,surname,All others (est.),15,8350
house,9,surname,All others (est.),16,103
house,9,surname,All others (est.),17,75
house,9,surname,All others (est.),18,163
house,9,surname,All others (est.),19,108
house,9,surname,All others (est.),20,97
house,9,surname,All others (est.),21,443
house,9,surname,All others (est.),22,139
house,9,surname,All others (est.),25,182
house,9,surname,All others (est.),26,163
house,9,surname,All others (est.),27,91
house,9,surname,All others (est.),28,97
house,9,surname,All others (est.),29,229
house,9,surname,All others (est.),32,103
house,9,surname,All others (est.),33,74
house,9,surname,All others (est.),34,80
house,9,surname,All others (est.),35,63
house,9,surname,All others (est.),36,11
house,9,surname,All others (est.),37,9
house,9,surname,Asian (est.),4,74
house,9,surname,Asian (est.),5,50
house,9,surname,Asian (est.),6,45
house,9,surname,Asian (est.),7,57
house,9,surname,Asian (est.),8,80
house,9,surname,Asian (est.),9,29
house,9,surname,Asian (est.),10,55
house,9,surname,Asian (est.),11,86
house,9,surname,Asian (est.),12,89
house,9,surname,Asian (est.),13,91
house,9,surname,Asian (est.),14,97
house,9,surname,Asian (est.),15,118
house,9,surname,Asian (est.),16,4
house,9,surname,Asian (est.),17,2
house,9,surname,Asian (est.),18,4
house,9,surname,Asian (est.),19,1
house,9,surname,Asian (est.),20,1
house,9,surname,Asian (est.),21,10
house,9,surname,Asian (est.),22,3
house,9,surname,Asian (est.),25,2
house,9,surname,Asian (est.),26,3
house,9,surname,Asian (est.),27,2
house,9,surname,Asian (est.),28,1
house,9,surname,Asian (est.),29,2
house,9,surname,Asian (est.),32,2
house,9,surname,Asian (est.),33,1
house,9,surname,Asian (est.),34,1
house,9,surname,Asian (est.),35,1
house,9,surname,Hispanic (est.),4,562
house,9,surname,Hispanic (est.),5,322
house,9,surname,Hispanic (est.),6,326
house,9,surname,Hispanic (est.),7,373
house,9,surname,Hispanic (est.),8,430
house,9,surname,Hispanic (est.),9,155
house,9,surname,Hispanic (est.),10,337
house,9,surname,Hispanic (est.),11,531
house,9,surname,Hispanic (est.),12,426
house,9,surname,Hispanic (est.),13,470
house,9,surname,Hispanic (est.),14,476
house,9,surname,Hispanic (est.),15,538
house,9,surname,Hispanic (est.),16,7
house,9,surname,Hispanic (est.),17,6
house,9,surname,Hispanic (est.),18,11
house,9,surname,Hispanic (est.),19,8
house,9,surname,Hispanic (est.),20,4
house,9,surname,Hispanic (est.),21,21
house,9,surname,Hispanic (est.),22,7
house,9,surname,Hispanic (est.),25,7
house,9,surname,Hispanic (est.),26,10
house,9,surname,Hispanic (est.),27,3
house,9,surname,Hispanic (est.),28,5
house,9,surname,Hispanic (est.),29,11
house,9,surname,Hispanic (est.),32,3
house,9,surname,Hispanic (est.),33,5
house,9,surname,Hispanic (est.),34,3
house,9,surname,Hispanic (est.),35,2
house,9,surname,Hispanic (est.),36,1
house,9,surname,Hispanic (est.),37,4
house,90,surname,All others (est.),4,2085
house,90,surname,All others (est.),5,1510
house,90,surname,All others (est.),6,1508
house,90,surname,All others (est.),7,1578
house,90,surname,All others (est.),8,1805
house,90,surname,All others (est.),9,709
house,90,surname,All others (est.),10,1527
house,90,surname,All others (est.),11,2007
house,90,surname,All others (est.),12,1757
house,90,surname,All others (est.),13,1949
house,90,surname,All others (est.),14,1964
house,90,surname,All others (est.),15,2244
house,90,surname,All others (est.),17,87
house,90,surname,All others (est.),18,53
house,90,surname,All others (est.),19,93
house,90,surname,All others (est.),20,111
house,90,surname,All others (est.),21,71
house,90,surname,All others (est.),25,85
house,90,surname,All others (est.),26,80
house,90,surname,All others (est.),27,11
house,90,surname,All others (est.),28,3
house,90,surname,All others (est.),29,11
house,90,surname,All others (est.),32,2
house,90,surname,All others (est.),33,3
house,90,surname,All others (est.),34,2
house,90,surname,All others (est.),36,3
house,90,surname,Asian (est.),4,126
house,90,surname,Asian (est.),5,93
house,90,surname,Asian (est.),6,73
house,90,surname,Asian (est.),7,93
house,90,surname,Asian (est.),8,90
house,90,surname,Asian (est.),9,39
house,90,surname,Asian (est.),10,76
house,90,surname,Asian (est.),11,94
house,90,surname,Asian (est.),12,75
house,90,surname,Asian (est.),13,69
house,90,surname,Asian (est.),14,85
house,90,surname,Asian (est.),15,74
house,90,surname,Asian (est.),17,3
house,90,surname,Asian (est.),18,4
house,90,surname,Asian (est.),19,4
house,90,surname,Asian (est.),20,3
house,90,surname,Asian (est.),21,4
house,90,surname,Asian (est.),25,3
house,90,surname,Asian (est.),26,3
house,90,surname,Asian (est.),29,2
house,90,surname,Hispanic (est.),4,1784
house,90,surname,Hispanic (est.),5,1050
house,90,surname,Hispanic (est.),6,1006
house,90,surname,Hispanic (est.),7,1041
house,90,surname,Hispanic (est.),8,946
house,90,surname,Hispanic (est.),9,390
house,90,surname,Hispanic (est.),10,907
house,90,surname,Hispanic (est.),11,967
house,90,surname,Hispanic (est.),12,770
house,90,surname,Hispanic (est.),13,786
house,90,surname,Hispanic (est.),14,763
house,90,surname,Hispanic (est.),15,869
house,90,surname,Hispanic (est.),17,25
house,90,surname,Hispanic (est.),18,14
house,90,surname,Hispanic (est.),19,14
house,90,surname,Hispanic (est.),20,26
house,90,surname,Hispanic (est.),21,23
house,90,surname,Hispanic (est.),25,21
house,90,surname,Hispanic (est.),26,22
house,90,surname,Hispanic (est.),27,8
house,90,surname,Hispanic (est.),29,2
house,90,surname,Hispanic (est.),32,1
house,91,surname,All others (est.),4,4307
house,91,surname,All others (est.),5,3232
house,91,surname,All others (est.),6,3318
house,91,surname,All others (est.),7,3744
house,91,surname,All others (est.),8,4297
house,91,surname,All others (est.),9,1791
house,91,surname,All others (est.),10,3971
house,91,surname,All others (est.),11,4470
house,91,surname,All others (est.),12,4271
house,91,surname,All others (est.),13,4659
house,91,surname,All others (est.),14,4792
house,91,surname,All others (est.),15,5209
house,91,surname,All others (est.),17,91
house,91,surname,All others (est.),18,78
house,91,surname,All others (est.),19,111
house,91,surname,All others (est.),20,116
house,91,surname,All others (est.),21,88
house,91,surname,All others (est.),25,120
house,91,surname,All others (est.),26,89
house,91,surname,All others (est.),27,16
house,91,surname,All others (est.),28,5
house,91,surname,All others (est.),29,22
house,91,surname,All others (est.),32,6
house,91,surname,All others (est.),33,6
house,91,surname,All others (est.),34,3
house,91,surname,All others (est.),36,4
house,91,surname,Asian (est.),4,309
house,91,surname,Asian (est.),5,184
house,91,surname,Asian (est.),6,220
house,91,surname,Asian (est.),7,217
house,91,surname,Asian (est.),8,277
house,91,surname,Asian (est.),9,85
house,91,surname,Asian (est.),10,217
house,91,surname,Asian (est.),11,224
house,91,surname,Asian (est.),12,193
house,91,surname,Asian (est.),13,190
house,91,surname,Asian (est.),14,169
house,91,surname,Asian (est.),15,218
house,91,surname,Asian (est.),17,1
house,91,surname,Asian (est.),18,3
house,91,surname,Asian (est.),19,3
house,91,surname,Asian (est.),20,7
house,91,surname,Asian (est.),21,2
house,91,surname,Asian (est.),25,2
house,91,surname,Asian (est.),26,3
house,91,surname,Asian (est.),27,3
house,91,surname,Asian (est.),28,1
house,91,surname,Hispanic (est.),4,1170
house,91,surname,Hispanic (est.),5,715
house,91,surname,Hispanic (est.),6,722
house,91,surname,Hispanic (est.),7,745
house,91,surname,Hispanic (est.),8,751
house,91,surname,Hispanic (est.),9,366
house,91,surname,Hispanic (est.),10,843
house,91,surname,Hispanic (est.),11,793
house,91,surname,Hispanic (est.),12,631
house,91,surname,Hispanic (est.),13,612
house,91,surname,Hispanic (est.),14,664
house,91,surname,Hispanic (est.),15,682
house,91,surname,Hispanic (est.),17,10
house,91,surname,Hispanic (est.),18,11
house,91,surname,Hispanic (est.),19,13
house,91,surname,Hispanic (est.),20,16
house,91,surname,Hispanic (est.),21,6
house,91,surname,Hispanic (est.),25,10
house,91,surname,Hispanic (est.),26,9
house,91,surname,Hispanic (est.),27,1
house,91,surname,Hispanic (est.),29,1
house,91,surname,Hispanic (est.),32,2
house,92,surname,All others (est.),4,2821
house,92,surname,All others (est.),5,2046
house,92,surname,All others (est.),6,2276
house,92,surname,All others (est.),7,2270
house,92,surname,All others (est.),8,2660
house,92,surname,All others (est.),9,1113
house,92,surname,All others (est.),10,2569
house,92,surname,All others (est.),11,2823
house,92,surname,All others (est.),12,2496
house,92,surname,All others (est.),13,2514
house,92,surname,All others (est.),14,2823
house,92,surname,All others (est.),15,2920
house,92,surname,All others (est.),17,62
house,92,surname,All others (est.),18,63
house,92,surname,All others (est.),19,74
house,92,surname,All others (est.),20,98
house,92,surname,All others (est.),21,62
house,92,surname,All others (est.),25,52
house,92,surname,All others (est.),26,54
house,92,surname,All others (est.),27,8
house,92,surname,All others (est.),28,7
house,92,surname,All others (est.),29,12
house,92,surname,All others (est.),32,5
house,92,surname,All others (est.),33,5
house,92,surname,All others (est.),35,2
house,92,surname,All others (est.),36,1
house,92,surname,All others (est.),37,3
house,92,surname,Asian (est.),4,426
house,92,surname,Asian (est.),5,264
house,92,surname,Asian (est.),6,267
house,92,surname,Asian (est.),7,258
house,92,surname,Asian (est.),8,338
house,92,surname,Asian (est.),9,155
house,92,surname,Asian (est.),10,290
house,92,surname,Asian (est.),11,283
house,92,surname,Asian (est.),12,248
house,92,surname,Asian (est.),13,247
house,92,surname,Asian (est.),14,270
house,92,surname,Asian (est.),15,262
house,92,surname,Asian (est.),17,5
house,92,surname,Asian (est.),18,1
house,92,surname,Asian (est.),19,7
house,92,surname,Asian (est.),20,4
house,92,surname,Asian (est.),21,3
house,92,surname,Asian (est.),25,5
house,92,surname,Asian (est.),26,2
house,92,surname,Asian (est.),29,2
house,92,surname,Hispanic (est.),4,948
house,92,surname,Hispanic (est.),5,598
house,92,surname,Hispanic (est.),6,530
house,92,surname,Hispanic (est.),7,542
house,92,surname,Hispanic (est.),8,586
house,92,surname,Hispanic (est.),9,286
house,92,surname,Hispanic (est.),10,578
house,92,surname,Hispanic (est.),11,527
house,92,surname,Hispanic (est.),12,447
house,92,surname,Hispanic (est.),13,483
house,92,surname,Hispanic (est.),14,460
house,92,surname,Hispanic (est.),15,489
house,92,surname,Hispanic (est.),17,6
house,92,surname,Hispanic (est.),18,8
house,92,surname,Hispanic (est.),19,10
house,92,surname,Hispanic (est.),20,14
house,92,surname,Hispanic (est.),21,7
house,92,surname,Hispanic (est.),25,6
house,92,surname,Hispanic (est.),26,7
house,92,surname,Hispanic (est.),27,1
house,93,surname,All others (est.),4,5798
house,93,surname,All others (est.),5,4171
house,93,surname,All others (est.),6,4462
house,93,surname,All others (est.),7,4866
house,93,surname,All others (est.),8,5472
house,93,surname,All others (est.),9,2634
house,93,surname,All others (est.),10,5308
house,93,surname,All others (est.),11,5294
house,93,surname,All others (est.),12,4539
house,93,surname,All others (est.),13,4430
house,93,surname,All others (est.),14,4542
house,93,surname,All others (est.),15,4635
house,93,surname,All others (est.),17,95
house,93,surname,All others (est.),18,84
house,93,surname,All others (est.),19,110
house,93,surname,All others (est.),20,131
house,93,surname,All others (est.),21,96
house,93,surname,All others (est.),25,80
house,93,surname,All others (est.),26,66
house,93,surname,All others (est.),27,15
house,93,surname,All others (est.),28,5
house,93,surname,All others (est.),29,23
house,93,surname,All others (est.),32,9
house,93,surname,All others (est.),33,6
house,93,surname,All others (est.),34,1
house,93,surname,All others (est.),35,1
house,93,surname,All others (est.),36,4
house,93,surname,Asian (est.),4,534
house,93,surname,Asian (est.),5,344
house,93,surname,Asian (est.),6,325
house,93,surname,Asian (est.),7,364
house,93,surname,Asian (est.),8,352
house,93,surname,Asian (est.),9,203
house,93,surname,Asian (est.),10,442
house,93,surname,Asian (est.),11,299
house,93,surname,Asian (est.),12,279
house,93,surname,Asian (est.),13,244
house,93,surname,Asian (est.),14,217
house,93,surname,Asian (est.),15,213
house,93,surname,Asian (est.),17,6
house,93,surname,Asian (est.),18,5
house,93,surname,Asian (est.),19,8
house,93,surname,Asian (est.),20,7
house,93,surname,Asian (est.),21,6
house,93,surname,Asian (est.),25,3
house,93,surname,Asian (est.),26,3
house,93,surname,Asian (est.),27,1
house,93,surname,Hispanic (est.),4,1395
house,93,surname,Hispanic (est.),5,939
house,93,surname,Hispanic (est.),6,1023
house,93,surname,Hispanic (est.),7,988
house,93,surname,Hispanic (est.),8,1111
house,93,surname,Hispanic (est.),9,549
house,93,surname,Hispanic (est.),10,1140
house,93,surname,Hispanic (est.),11,1008
house,93,surname,Hispanic (est.),12,797
house,93,surname,Hispanic (est.),13,752
house,93,surname,Hispanic (est.),14,755
house,93,surname,Hispanic (est.),15,724
house,93,surname,Hispanic (est.),17,10
house,93,surname,Hispanic (est.),18,6
house,93,surname,Hispanic (est.),19,10
house,93,surname,Hispanic (est.),20,13
house,93,surname,Hispanic (est.),21,14
house,93,surname,Hispanic (est.),25,12
house,93,surname,Hispanic (est.),26,11
house,93,surname,Hispanic (est.),27,1
house,93,surname,Hispanic (est.),29,4
house,93,surname,Hispanic (est.),37,1
house,94,surname,All others (est.),4,4587
house,94,surname,All others (est.),5,3276
house,94,surname,All others (est.),6,3736
house,94,surname,All others (est.),7,4200
house,94,surname,All others (est.),8,4740
house,94,surname,All others (est.),9,2032
house,94,surname,All others (est.),10,4696
house,94,surname,All others (est.),11,5292
house,94,surname,All others (est.),12,5218
house,94,surname,All others (est.),13,5643
house,94,surname,All others (est.),14,5519
house,94,surname,All others (est.),15,5559
house,94,surname,All others (est.),17,174
house,94,surname,All others (est.),18,130
house,94,surname,All others (est.),19,225
house,94,surname,All others (est.),20,198
house,94,surname,All others (est.),21,176
house,94,surname,All others (est.),25,185
house,94,surname,All others (est.),26,149
house,94,surname,All others (est.),27,32
house,94,surname,All others (est.),28,14
house,94,surname,All others (est.),29,22
house,94,surname,All others (est.),32,9
house,94,surname,All others (est.),33,10
house,94,surname,All others (est.),34,5
house,94,surname,All others (est.),35,2
house,94,surname,All others (est.),36,1
house,94,surname,All others (est.),37,3
house,94,surname,Asian (est.),4,324
house,94,surname,Asian (est.),5,224
house,94,surname,Asian (est.),6,202
house,94,surname,Asian (est.),7,251
house,94,surname,Asian (est.),8,273
house,94,surname,Asian (est.),9,144
house,94,surname,Asian (est.),10,264
house,94,surname,Asian (est.),11,268
house,94,surname,Asian (est.),12,217
house,94,surname,Asian (est.),13,248
house,94,surname,Asian (est.),14,255
house,94,surname,Asian (est.),15,226
house,94,surname,Asian (est.),17,3
house,94,surname,Asian (est.),18,6
house,94,surname,Asian (est.),19,7
house,94,surname,Asian (est.),20,5
house,94,surname,Asian (est.),21,5
house,94,surname,Asian (est.),25,2
house,94,surname,Asian (est.),26,2
house,94,surname,Asian (est.),27,1
house,94,surname,Asian (est.),29,3
house,94,surname,Hispanic (est.),4,885
house,94,surname,Hispanic (est.),5,575
house,94,surname,Hispanic (est.),6,652
house,94,surname,Hispanic (est.),7,656
house,94,surname,Hispanic (est.),8,707
house,94,surname,Hispanic (est.),9,314
house,94,surname,Hispanic (est.),10,773
house,94,surname,Hispanic (est.),11,726
house,94,surname,Hispanic (est.),12,604
house,94,surname,Hispanic (est.),13,680
house,94,surname,Hispanic (est.),14,640
house,94,surname,Hispanic (est.),15,642
house,94,surname,Hispanic (est.),17,18
house,94,surname,Hispanic (est.),18,6
house,94,surname,Hispanic (est.),19,22
house,94,surname,Hispanic (est.),20,16
house,94,surname,Hispanic (est.),21,11
house,94,surname,Hispanic (est.),25,12
house,94,surname,Hispanic (est.),26,11
house,94,surname,Hispanic (est.),27,2
house,94,surname,Hispanic (est.),28,1
house,94,surname,Hispanic (est.),29,4
house,95,surname,All others (est.),4,3318
house,95,surname,All others (est.),5,2334
house,95,surname,All others (est.),6,2311
house,95,surname,All others (est.),7,2306
house,95,surname,All others (est.),8,2649
house,95,surname,All others (est.),9,1107
house,95,surname,All others (est.),10,2473
house,95,surname,All others (est.),11,2866
house,95,surname,All others (est.),12,2615
house,95,surname,All others (est.),13,3086
house,95,surname,All others (est.),14,3213
house,95,surname,All others (est.),15,3905
house,95,surname,All others (est.),17,142
house,95,surname,All others (est.),18,66
house,95,surname,All others (est.),19,147
house,95,surname,All others (est.),20,162
house,95,surname,All others (est.),21,130
house,95,surname,All others (est.),25,128
house,95,surname,All others (est.),26,122
house,95,surname,All others (est.),27,18
house,95,surname,All others (est.),28,9
house,95,surname,All others (est.),29,9
house,95,surname,All others (est.),32,4
house,95,surname,All others (est.),33,3
house,95,surname,All others (est.),34,1
house,95,surname,All others (est.),35,1
house,95,surname,All others (est.),36,4
house,95,surname,All others (est.),37,1
house,95,surname,Asian (est.),4,158
house,95,surname,Asian (est.),5,106
house,95,surname,Asian (est.),6,108
house,95,surname,Asian (est.),7,103
house,95,surname,Asian (est.),8,108
house,95,surname,Asian (est.),9,40
house,95,surname,Asian (est.),10,118
house,95,surname,Asian (est.),11,114
house,95,surname,Asian (est.),12,92
house,95,surname,Asian (est.),13,96
house,95,surname,Asian (est.),14,103
house,95,surname,Asian (est.),15,105
house,95,surname,Asian (est.),17,2
house,95,surname,Asian (est.),18,2
house,95,surname,Asian (est.),19,3
house,95,surname,Asian (est.),20,2
house,95,surname,Asian (est.),21,2
house,95,surname,Asian (est.),25,3
house,95,surname,Asian (est.),26,4
house,95,surname,Hispanic (est.),4,1004
house,95,surname,Hispanic (est.),5,579
house,95,surname,Hispanic (est.),6,636
house,95,surname,Hispanic (est.),7,559
house,95,surname,Hispanic (est.),8,587
house,95,surname,Hispanic (est.),9,234
house,95,surname,Hispanic (est.),10,623
house,95,surname,Hispanic (est.),11,523
house,95,surname,Hispanic (est.),12,495
house,95,surname,Hispanic (est.),13,447
house,95,surname,Hispanic (est.),14,420
house,95,surname,Hispanic (est.),15,477
house,95,surname,Hispanic (est.),17,11
house,95,surname,Hispanic (est.),18,8
house,95,surname,Hispanic (est.),19,14
house,95,surname,Hispanic (est.),20,18
house,95,surname,Hispanic (est.),21,9
house,95,surname,Hispanic (est.),25,9
house,95,surname,Hispanic (est.),26,11
house,95,surname,Hispanic (est.),27,1
house,95,surname,Hispanic (est.),29,1
house,96,surname,All others (est.),4,5318
house,96,surname,All others (est.),5,3953
house,96,surname,All others (est.),6,4563
house,96,surname,All others (est.),7,5105
house,96,surname,All others (est.),8,5544
house,96,surname,All others (est.),9,2542
house,96,surname,All others (est.),10,5050
house,96,surname,All others (est.),11,5630
house,96,surname,All others (est.),12,5220
house,96,surname,All others (est.),13,5453
house,96,surname,All others (est.),14,5092
house,96,surname,All others (est.),15,5017
house,96,surname,All others (est.),17,214
house,96,surname,All others (est.),18,117
house,96,surname,All others (est.),19,217
house,96,surname,All others (est.),20,228
house,96,surname,All others (est.),21,204
house,96,surname,All others (est.),25,265
house,96,surname,All others (est.),26,129
house,96,surname,All others (est.),27,19
house,96,surname,All others (est.),28,7
house,96,surname,All others (est.),29,27
house,96,surname,All others (est.),32,5
house,96,surname,All others (est.),33,7
house,96,surname,All others (est.),36,4
house,96,surname,All others (est.),37,3
house,96,surname,Asian (est.),4,321
house,96,surname,Asian (est.),5,247
house,96,surname,Asian (est.),6,214
house,96,surname,Asian (est.),7,225
house,96,surname,Asian (est.),8,237
house,96,surname,Asian (est.),9,136
house,96,surname,Asian (est.),10,268
house,96,surname,Asian (est.),11,243
house,96,surname,Asian (est.),12,219
house,96,surname,Asian (est.),13,217
house,96,surname,Asian (est.),14,190
house,96,surname,Asian (est.),15,195
house,96,surname,Asian (est.),17,4
house,96,surname,Asian (est.),18,2
house,96,surname,Asian (est.),19,6
house,96,surname,Asian (est.),20,6
house,96,surname,Asian (est.),21,4
house,96,surname,Asian (est.),25,7
house,96,surname,Asian (est.),26,4
house,96,surname,Hispanic (est.),4,1054
house,96,surname,Hispanic (est.),5,728
house,96,surname,Hispanic (est.),6,766
house,96,surname,Hispanic (est.),7,794
house,96,surname,Hispanic (est.),8,790
house,96,surname,Hispanic (est.),9,379
house,96,surname,Hispanic (est.),10,733
house,96,surname,Hispanic (est.),11,787
house,96,surname,Hispanic (est.),12,623
house,96,surname,Hispanic (est.),13,619
house,96,surname,Hispanic (est.),14,609
house,96,surname,Hispanic (est.),15,585
house,96,surname,Hispanic (est.),17,16
house,96,surname,Hispanic (est.),18,7
house,96,surname,Hispanic (est.),19,22
house,96,surname,Hispanic (est.),20,12
house,96,surname,Hispanic (est.),21,11
house,96,surname,Hispanic (est.),25,16
house,96,surname,Hispanic (est.),26,16
house,96,surname,Hispanic (est.),27,4
house,96,surname,Hispanic (est.),29,2
house,96,surname,Hispanic (est.),32,1
house,96,surname,Hispanic (est.),33,1
house,96,surname,Hispanic (est.),36,1
house,97,surname,All others (est.),4,5707
house,97,surname,All others (est.),5,4231
house,97,surname,All others (est.),6,4506
house,97,surname,All others (est.),7,5054
house,97,surname,All others (est.),8,5699
house,97,surname,All others (est.),9,2434
house,97,surname,All others (est.),10,4856
house,97,surname,All others (est.),11,6141
house,97,surname,All others (est.),12,5772
house,97,surname,All others (est.),13,5753
house,97,surname,All others (est.),14,5684
house,97,surname,All others (est.),15,5735
house,97,surname,All others (est.),17,193
house,97,surname,All others (est.),18,162
house,97,surname,All others (est.),19,256
house,97,surname,All others (est.),20,258
house,97,surname,All others (est.),21,167
house,97,surname,All others (est.),25,195
house,97,surname,All others (est.),26,215
house,97,surname,All others (est.),27,35
house,97,surname,All others (est.),28,14
house,97,surname,All others (est.),29,31
house,97,surname,All others (est.),32,5
house,97,surname,All others (est.),33,7
house,97,surname,All others (est.),34,4
house,97,surname,All others (est.),35,3
house,97,surname,All others (est.),36,4
house,97,surname,All others (est.),37,4
house,97,surname,Asian (est.),4,233
house,97,surname,Asian (est.),5,134
house,97,surname,Asian (est.),6,148
house,97,surname,Asian (est.),7,173
house,97,surname,Asian (est.),8,184
house,97,surname,Asian (est.),9,80
house,97,surname,Asian (est.),10,174
house,97,surname,Asian (est.),11,230
house,97,surname,Asian (est.),12,142
house,97,surname,Asian (est.),13,163
house,97,surname,Asian (est.),14,159
house,97,surname,Asian (est.),15,151
house,97,surname,Asian (est.),17,3
house,97,surname,Asian (est.),18,7
house,97,surname,Asian (est.),19,6
house,97,surname,Asian (est.),20,8
house,97,surname,Asian (est.),21,4
house,97,surname,Asian (est.),25,5
house,97,surname,Asian (est.),26,2
house,97,surname,Asian (est.),27,2
house,97,surname,Asian (est.),34,1
house,97,surname,Hispanic (est.),4,1210
house,97,surname,Hispanic (est.),5,751
house,97,surname,Hispanic (est.),6,730
house,97,surname,Hispanic (est.),7,754
house,97,surname,Hispanic (est.),8,829
house,97,surname,Hispanic (est.),9,427
house,97,surname,Hispanic (est.),10,828
house,97,surname,Hispanic (est.),11,823
house,97,surname,Hispanic (est.),12,780
house,97,surname,Hispanic (est.),13,725
house,97,surname,Hispanic (est.),14,685
house,97,surname,Hispanic (est.),15,658
house,97,surname,Hispanic (est.),17,17
house,97,surname,Hispanic (est.),18,11
house,97,surname,Hispanic (est.),19,16
house,97,surname,Hispanic (est.),20,21
house,97,surname,Hispanic (est.),21,14
house,97,surname,Hispanic (est.),25,16
house,97,surname,Hispanic (est.),26,18
house,97,surname,Hispanic (est.),27,1
house,97,surname,Hispanic (est.),28,1
house,97,surname,Hispanic (est.),29,1
house,97,surname,Hispanic (est.),33,1
house,98,surname,All others (est.),4,5958
house,98,surname,All others (est.),5,4497
house,98,surname,All others (est.),6,5102
house,98,surname,All others (est.),7,5895
house,98,surname,All others (est.),8,6570
house,98,surname,All others (est.),9,3278
house,98,surname,All others (est.),10,6084
house,98,surname,All others (est.),11,7474
house,98,surname,All others (est.),12,6894
house,98,surname,All others (est.),13,7110
house,98,surname,All others (est.),14,7384
house,98,surname,All others (est.),15,7442
house,98,surname,All others (est.),17,132
house,98,surname,All others (est.),18,89
house,98,surname,All others (est.),19,215
house,98,surname,All others (est.),20,209
house,98,surname,All others (est.),21,130
house,98,surname,All others (est.),25,148
house,98,surname,All others (est.),26,120
house,98,surname,All others (est.),27,40
house,98,surname,All others (est.),28,17
house,98,surname,All others (est.),29,32
house,98,surname,All others (est.),32,19
house,98,surname,All others (est.),33,8
house,98,surname,All others (est.),35,2
house,98,surname,All others (est.),36,6
house,98,surname,All others (est.),37,1
house,98,surname,Asian (est.),4,648
house,98,surname,Asian (est.),5,375
house,98,surname,Asian (est.),6,416
house,98,surname,Asian (est.),7,369
house,98,surname,Asian (est.),8,475
house,98,surname,Asian (est.),9,296
house,98,surname,Asian (est.),10,533
house,98,surname,Asian (est.),11,501
house,98,surname,Asian (est.),12,404
house,98,surname,Asian (est.),13,387
house,98,surname,Asian (est.),14,368
house,98,surname,Asian (est.),15,371
house,98,surname,Asian (est.),17,11
house,98,surname,Asian (est.),18,4
house,98,surname,Asian (est.),19,9
house,98,surname,Asian (est.),20,13
house,98,surname,Asian (est.),21,6
house,98,surname,Asian (est.),25,8
house,98,surname,Asian (est.),26,8
house,98,surname,Asian (est.),27,3
house,98,surname,Asian (est.),28,1
house,98,surname,Asian (est.),36,1
house,98,surname,Hispanic (est.),4,803
house,98,surname,Hispanic (est.),5,553
house,98,surname,Hispanic (est.),6,555
house,98,surname,Hispanic (est.),7,607
house,98,surname,Hispanic (est.),8,706
house,98,surname,Hispanic (est.),9,369
house,98,surname,Hispanic (est.),10,723
house,98,surname,Hispanic (est.),11,805
house,98,surname,Hispanic (est.),12,631
house,98,surname,Hispanic (est.),13,627
house,98,surname,Hispanic (est.),14,748
house,98,surname,Hispanic (est.),15,740
house,98,surname,Hispanic (est.),17,17
house,98,surname,Hispanic (est.),18,6
house,98,surname,Hispanic (est.),19,12
house,98,surname,Hispanic (est.),20,21
house,98,surname,Hispanic (est.),21,9
house,98,surname,Hispanic (est.),25,10
house,98,surname,Hispanic (est.),26,5
house,98,surname,Hispanic (est.),27,1
house,98,surname,Hispanic (est.),28,1
house,98,surname,Hispanic (est.),29,5
house,98,surname,Hispanic (est.),32,1
house,99,surname,All others (est.),4,4605
house,99,surname,All others (est.),5,3432
house,99,surname,All others (est.),6,3616
house,99,surname,All others (est.),7,3793
house,99,surname,All others (est.),8,4479
house,99,surname,All others (est.),9,1814
house,99,surname,All others (est.),10,3999
house,99,surname,All others (est.),11,4923
house,99,surname,All others (est.),12,4499
house,99,surname,All others (est.),13,4502
house,99,surname,All others (est.),14,4782
house,99,surname,All others (est.),15,4929
house,99,surname,All others (est.),17,171
house,99,surname,All others (est.),18,138
house,99,surname,All others (est.),19,185
house,99,surname,All others (est.),20,215
house,99,surname,All others (est.),21,179
house,99,surname,All others (est.),25,180
house,99,surname,All others (est.),26,142
house,99,surname,All others (est.),27,24
house,99,surname,All others (est.),28,8
house,99,surname,All others (est.),29,21
house,99,surname,All others (est.),32,5
house,99,surname,All others (est.),33,1
house,99,surname,All others (est.),34,4
house,99,surname,All others (est.),35,2
house,99,surname,All others (est.),36,1
house,99,surname,Asian (est.),4,194
house,99,surname,Asian (est.),5,109
house,99,surname,Asian (est.),6,118
house,99,surname,Asian (est.),7,118
house,99,surname,Asian (est.),8,145
house,99,surname,Asian (est.),9,78
house,99,surname,Asian (est.),10,123
house,99,surname,Asian (est.),11,120
house,99,surname,Asian (est.),12,128
house,99,surname,Asian (est.),13,96
house,99,surname,Asian (est.),14,115
house,99,surname,Asian (est.),15,122
house,99,surname,Asian (est.),17,4
house,99,surname,Asian (est.),18,2
house,99,surname,Asian (est.),19,3
house,99,surname,Asian (est.),20,3
house,99,surname,Asian (est.),21,5
house,99,surname,Asian (est.),25,2
house,99,surname,Asian (est.),26,3
house,99,surname,Asian (est.),27,2
house,99,surname,Asian (est.),28,1
house,99,surname,Asian (est.),29,1
house,99,surname,Hispanic (est.),4,1293
house,99,surname,Hispanic (est.),5,777
house,99,surname,Hispanic (est.),6,833
house,99,surname,Hispanic (est.),7,830
house,99,surname,Hispanic (est.),8,883
house,99,surname,Hispanic (est.),9,368
house,99,surname,Hispanic (est.),10,800
house,99,surname,Hispanic (est.),11,817
house,99,surname,Hispanic (est.),12,699
house,99,surname,Hispanic (est.),13,668
house,99,surname,Hispanic (est.),14,671
house,99,surname,Hispanic (est.),15,712
house,99,surname,Hispanic (est.),17,14
house,99,surname,Hispanic (est.),18,15
house,99,surname,Hispanic (est.),19,19
house,99,surname,Hispanic (est.),20,15
house,99,surname,Hispanic (est.),21,13
house,99,surname,Hispanic (est.),25,17
house,99,surname,Hispanic (est.),26,13
house,99,surname,Hispanic (est.),27,2
house,99,surname,Hispanic (est.),28,1
house,99,surname,Hispanic (est.),29,1
senate,1,surname,All others (est.),4,21638
senate,1,surname,All others (est.),5,14151
senate,1,surname,All others (est.),6,15424
senate,1,surname,All others (est.),7,17757
senate,1,surname,All others (est.),8,20840
senate,1,surname,All others (est.),9,7245
senate,1,surname,All others (est.),10,16606
senate,1,surname,All others (est.),11,27880
senate,1,surname,All others (est.),12,26270
senate,1,surname,All others (est.),13,28598
senate,1,surname,All others (est.),14,30925
senate,1,surname,All others (est.),15,33175
senate,1,surname,All others (est.),16,201
senate,1,surname,All others (est.),17,228
senate,1,surname,All others (est.),18,698
senate,1,surname,All others (est.),19,443
senate,1,surname,All others (est.),20,521
senate,1,surname,All others (est.),21,467
senate,1,surname,All others (est.),22,148
senate,1,surname,All others (est.),23,1
senate,1,surname,All others (est.),24,46
senate,1,surname,All others (est.),25,538
senate,1,surname,All others (est.),26,508
senate,1,surname,All others (est.),27,275
senate,1,surname,All others (est.),28,171
senate,1,surname,All others (est.),29,366
senate,1,surname,All others (est.),32,127
senate,1,surname,All others (est.),33,183
senate,1,surname,All others (est.),34,142
senate,1,surname,All others (est.),35,48
senate,1,surname,All others (est.),36,191
senate,1,surname,All others (est.),37,257
senate,1,surname,Asian (est.),4,388
senate,1,surname,Asian (est.),5,248
senate,1,surname,Asian (est.),6,282
senate,1,surname,Asian (est.),7,297
senate,1,surname,Asian (est.),8,350
senate,1,surname,Asian (est.),9,133
senate,1,surname,Asian (est.),10,253
senate,1,surname,Asian (est.),11,414
senate,1,surname,Asian (est.),12,359
senate,1,surname,Asian (est.),13,433
senate,1,surname,Asian (est.),14,424
senate,1,surname,Asian (est.),15,476
senate,1,surname,Asian (est.),16,3
senate,1,surname,Asian (est.),17,2
senate,1,surname,Asian (est.),18,9
senate,1,surname,Asian (est.),19,7
senate,1,surname,Asian (est.),20,7
senate,1,surname,Asian (est.),21,6
senate,1,surname,Asian (est.),22,3
senate,1,surname,Asian (est.),24,1
senate,1,surname,Asian (est.),25,5
senate,1,surname,Asian (est.),26,6
senate,1,surname,Asian (est.),27,3
senate,1,surname,Asian (est.),28,4
senate,1,surname,Asian (est.),29,4
senate,1,surname,Asian (est.),32,1
senate,1,surname,Asian (est.),33,2
senate,1,surname,Asian (est.),34,2
senate,1,surname,Asian (est.),35,2
senate,1,surname,Asian (est.),36,2
senate,1,surname,Asian (est.),37,4
senate,1,surname,Hispanic (est.),4,2300
senate,1,surname,Hispanic (est.),5,1263
senate,1,surname,Hispanic (est.),6,1346
senate,1,surname,Hispanic (est.),7,1394
senate,1,surname,Hispanic (est.),8,1583
senate,1,surname,Hispanic (est.),9,581
senate,1,surname,Hispanic (est.),10,1328
senate,1,surname,Hispanic (est.),11,1873
senate,1,surname,Hispanic (est.),12,1602
senate,1,surname,Hispanic (est.),13,1647
senate,1,surname,Hispanic (est.),14,1775
senate,1,surname,Hispanic (est.),15,1810
senate,1,surname,Hispanic (est.),16,8
senate,1,surname,Hispanic (est.),17,13
senate,1,surname,Hispanic (est.),18,29
senate,1,surname,Hispanic (est.),19,21
senate,1,surname,Hispanic (est.),20,21
senate,1,surname,Hispanic (est.),21,19
senate,1,surname,Hispanic (est.),22,11
senate,1,surname,Hispanic (est.),24,1
senate,1,surname,Hispanic (est.),25,25
senate,1,surname,Hispanic (est.),26,22
senate,1,surname,Hispanic (est.),27,10
senate,1,surname,Hispanic (est.),28,5
senate,1,surname,Hispanic (est.),29,17
senate,1,surname,Hispanic (est.),32,9
senate,1,surname,Hispanic (est.),33,7
senate,1,surname,Hispanic (est.),34,8
senate,1,surname,Hispanic (est.),35,2
senate,1,surname,Hispanic (est.),36,10
senate,1,surname,Hispanic (est.),37,10
senate,10,surname,All others (est.),4,23954
senate,10,surname,All others (est.),5,16893
senate,10,surname,All others (est.),6,17551
senate,10,surname,All others (est.),7,19682
senate,10,surname,All others (est.),8,23019
senate,10,surname,All others (est.),9,9394
senate,10,surname,All others (est.),10,19616
senate,10,surname,All others (est.),11,25101
senate,10,surname,All others (est.),12,22932
senate,10,surname,All others (est.),13,24334
senate,10,surname,All others (est.),14,24243
senate,10,surname,All others (est.),15,25062
senate,10,surname,All others (est.),17,566
senate,10,surname,All others (est.),18,482
senate,10,surname,All others (est.),19,701
senate,10,surname,All others (est.),20,743
senate,10,surname,All others (est.),21,630
senate,10,surname,All others (est.),22,1
senate,10,surname,All others (est.),23,2
senate,10,surname,All others (est.),24,24
senate,10,surname,All others (est.),25,663
senate,10,surname,All others (est.),26,599
senate,10,surname,All others (est.),27,257
senate,10,surname,All others (est.),28,99
senate,10,surname,All others (est.),29,191
senate,10,surname,All others (est.),31,104
senate,10,surname,All others (est.),32,67
senate,10,surname,All others (est.),33,117
senate,10,surname,All others (est.),34,82
senate,10,surname,All others (est.),35,18
senate,10,surname,All others (est.),36,59
senate,10,surname,All others (est.),37,78
senate,10,surname,Asian (est.),4,898
senate,10,surname,Asian (est.),5,597
senate,10,surname,Asian (est.),6,566
senate,10,surname,Asian (est.),7,623
senate,10,surname,Asian (est.),8,677
senate,10,surname,Asian (est.),9,316
senate,10,surname,Asian (est.),10,664
senate,10,surname,Asian (est.),11,735
senate,10,surname,Asian (est.),12,608
senate,10,surname,Asian (est.),13,624
senate,10,surname,Asian (est.),14,617
senate,10,surname,Asian (est.),15,605
senate,10,surname,Asian (est.),17,11
senate,10,surname,Asian (est.),18,18
senate,10,surname,Asian (est.),19,17
senate,10,surname,Asian (est.),20,19
senate,10,surname,Asian (est.),21,15
senate,10,surname,Asian (est.),25,15
senate,10,surname,Asian (est.),26,14
senate,10,surname,Asian (est.),27,6
senate,10,surname,Asian (est.),28,1
senate,10,surname,Asian (est.),29,5
senate,10,surname,Asian (est.),31,1
senate,10,surname,Asian (est.),32,1
senate,10,surname,Asian (est.),33,1
senate,10,surname,Asian (est.),34,2
senate,10,surname,Asian (est.),36,1
senate,10,surname,Asian (est.),37,1
senate,10,surname,Hispanic (est.),4,5160
senate,10,surname,Hispanic (est.),5,3174
senate,10,surname,Hispanic (est.),6,3244
senate,10,surname,Hispanic (est.),7,3098
senate,10,surname,Hispanic (est.),8,3454
senate,10,surname,Hispanic (est.),9,1531
senate,10,surname,Hispanic (est.),10,3322
senate,10,surname,Hispanic (est.),11,3487
senate,10,surname,Hispanic (est.),12,2925
senate,10,surname,Hispanic (est.),13,2905
senate,10,surname,Hispanic (est.),14,2683
senate,10,surname,Hispanic (est.),15,2770
senate,10,surname,Hispanic (est.),17,54
senate,10,surname,Hispanic (est.),18,32
senate,10,surname,Hispanic (est.),19,73
senate,10,surname,Hispanic (est.),20,54
senate,10,surname,Hispanic (est.),21,54
senate,10,surname,Hispanic (est.),24,1
senate,10,surname,Hispanic (est.),25,47
senate,10,surname,Hispanic (est.),26,63
senate,10,surname,Hispanic (est.),27,21
senate,10,surname,Hispanic (est.),28,3
senate,10,surname,Hispanic (est.),29,17
senate,10,surname,Hispanic (est.),31,11
senate,10,surname,Hispanic (est.),32,4
senate,10,surname,Hispanic (est.),33,7
senate,10,surname,Hispanic (est.),34,6
senate,10,surname,Hispanic (est.),36,3
senate,10,surname,Hispanic (est.),37,3
senate,11,surname,All others (est.),4,22725
senate,11,surname,All others (est.),5,13803
senate,11,surname,All others (est.),6,15142
senate,11,surname,All others (est.),7,17236
senate,11,surname,All others (est.),8,19996
senate,11,surname,All others (est.),9,8138
senate,11,surname,All others (est.),10,16686
senate,11,surname,All others (est.),11,26587
senate,11,surname,All others (est.),12,24061
senate,11,surname,All others (est.),13,27385
senate,11,surname,All others (est.),14,30087
senate,11,surname,All others (est.),15,32974
senate,11,surname,All others (est.),17,40
senate,11,surname,All others (est.),18,365
senate,11,surname,All others (est.),19,265
senate,11,surname,All others (est.),20,406
senate,11,surname,All others (est.),21,263
senate,11,surname,All others (est.),22,383
senate,11,surname,All others (est.),24,73
senate,11,surname,All others (est.),25,344
senate,11,surname,All others (est.),26,478
senate,11,surname,All others (est.),27,424
senate,11,surname,All others (est.),28,543
senate,11,surname,All others (est.),29,553
senate,11,surname,All others (est.),32,326
senate,11,surname,All others (est.),33,276
senate,11,surname,All others (est.),34,243
senate,11,surname,All others (est.),35,30
senate,11,surname,All others (est.),36,78
senate,11,surname,All others (est.),37,6
senate,11,surname,Asian (est.),4,1885
senate,11,surname,Asian (est.),5,1169
senate,11,surname,Asian (est.),6,1179
senate,11,surname,Asian (est.),7,1232
senate,11,surname,Asian (est.),8,1509
senate,11,surname,Asian (est.),9,770
senate,11,surname,Asian (est.),10,1375
senate,11,surname,Asian (est.),11,1760
senate,11,surname,Asian (est.),12,1446
senate,11,surname,Asian (est.),13,1511
senate,11,surname,Asian (est.),14,1603
senate,11,surname,Asian (est.),15,1702
senate,11,surname,Asian (est.),17,2
senate,11,surname,Asian (est.),18,10
senate,11,surname,Asian (est.),19,8
senate,11,surname,Asian (est.),20,16
senate,11,surname,Asian (est.),21,15
senate,11,surname,Asian (est.),22,15
senate,11,surname,Asian (est.),24,6
senate,11,surname,Asian (est.),25,11
senate,11,surname,Asian (est.),26,25
senate,11,surname,Asian (est.),27,24
senate,11,surname,Asian (est.),28,21
senate,11,surname,Asian (est.),29,21
senate,11,surname,Asian (est.),32,7
senate,11,surname,Asian (est.),33,10
senate,11,surname,Asian (est.),34,11
senate,11,surname,Asian (est.),35,3
senate,11,surname,Asian (est.),36,2
senate,11,surname,Hispanic (est.),4,7176
senate,11,surname,Hispanic (est.),5,3922
senate,11,surname,Hispanic (est.),6,3905
senate,11,surname,Hispanic (est.),7,4374
senate,11,surname,Hispanic (est.),8,4686
senate,11,surname,Hispanic (est.),9,2154
senate,11,surname,Hispanic (est.),10,4404
senate,11,surname,Hispanic (est.),11,5939
senate,11,surname,Hispanic (est.),12,4738
senate,11,surname,Hispanic (est.),13,5302
senate,11,surname,Hispanic (est.),14,5449
senate,11,surname,Hispanic (est.),15,5855
senate,11,surname,Hispanic (est.),17,4
senate,11,surname,Hispanic (est.),18,44
senate,11,surname,Hispanic (est.),19,34
senate,11,surname,Hispanic (est.),20,55
senate,11,surname,Hispanic (est.),21,38
senate,11,surname,Hispanic (est.),22,45
senate,11,surname,Hispanic (est.),24,14
senate,11,surname,Hispanic (est.),25,41
senate,11,surname,Hispanic (est.),26,62
senate,11,surname,Hispanic (est.),27,43
senate,11,surname,Hispanic (est.),28,79
senate,11,surname,Hispanic (est.),29,87
senate,11,surname,Hispanic (est.),32,42
senate,11,surname,Hispanic (est.),33,49
senate,11,surname,Hispanic (est.),34,34
senate,11,surname,Hispanic (est.),35,4
senate,11,surname,Hispanic (est.),36,8
senate,11,surname,Hispanic (est.),37,2
senate,12,surname,All others (est.),4,28230
senate,12,surname,All others (est.),5,19269
senate,12,surname,All others (est.),6,20335
senate,12,surname,All others (est.),7,22446
senate,12,surname,All others (est.),8,24905
senate,12,surname,All others (est.),9,11326
senate,12,surname,All others (est.),10,22842
senate,12,surname,All others (est.),11,33036
senate,12,surname,All others (est.),12,29999
senate,12,surname,All others (est.),13,33781
senate,12,surname,All others (est.),14,37375
senate,12,surname,All others (est.),15,39782
senate,12,surname,All others (est.),16,407
senate,12,surname,All others (est.),17,718
senate,12,surname,All others (est.),18,517
senate,12,surname,All others (est.),19,398
senate,12,surname,All others (est.),20,685
senate,12,surname,All others (est.),21,92
senate,12,surname,All others (est.),22,438
senate,12,surname,All others (est.),23,13
senate,12,surname,All others (est.),24,513
senate,12,surname,All others (est.),25,150
senate,12,surname,All others (est.),26,613
senate,12,surname,All others (est.),27,256
senate,12,surname,All others (est.),28,502
senate,12,surname,All others (est.),29,46
senate,12,surname,All others (est.),31,16
senate,12,surname,All others (est.),32,101
senate,12,surname,All others (est.),33,69
senate,12,surname,All others (est.),34,5
senate,12,surname,All others (est.),35,3
senate,12,surname,All others (est.),36,5
senate,12,surname,All others (est.),37,9
senate,12,surname,Asian (est.),4,3164
senate,12,surname,Asian (est.),5,1842
senate,12,surname,Asian (est.),6,1786
senate,12,surname,Asian (est.),7,1771
senate,12,surname,Asian (est.),8,1998
senate,12,surname,Asian (est.),9,1242
senate,12,surname,Asian (est.),10,2286
senate,12,surname,Asian (est.),11,2325
senate,12,surname,Asian (est.),12,1895
senate,12,surname,Asian (est.),13,1946
senate,12,surname,Asian (est.),14,2063
senate,12,surname,Asian (est.),15,2092
senate,12,surname,Asian (est.),16,11
senate,12,surname,Asian (est.),17,41
senate,12,surname,Asian (est.),18,35
senate,12,surname,Asian (est.),19,20
senate,12,surname,Asian (est.),20,41
senate,12,surname,Asian (est.),21,5
senate,12,surname,Asian (est.),22,23
senate,12,surname,Asian (est.),23,1
senate,12,surname,Asian (est.),24,38
senate,12,surname,Asian (est.),25,7
senate,12,surname,Asian (est.),26,27
senate,12,surname,Asian (est.),27,8
senate,12,surname,Asian (est.),28,20
senate,12,surname,Asian (est.),29,2
senate,12,surname,Asian (est.),32,5
senate,12,surname,Asian (est.),33,4
senate,12,surname,Asian (est.),36,1
senate,12,surname,Hispanic (est.),4,5031
senate,12,surname,Hispanic (est.),5,3038
senate,12,surname,Hispanic (est.),6,3129
senate,12,surname,Hispanic (est.),7,3022
senate,12,surname,Hispanic (est.),8,3394
senate,12,surname,Hispanic (est.),9,1865
senate,12,surname,Hispanic (est.),10,3493
senate,12,surname,Hispanic (est.),11,4307
senate,12,surname,Hispanic (est.),12,3496
senate,12,surname,Hispanic (est.),13,3633
senate,12,surname,Hispanic (est.),14,4104
senate,12,surname,Hispanic (est.),15,4394
senate,12,surname,Hispanic (est.),16,32
senate,12,surname,Hispanic (est.),17,73
senate,12,surname,Hispanic (est.),18,44
senate,12,surname,Hispanic (est.),19,38
senate,12,surname,Hispanic (est.),20,52
senate,12,surname,Hispanic (est.),21,5
senate,12,surname,Hispanic (est.),22,30
senate,12,surname,Hispanic (est.),23,1
senate,12,surname,Hispanic (est.),24,38
senate,12,surname,Hispanic (est.),25,11
senate,12,surname,Hispanic (est.),26,40
senate,12,surname,Hispanic (est.),27,20
senate,12,surname,Hispanic (est.),28,47
senate,12,surname,Hispanic (est.),29,4
senate,12,surname,Hispanic (est.),31,1
senate,12,surname,Hispanic (est.),32,7
senate,12,surname,Hispanic (est.),33,3
senate,13,surname,All others (est.),4,16140
senate,13,surname,All others (est.),5,10569
senate,13,surname,All others (est.),6,10278
senate,13,surname,All others (est.),7,11256
senate,13,surname,All others (est.),8,11626
senate,13,surname,All others (est.),9,4391
senate,13,surname,All others (est.),10,9237
senate,13,surname,All others (est.),11,13343
senate,13,surname,All others (est.),12,13148
senate,13,surname,All others (est.),13,14348
senate,13,surname,All others (est.),14,15692
senate,13,surname,All others (est.),15,18240
senate,13,surname,All others (est.),17,158
senate,13,surname,All others (est.),18,267
senate,13,surname,All others (est.),19,168
senate,13,surname,All others (est.),20,654
senate,13,surname,All others (est.),21,3
senate,13,surname,All others (est.),22,217
senate,13,surname,All others (est.),24,197
senate,13,surname,All others (est.),25,379
senate,13,surname,All others (est.),26,472
senate,13,surname,All others (est.),27,149
senate,13,surname,All others (est.),28,420
senate,13,surname,All others (est.),29,403
senate,13,surname,All others (est.),32,222
senate,13,surname,All others (est.),33,47
senate,13,surname,All others (est.),34,65
senate,13,surname,All others (est.),35,3
senate,13,surname,All others (est.),36,3
senate,13,surname,All others (est.),37,1
senate,13,surname,Asian (est.),4,1999
senate,13,surname,Asian (est.),5,1496
senate,13,surname,Asian (est.),6,1418
senate,13,surname,Asian (est.),7,1552
senate,13,surname,Asian (est.),8,1601
senate,13,surname,Asian (est.),9,798
senate,13,surname,Asian (est.),10,1400
senate,13,surname,Asian (est.),11,1744
senate,13,surname,Asian (est.),12,1701
senate,13,surname,Asian (est.),13,1748
senate,13,surname,Asian (est.),14,1658
senate,13,surname,Asian (est.),15,1633
senate,13,surname,Asian (est.),17,13
senate,13,surname,Asian (est.),18,16
senate,13,surname,Asian (est.),19,11
senate,13,surname,Asian (est.),20,38
senate,13,surname,Asian (est.),22,11
senate,13,surname,Asian (est.),24,11
senate,13,surname,Asian (est.),25,12
senate,13,surname,Asian (est.),26,16
senate,13,surname,Asian (est.),27,11
senate,13,surname,Asian (est.),28,17
senate,13,surname,Asian (est.),29,13
senate,13,surname,Asian (est.),32,11
senate,13,surname,Asian (est.),33,2
senate,13,surname,Asian (est.),34,3
senate,13,surname,Asian (est.),36,1
senate,13,surname,Hispanic (est.),4,5075
senate,13,surname,Hispanic (est.),5,3204
senate,13,surname,Hispanic (est.),6,2948
senate,13,surname,Hispanic (est.),7,2893
senate,13,surname,Hispanic (est.),8,2775
senate,13,surname,Hispanic (est.),9,1238
senate,13,surname,Hispanic (est.),10,2451
senate,13,surname,Hispanic (est.),11,3058
senate,13,surname,Hispanic (est.),12,2734
senate,13,surname,Hispanic (est.),13,2615
senate,13,surname,Hispanic (est.),14,2731
senate,13,surname,Hispanic (est.),15,2824
senate,13,surname,Hispanic (est.),17,19
senate,13,surname,Hispanic (est.),18,25
senate,13,surname,Hispanic (est.),19,20
senate,13,surname,Hispanic (est.),20,66
senate,13,surname,Hispanic (est.),21,1
senate,13,surname,Hispanic (est.),22,27
senate,13,surname,Hispanic (est.),24,17
senate,13,surname,Hispanic (est.),25,26
senate,13,surname,Hispanic (est.),26,39
senate,13,surname,Hispanic (est.),27,12
senate,13,surname,Hispanic (est.),28,35
senate,13,surname,Hispanic (est.),29,36
senate,13,surname,Hispanic (est.),32,20
senate,13,surname,Hispanic (est.),33,7
senate,13,surname,Hispanic (est.),34,11
senate,13,surname,Hispanic (est.),36,2
senate,14,surname,All others (est.),4,25986
senate,14,surname,All others (est.),5,20869
senate,14,surname,All others (est.),6,22017
senate,14,surname,All others (est.),7,21276
senate,14,surname,All others (est.),8,22076
senate,14,surname,All others (est.),9,10039
senate,14,surname,All others (est.),10,16416
senate,14,surname,All others (est.),11,26705
senate,14,surname,All others (est.),12,25534
senate,14,surname,All others (est.),13,26511
senate,14,surname,All others (est.),14,26627
senate,14,surname,All others (est.),15,28768
senate,14,surname,All others (est.),18,808
senate,14,surname,All others (est.),19,1331
senate,14,surname,All others (est.),20,151
senate,14,surname,All others (est.),21,1825
senate,14,surname,All others (est.),25,736
senate,14,surname,All others (est.),26,584
senate,14,surname,All others (est.),27,102
senate,14,surname,All others (est.),28,24
senate,14,surname,All others (est.),29,145
senate,14,surname,All others (est.),32,21
senate,14,surname,All others (est.),33,31
senate,14,surname,All others (est.),34,39
senate,14,surname,All others (est.),35,4
senate,14,surname,All others (est.),36,59
senate,14,surname,All others (est.),37,7
senate,14,surname,Asian (est.),4,2787
senate,14,surname,Asian (est.),5,2155
senate,14,surname,Asian (est.),6,2037
senate,14,surname,Asian (est.),7,1930
senate,14,surname,Asian (est.),8,1995
senate,14,surname,Asian (est.),9,1079
senate,14,surname,Asian (est.),10,1755
senate,14,surname,Asian (est.),11,2309
senate,14,surname,Asian (est.),12,2021
senate,14,surname,Asian (est.),13,1969
senate,14,surname,Asian (est.),14,1894
senate,14,surname,Asian (est.),15,2077
senate,14,surname,Asian (est.),18,35
senate,14,surname,Asian (est.),19,43
senate,14,surname,Asian (est.),20,10
senate,14,surname,Asian (est.),21,70
senate,14,surname,Asian (est.),25,31
senate,14,surname,Asian (est.),26,28
senate,14,surname,Asian (est.),27,6
senate,14,surname,Asian (est.),28,3
senate,14,surname,Asian (est.),29,13
senate,14,surname,Asian (est.),33,2
senate,14,surname,Asian (est.),34,5
senate,14,surname,Asian (est.),35,1
senate,14,surname,Asian (est.),36,3
senate,14,surname,Hispanic (est.),4,7124
senate,14,surname,Hispanic (est.),5,5042
senate,14,surname,Hispanic (est.),6,5036
senate,14,surname,Hispanic (est.),7,4668
senate,14,surname,Hispanic (est.),8,4617
senate,14,surname,Hispanic (est.),9,2467
senate,14,surname,Hispanic (est.),10,3915
senate,14,surname,Hispanic (est.),11,5550
senate,14,surname,Hispanic (est.),12,5009
senate,14,surname,Hispanic (est.),13,5314
senate,14,surname,Hispanic (est.),14,5089
senate,14,surname,Hispanic (est.),15,5609
senate,14,surname,Hispanic (est.),18,103
senate,14,surname,Hispanic (est.),19,179
senate,14,surname,Hispanic (est.),20,12
senate,14,surname,Hispanic (est.),21,232
senate,14,surname,Hispanic (est.),25,99
senate,14,surname,Hispanic (est.),26,92
senate,14,surname,Hispanic (est.),27,20
senate,14,surname,Hispanic (est.),28,2
senate,14,surname,Hispanic (est.),29,18
senate,14,surname,Hispanic (est.),32,2
senate,14,surname,Hispanic (est.),33,2
senate,14,surname,Hispanic (est.),34,6
senate,14,surname,Hispanic (est.),36,11
senate,15,surname,All others (est.),4,19613
senate,15,surname,All others (est.),5,14163
senate,15,surname,All others (est.),6,14094
senate,15,surname,All others (est.),7,15070
senate,15,surname,All others (est.),8,15554
senate,15,surname,All others (est.),9,6994
senate,15,surname,All others (est.),10,11671
senate,15,surname,All others (est.),11,18543
senate,15,surname,All others (est.),12,17207
senate,15,surname,All others (est.),13,18288
senate,15,surname,All others (est.),14,19295
senate,15,surname,All others (est.),15,20507
senate,15,surname,All others (est.),17,89
senate,15,surname,All others (est.),18,366
senate,15,surname,All others (est.),19,120
senate,15,surname,All others (est.),20,640
senate,15,surname,All others (est.),21,5
senate,15,surname,All others (est.),22,344
senate,15,surname,All others (est.),24,252
senate,15,surname,All others (est.),25,363
senate,15,surname,All others (est.),26,597
senate,15,surname,All others (est.),27,139
senate,15,surname,All others (est.),28,536
senate,15,surname,All others (est.),29,520
senate,15,surname,All others (est.),32,294
senate,15,surname,All others (est.),33,80
senate,15,surname,All others (est.),34,94
senate,15,surname,All others (est.),35,2
senate,15,surname,All others (est.),36,18
senate,15,surname,All others (est.),37,1
senate,15,surname,Asian (est.),4,2116
senate,15,surname,Asian (est.),5,1646
senate,15,surname,Asian (est.),6,1513
senate,15,surname,Asian (est.),7,1650
senate,15,surname,Asian (est.),8,1598
senate,15,surname,Asian (est.),9,998
senate,15,surname,Asian (est.),10,1424
senate,15,surname,Asian (est.),11,1858
senate,15,surname,Asian (est.),12,1613
senate,15,surname,Asian (est.),13,1716
senate,15,surname,Asian (est.),14,1708
senate,15,surname,Asian (est.),15,1723
senate,15,surname,Asian (est.),17,1
senate,15,surname,Asian (est.),18,33
senate,15,surname,Asian (est.),19,6
senate,15,surname,Asian (est.),20,42
senate,15,surname,Asian (est.),22,25
senate,15,surname,Asian (est.),24,21
senate,15,surname,Asian (est.),25,17
senate,15,surname,Asian (est.),26,36
senate,15,surname,Asian (est.),27,11
senate,15,surname,Asian (est.),28,25
senate,15,surname,Asian (est.),29,30
senate,15,surname,Asian (est.),32,21
senate,15,surname,Asian (est.),33,2
senate,15,surname,Asian (est.),34,3
senate,15,surname,Hispanic (est.),4,6932
senate,15,surname,Hispanic (est.),5,4600
senate,15,surname,Hispanic (est.),6,4258
senate,15,surname,Hispanic (est.),7,4495
senate,15,surname,Hispanic (est.),8,4202
senate,15,surname,Hispanic (est.),9,2134
senate,15,surname,Hispanic (est.),10,3448
senate,15,surname,Hispanic (est.),11,4797
senate,15,surname,Hispanic (est.),12,4148
senate,15,surname,Hispanic (est.),13,4150
senate,15,surname,Hispanic (est.),14,4166
senate,15,surname,Hispanic (est.),15,4458
senate,15,surname,Hispanic (est.),17,6
senate,15,surname,Hispanic (est.),18,36
senate,15,surname,Hispanic (est.),19,14
senate,15,surname,Hispanic (est.),20,78
senate,15,surname,Hispanic (est.),22,45
senate,15,surname,Hispanic (est.),24,34
senate,15,surname,Hispanic (est.),25,36
senate,15,surname,Hispanic (est.),26,71
senate,15,surname,Hispanic (est.),27,21
senate,15,surname,Hispanic (est.),28,68
senate,15,surname,Hispanic (est.),29,50
senate,15,surname,Hispanic (est.),32,37
senate,15,surname,Hispanic (est.),33,10
senate,15,surname,Hispanic (est.),34,9
senate,15,surname,Hispanic (est.),36,3
senate,16,surname,All others (est.),4,16074
senate,16,surname,All others (est.),5,11077
senate,16,surname,All others (est.),6,11534
senate,16,surname,All others (est.),7,11768
senate,16,surname,All others (est.),8,12598
senate,16,surname,All others (est.),9,5350
senate,16,surname,All others (est.),10,11304
senate,16,surname,All others (est.),11,13224
senate,16,surname,All others (est.),12,11835
senate,16,surname,All others (est.),13,12623
senate,16,surname,All others (est.),14,12812
senate,16,surname,All others (est.),15,13561
senate,16,surname,All others (est.),17,285
senate,16,surname,All others (est.),18,339
senate,16,surname,All others (est.),19,36
senate,16,surname,All others (est.),20,501
senate,16,surname,All others (est.),22,344
senate,16,surname,All others (est.),23,17
senate,16,surname,All others (est.),24,434
senate,16,surname,All others (est.),25,22
senate,16,surname,All others (est.),26,374
senate,16,surname,All others (est.),27,10
senate,16,surname,All others (est.),28,700
senate,16,surname,All others (est.),29,4
senate,16,surname,All others (est.),32,158
senate,16,surname,Asian (est.),4,1412
senate,16,surname,Asian (est.),5,869
senate,16,surname,Asian (est.),6,814
senate,16,surname,Asian (est.),7,745
senate,16,surname,Asian (est.),8,771
senate,16,surname,Asian (est.),9,457
senate,16,surname,Asian (est.),10,924
senate,16,surname,Asian (est.),11,830
senate,16,surname,Asian (est.),12,599
senate,16,surname,Asian (est.),13,637
senate,16,surname,Asian (est.),14,606
senate,16,surname,Asian (est.),15,663
senate,16,surname,Asian (est.),17,13
senate,16,surname,Asian (est.),18,10
senate,16,surname,Asian (est.),19,1
senate,16,surname,Asian (est.),20,16
senate,16,surname,Asian (est.),22,14
senate,16,surname,Asian (est.),23,1
senate,16,surname,Asian (est.),24,14
senate,16,surname,Asian (est.),25,1
senate,16,surname,Asian (est.),26,14
senate,16,surname,Asian (est.),28,21
senate,16,surname,Asian (est.),32,8
senate,16,surname,Hispanic (est.),4,7169
senate,16,surname,Hispanic (est.),5,4083
senate,16,surname,Hispanic (est.),6,4165
senate,16,surname,Hispanic (est.),7,3761
senate,16,surname,Hispanic (est.),8,3651
senate,16,surname,Hispanic (est.),9,1782
senate,16,surname,Hispanic (est.),10,3907
senate,16,surname,Hispanic (est.),11,3393
senate,16,surname,Hispanic (est.),12,2763
senate,16,surname,Hispanic (est.),13,2846
senate,16,surname,Hispanic (est.),14,2846
senate,16,surname,Hispanic (est.),15,2865
senate,16,surname,Hispanic (est.),17,32
senate,16,surname,Hispanic (est.),18,41
senate,16,surname,Hispanic (est.),19,3
senate,16,surname,Hispanic (est.),20,58
senate,16,surname,Hispanic (est.),22,40
senate,16,surname,Hispanic (est.),23,2
senate,16,surname,Hispanic (est.),24,44
senate,16,surname,Hispanic (est.),25,3
senate,16,surname,Hispanic (est.),26,51
senate,16,surname,Hispanic (est.),27,3
senate,16,surname,Hispanic (est.),28,94
senate,16,surname,Hispanic (est.),32,25
senate,17,surname,All others (est.),4,21375
senate,17,surname,All others (est.),5,14269
senate,17,surname,All others (est.),6,15136
senate,17,surname,All others (est.),7,17166
senate,17,surname,All others (est.),8,19035
senate,17,surname,All others (est.),9,7382
senate,17,surname,All others (est.),10,14836
senate,17,surname,All others (est.),11,25432
senate,17,surname,All others (est.),12,23388
senate,17,surname,All others (est.),13,26162
senate,17,surname,All others (est.),14,27851
senate,17,surname,All others (est.),15,30173
senate,17,surname,All others (est.),17,81
senate,17,surname,All others (est.),18,362
senate,17,surname,All others (est.),19,306
senate,17,surname,All others (est.),20,694
senate,17,surname,All others (est.),21,96
senate,17,surname,All others (est.),22,261
senate,17,surname,All others (est.),24,165
senate,17,surname,All others (est.),25,469
senate,17,surname,All others (est.),26,477
senate,17,surname,All others (est.),27,203
senate,17,surname,All others (est.),28,351
senate,17,surname,All others (est.),29,392
senate,17,surname,All others (est.),31,9
senate,17,surname,All others (est.),32,226
senate,17,surname,All others (est.),33,75
senate,17,surname,All others (est.),34,131
senate,17,surname,All others (est.),35,15
senate,17,surname,All others (est.),36,91
senate,17,surname,All others (est.),37,33
senate,17,surname,Asian (est.),4,3073
senate,17,surname,Asian (est.),5,1846
senate,17,surname,Asian (est.),6,1924
senate,17,surname,Asian (est.),7,2139
senate,17,surname,Asian (est.),8,2343
senate,17,surname,Asian (est.),9,1231
senate,17,surname,Asian (est.),10,2237
senate,17,surname,Asian (est.),11,2707
senate,17,surname,Asian (est.),12,2350
senate,17,surname,Asian (est.),13,2545
senate,17,surname,Asian (est.),14,2438
senate,17,surname,Asian (est.),15,2504
senate,17,surname,Asian (est.),17,14
senate,17,surname,Asian (est.),18,31
senate,17,surname,Asian (est.),19,26
senate,17,surname,Asian (est.),20,57
senate,17,surname,Asian (est.),21,2
senate,17,surname,Asian (est.),22,15
senate,17,surname,Asian (est.),24,17
senate,17,surname,Asian (est.),25,22
senate,17,surname,Asian (est.),26,31
senate,17,surname,Asian (est.),27,15
senate,17,surname,Asian (est.),28,25
senate,17,surname,Asian (est.),29,18
senate,17,surname,Asian (est.),32,9
senate,17,surname,Asian (est.),33,1
senate,17,surname,Asian (est.),34,5
senate,17,surname,Asian (est.),35,2
senate,17,surname,Asian (est.),36,4
senate,17,surname,Hispanic (est.),4,5650
senate,17,surname,Hispanic (est.),5,3412
senate,17,surname,Hispanic (est.),6,3381
senate,17,surname,Hispanic (est.),7,3660
senate,17,surname,Hispanic (est.),8,3943
senate,17,surname,Hispanic (est.),9,1758
senate,17,surname,Hispanic (est.),10,3415
senate,17,surname,Hispanic (est.),11,4918
senate,17,surname,Hispanic (est.),12,4075
senate,17,surname,Hispanic (est.),13,4407
senate,17,surname,Hispanic (est.),14,4447
senate,17,surname,Hispanic (est.),15,4930
senate,17,surname,Hispanic (est.),17,5
senate,17,surname,Hispanic (est.),18,28
senate,17,surname,Hispanic (est.),19,37
senate,17,surname,Hispanic (est.),20,63
senate,17,surname,Hispanic (est.),21,15
senate,17,surname,Hispanic (est.),22,24
senate,17,surname,Hispanic (est.),24,15
senate,17,surname,Hispanic (est.),25,46
senate,17,surname,Hispanic (est.),26,41
senate,17,surname,Hispanic (est.),27,20
senate,17,surname,Hispanic (est.),28,30
senate,17,surname,Hispanic (est.),29,40
senate,17,surname,Hispanic (est.),31,1
senate,17,surname,Hispanic (est.),32,24
senate,17,surname,Hispanic (est.),33,8
senate,17,surname,Hispanic (est.),34,19
senate,17,surname,Hispanic (est.),35,5
senate,17,surname,Hispanic (est.),36,6
senate,17,surname,Hispanic (est.),37,1
senate,18,surname,All others (est.),4,22827
senate,18,surname,All others (est.),5,15165
senate,18,surname,All others (est.),6,16676
senate,18,surname,All others (est.),7,18824
senate,18,surname,All others (est.),8,20410
senate,18,surname,All others (est.),9,8258
senate,18,surname,All others (est.),10,16980
senate,18,surname,All others (est.),11,24357
senate,18,surname,All others (est.),12,23081
senate,18,surname,All others (est.),13,24898
senate,18,surname,All others (est.),14,25539
senate,18,surname,All others (est.),15,27231
senate,18,surname,All others (est.),16,101
senate,18,surname,All others (est.),17,133
senate,18,surname,All others (est.),18,202
senate,18,surname,All others (est.),19,394
senate,18,surname,All others (est.),20,615
senate,18,surname,All others (est.),21,294
senate,18,surname,All others (est.),22,60
senate,18,surname,All others (est.),24,127
senate,18,surname,All others (est.),25,240
senate,18,surname,All others (est.),26,211
senate,18,surname,All others (est.),27,259
senate,18,surname,All others (est.),28,133
senate,18,surname,All others (est.),29,356
senate,18,surname,All others (est.),32,148
senate,18,surname,All others (est.),33,248
senate,18,surname,All others (est.),34,165
senate,18,surname,All others (est.),35,49
senate,18,surname,All others (est.),36,373
senate,18,surname,All others (est.),37,177
senate,18,surname,Asian (est.),4,3745
senate,18,surname,Asian (est.),5,2271
senate,18,surname,Asian (est.),6,2238
senate,18,surname,Asian (est.),7,2407
senate,18,surname,Asian (est.),8,2561
senate,18,surname,Asian (est.),9,1171
senate,18,surname,Asian (est.),10,2453
senate,18,surname,Asian (est.),11,2639
senate,18,surname,Asian (est.),12,2265
senate,18,surname,Asian (est.),13,2350
senate,18,surname,Asian (est.),14,2210
senate,18,surname,Asian (est.),15,2252
senate,18,surname,Asian (est.),16,2
senate,18,surname,Asian (est.),17,21
senate,18,surname,Asian (est.),18,13
senate,18,surname,Asian (est.),19,32
senate,18,surname,Asian (est.),20,46
senate,18,surname,Asian (est.),21,11
senate,18,surname,Asian (est.),22,11
senate,18,surname,Asian (est.),24,20
senate,18,surname,Asian (est.),25,6
senate,18,surname,Asian (est.),26,12
senate,18,surname,Asian (est.),27,7
senate,18,surname,Asian (est.),28,8
senate,18,surname,Asian (est.),29,11
senate,18,surname,Asian (est.),32,6
senate,18,surname,Asian (est.),33,6
senate,18,surname,Asian (est.),34,6
senate,18,surname,Asian (est.),35,3
senate,18,surname,Asian (est.),36,9
senate,18,surname,Asian (est.),37,4
senate,18,surname,Hispanic (est.),4,6931
senate,18,surname,Hispanic (est.),5,4175
senate,18,surname,Hispanic (est.),6,4111
senate,18,surname,Hispanic (est.),7,4493
senate,18,surname,Hispanic (est.),8,4704
senate,18,surname,Hispanic (est.),9,1983
senate,18,surname,Hispanic (est.),10,4290
senate,18,surname,Hispanic (est.),11,5311
senate,18,surname,Hispanic (est.),12,4493
senate,18,surname,Hispanic (est.),13,4636
senate,18,surname,Hispanic (est.),14,4465
senate,18,surname,Hispanic (est.),15,4937
senate,18,surname,Hispanic (est.),16,35
senate,18,surname,Hispanic (est.),17,29
senate,18,surname,Hispanic (est.),18,23
senate,18,surname,Hispanic (est.),19,87
senate,18,surname,Hispanic (est.),20,91
senate,18,surname,Hispanic (est.),21,48
senate,18,surname,Hispanic (est.),22,14
senate,18,surname,Hispanic (est.),24,26
senate,18,surname,Hispanic (est.),25,38
senate,18,surname,Hispanic (est.),26,29
senate,18,surname,Hispanic (est.),27,33
senate,18,surname,Hispanic (est.),28,22
senate,18,surname,Hispanic (est.),29,67
senate,18,surname,Hispanic (est.),32,37
senate,18,surname,Hispanic (est.),33,35
senate,18,surname,Hispanic (est.),34,33
senate,18,surname,Hispanic (est.),35,10
senate,18,surname,Hispanic (est.),36,82
senate,18,surname,Hispanic (est.),37,30
senate,19,surname,All others (est.),4,11937
senate,19,surname,All others (est.),5,8317
senate,19,surname,All others (est.),6,9191
senate,19,surname,All others (est.),7,9489
senate,19,surname,All others (est.),8,10117
senate,19,surname,All others (est.),9,4654
senate,19,surname,All others (est.),10,9096
senate,19,surname,All others (est.),11,10576
senate,19,surname,All others (est.),12,10247
senate,19,surname,All others (est.),13,10697
senate,19,surname,All others (est.),14,11181
senate,19,surname,All others (est.),15,12006
senate,19,surname,All others (est.),16,1
senate,19,surname,All others (est.),17,310
senate,19,surname,All others (est.),18,403
senate,19,surname,All others (est.),19,160
senate,19,surname,All others (est.),20,202
senate,19,surname,All others (est.),21,211
senate,19,surname,All others (est.),22,92
senate,19,surname,All others (est.),24,141
senate,19,surname,All others (est.),25,234
senate,19,surname,All others (est.),26,216
senate,19,surname,All others (est.),27,93
senate,19,surname,All others (est.),28,150
senate,19,surname,All others (est.),29,126
senate,19,surname,All others (est.),31,8
senate,19,surname,All others (est.),32,9
senate,19,surname,All others (est.),33,7
senate,19,surname,All others (est.),34,24
senate,19,surname,All others (est.),35,15
senate,19,surname,All others (est.),36,45
senate,19,surname,All others (est.),37,25
senate,19,surname,Asian (est.),4,784
senate,19,surname,Asian (est.),5,534
senate,19,surname,Asian (est.),6,556
senate,19,surname,Asian (est.),7,576
senate,19,surname,Asian (est.),8,598
senate,19,surname,Asian (est.),9,282
senate,19,surname,Asian (est.),10,566
senate,19,surname,Asian (est.),11,537
senate,19,surname,Asian (est.),12,523
senate,19,surname,Asian (est.),13,545
senate,19,surname,Asian (est.),14,518
senate,19,surname,Asian (est.),15,538
senate,19,surname,Asian (est.),17,14
senate,19,surname,Asian (est.),18,12
senate,19,surname,Asian (est.),19,6
senate,19,surname,Asian (est.),20,7
senate,19,surname,Asian (est.),21,6
senate,19,surname,Asian (est.),22,4
senate,19,surname,Asian (est.),24,6
senate,19,surname,Asian (est.),25,7
senate,19,surname,Asian (est.),26,6
senate,19,surname,Asian (est.),27,2
senate,19,surname,Asian (est.),28,6
senate,19,surname,Asian (est.),29,4
senate,19,surname,Asian (est.),33,1
senate,19,surname,Asian (est.),34,2
senate,19,surname,Asian (est.),35,2
senate,19,surname,Asian (est.),36,2
senate,19,surname,Asian (est.),37,1
senate,19,surname,Hispanic (est.),4,14509
senate,19,surname,Hispanic (est.),5,8812
senate,19,surname,Hispanic (est.),6,9555
senate,19,surname,Hispanic (est.),7,9432
senate,19,surname,Hispanic (est.),8,9953
senate,19,surname,Hispanic (est.),9,5252
senate,19,surname,Hispanic (est.),10,10279
senate,19,surname,Hispanic (est.),11,9957
senate,19,surname,Hispanic (est.),12,8861
senate,19,surname,Hispanic (est.),13,9037
senate,19,surname,Hispanic (est.),14,9450
senate,19,surname,Hispanic (est.),15,9840
senate,19,surname,Hispanic (est.),16,6
senate,19,surname,Hispanic (est.),17,257
senate,19,surname,Hispanic (est.),18,200
senate,19,surname,Hispanic (est.),19,149
senate,19,surname,Hispanic (est.),20,122
senate,19,surname,Hispanic (est.),21,119
senate,19,surname,Hispanic (est.),22,46
senate,19,surname,Hispanic (est.),24,89
senate,19,surname,Hispanic (est.),25,144
senate,19,surname,Hispanic (est.),26,129
senate,19,surname,Hispanic (est.),27,59
senate,19,surname,Hispanic (est.),28,118
senate,19,surname,Hispanic (est.),29,77
senate,19,surname,Hispanic (est.),31,7
senate,19,surname,Hispanic (est.),32,10
senate,19,surname,Hispanic (est.),33,4
senate,19,surname,Hispanic (est.),34,26
senate,19,surname,Hispanic (est.),35,4
senate,19,surname,Hispanic (est.),36,28
senate,19,surname,Hispanic (est.),37,27
senate,2,surname,All others (est.),4,23937
senate,2,surname,All others (est.),5,16788
senate,2,surname,All others (est.),6,17995
senate,2,surname,All others (est.),7,19123
senate,2,surname,All others (est.),8,22052
senate,2,surname,All others (est.),9,9400
senate,2,surname,All others (est.),10,21581
senate,2,surname,All others (est.),11,24690
senate,2,surname,All others (est.),12,22727
senate,2,surname,All others (est.),13,23968
senate,2,surname,All others (est.),14,25080
senate,2,surname,All others (est.),15,26035
senate,2,surname,All others (est.),17,453
senate,2,surname,All others (est.),18,510
senate,2,surname,All others (est.),19,247
senate,2,surname,All others (est.),20,323
senate,2,surname,All others (est.),21,299
senate,2,surname,All others (est.),22,260
senate,2,surname,All others (est.),23,23
senate,2,surname,All others (est.),24,240
senate,2,surname,All others (est.),25,91
senate,2,surname,All others (est.),26,629
senate,2,surname,All others (est.),27,29
senate,2,surname,All others (est.),28,468
senate,2,surname,All others (est.),29,28
senate,2,surname,All others (est.),31,26
senate,2,surname,All others (est.),32,100
senate,2,surname,All others (est.),33,11
senate,2,surname,All others (est.),34,2
senate,2,surname,All others (est.),35,1
senate,2,surname,All others (est.),36,2
senate,2,surname,All others (est.),37,1
senate,2,surname,Asian (est.),4,1864
senate,2,surname,Asian (est.),5,1298
senate,2,surname,Asian (est.),6,1288
senate,2,surname,Asian (est.),7,1283
senate,2,surname,Asian (est.),8,1436
senate,2,surname,Asian (est.),9,809
senate,2,surname,Asian (est.),10,1619
senate,2,surname,Asian (est.),11,1460
senate,2,surname,Asian (est.),12,1172
senate,2,surname,Asian (est.),13,1258
senate,2,surname,Asian (est.),14,1288
senate,2,surname,Asian (est.),15,1389
senate,2,surname,Asian (est.),17,21
senate,2,surname,Asian (est.),18,16
senate,2,surname,Asian (est.),19,14
senate,2,surname,Asian (est.),20,18
senate,2,surname,Asian (est.),21,10
senate,2,surname,Asian (est.),22,14
senate,2,surname,Asian (est.),23,1
senate,2,surname,Asian (est.),24,13
senate,2,surname,Asian (est.),25,5
senate,2,surname,Asian (est.),26,20
senate,2,surname,Asian (est.),28,23
senate,2,surname,Asian (est.),29,2
senate,2,surname,Asian (est.),31,1
senate,2,surname,Asian (est.),32,3
senate,2,surname,Hispanic (est.),4,6072
senate,2,surname,Hispanic (est.),5,3711
senate,2,surname,Hispanic (est.),6,3615
senate,2,surname,Hispanic (est.),7,3506
senate,2,surname,Hispanic (est.),8,3765
senate,2,surname,Hispanic (est.),9,1769
senate,2,surname,Hispanic (est.),10,4070
senate,2,surname,Hispanic (est.),11,3618
senate,2,surname,Hispanic (est.),12,3107
senate,2,surname,Hispanic (est.),13,3054
senate,2,surname,Hispanic (est.),14,3055
senate,2,surname,Hispanic (est.),15,3197
senate,2,surname,Hispanic (est.),17,46
senate,2,surname,Hispanic (est.),18,36
senate,2,surname,Hispanic (est.),19,25
senate,2,surname,Hispanic (est.),20,30
senate,2,surname,Hispanic (est.),21,24
senate,2,surname,Hispanic (est.),22,19
senate,2,surname,Hispanic (est.),23,5
senate,2,surname,Hispanic (est.),24,29
senate,2,surname,Hispanic (est.),25,8
senate,2,surname,Hispanic (est.),26,50
senate,2,surname,Hispanic (est.),27,1
senate,2,surname,Hispanic (est.),28,46
senate,2,surname,Hispanic (est.),29,3
senate,2,surname,Hispanic (est.),31,2
senate,2,surname,Hispanic (est.),32,10
senate,2,surname,Hispanic (est.),33,3
senate,2,surname,Hispanic (est.),34,1
senate,20,surname,All others (est.),4,6180
senate,20,surname,All others (est.),5,3918
senate,20,surname,All others (est.),6,4291
senate,20,surname,All others (est.),7,4593
senate,20,surname,All others (est.),8,5177
senate,20,surname,All others (est.),9,882
senate,20,surname,All others (est.),10,4384
senate,20,surname,All others (est.),11,6085
senate,20,surname,All others (est.),12,6136
senate,20,surname,All others (est.),13,6859
senate,20,surname,All others (est.),14,7618
senate,20,surname,All others (est.),15,8068
senate,20,surname,All others (est.),17,73
senate,20,surname,All others (est.),18,141
senate,20,surname,All others (est.),19,285
senate,20,surname,All others (est.),20,487
senate,20,surname,All others (est.),21,251
senate,20,surname,All others (est.),22,65
senate,20,surname,All others (est.),25,133
senate,20,surname,All others (est.),26,251
senate,20,surname,All others (est.),27,51
senate,20,surname,All others (est.),28,53
senate,20,surname,All others (est.),29,4
senate,20,surname,All others (est.),32,4
senate,20,surname,All others (est.),33,3
senate,20,surname,All others (est.),34,1
senate,20,surname,All others (est.),35,1
senate,20,surname,Asian (est.),4,493
senate,20,surname,Asian (est.),5,314
senate,20,surname,Asian (est.),6,322
senate,20,surname,Asian (est.),7,330
senate,20,surname,Asian (est.),8,361
senate,20,surname,Asian (est.),9,106
senate,20,surname,Asian (est.),10,329
senate,20,surname,Asian (est.),11,385
senate,20,surname,Asian (est.),12,383
senate,20,surname,Asian (est.),13,409
senate,20,surname,Asian (est.),14,417
senate,20,surname,Asian (est.),15,449
senate,20,surname,Asian (est.),17,8
senate,20,surname,Asian (est.),18,6
senate,20,surname,Asian (est.),19,20
senate,20,surname,Asian (est.),20,23
senate,20,surname,Asian (est.),21,10
senate,20,surname,Asian (est.),22,2
senate,20,surname,Asian (est.),25,4
senate,20,surname,Asian (est.),26,9
senate,20,surname,Asian (est.),27,1
senate,20,surname,Asian (est.),28,1
senate,20,surname,Asian (est.),33,1
senate,20,surname,Hispanic (est.),4,14965
senate,20,surname,Hispanic (est.),5,9017
senate,20,surname,Hispanic (est.),6,9247
senate,20,surname,Hispanic (est.),7,9164
senate,20,surname,Hispanic (est.),8,9662
senate,20,surname,Hispanic (est.),9,3156
senate,20,surname,Hispanic (est.),10,9335
senate,20,surname,Hispanic (est.),11,11361
senate,20,surname,Hispanic (est.),12,10419
senate,20,surname,Hispanic (est.),13,11172
senate,20,surname,Hispanic (est.),14,11787
senate,20,surname,Hispanic (est.),15,12940
senate,20,surname,Hispanic (est.),17,74
senate,20,surname,Hispanic (est.),18,158
senate,20,surname,Hispanic (est.),19,392
senate,20,surname,Hispanic (est.),20,667
senate,20,surname,Hispanic (est.),21,309
senate,20,surname,Hispanic (est.),22,54
senate,20,surname,Hispanic (est.),25,132
senate,20,surname,Hispanic (est.),26,339
senate,20,surname,Hispanic (est.),27,39
senate,20,surname,Hispanic (est.),28,28
senate,20,surname,Hispanic (est.),29,7
senate,20,surname,Hispanic (est.),32,8
senate,20,surname,Hispanic (est.),33,9
senate,20,surname,Hispanic (est.),35,5
senate,20,surname,Hispanic (est.),36,2
senate,21,surname,All others (est.),4,12722
senate,21,surname,All others (est.),5,8824
senate,21,surname,All others (est.),6,9224
senate,21,surname,All others (est.),7,9861
senate,21,surname,All others (est.),8,10560
senate,21,surname,All others (est.),9,4718
senate,21,surname,All others (est.),10,8849
senate,21,surname,All others (est.),11,12096
senate,21,surname,All others (est.),12,11786
senate,21,surname,All others (est.),13,13873
senate,21,surname,All others (est.),14,11983
senate,21,surname,All others (est.),15,13955
senate,21,surname,All others (est.),17,21
senate,21,surname,All others (est.),18,230
senate,21,surname,All others (est.),19,365
senate,21,surname,All others (est.),20,149
senate,21,surname,All others (est.),21,380
senate,21,surname,All others (est.),22,42
senate,21,surname,All others (est.),24,71
senate,21,surname,All others (est.),25,99
senate,21,surname,All others (est.),26,184
senate,21,surname,All others (est.),27,58
senate,21,surname,All others (est.),28,159
senate,21,surname,All others (est.),29,69
senate,21,surname,All others (est.),30,1
senate,21,surname,All others (est.),31,1
senate,21,surname,All others (est.),32,96
senate,21,surname,All others (est.),33,92
senate,21,surname,All others (est.),34,127
senate,21,surname,All others (est.),35,53
senate,21,surname,All others (est.),36,111
senate,21,surname,All others (est.),37,25
senate,21,surname,Asian (est.),4,691
senate,21,surname,Asian (est.),5,467
senate,21,surname,Asian (est.),6,479
senate,21,surname,Asian (est.),7,487
senate,21,surname,Asian (est.),8,545
senate,21,surname,Asian (est.),9,251
senate,21,surname,Asian (est.),10,475
senate,21,surname,Asian (est.),11,547
senate,21,surname,Asian (est.),12,509
senate,21,surname,Asian (est.),13,539
senate,21,surname,Asian (est.),14,506
senate,21,surname,Asian (est.),15,549
senate,21,surname,Asian (est.),17,1
senate,21,surname,Asian (est.),18,12
senate,21,surname,Asian (est.),19,11
senate,21,surname,Asian (est.),20,7
senate,21,surname,Asian (est.),21,12
senate,21,surname,Asian (est.),22,1
senate,21,surname,Asian (est.),24,1
senate,21,surname,Asian (est.),25,3
senate,21,surname,Asian (est.),26,5
senate,21,surname,Asian (est.),27,2
senate,21,surname,Asian (est.),28,3
senate,21,surname,Asian (est.),29,2
senate,21,surname,Asian (est.),32,3
senate,21,surname,Asian (est.),33,2
senate,21,surname,Asian (est.),34,3
senate,21,surname,Asian (est.),35,1
senate,21,surname,Asian (est.),36,2
senate,21,surname,Hispanic (est.),4,13067
senate,21,surname,Hispanic (est.),5,7757
senate,21,surname,Hispanic (est.),6,8418
senate,21,surname,Hispanic (est.),7,8228
senate,21,surname,Hispanic (est.),8,8712
senate,21,surname,Hispanic (est.),9,4072
senate,21,surname,Hispanic (est.),10,9164
senate,21,surname,Hispanic (est.),11,9657
senate,21,surname,Hispanic (est.),12,8226
senate,21,surname,Hispanic (est.),13,9174
senate,21,surname,Hispanic (est.),14,8641
senate,21,surname,Hispanic (est.),15,9836
senate,21,surname,Hispanic (est.),17,8
senate,21,surname,Hispanic (est.),18,274
senate,21,surname,Hispanic (est.),19,148
senate,21,surname,Hispanic (est.),20,268
senate,21,surname,Hispanic (est.),21,271
senate,21,surname,Hispanic (est.),22,9
senate,21,surname,Hispanic (est.),24,20
senate,21,surname,Hispanic (est.),25,61
senate,21,surname,Hispanic (est.),26,92
senate,21,surname,Hispanic (est.),27,29
senate,21,surname,Hispanic (est.),28,63
senate,21,surname,Hispanic (est.),29,31
senate,21,surname,Hispanic (est.),32,36
senate,21,surname,Hispanic (est.),33,34
senate,21,surname,Hispanic (est.),34,45
senate,21,surname,Hispanic (est.),35,10
senate,21,surname,Hispanic (est.),36,30
senate,21,surname,Hispanic (est.),37,9
senate,22,surname,All others (est.),4,23478
senate,22,surname,All others (est.),5,16660
senate,22,surname,All others (est.),6,18210
senate,22,surname,All others (est.),7,20062
senate,22,surname,All others (est.),8,23221
senate,22,surname,All others (est.),9,8710
senate,22,surname,All others (est.),10,18590
senate,22,surname,All others (est.),11,25057
senate,22,surname,All others (est.),12,23309
senate,22,surname,All others (est.),13,24627
senate,22,surname,All others (est.),14,26184
senate,22,surname,All others (est.),15,26786
senate,22,surname,All others (est.),17,455
senate,22,surname,All others (est.),18,608
senate,22,surname,All others (est.),19,500
senate,22,surname,All others (est.),20,316
senate,22,surname,All others (est.),21,476
senate,22,surname,All others (est.),22,165
senate,22,surname,All others (est.),25,657
senate,22,surname,All others (est.),26,449
senate,22,surname,All others (est.),27,168
senate,22,surname,All others (est.),28,126
senate,22,surname,All others (est.),29,232
senate,22,surname,All others (est.),32,88
senate,22,surname,All others (est.),33,109
senate,22,surname,All others (est.),34,23
senate,22,surname,All others (est.),35,11
senate,22,surname,All others (est.),36,12
senate,22,surname,All others (est.),37,13
senate,22,surname,Asian (est.),4,1179
senate,22,surname,Asian (est.),5,863
senate,22,surname,Asian (est.),6,824
senate,22,surname,Asian (est.),7,894
senate,22,surname,Asian (est.),8,1035
senate,22,surname,Asian (est.),9,535
senate,22,surname,Asian (est.),10,957
senate,22,surname,Asian (est.),11,925
senate,22,surname,Asian (est.),12,817
senate,22,surname,Asian (est.),13,856
senate,22,surname,Asian (est.),14,842
senate,22,surname,Asian (est.),15,892
senate,22,surname,Asian (est.),17,11
senate,22,surname,Asian (est.),18,13
senate,22,surname,Asian (est.),19,21
senate,22,surname,Asian (est.),20,11
senate,22,surname,Asian (est.),21,13
senate,22,surname,Asian (est.),22,3
senate,22,surname,Asian (est.),25,23
senate,22,surname,Asian (est.),26,10
senate,22,surname,Asian (est.),27,5
senate,22,surname,Asian (est.),28,2
senate,22,surname,Asian (est.),29,4
senate,22,surname,Asian (est.),32,1
senate,22,surname,Asian (est.),33,2
senate,22,surname,Asian (est.),36,2
senate,22,surname,Hispanic (est.),4,4837
senate,22,surname,Hispanic (est.),5,3045
senate,22,surname,Hispanic (est.),6,2927
senate,22,surname,Hispanic (est.),7,3028
senate,22,surname,Hispanic (est.),8,3461
senate,22,surname,Hispanic (est.),9,1542
senate,22,surname,Hispanic (est.),10,3158
senate,22,surname,Hispanic (est.),11,3258
senate,22,surname,Hispanic (est.),12,2752
senate,22,surname,Hispanic (est.),13,2714
senate,22,surname,Hispanic (est.),14,2776
senate,22,surname,Hispanic (est.),15,2880
senate,22,surname,Hispanic (est.),17,51
senate,22,surname,Hispanic (est.),18,49
senate,22,surname,Hispanic (est.),19,53
senate,22,surname,Hispanic (est.),20,38
senate,22,surname,Hispanic (est.),21,39
senate,22,surname,Hispanic (est.),22,21
senate,22,surname,Hispanic (est.),25,69
senate,22,surname,Hispanic (est.),26,40
senate,22,surname,Hispanic (est.),27,15
senate,22,surname,Hispanic (est.),28,6
senate,22,surname,Hispanic (est.),29,14
senate,22,surname,Hispanic (est.),32,6
senate,22,surname,Hispanic (est.),33,12
senate,22,surname,Hispanic (est.),34,1
senate,22,surname,Hispanic (est.),37,1
senate,23,surname,All others (est.),4,20646
senate,23,surname,All others (est.),5,13821
senate,23,surname,All others (est.),6,14219
senate,23,surname,All others (est.),7,13834
senate,23,surname,All others (est.),8,16012
senate,23,surname,All others (est.),9,6572
senate,23,surname,All others (est.),10,14422
senate,23,surname,All others (est.),11,16431
senate,23,surname,All others (est.),12,14966
senate,23,surname,All others (est.),13,16354
senate,23,surname,All others (est.),14,17574
senate,23,surname,All others (est.),15,17875
senate,23,surname,All others (est.),17,298
senate,23,surname,All others (est.),18,281
senate,23,surname,All others (est.),19,69
senate,23,surname,All others (est.),20,605
senate,23,surname,All others (est.),21,28
senate,23,surname,All others (est.),22,336
senate,23,surname,All others (est.),23,10
senate,23,surname,All others (est.),24,425
senate,23,surname,All others (est.),25,51
senate,23,surname,All others (est.),26,456
senate,23,surname,All others (est.),27,9
senate,23,surname,All others (est.),28,1013
senate,23,surname,All others (est.),29,5
senate,23,surname,All others (est.),32,96
senate,23,surname,All others (est.),33,1
senate,23,surname,All others (est.),37,1
senate,23,surname,Asian (est.),4,1100
senate,23,surname,Asian (est.),5,773
senate,23,surname,Asian (est.),6,747
senate,23,surname,Asian (est.),7,779
senate,23,surname,Asian (est.),8,821
senate,23,surname,Asian (est.),9,477
senate,23,surname,Asian (est.),10,801
senate,23,surname,Asian (est.),11,782
senate,23,surname,Asian (est.),12,591
senate,23,surname,Asian (est.),13,672
senate,23,surname,Asian (est.),14,676
senate,23,surname,Asian (est.),15,649
senate,23,surname,Asian (est.),17,16
senate,23,surname,Asian (est.),18,6
senate,23,surname,Asian (est.),19,4
senate,23,surname,Asian (est.),20,23
senate,23,surname,Asian (est.),21,1
senate,23,surname,Asian (est.),22,12
senate,23,surname,Asian (est.),24,8
senate,23,surname,Asian (est.),25,4
senate,23,surname,Asian (est.),26,13
senate,23,surname,Asian (est.),28,15
senate,23,surname,Asian (est.),29,1
senate,23,surname,Asian (est.),32,2
senate,23,surname,Asian (est.),36,1
senate,23,surname,Hispanic (est.),4,7156
senate,23,surname,Hispanic (est.),5,4010
senate,23,surname,Hispanic (est.),6,4241
senate,23,surname,Hispanic (est.),7,3718
senate,23,surname,Hispanic (est.),8,3754
senate,23,surname,Hispanic (est.),9,1678
senate,23,surname,Hispanic (est.),10,3895
senate,23,surname,Hispanic (est.),11,3441
senate,23,surname,Hispanic (est.),12,2834
senate,23,surname,Hispanic (est.),13,2968
senate,23,surname,Hispanic (est.),14,2886
senate,23,surname,Hispanic (est.),15,2898
senate,23,surname,Hispanic (est.),17,31
senate,23,surname,Hispanic (est.),18,35
senate,23,surname,Hispanic (est.),19,11
senate,23,surname,Hispanic (est.),20,75
senate,23,surname,Hispanic (est.),21,7
senate,23,surname,Hispanic (est.),22,37
senate,23,surname,Hispanic (est.),24,48
senate,23,surname,Hispanic (est.),25,4
senate,23,surname,Hispanic (est.),26,58
senate,23,surname,Hispanic (est.),27,2
senate,23,surname,Hispanic (est.),28,104
senate,23,surname,Hispanic (est.),32,8
senate,23,surname,Hispanic (est.),37,2
senate,24,surname,All others (est.),4,21930
senate,24,surname,All others (est.),5,16065
senate,24,surname,All others (est.),6,17071
senate,24,surname,All others (est.),7,19035
senate,24,surname,All others (est.),8,22318
senate,24,surname,All others (est.),9,8882
senate,24,surname,All others (est.),10,18957
senate,24,surname,All others (est.),11,26173
senate,24,surname,All others (est.),12,26088
senate,24,surname,All others (est.),13,27371
senate,24,surname,All others (est.),14,28867
senate,24,surname,All others (est.),15,31178
senate,24,surname,All others (est.),16,2
senate,24,surname,All others (est.),18,771
senate,24,surname,All others (est.),19,871
senate,24,surname,All others (est.),20,738
senate,24,surname,All others (est.),21,764
senate,24,surname,All others (est.),22,93
senate,24,surname,All others (est.),24,5
senate,24,surname,All others (est.),25,221
senate,24,surname,All others (est.),26,297
senate,24,surname,All others (est.),27,356
senate,24,surname,All others (est.),28,218
senate,24,surname,All others (est.),29,268
senate,24,surname,All others (est.),32,190
senate,24,surname,All others (est.),33,84
senate,24,surname,All others (est.),34,183
senate,24,surname,All others (est.),35,121
senate,24,surname,All others (est.),36,213
senate,24,surname,All others (est.),37,77
senate,24,surname,Asian (est.),4,1252
senate,24,surname,Asian (est.),5,823
senate,24,surname,Asian (est.),6,807
senate,24,surname,Asian (est.),7,819
senate,24,surname,Asian (est.),8,934
senate,24,surname,Asian (est.),9,500
senate,24,surname,Asian (est.),10,951
senate,24,surname,Asian (est.),11,1079
senate,24,surname,Asian (est.),12,952
senate,24,surname,Asian (est.),13,957
senate,24,surname,Asian (est.),14,926
senate,24,surname,Asian (est.),15,1009
senate,24,surname,Asian (est.),18,18
senate,24,surname,Asian (est.),19,24
senate,24,surname,Asian (est.),20,16
senate,24,surname,Asian (est.),21,18
senate,24,surname,Asian (est.),22,3
senate,24,surname,Asian (est.),25,5
senate,24,surname,Asian (est.),26,5
senate,24,surname,Asian (est.),27,7
senate,24,surname,Asian (est.),28,2
senate,24,surname,Asian (est.),29,5
senate,24,surname,Asian (est.),32,4
senate,24,surname,Asian (est.),33,1
senate,24,surname,Asian (est.),34,5
senate,24,surname,Asian (est.),35,3
senate,24,surname,Asian (est.),36,4
senate,24,surname,Asian (est.),37,2
senate,24,surname,Hispanic (est.),4,5197
senate,24,surname,Hispanic (est.),5,3392
senate,24,surname,Hispanic (est.),6,3500
senate,24,surname,Hispanic (est.),7,3595
senate,24,surname,Hispanic (est.),8,4127
senate,24,surname,Hispanic (est.),9,1939
senate,24,surname,Hispanic (est.),10,3976
senate,24,surname,Hispanic (est.),11,4689
senate,24,surname,Hispanic (est.),12,4144
senate,24,surname,Hispanic (est.),13,4235
senate,24,surname,Hispanic (est.),14,4360
senate,24,surname,Hispanic (est.),15,4830
senate,24,surname,Hispanic (est.),18,87
senate,24,surname,Hispanic (est.),19,121
senate,24,surname,Hispanic (est.),20,89
senate,24,surname,Hispanic (est.),21,100
senate,24,surname,Hispanic (est.),22,10
senate,24,surname,Hispanic (est.),25,31
senate,24,surname,Hispanic (est.),26,47
senate,24,surname,Hispanic (est.),27,47
senate,24,surname,Hispanic (est.),28,16
senate,24,surname,Hispanic (est.),29,30
senate,24,surname,Hispanic (est.),32,20
senate,24,surname,Hispanic (est.),33,10
senate,24,surname,Hispanic (est.),34,22
senate,24,surname,Hispanic (est.),35,7
senate,24,surname,Hispanic (est.),36,23
senate,24,surname,Hispanic (est.),37,7
senate,25,surname,All others (est.),4,28081
senate,25,surname,All others (est.),5,23510
senate,25,surname,All others (est.),6,26828
senate,25,surname,All others (est.),7,29248
senate,25,surname,All others (est.),8,31137
senate,25,surname,All others (est.),9,13938
senate,25,surname,All others (est.),10,24625
senate,25,surname,All others (est.),11,33630
senate,25,surname,All others (est.),12,32533
senate,25,surname,All others (est.),13,37462
senate,25,surname,All others (est.),14,30911
senate,25,surname,All others (est.),15,32793
senate,25,surname,All others (est.),17,351
senate,25,surname,All others (est.),18,947
senate,25,surname,All others (est.),19,855
senate,25,surname,All others (est.),20,280
senate,25,surname,All others (est.),21,1169
senate,25,surname,All others (est.),22,398
senate,25,surname,All others (est.),24,237
senate,25,surname,All others (est.),25,464
senate,25,surname,All others (est.),26,585
senate,25,surname,All others (est.),27,415
senate,25,surname,All others (est.),28,513
senate,25,surname,All others (est.),29,301
senate,25,surname,All others (est.),31,25
senate,25,surname,All others (est.),32,107
senate,25,surname,All others (est.),33,203
senate,25,surname,All others (est.),34,140
senate,25,surname,All others (est.),35,145
senate,25,surname,All others (est.),36,110
senate,25,surname,All others (est.),37,26
senate,25,surname,Asian (est.),4,1510
senate,25,surname,Asian (est.),5,1121
senate,25,surname,Asian (est.),6,1214
senate,25,surname,Asian (est.),7,1188
senate,25,surname,Asian (est.),8,1272
senate,25,surname,Asian (est.),9,694
senate,25,surname,Asian (est.),10,1204
senate,25,surname,Asian (est.),11,1335
senate,25,surname,Asian (est.),12,1172
senate,25,surname,Asian (est.),13,1297
senate,25,surname,Asian (est.),14,1075
senate,25,surname,Asian (est.),15,1170
senate,25,surname,Asian (est.),17,11
senate,25,surname,Asian (est.),18,26
senate,25,surname,Asian (est.),19,24
senate,25,surname,Asian (est.),20,12
senate,25,surname,Asian (est.),21,34
senate,25,surname,Asian (est.),22,8
senate,25,surname,Asian (est.),24,6
senate,25,surname,Asian (est.),25,9
senate,25,surname,Asian (est.),26,15
senate,25,surname,Asian (est.),27,9
senate,25,surname,Asian (est.),28,10
senate,25,surname,Asian (est.),29,6
senate,25,surname,Asian (est.),32,3
senate,25,surname,Asian (est.),33,4
senate,25,surname,Asian (est.),34,3
senate,25,surname,Asian (est.),35,5
senate,25,surname,Asian (est.),36,3
senate,25,surname,Hispanic (est.),4,8590
senate,25,surname,Hispanic (est.),5,6324
senate,25,surname,Hispanic (est.),6,6989
senate,25,surname,Hispanic (est.),7,7155
senate,25,surname,Hispanic (est.),8,7234
senate,25,surname,Hispanic (est.),9,3748
senate,25,surname,Hispanic (est.),10,6929
senate,25,surname,Hispanic (est.),11,7589
senate,25,surname,Hispanic (est.),12,6675
senate,25,surname,Hispanic (est.),13,7518
senate,25,surname,Hispanic (est.),14,6015
senate,25,surname,Hispanic (est.),15,6952
senate,25,surname,Hispanic (est.),17,71
senate,25,surname,Hispanic (est.),18,143
senate,25,surname,Hispanic (est.),19,126
senate,25,surname,Hispanic (est.),20,67
senate,25,surname,Hispanic (est.),21,151
senate,25,surname,Hispanic (est.),22,72
senate,25,surname,Hispanic (est.),24,51
senate,25,surname,Hispanic (est.),25,78
senate,25,surname,Hispanic (est.),26,83
senate,25,surname,Hispanic (est.),27,75
senate,25,surname,Hispanic (est.),28,75
senate,25,surname,Hispanic (est.),29,45
senate,25,surname,Hispanic (est.),31,6
senate,25,surname,Hispanic (est.),32,25
senate,25,surname,Hispanic (est.),33,34
senate,25,surname,Hispanic (est.),34,15
senate,25,surname,Hispanic (est.),35,25
senate,25,surname,Hispanic (est.),36,11
senate,25,surname,Hispanic (est.),37,7
senate,26,surname,All others (est.),4,10788
senate,26,surname,All others (est.),5,8977
senate,26,surname,All others (est.),6,9699
senate,26,surname,All others (est.),7,10008
senate,26,surname,All others (est.),8,9913
senate,26,surname,All others (est.),9,5000
senate,26,surname,All others (est.),10,8973
senate,26,surname,All others (est.),11,9350
senate,26,surname,All others (est.),12,9610
senate,26,surname,All others (est.),13,9523
senate,26,surname,All others (est.),14,9593
senate,26,surname,All others (est.),15,9264
senate,26,surname,All others (est.),17,353
senate,26,surname,All others (est.),18,520
senate,26,surname,All others (est.),19,192
senate,26,surname,All others (est.),20,186
senate,26,surname,All others (est.),21,263
senate,26,surname,All others (est.),22,134
senate,26,surname,All others (est.),24,173
senate,26,surname,All others (est.),25,258
senate,26,surname,All others (est.),26,236
senate,26,surname,All others (est.),27,138
senate,26,surname,All others (est.),28,153
senate,26,surname,All others (est.),29,98
senate,26,surname,All others (est.),31,17
senate,26,surname,All others (est.),33,3
senate,26,surname,All others (est.),34,21
senate,26,surname,All others (est.),35,2
senate,26,surname,All others (est.),36,18
senate,26,surname,All others (est.),37,1
senate,26,surname,Asian (est.),4,722
senate,26,surname,Asian (est.),5,585
senate,26,surname,Asian (est.),6,633
senate,26,surname,Asian (est.),7,631
senate,26,surname,Asian (est.),8,588
senate,26,surname,Asian (est.),9,302
senate,26,surname,Asian (est.),10,557
senate,26,surname,Asian (est.),11,504
senate,26,surname,Asian (est.),12,489
senate,26,surname,Asian (est.),13,521
senate,26,surname,Asian (est.),14,483
senate,26,surname,Asian (est.),15,465
senate,26,surname,Asian (est.),17,10
senate,26,surname,Asian (est.),18,20
senate,26,surname,Asian (est.),19,6
senate,26,surname,Asian (est.),20,6
senate,26,surname,Asian (est.),21,11
senate,26,surname,Asian (est.),22,6
senate,26,surname,Asian (est.),24,6
senate,26,surname,Asian (est.),25,10
senate,26,surname,Asian (est.),26,9
senate,26,surname,Asian (est.),27,4
senate,26,surname,Asian (est.),28,9
senate,26,surname,Asian (est.),29,5
senate,26,surname,Asian (est.),31,2
senate,26,surname,Asian (est.),34,1
senate,26,surname,Asian (est.),35,1
senate,26,surname,Asian (est.),36,1
senate,26,surname,Hispanic (est.),4,13041
senate,26,surname,Hispanic (est.),5,9106
senate,26,surname,Hispanic (est.),6,10007
senate,26,surname,Hispanic (est.),7,9931
senate,26,surname,Hispanic (est.),8,9806
senate,26,surname,Hispanic (est.),9,4880
senate,26,surname,Hispanic (est.),10,9217
senate,26,surname,Hispanic (est.),11,8908
senate,26,surname,Hispanic (est.),12,8750
senate,26,surname,Hispanic (est.),13,8936
senate,26,surname,Hispanic (est.),14,8871
senate,26,surname,Hispanic (est.),15,8789
senate,26,surname,Hispanic (est.),17,272
senate,26,surname,Hispanic (est.),18,307
senate,26,surname,Hispanic (est.),19,147
senate,26,surname,Hispanic (est.),20,179
senate,26,surname,Hispanic (est.),21,175
senate,26,surname,Hispanic (est.),22,100
senate,26,surname,Hispanic (est.),24,128
senate,26,surname,Hispanic (est.),25,207
senate,26,surname,Hispanic (est.),26,269
senate,26,surname,Hispanic (est.),27,108
senate,26,surname,Hispanic (est.),28,164
senate,26,surname,Hispanic (est.),29,93
senate,26,surname,Hispanic (est.),31,36
senate,26,surname,Hispanic (est.),33,1
senate,26,surname,Hispanic (est.),34,6
senate,26,surname,Hispanic (est.),35,1
senate,26,surname,Hispanic (est.),36,2
senate,27,surname,All others (est.),4,6170
senate,27,surname,All others (est.),5,3873
senate,27,surname,All others (est.),6,4208
senate,27,surname,All others (est.),7,4754
senate,27,surname,All others (est.),8,5179
senate,27,surname,All others (est.),9,1072
senate,27,surname,All others (est.),10,4239
senate,27,surname,All others (est.),11,6550
senate,27,surname,All others (est.),12,6512
senate,27,surname,All others (est.),13,7592
senate,27,surname,All others (est.),14,8916
senate,27,surname,All others (est.),15,10497
senate,27,surname,All others (est.),17,28
senate,27,surname,All others (est.),18,141
senate,27,surname,All others (est.),19,305
senate,27,surname,All others (est.),20,284
senate,27,surname,All others (est.),21,235
senate,27,surname,All others (est.),22,25
senate,27,surname,All others (est.),23,77
senate,27,surname,All others (est.),24,4
senate,27,surname,All others (est.),25,183
senate,27,surname,All others (est.),26,199
senate,27,surname,All others (est.),27,73
senate,27,surname,All others (est.),28,46
senate,27,surname,All others (est.),29,67
senate,27,surname,All others (est.),32,14
senate,27,surname,All others (est.),33,16
senate,27,surname,All others (est.),34,19
senate,27,surname,All others (est.),35,9
senate,27,surname,All others (est.),36,10
senate,27,surname,All others (est.),37,3
senate,27,surname,Asian (est.),4,479
senate,27,surname,Asian (est.),5,263
senate,27,surname,Asian (est.),6,291
senate,27,surname,Asian (est.),7,289
senate,27,surname,Asian (est.),8,293
senate,27,surname,Asian (est.),9,87
senate,27,surname,Asian (est.),10,249
senate,27,surname,Asian (est.),11,358
senate,27,surname,Asian (est.),12,333
senate,27,surname,Asian (est.),13,362
senate,27,surname,Asian (est.),14,411
senate,27,surname,Asian (est.),15,479
senate,27,surname,Asian (est.),17,1
senate,27,surname,Asian (est.),18,7
senate,27,surname,Asian (est.),19,9
senate,27,surname,Asian (est.),20,11
senate,27,surname,Asian (est.),21,12
senate,27,surname,Asian (est.),22,1
senate,27,surname,Asian (est.),23,3
senate,27,surname,Asian (est.),25,6
senate,27,surname,Asian (est.),26,9
senate,27,surname,Asian (est.),27,3
senate,27,surname,Asian (est.),28,1
senate,27,surname,Asian (est.),29,2
senate,27,surname,Asian (est.),32,1
senate,27,surname,Hispanic (est.),4,15508
senate,27,surname,Hispanic (est.),5,8389
senate,27,surname,Hispanic (est.),6,8615
senate,27,surname,Hispanic (est.),7,8827
senate,27,surname,Hispanic (est.),8,9464
senate,27,surname,Hispanic (est.),9,3466
senate,27,surname,Hispanic (est.),10,8522
senate,27,surname,Hispanic (est.),11,11431
senate,27,surname,Hispanic (est.),12,10406
senate,27,surname,Hispanic (est.),13,11728
senate,27,surname,Hispanic (est.),14,12768
senate,27,surname,Hispanic (est.),15,14923
senate,27,surname,Hispanic (est.),17,9
senate,27,surname,Hispanic (est.),18,156
senate,27,surname,Hispanic (est.),19,389
senate,27,surname,Hispanic (est.),20,253
senate,27,surname,Hispanic (est.),21,213
senate,27,surname,Hispanic (est.),22,4
senate,27,surname,Hispanic (est.),23,81
senate,27,surname,Hispanic (est.),24,6
senate,27,surname,Hispanic (est.),25,200
senate,27,surname,Hispanic (est.),26,310
senate,27,surname,Hispanic (est.),27,86
senate,27,surname,Hispanic (est.),28,15
senate,27,surname,Hispanic (est.),29,58
senate,27,surname,Hispanic (est.),32,10
senate,27,surname,Hispanic (est.),33,12
senate,27,surname,Hispanic (est.),34,10
senate,27,surname,Hispanic (est.),35,2
senate,27,surname,Hispanic (est.),36,13
senate,27,surname,Hispanic (est.),37,1
senate,28,surname,All others (est.),4,18170
senate,28,surname,All others (est.),5,12045
senate,28,surname,All others (est.),6,13850
senate,28,surname,All others (est.),7,15752
senate,28,surname,All others (est.),8,17621
senate,28,surname,All others (est.),9,6466
senate,28,surname,All others (est.),10,13952
senate,28,surname,All others (est.),11,22080
senate,28,surname,All others (est.),12,22096
senate,28,surname,All others (est.),13,23991
senate,28,surname,All others (est.),14,26059
senate,28,surname,All others (est.),15,27325
senate,28,surname,All others (est.),17,107
senate,28,surname,All others (est.),18,388
senate,28,surname,All others (est.),19,365
senate,28,surname,All others (est.),20,467
senate,28,surname,All others (est.),21,352
senate,28,surname,All others (est.),22,268
senate,28,surname,All others (est.),23,239
senate,28,surname,All others (est.),24,12
senate,28,surname,All others (est.),25,307
senate,28,surname,All others (est.),26,278
senate,28,surname,All others (est.),27,269
senate,28,surname,All others (est.),28,231
senate,28,surname,All others (est.),29,319
senate,28,surname,All others (est.),30,4
senate,28,surname,All others (est.),31,20
senate,28,surname,All others (est.),32,135
senate,28,surname,All others (est.),33,124
senate,28,surname,All others (est.),34,105
senate,28,surname,All others (est.),35,81
senate,28,surname,All others (est.),36,186
senate,28,surname,All others (est.),37,294
senate,28,surname,Asian (est.),4,454
senate,28,surname,Asian (est.),5,299
senate,28,surname,Asian (est.),6,333
senate,28,surname,Asian (est.),7,370
senate,28,surname,Asian (est.),8,403
senate,28,surname,Asian (est.),9,165
senate,28,surname,Asian (est.),10,304
senate,28,surname,Asian (est.),11,448
senate,28,surname,Asian (est.),12,427
senate,28,surname,Asian (est.),13,447
senate,28,surname,Asian (est.),14,489
senate,28,surname,Asian (est.),15,489
senate,28,surname,Asian (est.),17,1
senate,28,surname,Asian (est.),18,5
senate,28,surname,Asian (est.),19,8
senate,28,surname,Asian (est.),20,9
senate,28,surname,Asian (est.),21,7
senate,28,surname,Asian (est.),22,6
senate,28,surname,Asian (est.),23,3
senate,28,surname,Asian (est.),25,5
senate,28,surname,Asian (est.),26,5
senate,28,surname,Asian (est.),27,5
senate,28,surname,Asian (est.),28,4
senate,28,surname,Asian (est.),29,7
senate,28,surname,Asian (est.),32,3
senate,28,surname,Asian (est.),33,2
senate,28,surname,Asian (est.),34,1
senate,28,surname,Asian (est.),35,1
senate,28,surname,Asian (est.),36,1
senate,28,surname,Asian (est.),37,4
senate,28,surname,Hispanic (est.),4,5516
senate,28,surname,Hispanic (est.),5,3124
senate,28,surname,Hispanic (est.),6,3463
senate,28,surname,Hispanic (est.),7,3556
senate,28,surname,Hispanic (est.),8,3804
senate,28,surname,Hispanic (est.),9,1522
senate,28,surname,Hispanic (est.),10,3126
senate,28,surname,Hispanic (est.),11,4384
senate,28,surname,Hispanic (est.),12,3904
senate,28,surname,Hispanic (est.),13,4095
senate,28,surname,Hispanic (est.),14,4230
senate,28,surname,Hispanic (est.),15,4462
senate,28,surname,Hispanic (est.),17,11
senate,28,surname,Hispanic (est.),18,39
senate,28,surname,Hispanic (est.),19,50
senate,28,surname,Hispanic (est.),20,62
senate,28,surname,Hispanic (est.),21,37
senate,28,surname,Hispanic (est.),22,24
senate,28,surname,Hispanic (est.),23,20
senate,28,surname,Hispanic (est.),24,2
senate,28,surname,Hispanic (est.),25,31
senate,28,surname,Hispanic (est.),26,42
senate,28,surname,Hispanic (est.),27,39
senate,28,surname,Hispanic (est.),28,22
senate,28,surname,Hispanic (est.),29,50
senate,28,surname,Hispanic (est.),32,16
senate,28,surname,Hispanic (est.),33,14
senate,28,surname,Hispanic (est.),34,18
senate,28,surname,Hispanic (est.),35,7
senate,28,surname,Hispanic (est.),36,21
senate,28,surname,Hispanic (est.),37,41
senate,29,surname,All others (est.),4,6221
senate,29,surname,All others (est.),5,4520
senate,29,surname,All others (est.),6,4989
senate,29,surname,All others (est.),7,5078
senate,29,surname,All others (est.),8,5271
senate,29,surname,All others (est.),9,2190
senate,29,surname,All others (est.),10,3561
senate,29,surname,All others (est.),11,5671
senate,29,surname,All others (est.),12,5717
senate,29,surname,All others (est.),13,6366
senate,29,surname,All others (est.),14,6670
senate,29,surname,All others (est.),15,8064
senate,29,surname,All others (est.),17,5
senate,29,surname,All others (est.),18,127
senate,29,surname,All others (est.),19,432
senate,29,surname,All others (est.),20,180
senate,29,surname,All others (est.),21,83
senate,29,surname,All others (est.),22,115
senate,29,surname,All others (est.),23,2
senate,29,surname,All others (est.),24,143
senate,29,surname,All others (est.),25,234
senate,29,surname,All others (est.),26,180
senate,29,surname,All others (est.),27,276
senate,29,surname,All others (est.),28,7
senate,29,surname,All others (est.),29,135
senate,29,surname,All others (est.),31,293
senate,29,surname,All others (est.),32,6
senate,29,surname,All others (est.),33,83
senate,29,surname,All others (est.),34,9
senate,29,surname,All others (est.),35,8
senate,29,surname,All others (est.),36,4
senate,29,surname,All others (est.),37,23
senate,29,surname,Asian (est.),4,533
senate,29,surname,Asian (est.),5,368
senate,29,surname,Asian (est.),6,387
senate,29,surname,Asian (est.),7,385
senate,29,surname,Asian (est.),8,377
senate,29,surname,Asian (est.),9,166
senate,29,surname,Asian (est.),10,264
senate,29,surname,Asian (est.),11,414
senate,29,surname,Asian (est.),12,405
senate,29,surname,Asian (est.),13,395
senate,29,surname,Asian (est.),14,400
senate,29,surname,Asian (est.),15,476
senate,29,surname,Asian (est.),18,8
senate,29,surname,Asian (est.),19,17
senate,29,surname,Asian (est.),20,8
senate,29,surname,Asian (est.),21,3
senate,29,surname,Asian (est.),22,8
senate,29,surname,Asian (est.),24,10
senate,29,surname,Asian (est.),25,9
senate,29,surname,Asian (est.),26,8
senate,29,surname,Asian (est.),27,14
senate,29,surname,Asian (est.),29,6
senate,29,surname,Asian (est.),31,16
senate,29,surname,Asian (est.),33,8
senate,29,surname,Asian (est.),34,1
senate,29,surname,Hispanic (est.),4,14857
senate,29,surname,Hispanic (est.),5,9669
senate,29,surname,Hispanic (est.),6,10452
senate,29,surname,Hispanic (est.),7,10285
senate,29,surname,Hispanic (est.),8,10101
senate,29,surname,Hispanic (est.),9,4330
senate,29,surname,Hispanic (est.),10,6991
senate,29,surname,Hispanic (est.),11,10758
senate,29,surname,Hispanic (est.),12,10055
senate,29,surname,Hispanic (est.),13,10439
senate,29,surname,Hispanic (est.),14,10692
senate,29,surname,Hispanic (est.),15,11602
senate,29,surname,Hispanic (est.),18,171
senate,29,surname,Hispanic (est.),19,655
senate,29,surname,Hispanic (est.),20,171
senate,29,surname,Hispanic (est.),21,39
senate,29,surname,Hispanic (est.),22,192
senate,29,surname,Hispanic (est.),24,190
senate,29,surname,Hispanic (est.),25,220
senate,29,surname,Hispanic (est.),26,283
senate,29,surname,Hispanic (est.),27,420
senate,29,surname,Hispanic (est.),29,156
senate,29,surname,Hispanic (est.),31,446
senate,29,surname,Hispanic (est.),32,2
senate,29,surname,Hispanic (est.),33,51
senate,29,surname,Hispanic (est.),34,12
senate,29,surname,Hispanic (est.),35,7
senate,29,surname,Hispanic (est.),36,1
senate,29,surname,Hispanic (est.),37,9
senate,3,surname,All others (est.),4,23283
senate,3,surname,All others (est.),5,13466
senate,3,surname,All others (est.),6,15048
senate,3,surname,All others (est.),7,17991
senate,3,surname,All others (est.),8,21697
senate,3,surname,All others (est.),9,7868
senate,3,surname,All others (est.),10,16584
senate,3,surname,All others (est.),11,28180
senate,3,surname,All others (est.),12,26001
senate,3,surname,All others (est.),13,29310
senate,3,surname,All others (est.),14,33205
senate,3,surname,All others (est.),15,37187
senate,3,surname,All others (est.),16,124
senate,3,surname,All others (est.),17,293
senate,3,surname,All others (est.),18,750
senate,3,surname,All others (est.),19,702
senate,3,surname,All others (est.),20,302
senate,3,surname,All others (est.),21,1568
senate,3,surname,All others (est.),22,187
senate,3,surname,All others (est.),25,466
senate,3,surname,All others (est.),26,380
senate,3,surname,All others (est.),27,326
senate,3,surname,All others (est.),28,243
senate,3,surname,All others (est.),29,527
senate,3,surname,All others (est.),32,205
senate,3,surname,All others (est.),33,211
senate,3,surname,All others (est.),34,186
senate,3,surname,All others (est.),35,128
senate,3,surname,All others (est.),36,39
senate,3,surname,All others (est.),37,23
senate,3,surname,Asian (est.),4,509
senate,3,surname,Asian (est.),5,297
senate,3,surname,Asian (est.),6,304
senate,3,surname,Asian (est.),7,349
senate,3,surname,Asian (est.),8,427
senate,3,surname,Asian (est.),9,188
senate,3,surname,Asian (est.),10,367
senate,3,surname,Asian (est.),11,513
senate,3,surname,Asian (est.),12,450
senate,3,surname,Asian (est.),13,477
senate,3,surname,Asian (est.),14,506
senate,3,surname,Asian (est.),15,603
senate,3,surname,Asian (est.),16,5
senate,3,surname,Asian (est.),17,8
senate,3,surname,Asian (est.),18,13
senate,3,surname,Asian (est.),19,10
senate,3,surname,Asian (est.),20,6
senate,3,surname,Asian (est.),21,25
senate,3,surname,Asian (est.),22,3
senate,3,surname,Asian (est.),25,8
senate,3,surname,Asian (est.),26,5
senate,3,surname,Asian (est.),27,5
senate,3,surname,Asian (est.),28,2
senate,3,surname,Asian (est.),29,5
senate,3,surname,Asian (est.),32,3
senate,3,surname,Asian (est.),33,3
senate,3,surname,Asian (est.),34,4
senate,3,surname,Asian (est.),35,1
senate,3,surname,Hispanic (est.),4,2890
senate,3,surname,Hispanic (est.),5,1489
senate,3,surname,Hispanic (est.),6,1549
senate,3,surname,Hispanic (est.),7,1761
senate,3,surname,Hispanic (est.),8,1987
senate,3,surname,Hispanic (est.),9,846
senate,3,surname,Hispanic (est.),10,1668
senate,3,surname,Hispanic (est.),11,2331
senate,3,surname,Hispanic (est.),12,1918
senate,3,surname,Hispanic (est.),13,2054
senate,3,surname,Hispanic (est.),14,2247
senate,3,surname,Hispanic (est.),15,2524
senate,3,surname,Hispanic (est.),16,8
senate,3,surname,Hispanic (est.),17,18
senate,3,surname,Hispanic (est.),18,42
senate,3,surname,Hispanic (est.),19,39
senate,3,surname,Hispanic (est.),20,17
senate,3,surname,Hispanic (est.),21,89
senate,3,surname,Hispanic (est.),22,9
senate,3,surname,Hispanic (est.),25,22
senate,3,surname,Hispanic (est.),26,21
senate,3,surname,Hispanic (est.),27,10
senate,3,surname,Hispanic (est.),28,10
senate,3,surname,Hispanic (est.),29,28
senate,3,surname,Hispanic (est.),32,9
senate,3,surname,Hispanic (est.),33,13
senate,3,surname,Hispanic (est.),34,10
senate,3,surname,Hispanic (est.),35,8
senate,3,surname,Hispanic (est.),36,2
senate,3,surname,Hispanic (est.),37,4
senate,30,surname,All others (est.),4,28525
senate,30,surname,All others (est.),5,18686
senate,30,surname,All others (est.),6,19836
senate,30,surname,All others (est.),7,22004
senate,30,surname,All others (est.),8,24066
senate,30,surname,All others (est.),9,10635
senate,30,surname,All others (est.),10,20683
senate,30,surname,All others (est.),11,32762
senate,30,surname,All others (est.),12,29665
senate,30,surname,All others (est.),13,32234
senate,30,surname,All others (est.),14,36359
senate,30,surname,All others (est.),15,40076
senate,30,surname,All others (est.),16,266
senate,30,surname,All others (est.),17,410
senate,30,surname,All others (est.),18,335
senate,30,surname,All others (est.),19,394
senate,30,surname,All others (est.),20,521
senate,30,surname,All others (est.),21,256
senate,30,surname,All others (est.),22,367
senate,30,surname,All others (est.),23,7
senate,30,surname,All others (est.),24,217
senate,30,surname,All others (est.),25,384
senate,30,surname,All others (est.),26,392
senate,30,surname,All others (est.),27,502
senate,30,surname,All others (est.),28,198
senate,30,surname,All others (est.),29,101
senate,30,surname,All others (est.),31,166
senate,30,surname,All others (est.),32,97
senate,30,surname,All others (est.),33,408
senate,30,surname,All others (est.),34,91
senate,30,surname,All others (est.),35,25
senate,30,surname,All others (est.),36,100
senate,30,surname,All others (est.),37,20
senate,30,surname,Asian (est.),4,2893
senate,30,surname,Asian (est.),5,1559
senate,30,surname,Asian (est.),6,1497
senate,30,surname,Asian (est.),7,1464
senate,30,surname,Asian (est.),8,1646
senate,30,surname,Asian (est.),9,1020
senate,30,surname,Asian (est.),10,1831
senate,30,surname,Asian (est.),11,2000
senate,30,surname,Asian (est.),12,1535
senate,30,surname,Asian (est.),13,1551
senate,30,surname,Asian (est.),14,1657
senate,30,surname,Asian (est.),15,1731
senate,30,surname,Asian (est.),16,13
senate,30,surname,Asian (est.),17,13
senate,30,surname,Asian (est.),18,11
senate,30,surname,Asian (est.),19,8
senate,30,surname,Asian (est.),20,15
senate,30,surname,Asian (est.),21,12
senate,30,surname,Asian (est.),22,12
senate,30,surname,Asian (est.),23,1
senate,30,surname,Asian (est.),24,13
senate,30,surname,Asian (est.),25,11
senate,30,surname,Asian (est.),26,9
senate,30,surname,Asian (est.),27,13
senate,30,surname,Asian (est.),28,3
senate,30,surname,Asian (est.),29,3
senate,30,surname,Asian (est.),31,12
senate,30,surname,Asian (est.),32,3
senate,30,surname,Asian (est.),33,14
senate,30,surname,Asian (est.),34,1
senate,30,surname,Asian (est.),36,3
senate,30,surname,Hispanic (est.),4,4620
senate,30,surname,Hispanic (est.),5,2741
senate,30,surname,Hispanic (est.),6,2805
senate,30,surname,Hispanic (est.),7,2834
senate,30,surname,Hispanic (est.),8,3035
senate,30,surname,Hispanic (est.),9,1566
senate,30,surname,Hispanic (est.),10,2906
senate,30,surname,Hispanic (est.),11,3884
senate,30,surname,Hispanic (est.),12,3325
senate,30,surname,Hispanic (est.),13,3480
senate,30,surname,Hispanic (est.),14,3764
senate,30,surname,Hispanic (est.),15,4112
senate,30,surname,Hispanic (est.),16,19
senate,30,surname,Hispanic (est.),17,37
senate,30,surname,Hispanic (est.),18,21
senate,30,surname,Hispanic (est.),19,26
senate,30,surname,Hispanic (est.),20,32
senate,30,surname,Hispanic (est.),21,22
senate,30,surname,Hispanic (est.),22,23
senate,30,surname,Hispanic (est.),23,1
senate,30,surname,Hispanic (est.),24,16
senate,30,surname,Hispanic (est.),25,27
senate,30,surname,Hispanic (est.),26,24
senate,30,surname,Hispanic (est.),27,35
senate,30,surname,Hispanic (est.),28,14
senate,30,surname,Hispanic (est.),29,6
senate,30,surname,Hispanic (est.),31,18
senate,30,surname,Hispanic (est.),32,5
senate,30,surname,Hispanic (est.),33,32
senate,30,surname,Hispanic (est.),34,3
senate,30,surname,Hispanic (est.),35,1
senate,30,surname,Hispanic (est.),36,3
senate,31,surname,All others (est.),4,15773
senate,31,surname,All others (est.),5,10520
senate,31,surname,All others (est.),6,11044
senate,31,surname,All others (est.),7,12337
senate,31,surname,All others (est.),8,14196
senate,31,surname,All others (est.),9,5910
senate,31,surname,All others (est.),10,13059
senate,31,surname,All others (est.),11,17826
senate,31,surname,All others (est.),12,16248
senate,31,surname,All others (est.),13,17081
senate,31,surname,All others (est.),14,18723
senate,31,surname,All others (est.),15,20756
senate,31,surname,All others (est.),16,2
senate,31,surname,All others (est.),17,164
senate,31,surname,All others (est.),18,300
senate,31,surname,All others (est.),19,354
senate,31,surname,All others (est.),20,234
senate,31,surname,All others (est.),21,362
senate,31,surname,All others (est.),22,138
senate,31,surname,All others (est.),23,78
senate,31,surname,All others (est.),24,14
senate,31,surname,All others (est.),25,221
senate,31,surname,All others (est.),26,261
senate,31,surname,All others (est.),27,356
senate,31,surname,All others (est.),28,203
senate,31,surname,All others (est.),29,332
senate,31,surname,All others (est.),30,99
senate,31,surname,All others (est.),31,24
senate,31,surname,All others (est.),32,159
senate,31,surname,All others (est.),33,111
senate,31,surname,All others (est.),34,227
senate,31,surname,All others (est.),35,215
senate,31,surname,All others (est.),36,175
senate,31,surname,All others (est.),37,147
senate,31,surname,Asian (est.),4,468
senate,31,surname,Asian (est.),5,298
senate,31,surname,Asian (est.),6,296
senate,31,surname,Asian (est.),7,298
senate,31,surname,Asian (est.),8,365
senate,31,surname,Asian (est.),9,139
senate,31,surname,Asian (est.),10,341
senate,31,surname,Asian (est.),11,369
senate,31,surname,Asian (est.),12,331
senate,31,surname,Asian (est.),13,316
senate,31,surname,Asian (est.),14,351
senate,31,surname,Asian (est.),15,386
senate,31,surname,Asian (est.),17,2
senate,31,surname,Asian (est.),18,5
senate,31,surname,Asian (est.),19,6
senate,31,surname,Asian (est.),20,4
senate,31,surname,Asian (est.),21,5
senate,31,surname,Asian (est.),22,3
senate,31,surname,Asian (est.),23,1
senate,31,surname,Asian (est.),25,3
senate,31,surname,Asian (est.),26,3
senate,31,surname,Asian (est.),27,4
senate,31,surname,Asian (est.),28,2
senate,31,surname,Asian (est.),29,5
senate,31,surname,Asian (est.),30,1
senate,31,surname,Asian (est.),32,2
senate,31,surname,Asian (est.),33,2
senate,31,surname,Asian (est.),34,3
senate,31,surname,Asian (est.),35,5
senate,31,surname,Asian (est.),36,4
senate,31,surname,Asian (est.),37,2
senate,31,surname,Hispanic (est.),4,6871
senate,31,surname,Hispanic (est.),5,3822
senate,31,surname,Hispanic (est.),6,3893
senate,31,surname,Hispanic (est.),7,4032
senate,31,surname,Hispanic (est.),8,4188
senate,31,surname,Hispanic (est.),9,1852
senate,31,surname,Hispanic (est.),10,3822
senate,31,surname,Hispanic (est.),11,4593
senate,31,surname,Hispanic (est.),12,3699
senate,31,surname,Hispanic (est.),13,3517
senate,31,surname,Hispanic (est.),14,3718
senate,31,surname,Hispanic (est.),15,3834
senate,31,surname,Hispanic (est.),17,28
senate,31,surname,Hispanic (est.),18,46
senate,31,surname,Hispanic (est.),19,40
senate,31,surname,Hispanic (est.),20,44
senate,31,surname,Hispanic (est.),21,36
senate,31,surname,Hispanic (est.),22,25
senate,31,surname,Hispanic (est.),23,6
senate,31,surname,Hispanic (est.),24,4
senate,31,surname,Hispanic (est.),25,31
senate,31,surname,Hispanic (est.),26,43
senate,31,surname,Hispanic (est.),27,50
senate,31,surname,Hispanic (est.),28,44
senate,31,surname,Hispanic (est.),29,44
senate,31,surname,Hispanic (est.),30,7
senate,31,surname,Hispanic (est.),31,5
senate,31,surname,Hispanic (est.),32,21
senate,31,surname,Hispanic (est.),33,10
senate,31,surname,Hispanic (est.),34,22
senate,31,surname,Hispanic (est.),35,30
senate,31,surname,Hispanic (est.),36,22
senate,31,surname,Hispanic (est.),37,10
senate,4,surname,All others (est.),4,25843
senate,4,surname,All others (est.),5,19209
senate,4,surname,All others (est.),6,21392
senate,4,surname,All others (est.),7,24139
senate,4,surname,All others (est.),8,25747
senate,4,surname,All others (est.),9,12115
senate,4,surname,All others (est.),10,22382
senate,4,surname,All others (est.),11,25450
senate,4,surname,All others (est.),12,24352
senate,4,surname,All others (est.),13,25233
senate,4,surname,All others (est.),14,24988
senate,4,surname,All others (est.),15,26652
senate,4,surname,All others (est.),17,87
senate,4,surname,All others (est.),18,489
senate,4,surname,All others (est.),19,366
senate,4,surname,All others (est.),20,395
senate,4,surname,All others (est.),21,692
senate,4,surname,All others (est.),22,140
senate,4,surname,All others (est.),24,89
senate,4,surname,All others (est.),25,341
senate,4,surname,All others (est.),26,421
senate,4,surname,All others (est.),27,441
senate,4,surname,All others (est.),28,383
senate,4,surname,All others (est.),29,842
senate,4,surname,All others (est.),32,443
senate,4,surname,All others (est.),33,265
senate,4,surname,All others (est.),34,385
senate,4,surname,All others (est.),35,152
senate,4,surname,All others (est.),36,184
senate,4,surname,All others (est.),37,18
senate,4,surname,Asian (est.),4,1168
senate,4,surname,Asian (est.),5,833
senate,4,surname,Asian (est.),6,873
senate,4,surname,Asian (est.),7,923
senate,4,surname,Asian (est.),8,1018
senate,4,surname,Asian (est.),9,540
senate,4,surname,Asian (est.),10,943
senate,4,surname,Asian (est.),11,856
senate,4,surname,Asian (est.),12,733
senate,4,surname,Asian (est.),13,822
senate,4,surname,Asian (est.),14,778
senate,4,surname,Asian (est.),15,854
senate,4,surname,Asian (est.),17,4
senate,4,surname,Asian (est.),18,16
senate,4,surname,Asian (est.),19,9
senate,4,surname,Asian (est.),20,9
senate,4,surname,Asian (est.),21,14
senate,4,surname,Asian (est.),22,4
senate,4,surname,Asian (est.),24,4
senate,4,surname,Asian (est.),25,9
senate,4,surname,Asian (est.),26,12
senate,4,surname,Asian (est.),27,13
senate,4,surname,Asian (est.),28,8
senate,4,surname,Asian (est.),29,27
senate,4,surname,Asian (est.),32,9
senate,4,surname,Asian (est.),33,9
senate,4,surname,Asian (est.),34,9
senate,4,surname,Asian (est.),35,2
senate,4,surname,Asian (est.),36,5
senate,4,surname,Asian (est.),37,2
senate,4,surname,Hispanic (est.),4,6385
senate,4,surname,Hispanic (est.),5,4142
senate,4,surname,Hispanic (est.),6,4225
senate,4,surname,Hispanic (est.),7,4337
senate,4,surname,Hispanic (est.),8,4424
senate,4,surname,Hispanic (est.),9,2254
senate,4,surname,Hispanic (est.),10,4431
senate,4,surname,Hispanic (est.),11,4281
senate,4,surname,Hispanic (est.),12,3536
senate,4,surname,Hispanic (est.),13,3708
senate,4,surname,Hispanic (est.),14,3471
senate,4,surname,Hispanic (est.),15,3631
senate,4,surname,Hispanic (est.),17,8
senate,4,surname,Hispanic (est.),18,48
senate,4,surname,Hispanic (est.),19,30
senate,4,surname,Hispanic (est.),20,29
senate,4,surname,Hispanic (est.),21,63
senate,4,surname,Hispanic (est.),22,16
senate,4,surname,Hispanic (est.),24,8
senate,4,surname,Hispanic (est.),25,24
senate,4,surname,Hispanic (est.),26,30
senate,4,surname,Hispanic (est.),27,31
senate,4,surname,Hispanic (est.),28,40
senate,4,surname,Hispanic (est.),29,70
senate,4,surname,Hispanic (est.),32,33
senate,4,surname,Hispanic (est.),33,30
senate,4,surname,Hispanic (est.),34,30
senate,4,surname,Hispanic (est.),35,9
senate,4,surname,Hispanic (est.),36,13
senate,4,surname,Hispanic (est.),37,3
senate,5,surname,All others (est.),4,24228
senate,5,surname,All others (est.),5,17436
senate,5,surname,All others (est.),6,19040
senate,5,surname,All others (est.),7,20628
senate,5,surname,All others (est.),8,23286
senate,5,surname,All others (est.),9,9629
senate,5,surname,All others (est.),10,18387
senate,5,surname,All others (est.),11,28026
senate,5,surname,All others (est.),12,26851
senate,5,surname,All others (est.),13,29408
senate,5,surname,All others (est.),14,29339
senate,5,surname,All others (est.),15,32095
senate,5,surname,All others (est.),16,3
senate,5,surname,All others (est.),17,3
senate,5,surname,All others (est.),18,629
senate,5,surname,All others (est.),19,909
senate,5,surname,All others (est.),20,381
senate,5,surname,All others (est.),21,542
senate,5,surname,All others (est.),22,397
senate,5,surname,All others (est.),25,140
senate,5,surname,All others (est.),26,196
senate,5,surname,All others (est.),27,185
senate,5,surname,All others (est.),28,82
senate,5,surname,All others (est.),29,378
senate,5,surname,All others (est.),32,158
senate,5,surname,All others (est.),33,185
senate,5,surname,All others (est.),34,189
senate,5,surname,All others (est.),35,61
senate,5,surname,All others (est.),36,58
senate,5,surname,All others (est.),37,31
senate,5,surname,Asian (est.),4,1364
senate,5,surname,Asian (est.),5,934
senate,5,surname,Asian (est.),6,906
senate,5,surname,Asian (est.),7,874
senate,5,surname,Asian (est.),8,989
senate,5,surname,Asian (est.),9,501
senate,5,surname,Asian (est.),10,899
senate,5,surname,Asian (est.),11,1079
senate,5,surname,Asian (est.),12,962
senate,5,surname,Asian (est.),13,984
senate,5,surname,Asian (est.),14,922
senate,5,surname,Asian (est.),15,1000
senate,5,surname,Asian (est.),18,14
senate,5,surname,Asian (est.),19,20
senate,5,surname,Asian (est.),20,13
senate,5,surname,Asian (est.),21,18
senate,5,surname,Asian (est.),22,8
senate,5,surname,Asian (est.),25,4
senate,5,surname,Asian (est.),26,5
senate,5,surname,Asian (est.),27,7
senate,5,surname,Asian (est.),28,8
senate,5,surname,Asian (est.),29,7
senate,5,surname,Asian (est.),32,3
senate,5,surname,Asian (est.),33,6
senate,5,surname,Asian (est.),34,2
senate,5,surname,Asian (est.),35,3
senate,5,surname,Asian (est.),36,1
senate,5,surname,Hispanic (est.),4,5620
senate,5,surname,Hispanic (est.),5,3601
senate,5,surname,Hispanic (est.),6,3709
senate,5,surname,Hispanic (est.),7,3628
senate,5,surname,Hispanic (est.),8,3898
senate,5,surname,Hispanic (est.),9,1900
senate,5,surname,Hispanic (est.),10,3630
senate,5,surname,Hispanic (est.),11,4530
senate,5,surname,Hispanic (est.),12,3993
senate,5,surname,Hispanic (est.),13,4156
senate,5,surname,Hispanic (est.),14,4082
senate,5,surname,Hispanic (est.),15,4586
senate,5,surname,Hispanic (est.),16,1
senate,5,surname,Hispanic (est.),17,1
senate,5,surname,Hispanic (est.),18,67
senate,5,surname,Hispanic (est.),19,100
senate,5,surname,Hispanic (est.),20,48
senate,5,surname,Hispanic (est.),21,70
senate,5,surname,Hispanic (est.),22,38
senate,5,surname,Hispanic (est.),25,10
senate,5,surname,Hispanic (est.),26,15
senate,5,surname,Hispanic (est.),27,12
senate,5,surname,Hispanic (est.),28,11
senate,5,surname,Hispanic (est.),29,31
senate,5,surname,Hispanic (est.),32,16
senate,5,surname,Hispanic (est.),33,20
senate,5,surname,Hispanic (est.),34,20
senate,5,surname,Hispanic (est.),35,5
senate,5,surname,Hispanic (est.),36,7
senate,5,surname,Hispanic (est.),37,4
senate,6,surname,All others (est.),4,7187
senate,6,surname,All others (est.),5,4864
senate,6,surname,All others (est.),6,4716
senate,6,surname,All others (est.),7,5195
senate,6,surname,All others (est.),8,5259
senate,6,surname,All others (est.),9,2281
senate,6,surname,All others (est.),10,3829
senate,6,surname,All others (est.),11,6126
senate,6,surname,All others (est.),12,5694
senate,6,surname,All others (est.),13,6461
senate,6,surname,All others (est.),14,7016
senate,6,surname,All others (est.),15,8440
senate,6,surname,All others (est.),17,29
senate,6,surname,All others (est.),18,133
senate,6,surname,All others (est.),19,34
senate,6,surname,All others (est.),20,217
senate,6,surname,All others (est.),22,125
senate,6,surname,All others (est.),24,89
senate,6,surname,All others (est.),25,143
senate,6,surname,All others (est.),26,250
senate,6,surname,All others (est.),27,69
senate,6,surname,All others (est.),28,248
senate,6,surname,All others (est.),29,244
senate,6,surname,All others (est.),32,164
senate,6,surname,All others (est.),33,53
senate,6,surname,All others (est.),34,86
senate,6,surname,All others (est.),35,5
senate,6,surname,All others (est.),36,23
senate,6,surname,All others (est.),37,2
senate,6,surname,Asian (est.),4,678
senate,6,surname,Asian (est.),5,506
senate,6,surname,Asian (est.),6,481
senate,6,surname,Asian (est.),7,505
senate,6,surname,Asian (est.),8,502
senate,6,surname,Asian (est.),9,277
senate,6,surname,Asian (est.),10,372
senate,6,surname,Asian (est.),11,559
senate,6,surname,Asian (est.),12,488
senate,6,surname,Asian (est.),13,566
senate,6,surname,Asian (est.),14,521
senate,6,surname,Asian (est.),15,615
senate,6,surname,Asian (est.),17,2
senate,6,surname,Asian (est.),18,4
senate,6,surname,Asian (est.),19,1
senate,6,surname,Asian (est.),20,7
senate,6,surname,Asian (est.),22,4
senate,6,surname,Asian (est.),24,4
senate,6,surname,Asian (est.),25,9
senate,6,surname,Asian (est.),26,10
senate,6,surname,Asian (est.),27,3
senate,6,surname,Asian (est.),28,12
senate,6,surname,Asian (est.),29,10
senate,6,surname,Asian (est.),32,7
senate,6,surname,Asian (est.),33,1
senate,6,surname,Asian (est.),34,2
senate,6,surname,Hispanic (est.),4,10095
senate,6,surname,Hispanic (est.),5,5930
senate,6,surname,Hispanic (est.),6,5369
senate,6,surname,Hispanic (est.),7,5617
senate,6,surname,Hispanic (est.),8,5152
senate,6,surname,Hispanic (est.),9,2301
senate,6,surname,Hispanic (est.),10,4163
senate,6,surname,Hispanic (est.),11,5588
senate,6,surname,Hispanic (est.),12,4791
senate,6,surname,Hispanic (est.),13,5062
senate,6,surname,Hispanic (est.),14,4974
senate,6,surname,Hispanic (est.),15,5652
senate,6,surname,Hispanic (est.),17,16
senate,6,surname,Hispanic (est.),18,64
senate,6,surname,Hispanic (est.),19,15
senate,6,surname,Hispanic (est.),20,115
senate,6,surname,Hispanic (est.),21,1
senate,6,surname,Hispanic (est.),22,49
senate,6,surname,Hispanic (est.),24,46
senate,6,surname,Hispanic (est.),25,55
senate,6,surname,Hispanic (est.),26,103
senate,6,surname,Hispanic (est.),27,27
senate,6,surname,Hispanic (est.),28,115
senate,6,surname,Hispanic (est.),29,124
senate,6,surname,Hispanic (est.),32,82
senate,6,surname,Hispanic (est.),33,26
senate,6,surname,Hispanic (est.),34,31
senate,6,surname,Hispanic (est.),35,3
senate,6,surname,Hispanic (est.),36,5
senate,6,surname,Hispanic (est.),37,1
senate,7,surname,All others (est.),4,23767
senate,7,surname,All others (est.),5,17012
senate,7,surname,All others (est.),6,17644
senate,7,surname,All others (est.),7,19445
senate,7,surname,All others (est.),8,20770
senate,7,surname,All others (est.),9,9502
senate,7,surname,All others (est.),10,15827
senate,7,surname,All others (est.),11,24617
senate,7,surname,All others (est.),12,22716
senate,7,surname,All others (est.),13,23676
senate,7,surname,All others (est.),14,24620
senate,7,surname,All others (est.),15,25193
senate,7,surname,All others (est.),17,80
senate,7,surname,All others (est.),18,331
senate,7,surname,All others (est.),19,143
senate,7,surname,All others (est.),20,565
senate,7,surname,All others (est.),21,66
senate,7,surname,All others (est.),22,301
senate,7,surname,All others (est.),24,188
senate,7,surname,All others (est.),25,309
senate,7,surname,All others (est.),26,522
senate,7,surname,All others (est.),27,178
senate,7,surname,All others (est.),28,474
senate,7,surname,All others (est.),29,473
senate,7,surname,All others (est.),32,300
senate,7,surname,All others (est.),33,123
senate,7,surname,All others (est.),34,147
senate,7,surname,All others (est.),35,7
senate,7,surname,All others (est.),36,33
senate,7,surname,All others (est.),37,2
senate,7,surname,Asian (est.),4,2695
senate,7,surname,Asian (est.),5,1835
senate,7,surname,Asian (est.),6,1706
senate,7,surname,Asian (est.),7,1771
senate,7,surname,Asian (est.),8,1916
senate,7,surname,Asian (est.),9,1234
senate,7,surname,Asian (est.),10,1734
senate,7,surname,Asian (est.),11,2048
senate,7,surname,Asian (est.),12,1815
senate,7,surname,Asian (est.),13,1823
senate,7,surname,Asian (est.),14,1951
senate,7,surname,Asian (est.),15,1916
senate,7,surname,Asian (est.),17,5
senate,7,surname,Asian (est.),18,21
senate,7,surname,Asian (est.),19,10
senate,7,surname,Asian (est.),20,39
senate,7,surname,Asian (est.),21,3
senate,7,surname,Asian (est.),22,21
senate,7,surname,Asian (est.),24,15
senate,7,surname,Asian (est.),25,20
senate,7,surname,Asian (est.),26,30
senate,7,surname,Asian (est.),27,13
senate,7,surname,Asian (est.),28,39
senate,7,surname,Asian (est.),29,17
senate,7,surname,Asian (est.),32,17
senate,7,surname,Asian (est.),33,4
senate,7,surname,Asian (est.),34,4
senate,7,surname,Asian (est.),36,1
senate,7,surname,Hispanic (est.),4,7597
senate,7,surname,Hispanic (est.),5,4863
senate,7,surname,Hispanic (est.),6,4463
senate,7,surname,Hispanic (est.),7,4694
senate,7,surname,Hispanic (est.),8,4930
senate,7,surname,Hispanic (est.),9,2551
senate,7,surname,Hispanic (est.),10,4370
senate,7,surname,Hispanic (est.),11,5509
senate,7,surname,Hispanic (est.),12,4607
senate,7,surname,Hispanic (est.),13,4599
senate,7,surname,Hispanic (est.),14,4583
senate,7,surname,Hispanic (est.),15,4723
senate,7,surname,Hispanic (est.),17,11
senate,7,surname,Hispanic (est.),18,33
senate,7,surname,Hispanic (est.),19,18
senate,7,surname,Hispanic (est.),20,68
senate,7,surname,Hispanic (est.),21,6
senate,7,surname,Hispanic (est.),22,35
senate,7,surname,Hispanic (est.),24,30
senate,7,surname,Hispanic (est.),25,28
senate,7,surname,Hispanic (est.),26,57
senate,7,surname,Hispanic (est.),27,20
senate,7,surname,Hispanic (est.),28,48
senate,7,surname,Hispanic (est.),29,64
senate,7,surname,Hispanic (est.),32,40
senate,7,surname,Hispanic (est.),33,12
senate,7,surname,Hispanic (est.),34,16
senate,7,surname,Hispanic (est.),36,4
senate,7,surname,Hispanic (est.),37,1
senate,8,surname,All others (est.),4,30201
senate,8,surname,All others (est.),5,20038
senate,8,surname,All others (est.),6,21388
senate,8,surname,All others (est.),7,23330
senate,8,surname,All others (est.),8,27042
senate,8,surname,All others (est.),9,11736
senate,8,surname,All others (est.),10,27223
senate,8,surname,All others (est.),11,32368
senate,8,surname,All others (est.),12,28590
senate,8,surname,All others (est.),13,30762
senate,8,surname,All others (est.),14,32860
senate,8,surname,All others (est.),15,35461
senate,8,surname,All others (est.),17,388
senate,8,surname,All others (est.),18,268
senate,8,surname,All others (est.),19,602
senate,8,surname,All others (est.),20,156
senate,8,surname,All others (est.),21,708
senate,8,surname,All others (est.),22,39
senate,8,surname,All others (est.),23,81
senate,8,surname,All others (est.),24,48
senate,8,surname,All others (est.),25,216
senate,8,surname,All others (est.),26,78
senate,8,surname,All others (est.),27,91
senate,8,surname,All others (est.),28,43
senate,8,surname,All others (est.),29,166
senate,8,surname,All others (est.),31,118
senate,8,surname,All others (est.),32,49
senate,8,surname,All others (est.),33,47
senate,8,surname,All others (est.),34,60
senate,8,surname,All others (est.),35,65
senate,8,surname,All others (est.),36,15
senate,8,surname,All others (est.),37,13
senate,8,surname,Asian (est.),4,4408
senate,8,surname,Asian (est.),5,2559
senate,8,surname,Asian (est.),6,2436
senate,8,surname,Asian (est.),7,2521
senate,8,surname,Asian (est.),8,2693
senate,8,surname,Asian (est.),9,1748
senate,8,surname,Asian (est.),10,3448
senate,8,surname,Asian (est.),11,2907
senate,8,surname,Asian (est.),12,2283
senate,8,surname,Asian (est.),13,2296
senate,8,surname,Asian (est.),14,2418
senate,8,surname,Asian (est.),15,2306
senate,8,surname,Asian (est.),17,32
senate,8,surname,Asian (est.),18,16
senate,8,surname,Asian (est.),19,39
senate,8,surname,Asian (est.),20,12
senate,8,surname,Asian (est.),21,51
senate,8,surname,Asian (est.),23,11
senate,8,surname,Asian (est.),24,3
senate,8,surname,Asian (est.),25,14
senate,8,surname,Asian (est.),26,3
senate,8,surname,Asian (est.),27,3
senate,8,surname,Asian (est.),28,1
senate,8,surname,Asian (est.),29,7
senate,8,surname,Asian (est.),31,11
senate,8,surname,Asian (est.),32,2
senate,8,surname,Asian (est.),33,3
senate,8,surname,Asian (est.),34,3
senate,8,surname,Asian (est.),35,1
senate,8,surname,Asian (est.),36,3
senate,8,surname,Asian (est.),37,1
senate,8,surname,Hispanic (est.),4,5149
senate,8,surname,Hispanic (est.),5,2992
senate,8,surname,Hispanic (est.),6,3095
senate,8,surname,Hispanic (est.),7,3231
senate,8,surname,Hispanic (est.),8,3470
senate,8,surname,Hispanic (est.),9,1684
senate,8,surname,Hispanic (est.),10,4145
senate,8,surname,Hispanic (est.),11,3991
senate,8,surname,Hispanic (est.),12,3251
senate,8,surname,Hispanic (est.),13,3224
senate,8,surname,Hispanic (est.),14,3394
senate,8,surname,Hispanic (est.),15,3741
senate,8,surname,Hispanic (est.),17,29
senate,8,surname,Hispanic (est.),18,16
senate,8,surname,Hispanic (est.),19,50
senate,8,surname,Hispanic (est.),20,15
senate,8,surname,Hispanic (est.),21,52
senate,8,surname,Hispanic (est.),22,3
senate,8,surname,Hispanic (est.),23,9
senate,8,surname,Hispanic (est.),24,6
senate,8,surname,Hispanic (est.),25,10
senate,8,surname,Hispanic (est.),26,3
senate,8,surname,Hispanic (est.),27,7
senate,8,surname,Hispanic (est.),28,2
senate,8,surname,Hispanic (est.),29,13
senate,8,surname,Hispanic (est.),31,12
senate,8,surname,Hispanic (est.),32,2
senate,8,surname,Hispanic (est.),33,4
senate,8,surname,Hispanic (est.),34,4
senate,8,surname,Hispanic (est.),35,3
senate,8,surname,Hispanic (est.),36,1
senate,9,surname,All others (est.),4,23806
senate,9,surname,All others (est.),5,17367
senate,9,surname,All others (est.),6,18542
senate,9,surname,All others (est.),7,20453
senate,9,surname,All others (est.),8,23265
senate,9,surname,All others (est.),9,10320
senate,9,surname,All others (est.),10,21510
senate,9,surname,All others (est.),11,24455
senate,9,surname,All others (est.),12,22158
senate,9,surname,All others (est.),13,22741
senate,9,surname,All others (est.),14,23551
senate,9,surname,All others (est.),15,24553
senate,9,surname,All others (est.),17,613
senate,9,surname,All others (est.),18,457
senate,9,surname,All others (est.),19,721
senate,9,surname,All others (est.),20,776
senate,9,surname,All others (est.),21,601
senate,9,surname,All others (est.),25,649
senate,9,surname,All others (est.),26,533
senate,9,surname,All others (est.),27,102
senate,9,surname,All others (est.),28,47
senate,9,surname,All others (est.),29,103
senate,9,surname,All others (est.),32,37
senate,9,surname,All others (est.),33,25
senate,9,surname,All others (est.),34,11
senate,9,surname,All others (est.),35,5
senate,9,surname,All others (est.),36,18
senate,9,surname,All others (est.),37,3
senate,9,surname,Asian (est.),4,1734
senate,9,surname,Asian (est.),5,1055
senate,9,surname,Asian (est.),6,1096
senate,9,surname,Asian (est.),7,1143
senate,9,surname,Asian (est.),8,1316
senate,9,surname,Asian (est.),9,649
senate,9,surname,Asian (est.),10,1299
senate,9,surname,Asian (est.),11,1192
senate,9,surname,Asian (est.),12,999
senate,9,surname,Asian (est.),13,967
senate,9,surname,Asian (est.),14,923
senate,9,surname,Asian (est.),15,965
senate,9,surname,Asian (est.),17,20
senate,9,surname,Asian (est.),18,15
senate,9,surname,Asian (est.),19,23
senate,9,surname,Asian (est.),20,29
senate,9,surname,Asian (est.),21,19
senate,9,surname,Asian (est.),25,14
senate,9,surname,Asian (est.),26,17
senate,9,surname,Asian (est.),27,8
senate,9,surname,Asian (est.),28,2
senate,9,surname,Asian (est.),29,3
senate,9,surname,Asian (est.),32,1
senate,9,surname,Hispanic (est.),4,6315
senate,9,surname,Hispanic (est.),5,3918
senate,9,surname,Hispanic (est.),6,4053
senate,9,surname,Hispanic (est.),7,4210
senate,9,surname,Hispanic (est.),8,4393
senate,9,surname,Hispanic (est.),9,1992
senate,9,surname,Hispanic (est.),10,4339
senate,9,surname,Hispanic (est.),11,4275
senate,9,surname,Hispanic (est.),12,3448
senate,9,surname,Hispanic (est.),13,3418
senate,9,surname,Hispanic (est.),14,3473
senate,9,surname,Hispanic (est.),15,3590
senate,9,surname,Hispanic (est.),17,71
senate,9,surname,Hispanic (est.),18,56
senate,9,surname,Hispanic (est.),19,68
senate,9,surname,Hispanic (est.),20,85
senate,9,surname,Hispanic (est.),21,56
senate,9,surname,Hispanic (est.),25,65
senate,9,surname,Hispanic (est.),26,56
senate,9,surname,Hispanic (est.),27,8
senate,9,surname,Hispanic (est.),28,3
senate,9,surname,Hispanic (est.),29,11
senate,9,surname,Hispanic (est.),32,3
senate,9,surname,Hispanic (est.),33,1
senate,9,surname,Hispanic (est.),34,1
senate,9,surname,Hispanic (est.),36,1
senate,9,surname,Hispanic (est.),37,1
