county,chamber,district,mode,days_out,ballots
ANDERSON,house,8,inperson,4,910
ANDERSON,house,8,inperson,5,672
ANDERSON,house,8,inperson,6,652
ANDERSON,house,8,inperson,7,669
ANDERSON,house,8,inperson,8,724
ANDERSON,house,8,inperson,9,119
ANDERSON,house,8,inperson,10,389
ANDERSON,house,8,inperson,11,705
ANDERSON,house,8,inperson,12,769
ANDERSON,house,8,inperson,13,941
ANDERSON,house,8,inperson,14,891
ANDERSON,house,8,inperson,15,924
ANDERSON,house,8,mail,4,36
ANDERSON,house,8,mail,5,12
ANDERSON,house,8,mail,6,21
ANDERSON,house,8,mail,8,28
ANDERSON,house,8,mail,12,26
ANDERSON,house,8,mail,13,22
ANDERSON,house,8,mail,14,9
ANDERSON,house,8,mail,15,26
ANDERSON,house,8,mail,18,152
ANDERSON,house,8,mail,21,1
ANDERSON,house,8,mail,25,1
ANDERSON,house,8,mail,26,3
ANDERSON,house,8,mail,34,3
ANDERSON,senate,3,inperson,4,910
ANDERSON,senate,3,inperson,5,672
ANDERSON,senate,3,inperson,6,652
ANDERSON,senate,3,inperson,7,669
ANDERSON,senate,3,inperson,8,724
ANDERSON,senate,3,inperson,9,119
ANDERSON,senate,3,inperson,10,389
ANDERSON,senate,3,inperson,11,705
ANDERSON,senate,3,inperson,12,769
ANDERSON,senate,3,inperson,13,941
ANDERSON,senate,3,inperson,14,891
ANDERSON,senate,3,inperson,15,924
ANDERSON,senate,3,mail,4,36
ANDERSON,senate,3,mail,5,12
ANDERSON,senate,3,mail,6,21
ANDERSON,senate,3,mail,8,28
ANDERSON,senate,3,mail,12,26
ANDERSON,senate,3,mail,13,22
ANDERSON,senate,3,mail,14,9
ANDERSON,senate,3,mail,15,26
ANDERSON,senate,3,mail,18,152
ANDERSON,senate,3,mail,21,1
ANDERSON,senate,3,mail,25,1
ANDERSON,senate,3,mail,26,3
ANDERSON,senate,3,mail,34,3
ANDREWS,house,88,inperson,4,352
ANDREWS,house,88,inperson,5,218
ANDREWS,house,88,inperson,6,152
ANDREWS,house,88,inperson,7,185
ANDREWS,house,88,inperson,8,196
ANDREWS,house,88,inperson,11,273
ANDREWS,house,88,inperson,12,177
ANDREWS,house,88,inperson,13,221
ANDREWS,house,88,inperson,14,198
ANDREWS,house,88,inperson,15,203
ANDREWS,house,88,mail,4,1
ANDREWS,house,88,mail,5,2
ANDREWS,house,88,mail,7,1
ANDREWS,house,88,mail,8,3
ANDREWS,house,88,mail,11,3
ANDREWS,house,88,mail,13,1
ANDREWS,house,88,mail,14,2
ANDREWS,house,88,mail,15,3
ANDREWS,house,88,mail,20,1
ANDREWS,house,88,mail,21,3
ANDREWS,house,88,mail,22,2
ANDREWS,house,88,mail,25,1
ANDREWS,house,88,mail,26,4
ANDREWS,house,88,mail,27,2
ANDREWS,house,88,mail,32,3
ANDREWS,house,88,mail,33,4
ANDREWS,house,88,mail,35,6
ANDREWS,house,88,mail,37,15
ANDREWS,senate,31,inperson,4,352
ANDREWS,senate,31,inperson,5,218
ANDREWS,senate,31,inperson,6,152
ANDREWS,senate,31,inperson,7,185
ANDREWS,senate,31,inperson,8,196
ANDREWS,senate,31,inperson,11,273
ANDREWS,senate,31,inperson,12,177
ANDREWS,senate,31,inperson,13,221
ANDREWS,senate,31,inperson,14,198
ANDREWS,senate,31,inperson,15,203
ANDREWS,senate,31,mail,4,1
ANDREWS,senate,31,mail,5,2
ANDREWS,senate,31,mail,7,1
ANDREWS,senate,31,mail,8,3
ANDREWS,senate,31,mail,11,3
ANDREWS,senate,31,mail,13,1
ANDREWS,senate,31,mail,14,2
ANDREWS,senate,31,mail,15,3
ANDREWS,senate,31,mail,20,1
ANDREWS,senate,31,mail,21,3
ANDREWS,senate,31,mail,22,2
ANDREWS,senate,31,mail,25,1
ANDREWS,senate,31,mail,26,4
ANDREWS,senate,31,mail,27,2
ANDREWS,senate,31,mail,32,3
ANDREWS,senate,31,mail,33,4
ANDREWS,senate,31,mail,35,6
ANDREWS,senate,31,mail,37,15
ANGELINA,house,9,inperson,4,1812
ANGELINA,house,9,inperson,5,1224
ANGELINA,house,9,inperson,6,1166
ANGELINA,house,9,inperson,7,1116
ANGELINA,house,9,inperson,8,1216
ANGELINA,house,9,inperson,9,222
ANGELINA,house,9,inperson,10,589
ANGELINA,house,9,inperson,11,1415
ANGELINA,house,9,inperson,12,1340
ANGELINA,house,9,inperson,13,1351
ANGELINA,house,9,inperson,14,1618
ANGELINA,house,9,inperson,15,1516
ANGELINA,house,9,mail,4,32
ANGELINA,house,9,mail,5,2
ANGELINA,house,9,mail,6,25
ANGELINA,house,9,mail,7,37
ANGELINA,house,9,mail,8,25
ANGELINA,house,9,mail,10,4
ANGELINA,house,9,mail,11,14
ANGELINA,house,9,mail,12,99
ANGELINA,house,9,mail,13,2
ANGELINA,house,9,mail,14,43
ANGELINA,house,9,mail,15,51
ANGELINA,house,9,mail,18,39
ANGELINA,house,9,mail,19,5
ANGELINA,house,9,mail,20,3
ANGELINA,house,9,mail,21,51
ANGELINA,house,9,mail,22,39
ANGELINA,house,9,mail,24,25
ANGELINA,house,9,mail,25,131
ANGELINA,house,9,mail,27,101
ANGELINA,house,9,mail,31,73
ANGELINA,house,9,mail,32,8
ANGELINA,senate,3,inperson,4,1812
ANGELINA,senate,3,inperson,5,1224
ANGELINA,senate,3,inperson,6,1166
ANGELINA,senate,3,inperson,7,1116
ANGELINA,senate,3,inperson,8,1216
ANGELINA,senate,3,inperson,9,222
ANGELINA,senate,3,inperson,10,589
ANGELINA,senate,3,inperson,11,1415
ANGELINA,senate,3,inperson,12,1340
ANGELINA,senate,3,inperson,13,1351
ANGELINA,senate,3,inperson,14,1618
ANGELINA,senate,3,inperson,15,1516
ANGELINA,senate,3,mail,4,32
ANGELINA,senate,3,mail,5,2
ANGELINA,senate,3,mail,6,25
ANGELINA,senate,3,mail,7,37
ANGELINA,senate,3,mail,8,25
ANGELINA,senate,3,mail,10,4
ANGELINA,senate,3,mail,11,14
ANGELINA,senate,3,mail,12,99
ANGELINA,senate,3,mail,13,2
ANGELINA,senate,3,mail,14,43
ANGELINA,senate,3,mail,15,51
ANGELINA,senate,3,mail,18,39
ANGELINA,senate,3,mail,19,5
ANGELINA,senate,3,mail,20,3
ANGELINA,senate,3,mail,21,51
ANGELINA,senate,3,mail,22,39
ANGELINA,senate,3,mail,24,25
ANGELINA,senate,3,mail,25,131
ANGELINA,senate,3,mail,27,101
ANGELINA,senate,3,mail,31,73
ANGELINA,senate,3,mail,32,8
ARANSAS,house,32,inperson,4,701
ARANSAS,house,32,inperson,5,579
ARANSAS,house,32,inperson,6,479
ARANSAS,house,32,inperson,7,339
ARANSAS,house,32,inperson,8,506
ARANSAS,house,32,inperson,10,273
ARANSAS,house,32,inperson,11,667
ARANSAS,house,32,inperson,12,647
ARANSAS,house,32,inperson,13,750
ARANSAS,house,32,inperson,14,797
ARANSAS,house,32,inperson,15,816
ARANSAS,house,32,mail,4,5
ARANSAS,house,32,mail,5,15
ARANSAS,house,32,mail,6,2
ARANSAS,house,32,mail,7,14
ARANSAS,house,32,mail,8,19
ARANSAS,house,32,mail,10,1
ARANSAS,house,32,mail,11,16
ARANSAS,house,32,mail,12,8
ARANSAS,house,32,mail,13,34
ARANSAS,house,32,mail,14,7
ARANSAS,house,32,mail,15,20
ARANSAS,house,32,mail,18,16
ARANSAS,house,32,mail,19,17
ARANSAS,house,32,mail,20,25
ARANSAS,house,32,mail,21,25
ARANSAS,house,32,mail,22,9
ARANSAS,house,32,mail,25,13
ARANSAS,house,32,mail,27,34
ARANSAS,house,32,mail,28,15
ARANSAS,house,32,mail,32,22
ARANSAS,house,32,mail,33,18
ARANSAS,house,32,mail,34,23
ARANSAS,house,32,mail,35,14
ARANSAS,house,32,mail,37,1
ARANSAS,senate,18,inperson,4,701
ARANSAS,senate,18,inperson,5,579
ARANSAS,senate,18,inperson,6,479
ARANSAS,senate,18,inperson,7,339
ARANSAS,senate,18,inperson,8,506
ARANSAS,senate,18,inperson,10,273
ARANSAS,senate,18,inperson,11,667
ARANSAS,senate,18,inperson,12,647
ARANSAS,senate,18,inperson,13,750
ARANSAS,senate,18,inperson,14,797
ARANSAS,senate,18,inperson,15,816
ARANSAS,senate,18,mail,4,5
ARANSAS,senate,18,mail,5,15
ARANSAS,senate,18,mail,6,2
ARANSAS,senate,18,mail,7,14
ARANSAS,senate,18,mail,8,19
ARANSAS,senate,18,mail,10,1
ARANSAS,senate,18,mail,11,16
ARANSAS,senate,18,mail,12,8
ARANSAS,senate,18,mail,13,34
ARANSAS,senate,18,mail,14,7
ARANSAS,senate,18,mail,15,20
ARANSAS,senate,18,mail,18,16
ARANSAS,senate,18,mail,19,17
ARANSAS,senate,18,mail,20,25
ARANSAS,senate,18,mail,21,25
ARANSAS,senate,18,mail,22,9
ARANSAS,senate,18,mail,25,13
ARANSAS,senate,18,mail,27,34
ARANSAS,senate,18,mail,28,15
ARANSAS,senate,18,mail,32,22
ARANSAS,senate,18,mail,33,18
ARANSAS,senate,18,mail,34,23
ARANSAS,senate,18,mail,35,14
ARANSAS,senate,18,mail,37,1
ARCHER,house,69,inperson,4,247
ARCHER,house,69,inperson,5,219
ARCHER,house,69,inperson,6,166
ARCHER,house,69,inperson,7,153
ARCHER,house,69,inperson,8,140
ARCHER,house,69,inperson,11,251
ARCHER,house,69,inperson,12,174
ARCHER,house,69,inperson,13,165
ARCHER,house,69,inperson,14,226
ARCHER,house,69,inperson,15,256
ARCHER,house,69,mail,4,1
ARCHER,house,69,mail,5,2
ARCHER,house,69,mail,6,5
ARCHER,house,69,mail,7,2
ARCHER,house,69,mail,8,5
ARCHER,house,69,mail,11,5
ARCHER,house,69,mail,12,6
ARCHER,house,69,mail,14,3
ARCHER,house,69,mail,15,3
ARCHER,house,69,mail,20,4
ARCHER,house,69,mail,21,1
ARCHER,house,69,mail,22,12
ARCHER,house,69,mail,26,7
ARCHER,house,69,mail,27,3
ARCHER,house,69,mail,28,9
ARCHER,house,69,mail,33,15
ARCHER,house,69,mail,35,1
ARCHER,house,69,mail,36,5
ARCHER,house,69,mail,37,1
ARCHER,senate,30,inperson,4,247
ARCHER,senate,30,inperson,5,219
ARCHER,senate,30,inperson,6,166
ARCHER,senate,30,inperson,7,153
ARCHER,senate,30,inperson,8,140
ARCHER,senate,30,inperson,11,251
ARCHER,senate,30,inperson,12,174
ARCHER,senate,30,inperson,13,165
ARCHER,senate,30,inperson,14,226
ARCHER,senate,30,inperson,15,256
ARCHER,senate,30,mail,4,1
ARCHER,senate,30,mail,5,2
ARCHER,senate,30,mail,6,5
ARCHER,senate,30,mail,7,2
ARCHER,senate,30,mail,8,5
ARCHER,senate,30,mail,11,5
ARCHER,senate,30,mail,12,6
ARCHER,senate,30,mail,14,3
ARCHER,senate,30,mail,15,3
ARCHER,senate,30,mail,20,4
ARCHER,senate,30,mail,21,1
ARCHER,senate,30,mail,22,12
ARCHER,senate,30,mail,26,7
ARCHER,senate,30,mail,27,3
ARCHER,senate,30,mail,28,9
ARCHER,senate,30,mail,33,15
ARCHER,senate,30,mail,35,1
ARCHER,senate,30,mail,36,5
ARCHER,senate,30,mail,37,1
ARMSTRONG,house,86,inperson,4,62
ARMSTRONG,house,86,inperson,5,35
ARMSTRONG,house,86,inperson,6,39
ARMSTRONG,house,86,inperson,7,39
ARMSTRONG,house,86,inperson,8,57
ARMSTRONG,house,86,inperson,10,20
ARMSTRONG,house,86,inperson,11,44
ARMSTRONG,house,86,inperson,12,20
ARMSTRONG,house,86,inperson,13,48
ARMSTRONG,house,86,inperson,14,47
ARMSTRONG,house,86,inperson,15,61
ARMSTRONG,house,86,mail,4,1
ARMSTRONG,house,86,mail,5,3
ARMSTRONG,house,86,mail,7,4
ARMSTRONG,house,86,mail,8,1
ARMSTRONG,house,86,mail,10,1
ARMSTRONG,house,86,mail,11,2
ARMSTRONG,house,86,mail,12,2
ARMSTRONG,house,86,mail,13,4
ARMSTRONG,house,86,mail,14,10
ARMSTRONG,house,86,mail,15,8
ARMSTRONG,senate,31,inperson,4,62
ARMSTRONG,senate,31,inperson,5,35
ARMSTRONG,senate,31,inperson,6,39
ARMSTRONG,senate,31,inperson,7,39
ARMSTRONG,senate,31,inperson,8,57
ARMSTRONG,senate,31,inperson,10,20
ARMSTRONG,senate,31,inperson,11,44
ARMSTRONG,senate,31,inperson,12,20
ARMSTRONG,senate,31,inperson,13,48
ARMSTRONG,senate,31,inperson,14,47
ARMSTRONG,senate,31,inperson,15,61
ARMSTRONG,senate,31,mail,4,1
ARMSTRONG,senate,31,mail,5,3
ARMSTRONG,senate,31,mail,7,4
ARMSTRONG,senate,31,mail,8,1
ARMSTRONG,senate,31,mail,10,1
ARMSTRONG,senate,31,mail,11,2
ARMSTRONG,senate,31,mail,12,2
ARMSTRONG,senate,31,mail,13,4
ARMSTRONG,senate,31,mail,14,10
ARMSTRONG,senate,31,mail,15,8
ATASCOSA,house,80,inperson,4,932
ATASCOSA,house,80,inperson,5,609
ATASCOSA,house,80,inperson,6,534
ATASCOSA,house,80,inperson,7,667
ATASCOSA,house,80,inperson,8,459
ATASCOSA,house,80,inperson,10,348
ATASCOSA,house,80,inperson,11,681
ATASCOSA,house,80,inperson,12,691
ATASCOSA,house,80,inperson,13,662
ATASCOSA,house,80,inperson,14,879
ATASCOSA,house,80,inperson,15,823
ATASCOSA,house,80,mail,4,19
ATASCOSA,house,80,mail,5,18
ATASCOSA,house,80,mail,6,19
ATASCOSA,house,80,mail,7,3
ATASCOSA,house,80,mail,8,25
ATASCOSA,house,80,mail,10,16
ATASCOSA,house,80,mail,11,21
ATASCOSA,house,80,mail,12,39
ATASCOSA,house,80,mail,13,24
ATASCOSA,house,80,mail,14,3
ATASCOSA,house,80,mail,15,57
ATASCOSA,house,80,mail,18,15
ATASCOSA,house,80,mail,19,25
ATASCOSA,house,80,mail,20,21
ATASCOSA,house,80,mail,21,4
ATASCOSA,house,80,mail,22,37
ATASCOSA,house,80,mail,25,21
ATASCOSA,house,80,mail,26,33
ATASCOSA,house,80,mail,27,4
ATASCOSA,house,80,mail,28,30
ATASCOSA,house,80,mail,29,1
ATASCOSA,house,80,mail,32,4
ATASCOSA,house,80,mail,33,7
ATASCOSA,senate,19,inperson,4,267
ATASCOSA,senate,19,inperson,5,202
ATASCOSA,senate,19,inperson,6,159
ATASCOSA,senate,19,inperson,7,197
ATASCOSA,senate,19,inperson,8,149
ATASCOSA,senate,19,inperson,10,120
ATASCOSA,senate,19,inperson,11,190
ATASCOSA,senate,19,inperson,12,205
ATASCOSA,senate,19,inperson,13,184
ATASCOSA,senate,19,inperson,14,241
ATASCOSA,senate,19,inperson,15,200
ATASCOSA,senate,19,mail,4,8
ATASCOSA,senate,19,mail,5,7
ATASCOSA,senate,19,mail,6,6
ATASCOSA,senate,19,mail,7,2
ATASCOSA,senate,19,mail,8,9
ATASCOSA,senate,19,mail,10,4
ATASCOSA,senate,19,mail,11,4
ATASCOSA,senate,19,mail,12,8
ATASCOSA,senate,19,mail,13,8
ATASCOSA,senate,19,mail,14,2
ATASCOSA,senate,19,mail,15,11
ATASCOSA,senate,19,mail,18,5
ATASCOSA,senate,19,mail,19,4
ATASCOSA,senate,19,mail,20,2
ATASCOSA,senate,19,mail,21,4
ATASCOSA,senate,19,mail,22,10
ATASCOSA,senate,19,mail,25,4
ATASCOSA,senate,19,mail,26,11
ATASCOSA,senate,19,mail,27,1
ATASCOSA,senate,19,mail,28,6
ATASCOSA,senate,19,mail,32,3
ATASCOSA,senate,19,mail,33,3
ATASCOSA,senate,24,inperson,4,665
ATASCOSA,senate,24,inperson,5,407
ATASCOSA,senate,24,inperson,6,375
ATASCOSA,senate,24,inperson,7,470
ATASCOSA,senate,24,inperson,8,310
ATASCOSA,senate,24,inperson,10,228
ATASCOSA,senate,24,inperson,11,491
ATASCOSA,senate,24,inperson,12,486
ATASCOSA,senate,24,inperson,13,478
ATASCOSA,senate,24,inperson,14,638
ATASCOSA,senate,24,inperson,15,623
ATASCOSA,senate,24,mail,4,11
ATASCOSA,senate,24,mail,5,11
ATASCOSA,senate,24,mail,6,13
ATASCOSA,senate,24,mail,7,1
ATASCOSA,senate,24,mail,8,16
ATASCOSA,senate,24,mail,10,12
ATASCOSA,senate,24,mail,11,17
ATASCOSA,senate,24,mail,12,31
ATASCOSA,senate,24,mail,13,16
ATASCOSA,senate,24,mail,14,1
ATASCOSA,senate,24,mail,15,46
ATASCOSA,senate,24,mail,18,10
ATASCOSA,senate,24,mail,19,21
ATASCOSA,senate,24,mail,20,19
ATASCOSA,senate,24,mail,22,27
ATASCOSA,senate,24,mail,25,17
ATASCOSA,senate,24,mail,26,22
ATASCOSA,senate,24,mail,27,3
ATASCOSA,senate,24,mail,28,24
ATASCOSA,senate,24,mail,29,1
ATASCOSA,senate,24,mail,32,1
ATASCOSA,senate,24,mail,33,4
AUSTIN,house,85,inperson,4,833
AUSTIN,house,85,inperson,5,499
AUSTIN,house,85,inperson,6,545
AUSTIN,house,85,inperson,7,490
AUSTIN,house,85,inperson,8,571
AUSTIN,house,85,inperson,10,233
AUSTIN,house,85,inperson,11,649
AUSTIN,house,85,inperson,12,519
AUSTIN,house,85,inperson,13,675
AUSTIN,house,85,inperson,14,701
AUSTIN,house,85,inperson,15,814
AUSTIN,house,85,mail,4,4
AUSTIN,house,85,mail,5,21
AUSTIN,house,85,mail,6,11
AUSTIN,house,85,mail,7,8
AUSTIN,house,85,mail,8,13
AUSTIN,house,85,mail,10,13
AUSTIN,house,85,mail,11,17
AUSTIN,house,85,mail,12,14
AUSTIN,house,85,mail,13,23
AUSTIN,house,85,mail,14,8
AUSTIN,house,85,mail,15,35
AUSTIN,house,85,mail,18,14
AUSTIN,house,85,mail,19,15
AUSTIN,house,85,mail,20,13
AUSTIN,house,85,mail,21,2
AUSTIN,house,85,mail,22,45
AUSTIN,house,85,mail,25,59
AUSTIN,house,85,mail,28,31
AUSTIN,house,85,mail,35,1
AUSTIN,senate,18,inperson,4,833
AUSTIN,senate,18,inperson,5,499
AUSTIN,senate,18,inperson,6,545
AUSTIN,senate,18,inperson,7,490
AUSTIN,senate,18,inperson,8,571
AUSTIN,senate,18,inperson,10,233
AUSTIN,senate,18,inperson,11,649
AUSTIN,senate,18,inperson,12,519
AUSTIN,senate,18,inperson,13,675
AUSTIN,senate,18,inperson,14,701
AUSTIN,senate,18,inperson,15,814
AUSTIN,senate,18,mail,4,4
AUSTIN,senate,18,mail,5,21
AUSTIN,senate,18,mail,6,11
AUSTIN,senate,18,mail,7,8
AUSTIN,senate,18,mail,8,13
AUSTIN,senate,18,mail,10,13
AUSTIN,senate,18,mail,11,17
AUSTIN,senate,18,mail,12,14
AUSTIN,senate,18,mail,13,23
AUSTIN,senate,18,mail,14,8
AUSTIN,senate,18,mail,15,35
AUSTIN,senate,18,mail,18,14
AUSTIN,senate,18,mail,19,15
AUSTIN,senate,18,mail,20,13
AUSTIN,senate,18,mail,21,2
AUSTIN,senate,18,mail,22,45
AUSTIN,senate,18,mail,25,59
AUSTIN,senate,18,mail,28,31
AUSTIN,senate,18,mail,35,1
BAILEY,house,88,inperson,4,78
BAILEY,house,88,inperson,5,60
BAILEY,house,88,inperson,6,55
BAILEY,house,88,inperson,7,44
BAILEY,house,88,inperson,8,44
BAILEY,house,88,inperson,11,60
BAILEY,house,88,inperson,12,64
BAILEY,house,88,inperson,13,69
BAILEY,house,88,inperson,14,63
BAILEY,house,88,inperson,15,41
BAILEY,house,88,mail,6,3
BAILEY,house,88,mail,8,2
BAILEY,house,88,mail,11,3
BAILEY,house,88,mail,12,2
BAILEY,house,88,mail,13,2
BAILEY,house,88,mail,14,2
BAILEY,house,88,mail,15,3
BAILEY,house,88,mail,18,2
BAILEY,house,88,mail,19,1
BAILEY,house,88,mail,20,4
BAILEY,house,88,mail,21,1
BAILEY,house,88,mail,22,3
BAILEY,house,88,mail,26,11
BAILEY,house,88,mail,27,4
BAILEY,house,88,mail,28,9
BAILEY,house,88,mail,32,4
BAILEY,house,88,mail,33,1
BAILEY,senate,31,inperson,4,78
BAILEY,senate,31,inperson,5,60
BAILEY,senate,31,inperson,6,55
BAILEY,senate,31,inperson,7,44
BAILEY,senate,31,inperson,8,44
BAILEY,senate,31,inperson,11,60
BAILEY,senate,31,inperson,12,64
BAILEY,senate,31,inperson,13,69
BAILEY,senate,31,inperson,14,63
BAILEY,senate,31,inperson,15,41
BAILEY,senate,31,mail,6,3
BAILEY,senate,31,mail,8,2
BAILEY,senate,31,mail,11,3
BAILEY,senate,31,mail,12,2
BAILEY,senate,31,mail,13,2
BAILEY,senate,31,mail,14,2
BAILEY,senate,31,mail,15,3
BAILEY,senate,31,mail,18,2
BAILEY,senate,31,mail,19,1
BAILEY,senate,31,mail,20,4
BAILEY,senate,31,mail,21,1
BAILEY,senate,31,mail,22,3
BAILEY,senate,31,mail,26,11
BAILEY,senate,31,mail,27,4
BAILEY,senate,31,mail,28,9
BAILEY,senate,31,mail,32,4
BAILEY,senate,31,mail,33,1
BANDERA,house,53,inperson,4,737
BANDERA,house,53,inperson,5,517
BANDERA,house,53,inperson,6,507
BANDERA,house,53,inperson,7,657
BANDERA,house,53,inperson,8,603
BANDERA,house,53,inperson,11,757
BANDERA,house,53,inperson,12,670
BANDERA,house,53,inperson,13,759
BANDERA,house,53,inperson,14,949
BANDERA,house,53,inperson,15,875
BANDERA,house,53,mail,4,31
BANDERA,house,53,mail,5,24
BANDERA,house,53,mail,7,7
BANDERA,house,53,mail,8,19
BANDERA,house,53,mail,11,10
BANDERA,house,53,mail,12,26
BANDERA,house,53,mail,13,27
BANDERA,house,53,mail,15,79
BANDERA,house,53,mail,21,4
BANDERA,house,53,mail,22,42
BANDERA,house,53,mail,25,64
BANDERA,house,53,mail,27,5
BANDERA,house,53,mail,28,10
BANDERA,senate,24,inperson,4,737
BANDERA,senate,24,inperson,5,517
BANDERA,senate,24,inperson,6,507
BANDERA,senate,24,inperson,7,657
BANDERA,senate,24,inperson,8,603
BANDERA,senate,24,inperson,11,757
BANDERA,senate,24,inperson,12,670
BANDERA,senate,24,inperson,13,759
BANDERA,senate,24,inperson,14,949
BANDERA,senate,24,inperson,15,875
BANDERA,senate,24,mail,4,31
BANDERA,senate,24,mail,5,24
BANDERA,senate,24,mail,7,7
BANDERA,senate,24,mail,8,19
BANDERA,senate,24,mail,11,10
BANDERA,senate,24,mail,12,26
BANDERA,senate,24,mail,13,27
BANDERA,senate,24,mail,15,79
BANDERA,senate,24,mail,21,4
BANDERA,senate,24,mail,22,42
BANDERA,senate,24,mail,25,64
BANDERA,senate,24,mail,27,5
BANDERA,senate,24,mail,28,10
BASTROP,house,17,inperson,4,2743
BASTROP,house,17,inperson,5,1688
BASTROP,house,17,inperson,6,1495
BASTROP,house,17,inperson,7,1448
BASTROP,house,17,inperson,8,1446
BASTROP,house,17,inperson,9,448
BASTROP,house,17,inperson,10,1232
BASTROP,house,17,inperson,11,1430
BASTROP,house,17,inperson,12,1440
BASTROP,house,17,inperson,13,1557
BASTROP,house,17,inperson,14,1897
BASTROP,house,17,inperson,15,1812
BASTROP,house,17,mail,4,33
BASTROP,house,17,mail,5,30
BASTROP,house,17,mail,6,58
BASTROP,house,17,mail,7,1
BASTROP,house,17,mail,8,108
BASTROP,house,17,mail,11,43
BASTROP,house,17,mail,12,78
BASTROP,house,17,mail,13,57
BASTROP,house,17,mail,14,13
BASTROP,house,17,mail,15,89
BASTROP,house,17,mail,18,40
BASTROP,house,17,mail,19,69
BASTROP,house,17,mail,20,43
BASTROP,house,17,mail,21,8
BASTROP,house,17,mail,22,70
BASTROP,house,17,mail,25,93
BASTROP,house,17,mail,26,49
BASTROP,house,17,mail,27,12
BASTROP,house,17,mail,28,95
BASTROP,house,17,mail,32,40
BASTROP,house,17,mail,33,69
BASTROP,house,17,mail,34,68
BASTROP,house,17,mail,35,2
BASTROP,house,17,mail,36,127
BASTROP,house,17,mail,37,3
BASTROP,senate,5,inperson,4,2743
BASTROP,senate,5,inperson,5,1688
BASTROP,senate,5,inperson,6,1495
BASTROP,senate,5,inperson,7,1448
BASTROP,senate,5,inperson,8,1446
BASTROP,senate,5,inperson,9,448
BASTROP,senate,5,inperson,10,1232
BASTROP,senate,5,inperson,11,1430
BASTROP,senate,5,inperson,12,1440
BASTROP,senate,5,inperson,13,1557
BASTROP,senate,5,inperson,14,1897
BASTROP,senate,5,inperson,15,1812
BASTROP,senate,5,mail,4,33
BASTROP,senate,5,mail,5,30
BASTROP,senate,5,mail,6,58
BASTROP,senate,5,mail,7,1
BASTROP,senate,5,mail,8,108
BASTROP,senate,5,mail,11,43
BASTROP,senate,5,mail,12,78
BASTROP,senate,5,mail,13,57
BASTROP,senate,5,mail,14,13
BASTROP,senate,5,mail,15,89
BASTROP,senate,5,mail,18,40
BASTROP,senate,5,mail,19,69
BASTROP,senate,5,mail,20,43
BASTROP,senate,5,mail,21,8
BASTROP,senate,5,mail,22,70
BASTROP,senate,5,mail,25,93
BASTROP,senate,5,mail,26,49
BASTROP,senate,5,mail,27,12
BASTROP,senate,5,mail,28,95
BASTROP,senate,5,mail,32,40
BASTROP,senate,5,mail,33,69
BASTROP,senate,5,mail,34,68
BASTROP,senate,5,mail,35,2
BASTROP,senate,5,mail,36,127
BASTROP,senate,5,mail,37,3
BAYLOR,house,69,inperson,4,95
BAYLOR,house,69,inperson,5,70
BAYLOR,house,69,inperson,6,71
BAYLOR,house,69,inperson,7,79
BAYLOR,house,69,inperson,8,70
BAYLOR,house,69,inperson,11,85
BAYLOR,house,69,inperson,12,75
BAYLOR,house,69,inperson,13,71
BAYLOR,house,69,inperson,14,85
BAYLOR,house,69,inperson,15,80
BAYLOR,house,69,mail,8,2
BAYLOR,house,69,mail,11,2
BAYLOR,house,69,mail,12,2
BAYLOR,house,69,mail,13,3
BAYLOR,house,69,mail,14,2
BAYLOR,house,69,mail,15,1
BAYLOR,house,69,mail,20,1
BAYLOR,house,69,mail,22,2
BAYLOR,house,69,mail,25,2
BAYLOR,house,69,mail,26,1
BAYLOR,house,69,mail,27,6
BAYLOR,house,69,mail,32,2
BAYLOR,senate,28,inperson,4,95
BAYLOR,senate,28,inperson,5,70
BAYLOR,senate,28,inperson,6,71
BAYLOR,senate,28,inperson,7,79
BAYLOR,senate,28,inperson,8,70
BAYLOR,senate,28,inperson,11,85
BAYLOR,senate,28,inperson,12,75
BAYLOR,senate,28,inperson,13,71
BAYLOR,senate,28,inperson,14,85
BAYLOR,senate,28,inperson,15,80
BAYLOR,senate,28,mail,8,2
BAYLOR,senate,28,mail,11,2
BAYLOR,senate,28,mail,12,2
BAYLOR,senate,28,mail,13,3
BAYLOR,senate,28,mail,14,2
BAYLOR,senate,28,mail,15,1
BAYLOR,senate,28,mail,20,1
BAYLOR,senate,28,mail,22,2
BAYLOR,senate,28,mail,25,2
BAYLOR,senate,28,mail,26,1
BAYLOR,senate,28,mail,27,6
BAYLOR,senate,28,mail,32,2
BEE,house,43,inperson,4,504
BEE,house,43,inperson,5,253
BEE,house,43,inperson,6,280
BEE,house,43,inperson,7,178
BEE,house,43,inperson,8,292
BEE,house,43,inperson,10,153
BEE,house,43,inperson,11,340
BEE,house,43,inperson,12,316
BEE,house,43,inperson,13,329
BEE,house,43,inperson,14,405
BEE,house,43,inperson,15,538
BEE,house,43,mail,4,25
BEE,house,43,mail,5,8
BEE,house,43,mail,6,4
BEE,house,43,mail,7,4
BEE,house,43,mail,8,23
BEE,house,43,mail,11,14
BEE,house,43,mail,12,42
BEE,house,43,mail,13,4
BEE,house,43,mail,14,3
BEE,house,43,mail,15,26
BEE,house,43,mail,18,16
BEE,house,43,mail,19,21
BEE,house,43,mail,20,54
BEE,house,43,mail,26,47
BEE,house,43,mail,27,1
BEE,house,43,mail,28,56
BEE,house,43,mail,32,5
BEE,house,43,mail,33,9
BEE,house,43,mail,34,8
BEE,senate,27,inperson,4,504
BEE,senate,27,inperson,5,253
BEE,senate,27,inperson,6,280
BEE,senate,27,inperson,7,178
BEE,senate,27,inperson,8,292
BEE,senate,27,inperson,10,153
BEE,senate,27,inperson,11,340
BEE,senate,27,inperson,12,316
BEE,senate,27,inperson,13,329
BEE,senate,27,inperson,14,405
BEE,senate,27,inperson,15,538
BEE,senate,27,mail,4,25
BEE,senate,27,mail,5,8
BEE,senate,27,mail,6,4
BEE,senate,27,mail,7,4
BEE,senate,27,mail,8,23
BEE,senate,27,mail,11,14
BEE,senate,27,mail,12,42
BEE,senate,27,mail,13,4
BEE,senate,27,mail,14,3
BEE,senate,27,mail,15,26
BEE,senate,27,mail,18,16
BEE,senate,27,mail,19,21
BEE,senate,27,mail,20,54
BEE,senate,27,mail,26,47
BEE,senate,27,mail,27,1
BEE,senate,27,mail,28,56
BEE,senate,27,mail,32,5
BEE,senate,27,mail,33,9
BEE,senate,27,mail,34,8
BELL,house,54,inperson,4,3026
BELL,house,54,inperson,5,2225
BELL,house,54,inperson,6,1911
BELL,house,54,inperson,7,1860
BELL,house,54,inperson,8,1936
BELL,house,54,inperson,9,669
BELL,house,54,inperson,10,1753
BELL,house,54,inperson,11,1863
BELL,house,54,inperson,12,2011
BELL,house,54,inperson,13,2036
BELL,house,54,inperson,14,2182
BELL,house,54,inperson,15,2080
BELL,house,54,mail,4,42
BELL,house,54,mail,5,36
BELL,house,54,mail,6,73
BELL,house,54,mail,7,11
BELL,house,54,mail,8,82
BELL,house,54,mail,10,110
BELL,house,54,mail,11,8
BELL,house,54,mail,12,80
BELL,house,54,mail,13,90
BELL,house,54,mail,14,50
BELL,house,54,mail,15,16
BELL,house,54,mail,16,111
BELL,house,54,mail,17,2
BELL,house,54,mail,18,123
BELL,house,54,mail,19,96
BELL,house,54,mail,20,56
BELL,house,54,mail,21,103
BELL,house,54,mail,22,294
BELL,house,54,mail,25,31
BELL,house,54,mail,26,51
BELL,house,54,mail,27,3
BELL,house,54,mail,28,16
BELL,house,54,mail,33,1
BELL,house,54,mail,35,3
BELL,house,55,inperson,4,3839
BELL,house,55,inperson,5,2829
BELL,house,55,inperson,6,2578
BELL,house,55,inperson,7,2504
BELL,house,55,inperson,8,2667
BELL,house,55,inperson,9,933
BELL,house,55,inperson,10,2213
BELL,house,55,inperson,11,2605
BELL,house,55,inperson,12,2575
BELL,house,55,inperson,13,2632
BELL,house,55,inperson,14,2712
BELL,house,55,inperson,15,2602
BELL,house,55,mail,4,55
BELL,house,55,mail,5,80
BELL,house,55,mail,6,83
BELL,house,55,mail,7,14
BELL,house,55,mail,8,111
BELL,house,55,mail,10,160
BELL,house,55,mail,11,18
BELL,house,55,mail,12,97
BELL,house,55,mail,13,165
BELL,house,55,mail,14,51
BELL,house,55,mail,15,26
BELL,house,55,mail,16,163
BELL,house,55,mail,17,5
BELL,house,55,mail,18,165
BELL,house,55,mail,19,167
BELL,house,55,mail,20,59
BELL,house,55,mail,21,129
BELL,house,55,mail,22,431
BELL,house,55,mail,25,28
BELL,house,55,mail,26,80
BELL,house,55,mail,27,1
BELL,house,55,mail,28,15
BELL,house,55,mail,32,1
BELL,house,55,mail,34,1
BELL,house,55,mail,35,2
BELL,senate,24,inperson,4,6865
BELL,senate,24,inperson,5,5054
BELL,senate,24,inperson,6,4489
BELL,senate,24,inperson,7,4364
BELL,senate,24,inperson,8,4603
BELL,senate,24,inperson,9,1602
BELL,senate,24,inperson,10,3966
BELL,senate,24,inperson,11,4468
BELL,senate,24,inperson,12,4586
BELL,senate,24,inperson,13,4668
BELL,senate,24,inperson,14,4894
BELL,senate,24,inperson,15,4682
BELL,senate,24,mail,4,97
BELL,senate,24,mail,5,116
BELL,senate,24,mail,6,156
BELL,senate,24,mail,7,25
BELL,senate,24,mail,8,193
BELL,senate,24,mail,10,270
BELL,senate,24,mail,11,26
BELL,senate,24,mail,12,177
BELL,senate,24,mail,13,255
BELL,senate,24,mail,14,101
BELL,senate,24,mail,15,42
BELL,senate,24,mail,16,274
BELL,senate,24,mail,17,7
BELL,senate,24,mail,18,288
BELL,senate,24,mail,19,263
BELL,senate,24,mail,20,115
BELL,senate,24,mail,21,232
BELL,senate,24,mail,22,725
BELL,senate,24,mail,25,59
BELL,senate,24,mail,26,131
BELL,senate,24,mail,27,4
BELL,senate,24,mail,28,31
BELL,senate,24,mail,32,1
BELL,senate,24,mail,33,1
BELL,senate,24,mail,34,1
BELL,senate,24,mail,35,5
BEXAR,house,116,inperson,4,4526
BEXAR,house,116,inperson,5,3091
BEXAR,house,116,inperson,6,2512
BEXAR,house,116,inperson,7,2279
BEXAR,house,116,inperson,8,2057
BEXAR,house,116,inperson,9,988
BEXAR,house,116,inperson,10,2162
BEXAR,house,116,inperson,11,2491
BEXAR,house,116,inperson,12,2501
BEXAR,house,116,inperson,13,2637
BEXAR,house,116,inperson,14,2679
BEXAR,house,116,inperson,15,2813
BEXAR,house,116,mail,4,97
BEXAR,house,116,mail,5,139
BEXAR,house,116,mail,6,80
BEXAR,house,116,mail,7,101
BEXAR,house,116,mail,8,116
BEXAR,house,116,mail,9,50
BEXAR,house,116,mail,10,130
BEXAR,house,116,mail,11,24
BEXAR,house,116,mail,12,110
BEXAR,house,116,mail,13,103
BEXAR,house,116,mail,14,113
BEXAR,house,116,mail,15,52
BEXAR,house,116,mail,17,87
BEXAR,house,116,mail,18,108
BEXAR,house,116,mail,19,122
BEXAR,house,116,mail,20,66
BEXAR,house,116,mail,21,142
BEXAR,house,116,mail,22,80
BEXAR,house,116,mail,23,2
BEXAR,house,116,mail,24,124
BEXAR,house,116,mail,25,123
BEXAR,house,116,mail,26,131
BEXAR,house,116,mail,27,69
BEXAR,house,116,mail,28,136
BEXAR,house,116,mail,32,10
BEXAR,house,116,mail,35,3
BEXAR,house,116,mail,36,2
BEXAR,house,117,inperson,4,4162
BEXAR,house,117,inperson,5,2812
BEXAR,house,117,inperson,6,2362
BEXAR,house,117,inperson,7,2043
BEXAR,house,117,inperson,8,1877
BEXAR,house,117,inperson,9,903
BEXAR,house,117,inperson,10,1885
BEXAR,house,117,inperson,11,2454
BEXAR,house,117,inperson,12,2170
BEXAR,house,117,inperson,13,2379
BEXAR,house,117,inperson,14,2453
BEXAR,house,117,inperson,15,2555
BEXAR,house,117,mail,4,104
BEXAR,house,117,mail,5,97
BEXAR,house,117,mail,6,74
BEXAR,house,117,mail,7,88
BEXAR,house,117,mail,8,93
BEXAR,house,117,mail,9,42
BEXAR,house,117,mail,10,108
BEXAR,house,117,mail,11,20
BEXAR,house,117,mail,12,72
BEXAR,house,117,mail,13,64
BEXAR,house,117,mail,14,103
BEXAR,house,117,mail,15,36
BEXAR,house,117,mail,17,97
BEXAR,house,117,mail,18,86
BEXAR,house,117,mail,19,64
BEXAR,house,117,mail,20,71
BEXAR,house,117,mail,21,95
BEXAR,house,117,mail,22,83
BEXAR,house,117,mail,23,3
BEXAR,house,117,mail,24,64
BEXAR,house,117,mail,25,74
BEXAR,house,117,mail,26,184
BEXAR,house,117,mail,27,130
BEXAR,house,117,mail,28,134
BEXAR,house,117,mail,32,65
BEXAR,house,117,mail,33,53
BEXAR,house,117,mail,34,58
BEXAR,house,117,mail,35,4
BEXAR,house,117,mail,36,3
BEXAR,house,117,mail,37,3
BEXAR,house,118,inperson,4,4684
BEXAR,house,118,inperson,5,3531
BEXAR,house,118,inperson,6,2879
BEXAR,house,118,inperson,7,2546
BEXAR,house,118,inperson,8,2233
BEXAR,house,118,inperson,9,972
BEXAR,house,118,inperson,10,2376
BEXAR,house,118,inperson,11,3066
BEXAR,house,118,inperson,12,2892
BEXAR,house,118,inperson,13,3082
BEXAR,house,118,inperson,14,3183
BEXAR,house,118,inperson,15,3316
BEXAR,house,118,inperson,36,1
BEXAR,house,118,mail,4,101
BEXAR,house,118,mail,5,142
BEXAR,house,118,mail,6,67
BEXAR,house,118,mail,7,121
BEXAR,house,118,mail,8,130
BEXAR,house,118,mail,9,62
BEXAR,house,118,mail,10,165
BEXAR,house,118,mail,11,26
BEXAR,house,118,mail,12,101
BEXAR,house,118,mail,13,125
BEXAR,house,118,mail,14,129
BEXAR,house,118,mail,15,59
BEXAR,house,118,mail,17,161
BEXAR,house,118,mail,18,134
BEXAR,house,118,mail,19,194
BEXAR,house,118,mail,20,140
BEXAR,house,118,mail,21,114
BEXAR,house,118,mail,22,28
BEXAR,house,118,mail,23,3
BEXAR,house,118,mail,24,66
BEXAR,house,118,mail,25,87
BEXAR,house,118,mail,26,57
BEXAR,house,118,mail,27,64
BEXAR,house,118,mail,28,60
BEXAR,house,118,mail,31,4
BEXAR,house,118,mail,32,48
BEXAR,house,118,mail,33,41
BEXAR,house,118,mail,34,52
BEXAR,house,118,mail,35,2
BEXAR,house,118,mail,36,2
BEXAR,house,119,inperson,4,4135
BEXAR,house,119,inperson,5,2779
BEXAR,house,119,inperson,6,2267
BEXAR,house,119,inperson,7,2164
BEXAR,house,119,inperson,8,1935
BEXAR,house,119,inperson,9,929
BEXAR,house,119,inperson,10,1846
BEXAR,house,119,inperson,11,2353
BEXAR,house,119,inperson,12,2289
BEXAR,house,119,inperson,13,2408
BEXAR,house,119,inperson,14,2532
BEXAR,house,119,inperson,15,2799
BEXAR,house,119,mail,4,93
BEXAR,house,119,mail,5,119
BEXAR,house,119,mail,6,70
BEXAR,house,119,mail,7,130
BEXAR,house,119,mail,8,153
BEXAR,house,119,mail,9,65
BEXAR,house,119,mail,10,117
BEXAR,house,119,mail,11,39
BEXAR,house,119,mail,12,83
BEXAR,house,119,mail,13,142
BEXAR,house,119,mail,14,136
BEXAR,house,119,mail,15,81
BEXAR,house,119,mail,17,142
BEXAR,house,119,mail,18,128
BEXAR,house,119,mail,19,178
BEXAR,house,119,mail,20,166
BEXAR,house,119,mail,21,128
BEXAR,house,119,mail,22,36
BEXAR,house,119,mail,23,3
BEXAR,house,119,mail,24,14
BEXAR,house,119,mail,25,19
BEXAR,house,119,mail,26,17
BEXAR,house,119,mail,27,36
BEXAR,house,119,mail,28,26
BEXAR,house,119,mail,31,1
BEXAR,house,119,mail,32,33
BEXAR,house,119,mail,33,24
BEXAR,house,119,mail,34,40
BEXAR,house,119,mail,35,1
BEXAR,house,119,mail,36,3
BEXAR,house,120,inperson,4,3805
BEXAR,house,120,inperson,5,2535
BEXAR,house,120,inperson,6,2075
BEXAR,house,120,inperson,7,1980
BEXAR,house,120,inperson,8,1840
BEXAR,house,120,inperson,9,849
BEXAR,house,120,inperson,10,1664
BEXAR,house,120,inperson,11,2043
BEXAR,house,120,inperson,12,2088
BEXAR,house,120,inperson,13,2232
BEXAR,house,120,inperson,14,2258
BEXAR,house,120,inperson,15,2540
BEXAR,house,120,mail,4,129
BEXAR,house,120,mail,5,173
BEXAR,house,120,mail,6,74
BEXAR,house,120,mail,7,109
BEXAR,house,120,mail,8,149
BEXAR,house,120,mail,9,68
BEXAR,house,120,mail,10,210
BEXAR,house,120,mail,11,33
BEXAR,house,120,mail,12,147
BEXAR,house,120,mail,13,141
BEXAR,house,120,mail,14,167
BEXAR,house,120,mail,15,76
BEXAR,house,120,mail,17,170
BEXAR,house,120,mail,18,178
BEXAR,house,120,mail,19,184
BEXAR,house,120,mail,20,156
BEXAR,house,120,mail,21,151
BEXAR,house,120,mail,22,34
BEXAR,house,120,mail,24,1
BEXAR,house,120,mail,27,1
BEXAR,house,120,mail,28,15
BEXAR,house,120,mail,31,1
BEXAR,house,120,mail,32,4
BEXAR,house,120,mail,34,1
BEXAR,house,120,mail,35,1
BEXAR,house,120,mail,36,8
BEXAR,house,121,inperson,4,6549
BEXAR,house,121,inperson,5,5074
BEXAR,house,121,inperson,6,4569
BEXAR,house,121,inperson,7,4271
BEXAR,house,121,inperson,8,4114
BEXAR,house,121,inperson,9,1944
BEXAR,house,121,inperson,10,3573
BEXAR,house,121,inperson,11,4973
BEXAR,house,121,inperson,12,4928
BEXAR,house,121,inperson,13,4880
BEXAR,house,121,inperson,14,4867
BEXAR,house,121,inperson,15,4533
BEXAR,house,121,mail,4,251
BEXAR,house,121,mail,5,272
BEXAR,house,121,mail,6,221
BEXAR,house,121,mail,7,282
BEXAR,house,121,mail,8,271
BEXAR,house,121,mail,9,110
BEXAR,house,121,mail,10,297
BEXAR,house,121,mail,11,46
BEXAR,house,121,mail,12,242
BEXAR,house,121,mail,13,216
BEXAR,house,121,mail,14,237
BEXAR,house,121,mail,15,174
BEXAR,house,121,mail,17,214
BEXAR,house,121,mail,18,265
BEXAR,house,121,mail,19,292
BEXAR,house,121,mail,20,277
BEXAR,house,121,mail,21,398
BEXAR,house,121,mail,22,125
BEXAR,house,121,mail,23,3
BEXAR,house,121,mail,24,267
BEXAR,house,121,mail,25,165
BEXAR,house,121,mail,26,238
BEXAR,house,121,mail,27,73
BEXAR,house,121,mail,28,101
BEXAR,house,121,mail,32,4
BEXAR,house,121,mail,35,1
BEXAR,house,121,mail,36,1
BEXAR,house,121,mail,37,1
BEXAR,house,122,inperson,4,7564
BEXAR,house,122,inperson,5,5725
BEXAR,house,122,inperson,6,5250
BEXAR,house,122,inperson,7,4949
BEXAR,house,122,inperson,8,4525
BEXAR,house,122,inperson,9,2101
BEXAR,house,122,inperson,10,3946
BEXAR,house,122,inperson,11,5543
BEXAR,house,122,inperson,12,5394
BEXAR,house,122,inperson,13,5276
BEXAR,house,122,inperson,14,5213
BEXAR,house,122,inperson,15,4884
BEXAR,house,122,mail,4,235
BEXAR,house,122,mail,5,226
BEXAR,house,122,mail,6,156
BEXAR,house,122,mail,7,217
BEXAR,house,122,mail,8,243
BEXAR,house,122,mail,9,101
BEXAR,house,122,mail,10,288
BEXAR,house,122,mail,11,15
BEXAR,house,122,mail,12,158
BEXAR,house,122,mail,13,242
BEXAR,house,122,mail,14,228
BEXAR,house,122,mail,15,174
BEXAR,house,122,mail,17,195
BEXAR,house,122,mail,18,192
BEXAR,house,122,mail,19,229
BEXAR,house,122,mail,20,229
BEXAR,house,122,mail,21,314
BEXAR,house,122,mail,22,197
BEXAR,house,122,mail,23,2
BEXAR,house,122,mail,24,266
BEXAR,house,122,mail,25,188
BEXAR,house,122,mail,26,208
BEXAR,house,122,mail,27,24
BEXAR,house,122,mail,28,61
BEXAR,house,122,mail,32,1
BEXAR,house,122,mail,33,1
BEXAR,house,122,mail,34,1
BEXAR,house,123,inperson,4,5244
BEXAR,house,123,inperson,5,3459
BEXAR,house,123,inperson,6,2938
BEXAR,house,123,inperson,7,2608
BEXAR,house,123,inperson,8,2496
BEXAR,house,123,inperson,9,983
BEXAR,house,123,inperson,10,2364
BEXAR,house,123,inperson,11,3075
BEXAR,house,123,inperson,12,3198
BEXAR,house,123,inperson,13,3095
BEXAR,house,123,inperson,14,3205
BEXAR,house,123,inperson,15,3207
BEXAR,house,123,mail,4,191
BEXAR,house,123,mail,5,161
BEXAR,house,123,mail,6,95
BEXAR,house,123,mail,7,150
BEXAR,house,123,mail,8,188
BEXAR,house,123,mail,9,61
BEXAR,house,123,mail,10,194
BEXAR,house,123,mail,11,30
BEXAR,house,123,mail,12,123
BEXAR,house,123,mail,13,137
BEXAR,house,123,mail,14,146
BEXAR,house,123,mail,15,92
BEXAR,house,123,mail,17,134
BEXAR,house,123,mail,18,118
BEXAR,house,123,mail,19,154
BEXAR,house,123,mail,20,105
BEXAR,house,123,mail,21,178
BEXAR,house,123,mail,22,83
BEXAR,house,123,mail,23,3
BEXAR,house,123,mail,24,183
BEXAR,house,123,mail,25,123
BEXAR,house,123,mail,26,158
BEXAR,house,123,mail,27,112
BEXAR,house,123,mail,28,126
BEXAR,house,123,mail,32,12
BEXAR,house,123,mail,33,12
BEXAR,house,123,mail,34,4
BEXAR,house,123,mail,35,1
BEXAR,house,123,mail,36,1
BEXAR,house,124,inperson,4,3386
BEXAR,house,124,inperson,5,2335
BEXAR,house,124,inperson,6,1814
BEXAR,house,124,inperson,7,1679
BEXAR,house,124,inperson,8,1458
BEXAR,house,124,inperson,9,700
BEXAR,house,124,inperson,10,1566
BEXAR,house,124,inperson,11,1933
BEXAR,house,124,inperson,12,1758
BEXAR,house,124,inperson,13,1880
BEXAR,house,124,inperson,14,1946
BEXAR,house,124,inperson,15,2065
BEXAR,house,124,mail,4,70
BEXAR,house,124,mail,5,75
BEXAR,house,124,mail,6,52
BEXAR,house,124,mail,7,74
BEXAR,house,124,mail,8,84
BEXAR,house,124,mail,9,42
BEXAR,house,124,mail,10,83
BEXAR,house,124,mail,11,14
BEXAR,house,124,mail,12,68
BEXAR,house,124,mail,13,61
BEXAR,house,124,mail,14,69
BEXAR,house,124,mail,15,39
BEXAR,house,124,mail,17,55
BEXAR,house,124,mail,18,71
BEXAR,house,124,mail,19,59
BEXAR,house,124,mail,20,40
BEXAR,house,124,mail,21,87
BEXAR,house,124,mail,22,76
BEXAR,house,124,mail,23,4
BEXAR,house,124,mail,24,77
BEXAR,house,124,mail,25,79
BEXAR,house,124,mail,26,79
BEXAR,house,124,mail,27,139
BEXAR,house,124,mail,28,108
BEXAR,house,124,mail,31,1
BEXAR,house,124,mail,32,46
BEXAR,house,124,mail,33,73
BEXAR,house,124,mail,34,10
BEXAR,house,124,mail,35,1
BEXAR,house,124,mail,36,3
BEXAR,house,124,mail,37,2
BEXAR,house,125,inperson,4,5165
BEXAR,house,125,inperson,5,3695
BEXAR,house,125,inperson,6,3164
BEXAR,house,125,inperson,7,2919
BEXAR,house,125,inperson,8,2617
BEXAR,house,125,inperson,9,1180
BEXAR,house,125,inperson,10,2707
BEXAR,house,125,inperson,11,3312
BEXAR,house,125,inperson,12,3278
BEXAR,house,125,inperson,13,3302
BEXAR,house,125,inperson,14,3433
BEXAR,house,125,inperson,15,3482
BEXAR,house,125,mail,4,82
BEXAR,house,125,mail,5,136
BEXAR,house,125,mail,6,74
BEXAR,house,125,mail,7,126
BEXAR,house,125,mail,8,124
BEXAR,house,125,mail,9,41
BEXAR,house,125,mail,10,115
BEXAR,house,125,mail,11,27
BEXAR,house,125,mail,12,110
BEXAR,house,125,mail,13,138
BEXAR,house,125,mail,14,96
BEXAR,house,125,mail,15,46
BEXAR,house,125,mail,17,110
BEXAR,house,125,mail,18,109
BEXAR,house,125,mail,19,122
BEXAR,house,125,mail,20,89
BEXAR,house,125,mail,21,139
BEXAR,house,125,mail,22,95
BEXAR,house,125,mail,23,2
BEXAR,house,125,mail,24,148
BEXAR,house,125,mail,25,111
BEXAR,house,125,mail,26,182
BEXAR,house,125,mail,27,135
BEXAR,house,125,mail,28,209
BEXAR,house,125,mail,32,6
BEXAR,house,125,mail,36,4
BEXAR,senate,19,inperson,4,15449
BEXAR,senate,19,inperson,5,10705
BEXAR,senate,19,inperson,6,8862
BEXAR,senate,19,inperson,7,7910
BEXAR,senate,19,inperson,8,7102
BEXAR,senate,19,inperson,9,3474
BEXAR,senate,19,inperson,10,7318
BEXAR,senate,19,inperson,11,9138
BEXAR,senate,19,inperson,12,8487
BEXAR,senate,19,inperson,13,8931
BEXAR,senate,19,inperson,14,9325
BEXAR,senate,19,inperson,15,9757
BEXAR,senate,19,inperson,36,1
BEXAR,senate,19,mail,4,323
BEXAR,senate,19,mail,5,364
BEXAR,senate,19,mail,6,216
BEXAR,senate,19,mail,7,404
BEXAR,senate,19,mail,8,384
BEXAR,senate,19,mail,9,164
BEXAR,senate,19,mail,10,411
BEXAR,senate,19,mail,11,73
BEXAR,senate,19,mail,12,305
BEXAR,senate,19,mail,13,332
BEXAR,senate,19,mail,14,377
BEXAR,senate,19,mail,15,168
BEXAR,senate,19,mail,17,385
BEXAR,senate,19,mail,18,381
BEXAR,senate,19,mail,19,434
BEXAR,senate,19,mail,20,367
BEXAR,senate,19,mail,21,381
BEXAR,senate,19,mail,22,220
BEXAR,senate,19,mail,23,10
BEXAR,senate,19,mail,24,227
BEXAR,senate,19,mail,25,225
BEXAR,senate,19,mail,26,303
BEXAR,senate,19,mail,27,232
BEXAR,senate,19,mail,28,268
BEXAR,senate,19,mail,31,5
BEXAR,senate,19,mail,32,124
BEXAR,senate,19,mail,33,102
BEXAR,senate,19,mail,34,126
BEXAR,senate,19,mail,35,6
BEXAR,senate,19,mail,36,10
BEXAR,senate,19,mail,37,3
BEXAR,senate,21,inperson,4,435
BEXAR,senate,21,inperson,5,293
BEXAR,senate,21,inperson,6,258
BEXAR,senate,21,inperson,7,255
BEXAR,senate,21,inperson,8,221
BEXAR,senate,21,inperson,9,96
BEXAR,senate,21,inperson,10,213
BEXAR,senate,21,inperson,11,305
BEXAR,senate,21,inperson,12,313
BEXAR,senate,21,inperson,13,363
BEXAR,senate,21,inperson,14,331
BEXAR,senate,21,inperson,15,410
BEXAR,senate,21,mail,4,6
BEXAR,senate,21,mail,5,17
BEXAR,senate,21,mail,6,6
BEXAR,senate,21,mail,7,5
BEXAR,senate,21,mail,8,5
BEXAR,senate,21,mail,9,8
BEXAR,senate,21,mail,10,9
BEXAR,senate,21,mail,11,2
BEXAR,senate,21,mail,12,14
BEXAR,senate,21,mail,13,4
BEXAR,senate,21,mail,14,6
BEXAR,senate,21,mail,15,4
BEXAR,senate,21,mail,17,10
BEXAR,senate,21,mail,18,17
BEXAR,senate,21,mail,19,24
BEXAR,senate,21,mail,20,9
BEXAR,senate,21,mail,21,3
BEXAR,senate,21,mail,22,2
BEXAR,senate,21,mail,24,5
BEXAR,senate,21,mail,27,2
BEXAR,senate,21,mail,32,1
BEXAR,senate,21,mail,33,3
BEXAR,senate,25,inperson,4,12845
BEXAR,senate,25,inperson,5,10043
BEXAR,senate,25,inperson,6,9065
BEXAR,senate,25,inperson,7,8479
BEXAR,senate,25,inperson,8,7910
BEXAR,senate,25,inperson,9,3703
BEXAR,senate,25,inperson,10,6907
BEXAR,senate,25,inperson,11,9647
BEXAR,senate,25,inperson,12,9484
BEXAR,senate,25,inperson,13,9369
BEXAR,senate,25,inperson,14,9270
BEXAR,senate,25,inperson,15,8638
BEXAR,senate,25,mail,4,458
BEXAR,senate,25,mail,5,464
BEXAR,senate,25,mail,6,346
BEXAR,senate,25,mail,7,440
BEXAR,senate,25,mail,8,467
BEXAR,senate,25,mail,9,190
BEXAR,senate,25,mail,10,536
BEXAR,senate,25,mail,11,58
BEXAR,senate,25,mail,12,370
BEXAR,senate,25,mail,13,423
BEXAR,senate,25,mail,14,452
BEXAR,senate,25,mail,15,313
BEXAR,senate,25,mail,17,399
BEXAR,senate,25,mail,18,434
BEXAR,senate,25,mail,19,493
BEXAR,senate,25,mail,20,457
BEXAR,senate,25,mail,21,683
BEXAR,senate,25,mail,22,273
BEXAR,senate,25,mail,23,6
BEXAR,senate,25,mail,24,481
BEXAR,senate,25,mail,25,309
BEXAR,senate,25,mail,26,400
BEXAR,senate,25,mail,27,89
BEXAR,senate,25,mail,28,151
BEXAR,senate,25,mail,32,5
BEXAR,senate,25,mail,33,1
BEXAR,senate,25,mail,34,2
BEXAR,senate,25,mail,35,1
BEXAR,senate,25,mail,36,1
BEXAR,senate,25,mail,37,1
BEXAR,senate,26,inperson,4,20491
BEXAR,senate,26,inperson,5,13995
BEXAR,senate,26,inperson,6,11645
BEXAR,senate,26,inperson,7,10794
BEXAR,senate,26,inperson,8,9919
BEXAR,senate,26,inperson,9,4276
BEXAR,senate,26,inperson,10,9651
BEXAR,senate,26,inperson,11,12153
BEXAR,senate,26,inperson,12,12212
BEXAR,senate,26,inperson,13,12508
BEXAR,senate,26,inperson,14,12843
BEXAR,senate,26,inperson,15,13389
BEXAR,senate,26,mail,4,566
BEXAR,senate,26,mail,5,695
BEXAR,senate,26,mail,6,395
BEXAR,senate,26,mail,7,549
BEXAR,senate,26,mail,8,695
BEXAR,senate,26,mail,9,280
BEXAR,senate,26,mail,10,751
BEXAR,senate,26,mail,11,141
BEXAR,senate,26,mail,12,525
BEXAR,senate,26,mail,13,610
BEXAR,senate,26,mail,14,589
BEXAR,senate,26,mail,15,344
BEXAR,senate,26,mail,17,571
BEXAR,senate,26,mail,18,557
BEXAR,senate,26,mail,19,647
BEXAR,senate,26,mail,20,506
BEXAR,senate,26,mail,21,679
BEXAR,senate,26,mail,22,342
BEXAR,senate,26,mail,23,9
BEXAR,senate,26,mail,24,497
BEXAR,senate,26,mail,25,435
BEXAR,senate,26,mail,26,551
BEXAR,senate,26,mail,27,460
BEXAR,senate,26,mail,28,557
BEXAR,senate,26,mail,31,2
BEXAR,senate,26,mail,32,99
BEXAR,senate,26,mail,33,98
BEXAR,senate,26,mail,34,38
BEXAR,senate,26,mail,35,7
BEXAR,senate,26,mail,36,16
BEXAR,senate,26,mail,37,2
BLANCO,house,19,inperson,4,573
BLANCO,house,19,inperson,5,367
BLANCO,house,19,inperson,6,335
BLANCO,house,19,inperson,7,344
BLANCO,house,19,inperson,8,391
BLANCO,house,19,inperson,10,196
BLANCO,house,19,inperson,11,480
BLANCO,house,19,inperson,12,400
BLANCO,house,19,inperson,13,430
BLANCO,house,19,inperson,14,487
BLANCO,house,19,inperson,15,571
BLANCO,house,19,mail,4,3
BLANCO,house,19,mail,5,9
BLANCO,house,19,mail,6,16
BLANCO,house,19,mail,7,3
BLANCO,house,19,mail,8,13
BLANCO,house,19,mail,10,17
BLANCO,house,19,mail,11,21
BLANCO,house,19,mail,12,22
BLANCO,house,19,mail,13,24
BLANCO,house,19,mail,14,11
BLANCO,house,19,mail,15,36
BLANCO,house,19,mail,18,23
BLANCO,house,19,mail,19,26
BLANCO,house,19,mail,20,23
BLANCO,house,19,mail,21,3
BLANCO,house,19,mail,22,8
BLANCO,senate,25,inperson,4,573
BLANCO,senate,25,inperson,5,367
BLANCO,senate,25,inperson,6,335
BLANCO,senate,25,inperson,7,344
BLANCO,senate,25,inperson,8,391
BLANCO,senate,25,inperson,10,196
BLANCO,senate,25,inperson,11,480
BLANCO,senate,25,inperson,12,400
BLANCO,senate,25,inperson,13,430
BLANCO,senate,25,inperson,14,487
BLANCO,senate,25,inperson,15,571
BLANCO,senate,25,mail,4,3
BLANCO,senate,25,mail,5,9
BLANCO,senate,25,mail,6,16
BLANCO,senate,25,mail,7,3
BLANCO,senate,25,mail,8,13
BLANCO,senate,25,mail,10,17
BLANCO,senate,25,mail,11,21
BLANCO,senate,25,mail,12,22
BLANCO,senate,25,mail,13,24
BLANCO,senate,25,mail,14,11
BLANCO,senate,25,mail,15,36
BLANCO,senate,25,mail,18,23
BLANCO,senate,25,mail,19,26
BLANCO,senate,25,mail,20,23
BLANCO,senate,25,mail,21,3
BLANCO,senate,25,mail,22,8
BORDEN,house,83,inperson,4,28
BORDEN,house,83,inperson,5,25
BORDEN,house,83,inperson,6,23
BORDEN,house,83,inperson,7,9
BORDEN,house,83,inperson,8,20
BORDEN,house,83,inperson,11,19
BORDEN,house,83,inperson,12,14
BORDEN,house,83,inperson,13,13
BORDEN,house,83,inperson,14,13
BORDEN,house,83,inperson,15,23
BORDEN,house,83,mail,11,1
BORDEN,house,83,mail,13,1
BORDEN,house,83,mail,19,1
BORDEN,house,83,mail,21,1
BORDEN,house,83,mail,22,6
BORDEN,house,83,mail,25,1
BORDEN,house,83,mail,27,3
BORDEN,senate,31,inperson,4,28
BORDEN,senate,31,inperson,5,25
BORDEN,senate,31,inperson,6,23
BORDEN,senate,31,inperson,7,9
BORDEN,senate,31,inperson,8,20
BORDEN,senate,31,inperson,11,19
BORDEN,senate,31,inperson,12,14
BORDEN,senate,31,inperson,13,13
BORDEN,senate,31,inperson,14,13
BORDEN,senate,31,inperson,15,23
BORDEN,senate,31,mail,11,1
BORDEN,senate,31,mail,13,1
BORDEN,senate,31,mail,19,1
BORDEN,senate,31,mail,21,1
BORDEN,senate,31,mail,22,6
BORDEN,senate,31,mail,25,1
BORDEN,senate,31,mail,27,3
BOSQUE,house,13,inperson,4,371
BOSQUE,house,13,inperson,5,257
BOSQUE,house,13,inperson,6,309
BOSQUE,house,13,inperson,7,245
BOSQUE,house,13,inperson,8,259
BOSQUE,house,13,inperson,10,196
BOSQUE,house,13,inperson,11,321
BOSQUE,house,13,inperson,12,387
BOSQUE,house,13,inperson,13,342
BOSQUE,house,13,inperson,14,416
BOSQUE,house,13,inperson,15,417
BOSQUE,house,13,mail,4,4
BOSQUE,house,13,mail,5,14
BOSQUE,house,13,mail,6,3
BOSQUE,house,13,mail,8,11
BOSQUE,house,13,mail,10,9
BOSQUE,house,13,mail,11,6
BOSQUE,house,13,mail,12,12
BOSQUE,house,13,mail,13,2
BOSQUE,house,13,mail,15,32
BOSQUE,house,13,mail,18,9
BOSQUE,house,13,mail,19,7
BOSQUE,house,13,mail,20,1
BOSQUE,house,13,mail,21,3
BOSQUE,house,13,mail,22,44
BOSQUE,house,13,mail,26,31
BOSQUE,house,13,mail,27,6
BOSQUE,house,13,mail,28,14
BOSQUE,house,13,mail,29,7
BOSQUE,house,13,mail,32,8
BOSQUE,house,13,mail,33,5
BOSQUE,house,13,mail,34,5
BOSQUE,house,13,mail,35,2
BOSQUE,house,13,mail,36,1
BOSQUE,senate,22,inperson,4,371
BOSQUE,senate,22,inperson,5,257
BOSQUE,senate,22,inperson,6,309
BOSQUE,senate,22,inperson,7,245
BOSQUE,senate,22,inperson,8,259
BOSQUE,senate,22,inperson,10,196
BOSQUE,senate,22,inperson,11,321
BOSQUE,senate,22,inperson,12,387
BOSQUE,senate,22,inperson,13,342
BOSQUE,senate,22,inperson,14,416
BOSQUE,senate,22,inperson,15,417
BOSQUE,senate,22,mail,4,4
BOSQUE,senate,22,mail,5,14
BOSQUE,senate,22,mail,6,3
BOSQUE,senate,22,mail,8,11
BOSQUE,senate,22,mail,10,9
BOSQUE,senate,22,mail,11,6
BOSQUE,senate,22,mail,12,12
BOSQUE,senate,22,mail,13,2
BOSQUE,senate,22,mail,15,32
BOSQUE,senate,22,mail,18,9
BOSQUE,senate,22,mail,19,7
BOSQUE,senate,22,mail,20,1
BOSQUE,senate,22,mail,21,3
BOSQUE,senate,22,mail,22,44
BOSQUE,senate,22,mail,26,31
BOSQUE,senate,22,mail,27,6
BOSQUE,senate,22,mail,28,14
BOSQUE,senate,22,mail,29,7
BOSQUE,senate,22,mail,32,8
BOSQUE,senate,22,mail,33,5
BOSQUE,senate,22,mail,34,5
BOSQUE,senate,22,mail,35,2
BOSQUE,senate,22,mail,36,1
BOWIE,house,1,inperson,4,1856
BOWIE,house,1,inperson,5,1261
BOWIE,house,1,inperson,6,1169
BOWIE,house,1,inperson,7,1116
BOWIE,house,1,inperson,8,1197
BOWIE,house,1,inperson,9,73
BOWIE,house,1,inperson,10,577
BOWIE,house,1,inperson,11,1553
BOWIE,house,1,inperson,12,1247
BOWIE,house,1,inperson,13,1393
BOWIE,house,1,inperson,14,1549
BOWIE,house,1,inperson,15,1635
BOWIE,house,1,mail,4,21
BOWIE,house,1,mail,5,32
BOWIE,house,1,mail,6,48
BOWIE,house,1,mail,7,6
BOWIE,house,1,mail,8,80
BOWIE,house,1,mail,11,41
BOWIE,house,1,mail,12,54
BOWIE,house,1,mail,13,69
BOWIE,house,1,mail,14,7
BOWIE,house,1,mail,15,123
BOWIE,house,1,mail,18,35
BOWIE,house,1,mail,19,75
BOWIE,house,1,mail,20,79
BOWIE,house,1,mail,21,24
BOWIE,house,1,mail,22,137
BOWIE,house,1,mail,25,76
BOWIE,house,1,mail,26,125
BOWIE,house,1,mail,27,10
BOWIE,house,1,mail,28,2
BOWIE,senate,1,inperson,4,1856
BOWIE,senate,1,inperson,5,1261
BOWIE,senate,1,inperson,6,1169
BOWIE,senate,1,inperson,7,1116
BOWIE,senate,1,inperson,8,1197
BOWIE,senate,1,inperson,9,73
BOWIE,senate,1,inperson,10,577
BOWIE,senate,1,inperson,11,1553
BOWIE,senate,1,inperson,12,1247
BOWIE,senate,1,inperson,13,1393
BOWIE,senate,1,inperson,14,1549
BOWIE,senate,1,inperson,15,1635
BOWIE,senate,1,mail,4,21
BOWIE,senate,1,mail,5,32
BOWIE,senate,1,mail,6,48
BOWIE,senate,1,mail,7,6
BOWIE,senate,1,mail,8,80
BOWIE,senate,1,mail,11,41
BOWIE,senate,1,mail,12,54
BOWIE,senate,1,mail,13,69
BOWIE,senate,1,mail,14,7
BOWIE,senate,1,mail,15,123
BOWIE,senate,1,mail,18,35
BOWIE,senate,1,mail,19,75
BOWIE,senate,1,mail,20,79
BOWIE,senate,1,mail,21,24
BOWIE,senate,1,mail,22,137
BOWIE,senate,1,mail,25,76
BOWIE,senate,1,mail,26,125
BOWIE,senate,1,mail,27,10
BOWIE,senate,1,mail,28,2
BRAZORIA,house,25,inperson,4,5695
BRAZORIA,house,25,inperson,5,3404
BRAZORIA,house,25,inperson,6,2884
BRAZORIA,house,25,inperson,7,2317
BRAZORIA,house,25,inperson,8,2893
BRAZORIA,house,25,inperson,9,1014
BRAZORIA,house,25,inperson,10,2379
BRAZORIA,house,25,inperson,11,3378
BRAZORIA,house,25,inperson,12,2885
BRAZORIA,house,25,inperson,13,3025
BRAZORIA,house,25,inperson,14,3438
BRAZORIA,house,25,inperson,15,3490
BRAZORIA,house,25,mail,4,36
BRAZORIA,house,25,mail,5,51
BRAZORIA,house,25,mail,6,62
BRAZORIA,house,25,mail,7,15
BRAZORIA,house,25,mail,8,106
BRAZORIA,house,25,mail,11,117
BRAZORIA,house,25,mail,12,88
BRAZORIA,house,25,mail,13,27
BRAZORIA,house,25,mail,14,9
BRAZORIA,house,25,mail,15,132
BRAZORIA,house,25,mail,18,74
BRAZORIA,house,25,mail,19,32
BRAZORIA,house,25,mail,20,59
BRAZORIA,house,25,mail,21,5
BRAZORIA,house,25,mail,22,128
BRAZORIA,house,25,mail,25,86
BRAZORIA,house,25,mail,26,90
BRAZORIA,house,25,mail,27,6
BRAZORIA,house,25,mail,28,84
BRAZORIA,house,25,mail,29,63
BRAZORIA,house,25,mail,32,101
BRAZORIA,house,25,mail,33,73
BRAZORIA,house,25,mail,34,103
BRAZORIA,house,25,mail,35,8
BRAZORIA,house,25,mail,36,115
BRAZORIA,house,25,mail,37,5
BRAZORIA,house,29,inperson,4,6177
BRAZORIA,house,29,inperson,5,3746
BRAZORIA,house,29,inperson,6,3242
BRAZORIA,house,29,inperson,7,2539
BRAZORIA,house,29,inperson,8,3244
BRAZORIA,house,29,inperson,9,1221
BRAZORIA,house,29,inperson,10,3018
BRAZORIA,house,29,inperson,11,3500
BRAZORIA,house,29,inperson,12,3119
BRAZORIA,house,29,inperson,13,3204
BRAZORIA,house,29,inperson,14,3675
BRAZORIA,house,29,inperson,15,3992
BRAZORIA,house,29,mail,4,55
BRAZORIA,house,29,mail,5,53
BRAZORIA,house,29,mail,6,70
BRAZORIA,house,29,mail,7,9
BRAZORIA,house,29,mail,8,131
BRAZORIA,house,29,mail,11,147
BRAZORIA,house,29,mail,12,95
BRAZORIA,house,29,mail,13,29
BRAZORIA,house,29,mail,14,27
BRAZORIA,house,29,mail,15,124
BRAZORIA,house,29,mail,18,74
BRAZORIA,house,29,mail,19,51
BRAZORIA,house,29,mail,20,73
BRAZORIA,house,29,mail,21,5
BRAZORIA,house,29,mail,22,121
BRAZORIA,house,29,mail,25,80
BRAZORIA,house,29,mail,26,123
BRAZORIA,house,29,mail,27,17
BRAZORIA,house,29,mail,28,96
BRAZORIA,house,29,mail,29,86
BRAZORIA,house,29,mail,32,78
BRAZORIA,house,29,mail,33,73
BRAZORIA,house,29,mail,34,136
BRAZORIA,house,29,mail,35,3
BRAZORIA,house,29,mail,36,144
BRAZORIA,senate,11,inperson,4,8585
BRAZORIA,senate,11,inperson,5,5200
BRAZORIA,senate,11,inperson,6,4361
BRAZORIA,senate,11,inperson,7,3418
BRAZORIA,senate,11,inperson,8,4441
BRAZORIA,senate,11,inperson,9,1740
BRAZORIA,senate,11,inperson,10,4100
BRAZORIA,senate,11,inperson,11,4603
BRAZORIA,senate,11,inperson,12,4040
BRAZORIA,senate,11,inperson,13,4072
BRAZORIA,senate,11,inperson,14,4609
BRAZORIA,senate,11,inperson,15,4932
BRAZORIA,senate,11,mail,4,67
BRAZORIA,senate,11,mail,5,69
BRAZORIA,senate,11,mail,6,94
BRAZORIA,senate,11,mail,7,15
BRAZORIA,senate,11,mail,8,152
BRAZORIA,senate,11,mail,11,183
BRAZORIA,senate,11,mail,12,119
BRAZORIA,senate,11,mail,13,40
BRAZORIA,senate,11,mail,14,33
BRAZORIA,senate,11,mail,15,180
BRAZORIA,senate,11,mail,18,97
BRAZORIA,senate,11,mail,19,61
BRAZORIA,senate,11,mail,20,90
BRAZORIA,senate,11,mail,21,4
BRAZORIA,senate,11,mail,22,172
BRAZORIA,senate,11,mail,25,115
BRAZORIA,senate,11,mail,26,150
BRAZORIA,senate,11,mail,27,18
BRAZORIA,senate,11,mail,28,121
BRAZORIA,senate,11,mail,29,105
BRAZORIA,senate,11,mail,32,114
BRAZORIA,senate,11,mail,33,94
BRAZORIA,senate,11,mail,34,167
BRAZORIA,senate,11,mail,35,3
BRAZORIA,senate,11,mail,36,171
BRAZORIA,senate,17,inperson,4,3287
BRAZORIA,senate,17,inperson,5,1950
BRAZORIA,senate,17,inperson,6,1765
BRAZORIA,senate,17,inperson,7,1438
BRAZORIA,senate,17,inperson,8,1696
BRAZORIA,senate,17,inperson,9,495
BRAZORIA,senate,17,inperson,10,1297
BRAZORIA,senate,17,inperson,11,2275
BRAZORIA,senate,17,inperson,12,1964
BRAZORIA,senate,17,inperson,13,2157
BRAZORIA,senate,17,inperson,14,2504
BRAZORIA,senate,17,inperson,15,2550
BRAZORIA,senate,17,mail,4,24
BRAZORIA,senate,17,mail,5,35
BRAZORIA,senate,17,mail,6,38
BRAZORIA,senate,17,mail,7,9
BRAZORIA,senate,17,mail,8,85
BRAZORIA,senate,17,mail,11,81
BRAZORIA,senate,17,mail,12,64
BRAZORIA,senate,17,mail,13,16
BRAZORIA,senate,17,mail,14,3
BRAZORIA,senate,17,mail,15,76
BRAZORIA,senate,17,mail,18,51
BRAZORIA,senate,17,mail,19,22
BRAZORIA,senate,17,mail,20,42
BRAZORIA,senate,17,mail,21,6
BRAZORIA,senate,17,mail,22,77
BRAZORIA,senate,17,mail,25,51
BRAZORIA,senate,17,mail,26,63
BRAZORIA,senate,17,mail,27,5
BRAZORIA,senate,17,mail,28,59
BRAZORIA,senate,17,mail,29,44
BRAZORIA,senate,17,mail,32,65
BRAZORIA,senate,17,mail,33,52
BRAZORIA,senate,17,mail,34,72
BRAZORIA,senate,17,mail,35,8
BRAZORIA,senate,17,mail,36,88
BRAZORIA,senate,17,mail,37,5
BRAZOS,house,12,inperson,4,844
BRAZOS,house,12,inperson,5,700
BRAZOS,house,12,inperson,6,605
BRAZOS,house,12,inperson,7,507
BRAZOS,house,12,inperson,8,545
BRAZOS,house,12,inperson,9,139
BRAZOS,house,12,inperson,10,238
BRAZOS,house,12,inperson,11,510
BRAZOS,house,12,inperson,12,532
BRAZOS,house,12,inperson,13,526
BRAZOS,house,12,inperson,14,601
BRAZOS,house,12,inperson,15,654
BRAZOS,house,12,mail,4,8
BRAZOS,house,12,mail,5,11
BRAZOS,house,12,mail,6,35
BRAZOS,house,12,mail,7,18
BRAZOS,house,12,mail,8,11
BRAZOS,house,12,mail,10,26
BRAZOS,house,12,mail,12,35
BRAZOS,house,12,mail,13,29
BRAZOS,house,12,mail,14,6
BRAZOS,house,12,mail,15,45
BRAZOS,house,12,mail,18,9
BRAZOS,house,12,mail,19,35
BRAZOS,house,12,mail,20,25
BRAZOS,house,12,mail,21,16
BRAZOS,house,12,mail,22,24
BRAZOS,house,12,mail,26,6
BRAZOS,house,14,inperson,4,4718
BRAZOS,house,14,inperson,5,3231
BRAZOS,house,14,inperson,6,2473
BRAZOS,house,14,inperson,7,2217
BRAZOS,house,14,inperson,8,2077
BRAZOS,house,14,inperson,9,723
BRAZOS,house,14,inperson,10,1205
BRAZOS,house,14,inperson,11,2076
BRAZOS,house,14,inperson,12,2137
BRAZOS,house,14,inperson,13,2092
BRAZOS,house,14,inperson,14,2335
BRAZOS,house,14,inperson,15,2254
BRAZOS,house,14,mail,4,105
BRAZOS,house,14,mail,5,74
BRAZOS,house,14,mail,6,135
BRAZOS,house,14,mail,7,68
BRAZOS,house,14,mail,8,73
BRAZOS,house,14,mail,10,111
BRAZOS,house,14,mail,11,90
BRAZOS,house,14,mail,12,140
BRAZOS,house,14,mail,13,149
BRAZOS,house,14,mail,14,24
BRAZOS,house,14,mail,15,220
BRAZOS,house,14,mail,18,131
BRAZOS,house,14,mail,19,135
BRAZOS,house,14,mail,20,143
BRAZOS,house,14,mail,21,38
BRAZOS,house,14,mail,22,86
BRAZOS,house,14,mail,25,2
BRAZOS,house,14,mail,26,9
BRAZOS,house,14,mail,33,5
BRAZOS,senate,5,inperson,4,5562
BRAZOS,senate,5,inperson,5,3931
BRAZOS,senate,5,inperson,6,3078
BRAZOS,senate,5,inperson,7,2724
BRAZOS,senate,5,inperson,8,2622
BRAZOS,senate,5,inperson,9,862
BRAZOS,senate,5,inperson,10,1443
BRAZOS,senate,5,inperson,11,2586
BRAZOS,senate,5,inperson,12,2669
BRAZOS,senate,5,inperson,13,2618
BRAZOS,senate,5,inperson,14,2936
BRAZOS,senate,5,inperson,15,2908
BRAZOS,senate,5,mail,4,113
BRAZOS,senate,5,mail,5,85
BRAZOS,senate,5,mail,6,170
BRAZOS,senate,5,mail,7,86
BRAZOS,senate,5,mail,8,84
BRAZOS,senate,5,mail,10,137
BRAZOS,senate,5,mail,11,90
BRAZOS,senate,5,mail,12,175
BRAZOS,senate,5,mail,13,178
BRAZOS,senate,5,mail,14,30
BRAZOS,senate,5,mail,15,265
BRAZOS,senate,5,mail,18,140
BRAZOS,senate,5,mail,19,170
BRAZOS,senate,5,mail,20,168
BRAZOS,senate,5,mail,21,54
BRAZOS,senate,5,mail,22,110
BRAZOS,senate,5,mail,25,2
BRAZOS,senate,5,mail,26,15
BRAZOS,senate,5,mail,33,5
BREWSTER,house,74,inperson,4,224
BREWSTER,house,74,inperson,5,229
BREWSTER,house,74,inperson,6,312
BREWSTER,house,74,inperson,7,171
BREWSTER,house,74,inperson,8,174
BREWSTER,house,74,inperson,11,252
BREWSTER,house,74,inperson,12,212
BREWSTER,house,74,inperson,13,236
BREWSTER,house,74,inperson,14,289
BREWSTER,house,74,inperson,15,350
BREWSTER,house,74,mail,4,3
BREWSTER,house,74,mail,5,3
BREWSTER,house,74,mail,6,4
BREWSTER,house,74,mail,7,4
BREWSTER,house,74,mail,8,12
BREWSTER,house,74,mail,11,9
BREWSTER,house,74,mail,12,4
BREWSTER,house,74,mail,13,11
BREWSTER,house,74,mail,14,19
BREWSTER,house,74,mail,15,9
BREWSTER,house,74,mail,18,13
BREWSTER,house,74,mail,19,10
BREWSTER,house,74,mail,20,10
BREWSTER,house,74,mail,21,6
BREWSTER,house,74,mail,22,16
BREWSTER,house,74,mail,25,8
BREWSTER,house,74,mail,26,13
BREWSTER,house,74,mail,27,14
BREWSTER,house,74,mail,28,29
BREWSTER,house,74,mail,33,2
BREWSTER,house,74,mail,34,2
BREWSTER,senate,19,inperson,4,1
BREWSTER,senate,19,inperson,5,54
BREWSTER,senate,19,inperson,6,69
BREWSTER,senate,19,inperson,7,6
BREWSTER,senate,19,inperson,8,2
BREWSTER,senate,19,inperson,11,6
BREWSTER,senate,19,inperson,12,1
BREWSTER,senate,19,inperson,13,2
BREWSTER,senate,19,inperson,14,11
BREWSTER,senate,19,inperson,15,13
BREWSTER,senate,19,mail,4,1
BREWSTER,senate,19,mail,8,1
BREWSTER,senate,19,mail,15,2
BREWSTER,senate,19,mail,18,2
BREWSTER,senate,19,mail,20,3
BREWSTER,senate,19,mail,22,3
BREWSTER,senate,19,mail,26,2
BREWSTER,senate,19,mail,28,2
BREWSTER,senate,29,inperson,4,223
BREWSTER,senate,29,inperson,5,175
BREWSTER,senate,29,inperson,6,243
BREWSTER,senate,29,inperson,7,165
BREWSTER,senate,29,inperson,8,172
BREWSTER,senate,29,inperson,11,246
BREWSTER,senate,29,inperson,12,211
BREWSTER,senate,29,inperson,13,234
BREWSTER,senate,29,inperson,14,278
BREWSTER,senate,29,inperson,15,337
BREWSTER,senate,29,mail,4,2
BREWSTER,senate,29,mail,5,3
BREWSTER,senate,29,mail,6,4
BREWSTER,senate,29,mail,7,4
BREWSTER,senate,29,mail,8,11
BREWSTER,senate,29,mail,11,9
BREWSTER,senate,29,mail,12,4
BREWSTER,senate,29,mail,13,11
BREWSTER,senate,29,mail,14,19
BREWSTER,senate,29,mail,15,7
BREWSTER,senate,29,mail,18,11
BREWSTER,senate,29,mail,19,10
BREWSTER,senate,29,mail,20,7
BREWSTER,senate,29,mail,21,6
BREWSTER,senate,29,mail,22,13
BREWSTER,senate,29,mail,25,8
BREWSTER,senate,29,mail,26,11
BREWSTER,senate,29,mail,27,14
BREWSTER,senate,29,mail,28,27
BREWSTER,senate,29,mail,33,2
BREWSTER,senate,29,mail,34,2
BRISCOE,house,88,inperson,4,31
BRISCOE,house,88,inperson,5,23
BRISCOE,house,88,inperson,6,20
BRISCOE,house,88,inperson,7,11
BRISCOE,house,88,inperson,8,23
BRISCOE,house,88,inperson,11,19
BRISCOE,house,88,inperson,12,15
BRISCOE,house,88,inperson,13,22
BRISCOE,house,88,inperson,14,18
BRISCOE,house,88,inperson,15,22
BRISCOE,house,88,mail,7,3
BRISCOE,house,88,mail,8,4
BRISCOE,house,88,mail,11,1
BRISCOE,house,88,mail,12,1
BRISCOE,house,88,mail,13,6
BRISCOE,house,88,mail,15,7
BRISCOE,house,88,mail,18,12
BRISCOE,house,88,mail,19,1
BRISCOE,house,88,mail,20,6
BRISCOE,house,88,mail,21,5
BRISCOE,house,88,mail,22,5
BRISCOE,house,88,mail,25,5
BRISCOE,house,88,mail,26,9
BRISCOE,senate,31,inperson,4,31
BRISCOE,senate,31,inperson,5,23
BRISCOE,senate,31,inperson,6,20
BRISCOE,senate,31,inperson,7,11
BRISCOE,senate,31,inperson,8,23
BRISCOE,senate,31,inperson,11,19
BRISCOE,senate,31,inperson,12,15
BRISCOE,senate,31,inperson,13,22
BRISCOE,senate,31,inperson,14,18
BRISCOE,senate,31,inperson,15,22
BRISCOE,senate,31,mail,7,3
BRISCOE,senate,31,mail,8,4
BRISCOE,senate,31,mail,11,1
BRISCOE,senate,31,mail,12,1
BRISCOE,senate,31,mail,13,6
BRISCOE,senate,31,mail,15,7
BRISCOE,senate,31,mail,18,12
BRISCOE,senate,31,mail,19,1
BRISCOE,senate,31,mail,20,6
BRISCOE,senate,31,mail,21,5
BRISCOE,senate,31,mail,22,5
BRISCOE,senate,31,mail,25,5
BRISCOE,senate,31,mail,26,9
BROOKS,house,31,inperson,4,160
BROOKS,house,31,inperson,5,92
BROOKS,house,31,inperson,6,44
BROOKS,house,31,inperson,7,47
BROOKS,house,31,inperson,8,50
BROOKS,house,31,inperson,10,173
BROOKS,house,31,inperson,11,82
BROOKS,house,31,inperson,12,72
BROOKS,house,31,inperson,13,80
BROOKS,house,31,inperson,14,97
BROOKS,house,31,inperson,15,161
BROOKS,house,31,mail,4,2
BROOKS,house,31,mail,5,4
BROOKS,house,31,mail,6,3
BROOKS,house,31,mail,7,5
BROOKS,house,31,mail,8,7
BROOKS,house,31,mail,11,6
BROOKS,house,31,mail,12,7
BROOKS,house,31,mail,13,10
BROOKS,house,31,mail,14,5
BROOKS,house,31,mail,15,18
BROOKS,house,31,mail,18,8
BROOKS,house,31,mail,19,17
BROOKS,house,31,mail,20,27
BROOKS,house,31,mail,22,10
BROOKS,house,31,mail,25,6
BROOKS,senate,20,inperson,4,160
BROOKS,senate,20,inperson,5,92
BROOKS,senate,20,inperson,6,44
BROOKS,senate,20,inperson,7,47
BROOKS,senate,20,inperson,8,50
BROOKS,senate,20,inperson,10,173
BROOKS,senate,20,inperson,11,82
BROOKS,senate,20,inperson,12,72
BROOKS,senate,20,inperson,13,80
BROOKS,senate,20,inperson,14,97
BROOKS,senate,20,inperson,15,161
BROOKS,senate,20,mail,4,2
BROOKS,senate,20,mail,5,4
BROOKS,senate,20,mail,6,3
BROOKS,senate,20,mail,7,5
BROOKS,senate,20,mail,8,7
BROOKS,senate,20,mail,11,6
BROOKS,senate,20,mail,12,7
BROOKS,senate,20,mail,13,10
BROOKS,senate,20,mail,14,5
BROOKS,senate,20,mail,15,18
BROOKS,senate,20,mail,18,8
BROOKS,senate,20,mail,19,17
BROOKS,senate,20,mail,20,27
BROOKS,senate,20,mail,22,10
BROOKS,senate,20,mail,25,6
BROWN,house,68,inperson,4,956
BROWN,house,68,inperson,5,667
BROWN,house,68,inperson,6,558
BROWN,house,68,inperson,7,611
BROWN,house,68,inperson,8,612
BROWN,house,68,inperson,11,683
BROWN,house,68,inperson,12,704
BROWN,house,68,inperson,13,702
BROWN,house,68,inperson,14,734
BROWN,house,68,inperson,15,700
BROWN,house,68,mail,4,24
BROWN,house,68,mail,5,17
BROWN,house,68,mail,6,33
BROWN,house,68,mail,7,18
BROWN,house,68,mail,8,76
BROWN,house,68,mail,11,85
BROWN,house,68,mail,12,75
BROWN,house,68,mail,13,95
BROWN,house,68,mail,14,58
BROWN,house,68,mail,15,77
BROWN,senate,10,inperson,4,956
BROWN,senate,10,inperson,5,667
BROWN,senate,10,inperson,6,558
BROWN,senate,10,inperson,7,611
BROWN,senate,10,inperson,8,612
BROWN,senate,10,inperson,11,683
BROWN,senate,10,inperson,12,704
BROWN,senate,10,inperson,13,702
BROWN,senate,10,inperson,14,734
BROWN,senate,10,inperson,15,700
BROWN,senate,10,mail,4,24
BROWN,senate,10,mail,5,17
BROWN,senate,10,mail,6,33
BROWN,senate,10,mail,7,18
BROWN,senate,10,mail,8,76
BROWN,senate,10,mail,11,85
BROWN,senate,10,mail,12,75
BROWN,senate,10,mail,13,95
BROWN,senate,10,mail,14,58
BROWN,senate,10,mail,15,77
BURLESON,house,17,inperson,4,444
BURLESON,house,17,inperson,5,414
BURLESON,house,17,inperson,6,304
BURLESON,house,17,inperson,7,284
BURLESON,house,17,inperson,8,333
BURLESON,house,17,inperson,10,181
BURLESON,house,17,inperson,11,339
BURLESON,house,17,inperson,12,321
BURLESON,house,17,inperson,13,340
BURLESON,house,17,inperson,14,354
BURLESON,house,17,inperson,15,369
BURLESON,house,17,mail,4,11
BURLESON,house,17,mail,5,4
BURLESON,house,17,mail,6,16
BURLESON,house,17,mail,7,4
BURLESON,house,17,mail,8,9
BURLESON,house,17,mail,11,11
BURLESON,house,17,mail,12,9
BURLESON,house,17,mail,13,8
BURLESON,house,17,mail,14,15
BURLESON,house,17,mail,15,10
BURLESON,house,17,mail,18,5
BURLESON,house,17,mail,19,16
BURLESON,house,17,mail,20,3
BURLESON,house,17,mail,21,16
BURLESON,house,17,mail,22,8
BURLESON,house,17,mail,25,12
BURLESON,house,17,mail,26,20
BURLESON,house,17,mail,27,8
BURLESON,house,17,mail,28,20
BURLESON,house,17,mail,32,16
BURLESON,house,17,mail,33,19
BURLESON,house,17,mail,34,15
BURLESON,house,17,mail,35,13
BURLESON,house,17,mail,36,21
BURLESON,senate,18,inperson,4,444
BURLESON,senate,18,inperson,5,414
BURLESON,senate,18,inperson,6,304
BURLESON,senate,18,inperson,7,284
BURLESON,senate,18,inperson,8,333
BURLESON,senate,18,inperson,10,181
BURLESON,senate,18,inperson,11,339
BURLESON,senate,18,inperson,12,321
BURLESON,senate,18,inperson,13,340
BURLESON,senate,18,inperson,14,354
BURLESON,senate,18,inperson,15,369
BURLESON,senate,18,mail,4,11
BURLESON,senate,18,mail,5,4
BURLESON,senate,18,mail,6,16
BURLESON,senate,18,mail,7,4
BURLESON,senate,18,mail,8,9
BURLESON,senate,18,mail,11,11
BURLESON,senate,18,mail,12,9
BURLESON,senate,18,mail,13,8
BURLESON,senate,18,mail,14,15
BURLESON,senate,18,mail,15,10
BURLESON,senate,18,mail,18,5
BURLESON,senate,18,mail,19,16
BURLESON,senate,18,mail,20,3
BURLESON,senate,18,mail,21,16
BURLESON,senate,18,mail,22,8
BURLESON,senate,18,mail,25,12
BURLESON,senate,18,mail,26,20
BURLESON,senate,18,mail,27,8
BURLESON,senate,18,mail,28,20
BURLESON,senate,18,mail,32,16
BURLESON,senate,18,mail,33,19
BURLESON,senate,18,mail,34,15
BURLESON,senate,18,mail,35,13
BURLESON,senate,18,mail,36,21
BURNET,house,19,inperson,4,1529
BURNET,house,19,inperson,5,1248
BURNET,house,19,inperson,6,965
BURNET,house,19,inperson,7,968
BURNET,house,19,inperson,8,980
BURNET,house,19,inperson,10,399
BURNET,house,19,inperson,11,1234
BURNET,house,19,inperson,12,1369
BURNET,house,19,inperson,13,1300
BURNET,house,19,inperson,14,1347
BURNET,house,19,inperson,15,1451
BURNET,house,19,mail,4,37
BURNET,house,19,mail,5,27
BURNET,house,19,mail,6,42
BURNET,house,19,mail,7,12
BURNET,house,19,mail,8,98
BURNET,house,19,mail,11,53
BURNET,house,19,mail,12,67
BURNET,house,19,mail,13,75
BURNET,house,19,mail,14,14
BURNET,house,19,mail,15,74
BURNET,house,19,mail,18,37
BURNET,house,19,mail,19,40
BURNET,house,19,mail,20,42
BURNET,house,19,mail,21,44
BURNET,house,19,mail,22,113
BURNET,house,19,mail,26,83
BURNET,house,19,mail,27,33
BURNET,house,19,mail,28,81
BURNET,house,19,mail,32,31
BURNET,house,19,mail,33,47
BURNET,house,19,mail,34,38
BURNET,house,19,mail,35,5
BURNET,house,19,mail,36,131
BURNET,house,19,mail,37,113
BURNET,senate,24,inperson,4,1529
BURNET,senate,24,inperson,5,1248
BURNET,senate,24,inperson,6,965
BURNET,senate,24,inperson,7,968
BURNET,senate,24,inperson,8,980
BURNET,senate,24,inperson,10,399
BURNET,senate,24,inperson,11,1234
BURNET,senate,24,inperson,12,1369
BURNET,senate,24,inperson,13,1300
BURNET,senate,24,inperson,14,1347
BURNET,senate,24,inperson,15,1451
BURNET,senate,24,mail,4,37
BURNET,senate,24,mail,5,27
BURNET,senate,24,mail,6,42
BURNET,senate,24,mail,7,12
BURNET,senate,24,mail,8,98
BURNET,senate,24,mail,11,53
BURNET,senate,24,mail,12,67
BURNET,senate,24,mail,13,75
BURNET,senate,24,mail,14,14
BURNET,senate,24,mail,15,74
BURNET,senate,24,mail,18,37
BURNET,senate,24,mail,19,40
BURNET,senate,24,mail,20,42
BURNET,senate,24,mail,21,44
BURNET,senate,24,mail,22,113
BURNET,senate,24,mail,26,83
BURNET,senate,24,mail,27,33
BURNET,senate,24,mail,28,81
BURNET,senate,24,mail,32,31
BURNET,senate,24,mail,33,47
BURNET,senate,24,mail,34,38
BURNET,senate,24,mail,35,5
BURNET,senate,24,mail,36,131
BURNET,senate,24,mail,37,113
CALDWELL,house,17,inperson,4,1077
CALDWELL,house,17,inperson,5,764
CALDWELL,house,17,inperson,6,470
CALDWELL,house,17,inperson,7,460
CALDWELL,house,17,inperson,8,486
CALDWELL,house,17,inperson,9,97
CALDWELL,house,17,inperson,10,425
CALDWELL,house,17,inperson,11,625
CALDWELL,house,17,inperson,12,715
CALDWELL,house,17,inperson,13,621
CALDWELL,house,17,inperson,14,707
CALDWELL,house,17,inperson,15,742
CALDWELL,house,17,mail,4,9
CALDWELL,house,17,mail,5,17
CALDWELL,house,17,mail,6,28
CALDWELL,house,17,mail,7,19
CALDWELL,house,17,mail,8,20
CALDWELL,house,17,mail,10,20
CALDWELL,house,17,mail,11,37
CALDWELL,house,17,mail,12,27
CALDWELL,house,17,mail,13,15
CALDWELL,house,17,mail,14,32
CALDWELL,house,17,mail,15,33
CALDWELL,house,17,mail,18,38
CALDWELL,house,17,mail,19,31
CALDWELL,house,17,mail,20,31
CALDWELL,house,17,mail,21,34
CALDWELL,house,17,mail,22,29
CALDWELL,house,17,mail,25,2
CALDWELL,house,17,mail,33,2
CALDWELL,senate,21,inperson,4,1077
CALDWELL,senate,21,inperson,5,764
CALDWELL,senate,21,inperson,6,470
CALDWELL,senate,21,inperson,7,460
CALDWELL,senate,21,inperson,8,486
CALDWELL,senate,21,inperson,9,97
CALDWELL,senate,21,inperson,10,425
CALDWELL,senate,21,inperson,11,625
CALDWELL,senate,21,inperson,12,715
CALDWELL,senate,21,inperson,13,621
CALDWELL,senate,21,inperson,14,707
CALDWELL,senate,21,inperson,15,742
CALDWELL,senate,21,mail,4,9
CALDWELL,senate,21,mail,5,17
CALDWELL,senate,21,mail,6,28
CALDWELL,senate,21,mail,7,19
CALDWELL,senate,21,mail,8,20
CALDWELL,senate,21,mail,10,20
CALDWELL,senate,21,mail,11,37
CALDWELL,senate,21,mail,12,27
CALDWELL,senate,21,mail,13,15
CALDWELL,senate,21,mail,14,32
CALDWELL,senate,21,mail,15,33
CALDWELL,senate,21,mail,18,38
CALDWELL,senate,21,mail,19,31
CALDWELL,senate,21,mail,20,31
CALDWELL,senate,21,mail,21,34
CALDWELL,senate,21,mail,22,29
CALDWELL,senate,21,mail,25,2
CALDWELL,senate,21,mail,33,2
CALHOUN,house,43,inperson,4,334
CALHOUN,house,43,inperson,5,259
CALHOUN,house,43,inperson,6,241
CALHOUN,house,43,inperson,7,176
CALHOUN,house,43,inperson,8,236
CALHOUN,house,43,inperson,10,63
CALHOUN,house,43,inperson,11,266
CALHOUN,house,43,inperson,12,288
CALHOUN,house,43,inperson,13,270
CALHOUN,house,43,inperson,14,358
CALHOUN,house,43,inperson,15,373
CALHOUN,house,43,mail,4,5
CALHOUN,house,43,mail,5,5
CALHOUN,house,43,mail,6,12
CALHOUN,house,43,mail,8,3
CALHOUN,house,43,mail,10,9
CALHOUN,house,43,mail,11,8
CALHOUN,house,43,mail,12,17
CALHOUN,house,43,mail,13,9
CALHOUN,house,43,mail,14,5
CALHOUN,house,43,mail,15,7
CALHOUN,house,43,mail,18,11
CALHOUN,house,43,mail,19,8
CALHOUN,house,43,mail,20,12
CALHOUN,house,43,mail,22,6
CALHOUN,house,43,mail,25,15
CALHOUN,house,43,mail,26,14
CALHOUN,house,43,mail,27,5
CALHOUN,house,43,mail,28,23
CALHOUN,house,43,mail,32,13
CALHOUN,house,43,mail,33,9
CALHOUN,house,43,mail,34,9
CALHOUN,house,43,mail,35,3
CALHOUN,house,43,mail,36,4
CALHOUN,senate,18,inperson,4,334
CALHOUN,senate,18,inperson,5,259
CALHOUN,senate,18,inperson,6,241
CALHOUN,senate,18,inperson,7,176
CALHOUN,senate,18,inperson,8,236
CALHOUN,senate,18,inperson,10,63
CALHOUN,senate,18,inperson,11,266
CALHOUN,senate,18,inperson,12,288
CALHOUN,senate,18,inperson,13,270
CALHOUN,senate,18,inperson,14,358
CALHOUN,senate,18,inperson,15,373
CALHOUN,senate,18,mail,4,5
CALHOUN,senate,18,mail,5,5
CALHOUN,senate,18,mail,6,12
CALHOUN,senate,18,mail,8,3
CALHOUN,senate,18,mail,10,9
CALHOUN,senate,18,mail,11,8
CALHOUN,senate,18,mail,12,17
CALHOUN,senate,18,mail,13,9
CALHOUN,senate,18,mail,14,5
CALHOUN,senate,18,mail,15,7
CALHOUN,senate,18,mail,18,11
CALHOUN,senate,18,mail,19,8
CALHOUN,senate,18,mail,20,12
CALHOUN,senate,18,mail,22,6
CALHOUN,senate,18,mail,25,15
CALHOUN,senate,18,mail,26,14
CALHOUN,senate,18,mail,27,5
CALHOUN,senate,18,mail,28,23
CALHOUN,senate,18,mail,32,13
CALHOUN,senate,18,mail,33,9
CALHOUN,senate,18,mail,34,9
CALHOUN,senate,18,mail,35,3
CALHOUN,senate,18,mail,36,4
CALLAHAN,house,71,inperson,4,387
CALLAHAN,house,71,inperson,5,256
CALLAHAN,house,71,inperson,6,198
CALLAHAN,house,71,inperson,7,339
CALLAHAN,house,71,inperson,8,303
CALLAHAN,house,71,inperson,11,296
CALLAHAN,house,71,inperson,12,279
CALLAHAN,house,71,inperson,13,267
CALLAHAN,house,71,inperson,14,418
CALLAHAN,house,71,inperson,15,374
CALLAHAN,house,71,mail,5,5
CALLAHAN,house,71,mail,6,7
CALLAHAN,house,71,mail,7,7
CALLAHAN,house,71,mail,8,19
CALLAHAN,house,71,mail,11,6
CALLAHAN,house,71,mail,13,5
CALLAHAN,house,71,mail,14,3
CALLAHAN,house,71,mail,15,20
CALLAHAN,house,71,mail,18,1
CALLAHAN,house,71,mail,19,8
CALLAHAN,house,71,mail,20,3
CALLAHAN,house,71,mail,21,4
CALLAHAN,house,71,mail,22,13
CALLAHAN,house,71,mail,25,9
CALLAHAN,house,71,mail,26,10
CALLAHAN,house,71,mail,27,7
CALLAHAN,house,71,mail,28,9
CALLAHAN,house,71,mail,32,16
CALLAHAN,house,71,mail,33,9
CALLAHAN,house,71,mail,34,8
CALLAHAN,house,71,mail,35,1
CALLAHAN,house,71,mail,36,27
CALLAHAN,house,71,mail,37,6
CALLAHAN,senate,10,inperson,4,387
CALLAHAN,senate,10,inperson,5,256
CALLAHAN,senate,10,inperson,6,198
CALLAHAN,senate,10,inperson,7,339
CALLAHAN,senate,10,inperson,8,303
CALLAHAN,senate,10,inperson,11,296
CALLAHAN,senate,10,inperson,12,279
CALLAHAN,senate,10,inperson,13,267
CALLAHAN,senate,10,inperson,14,418
CALLAHAN,senate,10,inperson,15,374
CALLAHAN,senate,10,mail,5,5
CALLAHAN,senate,10,mail,6,7
CALLAHAN,senate,10,mail,7,7
CALLAHAN,senate,10,mail,8,19
CALLAHAN,senate,10,mail,11,6
CALLAHAN,senate,10,mail,13,5
CALLAHAN,senate,10,mail,14,3
CALLAHAN,senate,10,mail,15,20
CALLAHAN,senate,10,mail,18,1
CALLAHAN,senate,10,mail,19,8
CALLAHAN,senate,10,mail,20,3
CALLAHAN,senate,10,mail,21,4
CALLAHAN,senate,10,mail,22,13
CALLAHAN,senate,10,mail,25,9
CALLAHAN,senate,10,mail,26,10
CALLAHAN,senate,10,mail,27,7
CALLAHAN,senate,10,mail,28,9
CALLAHAN,senate,10,mail,32,16
CALLAHAN,senate,10,mail,33,9
CALLAHAN,senate,10,mail,34,8
CALLAHAN,senate,10,mail,35,1
CALLAHAN,senate,10,mail,36,27
CALLAHAN,senate,10,mail,37,6
CAMERON,house,35,inperson,4,1094
CAMERON,house,35,inperson,5,611
CAMERON,house,35,inperson,6,556
CAMERON,house,35,inperson,7,486
CAMERON,house,35,inperson,8,440
CAMERON,house,35,inperson,9,200
CAMERON,house,35,inperson,10,444
CAMERON,house,35,inperson,11,593
CAMERON,house,35,inperson,12,528
CAMERON,house,35,inperson,13,632
CAMERON,house,35,inperson,14,842
CAMERON,house,35,inperson,15,946
CAMERON,house,35,mail,4,17
CAMERON,house,35,mail,5,11
CAMERON,house,35,mail,6,9
CAMERON,house,35,mail,7,21
CAMERON,house,35,mail,8,10
CAMERON,house,35,mail,10,14
CAMERON,house,35,mail,11,29
CAMERON,house,35,mail,12,18
CAMERON,house,35,mail,13,29
CAMERON,house,35,mail,14,33
CAMERON,house,35,mail,15,26
CAMERON,house,35,mail,18,5
CAMERON,house,35,mail,19,28
CAMERON,house,35,mail,20,44
CAMERON,house,35,mail,21,23
CAMERON,house,35,mail,22,43
CAMERON,house,35,mail,25,20
CAMERON,house,35,mail,26,40
CAMERON,house,35,mail,27,3
CAMERON,house,35,mail,29,1
CAMERON,house,37,inperson,4,3434
CAMERON,house,37,inperson,5,2013
CAMERON,house,37,inperson,6,1844
CAMERON,house,37,inperson,7,1528
CAMERON,house,37,inperson,8,1585
CAMERON,house,37,inperson,9,416
CAMERON,house,37,inperson,10,1227
CAMERON,house,37,inperson,11,2127
CAMERON,house,37,inperson,12,1995
CAMERON,house,37,inperson,13,2504
CAMERON,house,37,inperson,14,2824
CAMERON,house,37,inperson,15,3697
CAMERON,house,37,mail,4,46
CAMERON,house,37,mail,5,54
CAMERON,house,37,mail,6,55
CAMERON,house,37,mail,7,70
CAMERON,house,37,mail,8,45
CAMERON,house,37,mail,10,69
CAMERON,house,37,mail,11,83
CAMERON,house,37,mail,12,74
CAMERON,house,37,mail,13,68
CAMERON,house,37,mail,14,111
CAMERON,house,37,mail,15,157
CAMERON,house,37,mail,18,48
CAMERON,house,37,mail,19,80
CAMERON,house,37,mail,20,173
CAMERON,house,37,mail,21,60
CAMERON,house,37,mail,22,230
CAMERON,house,37,mail,25,57
CAMERON,house,37,mail,26,139
CAMERON,house,37,mail,27,6
CAMERON,house,37,mail,28,3
CAMERON,house,37,mail,32,1
CAMERON,house,37,mail,33,2
CAMERON,house,37,mail,37,1
CAMERON,house,38,inperson,4,3046
CAMERON,house,38,inperson,5,1602
CAMERON,house,38,inperson,6,1389
CAMERON,house,38,inperson,7,1183
CAMERON,house,38,inperson,8,1142
CAMERON,house,38,inperson,9,449
CAMERON,house,38,inperson,10,1131
CAMERON,house,38,inperson,11,1666
CAMERON,house,38,inperson,12,1526
CAMERON,house,38,inperson,13,1785
CAMERON,house,38,inperson,14,2069
CAMERON,house,38,inperson,15,2336
CAMERON,house,38,mail,4,37
CAMERON,house,38,mail,5,22
CAMERON,house,38,mail,6,41
CAMERON,house,38,mail,7,46
CAMERON,house,38,mail,8,20
CAMERON,house,38,mail,10,30
CAMERON,house,38,mail,11,48
CAMERON,house,38,mail,12,46
CAMERON,house,38,mail,13,47
CAMERON,house,38,mail,14,71
CAMERON,house,38,mail,15,62
CAMERON,house,38,mail,18,22
CAMERON,house,38,mail,19,51
CAMERON,house,38,mail,20,134
CAMERON,house,38,mail,21,15
CAMERON,house,38,mail,22,145
CAMERON,house,38,mail,25,14
CAMERON,house,38,mail,26,75
CAMERON,house,38,mail,27,1
CAMERON,house,38,mail,28,1
CAMERON,house,38,mail,36,2
CAMERON,senate,27,inperson,4,7574
CAMERON,senate,27,inperson,5,4226
CAMERON,senate,27,inperson,6,3789
CAMERON,senate,27,inperson,7,3197
CAMERON,senate,27,inperson,8,3167
CAMERON,senate,27,inperson,9,1065
CAMERON,senate,27,inperson,10,2802
CAMERON,senate,27,inperson,11,4386
CAMERON,senate,27,inperson,12,4049
CAMERON,senate,27,inperson,13,4921
CAMERON,senate,27,inperson,14,5735
CAMERON,senate,27,inperson,15,6979
CAMERON,senate,27,mail,4,100
CAMERON,senate,27,mail,5,87
CAMERON,senate,27,mail,6,105
CAMERON,senate,27,mail,7,137
CAMERON,senate,27,mail,8,75
CAMERON,senate,27,mail,10,113
CAMERON,senate,27,mail,11,160
CAMERON,senate,27,mail,12,138
CAMERON,senate,27,mail,13,144
CAMERON,senate,27,mail,14,215
CAMERON,senate,27,mail,15,245
CAMERON,senate,27,mail,18,75
CAMERON,senate,27,mail,19,159
CAMERON,senate,27,mail,20,351
CAMERON,senate,27,mail,21,98
CAMERON,senate,27,mail,22,418
CAMERON,senate,27,mail,25,91
CAMERON,senate,27,mail,26,254
CAMERON,senate,27,mail,27,10
CAMERON,senate,27,mail,28,4
CAMERON,senate,27,mail,29,1
CAMERON,senate,27,mail,32,1
CAMERON,senate,27,mail,33,2
CAMERON,senate,27,mail,36,2
CAMERON,senate,27,mail,37,1
CAMP,house,5,inperson,4,270
CAMP,house,5,inperson,5,221
CAMP,house,5,inperson,6,177
CAMP,house,5,inperson,7,211
CAMP,house,5,inperson,8,241
CAMP,house,5,inperson,11,270
CAMP,house,5,inperson,12,251
CAMP,house,5,inperson,13,279
CAMP,house,5,inperson,14,336
CAMP,house,5,inperson,15,336
CAMP,house,5,mail,4,2
CAMP,house,5,mail,5,7
CAMP,house,5,mail,6,3
CAMP,house,5,mail,7,6
CAMP,house,5,mail,8,15
CAMP,house,5,mail,11,5
CAMP,house,5,mail,12,7
CAMP,house,5,mail,13,9
CAMP,house,5,mail,14,2
CAMP,house,5,mail,15,14
CAMP,house,5,mail,18,1
CAMP,house,5,mail,19,10
CAMP,house,5,mail,20,1
CAMP,house,5,mail,21,9
CAMP,house,5,mail,22,24
CAMP,house,5,mail,25,10
CAMP,house,5,mail,26,19
CAMP,house,5,mail,27,2
CAMP,house,5,mail,28,7
CAMP,senate,1,inperson,4,270
CAMP,senate,1,inperson,5,221
CAMP,senate,1,inperson,6,177
CAMP,senate,1,inperson,7,211
CAMP,senate,1,inperson,8,241
CAMP,senate,1,inperson,11,270
CAMP,senate,1,inperson,12,251
CAMP,senate,1,inperson,13,279
CAMP,senate,1,inperson,14,336
CAMP,senate,1,inperson,15,336
CAMP,senate,1,mail,4,2
CAMP,senate,1,mail,5,7
CAMP,senate,1,mail,6,3
CAMP,senate,1,mail,7,6
CAMP,senate,1,mail,8,15
CAMP,senate,1,mail,11,5
CAMP,senate,1,mail,12,7
CAMP,senate,1,mail,13,9
CAMP,senate,1,mail,14,2
CAMP,senate,1,mail,15,14
CAMP,senate,1,mail,18,1
CAMP,senate,1,mail,19,10
CAMP,senate,1,mail,20,1
CAMP,senate,1,mail,21,9
CAMP,senate,1,mail,22,24
CAMP,senate,1,mail,25,10
CAMP,senate,1,mail,26,19
CAMP,senate,1,mail,27,2
CAMP,senate,1,mail,28,7
CARSON,house,87,inperson,4,147
CARSON,house,87,inperson,5,81
CARSON,house,87,inperson,6,68
CARSON,house,87,inperson,7,92
CARSON,house,87,inperson,8,78
CARSON,house,87,inperson,11,122
CARSON,house,87,inperson,12,72
CARSON,house,87,inperson,13,99
CARSON,house,87,inperson,14,140
CARSON,house,87,inperson,15,81
CARSON,house,87,mail,4,3
CARSON,house,87,mail,5,3
CARSON,house,87,mail,6,1
CARSON,house,87,mail,8,2
CARSON,house,87,mail,11,1
CARSON,house,87,mail,12,1
CARSON,house,87,mail,13,4
CARSON,house,87,mail,14,5
CARSON,house,87,mail,15,4
CARSON,house,87,mail,19,3
CARSON,house,87,mail,20,1
CARSON,house,87,mail,21,3
CARSON,house,87,mail,22,3
CARSON,house,87,mail,25,2
CARSON,house,87,mail,26,3
CARSON,house,87,mail,27,2
CARSON,house,87,mail,28,6
CARSON,house,87,mail,32,4
CARSON,house,87,mail,33,2
CARSON,house,87,mail,34,3
CARSON,house,87,mail,36,3
CARSON,senate,31,inperson,4,147
CARSON,senate,31,inperson,5,81
CARSON,senate,31,inperson,6,68
CARSON,senate,31,inperson,7,92
CARSON,senate,31,inperson,8,78
CARSON,senate,31,inperson,11,122
CARSON,senate,31,inperson,12,72
CARSON,senate,31,inperson,13,99
CARSON,senate,31,inperson,14,140
CARSON,senate,31,inperson,15,81
CARSON,senate,31,mail,4,3
CARSON,senate,31,mail,5,3
CARSON,senate,31,mail,6,1
CARSON,senate,31,mail,8,2
CARSON,senate,31,mail,11,1
CARSON,senate,31,mail,12,1
CARSON,senate,31,mail,13,4
CARSON,senate,31,mail,14,5
CARSON,senate,31,mail,15,4
CARSON,senate,31,mail,19,3
CARSON,senate,31,mail,20,1
CARSON,senate,31,mail,21,3
CARSON,senate,31,mail,22,3
CARSON,senate,31,mail,25,2
CARSON,senate,31,mail,26,3
CARSON,senate,31,mail,27,2
CARSON,senate,31,mail,28,6
CARSON,senate,31,mail,32,4
CARSON,senate,31,mail,33,2
CARSON,senate,31,mail,34,3
CARSON,senate,31,mail,36,3
CASS,house,1,inperson,4,626
CASS,house,1,inperson,5,398
CASS,house,1,inperson,6,406
CASS,house,1,inperson,7,487
CASS,house,1,inperson,8,421
CASS,house,1,inperson,11,516
CASS,house,1,inperson,12,468
CASS,house,1,inperson,13,549
CASS,house,1,inperson,14,656
CASS,house,1,inperson,15,559
CASS,house,1,mail,4,10
CASS,house,1,mail,5,6
CASS,house,1,mail,6,10
CASS,house,1,mail,7,1
CASS,house,1,mail,8,42
CASS,house,1,mail,11,14
CASS,house,1,mail,12,17
CASS,house,1,mail,13,11
CASS,house,1,mail,14,4
CASS,house,1,mail,15,25
CASS,house,1,mail,18,6
CASS,house,1,mail,19,17
CASS,house,1,mail,20,16
CASS,house,1,mail,21,5
CASS,house,1,mail,22,35
CASS,house,1,mail,25,28
CASS,house,1,mail,26,45
CASS,house,1,mail,27,12
CASS,house,1,mail,28,80
CASS,house,1,mail,32,47
CASS,house,1,mail,33,42
CASS,house,1,mail,34,47
CASS,house,1,mail,36,24
CASS,senate,1,inperson,4,626
CASS,senate,1,inperson,5,398
CASS,senate,1,inperson,6,406
CASS,senate,1,inperson,7,487
CASS,senate,1,inperson,8,421
CASS,senate,1,inperson,11,516
CASS,senate,1,inperson,12,468
CASS,senate,1,inperson,13,549
CASS,senate,1,inperson,14,656
CASS,senate,1,inperson,15,559
CASS,senate,1,mail,4,10
CASS,senate,1,mail,5,6
CASS,senate,1,mail,6,10
CASS,senate,1,mail,7,1
CASS,senate,1,mail,8,42
CASS,senate,1,mail,11,14
CASS,senate,1,mail,12,17
CASS,senate,1,mail,13,11
CASS,senate,1,mail,14,4
CASS,senate,1,mail,15,25
CASS,senate,1,mail,18,6
CASS,senate,1,mail,19,17
CASS,senate,1,mail,20,16
CASS,senate,1,mail,21,5
CASS,senate,1,mail,22,35
CASS,senate,1,mail,25,28
CASS,senate,1,mail,26,45
CASS,senate,1,mail,27,12
CASS,senate,1,mail,28,80
CASS,senate,1,mail,32,47
CASS,senate,1,mail,33,42
CASS,senate,1,mail,34,47
CASS,senate,1,mail,36,24
CASTRO,house,88,inperson,4,84
CASTRO,house,88,inperson,5,58
CASTRO,house,88,inperson,6,34
CASTRO,house,88,inperson,7,31
CASTRO,house,88,inperson,8,64
CASTRO,house,88,inperson,11,64
CASTRO,house,88,inperson,12,66
CASTRO,house,88,inperson,13,61
CASTRO,house,88,inperson,14,75
CASTRO,house,88,inperson,15,94
CASTRO,house,88,mail,4,6
CASTRO,house,88,mail,5,3
CASTRO,house,88,mail,6,6
CASTRO,house,88,mail,7,3
CASTRO,house,88,mail,8,7
CASTRO,house,88,mail,11,11
CASTRO,house,88,mail,12,7
CASTRO,house,88,mail,13,11
CASTRO,house,88,mail,14,1
CASTRO,house,88,mail,15,3
CASTRO,senate,31,inperson,4,84
CASTRO,senate,31,inperson,5,58
CASTRO,senate,31,inperson,6,34
CASTRO,senate,31,inperson,7,31
CASTRO,senate,31,inperson,8,64
CASTRO,senate,31,inperson,11,64
CASTRO,senate,31,inperson,12,66
CASTRO,senate,31,inperson,13,61
CASTRO,senate,31,inperson,14,75
CASTRO,senate,31,inperson,15,94
CASTRO,senate,31,mail,4,6
CASTRO,senate,31,mail,5,3
CASTRO,senate,31,mail,6,6
CASTRO,senate,31,mail,7,3
CASTRO,senate,31,mail,8,7
CASTRO,senate,31,mail,11,11
CASTRO,senate,31,mail,12,7
CASTRO,senate,31,mail,13,11
CASTRO,senate,31,mail,14,1
CASTRO,senate,31,mail,15,3
CHAMBERS,house,23,inperson,4,1644
CHAMBERS,house,23,inperson,5,1035
CHAMBERS,house,23,inperson,6,873
CHAMBERS,house,23,inperson,7,802
CHAMBERS,house,23,inperson,8,980
CHAMBERS,house,23,inperson,11,1141
CHAMBERS,house,23,inperson,12,863
CHAMBERS,house,23,inperson,13,928
CHAMBERS,house,23,inperson,14,1096
CHAMBERS,house,23,inperson,15,1125
CHAMBERS,house,23,mail,4,13
CHAMBERS,house,23,mail,5,7
CHAMBERS,house,23,mail,6,12
CHAMBERS,house,23,mail,8,20
CHAMBERS,house,23,mail,11,9
CHAMBERS,house,23,mail,12,11
CHAMBERS,house,23,mail,13,22
CHAMBERS,house,23,mail,14,2
CHAMBERS,house,23,mail,15,19
CHAMBERS,house,23,mail,18,27
CHAMBERS,house,23,mail,20,11
CHAMBERS,house,23,mail,21,16
CHAMBERS,house,23,mail,22,9
CHAMBERS,house,23,mail,25,16
CHAMBERS,house,23,mail,26,36
CHAMBERS,house,23,mail,27,2
CHAMBERS,house,23,mail,28,3
CHAMBERS,senate,4,inperson,4,1644
CHAMBERS,senate,4,inperson,5,1035
CHAMBERS,senate,4,inperson,6,873
CHAMBERS,senate,4,inperson,7,802
CHAMBERS,senate,4,inperson,8,980
CHAMBERS,senate,4,inperson,11,1141
CHAMBERS,senate,4,inperson,12,863
CHAMBERS,senate,4,inperson,13,928
CHAMBERS,senate,4,inperson,14,1096
CHAMBERS,senate,4,inperson,15,1125
CHAMBERS,senate,4,mail,4,13
CHAMBERS,senate,4,mail,5,7
CHAMBERS,senate,4,mail,6,12
CHAMBERS,senate,4,mail,8,20
CHAMBERS,senate,4,mail,11,9
CHAMBERS,senate,4,mail,12,11
CHAMBERS,senate,4,mail,13,22
CHAMBERS,senate,4,mail,14,2
CHAMBERS,senate,4,mail,15,19
CHAMBERS,senate,4,mail,18,27
CHAMBERS,senate,4,mail,20,11
CHAMBERS,senate,4,mail,21,16
CHAMBERS,senate,4,mail,22,9
CHAMBERS,senate,4,mail,25,16
CHAMBERS,senate,4,mail,26,36
CHAMBERS,senate,4,mail,27,2
CHAMBERS,senate,4,mail,28,3
CHEROKEE,house,8,inperson,4,857
CHEROKEE,house,8,inperson,5,672
CHEROKEE,house,8,inperson,6,618
CHEROKEE,house,8,inperson,7,727
CHEROKEE,house,8,inperson,8,617
CHEROKEE,house,8,inperson,9,236
CHEROKEE,house,8,inperson,10,240
CHEROKEE,house,8,inperson,11,812
CHEROKEE,house,8,inperson,12,831
CHEROKEE,house,8,inperson,13,867
CHEROKEE,house,8,inperson,14,912
CHEROKEE,house,8,inperson,15,980
CHEROKEE,house,8,mail,4,22
CHEROKEE,house,8,mail,5,27
CHEROKEE,house,8,mail,6,17
CHEROKEE,house,8,mail,7,1
CHEROKEE,house,8,mail,8,16
CHEROKEE,house,8,mail,9,14
CHEROKEE,house,8,mail,10,1
CHEROKEE,house,8,mail,11,22
CHEROKEE,house,8,mail,12,35
CHEROKEE,house,8,mail,13,36
CHEROKEE,house,8,mail,14,5
CHEROKEE,house,8,mail,15,48
CHEROKEE,house,8,mail,18,22
CHEROKEE,house,8,mail,19,50
CHEROKEE,house,8,mail,20,35
CHEROKEE,house,8,mail,21,9
CHEROKEE,house,8,mail,22,64
CHEROKEE,senate,3,inperson,4,857
CHEROKEE,senate,3,inperson,5,672
CHEROKEE,senate,3,inperson,6,618
CHEROKEE,senate,3,inperson,7,727
CHEROKEE,senate,3,inperson,8,617
CHEROKEE,senate,3,inperson,9,236
CHEROKEE,senate,3,inperson,10,240
CHEROKEE,senate,3,inperson,11,812
CHEROKEE,senate,3,inperson,12,831
CHEROKEE,senate,3,inperson,13,867
CHEROKEE,senate,3,inperson,14,912
CHEROKEE,senate,3,inperson,15,980
CHEROKEE,senate,3,mail,4,22
CHEROKEE,senate,3,mail,5,27
CHEROKEE,senate,3,mail,6,17
CHEROKEE,senate,3,mail,7,1
CHEROKEE,senate,3,mail,8,16
CHEROKEE,senate,3,mail,9,14
CHEROKEE,senate,3,mail,10,1
CHEROKEE,senate,3,mail,11,22
CHEROKEE,senate,3,mail,12,35
CHEROKEE,senate,3,mail,13,36
CHEROKEE,senate,3,mail,14,5
CHEROKEE,senate,3,mail,15,48
CHEROKEE,senate,3,mail,18,22
CHEROKEE,senate,3,mail,19,50
CHEROKEE,senate,3,mail,20,35
CHEROKEE,senate,3,mail,21,9
CHEROKEE,senate,3,mail,22,64
CHILDRESS,house,88,inperson,4,111
CHILDRESS,house,88,inperson,5,78
CHILDRESS,house,88,inperson,6,58
CHILDRESS,house,88,inperson,7,78
CHILDRESS,house,88,inperson,8,74
CHILDRESS,house,88,inperson,11,100
CHILDRESS,house,88,inperson,12,66
CHILDRESS,house,88,inperson,13,90
CHILDRESS,house,88,inperson,14,104
CHILDRESS,house,88,inperson,15,150
CHILDRESS,house,88,inperson,20,2
CHILDRESS,house,88,mail,4,2
CHILDRESS,house,88,mail,5,3
CHILDRESS,house,88,mail,6,1
CHILDRESS,house,88,mail,7,1
CHILDRESS,house,88,mail,8,6
CHILDRESS,house,88,mail,11,1
CHILDRESS,house,88,mail,12,2
CHILDRESS,house,88,mail,14,3
CHILDRESS,house,88,mail,15,6
CHILDRESS,house,88,mail,18,1
CHILDRESS,house,88,mail,20,2
CHILDRESS,house,88,mail,22,7
CHILDRESS,house,88,mail,25,7
CHILDRESS,house,88,mail,26,1
CHILDRESS,house,88,mail,32,1
CHILDRESS,senate,28,inperson,4,111
CHILDRESS,senate,28,inperson,5,78
CHILDRESS,senate,28,inperson,6,58
CHILDRESS,senate,28,inperson,7,78
CHILDRESS,senate,28,inperson,8,74
CHILDRESS,senate,28,inperson,11,100
CHILDRESS,senate,28,inperson,12,66
CHILDRESS,senate,28,inperson,13,90
CHILDRESS,senate,28,inperson,14,104
CHILDRESS,senate,28,inperson,15,150
CHILDRESS,senate,28,inperson,20,2
CHILDRESS,senate,28,mail,4,2
CHILDRESS,senate,28,mail,5,3
CHILDRESS,senate,28,mail,6,1
CHILDRESS,senate,28,mail,7,1
CHILDRESS,senate,28,mail,8,6
CHILDRESS,senate,28,mail,11,1
CHILDRESS,senate,28,mail,12,2
CHILDRESS,senate,28,mail,14,3
CHILDRESS,senate,28,mail,15,6
CHILDRESS,senate,28,mail,18,1
CHILDRESS,senate,28,mail,20,2
CHILDRESS,senate,28,mail,22,7
CHILDRESS,senate,28,mail,25,7
CHILDRESS,senate,28,mail,26,1
CHILDRESS,senate,28,mail,32,1
CLAY,house,69,inperson,4,302
CLAY,house,69,inperson,5,163
CLAY,house,69,inperson,6,149
CLAY,house,69,inperson,7,137
CLAY,house,69,inperson,8,138
CLAY,house,69,inperson,11,169
CLAY,house,69,inperson,12,158
CLAY,house,69,inperson,13,174
CLAY,house,69,inperson,14,219
CLAY,house,69,inperson,15,218
CLAY,house,69,mail,4,4
CLAY,house,69,mail,5,3
CLAY,house,69,mail,6,3
CLAY,house,69,mail,7,2
CLAY,house,69,mail,8,6
CLAY,house,69,mail,11,7
CLAY,house,69,mail,12,7
CLAY,house,69,mail,13,4
CLAY,house,69,mail,14,3
CLAY,house,69,mail,15,7
CLAY,house,69,mail,18,6
CLAY,house,69,mail,19,4
CLAY,house,69,mail,20,4
CLAY,house,69,mail,21,1
CLAY,house,69,mail,22,7
CLAY,house,69,mail,25,2
CLAY,house,69,mail,26,2
CLAY,house,69,mail,27,4
CLAY,house,69,mail,28,4
CLAY,house,69,mail,32,2
CLAY,house,69,mail,33,3
CLAY,house,69,mail,34,3
CLAY,house,69,mail,35,1
CLAY,house,69,mail,36,8
CLAY,house,69,mail,37,6
CLAY,senate,30,inperson,4,302
CLAY,senate,30,inperson,5,163
CLAY,senate,30,inperson,6,149
CLAY,senate,30,inperson,7,137
CLAY,senate,30,inperson,8,138
CLAY,senate,30,inperson,11,169
CLAY,senate,30,inperson,12,158
CLAY,senate,30,inperson,13,174
CLAY,senate,30,inperson,14,219
CLAY,senate,30,inperson,15,218
CLAY,senate,30,mail,4,4
CLAY,senate,30,mail,5,3
CLAY,senate,30,mail,6,3
CLAY,senate,30,mail,7,2
CLAY,senate,30,mail,8,6
CLAY,senate,30,mail,11,7
CLAY,senate,30,mail,12,7
CLAY,senate,30,mail,13,4
CLAY,senate,30,mail,14,3
CLAY,senate,30,mail,15,7
CLAY,senate,30,mail,18,6
CLAY,senate,30,mail,19,4
CLAY,senate,30,mail,20,4
CLAY,senate,30,mail,21,1
CLAY,senate,30,mail,22,7
CLAY,senate,30,mail,25,2
CLAY,senate,30,mail,26,2
CLAY,senate,30,mail,27,4
CLAY,senate,30,mail,28,4
CLAY,senate,30,mail,32,2
CLAY,senate,30,mail,33,3
CLAY,senate,30,mail,34,3
CLAY,senate,30,mail,35,1
CLAY,senate,30,mail,36,8
CLAY,senate,30,mail,37,6
COCHRAN,house,88,inperson,4,42
COCHRAN,house,88,inperson,5,19
COCHRAN,house,88,inperson,6,16
COCHRAN,house,88,inperson,7,14
COCHRAN,house,88,inperson,8,35
COCHRAN,house,88,inperson,11,16
COCHRAN,house,88,inperson,12,31
COCHRAN,house,88,inperson,13,18
COCHRAN,house,88,inperson,14,23
COCHRAN,house,88,inperson,15,24
COCHRAN,house,88,mail,6,3
COCHRAN,house,88,mail,8,1
COCHRAN,house,88,mail,11,1
COCHRAN,house,88,mail,12,1
COCHRAN,house,88,mail,13,4
COCHRAN,house,88,mail,15,1
COCHRAN,house,88,mail,19,1
COCHRAN,house,88,mail,20,3
COCHRAN,house,88,mail,21,7
COCHRAN,house,88,mail,25,4
COCHRAN,house,88,mail,26,2
COCHRAN,house,88,mail,27,1
COCHRAN,house,88,mail,28,4
COCHRAN,house,88,mail,32,2
COCHRAN,house,88,mail,33,5
COCHRAN,house,88,mail,34,4
COCHRAN,house,88,mail,35,5
COCHRAN,house,88,mail,36,2
COCHRAN,senate,31,inperson,4,42
COCHRAN,senate,31,inperson,5,19
COCHRAN,senate,31,inperson,6,16
COCHRAN,senate,31,inperson,7,14
COCHRAN,senate,31,inperson,8,35
COCHRAN,senate,31,inperson,11,16
COCHRAN,senate,31,inperson,12,31
COCHRAN,senate,31,inperson,13,18
COCHRAN,senate,31,inperson,14,23
COCHRAN,senate,31,inperson,15,24
COCHRAN,senate,31,mail,6,3
COCHRAN,senate,31,mail,8,1
COCHRAN,senate,31,mail,11,1
COCHRAN,senate,31,mail,12,1
COCHRAN,senate,31,mail,13,4
COCHRAN,senate,31,mail,15,1
COCHRAN,senate,31,mail,19,1
COCHRAN,senate,31,mail,20,3
COCHRAN,senate,31,mail,21,7
COCHRAN,senate,31,mail,25,4
COCHRAN,senate,31,mail,26,2
COCHRAN,senate,31,mail,27,1
COCHRAN,senate,31,mail,28,4
COCHRAN,senate,31,mail,32,2
COCHRAN,senate,31,mail,33,5
COCHRAN,senate,31,mail,34,4
COCHRAN,senate,31,mail,35,5
COCHRAN,senate,31,mail,36,2
COKE,house,72,inperson,4,76
COKE,house,72,inperson,5,66
COKE,house,72,inperson,6,47
COKE,house,72,inperson,7,52
COKE,house,72,inperson,8,63
COKE,house,72,inperson,11,39
COKE,house,72,inperson,12,60
COKE,house,72,inperson,13,64
COKE,house,72,inperson,14,68
COKE,house,72,inperson,15,94
COKE,house,72,mail,4,3
COKE,house,72,mail,5,1
COKE,house,72,mail,6,3
COKE,house,72,mail,7,2
COKE,house,72,mail,8,14
COKE,house,72,mail,11,4
COKE,house,72,mail,12,7
COKE,house,72,mail,13,9
COKE,house,72,mail,15,5
COKE,house,72,mail,18,2
COKE,house,72,mail,19,5
COKE,house,72,mail,20,7
COKE,house,72,mail,22,13
COKE,house,72,mail,25,3
COKE,house,72,mail,26,21
COKE,house,72,mail,27,4
COKE,house,72,mail,28,20
COKE,senate,31,inperson,4,76
COKE,senate,31,inperson,5,66
COKE,senate,31,inperson,6,47
COKE,senate,31,inperson,7,52
COKE,senate,31,inperson,8,63
COKE,senate,31,inperson,11,39
COKE,senate,31,inperson,12,60
COKE,senate,31,inperson,13,64
COKE,senate,31,inperson,14,68
COKE,senate,31,inperson,15,94
COKE,senate,31,mail,4,3
COKE,senate,31,mail,5,1
COKE,senate,31,mail,6,3
COKE,senate,31,mail,7,2
COKE,senate,31,mail,8,14
COKE,senate,31,mail,11,4
COKE,senate,31,mail,12,7
COKE,senate,31,mail,13,9
COKE,senate,31,mail,15,5
COKE,senate,31,mail,18,2
COKE,senate,31,mail,19,5
COKE,senate,31,mail,20,7
COKE,senate,31,mail,22,13
COKE,senate,31,mail,25,3
COKE,senate,31,mail,26,21
COKE,senate,31,mail,27,4
COKE,senate,31,mail,28,20
COLEMAN,house,72,inperson,4,241
COLEMAN,house,72,inperson,5,155
COLEMAN,house,72,inperson,6,119
COLEMAN,house,72,inperson,7,144
COLEMAN,house,72,inperson,8,168
COLEMAN,house,72,inperson,11,225
COLEMAN,house,72,inperson,12,243
COLEMAN,house,72,inperson,13,243
COLEMAN,house,72,inperson,14,293
COLEMAN,house,72,inperson,15,354
COLEMAN,house,72,mail,4,10
COLEMAN,house,72,mail,5,1
COLEMAN,house,72,mail,6,2
COLEMAN,house,72,mail,7,5
COLEMAN,house,72,mail,8,7
COLEMAN,house,72,mail,11,5
COLEMAN,house,72,mail,12,3
COLEMAN,house,72,mail,13,8
COLEMAN,house,72,mail,14,5
COLEMAN,house,72,mail,15,14
COLEMAN,house,72,mail,18,3
COLEMAN,house,72,mail,19,4
COLEMAN,house,72,mail,20,5
COLEMAN,house,72,mail,21,2
COLEMAN,house,72,mail,22,10
COLEMAN,house,72,mail,25,9
COLEMAN,house,72,mail,27,15
COLEMAN,house,72,mail,28,3
COLEMAN,house,72,mail,36,1
COLEMAN,senate,28,inperson,4,241
COLEMAN,senate,28,inperson,5,155
COLEMAN,senate,28,inperson,6,119
COLEMAN,senate,28,inperson,7,144
COLEMAN,senate,28,inperson,8,168
COLEMAN,senate,28,inperson,11,225
COLEMAN,senate,28,inperson,12,243
COLEMAN,senate,28,inperson,13,243
COLEMAN,senate,28,inperson,14,293
COLEMAN,senate,28,inperson,15,354
COLEMAN,senate,28,mail,4,10
COLEMAN,senate,28,mail,5,1
COLEMAN,senate,28,mail,6,2
COLEMAN,senate,28,mail,7,5
COLEMAN,senate,28,mail,8,7
COLEMAN,senate,28,mail,11,5
COLEMAN,senate,28,mail,12,3
COLEMAN,senate,28,mail,13,8
COLEMAN,senate,28,mail,14,5
COLEMAN,senate,28,mail,15,14
COLEMAN,senate,28,mail,18,3
COLEMAN,senate,28,mail,19,4
COLEMAN,senate,28,mail,20,5
COLEMAN,senate,28,mail,21,2
COLEMAN,senate,28,mail,22,10
COLEMAN,senate,28,mail,25,9
COLEMAN,senate,28,mail,27,15
COLEMAN,senate,28,mail,28,3
COLEMAN,senate,28,mail,36,1
COLLIN,house,33,inperson,4,2304
COLLIN,house,33,inperson,5,1782
COLLIN,house,33,inperson,6,1431
COLLIN,house,33,inperson,7,1372
COLLIN,house,33,inperson,8,1446
COLLIN,house,33,inperson,9,677
COLLIN,house,33,inperson,10,1653
COLLIN,house,33,inperson,11,1229
COLLIN,house,33,inperson,12,1389
COLLIN,house,33,inperson,13,1431
COLLIN,house,33,inperson,14,1522
COLLIN,house,33,inperson,15,1203
COLLIN,house,33,mail,4,37
COLLIN,house,33,mail,5,43
COLLIN,house,33,mail,6,19
COLLIN,house,33,mail,7,46
COLLIN,house,33,mail,8,16
COLLIN,house,33,mail,9,31
COLLIN,house,33,mail,10,41
COLLIN,house,33,mail,11,24
COLLIN,house,33,mail,12,52
COLLIN,house,33,mail,13,10
COLLIN,house,33,mail,14,39
COLLIN,house,33,mail,15,48
COLLIN,house,33,mail,17,1
COLLIN,house,33,mail,18,27
COLLIN,house,33,mail,19,30
COLLIN,house,33,mail,20,15
COLLIN,house,33,mail,21,63
COLLIN,house,33,mail,22,34
COLLIN,house,33,mail,24,3
COLLIN,house,33,mail,25,34
COLLIN,house,33,mail,26,39
COLLIN,house,33,mail,27,58
COLLIN,house,33,mail,28,6
COLLIN,house,33,mail,31,1
COLLIN,house,33,mail,32,11
COLLIN,house,33,mail,33,12
COLLIN,house,33,mail,34,5
COLLIN,house,61,inperson,4,7042
COLLIN,house,61,inperson,5,5048
COLLIN,house,61,inperson,6,4032
COLLIN,house,61,inperson,7,3959
COLLIN,house,61,inperson,8,3931
COLLIN,house,61,inperson,9,1796
COLLIN,house,61,inperson,10,4023
COLLIN,house,61,inperson,11,3635
COLLIN,house,61,inperson,12,3552
COLLIN,house,61,inperson,13,4030
COLLIN,house,61,inperson,14,4533
COLLIN,house,61,inperson,15,3596
COLLIN,house,61,mail,4,55
COLLIN,house,61,mail,5,97
COLLIN,house,61,mail,6,80
COLLIN,house,61,mail,7,33
COLLIN,house,61,mail,8,70
COLLIN,house,61,mail,9,55
COLLIN,house,61,mail,10,55
COLLIN,house,61,mail,11,72
COLLIN,house,61,mail,12,106
COLLIN,house,61,mail,13,76
COLLIN,house,61,mail,14,14
COLLIN,house,61,mail,15,167
COLLIN,house,61,mail,16,1
COLLIN,house,61,mail,17,6
COLLIN,house,61,mail,18,59
COLLIN,house,61,mail,19,64
COLLIN,house,61,mail,20,89
COLLIN,house,61,mail,21,83
COLLIN,house,61,mail,22,110
COLLIN,house,61,mail,24,6
COLLIN,house,61,mail,25,86
COLLIN,house,61,mail,26,189
COLLIN,house,61,mail,27,43
COLLIN,house,61,mail,28,84
COLLIN,house,61,mail,31,5
COLLIN,house,61,mail,32,14
COLLIN,house,61,mail,33,16
COLLIN,house,61,mail,34,31
COLLIN,house,66,inperson,4,6745
COLLIN,house,66,inperson,5,5145
COLLIN,house,66,inperson,6,4428
COLLIN,house,66,inperson,7,4054
COLLIN,house,66,inperson,8,4441
COLLIN,house,66,inperson,9,1856
COLLIN,house,66,inperson,10,4351
COLLIN,house,66,inperson,11,3843
COLLIN,house,66,inperson,12,3958
COLLIN,house,66,inperson,13,4266
COLLIN,house,66,inperson,14,4749
COLLIN,house,66,inperson,15,3976
COLLIN,house,66,mail,4,108
COLLIN,house,66,mail,5,68
COLLIN,house,66,mail,6,81
COLLIN,house,66,mail,7,91
COLLIN,house,66,mail,8,47
COLLIN,house,66,mail,9,63
COLLIN,house,66,mail,10,114
COLLIN,house,66,mail,11,62
COLLIN,house,66,mail,12,108
COLLIN,house,66,mail,13,47
COLLIN,house,66,mail,14,77
COLLIN,house,66,mail,15,110
COLLIN,house,66,mail,17,12
COLLIN,house,66,mail,18,69
COLLIN,house,66,mail,19,113
COLLIN,house,66,mail,20,72
COLLIN,house,66,mail,21,153
COLLIN,house,66,mail,22,108
COLLIN,house,66,mail,23,1
COLLIN,house,66,mail,24,5
COLLIN,house,66,mail,25,84
COLLIN,house,66,mail,26,153
COLLIN,house,66,mail,27,131
COLLIN,house,66,mail,28,55
COLLIN,house,66,mail,31,8
COLLIN,house,66,mail,32,27
COLLIN,house,66,mail,33,23
COLLIN,house,66,mail,34,14
COLLIN,house,66,mail,35,7
COLLIN,house,67,inperson,4,6126
COLLIN,house,67,inperson,5,4692
COLLIN,house,67,inperson,6,3871
COLLIN,house,67,inperson,7,3717
COLLIN,house,67,inperson,8,3972
COLLIN,house,67,inperson,9,1399
COLLIN,house,67,inperson,10,3676
COLLIN,house,67,inperson,11,3390
COLLIN,house,67,inperson,12,3543
COLLIN,house,67,inperson,13,4001
COLLIN,house,67,inperson,14,4225
COLLIN,house,67,inperson,15,3613
COLLIN,house,67,mail,4,59
COLLIN,house,67,mail,5,97
COLLIN,house,67,mail,6,65
COLLIN,house,67,mail,7,71
COLLIN,house,67,mail,8,55
COLLIN,house,67,mail,9,63
COLLIN,house,67,mail,10,80
COLLIN,house,67,mail,11,87
COLLIN,house,67,mail,12,138
COLLIN,house,67,mail,13,64
COLLIN,house,67,mail,14,42
COLLIN,house,67,mail,15,155
COLLIN,house,67,mail,17,8
COLLIN,house,67,mail,18,58
COLLIN,house,67,mail,19,86
COLLIN,house,67,mail,20,91
COLLIN,house,67,mail,21,100
COLLIN,house,67,mail,22,90
COLLIN,house,67,mail,24,4
COLLIN,house,67,mail,25,97
COLLIN,house,67,mail,26,142
COLLIN,house,67,mail,27,96
COLLIN,house,67,mail,28,98
COLLIN,house,67,mail,31,3
COLLIN,house,67,mail,32,67
COLLIN,house,67,mail,33,42
COLLIN,house,67,mail,34,44
COLLIN,house,67,mail,35,5
COLLIN,house,70,inperson,4,5298
COLLIN,house,70,inperson,5,4160
COLLIN,house,70,inperson,6,3361
COLLIN,house,70,inperson,7,3353
COLLIN,house,70,inperson,8,3480
COLLIN,house,70,inperson,9,1685
COLLIN,house,70,inperson,10,3489
COLLIN,house,70,inperson,11,3122
COLLIN,house,70,inperson,12,3565
COLLIN,house,70,inperson,13,3967
COLLIN,house,70,inperson,14,4152
COLLIN,house,70,inperson,15,3368
COLLIN,house,70,mail,4,134
COLLIN,house,70,mail,5,77
COLLIN,house,70,mail,6,82
COLLIN,house,70,mail,7,121
COLLIN,house,70,mail,8,30
COLLIN,house,70,mail,9,106
COLLIN,house,70,mail,10,221
COLLIN,house,70,mail,11,77
COLLIN,house,70,mail,12,177
COLLIN,house,70,mail,13,25
COLLIN,house,70,mail,14,135
COLLIN,house,70,mail,15,148
COLLIN,house,70,mail,16,1
COLLIN,house,70,mail,17,9
COLLIN,house,70,mail,18,166
COLLIN,house,70,mail,19,162
COLLIN,house,70,mail,20,26
COLLIN,house,70,mail,21,216
COLLIN,house,70,mail,22,143
COLLIN,house,70,mail,24,6
COLLIN,house,70,mail,25,136
COLLIN,house,70,mail,26,140
COLLIN,house,70,mail,27,216
COLLIN,house,70,mail,28,34
COLLIN,house,70,mail,31,7
COLLIN,house,70,mail,32,65
COLLIN,house,70,mail,33,68
COLLIN,house,70,mail,34,42
COLLIN,house,89,inperson,4,6248
COLLIN,house,89,inperson,5,4752
COLLIN,house,89,inperson,6,3820
COLLIN,house,89,inperson,7,3857
COLLIN,house,89,inperson,8,3870
COLLIN,house,89,inperson,9,1462
COLLIN,house,89,inperson,10,3797
COLLIN,house,89,inperson,11,3501
COLLIN,house,89,inperson,12,3777
COLLIN,house,89,inperson,13,3709
COLLIN,house,89,inperson,14,4046
COLLIN,house,89,inperson,15,3235
COLLIN,house,89,mail,4,66
COLLIN,house,89,mail,5,86
COLLIN,house,89,mail,6,56
COLLIN,house,89,mail,7,54
COLLIN,house,89,mail,8,36
COLLIN,house,89,mail,9,53
COLLIN,house,89,mail,10,88
COLLIN,house,89,mail,11,79
COLLIN,house,89,mail,12,79
COLLIN,house,89,mail,13,66
COLLIN,house,89,mail,14,24
COLLIN,house,89,mail,15,123
COLLIN,house,89,mail,17,7
COLLIN,house,89,mail,18,62
COLLIN,house,89,mail,19,61
COLLIN,house,89,mail,20,70
COLLIN,house,89,mail,21,114
COLLIN,house,89,mail,22,87
COLLIN,house,89,mail,24,5
COLLIN,house,89,mail,25,83
COLLIN,house,89,mail,26,133
COLLIN,house,89,mail,27,112
COLLIN,house,89,mail,28,70
COLLIN,house,89,mail,31,2
COLLIN,house,89,mail,32,41
COLLIN,house,89,mail,33,35
COLLIN,house,89,mail,34,20
COLLIN,house,89,mail,35,3
COLLIN,senate,2,inperson,4,2329
COLLIN,senate,2,inperson,5,1895
COLLIN,senate,2,inperson,6,1609
COLLIN,senate,2,inperson,7,1613
COLLIN,senate,2,inperson,8,1657
COLLIN,senate,2,inperson,9,798
COLLIN,senate,2,inperson,10,1696
COLLIN,senate,2,inperson,11,1514
COLLIN,senate,2,inperson,12,1596
COLLIN,senate,2,inperson,13,1779
COLLIN,senate,2,inperson,14,1976
COLLIN,senate,2,inperson,15,1558
COLLIN,senate,2,mail,4,66
COLLIN,senate,2,mail,5,36
COLLIN,senate,2,mail,6,46
COLLIN,senate,2,mail,7,83
COLLIN,senate,2,mail,8,13
COLLIN,senate,2,mail,9,54
COLLIN,senate,2,mail,10,101
COLLIN,senate,2,mail,11,31
COLLIN,senate,2,mail,12,102
COLLIN,senate,2,mail,13,7
COLLIN,senate,2,mail,14,91
COLLIN,senate,2,mail,15,83
COLLIN,senate,2,mail,17,2
COLLIN,senate,2,mail,18,102
COLLIN,senate,2,mail,19,76
COLLIN,senate,2,mail,20,7
COLLIN,senate,2,mail,21,129
COLLIN,senate,2,mail,22,70
COLLIN,senate,2,mail,24,1
COLLIN,senate,2,mail,25,60
COLLIN,senate,2,mail,26,69
COLLIN,senate,2,mail,27,116
COLLIN,senate,2,mail,28,3
COLLIN,senate,2,mail,31,5
COLLIN,senate,2,mail,32,18
COLLIN,senate,2,mail,33,18
COLLIN,senate,2,mail,34,11
COLLIN,senate,30,inperson,4,3745
COLLIN,senate,30,inperson,5,2653
COLLIN,senate,30,inperson,6,2134
COLLIN,senate,30,inperson,7,1909
COLLIN,senate,30,inperson,8,2117
COLLIN,senate,30,inperson,9,1110
COLLIN,senate,30,inperson,10,2283
COLLIN,senate,30,inperson,11,1621
COLLIN,senate,30,inperson,12,1597
COLLIN,senate,30,inperson,13,1714
COLLIN,senate,30,inperson,14,1945
COLLIN,senate,30,inperson,15,1533
COLLIN,senate,30,mail,4,26
COLLIN,senate,30,mail,5,37
COLLIN,senate,30,mail,6,46
COLLIN,senate,30,mail,7,13
COLLIN,senate,30,mail,8,39
COLLIN,senate,30,mail,9,20
COLLIN,senate,30,mail,10,25
COLLIN,senate,30,mail,11,19
COLLIN,senate,30,mail,12,43
COLLIN,senate,30,mail,13,33
COLLIN,senate,30,mail,14,11
COLLIN,senate,30,mail,15,57
COLLIN,senate,30,mail,17,9
COLLIN,senate,30,mail,18,26
COLLIN,senate,30,mail,19,35
COLLIN,senate,30,mail,20,42
COLLIN,senate,30,mail,21,51
COLLIN,senate,30,mail,22,52
COLLIN,senate,30,mail,24,2
COLLIN,senate,30,mail,25,35
COLLIN,senate,30,mail,26,57
COLLIN,senate,30,mail,27,27
COLLIN,senate,30,mail,28,31
COLLIN,senate,30,mail,31,1
COLLIN,senate,30,mail,32,3
COLLIN,senate,30,mail,33,4
COLLIN,senate,30,mail,34,5
COLLIN,senate,30,mail,35,3
COLLIN,senate,8,inperson,4,27689
COLLIN,senate,8,inperson,5,21031
COLLIN,senate,8,inperson,6,17200
COLLIN,senate,8,inperson,7,16790
COLLIN,senate,8,inperson,8,17366
COLLIN,senate,8,inperson,9,6967
COLLIN,senate,8,inperson,10,17010
COLLIN,senate,8,inperson,11,15585
COLLIN,senate,8,inperson,12,16591
COLLIN,senate,8,inperson,13,17911
COLLIN,senate,8,inperson,14,19306
COLLIN,senate,8,inperson,15,15900
COLLIN,senate,8,mail,4,367
COLLIN,senate,8,mail,5,395
COLLIN,senate,8,mail,6,291
COLLIN,senate,8,mail,7,320
COLLIN,senate,8,mail,8,202
COLLIN,senate,8,mail,9,297
COLLIN,senate,8,mail,10,473
COLLIN,senate,8,mail,11,351
COLLIN,senate,8,mail,12,515
COLLIN,senate,8,mail,13,248
COLLIN,senate,8,mail,14,229
COLLIN,senate,8,mail,15,611
COLLIN,senate,8,mail,16,2
COLLIN,senate,8,mail,17,32
COLLIN,senate,8,mail,18,313
COLLIN,senate,8,mail,19,405
COLLIN,senate,8,mail,20,314
COLLIN,senate,8,mail,21,549
COLLIN,senate,8,mail,22,450
COLLIN,senate,8,mail,23,1
COLLIN,senate,8,mail,24,26
COLLIN,senate,8,mail,25,425
COLLIN,senate,8,mail,26,670
COLLIN,senate,8,mail,27,513
COLLIN,senate,8,mail,28,313
COLLIN,senate,8,mail,31,20
COLLIN,senate,8,mail,32,204
COLLIN,senate,8,mail,33,174
COLLIN,senate,8,mail,34,140
COLLIN,senate,8,mail,35,12
COLLINGSWORTH,house,88,inperson,4,50
COLLINGSWORTH,house,88,inperson,5,37
COLLINGSWORTH,house,88,inperson,6,31
COLLINGSWORTH,house,88,inperson,7,23
COLLINGSWORTH,house,88,inperson,8,51
COLLINGSWORTH,house,88,inperson,11,55
COLLINGSWORTH,house,88,inperson,12,66
COLLINGSWORTH,house,88,inperson,13,55
COLLINGSWORTH,house,88,inperson,14,54
COLLINGSWORTH,house,88,inperson,15,64
COLLINGSWORTH,house,88,mail,4,2
COLLINGSWORTH,house,88,mail,6,1
COLLINGSWORTH,house,88,mail,8,6
COLLINGSWORTH,house,88,mail,11,3
COLLINGSWORTH,house,88,mail,12,7
COLLINGSWORTH,house,88,mail,13,10
COLLINGSWORTH,house,88,mail,14,2
COLLINGSWORTH,senate,28,inperson,4,50
COLLINGSWORTH,senate,28,inperson,5,37
COLLINGSWORTH,senate,28,inperson,6,31
COLLINGSWORTH,senate,28,inperson,7,23
COLLINGSWORTH,senate,28,inperson,8,51
COLLINGSWORTH,senate,28,inperson,11,55
COLLINGSWORTH,senate,28,inperson,12,66
COLLINGSWORTH,senate,28,inperson,13,55
COLLINGSWORTH,senate,28,inperson,14,54
COLLINGSWORTH,senate,28,inperson,15,64
COLLINGSWORTH,senate,28,mail,4,2
COLLINGSWORTH,senate,28,mail,6,1
COLLINGSWORTH,senate,28,mail,8,6
COLLINGSWORTH,senate,28,mail,11,3
COLLINGSWORTH,senate,28,mail,12,7
COLLINGSWORTH,senate,28,mail,13,10
COLLINGSWORTH,senate,28,mail,14,2
COLORADO,house,85,inperson,4,579
COLORADO,house,85,inperson,5,373
COLORADO,house,85,inperson,6,415
COLORADO,house,85,inperson,7,302
COLORADO,house,85,inperson,8,362
COLORADO,house,85,inperson,11,458
COLORADO,house,85,inperson,12,415
COLORADO,house,85,inperson,13,454
COLORADO,house,85,inperson,14,544
COLORADO,house,85,inperson,15,545
COLORADO,house,85,mail,4,2
COLORADO,house,85,mail,5,2
COLORADO,house,85,mail,6,12
COLORADO,house,85,mail,7,5
COLORADO,house,85,mail,8,24
COLORADO,house,85,mail,11,17
COLORADO,house,85,mail,12,13
COLORADO,house,85,mail,13,16
COLORADO,house,85,mail,14,11
COLORADO,house,85,mail,15,14
COLORADO,house,85,mail,18,9
COLORADO,house,85,mail,19,7
COLORADO,house,85,mail,20,12
COLORADO,house,85,mail,21,6
COLORADO,house,85,mail,22,25
COLORADO,house,85,mail,26,18
COLORADO,house,85,mail,27,8
COLORADO,house,85,mail,28,24
COLORADO,house,85,mail,32,5
COLORADO,house,85,mail,33,9
COLORADO,house,85,mail,34,15
COLORADO,house,85,mail,35,10
COLORADO,house,85,mail,36,13
COLORADO,house,85,mail,37,27
COLORADO,senate,17,inperson,4,579
COLORADO,senate,17,inperson,5,373
COLORADO,senate,17,inperson,6,415
COLORADO,senate,17,inperson,7,302
COLORADO,senate,17,inperson,8,362
COLORADO,senate,17,inperson,11,458
COLORADO,senate,17,inperson,12,415
COLORADO,senate,17,inperson,13,454
COLORADO,senate,17,inperson,14,544
COLORADO,senate,17,inperson,15,545
COLORADO,senate,17,mail,4,2
COLORADO,senate,17,mail,5,2
COLORADO,senate,17,mail,6,12
COLORADO,senate,17,mail,7,5
COLORADO,senate,17,mail,8,24
COLORADO,senate,17,mail,11,17
COLORADO,senate,17,mail,12,13
COLORADO,senate,17,mail,13,16
COLORADO,senate,17,mail,14,11
COLORADO,senate,17,mail,15,14
COLORADO,senate,17,mail,18,9
COLORADO,senate,17,mail,19,7
COLORADO,senate,17,mail,20,12
COLORADO,senate,17,mail,21,6
COLORADO,senate,17,mail,22,25
COLORADO,senate,17,mail,26,18
COLORADO,senate,17,mail,27,8
COLORADO,senate,17,mail,28,24
COLORADO,senate,17,mail,32,5
COLORADO,senate,17,mail,33,9
COLORADO,senate,17,mail,34,15
COLORADO,senate,17,mail,35,10
COLORADO,senate,17,mail,36,13
COLORADO,senate,17,mail,37,27
COMAL,house,73,inperson,4,5729
COMAL,house,73,inperson,5,4392
COMAL,house,73,inperson,6,3838
COMAL,house,73,inperson,7,4136
COMAL,house,73,inperson,8,4107
COMAL,house,73,inperson,9,1367
COMAL,house,73,inperson,10,3411
COMAL,house,73,inperson,11,4505
COMAL,house,73,inperson,12,4229
COMAL,house,73,inperson,13,4635
COMAL,house,73,inperson,14,4813
COMAL,house,73,inperson,15,4558
COMAL,house,73,mail,4,69
COMAL,house,73,mail,5,115
COMAL,house,73,mail,6,219
COMAL,house,73,mail,7,17
COMAL,house,73,mail,8,283
COMAL,house,73,mail,10,148
COMAL,house,73,mail,11,249
COMAL,house,73,mail,12,261
COMAL,house,73,mail,13,377
COMAL,house,73,mail,14,4
COMAL,house,73,mail,15,508
COMAL,house,73,mail,18,132
COMAL,house,73,mail,19,175
COMAL,house,73,mail,20,161
COMAL,house,73,mail,21,7
COMAL,house,73,mail,22,240
COMAL,house,73,mail,25,89
COMAL,house,73,mail,26,224
COMAL,house,73,mail,27,10
COMAL,house,73,mail,28,172
COMAL,house,73,mail,32,29
COMAL,house,73,mail,33,68
COMAL,senate,25,inperson,4,5729
COMAL,senate,25,inperson,5,4392
COMAL,senate,25,inperson,6,3838
COMAL,senate,25,inperson,7,4136
COMAL,senate,25,inperson,8,4107
COMAL,senate,25,inperson,9,1367
COMAL,senate,25,inperson,10,3411
COMAL,senate,25,inperson,11,4505
COMAL,senate,25,inperson,12,4229
COMAL,senate,25,inperson,13,4635
COMAL,senate,25,inperson,14,4813
COMAL,senate,25,inperson,15,4558
COMAL,senate,25,mail,4,69
COMAL,senate,25,mail,5,115
COMAL,senate,25,mail,6,219
COMAL,senate,25,mail,7,17
COMAL,senate,25,mail,8,283
COMAL,senate,25,mail,10,148
COMAL,senate,25,mail,11,249
COMAL,senate,25,mail,12,261
COMAL,senate,25,mail,13,377
COMAL,senate,25,mail,14,4
COMAL,senate,25,mail,15,508
COMAL,senate,25,mail,18,132
COMAL,senate,25,mail,19,175
COMAL,senate,25,mail,20,161
COMAL,senate,25,mail,21,7
COMAL,senate,25,mail,22,240
COMAL,senate,25,mail,25,89
COMAL,senate,25,mail,26,224
COMAL,senate,25,mail,27,10
COMAL,senate,25,mail,28,172
COMAL,senate,25,mail,32,29
COMAL,senate,25,mail,33,68
COMANCHE,house,68,inperson,4,301
COMANCHE,house,68,inperson,5,175
COMANCHE,house,68,inperson,6,153
COMANCHE,house,68,inperson,7,163
COMANCHE,house,68,inperson,8,180
COMANCHE,house,68,inperson,10,60
COMANCHE,house,68,inperson,11,237
COMANCHE,house,68,inperson,12,203
COMANCHE,house,68,inperson,13,261
COMANCHE,house,68,inperson,14,306
COMANCHE,house,68,inperson,15,333
COMANCHE,house,68,mail,4,10
COMANCHE,house,68,mail,5,5
COMANCHE,house,68,mail,6,11
COMANCHE,house,68,mail,7,3
COMANCHE,house,68,mail,8,14
COMANCHE,house,68,mail,11,7
COMANCHE,house,68,mail,12,5
COMANCHE,house,68,mail,13,11
COMANCHE,house,68,mail,14,12
COMANCHE,house,68,mail,15,25
COMANCHE,house,68,mail,18,7
COMANCHE,house,68,mail,19,17
COMANCHE,house,68,mail,20,19
COMANCHE,house,68,mail,21,11
COMANCHE,house,68,mail,22,23
COMANCHE,house,68,mail,25,2
COMANCHE,house,68,mail,26,2
COMANCHE,house,68,mail,33,1
COMANCHE,senate,22,inperson,4,301
COMANCHE,senate,22,inperson,5,175
COMANCHE,senate,22,inperson,6,153
COMANCHE,senate,22,inperson,7,163
COMANCHE,senate,22,inperson,8,180
COMANCHE,senate,22,inperson,10,60
COMANCHE,senate,22,inperson,11,237
COMANCHE,senate,22,inperson,12,203
COMANCHE,senate,22,inperson,13,261
COMANCHE,senate,22,inperson,14,306
COMANCHE,senate,22,inperson,15,333
COMANCHE,senate,22,mail,4,10
COMANCHE,senate,22,mail,5,5
COMANCHE,senate,22,mail,6,11
COMANCHE,senate,22,mail,7,3
COMANCHE,senate,22,mail,8,14
COMANCHE,senate,22,mail,11,7
COMANCHE,senate,22,mail,12,5
COMANCHE,senate,22,mail,13,11
COMANCHE,senate,22,mail,14,12
COMANCHE,senate,22,mail,15,25
COMANCHE,senate,22,mail,18,7
COMANCHE,senate,22,mail,19,17
COMANCHE,senate,22,mail,20,19
COMANCHE,senate,22,mail,21,11
COMANCHE,senate,22,mail,22,23
COMANCHE,senate,22,mail,25,2
COMANCHE,senate,22,mail,26,2
COMANCHE,senate,22,mail,33,1
CONCHO,house,72,inperson,4,26
CONCHO,house,72,inperson,5,32
CONCHO,house,72,inperson,6,24
CONCHO,house,72,inperson,7,27
CONCHO,house,72,inperson,8,35
CONCHO,house,72,inperson,11,38
CONCHO,house,72,inperson,12,45
CONCHO,house,72,inperson,13,42
CONCHO,house,72,inperson,14,43
CONCHO,house,72,inperson,15,39
CONCHO,house,72,mail,5,8
CONCHO,house,72,mail,6,5
CONCHO,house,72,mail,7,6
CONCHO,house,72,mail,11,5
CONCHO,house,72,mail,12,1
CONCHO,house,72,mail,13,4
CONCHO,house,72,mail,14,8
CONCHO,house,72,mail,15,19
CONCHO,house,72,mail,22,5
CONCHO,senate,28,inperson,4,26
CONCHO,senate,28,inperson,5,32
CONCHO,senate,28,inperson,6,24
CONCHO,senate,28,inperson,7,27
CONCHO,senate,28,inperson,8,35
CONCHO,senate,28,inperson,11,38
CONCHO,senate,28,inperson,12,45
CONCHO,senate,28,inperson,13,42
CONCHO,senate,28,inperson,14,43
CONCHO,senate,28,inperson,15,39
CONCHO,senate,28,mail,5,8
CONCHO,senate,28,mail,6,5
CONCHO,senate,28,mail,7,6
CONCHO,senate,28,mail,11,5
CONCHO,senate,28,mail,12,1
CONCHO,senate,28,mail,13,4
CONCHO,senate,28,mail,14,8
CONCHO,senate,28,mail,15,19
CONCHO,senate,28,mail,22,5
COOKE,house,68,inperson,4,819
COOKE,house,68,inperson,5,691
COOKE,house,68,inperson,6,563
COOKE,house,68,inperson,7,555
COOKE,house,68,inperson,8,676
COOKE,house,68,inperson,11,709
COOKE,house,68,inperson,12,728
COOKE,house,68,inperson,13,793
COOKE,house,68,inperson,14,923
COOKE,house,68,inperson,15,776
COOKE,house,68,mail,4,6
COOKE,house,68,mail,5,16
COOKE,house,68,mail,6,11
COOKE,house,68,mail,7,2
COOKE,house,68,mail,8,26
COOKE,house,68,mail,11,18
COOKE,house,68,mail,12,23
COOKE,house,68,mail,13,22
COOKE,house,68,mail,14,8
COOKE,house,68,mail,15,23
COOKE,house,68,mail,18,9
COOKE,house,68,mail,19,15
COOKE,house,68,mail,20,12
COOKE,house,68,mail,21,7
COOKE,house,68,mail,22,14
COOKE,house,68,mail,25,12
COOKE,house,68,mail,26,12
COOKE,house,68,mail,27,12
COOKE,house,68,mail,28,30
COOKE,house,68,mail,32,20
COOKE,house,68,mail,33,19
COOKE,house,68,mail,34,14
COOKE,house,68,mail,35,2
COOKE,house,68,mail,36,31
COOKE,house,68,mail,37,40
COOKE,senate,30,inperson,4,819
COOKE,senate,30,inperson,5,691
COOKE,senate,30,inperson,6,563
COOKE,senate,30,inperson,7,555
COOKE,senate,30,inperson,8,676
COOKE,senate,30,inperson,11,709
COOKE,senate,30,inperson,12,728
COOKE,senate,30,inperson,13,793
COOKE,senate,30,inperson,14,923
COOKE,senate,30,inperson,15,776
COOKE,senate,30,mail,4,6
COOKE,senate,30,mail,5,16
COOKE,senate,30,mail,6,11
COOKE,senate,30,mail,7,2
COOKE,senate,30,mail,8,26
COOKE,senate,30,mail,11,18
COOKE,senate,30,mail,12,23
COOKE,senate,30,mail,13,22
COOKE,senate,30,mail,14,8
COOKE,senate,30,mail,15,23
COOKE,senate,30,mail,18,9
COOKE,senate,30,mail,19,15
COOKE,senate,30,mail,20,12
COOKE,senate,30,mail,21,7
COOKE,senate,30,mail,22,14
COOKE,senate,30,mail,25,12
COOKE,senate,30,mail,26,12
COOKE,senate,30,mail,27,12
COOKE,senate,30,mail,28,30
COOKE,senate,30,mail,32,20
COOKE,senate,30,mail,33,19
COOKE,senate,30,mail,34,14
COOKE,senate,30,mail,35,2
COOKE,senate,30,mail,36,31
COOKE,senate,30,mail,37,40
CORYELL,house,59,inperson,4,1109
CORYELL,house,59,inperson,5,767
CORYELL,house,59,inperson,6,684
CORYELL,house,59,inperson,7,701
CORYELL,house,59,inperson,8,716
CORYELL,house,59,inperson,9,152
CORYELL,house,59,inperson,10,468
CORYELL,house,59,inperson,11,884
CORYELL,house,59,inperson,12,837
CORYELL,house,59,inperson,13,942
CORYELL,house,59,inperson,14,1141
CORYELL,house,59,inperson,15,1178
CORYELL,house,59,mail,4,20
CORYELL,house,59,mail,5,21
CORYELL,house,59,mail,6,13
CORYELL,house,59,mail,7,5
CORYELL,house,59,mail,8,65
CORYELL,house,59,mail,11,23
CORYELL,house,59,mail,13,35
CORYELL,house,59,mail,14,46
CORYELL,house,59,mail,18,16
CORYELL,house,59,mail,19,15
CORYELL,house,59,mail,20,21
CORYELL,house,59,mail,22,194
CORYELL,house,59,mail,33,27
CORYELL,house,59,mail,34,18
CORYELL,house,59,mail,36,55
CORYELL,house,59,mail,37,139
CORYELL,senate,24,inperson,4,1109
CORYELL,senate,24,inperson,5,767
CORYELL,senate,24,inperson,6,684
CORYELL,senate,24,inperson,7,701
CORYELL,senate,24,inperson,8,716
CORYELL,senate,24,inperson,9,152
CORYELL,senate,24,inperson,10,468
CORYELL,senate,24,inperson,11,884
CORYELL,senate,24,inperson,12,837
CORYELL,senate,24,inperson,13,942
CORYELL,senate,24,inperson,14,1141
CORYELL,senate,24,inperson,15,1178
CORYELL,senate,24,mail,4,20
CORYELL,senate,24,mail,5,21
CORYELL,senate,24,mail,6,13
CORYELL,senate,24,mail,7,5
CORYELL,senate,24,mail,8,65
CORYELL,senate,24,mail,11,23
CORYELL,senate,24,mail,13,35
CORYELL,senate,24,mail,14,46
CORYELL,senate,24,mail,18,16
CORYELL,senate,24,mail,19,15
CORYELL,senate,24,mail,20,21
CORYELL,senate,24,mail,22,194
CORYELL,senate,24,mail,33,27
CORYELL,senate,24,mail,34,18
CORYELL,senate,24,mail,36,55
CORYELL,senate,24,mail,37,139
COTTLE,house,69,inperson,4,32
COTTLE,house,69,inperson,5,22
COTTLE,house,69,inperson,6,29
COTTLE,house,69,inperson,7,27
COTTLE,house,69,inperson,8,21
COTTLE,house,69,inperson,11,23
COTTLE,house,69,inperson,12,35
COTTLE,house,69,inperson,13,32
COTTLE,house,69,inperson,14,41
COTTLE,house,69,inperson,15,39
COTTLE,house,69,inperson,37,2
COTTLE,house,69,mail,5,2
COTTLE,house,69,mail,8,1
COTTLE,house,69,mail,11,1
COTTLE,house,69,mail,15,1
COTTLE,house,69,mail,20,3
COTTLE,house,69,mail,21,3
COTTLE,house,69,mail,22,1
COTTLE,house,69,mail,28,2
COTTLE,senate,28,inperson,4,32
COTTLE,senate,28,inperson,5,22
COTTLE,senate,28,inperson,6,29
COTTLE,senate,28,inperson,7,27
COTTLE,senate,28,inperson,8,21
COTTLE,senate,28,inperson,11,23
COTTLE,senate,28,inperson,12,35
COTTLE,senate,28,inperson,13,32
COTTLE,senate,28,inperson,14,41
COTTLE,senate,28,inperson,15,39
COTTLE,senate,28,inperson,37,2
COTTLE,senate,28,mail,5,2
COTTLE,senate,28,mail,8,1
COTTLE,senate,28,mail,11,1
COTTLE,senate,28,mail,15,1
COTTLE,senate,28,mail,20,3
COTTLE,senate,28,mail,21,3
COTTLE,senate,28,mail,22,1
COTTLE,senate,28,mail,28,2
CRANE,house,53,inperson,4,57
CRANE,house,53,inperson,5,34
CRANE,house,53,inperson,6,40
CRANE,house,53,inperson,7,118
CRANE,house,53,inperson,8,44
CRANE,house,53,inperson,11,55
CRANE,house,53,inperson,12,56
CRANE,house,53,inperson,13,71
CRANE,house,53,inperson,14,120
CRANE,house,53,inperson,15,87
CRANE,house,53,mail,6,1
CRANE,house,53,mail,7,4
CRANE,house,53,mail,8,1
CRANE,house,53,mail,11,3
CRANE,house,53,mail,12,3
CRANE,house,53,mail,13,1
CRANE,house,53,mail,14,3
CRANE,house,53,mail,15,4
CRANE,house,53,mail,18,3
CRANE,house,53,mail,19,11
CRANE,senate,31,inperson,4,57
CRANE,senate,31,inperson,5,34
CRANE,senate,31,inperson,6,40
CRANE,senate,31,inperson,7,118
CRANE,senate,31,inperson,8,44
CRANE,senate,31,inperson,11,55
CRANE,senate,31,inperson,12,56
CRANE,senate,31,inperson,13,71
CRANE,senate,31,inperson,14,120
CRANE,senate,31,inperson,15,87
CRANE,senate,31,mail,6,1
CRANE,senate,31,mail,7,4
CRANE,senate,31,mail,8,1
CRANE,senate,31,mail,11,3
CRANE,senate,31,mail,12,3
CRANE,senate,31,mail,13,1
CRANE,senate,31,mail,14,3
CRANE,senate,31,mail,15,4
CRANE,senate,31,mail,18,3
CRANE,senate,31,mail,19,11
CROCKETT,house,53,inperson,4,106
CROCKETT,house,53,inperson,5,69
CROCKETT,house,53,inperson,6,60
CROCKETT,house,53,inperson,7,41
CROCKETT,house,53,inperson,8,87
CROCKETT,house,53,inperson,11,75
CROCKETT,house,53,inperson,12,69
CROCKETT,house,53,inperson,13,95
CROCKETT,house,53,inperson,14,98
CROCKETT,house,53,inperson,15,120
CROCKETT,house,53,mail,5,3
CROCKETT,house,53,mail,7,3
CROCKETT,house,53,mail,11,5
CROCKETT,house,53,mail,12,1
CROCKETT,house,53,mail,13,1
CROCKETT,house,53,mail,14,1
CROCKETT,house,53,mail,15,7
CROCKETT,house,53,mail,19,3
CROCKETT,house,53,mail,20,3
CROCKETT,senate,19,inperson,4,106
CROCKETT,senate,19,inperson,5,69
CROCKETT,senate,19,inperson,6,60
CROCKETT,senate,19,inperson,7,41
CROCKETT,senate,19,inperson,8,87
CROCKETT,senate,19,inperson,11,75
CROCKETT,senate,19,inperson,12,69
CROCKETT,senate,19,inperson,13,95
CROCKETT,senate,19,inperson,14,98
CROCKETT,senate,19,inperson,15,120
CROCKETT,senate,19,mail,5,3
CROCKETT,senate,19,mail,7,3
CROCKETT,senate,19,mail,11,5
CROCKETT,senate,19,mail,12,1
CROCKETT,senate,19,mail,13,1
CROCKETT,senate,19,mail,14,1
CROCKETT,senate,19,mail,15,7
CROCKETT,senate,19,mail,19,3
CROCKETT,senate,19,mail,20,3
CROSBY,house,83,inperson,4,72
CROSBY,house,83,inperson,5,50
CROSBY,house,83,inperson,6,30
CROSBY,house,83,inperson,7,50
CROSBY,house,83,inperson,8,60
CROSBY,house,83,inperson,11,50
CROSBY,house,83,inperson,12,40
CROSBY,house,83,inperson,13,29
CROSBY,house,83,inperson,14,40
CROSBY,house,83,inperson,15,60
CROSBY,house,83,mail,4,1
CROSBY,house,83,mail,5,3
CROSBY,house,83,mail,6,4
CROSBY,house,83,mail,7,2
CROSBY,house,83,mail,8,6
CROSBY,house,83,mail,11,4
CROSBY,house,83,mail,12,3
CROSBY,house,83,mail,13,2
CROSBY,house,83,mail,14,4
CROSBY,house,83,mail,15,8
CROSBY,house,83,mail,18,4
CROSBY,house,83,mail,20,12
CROSBY,house,83,mail,21,5
CROSBY,house,83,mail,22,13
CROSBY,house,83,mail,25,2
CROSBY,house,83,mail,26,14
CROSBY,house,83,mail,27,1
CROSBY,house,83,mail,28,2
CROSBY,senate,28,inperson,4,72
CROSBY,senate,28,inperson,5,50
CROSBY,senate,28,inperson,6,30
CROSBY,senate,28,inperson,7,50
CROSBY,senate,28,inperson,8,60
CROSBY,senate,28,inperson,11,50
CROSBY,senate,28,inperson,12,40
CROSBY,senate,28,inperson,13,29
CROSBY,senate,28,inperson,14,40
CROSBY,senate,28,inperson,15,60
CROSBY,senate,28,mail,4,1
CROSBY,senate,28,mail,5,3
CROSBY,senate,28,mail,6,4
CROSBY,senate,28,mail,7,2
CROSBY,senate,28,mail,8,6
CROSBY,senate,28,mail,11,4
CROSBY,senate,28,mail,12,3
CROSBY,senate,28,mail,13,2
CROSBY,senate,28,mail,14,4
CROSBY,senate,28,mail,15,8
CROSBY,senate,28,mail,18,4
CROSBY,senate,28,mail,20,12
CROSBY,senate,28,mail,21,5
CROSBY,senate,28,mail,22,13
CROSBY,senate,28,mail,25,2
CROSBY,senate,28,mail,26,14
CROSBY,senate,28,mail,27,1
CROSBY,senate,28,mail,28,2
CULBERSON,house,74,inperson,4,39
CULBERSON,house,74,inperson,5,51
CULBERSON,house,74,inperson,6,38
CULBERSON,house,74,inperson,7,21
CULBERSON,house,74,inperson,8,38
CULBERSON,house,74,inperson,11,58
CULBERSON,house,74,inperson,12,53
CULBERSON,house,74,inperson,13,40
CULBERSON,house,74,inperson,14,25
CULBERSON,house,74,inperson,15,37
CULBERSON,house,74,mail,8,2
CULBERSON,house,74,mail,11,1
CULBERSON,house,74,mail,12,1
CULBERSON,house,74,mail,14,3
CULBERSON,house,74,mail,15,6
CULBERSON,house,74,mail,18,1
CULBERSON,house,74,mail,20,1
CULBERSON,senate,29,inperson,4,39
CULBERSON,senate,29,inperson,5,51
CULBERSON,senate,29,inperson,6,38
CULBERSON,senate,29,inperson,7,21
CULBERSON,senate,29,inperson,8,38
CULBERSON,senate,29,inperson,11,58
CULBERSON,senate,29,inperson,12,53
CULBERSON,senate,29,inperson,13,40
CULBERSON,senate,29,inperson,14,25
CULBERSON,senate,29,inperson,15,37
CULBERSON,senate,29,mail,8,2
CULBERSON,senate,29,mail,11,1
CULBERSON,senate,29,mail,12,1
CULBERSON,senate,29,mail,14,3
CULBERSON,senate,29,mail,15,6
CULBERSON,senate,29,mail,18,1
CULBERSON,senate,29,mail,20,1
DALLAM,house,86,inperson,4,59
DALLAM,house,86,inperson,5,40
DALLAM,house,86,inperson,6,34
DALLAM,house,86,inperson,7,46
DALLAM,house,86,inperson,8,27
DALLAM,house,86,inperson,11,40
DALLAM,house,86,inperson,12,24
DALLAM,house,86,inperson,13,38
DALLAM,house,86,inperson,14,46
DALLAM,house,86,inperson,15,55
DALLAM,house,86,mail,5,1
DALLAM,house,86,mail,6,2
DALLAM,house,86,mail,7,3
DALLAM,house,86,mail,8,2
DALLAM,house,86,mail,11,2
DALLAM,house,86,mail,12,4
DALLAM,house,86,mail,13,2
DALLAM,house,86,mail,15,5
DALLAM,house,86,mail,19,6
DALLAM,house,86,mail,20,2
DALLAM,house,86,mail,21,2
DALLAM,house,86,mail,22,4
DALLAM,house,86,mail,25,8
DALLAM,house,86,mail,26,11
DALLAM,house,86,mail,27,15
DALLAM,senate,31,inperson,4,59
DALLAM,senate,31,inperson,5,40
DALLAM,senate,31,inperson,6,34
DALLAM,senate,31,inperson,7,46
DALLAM,senate,31,inperson,8,27
DALLAM,senate,31,inperson,11,40
DALLAM,senate,31,inperson,12,24
DALLAM,senate,31,inperson,13,38
DALLAM,senate,31,inperson,14,46
DALLAM,senate,31,inperson,15,55
DALLAM,senate,31,mail,5,1
DALLAM,senate,31,mail,6,2
DALLAM,senate,31,mail,7,3
DALLAM,senate,31,mail,8,2
DALLAM,senate,31,mail,11,2
DALLAM,senate,31,mail,12,4
DALLAM,senate,31,mail,13,2
DALLAM,senate,31,mail,15,5
DALLAM,senate,31,mail,19,6
DALLAM,senate,31,mail,20,2
DALLAM,senate,31,mail,21,2
DALLAM,senate,31,mail,22,4
DALLAM,senate,31,mail,25,8
DALLAM,senate,31,mail,26,11
DALLAM,senate,31,mail,27,15
DALLAS,house,100,inperson,4,2722
DALLAS,house,100,inperson,5,2021
DALLAS,house,100,inperson,6,1432
DALLAS,house,100,inperson,7,1269
DALLAS,house,100,inperson,8,1383
DALLAS,house,100,inperson,9,468
DALLAS,house,100,inperson,10,1039
DALLAS,house,100,inperson,11,998
DALLAS,house,100,inperson,12,1369
DALLAS,house,100,inperson,13,1450
DALLAS,house,100,inperson,14,1452
DALLAS,house,100,inperson,15,1329
DALLAS,house,100,mail,4,35
DALLAS,house,100,mail,5,29
DALLAS,house,100,mail,6,39
DALLAS,house,100,mail,7,21
DALLAS,house,100,mail,8,68
DALLAS,house,100,mail,10,23
DALLAS,house,100,mail,11,59
DALLAS,house,100,mail,12,62
DALLAS,house,100,mail,13,43
DALLAS,house,100,mail,14,5
DALLAS,house,100,mail,15,43
DALLAS,house,100,mail,17,362
DALLAS,house,100,mail,19,1
DALLAS,house,100,mail,21,1
DALLAS,house,100,mail,22,2
DALLAS,house,100,mail,28,2
DALLAS,house,102,inperson,4,3039
DALLAS,house,102,inperson,5,2547
DALLAS,house,102,inperson,6,1768
DALLAS,house,102,inperson,7,1744
DALLAS,house,102,inperson,8,1719
DALLAS,house,102,inperson,9,751
DALLAS,house,102,inperson,10,1522
DALLAS,house,102,inperson,11,1469
DALLAS,house,102,inperson,12,1816
DALLAS,house,102,inperson,13,1914
DALLAS,house,102,inperson,14,2013
DALLAS,house,102,inperson,15,1683
DALLAS,house,102,mail,4,76
DALLAS,house,102,mail,5,71
DALLAS,house,102,mail,6,64
DALLAS,house,102,mail,7,39
DALLAS,house,102,mail,8,105
DALLAS,house,102,mail,10,30
DALLAS,house,102,mail,11,79
DALLAS,house,102,mail,12,108
DALLAS,house,102,mail,13,111
DALLAS,house,102,mail,14,4
DALLAS,house,102,mail,15,98
DALLAS,house,102,mail,17,504
DALLAS,house,102,mail,19,3
DALLAS,house,102,mail,20,1
DALLAS,house,102,mail,21,1
DALLAS,house,102,mail,22,3
DALLAS,house,102,mail,28,14
DALLAS,house,103,inperson,4,3409
DALLAS,house,103,inperson,5,2657
DALLAS,house,103,inperson,6,1990
DALLAS,house,103,inperson,7,1620
DALLAS,house,103,inperson,8,1777
DALLAS,house,103,inperson,9,698
DALLAS,house,103,inperson,10,1569
DALLAS,house,103,inperson,11,1521
DALLAS,house,103,inperson,12,1736
DALLAS,house,103,inperson,13,1895
DALLAS,house,103,inperson,14,2069
DALLAS,house,103,inperson,15,1918
DALLAS,house,103,mail,4,45
DALLAS,house,103,mail,5,40
DALLAS,house,103,mail,6,31
DALLAS,house,103,mail,7,32
DALLAS,house,103,mail,8,54
DALLAS,house,103,mail,10,17
DALLAS,house,103,mail,11,45
DALLAS,house,103,mail,12,68
DALLAS,house,103,mail,13,53
DALLAS,house,103,mail,14,8
DALLAS,house,103,mail,15,60
DALLAS,house,103,mail,17,387
DALLAS,house,103,mail,19,2
DALLAS,house,103,mail,20,2
DALLAS,house,103,mail,22,6
DALLAS,house,103,mail,28,12
DALLAS,house,104,inperson,4,2806
DALLAS,house,104,inperson,5,1991
DALLAS,house,104,inperson,6,1559
DALLAS,house,104,inperson,7,1331
DALLAS,house,104,inperson,8,1277
DALLAS,house,104,inperson,9,394
DALLAS,house,104,inperson,10,1031
DALLAS,house,104,inperson,11,962
DALLAS,house,104,inperson,12,1401
DALLAS,house,104,inperson,13,1476
DALLAS,house,104,inperson,14,1583
DALLAS,house,104,inperson,15,1359
DALLAS,house,104,mail,4,41
DALLAS,house,104,mail,5,35
DALLAS,house,104,mail,6,27
DALLAS,house,104,mail,7,14
DALLAS,house,104,mail,8,32
DALLAS,house,104,mail,10,18
DALLAS,house,104,mail,11,45
DALLAS,house,104,mail,12,75
DALLAS,house,104,mail,13,48
DALLAS,house,104,mail,14,9
DALLAS,house,104,mail,15,40
DALLAS,house,104,mail,17,283
DALLAS,house,104,mail,19,3
DALLAS,house,104,mail,21,3
DALLAS,house,104,mail,22,2
DALLAS,house,104,mail,28,2
DALLAS,house,105,inperson,4,2719
DALLAS,house,105,inperson,5,2095
DALLAS,house,105,inperson,6,1560
DALLAS,house,105,inperson,7,1520
DALLAS,house,105,inperson,8,1521
DALLAS,house,105,inperson,9,535
DALLAS,house,105,inperson,10,1122
DALLAS,house,105,inperson,11,1191
DALLAS,house,105,inperson,12,1487
DALLAS,house,105,inperson,13,1607
DALLAS,house,105,inperson,14,1763
DALLAS,house,105,inperson,15,1487
DALLAS,house,105,mail,4,26
DALLAS,house,105,mail,5,37
DALLAS,house,105,mail,6,43
DALLAS,house,105,mail,7,15
DALLAS,house,105,mail,8,26
DALLAS,house,105,mail,10,28
DALLAS,house,105,mail,11,45
DALLAS,house,105,mail,12,65
DALLAS,house,105,mail,13,50
DALLAS,house,105,mail,15,53
DALLAS,house,105,mail,17,289
DALLAS,house,105,mail,22,1
DALLAS,house,105,mail,28,10
DALLAS,house,107,inperson,4,2334
DALLAS,house,107,inperson,5,1806
DALLAS,house,107,inperson,6,1448
DALLAS,house,107,inperson,7,1300
DALLAS,house,107,inperson,8,1351
DALLAS,house,107,inperson,9,389
DALLAS,house,107,inperson,10,922
DALLAS,house,107,inperson,11,970
DALLAS,house,107,inperson,12,1378
DALLAS,house,107,inperson,13,1500
DALLAS,house,107,inperson,14,1657
DALLAS,house,107,inperson,15,1497
DALLAS,house,107,mail,4,32
DALLAS,house,107,mail,5,31
DALLAS,house,107,mail,6,47
DALLAS,house,107,mail,7,18
DALLAS,house,107,mail,8,60
DALLAS,house,107,mail,10,27
DALLAS,house,107,mail,11,71
DALLAS,house,107,mail,12,91
DALLAS,house,107,mail,13,66
DALLAS,house,107,mail,14,1
DALLAS,house,107,mail,15,53
DALLAS,house,107,mail,17,399
DALLAS,house,107,mail,19,7
DALLAS,house,107,mail,21,2
DALLAS,house,107,mail,22,3
DALLAS,house,108,inperson,4,7541
DALLAS,house,108,inperson,5,5780
DALLAS,house,108,inperson,6,4963
DALLAS,house,108,inperson,7,4658
DALLAS,house,108,inperson,8,4439
DALLAS,house,108,inperson,9,1876
DALLAS,house,108,inperson,10,3693
DALLAS,house,108,inperson,11,4239
DALLAS,house,108,inperson,12,4889
DALLAS,house,108,inperson,13,4993
DALLAS,house,108,inperson,14,5733
DALLAS,house,108,inperson,15,5405
DALLAS,house,108,mail,4,137
DALLAS,house,108,mail,5,116
DALLAS,house,108,mail,6,90
DALLAS,house,108,mail,7,122
DALLAS,house,108,mail,8,143
DALLAS,house,108,mail,10,67
DALLAS,house,108,mail,11,123
DALLAS,house,108,mail,12,179
DALLAS,house,108,mail,13,150
DALLAS,house,108,mail,14,30
DALLAS,house,108,mail,15,154
DALLAS,house,108,mail,17,1155
DALLAS,house,108,mail,19,3
DALLAS,house,108,mail,21,4
DALLAS,house,108,mail,22,16
DALLAS,house,108,mail,28,46
DALLAS,house,109,inperson,4,4715
DALLAS,house,109,inperson,5,3693
DALLAS,house,109,inperson,6,2745
DALLAS,house,109,inperson,7,2629
DALLAS,house,109,inperson,8,2818
DALLAS,house,109,inperson,9,843
DALLAS,house,109,inperson,10,1685
DALLAS,house,109,inperson,11,1909
DALLAS,house,109,inperson,12,2802
DALLAS,house,109,inperson,13,2913
DALLAS,house,109,inperson,14,3027
DALLAS,house,109,inperson,15,2525
DALLAS,house,109,mail,4,40
DALLAS,house,109,mail,5,31
DALLAS,house,109,mail,6,30
DALLAS,house,109,mail,7,25
DALLAS,house,109,mail,8,54
DALLAS,house,109,mail,10,10
DALLAS,house,109,mail,11,51
DALLAS,house,109,mail,12,65
DALLAS,house,109,mail,13,56
DALLAS,house,109,mail,14,2
DALLAS,house,109,mail,15,54
DALLAS,house,109,mail,17,499
DALLAS,house,109,mail,22,1
DALLAS,house,109,mail,28,2
DALLAS,house,110,inperson,4,2120
DALLAS,house,110,inperson,5,1692
DALLAS,house,110,inperson,6,1267
DALLAS,house,110,inperson,7,1069
DALLAS,house,110,inperson,8,1110
DALLAS,house,110,inperson,9,291
DALLAS,house,110,inperson,10,718
DALLAS,house,110,inperson,11,665
DALLAS,house,110,inperson,12,1259
DALLAS,house,110,inperson,13,1187
DALLAS,house,110,inperson,14,1236
DALLAS,house,110,inperson,15,949
DALLAS,house,110,mail,4,34
DALLAS,house,110,mail,5,41
DALLAS,house,110,mail,6,21
DALLAS,house,110,mail,7,12
DALLAS,house,110,mail,8,31
DALLAS,house,110,mail,10,12
DALLAS,house,110,mail,11,47
DALLAS,house,110,mail,12,50
DALLAS,house,110,mail,13,43
DALLAS,house,110,mail,14,3
DALLAS,house,110,mail,15,38
DALLAS,house,110,mail,17,353
DALLAS,house,110,mail,28,3
DALLAS,house,111,inperson,4,4548
DALLAS,house,111,inperson,5,3581
DALLAS,house,111,inperson,6,2740
DALLAS,house,111,inperson,7,2648
DALLAS,house,111,inperson,8,2702
DALLAS,house,111,inperson,9,823
DALLAS,house,111,inperson,10,1785
DALLAS,house,111,inperson,11,1859
DALLAS,house,111,inperson,12,2921
DALLAS,house,111,inperson,13,3004
DALLAS,house,111,inperson,14,3136
DALLAS,house,111,inperson,15,2430
DALLAS,house,111,mail,4,49
DALLAS,house,111,mail,5,33
DALLAS,house,111,mail,6,39
DALLAS,house,111,mail,7,33
DALLAS,house,111,mail,8,61
DALLAS,house,111,mail,10,23
DALLAS,house,111,mail,11,70
DALLAS,house,111,mail,12,75
DALLAS,house,111,mail,13,57
DALLAS,house,111,mail,14,3
DALLAS,house,111,mail,15,57
DALLAS,house,111,mail,17,651
DALLAS,house,111,mail,28,7
DALLAS,house,112,inperson,4,5657
DALLAS,house,112,inperson,5,4674
DALLAS,house,112,inperson,6,3688
DALLAS,house,112,inperson,7,3436
DALLAS,house,112,inperson,8,3536
DALLAS,house,112,inperson,9,1363
DALLAS,house,112,inperson,10,2880
DALLAS,house,112,inperson,11,3401
DALLAS,house,112,inperson,12,3814
DALLAS,house,112,inperson,13,4113
DALLAS,house,112,inperson,14,4365
DALLAS,house,112,inperson,15,3953
DALLAS,house,112,mail,4,119
DALLAS,house,112,mail,5,112
DALLAS,house,112,mail,6,90
DALLAS,house,112,mail,7,56
DALLAS,house,112,mail,8,109
DALLAS,house,112,mail,10,66
DALLAS,house,112,mail,11,133
DALLAS,house,112,mail,12,171
DALLAS,house,112,mail,13,160
DALLAS,house,112,mail,14,12
DALLAS,house,112,mail,15,145
DALLAS,house,112,mail,17,1003
DALLAS,house,112,mail,18,1
DALLAS,house,112,mail,19,3
DALLAS,house,112,mail,20,2
DALLAS,house,112,mail,22,7
DALLAS,house,112,mail,28,25
DALLAS,house,113,inperson,4,3537
DALLAS,house,113,inperson,5,2898
DALLAS,house,113,inperson,6,2258
DALLAS,house,113,inperson,7,2203
DALLAS,house,113,inperson,8,2189
DALLAS,house,113,inperson,9,782
DALLAS,house,113,inperson,10,1726
DALLAS,house,113,inperson,11,1790
DALLAS,house,113,inperson,12,2387
DALLAS,house,113,inperson,13,2617
DALLAS,house,113,inperson,14,2686
DALLAS,house,113,inperson,15,2249
DALLAS,house,113,mail,4,50
DALLAS,house,113,mail,5,47
DALLAS,house,113,mail,6,82
DALLAS,house,113,mail,7,24
DALLAS,house,113,mail,8,69
DALLAS,house,113,mail,10,23
DALLAS,house,113,mail,11,95
DALLAS,house,113,mail,12,100
DALLAS,house,113,mail,13,70
DALLAS,house,113,mail,14,4
DALLAS,house,113,mail,15,71
DALLAS,house,113,mail,17,502
DALLAS,house,113,mail,21,1
DALLAS,house,113,mail,22,2
DALLAS,house,113,mail,28,2
DALLAS,house,114,inperson,4,5454
DALLAS,house,114,inperson,5,3987
DALLAS,house,114,inperson,6,3015
DALLAS,house,114,inperson,7,2742
DALLAS,house,114,inperson,8,2523
DALLAS,house,114,inperson,9,1087
DALLAS,house,114,inperson,10,2174
DALLAS,house,114,inperson,11,2347
DALLAS,house,114,inperson,12,2545
DALLAS,house,114,inperson,13,2821
DALLAS,house,114,inperson,14,3119
DALLAS,house,114,inperson,15,2934
DALLAS,house,114,mail,4,72
DALLAS,house,114,mail,5,66
DALLAS,house,114,mail,6,56
DALLAS,house,114,mail,7,60
DALLAS,house,114,mail,8,102
DALLAS,house,114,mail,10,47
DALLAS,house,114,mail,11,85
DALLAS,house,114,mail,12,118
DALLAS,house,114,mail,13,81
DALLAS,house,114,mail,14,12
DALLAS,house,114,mail,15,98
DALLAS,house,114,mail,17,485
DALLAS,house,114,mail,18,1
DALLAS,house,114,mail,19,5
DALLAS,house,114,mail,20,2
DALLAS,house,114,mail,21,15
DALLAS,house,114,mail,22,9
DALLAS,house,114,mail,28,5
DALLAS,house,115,inperson,4,5069
DALLAS,house,115,inperson,5,3689
DALLAS,house,115,inperson,6,2885
DALLAS,house,115,inperson,7,2598
DALLAS,house,115,inperson,8,2703
DALLAS,house,115,inperson,9,1200
DALLAS,house,115,inperson,10,2437
DALLAS,house,115,inperson,11,2515
DALLAS,house,115,inperson,12,2745
DALLAS,house,115,inperson,13,2937
DALLAS,house,115,inperson,14,3418
DALLAS,house,115,inperson,15,2887
DALLAS,house,115,mail,4,72
DALLAS,house,115,mail,5,76
DALLAS,house,115,mail,6,59
DALLAS,house,115,mail,7,40
DALLAS,house,115,mail,8,82
DALLAS,house,115,mail,10,62
DALLAS,house,115,mail,11,71
DALLAS,house,115,mail,12,137
DALLAS,house,115,mail,13,114
DALLAS,house,115,mail,14,9
DALLAS,house,115,mail,15,85
DALLAS,house,115,mail,17,700
DALLAS,house,115,mail,19,6
DALLAS,house,115,mail,21,5
DALLAS,house,115,mail,22,6
DALLAS,house,115,mail,28,14
DALLAS,senate,12,inperson,4,10083
DALLAS,senate,12,inperson,5,7766
DALLAS,senate,12,inperson,6,6286
DALLAS,senate,12,inperson,7,5864
DALLAS,senate,12,inperson,8,5844
DALLAS,senate,12,inperson,9,2460
DALLAS,senate,12,inperson,10,5083
DALLAS,senate,12,inperson,11,5559
DALLAS,senate,12,inperson,12,6239
DALLAS,senate,12,inperson,13,6522
DALLAS,senate,12,inperson,14,7514
DALLAS,senate,12,inperson,15,6817
DALLAS,senate,12,mail,4,156
DALLAS,senate,12,mail,5,157
DALLAS,senate,12,mail,6,116
DALLAS,senate,12,mail,7,123
DALLAS,senate,12,mail,8,189
DALLAS,senate,12,mail,10,102
DALLAS,senate,12,mail,11,157
DALLAS,senate,12,mail,12,250
DALLAS,senate,12,mail,13,243
DALLAS,senate,12,mail,14,30
DALLAS,senate,12,mail,15,192
DALLAS,senate,12,mail,17,1787
DALLAS,senate,12,mail,19,7
DALLAS,senate,12,mail,20,1
DALLAS,senate,12,mail,21,5
DALLAS,senate,12,mail,22,16
DALLAS,senate,12,mail,28,54
DALLAS,senate,16,inperson,4,17134
DALLAS,senate,16,inperson,5,13222
DALLAS,senate,16,inperson,6,10150
DALLAS,senate,16,inperson,7,9213
DALLAS,senate,16,inperson,8,9270
DALLAS,senate,16,inperson,9,3582
DALLAS,senate,16,inperson,10,7491
DALLAS,senate,16,inperson,11,7708
DALLAS,senate,16,inperson,12,9684
DALLAS,senate,16,inperson,13,10197
DALLAS,senate,16,inperson,14,11072
DALLAS,senate,16,inperson,15,9758
DALLAS,senate,16,mail,4,273
DALLAS,senate,16,mail,5,242
DALLAS,senate,16,mail,6,233
DALLAS,senate,16,mail,7,163
DALLAS,senate,16,mail,8,314
DALLAS,senate,16,mail,10,135
DALLAS,senate,16,mail,11,313
DALLAS,senate,16,mail,12,415
DALLAS,senate,16,mail,13,373
DALLAS,senate,16,mail,14,29
DALLAS,senate,16,mail,15,350
DALLAS,senate,16,mail,17,2017
DALLAS,senate,16,mail,19,10
DALLAS,senate,16,mail,20,2
DALLAS,senate,16,mail,21,15
DALLAS,senate,16,mail,22,15
DALLAS,senate,16,mail,28,49
DALLAS,senate,2,inperson,4,8982
DALLAS,senate,2,inperson,5,7313
DALLAS,senate,2,inperson,6,5718
DALLAS,senate,2,inperson,7,5397
DALLAS,senate,2,inperson,8,5559
DALLAS,senate,2,inperson,9,1979
DALLAS,senate,2,inperson,10,4338
DALLAS,senate,2,inperson,11,4901
DALLAS,senate,2,inperson,12,5858
DALLAS,senate,2,inperson,13,6361
DALLAS,senate,2,inperson,14,6700
DALLAS,senate,2,inperson,15,5937
DALLAS,senate,2,mail,4,179
DALLAS,senate,2,mail,5,165
DALLAS,senate,2,mail,6,186
DALLAS,senate,2,mail,7,87
DALLAS,senate,2,mail,8,194
DALLAS,senate,2,mail,10,103
DALLAS,senate,2,mail,11,251
DALLAS,senate,2,mail,12,316
DALLAS,senate,2,mail,13,228
DALLAS,senate,2,mail,14,10
DALLAS,senate,2,mail,15,225
DALLAS,senate,2,mail,17,1419
DALLAS,senate,2,mail,18,1
DALLAS,senate,2,mail,19,9
DALLAS,senate,2,mail,20,2
DALLAS,senate,2,mail,21,3
DALLAS,senate,2,mail,22,11
DALLAS,senate,2,mail,28,15
DALLAS,senate,23,inperson,4,19471
DALLAS,senate,23,inperson,5,14810
DALLAS,senate,23,inperson,6,11164
DALLAS,senate,23,inperson,7,10293
DALLAS,senate,23,inperson,8,10375
DALLAS,senate,23,inperson,9,3479
DALLAS,senate,23,inperson,10,7391
DALLAS,senate,23,inperson,11,7668
DALLAS,senate,23,inperson,12,10768
DALLAS,senate,23,inperson,13,11347
DALLAS,senate,23,inperson,14,11971
DALLAS,senate,23,inperson,15,10093
DALLAS,senate,23,mail,4,220
DALLAS,senate,23,mail,5,201
DALLAS,senate,23,mail,6,183
DALLAS,senate,23,mail,7,138
DALLAS,senate,23,mail,8,299
DALLAS,senate,23,mail,10,113
DALLAS,senate,23,mail,11,298
DALLAS,senate,23,mail,12,383
DALLAS,senate,23,mail,13,258
DALLAS,senate,23,mail,14,33
DALLAS,senate,23,mail,15,282
DALLAS,senate,23,mail,17,2349
DALLAS,senate,23,mail,18,1
DALLAS,senate,23,mail,19,7
DALLAS,senate,23,mail,20,2
DALLAS,senate,23,mail,21,9
DALLAS,senate,23,mail,22,16
DALLAS,senate,23,mail,28,26
DAWSON,house,82,inperson,4,230
DAWSON,house,82,inperson,5,124
DAWSON,house,82,inperson,6,141
DAWSON,house,82,inperson,7,122
DAWSON,house,82,inperson,8,156
DAWSON,house,82,inperson,11,157
DAWSON,house,82,inperson,12,120
DAWSON,house,82,inperson,13,119
DAWSON,house,82,inperson,14,114
DAWSON,house,82,inperson,15,171
DAWSON,house,82,mail,4,1
DAWSON,house,82,mail,5,7
DAWSON,house,82,mail,6,4
DAWSON,house,82,mail,7,8
DAWSON,house,82,mail,8,6
DAWSON,house,82,mail,11,6
DAWSON,house,82,mail,12,14
DAWSON,house,82,mail,13,10
DAWSON,house,82,mail,14,16
DAWSON,house,82,mail,15,22
DAWSON,house,82,mail,18,11
DAWSON,house,82,mail,19,17
DAWSON,house,82,mail,20,22
DAWSON,senate,31,inperson,4,230
DAWSON,senate,31,inperson,5,124
DAWSON,senate,31,inperson,6,141
DAWSON,senate,31,inperson,7,122
DAWSON,senate,31,inperson,8,156
DAWSON,senate,31,inperson,11,157
DAWSON,senate,31,inperson,12,120
DAWSON,senate,31,inperson,13,119
DAWSON,senate,31,inperson,14,114
DAWSON,senate,31,inperson,15,171
DAWSON,senate,31,mail,4,1
DAWSON,senate,31,mail,5,7
DAWSON,senate,31,mail,6,4
DAWSON,senate,31,mail,7,8
DAWSON,senate,31,mail,8,6
DAWSON,senate,31,mail,11,6
DAWSON,senate,31,mail,12,14
DAWSON,senate,31,mail,13,10
DAWSON,senate,31,mail,14,16
DAWSON,senate,31,mail,15,22
DAWSON,senate,31,mail,18,11
DAWSON,senate,31,mail,19,17
DAWSON,senate,31,mail,20,22
DEAF SMITH,house,86,inperson,4,227
DEAF SMITH,house,86,inperson,5,147
DEAF SMITH,house,86,inperson,6,144
DEAF SMITH,house,86,inperson,7,133
DEAF SMITH,house,86,inperson,8,176
DEAF SMITH,house,86,inperson,11,187
DEAF SMITH,house,86,inperson,12,157
DEAF SMITH,house,86,inperson,13,184
DEAF SMITH,house,86,inperson,14,178
DEAF SMITH,house,86,inperson,15,140
DEAF SMITH,house,86,mail,4,8
DEAF SMITH,house,86,mail,5,3
DEAF SMITH,house,86,mail,6,5
DEAF SMITH,house,86,mail,7,1
DEAF SMITH,house,86,mail,8,11
DEAF SMITH,house,86,mail,11,14
DEAF SMITH,house,86,mail,12,6
DEAF SMITH,house,86,mail,13,12
DEAF SMITH,house,86,mail,15,10
DEAF SMITH,house,86,mail,18,2
DEAF SMITH,house,86,mail,19,11
DEAF SMITH,house,86,mail,20,10
DEAF SMITH,house,86,mail,21,3
DEAF SMITH,house,86,mail,22,20
DEAF SMITH,house,86,mail,25,9
DEAF SMITH,house,86,mail,26,42
DEAF SMITH,house,86,mail,27,3
DEAF SMITH,house,86,mail,28,27
DEAF SMITH,house,86,mail,32,4
DEAF SMITH,senate,31,inperson,4,227
DEAF SMITH,senate,31,inperson,5,147
DEAF SMITH,senate,31,inperson,6,144
DEAF SMITH,senate,31,inperson,7,133
DEAF SMITH,senate,31,inperson,8,176
DEAF SMITH,senate,31,inperson,11,187
DEAF SMITH,senate,31,inperson,12,157
DEAF SMITH,senate,31,inperson,13,184
DEAF SMITH,senate,31,inperson,14,178
DEAF SMITH,senate,31,inperson,15,140
DEAF SMITH,senate,31,mail,4,8
DEAF SMITH,senate,31,mail,5,3
DEAF SMITH,senate,31,mail,6,5
DEAF SMITH,senate,31,mail,7,1
DEAF SMITH,senate,31,mail,8,11
DEAF SMITH,senate,31,mail,11,14
DEAF SMITH,senate,31,mail,12,6
DEAF SMITH,senate,31,mail,13,12
DEAF SMITH,senate,31,mail,15,10
DEAF SMITH,senate,31,mail,18,2
DEAF SMITH,senate,31,mail,19,11
DEAF SMITH,senate,31,mail,20,10
DEAF SMITH,senate,31,mail,21,3
DEAF SMITH,senate,31,mail,22,20
DEAF SMITH,senate,31,mail,25,9
DEAF SMITH,senate,31,mail,26,42
DEAF SMITH,senate,31,mail,27,3
DEAF SMITH,senate,31,mail,28,27
DEAF SMITH,senate,31,mail,32,4
DELTA,house,62,inperson,4,130
DELTA,house,62,inperson,5,78
DELTA,house,62,inperson,6,54
DELTA,house,62,inperson,7,83
DELTA,house,62,inperson,8,83
DELTA,house,62,inperson,11,83
DELTA,house,62,inperson,12,76
DELTA,house,62,inperson,13,96
DELTA,house,62,inperson,14,98
DELTA,house,62,inperson,15,108
DELTA,house,62,mail,4,3
DELTA,house,62,mail,5,2
DELTA,house,62,mail,6,4
DELTA,house,62,mail,7,2
DELTA,house,62,mail,8,5
DELTA,house,62,mail,11,3
DELTA,house,62,mail,12,7
DELTA,house,62,mail,13,1
DELTA,house,62,mail,14,5
DELTA,house,62,mail,15,10
DELTA,house,62,mail,18,4
DELTA,house,62,mail,20,5
DELTA,house,62,mail,21,2
DELTA,house,62,mail,22,15
DELTA,house,62,mail,25,6
DELTA,house,62,mail,26,14
DELTA,house,62,mail,27,16
DELTA,house,62,mail,28,24
DELTA,house,62,mail,32,9
DELTA,senate,1,inperson,4,130
DELTA,senate,1,inperson,5,78
DELTA,senate,1,inperson,6,54
DELTA,senate,1,inperson,7,83
DELTA,senate,1,inperson,8,83
DELTA,senate,1,inperson,11,83
DELTA,senate,1,inperson,12,76
DELTA,senate,1,inperson,13,96
DELTA,senate,1,inperson,14,98
DELTA,senate,1,inperson,15,108
DELTA,senate,1,mail,4,3
DELTA,senate,1,mail,5,2
DELTA,senate,1,mail,6,4
DELTA,senate,1,mail,7,2
DELTA,senate,1,mail,8,5
DELTA,senate,1,mail,11,3
DELTA,senate,1,mail,12,7
DELTA,senate,1,mail,13,1
DELTA,senate,1,mail,14,5
DELTA,senate,1,mail,15,10
DELTA,senate,1,mail,18,4
DELTA,senate,1,mail,20,5
DELTA,senate,1,mail,21,2
DELTA,senate,1,mail,22,15
DELTA,senate,1,mail,25,6
DELTA,senate,1,mail,26,14
DELTA,senate,1,mail,27,16
DELTA,senate,1,mail,28,24
DELTA,senate,1,mail,32,9
DENTON,house,106,inperson,4,6361
DENTON,house,106,inperson,5,4835
DENTON,house,106,inperson,6,4072
DENTON,house,106,inperson,7,3657
DENTON,house,106,inperson,8,3842
DENTON,house,106,inperson,9,1845
DENTON,house,106,inperson,10,3805
DENTON,house,106,inperson,11,3913
DENTON,house,106,inperson,12,3901
DENTON,house,106,inperson,13,3949
DENTON,house,106,inperson,14,4310
DENTON,house,106,inperson,15,3604
DENTON,house,106,mail,4,83
DENTON,house,106,mail,5,37
DENTON,house,106,mail,6,123
DENTON,house,106,mail,7,47
DENTON,house,106,mail,8,77
DENTON,house,106,mail,9,3
DENTON,house,106,mail,10,66
DENTON,house,106,mail,11,116
DENTON,house,106,mail,12,39
DENTON,house,106,mail,13,86
DENTON,house,106,mail,14,17
DENTON,house,106,mail,15,63
DENTON,house,106,mail,17,33
DENTON,house,106,mail,18,7
DENTON,house,106,mail,19,121
DENTON,house,106,mail,20,38
DENTON,house,106,mail,21,84
DENTON,house,106,mail,22,63
DENTON,house,106,mail,25,98
DENTON,house,106,mail,26,183
DENTON,house,106,mail,27,47
DENTON,house,106,mail,28,212
DENTON,house,106,mail,29,23
DENTON,house,57,inperson,4,5883
DENTON,house,57,inperson,5,4304
DENTON,house,57,inperson,6,3627
DENTON,house,57,inperson,7,3469
DENTON,house,57,inperson,8,3474
DENTON,house,57,inperson,9,1736
DENTON,house,57,inperson,10,3770
DENTON,house,57,inperson,11,3429
DENTON,house,57,inperson,12,3587
DENTON,house,57,inperson,13,3444
DENTON,house,57,inperson,14,4062
DENTON,house,57,inperson,15,3473
DENTON,house,57,mail,4,84
DENTON,house,57,mail,5,62
DENTON,house,57,mail,6,105
DENTON,house,57,mail,7,21
DENTON,house,57,mail,8,70
DENTON,house,57,mail,9,7
DENTON,house,57,mail,10,73
DENTON,house,57,mail,11,96
DENTON,house,57,mail,12,64
DENTON,house,57,mail,13,98
DENTON,house,57,mail,14,21
DENTON,house,57,mail,15,81
DENTON,house,57,mail,17,30
DENTON,house,57,mail,18,7
DENTON,house,57,mail,19,129
DENTON,house,57,mail,20,19
DENTON,house,57,mail,21,104
DENTON,house,57,mail,22,82
DENTON,house,57,mail,25,158
DENTON,house,57,mail,26,215
DENTON,house,57,mail,27,19
DENTON,house,57,mail,28,70
DENTON,house,57,mail,29,13
DENTON,house,63,inperson,4,5705
DENTON,house,63,inperson,5,4339
DENTON,house,63,inperson,6,3556
DENTON,house,63,inperson,7,3454
DENTON,house,63,inperson,8,3516
DENTON,house,63,inperson,9,1839
DENTON,house,63,inperson,10,4101
DENTON,house,63,inperson,11,3519
DENTON,house,63,inperson,12,3608
DENTON,house,63,inperson,13,3801
DENTON,house,63,inperson,14,4134
DENTON,house,63,inperson,15,3909
DENTON,house,63,mail,4,74
DENTON,house,63,mail,5,53
DENTON,house,63,mail,6,104
DENTON,house,63,mail,7,56
DENTON,house,63,mail,8,131
DENTON,house,63,mail,9,8
DENTON,house,63,mail,10,87
DENTON,house,63,mail,11,170
DENTON,house,63,mail,12,60
DENTON,house,63,mail,13,137
DENTON,house,63,mail,14,52
DENTON,house,63,mail,15,78
DENTON,house,63,mail,17,24
DENTON,house,63,mail,18,11
DENTON,house,63,mail,19,227
DENTON,house,63,mail,20,52
DENTON,house,63,mail,21,195
DENTON,house,63,mail,22,133
DENTON,house,63,mail,25,188
DENTON,house,63,mail,26,287
DENTON,house,63,mail,27,37
DENTON,house,63,mail,28,15
DENTON,house,64,inperson,4,3837
DENTON,house,64,inperson,5,2963
DENTON,house,64,inperson,6,2408
DENTON,house,64,inperson,7,2316
DENTON,house,64,inperson,8,2327
DENTON,house,64,inperson,9,1048
DENTON,house,64,inperson,10,2228
DENTON,house,64,inperson,11,2057
DENTON,house,64,inperson,12,2561
DENTON,house,64,inperson,13,2661
DENTON,house,64,inperson,14,3001
DENTON,house,64,inperson,15,2539
DENTON,house,64,mail,4,54
DENTON,house,64,mail,5,54
DENTON,house,64,mail,6,113
DENTON,house,64,mail,7,25
DENTON,house,64,mail,8,56
DENTON,house,64,mail,9,10
DENTON,house,64,mail,10,77
DENTON,house,64,mail,11,125
DENTON,house,64,mail,12,59
DENTON,house,64,mail,13,106
DENTON,house,64,mail,14,38
DENTON,house,64,mail,15,77
DENTON,house,64,mail,17,32
DENTON,house,64,mail,18,12
DENTON,house,64,mail,19,171
DENTON,house,64,mail,20,21
DENTON,house,64,mail,21,146
DENTON,house,64,mail,22,95
DENTON,house,64,mail,25,181
DENTON,house,64,mail,26,231
DENTON,house,64,mail,27,22
DENTON,house,64,mail,28,97
DENTON,house,64,mail,29,12
DENTON,house,65,inperson,4,6637
DENTON,house,65,inperson,5,4763
DENTON,house,65,inperson,6,4162
DENTON,house,65,inperson,7,3887
DENTON,house,65,inperson,8,4119
DENTON,house,65,inperson,9,1954
DENTON,house,65,inperson,10,4357
DENTON,house,65,inperson,11,4014
DENTON,house,65,inperson,12,3909
DENTON,house,65,inperson,13,4117
DENTON,house,65,inperson,14,4469
DENTON,house,65,inperson,15,3889
DENTON,house,65,mail,4,101
DENTON,house,65,mail,5,37
DENTON,house,65,mail,6,136
DENTON,house,65,mail,7,51
DENTON,house,65,mail,8,121
DENTON,house,65,mail,9,6
DENTON,house,65,mail,10,121
DENTON,house,65,mail,11,153
DENTON,house,65,mail,12,71
DENTON,house,65,mail,13,127
DENTON,house,65,mail,14,37
DENTON,house,65,mail,15,86
DENTON,house,65,mail,17,31
DENTON,house,65,mail,18,9
DENTON,house,65,mail,19,200
DENTON,house,65,mail,20,38
DENTON,house,65,mail,21,187
DENTON,house,65,mail,22,127
DENTON,house,65,mail,25,203
DENTON,house,65,mail,26,298
DENTON,house,65,mail,27,41
DENTON,house,65,mail,28,82
DENTON,senate,12,inperson,4,14442
DENTON,senate,12,inperson,5,10699
DENTON,senate,12,inperson,6,9190
DENTON,senate,12,inperson,7,8840
DENTON,senate,12,inperson,8,9229
DENTON,senate,12,inperson,9,4380
DENTON,senate,12,inperson,10,9868
DENTON,senate,12,inperson,11,9126
DENTON,senate,12,inperson,12,9301
DENTON,senate,12,inperson,13,9641
DENTON,senate,12,inperson,14,10794
DENTON,senate,12,inperson,15,9800
DENTON,senate,12,mail,4,199
DENTON,senate,12,mail,5,118
DENTON,senate,12,mail,6,292
DENTON,senate,12,mail,7,111
DENTON,senate,12,mail,8,277
DENTON,senate,12,mail,9,21
DENTON,senate,12,mail,10,236
DENTON,senate,12,mail,11,359
DENTON,senate,12,mail,12,166
DENTON,senate,12,mail,13,316
DENTON,senate,12,mail,14,104
DENTON,senate,12,mail,15,216
DENTON,senate,12,mail,17,74
DENTON,senate,12,mail,18,23
DENTON,senate,12,mail,19,510
DENTON,senate,12,mail,20,102
DENTON,senate,12,mail,21,463
DENTON,senate,12,mail,22,314
DENTON,senate,12,mail,25,484
DENTON,senate,12,mail,26,686
DENTON,senate,12,mail,27,81
DENTON,senate,12,mail,28,102
DENTON,senate,12,mail,29,6
DENTON,senate,30,inperson,4,13981
DENTON,senate,30,inperson,5,10504
DENTON,senate,30,inperson,6,8637
DENTON,senate,30,inperson,7,7944
DENTON,senate,30,inperson,8,8048
DENTON,senate,30,inperson,9,4043
DENTON,senate,30,inperson,10,8395
DENTON,senate,30,inperson,11,7807
DENTON,senate,30,inperson,12,8265
DENTON,senate,30,inperson,13,8333
DENTON,senate,30,inperson,14,9183
DENTON,senate,30,inperson,15,7616
DENTON,senate,30,mail,4,197
DENTON,senate,30,mail,5,125
DENTON,senate,30,mail,6,289
DENTON,senate,30,mail,7,89
DENTON,senate,30,mail,8,178
DENTON,senate,30,mail,9,13
DENTON,senate,30,mail,10,188
DENTON,senate,30,mail,11,301
DENTON,senate,30,mail,12,127
DENTON,senate,30,mail,13,238
DENTON,senate,30,mail,14,61
DENTON,senate,30,mail,15,169
DENTON,senate,30,mail,17,76
DENTON,senate,30,mail,18,23
DENTON,senate,30,mail,19,338
DENTON,senate,30,mail,20,66
DENTON,senate,30,mail,21,253
DENTON,senate,30,mail,22,186
DENTON,senate,30,mail,25,344
DENTON,senate,30,mail,26,528
DENTON,senate,30,mail,27,85
DENTON,senate,30,mail,28,374
DENTON,senate,30,mail,29,42
DEWITT,house,30,inperson,4,395
DEWITT,house,30,inperson,5,273
DEWITT,house,30,inperson,6,217
DEWITT,house,30,inperson,7,228
DEWITT,house,30,inperson,8,244
DEWITT,house,30,inperson,9,65
DEWITT,house,30,inperson,10,100
DEWITT,house,30,inperson,11,372
DEWITT,house,30,inperson,12,303
DEWITT,house,30,inperson,13,262
DEWITT,house,30,inperson,14,323
DEWITT,house,30,inperson,15,411
DEWITT,house,30,mail,5,5
DEWITT,house,30,mail,6,9
DEWITT,house,30,mail,7,13
DEWITT,house,30,mail,8,22
DEWITT,house,30,mail,11,8
DEWITT,house,30,mail,12,23
DEWITT,house,30,mail,13,17
DEWITT,house,30,mail,15,44
DEWITT,house,30,mail,19,3
DEWITT,house,30,mail,20,31
DEWITT,house,30,mail,21,1
DEWITT,house,30,mail,22,32
DEWITT,house,30,mail,25,1
DEWITT,senate,18,inperson,4,395
DEWITT,senate,18,inperson,5,273
DEWITT,senate,18,inperson,6,217
DEWITT,senate,18,inperson,7,228
DEWITT,senate,18,inperson,8,244
DEWITT,senate,18,inperson,9,65
DEWITT,senate,18,inperson,10,100
DEWITT,senate,18,inperson,11,372
DEWITT,senate,18,inperson,12,303
DEWITT,senate,18,inperson,13,262
DEWITT,senate,18,inperson,14,323
DEWITT,senate,18,inperson,15,411
DEWITT,senate,18,mail,5,5
DEWITT,senate,18,mail,6,9
DEWITT,senate,18,mail,7,13
DEWITT,senate,18,mail,8,22
DEWITT,senate,18,mail,11,8
DEWITT,senate,18,mail,12,23
DEWITT,senate,18,mail,13,17
DEWITT,senate,18,mail,15,44
DEWITT,senate,18,mail,19,3
DEWITT,senate,18,mail,20,31
DEWITT,senate,18,mail,21,1
DEWITT,senate,18,mail,22,32
DEWITT,senate,18,mail,25,1
DICKENS,house,83,inperson,4,50
DICKENS,house,83,inperson,5,38
DICKENS,house,83,inperson,6,35
DICKENS,house,83,inperson,7,16
DICKENS,house,83,inperson,8,37
DICKENS,house,83,inperson,11,39
DICKENS,house,83,inperson,12,29
DICKENS,house,83,inperson,13,40
DICKENS,house,83,inperson,14,23
DICKENS,house,83,inperson,15,36
DICKENS,house,83,mail,5,1
DICKENS,house,83,mail,6,1
DICKENS,house,83,mail,7,1
DICKENS,house,83,mail,8,3
DICKENS,house,83,mail,12,2
DICKENS,house,83,mail,13,2
DICKENS,house,83,mail,15,3
DICKENS,house,83,mail,18,2
DICKENS,house,83,mail,19,2
DICKENS,house,83,mail,20,1
DICKENS,house,83,mail,22,7
DICKENS,house,83,mail,25,6
DICKENS,house,83,mail,26,8
DICKENS,house,83,mail,27,5
DICKENS,house,83,mail,28,2
DICKENS,senate,28,inperson,4,50
DICKENS,senate,28,inperson,5,38
DICKENS,senate,28,inperson,6,35
DICKENS,senate,28,inperson,7,16
DICKENS,senate,28,inperson,8,37
DICKENS,senate,28,inperson,11,39
DICKENS,senate,28,inperson,12,29
DICKENS,senate,28,inperson,13,40
DICKENS,senate,28,inperson,14,23
DICKENS,senate,28,inperson,15,36
DICKENS,senate,28,mail,5,1
DICKENS,senate,28,mail,6,1
DICKENS,senate,28,mail,7,1
DICKENS,senate,28,mail,8,3
DICKENS,senate,28,mail,12,2
DICKENS,senate,28,mail,13,2
DICKENS,senate,28,mail,15,3
DICKENS,senate,28,mail,18,2
DICKENS,senate,28,mail,19,2
DICKENS,senate,28,mail,20,1
DICKENS,senate,28,mail,22,7
DICKENS,senate,28,mail,25,6
DICKENS,senate,28,mail,26,8
DICKENS,senate,28,mail,27,5
DICKENS,senate,28,mail,28,2
DIMMIT,house,80,inperson,4,188
DIMMIT,house,80,inperson,5,97
DIMMIT,house,80,inperson,6,72
DIMMIT,house,80,inperson,7,77
DIMMIT,house,80,inperson,8,107
DIMMIT,house,80,inperson,10,211
DIMMIT,house,80,inperson,11,131
DIMMIT,house,80,inperson,12,122
DIMMIT,house,80,inperson,13,105
DIMMIT,house,80,inperson,14,147
DIMMIT,house,80,inperson,15,132
DIMMIT,house,80,mail,4,3
DIMMIT,house,80,mail,5,8
DIMMIT,house,80,mail,6,8
DIMMIT,house,80,mail,7,2
DIMMIT,house,80,mail,8,21
DIMMIT,house,80,mail,11,3
DIMMIT,house,80,mail,12,1
DIMMIT,house,80,mail,13,16
DIMMIT,house,80,mail,14,1
DIMMIT,house,80,mail,15,4
DIMMIT,house,80,mail,18,16
DIMMIT,house,80,mail,20,7
DIMMIT,house,80,mail,21,14
DIMMIT,house,80,mail,22,10
DIMMIT,house,80,mail,25,17
DIMMIT,house,80,mail,26,5
DIMMIT,house,80,mail,27,16
DIMMIT,house,80,mail,28,13
DIMMIT,house,80,mail,29,9
DIMMIT,house,80,mail,32,16
DIMMIT,house,80,mail,33,3
DIMMIT,house,80,mail,34,1
DIMMIT,senate,21,inperson,4,188
DIMMIT,senate,21,inperson,5,97
DIMMIT,senate,21,inperson,6,72
DIMMIT,senate,21,inperson,7,77
DIMMIT,senate,21,inperson,8,107
DIMMIT,senate,21,inperson,10,211
DIMMIT,senate,21,inperson,11,131
DIMMIT,senate,21,inperson,12,122
DIMMIT,senate,21,inperson,13,105
DIMMIT,senate,21,inperson,14,147
DIMMIT,senate,21,inperson,15,132
DIMMIT,senate,21,mail,4,3
DIMMIT,senate,21,mail,5,8
DIMMIT,senate,21,mail,6,8
DIMMIT,senate,21,mail,7,2
DIMMIT,senate,21,mail,8,21
DIMMIT,senate,21,mail,11,3
DIMMIT,senate,21,mail,12,1
DIMMIT,senate,21,mail,13,16
DIMMIT,senate,21,mail,14,1
DIMMIT,senate,21,mail,15,4
DIMMIT,senate,21,mail,18,16
DIMMIT,senate,21,mail,20,7
DIMMIT,senate,21,mail,21,14
DIMMIT,senate,21,mail,22,10
DIMMIT,senate,21,mail,25,17
DIMMIT,senate,21,mail,26,5
DIMMIT,senate,21,mail,27,16
DIMMIT,senate,21,mail,28,13
DIMMIT,senate,21,mail,29,9
DIMMIT,senate,21,mail,32,16
DIMMIT,senate,21,mail,33,3
DIMMIT,senate,21,mail,34,1
DONLEY,house,88,inperson,4,93
DONLEY,house,88,inperson,5,66
DONLEY,house,88,inperson,6,50
DONLEY,house,88,inperson,7,62
DONLEY,house,88,inperson,8,45
DONLEY,house,88,inperson,11,68
DONLEY,house,88,inperson,12,62
DONLEY,house,88,inperson,13,56
DONLEY,house,88,inperson,14,96
DONLEY,house,88,inperson,15,74
DONLEY,house,88,mail,6,2
DONLEY,house,88,mail,7,1
DONLEY,house,88,mail,8,6
DONLEY,house,88,mail,11,2
DONLEY,house,88,mail,13,5
DONLEY,house,88,mail,15,5
DONLEY,house,88,mail,18,1
DONLEY,house,88,mail,19,2
DONLEY,house,88,mail,20,3
DONLEY,house,88,mail,22,2
DONLEY,senate,28,inperson,4,93
DONLEY,senate,28,inperson,5,66
DONLEY,senate,28,inperson,6,50
DONLEY,senate,28,inperson,7,62
DONLEY,senate,28,inperson,8,45
DONLEY,senate,28,inperson,11,68
DONLEY,senate,28,inperson,12,62
DONLEY,senate,28,inperson,13,56
DONLEY,senate,28,inperson,14,96
DONLEY,senate,28,inperson,15,74
DONLEY,senate,28,mail,6,2
DONLEY,senate,28,mail,7,1
DONLEY,senate,28,mail,8,6
DONLEY,senate,28,mail,11,2
DONLEY,senate,28,mail,13,5
DONLEY,senate,28,mail,15,5
DONLEY,senate,28,mail,18,1
DONLEY,senate,28,mail,19,2
DONLEY,senate,28,mail,20,3
DONLEY,senate,28,mail,22,2
DUVAL,house,31,inperson,4,324
DUVAL,house,31,inperson,5,183
DUVAL,house,31,inperson,6,144
DUVAL,house,31,inperson,7,78
DUVAL,house,31,inperson,8,118
DUVAL,house,31,inperson,10,415
DUVAL,house,31,inperson,11,149
DUVAL,house,31,inperson,12,181
DUVAL,house,31,inperson,13,166
DUVAL,house,31,inperson,14,216
DUVAL,house,31,inperson,15,215
DUVAL,house,31,mail,4,3
DUVAL,house,31,mail,5,7
DUVAL,house,31,mail,6,8
DUVAL,house,31,mail,7,27
DUVAL,house,31,mail,8,29
DUVAL,house,31,mail,11,91
DUVAL,house,31,mail,12,35
DUVAL,house,31,mail,13,74
DUVAL,house,31,mail,14,32
DUVAL,house,31,mail,15,69
DUVAL,house,31,mail,18,36
DUVAL,house,31,mail,19,9
DUVAL,senate,21,inperson,4,324
DUVAL,senate,21,inperson,5,183
DUVAL,senate,21,inperson,6,144
DUVAL,senate,21,inperson,7,78
DUVAL,senate,21,inperson,8,118
DUVAL,senate,21,inperson,10,415
DUVAL,senate,21,inperson,11,149
DUVAL,senate,21,inperson,12,181
DUVAL,senate,21,inperson,13,166
DUVAL,senate,21,inperson,14,216
DUVAL,senate,21,inperson,15,215
DUVAL,senate,21,mail,4,3
DUVAL,senate,21,mail,5,7
DUVAL,senate,21,mail,6,8
DUVAL,senate,21,mail,7,27
DUVAL,senate,21,mail,8,29
DUVAL,senate,21,mail,11,91
DUVAL,senate,21,mail,12,35
DUVAL,senate,21,mail,13,74
DUVAL,senate,21,mail,14,32
DUVAL,senate,21,mail,15,69
DUVAL,senate,21,mail,18,36
DUVAL,senate,21,mail,19,9
EASTLAND,house,68,inperson,4,350
EASTLAND,house,68,inperson,5,220
EASTLAND,house,68,inperson,6,202
EASTLAND,house,68,inperson,7,241
EASTLAND,house,68,inperson,8,262
EASTLAND,house,68,inperson,11,333
EASTLAND,house,68,inperson,12,286
EASTLAND,house,68,inperson,13,229
EASTLAND,house,68,inperson,14,299
EASTLAND,house,68,inperson,15,287
EASTLAND,house,68,mail,4,19
EASTLAND,house,68,mail,5,16
EASTLAND,house,68,mail,6,17
EASTLAND,house,68,mail,7,1
EASTLAND,house,68,mail,8,29
EASTLAND,house,68,mail,11,13
EASTLAND,house,68,mail,12,24
EASTLAND,house,68,mail,13,13
EASTLAND,house,68,mail,15,30
EASTLAND,house,68,mail,18,10
EASTLAND,house,68,mail,19,14
EASTLAND,house,68,mail,20,22
EASTLAND,house,68,mail,22,38
EASTLAND,house,68,mail,25,91
EASTLAND,house,68,mail,27,1
EASTLAND,house,68,mail,28,3
EASTLAND,senate,22,inperson,4,350
EASTLAND,senate,22,inperson,5,220
EASTLAND,senate,22,inperson,6,202
EASTLAND,senate,22,inperson,7,241
EASTLAND,senate,22,inperson,8,262
EASTLAND,senate,22,inperson,11,333
EASTLAND,senate,22,inperson,12,286
EASTLAND,senate,22,inperson,13,229
EASTLAND,senate,22,inperson,14,299
EASTLAND,senate,22,inperson,15,287
EASTLAND,senate,22,mail,4,19
EASTLAND,senate,22,mail,5,16
EASTLAND,senate,22,mail,6,17
EASTLAND,senate,22,mail,7,1
EASTLAND,senate,22,mail,8,29
EASTLAND,senate,22,mail,11,13
EASTLAND,senate,22,mail,12,24
EASTLAND,senate,22,mail,13,13
EASTLAND,senate,22,mail,15,30
EASTLAND,senate,22,mail,18,10
EASTLAND,senate,22,mail,19,14
EASTLAND,senate,22,mail,20,22
EASTLAND,senate,22,mail,22,38
EASTLAND,senate,22,mail,25,91
EASTLAND,senate,22,mail,27,1
EASTLAND,senate,22,mail,28,3
ECTOR,house,81,inperson,4,2232
ECTOR,house,81,inperson,5,1430
ECTOR,house,81,inperson,6,1222
ECTOR,house,81,inperson,7,1144
ECTOR,house,81,inperson,8,970
ECTOR,house,81,inperson,9,298
ECTOR,house,81,inperson,10,751
ECTOR,house,81,inperson,11,1231
ECTOR,house,81,inperson,12,1070
ECTOR,house,81,inperson,13,1156
ECTOR,house,81,inperson,14,1205
ECTOR,house,81,inperson,15,1270
ECTOR,house,81,mail,4,30
ECTOR,house,81,mail,5,141
ECTOR,house,81,mail,13,33
ECTOR,house,81,mail,14,53
ECTOR,house,81,mail,15,55
ECTOR,house,81,mail,19,47
ECTOR,house,81,mail,20,10
ECTOR,house,81,mail,21,49
ECTOR,house,81,mail,22,65
ECTOR,house,81,mail,25,72
ECTOR,house,81,mail,26,2
ECTOR,house,81,mail,27,6
ECTOR,house,81,mail,28,12
ECTOR,house,81,mail,29,57
ECTOR,house,81,mail,32,30
ECTOR,house,81,mail,34,43
ECTOR,house,81,mail,35,71
ECTOR,house,81,mail,36,5
ECTOR,senate,31,inperson,4,2232
ECTOR,senate,31,inperson,5,1430
ECTOR,senate,31,inperson,6,1222
ECTOR,senate,31,inperson,7,1144
ECTOR,senate,31,inperson,8,970
ECTOR,senate,31,inperson,9,298
ECTOR,senate,31,inperson,10,751
ECTOR,senate,31,inperson,11,1231
ECTOR,senate,31,inperson,12,1070
ECTOR,senate,31,inperson,13,1156
ECTOR,senate,31,inperson,14,1205
ECTOR,senate,31,inperson,15,1270
ECTOR,senate,31,mail,4,30
ECTOR,senate,31,mail,5,141
ECTOR,senate,31,mail,13,33
ECTOR,senate,31,mail,14,53
ECTOR,senate,31,mail,15,55
ECTOR,senate,31,mail,19,47
ECTOR,senate,31,mail,20,10
ECTOR,senate,31,mail,21,49
ECTOR,senate,31,mail,22,65
ECTOR,senate,31,mail,25,72
ECTOR,senate,31,mail,26,2
ECTOR,senate,31,mail,27,6
ECTOR,senate,31,mail,28,12
ECTOR,senate,31,mail,29,57
ECTOR,senate,31,mail,32,30
ECTOR,senate,31,mail,34,43
ECTOR,senate,31,mail,35,71
ECTOR,senate,31,mail,36,5
EDWARDS,house,53,inperson,4,48
EDWARDS,house,53,inperson,5,33
EDWARDS,house,53,inperson,6,18
EDWARDS,house,53,inperson,7,21
EDWARDS,house,53,inperson,8,31
EDWARDS,house,53,inperson,11,50
EDWARDS,house,53,inperson,12,56
EDWARDS,house,53,inperson,13,35
EDWARDS,house,53,inperson,14,62
EDWARDS,house,53,inperson,15,86
EDWARDS,house,53,mail,5,2
EDWARDS,house,53,mail,6,1
EDWARDS,house,53,mail,8,2
EDWARDS,house,53,mail,11,2
EDWARDS,house,53,mail,12,4
EDWARDS,house,53,mail,14,1
EDWARDS,house,53,mail,15,7
EDWARDS,house,53,mail,20,2
EDWARDS,senate,19,inperson,4,48
EDWARDS,senate,19,inperson,5,33
EDWARDS,senate,19,inperson,6,18
EDWARDS,senate,19,inperson,7,21
EDWARDS,senate,19,inperson,8,31
EDWARDS,senate,19,inperson,11,50
EDWARDS,senate,19,inperson,12,56
EDWARDS,senate,19,inperson,13,35
EDWARDS,senate,19,inperson,14,62
EDWARDS,senate,19,inperson,15,86
EDWARDS,senate,19,mail,5,2
EDWARDS,senate,19,mail,6,1
EDWARDS,senate,19,mail,8,2
EDWARDS,senate,19,mail,11,2
EDWARDS,senate,19,mail,12,4
EDWARDS,senate,19,mail,14,1
EDWARDS,senate,19,mail,15,7
EDWARDS,senate,19,mail,20,2
EL PASO,house,74,inperson,4,851
EL PASO,house,74,inperson,5,523
EL PASO,house,74,inperson,6,414
EL PASO,house,74,inperson,7,353
EL PASO,house,74,inperson,8,307
EL PASO,house,74,inperson,9,103
EL PASO,house,74,inperson,10,252
EL PASO,house,74,inperson,11,360
EL PASO,house,74,inperson,12,357
EL PASO,house,74,inperson,13,383
EL PASO,house,74,inperson,14,422
EL PASO,house,74,inperson,15,422
EL PASO,house,74,mail,5,6
EL PASO,house,74,mail,6,3
EL PASO,house,74,mail,8,3
EL PASO,house,74,mail,11,4
EL PASO,house,74,mail,12,11
EL PASO,house,74,mail,13,14
EL PASO,house,74,mail,14,2
EL PASO,house,74,mail,15,7
EL PASO,house,74,mail,17,10
EL PASO,house,74,mail,18,1
EL PASO,house,74,mail,20,4
EL PASO,house,74,mail,21,6
EL PASO,house,74,mail,22,3
EL PASO,house,74,mail,25,1
EL PASO,house,74,mail,26,1
EL PASO,house,74,mail,27,3
EL PASO,house,75,inperson,4,3094
EL PASO,house,75,inperson,5,1686
EL PASO,house,75,inperson,6,1378
EL PASO,house,75,inperson,7,1073
EL PASO,house,75,inperson,8,974
EL PASO,house,75,inperson,9,511
EL PASO,house,75,inperson,10,870
EL PASO,house,75,inperson,11,1438
EL PASO,house,75,inperson,12,1277
EL PASO,house,75,inperson,13,1220
EL PASO,house,75,inperson,14,1383
EL PASO,house,75,inperson,15,1388
EL PASO,house,75,mail,4,9
EL PASO,house,75,mail,5,14
EL PASO,house,75,mail,6,16
EL PASO,house,75,mail,8,19
EL PASO,house,75,mail,11,13
EL PASO,house,75,mail,12,27
EL PASO,house,75,mail,13,47
EL PASO,house,75,mail,14,17
EL PASO,house,75,mail,15,10
EL PASO,house,75,mail,17,28
EL PASO,house,75,mail,18,13
EL PASO,house,75,mail,19,5
EL PASO,house,75,mail,20,7
EL PASO,house,75,mail,21,16
EL PASO,house,75,mail,22,19
EL PASO,house,75,mail,25,10
EL PASO,house,75,mail,26,18
EL PASO,house,75,mail,27,65
EL PASO,house,77,inperson,4,3210
EL PASO,house,77,inperson,5,1957
EL PASO,house,77,inperson,6,1555
EL PASO,house,77,inperson,7,1332
EL PASO,house,77,inperson,8,1290
EL PASO,house,77,inperson,9,445
EL PASO,house,77,inperson,10,828
EL PASO,house,77,inperson,11,1493
EL PASO,house,77,inperson,12,1457
EL PASO,house,77,inperson,13,1505
EL PASO,house,77,inperson,14,1675
EL PASO,house,77,inperson,15,1631
EL PASO,house,77,mail,4,17
EL PASO,house,77,mail,5,33
EL PASO,house,77,mail,6,28
EL PASO,house,77,mail,7,1
EL PASO,house,77,mail,8,63
EL PASO,house,77,mail,11,32
EL PASO,house,77,mail,12,75
EL PASO,house,77,mail,13,86
EL PASO,house,77,mail,14,46
EL PASO,house,77,mail,15,27
EL PASO,house,77,mail,17,91
EL PASO,house,77,mail,18,44
EL PASO,house,77,mail,19,18
EL PASO,house,77,mail,20,21
EL PASO,house,77,mail,21,56
EL PASO,house,77,mail,22,78
EL PASO,house,77,mail,25,51
EL PASO,house,77,mail,26,88
EL PASO,house,77,mail,27,287
EL PASO,house,77,mail,31,1
EL PASO,house,78,inperson,4,4943
EL PASO,house,78,inperson,5,3175
EL PASO,house,78,inperson,6,2709
EL PASO,house,78,inperson,7,2284
EL PASO,house,78,inperson,8,2033
EL PASO,house,78,inperson,9,762
EL PASO,house,78,inperson,10,1393
EL PASO,house,78,inperson,11,2710
EL PASO,house,78,inperson,12,2476
EL PASO,house,78,inperson,13,2827
EL PASO,house,78,inperson,14,2972
EL PASO,house,78,inperson,15,3133
EL PASO,house,78,mail,4,10
EL PASO,house,78,mail,5,39
EL PASO,house,78,mail,6,36
EL PASO,house,78,mail,7,1
EL PASO,house,78,mail,8,55
EL PASO,house,78,mail,11,50
EL PASO,house,78,mail,12,95
EL PASO,house,78,mail,13,87
EL PASO,house,78,mail,14,41
EL PASO,house,78,mail,15,44
EL PASO,house,78,mail,17,66
EL PASO,house,78,mail,18,59
EL PASO,house,78,mail,19,10
EL PASO,house,78,mail,20,13
EL PASO,house,78,mail,21,48
EL PASO,house,78,mail,22,87
EL PASO,house,78,mail,25,73
EL PASO,house,78,mail,26,70
EL PASO,house,78,mail,27,251
EL PASO,house,78,mail,34,1
EL PASO,house,79,inperson,4,4097
EL PASO,house,79,inperson,5,2658
EL PASO,house,79,inperson,6,2181
EL PASO,house,79,inperson,7,1961
EL PASO,house,79,inperson,8,1724
EL PASO,house,79,inperson,9,587
EL PASO,house,79,inperson,10,1183
EL PASO,house,79,inperson,11,2144
EL PASO,house,79,inperson,12,2184
EL PASO,house,79,inperson,13,2210
EL PASO,house,79,inperson,14,2561
EL PASO,house,79,inperson,15,2419
EL PASO,house,79,mail,4,10
EL PASO,house,79,mail,5,19
EL PASO,house,79,mail,6,34
EL PASO,house,79,mail,8,55
EL PASO,house,79,mail,11,36
EL PASO,house,79,mail,12,62
EL PASO,house,79,mail,13,62
EL PASO,house,79,mail,14,50
EL PASO,house,79,mail,15,36
EL PASO,house,79,mail,17,64
EL PASO,house,79,mail,18,39
EL PASO,house,79,mail,19,14
EL PASO,house,79,mail,20,19
EL PASO,house,79,mail,21,71
EL PASO,house,79,mail,22,131
EL PASO,house,79,mail,25,84
EL PASO,house,79,mail,26,142
EL PASO,house,79,mail,27,472
EL PASO,senate,29,inperson,4,16195
EL PASO,senate,29,inperson,5,9999
EL PASO,senate,29,inperson,6,8237
EL PASO,senate,29,inperson,7,7003
EL PASO,senate,29,inperson,8,6328
EL PASO,senate,29,inperson,9,2408
EL PASO,senate,29,inperson,10,4526
EL PASO,senate,29,inperson,11,8145
EL PASO,senate,29,inperson,12,7751
EL PASO,senate,29,inperson,13,8145
EL PASO,senate,29,inperson,14,9013
EL PASO,senate,29,inperson,15,8993
EL PASO,senate,29,mail,4,46
EL PASO,senate,29,mail,5,111
EL PASO,senate,29,mail,6,117
EL PASO,senate,29,mail,7,2
EL PASO,senate,29,mail,8,195
EL PASO,senate,29,mail,11,135
EL PASO,senate,29,mail,12,270
EL PASO,senate,29,mail,13,296
EL PASO,senate,29,mail,14,156
EL PASO,senate,29,mail,15,124
EL PASO,senate,29,mail,17,259
EL PASO,senate,29,mail,18,156
EL PASO,senate,29,mail,19,47
EL PASO,senate,29,mail,20,64
EL PASO,senate,29,mail,21,197
EL PASO,senate,29,mail,22,318
EL PASO,senate,29,mail,25,219
EL PASO,senate,29,mail,26,319
EL PASO,senate,29,mail,27,1078
EL PASO,senate,29,mail,31,1
EL PASO,senate,29,mail,34,1
ELLIS,house,10,inperson,4,5571
ELLIS,house,10,inperson,5,4531
ELLIS,house,10,inperson,6,3346
ELLIS,house,10,inperson,7,3287
ELLIS,house,10,inperson,8,3559
ELLIS,house,10,inperson,9,931
ELLIS,house,10,inperson,10,2560
ELLIS,house,10,inperson,11,3176
ELLIS,house,10,inperson,12,4055
ELLIS,house,10,inperson,13,4162
ELLIS,house,10,inperson,14,4950
ELLIS,house,10,inperson,15,4157
ELLIS,house,10,mail,4,62
ELLIS,house,10,mail,5,14
ELLIS,house,10,mail,6,68
ELLIS,house,10,mail,7,9
ELLIS,house,10,mail,8,81
ELLIS,house,10,mail,9,22
ELLIS,house,10,mail,11,66
ELLIS,house,10,mail,12,114
ELLIS,house,10,mail,13,53
ELLIS,house,10,mail,14,2
ELLIS,house,10,mail,15,68
ELLIS,house,10,mail,16,60
ELLIS,house,10,mail,18,56
ELLIS,house,10,mail,19,55
ELLIS,house,10,mail,20,60
ELLIS,house,10,mail,21,1
ELLIS,house,10,mail,22,62
ELLIS,house,10,mail,24,39
ELLIS,house,10,mail,25,66
ELLIS,house,10,mail,26,230
ELLIS,house,10,mail,27,2
ELLIS,house,10,mail,28,92
ELLIS,house,10,mail,32,74
ELLIS,house,10,mail,33,63
ELLIS,house,10,mail,34,4
ELLIS,house,10,mail,35,2
ELLIS,senate,2,inperson,4,1859
ELLIS,senate,2,inperson,5,1493
ELLIS,senate,2,inperson,6,1128
ELLIS,senate,2,inperson,7,1064
ELLIS,senate,2,inperson,8,1216
ELLIS,senate,2,inperson,9,290
ELLIS,senate,2,inperson,10,766
ELLIS,senate,2,inperson,11,1043
ELLIS,senate,2,inperson,12,1443
ELLIS,senate,2,inperson,13,1438
ELLIS,senate,2,inperson,14,1689
ELLIS,senate,2,inperson,15,1443
ELLIS,senate,2,mail,4,23
ELLIS,senate,2,mail,5,5
ELLIS,senate,2,mail,6,28
ELLIS,senate,2,mail,7,2
ELLIS,senate,2,mail,8,23
ELLIS,senate,2,mail,9,10
ELLIS,senate,2,mail,11,26
ELLIS,senate,2,mail,12,33
ELLIS,senate,2,mail,13,12
ELLIS,senate,2,mail,15,32
ELLIS,senate,2,mail,16,21
ELLIS,senate,2,mail,18,19
ELLIS,senate,2,mail,19,18
ELLIS,senate,2,mail,20,25
ELLIS,senate,2,mail,22,26
ELLIS,senate,2,mail,24,13
ELLIS,senate,2,mail,25,26
ELLIS,senate,2,mail,26,88
ELLIS,senate,2,mail,28,25
ELLIS,senate,2,mail,32,25
ELLIS,senate,2,mail,33,23
ELLIS,senate,2,mail,34,3
ELLIS,senate,2,mail,35,1
ELLIS,senate,22,inperson,4,3712
ELLIS,senate,22,inperson,5,3038
ELLIS,senate,22,inperson,6,2218
ELLIS,senate,22,inperson,7,2223
ELLIS,senate,22,inperson,8,2343
ELLIS,senate,22,inperson,9,641
ELLIS,senate,22,inperson,10,1794
ELLIS,senate,22,inperson,11,2133
ELLIS,senate,22,inperson,12,2612
ELLIS,senate,22,inperson,13,2724
ELLIS,senate,22,inperson,14,3261
ELLIS,senate,22,inperson,15,2714
ELLIS,senate,22,mail,4,39
ELLIS,senate,22,mail,5,9
ELLIS,senate,22,mail,6,40
ELLIS,senate,22,mail,7,7
ELLIS,senate,22,mail,8,58
ELLIS,senate,22,mail,9,12
ELLIS,senate,22,mail,11,40
ELLIS,senate,22,mail,12,81
ELLIS,senate,22,mail,13,41
ELLIS,senate,22,mail,14,2
ELLIS,senate,22,mail,15,36
ELLIS,senate,22,mail,16,39
ELLIS,senate,22,mail,18,37
ELLIS,senate,22,mail,19,37
ELLIS,senate,22,mail,20,35
ELLIS,senate,22,mail,21,1
ELLIS,senate,22,mail,22,36
ELLIS,senate,22,mail,24,26
ELLIS,senate,22,mail,25,40
ELLIS,senate,22,mail,26,142
ELLIS,senate,22,mail,27,2
ELLIS,senate,22,mail,28,67
ELLIS,senate,22,mail,32,49
ELLIS,senate,22,mail,33,40
ELLIS,senate,22,mail,34,1
ELLIS,senate,22,mail,35,1
ERATH,house,59,inperson,4,875
ERATH,house,59,inperson,5,564
ERATH,house,59,inperson,6,610
ERATH,house,59,inperson,7,644
ERATH,house,59,inperson,8,734
ERATH,house,59,inperson,10,223
ERATH,house,59,inperson,11,686
ERATH,house,59,inperson,12,607
ERATH,house,59,inperson,13,731
ERATH,house,59,inperson,14,804
ERATH,house,59,inperson,15,903
ERATH,house,59,mail,4,11
ERATH,house,59,mail,5,16
ERATH,house,59,mail,6,13
ERATH,house,59,mail,7,15
ERATH,house,59,mail,8,23
ERATH,house,59,mail,11,24
ERATH,house,59,mail,12,13
ERATH,house,59,mail,13,14
ERATH,house,59,mail,14,2
ERATH,house,59,mail,15,30
ERATH,house,59,mail,18,10
ERATH,house,59,mail,19,14
ERATH,house,59,mail,20,14
ERATH,house,59,mail,21,2
ERATH,house,59,mail,22,25
ERATH,house,59,mail,25,14
ERATH,house,59,mail,26,20
ERATH,house,59,mail,28,35
ERATH,house,59,mail,32,10
ERATH,house,59,mail,33,7
ERATH,house,59,mail,34,28
ERATH,house,59,mail,35,1
ERATH,house,59,mail,36,8
ERATH,senate,22,inperson,4,875
ERATH,senate,22,inperson,5,564
ERATH,senate,22,inperson,6,610
ERATH,senate,22,inperson,7,644
ERATH,senate,22,inperson,8,734
ERATH,senate,22,inperson,10,223
ERATH,senate,22,inperson,11,686
ERATH,senate,22,inperson,12,607
ERATH,senate,22,inperson,13,731
ERATH,senate,22,inperson,14,804
ERATH,senate,22,inperson,15,903
ERATH,senate,22,mail,4,11
ERATH,senate,22,mail,5,16
ERATH,senate,22,mail,6,13
ERATH,senate,22,mail,7,15
ERATH,senate,22,mail,8,23
ERATH,senate,22,mail,11,24
ERATH,senate,22,mail,12,13
ERATH,senate,22,mail,13,14
ERATH,senate,22,mail,14,2
ERATH,senate,22,mail,15,30
ERATH,senate,22,mail,18,10
ERATH,senate,22,mail,19,14
ERATH,senate,22,mail,20,14
ERATH,senate,22,mail,21,2
ERATH,senate,22,mail,22,25
ERATH,senate,22,mail,25,14
ERATH,senate,22,mail,26,20
ERATH,senate,22,mail,28,35
ERATH,senate,22,mail,32,10
ERATH,senate,22,mail,33,7
ERATH,senate,22,mail,34,28
ERATH,senate,22,mail,35,1
ERATH,senate,22,mail,36,8
FALLS,house,13,inperson,4,226
FALLS,house,13,inperson,5,168
FALLS,house,13,inperson,6,206
FALLS,house,13,inperson,7,130
FALLS,house,13,inperson,8,148
FALLS,house,13,inperson,9,42
FALLS,house,13,inperson,10,52
FALLS,house,13,inperson,11,147
FALLS,house,13,inperson,12,123
FALLS,house,13,inperson,13,174
FALLS,house,13,inperson,14,163
FALLS,house,13,inperson,15,169
FALLS,house,13,mail,5,11
FALLS,house,13,mail,6,9
FALLS,house,13,mail,7,4
FALLS,house,13,mail,8,8
FALLS,house,13,mail,11,4
FALLS,house,13,mail,13,6
FALLS,house,13,mail,14,3
FALLS,house,13,mail,15,10
FALLS,house,13,mail,18,7
FALLS,house,13,mail,19,9
FALLS,house,13,mail,20,5
FALLS,house,13,mail,22,9
FALLS,house,13,mail,25,22
FALLS,house,13,mail,27,6
FALLS,house,13,mail,28,11
FALLS,house,13,mail,29,6
FALLS,house,13,mail,32,20
FALLS,house,13,mail,34,10
FALLS,house,13,mail,35,8
FALLS,house,13,mail,36,22
FALLS,house,13,mail,37,52
FALLS,senate,22,inperson,4,226
FALLS,senate,22,inperson,5,168
FALLS,senate,22,inperson,6,206
FALLS,senate,22,inperson,7,130
FALLS,senate,22,inperson,8,148
FALLS,senate,22,inperson,9,42
FALLS,senate,22,inperson,10,52
FALLS,senate,22,inperson,11,147
FALLS,senate,22,inperson,12,123
FALLS,senate,22,inperson,13,174
FALLS,senate,22,inperson,14,163
FALLS,senate,22,inperson,15,169
FALLS,senate,22,mail,5,11
FALLS,senate,22,mail,6,9
FALLS,senate,22,mail,7,4
FALLS,senate,22,mail,8,8
FALLS,senate,22,mail,11,4
FALLS,senate,22,mail,13,6
FALLS,senate,22,mail,14,3
FALLS,senate,22,mail,15,10
FALLS,senate,22,mail,18,7
FALLS,senate,22,mail,19,9
FALLS,senate,22,mail,20,5
FALLS,senate,22,mail,22,9
FALLS,senate,22,mail,25,22
FALLS,senate,22,mail,27,6
FALLS,senate,22,mail,28,11
FALLS,senate,22,mail,29,6
FALLS,senate,22,mail,32,20
FALLS,senate,22,mail,34,10
FALLS,senate,22,mail,35,8
FALLS,senate,22,mail,36,22
FALLS,senate,22,mail,37,52
FANNIN,house,62,inperson,4,591
FANNIN,house,62,inperson,5,523
FANNIN,house,62,inperson,6,414
FANNIN,house,62,inperson,7,620
FANNIN,house,62,inperson,8,581
FANNIN,house,62,inperson,10,334
FANNIN,house,62,inperson,11,470
FANNIN,house,62,inperson,12,638
FANNIN,house,62,inperson,13,563
FANNIN,house,62,inperson,14,608
FANNIN,house,62,inperson,15,529
FANNIN,house,62,mail,4,8
FANNIN,house,62,mail,5,21
FANNIN,house,62,mail,6,19
FANNIN,house,62,mail,7,1
FANNIN,house,62,mail,8,40
FANNIN,house,62,mail,10,22
FANNIN,house,62,mail,11,33
FANNIN,house,62,mail,12,19
FANNIN,house,62,mail,13,25
FANNIN,house,62,mail,14,2
FANNIN,house,62,mail,15,48
FANNIN,house,62,mail,18,10
FANNIN,house,62,mail,19,16
FANNIN,house,62,mail,20,11
FANNIN,house,62,mail,21,4
FANNIN,house,62,mail,22,31
FANNIN,house,62,mail,25,23
FANNIN,house,62,mail,26,38
FANNIN,house,62,mail,27,6
FANNIN,house,62,mail,28,56
FANNIN,house,62,mail,32,38
FANNIN,house,62,mail,33,26
FANNIN,house,62,mail,34,13
FANNIN,senate,1,inperson,4,591
FANNIN,senate,1,inperson,5,523
FANNIN,senate,1,inperson,6,414
FANNIN,senate,1,inperson,7,620
FANNIN,senate,1,inperson,8,581
FANNIN,senate,1,inperson,10,334
FANNIN,senate,1,inperson,11,470
FANNIN,senate,1,inperson,12,638
FANNIN,senate,1,inperson,13,563
FANNIN,senate,1,inperson,14,608
FANNIN,senate,1,inperson,15,529
FANNIN,senate,1,mail,4,8
FANNIN,senate,1,mail,5,21
FANNIN,senate,1,mail,6,19
FANNIN,senate,1,mail,7,1
FANNIN,senate,1,mail,8,40
FANNIN,senate,1,mail,10,22
FANNIN,senate,1,mail,11,33
FANNIN,senate,1,mail,12,19
FANNIN,senate,1,mail,13,25
FANNIN,senate,1,mail,14,2
FANNIN,senate,1,mail,15,48
FANNIN,senate,1,mail,18,10
FANNIN,senate,1,mail,19,16
FANNIN,senate,1,mail,20,11
FANNIN,senate,1,mail,21,4
FANNIN,senate,1,mail,22,31
FANNIN,senate,1,mail,25,23
FANNIN,senate,1,mail,26,38
FANNIN,senate,1,mail,27,6
FANNIN,senate,1,mail,28,56
FANNIN,senate,1,mail,32,38
FANNIN,senate,1,mail,33,26
FANNIN,senate,1,mail,34,13
FAYETTE,house,85,inperson,4,574
FAYETTE,house,85,inperson,5,392
FAYETTE,house,85,inperson,6,443
FAYETTE,house,85,inperson,7,442
FAYETTE,house,85,inperson,8,415
FAYETTE,house,85,inperson,9,134
FAYETTE,house,85,inperson,10,284
FAYETTE,house,85,inperson,11,397
FAYETTE,house,85,inperson,12,461
FAYETTE,house,85,inperson,13,456
FAYETTE,house,85,inperson,14,525
FAYETTE,house,85,inperson,15,487
FAYETTE,house,85,mail,4,20
FAYETTE,house,85,mail,5,8
FAYETTE,house,85,mail,6,16
FAYETTE,house,85,mail,7,4
FAYETTE,house,85,mail,8,21
FAYETTE,house,85,mail,9,19
FAYETTE,house,85,mail,11,19
FAYETTE,house,85,mail,12,18
FAYETTE,house,85,mail,13,23
FAYETTE,house,85,mail,14,5
FAYETTE,house,85,mail,15,34
FAYETTE,house,85,mail,18,8
FAYETTE,house,85,mail,19,15
FAYETTE,house,85,mail,20,18
FAYETTE,house,85,mail,21,7
FAYETTE,house,85,mail,22,21
FAYETTE,house,85,mail,25,17
FAYETTE,house,85,mail,26,27
FAYETTE,house,85,mail,27,1
FAYETTE,house,85,mail,28,31
FAYETTE,house,85,mail,32,12
FAYETTE,house,85,mail,33,19
FAYETTE,house,85,mail,34,15
FAYETTE,house,85,mail,36,27
FAYETTE,house,85,mail,37,49
FAYETTE,senate,18,inperson,4,574
FAYETTE,senate,18,inperson,5,392
FAYETTE,senate,18,inperson,6,443
FAYETTE,senate,18,inperson,7,442
FAYETTE,senate,18,inperson,8,415
FAYETTE,senate,18,inperson,9,134
FAYETTE,senate,18,inperson,10,284
FAYETTE,senate,18,inperson,11,397
FAYETTE,senate,18,inperson,12,461
FAYETTE,senate,18,inperson,13,456
FAYETTE,senate,18,inperson,14,525
FAYETTE,senate,18,inperson,15,487
FAYETTE,senate,18,mail,4,20
FAYETTE,senate,18,mail,5,8
FAYETTE,senate,18,mail,6,16
FAYETTE,senate,18,mail,7,4
FAYETTE,senate,18,mail,8,21
FAYETTE,senate,18,mail,9,19
FAYETTE,senate,18,mail,11,19
FAYETTE,senate,18,mail,12,18
FAYETTE,senate,18,mail,13,23
FAYETTE,senate,18,mail,14,5
FAYETTE,senate,18,mail,15,34
FAYETTE,senate,18,mail,18,8
FAYETTE,senate,18,mail,19,15
FAYETTE,senate,18,mail,20,18
FAYETTE,senate,18,mail,21,7
FAYETTE,senate,18,mail,22,21
FAYETTE,senate,18,mail,25,17
FAYETTE,senate,18,mail,26,27
FAYETTE,senate,18,mail,27,1
FAYETTE,senate,18,mail,28,31
FAYETTE,senate,18,mail,32,12
FAYETTE,senate,18,mail,33,19
FAYETTE,senate,18,mail,34,15
FAYETTE,senate,18,mail,36,27
FAYETTE,senate,18,mail,37,49
FISHER,house,69,inperson,4,84
FISHER,house,69,inperson,5,44
FISHER,house,69,inperson,6,50
FISHER,house,69,inperson,7,73
FISHER,house,69,inperson,8,65
FISHER,house,69,inperson,11,61
FISHER,house,69,inperson,12,77
FISHER,house,69,inperson,13,64
FISHER,house,69,inperson,14,93
FISHER,house,69,inperson,15,84
FISHER,house,69,mail,4,1
FISHER,house,69,mail,5,1
FISHER,house,69,mail,6,2
FISHER,house,69,mail,7,1
FISHER,house,69,mail,8,2
FISHER,house,69,mail,11,2
FISHER,house,69,mail,12,3
FISHER,house,69,mail,13,1
FISHER,house,69,mail,14,2
FISHER,house,69,mail,15,3
FISHER,house,69,mail,19,2
FISHER,house,69,mail,20,3
FISHER,house,69,mail,21,2
FISHER,house,69,mail,22,6
FISHER,house,69,mail,25,2
FISHER,house,69,mail,26,2
FISHER,house,69,mail,27,1
FISHER,house,69,mail,28,1
FISHER,house,69,mail,33,6
FISHER,house,69,mail,34,5
FISHER,house,69,mail,35,4
FISHER,house,69,mail,36,6
FISHER,house,69,mail,37,10
FISHER,senate,28,inperson,4,84
FISHER,senate,28,inperson,5,44
FISHER,senate,28,inperson,6,50
FISHER,senate,28,inperson,7,73
FISHER,senate,28,inperson,8,65
FISHER,senate,28,inperson,11,61
FISHER,senate,28,inperson,12,77
FISHER,senate,28,inperson,13,64
FISHER,senate,28,inperson,14,93
FISHER,senate,28,inperson,15,84
FISHER,senate,28,mail,4,1
FISHER,senate,28,mail,5,1
FISHER,senate,28,mail,6,2
FISHER,senate,28,mail,7,1
FISHER,senate,28,mail,8,2
FISHER,senate,28,mail,11,2
FISHER,senate,28,mail,12,3
FISHER,senate,28,mail,13,1
FISHER,senate,28,mail,14,2
FISHER,senate,28,mail,15,3
FISHER,senate,28,mail,19,2
FISHER,senate,28,mail,20,3
FISHER,senate,28,mail,21,2
FISHER,senate,28,mail,22,6
FISHER,senate,28,mail,25,2
FISHER,senate,28,mail,26,2
FISHER,senate,28,mail,27,1
FISHER,senate,28,mail,28,1
FISHER,senate,28,mail,33,6
FISHER,senate,28,mail,34,5
FISHER,senate,28,mail,35,4
FISHER,senate,28,mail,36,6
FISHER,senate,28,mail,37,10
FLOYD,house,83,inperson,4,143
FLOYD,house,83,inperson,5,90
FLOYD,house,83,inperson,6,74
FLOYD,house,83,inperson,7,74
FLOYD,house,83,inperson,8,84
FLOYD,house,83,inperson,11,80
FLOYD,house,83,inperson,12,64
FLOYD,house,83,inperson,13,86
FLOYD,house,83,inperson,14,114
FLOYD,house,83,inperson,15,90
FLOYD,house,83,mail,4,3
FLOYD,house,83,mail,5,2
FLOYD,house,83,mail,8,1
FLOYD,house,83,mail,11,1
FLOYD,house,83,mail,12,8
FLOYD,house,83,mail,14,2
FLOYD,house,83,mail,15,2
FLOYD,house,83,mail,20,4
FLOYD,house,83,mail,22,13
FLOYD,house,83,mail,26,11
FLOYD,house,83,mail,27,1
FLOYD,house,83,mail,28,5
FLOYD,house,83,mail,32,4
FLOYD,house,83,mail,33,6
FLOYD,house,83,mail,34,2
FLOYD,senate,28,inperson,4,143
FLOYD,senate,28,inperson,5,90
FLOYD,senate,28,inperson,6,74
FLOYD,senate,28,inperson,7,74
FLOYD,senate,28,inperson,8,84
FLOYD,senate,28,inperson,11,80
FLOYD,senate,28,inperson,12,64
FLOYD,senate,28,inperson,13,86
FLOYD,senate,28,inperson,14,114
FLOYD,senate,28,inperson,15,90
FLOYD,senate,28,mail,4,3
FLOYD,senate,28,mail,5,2
FLOYD,senate,28,mail,8,1
FLOYD,senate,28,mail,11,1
FLOYD,senate,28,mail,12,8
FLOYD,senate,28,mail,14,2
FLOYD,senate,28,mail,15,2
FLOYD,senate,28,mail,20,4
FLOYD,senate,28,mail,22,13
FLOYD,senate,28,mail,26,11
FLOYD,senate,28,mail,27,1
FLOYD,senate,28,mail,28,5
FLOYD,senate,28,mail,32,4
FLOYD,senate,28,mail,33,6
FLOYD,senate,28,mail,34,2
FOARD,house,69,inperson,4,46
FOARD,house,69,inperson,5,28
FOARD,house,69,inperson,6,35
FOARD,house,69,inperson,7,18
FOARD,house,69,inperson,8,29
FOARD,house,69,inperson,11,31
FOARD,house,69,inperson,12,33
FOARD,house,69,inperson,13,42
FOARD,house,69,inperson,14,52
FOARD,house,69,inperson,15,43
FOARD,house,69,mail,7,3
FOARD,house,69,mail,11,2
FOARD,senate,28,inperson,4,46
FOARD,senate,28,inperson,5,28
FOARD,senate,28,inperson,6,35
FOARD,senate,28,inperson,7,18
FOARD,senate,28,inperson,8,29
FOARD,senate,28,inperson,11,31
FOARD,senate,28,inperson,12,33
FOARD,senate,28,inperson,13,42
FOARD,senate,28,inperson,14,52
FOARD,senate,28,inperson,15,43
FOARD,senate,28,mail,7,3
FOARD,senate,28,mail,11,2
FORT BEND,house,26,inperson,4,6972
FORT BEND,house,26,inperson,5,4028
FORT BEND,house,26,inperson,6,3465
FORT BEND,house,26,inperson,7,2827
FORT BEND,house,26,inperson,8,3456
FORT BEND,house,26,inperson,9,1440
FORT BEND,house,26,inperson,10,3639
FORT BEND,house,26,inperson,11,4496
FORT BEND,house,26,inperson,12,3690
FORT BEND,house,26,inperson,13,4022
FORT BEND,house,26,inperson,14,4216
FORT BEND,house,26,inperson,15,4520
FORT BEND,house,26,mail,4,68
FORT BEND,house,26,mail,5,67
FORT BEND,house,26,mail,6,76
FORT BEND,house,26,mail,7,33
FORT BEND,house,26,mail,8,162
FORT BEND,house,26,mail,11,119
FORT BEND,house,26,mail,12,85
FORT BEND,house,26,mail,13,106
FORT BEND,house,26,mail,14,105
FORT BEND,house,26,mail,15,130
FORT BEND,house,26,mail,18,108
FORT BEND,house,26,mail,19,115
FORT BEND,house,26,mail,20,29
FORT BEND,house,26,mail,21,102
FORT BEND,house,26,mail,22,107
FORT BEND,house,26,mail,25,124
FORT BEND,house,26,mail,26,144
FORT BEND,house,26,mail,27,27
FORT BEND,house,26,mail,28,219
FORT BEND,house,26,mail,29,2
FORT BEND,house,26,mail,32,33
FORT BEND,house,26,mail,33,25
FORT BEND,house,26,mail,34,2
FORT BEND,house,26,mail,35,1
FORT BEND,house,27,inperson,4,6577
FORT BEND,house,27,inperson,5,4255
FORT BEND,house,27,inperson,6,3423
FORT BEND,house,27,inperson,7,2591
FORT BEND,house,27,inperson,8,3619
FORT BEND,house,27,inperson,9,1269
FORT BEND,house,27,inperson,10,2820
FORT BEND,house,27,inperson,11,3316
FORT BEND,house,27,inperson,12,3331
FORT BEND,house,27,inperson,13,3396
FORT BEND,house,27,inperson,14,3563
FORT BEND,house,27,inperson,15,3672
FORT BEND,house,27,mail,4,72
FORT BEND,house,27,mail,5,60
FORT BEND,house,27,mail,6,81
FORT BEND,house,27,mail,7,42
FORT BEND,house,27,mail,8,203
FORT BEND,house,27,mail,11,166
FORT BEND,house,27,mail,12,115
FORT BEND,house,27,mail,13,132
FORT BEND,house,27,mail,14,251
FORT BEND,house,27,mail,15,67
FORT BEND,house,27,mail,18,128
FORT BEND,house,27,mail,19,252
FORT BEND,house,27,mail,20,5
FORT BEND,house,27,mail,21,121
FORT BEND,house,27,mail,22,155
FORT BEND,house,27,mail,25,171
FORT BEND,house,27,mail,26,217
FORT BEND,house,27,mail,27,43
FORT BEND,house,27,mail,28,266
FORT BEND,house,27,mail,29,2
FORT BEND,house,27,mail,32,35
FORT BEND,house,27,mail,33,39
FORT BEND,house,27,mail,34,1
FORT BEND,house,27,mail,35,4
FORT BEND,house,28,inperson,4,7358
FORT BEND,house,28,inperson,5,4292
FORT BEND,house,28,inperson,6,3538
FORT BEND,house,28,inperson,7,2936
FORT BEND,house,28,inperson,8,3392
FORT BEND,house,28,inperson,9,1216
FORT BEND,house,28,inperson,10,3349
FORT BEND,house,28,inperson,11,4202
FORT BEND,house,28,inperson,12,3896
FORT BEND,house,28,inperson,13,4160
FORT BEND,house,28,inperson,14,4546
FORT BEND,house,28,inperson,15,4659
FORT BEND,house,28,mail,4,80
FORT BEND,house,28,mail,5,58
FORT BEND,house,28,mail,6,89
FORT BEND,house,28,mail,7,26
FORT BEND,house,28,mail,8,198
FORT BEND,house,28,mail,11,174
FORT BEND,house,28,mail,12,108
FORT BEND,house,28,mail,13,129
FORT BEND,house,28,mail,14,168
FORT BEND,house,28,mail,15,84
FORT BEND,house,28,mail,18,131
FORT BEND,house,28,mail,19,167
FORT BEND,house,28,mail,20,17
FORT BEND,house,28,mail,21,122
FORT BEND,house,28,mail,22,98
FORT BEND,house,28,mail,25,142
FORT BEND,house,28,mail,26,259
FORT BEND,house,28,mail,27,36
FORT BEND,house,28,mail,28,238
FORT BEND,house,28,mail,29,4
FORT BEND,house,28,mail,32,62
FORT BEND,house,28,mail,33,50
FORT BEND,house,28,mail,34,16
FORT BEND,house,28,mail,35,2
FORT BEND,house,76,inperson,4,5522
FORT BEND,house,76,inperson,5,3324
FORT BEND,house,76,inperson,6,2737
FORT BEND,house,76,inperson,7,2211
FORT BEND,house,76,inperson,8,2769
FORT BEND,house,76,inperson,9,1003
FORT BEND,house,76,inperson,10,2534
FORT BEND,house,76,inperson,11,2724
FORT BEND,house,76,inperson,12,2831
FORT BEND,house,76,inperson,13,2820
FORT BEND,house,76,inperson,14,2952
FORT BEND,house,76,inperson,15,3233
FORT BEND,house,76,mail,4,48
FORT BEND,house,76,mail,5,69
FORT BEND,house,76,mail,6,67
FORT BEND,house,76,mail,7,27
FORT BEND,house,76,mail,8,103
FORT BEND,house,76,mail,11,114
FORT BEND,house,76,mail,12,70
FORT BEND,house,76,mail,13,116
FORT BEND,house,76,mail,14,151
FORT BEND,house,76,mail,15,14
FORT BEND,house,76,mail,18,126
FORT BEND,house,76,mail,19,110
FORT BEND,house,76,mail,21,95
FORT BEND,house,76,mail,22,62
FORT BEND,house,76,mail,25,92
FORT BEND,house,76,mail,26,194
FORT BEND,house,76,mail,27,31
FORT BEND,house,76,mail,28,175
FORT BEND,house,76,mail,29,2
FORT BEND,house,76,mail,32,51
FORT BEND,house,76,mail,33,32
FORT BEND,house,76,mail,34,2
FORT BEND,house,76,mail,35,3
FORT BEND,house,76,mail,37,1
FORT BEND,house,85,inperson,4,1057
FORT BEND,house,85,inperson,5,635
FORT BEND,house,85,inperson,6,599
FORT BEND,house,85,inperson,7,429
FORT BEND,house,85,inperson,8,536
FORT BEND,house,85,inperson,9,270
FORT BEND,house,85,inperson,10,544
FORT BEND,house,85,inperson,11,649
FORT BEND,house,85,inperson,12,592
FORT BEND,house,85,inperson,13,580
FORT BEND,house,85,inperson,14,651
FORT BEND,house,85,inperson,15,691
FORT BEND,house,85,mail,4,10
FORT BEND,house,85,mail,5,9
FORT BEND,house,85,mail,6,17
FORT BEND,house,85,mail,7,1
FORT BEND,house,85,mail,8,29
FORT BEND,house,85,mail,11,19
FORT BEND,house,85,mail,12,16
FORT BEND,house,85,mail,13,16
FORT BEND,house,85,mail,14,19
FORT BEND,house,85,mail,15,5
FORT BEND,house,85,mail,18,11
FORT BEND,house,85,mail,19,26
FORT BEND,house,85,mail,20,3
FORT BEND,house,85,mail,21,4
FORT BEND,house,85,mail,22,9
FORT BEND,house,85,mail,25,14
FORT BEND,house,85,mail,26,20
FORT BEND,house,85,mail,27,5
FORT BEND,house,85,mail,28,9
FORT BEND,house,85,mail,32,4
FORT BEND,house,85,mail,33,6
FORT BEND,house,85,mail,34,6
FORT BEND,senate,13,inperson,4,6197
FORT BEND,senate,13,inperson,5,3998
FORT BEND,senate,13,inperson,6,3206
FORT BEND,senate,13,inperson,7,2387
FORT BEND,senate,13,inperson,8,3402
FORT BEND,senate,13,inperson,9,1178
FORT BEND,senate,13,inperson,10,2674
FORT BEND,senate,13,inperson,11,3006
FORT BEND,senate,13,inperson,12,3155
FORT BEND,senate,13,inperson,13,3196
FORT BEND,senate,13,inperson,14,3369
FORT BEND,senate,13,inperson,15,3518
FORT BEND,senate,13,mail,4,74
FORT BEND,senate,13,mail,5,58
FORT BEND,senate,13,mail,6,89
FORT BEND,senate,13,mail,7,38
FORT BEND,senate,13,mail,8,192
FORT BEND,senate,13,mail,11,168
FORT BEND,senate,13,mail,12,105
FORT BEND,senate,13,mail,13,134
FORT BEND,senate,13,mail,14,239
FORT BEND,senate,13,mail,15,70
FORT BEND,senate,13,mail,18,125
FORT BEND,senate,13,mail,19,249
FORT BEND,senate,13,mail,20,6
FORT BEND,senate,13,mail,21,117
FORT BEND,senate,13,mail,22,149
FORT BEND,senate,13,mail,25,174
FORT BEND,senate,13,mail,26,217
FORT BEND,senate,13,mail,27,42
FORT BEND,senate,13,mail,28,255
FORT BEND,senate,13,mail,29,2
FORT BEND,senate,13,mail,32,34
FORT BEND,senate,13,mail,33,40
FORT BEND,senate,13,mail,34,5
FORT BEND,senate,13,mail,35,4
FORT BEND,senate,17,inperson,4,10088
FORT BEND,senate,17,inperson,5,6022
FORT BEND,senate,17,inperson,6,5277
FORT BEND,senate,17,inperson,7,4289
FORT BEND,senate,17,inperson,8,4976
FORT BEND,senate,17,inperson,9,2081
FORT BEND,senate,17,inperson,10,5114
FORT BEND,senate,17,inperson,11,6516
FORT BEND,senate,17,inperson,12,5630
FORT BEND,senate,17,inperson,13,5960
FORT BEND,senate,17,inperson,14,6374
FORT BEND,senate,17,inperson,15,6727
FORT BEND,senate,17,mail,4,80
FORT BEND,senate,17,mail,5,91
FORT BEND,senate,17,mail,6,121
FORT BEND,senate,17,mail,7,37
FORT BEND,senate,17,mail,8,248
FORT BEND,senate,17,mail,11,188
FORT BEND,senate,17,mail,12,143
FORT BEND,senate,17,mail,13,173
FORT BEND,senate,17,mail,14,161
FORT BEND,senate,17,mail,15,156
FORT BEND,senate,17,mail,18,142
FORT BEND,senate,17,mail,19,221
FORT BEND,senate,17,mail,20,29
FORT BEND,senate,17,mail,21,148
FORT BEND,senate,17,mail,22,126
FORT BEND,senate,17,mail,25,175
FORT BEND,senate,17,mail,26,322
FORT BEND,senate,17,mail,27,42
FORT BEND,senate,17,mail,28,291
FORT BEND,senate,17,mail,29,2
FORT BEND,senate,17,mail,32,75
FORT BEND,senate,17,mail,33,51
FORT BEND,senate,17,mail,34,11
FORT BEND,senate,17,mail,35,3
FORT BEND,senate,18,inperson,4,11201
FORT BEND,senate,18,inperson,5,6515
FORT BEND,senate,18,inperson,6,5279
FORT BEND,senate,18,inperson,7,4318
FORT BEND,senate,18,inperson,8,5394
FORT BEND,senate,18,inperson,9,1939
FORT BEND,senate,18,inperson,10,5098
FORT BEND,senate,18,inperson,11,5865
FORT BEND,senate,18,inperson,12,5555
FORT BEND,senate,18,inperson,13,5822
FORT BEND,senate,18,inperson,14,6185
FORT BEND,senate,18,inperson,15,6530
FORT BEND,senate,18,mail,4,124
FORT BEND,senate,18,mail,5,114
FORT BEND,senate,18,mail,6,120
FORT BEND,senate,18,mail,7,54
FORT BEND,senate,18,mail,8,255
FORT BEND,senate,18,mail,11,236
FORT BEND,senate,18,mail,12,146
FORT BEND,senate,18,mail,13,192
FORT BEND,senate,18,mail,14,294
FORT BEND,senate,18,mail,15,74
FORT BEND,senate,18,mail,18,237
FORT BEND,senate,18,mail,19,200
FORT BEND,senate,18,mail,20,19
FORT BEND,senate,18,mail,21,179
FORT BEND,senate,18,mail,22,156
FORT BEND,senate,18,mail,25,194
FORT BEND,senate,18,mail,26,295
FORT BEND,senate,18,mail,27,58
FORT BEND,senate,18,mail,28,361
FORT BEND,senate,18,mail,29,6
FORT BEND,senate,18,mail,32,76
FORT BEND,senate,18,mail,33,61
FORT BEND,senate,18,mail,34,11
FORT BEND,senate,18,mail,35,3
FORT BEND,senate,18,mail,37,1
FRANKLIN,house,62,inperson,4,251
FRANKLIN,house,62,inperson,5,180
FRANKLIN,house,62,inperson,6,184
FRANKLIN,house,62,inperson,7,172
FRANKLIN,house,62,inperson,8,214
FRANKLIN,house,62,inperson,11,198
FRANKLIN,house,62,inperson,12,231
FRANKLIN,house,62,inperson,13,221
FRANKLIN,house,62,inperson,14,210
FRANKLIN,house,62,inperson,15,279
FRANKLIN,house,62,inperson,37,4
FRANKLIN,house,62,mail,4,5
FRANKLIN,house,62,mail,5,5
FRANKLIN,house,62,mail,6,1
FRANKLIN,house,62,mail,7,7
FRANKLIN,house,62,mail,8,3
FRANKLIN,house,62,mail,11,3
FRANKLIN,house,62,mail,12,1
FRANKLIN,house,62,mail,13,7
FRANKLIN,house,62,mail,14,2
FRANKLIN,house,62,mail,15,8
FRANKLIN,house,62,mail,18,4
FRANKLIN,house,62,mail,19,4
FRANKLIN,house,62,mail,21,4
FRANKLIN,house,62,mail,22,6
FRANKLIN,house,62,mail,25,2
FRANKLIN,house,62,mail,26,5
FRANKLIN,house,62,mail,27,10
FRANKLIN,house,62,mail,28,15
FRANKLIN,house,62,mail,32,2
FRANKLIN,house,62,mail,33,3
FRANKLIN,house,62,mail,34,13
FRANKLIN,house,62,mail,35,1
FRANKLIN,senate,1,inperson,4,251
FRANKLIN,senate,1,inperson,5,180
FRANKLIN,senate,1,inperson,6,184
FRANKLIN,senate,1,inperson,7,172
FRANKLIN,senate,1,inperson,8,214
FRANKLIN,senate,1,inperson,11,198
FRANKLIN,senate,1,inperson,12,231
FRANKLIN,senate,1,inperson,13,221
FRANKLIN,senate,1,inperson,14,210
FRANKLIN,senate,1,inperson,15,279
FRANKLIN,senate,1,inperson,37,4
FRANKLIN,senate,1,mail,4,5
FRANKLIN,senate,1,mail,5,5
FRANKLIN,senate,1,mail,6,1
FRANKLIN,senate,1,mail,7,7
FRANKLIN,senate,1,mail,8,3
FRANKLIN,senate,1,mail,11,3
FRANKLIN,senate,1,mail,12,1
FRANKLIN,senate,1,mail,13,7
FRANKLIN,senate,1,mail,14,2
FRANKLIN,senate,1,mail,15,8
FRANKLIN,senate,1,mail,18,4
FRANKLIN,senate,1,mail,19,4
FRANKLIN,senate,1,mail,21,4
FRANKLIN,senate,1,mail,22,6
FRANKLIN,senate,1,mail,25,2
FRANKLIN,senate,1,mail,26,5
FRANKLIN,senate,1,mail,27,10
FRANKLIN,senate,1,mail,28,15
FRANKLIN,senate,1,mail,32,2
FRANKLIN,senate,1,mail,33,3
FRANKLIN,senate,1,mail,34,13
FRANKLIN,senate,1,mail,35,1
FREESTONE,house,13,inperson,4,475
FREESTONE,house,13,inperson,5,417
FREESTONE,house,13,inperson,6,337
FREESTONE,house,13,inperson,7,258
FREESTONE,house,13,inperson,8,310
FREESTONE,house,13,inperson,11,339
FREESTONE,house,13,inperson,12,276
FREESTONE,house,13,inperson,13,305
FREESTONE,house,13,inperson,14,442
FREESTONE,house,13,inperson,15,427
FREESTONE,house,13,mail,4,11
FREESTONE,house,13,mail,5,3
FREESTONE,house,13,mail,6,2
FREESTONE,house,13,mail,7,1
FREESTONE,house,13,mail,8,20
FREESTONE,house,13,mail,11,3
FREESTONE,house,13,mail,12,15
FREESTONE,house,13,mail,13,11
FREESTONE,house,13,mail,15,9
FREESTONE,house,13,mail,16,3
FREESTONE,house,13,mail,18,6
FREESTONE,house,13,mail,19,3
FREESTONE,house,13,mail,20,16
FREESTONE,house,13,mail,21,2
FREESTONE,house,13,mail,22,32
FREESTONE,house,13,mail,25,1
FREESTONE,house,13,mail,26,30
FREESTONE,house,13,mail,27,1
FREESTONE,house,13,mail,28,10
FREESTONE,senate,5,inperson,4,475
FREESTONE,senate,5,inperson,5,417
FREESTONE,senate,5,inperson,6,337
FREESTONE,senate,5,inperson,7,258
FREESTONE,senate,5,inperson,8,310
FREESTONE,senate,5,inperson,11,339
FREESTONE,senate,5,inperson,12,276
FREESTONE,senate,5,inperson,13,305
FREESTONE,senate,5,inperson,14,442
FREESTONE,senate,5,inperson,15,427
FREESTONE,senate,5,mail,4,11
FREESTONE,senate,5,mail,5,3
FREESTONE,senate,5,mail,6,2
FREESTONE,senate,5,mail,7,1
FREESTONE,senate,5,mail,8,20
FREESTONE,senate,5,mail,11,3
FREESTONE,senate,5,mail,12,15
FREESTONE,senate,5,mail,13,11
FREESTONE,senate,5,mail,15,9
FREESTONE,senate,5,mail,16,3
FREESTONE,senate,5,mail,18,6
FREESTONE,senate,5,mail,19,3
FREESTONE,senate,5,mail,20,16
FREESTONE,senate,5,mail,21,2
FREESTONE,senate,5,mail,22,32
FREESTONE,senate,5,mail,25,1
FREESTONE,senate,5,mail,26,30
FREESTONE,senate,5,mail,27,1
FREESTONE,senate,5,mail,28,10
FRIO,house,80,inperson,4,165
FRIO,house,80,inperson,5,149
FRIO,house,80,inperson,6,123
FRIO,house,80,inperson,7,104
FRIO,house,80,inperson,8,106
FRIO,house,80,inperson,10,278
FRIO,house,80,inperson,11,133
FRIO,house,80,inperson,12,117
FRIO,house,80,inperson,13,115
FRIO,house,80,inperson,14,116
FRIO,house,80,inperson,15,178
FRIO,house,80,mail,4,86
FRIO,house,80,mail,5,44
FRIO,house,80,mail,6,66
FRIO,house,80,mail,7,27
FRIO,house,80,mail,8,64
FRIO,house,80,mail,10,62
FRIO,house,80,mail,11,7
FRIO,senate,19,inperson,4,165
FRIO,senate,19,inperson,5,149
FRIO,senate,19,inperson,6,123
FRIO,senate,19,inperson,7,104
FRIO,senate,19,inperson,8,106
FRIO,senate,19,inperson,10,278
FRIO,senate,19,inperson,11,133
FRIO,senate,19,inperson,12,117
FRIO,senate,19,inperson,13,115
FRIO,senate,19,inperson,14,116
FRIO,senate,19,inperson,15,178
FRIO,senate,19,mail,4,86
FRIO,senate,19,mail,5,44
FRIO,senate,19,mail,6,66
FRIO,senate,19,mail,7,27
FRIO,senate,19,mail,8,64
FRIO,senate,19,mail,10,62
FRIO,senate,19,mail,11,7
GAINES,house,88,inperson,4,426
GAINES,house,88,inperson,5,260
GAINES,house,88,inperson,6,227
GAINES,house,88,inperson,7,228
GAINES,house,88,inperson,8,215
GAINES,house,88,inperson,11,326
GAINES,house,88,inperson,12,218
GAINES,house,88,inperson,13,163
GAINES,house,88,inperson,14,175
GAINES,house,88,inperson,15,202
GAINES,house,88,mail,4,1
GAINES,house,88,mail,6,1
GAINES,house,88,mail,8,5
GAINES,house,88,mail,12,2
GAINES,house,88,mail,13,1
GAINES,house,88,mail,14,4
GAINES,house,88,mail,15,3
GAINES,house,88,mail,18,1
GAINES,house,88,mail,19,1
GAINES,house,88,mail,20,2
GAINES,house,88,mail,22,2
GAINES,house,88,mail,25,5
GAINES,house,88,mail,26,5
GAINES,house,88,mail,27,4
GAINES,house,88,mail,28,9
GAINES,house,88,mail,33,5
GAINES,house,88,mail,34,7
GAINES,house,88,mail,36,15
GAINES,house,88,mail,37,2
GAINES,senate,31,inperson,4,426
GAINES,senate,31,inperson,5,260
GAINES,senate,31,inperson,6,227
GAINES,senate,31,inperson,7,228
GAINES,senate,31,inperson,8,215
GAINES,senate,31,inperson,11,326
GAINES,senate,31,inperson,12,218
GAINES,senate,31,inperson,13,163
GAINES,senate,31,inperson,14,175
GAINES,senate,31,inperson,15,202
GAINES,senate,31,mail,4,1
GAINES,senate,31,mail,6,1
GAINES,senate,31,mail,8,5
GAINES,senate,31,mail,12,2
GAINES,senate,31,mail,13,1
GAINES,senate,31,mail,14,4
GAINES,senate,31,mail,15,3
GAINES,senate,31,mail,18,1
GAINES,senate,31,mail,19,1
GAINES,senate,31,mail,20,2
GAINES,senate,31,mail,22,2
GAINES,senate,31,mail,25,5
GAINES,senate,31,mail,26,5
GAINES,senate,31,mail,27,4
GAINES,senate,31,mail,28,9
GAINES,senate,31,mail,33,5
GAINES,senate,31,mail,34,7
GAINES,senate,31,mail,36,15
GAINES,senate,31,mail,37,2
GALVESTON,house,23,inperson,4,3830
GALVESTON,house,23,inperson,5,2543
GALVESTON,house,23,inperson,6,2177
GALVESTON,house,23,inperson,7,1621
GALVESTON,house,23,inperson,8,2236
GALVESTON,house,23,inperson,9,568
GALVESTON,house,23,inperson,10,1489
GALVESTON,house,23,inperson,11,2362
GALVESTON,house,23,inperson,12,2202
GALVESTON,house,23,inperson,13,2634
GALVESTON,house,23,inperson,14,2876
GALVESTON,house,23,inperson,15,3366
GALVESTON,house,23,mail,4,69
GALVESTON,house,23,mail,5,68
GALVESTON,house,23,mail,6,71
GALVESTON,house,23,mail,7,2
GALVESTON,house,23,mail,8,107
GALVESTON,house,23,mail,10,94
GALVESTON,house,23,mail,11,95
GALVESTON,house,23,mail,12,124
GALVESTON,house,23,mail,13,83
GALVESTON,house,23,mail,14,217
GALVESTON,house,23,mail,15,64
GALVESTON,house,23,mail,18,173
GALVESTON,house,23,mail,19,15
GALVESTON,house,23,mail,20,105
GALVESTON,house,23,mail,21,14
GALVESTON,house,23,mail,22,205
GALVESTON,house,23,mail,25,108
GALVESTON,house,23,mail,26,210
GALVESTON,house,23,mail,27,1
GALVESTON,house,23,mail,28,95
GALVESTON,house,23,mail,32,11
GALVESTON,house,23,mail,33,4
GALVESTON,house,23,mail,34,1
GALVESTON,house,23,mail,37,1
GALVESTON,house,24,inperson,4,7398
GALVESTON,house,24,inperson,5,4416
GALVESTON,house,24,inperson,6,3687
GALVESTON,house,24,inperson,7,2828
GALVESTON,house,24,inperson,8,3937
GALVESTON,house,24,inperson,9,1317
GALVESTON,house,24,inperson,10,3254
GALVESTON,house,24,inperson,11,4693
GALVESTON,house,24,inperson,12,3949
GALVESTON,house,24,inperson,13,4055
GALVESTON,house,24,inperson,14,4695
GALVESTON,house,24,inperson,15,5236
GALVESTON,house,24,mail,4,140
GALVESTON,house,24,mail,5,133
GALVESTON,house,24,mail,6,138
GALVESTON,house,24,mail,7,5
GALVESTON,house,24,mail,8,187
GALVESTON,house,24,mail,10,156
GALVESTON,house,24,mail,11,154
GALVESTON,house,24,mail,12,276
GALVESTON,house,24,mail,13,110
GALVESTON,house,24,mail,14,352
GALVESTON,house,24,mail,15,69
GALVESTON,house,24,mail,18,351
GALVESTON,house,24,mail,19,47
GALVESTON,house,24,mail,20,228
GALVESTON,house,24,mail,21,30
GALVESTON,house,24,mail,22,357
GALVESTON,house,24,mail,25,123
GALVESTON,house,24,mail,26,78
GALVESTON,house,24,mail,27,2
GALVESTON,house,24,mail,28,56
GALVESTON,house,24,mail,32,2
GALVESTON,house,24,mail,34,1
GALVESTON,house,24,mail,36,2
GALVESTON,house,24,mail,37,2
GALVESTON,senate,11,inperson,4,11136
GALVESTON,senate,11,inperson,5,6903
GALVESTON,senate,11,inperson,6,5815
GALVESTON,senate,11,inperson,7,4384
GALVESTON,senate,11,inperson,8,6090
GALVESTON,senate,11,inperson,9,1868
GALVESTON,senate,11,inperson,10,4700
GALVESTON,senate,11,inperson,11,6982
GALVESTON,senate,11,inperson,12,6079
GALVESTON,senate,11,inperson,13,6575
GALVESTON,senate,11,inperson,14,7434
GALVESTON,senate,11,inperson,15,8445
GALVESTON,senate,11,mail,4,209
GALVESTON,senate,11,mail,5,201
GALVESTON,senate,11,mail,6,209
GALVESTON,senate,11,mail,7,7
GALVESTON,senate,11,mail,8,292
GALVESTON,senate,11,mail,10,247
GALVESTON,senate,11,mail,11,248
GALVESTON,senate,11,mail,12,400
GALVESTON,senate,11,mail,13,191
GALVESTON,senate,11,mail,14,569
GALVESTON,senate,11,mail,15,133
GALVESTON,senate,11,mail,18,518
GALVESTON,senate,11,mail,19,62
GALVESTON,senate,11,mail,20,333
GALVESTON,senate,11,mail,21,43
GALVESTON,senate,11,mail,22,556
GALVESTON,senate,11,mail,25,229
GALVESTON,senate,11,mail,26,281
GALVESTON,senate,11,mail,27,3
GALVESTON,senate,11,mail,28,148
GALVESTON,senate,11,mail,32,13
GALVESTON,senate,11,mail,33,2
GALVESTON,senate,11,mail,34,2
GALVESTON,senate,11,mail,36,2
GALVESTON,senate,11,mail,37,3
GALVESTON,senate,4,inperson,4,92
GALVESTON,senate,4,inperson,5,56
GALVESTON,senate,4,inperson,6,49
GALVESTON,senate,4,inperson,7,65
GALVESTON,senate,4,inperson,8,83
GALVESTON,senate,4,inperson,9,17
GALVESTON,senate,4,inperson,10,43
GALVESTON,senate,4,inperson,11,73
GALVESTON,senate,4,inperson,12,72
GALVESTON,senate,4,inperson,13,114
GALVESTON,senate,4,inperson,14,137
GALVESTON,senate,4,inperson,15,157
GALVESTON,senate,4,mail,8,2
GALVESTON,senate,4,mail,10,3
GALVESTON,senate,4,mail,11,1
GALVESTON,senate,4,mail,13,2
GALVESTON,senate,4,mail,18,6
GALVESTON,senate,4,mail,21,1
GALVESTON,senate,4,mail,22,6
GALVESTON,senate,4,mail,25,2
GALVESTON,senate,4,mail,26,7
GALVESTON,senate,4,mail,28,3
GALVESTON,senate,4,mail,33,2
GARZA,house,83,inperson,4,111
GARZA,house,83,inperson,5,56
GARZA,house,83,inperson,6,45
GARZA,house,83,inperson,7,55
GARZA,house,83,inperson,8,75
GARZA,house,83,inperson,11,45
GARZA,house,83,inperson,12,57
GARZA,house,83,inperson,13,50
GARZA,house,83,inperson,14,74
GARZA,house,83,inperson,15,94
GARZA,house,83,mail,4,5
GARZA,house,83,mail,5,1
GARZA,house,83,mail,6,1
GARZA,house,83,mail,8,4
GARZA,house,83,mail,12,1
GARZA,house,83,mail,14,1
GARZA,house,83,mail,15,4
GARZA,house,83,mail,18,2
GARZA,house,83,mail,20,3
GARZA,house,83,mail,21,1
GARZA,house,83,mail,22,9
GARZA,house,83,mail,25,4
GARZA,house,83,mail,26,9
GARZA,senate,28,inperson,4,111
GARZA,senate,28,inperson,5,56
GARZA,senate,28,inperson,6,45
GARZA,senate,28,inperson,7,55
GARZA,senate,28,inperson,8,75
GARZA,senate,28,inperson,11,45
GARZA,senate,28,inperson,12,57
GARZA,senate,28,inperson,13,50
GARZA,senate,28,inperson,14,74
GARZA,senate,28,inperson,15,94
GARZA,senate,28,mail,4,5
GARZA,senate,28,mail,5,1
GARZA,senate,28,mail,6,1
GARZA,senate,28,mail,8,4
GARZA,senate,28,mail,12,1
GARZA,senate,28,mail,14,1
GARZA,senate,28,mail,15,4
GARZA,senate,28,mail,18,2
GARZA,senate,28,mail,20,3
GARZA,senate,28,mail,21,1
GARZA,senate,28,mail,22,9
GARZA,senate,28,mail,25,4
GARZA,senate,28,mail,26,9
GILLESPIE,house,19,inperson,4,811
GILLESPIE,house,19,inperson,5,552
GILLESPIE,house,19,inperson,6,563
GILLESPIE,house,19,inperson,7,764
GILLESPIE,house,19,inperson,8,584
GILLESPIE,house,19,inperson,9,218
GILLESPIE,house,19,inperson,11,749
GILLESPIE,house,19,inperson,12,683
GILLESPIE,house,19,inperson,13,767
GILLESPIE,house,19,inperson,14,982
GILLESPIE,house,19,inperson,15,861
GILLESPIE,house,19,mail,4,13
GILLESPIE,house,19,mail,5,13
GILLESPIE,house,19,mail,6,28
GILLESPIE,house,19,mail,7,25
GILLESPIE,house,19,mail,8,23
GILLESPIE,house,19,mail,10,37
GILLESPIE,house,19,mail,11,16
GILLESPIE,house,19,mail,12,55
GILLESPIE,house,19,mail,13,43
GILLESPIE,house,19,mail,14,14
GILLESPIE,house,19,mail,15,45
GILLESPIE,house,19,mail,17,17
GILLESPIE,house,19,mail,18,17
GILLESPIE,house,19,mail,19,42
GILLESPIE,house,19,mail,20,51
GILLESPIE,house,19,mail,21,7
GILLESPIE,house,19,mail,22,63
GILLESPIE,house,19,mail,23,33
GILLESPIE,house,19,mail,25,49
GILLESPIE,house,19,mail,26,106
GILLESPIE,house,19,mail,27,18
GILLESPIE,house,19,mail,28,54
GILLESPIE,house,19,mail,32,1
GILLESPIE,senate,24,inperson,4,811
GILLESPIE,senate,24,inperson,5,552
GILLESPIE,senate,24,inperson,6,563
GILLESPIE,senate,24,inperson,7,764
GILLESPIE,senate,24,inperson,8,584
GILLESPIE,senate,24,inperson,9,218
GILLESPIE,senate,24,inperson,11,749
GILLESPIE,senate,24,inperson,12,683
GILLESPIE,senate,24,inperson,13,767
GILLESPIE,senate,24,inperson,14,982
GILLESPIE,senate,24,inperson,15,861
GILLESPIE,senate,24,mail,4,13
GILLESPIE,senate,24,mail,5,13
GILLESPIE,senate,24,mail,6,28
GILLESPIE,senate,24,mail,7,25
GILLESPIE,senate,24,mail,8,23
GILLESPIE,senate,24,mail,10,37
GILLESPIE,senate,24,mail,11,16
GILLESPIE,senate,24,mail,12,55
GILLESPIE,senate,24,mail,13,43
GILLESPIE,senate,24,mail,14,14
GILLESPIE,senate,24,mail,15,45
GILLESPIE,senate,24,mail,17,17
GILLESPIE,senate,24,mail,18,17
GILLESPIE,senate,24,mail,19,42
GILLESPIE,senate,24,mail,20,51
GILLESPIE,senate,24,mail,21,7
GILLESPIE,senate,24,mail,22,63
GILLESPIE,senate,24,mail,23,33
GILLESPIE,senate,24,mail,25,49
GILLESPIE,senate,24,mail,26,106
GILLESPIE,senate,24,mail,27,18
GILLESPIE,senate,24,mail,28,54
GILLESPIE,senate,24,mail,32,1
GLASSCOCK,house,72,inperson,4,25
GLASSCOCK,house,72,inperson,5,47
GLASSCOCK,house,72,inperson,6,28
GLASSCOCK,house,72,inperson,7,32
GLASSCOCK,house,72,inperson,8,21
GLASSCOCK,house,72,inperson,11,31
GLASSCOCK,house,72,inperson,12,32
GLASSCOCK,house,72,inperson,13,17
GLASSCOCK,house,72,inperson,14,34
GLASSCOCK,house,72,inperson,15,21
GLASSCOCK,house,72,mail,7,2
GLASSCOCK,house,72,mail,8,1
GLASSCOCK,house,72,mail,12,1
GLASSCOCK,house,72,mail,14,1
GLASSCOCK,house,72,mail,18,2
GLASSCOCK,house,72,mail,19,3
GLASSCOCK,house,72,mail,20,3
GLASSCOCK,house,72,mail,22,2
GLASSCOCK,house,72,mail,25,1
GLASSCOCK,house,72,mail,26,1
GLASSCOCK,house,72,mail,27,4
GLASSCOCK,senate,31,inperson,4,25
GLASSCOCK,senate,31,inperson,5,47
GLASSCOCK,senate,31,inperson,6,28
GLASSCOCK,senate,31,inperson,7,32
GLASSCOCK,senate,31,inperson,8,21
GLASSCOCK,senate,31,inperson,11,31
GLASSCOCK,senate,31,inperson,12,32
GLASSCOCK,senate,31,inperson,13,17
GLASSCOCK,senate,31,inperson,14,34
GLASSCOCK,senate,31,inperson,15,21
GLASSCOCK,senate,31,mail,7,2
GLASSCOCK,senate,31,mail,8,1
GLASSCOCK,senate,31,mail,12,1
GLASSCOCK,senate,31,mail,14,1
GLASSCOCK,senate,31,mail,18,2
GLASSCOCK,senate,31,mail,19,3
GLASSCOCK,senate,31,mail,20,3
GLASSCOCK,senate,31,mail,22,2
GLASSCOCK,senate,31,mail,25,1
GLASSCOCK,senate,31,mail,26,1
GLASSCOCK,senate,31,mail,27,4
GOLIAD,house,30,inperson,4,181
GOLIAD,house,30,inperson,5,154
GOLIAD,house,30,inperson,6,116
GOLIAD,house,30,inperson,7,135
GOLIAD,house,30,inperson,8,148
GOLIAD,house,30,inperson,10,105
GOLIAD,house,30,inperson,11,208
GOLIAD,house,30,inperson,12,156
GOLIAD,house,30,inperson,13,165
GOLIAD,house,30,inperson,14,271
GOLIAD,house,30,inperson,15,293
GOLIAD,house,30,mail,4,6
GOLIAD,house,30,mail,5,3
GOLIAD,house,30,mail,6,4
GOLIAD,house,30,mail,7,10
GOLIAD,house,30,mail,8,2
GOLIAD,house,30,mail,10,3
GOLIAD,house,30,mail,11,4
GOLIAD,house,30,mail,12,4
GOLIAD,house,30,mail,13,5
GOLIAD,house,30,mail,14,5
GOLIAD,house,30,mail,15,4
GOLIAD,house,30,mail,18,9
GOLIAD,house,30,mail,19,1
GOLIAD,house,30,mail,20,1
GOLIAD,house,30,mail,21,6
GOLIAD,house,30,mail,22,8
GOLIAD,house,30,mail,25,5
GOLIAD,house,30,mail,26,5
GOLIAD,house,30,mail,27,3
GOLIAD,senate,18,inperson,4,181
GOLIAD,senate,18,inperson,5,154
GOLIAD,senate,18,inperson,6,116
GOLIAD,senate,18,inperson,7,135
GOLIAD,senate,18,inperson,8,148
GOLIAD,senate,18,inperson,10,105
GOLIAD,senate,18,inperson,11,208
GOLIAD,senate,18,inperson,12,156
GOLIAD,senate,18,inperson,13,165
GOLIAD,senate,18,inperson,14,271
GOLIAD,senate,18,inperson,15,293
GOLIAD,senate,18,mail,4,6
GOLIAD,senate,18,mail,5,3
GOLIAD,senate,18,mail,6,4
GOLIAD,senate,18,mail,7,10
GOLIAD,senate,18,mail,8,2
GOLIAD,senate,18,mail,10,3
GOLIAD,senate,18,mail,11,4
GOLIAD,senate,18,mail,12,4
GOLIAD,senate,18,mail,13,5
GOLIAD,senate,18,mail,14,5
GOLIAD,senate,18,mail,15,4
GOLIAD,senate,18,mail,18,9
GOLIAD,senate,18,mail,19,1
GOLIAD,senate,18,mail,20,1
GOLIAD,senate,18,mail,21,6
GOLIAD,senate,18,mail,22,8
GOLIAD,senate,18,mail,25,5
GOLIAD,senate,18,mail,26,5
GOLIAD,senate,18,mail,27,3
GONZALES,house,44,inperson,4,454
GONZALES,house,44,inperson,5,279
GONZALES,house,44,inperson,6,284
GONZALES,house,44,inperson,7,223
GONZALES,house,44,inperson,8,303
GONZALES,house,44,inperson,10,134
GONZALES,house,44,inperson,11,337
GONZALES,house,44,inperson,12,331
GONZALES,house,44,inperson,13,334
GONZALES,house,44,inperson,14,397
GONZALES,house,44,inperson,15,429
GONZALES,house,44,mail,4,7
GONZALES,house,44,mail,5,8
GONZALES,house,44,mail,6,13
GONZALES,house,44,mail,8,29
GONZALES,house,44,mail,11,17
GONZALES,house,44,mail,12,16
GONZALES,house,44,mail,13,16
GONZALES,house,44,mail,14,17
GONZALES,house,44,mail,15,34
GONZALES,house,44,mail,18,23
GONZALES,house,44,mail,19,24
GONZALES,house,44,mail,20,18
GONZALES,house,44,mail,21,8
GONZALES,house,44,mail,22,6
GONZALES,senate,18,inperson,4,454
GONZALES,senate,18,inperson,5,279
GONZALES,senate,18,inperson,6,284
GONZALES,senate,18,inperson,7,223
GONZALES,senate,18,inperson,8,303
GONZALES,senate,18,inperson,10,134
GONZALES,senate,18,inperson,11,337
GONZALES,senate,18,inperson,12,331
GONZALES,senate,18,inperson,13,334
GONZALES,senate,18,inperson,14,397
GONZALES,senate,18,inperson,15,429
GONZALES,senate,18,mail,4,7
GONZALES,senate,18,mail,5,8
GONZALES,senate,18,mail,6,13
GONZALES,senate,18,mail,8,29
GONZALES,senate,18,mail,11,17
GONZALES,senate,18,mail,12,16
GONZALES,senate,18,mail,13,16
GONZALES,senate,18,mail,14,17
GONZALES,senate,18,mail,15,34
GONZALES,senate,18,mail,18,23
GONZALES,senate,18,mail,19,24
GONZALES,senate,18,mail,20,18
GONZALES,senate,18,mail,21,8
GONZALES,senate,18,mail,22,6
GRAY,house,88,inperson,4,312
GRAY,house,88,inperson,5,259
GRAY,house,88,inperson,6,266
GRAY,house,88,inperson,7,298
GRAY,house,88,inperson,8,272
GRAY,house,88,inperson,11,318
GRAY,house,88,inperson,12,265
GRAY,house,88,inperson,13,306
GRAY,house,88,inperson,14,400
GRAY,house,88,inperson,15,329
GRAY,house,88,mail,5,13
GRAY,house,88,mail,6,11
GRAY,house,88,mail,7,4
GRAY,house,88,mail,8,17
GRAY,house,88,mail,11,10
GRAY,house,88,mail,12,17
GRAY,house,88,mail,13,11
GRAY,house,88,mail,14,7
GRAY,house,88,mail,15,19
GRAY,house,88,mail,18,13
GRAY,house,88,mail,19,13
GRAY,house,88,mail,20,5
GRAY,house,88,mail,21,2
GRAY,house,88,mail,22,57
GRAY,house,88,mail,25,1
GRAY,house,88,mail,27,23
GRAY,house,88,mail,28,13
GRAY,house,88,mail,32,14
GRAY,house,88,mail,33,13
GRAY,house,88,mail,34,2
GRAY,house,88,mail,35,16
GRAY,house,88,mail,36,19
GRAY,house,88,mail,37,35
GRAY,senate,28,inperson,4,312
GRAY,senate,28,inperson,5,259
GRAY,senate,28,inperson,6,266
GRAY,senate,28,inperson,7,298
GRAY,senate,28,inperson,8,272
GRAY,senate,28,inperson,11,318
GRAY,senate,28,inperson,12,265
GRAY,senate,28,inperson,13,306
GRAY,senate,28,inperson,14,400
GRAY,senate,28,inperson,15,329
GRAY,senate,28,mail,5,13
GRAY,senate,28,mail,6,11
GRAY,senate,28,mail,7,4
GRAY,senate,28,mail,8,17
GRAY,senate,28,mail,11,10
GRAY,senate,28,mail,12,17
GRAY,senate,28,mail,13,11
GRAY,senate,28,mail,14,7
GRAY,senate,28,mail,15,19
GRAY,senate,28,mail,18,13
GRAY,senate,28,mail,19,13
GRAY,senate,28,mail,20,5
GRAY,senate,28,mail,21,2
GRAY,senate,28,mail,22,57
GRAY,senate,28,mail,25,1
GRAY,senate,28,mail,27,23
GRAY,senate,28,mail,28,13
GRAY,senate,28,mail,32,14
GRAY,senate,28,mail,33,13
GRAY,senate,28,mail,34,2
GRAY,senate,28,mail,35,16
GRAY,senate,28,mail,36,19
GRAY,senate,28,mail,37,35
GRAYSON,house,62,inperson,4,2899
GRAYSON,house,62,inperson,5,2572
GRAYSON,house,62,inperson,6,2289
GRAYSON,house,62,inperson,7,2196
GRAYSON,house,62,inperson,8,2231
GRAYSON,house,62,inperson,9,533
GRAYSON,house,62,inperson,10,1118
GRAYSON,house,62,inperson,11,2192
GRAYSON,house,62,inperson,12,2757
GRAYSON,house,62,inperson,13,3001
GRAYSON,house,62,inperson,14,3343
GRAYSON,house,62,inperson,15,2511
GRAYSON,house,62,mail,4,47
GRAYSON,house,62,mail,5,140
GRAYSON,house,62,mail,7,21
GRAYSON,house,62,mail,8,46
GRAYSON,house,62,mail,10,64
GRAYSON,house,62,mail,11,213
GRAYSON,house,62,mail,12,9
GRAYSON,house,62,mail,14,172
GRAYSON,house,62,mail,15,5
GRAYSON,house,62,mail,18,66
GRAYSON,house,62,mail,19,65
GRAYSON,house,62,mail,21,59
GRAYSON,house,62,mail,22,52
GRAYSON,house,62,mail,24,1
GRAYSON,house,62,mail,25,249
GRAYSON,house,62,mail,26,90
GRAYSON,house,62,mail,28,71
GRAYSON,house,62,mail,29,1
GRAYSON,house,62,mail,32,117
GRAYSON,house,62,mail,33,145
GRAYSON,house,62,mail,35,63
GRAYSON,senate,30,inperson,4,2899
GRAYSON,senate,30,inperson,5,2572
GRAYSON,senate,30,inperson,6,2289
GRAYSON,senate,30,inperson,7,2196
GRAYSON,senate,30,inperson,8,2231
GRAYSON,senate,30,inperson,9,533
GRAYSON,senate,30,inperson,10,1118
GRAYSON,senate,30,inperson,11,2192
GRAYSON,senate,30,inperson,12,2757
GRAYSON,senate,30,inperson,13,3001
GRAYSON,senate,30,inperson,14,3343
GRAYSON,senate,30,inperson,15,2511
GRAYSON,senate,30,mail,4,47
GRAYSON,senate,30,mail,5,140
GRAYSON,senate,30,mail,7,21
GRAYSON,senate,30,mail,8,46
GRAYSON,senate,30,mail,10,64
GRAYSON,senate,30,mail,11,213
GRAYSON,senate,30,mail,12,9
GRAYSON,senate,30,mail,14,172
GRAYSON,senate,30,mail,15,5
GRAYSON,senate,30,mail,18,66
GRAYSON,senate,30,mail,19,65
GRAYSON,senate,30,mail,21,59
GRAYSON,senate,30,mail,22,52
GRAYSON,senate,30,mail,24,1
GRAYSON,senate,30,mail,25,249
GRAYSON,senate,30,mail,26,90
GRAYSON,senate,30,mail,28,71
GRAYSON,senate,30,mail,29,1
GRAYSON,senate,30,mail,32,117
GRAYSON,senate,30,mail,33,145
GRAYSON,senate,30,mail,35,63
GREGG,house,7,inperson,4,2409
GREGG,house,7,inperson,5,1763
GREGG,house,7,inperson,6,1502
GREGG,house,7,inperson,7,1530
GREGG,house,7,inperson,8,1633
GREGG,house,7,inperson,9,183
GREGG,house,7,inperson,10,1054
GREGG,house,7,inperson,11,1957
GREGG,house,7,inperson,12,2177
GREGG,house,7,inperson,13,2350
GREGG,house,7,inperson,14,2596
GREGG,house,7,inperson,15,2798
GREGG,house,7,mail,4,36
GREGG,house,7,mail,5,44
GREGG,house,7,mail,6,55
GREGG,house,7,mail,7,11
GREGG,house,7,mail,8,115
GREGG,house,7,mail,11,67
GREGG,house,7,mail,12,51
GREGG,house,7,mail,13,116
GREGG,house,7,mail,14,23
GREGG,house,7,mail,15,158
GREGG,house,7,mail,18,57
GREGG,house,7,mail,19,81
GREGG,house,7,mail,20,103
GREGG,house,7,mail,21,18
GREGG,house,7,mail,22,155
GREGG,house,7,mail,25,50
GREGG,house,7,mail,26,109
GREGG,house,7,mail,27,46
GREGG,house,7,mail,28,40
GREGG,house,7,mail,29,65
GREGG,house,7,mail,32,21
GREGG,house,7,mail,33,11
GREGG,house,7,mail,34,7
GREGG,house,7,mail,36,11
GREGG,senate,1,inperson,4,2409
GREGG,senate,1,inperson,5,1763
GREGG,senate,1,inperson,6,1502
GREGG,senate,1,inperson,7,1530
GREGG,senate,1,inperson,8,1633
GREGG,senate,1,inperson,9,183
GREGG,senate,1,inperson,10,1054
GREGG,senate,1,inperson,11,1957
GREGG,senate,1,inperson,12,2177
GREGG,senate,1,inperson,13,2350
GREGG,senate,1,inperson,14,2596
GREGG,senate,1,inperson,15,2798
GREGG,senate,1,mail,4,36
GREGG,senate,1,mail,5,44
GREGG,senate,1,mail,6,55
GREGG,senate,1,mail,7,11
GREGG,senate,1,mail,8,115
GREGG,senate,1,mail,11,67
GREGG,senate,1,mail,12,51
GREGG,senate,1,mail,13,116
GREGG,senate,1,mail,14,23
GREGG,senate,1,mail,15,158
GREGG,senate,1,mail,18,57
GREGG,senate,1,mail,19,81
GREGG,senate,1,mail,20,103
GREGG,senate,1,mail,21,18
GREGG,senate,1,mail,22,155
GREGG,senate,1,mail,25,50
GREGG,senate,1,mail,26,109
GREGG,senate,1,mail,27,46
GREGG,senate,1,mail,28,40
GREGG,senate,1,mail,29,65
GREGG,senate,1,mail,32,21
GREGG,senate,1,mail,33,11
GREGG,senate,1,mail,34,7
GREGG,senate,1,mail,36,11
GRIMES,house,12,inperson,4,654
GRIMES,house,12,inperson,5,371
GRIMES,house,12,inperson,6,340
GRIMES,house,12,inperson,7,572
GRIMES,house,12,inperson,8,425
GRIMES,house,12,inperson,11,362
GRIMES,house,12,inperson,12,356
GRIMES,house,12,inperson,13,432
GRIMES,house,12,inperson,14,583
GRIMES,house,12,inperson,15,522
GRIMES,house,12,mail,4,4
GRIMES,house,12,mail,5,10
GRIMES,house,12,mail,6,11
GRIMES,house,12,mail,7,10
GRIMES,house,12,mail,8,52
GRIMES,house,12,mail,12,18
GRIMES,house,12,mail,13,22
GRIMES,house,12,mail,14,25
GRIMES,house,12,mail,15,39
GRIMES,house,12,mail,18,28
GRIMES,house,12,mail,19,64
GRIMES,house,12,mail,20,37
GRIMES,house,12,mail,21,17
GRIMES,house,12,mail,22,70
GRIMES,house,12,mail,25,43
GRIMES,house,12,mail,26,36
GRIMES,house,12,mail,27,7
GRIMES,house,12,mail,28,5
GRIMES,senate,18,inperson,4,654
GRIMES,senate,18,inperson,5,371
GRIMES,senate,18,inperson,6,340
GRIMES,senate,18,inperson,7,572
GRIMES,senate,18,inperson,8,425
GRIMES,senate,18,inperson,11,362
GRIMES,senate,18,inperson,12,356
GRIMES,senate,18,inperson,13,432
GRIMES,senate,18,inperson,14,583
GRIMES,senate,18,inperson,15,522
GRIMES,senate,18,mail,4,4
GRIMES,senate,18,mail,5,10
GRIMES,senate,18,mail,6,11
GRIMES,senate,18,mail,7,10
GRIMES,senate,18,mail,8,52
GRIMES,senate,18,mail,12,18
GRIMES,senate,18,mail,13,22
GRIMES,senate,18,mail,14,25
GRIMES,senate,18,mail,15,39
GRIMES,senate,18,mail,18,28
GRIMES,senate,18,mail,19,64
GRIMES,senate,18,mail,20,37
GRIMES,senate,18,mail,21,17
GRIMES,senate,18,mail,22,70
GRIMES,senate,18,mail,25,43
GRIMES,senate,18,mail,26,36
GRIMES,senate,18,mail,27,7
GRIMES,senate,18,mail,28,5
GUADALUPE,house,44,inperson,4,4781
GUADALUPE,house,44,inperson,5,3524
GUADALUPE,house,44,inperson,6,3032
GUADALUPE,house,44,inperson,7,2897
GUADALUPE,house,44,inperson,8,2948
GUADALUPE,house,44,inperson,9,1146
GUADALUPE,house,44,inperson,10,2632
GUADALUPE,house,44,inperson,11,3357
GUADALUPE,house,44,inperson,12,3041
GUADALUPE,house,44,inperson,13,2972
GUADALUPE,house,44,inperson,14,2991
GUADALUPE,house,44,inperson,15,3109
GUADALUPE,house,44,mail,4,77
GUADALUPE,house,44,mail,5,42
GUADALUPE,house,44,mail,6,114
GUADALUPE,house,44,mail,7,9
GUADALUPE,house,44,mail,8,86
GUADALUPE,house,44,mail,9,2
GUADALUPE,house,44,mail,10,94
GUADALUPE,house,44,mail,11,126
GUADALUPE,house,44,mail,12,132
GUADALUPE,house,44,mail,13,117
GUADALUPE,house,44,mail,14,6
GUADALUPE,house,44,mail,15,202
GUADALUPE,house,44,mail,18,68
GUADALUPE,house,44,mail,19,84
GUADALUPE,house,44,mail,20,92
GUADALUPE,house,44,mail,21,7
GUADALUPE,house,44,mail,22,143
GUADALUPE,house,44,mail,25,92
GUADALUPE,house,44,mail,26,163
GUADALUPE,house,44,mail,27,14
GUADALUPE,house,44,mail,28,258
GUADALUPE,house,44,mail,33,79
GUADALUPE,house,44,mail,34,87
GUADALUPE,house,44,mail,35,36
GUADALUPE,house,44,mail,36,139
GUADALUPE,house,44,mail,37,198
GUADALUPE,senate,19,inperson,4,899
GUADALUPE,senate,19,inperson,5,622
GUADALUPE,senate,19,inperson,6,535
GUADALUPE,senate,19,inperson,7,505
GUADALUPE,senate,19,inperson,8,576
GUADALUPE,senate,19,inperson,9,198
GUADALUPE,senate,19,inperson,10,388
GUADALUPE,senate,19,inperson,11,584
GUADALUPE,senate,19,inperson,12,575
GUADALUPE,senate,19,inperson,13,545
GUADALUPE,senate,19,inperson,14,610
GUADALUPE,senate,19,inperson,15,562
GUADALUPE,senate,19,mail,4,18
GUADALUPE,senate,19,mail,5,10
GUADALUPE,senate,19,mail,6,29
GUADALUPE,senate,19,mail,7,1
GUADALUPE,senate,19,mail,8,16
GUADALUPE,senate,19,mail,9,1
GUADALUPE,senate,19,mail,10,24
GUADALUPE,senate,19,mail,11,20
GUADALUPE,senate,19,mail,12,43
GUADALUPE,senate,19,mail,13,22
GUADALUPE,senate,19,mail,14,2
GUADALUPE,senate,19,mail,15,33
GUADALUPE,senate,19,mail,18,16
GUADALUPE,senate,19,mail,19,14
GUADALUPE,senate,19,mail,20,22
GUADALUPE,senate,19,mail,21,3
GUADALUPE,senate,19,mail,22,40
GUADALUPE,senate,19,mail,25,20
GUADALUPE,senate,19,mail,26,37
GUADALUPE,senate,19,mail,27,8
GUADALUPE,senate,19,mail,28,60
GUADALUPE,senate,19,mail,33,17
GUADALUPE,senate,19,mail,34,8
GUADALUPE,senate,19,mail,35,7
GUADALUPE,senate,19,mail,36,28
GUADALUPE,senate,19,mail,37,39
GUADALUPE,senate,21,inperson,4,542
GUADALUPE,senate,21,inperson,5,330
GUADALUPE,senate,21,inperson,6,330
GUADALUPE,senate,21,inperson,7,290
GUADALUPE,senate,21,inperson,8,339
GUADALUPE,senate,21,inperson,9,77
GUADALUPE,senate,21,inperson,10,220
GUADALUPE,senate,21,inperson,11,396
GUADALUPE,senate,21,inperson,12,375
GUADALUPE,senate,21,inperson,13,372
GUADALUPE,senate,21,inperson,14,368
GUADALUPE,senate,21,inperson,15,359
GUADALUPE,senate,21,mail,4,12
GUADALUPE,senate,21,mail,5,1
GUADALUPE,senate,21,mail,6,11
GUADALUPE,senate,21,mail,8,10
GUADALUPE,senate,21,mail,10,11
GUADALUPE,senate,21,mail,11,16
GUADALUPE,senate,21,mail,12,22
GUADALUPE,senate,21,mail,13,16
GUADALUPE,senate,21,mail,14,1
GUADALUPE,senate,21,mail,15,28
GUADALUPE,senate,21,mail,18,16
GUADALUPE,senate,21,mail,19,19
GUADALUPE,senate,21,mail,20,8
GUADALUPE,senate,21,mail,22,13
GUADALUPE,senate,21,mail,25,7
GUADALUPE,senate,21,mail,26,9
GUADALUPE,senate,21,mail,27,1
GUADALUPE,senate,21,mail,28,27
GUADALUPE,senate,21,mail,33,15
GUADALUPE,senate,21,mail,34,8
GUADALUPE,senate,21,mail,35,1
GUADALUPE,senate,21,mail,36,14
GUADALUPE,senate,21,mail,37,16
GUADALUPE,senate,25,inperson,4,3340
GUADALUPE,senate,25,inperson,5,2572
GUADALUPE,senate,25,inperson,6,2167
GUADALUPE,senate,25,inperson,7,2102
GUADALUPE,senate,25,inperson,8,2033
GUADALUPE,senate,25,inperson,9,871
GUADALUPE,senate,25,inperson,10,2024
GUADALUPE,senate,25,inperson,11,2377
GUADALUPE,senate,25,inperson,12,2091
GUADALUPE,senate,25,inperson,13,2055
GUADALUPE,senate,25,inperson,14,2013
GUADALUPE,senate,25,inperson,15,2188
GUADALUPE,senate,25,mail,4,47
GUADALUPE,senate,25,mail,5,31
GUADALUPE,senate,25,mail,6,74
GUADALUPE,senate,25,mail,7,8
GUADALUPE,senate,25,mail,8,60
GUADALUPE,senate,25,mail,9,1
GUADALUPE,senate,25,mail,10,59
GUADALUPE,senate,25,mail,11,90
GUADALUPE,senate,25,mail,12,67
GUADALUPE,senate,25,mail,13,79
GUADALUPE,senate,25,mail,14,3
GUADALUPE,senate,25,mail,15,141
GUADALUPE,senate,25,mail,18,36
GUADALUPE,senate,25,mail,19,51
GUADALUPE,senate,25,mail,20,62
GUADALUPE,senate,25,mail,21,4
GUADALUPE,senate,25,mail,22,90
GUADALUPE,senate,25,mail,25,65
GUADALUPE,senate,25,mail,26,117
GUADALUPE,senate,25,mail,27,5
GUADALUPE,senate,25,mail,28,171
GUADALUPE,senate,25,mail,33,47
GUADALUPE,senate,25,mail,34,71
GUADALUPE,senate,25,mail,35,28
GUADALUPE,senate,25,mail,36,97
GUADALUPE,senate,25,mail,37,143
HALE,house,88,inperson,13,369
HALE,house,88,mail,4,11
HALE,house,88,mail,5,4
HALE,house,88,mail,6,11
HALE,house,88,mail,7,2
HALE,house,88,mail,8,20
HALE,house,88,mail,11,7
HALE,house,88,mail,12,11
HALE,house,88,mail,15,12
HALE,house,88,mail,18,7
HALE,house,88,mail,19,19
HALE,house,88,mail,22,22
HALE,house,88,mail,25,11
HALE,house,88,mail,26,25
HALE,house,88,mail,27,34
HALE,house,88,mail,32,9
HALE,house,88,mail,33,5
HALE,senate,28,inperson,13,369
HALE,senate,28,mail,4,11
HALE,senate,28,mail,5,4
HALE,senate,28,mail,6,11
HALE,senate,28,mail,7,2
HALE,senate,28,mail,8,20
HALE,senate,28,mail,11,7
HALE,senate,28,mail,12,11
HALE,senate,28,mail,15,12
HALE,senate,28,mail,18,7
HALE,senate,28,mail,19,19
HALE,senate,28,mail,22,22
HALE,senate,28,mail,25,11
HALE,senate,28,mail,26,25
HALE,senate,28,mail,27,34
HALE,senate,28,mail,32,9
HALE,senate,28,mail,33,5
HALL,house,88,inperson,4,69
HALL,house,88,inperson,5,47
HALL,house,88,inperson,6,34
HALL,house,88,inperson,7,40
HALL,house,88,inperson,8,24
HALL,house,88,inperson,11,34
HALL,house,88,inperson,12,27
HALL,house,88,inperson,13,33
HALL,house,88,inperson,14,38
HALL,house,88,inperson,15,38
HALL,house,88,mail,4,2
HALL,house,88,mail,6,4
HALL,house,88,mail,7,25
HALL,senate,31,inperson,4,69
HALL,senate,31,inperson,5,47
HALL,senate,31,inperson,6,34
HALL,senate,31,inperson,7,40
HALL,senate,31,inperson,8,24
HALL,senate,31,inperson,11,34
HALL,senate,31,inperson,12,27
HALL,senate,31,inperson,13,33
HALL,senate,31,inperson,14,38
HALL,senate,31,inperson,15,38
HALL,senate,31,mail,4,2
HALL,senate,31,mail,6,4
HALL,senate,31,mail,7,25
HAMILTON,house,59,inperson,4,187
HAMILTON,house,59,inperson,5,160
HAMILTON,house,59,inperson,6,130
HAMILTON,house,59,inperson,7,180
HAMILTON,house,59,inperson,8,140
HAMILTON,house,59,inperson,11,185
HAMILTON,house,59,inperson,12,166
HAMILTON,house,59,inperson,13,182
HAMILTON,house,59,inperson,14,230
HAMILTON,house,59,inperson,15,221
HAMILTON,house,59,mail,4,1
HAMILTON,house,59,mail,5,2
HAMILTON,house,59,mail,6,7
HAMILTON,house,59,mail,7,1
HAMILTON,house,59,mail,8,11
HAMILTON,house,59,mail,11,4
HAMILTON,house,59,mail,12,9
HAMILTON,house,59,mail,13,3
HAMILTON,house,59,mail,15,7
HAMILTON,house,59,mail,18,5
HAMILTON,house,59,mail,19,1
HAMILTON,house,59,mail,20,3
HAMILTON,house,59,mail,21,4
HAMILTON,house,59,mail,22,8
HAMILTON,house,59,mail,25,4
HAMILTON,house,59,mail,26,8
HAMILTON,house,59,mail,27,1
HAMILTON,house,59,mail,28,13
HAMILTON,senate,22,inperson,4,187
HAMILTON,senate,22,inperson,5,160
HAMILTON,senate,22,inperson,6,130
HAMILTON,senate,22,inperson,7,180
HAMILTON,senate,22,inperson,8,140
HAMILTON,senate,22,inperson,11,185
HAMILTON,senate,22,inperson,12,166
HAMILTON,senate,22,inperson,13,182
HAMILTON,senate,22,inperson,14,230
HAMILTON,senate,22,inperson,15,221
HAMILTON,senate,22,mail,4,1
HAMILTON,senate,22,mail,5,2
HAMILTON,senate,22,mail,6,7
HAMILTON,senate,22,mail,7,1
HAMILTON,senate,22,mail,8,11
HAMILTON,senate,22,mail,11,4
HAMILTON,senate,22,mail,12,9
HAMILTON,senate,22,mail,13,3
HAMILTON,senate,22,mail,15,7
HAMILTON,senate,22,mail,18,5
HAMILTON,senate,22,mail,19,1
HAMILTON,senate,22,mail,20,3
HAMILTON,senate,22,mail,21,4
HAMILTON,senate,22,mail,22,8
HAMILTON,senate,22,mail,25,4
HAMILTON,senate,22,mail,26,8
HAMILTON,senate,22,mail,27,1
HAMILTON,senate,22,mail,28,13
HANSFORD,house,87,inperson,4,76
HANSFORD,house,87,inperson,5,64
HANSFORD,house,87,inperson,6,43
HANSFORD,house,87,inperson,7,55
HANSFORD,house,87,inperson,8,57
HANSFORD,house,87,inperson,11,57
HANSFORD,house,87,inperson,12,59
HANSFORD,house,87,inperson,13,47
HANSFORD,house,87,inperson,14,47
HANSFORD,house,87,inperson,15,67
HANSFORD,house,87,mail,4,16
HANSFORD,house,87,mail,5,1
HANSFORD,house,87,mail,6,8
HANSFORD,house,87,mail,8,13
HANSFORD,house,87,mail,11,2
HANSFORD,house,87,mail,12,7
HANSFORD,house,87,mail,13,6
HANSFORD,house,87,mail,14,1
HANSFORD,house,87,mail,15,14
HANSFORD,senate,31,inperson,4,76
HANSFORD,senate,31,inperson,5,64
HANSFORD,senate,31,inperson,6,43
HANSFORD,senate,31,inperson,7,55
HANSFORD,senate,31,inperson,8,57
HANSFORD,senate,31,inperson,11,57
HANSFORD,senate,31,inperson,12,59
HANSFORD,senate,31,inperson,13,47
HANSFORD,senate,31,inperson,14,47
HANSFORD,senate,31,inperson,15,67
HANSFORD,senate,31,mail,4,16
HANSFORD,senate,31,mail,5,1
HANSFORD,senate,31,mail,6,8
HANSFORD,senate,31,mail,8,13
HANSFORD,senate,31,mail,11,2
HANSFORD,senate,31,mail,12,7
HANSFORD,senate,31,mail,13,6
HANSFORD,senate,31,mail,14,1
HANSFORD,senate,31,mail,15,14
HARDEMAN,house,69,inperson,4,68
HARDEMAN,house,69,inperson,5,38
HARDEMAN,house,69,inperson,6,52
HARDEMAN,house,69,inperson,7,40
HARDEMAN,house,69,inperson,8,47
HARDEMAN,house,69,inperson,11,63
HARDEMAN,house,69,inperson,12,39
HARDEMAN,house,69,inperson,13,26
HARDEMAN,house,69,inperson,14,65
HARDEMAN,house,69,inperson,15,40
HARDEMAN,house,69,mail,4,2
HARDEMAN,house,69,mail,6,1
HARDEMAN,house,69,mail,7,8
HARDEMAN,house,69,mail,8,1
HARDEMAN,house,69,mail,12,1
HARDEMAN,house,69,mail,13,5
HARDEMAN,house,69,mail,14,1
HARDEMAN,house,69,mail,15,4
HARDEMAN,house,69,mail,18,1
HARDEMAN,house,69,mail,19,1
HARDEMAN,house,69,mail,22,1
HARDEMAN,house,69,mail,25,3
HARDEMAN,house,69,mail,26,1
HARDEMAN,house,69,mail,28,2
HARDEMAN,house,69,mail,32,4
HARDEMAN,senate,28,inperson,4,68
HARDEMAN,senate,28,inperson,5,38
HARDEMAN,senate,28,inperson,6,52
HARDEMAN,senate,28,inperson,7,40
HARDEMAN,senate,28,inperson,8,47
HARDEMAN,senate,28,inperson,11,63
HARDEMAN,senate,28,inperson,12,39
HARDEMAN,senate,28,inperson,13,26
HARDEMAN,senate,28,inperson,14,65
HARDEMAN,senate,28,inperson,15,40
HARDEMAN,senate,28,mail,4,2
HARDEMAN,senate,28,mail,6,1
HARDEMAN,senate,28,mail,7,8
HARDEMAN,senate,28,mail,8,1
HARDEMAN,senate,28,mail,12,1
HARDEMAN,senate,28,mail,13,5
HARDEMAN,senate,28,mail,14,1
HARDEMAN,senate,28,mail,15,4
HARDEMAN,senate,28,mail,18,1
HARDEMAN,senate,28,mail,19,1
HARDEMAN,senate,28,mail,22,1
HARDEMAN,senate,28,mail,25,3
HARDEMAN,senate,28,mail,26,1
HARDEMAN,senate,28,mail,28,2
HARDEMAN,senate,28,mail,32,4
HARDIN,house,18,inperson,4,894
HARDIN,house,18,inperson,5,581
HARDIN,house,18,inperson,6,1870
HARDIN,house,18,inperson,7,2089
HARDIN,house,18,inperson,8,545
HARDIN,house,18,inperson,9,269
HARDIN,house,18,inperson,10,431
HARDIN,house,18,inperson,11,833
HARDIN,house,18,inperson,12,670
HARDIN,house,18,inperson,13,663
HARDIN,house,18,inperson,14,763
HARDIN,house,18,inperson,15,776
HARDIN,house,18,mail,4,11
HARDIN,house,18,mail,5,16
HARDIN,house,18,mail,6,24
HARDIN,house,18,mail,7,2
HARDIN,house,18,mail,8,15
HARDIN,house,18,mail,10,18
HARDIN,house,18,mail,11,19
HARDIN,house,18,mail,12,22
HARDIN,house,18,mail,13,29
HARDIN,house,18,mail,14,8
HARDIN,house,18,mail,15,29
HARDIN,house,18,mail,18,9
HARDIN,house,18,mail,19,39
HARDIN,house,18,mail,20,9
HARDIN,house,18,mail,21,20
HARDIN,house,18,mail,22,43
HARDIN,house,18,mail,25,65
HARDIN,house,18,mail,26,90
HARDIN,house,18,mail,27,3
HARDIN,house,18,mail,28,72
HARDIN,house,18,mail,34,1
HARDIN,senate,3,inperson,4,894
HARDIN,senate,3,inperson,5,581
HARDIN,senate,3,inperson,6,1870
HARDIN,senate,3,inperson,7,2089
HARDIN,senate,3,inperson,8,545
HARDIN,senate,3,inperson,9,269
HARDIN,senate,3,inperson,10,431
HARDIN,senate,3,inperson,11,833
HARDIN,senate,3,inperson,12,670
HARDIN,senate,3,inperson,13,663
HARDIN,senate,3,inperson,14,763
HARDIN,senate,3,inperson,15,776
HARDIN,senate,3,mail,4,11
HARDIN,senate,3,mail,5,16
HARDIN,senate,3,mail,6,24
HARDIN,senate,3,mail,7,2
HARDIN,senate,3,mail,8,15
HARDIN,senate,3,mail,10,18
HARDIN,senate,3,mail,11,19
HARDIN,senate,3,mail,12,22
HARDIN,senate,3,mail,13,29
HARDIN,senate,3,mail,14,8
HARDIN,senate,3,mail,15,29
HARDIN,senate,3,mail,18,9
HARDIN,senate,3,mail,19,39
HARDIN,senate,3,mail,20,9
HARDIN,senate,3,mail,21,20
HARDIN,senate,3,mail,22,43
HARDIN,senate,3,mail,25,65
HARDIN,senate,3,mail,26,90
HARDIN,senate,3,mail,27,3
HARDIN,senate,3,mail,28,72
HARDIN,senate,3,mail,34,1
HARRIS,house,126,inperson,4,5235
HARRIS,house,126,inperson,5,3907
HARRIS,house,126,inperson,6,3258
HARRIS,house,126,inperson,7,2660
HARRIS,house,126,inperson,8,2915
HARRIS,house,126,inperson,9,1341
HARRIS,house,126,inperson,10,2140
HARRIS,house,126,inperson,11,3314
HARRIS,house,126,inperson,12,3164
HARRIS,house,126,inperson,13,3118
HARRIS,house,126,inperson,14,3392
HARRIS,house,126,inperson,15,3215
HARRIS,house,126,mail,4,81
HARRIS,house,126,mail,5,125
HARRIS,house,126,mail,6,321
HARRIS,house,126,mail,7,129
HARRIS,house,126,mail,9,145
HARRIS,house,126,mail,10,177
HARRIS,house,126,mail,11,329
HARRIS,house,126,mail,12,199
HARRIS,house,126,mail,13,304
HARRIS,house,126,mail,14,183
HARRIS,house,126,mail,17,421
HARRIS,house,126,mail,18,254
HARRIS,house,126,mail,19,172
HARRIS,house,126,mail,20,207
HARRIS,house,126,mail,21,267
HARRIS,house,126,mail,25,45
HARRIS,house,126,mail,26,5
HARRIS,house,126,mail,33,2
HARRIS,house,126,mail,34,1
HARRIS,house,126,mail,37,1
HARRIS,house,127,inperson,4,5644
HARRIS,house,127,inperson,5,4519
HARRIS,house,127,inperson,6,3518
HARRIS,house,127,inperson,7,3233
HARRIS,house,127,inperson,8,3285
HARRIS,house,127,inperson,9,1639
HARRIS,house,127,inperson,10,2877
HARRIS,house,127,inperson,11,3661
HARRIS,house,127,inperson,12,3572
HARRIS,house,127,inperson,13,3541
HARRIS,house,127,inperson,14,3762
HARRIS,house,127,inperson,15,3596
HARRIS,house,127,mail,4,76
HARRIS,house,127,mail,5,119
HARRIS,house,127,mail,6,282
HARRIS,house,127,mail,7,82
HARRIS,house,127,mail,9,142
HARRIS,house,127,mail,10,159
HARRIS,house,127,mail,11,373
HARRIS,house,127,mail,12,155
HARRIS,house,127,mail,13,188
HARRIS,house,127,mail,14,196
HARRIS,house,127,mail,15,1
HARRIS,house,127,mail,17,494
HARRIS,house,127,mail,18,226
HARRIS,house,127,mail,19,231
HARRIS,house,127,mail,20,145
HARRIS,house,127,mail,21,111
HARRIS,house,127,mail,25,29
HARRIS,house,127,mail,26,2
HARRIS,house,127,mail,27,2
HARRIS,house,127,mail,28,3
HARRIS,house,127,mail,33,1
HARRIS,house,127,mail,34,1
HARRIS,house,127,mail,35,1
HARRIS,house,127,mail,37,1
HARRIS,house,128,inperson,4,4204
HARRIS,house,128,inperson,5,2828
HARRIS,house,128,inperson,6,2390
HARRIS,house,128,inperson,7,1968
HARRIS,house,128,inperson,8,2161
HARRIS,house,128,inperson,9,813
HARRIS,house,128,inperson,10,1427
HARRIS,house,128,inperson,11,2626
HARRIS,house,128,inperson,12,2590
HARRIS,house,128,inperson,13,3006
HARRIS,house,128,inperson,14,3304
HARRIS,house,128,inperson,15,3376
HARRIS,house,128,mail,4,75
HARRIS,house,128,mail,5,67
HARRIS,house,128,mail,6,167
HARRIS,house,128,mail,7,63
HARRIS,house,128,mail,9,127
HARRIS,house,128,mail,10,136
HARRIS,house,128,mail,11,254
HARRIS,house,128,mail,12,86
HARRIS,house,128,mail,13,217
HARRIS,house,128,mail,14,164
HARRIS,house,128,mail,15,1
HARRIS,house,128,mail,17,471
HARRIS,house,128,mail,18,184
HARRIS,house,128,mail,19,185
HARRIS,house,128,mail,20,114
HARRIS,house,128,mail,21,39
HARRIS,house,128,mail,25,6
HARRIS,house,128,mail,27,1
HARRIS,house,128,mail,35,2
HARRIS,house,129,inperson,4,5903
HARRIS,house,129,inperson,5,4083
HARRIS,house,129,inperson,6,3320
HARRIS,house,129,inperson,7,2590
HARRIS,house,129,inperson,8,3169
HARRIS,house,129,inperson,9,1308
HARRIS,house,129,inperson,10,2238
HARRIS,house,129,inperson,11,3604
HARRIS,house,129,inperson,12,3610
HARRIS,house,129,inperson,13,3809
HARRIS,house,129,inperson,14,3866
HARRIS,house,129,inperson,15,4052
HARRIS,house,129,mail,4,154
HARRIS,house,129,mail,5,165
HARRIS,house,129,mail,6,374
HARRIS,house,129,mail,7,179
HARRIS,house,129,mail,9,223
HARRIS,house,129,mail,10,200
HARRIS,house,129,mail,11,413
HARRIS,house,129,mail,12,238
HARRIS,house,129,mail,13,406
HARRIS,house,129,mail,14,321
HARRIS,house,129,mail,15,1
HARRIS,house,129,mail,17,665
HARRIS,house,129,mail,18,363
HARRIS,house,129,mail,19,226
HARRIS,house,129,mail,20,203
HARRIS,house,129,mail,21,86
HARRIS,house,129,mail,25,20
HARRIS,house,129,mail,26,1
HARRIS,house,129,mail,27,7
HARRIS,house,129,mail,28,4
HARRIS,house,129,mail,29,1
HARRIS,house,129,mail,32,4
HARRIS,house,129,mail,35,1
HARRIS,house,129,mail,36,1
HARRIS,house,129,mail,37,1
HARRIS,house,130,inperson,4,5985
HARRIS,house,130,inperson,5,4705
HARRIS,house,130,inperson,6,3869
HARRIS,house,130,inperson,7,3144
HARRIS,house,130,inperson,8,3537
HARRIS,house,130,inperson,9,1583
HARRIS,house,130,inperson,10,2578
HARRIS,house,130,inperson,11,3874
HARRIS,house,130,inperson,12,3725
HARRIS,house,130,inperson,13,3794
HARRIS,house,130,inperson,14,3949
HARRIS,house,130,inperson,15,3926
HARRIS,house,130,mail,4,101
HARRIS,house,130,mail,5,85
HARRIS,house,130,mail,6,197
HARRIS,house,130,mail,7,86
HARRIS,house,130,mail,9,101
HARRIS,house,130,mail,10,123
HARRIS,house,130,mail,11,220
HARRIS,house,130,mail,12,101
HARRIS,house,130,mail,13,190
HARRIS,house,130,mail,14,112
HARRIS,house,130,mail,17,242
HARRIS,house,130,mail,18,181
HARRIS,house,130,mail,19,104
HARRIS,house,130,mail,20,167
HARRIS,house,130,mail,21,99
HARRIS,house,130,mail,25,24
HARRIS,house,130,mail,26,1
HARRIS,house,130,mail,28,3
HARRIS,house,130,mail,32,2
HARRIS,house,130,mail,33,1
HARRIS,house,131,inperson,4,3391
HARRIS,house,131,inperson,5,2291
HARRIS,house,131,inperson,6,1675
HARRIS,house,131,inperson,7,1140
HARRIS,house,131,inperson,8,1542
HARRIS,house,131,inperson,9,698
HARRIS,house,131,inperson,10,1173
HARRIS,house,131,inperson,11,1221
HARRIS,house,131,inperson,12,1506
HARRIS,house,131,inperson,13,1464
HARRIS,house,131,inperson,14,1605
HARRIS,house,131,inperson,15,1625
HARRIS,house,131,mail,4,59
HARRIS,house,131,mail,5,77
HARRIS,house,131,mail,6,192
HARRIS,house,131,mail,7,69
HARRIS,house,131,mail,9,118
HARRIS,house,131,mail,10,89
HARRIS,house,131,mail,11,242
HARRIS,house,131,mail,12,114
HARRIS,house,131,mail,13,179
HARRIS,house,131,mail,14,108
HARRIS,house,131,mail,17,388
HARRIS,house,131,mail,18,105
HARRIS,house,131,mail,19,126
HARRIS,house,131,mail,20,111
HARRIS,house,131,mail,21,32
HARRIS,house,131,mail,25,8
HARRIS,house,131,mail,28,1
HARRIS,house,131,mail,32,2
HARRIS,house,131,mail,34,1
HARRIS,house,132,inperson,4,5475
HARRIS,house,132,inperson,5,4258
HARRIS,house,132,inperson,6,3468
HARRIS,house,132,inperson,7,2970
HARRIS,house,132,inperson,8,3181
HARRIS,house,132,inperson,9,1580
HARRIS,house,132,inperson,10,2631
HARRIS,house,132,inperson,11,3737
HARRIS,house,132,inperson,12,3519
HARRIS,house,132,inperson,13,3666
HARRIS,house,132,inperson,14,3744
HARRIS,house,132,inperson,15,3919
HARRIS,house,132,mail,4,89
HARRIS,house,132,mail,5,90
HARRIS,house,132,mail,6,224
HARRIS,house,132,mail,7,86
HARRIS,house,132,mail,9,82
HARRIS,house,132,mail,10,125
HARRIS,house,132,mail,11,196
HARRIS,house,132,mail,12,152
HARRIS,house,132,mail,13,231
HARRIS,house,132,mail,14,105
HARRIS,house,132,mail,15,1
HARRIS,house,132,mail,17,288
HARRIS,house,132,mail,18,146
HARRIS,house,132,mail,19,153
HARRIS,house,132,mail,20,116
HARRIS,house,132,mail,21,81
HARRIS,house,132,mail,22,1
HARRIS,house,132,mail,25,10
HARRIS,house,132,mail,26,2
HARRIS,house,132,mail,28,2
HARRIS,house,132,mail,32,1
HARRIS,house,133,inperson,4,5404
HARRIS,house,133,inperson,5,4103
HARRIS,house,133,inperson,6,3412
HARRIS,house,133,inperson,7,3004
HARRIS,house,133,inperson,8,3257
HARRIS,house,133,inperson,9,1367
HARRIS,house,133,inperson,10,2492
HARRIS,house,133,inperson,11,3283
HARRIS,house,133,inperson,12,3147
HARRIS,house,133,inperson,13,3329
HARRIS,house,133,inperson,14,3441
HARRIS,house,133,inperson,15,3345
HARRIS,house,133,mail,4,156
HARRIS,house,133,mail,5,199
HARRIS,house,133,mail,6,427
HARRIS,house,133,mail,7,184
HARRIS,house,133,mail,9,226
HARRIS,house,133,mail,10,253
HARRIS,house,133,mail,11,378
HARRIS,house,133,mail,12,254
HARRIS,house,133,mail,13,383
HARRIS,house,133,mail,14,230
HARRIS,house,133,mail,17,440
HARRIS,house,133,mail,18,278
HARRIS,house,133,mail,19,334
HARRIS,house,133,mail,20,170
HARRIS,house,133,mail,21,53
HARRIS,house,133,mail,25,10
HARRIS,house,133,mail,26,2
HARRIS,house,133,mail,27,2
HARRIS,house,133,mail,28,8
HARRIS,house,133,mail,32,3
HARRIS,house,133,mail,33,4
HARRIS,house,133,mail,36,2
HARRIS,house,134,inperson,4,7285
HARRIS,house,134,inperson,5,5467
HARRIS,house,134,inperson,6,4587
HARRIS,house,134,inperson,7,3855
HARRIS,house,134,inperson,8,3898
HARRIS,house,134,inperson,9,2075
HARRIS,house,134,inperson,10,3247
HARRIS,house,134,inperson,11,4379
HARRIS,house,134,inperson,12,3925
HARRIS,house,134,inperson,13,4096
HARRIS,house,134,inperson,14,4205
HARRIS,house,134,inperson,15,4321
HARRIS,house,134,mail,4,252
HARRIS,house,134,mail,5,240
HARRIS,house,134,mail,6,544
HARRIS,house,134,mail,7,231
HARRIS,house,134,mail,9,237
HARRIS,house,134,mail,10,283
HARRIS,house,134,mail,11,452
HARRIS,house,134,mail,12,266
HARRIS,house,134,mail,13,481
HARRIS,house,134,mail,14,288
HARRIS,house,134,mail,15,11
HARRIS,house,134,mail,17,460
HARRIS,house,134,mail,18,273
HARRIS,house,134,mail,19,369
HARRIS,house,134,mail,20,224
HARRIS,house,134,mail,21,71
HARRIS,house,134,mail,25,38
HARRIS,house,134,mail,26,4
HARRIS,house,134,mail,27,3
HARRIS,house,134,mail,28,19
HARRIS,house,134,mail,32,2
HARRIS,house,134,mail,33,2
HARRIS,house,134,mail,34,5
HARRIS,house,135,inperson,4,3885
HARRIS,house,135,inperson,5,2945
HARRIS,house,135,inperson,6,2243
HARRIS,house,135,inperson,7,1761
HARRIS,house,135,inperson,8,1956
HARRIS,house,135,inperson,9,1084
HARRIS,house,135,inperson,10,1711
HARRIS,house,135,inperson,11,1921
HARRIS,house,135,inperson,12,1868
HARRIS,house,135,inperson,13,1890
HARRIS,house,135,inperson,14,1941
HARRIS,house,135,inperson,15,1954
HARRIS,house,135,mail,4,42
HARRIS,house,135,mail,5,52
HARRIS,house,135,mail,6,104
HARRIS,house,135,mail,7,45
HARRIS,house,135,mail,9,47
HARRIS,house,135,mail,10,66
HARRIS,house,135,mail,11,132
HARRIS,house,135,mail,12,40
HARRIS,house,135,mail,13,109
HARRIS,house,135,mail,14,90
HARRIS,house,135,mail,17,153
HARRIS,house,135,mail,18,83
HARRIS,house,135,mail,19,72
HARRIS,house,135,mail,20,60
HARRIS,house,135,mail,21,48
HARRIS,house,135,mail,25,22
HARRIS,house,135,mail,26,1
HARRIS,house,135,mail,27,1
HARRIS,house,135,mail,28,1
HARRIS,house,135,mail,36,1
HARRIS,house,137,inperson,4,1941
HARRIS,house,137,inperson,5,1369
HARRIS,house,137,inperson,6,1043
HARRIS,house,137,inperson,7,826
HARRIS,house,137,inperson,8,1015
HARRIS,house,137,inperson,9,474
HARRIS,house,137,inperson,10,799
HARRIS,house,137,inperson,11,898
HARRIS,house,137,inperson,12,986
HARRIS,house,137,inperson,13,992
HARRIS,house,137,inperson,14,989
HARRIS,house,137,inperson,15,974
HARRIS,house,137,mail,4,60
HARRIS,house,137,mail,5,66
HARRIS,house,137,mail,6,120
HARRIS,house,137,mail,7,48
HARRIS,house,137,mail,8,1
HARRIS,house,137,mail,9,58
HARRIS,house,137,mail,10,67
HARRIS,house,137,mail,11,121
HARRIS,house,137,mail,12,53
HARRIS,house,137,mail,13,107
HARRIS,house,137,mail,14,89
HARRIS,house,137,mail,15,1
HARRIS,house,137,mail,17,163
HARRIS,house,137,mail,18,77
HARRIS,house,137,mail,19,90
HARRIS,house,137,mail,20,72
HARRIS,house,137,mail,21,6
HARRIS,house,137,mail,25,6
HARRIS,house,137,mail,28,2
HARRIS,house,137,mail,32,1
HARRIS,house,137,mail,34,2
HARRIS,house,137,mail,37,2
HARRIS,house,138,inperson,4,4961
HARRIS,house,138,inperson,5,3772
HARRIS,house,138,inperson,6,3198
HARRIS,house,138,inperson,7,2616
HARRIS,house,138,inperson,8,2950
HARRIS,house,138,inperson,9,1376
HARRIS,house,138,inperson,10,2382
HARRIS,house,138,inperson,11,3001
HARRIS,house,138,inperson,12,3065
HARRIS,house,138,inperson,13,3181
HARRIS,house,138,inperson,14,3435
HARRIS,house,138,inperson,15,3340
HARRIS,house,138,mail,4,126
HARRIS,house,138,mail,5,149
HARRIS,house,138,mail,6,342
HARRIS,house,138,mail,7,125
HARRIS,house,138,mail,9,169
HARRIS,house,138,mail,10,155
HARRIS,house,138,mail,11,347
HARRIS,house,138,mail,12,208
HARRIS,house,138,mail,13,299
HARRIS,house,138,mail,14,190
HARRIS,house,138,mail,17,395
HARRIS,house,138,mail,18,181
HARRIS,house,138,mail,19,196
HARRIS,house,138,mail,20,167
HARRIS,house,138,mail,21,119
HARRIS,house,138,mail,25,38
HARRIS,house,138,mail,26,4
HARRIS,house,138,mail,27,5
HARRIS,house,138,mail,28,4
HARRIS,house,138,mail,29,1
HARRIS,house,138,mail,32,1
HARRIS,house,138,mail,33,6
HARRIS,house,138,mail,34,2
HARRIS,house,138,mail,35,3
HARRIS,house,138,mail,37,1
HARRIS,house,139,inperson,4,4741
HARRIS,house,139,inperson,5,3090
HARRIS,house,139,inperson,6,2426
HARRIS,house,139,inperson,7,1892
HARRIS,house,139,inperson,8,2313
HARRIS,house,139,inperson,9,1022
HARRIS,house,139,inperson,10,1682
HARRIS,house,139,inperson,11,2072
HARRIS,house,139,inperson,12,2245
HARRIS,house,139,inperson,13,2216
HARRIS,house,139,inperson,14,2226
HARRIS,house,139,inperson,15,2250
HARRIS,house,139,mail,4,96
HARRIS,house,139,mail,5,122
HARRIS,house,139,mail,6,237
HARRIS,house,139,mail,7,99
HARRIS,house,139,mail,8,1
HARRIS,house,139,mail,9,121
HARRIS,house,139,mail,10,162
HARRIS,house,139,mail,11,345
HARRIS,house,139,mail,12,120
HARRIS,house,139,mail,13,197
HARRIS,house,139,mail,14,174
HARRIS,house,139,mail,17,336
HARRIS,house,139,mail,18,176
HARRIS,house,139,mail,19,223
HARRIS,house,139,mail,20,134
HARRIS,house,139,mail,21,50
HARRIS,house,139,mail,25,11
HARRIS,house,139,mail,28,2
HARRIS,house,140,inperson,4,1979
HARRIS,house,140,inperson,5,1316
HARRIS,house,140,inperson,6,896
HARRIS,house,140,inperson,7,646
HARRIS,house,140,inperson,8,809
HARRIS,house,140,inperson,9,333
HARRIS,house,140,inperson,10,581
HARRIS,house,140,inperson,11,641
HARRIS,house,140,inperson,12,748
HARRIS,house,140,inperson,13,841
HARRIS,house,140,inperson,14,794
HARRIS,house,140,inperson,15,891
HARRIS,house,140,mail,4,23
HARRIS,house,140,mail,5,41
HARRIS,house,140,mail,6,78
HARRIS,house,140,mail,7,33
HARRIS,house,140,mail,9,56
HARRIS,house,140,mail,10,63
HARRIS,house,140,mail,11,109
HARRIS,house,140,mail,12,77
HARRIS,house,140,mail,13,64
HARRIS,house,140,mail,14,57
HARRIS,house,140,mail,17,137
HARRIS,house,140,mail,18,88
HARRIS,house,140,mail,19,96
HARRIS,house,140,mail,20,57
HARRIS,house,140,mail,21,57
HARRIS,house,140,mail,25,18
HARRIS,house,140,mail,26,1
HARRIS,house,140,mail,27,2
HARRIS,house,141,inperson,4,2844
HARRIS,house,141,inperson,5,1860
HARRIS,house,141,inperson,6,1417
HARRIS,house,141,inperson,7,913
HARRIS,house,141,inperson,8,1205
HARRIS,house,141,inperson,9,599
HARRIS,house,141,inperson,10,837
HARRIS,house,141,inperson,11,1011
HARRIS,house,141,inperson,12,1216
HARRIS,house,141,inperson,13,1099
HARRIS,house,141,inperson,14,1258
HARRIS,house,141,inperson,15,1275
HARRIS,house,141,mail,4,70
HARRIS,house,141,mail,5,71
HARRIS,house,141,mail,6,123
HARRIS,house,141,mail,7,60
HARRIS,house,141,mail,9,129
HARRIS,house,141,mail,10,60
HARRIS,house,141,mail,11,234
HARRIS,house,141,mail,12,79
HARRIS,house,141,mail,13,169
HARRIS,house,141,mail,14,119
HARRIS,house,141,mail,17,268
HARRIS,house,141,mail,18,111
HARRIS,house,141,mail,19,168
HARRIS,house,141,mail,20,122
HARRIS,house,141,mail,21,39
HARRIS,house,141,mail,25,2
HARRIS,house,142,inperson,4,3821
HARRIS,house,142,inperson,5,2525
HARRIS,house,142,inperson,6,1813
HARRIS,house,142,inperson,7,1384
HARRIS,house,142,inperson,8,1662
HARRIS,house,142,inperson,9,860
HARRIS,house,142,inperson,10,1387
HARRIS,house,142,inperson,11,1420
HARRIS,house,142,inperson,12,1555
HARRIS,house,142,inperson,13,1632
HARRIS,house,142,inperson,14,1695
HARRIS,house,142,inperson,15,1759
HARRIS,house,142,mail,4,74
HARRIS,house,142,mail,5,74
HARRIS,house,142,mail,6,94
HARRIS,house,142,mail,7,68
HARRIS,house,142,mail,9,105
HARRIS,house,142,mail,10,74
HARRIS,house,142,mail,11,197
HARRIS,house,142,mail,12,96
HARRIS,house,142,mail,13,119
HARRIS,house,142,mail,14,123
HARRIS,house,142,mail,17,303
HARRIS,house,142,mail,18,147
HARRIS,house,142,mail,19,148
HARRIS,house,142,mail,20,83
HARRIS,house,142,mail,21,47
HARRIS,house,142,mail,25,10
HARRIS,house,142,mail,32,1
HARRIS,house,143,inperson,4,2424
HARRIS,house,143,inperson,5,1560
HARRIS,house,143,inperson,6,1213
HARRIS,house,143,inperson,7,956
HARRIS,house,143,inperson,8,1021
HARRIS,house,143,inperson,9,479
HARRIS,house,143,inperson,10,738
HARRIS,house,143,inperson,11,1079
HARRIS,house,143,inperson,12,1153
HARRIS,house,143,inperson,13,1303
HARRIS,house,143,inperson,14,1395
HARRIS,house,143,inperson,15,1462
HARRIS,house,143,mail,4,52
HARRIS,house,143,mail,5,57
HARRIS,house,143,mail,6,84
HARRIS,house,143,mail,7,36
HARRIS,house,143,mail,9,49
HARRIS,house,143,mail,10,82
HARRIS,house,143,mail,11,168
HARRIS,house,143,mail,12,58
HARRIS,house,143,mail,13,90
HARRIS,house,143,mail,14,86
HARRIS,house,143,mail,17,286
HARRIS,house,143,mail,18,102
HARRIS,house,143,mail,19,127
HARRIS,house,143,mail,20,55
HARRIS,house,143,mail,21,56
HARRIS,house,143,mail,25,15
HARRIS,house,143,mail,27,1
HARRIS,house,143,mail,28,2
HARRIS,house,143,mail,33,1
HARRIS,house,144,inperson,4,2483
HARRIS,house,144,inperson,5,1672
HARRIS,house,144,inperson,6,1245
HARRIS,house,144,inperson,7,877
HARRIS,house,144,inperson,8,1028
HARRIS,house,144,inperson,9,475
HARRIS,house,144,inperson,10,842
HARRIS,house,144,inperson,11,1069
HARRIS,house,144,inperson,12,1106
HARRIS,house,144,inperson,13,1217
HARRIS,house,144,inperson,14,1258
HARRIS,house,144,inperson,15,1467
HARRIS,house,144,mail,4,47
HARRIS,house,144,mail,5,82
HARRIS,house,144,mail,6,103
HARRIS,house,144,mail,7,72
HARRIS,house,144,mail,9,48
HARRIS,house,144,mail,10,77
HARRIS,house,144,mail,11,133
HARRIS,house,144,mail,12,83
HARRIS,house,144,mail,13,159
HARRIS,house,144,mail,14,93
HARRIS,house,144,mail,17,282
HARRIS,house,144,mail,18,128
HARRIS,house,144,mail,19,93
HARRIS,house,144,mail,20,100
HARRIS,house,144,mail,21,33
HARRIS,house,144,mail,25,3
HARRIS,house,144,mail,37,2
HARRIS,house,145,inperson,4,4920
HARRIS,house,145,inperson,5,3374
HARRIS,house,145,inperson,6,2390
HARRIS,house,145,inperson,7,1901
HARRIS,house,145,inperson,8,2081
HARRIS,house,145,inperson,9,1071
HARRIS,house,145,inperson,10,1721
HARRIS,house,145,inperson,11,2219
HARRIS,house,145,inperson,12,1994
HARRIS,house,145,inperson,13,2195
HARRIS,house,145,inperson,14,2299
HARRIS,house,145,inperson,15,2505
HARRIS,house,145,mail,4,79
HARRIS,house,145,mail,5,92
HARRIS,house,145,mail,6,163
HARRIS,house,145,mail,7,67
HARRIS,house,145,mail,9,59
HARRIS,house,145,mail,10,99
HARRIS,house,145,mail,11,150
HARRIS,house,145,mail,12,101
HARRIS,house,145,mail,13,174
HARRIS,house,145,mail,14,118
HARRIS,house,145,mail,15,1
HARRIS,house,145,mail,17,236
HARRIS,house,145,mail,18,112
HARRIS,house,145,mail,19,152
HARRIS,house,145,mail,20,103
HARRIS,house,145,mail,21,30
HARRIS,house,145,mail,25,7
HARRIS,house,145,mail,27,4
HARRIS,house,145,mail,28,5
HARRIS,house,145,mail,33,1
HARRIS,house,145,mail,36,2
HARRIS,house,146,inperson,4,4521
HARRIS,house,146,inperson,5,3025
HARRIS,house,146,inperson,6,2334
HARRIS,house,146,inperson,7,1657
HARRIS,house,146,inperson,8,2084
HARRIS,house,146,inperson,9,856
HARRIS,house,146,inperson,10,1557
HARRIS,house,146,inperson,11,1732
HARRIS,house,146,inperson,12,2048
HARRIS,house,146,inperson,13,1952
HARRIS,house,146,inperson,14,2084
HARRIS,house,146,inperson,15,2098
HARRIS,house,146,mail,4,156
HARRIS,house,146,mail,5,141
HARRIS,house,146,mail,6,250
HARRIS,house,146,mail,7,110
HARRIS,house,146,mail,9,158
HARRIS,house,146,mail,10,188
HARRIS,house,146,mail,11,369
HARRIS,house,146,mail,12,149
HARRIS,house,146,mail,13,279
HARRIS,house,146,mail,14,165
HARRIS,house,146,mail,17,482
HARRIS,house,146,mail,18,187
HARRIS,house,146,mail,19,205
HARRIS,house,146,mail,20,125
HARRIS,house,146,mail,21,20
HARRIS,house,146,mail,25,12
HARRIS,house,146,mail,26,2
HARRIS,house,146,mail,27,1
HARRIS,house,146,mail,28,5
HARRIS,house,146,mail,32,1
HARRIS,house,146,mail,34,1
HARRIS,house,146,mail,36,4
HARRIS,house,147,inperson,4,5580
HARRIS,house,147,inperson,5,3443
HARRIS,house,147,inperson,6,2607
HARRIS,house,147,inperson,7,1926
HARRIS,house,147,inperson,8,2216
HARRIS,house,147,inperson,9,1095
HARRIS,house,147,inperson,10,1693
HARRIS,house,147,inperson,11,2067
HARRIS,house,147,inperson,12,2194
HARRIS,house,147,inperson,13,2113
HARRIS,house,147,inperson,14,2173
HARRIS,house,147,inperson,15,2273
HARRIS,house,147,mail,4,92
HARRIS,house,147,mail,5,97
HARRIS,house,147,mail,6,204
HARRIS,house,147,mail,7,69
HARRIS,house,147,mail,9,132
HARRIS,house,147,mail,10,137
HARRIS,house,147,mail,11,249
HARRIS,house,147,mail,12,99
HARRIS,house,147,mail,13,211
HARRIS,house,147,mail,14,133
HARRIS,house,147,mail,17,384
HARRIS,house,147,mail,18,129
HARRIS,house,147,mail,19,214
HARRIS,house,147,mail,20,93
HARRIS,house,147,mail,21,17
HARRIS,house,147,mail,25,13
HARRIS,house,147,mail,26,1
HARRIS,house,147,mail,27,6
HARRIS,house,147,mail,28,4
HARRIS,house,147,mail,33,3
HARRIS,house,147,mail,34,1
HARRIS,house,147,mail,36,2
HARRIS,house,148,inperson,4,3765
HARRIS,house,148,inperson,5,2636
HARRIS,house,148,inperson,6,1870
HARRIS,house,148,inperson,7,1415
HARRIS,house,148,inperson,8,1688
HARRIS,house,148,inperson,9,917
HARRIS,house,148,inperson,10,1472
HARRIS,house,148,inperson,11,1735
HARRIS,house,148,inperson,12,1716
HARRIS,house,148,inperson,13,1870
HARRIS,house,148,inperson,14,1792
HARRIS,house,148,inperson,15,1930
HARRIS,house,148,mail,4,81
HARRIS,house,148,mail,5,78
HARRIS,house,148,mail,6,111
HARRIS,house,148,mail,7,37
HARRIS,house,148,mail,9,76
HARRIS,house,148,mail,10,102
HARRIS,house,148,mail,11,154
HARRIS,house,148,mail,12,81
HARRIS,house,148,mail,13,126
HARRIS,house,148,mail,14,93
HARRIS,house,148,mail,17,238
HARRIS,house,148,mail,18,122
HARRIS,house,148,mail,19,140
HARRIS,house,148,mail,20,73
HARRIS,house,148,mail,21,66
HARRIS,house,148,mail,25,19
HARRIS,house,148,mail,26,2
HARRIS,house,148,mail,28,2
HARRIS,house,148,mail,32,1
HARRIS,house,148,mail,33,1
HARRIS,house,148,mail,34,1
HARRIS,house,149,inperson,4,3227
HARRIS,house,149,inperson,5,2171
HARRIS,house,149,inperson,6,1637
HARRIS,house,149,inperson,7,1193
HARRIS,house,149,inperson,8,1543
HARRIS,house,149,inperson,9,791
HARRIS,house,149,inperson,10,1346
HARRIS,house,149,inperson,11,1416
HARRIS,house,149,inperson,12,1494
HARRIS,house,149,inperson,13,1474
HARRIS,house,149,inperson,14,1590
HARRIS,house,149,inperson,15,1661
HARRIS,house,149,mail,4,43
HARRIS,house,149,mail,5,68
HARRIS,house,149,mail,6,152
HARRIS,house,149,mail,7,61
HARRIS,house,149,mail,9,70
HARRIS,house,149,mail,10,87
HARRIS,house,149,mail,11,126
HARRIS,house,149,mail,12,71
HARRIS,house,149,mail,13,128
HARRIS,house,149,mail,14,94
HARRIS,house,149,mail,17,171
HARRIS,house,149,mail,18,90
HARRIS,house,149,mail,19,124
HARRIS,house,149,mail,20,102
HARRIS,house,149,mail,21,37
HARRIS,house,149,mail,25,21
HARRIS,house,149,mail,26,3
HARRIS,house,149,mail,27,1
HARRIS,house,149,mail,28,5
HARRIS,house,149,mail,32,1
HARRIS,house,149,mail,34,1
HARRIS,house,149,mail,36,1
HARRIS,house,150,inperson,4,5631
HARRIS,house,150,inperson,5,4119
HARRIS,house,150,inperson,6,3042
HARRIS,house,150,inperson,7,2438
HARRIS,house,150,inperson,8,2763
HARRIS,house,150,inperson,9,1290
HARRIS,house,150,inperson,10,2261
HARRIS,house,150,inperson,11,3167
HARRIS,house,150,inperson,12,2959
HARRIS,house,150,inperson,13,3040
HARRIS,house,150,inperson,14,3386
HARRIS,house,150,inperson,15,3649
HARRIS,house,150,mail,4,59
HARRIS,house,150,mail,5,102
HARRIS,house,150,mail,6,192
HARRIS,house,150,mail,7,103
HARRIS,house,150,mail,9,77
HARRIS,house,150,mail,10,124
HARRIS,house,150,mail,11,200
HARRIS,house,150,mail,12,119
HARRIS,house,150,mail,13,233
HARRIS,house,150,mail,14,115
HARRIS,house,150,mail,15,3
HARRIS,house,150,mail,17,317
HARRIS,house,150,mail,18,173
HARRIS,house,150,mail,19,158
HARRIS,house,150,mail,20,133
HARRIS,house,150,mail,21,88
HARRIS,house,150,mail,25,13
HARRIS,house,150,mail,26,1
HARRIS,house,150,mail,27,2
HARRIS,house,150,mail,28,2
HARRIS,house,150,mail,33,1
HARRIS,house,150,mail,34,1
HARRIS,house,150,mail,37,2
HARRIS,senate,11,inperson,4,8502
HARRIS,senate,11,inperson,5,5835
HARRIS,senate,11,inperson,6,4765
HARRIS,senate,11,inperson,7,3774
HARRIS,senate,11,inperson,8,4502
HARRIS,senate,11,inperson,9,1810
HARRIS,senate,11,inperson,10,3082
HARRIS,senate,11,inperson,11,5307
HARRIS,senate,11,inperson,12,5168
HARRIS,senate,11,inperson,13,5631
HARRIS,senate,11,inperson,14,5944
HARRIS,senate,11,inperson,15,6137
HARRIS,senate,11,mail,4,208
HARRIS,senate,11,mail,5,219
HARRIS,senate,11,mail,6,465
HARRIS,senate,11,mail,7,223
HARRIS,senate,11,mail,9,298
HARRIS,senate,11,mail,10,290
HARRIS,senate,11,mail,11,596
HARRIS,senate,11,mail,12,289
HARRIS,senate,11,mail,13,573
HARRIS,senate,11,mail,14,456
HARRIS,senate,11,mail,15,2
HARRIS,senate,11,mail,17,1041
HARRIS,senate,11,mail,18,482
HARRIS,senate,11,mail,19,371
HARRIS,senate,11,mail,20,263
HARRIS,senate,11,mail,21,113
HARRIS,senate,11,mail,25,26
HARRIS,senate,11,mail,26,1
HARRIS,senate,11,mail,27,7
HARRIS,senate,11,mail,28,4
HARRIS,senate,11,mail,29,1
HARRIS,senate,11,mail,32,4
HARRIS,senate,11,mail,35,2
HARRIS,senate,11,mail,36,1
HARRIS,senate,11,mail,37,1
HARRIS,senate,13,inperson,4,13646
HARRIS,senate,13,inperson,5,8822
HARRIS,senate,13,inperson,6,6656
HARRIS,senate,13,inperson,7,4697
HARRIS,senate,13,inperson,8,6039
HARRIS,senate,13,inperson,9,2766
HARRIS,senate,13,inperson,10,4462
HARRIS,senate,13,inperson,11,4937
HARRIS,senate,13,inperson,12,5830
HARRIS,senate,13,inperson,13,5716
HARRIS,senate,13,inperson,14,6143
HARRIS,senate,13,inperson,15,6185
HARRIS,senate,13,mail,4,349
HARRIS,senate,13,mail,5,368
HARRIS,senate,13,mail,6,732
HARRIS,senate,13,mail,7,304
HARRIS,senate,13,mail,9,504
HARRIS,senate,13,mail,10,389
HARRIS,senate,13,mail,11,1036
HARRIS,senate,13,mail,12,422
HARRIS,senate,13,mail,13,777
HARRIS,senate,13,mail,14,463
HARRIS,senate,13,mail,15,1
HARRIS,senate,13,mail,17,1437
HARRIS,senate,13,mail,18,501
HARRIS,senate,13,mail,19,668
HARRIS,senate,13,mail,20,419
HARRIS,senate,13,mail,21,73
HARRIS,senate,13,mail,25,36
HARRIS,senate,13,mail,26,2
HARRIS,senate,13,mail,27,6
HARRIS,senate,13,mail,28,9
HARRIS,senate,13,mail,32,3
HARRIS,senate,13,mail,33,3
HARRIS,senate,13,mail,34,3
HARRIS,senate,13,mail,36,3
HARRIS,senate,13,mail,37,2
HARRIS,senate,15,inperson,4,24549
HARRIS,senate,15,inperson,5,17283
HARRIS,senate,15,inperson,6,13515
HARRIS,senate,15,inperson,7,10780
HARRIS,senate,15,inperson,8,11825
HARRIS,senate,15,inperson,9,6075
HARRIS,senate,15,inperson,10,9886
HARRIS,senate,15,inperson,11,12454
HARRIS,senate,15,inperson,12,11934
HARRIS,senate,15,inperson,13,12136
HARRIS,senate,15,inperson,14,12427
HARRIS,senate,15,inperson,15,12680
HARRIS,senate,15,mail,4,537
HARRIS,senate,15,mail,5,563
HARRIS,senate,15,mail,6,1146
HARRIS,senate,15,mail,7,462
HARRIS,senate,15,mail,8,2
HARRIS,senate,15,mail,9,564
HARRIS,senate,15,mail,10,725
HARRIS,senate,15,mail,11,1206
HARRIS,senate,15,mail,12,638
HARRIS,senate,15,mail,13,1063
HARRIS,senate,15,mail,14,782
HARRIS,senate,15,mail,15,11
HARRIS,senate,15,mail,17,1385
HARRIS,senate,15,mail,18,766
HARRIS,senate,15,mail,19,975
HARRIS,senate,15,mail,20,613
HARRIS,senate,15,mail,21,317
HARRIS,senate,15,mail,25,94
HARRIS,senate,15,mail,26,11
HARRIS,senate,15,mail,27,7
HARRIS,senate,15,mail,28,31
HARRIS,senate,15,mail,32,3
HARRIS,senate,15,mail,33,5
HARRIS,senate,15,mail,34,8
HARRIS,senate,15,mail,36,4
HARRIS,senate,15,mail,37,1
HARRIS,senate,17,inperson,4,9865
HARRIS,senate,17,inperson,5,7417
HARRIS,senate,17,inperson,6,6296
HARRIS,senate,17,inperson,7,5243
HARRIS,senate,17,inperson,8,5861
HARRIS,senate,17,inperson,9,2635
HARRIS,senate,17,inperson,10,4624
HARRIS,senate,17,inperson,11,6073
HARRIS,senate,17,inperson,12,6034
HARRIS,senate,17,inperson,13,6191
HARRIS,senate,17,inperson,14,6618
HARRIS,senate,17,inperson,15,6794
HARRIS,senate,17,mail,4,267
HARRIS,senate,17,mail,5,351
HARRIS,senate,17,mail,6,723
HARRIS,senate,17,mail,7,269
HARRIS,senate,17,mail,9,349
HARRIS,senate,17,mail,10,438
HARRIS,senate,17,mail,11,638
HARRIS,senate,17,mail,12,484
HARRIS,senate,17,mail,13,684
HARRIS,senate,17,mail,14,404
HARRIS,senate,17,mail,17,795
HARRIS,senate,17,mail,18,452
HARRIS,senate,17,mail,19,533
HARRIS,senate,17,mail,20,301
HARRIS,senate,17,mail,21,99
HARRIS,senate,17,mail,22,1
HARRIS,senate,17,mail,25,32
HARRIS,senate,17,mail,26,1
HARRIS,senate,17,mail,27,4
HARRIS,senate,17,mail,28,6
HARRIS,senate,17,mail,32,6
HARRIS,senate,17,mail,33,6
HARRIS,senate,17,mail,36,1
HARRIS,senate,18,inperson,4,3526
HARRIS,senate,18,inperson,5,2630
HARRIS,senate,18,inperson,6,1967
HARRIS,senate,18,inperson,7,1613
HARRIS,senate,18,inperson,8,1898
HARRIS,senate,18,inperson,9,920
HARRIS,senate,18,inperson,10,1429
HARRIS,senate,18,inperson,11,1896
HARRIS,senate,18,inperson,12,1844
HARRIS,senate,18,inperson,13,1848
HARRIS,senate,18,inperson,14,1938
HARRIS,senate,18,inperson,15,1932
HARRIS,senate,18,mail,4,45
HARRIS,senate,18,mail,5,38
HARRIS,senate,18,mail,6,115
HARRIS,senate,18,mail,7,40
HARRIS,senate,18,mail,9,55
HARRIS,senate,18,mail,10,55
HARRIS,senate,18,mail,11,128
HARRIS,senate,18,mail,12,50
HARRIS,senate,18,mail,13,93
HARRIS,senate,18,mail,14,60
HARRIS,senate,18,mail,15,1
HARRIS,senate,18,mail,17,155
HARRIS,senate,18,mail,18,73
HARRIS,senate,18,mail,19,83
HARRIS,senate,18,mail,20,64
HARRIS,senate,18,mail,21,45
HARRIS,senate,18,mail,25,18
HARRIS,senate,18,mail,26,4
HARRIS,senate,18,mail,28,3
HARRIS,senate,4,inperson,4,8135
HARRIS,senate,4,inperson,5,6181
HARRIS,senate,4,inperson,6,4972
HARRIS,senate,4,inperson,7,4289
HARRIS,senate,4,inperson,8,4561
HARRIS,senate,4,inperson,9,2115
HARRIS,senate,4,inperson,10,3762
HARRIS,senate,4,inperson,11,4943
HARRIS,senate,4,inperson,12,4944
HARRIS,senate,4,inperson,13,5131
HARRIS,senate,4,inperson,14,5452
HARRIS,senate,4,inperson,15,5521
HARRIS,senate,4,mail,4,117
HARRIS,senate,4,mail,5,188
HARRIS,senate,4,mail,6,422
HARRIS,senate,4,mail,7,147
HARRIS,senate,4,mail,9,206
HARRIS,senate,4,mail,10,281
HARRIS,senate,4,mail,11,551
HARRIS,senate,4,mail,12,223
HARRIS,senate,4,mail,13,336
HARRIS,senate,4,mail,14,277
HARRIS,senate,4,mail,15,1
HARRIS,senate,4,mail,17,720
HARRIS,senate,4,mail,18,346
HARRIS,senate,4,mail,19,359
HARRIS,senate,4,mail,20,201
HARRIS,senate,4,mail,21,125
HARRIS,senate,4,mail,25,26
HARRIS,senate,4,mail,26,1
HARRIS,senate,4,mail,27,3
HARRIS,senate,4,mail,28,3
HARRIS,senate,4,mail,33,1
HARRIS,senate,4,mail,34,1
HARRIS,senate,4,mail,35,2
HARRIS,senate,4,mail,37,3
HARRIS,senate,6,inperson,4,13304
HARRIS,senate,6,inperson,5,8682
HARRIS,senate,6,inperson,6,6185
HARRIS,senate,6,inperson,7,4630
HARRIS,senate,6,inperson,8,5418
HARRIS,senate,6,inperson,9,2567
HARRIS,senate,6,inperson,10,4218
HARRIS,senate,6,inperson,11,5044
HARRIS,senate,6,inperson,12,5534
HARRIS,senate,6,inperson,13,6003
HARRIS,senate,6,inperson,14,6173
HARRIS,senate,6,inperson,15,6802
HARRIS,senate,6,mail,4,228
HARRIS,senate,6,mail,5,283
HARRIS,senate,6,mail,6,461
HARRIS,senate,6,mail,7,235
HARRIS,senate,6,mail,9,289
HARRIS,senate,6,mail,10,367
HARRIS,senate,6,mail,11,684
HARRIS,senate,6,mail,12,336
HARRIS,senate,6,mail,13,533
HARRIS,senate,6,mail,14,415
HARRIS,senate,6,mail,15,1
HARRIS,senate,6,mail,17,1156
HARRIS,senate,6,mail,18,510
HARRIS,senate,6,mail,19,523
HARRIS,senate,6,mail,20,393
HARRIS,senate,6,mail,21,204
HARRIS,senate,6,mail,25,48
HARRIS,senate,6,mail,26,1
HARRIS,senate,6,mail,27,4
HARRIS,senate,6,mail,28,5
HARRIS,senate,6,mail,32,1
HARRIS,senate,6,mail,34,1
HARRIS,senate,6,mail,36,2
HARRIS,senate,6,mail,37,2
HARRIS,senate,7,inperson,4,23722
HARRIS,senate,7,inperson,5,18188
HARRIS,senate,7,inperson,6,14515
HARRIS,senate,7,inperson,7,11939
HARRIS,senate,7,inperson,8,13175
HARRIS,senate,7,inperson,9,6238
HARRIS,senate,7,inperson,10,10349
HARRIS,senate,7,inperson,11,14493
HARRIS,senate,7,inperson,12,13817
HARRIS,senate,7,inperson,13,14182
HARRIS,senate,7,inperson,14,14888
HARRIS,senate,7,inperson,15,14812
HARRIS,senate,7,mail,4,392
HARRIS,senate,7,mail,5,449
HARRIS,senate,7,mail,6,1021
HARRIS,senate,7,mail,7,462
HARRIS,senate,7,mail,9,490
HARRIS,senate,7,mail,10,543
HARRIS,senate,7,mail,11,1052
HARRIS,senate,7,mail,12,557
HARRIS,senate,7,mail,13,984
HARRIS,senate,7,mail,14,589
HARRIS,senate,7,mail,15,3
HARRIS,senate,7,mail,17,1331
HARRIS,senate,7,mail,18,786
HARRIS,senate,7,mail,19,594
HARRIS,senate,7,mail,20,682
HARRIS,senate,7,mail,21,576
HARRIS,senate,7,mail,25,120
HARRIS,senate,7,mail,26,11
HARRIS,senate,7,mail,27,7
HARRIS,senate,7,mail,28,13
HARRIS,senate,7,mail,29,1
HARRIS,senate,7,mail,32,3
HARRIS,senate,7,mail,33,8
HARRIS,senate,7,mail,34,4
HARRIS,senate,7,mail,35,3
HARRIS,senate,7,mail,36,2
HARRIS,senate,7,mail,37,1
HARRISON,house,7,inperson,4,1826
HARRISON,house,7,inperson,5,1370
HARRISON,house,7,inperson,6,983
HARRISON,house,7,inperson,7,1049
HARRISON,house,7,inperson,8,934
HARRISON,house,7,inperson,9,120
HARRISON,house,7,inperson,10,259
HARRISON,house,7,inperson,11,1370
HARRISON,house,7,inperson,12,1327
HARRISON,house,7,inperson,13,1339
HARRISON,house,7,inperson,14,1506
HARRISON,house,7,inperson,15,1791
HARRISON,house,7,mail,4,13
HARRISON,house,7,mail,5,18
HARRISON,house,7,mail,7,65
HARRISON,house,7,mail,8,1
HARRISON,house,7,mail,11,11
HARRISON,house,7,mail,12,10
HARRISON,house,7,mail,13,32
HARRISON,house,7,mail,14,40
HARRISON,house,7,mail,15,13
HARRISON,house,7,mail,18,40
HARRISON,house,7,mail,20,19
HARRISON,house,7,mail,21,11
HARRISON,house,7,mail,22,62
HARRISON,house,7,mail,25,72
HARRISON,house,7,mail,26,23
HARRISON,house,7,mail,27,29
HARRISON,house,7,mail,28,26
HARRISON,house,7,mail,29,44
HARRISON,house,7,mail,32,1
HARRISON,house,7,mail,37,2
HARRISON,senate,1,inperson,4,1826
HARRISON,senate,1,inperson,5,1370
HARRISON,senate,1,inperson,6,983
HARRISON,senate,1,inperson,7,1049
HARRISON,senate,1,inperson,8,934
HARRISON,senate,1,inperson,9,120
HARRISON,senate,1,inperson,10,259
HARRISON,senate,1,inperson,11,1370
HARRISON,senate,1,inperson,12,1327
HARRISON,senate,1,inperson,13,1339
HARRISON,senate,1,inperson,14,1506
HARRISON,senate,1,inperson,15,1791
HARRISON,senate,1,mail,4,13
HARRISON,senate,1,mail,5,18
HARRISON,senate,1,mail,7,65
HARRISON,senate,1,mail,8,1
HARRISON,senate,1,mail,11,11
HARRISON,senate,1,mail,12,10
HARRISON,senate,1,mail,13,32
HARRISON,senate,1,mail,14,40
HARRISON,senate,1,mail,15,13
HARRISON,senate,1,mail,18,40
HARRISON,senate,1,mail,20,19
HARRISON,senate,1,mail,21,11
HARRISON,senate,1,mail,22,62
HARRISON,senate,1,mail,25,72
HARRISON,senate,1,mail,26,23
HARRISON,senate,1,mail,27,29
HARRISON,senate,1,mail,28,26
HARRISON,senate,1,mail,29,44
HARRISON,senate,1,mail,32,1
HARRISON,senate,1,mail,37,2
HARTLEY,house,86,inperson,4,79
HARTLEY,house,86,inperson,5,57
HARTLEY,house,86,inperson,6,68
HARTLEY,house,86,inperson,7,56
HARTLEY,house,86,inperson,8,58
HARTLEY,house,86,inperson,11,81
HARTLEY,house,86,inperson,12,64
HARTLEY,house,86,inperson,13,80
HARTLEY,house,86,inperson,14,122
HARTLEY,house,86,inperson,15,106
HARTLEY,house,86,mail,4,2
HARTLEY,house,86,mail,5,4
HARTLEY,house,86,mail,6,1
HARTLEY,house,86,mail,8,8
HARTLEY,house,86,mail,11,3
HARTLEY,house,86,mail,12,5
HARTLEY,house,86,mail,13,4
HARTLEY,house,86,mail,15,7
HARTLEY,house,86,mail,18,6
HARTLEY,house,86,mail,19,2
HARTLEY,house,86,mail,20,5
HARTLEY,house,86,mail,21,9
HARTLEY,house,86,mail,25,3
HARTLEY,house,86,mail,26,1
HARTLEY,senate,31,inperson,4,79
HARTLEY,senate,31,inperson,5,57
HARTLEY,senate,31,inperson,6,68
HARTLEY,senate,31,inperson,7,56
HARTLEY,senate,31,inperson,8,58
HARTLEY,senate,31,inperson,11,81
HARTLEY,senate,31,inperson,12,64
HARTLEY,senate,31,inperson,13,80
HARTLEY,senate,31,inperson,14,122
HARTLEY,senate,31,inperson,15,106
HARTLEY,senate,31,mail,4,2
HARTLEY,senate,31,mail,5,4
HARTLEY,senate,31,mail,6,1
HARTLEY,senate,31,mail,8,8
HARTLEY,senate,31,mail,11,3
HARTLEY,senate,31,mail,12,5
HARTLEY,senate,31,mail,13,4
HARTLEY,senate,31,mail,15,7
HARTLEY,senate,31,mail,18,6
HARTLEY,senate,31,mail,19,2
HARTLEY,senate,31,mail,20,5
HARTLEY,senate,31,mail,21,9
HARTLEY,senate,31,mail,25,3
HARTLEY,senate,31,mail,26,1
HASKELL,house,69,inperson,4,105
HASKELL,house,69,inperson,5,63
HASKELL,house,69,inperson,6,57
HASKELL,house,69,inperson,7,43
HASKELL,house,69,inperson,8,66
HASKELL,house,69,inperson,10,38
HASKELL,house,69,inperson,11,85
HASKELL,house,69,inperson,12,68
HASKELL,house,69,inperson,13,55
HASKELL,house,69,inperson,14,92
HASKELL,house,69,inperson,15,119
HASKELL,house,69,mail,4,4
HASKELL,house,69,mail,5,2
HASKELL,house,69,mail,6,3
HASKELL,house,69,mail,8,5
HASKELL,house,69,mail,11,2
HASKELL,house,69,mail,12,4
HASKELL,house,69,mail,13,7
HASKELL,house,69,mail,14,1
HASKELL,house,69,mail,15,8
HASKELL,house,69,mail,18,4
HASKELL,house,69,mail,19,5
HASKELL,house,69,mail,20,3
HASKELL,house,69,mail,21,7
HASKELL,house,69,mail,22,4
HASKELL,house,69,mail,25,2
HASKELL,senate,28,inperson,4,105
HASKELL,senate,28,inperson,5,63
HASKELL,senate,28,inperson,6,57
HASKELL,senate,28,inperson,7,43
HASKELL,senate,28,inperson,8,66
HASKELL,senate,28,inperson,10,38
HASKELL,senate,28,inperson,11,85
HASKELL,senate,28,inperson,12,68
HASKELL,senate,28,inperson,13,55
HASKELL,senate,28,inperson,14,92
HASKELL,senate,28,inperson,15,119
HASKELL,senate,28,mail,4,4
HASKELL,senate,28,mail,5,2
HASKELL,senate,28,mail,6,3
HASKELL,senate,28,mail,8,5
HASKELL,senate,28,mail,11,2
HASKELL,senate,28,mail,12,4
HASKELL,senate,28,mail,13,7
HASKELL,senate,28,mail,14,1
HASKELL,senate,28,mail,15,8
HASKELL,senate,28,mail,18,4
HASKELL,senate,28,mail,19,5
HASKELL,senate,28,mail,20,3
HASKELL,senate,28,mail,21,7
HASKELL,senate,28,mail,22,4
HASKELL,senate,28,mail,25,2
HAYS,house,45,inperson,4,7349
HAYS,house,45,inperson,5,4815
HAYS,house,45,inperson,6,3552
HAYS,house,45,inperson,7,3214
HAYS,house,45,inperson,8,3197
HAYS,house,45,inperson,9,1453
HAYS,house,45,inperson,10,2915
HAYS,house,45,inperson,11,3838
HAYS,house,45,inperson,12,3420
HAYS,house,45,inperson,13,3974
HAYS,house,45,inperson,14,4154
HAYS,house,45,inperson,15,4362
HAYS,house,45,mail,4,210
HAYS,house,45,mail,5,9
HAYS,house,45,mail,6,90
HAYS,house,45,mail,8,269
HAYS,house,45,mail,11,427
HAYS,house,45,mail,14,185
HAYS,house,45,mail,17,314
HAYS,house,45,mail,20,162
HAYS,house,45,mail,21,250
HAYS,house,45,mail,25,90
HAYS,house,45,mail,26,321
HAYS,house,45,mail,27,93
HAYS,house,45,mail,32,344
HAYS,house,73,inperson,4,1929
HAYS,house,73,inperson,5,1448
HAYS,house,73,inperson,6,1272
HAYS,house,73,inperson,7,1268
HAYS,house,73,inperson,8,1105
HAYS,house,73,inperson,9,336
HAYS,house,73,inperson,10,847
HAYS,house,73,inperson,11,1360
HAYS,house,73,inperson,12,1387
HAYS,house,73,inperson,13,1418
HAYS,house,73,inperson,14,1554
HAYS,house,73,inperson,15,1632
HAYS,house,73,mail,4,79
HAYS,house,73,mail,5,4
HAYS,house,73,mail,6,58
HAYS,house,73,mail,8,151
HAYS,house,73,mail,11,220
HAYS,house,73,mail,13,2
HAYS,house,73,mail,14,75
HAYS,house,73,mail,17,167
HAYS,house,73,mail,20,82
HAYS,house,73,mail,21,116
HAYS,house,73,mail,25,85
HAYS,house,73,mail,26,186
HAYS,house,73,mail,27,63
HAYS,house,73,mail,32,105
HAYS,senate,21,inperson,4,5312
HAYS,senate,21,inperson,5,3425
HAYS,senate,21,inperson,6,2448
HAYS,senate,21,inperson,7,2188
HAYS,senate,21,inperson,8,2236
HAYS,senate,21,inperson,9,1000
HAYS,senate,21,inperson,10,2055
HAYS,senate,21,inperson,11,2510
HAYS,senate,21,inperson,12,2296
HAYS,senate,21,inperson,13,2704
HAYS,senate,21,inperson,14,2865
HAYS,senate,21,inperson,15,3120
HAYS,senate,21,mail,4,137
HAYS,senate,21,mail,5,8
HAYS,senate,21,mail,6,52
HAYS,senate,21,mail,8,170
HAYS,senate,21,mail,11,250
HAYS,senate,21,mail,14,101
HAYS,senate,21,mail,17,168
HAYS,senate,21,mail,20,86
HAYS,senate,21,mail,21,145
HAYS,senate,21,mail,25,56
HAYS,senate,21,mail,26,187
HAYS,senate,21,mail,27,60
HAYS,senate,21,mail,32,292
HAYS,senate,25,inperson,4,3966
HAYS,senate,25,inperson,5,2838
HAYS,senate,25,inperson,6,2376
HAYS,senate,25,inperson,7,2294
HAYS,senate,25,inperson,8,2066
HAYS,senate,25,inperson,9,788
HAYS,senate,25,inperson,10,1707
HAYS,senate,25,inperson,11,2688
HAYS,senate,25,inperson,12,2511
HAYS,senate,25,inperson,13,2688
HAYS,senate,25,inperson,14,2843
HAYS,senate,25,inperson,15,2874
HAYS,senate,25,mail,4,152
HAYS,senate,25,mail,5,5
HAYS,senate,25,mail,6,96
HAYS,senate,25,mail,8,250
HAYS,senate,25,mail,11,396
HAYS,senate,25,mail,13,2
HAYS,senate,25,mail,14,159
HAYS,senate,25,mail,17,313
HAYS,senate,25,mail,20,158
HAYS,senate,25,mail,21,221
HAYS,senate,25,mail,25,118
HAYS,senate,25,mail,26,320
HAYS,senate,25,mail,27,96
HAYS,senate,25,mail,32,158
HEMPHILL,house,88,inperson,4,56
HEMPHILL,house,88,inperson,5,62
HEMPHILL,house,88,inperson,6,52
HEMPHILL,house,88,inperson,7,53
HEMPHILL,house,88,inperson,8,66
HEMPHILL,house,88,inperson,11,86
HEMPHILL,house,88,inperson,12,87
HEMPHILL,house,88,inperson,13,61
HEMPHILL,house,88,inperson,14,68
HEMPHILL,house,88,inperson,15,97
HEMPHILL,house,88,mail,5,2
HEMPHILL,house,88,mail,7,2
HEMPHILL,house,88,mail,8,5
HEMPHILL,house,88,mail,11,4
HEMPHILL,house,88,mail,12,2
HEMPHILL,house,88,mail,13,1
HEMPHILL,house,88,mail,14,4
HEMPHILL,house,88,mail,18,2
HEMPHILL,house,88,mail,19,2
HEMPHILL,house,88,mail,20,4
HEMPHILL,house,88,mail,21,2
HEMPHILL,house,88,mail,22,7
HEMPHILL,house,88,mail,25,1
HEMPHILL,house,88,mail,26,10
HEMPHILL,house,88,mail,28,4
HEMPHILL,house,88,mail,29,2
HEMPHILL,house,88,mail,32,7
HEMPHILL,house,88,mail,33,2
HEMPHILL,house,88,mail,34,9
HEMPHILL,house,88,mail,35,3
HEMPHILL,senate,31,inperson,4,56
HEMPHILL,senate,31,inperson,5,62
HEMPHILL,senate,31,inperson,6,52
HEMPHILL,senate,31,inperson,7,53
HEMPHILL,senate,31,inperson,8,66
HEMPHILL,senate,31,inperson,11,86
HEMPHILL,senate,31,inperson,12,87
HEMPHILL,senate,31,inperson,13,61
HEMPHILL,senate,31,inperson,14,68
HEMPHILL,senate,31,inperson,15,97
HEMPHILL,senate,31,mail,5,2
HEMPHILL,senate,31,mail,7,2
HEMPHILL,senate,31,mail,8,5
HEMPHILL,senate,31,mail,11,4
HEMPHILL,senate,31,mail,12,2
HEMPHILL,senate,31,mail,13,1
HEMPHILL,senate,31,mail,14,4
HEMPHILL,senate,31,mail,18,2
HEMPHILL,senate,31,mail,19,2
HEMPHILL,senate,31,mail,20,4
HEMPHILL,senate,31,mail,21,2
HEMPHILL,senate,31,mail,22,7
HEMPHILL,senate,31,mail,25,1
HEMPHILL,senate,31,mail,26,10
HEMPHILL,senate,31,mail,28,4
HEMPHILL,senate,31,mail,29,2
HEMPHILL,senate,31,mail,32,7
HEMPHILL,senate,31,mail,33,2
HEMPHILL,senate,31,mail,34,9
HEMPHILL,senate,31,mail,35,3
HENDERSON,house,4,inperson,4,1025
HENDERSON,house,4,inperson,5,718
HENDERSON,house,4,inperson,6,640
HENDERSON,house,4,inperson,7,694
HENDERSON,house,4,inperson,8,849
HENDERSON,house,4,inperson,9,82
HENDERSON,house,4,inperson,10,282
HENDERSON,house,4,inperson,11,691
HENDERSON,house,4,inperson,12,866
HENDERSON,house,4,inperson,13,943
HENDERSON,house,4,inperson,14,1107
HENDERSON,house,4,inperson,15,1043
HENDERSON,house,4,mail,4,5
HENDERSON,house,4,mail,5,9
HENDERSON,house,4,mail,6,20
HENDERSON,house,4,mail,7,28
HENDERSON,house,4,mail,9,2
HENDERSON,house,4,mail,10,27
HENDERSON,house,4,mail,11,19
HENDERSON,house,4,mail,12,33
HENDERSON,house,4,mail,13,33
HENDERSON,house,4,mail,14,3
HENDERSON,house,4,mail,15,20
HENDERSON,house,4,mail,17,31
HENDERSON,house,4,mail,18,11
HENDERSON,house,4,mail,19,27
HENDERSON,house,4,mail,20,14
HENDERSON,house,4,mail,21,9
HENDERSON,house,4,mail,22,47
HENDERSON,house,4,mail,25,22
HENDERSON,house,4,mail,26,55
HENDERSON,house,4,mail,28,40
HENDERSON,house,4,mail,29,42
HENDERSON,house,4,mail,32,5
HENDERSON,house,4,mail,33,20
HENDERSON,house,4,mail,34,1
HENDERSON,house,8,inperson,4,992
HENDERSON,house,8,inperson,5,671
HENDERSON,house,8,inperson,6,539
HENDERSON,house,8,inperson,7,562
HENDERSON,house,8,inperson,8,685
HENDERSON,house,8,inperson,9,52
HENDERSON,house,8,inperson,10,214
HENDERSON,house,8,inperson,11,767
HENDERSON,house,8,inperson,12,942
HENDERSON,house,8,inperson,13,793
HENDERSON,house,8,inperson,14,885
HENDERSON,house,8,inperson,15,1029
HENDERSON,house,8,mail,4,18
HENDERSON,house,8,mail,5,16
HENDERSON,house,8,mail,6,13
HENDERSON,house,8,mail,7,15
HENDERSON,house,8,mail,9,1
HENDERSON,house,8,mail,10,17
HENDERSON,house,8,mail,11,33
HENDERSON,house,8,mail,12,28
HENDERSON,house,8,mail,13,23
HENDERSON,house,8,mail,14,4
HENDERSON,house,8,mail,15,14
HENDERSON,house,8,mail,17,17
HENDERSON,house,8,mail,18,9
HENDERSON,house,8,mail,19,22
HENDERSON,house,8,mail,20,17
HENDERSON,house,8,mail,21,9
HENDERSON,house,8,mail,22,32
HENDERSON,house,8,mail,25,31
HENDERSON,house,8,mail,26,34
HENDERSON,house,8,mail,28,42
HENDERSON,house,8,mail,29,12
HENDERSON,house,8,mail,33,7
HENDERSON,senate,3,inperson,4,2017
HENDERSON,senate,3,inperson,5,1389
HENDERSON,senate,3,inperson,6,1179
HENDERSON,senate,3,inperson,7,1256
HENDERSON,senate,3,inperson,8,1534
HENDERSON,senate,3,inperson,9,134
HENDERSON,senate,3,inperson,10,496
HENDERSON,senate,3,inperson,11,1458
HENDERSON,senate,3,inperson,12,1808
HENDERSON,senate,3,inperson,13,1736
HENDERSON,senate,3,inperson,14,1992
HENDERSON,senate,3,inperson,15,2072
HENDERSON,senate,3,mail,4,23
HENDERSON,senate,3,mail,5,25
HENDERSON,senate,3,mail,6,33
HENDERSON,senate,3,mail,7,43
HENDERSON,senate,3,mail,9,3
HENDERSON,senate,3,mail,10,44
HENDERSON,senate,3,mail,11,52
HENDERSON,senate,3,mail,12,61
HENDERSON,senate,3,mail,13,56
HENDERSON,senate,3,mail,14,7
HENDERSON,senate,3,mail,15,34
HENDERSON,senate,3,mail,17,48
HENDERSON,senate,3,mail,18,20
HENDERSON,senate,3,mail,19,49
HENDERSON,senate,3,mail,20,31
HENDERSON,senate,3,mail,21,18
HENDERSON,senate,3,mail,22,79
HENDERSON,senate,3,mail,25,53
HENDERSON,senate,3,mail,26,89
HENDERSON,senate,3,mail,28,82
HENDERSON,senate,3,mail,29,54
HENDERSON,senate,3,mail,32,5
HENDERSON,senate,3,mail,33,27
HENDERSON,senate,3,mail,34,1
HIDALGO,house,35,inperson,4,1612
HIDALGO,house,35,inperson,5,816
HIDALGO,house,35,inperson,6,591
HIDALGO,house,35,inperson,7,608
HIDALGO,house,35,inperson,8,625
HIDALGO,house,35,inperson,9,332
HIDALGO,house,35,inperson,10,820
HIDALGO,house,35,inperson,11,824
HIDALGO,house,35,inperson,12,789
HIDALGO,house,35,inperson,13,799
HIDALGO,house,35,inperson,14,982
HIDALGO,house,35,inperson,15,1269
HIDALGO,house,35,mail,4,8
HIDALGO,house,35,mail,5,9
HIDALGO,house,35,mail,6,17
HIDALGO,house,35,mail,7,15
HIDALGO,house,35,mail,8,7
HIDALGO,house,35,mail,10,15
HIDALGO,house,35,mail,11,18
HIDALGO,house,35,mail,12,29
HIDALGO,house,35,mail,13,24
HIDALGO,house,35,mail,14,37
HIDALGO,house,35,mail,15,33
HIDALGO,house,35,mail,18,8
HIDALGO,house,35,mail,20,32
HIDALGO,house,35,mail,21,47
HIDALGO,house,35,mail,22,13
HIDALGO,house,35,mail,25,44
HIDALGO,house,35,mail,27,49
HIDALGO,house,36,inperson,4,3247
HIDALGO,house,36,inperson,5,1728
HIDALGO,house,36,inperson,6,1501
HIDALGO,house,36,inperson,7,1253
HIDALGO,house,36,inperson,8,1192
HIDALGO,house,36,inperson,9,507
HIDALGO,house,36,inperson,10,1281
HIDALGO,house,36,inperson,11,1535
HIDALGO,house,36,inperson,12,1393
HIDALGO,house,36,inperson,13,1571
HIDALGO,house,36,inperson,14,1859
HIDALGO,house,36,inperson,15,2065
HIDALGO,house,36,mail,4,27
HIDALGO,house,36,mail,5,31
HIDALGO,house,36,mail,6,34
HIDALGO,house,36,mail,7,55
HIDALGO,house,36,mail,8,30
HIDALGO,house,36,mail,10,21
HIDALGO,house,36,mail,11,32
HIDALGO,house,36,mail,12,42
HIDALGO,house,36,mail,13,64
HIDALGO,house,36,mail,14,61
HIDALGO,house,36,mail,15,102
HIDALGO,house,36,mail,18,33
HIDALGO,house,36,mail,20,65
HIDALGO,house,36,mail,21,99
HIDALGO,house,36,mail,22,25
HIDALGO,house,36,mail,25,153
HIDALGO,house,36,mail,26,1
HIDALGO,house,36,mail,27,97
HIDALGO,house,39,inperson,4,3293
HIDALGO,house,39,inperson,5,1886
HIDALGO,house,39,inperson,6,1610
HIDALGO,house,39,inperson,7,1345
HIDALGO,house,39,inperson,8,1451
HIDALGO,house,39,inperson,9,586
HIDALGO,house,39,inperson,10,1389
HIDALGO,house,39,inperson,11,1835
HIDALGO,house,39,inperson,12,1671
HIDALGO,house,39,inperson,13,1904
HIDALGO,house,39,inperson,14,2117
HIDALGO,house,39,inperson,15,2424
HIDALGO,house,39,mail,4,47
HIDALGO,house,39,mail,5,40
HIDALGO,house,39,mail,6,36
HIDALGO,house,39,mail,7,44
HIDALGO,house,39,mail,8,48
HIDALGO,house,39,mail,10,61
HIDALGO,house,39,mail,11,44
HIDALGO,house,39,mail,12,30
HIDALGO,house,39,mail,13,36
HIDALGO,house,39,mail,14,94
HIDALGO,house,39,mail,15,136
HIDALGO,house,39,mail,18,76
HIDALGO,house,39,mail,20,104
HIDALGO,house,39,mail,21,110
HIDALGO,house,39,mail,22,57
HIDALGO,house,39,mail,25,85
HIDALGO,house,39,mail,26,2
HIDALGO,house,39,mail,27,159
HIDALGO,house,40,inperson,4,3159
HIDALGO,house,40,inperson,5,1908
HIDALGO,house,40,inperson,6,1538
HIDALGO,house,40,inperson,7,1376
HIDALGO,house,40,inperson,8,1363
HIDALGO,house,40,inperson,9,583
HIDALGO,house,40,inperson,10,1373
HIDALGO,house,40,inperson,11,1754
HIDALGO,house,40,inperson,12,1527
HIDALGO,house,40,inperson,13,1708
HIDALGO,house,40,inperson,14,1979
HIDALGO,house,40,inperson,15,2125
HIDALGO,house,40,mail,4,35
HIDALGO,house,40,mail,5,25
HIDALGO,house,40,mail,6,41
HIDALGO,house,40,mail,7,38
HIDALGO,house,40,mail,8,22
HIDALGO,house,40,mail,10,23
HIDALGO,house,40,mail,11,28
HIDALGO,house,40,mail,12,39
HIDALGO,house,40,mail,13,37
HIDALGO,house,40,mail,14,50
HIDALGO,house,40,mail,15,101
HIDALGO,house,40,mail,18,22
HIDALGO,house,40,mail,20,106
HIDALGO,house,40,mail,21,60
HIDALGO,house,40,mail,22,47
HIDALGO,house,40,mail,25,57
HIDALGO,house,40,mail,27,126
HIDALGO,house,41,inperson,4,4280
HIDALGO,house,41,inperson,5,2443
HIDALGO,house,41,inperson,6,2126
HIDALGO,house,41,inperson,7,1937
HIDALGO,house,41,inperson,8,1948
HIDALGO,house,41,inperson,9,631
HIDALGO,house,41,inperson,10,1789
HIDALGO,house,41,inperson,11,2379
HIDALGO,house,41,inperson,12,2315
HIDALGO,house,41,inperson,13,2504
HIDALGO,house,41,inperson,14,2970
HIDALGO,house,41,inperson,15,3070
HIDALGO,house,41,mail,4,31
HIDALGO,house,41,mail,5,27
HIDALGO,house,41,mail,6,43
HIDALGO,house,41,mail,7,40
HIDALGO,house,41,mail,8,49
HIDALGO,house,41,mail,10,47
HIDALGO,house,41,mail,11,49
HIDALGO,house,41,mail,12,56
HIDALGO,house,41,mail,13,59
HIDALGO,house,41,mail,14,83
HIDALGO,house,41,mail,15,137
HIDALGO,house,41,mail,18,57
HIDALGO,house,41,mail,20,88
HIDALGO,house,41,mail,21,137
HIDALGO,house,41,mail,22,38
HIDALGO,house,41,mail,25,128
HIDALGO,house,41,mail,27,153
HIDALGO,senate,20,inperson,4,10708
HIDALGO,senate,20,inperson,5,6114
HIDALGO,senate,20,inperson,6,5124
HIDALGO,senate,20,inperson,7,4610
HIDALGO,senate,20,inperson,8,4509
HIDALGO,senate,20,inperson,9,1825
HIDALGO,senate,20,inperson,10,4574
HIDALGO,senate,20,inperson,11,5665
HIDALGO,senate,20,inperson,12,5302
HIDALGO,senate,20,inperson,13,5773
HIDALGO,senate,20,inperson,14,6846
HIDALGO,senate,20,inperson,15,7411
HIDALGO,senate,20,mail,4,79
HIDALGO,senate,20,mail,5,85
HIDALGO,senate,20,mail,6,118
HIDALGO,senate,20,mail,7,132
HIDALGO,senate,20,mail,8,99
HIDALGO,senate,20,mail,10,92
HIDALGO,senate,20,mail,11,114
HIDALGO,senate,20,mail,12,144
HIDALGO,senate,20,mail,13,170
HIDALGO,senate,20,mail,14,202
HIDALGO,senate,20,mail,15,347
HIDALGO,senate,20,mail,18,107
HIDALGO,senate,20,mail,20,242
HIDALGO,senate,20,mail,21,310
HIDALGO,senate,20,mail,22,109
HIDALGO,senate,20,mail,25,350
HIDALGO,senate,20,mail,26,1
HIDALGO,senate,20,mail,27,373
HIDALGO,senate,27,inperson,4,4883
HIDALGO,senate,27,inperson,5,2667
HIDALGO,senate,27,inperson,6,2242
HIDALGO,senate,27,inperson,7,1909
HIDALGO,senate,27,inperson,8,2070
HIDALGO,senate,27,inperson,9,814
HIDALGO,senate,27,inperson,10,2078
HIDALGO,senate,27,inperson,11,2662
HIDALGO,senate,27,inperson,12,2393
HIDALGO,senate,27,inperson,13,2713
HIDALGO,senate,27,inperson,14,3061
HIDALGO,senate,27,inperson,15,3542
HIDALGO,senate,27,mail,4,69
HIDALGO,senate,27,mail,5,47
HIDALGO,senate,27,mail,6,53
HIDALGO,senate,27,mail,7,60
HIDALGO,senate,27,mail,8,57
HIDALGO,senate,27,mail,10,75
HIDALGO,senate,27,mail,11,57
HIDALGO,senate,27,mail,12,52
HIDALGO,senate,27,mail,13,50
HIDALGO,senate,27,mail,14,123
HIDALGO,senate,27,mail,15,162
HIDALGO,senate,27,mail,18,89
HIDALGO,senate,27,mail,20,153
HIDALGO,senate,27,mail,21,143
HIDALGO,senate,27,mail,22,71
HIDALGO,senate,27,mail,25,117
HIDALGO,senate,27,mail,26,2
HIDALGO,senate,27,mail,27,211
HILL,house,13,inperson,4,688
HILL,house,13,inperson,5,449
HILL,house,13,inperson,6,374
HILL,house,13,inperson,7,427
HILL,house,13,inperson,8,466
HILL,house,13,inperson,10,161
HILL,house,13,inperson,11,564
HILL,house,13,inperson,12,575
HILL,house,13,inperson,13,651
HILL,house,13,inperson,14,804
HILL,house,13,inperson,15,718
HILL,house,13,mail,4,33
HILL,house,13,mail,5,84
HILL,house,13,mail,7,80
HILL,house,13,mail,11,76
HILL,house,13,mail,12,27
HILL,house,13,mail,14,8
HILL,senate,22,inperson,4,688
HILL,senate,22,inperson,5,449
HILL,senate,22,inperson,6,374
HILL,senate,22,inperson,7,427
HILL,senate,22,inperson,8,466
HILL,senate,22,inperson,10,161
HILL,senate,22,inperson,11,564
HILL,senate,22,inperson,12,575
HILL,senate,22,inperson,13,651
HILL,senate,22,inperson,14,804
HILL,senate,22,inperson,15,718
HILL,senate,22,mail,4,33
HILL,senate,22,mail,5,84
HILL,senate,22,mail,7,80
HILL,senate,22,mail,11,76
HILL,senate,22,mail,12,27
HILL,senate,22,mail,14,8
HOCKLEY,house,88,inperson,4,477
HOCKLEY,house,88,inperson,5,308
HOCKLEY,house,88,inperson,6,218
HOCKLEY,house,88,inperson,7,219
HOCKLEY,house,88,inperson,8,278
HOCKLEY,house,88,inperson,11,317
HOCKLEY,house,88,inperson,12,263
HOCKLEY,house,88,inperson,13,277
HOCKLEY,house,88,inperson,14,281
HOCKLEY,house,88,inperson,15,306
HOCKLEY,house,88,mail,4,3
HOCKLEY,house,88,mail,5,9
HOCKLEY,house,88,mail,6,8
HOCKLEY,house,88,mail,7,1
HOCKLEY,house,88,mail,8,10
HOCKLEY,house,88,mail,11,11
HOCKLEY,house,88,mail,12,35
HOCKLEY,house,88,mail,14,4
HOCKLEY,house,88,mail,15,26
HOCKLEY,house,88,mail,18,11
HOCKLEY,house,88,mail,19,5
HOCKLEY,house,88,mail,20,22
HOCKLEY,house,88,mail,22,12
HOCKLEY,senate,28,inperson,4,477
HOCKLEY,senate,28,inperson,5,308
HOCKLEY,senate,28,inperson,6,218
HOCKLEY,senate,28,inperson,7,219
HOCKLEY,senate,28,inperson,8,278
HOCKLEY,senate,28,inperson,11,317
HOCKLEY,senate,28,inperson,12,263
HOCKLEY,senate,28,inperson,13,277
HOCKLEY,senate,28,inperson,14,281
HOCKLEY,senate,28,inperson,15,306
HOCKLEY,senate,28,mail,4,3
HOCKLEY,senate,28,mail,5,9
HOCKLEY,senate,28,mail,6,8
HOCKLEY,senate,28,mail,7,1
HOCKLEY,senate,28,mail,8,10
HOCKLEY,senate,28,mail,11,11
HOCKLEY,senate,28,mail,12,35
HOCKLEY,senate,28,mail,14,4
HOCKLEY,senate,28,mail,15,26
HOCKLEY,senate,28,mail,18,11
HOCKLEY,senate,28,mail,19,5
HOCKLEY,senate,28,mail,20,22
HOCKLEY,senate,28,mail,22,12
HOOD,house,59,inperson,4,1773
HOOD,house,59,inperson,5,1528
HOOD,house,59,inperson,6,1437
HOOD,house,59,inperson,7,1445
HOOD,house,59,inperson,8,1611
HOOD,house,59,inperson,9,368
HOOD,house,59,inperson,10,776
HOOD,house,59,inperson,11,1472
HOOD,house,59,inperson,12,1649
HOOD,house,59,inperson,13,1594
HOOD,house,59,inperson,14,1752
HOOD,house,59,inperson,15,1522
HOOD,house,59,mail,4,35
HOOD,house,59,mail,5,49
HOOD,house,59,mail,6,50
HOOD,house,59,mail,7,68
HOOD,house,59,mail,8,60
HOOD,house,59,mail,11,68
HOOD,house,59,mail,12,111
HOOD,house,59,mail,13,40
HOOD,house,59,mail,14,25
HOOD,house,59,mail,15,109
HOOD,house,59,mail,18,125
HOOD,house,59,mail,19,3
HOOD,house,59,mail,20,76
HOOD,house,59,mail,21,13
HOOD,house,59,mail,22,135
HOOD,house,59,mail,25,38
HOOD,senate,22,inperson,4,1773
HOOD,senate,22,inperson,5,1528
HOOD,senate,22,inperson,6,1437
HOOD,senate,22,inperson,7,1445
HOOD,senate,22,inperson,8,1611
HOOD,senate,22,inperson,9,368
HOOD,senate,22,inperson,10,776
HOOD,senate,22,inperson,11,1472
HOOD,senate,22,inperson,12,1649
HOOD,senate,22,inperson,13,1594
HOOD,senate,22,inperson,14,1752
HOOD,senate,22,inperson,15,1522
HOOD,senate,22,mail,4,35
HOOD,senate,22,mail,5,49
HOOD,senate,22,mail,6,50
HOOD,senate,22,mail,7,68
HOOD,senate,22,mail,8,60
HOOD,senate,22,mail,11,68
HOOD,senate,22,mail,12,111
HOOD,senate,22,mail,13,40
HOOD,senate,22,mail,14,25
HOOD,senate,22,mail,15,109
HOOD,senate,22,mail,18,125
HOOD,senate,22,mail,19,3
HOOD,senate,22,mail,20,76
HOOD,senate,22,mail,21,13
HOOD,senate,22,mail,22,135
HOOD,senate,22,mail,25,38
HOPKINS,house,2,inperson,4,715
HOPKINS,house,2,inperson,5,733
HOPKINS,house,2,inperson,6,502
HOPKINS,house,2,inperson,7,620
HOPKINS,house,2,inperson,8,570
HOPKINS,house,2,inperson,9,145
HOPKINS,house,2,inperson,10,361
HOPKINS,house,2,inperson,11,626
HOPKINS,house,2,inperson,12,677
HOPKINS,house,2,inperson,13,790
HOPKINS,house,2,inperson,14,764
HOPKINS,house,2,inperson,15,693
HOPKINS,house,2,mail,4,24
HOPKINS,house,2,mail,5,1
HOPKINS,house,2,mail,6,12
HOPKINS,house,2,mail,7,13
HOPKINS,house,2,mail,8,15
HOPKINS,house,2,mail,10,20
HOPKINS,house,2,mail,11,18
HOPKINS,house,2,mail,12,30
HOPKINS,house,2,mail,13,21
HOPKINS,house,2,mail,14,12
HOPKINS,house,2,mail,15,68
HOPKINS,house,2,mail,18,12
HOPKINS,house,2,mail,19,41
HOPKINS,house,2,mail,20,5
HOPKINS,house,2,mail,22,12
HOPKINS,house,2,mail,24,26
HOPKINS,house,2,mail,25,9
HOPKINS,house,2,mail,27,9
HOPKINS,house,2,mail,28,7
HOPKINS,house,2,mail,35,2
HOPKINS,senate,1,inperson,4,715
HOPKINS,senate,1,inperson,5,733
HOPKINS,senate,1,inperson,6,502
HOPKINS,senate,1,inperson,7,620
HOPKINS,senate,1,inperson,8,570
HOPKINS,senate,1,inperson,9,145
HOPKINS,senate,1,inperson,10,361
HOPKINS,senate,1,inperson,11,626
HOPKINS,senate,1,inperson,12,677
HOPKINS,senate,1,inperson,13,790
HOPKINS,senate,1,inperson,14,764
HOPKINS,senate,1,inperson,15,693
HOPKINS,senate,1,mail,4,24
HOPKINS,senate,1,mail,5,1
HOPKINS,senate,1,mail,6,12
HOPKINS,senate,1,mail,7,13
HOPKINS,senate,1,mail,8,15
HOPKINS,senate,1,mail,10,20
HOPKINS,senate,1,mail,11,18
HOPKINS,senate,1,mail,12,30
HOPKINS,senate,1,mail,13,21
HOPKINS,senate,1,mail,14,12
HOPKINS,senate,1,mail,15,68
HOPKINS,senate,1,mail,18,12
HOPKINS,senate,1,mail,19,41
HOPKINS,senate,1,mail,20,5
HOPKINS,senate,1,mail,22,12
HOPKINS,senate,1,mail,24,26
HOPKINS,senate,1,mail,25,9
HOPKINS,senate,1,mail,27,9
HOPKINS,senate,1,mail,28,7
HOPKINS,senate,1,mail,35,2
HOUSTON,house,9,inperson,4,394
HOUSTON,house,9,inperson,5,264
HOUSTON,house,9,inperson,6,201
HOUSTON,house,9,inperson,7,213
HOUSTON,house,9,inperson,8,244
HOUSTON,house,9,inperson,10,406
HOUSTON,house,9,inperson,11,538
HOUSTON,house,9,inperson,12,322
HOUSTON,house,9,inperson,13,359
HOUSTON,house,9,inperson,14,385
HOUSTON,house,9,inperson,15,438
HOUSTON,house,9,mail,4,20
HOUSTON,house,9,mail,5,5
HOUSTON,house,9,mail,6,7
HOUSTON,house,9,mail,7,2
HOUSTON,house,9,mail,8,9
HOUSTON,house,9,mail,10,8
HOUSTON,house,9,mail,11,7
HOUSTON,house,9,mail,12,17
HOUSTON,house,9,mail,13,5
HOUSTON,house,9,mail,14,6
HOUSTON,house,9,mail,15,21
HOUSTON,house,9,mail,18,6
HOUSTON,house,9,mail,19,9
HOUSTON,house,9,mail,20,8
HOUSTON,house,9,mail,21,6
HOUSTON,house,9,mail,22,11
HOUSTON,house,9,mail,25,24
HOUSTON,house,9,mail,27,8
HOUSTON,house,9,mail,28,12
HOUSTON,house,9,mail,32,2
HOUSTON,house,9,mail,33,17
HOUSTON,house,9,mail,34,11
HOUSTON,house,9,mail,35,1
HOUSTON,house,9,mail,36,15
HOUSTON,house,9,mail,37,56
HOUSTON,senate,3,inperson,4,394
HOUSTON,senate,3,inperson,5,264
HOUSTON,senate,3,inperson,6,201
HOUSTON,senate,3,inperson,7,213
HOUSTON,senate,3,inperson,8,244
HOUSTON,senate,3,inperson,10,406
HOUSTON,senate,3,inperson,11,538
HOUSTON,senate,3,inperson,12,322
HOUSTON,senate,3,inperson,13,359
HOUSTON,senate,3,inperson,14,385
HOUSTON,senate,3,inperson,15,438
HOUSTON,senate,3,mail,4,20
HOUSTON,senate,3,mail,5,5
HOUSTON,senate,3,mail,6,7
HOUSTON,senate,3,mail,7,2
HOUSTON,senate,3,mail,8,9
HOUSTON,senate,3,mail,10,8
HOUSTON,senate,3,mail,11,7
HOUSTON,senate,3,mail,12,17
HOUSTON,senate,3,mail,13,5
HOUSTON,senate,3,mail,14,6
HOUSTON,senate,3,mail,15,21
HOUSTON,senate,3,mail,18,6
HOUSTON,senate,3,mail,19,9
HOUSTON,senate,3,mail,20,8
HOUSTON,senate,3,mail,21,6
HOUSTON,senate,3,mail,22,11
HOUSTON,senate,3,mail,25,24
HOUSTON,senate,3,mail,27,8
HOUSTON,senate,3,mail,28,12
HOUSTON,senate,3,mail,32,2
HOUSTON,senate,3,mail,33,17
HOUSTON,senate,3,mail,34,11
HOUSTON,senate,3,mail,35,1
HOUSTON,senate,3,mail,36,15
HOUSTON,senate,3,mail,37,56
HOWARD,house,72,inperson,4,623
HOWARD,house,72,inperson,5,474
HOWARD,house,72,inperson,6,276
HOWARD,house,72,inperson,7,326
HOWARD,house,72,inperson,8,331
HOWARD,house,72,inperson,11,444
HOWARD,house,72,inperson,12,373
HOWARD,house,72,inperson,13,367
HOWARD,house,72,inperson,14,459
HOWARD,house,72,inperson,15,428
HOWARD,house,72,mail,4,13
HOWARD,house,72,mail,5,4
HOWARD,house,72,mail,6,22
HOWARD,house,72,mail,7,7
HOWARD,house,72,mail,8,23
HOWARD,house,72,mail,10,14
HOWARD,house,72,mail,11,21
HOWARD,house,72,mail,12,13
HOWARD,house,72,mail,13,16
HOWARD,house,72,mail,14,16
HOWARD,house,72,mail,15,9
HOWARD,house,72,mail,17,28
HOWARD,house,72,mail,19,37
HOWARD,house,72,mail,20,30
HOWARD,house,72,mail,21,26
HOWARD,house,72,mail,22,61
HOWARD,house,72,mail,32,2
HOWARD,senate,31,inperson,4,623
HOWARD,senate,31,inperson,5,474
HOWARD,senate,31,inperson,6,276
HOWARD,senate,31,inperson,7,326
HOWARD,senate,31,inperson,8,331
HOWARD,senate,31,inperson,11,444
HOWARD,senate,31,inperson,12,373
HOWARD,senate,31,inperson,13,367
HOWARD,senate,31,inperson,14,459
HOWARD,senate,31,inperson,15,428
HOWARD,senate,31,mail,4,13
HOWARD,senate,31,mail,5,4
HOWARD,senate,31,mail,6,22
HOWARD,senate,31,mail,7,7
HOWARD,senate,31,mail,8,23
HOWARD,senate,31,mail,10,14
HOWARD,senate,31,mail,11,21
HOWARD,senate,31,mail,12,13
HOWARD,senate,31,mail,13,16
HOWARD,senate,31,mail,14,16
HOWARD,senate,31,mail,15,9
HOWARD,senate,31,mail,17,28
HOWARD,senate,31,mail,19,37
HOWARD,senate,31,mail,20,30
HOWARD,senate,31,mail,21,26
HOWARD,senate,31,mail,22,61
HOWARD,senate,31,mail,32,2
HUDSPETH,house,74,inperson,4,30
HUDSPETH,house,74,inperson,5,15
HUDSPETH,house,74,inperson,6,14
HUDSPETH,house,74,inperson,7,10
HUDSPETH,house,74,inperson,8,16
HUDSPETH,house,74,inperson,11,33
HUDSPETH,house,74,inperson,12,16
HUDSPETH,house,74,inperson,13,12
HUDSPETH,house,74,inperson,14,20
HUDSPETH,house,74,inperson,15,17
HUDSPETH,senate,29,inperson,4,30
HUDSPETH,senate,29,inperson,5,15
HUDSPETH,senate,29,inperson,6,14
HUDSPETH,senate,29,inperson,7,10
HUDSPETH,senate,29,inperson,8,16
HUDSPETH,senate,29,inperson,11,33
HUDSPETH,senate,29,inperson,12,16
HUDSPETH,senate,29,inperson,13,12
HUDSPETH,senate,29,inperson,14,20
HUDSPETH,senate,29,inperson,15,17
HUNT,house,2,inperson,4,1465
HUNT,house,2,inperson,5,1309
HUNT,house,2,inperson,6,1051
HUNT,house,2,inperson,7,1140
HUNT,house,2,inperson,8,1210
HUNT,house,2,inperson,9,393
HUNT,house,2,inperson,10,947
HUNT,house,2,inperson,11,1092
HUNT,house,2,inperson,12,1159
HUNT,house,2,inperson,13,1216
HUNT,house,2,inperson,14,1237
HUNT,house,2,inperson,15,1157
HUNT,house,2,mail,4,19
HUNT,house,2,mail,5,36
HUNT,house,2,mail,6,34
HUNT,house,2,mail,7,9
HUNT,house,2,mail,8,32
HUNT,house,2,mail,10,34
HUNT,house,2,mail,11,45
HUNT,house,2,mail,12,50
HUNT,house,2,mail,13,43
HUNT,house,2,mail,14,13
HUNT,house,2,mail,15,70
HUNT,house,2,mail,18,26
HUNT,house,2,mail,19,34
HUNT,house,2,mail,20,53
HUNT,house,2,mail,21,7
HUNT,house,2,mail,22,93
HUNT,house,2,mail,25,39
HUNT,house,2,mail,26,63
HUNT,house,2,mail,27,21
HUNT,house,2,mail,28,78
HUNT,house,2,mail,29,43
HUNT,house,2,mail,32,54
HUNT,house,2,mail,33,57
HUNT,house,2,mail,34,91
HUNT,house,2,mail,35,4
HUNT,house,2,mail,36,48
HUNT,senate,8,inperson,4,1465
HUNT,senate,8,inperson,5,1309
HUNT,senate,8,inperson,6,1051
HUNT,senate,8,inperson,7,1140
HUNT,senate,8,inperson,8,1210
HUNT,senate,8,inperson,9,393
HUNT,senate,8,inperson,10,947
HUNT,senate,8,inperson,11,1092
HUNT,senate,8,inperson,12,1159
HUNT,senate,8,inperson,13,1216
HUNT,senate,8,inperson,14,1237
HUNT,senate,8,inperson,15,1157
HUNT,senate,8,mail,4,19
HUNT,senate,8,mail,5,36
HUNT,senate,8,mail,6,34
HUNT,senate,8,mail,7,9
HUNT,senate,8,mail,8,32
HUNT,senate,8,mail,10,34
HUNT,senate,8,mail,11,45
HUNT,senate,8,mail,12,50
HUNT,senate,8,mail,13,43
HUNT,senate,8,mail,14,13
HUNT,senate,8,mail,15,70
HUNT,senate,8,mail,18,26
HUNT,senate,8,mail,19,34
HUNT,senate,8,mail,20,53
HUNT,senate,8,mail,21,7
HUNT,senate,8,mail,22,93
HUNT,senate,8,mail,25,39
HUNT,senate,8,mail,26,63
HUNT,senate,8,mail,27,21
HUNT,senate,8,mail,28,78
HUNT,senate,8,mail,29,43
HUNT,senate,8,mail,32,54
HUNT,senate,8,mail,33,57
HUNT,senate,8,mail,34,91
HUNT,senate,8,mail,35,4
HUNT,senate,8,mail,36,48
HUTCHINSON,house,87,inperson,4,310
HUTCHINSON,house,87,inperson,5,317
HUTCHINSON,house,87,inperson,6,269
HUTCHINSON,house,87,inperson,7,287
HUTCHINSON,house,87,inperson,8,276
HUTCHINSON,house,87,inperson,11,299
HUTCHINSON,house,87,inperson,12,407
HUTCHINSON,house,87,inperson,13,420
HUTCHINSON,house,87,inperson,14,425
HUTCHINSON,house,87,inperson,15,442
HUTCHINSON,house,87,mail,4,5
HUTCHINSON,house,87,mail,5,8
HUTCHINSON,house,87,mail,6,4
HUTCHINSON,house,87,mail,8,22
HUTCHINSON,house,87,mail,12,6
HUTCHINSON,house,87,mail,13,7
HUTCHINSON,house,87,mail,14,2
HUTCHINSON,house,87,mail,15,11
HUTCHINSON,house,87,mail,19,8
HUTCHINSON,house,87,mail,20,4
HUTCHINSON,house,87,mail,21,1
HUTCHINSON,house,87,mail,22,18
HUTCHINSON,house,87,mail,26,10
HUTCHINSON,house,87,mail,27,6
HUTCHINSON,house,87,mail,28,4
HUTCHINSON,house,87,mail,29,12
HUTCHINSON,house,87,mail,33,7
HUTCHINSON,house,87,mail,34,10
HUTCHINSON,house,87,mail,35,3
HUTCHINSON,house,87,mail,36,34
HUTCHINSON,house,87,mail,37,24
HUTCHINSON,senate,31,inperson,4,310
HUTCHINSON,senate,31,inperson,5,317
HUTCHINSON,senate,31,inperson,6,269
HUTCHINSON,senate,31,inperson,7,287
HUTCHINSON,senate,31,inperson,8,276
HUTCHINSON,senate,31,inperson,11,299
HUTCHINSON,senate,31,inperson,12,407
HUTCHINSON,senate,31,inperson,13,420
HUTCHINSON,senate,31,inperson,14,425
HUTCHINSON,senate,31,inperson,15,442
HUTCHINSON,senate,31,mail,4,5
HUTCHINSON,senate,31,mail,5,8
HUTCHINSON,senate,31,mail,6,4
HUTCHINSON,senate,31,mail,8,22
HUTCHINSON,senate,31,mail,12,6
HUTCHINSON,senate,31,mail,13,7
HUTCHINSON,senate,31,mail,14,2
HUTCHINSON,senate,31,mail,15,11
HUTCHINSON,senate,31,mail,19,8
HUTCHINSON,senate,31,mail,20,4
HUTCHINSON,senate,31,mail,21,1
HUTCHINSON,senate,31,mail,22,18
HUTCHINSON,senate,31,mail,26,10
HUTCHINSON,senate,31,mail,27,6
HUTCHINSON,senate,31,mail,28,4
HUTCHINSON,senate,31,mail,29,12
HUTCHINSON,senate,31,mail,33,7
HUTCHINSON,senate,31,mail,34,10
HUTCHINSON,senate,31,mail,35,3
HUTCHINSON,senate,31,mail,36,34
HUTCHINSON,senate,31,mail,37,24
IRION,house,72,inperson,4,52
IRION,house,72,inperson,5,26
IRION,house,72,inperson,6,32
IRION,house,72,inperson,7,37
IRION,house,72,inperson,8,26
IRION,house,72,inperson,11,40
IRION,house,72,inperson,12,21
IRION,house,72,inperson,13,32
IRION,house,72,inperson,14,50
IRION,house,72,inperson,15,41
IRION,house,72,mail,4,2
IRION,house,72,mail,8,2
IRION,house,72,mail,13,2
IRION,house,72,mail,15,1
IRION,house,72,mail,19,2
IRION,house,72,mail,20,2
IRION,house,72,mail,22,2
IRION,house,72,mail,27,1
IRION,house,72,mail,28,1
IRION,senate,31,inperson,4,52
IRION,senate,31,inperson,5,26
IRION,senate,31,inperson,6,32
IRION,senate,31,inperson,7,37
IRION,senate,31,inperson,8,26
IRION,senate,31,inperson,11,40
IRION,senate,31,inperson,12,21
IRION,senate,31,inperson,13,32
IRION,senate,31,inperson,14,50
IRION,senate,31,inperson,15,41
IRION,senate,31,mail,4,2
IRION,senate,31,mail,8,2
IRION,senate,31,mail,13,2
IRION,senate,31,mail,15,1
IRION,senate,31,mail,19,2
IRION,senate,31,mail,20,2
IRION,senate,31,mail,22,2
IRION,senate,31,mail,27,1
IRION,senate,31,mail,28,1
JACK,house,68,inperson,4,213
JACK,house,68,inperson,5,108
JACK,house,68,inperson,6,123
JACK,house,68,inperson,7,119
JACK,house,68,inperson,8,179
JACK,house,68,inperson,11,118
JACK,house,68,inperson,12,161
JACK,house,68,inperson,13,142
JACK,house,68,inperson,14,188
JACK,house,68,inperson,15,167
JACK,house,68,mail,4,5
JACK,house,68,mail,5,1
JACK,house,68,mail,6,6
JACK,house,68,mail,8,4
JACK,house,68,mail,9,7
JACK,house,68,mail,11,6
JACK,house,68,mail,12,10
JACK,house,68,mail,13,7
JACK,house,68,mail,14,1
JACK,house,68,mail,15,9
JACK,house,68,mail,18,3
JACK,house,68,mail,19,4
JACK,house,68,mail,20,5
JACK,house,68,mail,21,11
JACK,house,68,mail,22,9
JACK,house,68,mail,25,9
JACK,house,68,mail,26,12
JACK,house,68,mail,27,12
JACK,senate,30,inperson,4,213
JACK,senate,30,inperson,5,108
JACK,senate,30,inperson,6,123
JACK,senate,30,inperson,7,119
JACK,senate,30,inperson,8,179
JACK,senate,30,inperson,11,118
JACK,senate,30,inperson,12,161
JACK,senate,30,inperson,13,142
JACK,senate,30,inperson,14,188
JACK,senate,30,inperson,15,167
JACK,senate,30,mail,4,5
JACK,senate,30,mail,5,1
JACK,senate,30,mail,6,6
JACK,senate,30,mail,8,4
JACK,senate,30,mail,9,7
JACK,senate,30,mail,11,6
JACK,senate,30,mail,12,10
JACK,senate,30,mail,13,7
JACK,senate,30,mail,14,1
JACK,senate,30,mail,15,9
JACK,senate,30,mail,18,3
JACK,senate,30,mail,19,4
JACK,senate,30,mail,20,5
JACK,senate,30,mail,21,11
JACK,senate,30,mail,22,9
JACK,senate,30,mail,25,9
JACK,senate,30,mail,26,12
JACK,senate,30,mail,27,12
JACKSON,house,30,inperson,4,133
JACKSON,house,30,inperson,5,154
JACKSON,house,30,inperson,6,259
JACKSON,house,30,inperson,7,144
JACKSON,house,30,inperson,8,207
JACKSON,house,30,inperson,11,321
JACKSON,house,30,inperson,12,205
JACKSON,house,30,inperson,13,251
JACKSON,house,30,inperson,14,283
JACKSON,house,30,inperson,15,300
JACKSON,house,30,mail,4,7
JACKSON,house,30,mail,5,5
JACKSON,house,30,mail,6,13
JACKSON,house,30,mail,7,3
JACKSON,house,30,mail,8,14
JACKSON,house,30,mail,11,22
JACKSON,house,30,mail,12,13
JACKSON,house,30,mail,13,18
JACKSON,house,30,mail,14,3
JACKSON,house,30,mail,15,19
JACKSON,house,30,mail,19,5
JACKSON,house,30,mail,20,17
JACKSON,senate,17,inperson,4,133
JACKSON,senate,17,inperson,5,154
JACKSON,senate,17,inperson,6,259
JACKSON,senate,17,inperson,7,144
JACKSON,senate,17,inperson,8,207
JACKSON,senate,17,inperson,11,321
JACKSON,senate,17,inperson,12,205
JACKSON,senate,17,inperson,13,251
JACKSON,senate,17,inperson,14,283
JACKSON,senate,17,inperson,15,300
JACKSON,senate,17,mail,4,7
JACKSON,senate,17,mail,5,5
JACKSON,senate,17,mail,6,13
JACKSON,senate,17,mail,7,3
JACKSON,senate,17,mail,8,14
JACKSON,senate,17,mail,11,22
JACKSON,senate,17,mail,12,13
JACKSON,senate,17,mail,13,18
JACKSON,senate,17,mail,14,3
JACKSON,senate,17,mail,15,19
JACKSON,senate,17,mail,19,5
JACKSON,senate,17,mail,20,17
JASPER,house,21,inperson,4,425
JASPER,house,21,inperson,5,273
JASPER,house,21,inperson,6,267
JASPER,house,21,inperson,7,258
JASPER,house,21,inperson,8,292
JASPER,house,21,inperson,10,507
JASPER,house,21,inperson,11,1130
JASPER,house,21,inperson,12,1297
JASPER,house,21,inperson,13,353
JASPER,house,21,inperson,14,399
JASPER,house,21,inperson,15,460
JASPER,house,21,mail,4,29
JASPER,house,21,mail,5,5
JASPER,house,21,mail,6,13
JASPER,house,21,mail,7,11
JASPER,house,21,mail,8,16
JASPER,house,21,mail,11,35
JASPER,house,21,mail,12,14
JASPER,house,21,mail,13,1
JASPER,house,21,mail,14,2
JASPER,house,21,mail,15,27
JASPER,house,21,mail,18,10
JASPER,house,21,mail,19,18
JASPER,house,21,mail,20,8
JASPER,house,21,mail,21,45
JASPER,house,21,mail,22,16
JASPER,house,21,mail,25,31
JASPER,house,21,mail,27,1
JASPER,house,21,mail,28,2
JASPER,house,21,mail,36,1
JASPER,senate,3,inperson,4,425
JASPER,senate,3,inperson,5,273
JASPER,senate,3,inperson,6,267
JASPER,senate,3,inperson,7,258
JASPER,senate,3,inperson,8,292
JASPER,senate,3,inperson,10,507
JASPER,senate,3,inperson,11,1130
JASPER,senate,3,inperson,12,1297
JASPER,senate,3,inperson,13,353
JASPER,senate,3,inperson,14,399
JASPER,senate,3,inperson,15,460
JASPER,senate,3,mail,4,29
JASPER,senate,3,mail,5,5
JASPER,senate,3,mail,6,13
JASPER,senate,3,mail,7,11
JASPER,senate,3,mail,8,16
JASPER,senate,3,mail,11,35
JASPER,senate,3,mail,12,14
JASPER,senate,3,mail,13,1
JASPER,senate,3,mail,14,2
JASPER,senate,3,mail,15,27
JASPER,senate,3,mail,18,10
JASPER,senate,3,mail,19,18
JASPER,senate,3,mail,20,8
JASPER,senate,3,mail,21,45
JASPER,senate,3,mail,22,16
JASPER,senate,3,mail,25,31
JASPER,senate,3,mail,27,1
JASPER,senate,3,mail,28,2
JASPER,senate,3,mail,36,1
JEFF DAVIS,house,74,inperson,4,54
JEFF DAVIS,house,74,inperson,5,61
JEFF DAVIS,house,74,inperson,6,39
JEFF DAVIS,house,74,inperson,7,49
JEFF DAVIS,house,74,inperson,8,52
JEFF DAVIS,house,74,inperson,11,61
JEFF DAVIS,house,74,inperson,12,68
JEFF DAVIS,house,74,inperson,13,55
JEFF DAVIS,house,74,inperson,14,101
JEFF DAVIS,house,74,inperson,15,133
JEFF DAVIS,house,74,mail,4,2
JEFF DAVIS,house,74,mail,6,4
JEFF DAVIS,house,74,mail,8,4
JEFF DAVIS,house,74,mail,11,8
JEFF DAVIS,house,74,mail,15,1
JEFF DAVIS,house,74,mail,17,3
JEFF DAVIS,house,74,mail,32,2
JEFF DAVIS,senate,29,inperson,4,54
JEFF DAVIS,senate,29,inperson,5,61
JEFF DAVIS,senate,29,inperson,6,39
JEFF DAVIS,senate,29,inperson,7,49
JEFF DAVIS,senate,29,inperson,8,52
JEFF DAVIS,senate,29,inperson,11,61
JEFF DAVIS,senate,29,inperson,12,68
JEFF DAVIS,senate,29,inperson,13,55
JEFF DAVIS,senate,29,inperson,14,101
JEFF DAVIS,senate,29,inperson,15,133
JEFF DAVIS,senate,29,mail,4,2
JEFF DAVIS,senate,29,mail,6,4
JEFF DAVIS,senate,29,mail,8,4
JEFF DAVIS,senate,29,mail,11,8
JEFF DAVIS,senate,29,mail,15,1
JEFF DAVIS,senate,29,mail,17,3
JEFF DAVIS,senate,29,mail,32,2
JEFFERSON,house,21,inperson,4,1980
JEFFERSON,house,21,inperson,5,1512
JEFFERSON,house,21,inperson,6,1341
JEFFERSON,house,21,inperson,7,1055
JEFFERSON,house,21,inperson,8,1301
JEFFERSON,house,21,inperson,9,613
JEFFERSON,house,21,inperson,10,1172
JEFFERSON,house,21,inperson,11,1757
JEFFERSON,house,21,inperson,12,1537
JEFFERSON,house,21,inperson,13,1717
JEFFERSON,house,21,inperson,14,1913
JEFFERSON,house,21,inperson,15,1818
JEFFERSON,house,21,mail,4,17
JEFFERSON,house,21,mail,5,17
JEFFERSON,house,21,mail,6,12
JEFFERSON,house,21,mail,7,6
JEFFERSON,house,21,mail,8,26
JEFFERSON,house,21,mail,10,60
JEFFERSON,house,21,mail,11,51
JEFFERSON,house,21,mail,12,41
JEFFERSON,house,21,mail,13,2
JEFFERSON,house,21,mail,14,2
JEFFERSON,house,21,mail,15,23
JEFFERSON,house,21,mail,17,36
JEFFERSON,house,21,mail,18,30
JEFFERSON,house,21,mail,19,26
JEFFERSON,house,21,mail,20,34
JEFFERSON,house,21,mail,21,12
JEFFERSON,house,21,mail,22,168
JEFFERSON,house,21,mail,25,44
JEFFERSON,house,21,mail,26,58
JEFFERSON,house,21,mail,27,12
JEFFERSON,house,21,mail,28,12
JEFFERSON,house,21,mail,32,1
JEFFERSON,house,21,mail,33,2
JEFFERSON,house,22,inperson,4,3767
JEFFERSON,house,22,inperson,5,2397
JEFFERSON,house,22,inperson,6,2021
JEFFERSON,house,22,inperson,7,1566
JEFFERSON,house,22,inperson,8,2123
JEFFERSON,house,22,inperson,9,1125
JEFFERSON,house,22,inperson,10,1649
JEFFERSON,house,22,inperson,11,2232
JEFFERSON,house,22,inperson,12,2288
JEFFERSON,house,22,inperson,13,2461
JEFFERSON,house,22,inperson,14,2696
JEFFERSON,house,22,inperson,15,2817
JEFFERSON,house,22,mail,4,71
JEFFERSON,house,22,mail,5,51
JEFFERSON,house,22,mail,6,38
JEFFERSON,house,22,mail,7,18
JEFFERSON,house,22,mail,8,51
JEFFERSON,house,22,mail,10,150
JEFFERSON,house,22,mail,11,93
JEFFERSON,house,22,mail,12,105
JEFFERSON,house,22,mail,13,24
JEFFERSON,house,22,mail,14,33
JEFFERSON,house,22,mail,15,70
JEFFERSON,house,22,mail,17,65
JEFFERSON,house,22,mail,18,93
JEFFERSON,house,22,mail,19,141
JEFFERSON,house,22,mail,20,86
JEFFERSON,house,22,mail,21,48
JEFFERSON,house,22,mail,22,305
JEFFERSON,house,22,mail,25,203
JEFFERSON,house,22,mail,26,249
JEFFERSON,house,22,mail,27,64
JEFFERSON,house,22,mail,28,80
JEFFERSON,senate,3,inperson,4,4309
JEFFERSON,senate,3,inperson,5,3030
JEFFERSON,senate,3,inperson,6,2591
JEFFERSON,senate,3,inperson,7,2001
JEFFERSON,senate,3,inperson,8,2639
JEFFERSON,senate,3,inperson,9,1383
JEFFERSON,senate,3,inperson,10,2219
JEFFERSON,senate,3,inperson,11,3098
JEFFERSON,senate,3,inperson,12,3060
JEFFERSON,senate,3,inperson,13,3290
JEFFERSON,senate,3,inperson,14,3612
JEFFERSON,senate,3,inperson,15,3580
JEFFERSON,senate,3,mail,4,78
JEFFERSON,senate,3,mail,5,52
JEFFERSON,senate,3,mail,6,42
JEFFERSON,senate,3,mail,7,19
JEFFERSON,senate,3,mail,8,59
JEFFERSON,senate,3,mail,10,154
JEFFERSON,senate,3,mail,11,115
JEFFERSON,senate,3,mail,12,113
JEFFERSON,senate,3,mail,13,26
JEFFERSON,senate,3,mail,14,30
JEFFERSON,senate,3,mail,15,76
JEFFERSON,senate,3,mail,17,79
JEFFERSON,senate,3,mail,18,91
JEFFERSON,senate,3,mail,19,140
JEFFERSON,senate,3,mail,20,74
JEFFERSON,senate,3,mail,21,48
JEFFERSON,senate,3,mail,22,376
JEFFERSON,senate,3,mail,25,188
JEFFERSON,senate,3,mail,26,244
JEFFERSON,senate,3,mail,27,75
JEFFERSON,senate,3,mail,28,69
JEFFERSON,senate,3,mail,32,1
JEFFERSON,senate,3,mail,33,2
JEFFERSON,senate,4,inperson,4,1438
JEFFERSON,senate,4,inperson,5,879
JEFFERSON,senate,4,inperson,6,771
JEFFERSON,senate,4,inperson,7,620
JEFFERSON,senate,4,inperson,8,785
JEFFERSON,senate,4,inperson,9,355
JEFFERSON,senate,4,inperson,10,602
JEFFERSON,senate,4,inperson,11,891
JEFFERSON,senate,4,inperson,12,765
JEFFERSON,senate,4,inperson,13,888
JEFFERSON,senate,4,inperson,14,997
JEFFERSON,senate,4,inperson,15,1055
JEFFERSON,senate,4,mail,4,10
JEFFERSON,senate,4,mail,5,16
JEFFERSON,senate,4,mail,6,8
JEFFERSON,senate,4,mail,7,5
JEFFERSON,senate,4,mail,8,18
JEFFERSON,senate,4,mail,10,56
JEFFERSON,senate,4,mail,11,29
JEFFERSON,senate,4,mail,12,33
JEFFERSON,senate,4,mail,14,5
JEFFERSON,senate,4,mail,15,17
JEFFERSON,senate,4,mail,17,22
JEFFERSON,senate,4,mail,18,32
JEFFERSON,senate,4,mail,19,27
JEFFERSON,senate,4,mail,20,46
JEFFERSON,senate,4,mail,21,12
JEFFERSON,senate,4,mail,22,97
JEFFERSON,senate,4,mail,25,59
JEFFERSON,senate,4,mail,26,63
JEFFERSON,senate,4,mail,27,1
JEFFERSON,senate,4,mail,28,23
JIM HOGG,house,31,inperson,4,113
JIM HOGG,house,31,inperson,5,74
JIM HOGG,house,31,inperson,6,62
JIM HOGG,house,31,inperson,7,43
JIM HOGG,house,31,inperson,8,55
JIM HOGG,house,31,inperson,9,68
JIM HOGG,house,31,inperson,10,72
JIM HOGG,house,31,inperson,11,63
JIM HOGG,house,31,inperson,12,45
JIM HOGG,house,31,inperson,13,80
JIM HOGG,house,31,inperson,14,82
JIM HOGG,house,31,inperson,15,79
JIM HOGG,house,31,mail,4,15
JIM HOGG,house,31,mail,5,13
JIM HOGG,house,31,mail,6,6
JIM HOGG,house,31,mail,7,15
JIM HOGG,house,31,mail,8,3
JIM HOGG,house,31,mail,10,2
JIM HOGG,house,31,mail,11,31
JIM HOGG,house,31,mail,12,16
JIM HOGG,house,31,mail,13,17
JIM HOGG,house,31,mail,14,39
JIM HOGG,house,31,mail,15,14
JIM HOGG,house,31,mail,18,15
JIM HOGG,house,31,mail,20,12
JIM HOGG,house,31,mail,21,10
JIM HOGG,senate,21,inperson,4,113
JIM HOGG,senate,21,inperson,5,74
JIM HOGG,senate,21,inperson,6,62
JIM HOGG,senate,21,inperson,7,43
JIM HOGG,senate,21,inperson,8,55
JIM HOGG,senate,21,inperson,9,68
JIM HOGG,senate,21,inperson,10,72
JIM HOGG,senate,21,inperson,11,63
JIM HOGG,senate,21,inperson,12,45
JIM HOGG,senate,21,inperson,13,80
JIM HOGG,senate,21,inperson,14,82
JIM HOGG,senate,21,inperson,15,79
JIM HOGG,senate,21,mail,4,15
JIM HOGG,senate,21,mail,5,13
JIM HOGG,senate,21,mail,6,6
JIM HOGG,senate,21,mail,7,15
JIM HOGG,senate,21,mail,8,3
JIM HOGG,senate,21,mail,10,2
JIM HOGG,senate,21,mail,11,31
JIM HOGG,senate,21,mail,12,16
JIM HOGG,senate,21,mail,13,17
JIM HOGG,senate,21,mail,14,39
JIM HOGG,senate,21,mail,15,14
JIM HOGG,senate,21,mail,18,15
JIM HOGG,senate,21,mail,20,12
JIM HOGG,senate,21,mail,21,10
JIM WELLS,house,43,inperson,4,716
JIM WELLS,house,43,inperson,5,416
JIM WELLS,house,43,inperson,6,372
JIM WELLS,house,43,inperson,7,221
JIM WELLS,house,43,inperson,8,345
JIM WELLS,house,43,inperson,10,665
JIM WELLS,house,43,inperson,11,559
JIM WELLS,house,43,inperson,12,452
JIM WELLS,house,43,inperson,13,457
JIM WELLS,house,43,inperson,14,592
JIM WELLS,house,43,inperson,15,722
JIM WELLS,house,43,mail,4,6
JIM WELLS,house,43,mail,5,13
JIM WELLS,house,43,mail,6,41
JIM WELLS,house,43,mail,7,75
JIM WELLS,house,43,mail,8,3
JIM WELLS,house,43,mail,11,43
JIM WELLS,house,43,mail,12,52
JIM WELLS,house,43,mail,13,45
JIM WELLS,house,43,mail,14,48
JIM WELLS,house,43,mail,15,57
JIM WELLS,house,43,mail,18,25
JIM WELLS,senate,20,inperson,4,716
JIM WELLS,senate,20,inperson,5,416
JIM WELLS,senate,20,inperson,6,372
JIM WELLS,senate,20,inperson,7,221
JIM WELLS,senate,20,inperson,8,345
JIM WELLS,senate,20,inperson,10,665
JIM WELLS,senate,20,inperson,11,559
JIM WELLS,senate,20,inperson,12,452
JIM WELLS,senate,20,inperson,13,457
JIM WELLS,senate,20,inperson,14,592
JIM WELLS,senate,20,inperson,15,722
JIM WELLS,senate,20,mail,4,6
JIM WELLS,senate,20,mail,5,13
JIM WELLS,senate,20,mail,6,41
JIM WELLS,senate,20,mail,7,75
JIM WELLS,senate,20,mail,8,3
JIM WELLS,senate,20,mail,11,43
JIM WELLS,senate,20,mail,12,52
JIM WELLS,senate,20,mail,13,45
JIM WELLS,senate,20,mail,14,48
JIM WELLS,senate,20,mail,15,57
JIM WELLS,senate,20,mail,18,25
JOHNSON,house,58,inperson,4,4518
JOHNSON,house,58,inperson,5,3494
JOHNSON,house,58,inperson,6,3021
JOHNSON,house,58,inperson,7,3127
JOHNSON,house,58,inperson,8,3221
JOHNSON,house,58,inperson,9,774
JOHNSON,house,58,inperson,10,1860
JOHNSON,house,58,inperson,11,2965
JOHNSON,house,58,inperson,12,3031
JOHNSON,house,58,inperson,13,3057
JOHNSON,house,58,inperson,14,3365
JOHNSON,house,58,inperson,15,3050
JOHNSON,house,58,mail,4,60
JOHNSON,house,58,mail,5,58
JOHNSON,house,58,mail,6,80
JOHNSON,house,58,mail,7,39
JOHNSON,house,58,mail,8,53
JOHNSON,house,58,mail,10,75
JOHNSON,house,58,mail,11,97
JOHNSON,house,58,mail,12,124
JOHNSON,house,58,mail,13,102
JOHNSON,house,58,mail,14,58
JOHNSON,house,58,mail,15,119
JOHNSON,house,58,mail,18,89
JOHNSON,house,58,mail,19,90
JOHNSON,house,58,mail,20,147
JOHNSON,house,58,mail,21,160
JOHNSON,house,58,mail,22,65
JOHNSON,house,58,mail,24,129
JOHNSON,house,58,mail,25,130
JOHNSON,house,58,mail,26,151
JOHNSON,house,58,mail,27,1
JOHNSON,house,58,mail,28,3
JOHNSON,house,58,mail,37,1
JOHNSON,senate,10,inperson,4,4518
JOHNSON,senate,10,inperson,5,3494
JOHNSON,senate,10,inperson,6,3021
JOHNSON,senate,10,inperson,7,3127
JOHNSON,senate,10,inperson,8,3221
JOHNSON,senate,10,inperson,9,774
JOHNSON,senate,10,inperson,10,1860
JOHNSON,senate,10,inperson,11,2965
JOHNSON,senate,10,inperson,12,3031
JOHNSON,senate,10,inperson,13,3057
JOHNSON,senate,10,inperson,14,3365
JOHNSON,senate,10,inperson,15,3050
JOHNSON,senate,10,mail,4,60
JOHNSON,senate,10,mail,5,58
JOHNSON,senate,10,mail,6,80
JOHNSON,senate,10,mail,7,39
JOHNSON,senate,10,mail,8,53
JOHNSON,senate,10,mail,10,75
JOHNSON,senate,10,mail,11,97
JOHNSON,senate,10,mail,12,124
JOHNSON,senate,10,mail,13,102
JOHNSON,senate,10,mail,14,58
JOHNSON,senate,10,mail,15,119
JOHNSON,senate,10,mail,18,89
JOHNSON,senate,10,mail,19,90
JOHNSON,senate,10,mail,20,147
JOHNSON,senate,10,mail,21,160
JOHNSON,senate,10,mail,22,65
JOHNSON,senate,10,mail,24,129
JOHNSON,senate,10,mail,25,130
JOHNSON,senate,10,mail,26,151
JOHNSON,senate,10,mail,27,1
JOHNSON,senate,10,mail,28,3
JOHNSON,senate,10,mail,37,1
JONES,house,71,inperson,4,259
JONES,house,71,inperson,5,167
JONES,house,71,inperson,6,145
JONES,house,71,inperson,7,149
JONES,house,71,inperson,8,154
JONES,house,71,inperson,11,179
JONES,house,71,inperson,12,156
JONES,house,71,inperson,13,141
JONES,house,71,inperson,14,147
JONES,house,71,inperson,15,171
JONES,house,71,mail,4,4
JONES,house,71,mail,5,8
JONES,house,71,mail,6,18
JONES,house,71,mail,7,1
JONES,house,71,mail,8,24
JONES,house,71,mail,11,6
JONES,house,71,mail,12,8
JONES,house,71,mail,13,11
JONES,house,71,mail,15,16
JONES,house,71,mail,18,7
JONES,house,71,mail,19,3
JONES,house,71,mail,20,5
JONES,house,71,mail,21,5
JONES,house,71,mail,22,17
JONES,house,71,mail,26,14
JONES,house,71,mail,27,5
JONES,house,71,mail,28,7
JONES,house,71,mail,32,9
JONES,house,71,mail,33,4
JONES,house,71,mail,34,7
JONES,house,71,mail,35,3
JONES,house,71,mail,36,14
JONES,house,71,mail,37,16
JONES,senate,28,inperson,4,259
JONES,senate,28,inperson,5,167
JONES,senate,28,inperson,6,145
JONES,senate,28,inperson,7,149
JONES,senate,28,inperson,8,154
JONES,senate,28,inperson,11,179
JONES,senate,28,inperson,12,156
JONES,senate,28,inperson,13,141
JONES,senate,28,inperson,14,147
JONES,senate,28,inperson,15,171
JONES,senate,28,mail,4,4
JONES,senate,28,mail,5,8
JONES,senate,28,mail,6,18
JONES,senate,28,mail,7,1
JONES,senate,28,mail,8,24
JONES,senate,28,mail,11,6
JONES,senate,28,mail,12,8
JONES,senate,28,mail,13,11
JONES,senate,28,mail,15,16
JONES,senate,28,mail,18,7
JONES,senate,28,mail,19,3
JONES,senate,28,mail,20,5
JONES,senate,28,mail,21,5
JONES,senate,28,mail,22,17
JONES,senate,28,mail,26,14
JONES,senate,28,mail,27,5
JONES,senate,28,mail,28,7
JONES,senate,28,mail,32,9
JONES,senate,28,mail,33,4
JONES,senate,28,mail,34,7
JONES,senate,28,mail,35,3
JONES,senate,28,mail,36,14
JONES,senate,28,mail,37,16
KARNES,house,31,inperson,4,234
KARNES,house,31,inperson,5,173
KARNES,house,31,inperson,6,113
KARNES,house,31,inperson,7,107
KARNES,house,31,inperson,8,113
KARNES,house,31,inperson,9,73
KARNES,house,31,inperson,10,45
KARNES,house,31,inperson,11,133
KARNES,house,31,inperson,12,149
KARNES,house,31,inperson,13,132
KARNES,house,31,inperson,14,144
KARNES,house,31,inperson,15,170
KARNES,house,31,mail,4,7
KARNES,house,31,mail,5,4
KARNES,house,31,mail,6,8
KARNES,house,31,mail,7,5
KARNES,house,31,mail,8,23
KARNES,house,31,mail,11,16
KARNES,house,31,mail,12,15
KARNES,house,31,mail,13,16
KARNES,house,31,mail,14,26
KARNES,house,31,mail,15,29
KARNES,house,31,mail,18,13
KARNES,house,31,mail,19,16
KARNES,house,31,mail,20,21
KARNES,house,31,mail,21,1
KARNES,house,31,mail,22,32
KARNES,house,31,mail,25,22
KARNES,house,31,mail,26,45
KARNES,house,31,mail,27,9
KARNES,house,31,mail,28,1
KARNES,senate,21,inperson,4,234
KARNES,senate,21,inperson,5,173
KARNES,senate,21,inperson,6,113
KARNES,senate,21,inperson,7,107
KARNES,senate,21,inperson,8,113
KARNES,senate,21,inperson,9,73
KARNES,senate,21,inperson,10,45
KARNES,senate,21,inperson,11,133
KARNES,senate,21,inperson,12,149
KARNES,senate,21,inperson,13,132
KARNES,senate,21,inperson,14,144
KARNES,senate,21,inperson,15,170
KARNES,senate,21,mail,4,7
KARNES,senate,21,mail,5,4
KARNES,senate,21,mail,6,8
KARNES,senate,21,mail,7,5
KARNES,senate,21,mail,8,23
KARNES,senate,21,mail,11,16
KARNES,senate,21,mail,12,15
KARNES,senate,21,mail,13,16
KARNES,senate,21,mail,14,26
KARNES,senate,21,mail,15,29
KARNES,senate,21,mail,18,13
KARNES,senate,21,mail,19,16
KARNES,senate,21,mail,20,21
KARNES,senate,21,mail,21,1
KARNES,senate,21,mail,22,32
KARNES,senate,21,mail,25,22
KARNES,senate,21,mail,26,45
KARNES,senate,21,mail,27,9
KARNES,senate,21,mail,28,1
KAUFMAN,house,4,inperson,4,3261
KAUFMAN,house,4,inperson,5,2541
KAUFMAN,house,4,inperson,6,2220
KAUFMAN,house,4,inperson,7,2139
KAUFMAN,house,4,inperson,8,2245
KAUFMAN,house,4,inperson,9,763
KAUFMAN,house,4,inperson,10,2002
KAUFMAN,house,4,inperson,11,1843
KAUFMAN,house,4,inperson,12,2131
KAUFMAN,house,4,inperson,13,2305
KAUFMAN,house,4,inperson,14,2549
KAUFMAN,house,4,inperson,15,2341
KAUFMAN,house,4,mail,4,31
KAUFMAN,house,4,mail,5,26
KAUFMAN,house,4,mail,6,29
KAUFMAN,house,4,mail,7,13
KAUFMAN,house,4,mail,8,30
KAUFMAN,house,4,mail,10,35
KAUFMAN,house,4,mail,11,33
KAUFMAN,house,4,mail,12,42
KAUFMAN,house,4,mail,13,34
KAUFMAN,house,4,mail,14,11
KAUFMAN,house,4,mail,15,62
KAUFMAN,house,4,mail,18,20
KAUFMAN,house,4,mail,19,43
KAUFMAN,house,4,mail,20,43
KAUFMAN,house,4,mail,22,37
KAUFMAN,house,4,mail,24,31
KAUFMAN,house,4,mail,25,213
KAUFMAN,senate,2,inperson,4,3261
KAUFMAN,senate,2,inperson,5,2541
KAUFMAN,senate,2,inperson,6,2220
KAUFMAN,senate,2,inperson,7,2139
KAUFMAN,senate,2,inperson,8,2245
KAUFMAN,senate,2,inperson,9,763
KAUFMAN,senate,2,inperson,10,2002
KAUFMAN,senate,2,inperson,11,1843
KAUFMAN,senate,2,inperson,12,2131
KAUFMAN,senate,2,inperson,13,2305
KAUFMAN,senate,2,inperson,14,2549
KAUFMAN,senate,2,inperson,15,2341
KAUFMAN,senate,2,mail,4,31
KAUFMAN,senate,2,mail,5,26
KAUFMAN,senate,2,mail,6,29
KAUFMAN,senate,2,mail,7,13
KAUFMAN,senate,2,mail,8,30
KAUFMAN,senate,2,mail,10,35
KAUFMAN,senate,2,mail,11,33
KAUFMAN,senate,2,mail,12,42
KAUFMAN,senate,2,mail,13,34
KAUFMAN,senate,2,mail,14,11
KAUFMAN,senate,2,mail,15,62
KAUFMAN,senate,2,mail,18,20
KAUFMAN,senate,2,mail,19,43
KAUFMAN,senate,2,mail,20,43
KAUFMAN,senate,2,mail,22,37
KAUFMAN,senate,2,mail,24,31
KAUFMAN,senate,2,mail,25,213
KENDALL,house,19,inperson,4,1839
KENDALL,house,19,inperson,5,1374
KENDALL,house,19,inperson,6,1082
KENDALL,house,19,inperson,7,1045
KENDALL,house,19,inperson,8,1123
KENDALL,house,19,inperson,10,657
KENDALL,house,19,inperson,11,1684
KENDALL,house,19,inperson,12,1274
KENDALL,house,19,inperson,13,1459
KENDALL,house,19,inperson,14,1416
KENDALL,house,19,inperson,15,1552
KENDALL,house,19,mail,4,37
KENDALL,house,19,mail,5,72
KENDALL,house,19,mail,7,64
KENDALL,house,19,mail,8,79
KENDALL,house,19,mail,11,123
KENDALL,house,19,mail,13,76
KENDALL,house,19,mail,15,135
KENDALL,house,19,mail,19,64
KENDALL,house,19,mail,21,123
KENDALL,house,19,mail,25,151
KENDALL,house,19,mail,27,52
KENDALL,house,19,mail,28,116
KENDALL,house,19,mail,32,45
KENDALL,senate,25,inperson,4,1839
KENDALL,senate,25,inperson,5,1374
KENDALL,senate,25,inperson,6,1082
KENDALL,senate,25,inperson,7,1045
KENDALL,senate,25,inperson,8,1123
KENDALL,senate,25,inperson,10,657
KENDALL,senate,25,inperson,11,1684
KENDALL,senate,25,inperson,12,1274
KENDALL,senate,25,inperson,13,1459
KENDALL,senate,25,inperson,14,1416
KENDALL,senate,25,inperson,15,1552
KENDALL,senate,25,mail,4,37
KENDALL,senate,25,mail,5,72
KENDALL,senate,25,mail,7,64
KENDALL,senate,25,mail,8,79
KENDALL,senate,25,mail,11,123
KENDALL,senate,25,mail,13,76
KENDALL,senate,25,mail,15,135
KENDALL,senate,25,mail,19,64
KENDALL,senate,25,mail,21,123
KENDALL,senate,25,mail,25,151
KENDALL,senate,25,mail,27,52
KENDALL,senate,25,mail,28,116
KENDALL,senate,25,mail,32,45
KENEDY,house,31,inperson,4,13
KENEDY,house,31,inperson,5,7
KENEDY,house,31,inperson,6,4
KENEDY,house,31,inperson,7,17
KENEDY,house,31,inperson,8,3
KENEDY,house,31,inperson,11,3
KENEDY,house,31,inperson,12,7
KENEDY,house,31,inperson,13,9
KENEDY,house,31,inperson,14,7
KENEDY,house,31,inperson,15,13
KENEDY,house,31,mail,6,1
KENEDY,house,31,mail,7,3
KENEDY,house,31,mail,12,1
KENEDY,house,31,mail,15,1
KENEDY,house,31,mail,20,1
KENEDY,senate,27,inperson,4,13
KENEDY,senate,27,inperson,5,7
KENEDY,senate,27,inperson,6,4
KENEDY,senate,27,inperson,7,17
KENEDY,senate,27,inperson,8,3
KENEDY,senate,27,inperson,11,3
KENEDY,senate,27,inperson,12,7
KENEDY,senate,27,inperson,13,9
KENEDY,senate,27,inperson,14,7
KENEDY,senate,27,inperson,15,13
KENEDY,senate,27,mail,6,1
KENEDY,senate,27,mail,7,3
KENEDY,senate,27,mail,12,1
KENEDY,senate,27,mail,15,1
KENEDY,senate,27,mail,20,1
KENT,house,83,inperson,4,21
KENT,house,83,inperson,5,23
KENT,house,83,inperson,6,9
KENT,house,83,inperson,7,7
KENT,house,83,inperson,8,20
KENT,house,83,inperson,11,22
KENT,house,83,inperson,12,20
KENT,house,83,inperson,13,22
KENT,house,83,inperson,14,21
KENT,house,83,inperson,15,22
KENT,house,83,mail,4,1
KENT,house,83,mail,12,1
KENT,house,83,mail,36,2
KENT,senate,28,inperson,4,21
KENT,senate,28,inperson,5,23
KENT,senate,28,inperson,6,9
KENT,senate,28,inperson,7,7
KENT,senate,28,inperson,8,20
KENT,senate,28,inperson,11,22
KENT,senate,28,inperson,12,20
KENT,senate,28,inperson,13,22
KENT,senate,28,inperson,14,21
KENT,senate,28,inperson,15,22
KENT,senate,28,mail,4,1
KENT,senate,28,mail,12,1
KENT,senate,28,mail,36,2
KERR,house,53,inperson,4,1590
KERR,house,53,inperson,5,1048
KERR,house,53,inperson,6,1080
KERR,house,53,inperson,7,1000
KERR,house,53,inperson,8,1067
KERR,house,53,inperson,10,472
KERR,house,53,inperson,11,1494
KERR,house,53,inperson,12,1451
KERR,house,53,inperson,13,1521
KERR,house,53,inperson,14,1671
KERR,house,53,inperson,15,1772
KERR,house,53,mail,4,24
KERR,house,53,mail,5,49
KERR,house,53,mail,6,54
KERR,house,53,mail,7,6
KERR,house,53,mail,8,107
KERR,house,53,mail,11,55
KERR,house,53,mail,12,47
KERR,house,53,mail,13,72
KERR,house,53,mail,14,9
KERR,house,53,mail,15,111
KERR,house,53,mail,18,50
KERR,house,53,mail,19,58
KERR,house,53,mail,20,75
KERR,house,53,mail,21,9
KERR,house,53,mail,22,128
KERR,house,53,mail,25,197
KERR,house,53,mail,26,6
KERR,house,53,mail,27,112
KERR,house,53,mail,28,76
KERR,house,53,mail,32,32
KERR,house,53,mail,33,28
KERR,house,53,mail,34,46
KERR,house,53,mail,35,17
KERR,house,53,mail,37,1
KERR,senate,24,inperson,4,1590
KERR,senate,24,inperson,5,1048
KERR,senate,24,inperson,6,1080
KERR,senate,24,inperson,7,1000
KERR,senate,24,inperson,8,1067
KERR,senate,24,inperson,10,472
KERR,senate,24,inperson,11,1494
KERR,senate,24,inperson,12,1451
KERR,senate,24,inperson,13,1521
KERR,senate,24,inperson,14,1671
KERR,senate,24,inperson,15,1772
KERR,senate,24,mail,4,24
KERR,senate,24,mail,5,49
KERR,senate,24,mail,6,54
KERR,senate,24,mail,7,6
KERR,senate,24,mail,8,107
KERR,senate,24,mail,11,55
KERR,senate,24,mail,12,47
KERR,senate,24,mail,13,72
KERR,senate,24,mail,14,9
KERR,senate,24,mail,15,111
KERR,senate,24,mail,18,50
KERR,senate,24,mail,19,58
KERR,senate,24,mail,20,75
KERR,senate,24,mail,21,9
KERR,senate,24,mail,22,128
KERR,senate,24,mail,25,197
KERR,senate,24,mail,26,6
KERR,senate,24,mail,27,112
KERR,senate,24,mail,28,76
KERR,senate,24,mail,32,32
KERR,senate,24,mail,33,28
KERR,senate,24,mail,34,46
KERR,senate,24,mail,35,17
KERR,senate,24,mail,37,1
KIMBLE,house,53,inperson,4,98
KIMBLE,house,53,inperson,5,85
KIMBLE,house,53,inperson,6,71
KIMBLE,house,53,inperson,7,75
KIMBLE,house,53,inperson,8,121
KIMBLE,house,53,inperson,11,139
KIMBLE,house,53,inperson,12,104
KIMBLE,house,53,inperson,13,118
KIMBLE,house,53,inperson,14,116
KIMBLE,house,53,inperson,15,148
KIMBLE,house,53,mail,4,2
KIMBLE,house,53,mail,5,1
KIMBLE,house,53,mail,6,4
KIMBLE,house,53,mail,7,1
KIMBLE,house,53,mail,8,9
KIMBLE,house,53,mail,11,5
KIMBLE,house,53,mail,12,7
KIMBLE,house,53,mail,13,5
KIMBLE,house,53,mail,14,3
KIMBLE,house,53,mail,15,19
KIMBLE,house,53,mail,18,2
KIMBLE,house,53,mail,20,1
KIMBLE,house,53,mail,21,8
KIMBLE,house,53,mail,22,16
KIMBLE,house,53,mail,25,8
KIMBLE,house,53,mail,26,3
KIMBLE,senate,24,inperson,4,98
KIMBLE,senate,24,inperson,5,85
KIMBLE,senate,24,inperson,6,71
KIMBLE,senate,24,inperson,7,75
KIMBLE,senate,24,inperson,8,121
KIMBLE,senate,24,inperson,11,139
KIMBLE,senate,24,inperson,12,104
KIMBLE,senate,24,inperson,13,118
KIMBLE,senate,24,inperson,14,116
KIMBLE,senate,24,inperson,15,148
KIMBLE,senate,24,mail,4,2
KIMBLE,senate,24,mail,5,1
KIMBLE,senate,24,mail,6,4
KIMBLE,senate,24,mail,7,1
KIMBLE,senate,24,mail,8,9
KIMBLE,senate,24,mail,11,5
KIMBLE,senate,24,mail,12,7
KIMBLE,senate,24,mail,13,5
KIMBLE,senate,24,mail,14,3
KIMBLE,senate,24,mail,15,19
KIMBLE,senate,24,mail,18,2
KIMBLE,senate,24,mail,20,1
KIMBLE,senate,24,mail,21,8
KIMBLE,senate,24,mail,22,16
KIMBLE,senate,24,mail,25,8
KIMBLE,senate,24,mail,26,3
KING,house,69,inperson,4,14
KING,house,69,inperson,5,13
KING,house,69,inperson,6,5
KING,house,69,inperson,7,2
KING,house,69,inperson,8,7
KING,house,69,inperson,12,3
KING,house,69,inperson,13,3
KING,house,69,inperson,14,2
KING,house,69,inperson,15,10
KING,house,69,mail,13,2
KING,house,69,mail,15,1
KING,senate,28,inperson,4,14
KING,senate,28,inperson,5,13
KING,senate,28,inperson,6,5
KING,senate,28,inperson,7,2
KING,senate,28,inperson,8,7
KING,senate,28,inperson,12,3
KING,senate,28,inperson,13,3
KING,senate,28,inperson,14,2
KING,senate,28,inperson,15,10
KING,senate,28,mail,13,2
KING,senate,28,mail,15,1
KINNEY,house,74,inperson,4,108
KINNEY,house,74,inperson,5,57
KINNEY,house,74,inperson,6,37
KINNEY,house,74,inperson,7,40
KINNEY,house,74,inperson,8,57
KINNEY,house,74,inperson,10,45
KINNEY,house,74,inperson,11,78
KINNEY,house,74,inperson,12,113
KINNEY,house,74,inperson,13,88
KINNEY,house,74,inperson,14,96
KINNEY,house,74,inperson,15,59
KINNEY,house,74,mail,6,2
KINNEY,house,74,mail,8,4
KINNEY,house,74,mail,11,2
KINNEY,house,74,mail,12,2
KINNEY,house,74,mail,13,1
KINNEY,house,74,mail,14,4
KINNEY,house,74,mail,15,2
KINNEY,house,74,mail,18,1
KINNEY,house,74,mail,19,1
KINNEY,house,74,mail,22,1
KINNEY,senate,19,inperson,4,108
KINNEY,senate,19,inperson,5,57
KINNEY,senate,19,inperson,6,37
KINNEY,senate,19,inperson,7,40
KINNEY,senate,19,inperson,8,57
KINNEY,senate,19,inperson,10,45
KINNEY,senate,19,inperson,11,78
KINNEY,senate,19,inperson,12,113
KINNEY,senate,19,inperson,13,88
KINNEY,senate,19,inperson,14,96
KINNEY,senate,19,inperson,15,59
KINNEY,senate,19,mail,6,2
KINNEY,senate,19,mail,8,4
KINNEY,senate,19,mail,11,2
KINNEY,senate,19,mail,12,2
KINNEY,senate,19,mail,13,1
KINNEY,senate,19,mail,14,4
KINNEY,senate,19,mail,15,2
KINNEY,senate,19,mail,18,1
KINNEY,senate,19,mail,19,1
KINNEY,senate,19,mail,22,1
KLEBERG,house,43,inperson,4,524
KLEBERG,house,43,inperson,5,316
KLEBERG,house,43,inperson,6,230
KLEBERG,house,43,inperson,7,178
KLEBERG,house,43,inperson,8,268
KLEBERG,house,43,inperson,10,292
KLEBERG,house,43,inperson,11,485
KLEBERG,house,43,inperson,12,385
KLEBERG,house,43,inperson,13,428
KLEBERG,house,43,inperson,14,565
KLEBERG,house,43,inperson,15,747
KLEBERG,house,43,mail,4,7
KLEBERG,house,43,mail,5,19
KLEBERG,house,43,mail,6,21
KLEBERG,house,43,mail,7,4
KLEBERG,house,43,mail,8,12
KLEBERG,house,43,mail,11,19
KLEBERG,house,43,mail,12,23
KLEBERG,house,43,mail,13,11
KLEBERG,house,43,mail,14,17
KLEBERG,house,43,mail,15,24
KLEBERG,house,43,mail,18,10
KLEBERG,house,43,mail,19,2
KLEBERG,house,43,mail,20,5
KLEBERG,house,43,mail,21,17
KLEBERG,house,43,mail,22,11
KLEBERG,house,43,mail,25,14
KLEBERG,house,43,mail,26,45
KLEBERG,house,43,mail,27,4
KLEBERG,house,43,mail,28,21
KLEBERG,house,43,mail,32,28
KLEBERG,house,43,mail,33,14
KLEBERG,house,43,mail,34,14
KLEBERG,house,43,mail,35,4
KLEBERG,house,43,mail,36,57
KLEBERG,house,43,mail,37,3
KLEBERG,senate,27,inperson,4,524
KLEBERG,senate,27,inperson,5,316
KLEBERG,senate,27,inperson,6,230
KLEBERG,senate,27,inperson,7,178
KLEBERG,senate,27,inperson,8,268
KLEBERG,senate,27,inperson,10,292
KLEBERG,senate,27,inperson,11,485
KLEBERG,senate,27,inperson,12,385
KLEBERG,senate,27,inperson,13,428
KLEBERG,senate,27,inperson,14,565
KLEBERG,senate,27,inperson,15,747
KLEBERG,senate,27,mail,4,7
KLEBERG,senate,27,mail,5,19
KLEBERG,senate,27,mail,6,21
KLEBERG,senate,27,mail,7,4
KLEBERG,senate,27,mail,8,12
KLEBERG,senate,27,mail,11,19
KLEBERG,senate,27,mail,12,23
KLEBERG,senate,27,mail,13,11
KLEBERG,senate,27,mail,14,17
KLEBERG,senate,27,mail,15,24
KLEBERG,senate,27,mail,18,10
KLEBERG,senate,27,mail,19,2
KLEBERG,senate,27,mail,20,5
KLEBERG,senate,27,mail,21,17
KLEBERG,senate,27,mail,22,11
KLEBERG,senate,27,mail,25,14
KLEBERG,senate,27,mail,26,45
KLEBERG,senate,27,mail,27,4
KLEBERG,senate,27,mail,28,21
KLEBERG,senate,27,mail,32,28
KLEBERG,senate,27,mail,33,14
KLEBERG,senate,27,mail,34,14
KLEBERG,senate,27,mail,35,4
KLEBERG,senate,27,mail,36,57
KLEBERG,senate,27,mail,37,3
KNOX,house,69,inperson,4,33
KNOX,house,69,inperson,5,31
KNOX,house,69,inperson,6,13
KNOX,house,69,inperson,7,19
KNOX,house,69,inperson,8,27
KNOX,house,69,inperson,11,21
KNOX,house,69,inperson,12,17
KNOX,house,69,inperson,13,13
KNOX,house,69,inperson,14,21
KNOX,house,69,inperson,15,24
KNOX,house,69,mail,4,1
KNOX,house,69,mail,5,1
KNOX,house,69,mail,6,2
KNOX,house,69,mail,8,2
KNOX,house,69,mail,11,4
KNOX,house,69,mail,12,2
KNOX,house,69,mail,13,3
KNOX,house,69,mail,14,1
KNOX,house,69,mail,15,1
KNOX,house,69,mail,18,2
KNOX,house,69,mail,19,5
KNOX,house,69,mail,21,1
KNOX,house,69,mail,22,4
KNOX,house,69,mail,25,1
KNOX,senate,28,inperson,4,33
KNOX,senate,28,inperson,5,31
KNOX,senate,28,inperson,6,13
KNOX,senate,28,inperson,7,19
KNOX,senate,28,inperson,8,27
KNOX,senate,28,inperson,11,21
KNOX,senate,28,inperson,12,17
KNOX,senate,28,inperson,13,13
KNOX,senate,28,inperson,14,21
KNOX,senate,28,inperson,15,24
KNOX,senate,28,mail,4,1
KNOX,senate,28,mail,5,1
KNOX,senate,28,mail,6,2
KNOX,senate,28,mail,8,2
KNOX,senate,28,mail,11,4
KNOX,senate,28,mail,12,2
KNOX,senate,28,mail,13,3
KNOX,senate,28,mail,14,1
KNOX,senate,28,mail,15,1
KNOX,senate,28,mail,18,2
KNOX,senate,28,mail,19,5
KNOX,senate,28,mail,21,1
KNOX,senate,28,mail,22,4
KNOX,senate,28,mail,25,1
LAMAR,house,1,inperson,4,883
LAMAR,house,1,inperson,5,739
LAMAR,house,1,inperson,6,604
LAMAR,house,1,inperson,7,659
LAMAR,house,1,inperson,8,726
LAMAR,house,1,inperson,9,93
LAMAR,house,1,inperson,10,178
LAMAR,house,1,inperson,11,748
LAMAR,house,1,inperson,12,782
LAMAR,house,1,inperson,13,800
LAMAR,house,1,inperson,14,891
LAMAR,house,1,inperson,15,828
LAMAR,house,1,mail,4,14
LAMAR,house,1,mail,5,41
LAMAR,house,1,mail,6,23
LAMAR,house,1,mail,7,31
LAMAR,house,1,mail,8,30
LAMAR,house,1,mail,10,21
LAMAR,house,1,mail,11,90
LAMAR,house,1,mail,12,20
LAMAR,house,1,mail,13,33
LAMAR,house,1,mail,14,38
LAMAR,house,1,mail,15,109
LAMAR,house,1,mail,18,62
LAMAR,house,1,mail,19,2
LAMAR,house,1,mail,20,2
LAMAR,house,1,mail,27,10
LAMAR,senate,1,inperson,4,883
LAMAR,senate,1,inperson,5,739
LAMAR,senate,1,inperson,6,604
LAMAR,senate,1,inperson,7,659
LAMAR,senate,1,inperson,8,726
LAMAR,senate,1,inperson,9,93
LAMAR,senate,1,inperson,10,178
LAMAR,senate,1,inperson,11,748
LAMAR,senate,1,inperson,12,782
LAMAR,senate,1,inperson,13,800
LAMAR,senate,1,inperson,14,891
LAMAR,senate,1,inperson,15,828
LAMAR,senate,1,mail,4,14
LAMAR,senate,1,mail,5,41
LAMAR,senate,1,mail,6,23
LAMAR,senate,1,mail,7,31
LAMAR,senate,1,mail,8,30
LAMAR,senate,1,mail,10,21
LAMAR,senate,1,mail,11,90
LAMAR,senate,1,mail,12,20
LAMAR,senate,1,mail,13,33
LAMAR,senate,1,mail,14,38
LAMAR,senate,1,mail,15,109
LAMAR,senate,1,mail,18,62
LAMAR,senate,1,mail,19,2
LAMAR,senate,1,mail,20,2
LAMAR,senate,1,mail,27,10
LAMB,house,88,inperson,4,174
LAMB,house,88,inperson,5,107
LAMB,house,88,inperson,6,77
LAMB,house,88,inperson,7,94
LAMB,house,88,inperson,8,101
LAMB,house,88,inperson,11,107
LAMB,house,88,inperson,12,98
LAMB,house,88,inperson,13,133
LAMB,house,88,inperson,14,98
LAMB,house,88,inperson,15,118
LAMB,house,88,mail,4,2
LAMB,house,88,mail,5,3
LAMB,house,88,mail,6,4
LAMB,house,88,mail,8,13
LAMB,house,88,mail,11,8
LAMB,house,88,mail,12,14
LAMB,house,88,mail,13,13
LAMB,house,88,mail,14,4
LAMB,house,88,mail,15,18
LAMB,house,88,mail,18,8
LAMB,house,88,mail,19,2
LAMB,house,88,mail,20,14
LAMB,house,88,mail,21,1
LAMB,house,88,mail,22,14
LAMB,house,88,mail,25,5
LAMB,house,88,mail,26,18
LAMB,house,88,mail,28,18
LAMB,senate,28,inperson,4,174
LAMB,senate,28,inperson,5,107
LAMB,senate,28,inperson,6,77
LAMB,senate,28,inperson,7,94
LAMB,senate,28,inperson,8,101
LAMB,senate,28,inperson,11,107
LAMB,senate,28,inperson,12,98
LAMB,senate,28,inperson,13,133
LAMB,senate,28,inperson,14,98
LAMB,senate,28,inperson,15,118
LAMB,senate,28,mail,4,2
LAMB,senate,28,mail,5,3
LAMB,senate,28,mail,6,4
LAMB,senate,28,mail,8,13
LAMB,senate,28,mail,11,8
LAMB,senate,28,mail,12,14
LAMB,senate,28,mail,13,13
LAMB,senate,28,mail,14,4
LAMB,senate,28,mail,15,18
LAMB,senate,28,mail,18,8
LAMB,senate,28,mail,19,2
LAMB,senate,28,mail,20,14
LAMB,senate,28,mail,21,1
LAMB,senate,28,mail,22,14
LAMB,senate,28,mail,25,5
LAMB,senate,28,mail,26,18
LAMB,senate,28,mail,28,18
LAMPASAS,house,68,inperson,4,519
LAMPASAS,house,68,inperson,5,352
LAMPASAS,house,68,inperson,6,345
LAMPASAS,house,68,inperson,7,485
LAMPASAS,house,68,inperson,8,332
LAMPASAS,house,68,inperson,11,510
LAMPASAS,house,68,inperson,12,462
LAMPASAS,house,68,inperson,13,515
LAMPASAS,house,68,inperson,14,691
LAMPASAS,house,68,inperson,15,608
LAMPASAS,house,68,mail,4,10
LAMPASAS,house,68,mail,5,12
LAMPASAS,house,68,mail,6,21
LAMPASAS,house,68,mail,7,9
LAMPASAS,house,68,mail,8,37
LAMPASAS,house,68,mail,11,19
LAMPASAS,house,68,mail,12,31
LAMPASAS,house,68,mail,13,7
LAMPASAS,house,68,mail,14,2
LAMPASAS,house,68,mail,15,64
LAMPASAS,house,68,mail,20,21
LAMPASAS,house,68,mail,21,4
LAMPASAS,house,68,mail,22,93
LAMPASAS,house,68,mail,26,3
LAMPASAS,house,68,mail,28,3
LAMPASAS,house,68,mail,34,1
LAMPASAS,senate,24,inperson,4,519
LAMPASAS,senate,24,inperson,5,352
LAMPASAS,senate,24,inperson,6,345
LAMPASAS,senate,24,inperson,7,485
LAMPASAS,senate,24,inperson,8,332
LAMPASAS,senate,24,inperson,11,510
LAMPASAS,senate,24,inperson,12,462
LAMPASAS,senate,24,inperson,13,515
LAMPASAS,senate,24,inperson,14,691
LAMPASAS,senate,24,inperson,15,608
LAMPASAS,senate,24,mail,4,10
LAMPASAS,senate,24,mail,5,12
LAMPASAS,senate,24,mail,6,21
LAMPASAS,senate,24,mail,7,9
LAMPASAS,senate,24,mail,8,37
LAMPASAS,senate,24,mail,11,19
LAMPASAS,senate,24,mail,12,31
LAMPASAS,senate,24,mail,13,7
LAMPASAS,senate,24,mail,14,2
LAMPASAS,senate,24,mail,15,64
LAMPASAS,senate,24,mail,20,21
LAMPASAS,senate,24,mail,21,4
LAMPASAS,senate,24,mail,22,93
LAMPASAS,senate,24,mail,26,3
LAMPASAS,senate,24,mail,28,3
LAMPASAS,senate,24,mail,34,1
LAVACA,house,30,inperson,4,563
LAVACA,house,30,inperson,5,427
LAVACA,house,30,inperson,6,309
LAVACA,house,30,inperson,7,252
LAVACA,house,30,inperson,8,329
LAVACA,house,30,inperson,11,502
LAVACA,house,30,inperson,12,333
LAVACA,house,30,inperson,13,396
LAVACA,house,30,inperson,14,454
LAVACA,house,30,inperson,15,473
LAVACA,house,30,mail,4,16
LAVACA,house,30,mail,5,20
LAVACA,house,30,mail,6,16
LAVACA,house,30,mail,7,1
LAVACA,house,30,mail,8,13
LAVACA,house,30,mail,11,17
LAVACA,house,30,mail,12,22
LAVACA,house,30,mail,13,23
LAVACA,house,30,mail,14,19
LAVACA,house,30,mail,15,18
LAVACA,house,30,mail,18,22
LAVACA,house,30,mail,19,3
LAVACA,house,30,mail,20,39
LAVACA,house,30,mail,21,5
LAVACA,house,30,mail,22,15
LAVACA,house,30,mail,25,46
LAVACA,house,30,mail,26,45
LAVACA,house,30,mail,27,3
LAVACA,house,30,mail,28,36
LAVACA,house,30,mail,32,16
LAVACA,house,30,mail,33,30
LAVACA,house,30,mail,34,37
LAVACA,house,30,mail,35,26
LAVACA,house,30,mail,36,7
LAVACA,senate,18,inperson,4,563
LAVACA,senate,18,inperson,5,427
LAVACA,senate,18,inperson,6,309
LAVACA,senate,18,inperson,7,252
LAVACA,senate,18,inperson,8,329
LAVACA,senate,18,inperson,11,502
LAVACA,senate,18,inperson,12,333
LAVACA,senate,18,inperson,13,396
LAVACA,senate,18,inperson,14,454
LAVACA,senate,18,inperson,15,473
LAVACA,senate,18,mail,4,16
LAVACA,senate,18,mail,5,20
LAVACA,senate,18,mail,6,16
LAVACA,senate,18,mail,7,1
LAVACA,senate,18,mail,8,13
LAVACA,senate,18,mail,11,17
LAVACA,senate,18,mail,12,22
LAVACA,senate,18,mail,13,23
LAVACA,senate,18,mail,14,19
LAVACA,senate,18,mail,15,18
LAVACA,senate,18,mail,18,22
LAVACA,senate,18,mail,19,3
LAVACA,senate,18,mail,20,39
LAVACA,senate,18,mail,21,5
LAVACA,senate,18,mail,22,15
LAVACA,senate,18,mail,25,46
LAVACA,senate,18,mail,26,45
LAVACA,senate,18,mail,27,3
LAVACA,senate,18,mail,28,36
LAVACA,senate,18,mail,32,16
LAVACA,senate,18,mail,33,30
LAVACA,senate,18,mail,34,37
LAVACA,senate,18,mail,35,26
LAVACA,senate,18,mail,36,7
LEE,house,17,inperson,4,524
LEE,house,17,inperson,5,340
LEE,house,17,inperson,6,294
LEE,house,17,inperson,7,263
LEE,house,17,inperson,8,280
LEE,house,17,inperson,9,78
LEE,house,17,inperson,10,97
LEE,house,17,inperson,11,310
LEE,house,17,inperson,12,286
LEE,house,17,inperson,13,290
LEE,house,17,inperson,14,292
LEE,house,17,inperson,15,315
LEE,house,17,mail,4,3
LEE,house,17,mail,5,5
LEE,house,17,mail,6,9
LEE,house,17,mail,7,8
LEE,house,17,mail,8,16
LEE,house,17,mail,11,6
LEE,house,17,mail,12,15
LEE,house,17,mail,13,15
LEE,house,17,mail,14,11
LEE,house,17,mail,15,14
LEE,house,17,mail,18,15
LEE,house,17,mail,19,18
LEE,house,17,mail,20,7
LEE,house,17,mail,21,17
LEE,house,17,mail,22,14
LEE,house,17,mail,25,11
LEE,house,17,mail,26,14
LEE,house,17,mail,27,12
LEE,house,17,mail,28,19
LEE,house,17,mail,32,4
LEE,house,17,mail,33,1
LEE,senate,18,inperson,4,524
LEE,senate,18,inperson,5,340
LEE,senate,18,inperson,6,294
LEE,senate,18,inperson,7,263
LEE,senate,18,inperson,8,280
LEE,senate,18,inperson,9,78
LEE,senate,18,inperson,10,97
LEE,senate,18,inperson,11,310
LEE,senate,18,inperson,12,286
LEE,senate,18,inperson,13,290
LEE,senate,18,inperson,14,292
LEE,senate,18,inperson,15,315
LEE,senate,18,mail,4,3
LEE,senate,18,mail,5,5
LEE,senate,18,mail,6,9
LEE,senate,18,mail,7,8
LEE,senate,18,mail,8,16
LEE,senate,18,mail,11,6
LEE,senate,18,mail,12,15
LEE,senate,18,mail,13,15
LEE,senate,18,mail,14,11
LEE,senate,18,mail,15,14
LEE,senate,18,mail,18,15
LEE,senate,18,mail,19,18
LEE,senate,18,mail,20,7
LEE,senate,18,mail,21,17
LEE,senate,18,mail,22,14
LEE,senate,18,mail,25,11
LEE,senate,18,mail,26,14
LEE,senate,18,mail,27,12
LEE,senate,18,mail,28,19
LEE,senate,18,mail,32,4
LEE,senate,18,mail,33,1
LEON,house,13,inperson,4,381
LEON,house,13,inperson,5,235
LEON,house,13,inperson,6,213
LEON,house,13,inperson,7,217
LEON,house,13,inperson,8,231
LEON,house,13,inperson,11,296
LEON,house,13,inperson,12,255
LEON,house,13,inperson,13,306
LEON,house,13,inperson,14,329
LEON,house,13,inperson,15,349
LEON,house,13,mail,4,6
LEON,house,13,mail,5,8
LEON,house,13,mail,6,4
LEON,house,13,mail,7,2
LEON,house,13,mail,8,10
LEON,house,13,mail,11,4
LEON,house,13,mail,12,12
LEON,house,13,mail,13,3
LEON,house,13,mail,14,8
LEON,house,13,mail,15,9
LEON,house,13,mail,18,5
LEON,house,13,mail,19,14
LEON,house,13,mail,21,1
LEON,house,13,mail,22,6
LEON,house,13,mail,24,6
LEON,house,13,mail,25,7
LEON,house,13,mail,26,21
LEON,house,13,mail,27,2
LEON,house,13,mail,28,18
LEON,house,13,mail,29,11
LEON,house,13,mail,32,6
LEON,house,13,mail,33,14
LEON,house,13,mail,34,20
LEON,house,13,mail,35,7
LEON,house,13,mail,36,29
LEON,house,13,mail,37,52
LEON,senate,5,inperson,4,381
LEON,senate,5,inperson,5,235
LEON,senate,5,inperson,6,213
LEON,senate,5,inperson,7,217
LEON,senate,5,inperson,8,231
LEON,senate,5,inperson,11,296
LEON,senate,5,inperson,12,255
LEON,senate,5,inperson,13,306
LEON,senate,5,inperson,14,329
LEON,senate,5,inperson,15,349
LEON,senate,5,mail,4,6
LEON,senate,5,mail,5,8
LEON,senate,5,mail,6,4
LEON,senate,5,mail,7,2
LEON,senate,5,mail,8,10
LEON,senate,5,mail,11,4
LEON,senate,5,mail,12,12
LEON,senate,5,mail,13,3
LEON,senate,5,mail,14,8
LEON,senate,5,mail,15,9
LEON,senate,5,mail,18,5
LEON,senate,5,mail,19,14
LEON,senate,5,mail,21,1
LEON,senate,5,mail,22,6
LEON,senate,5,mail,24,6
LEON,senate,5,mail,25,7
LEON,senate,5,mail,26,21
LEON,senate,5,mail,27,2
LEON,senate,5,mail,28,18
LEON,senate,5,mail,29,11
LEON,senate,5,mail,32,6
LEON,senate,5,mail,33,14
LEON,senate,5,mail,34,20
LEON,senate,5,mail,35,7
LEON,senate,5,mail,36,29
LEON,senate,5,mail,37,52
LIBERTY,house,18,inperson,4,1719
LIBERTY,house,18,inperson,5,1076
LIBERTY,house,18,inperson,6,973
LIBERTY,house,18,inperson,7,870
LIBERTY,house,18,inperson,8,974
LIBERTY,house,18,inperson,9,245
LIBERTY,house,18,inperson,10,521
LIBERTY,house,18,inperson,11,1174
LIBERTY,house,18,inperson,12,1175
LIBERTY,house,18,inperson,13,1176
LIBERTY,house,18,inperson,14,1381
LIBERTY,house,18,inperson,15,1431
LIBERTY,house,18,mail,4,19
LIBERTY,house,18,mail,5,3
LIBERTY,house,18,mail,6,19
LIBERTY,house,18,mail,7,4
LIBERTY,house,18,mail,8,63
LIBERTY,house,18,mail,9,1
LIBERTY,house,18,mail,12,82
LIBERTY,house,18,mail,13,5
LIBERTY,house,18,mail,14,98
LIBERTY,house,18,mail,15,41
LIBERTY,house,18,mail,18,50
LIBERTY,house,18,mail,19,6
LIBERTY,house,18,mail,20,1
LIBERTY,house,18,mail,21,9
LIBERTY,house,18,mail,22,83
LIBERTY,senate,3,inperson,4,1719
LIBERTY,senate,3,inperson,5,1076
LIBERTY,senate,3,inperson,6,973
LIBERTY,senate,3,inperson,7,870
LIBERTY,senate,3,inperson,8,974
LIBERTY,senate,3,inperson,9,245
LIBERTY,senate,3,inperson,10,521
LIBERTY,senate,3,inperson,11,1174
LIBERTY,senate,3,inperson,12,1175
LIBERTY,senate,3,inperson,13,1176
LIBERTY,senate,3,inperson,14,1381
LIBERTY,senate,3,inperson,15,1431
LIBERTY,senate,3,mail,4,19
LIBERTY,senate,3,mail,5,3
LIBERTY,senate,3,mail,6,19
LIBERTY,senate,3,mail,7,4
LIBERTY,senate,3,mail,8,63
LIBERTY,senate,3,mail,9,1
LIBERTY,senate,3,mail,12,82
LIBERTY,senate,3,mail,13,5
LIBERTY,senate,3,mail,14,98
LIBERTY,senate,3,mail,15,41
LIBERTY,senate,3,mail,18,50
LIBERTY,senate,3,mail,19,6
LIBERTY,senate,3,mail,20,1
LIBERTY,senate,3,mail,21,9
LIBERTY,senate,3,mail,22,83
LIMESTONE,house,13,inperson,4,446
LIMESTONE,house,13,inperson,5,317
LIMESTONE,house,13,inperson,6,263
LIMESTONE,house,13,inperson,7,273
LIMESTONE,house,13,inperson,8,280
LIMESTONE,house,13,inperson,10,143
LIMESTONE,house,13,inperson,11,306
LIMESTONE,house,13,inperson,12,384
LIMESTONE,house,13,inperson,13,422
LIMESTONE,house,13,inperson,14,431
LIMESTONE,house,13,inperson,15,428
LIMESTONE,house,13,mail,5,18
LIMESTONE,house,13,mail,6,3
LIMESTONE,house,13,mail,7,8
LIMESTONE,house,13,mail,8,7
LIMESTONE,house,13,mail,11,13
LIMESTONE,house,13,mail,12,20
LIMESTONE,house,13,mail,13,5
LIMESTONE,house,13,mail,14,12
LIMESTONE,house,13,mail,15,7
LIMESTONE,house,13,mail,18,13
LIMESTONE,house,13,mail,19,16
LIMESTONE,house,13,mail,20,9
LIMESTONE,house,13,mail,21,8
LIMESTONE,house,13,mail,22,12
LIMESTONE,house,13,mail,25,11
LIMESTONE,house,13,mail,26,20
LIMESTONE,house,13,mail,27,16
LIMESTONE,house,13,mail,28,14
LIMESTONE,house,13,mail,32,11
LIMESTONE,house,13,mail,33,9
LIMESTONE,house,13,mail,34,10
LIMESTONE,house,13,mail,35,29
LIMESTONE,house,13,mail,36,16
LIMESTONE,house,13,mail,37,4
LIMESTONE,senate,5,inperson,4,446
LIMESTONE,senate,5,inperson,5,317
LIMESTONE,senate,5,inperson,6,263
LIMESTONE,senate,5,inperson,7,273
LIMESTONE,senate,5,inperson,8,280
LIMESTONE,senate,5,inperson,10,143
LIMESTONE,senate,5,inperson,11,306
LIMESTONE,senate,5,inperson,12,384
LIMESTONE,senate,5,inperson,13,422
LIMESTONE,senate,5,inperson,14,431
LIMESTONE,senate,5,inperson,15,428
LIMESTONE,senate,5,mail,5,18
LIMESTONE,senate,5,mail,6,3
LIMESTONE,senate,5,mail,7,8
LIMESTONE,senate,5,mail,8,7
LIMESTONE,senate,5,mail,11,13
LIMESTONE,senate,5,mail,12,20
LIMESTONE,senate,5,mail,13,5
LIMESTONE,senate,5,mail,14,12
LIMESTONE,senate,5,mail,15,7
LIMESTONE,senate,5,mail,18,13
LIMESTONE,senate,5,mail,19,16
LIMESTONE,senate,5,mail,20,9
LIMESTONE,senate,5,mail,21,8
LIMESTONE,senate,5,mail,22,12
LIMESTONE,senate,5,mail,25,11
LIMESTONE,senate,5,mail,26,20
LIMESTONE,senate,5,mail,27,16
LIMESTONE,senate,5,mail,28,14
LIMESTONE,senate,5,mail,32,11
LIMESTONE,senate,5,mail,33,9
LIMESTONE,senate,5,mail,34,10
LIMESTONE,senate,5,mail,35,29
LIMESTONE,senate,5,mail,36,16
LIMESTONE,senate,5,mail,37,4
LIPSCOMB,house,87,inperson,4,23
LIPSCOMB,house,87,inperson,5,19
LIPSCOMB,house,87,inperson,6,19
LIPSCOMB,house,87,inperson,7,23
LIPSCOMB,house,87,inperson,8,19
LIPSCOMB,house,87,inperson,11,27
LIPSCOMB,house,87,inperson,12,19
LIPSCOMB,house,87,inperson,13,13
LIPSCOMB,house,87,inperson,14,13
LIPSCOMB,house,87,inperson,15,22
LIPSCOMB,house,87,mail,4,2
LIPSCOMB,house,87,mail,6,2
LIPSCOMB,house,87,mail,7,5
LIPSCOMB,house,87,mail,8,1
LIPSCOMB,house,87,mail,11,2
LIPSCOMB,house,87,mail,12,2
LIPSCOMB,house,87,mail,13,7
LIPSCOMB,house,87,mail,15,4
LIPSCOMB,house,87,mail,18,2
LIPSCOMB,house,87,mail,19,3
LIPSCOMB,house,87,mail,20,5
LIPSCOMB,house,87,mail,22,18
LIPSCOMB,house,87,mail,25,5
LIPSCOMB,house,87,mail,26,12
LIPSCOMB,house,87,mail,28,28
LIPSCOMB,house,87,mail,32,1
LIPSCOMB,senate,31,inperson,4,23
LIPSCOMB,senate,31,inperson,5,19
LIPSCOMB,senate,31,inperson,6,19
LIPSCOMB,senate,31,inperson,7,23
LIPSCOMB,senate,31,inperson,8,19
LIPSCOMB,senate,31,inperson,11,27
LIPSCOMB,senate,31,inperson,12,19
LIPSCOMB,senate,31,inperson,13,13
LIPSCOMB,senate,31,inperson,14,13
LIPSCOMB,senate,31,inperson,15,22
LIPSCOMB,senate,31,mail,4,2
LIPSCOMB,senate,31,mail,6,2
LIPSCOMB,senate,31,mail,7,5
LIPSCOMB,senate,31,mail,8,1
LIPSCOMB,senate,31,mail,11,2
LIPSCOMB,senate,31,mail,12,2
LIPSCOMB,senate,31,mail,13,7
LIPSCOMB,senate,31,mail,15,4
LIPSCOMB,senate,31,mail,18,2
LIPSCOMB,senate,31,mail,19,3
LIPSCOMB,senate,31,mail,20,5
LIPSCOMB,senate,31,mail,22,18
LIPSCOMB,senate,31,mail,25,5
LIPSCOMB,senate,31,mail,26,12
LIPSCOMB,senate,31,mail,28,28
LIPSCOMB,senate,31,mail,32,1
LIVE OAK,house,31,inperson,4,200
LIVE OAK,house,31,inperson,5,149
LIVE OAK,house,31,inperson,6,149
LIVE OAK,house,31,inperson,7,114
LIVE OAK,house,31,inperson,8,158
LIVE OAK,house,31,inperson,11,210
LIVE OAK,house,31,inperson,12,178
LIVE OAK,house,31,inperson,13,212
LIVE OAK,house,31,inperson,14,243
LIVE OAK,house,31,inperson,15,275
LIVE OAK,house,31,mail,4,12
LIVE OAK,house,31,mail,5,4
LIVE OAK,house,31,mail,6,4
LIVE OAK,house,31,mail,7,2
LIVE OAK,house,31,mail,8,16
LIVE OAK,house,31,mail,11,7
LIVE OAK,house,31,mail,12,17
LIVE OAK,house,31,mail,13,12
LIVE OAK,house,31,mail,14,4
LIVE OAK,house,31,mail,15,16
LIVE OAK,house,31,mail,18,9
LIVE OAK,house,31,mail,19,13
LIVE OAK,house,31,mail,20,4
LIVE OAK,senate,21,inperson,4,200
LIVE OAK,senate,21,inperson,5,149
LIVE OAK,senate,21,inperson,6,149
LIVE OAK,senate,21,inperson,7,114
LIVE OAK,senate,21,inperson,8,158
LIVE OAK,senate,21,inperson,11,210
LIVE OAK,senate,21,inperson,12,178
LIVE OAK,senate,21,inperson,13,212
LIVE OAK,senate,21,inperson,14,243
LIVE OAK,senate,21,inperson,15,275
LIVE OAK,senate,21,mail,4,12
LIVE OAK,senate,21,mail,5,4
LIVE OAK,senate,21,mail,6,4
LIVE OAK,senate,21,mail,7,2
LIVE OAK,senate,21,mail,8,16
LIVE OAK,senate,21,mail,11,7
LIVE OAK,senate,21,mail,12,17
LIVE OAK,senate,21,mail,13,12
LIVE OAK,senate,21,mail,14,4
LIVE OAK,senate,21,mail,15,16
LIVE OAK,senate,21,mail,18,9
LIVE OAK,senate,21,mail,19,13
LIVE OAK,senate,21,mail,20,4
LLANO,house,53,inperson,4,746
LLANO,house,53,inperson,5,546
LLANO,house,53,inperson,6,526
LLANO,house,53,inperson,7,552
LLANO,house,53,inperson,8,697
LLANO,house,53,inperson,11,754
LLANO,house,53,inperson,12,689
LLANO,house,53,inperson,13,773
LLANO,house,53,inperson,14,868
LLANO,house,53,inperson,15,1103
LLANO,house,53,mail,4,10
LLANO,house,53,mail,5,12
LLANO,house,53,mail,6,4
LLANO,house,53,mail,7,22
LLANO,house,53,mail,8,25
LLANO,house,53,mail,12,6
LLANO,house,53,mail,13,8
LLANO,house,53,mail,14,2
LLANO,house,53,mail,15,10
LLANO,house,53,mail,18,6
LLANO,house,53,mail,19,3
LLANO,house,53,mail,20,8
LLANO,house,53,mail,21,4
LLANO,house,53,mail,22,6
LLANO,house,53,mail,26,12
LLANO,house,53,mail,27,17
LLANO,house,53,mail,28,29
LLANO,house,53,mail,32,30
LLANO,house,53,mail,33,65
LLANO,house,53,mail,36,54
LLANO,house,53,mail,37,250
LLANO,senate,24,inperson,4,746
LLANO,senate,24,inperson,5,546
LLANO,senate,24,inperson,6,526
LLANO,senate,24,inperson,7,552
LLANO,senate,24,inperson,8,697
LLANO,senate,24,inperson,11,754
LLANO,senate,24,inperson,12,689
LLANO,senate,24,inperson,13,773
LLANO,senate,24,inperson,14,868
LLANO,senate,24,inperson,15,1103
LLANO,senate,24,mail,4,10
LLANO,senate,24,mail,5,12
LLANO,senate,24,mail,6,4
LLANO,senate,24,mail,7,22
LLANO,senate,24,mail,8,25
LLANO,senate,24,mail,12,6
LLANO,senate,24,mail,13,8
LLANO,senate,24,mail,14,2
LLANO,senate,24,mail,15,10
LLANO,senate,24,mail,18,6
LLANO,senate,24,mail,19,3
LLANO,senate,24,mail,20,8
LLANO,senate,24,mail,21,4
LLANO,senate,24,mail,22,6
LLANO,senate,24,mail,26,12
LLANO,senate,24,mail,27,17
LLANO,senate,24,mail,28,29
LLANO,senate,24,mail,32,30
LLANO,senate,24,mail,33,65
LLANO,senate,24,mail,36,54
LLANO,senate,24,mail,37,250
LOVING,house,81,inperson,4,6
LOVING,house,81,inperson,5,5
LOVING,house,81,inperson,6,2
LOVING,house,81,inperson,7,8
LOVING,house,81,inperson,8,3
LOVING,house,81,inperson,11,1
LOVING,house,81,inperson,12,3
LOVING,house,81,inperson,13,5
LOVING,house,81,inperson,14,4
LOVING,house,81,inperson,15,10
LOVING,house,81,mail,4,1
LOVING,house,81,mail,5,2
LOVING,senate,31,inperson,4,6
LOVING,senate,31,inperson,5,5
LOVING,senate,31,inperson,6,2
LOVING,senate,31,inperson,7,8
LOVING,senate,31,inperson,8,3
LOVING,senate,31,inperson,11,1
LOVING,senate,31,inperson,12,3
LOVING,senate,31,inperson,13,5
LOVING,senate,31,inperson,14,4
LOVING,senate,31,inperson,15,10
LOVING,senate,31,mail,4,1
LOVING,senate,31,mail,5,2
LUBBOCK,house,83,inperson,4,3491
LUBBOCK,house,83,inperson,5,2590
LUBBOCK,house,83,inperson,6,2307
LUBBOCK,house,83,inperson,7,2452
LUBBOCK,house,83,inperson,8,2447
LUBBOCK,house,83,inperson,9,946
LUBBOCK,house,83,inperson,10,1866
LUBBOCK,house,83,inperson,11,2772
LUBBOCK,house,83,inperson,12,2829
LUBBOCK,house,83,inperson,13,2975
LUBBOCK,house,83,inperson,14,3171
LUBBOCK,house,83,inperson,15,3234
LUBBOCK,house,83,mail,4,115
LUBBOCK,house,83,mail,5,3
LUBBOCK,house,83,mail,6,227
LUBBOCK,house,83,mail,7,3
LUBBOCK,house,83,mail,11,3
LUBBOCK,house,83,mail,12,101
LUBBOCK,house,83,mail,13,1
LUBBOCK,house,83,mail,14,9
LUBBOCK,house,83,mail,15,62
LUBBOCK,house,83,mail,18,6
LUBBOCK,house,83,mail,19,3
LUBBOCK,house,83,mail,20,32
LUBBOCK,house,83,mail,21,61
LUBBOCK,house,83,mail,22,64
LUBBOCK,house,83,mail,25,33
LUBBOCK,house,83,mail,26,41
LUBBOCK,house,83,mail,27,131
LUBBOCK,house,83,mail,28,44
LUBBOCK,house,83,mail,29,2
LUBBOCK,house,83,mail,32,71
LUBBOCK,house,83,mail,33,39
LUBBOCK,house,83,mail,34,41
LUBBOCK,house,83,mail,35,68
LUBBOCK,house,83,mail,36,78
LUBBOCK,house,83,mail,37,5
LUBBOCK,house,84,inperson,4,3766
LUBBOCK,house,84,inperson,5,2369
LUBBOCK,house,84,inperson,6,2127
LUBBOCK,house,84,inperson,7,1994
LUBBOCK,house,84,inperson,8,1887
LUBBOCK,house,84,inperson,9,814
LUBBOCK,house,84,inperson,10,1435
LUBBOCK,house,84,inperson,11,2035
LUBBOCK,house,84,inperson,12,2314
LUBBOCK,house,84,inperson,13,2297
LUBBOCK,house,84,inperson,14,2624
LUBBOCK,house,84,inperson,15,2499
LUBBOCK,house,84,mail,4,145
LUBBOCK,house,84,mail,5,5
LUBBOCK,house,84,mail,6,239
LUBBOCK,house,84,mail,7,4
LUBBOCK,house,84,mail,8,2
LUBBOCK,house,84,mail,11,2
LUBBOCK,house,84,mail,12,95
LUBBOCK,house,84,mail,13,1
LUBBOCK,house,84,mail,14,11
LUBBOCK,house,84,mail,15,60
LUBBOCK,house,84,mail,18,8
LUBBOCK,house,84,mail,19,3
LUBBOCK,house,84,mail,20,40
LUBBOCK,house,84,mail,21,45
LUBBOCK,house,84,mail,22,59
LUBBOCK,house,84,mail,25,12
LUBBOCK,house,84,mail,26,44
LUBBOCK,house,84,mail,27,121
LUBBOCK,house,84,mail,28,62
LUBBOCK,house,84,mail,29,3
LUBBOCK,house,84,mail,32,48
LUBBOCK,house,84,mail,33,46
LUBBOCK,house,84,mail,34,45
LUBBOCK,house,84,mail,35,49
LUBBOCK,house,84,mail,36,84
LUBBOCK,house,84,mail,37,3
LUBBOCK,senate,28,inperson,4,7257
LUBBOCK,senate,28,inperson,5,4959
LUBBOCK,senate,28,inperson,6,4434
LUBBOCK,senate,28,inperson,7,4446
LUBBOCK,senate,28,inperson,8,4334
LUBBOCK,senate,28,inperson,9,1760
LUBBOCK,senate,28,inperson,10,3301
LUBBOCK,senate,28,inperson,11,4807
LUBBOCK,senate,28,inperson,12,5143
LUBBOCK,senate,28,inperson,13,5272
LUBBOCK,senate,28,inperson,14,5795
LUBBOCK,senate,28,inperson,15,5733
LUBBOCK,senate,28,mail,4,260
LUBBOCK,senate,28,mail,5,8
LUBBOCK,senate,28,mail,6,466
LUBBOCK,senate,28,mail,7,7
LUBBOCK,senate,28,mail,8,2
LUBBOCK,senate,28,mail,11,5
LUBBOCK,senate,28,mail,12,196
LUBBOCK,senate,28,mail,13,2
LUBBOCK,senate,28,mail,14,20
LUBBOCK,senate,28,mail,15,122
LUBBOCK,senate,28,mail,18,14
LUBBOCK,senate,28,mail,19,6
LUBBOCK,senate,28,mail,20,72
LUBBOCK,senate,28,mail,21,106
LUBBOCK,senate,28,mail,22,123
LUBBOCK,senate,28,mail,25,45
LUBBOCK,senate,28,mail,26,85
LUBBOCK,senate,28,mail,27,252
LUBBOCK,senate,28,mail,28,106
LUBBOCK,senate,28,mail,29,5
LUBBOCK,senate,28,mail,32,119
LUBBOCK,senate,28,mail,33,85
LUBBOCK,senate,28,mail,34,86
LUBBOCK,senate,28,mail,35,117
LUBBOCK,senate,28,mail,36,162
LUBBOCK,senate,28,mail,37,8
LYNN,house,83,inperson,4,83
LYNN,house,83,inperson,5,70
LYNN,house,83,inperson,6,50
LYNN,house,83,inperson,7,47
LYNN,house,83,inperson,8,50
LYNN,house,83,inperson,11,45
LYNN,house,83,inperson,12,52
LYNN,house,83,inperson,13,51
LYNN,house,83,inperson,14,49
LYNN,house,83,inperson,15,39
LYNN,house,83,mail,5,1
LYNN,house,83,mail,8,6
LYNN,house,83,mail,12,4
LYNN,house,83,mail,14,1
LYNN,house,83,mail,15,2
LYNN,senate,28,inperson,4,83
LYNN,senate,28,inperson,5,70
LYNN,senate,28,inperson,6,50
LYNN,senate,28,inperson,7,47
LYNN,senate,28,inperson,8,50
LYNN,senate,28,inperson,11,45
LYNN,senate,28,inperson,12,52
LYNN,senate,28,inperson,13,51
LYNN,senate,28,inperson,14,49
LYNN,senate,28,inperson,15,39
LYNN,senate,28,mail,5,1
LYNN,senate,28,mail,8,6
LYNN,senate,28,mail,12,4
LYNN,senate,28,mail,14,1
LYNN,senate,28,mail,15,2
MADISON,house,12,inperson,4,274
MADISON,house,12,inperson,5,179
MADISON,house,12,inperson,6,186
MADISON,house,12,inperson,7,162
MADISON,house,12,inperson,8,147
MADISON,house,12,inperson,10,81
MADISON,house,12,inperson,11,141
MADISON,house,12,inperson,12,154
MADISON,house,12,inperson,13,179
MADISON,house,12,inperson,14,209
MADISON,house,12,inperson,15,240
MADISON,house,12,mail,4,7
MADISON,house,12,mail,5,1
MADISON,house,12,mail,6,2
MADISON,house,12,mail,8,5
MADISON,house,12,mail,10,6
MADISON,house,12,mail,11,5
MADISON,house,12,mail,12,16
MADISON,house,12,mail,13,1
MADISON,house,12,mail,14,4
MADISON,house,12,mail,15,11
MADISON,house,12,mail,18,9
MADISON,house,12,mail,19,10
MADISON,house,12,mail,20,1
MADISON,house,12,mail,21,18
MADISON,house,12,mail,22,13
MADISON,house,12,mail,25,12
MADISON,house,12,mail,26,14
MADISON,house,12,mail,27,13
MADISON,senate,5,inperson,4,274
MADISON,senate,5,inperson,5,179
MADISON,senate,5,inperson,6,186
MADISON,senate,5,inperson,7,162
MADISON,senate,5,inperson,8,147
MADISON,senate,5,inperson,10,81
MADISON,senate,5,inperson,11,141
MADISON,senate,5,inperson,12,154
MADISON,senate,5,inperson,13,179
MADISON,senate,5,inperson,14,209
MADISON,senate,5,inperson,15,240
MADISON,senate,5,mail,4,7
MADISON,senate,5,mail,5,1
MADISON,senate,5,mail,6,2
MADISON,senate,5,mail,8,5
MADISON,senate,5,mail,10,6
MADISON,senate,5,mail,11,5
MADISON,senate,5,mail,12,16
MADISON,senate,5,mail,13,1
MADISON,senate,5,mail,14,4
MADISON,senate,5,mail,15,11
MADISON,senate,5,mail,18,9
MADISON,senate,5,mail,19,10
MADISON,senate,5,mail,20,1
MADISON,senate,5,mail,21,18
MADISON,senate,5,mail,22,13
MADISON,senate,5,mail,25,12
MADISON,senate,5,mail,26,14
MADISON,senate,5,mail,27,13
MARION,house,7,inperson,4,193
MARION,house,7,inperson,5,151
MARION,house,7,inperson,6,124
MARION,house,7,inperson,7,117
MARION,house,7,inperson,8,168
MARION,house,7,inperson,11,159
MARION,house,7,inperson,12,153
MARION,house,7,inperson,13,160
MARION,house,7,inperson,14,184
MARION,house,7,inperson,15,271
MARION,house,7,mail,4,14
MARION,house,7,mail,5,3
MARION,house,7,mail,6,1
MARION,house,7,mail,8,11
MARION,house,7,mail,12,11
MARION,house,7,mail,13,12
MARION,house,7,mail,14,4
MARION,house,7,mail,15,18
MARION,house,7,mail,18,8
MARION,house,7,mail,19,22
MARION,house,7,mail,20,15
MARION,house,7,mail,21,11
MARION,house,7,mail,22,21
MARION,senate,1,inperson,4,193
MARION,senate,1,inperson,5,151
MARION,senate,1,inperson,6,124
MARION,senate,1,inperson,7,117
MARION,senate,1,inperson,8,168
MARION,senate,1,inperson,11,159
MARION,senate,1,inperson,12,153
MARION,senate,1,inperson,13,160
MARION,senate,1,inperson,14,184
MARION,senate,1,inperson,15,271
MARION,senate,1,mail,4,14
MARION,senate,1,mail,5,3
MARION,senate,1,mail,6,1
MARION,senate,1,mail,8,11
MARION,senate,1,mail,12,11
MARION,senate,1,mail,13,12
MARION,senate,1,mail,14,4
MARION,senate,1,mail,15,18
MARION,senate,1,mail,18,8
MARION,senate,1,mail,19,22
MARION,senate,1,mail,20,15
MARION,senate,1,mail,21,11
MARION,senate,1,mail,22,21
MARTIN,house,82,inperson,4,139
MARTIN,house,82,inperson,5,67
MARTIN,house,82,inperson,6,77
MARTIN,house,82,inperson,7,63
MARTIN,house,82,inperson,8,104
MARTIN,house,82,inperson,11,91
MARTIN,house,82,inperson,12,92
MARTIN,house,82,inperson,13,59
MARTIN,house,82,inperson,14,103
MARTIN,house,82,inperson,15,84
MARTIN,house,82,mail,4,2
MARTIN,house,82,mail,6,1
MARTIN,house,82,mail,8,5
MARTIN,house,82,mail,11,1
MARTIN,house,82,mail,12,1
MARTIN,house,82,mail,14,3
MARTIN,house,82,mail,15,1
MARTIN,house,82,mail,17,1
MARTIN,house,82,mail,18,1
MARTIN,house,82,mail,19,1
MARTIN,house,82,mail,22,3
MARTIN,house,82,mail,25,1
MARTIN,house,82,mail,28,2
MARTIN,house,82,mail,34,3
MARTIN,house,82,mail,35,3
MARTIN,senate,31,inperson,4,139
MARTIN,senate,31,inperson,5,67
MARTIN,senate,31,inperson,6,77
MARTIN,senate,31,inperson,7,63
MARTIN,senate,31,inperson,8,104
MARTIN,senate,31,inperson,11,91
MARTIN,senate,31,inperson,12,92
MARTIN,senate,31,inperson,13,59
MARTIN,senate,31,inperson,14,103
MARTIN,senate,31,inperson,15,84
MARTIN,senate,31,mail,4,2
MARTIN,senate,31,mail,6,1
MARTIN,senate,31,mail,8,5
MARTIN,senate,31,mail,11,1
MARTIN,senate,31,mail,12,1
MARTIN,senate,31,mail,14,3
MARTIN,senate,31,mail,15,1
MARTIN,senate,31,mail,17,1
MARTIN,senate,31,mail,18,1
MARTIN,senate,31,mail,19,1
MARTIN,senate,31,mail,22,3
MARTIN,senate,31,mail,25,1
MARTIN,senate,31,mail,28,2
MARTIN,senate,31,mail,34,3
MARTIN,senate,31,mail,35,3
MASON,house,53,inperson,4,194
MASON,house,53,inperson,5,146
MASON,house,53,inperson,6,125
MASON,house,53,inperson,7,111
MASON,house,53,inperson,8,116
MASON,house,53,inperson,11,149
MASON,house,53,inperson,12,139
MASON,house,53,inperson,13,152
MASON,house,53,inperson,14,124
MASON,house,53,inperson,15,144
MASON,house,53,mail,4,1
MASON,house,53,mail,5,5
MASON,house,53,mail,6,4
MASON,house,53,mail,8,4
MASON,house,53,mail,11,3
MASON,house,53,mail,12,4
MASON,house,53,mail,13,2
MASON,house,53,mail,14,1
MASON,house,53,mail,15,3
MASON,house,53,mail,18,6
MASON,house,53,mail,20,2
MASON,house,53,mail,21,3
MASON,house,53,mail,22,7
MASON,house,53,mail,25,1
MASON,house,53,mail,26,1
MASON,house,53,mail,27,9
MASON,house,53,mail,28,10
MASON,house,53,mail,36,1
MASON,senate,28,inperson,4,194
MASON,senate,28,inperson,5,146
MASON,senate,28,inperson,6,125
MASON,senate,28,inperson,7,111
MASON,senate,28,inperson,8,116
MASON,senate,28,inperson,11,149
MASON,senate,28,inperson,12,139
MASON,senate,28,inperson,13,152
MASON,senate,28,inperson,14,124
MASON,senate,28,inperson,15,144
MASON,senate,28,mail,4,1
MASON,senate,28,mail,5,5
MASON,senate,28,mail,6,4
MASON,senate,28,mail,8,4
MASON,senate,28,mail,11,3
MASON,senate,28,mail,12,4
MASON,senate,28,mail,13,2
MASON,senate,28,mail,14,1
MASON,senate,28,mail,15,3
MASON,senate,28,mail,18,6
MASON,senate,28,mail,20,2
MASON,senate,28,mail,21,3
MASON,senate,28,mail,22,7
MASON,senate,28,mail,25,1
MASON,senate,28,mail,26,1
MASON,senate,28,mail,27,9
MASON,senate,28,mail,28,10
MASON,senate,28,mail,36,1
MATAGORDA,house,30,inperson,4,768
MATAGORDA,house,30,inperson,5,638
MATAGORDA,house,30,inperson,6,485
MATAGORDA,house,30,inperson,7,319
MATAGORDA,house,30,inperson,8,516
MATAGORDA,house,30,inperson,11,607
MATAGORDA,house,30,inperson,12,689
MATAGORDA,house,30,inperson,13,599
MATAGORDA,house,30,inperson,14,651
MATAGORDA,house,30,inperson,15,575
MATAGORDA,house,30,mail,4,19
MATAGORDA,house,30,mail,5,8
MATAGORDA,house,30,mail,6,8
MATAGORDA,house,30,mail,7,8
MATAGORDA,house,30,mail,8,40
MATAGORDA,house,30,mail,11,22
MATAGORDA,house,30,mail,12,29
MATAGORDA,house,30,mail,13,29
MATAGORDA,house,30,mail,14,16
MATAGORDA,house,30,mail,15,31
MATAGORDA,house,30,mail,18,17
MATAGORDA,house,30,mail,19,14
MATAGORDA,house,30,mail,20,25
MATAGORDA,house,30,mail,21,23
MATAGORDA,house,30,mail,22,28
MATAGORDA,senate,17,inperson,4,768
MATAGORDA,senate,17,inperson,5,638
MATAGORDA,senate,17,inperson,6,485
MATAGORDA,senate,17,inperson,7,319
MATAGORDA,senate,17,inperson,8,516
MATAGORDA,senate,17,inperson,11,607
MATAGORDA,senate,17,inperson,12,689
MATAGORDA,senate,17,inperson,13,599
MATAGORDA,senate,17,inperson,14,651
MATAGORDA,senate,17,inperson,15,575
MATAGORDA,senate,17,mail,4,19
MATAGORDA,senate,17,mail,5,8
MATAGORDA,senate,17,mail,6,8
MATAGORDA,senate,17,mail,7,8
MATAGORDA,senate,17,mail,8,40
MATAGORDA,senate,17,mail,11,22
MATAGORDA,senate,17,mail,12,29
MATAGORDA,senate,17,mail,13,29
MATAGORDA,senate,17,mail,14,16
MATAGORDA,senate,17,mail,15,31
MATAGORDA,senate,17,mail,18,17
MATAGORDA,senate,17,mail,19,14
MATAGORDA,senate,17,mail,20,25
MATAGORDA,senate,17,mail,21,23
MATAGORDA,senate,17,mail,22,28
MAVERICK,house,74,inperson,4,1137
MAVERICK,house,74,inperson,5,617
MAVERICK,house,74,inperson,6,540
MAVERICK,house,74,inperson,7,728
MAVERICK,house,74,inperson,8,385
MAVERICK,house,74,inperson,9,274
MAVERICK,house,74,inperson,10,770
MAVERICK,house,74,inperson,11,499
MAVERICK,house,74,inperson,12,428
MAVERICK,house,74,inperson,13,417
MAVERICK,house,74,inperson,14,405
MAVERICK,house,74,inperson,15,489
MAVERICK,house,74,mail,4,2
MAVERICK,house,74,mail,5,14
MAVERICK,house,74,mail,6,17
MAVERICK,house,74,mail,7,1
MAVERICK,house,74,mail,8,12
MAVERICK,house,74,mail,11,5
MAVERICK,house,74,mail,12,6
MAVERICK,house,74,mail,13,6
MAVERICK,house,74,mail,15,6
MAVERICK,house,74,mail,16,21
MAVERICK,house,74,mail,20,5
MAVERICK,house,74,mail,21,1
MAVERICK,house,74,mail,22,14
MAVERICK,house,74,mail,24,19
MAVERICK,house,74,mail,25,2
MAVERICK,house,74,mail,26,8
MAVERICK,house,74,mail,27,6
MAVERICK,house,74,mail,28,24
MAVERICK,house,74,mail,32,12
MAVERICK,house,74,mail,33,21
MAVERICK,house,74,mail,34,2
MAVERICK,senate,19,inperson,4,1137
MAVERICK,senate,19,inperson,5,617
MAVERICK,senate,19,inperson,6,540
MAVERICK,senate,19,inperson,7,728
MAVERICK,senate,19,inperson,8,385
MAVERICK,senate,19,inperson,9,274
MAVERICK,senate,19,inperson,10,770
MAVERICK,senate,19,inperson,11,499
MAVERICK,senate,19,inperson,12,428
MAVERICK,senate,19,inperson,13,417
MAVERICK,senate,19,inperson,14,405
MAVERICK,senate,19,inperson,15,489
MAVERICK,senate,19,mail,4,2
MAVERICK,senate,19,mail,5,14
MAVERICK,senate,19,mail,6,17
MAVERICK,senate,19,mail,7,1
MAVERICK,senate,19,mail,8,12
MAVERICK,senate,19,mail,11,5
MAVERICK,senate,19,mail,12,6
MAVERICK,senate,19,mail,13,6
MAVERICK,senate,19,mail,15,6
MAVERICK,senate,19,mail,16,21
MAVERICK,senate,19,mail,20,5
MAVERICK,senate,19,mail,21,1
MAVERICK,senate,19,mail,22,14
MAVERICK,senate,19,mail,24,19
MAVERICK,senate,19,mail,25,2
MAVERICK,senate,19,mail,26,8
MAVERICK,senate,19,mail,27,6
MAVERICK,senate,19,mail,28,24
MAVERICK,senate,19,mail,32,12
MAVERICK,senate,19,mail,33,21
MAVERICK,senate,19,mail,34,2
MCCULLOCH,house,53,inperson,4,186
MCCULLOCH,house,53,inperson,5,118
MCCULLOCH,house,53,inperson,6,105
MCCULLOCH,house,53,inperson,7,119
MCCULLOCH,house,53,inperson,8,100
MCCULLOCH,house,53,inperson,11,115
MCCULLOCH,house,53,inperson,12,135
MCCULLOCH,house,53,inperson,13,110
MCCULLOCH,house,53,inperson,14,171
MCCULLOCH,house,53,inperson,15,172
MCCULLOCH,house,53,mail,4,2
MCCULLOCH,house,53,mail,5,2
MCCULLOCH,house,53,mail,6,2
MCCULLOCH,house,53,mail,8,8
MCCULLOCH,house,53,mail,11,4
MCCULLOCH,house,53,mail,12,2
MCCULLOCH,house,53,mail,13,3
MCCULLOCH,house,53,mail,14,3
MCCULLOCH,house,53,mail,15,9
MCCULLOCH,house,53,mail,18,9
MCCULLOCH,house,53,mail,19,6
MCCULLOCH,house,53,mail,20,4
MCCULLOCH,house,53,mail,22,5
MCCULLOCH,house,53,mail,25,6
MCCULLOCH,house,53,mail,26,12
MCCULLOCH,house,53,mail,27,13
MCCULLOCH,house,53,mail,28,21
MCCULLOCH,house,53,mail,32,17
MCCULLOCH,house,53,mail,33,8
MCCULLOCH,house,53,mail,34,3
MCCULLOCH,senate,28,inperson,4,186
MCCULLOCH,senate,28,inperson,5,118
MCCULLOCH,senate,28,inperson,6,105
MCCULLOCH,senate,28,inperson,7,119
MCCULLOCH,senate,28,inperson,8,100
MCCULLOCH,senate,28,inperson,11,115
MCCULLOCH,senate,28,inperson,12,135
MCCULLOCH,senate,28,inperson,13,110
MCCULLOCH,senate,28,inperson,14,171
MCCULLOCH,senate,28,inperson,15,172
MCCULLOCH,senate,28,mail,4,2
MCCULLOCH,senate,28,mail,5,2
MCCULLOCH,senate,28,mail,6,2
MCCULLOCH,senate,28,mail,8,8
MCCULLOCH,senate,28,mail,11,4
MCCULLOCH,senate,28,mail,12,2
MCCULLOCH,senate,28,mail,13,3
MCCULLOCH,senate,28,mail,14,3
MCCULLOCH,senate,28,mail,15,9
MCCULLOCH,senate,28,mail,18,9
MCCULLOCH,senate,28,mail,19,6
MCCULLOCH,senate,28,mail,20,4
MCCULLOCH,senate,28,mail,22,5
MCCULLOCH,senate,28,mail,25,6
MCCULLOCH,senate,28,mail,26,12
MCCULLOCH,senate,28,mail,27,13
MCCULLOCH,senate,28,mail,28,21
MCCULLOCH,senate,28,mail,32,17
MCCULLOCH,senate,28,mail,33,8
MCCULLOCH,senate,28,mail,34,3
MCLENNAN,house,13,inperson,4,714
MCLENNAN,house,13,inperson,5,523
MCLENNAN,house,13,inperson,6,425
MCLENNAN,house,13,inperson,7,426
MCLENNAN,house,13,inperson,8,435
MCLENNAN,house,13,inperson,9,173
MCLENNAN,house,13,inperson,10,307
MCLENNAN,house,13,inperson,11,388
MCLENNAN,house,13,inperson,12,383
MCLENNAN,house,13,inperson,13,438
MCLENNAN,house,13,inperson,14,502
MCLENNAN,house,13,inperson,15,439
MCLENNAN,house,13,mail,4,12
MCLENNAN,house,13,mail,5,32
MCLENNAN,house,13,mail,7,4
MCLENNAN,house,13,mail,8,36
MCLENNAN,house,13,mail,11,24
MCLENNAN,house,13,mail,12,53
MCLENNAN,house,13,mail,13,36
MCLENNAN,house,13,mail,15,55
MCLENNAN,house,13,mail,18,39
MCLENNAN,house,13,mail,19,41
MCLENNAN,house,13,mail,20,27
MCLENNAN,house,13,mail,21,39
MCLENNAN,house,13,mail,22,28
MCLENNAN,house,13,mail,24,42
MCLENNAN,house,13,mail,26,49
MCLENNAN,house,13,mail,27,16
MCLENNAN,house,13,mail,28,33
MCLENNAN,house,13,mail,29,28
MCLENNAN,house,13,mail,32,4
MCLENNAN,house,56,inperson,4,4690
MCLENNAN,house,56,inperson,5,3439
MCLENNAN,house,56,inperson,6,3041
MCLENNAN,house,56,inperson,7,2995
MCLENNAN,house,56,inperson,8,2967
MCLENNAN,house,56,inperson,9,884
MCLENNAN,house,56,inperson,10,2372
MCLENNAN,house,56,inperson,11,2818
MCLENNAN,house,56,inperson,12,3055
MCLENNAN,house,56,inperson,13,3296
MCLENNAN,house,56,inperson,14,3557
MCLENNAN,house,56,inperson,15,3184
MCLENNAN,house,56,mail,4,57
MCLENNAN,house,56,mail,5,239
MCLENNAN,house,56,mail,6,2
MCLENNAN,house,56,mail,7,29
MCLENNAN,house,56,mail,8,224
MCLENNAN,house,56,mail,10,3
MCLENNAN,house,56,mail,11,132
MCLENNAN,house,56,mail,12,158
MCLENNAN,house,56,mail,13,153
MCLENNAN,house,56,mail,14,12
MCLENNAN,house,56,mail,15,242
MCLENNAN,house,56,mail,18,173
MCLENNAN,house,56,mail,19,263
MCLENNAN,house,56,mail,20,96
MCLENNAN,house,56,mail,21,148
MCLENNAN,house,56,mail,22,242
MCLENNAN,house,56,mail,24,326
MCLENNAN,house,56,mail,25,5
MCLENNAN,house,56,mail,26,273
MCLENNAN,house,56,mail,27,63
MCLENNAN,house,56,mail,28,108
MCLENNAN,house,56,mail,29,39
MCLENNAN,house,56,mail,36,2
MCLENNAN,house,56,mail,37,3
MCLENNAN,senate,22,inperson,4,5404
MCLENNAN,senate,22,inperson,5,3962
MCLENNAN,senate,22,inperson,6,3466
MCLENNAN,senate,22,inperson,7,3421
MCLENNAN,senate,22,inperson,8,3402
MCLENNAN,senate,22,inperson,9,1057
MCLENNAN,senate,22,inperson,10,2679
MCLENNAN,senate,22,inperson,11,3206
MCLENNAN,senate,22,inperson,12,3438
MCLENNAN,senate,22,inperson,13,3734
MCLENNAN,senate,22,inperson,14,4059
MCLENNAN,senate,22,inperson,15,3623
MCLENNAN,senate,22,mail,4,69
MCLENNAN,senate,22,mail,5,271
MCLENNAN,senate,22,mail,6,2
MCLENNAN,senate,22,mail,7,33
MCLENNAN,senate,22,mail,8,260
MCLENNAN,senate,22,mail,10,3
MCLENNAN,senate,22,mail,11,156
MCLENNAN,senate,22,mail,12,211
MCLENNAN,senate,22,mail,13,189
MCLENNAN,senate,22,mail,14,12
MCLENNAN,senate,22,mail,15,297
MCLENNAN,senate,22,mail,18,212
MCLENNAN,senate,22,mail,19,304
MCLENNAN,senate,22,mail,20,123
MCLENNAN,senate,22,mail,21,187
MCLENNAN,senate,22,mail,22,270
MCLENNAN,senate,22,mail,24,368
MCLENNAN,senate,22,mail,25,5
MCLENNAN,senate,22,mail,26,322
MCLENNAN,senate,22,mail,27,79
MCLENNAN,senate,22,mail,28,141
MCLENNAN,senate,22,mail,29,67
MCLENNAN,senate,22,mail,32,4
MCLENNAN,senate,22,mail,36,2
MCLENNAN,senate,22,mail,37,3
MCMULLEN,house,31,inperson,4,23
MCMULLEN,house,31,inperson,5,22
MCMULLEN,house,31,inperson,6,19
MCMULLEN,house,31,inperson,7,12
MCMULLEN,house,31,inperson,8,11
MCMULLEN,house,31,inperson,11,17
MCMULLEN,house,31,inperson,12,15
MCMULLEN,house,31,inperson,13,20
MCMULLEN,house,31,inperson,14,22
MCMULLEN,house,31,inperson,15,31
MCMULLEN,house,31,mail,5,1
MCMULLEN,house,31,mail,6,7
MCMULLEN,house,31,mail,11,2
MCMULLEN,senate,21,inperson,4,23
MCMULLEN,senate,21,inperson,5,22
MCMULLEN,senate,21,inperson,6,19
MCMULLEN,senate,21,inperson,7,12
MCMULLEN,senate,21,inperson,8,11
MCMULLEN,senate,21,inperson,11,17
MCMULLEN,senate,21,inperson,12,15
MCMULLEN,senate,21,inperson,13,20
MCMULLEN,senate,21,inperson,14,22
MCMULLEN,senate,21,inperson,15,31
MCMULLEN,senate,21,mail,5,1
MCMULLEN,senate,21,mail,6,7
MCMULLEN,senate,21,mail,11,2
MEDINA,house,53,inperson,4,1282
MEDINA,house,53,inperson,5,1113
MEDINA,house,53,inperson,6,755
MEDINA,house,53,inperson,7,1037
MEDINA,house,53,inperson,8,881
MEDINA,house,53,inperson,10,582
MEDINA,house,53,inperson,11,1322
MEDINA,house,53,inperson,12,996
MEDINA,house,53,inperson,13,1001
MEDINA,house,53,inperson,14,1292
MEDINA,house,53,inperson,15,1290
MEDINA,house,53,mail,4,10
MEDINA,house,53,mail,5,24
MEDINA,house,53,mail,6,18
MEDINA,house,53,mail,7,7
MEDINA,house,53,mail,8,81
MEDINA,house,53,mail,11,33
MEDINA,house,53,mail,12,46
MEDINA,house,53,mail,13,56
MEDINA,house,53,mail,14,20
MEDINA,house,53,mail,15,75
MEDINA,house,53,mail,18,44
MEDINA,house,53,mail,19,56
MEDINA,house,53,mail,20,59
MEDINA,house,53,mail,21,16
MEDINA,house,53,mail,22,73
MEDINA,house,53,mail,25,23
MEDINA,house,53,mail,26,15
MEDINA,house,53,mail,27,5
MEDINA,house,53,mail,33,2
MEDINA,house,53,mail,36,2
MEDINA,senate,24,inperson,4,1282
MEDINA,senate,24,inperson,5,1113
MEDINA,senate,24,inperson,6,755
MEDINA,senate,24,inperson,7,1037
MEDINA,senate,24,inperson,8,881
MEDINA,senate,24,inperson,10,582
MEDINA,senate,24,inperson,11,1322
MEDINA,senate,24,inperson,12,996
MEDINA,senate,24,inperson,13,1001
MEDINA,senate,24,inperson,14,1292
MEDINA,senate,24,inperson,15,1290
MEDINA,senate,24,mail,4,10
MEDINA,senate,24,mail,5,24
MEDINA,senate,24,mail,6,18
MEDINA,senate,24,mail,7,7
MEDINA,senate,24,mail,8,81
MEDINA,senate,24,mail,11,33
MEDINA,senate,24,mail,12,46
MEDINA,senate,24,mail,13,56
MEDINA,senate,24,mail,14,20
MEDINA,senate,24,mail,15,75
MEDINA,senate,24,mail,18,44
MEDINA,senate,24,mail,19,56
MEDINA,senate,24,mail,20,59
MEDINA,senate,24,mail,21,16
MEDINA,senate,24,mail,22,73
MEDINA,senate,24,mail,25,23
MEDINA,senate,24,mail,26,15
MEDINA,senate,24,mail,27,5
MEDINA,senate,24,mail,33,2
MEDINA,senate,24,mail,36,2
MENARD,house,53,inperson,4,58
MENARD,house,53,inperson,5,38
MENARD,house,53,inperson,6,30
MENARD,house,53,inperson,7,27
MENARD,house,53,inperson,8,58
MENARD,house,53,inperson,11,60
MENARD,house,53,inperson,12,46
MENARD,house,53,inperson,13,57
MENARD,house,53,inperson,14,45
MENARD,house,53,inperson,15,55
MENARD,house,53,mail,4,6
MENARD,house,53,mail,6,10
MENARD,house,53,mail,8,2
MENARD,house,53,mail,12,3
MENARD,house,53,mail,13,5
MENARD,house,53,mail,14,3
MENARD,house,53,mail,15,4
MENARD,house,53,mail,18,14
MENARD,house,53,mail,20,2
MENARD,house,53,mail,21,3
MENARD,house,53,mail,22,2
MENARD,senate,28,inperson,4,58
MENARD,senate,28,inperson,5,38
MENARD,senate,28,inperson,6,30
MENARD,senate,28,inperson,7,27
MENARD,senate,28,inperson,8,58
MENARD,senate,28,inperson,11,60
MENARD,senate,28,inperson,12,46
MENARD,senate,28,inperson,13,57
MENARD,senate,28,inperson,14,45
MENARD,senate,28,inperson,15,55
MENARD,senate,28,mail,4,6
MENARD,senate,28,mail,6,10
MENARD,senate,28,mail,8,2
MENARD,senate,28,mail,12,3
MENARD,senate,28,mail,13,5
MENARD,senate,28,mail,14,3
MENARD,senate,28,mail,15,4
MENARD,senate,28,mail,18,14
MENARD,senate,28,mail,20,2
MENARD,senate,28,mail,21,3
MENARD,senate,28,mail,22,2
MIDLAND,house,82,inperson,4,3670
MIDLAND,house,82,inperson,5,2328
MIDLAND,house,82,inperson,6,1977
MIDLAND,house,82,inperson,7,1949
MIDLAND,house,82,inperson,8,1873
MIDLAND,house,82,inperson,9,504
MIDLAND,house,82,inperson,10,1377
MIDLAND,house,82,inperson,11,2584
MIDLAND,house,82,inperson,12,2148
MIDLAND,house,82,inperson,13,2124
MIDLAND,house,82,inperson,14,2263
MIDLAND,house,82,inperson,15,2339
MIDLAND,house,82,mail,4,69
MIDLAND,house,82,mail,5,4
MIDLAND,house,82,mail,6,20
MIDLAND,house,82,mail,7,2
MIDLAND,house,82,mail,8,29
MIDLAND,house,82,mail,10,1
MIDLAND,house,82,mail,11,43
MIDLAND,house,82,mail,13,16
MIDLAND,house,82,mail,14,32
MIDLAND,house,82,mail,15,18
MIDLAND,house,82,mail,18,13
MIDLAND,house,82,mail,19,14
MIDLAND,house,82,mail,20,37
MIDLAND,house,82,mail,21,33
MIDLAND,house,82,mail,22,2
MIDLAND,house,82,mail,26,1
MIDLAND,house,82,mail,27,16
MIDLAND,house,82,mail,28,1
MIDLAND,house,82,mail,29,1
MIDLAND,house,82,mail,33,7
MIDLAND,house,82,mail,34,3
MIDLAND,house,82,mail,36,1
MIDLAND,senate,31,inperson,4,3670
MIDLAND,senate,31,inperson,5,2328
MIDLAND,senate,31,inperson,6,1977
MIDLAND,senate,31,inperson,7,1949
MIDLAND,senate,31,inperson,8,1873
MIDLAND,senate,31,inperson,9,504
MIDLAND,senate,31,inperson,10,1377
MIDLAND,senate,31,inperson,11,2584
MIDLAND,senate,31,inperson,12,2148
MIDLAND,senate,31,inperson,13,2124
MIDLAND,senate,31,inperson,14,2263
MIDLAND,senate,31,inperson,15,2339
MIDLAND,senate,31,mail,4,69
MIDLAND,senate,31,mail,5,4
MIDLAND,senate,31,mail,6,20
MIDLAND,senate,31,mail,7,2
MIDLAND,senate,31,mail,8,29
MIDLAND,senate,31,mail,10,1
MIDLAND,senate,31,mail,11,43
MIDLAND,senate,31,mail,13,16
MIDLAND,senate,31,mail,14,32
MIDLAND,senate,31,mail,15,18
MIDLAND,senate,31,mail,18,13
MIDLAND,senate,31,mail,19,14
MIDLAND,senate,31,mail,20,37
MIDLAND,senate,31,mail,21,33
MIDLAND,senate,31,mail,22,2
MIDLAND,senate,31,mail,26,1
MIDLAND,senate,31,mail,27,16
MIDLAND,senate,31,mail,28,1
MIDLAND,senate,31,mail,29,1
MIDLAND,senate,31,mail,33,7
MIDLAND,senate,31,mail,34,3
MIDLAND,senate,31,mail,36,1
MILAM,house,17,inperson,4,699
MILAM,house,17,inperson,5,450
MILAM,house,17,inperson,6,456
MILAM,house,17,inperson,7,420
MILAM,house,17,inperson,8,478
MILAM,house,17,inperson,10,156
MILAM,house,17,inperson,11,514
MILAM,house,17,inperson,12,492
MILAM,house,17,inperson,13,520
MILAM,house,17,inperson,14,601
MILAM,house,17,inperson,15,610
MILAM,house,17,mail,4,18
MILAM,house,17,mail,5,24
MILAM,house,17,mail,6,20
MILAM,house,17,mail,8,35
MILAM,house,17,mail,10,15
MILAM,house,17,mail,11,24
MILAM,house,17,mail,12,19
MILAM,house,17,mail,13,13
MILAM,house,17,mail,14,9
MILAM,house,17,mail,15,61
MILAM,house,17,mail,19,18
MILAM,house,17,mail,20,18
MILAM,house,17,mail,21,5
MILAM,house,17,mail,22,18
MILAM,house,17,mail,25,10
MILAM,house,17,mail,26,17
MILAM,house,17,mail,27,3
MILAM,house,17,mail,28,13
MILAM,house,17,mail,32,1
MILAM,house,17,mail,33,1
MILAM,house,17,mail,34,2
MILAM,house,17,mail,35,2
MILAM,senate,5,inperson,4,699
MILAM,senate,5,inperson,5,450
MILAM,senate,5,inperson,6,456
MILAM,senate,5,inperson,7,420
MILAM,senate,5,inperson,8,478
MILAM,senate,5,inperson,10,156
MILAM,senate,5,inperson,11,514
MILAM,senate,5,inperson,12,492
MILAM,senate,5,inperson,13,520
MILAM,senate,5,inperson,14,601
MILAM,senate,5,inperson,15,610
MILAM,senate,5,mail,4,18
MILAM,senate,5,mail,5,24
MILAM,senate,5,mail,6,20
MILAM,senate,5,mail,8,35
MILAM,senate,5,mail,10,15
MILAM,senate,5,mail,11,24
MILAM,senate,5,mail,12,19
MILAM,senate,5,mail,13,13
MILAM,senate,5,mail,14,9
MILAM,senate,5,mail,15,61
MILAM,senate,5,mail,19,18
MILAM,senate,5,mail,20,18
MILAM,senate,5,mail,21,5
MILAM,senate,5,mail,22,18
MILAM,senate,5,mail,25,10
MILAM,senate,5,mail,26,17
MILAM,senate,5,mail,27,3
MILAM,senate,5,mail,28,13
MILAM,senate,5,mail,32,1
MILAM,senate,5,mail,33,1
MILAM,senate,5,mail,34,2
MILAM,senate,5,mail,35,2
MILLS,house,68,inperson,4,140
MILLS,house,68,inperson,5,106
MILLS,house,68,inperson,6,103
MILLS,house,68,inperson,7,92
MILLS,house,68,inperson,8,79
MILLS,house,68,inperson,11,139
MILLS,house,68,inperson,12,138
MILLS,house,68,inperson,13,163
MILLS,house,68,inperson,14,150
MILLS,house,68,inperson,15,178
MILLS,house,68,mail,4,3
MILLS,house,68,mail,5,5
MILLS,house,68,mail,7,1
MILLS,house,68,mail,8,6
MILLS,house,68,mail,11,2
MILLS,house,68,mail,12,2
MILLS,house,68,mail,13,5
MILLS,house,68,mail,14,5
MILLS,house,68,mail,15,13
MILLS,house,68,mail,18,3
MILLS,house,68,mail,19,4
MILLS,house,68,mail,20,11
MILLS,house,68,mail,21,3
MILLS,house,68,mail,22,5
MILLS,senate,28,inperson,4,140
MILLS,senate,28,inperson,5,106
MILLS,senate,28,inperson,6,103
MILLS,senate,28,inperson,7,92
MILLS,senate,28,inperson,8,79
MILLS,senate,28,inperson,11,139
MILLS,senate,28,inperson,12,138
MILLS,senate,28,inperson,13,163
MILLS,senate,28,inperson,14,150
MILLS,senate,28,inperson,15,178
MILLS,senate,28,mail,4,3
MILLS,senate,28,mail,5,5
MILLS,senate,28,mail,7,1
MILLS,senate,28,mail,8,6
MILLS,senate,28,mail,11,2
MILLS,senate,28,mail,12,2
MILLS,senate,28,mail,13,5
MILLS,senate,28,mail,14,5
MILLS,senate,28,mail,15,13
MILLS,senate,28,mail,18,3
MILLS,senate,28,mail,19,4
MILLS,senate,28,mail,20,11
MILLS,senate,28,mail,21,3
MILLS,senate,28,mail,22,5
MITCHELL,house,83,inperson,4,153
MITCHELL,house,83,inperson,5,71
MITCHELL,house,83,inperson,6,69
MITCHELL,house,83,inperson,7,79
MITCHELL,house,83,inperson,8,82
MITCHELL,house,83,inperson,11,80
MITCHELL,house,83,inperson,12,107
MITCHELL,house,83,inperson,13,95
MITCHELL,house,83,inperson,14,112
MITCHELL,house,83,inperson,15,130
MITCHELL,house,83,mail,4,1
MITCHELL,house,83,mail,6,1
MITCHELL,house,83,mail,8,4
MITCHELL,house,83,mail,11,3
MITCHELL,house,83,mail,12,1
MITCHELL,house,83,mail,13,1
MITCHELL,house,83,mail,14,3
MITCHELL,house,83,mail,15,6
MITCHELL,house,83,mail,18,1
MITCHELL,house,83,mail,19,2
MITCHELL,house,83,mail,20,4
MITCHELL,house,83,mail,22,8
MITCHELL,house,83,mail,25,4
MITCHELL,house,83,mail,26,10
MITCHELL,house,83,mail,27,1
MITCHELL,senate,31,inperson,4,153
MITCHELL,senate,31,inperson,5,71
MITCHELL,senate,31,inperson,6,69
MITCHELL,senate,31,inperson,7,79
MITCHELL,senate,31,inperson,8,82
MITCHELL,senate,31,inperson,11,80
MITCHELL,senate,31,inperson,12,107
MITCHELL,senate,31,inperson,13,95
MITCHELL,senate,31,inperson,14,112
MITCHELL,senate,31,inperson,15,130
MITCHELL,senate,31,mail,4,1
MITCHELL,senate,31,mail,6,1
MITCHELL,senate,31,mail,8,4
MITCHELL,senate,31,mail,11,3
MITCHELL,senate,31,mail,12,1
MITCHELL,senate,31,mail,13,1
MITCHELL,senate,31,mail,14,3
MITCHELL,senate,31,mail,15,6
MITCHELL,senate,31,mail,18,1
MITCHELL,senate,31,mail,19,2
MITCHELL,senate,31,mail,20,4
MITCHELL,senate,31,mail,22,8
MITCHELL,senate,31,mail,25,4
MITCHELL,senate,31,mail,26,10
MITCHELL,senate,31,mail,27,1
MONTAGUE,house,68,inperson,4,589
MONTAGUE,house,68,inperson,5,352
MONTAGUE,house,68,inperson,6,337
MONTAGUE,house,68,inperson,7,473
MONTAGUE,house,68,inperson,8,385
MONTAGUE,house,68,inperson,10,49
MONTAGUE,house,68,inperson,11,441
MONTAGUE,house,68,inperson,12,476
MONTAGUE,house,68,inperson,13,485
MONTAGUE,house,68,inperson,14,784
MONTAGUE,house,68,inperson,15,543
MONTAGUE,house,68,inperson,18,8
MONTAGUE,house,68,mail,4,8
MONTAGUE,house,68,mail,5,5
MONTAGUE,house,68,mail,6,4
MONTAGUE,house,68,mail,8,14
MONTAGUE,house,68,mail,11,10
MONTAGUE,house,68,mail,12,6
MONTAGUE,house,68,mail,13,11
MONTAGUE,house,68,mail,14,6
MONTAGUE,house,68,mail,15,9
MONTAGUE,house,68,mail,18,6
MONTAGUE,house,68,mail,19,16
MONTAGUE,house,68,mail,21,3
MONTAGUE,house,68,mail,22,6
MONTAGUE,house,68,mail,25,10
MONTAGUE,house,68,mail,26,11
MONTAGUE,house,68,mail,27,2
MONTAGUE,house,68,mail,28,24
MONTAGUE,house,68,mail,32,7
MONTAGUE,house,68,mail,33,9
MONTAGUE,house,68,mail,34,13
MONTAGUE,house,68,mail,35,1
MONTAGUE,house,68,mail,36,6
MONTAGUE,senate,30,inperson,4,589
MONTAGUE,senate,30,inperson,5,352
MONTAGUE,senate,30,inperson,6,337
MONTAGUE,senate,30,inperson,7,473
MONTAGUE,senate,30,inperson,8,385
MONTAGUE,senate,30,inperson,10,49
MONTAGUE,senate,30,inperson,11,441
MONTAGUE,senate,30,inperson,12,476
MONTAGUE,senate,30,inperson,13,485
MONTAGUE,senate,30,inperson,14,784
MONTAGUE,senate,30,inperson,15,543
MONTAGUE,senate,30,inperson,18,8
MONTAGUE,senate,30,mail,4,8
MONTAGUE,senate,30,mail,5,5
MONTAGUE,senate,30,mail,6,4
MONTAGUE,senate,30,mail,8,14
MONTAGUE,senate,30,mail,11,10
MONTAGUE,senate,30,mail,12,6
MONTAGUE,senate,30,mail,13,11
MONTAGUE,senate,30,mail,14,6
MONTAGUE,senate,30,mail,15,9
MONTAGUE,senate,30,mail,18,6
MONTAGUE,senate,30,mail,19,16
MONTAGUE,senate,30,mail,21,3
MONTAGUE,senate,30,mail,22,6
MONTAGUE,senate,30,mail,25,10
MONTAGUE,senate,30,mail,26,11
MONTAGUE,senate,30,mail,27,2
MONTAGUE,senate,30,mail,28,24
MONTAGUE,senate,30,mail,32,7
MONTAGUE,senate,30,mail,33,9
MONTAGUE,senate,30,mail,34,13
MONTAGUE,senate,30,mail,35,1
MONTAGUE,senate,30,mail,36,6
MONTGOMERY,house,15,inperson,4,6241
MONTGOMERY,house,15,inperson,5,4444
MONTGOMERY,house,15,inperson,6,3949
MONTGOMERY,house,15,inperson,7,3241
MONTGOMERY,house,15,inperson,8,3718
MONTGOMERY,house,15,inperson,9,1997
MONTGOMERY,house,15,inperson,10,3640
MONTGOMERY,house,15,inperson,11,4127
MONTGOMERY,house,15,inperson,12,3666
MONTGOMERY,house,15,inperson,13,3697
MONTGOMERY,house,15,inperson,14,3764
MONTGOMERY,house,15,inperson,15,3553
MONTGOMERY,house,15,mail,4,87
MONTGOMERY,house,15,mail,5,59
MONTGOMERY,house,15,mail,6,170
MONTGOMERY,house,15,mail,7,127
MONTGOMERY,house,15,mail,8,71
MONTGOMERY,house,15,mail,10,149
MONTGOMERY,house,15,mail,11,122
MONTGOMERY,house,15,mail,12,172
MONTGOMERY,house,15,mail,13,176
MONTGOMERY,house,15,mail,14,98
MONTGOMERY,house,15,mail,15,148
MONTGOMERY,house,15,mail,18,155
MONTGOMERY,house,15,mail,19,200
MONTGOMERY,house,15,mail,20,75
MONTGOMERY,house,15,mail,21,217
MONTGOMERY,house,15,mail,22,81
MONTGOMERY,house,15,mail,25,65
MONTGOMERY,house,15,mail,26,171
MONTGOMERY,house,15,mail,27,31
MONTGOMERY,house,15,mail,28,339
MONTGOMERY,house,15,mail,29,58
MONTGOMERY,house,15,mail,32,31
MONTGOMERY,house,15,mail,33,81
MONTGOMERY,house,15,mail,34,224
MONTGOMERY,house,15,mail,35,32
MONTGOMERY,house,15,mail,36,17
MONTGOMERY,house,16,inperson,4,4742
MONTGOMERY,house,16,inperson,5,3590
MONTGOMERY,house,16,inperson,6,3292
MONTGOMERY,house,16,inperson,7,2781
MONTGOMERY,house,16,inperson,8,3290
MONTGOMERY,house,16,inperson,9,1392
MONTGOMERY,house,16,inperson,10,2915
MONTGOMERY,house,16,inperson,11,3457
MONTGOMERY,house,16,inperson,12,3428
MONTGOMERY,house,16,inperson,13,3583
MONTGOMERY,house,16,inperson,14,3816
MONTGOMERY,house,16,inperson,15,3575
MONTGOMERY,house,16,mail,4,69
MONTGOMERY,house,16,mail,5,50
MONTGOMERY,house,16,mail,6,137
MONTGOMERY,house,16,mail,7,32
MONTGOMERY,house,16,mail,8,126
MONTGOMERY,house,16,mail,10,92
MONTGOMERY,house,16,mail,11,158
MONTGOMERY,house,16,mail,12,77
MONTGOMERY,house,16,mail,13,152
MONTGOMERY,house,16,mail,14,28
MONTGOMERY,house,16,mail,15,151
MONTGOMERY,house,16,mail,18,84
MONTGOMERY,house,16,mail,19,111
MONTGOMERY,house,16,mail,20,85
MONTGOMERY,house,16,mail,21,135
MONTGOMERY,house,16,mail,22,66
MONTGOMERY,house,16,mail,25,67
MONTGOMERY,house,16,mail,26,158
MONTGOMERY,house,16,mail,27,22
MONTGOMERY,house,16,mail,28,217
MONTGOMERY,house,16,mail,29,50
MONTGOMERY,house,16,mail,32,34
MONTGOMERY,house,16,mail,33,116
MONTGOMERY,house,16,mail,34,239
MONTGOMERY,house,16,mail,35,43
MONTGOMERY,house,16,mail,36,25
MONTGOMERY,house,16,mail,37,3
MONTGOMERY,house,18,inperson,4,636
MONTGOMERY,house,18,inperson,5,430
MONTGOMERY,house,18,inperson,6,383
MONTGOMERY,house,18,inperson,7,332
MONTGOMERY,house,18,inperson,8,367
MONTGOMERY,house,18,inperson,9,157
MONTGOMERY,house,18,inperson,10,383
MONTGOMERY,house,18,inperson,11,428
MONTGOMERY,house,18,inperson,12,358
MONTGOMERY,house,18,inperson,13,379
MONTGOMERY,house,18,inperson,14,450
MONTGOMERY,house,18,inperson,15,389
MONTGOMERY,house,18,mail,4,5
MONTGOMERY,house,18,mail,5,2
MONTGOMERY,house,18,mail,6,9
MONTGOMERY,house,18,mail,7,4
MONTGOMERY,house,18,mail,8,10
MONTGOMERY,house,18,mail,10,10
MONTGOMERY,house,18,mail,11,14
MONTGOMERY,house,18,mail,12,16
MONTGOMERY,house,18,mail,13,21
MONTGOMERY,house,18,mail,14,1
MONTGOMERY,house,18,mail,15,10
MONTGOMERY,house,18,mail,18,8
MONTGOMERY,house,18,mail,19,20
MONTGOMERY,house,18,mail,20,4
MONTGOMERY,house,18,mail,21,16
MONTGOMERY,house,18,mail,22,7
MONTGOMERY,house,18,mail,25,2
MONTGOMERY,house,18,mail,26,18
MONTGOMERY,house,18,mail,27,1
MONTGOMERY,house,18,mail,28,35
MONTGOMERY,house,18,mail,29,1
MONTGOMERY,house,18,mail,32,3
MONTGOMERY,house,18,mail,33,7
MONTGOMERY,house,18,mail,34,23
MONTGOMERY,house,18,mail,35,3
MONTGOMERY,house,18,mail,36,2
MONTGOMERY,house,3,inperson,4,5610
MONTGOMERY,house,3,inperson,5,3835
MONTGOMERY,house,3,inperson,6,3548
MONTGOMERY,house,3,inperson,7,2859
MONTGOMERY,house,3,inperson,8,3402
MONTGOMERY,house,3,inperson,9,1613
MONTGOMERY,house,3,inperson,10,3241
MONTGOMERY,house,3,inperson,11,3482
MONTGOMERY,house,3,inperson,12,3331
MONTGOMERY,house,3,inperson,13,3396
MONTGOMERY,house,3,inperson,14,3487
MONTGOMERY,house,3,inperson,15,3518
MONTGOMERY,house,3,mail,4,58
MONTGOMERY,house,3,mail,5,49
MONTGOMERY,house,3,mail,6,142
MONTGOMERY,house,3,mail,7,47
MONTGOMERY,house,3,mail,8,91
MONTGOMERY,house,3,mail,10,109
MONTGOMERY,house,3,mail,11,162
MONTGOMERY,house,3,mail,12,55
MONTGOMERY,house,3,mail,13,93
MONTGOMERY,house,3,mail,14,19
MONTGOMERY,house,3,mail,15,137
MONTGOMERY,house,3,mail,18,71
MONTGOMERY,house,3,mail,19,156
MONTGOMERY,house,3,mail,20,47
MONTGOMERY,house,3,mail,21,177
MONTGOMERY,house,3,mail,22,39
MONTGOMERY,house,3,mail,25,62
MONTGOMERY,house,3,mail,26,140
MONTGOMERY,house,3,mail,27,9
MONTGOMERY,house,3,mail,28,221
MONTGOMERY,house,3,mail,29,31
MONTGOMERY,house,3,mail,32,47
MONTGOMERY,house,3,mail,33,83
MONTGOMERY,house,3,mail,34,171
MONTGOMERY,house,3,mail,35,30
MONTGOMERY,house,3,mail,36,17
MONTGOMERY,senate,18,inperson,4,1505
MONTGOMERY,senate,18,inperson,5,1028
MONTGOMERY,senate,18,inperson,6,911
MONTGOMERY,senate,18,inperson,7,740
MONTGOMERY,senate,18,inperson,8,876
MONTGOMERY,senate,18,inperson,9,360
MONTGOMERY,senate,18,inperson,10,820
MONTGOMERY,senate,18,inperson,11,973
MONTGOMERY,senate,18,inperson,12,894
MONTGOMERY,senate,18,inperson,13,946
MONTGOMERY,senate,18,inperson,14,979
MONTGOMERY,senate,18,inperson,15,1025
MONTGOMERY,senate,18,mail,4,9
MONTGOMERY,senate,18,mail,5,13
MONTGOMERY,senate,18,mail,6,30
MONTGOMERY,senate,18,mail,7,6
MONTGOMERY,senate,18,mail,8,16
MONTGOMERY,senate,18,mail,10,18
MONTGOMERY,senate,18,mail,11,24
MONTGOMERY,senate,18,mail,12,10
MONTGOMERY,senate,18,mail,13,17
MONTGOMERY,senate,18,mail,14,4
MONTGOMERY,senate,18,mail,15,24
MONTGOMERY,senate,18,mail,18,19
MONTGOMERY,senate,18,mail,19,23
MONTGOMERY,senate,18,mail,20,6
MONTGOMERY,senate,18,mail,21,29
MONTGOMERY,senate,18,mail,22,7
MONTGOMERY,senate,18,mail,25,14
MONTGOMERY,senate,18,mail,26,17
MONTGOMERY,senate,18,mail,27,2
MONTGOMERY,senate,18,mail,28,39
MONTGOMERY,senate,18,mail,29,5
MONTGOMERY,senate,18,mail,32,7
MONTGOMERY,senate,18,mail,33,9
MONTGOMERY,senate,18,mail,34,34
MONTGOMERY,senate,18,mail,35,8
MONTGOMERY,senate,18,mail,36,5
MONTGOMERY,senate,4,inperson,4,13523
MONTGOMERY,senate,4,inperson,5,9816
MONTGOMERY,senate,4,inperson,6,8882
MONTGOMERY,senate,4,inperson,7,7347
MONTGOMERY,senate,4,inperson,8,8557
MONTGOMERY,senate,4,inperson,9,4197
MONTGOMERY,senate,4,inperson,10,8087
MONTGOMERY,senate,4,inperson,11,9144
MONTGOMERY,senate,4,inperson,12,8611
MONTGOMERY,senate,4,inperson,13,8810
MONTGOMERY,senate,4,inperson,14,9191
MONTGOMERY,senate,4,inperson,15,8602
MONTGOMERY,senate,4,mail,4,194
MONTGOMERY,senate,4,mail,5,135
MONTGOMERY,senate,4,mail,6,375
MONTGOMERY,senate,4,mail,7,185
MONTGOMERY,senate,4,mail,8,243
MONTGOMERY,senate,4,mail,10,310
MONTGOMERY,senate,4,mail,11,386
MONTGOMERY,senate,4,mail,12,285
MONTGOMERY,senate,4,mail,13,383
MONTGOMERY,senate,4,mail,14,138
MONTGOMERY,senate,4,mail,15,361
MONTGOMERY,senate,4,mail,18,279
MONTGOMERY,senate,4,mail,19,412
MONTGOMERY,senate,4,mail,20,191
MONTGOMERY,senate,4,mail,21,462
MONTGOMERY,senate,4,mail,22,177
MONTGOMERY,senate,4,mail,25,167
MONTGOMERY,senate,4,mail,26,433
MONTGOMERY,senate,4,mail,27,56
MONTGOMERY,senate,4,mail,28,710
MONTGOMERY,senate,4,mail,29,126
MONTGOMERY,senate,4,mail,32,104
MONTGOMERY,senate,4,mail,33,259
MONTGOMERY,senate,4,mail,34,577
MONTGOMERY,senate,4,mail,35,90
MONTGOMERY,senate,4,mail,36,50
MONTGOMERY,senate,4,mail,37,3
MONTGOMERY,senate,7,inperson,4,2201
MONTGOMERY,senate,7,inperson,5,1455
MONTGOMERY,senate,7,inperson,6,1379
MONTGOMERY,senate,7,inperson,7,1126
MONTGOMERY,senate,7,inperson,8,1344
MONTGOMERY,senate,7,inperson,9,602
MONTGOMERY,senate,7,inperson,10,1272
MONTGOMERY,senate,7,inperson,11,1377
MONTGOMERY,senate,7,inperson,12,1278
MONTGOMERY,senate,7,inperson,13,1299
MONTGOMERY,senate,7,inperson,14,1347
MONTGOMERY,senate,7,inperson,15,1408
MONTGOMERY,senate,7,mail,4,16
MONTGOMERY,senate,7,mail,5,12
MONTGOMERY,senate,7,mail,6,53
MONTGOMERY,senate,7,mail,7,19
MONTGOMERY,senate,7,mail,8,39
MONTGOMERY,senate,7,mail,10,32
MONTGOMERY,senate,7,mail,11,46
MONTGOMERY,senate,7,mail,12,25
MONTGOMERY,senate,7,mail,13,42
MONTGOMERY,senate,7,mail,14,4
MONTGOMERY,senate,7,mail,15,61
MONTGOMERY,senate,7,mail,18,20
MONTGOMERY,senate,7,mail,19,52
MONTGOMERY,senate,7,mail,20,14
MONTGOMERY,senate,7,mail,21,54
MONTGOMERY,senate,7,mail,22,9
MONTGOMERY,senate,7,mail,25,15
MONTGOMERY,senate,7,mail,26,37
MONTGOMERY,senate,7,mail,27,5
MONTGOMERY,senate,7,mail,28,63
MONTGOMERY,senate,7,mail,29,9
MONTGOMERY,senate,7,mail,32,4
MONTGOMERY,senate,7,mail,33,19
MONTGOMERY,senate,7,mail,34,46
MONTGOMERY,senate,7,mail,35,10
MONTGOMERY,senate,7,mail,36,6
MOORE,house,87,inperson,4,237
MOORE,house,87,inperson,5,202
MOORE,house,87,inperson,6,163
MOORE,house,87,inperson,7,182
MOORE,house,87,inperson,8,151
MOORE,house,87,inperson,11,195
MOORE,house,87,inperson,12,216
MOORE,house,87,inperson,13,185
MOORE,house,87,inperson,14,211
MOORE,house,87,inperson,15,209
MOORE,house,87,mail,4,4
MOORE,house,87,mail,5,6
MOORE,house,87,mail,6,2
MOORE,house,87,mail,7,2
MOORE,house,87,mail,8,16
MOORE,house,87,mail,11,5
MOORE,house,87,mail,12,9
MOORE,house,87,mail,13,6
MOORE,house,87,mail,15,8
MOORE,house,87,mail,18,2
MOORE,house,87,mail,19,6
MOORE,house,87,mail,20,10
MOORE,house,87,mail,22,12
MOORE,house,87,mail,25,6
MOORE,house,87,mail,26,14
MOORE,house,87,mail,27,3
MOORE,house,87,mail,28,7
MOORE,house,87,mail,33,1
MOORE,senate,31,inperson,4,237
MOORE,senate,31,inperson,5,202
MOORE,senate,31,inperson,6,163
MOORE,senate,31,inperson,7,182
MOORE,senate,31,inperson,8,151
MOORE,senate,31,inperson,11,195
MOORE,senate,31,inperson,12,216
MOORE,senate,31,inperson,13,185
MOORE,senate,31,inperson,14,211
MOORE,senate,31,inperson,15,209
MOORE,senate,31,mail,4,4
MOORE,senate,31,mail,5,6
MOORE,senate,31,mail,6,2
MOORE,senate,31,mail,7,2
MOORE,senate,31,mail,8,16
MOORE,senate,31,mail,11,5
MOORE,senate,31,mail,12,9
MOORE,senate,31,mail,13,6
MOORE,senate,31,mail,15,8
MOORE,senate,31,mail,18,2
MOORE,senate,31,mail,19,6
MOORE,senate,31,mail,20,10
MOORE,senate,31,mail,22,12
MOORE,senate,31,mail,25,6
MOORE,senate,31,mail,26,14
MOORE,senate,31,mail,27,3
MOORE,senate,31,mail,28,7
MOORE,senate,31,mail,33,1
MORRIS,house,1,inperson,4,241
MORRIS,house,1,inperson,5,146
MORRIS,house,1,inperson,6,162
MORRIS,house,1,inperson,7,118
MORRIS,house,1,inperson,8,159
MORRIS,house,1,inperson,9,69
MORRIS,house,1,inperson,10,73
MORRIS,house,1,inperson,11,199
MORRIS,house,1,inperson,12,197
MORRIS,house,1,inperson,13,208
MORRIS,house,1,inperson,14,199
MORRIS,house,1,inperson,15,231
MORRIS,house,1,mail,4,4
MORRIS,house,1,mail,5,3
MORRIS,house,1,mail,6,6
MORRIS,house,1,mail,7,1
MORRIS,house,1,mail,8,8
MORRIS,house,1,mail,11,3
MORRIS,house,1,mail,12,7
MORRIS,house,1,mail,13,6
MORRIS,house,1,mail,14,2
MORRIS,house,1,mail,15,7
MORRIS,house,1,mail,18,4
MORRIS,house,1,mail,19,11
MORRIS,house,1,mail,20,6
MORRIS,house,1,mail,21,5
MORRIS,house,1,mail,22,9
MORRIS,house,1,mail,25,1
MORRIS,house,1,mail,26,13
MORRIS,house,1,mail,27,4
MORRIS,house,1,mail,28,22
MORRIS,house,1,mail,32,2
MORRIS,house,1,mail,33,1
MORRIS,senate,1,inperson,4,241
MORRIS,senate,1,inperson,5,146
MORRIS,senate,1,inperson,6,162
MORRIS,senate,1,inperson,7,118
MORRIS,senate,1,inperson,8,159
MORRIS,senate,1,inperson,9,69
MORRIS,senate,1,inperson,10,73
MORRIS,senate,1,inperson,11,199
MORRIS,senate,1,inperson,12,197
MORRIS,senate,1,inperson,13,208
MORRIS,senate,1,inperson,14,199
MORRIS,senate,1,inperson,15,231
MORRIS,senate,1,mail,4,4
MORRIS,senate,1,mail,5,3
MORRIS,senate,1,mail,6,6
MORRIS,senate,1,mail,7,1
MORRIS,senate,1,mail,8,8
MORRIS,senate,1,mail,11,3
MORRIS,senate,1,mail,12,7
MORRIS,senate,1,mail,13,6
MORRIS,senate,1,mail,14,2
MORRIS,senate,1,mail,15,7
MORRIS,senate,1,mail,18,4
MORRIS,senate,1,mail,19,11
MORRIS,senate,1,mail,20,6
MORRIS,senate,1,mail,21,5
MORRIS,senate,1,mail,22,9
MORRIS,senate,1,mail,25,1
MORRIS,senate,1,mail,26,13
MORRIS,senate,1,mail,27,4
MORRIS,senate,1,mail,28,22
MORRIS,senate,1,mail,32,2
MORRIS,senate,1,mail,33,1
MOTLEY,house,69,inperson,4,35
MOTLEY,house,69,inperson,5,21
MOTLEY,house,69,inperson,6,17
MOTLEY,house,69,inperson,7,21
MOTLEY,house,69,inperson,8,19
MOTLEY,house,69,inperson,11,25
MOTLEY,house,69,inperson,12,21
MOTLEY,house,69,inperson,13,31
MOTLEY,house,69,inperson,14,27
MOTLEY,house,69,inperson,15,32
MOTLEY,house,69,mail,5,1
MOTLEY,house,69,mail,6,2
MOTLEY,house,69,mail,8,3
MOTLEY,house,69,mail,11,3
MOTLEY,house,69,mail,13,1
MOTLEY,house,69,mail,14,1
MOTLEY,house,69,mail,15,2
MOTLEY,house,69,mail,18,1
MOTLEY,house,69,mail,19,4
MOTLEY,house,69,mail,21,2
MOTLEY,house,69,mail,22,4
MOTLEY,house,69,mail,25,3
MOTLEY,house,69,mail,27,6
MOTLEY,senate,28,inperson,4,35
MOTLEY,senate,28,inperson,5,21
MOTLEY,senate,28,inperson,6,17
MOTLEY,senate,28,inperson,7,21
MOTLEY,senate,28,inperson,8,19
MOTLEY,senate,28,inperson,11,25
MOTLEY,senate,28,inperson,12,21
MOTLEY,senate,28,inperson,13,31
MOTLEY,senate,28,inperson,14,27
MOTLEY,senate,28,inperson,15,32
MOTLEY,senate,28,mail,5,1
MOTLEY,senate,28,mail,6,2
MOTLEY,senate,28,mail,8,3
MOTLEY,senate,28,mail,11,3
MOTLEY,senate,28,mail,13,1
MOTLEY,senate,28,mail,14,1
MOTLEY,senate,28,mail,15,2
MOTLEY,senate,28,mail,18,1
MOTLEY,senate,28,mail,19,4
MOTLEY,senate,28,mail,21,2
MOTLEY,senate,28,mail,22,4
MOTLEY,senate,28,mail,25,3
MOTLEY,senate,28,mail,27,6
NACOGDOCHES,house,11,inperson,4,1520
NACOGDOCHES,house,11,inperson,5,1188
NACOGDOCHES,house,11,inperson,6,795
NACOGDOCHES,house,11,inperson,7,753
NACOGDOCHES,house,11,inperson,8,812
NACOGDOCHES,house,11,inperson,9,170
NACOGDOCHES,house,11,inperson,10,473
NACOGDOCHES,house,11,inperson,11,981
NACOGDOCHES,house,11,inperson,12,916
NACOGDOCHES,house,11,inperson,13,970
NACOGDOCHES,house,11,inperson,14,1180
NACOGDOCHES,house,11,inperson,15,1168
NACOGDOCHES,house,11,mail,4,14
NACOGDOCHES,house,11,mail,5,15
NACOGDOCHES,house,11,mail,6,19
NACOGDOCHES,house,11,mail,7,4
NACOGDOCHES,house,11,mail,8,43
NACOGDOCHES,house,11,mail,10,29
NACOGDOCHES,house,11,mail,11,41
NACOGDOCHES,house,11,mail,12,48
NACOGDOCHES,house,11,mail,13,29
NACOGDOCHES,house,11,mail,14,4
NACOGDOCHES,house,11,mail,15,57
NACOGDOCHES,house,11,mail,17,26
NACOGDOCHES,house,11,mail,18,38
NACOGDOCHES,house,11,mail,19,4
NACOGDOCHES,house,11,mail,20,25
NACOGDOCHES,house,11,mail,21,41
NACOGDOCHES,house,11,mail,24,109
NACOGDOCHES,house,11,mail,25,87
NACOGDOCHES,house,11,mail,27,57
NACOGDOCHES,house,11,mail,28,1
NACOGDOCHES,house,11,mail,29,104
NACOGDOCHES,house,11,mail,32,73
NACOGDOCHES,house,11,mail,33,68
NACOGDOCHES,house,11,mail,37,2
NACOGDOCHES,senate,3,inperson,4,1520
NACOGDOCHES,senate,3,inperson,5,1188
NACOGDOCHES,senate,3,inperson,6,795
NACOGDOCHES,senate,3,inperson,7,753
NACOGDOCHES,senate,3,inperson,8,812
NACOGDOCHES,senate,3,inperson,9,170
NACOGDOCHES,senate,3,inperson,10,473
NACOGDOCHES,senate,3,inperson,11,981
NACOGDOCHES,senate,3,inperson,12,916
NACOGDOCHES,senate,3,inperson,13,970
NACOGDOCHES,senate,3,inperson,14,1180
NACOGDOCHES,senate,3,inperson,15,1168
NACOGDOCHES,senate,3,mail,4,14
NACOGDOCHES,senate,3,mail,5,15
NACOGDOCHES,senate,3,mail,6,19
NACOGDOCHES,senate,3,mail,7,4
NACOGDOCHES,senate,3,mail,8,43
NACOGDOCHES,senate,3,mail,10,29
NACOGDOCHES,senate,3,mail,11,41
NACOGDOCHES,senate,3,mail,12,48
NACOGDOCHES,senate,3,mail,13,29
NACOGDOCHES,senate,3,mail,14,4
NACOGDOCHES,senate,3,mail,15,57
NACOGDOCHES,senate,3,mail,17,26
NACOGDOCHES,senate,3,mail,18,38
NACOGDOCHES,senate,3,mail,19,4
NACOGDOCHES,senate,3,mail,20,25
NACOGDOCHES,senate,3,mail,21,41
NACOGDOCHES,senate,3,mail,24,109
NACOGDOCHES,senate,3,mail,25,87
NACOGDOCHES,senate,3,mail,27,57
NACOGDOCHES,senate,3,mail,28,1
NACOGDOCHES,senate,3,mail,29,104
NACOGDOCHES,senate,3,mail,32,73
NACOGDOCHES,senate,3,mail,33,68
NACOGDOCHES,senate,3,mail,37,2
NAVARRO,house,8,inperson,4,741
NAVARRO,house,8,inperson,5,594
NAVARRO,house,8,inperson,6,564
NAVARRO,house,8,inperson,7,599
NAVARRO,house,8,inperson,8,692
NAVARRO,house,8,inperson,9,135
NAVARRO,house,8,inperson,10,387
NAVARRO,house,8,inperson,11,604
NAVARRO,house,8,inperson,12,704
NAVARRO,house,8,inperson,13,773
NAVARRO,house,8,inperson,14,825
NAVARRO,house,8,inperson,15,766
NAVARRO,house,8,mail,4,12
NAVARRO,house,8,mail,5,1
NAVARRO,house,8,mail,6,16
NAVARRO,house,8,mail,7,1
NAVARRO,house,8,mail,8,26
NAVARRO,house,8,mail,11,14
NAVARRO,house,8,mail,12,10
NAVARRO,house,8,mail,13,17
NAVARRO,house,8,mail,15,29
NAVARRO,house,8,mail,18,16
NAVARRO,house,8,mail,20,16
NAVARRO,house,8,mail,22,32
NAVARRO,house,8,mail,26,26
NAVARRO,house,8,mail,27,39
NAVARRO,house,8,mail,33,34
NAVARRO,house,8,mail,34,2
NAVARRO,house,8,mail,35,2
NAVARRO,house,8,mail,36,27
NAVARRO,house,8,mail,37,3
NAVARRO,senate,2,inperson,4,741
NAVARRO,senate,2,inperson,5,594
NAVARRO,senate,2,inperson,6,564
NAVARRO,senate,2,inperson,7,599
NAVARRO,senate,2,inperson,8,692
NAVARRO,senate,2,inperson,9,135
NAVARRO,senate,2,inperson,10,387
NAVARRO,senate,2,inperson,11,604
NAVARRO,senate,2,inperson,12,704
NAVARRO,senate,2,inperson,13,773
NAVARRO,senate,2,inperson,14,825
NAVARRO,senate,2,inperson,15,766
NAVARRO,senate,2,mail,4,12
NAVARRO,senate,2,mail,5,1
NAVARRO,senate,2,mail,6,16
NAVARRO,senate,2,mail,7,1
NAVARRO,senate,2,mail,8,26
NAVARRO,senate,2,mail,11,14
NAVARRO,senate,2,mail,12,10
NAVARRO,senate,2,mail,13,17
NAVARRO,senate,2,mail,15,29
NAVARRO,senate,2,mail,18,16
NAVARRO,senate,2,mail,20,16
NAVARRO,senate,2,mail,22,32
NAVARRO,senate,2,mail,26,26
NAVARRO,senate,2,mail,27,39
NAVARRO,senate,2,mail,33,34
NAVARRO,senate,2,mail,34,2
NAVARRO,senate,2,mail,35,2
NAVARRO,senate,2,mail,36,27
NAVARRO,senate,2,mail,37,3
NEWTON,house,11,inperson,4,264
NEWTON,house,11,inperson,5,184
NEWTON,house,11,inperson,6,148
NEWTON,house,11,inperson,7,172
NEWTON,house,11,inperson,8,169
NEWTON,house,11,inperson,11,235
NEWTON,house,11,inperson,12,192
NEWTON,house,11,inperson,13,171
NEWTON,house,11,inperson,14,203
NEWTON,house,11,inperson,15,231
NEWTON,house,11,mail,4,10
NEWTON,house,11,mail,5,11
NEWTON,house,11,mail,6,13
NEWTON,house,11,mail,7,10
NEWTON,house,11,mail,8,28
NEWTON,house,11,mail,11,11
NEWTON,house,11,mail,12,5
NEWTON,house,11,mail,13,2
NEWTON,senate,3,inperson,4,264
NEWTON,senate,3,inperson,5,184
NEWTON,senate,3,inperson,6,148
NEWTON,senate,3,inperson,7,172
NEWTON,senate,3,inperson,8,169
NEWTON,senate,3,inperson,11,235
NEWTON,senate,3,inperson,12,192
NEWTON,senate,3,inperson,13,171
NEWTON,senate,3,inperson,14,203
NEWTON,senate,3,inperson,15,231
NEWTON,senate,3,mail,4,10
NEWTON,senate,3,mail,5,11
NEWTON,senate,3,mail,6,13
NEWTON,senate,3,mail,7,10
NEWTON,senate,3,mail,8,28
NEWTON,senate,3,mail,11,11
NEWTON,senate,3,mail,12,5
NEWTON,senate,3,mail,13,2
NOLAN,house,71,inperson,4,214
NOLAN,house,71,inperson,5,155
NOLAN,house,71,inperson,6,150
NOLAN,house,71,inperson,7,150
NOLAN,house,71,inperson,8,135
NOLAN,house,71,inperson,11,136
NOLAN,house,71,inperson,12,172
NOLAN,house,71,inperson,13,148
NOLAN,house,71,inperson,14,188
NOLAN,house,71,inperson,15,161
NOLAN,house,71,mail,4,1
NOLAN,house,71,mail,5,5
NOLAN,house,71,mail,6,4
NOLAN,house,71,mail,7,2
NOLAN,house,71,mail,8,11
NOLAN,house,71,mail,11,6
NOLAN,house,71,mail,12,8
NOLAN,house,71,mail,13,5
NOLAN,house,71,mail,14,1
NOLAN,house,71,mail,15,3
NOLAN,house,71,mail,18,5
NOLAN,house,71,mail,19,5
NOLAN,house,71,mail,20,2
NOLAN,house,71,mail,21,3
NOLAN,house,71,mail,22,8
NOLAN,house,71,mail,25,2
NOLAN,house,71,mail,26,5
NOLAN,house,71,mail,27,4
NOLAN,house,71,mail,28,7
NOLAN,house,71,mail,32,4
NOLAN,house,71,mail,33,8
NOLAN,house,71,mail,34,13
NOLAN,house,71,mail,35,3
NOLAN,senate,28,inperson,4,214
NOLAN,senate,28,inperson,5,155
NOLAN,senate,28,inperson,6,150
NOLAN,senate,28,inperson,7,150
NOLAN,senate,28,inperson,8,135
NOLAN,senate,28,inperson,11,136
NOLAN,senate,28,inperson,12,172
NOLAN,senate,28,inperson,13,148
NOLAN,senate,28,inperson,14,188
NOLAN,senate,28,inperson,15,161
NOLAN,senate,28,mail,4,1
NOLAN,senate,28,mail,5,5
NOLAN,senate,28,mail,6,4
NOLAN,senate,28,mail,7,2
NOLAN,senate,28,mail,8,11
NOLAN,senate,28,mail,11,6
NOLAN,senate,28,mail,12,8
NOLAN,senate,28,mail,13,5
NOLAN,senate,28,mail,14,1
NOLAN,senate,28,mail,15,3
NOLAN,senate,28,mail,18,5
NOLAN,senate,28,mail,19,5
NOLAN,senate,28,mail,20,2
NOLAN,senate,28,mail,21,3
NOLAN,senate,28,mail,22,8
NOLAN,senate,28,mail,25,2
NOLAN,senate,28,mail,26,5
NOLAN,senate,28,mail,27,4
NOLAN,senate,28,mail,28,7
NOLAN,senate,28,mail,32,4
NOLAN,senate,28,mail,33,8
NOLAN,senate,28,mail,34,13
NOLAN,senate,28,mail,35,3
NUECES,house,32,inperson,4,4828
NUECES,house,32,inperson,5,2945
NUECES,house,32,inperson,6,2610
NUECES,house,32,inperson,7,1803
NUECES,house,32,inperson,8,2220
NUECES,house,32,inperson,9,172
NUECES,house,32,inperson,10,2086
NUECES,house,32,inperson,11,2941
NUECES,house,32,inperson,12,2593
NUECES,house,32,inperson,13,2860
NUECES,house,32,inperson,14,3294
NUECES,house,32,inperson,15,3794
NUECES,house,32,mail,4,104
NUECES,house,32,mail,5,99
NUECES,house,32,mail,6,92
NUECES,house,32,mail,7,147
NUECES,house,32,mail,8,192
NUECES,house,32,mail,10,8
NUECES,house,32,mail,11,161
NUECES,house,32,mail,12,185
NUECES,house,32,mail,13,174
NUECES,house,32,mail,14,242
NUECES,house,32,mail,15,191
NUECES,house,32,mail,18,132
NUECES,house,32,mail,19,159
NUECES,house,32,mail,20,250
NUECES,house,32,mail,21,194
NUECES,house,32,mail,22,472
NUECES,house,32,mail,25,161
NUECES,house,32,mail,26,212
NUECES,house,32,mail,27,2
NUECES,house,32,mail,28,2
NUECES,house,32,mail,32,1
NUECES,house,32,mail,33,1
NUECES,house,34,inperson,4,3820
NUECES,house,34,inperson,5,2111
NUECES,house,34,inperson,6,1845
NUECES,house,34,inperson,7,1239
NUECES,house,34,inperson,8,1578
NUECES,house,34,inperson,9,131
NUECES,house,34,inperson,10,1504
NUECES,house,34,inperson,11,2102
NUECES,house,34,inperson,12,1674
NUECES,house,34,inperson,13,1916
NUECES,house,34,inperson,14,2316
NUECES,house,34,inperson,15,2693
NUECES,house,34,mail,4,102
NUECES,house,34,mail,5,111
NUECES,house,34,mail,6,82
NUECES,house,34,mail,7,138
NUECES,house,34,mail,8,160
NUECES,house,34,mail,10,9
NUECES,house,34,mail,11,149
NUECES,house,34,mail,12,164
NUECES,house,34,mail,13,214
NUECES,house,34,mail,14,283
NUECES,house,34,mail,15,191
NUECES,house,34,mail,18,122
NUECES,house,34,mail,19,168
NUECES,house,34,mail,20,217
NUECES,house,34,mail,21,225
NUECES,house,34,mail,22,522
NUECES,house,34,mail,25,151
NUECES,house,34,mail,26,251
NUECES,house,34,mail,27,3
NUECES,house,34,mail,28,1
NUECES,house,34,mail,33,2
NUECES,senate,20,inperson,4,6422
NUECES,senate,20,inperson,5,3732
NUECES,senate,20,inperson,6,3312
NUECES,senate,20,inperson,7,2290
NUECES,senate,20,inperson,8,2806
NUECES,senate,20,inperson,9,259
NUECES,senate,20,inperson,10,2704
NUECES,senate,20,inperson,11,3715
NUECES,senate,20,inperson,12,3149
NUECES,senate,20,inperson,13,3552
NUECES,senate,20,inperson,14,4170
NUECES,senate,20,inperson,15,4605
NUECES,senate,20,mail,4,156
NUECES,senate,20,mail,5,177
NUECES,senate,20,mail,6,141
NUECES,senate,20,mail,7,229
NUECES,senate,20,mail,8,278
NUECES,senate,20,mail,10,12
NUECES,senate,20,mail,11,265
NUECES,senate,20,mail,12,301
NUECES,senate,20,mail,13,314
NUECES,senate,20,mail,14,448
NUECES,senate,20,mail,15,319
NUECES,senate,20,mail,18,217
NUECES,senate,20,mail,19,278
NUECES,senate,20,mail,20,394
NUECES,senate,20,mail,21,357
NUECES,senate,20,mail,22,845
NUECES,senate,20,mail,25,250
NUECES,senate,20,mail,26,387
NUECES,senate,20,mail,27,5
NUECES,senate,20,mail,28,2
NUECES,senate,20,mail,32,1
NUECES,senate,20,mail,33,2
NUECES,senate,27,inperson,4,2226
NUECES,senate,27,inperson,5,1324
NUECES,senate,27,inperson,6,1143
NUECES,senate,27,inperson,7,752
NUECES,senate,27,inperson,8,992
NUECES,senate,27,inperson,9,44
NUECES,senate,27,inperson,10,886
NUECES,senate,27,inperson,11,1328
NUECES,senate,27,inperson,12,1118
NUECES,senate,27,inperson,13,1224
NUECES,senate,27,inperson,14,1440
NUECES,senate,27,inperson,15,1882
NUECES,senate,27,mail,4,50
NUECES,senate,27,mail,5,33
NUECES,senate,27,mail,6,33
NUECES,senate,27,mail,7,56
NUECES,senate,27,mail,8,74
NUECES,senate,27,mail,10,5
NUECES,senate,27,mail,11,45
NUECES,senate,27,mail,12,48
NUECES,senate,27,mail,13,74
NUECES,senate,27,mail,14,77
NUECES,senate,27,mail,15,63
NUECES,senate,27,mail,18,37
NUECES,senate,27,mail,19,49
NUECES,senate,27,mail,20,73
NUECES,senate,27,mail,21,62
NUECES,senate,27,mail,22,149
NUECES,senate,27,mail,25,62
NUECES,senate,27,mail,26,76
NUECES,senate,27,mail,28,1
NUECES,senate,27,mail,33,1
OCHILTREE,house,87,inperson,4,145
OCHILTREE,house,87,inperson,5,77
OCHILTREE,house,87,inperson,6,78
OCHILTREE,house,87,inperson,7,72
OCHILTREE,house,87,inperson,8,73
OCHILTREE,house,87,inperson,11,79
OCHILTREE,house,87,inperson,12,59
OCHILTREE,house,87,inperson,13,73
OCHILTREE,house,87,inperson,14,129
OCHILTREE,house,87,inperson,15,106
OCHILTREE,house,87,mail,5,8
OCHILTREE,house,87,mail,8,6
OCHILTREE,house,87,mail,11,3
OCHILTREE,house,87,mail,12,3
OCHILTREE,house,87,mail,13,4
OCHILTREE,house,87,mail,15,3
OCHILTREE,house,87,mail,18,1
OCHILTREE,house,87,mail,19,1
OCHILTREE,house,87,mail,20,1
OCHILTREE,house,87,mail,22,10
OCHILTREE,house,87,mail,25,3
OCHILTREE,house,87,mail,26,3
OCHILTREE,house,87,mail,27,1
OCHILTREE,house,87,mail,28,14
OCHILTREE,house,87,mail,32,4
OCHILTREE,house,87,mail,33,11
OCHILTREE,house,87,mail,34,14
OCHILTREE,house,87,mail,35,1
OCHILTREE,house,87,mail,36,6
OCHILTREE,senate,31,inperson,4,145
OCHILTREE,senate,31,inperson,5,77
OCHILTREE,senate,31,inperson,6,78
OCHILTREE,senate,31,inperson,7,72
OCHILTREE,senate,31,inperson,8,73
OCHILTREE,senate,31,inperson,11,79
OCHILTREE,senate,31,inperson,12,59
OCHILTREE,senate,31,inperson,13,73
OCHILTREE,senate,31,inperson,14,129
OCHILTREE,senate,31,inperson,15,106
OCHILTREE,senate,31,mail,5,8
OCHILTREE,senate,31,mail,8,6
OCHILTREE,senate,31,mail,11,3
OCHILTREE,senate,31,mail,12,3
OCHILTREE,senate,31,mail,13,4
OCHILTREE,senate,31,mail,15,3
OCHILTREE,senate,31,mail,18,1
OCHILTREE,senate,31,mail,19,1
OCHILTREE,senate,31,mail,20,1
OCHILTREE,senate,31,mail,22,10
OCHILTREE,senate,31,mail,25,3
OCHILTREE,senate,31,mail,26,3
OCHILTREE,senate,31,mail,27,1
OCHILTREE,senate,31,mail,28,14
OCHILTREE,senate,31,mail,32,4
OCHILTREE,senate,31,mail,33,11
OCHILTREE,senate,31,mail,34,14
OCHILTREE,senate,31,mail,35,1
OCHILTREE,senate,31,mail,36,6
OLDHAM,house,86,inperson,4,45
OLDHAM,house,86,inperson,5,33
OLDHAM,house,86,inperson,6,32
OLDHAM,house,86,inperson,7,25
OLDHAM,house,86,inperson,8,41
OLDHAM,house,86,inperson,11,52
OLDHAM,house,86,inperson,12,24
OLDHAM,house,86,inperson,13,14
OLDHAM,house,86,inperson,14,37
OLDHAM,house,86,inperson,15,27
OLDHAM,house,86,mail,4,6
OLDHAM,house,86,mail,6,1
OLDHAM,house,86,mail,7,2
OLDHAM,house,86,mail,11,1
OLDHAM,house,86,mail,12,6
OLDHAM,house,86,mail,13,1
OLDHAM,house,86,mail,15,4
OLDHAM,house,86,mail,18,2
OLDHAM,house,86,mail,19,1
OLDHAM,house,86,mail,21,1
OLDHAM,house,86,mail,22,2
OLDHAM,house,86,mail,26,3
OLDHAM,house,86,mail,28,1
OLDHAM,house,86,mail,33,1
OLDHAM,house,86,mail,34,1
OLDHAM,senate,31,inperson,4,45
OLDHAM,senate,31,inperson,5,33
OLDHAM,senate,31,inperson,6,32
OLDHAM,senate,31,inperson,7,25
OLDHAM,senate,31,inperson,8,41
OLDHAM,senate,31,inperson,11,52
OLDHAM,senate,31,inperson,12,24
OLDHAM,senate,31,inperson,13,14
OLDHAM,senate,31,inperson,14,37
OLDHAM,senate,31,inperson,15,27
OLDHAM,senate,31,mail,4,6
OLDHAM,senate,31,mail,6,1
OLDHAM,senate,31,mail,7,2
OLDHAM,senate,31,mail,11,1
OLDHAM,senate,31,mail,12,6
OLDHAM,senate,31,mail,13,1
OLDHAM,senate,31,mail,15,4
OLDHAM,senate,31,mail,18,2
OLDHAM,senate,31,mail,19,1
OLDHAM,senate,31,mail,21,1
OLDHAM,senate,31,mail,22,2
OLDHAM,senate,31,mail,26,3
OLDHAM,senate,31,mail,28,1
OLDHAM,senate,31,mail,33,1
OLDHAM,senate,31,mail,34,1
ORANGE,house,21,inperson,4,2042
ORANGE,house,21,inperson,5,1397
ORANGE,house,21,inperson,6,1095
ORANGE,house,21,inperson,7,1064
ORANGE,house,21,inperson,8,1260
ORANGE,house,21,inperson,9,324
ORANGE,house,21,inperson,10,922
ORANGE,house,21,inperson,11,1557
ORANGE,house,21,inperson,12,1253
ORANGE,house,21,inperson,13,1412
ORANGE,house,21,inperson,14,1614
ORANGE,house,21,inperson,15,1674
ORANGE,house,21,mail,4,26
ORANGE,house,21,mail,5,22
ORANGE,house,21,mail,6,36
ORANGE,house,21,mail,7,15
ORANGE,house,21,mail,8,35
ORANGE,house,21,mail,11,46
ORANGE,house,21,mail,12,37
ORANGE,house,21,mail,13,47
ORANGE,house,21,mail,14,73
ORANGE,house,21,mail,18,83
ORANGE,house,21,mail,20,24
ORANGE,house,21,mail,21,112
ORANGE,house,21,mail,23,290
ORANGE,senate,3,inperson,4,2042
ORANGE,senate,3,inperson,5,1397
ORANGE,senate,3,inperson,6,1095
ORANGE,senate,3,inperson,7,1064
ORANGE,senate,3,inperson,8,1260
ORANGE,senate,3,inperson,9,324
ORANGE,senate,3,inperson,10,922
ORANGE,senate,3,inperson,11,1557
ORANGE,senate,3,inperson,12,1253
ORANGE,senate,3,inperson,13,1412
ORANGE,senate,3,inperson,14,1614
ORANGE,senate,3,inperson,15,1674
ORANGE,senate,3,mail,4,26
ORANGE,senate,3,mail,5,22
ORANGE,senate,3,mail,6,36
ORANGE,senate,3,mail,7,15
ORANGE,senate,3,mail,8,35
ORANGE,senate,3,mail,11,46
ORANGE,senate,3,mail,12,37
ORANGE,senate,3,mail,13,47
ORANGE,senate,3,mail,14,73
ORANGE,senate,3,mail,18,83
ORANGE,senate,3,mail,20,24
ORANGE,senate,3,mail,21,112
ORANGE,senate,3,mail,23,290
PALO PINTO,house,60,inperson,4,540
PALO PINTO,house,60,inperson,5,516
PALO PINTO,house,60,inperson,6,365
PALO PINTO,house,60,inperson,7,453
PALO PINTO,house,60,inperson,8,379
PALO PINTO,house,60,inperson,10,140
PALO PINTO,house,60,inperson,11,453
PALO PINTO,house,60,inperson,12,500
PALO PINTO,house,60,inperson,13,466
PALO PINTO,house,60,inperson,14,567
PALO PINTO,house,60,inperson,15,503
PALO PINTO,house,60,mail,4,37
PALO PINTO,house,60,mail,5,25
PALO PINTO,house,60,mail,7,64
PALO PINTO,house,60,mail,8,4
PALO PINTO,house,60,mail,12,25
PALO PINTO,house,60,mail,13,24
PALO PINTO,house,60,mail,14,52
PALO PINTO,house,60,mail,15,27
PALO PINTO,house,60,mail,18,25
PALO PINTO,house,60,mail,19,1
PALO PINTO,house,60,mail,20,24
PALO PINTO,house,60,mail,21,1
PALO PINTO,house,60,mail,22,50
PALO PINTO,house,60,mail,26,25
PALO PINTO,house,60,mail,27,43
PALO PINTO,house,60,mail,32,4
PALO PINTO,house,60,mail,33,16
PALO PINTO,house,60,mail,34,10
PALO PINTO,house,60,mail,35,8
PALO PINTO,house,60,mail,36,4
PALO PINTO,senate,10,inperson,4,540
PALO PINTO,senate,10,inperson,5,516
PALO PINTO,senate,10,inperson,6,365
PALO PINTO,senate,10,inperson,7,453
PALO PINTO,senate,10,inperson,8,379
PALO PINTO,senate,10,inperson,10,140
PALO PINTO,senate,10,inperson,11,453
PALO PINTO,senate,10,inperson,12,500
PALO PINTO,senate,10,inperson,13,466
PALO PINTO,senate,10,inperson,14,567
PALO PINTO,senate,10,inperson,15,503
PALO PINTO,senate,10,mail,4,37
PALO PINTO,senate,10,mail,5,25
PALO PINTO,senate,10,mail,7,64
PALO PINTO,senate,10,mail,8,4
PALO PINTO,senate,10,mail,12,25
PALO PINTO,senate,10,mail,13,24
PALO PINTO,senate,10,mail,14,52
PALO PINTO,senate,10,mail,15,27
PALO PINTO,senate,10,mail,18,25
PALO PINTO,senate,10,mail,19,1
PALO PINTO,senate,10,mail,20,24
PALO PINTO,senate,10,mail,21,1
PALO PINTO,senate,10,mail,22,50
PALO PINTO,senate,10,mail,26,25
PALO PINTO,senate,10,mail,27,43
PALO PINTO,senate,10,mail,32,4
PALO PINTO,senate,10,mail,33,16
PALO PINTO,senate,10,mail,34,10
PALO PINTO,senate,10,mail,35,8
PALO PINTO,senate,10,mail,36,4
PANOLA,house,11,inperson,4,417
PANOLA,house,11,inperson,5,313
PANOLA,house,11,inperson,6,276
PANOLA,house,11,inperson,7,345
PANOLA,house,11,inperson,8,355
PANOLA,house,11,inperson,10,130
PANOLA,house,11,inperson,11,411
PANOLA,house,11,inperson,12,503
PANOLA,house,11,inperson,13,456
PANOLA,house,11,inperson,14,473
PANOLA,house,11,inperson,15,547
PANOLA,house,11,mail,4,8
PANOLA,house,11,mail,5,8
PANOLA,house,11,mail,6,4
PANOLA,house,11,mail,8,28
PANOLA,house,11,mail,11,8
PANOLA,house,11,mail,12,12
PANOLA,house,11,mail,14,14
PANOLA,house,11,mail,15,10
PANOLA,house,11,mail,18,3
PANOLA,house,11,mail,19,6
PANOLA,house,11,mail,20,8
PANOLA,house,11,mail,22,23
PANOLA,house,11,mail,25,19
PANOLA,house,11,mail,26,25
PANOLA,house,11,mail,27,3
PANOLA,house,11,mail,28,38
PANOLA,house,11,mail,32,4
PANOLA,house,11,mail,33,19
PANOLA,house,11,mail,35,1
PANOLA,senate,1,inperson,4,417
PANOLA,senate,1,inperson,5,313
PANOLA,senate,1,inperson,6,276
PANOLA,senate,1,inperson,7,345
PANOLA,senate,1,inperson,8,355
PANOLA,senate,1,inperson,10,130
PANOLA,senate,1,inperson,11,411
PANOLA,senate,1,inperson,12,503
PANOLA,senate,1,inperson,13,456
PANOLA,senate,1,inperson,14,473
PANOLA,senate,1,inperson,15,547
PANOLA,senate,1,mail,4,8
PANOLA,senate,1,mail,5,8
PANOLA,senate,1,mail,6,4
PANOLA,senate,1,mail,8,28
PANOLA,senate,1,mail,11,8
PANOLA,senate,1,mail,12,12
PANOLA,senate,1,mail,14,14
PANOLA,senate,1,mail,15,10
PANOLA,senate,1,mail,18,3
PANOLA,senate,1,mail,19,6
PANOLA,senate,1,mail,20,8
PANOLA,senate,1,mail,22,23
PANOLA,senate,1,mail,25,19
PANOLA,senate,1,mail,26,25
PANOLA,senate,1,mail,27,3
PANOLA,senate,1,mail,28,38
PANOLA,senate,1,mail,32,4
PANOLA,senate,1,mail,33,19
PANOLA,senate,1,mail,35,1
PARKER,house,60,inperson,4,5682
PARKER,house,60,inperson,5,3808
PARKER,house,60,inperson,6,3320
PARKER,house,60,inperson,7,3389
PARKER,house,60,inperson,8,3495
PARKER,house,60,inperson,9,1174
PARKER,house,60,inperson,10,2485
PARKER,house,60,inperson,11,3558
PARKER,house,60,inperson,12,3155
PARKER,house,60,inperson,13,3406
PARKER,house,60,inperson,14,3724
PARKER,house,60,inperson,15,3353
PARKER,house,60,mail,4,53
PARKER,house,60,mail,5,74
PARKER,house,60,mail,6,66
PARKER,house,60,mail,7,21
PARKER,house,60,mail,8,66
PARKER,house,60,mail,9,1
PARKER,house,60,mail,10,59
PARKER,house,60,mail,11,184
PARKER,house,60,mail,12,91
PARKER,house,60,mail,13,71
PARKER,house,60,mail,14,16
PARKER,house,60,mail,15,133
PARKER,house,60,mail,18,65
PARKER,house,60,mail,19,64
PARKER,house,60,mail,20,67
PARKER,house,60,mail,21,15
PARKER,house,60,mail,22,108
PARKER,house,60,mail,25,78
PARKER,house,60,mail,26,73
PARKER,house,60,mail,27,3
PARKER,house,60,mail,28,91
PARKER,house,60,mail,32,94
PARKER,house,60,mail,33,99
PARKER,house,60,mail,34,91
PARKER,house,60,mail,35,1
PARKER,house,60,mail,36,77
PARKER,house,60,mail,37,2
PARKER,senate,10,inperson,4,2377
PARKER,senate,10,inperson,5,1625
PARKER,senate,10,inperson,6,1453
PARKER,senate,10,inperson,7,1438
PARKER,senate,10,inperson,8,1431
PARKER,senate,10,inperson,9,448
PARKER,senate,10,inperson,10,1004
PARKER,senate,10,inperson,11,1503
PARKER,senate,10,inperson,12,1287
PARKER,senate,10,inperson,13,1402
PARKER,senate,10,inperson,14,1486
PARKER,senate,10,inperson,15,1302
PARKER,senate,10,mail,4,27
PARKER,senate,10,mail,5,50
PARKER,senate,10,mail,6,21
PARKER,senate,10,mail,7,11
PARKER,senate,10,mail,8,24
PARKER,senate,10,mail,10,28
PARKER,senate,10,mail,11,68
PARKER,senate,10,mail,12,45
PARKER,senate,10,mail,13,29
PARKER,senate,10,mail,14,8
PARKER,senate,10,mail,15,61
PARKER,senate,10,mail,18,24
PARKER,senate,10,mail,19,35
PARKER,senate,10,mail,20,29
PARKER,senate,10,mail,21,5
PARKER,senate,10,mail,22,50
PARKER,senate,10,mail,25,31
PARKER,senate,10,mail,26,37
PARKER,senate,10,mail,27,1
PARKER,senate,10,mail,28,59
PARKER,senate,10,mail,32,45
PARKER,senate,10,mail,33,47
PARKER,senate,10,mail,34,45
PARKER,senate,10,mail,36,30
PARKER,senate,10,mail,37,1
PARKER,senate,30,inperson,4,3305
PARKER,senate,30,inperson,5,2183
PARKER,senate,30,inperson,6,1867
PARKER,senate,30,inperson,7,1951
PARKER,senate,30,inperson,8,2064
PARKER,senate,30,inperson,9,726
PARKER,senate,30,inperson,10,1481
PARKER,senate,30,inperson,11,2055
PARKER,senate,30,inperson,12,1868
PARKER,senate,30,inperson,13,2004
PARKER,senate,30,inperson,14,2238
PARKER,senate,30,inperson,15,2051
PARKER,senate,30,mail,4,26
PARKER,senate,30,mail,5,24
PARKER,senate,30,mail,6,45
PARKER,senate,30,mail,7,10
PARKER,senate,30,mail,8,42
PARKER,senate,30,mail,9,1
PARKER,senate,30,mail,10,31
PARKER,senate,30,mail,11,116
PARKER,senate,30,mail,12,46
PARKER,senate,30,mail,13,42
PARKER,senate,30,mail,14,8
PARKER,senate,30,mail,15,72
PARKER,senate,30,mail,18,41
PARKER,senate,30,mail,19,29
PARKER,senate,30,mail,20,38
PARKER,senate,30,mail,21,10
PARKER,senate,30,mail,22,58
PARKER,senate,30,mail,25,47
PARKER,senate,30,mail,26,36
PARKER,senate,30,mail,27,2
PARKER,senate,30,mail,28,32
PARKER,senate,30,mail,32,49
PARKER,senate,30,mail,33,52
PARKER,senate,30,mail,34,46
PARKER,senate,30,mail,35,1
PARKER,senate,30,mail,36,47
PARKER,senate,30,mail,37,1
PARMER,house,86,inperson,4,69
PARMER,house,86,inperson,5,53
PARMER,house,86,inperson,6,46
PARMER,house,86,inperson,7,30
PARMER,house,86,inperson,8,39
PARMER,house,86,inperson,11,46
PARMER,house,86,inperson,12,50
PARMER,house,86,inperson,13,51
PARMER,house,86,inperson,14,47
PARMER,house,86,inperson,15,41
PARMER,house,86,mail,4,1
PARMER,house,86,mail,5,2
PARMER,house,86,mail,6,4
PARMER,house,86,mail,8,5
PARMER,house,86,mail,11,1
PARMER,house,86,mail,13,3
PARMER,house,86,mail,15,6
PARMER,house,86,mail,18,5
PARMER,house,86,mail,19,4
PARMER,house,86,mail,21,1
PARMER,house,86,mail,22,12
PARMER,house,86,mail,25,9
PARMER,house,86,mail,28,5
PARMER,senate,31,inperson,4,69
PARMER,senate,31,inperson,5,53
PARMER,senate,31,inperson,6,46
PARMER,senate,31,inperson,7,30
PARMER,senate,31,inperson,8,39
PARMER,senate,31,inperson,11,46
PARMER,senate,31,inperson,12,50
PARMER,senate,31,inperson,13,51
PARMER,senate,31,inperson,14,47
PARMER,senate,31,inperson,15,41
PARMER,senate,31,mail,4,1
PARMER,senate,31,mail,5,2
PARMER,senate,31,mail,6,4
PARMER,senate,31,mail,8,5
PARMER,senate,31,mail,11,1
PARMER,senate,31,mail,13,3
PARMER,senate,31,mail,15,6
PARMER,senate,31,mail,18,5
PARMER,senate,31,mail,19,4
PARMER,senate,31,mail,21,1
PARMER,senate,31,mail,22,12
PARMER,senate,31,mail,25,9
PARMER,senate,31,mail,28,5
PECOS,house,53,inperson,4,324
PECOS,house,53,inperson,5,244
PECOS,house,53,inperson,6,176
PECOS,house,53,inperson,7,165
PECOS,house,53,inperson,8,174
PECOS,house,53,inperson,11,239
PECOS,house,53,inperson,12,222
PECOS,house,53,inperson,13,236
PECOS,house,53,inperson,14,305
PECOS,house,53,inperson,15,326
PECOS,house,53,mail,4,5
PECOS,house,53,mail,5,2
PECOS,house,53,mail,6,1
PECOS,house,53,mail,7,2
PECOS,house,53,mail,8,4
PECOS,house,53,mail,11,12
PECOS,house,53,mail,12,6
PECOS,house,53,mail,13,10
PECOS,house,53,mail,14,6
PECOS,house,53,mail,15,13
PECOS,house,53,mail,18,14
PECOS,house,53,mail,19,5
PECOS,house,53,mail,20,4
PECOS,house,53,mail,21,8
PECOS,house,53,mail,22,5
PECOS,house,53,mail,25,4
PECOS,house,53,mail,26,5
PECOS,house,53,mail,27,14
PECOS,house,53,mail,28,23
PECOS,house,53,mail,32,3
PECOS,house,53,mail,33,7
PECOS,house,53,mail,35,1
PECOS,senate,29,inperson,4,324
PECOS,senate,29,inperson,5,244
PECOS,senate,29,inperson,6,176
PECOS,senate,29,inperson,7,165
PECOS,senate,29,inperson,8,174
PECOS,senate,29,inperson,11,239
PECOS,senate,29,inperson,12,222
PECOS,senate,29,inperson,13,236
PECOS,senate,29,inperson,14,305
PECOS,senate,29,inperson,15,326
PECOS,senate,29,mail,4,5
PECOS,senate,29,mail,5,2
PECOS,senate,29,mail,6,1
PECOS,senate,29,mail,7,2
PECOS,senate,29,mail,8,4
PECOS,senate,29,mail,11,12
PECOS,senate,29,mail,12,6
PECOS,senate,29,mail,13,10
PECOS,senate,29,mail,14,6
PECOS,senate,29,mail,15,13
PECOS,senate,29,mail,18,14
PECOS,senate,29,mail,19,5
PECOS,senate,29,mail,20,4
PECOS,senate,29,mail,21,8
PECOS,senate,29,mail,22,5
PECOS,senate,29,mail,25,4
PECOS,senate,29,mail,26,5
PECOS,senate,29,mail,27,14
PECOS,senate,29,mail,28,23
PECOS,senate,29,mail,32,3
PECOS,senate,29,mail,33,7
PECOS,senate,29,mail,35,1
POLK,house,9,inperson,4,984
POLK,house,9,inperson,5,716
POLK,house,9,inperson,6,647
POLK,house,9,inperson,7,699
POLK,house,9,inperson,8,866
POLK,house,9,inperson,10,184
POLK,house,9,inperson,11,886
POLK,house,9,inperson,12,951
POLK,house,9,inperson,13,1038
POLK,house,9,inperson,14,1129
POLK,house,9,inperson,15,1250
POLK,house,9,mail,4,143
POLK,house,9,mail,5,86
POLK,house,9,mail,6,94
POLK,house,9,mail,7,207
POLK,house,9,mail,8,105
POLK,house,9,mail,11,86
POLK,house,9,mail,12,62
POLK,house,9,mail,13,71
POLK,house,9,mail,14,50
POLK,house,9,mail,15,216
POLK,house,9,mail,18,88
POLK,house,9,mail,19,129
POLK,house,9,mail,20,2
POLK,house,9,mail,21,36
POLK,house,9,mail,22,247
POLK,house,9,mail,25,187
POLK,house,9,mail,26,4
POLK,house,9,mail,27,179
POLK,house,9,mail,28,83
POLK,house,9,mail,32,118
POLK,house,9,mail,33,10
POLK,house,9,mail,34,10
POLK,house,9,mail,35,57
POLK,house,9,mail,37,33
POLK,senate,3,inperson,4,984
POLK,senate,3,inperson,5,716
POLK,senate,3,inperson,6,647
POLK,senate,3,inperson,7,699
POLK,senate,3,inperson,8,866
POLK,senate,3,inperson,10,184
POLK,senate,3,inperson,11,886
POLK,senate,3,inperson,12,951
POLK,senate,3,inperson,13,1038
POLK,senate,3,inperson,14,1129
POLK,senate,3,inperson,15,1250
POLK,senate,3,mail,4,143
POLK,senate,3,mail,5,86
POLK,senate,3,mail,6,94
POLK,senate,3,mail,7,207
POLK,senate,3,mail,8,105
POLK,senate,3,mail,11,86
POLK,senate,3,mail,12,62
POLK,senate,3,mail,13,71
POLK,senate,3,mail,14,50
POLK,senate,3,mail,15,216
POLK,senate,3,mail,18,88
POLK,senate,3,mail,19,129
POLK,senate,3,mail,20,2
POLK,senate,3,mail,21,36
POLK,senate,3,mail,22,247
POLK,senate,3,mail,25,187
POLK,senate,3,mail,26,4
POLK,senate,3,mail,27,179
POLK,senate,3,mail,28,83
POLK,senate,3,mail,32,118
POLK,senate,3,mail,33,10
POLK,senate,3,mail,34,10
POLK,senate,3,mail,35,57
POLK,senate,3,mail,37,33
POTTER,house,87,inperson,4,1740
POTTER,house,87,inperson,5,1049
POTTER,house,87,inperson,6,956
POTTER,house,87,inperson,7,919
POTTER,house,87,inperson,8,882
POTTER,house,87,inperson,9,245
POTTER,house,87,inperson,10,888
POTTER,house,87,inperson,11,1200
POTTER,house,87,inperson,12,950
POTTER,house,87,inperson,13,1129
POTTER,house,87,inperson,14,1246
POTTER,house,87,inperson,15,1041
POTTER,house,87,mail,4,42
POTTER,house,87,mail,5,38
POTTER,house,87,mail,6,50
POTTER,house,87,mail,7,3
POTTER,house,87,mail,8,30
POTTER,house,87,mail,10,47
POTTER,house,87,mail,11,112
POTTER,house,87,mail,12,7
POTTER,house,87,mail,13,54
POTTER,house,87,mail,14,4
POTTER,house,87,mail,15,71
POTTER,house,87,mail,18,49
POTTER,house,87,mail,19,70
POTTER,house,87,mail,20,42
POTTER,house,87,mail,21,51
POTTER,house,87,mail,22,178
POTTER,house,87,mail,25,5
POTTER,house,87,mail,26,188
POTTER,house,87,mail,27,61
POTTER,house,87,mail,28,166
POTTER,house,87,mail,32,34
POTTER,house,87,mail,34,1
POTTER,senate,31,inperson,4,1740
POTTER,senate,31,inperson,5,1049
POTTER,senate,31,inperson,6,956
POTTER,senate,31,inperson,7,919
POTTER,senate,31,inperson,8,882
POTTER,senate,31,inperson,9,245
POTTER,senate,31,inperson,10,888
POTTER,senate,31,inperson,11,1200
POTTER,senate,31,inperson,12,950
POTTER,senate,31,inperson,13,1129
POTTER,senate,31,inperson,14,1246
POTTER,senate,31,inperson,15,1041
POTTER,senate,31,mail,4,42
POTTER,senate,31,mail,5,38
POTTER,senate,31,mail,6,50
POTTER,senate,31,mail,7,3
POTTER,senate,31,mail,8,30
POTTER,senate,31,mail,10,47
POTTER,senate,31,mail,11,112
POTTER,senate,31,mail,12,7
POTTER,senate,31,mail,13,54
POTTER,senate,31,mail,14,4
POTTER,senate,31,mail,15,71
POTTER,senate,31,mail,18,49
POTTER,senate,31,mail,19,70
POTTER,senate,31,mail,20,42
POTTER,senate,31,mail,21,51
POTTER,senate,31,mail,22,178
POTTER,senate,31,mail,25,5
POTTER,senate,31,mail,26,188
POTTER,senate,31,mail,27,61
POTTER,senate,31,mail,28,166
POTTER,senate,31,mail,32,34
POTTER,senate,31,mail,34,1
PRESIDIO,house,74,inperson,4,183
PRESIDIO,house,74,inperson,5,96
PRESIDIO,house,74,inperson,6,76
PRESIDIO,house,74,inperson,7,82
PRESIDIO,house,74,inperson,8,82
PRESIDIO,house,74,inperson,10,49
PRESIDIO,house,74,inperson,11,129
PRESIDIO,house,74,inperson,12,119
PRESIDIO,house,74,inperson,13,127
PRESIDIO,house,74,inperson,14,173
PRESIDIO,house,74,inperson,15,161
PRESIDIO,house,74,mail,4,2
PRESIDIO,house,74,mail,6,1
PRESIDIO,house,74,mail,7,1
PRESIDIO,house,74,mail,8,18
PRESIDIO,house,74,mail,13,2
PRESIDIO,house,74,mail,14,3
PRESIDIO,house,74,mail,15,9
PRESIDIO,house,74,mail,18,5
PRESIDIO,house,74,mail,20,1
PRESIDIO,house,74,mail,21,4
PRESIDIO,house,74,mail,22,8
PRESIDIO,house,74,mail,26,1
PRESIDIO,house,74,mail,27,4
PRESIDIO,house,74,mail,28,1
PRESIDIO,house,74,mail,32,4
PRESIDIO,house,74,mail,35,1
PRESIDIO,senate,29,inperson,4,183
PRESIDIO,senate,29,inperson,5,96
PRESIDIO,senate,29,inperson,6,76
PRESIDIO,senate,29,inperson,7,82
PRESIDIO,senate,29,inperson,8,82
PRESIDIO,senate,29,inperson,10,49
PRESIDIO,senate,29,inperson,11,129
PRESIDIO,senate,29,inperson,12,119
PRESIDIO,senate,29,inperson,13,127
PRESIDIO,senate,29,inperson,14,173
PRESIDIO,senate,29,inperson,15,161
PRESIDIO,senate,29,mail,4,2
PRESIDIO,senate,29,mail,6,1
PRESIDIO,senate,29,mail,7,1
PRESIDIO,senate,29,mail,8,18
PRESIDIO,senate,29,mail,13,2
PRESIDIO,senate,29,mail,14,3
PRESIDIO,senate,29,mail,15,9
PRESIDIO,senate,29,mail,18,5
PRESIDIO,senate,29,mail,20,1
PRESIDIO,senate,29,mail,21,4
PRESIDIO,senate,29,mail,22,8
PRESIDIO,senate,29,mail,26,1
PRESIDIO,senate,29,mail,27,4
PRESIDIO,senate,29,mail,28,1
PRESIDIO,senate,29,mail,32,4
PRESIDIO,senate,29,mail,35,1
RAINS,house,5,inperson,4,299
RAINS,house,5,inperson,5,244
RAINS,house,5,inperson,6,236
RAINS,house,5,inperson,7,286
RAINS,house,5,inperson,8,361
RAINS,house,5,inperson,11,286
RAINS,house,5,inperson,12,327
RAINS,house,5,inperson,13,365
RAINS,house,5,inperson,14,394
RAINS,house,5,inperson,15,376
RAINS,house,5,mail,4,8
RAINS,house,5,mail,5,4
RAINS,house,5,mail,6,7
RAINS,house,5,mail,7,4
RAINS,house,5,mail,8,13
RAINS,house,5,mail,11,9
RAINS,house,5,mail,12,17
RAINS,house,5,mail,13,4
RAINS,house,5,mail,14,1
RAINS,house,5,mail,15,14
RAINS,house,5,mail,18,8
RAINS,house,5,mail,19,7
RAINS,house,5,mail,20,8
RAINS,house,5,mail,21,4
RAINS,house,5,mail,22,16
RAINS,house,5,mail,25,10
RAINS,house,5,mail,26,12
RAINS,house,5,mail,27,11
RAINS,house,5,mail,28,10
RAINS,senate,8,inperson,4,299
RAINS,senate,8,inperson,5,244
RAINS,senate,8,inperson,6,236
RAINS,senate,8,inperson,7,286
RAINS,senate,8,inperson,8,361
RAINS,senate,8,inperson,11,286
RAINS,senate,8,inperson,12,327
RAINS,senate,8,inperson,13,365
RAINS,senate,8,inperson,14,394
RAINS,senate,8,inperson,15,376
RAINS,senate,8,mail,4,8
RAINS,senate,8,mail,5,4
RAINS,senate,8,mail,6,7
RAINS,senate,8,mail,7,4
RAINS,senate,8,mail,8,13
RAINS,senate,8,mail,11,9
RAINS,senate,8,mail,12,17
RAINS,senate,8,mail,13,4
RAINS,senate,8,mail,14,1
RAINS,senate,8,mail,15,14
RAINS,senate,8,mail,18,8
RAINS,senate,8,mail,19,7
RAINS,senate,8,mail,20,8
RAINS,senate,8,mail,21,4
RAINS,senate,8,mail,22,16
RAINS,senate,8,mail,25,10
RAINS,senate,8,mail,26,12
RAINS,senate,8,mail,27,11
RAINS,senate,8,mail,28,10
RANDALL,house,86,inperson,4,4646
RANDALL,house,86,inperson,5,2528
RANDALL,house,86,inperson,6,2280
RANDALL,house,86,inperson,7,2326
RANDALL,house,86,inperson,8,2227
RANDALL,house,86,inperson,9,736
RANDALL,house,86,inperson,10,2186
RANDALL,house,86,inperson,11,2982
RANDALL,house,86,inperson,12,2524
RANDALL,house,86,inperson,13,2570
RANDALL,house,86,inperson,14,2997
RANDALL,house,86,inperson,15,2441
RANDALL,house,86,mail,4,39
RANDALL,house,86,mail,5,70
RANDALL,house,86,mail,6,72
RANDALL,house,86,mail,7,16
RANDALL,house,86,mail,8,105
RANDALL,house,86,mail,10,78
RANDALL,house,86,mail,11,104
RANDALL,house,86,mail,12,118
RANDALL,house,86,mail,13,100
RANDALL,house,86,mail,14,9
RANDALL,house,86,mail,15,181
RANDALL,house,86,mail,18,79
RANDALL,house,86,mail,19,92
RANDALL,house,86,mail,20,99
RANDALL,house,86,mail,21,26
RANDALL,house,86,mail,22,207
RANDALL,house,86,mail,25,72
RANDALL,house,86,mail,26,162
RANDALL,house,86,mail,27,46
RANDALL,house,86,mail,28,79
RANDALL,house,86,mail,29,117
RANDALL,house,86,mail,32,103
RANDALL,house,86,mail,33,94
RANDALL,house,86,mail,34,163
RANDALL,house,86,mail,35,6
RANDALL,house,86,mail,36,225
RANDALL,house,86,mail,37,21
RANDALL,senate,31,inperson,4,4646
RANDALL,senate,31,inperson,5,2528
RANDALL,senate,31,inperson,6,2280
RANDALL,senate,31,inperson,7,2326
RANDALL,senate,31,inperson,8,2227
RANDALL,senate,31,inperson,9,736
RANDALL,senate,31,inperson,10,2186
RANDALL,senate,31,inperson,11,2982
RANDALL,senate,31,inperson,12,2524
RANDALL,senate,31,inperson,13,2570
RANDALL,senate,31,inperson,14,2997
RANDALL,senate,31,inperson,15,2441
RANDALL,senate,31,mail,4,39
RANDALL,senate,31,mail,5,70
RANDALL,senate,31,mail,6,72
RANDALL,senate,31,mail,7,16
RANDALL,senate,31,mail,8,105
RANDALL,senate,31,mail,10,78
RANDALL,senate,31,mail,11,104
RANDALL,senate,31,mail,12,118
RANDALL,senate,31,mail,13,100
RANDALL,senate,31,mail,14,9
RANDALL,senate,31,mail,15,181
RANDALL,senate,31,mail,18,79
RANDALL,senate,31,mail,19,92
RANDALL,senate,31,mail,20,99
RANDALL,senate,31,mail,21,26
RANDALL,senate,31,mail,22,207
RANDALL,senate,31,mail,25,72
RANDALL,senate,31,mail,26,162
RANDALL,senate,31,mail,27,46
RANDALL,senate,31,mail,28,79
RANDALL,senate,31,mail,29,117
RANDALL,senate,31,mail,32,103
RANDALL,senate,31,mail,33,94
RANDALL,senate,31,mail,34,163
RANDALL,senate,31,mail,35,6
RANDALL,senate,31,mail,36,225
RANDALL,senate,31,mail,37,21
REAGAN,house,72,inperson,4,45
REAGAN,house,72,inperson,5,25
REAGAN,house,72,inperson,6,30
REAGAN,house,72,inperson,7,17
REAGAN,house,72,inperson,8,55
REAGAN,house,72,inperson,10,16
REAGAN,house,72,inperson,11,38
REAGAN,house,72,inperson,12,28
REAGAN,house,72,inperson,13,37
REAGAN,house,72,inperson,14,42
REAGAN,house,72,inperson,15,74
REAGAN,house,72,mail,4,2
REAGAN,house,72,mail,8,2
REAGAN,house,72,mail,11,1
REAGAN,house,72,mail,12,1
REAGAN,house,72,mail,15,4
REAGAN,house,72,mail,19,2
REAGAN,house,72,mail,21,2
REAGAN,house,72,mail,25,2
REAGAN,senate,31,inperson,4,45
REAGAN,senate,31,inperson,5,25
REAGAN,senate,31,inperson,6,30
REAGAN,senate,31,inperson,7,17
REAGAN,senate,31,inperson,8,55
REAGAN,senate,31,inperson,10,16
REAGAN,senate,31,inperson,11,38
REAGAN,senate,31,inperson,12,28
REAGAN,senate,31,inperson,13,37
REAGAN,senate,31,inperson,14,42
REAGAN,senate,31,inperson,15,74
REAGAN,senate,31,mail,4,2
REAGAN,senate,31,mail,8,2
REAGAN,senate,31,mail,11,1
REAGAN,senate,31,mail,12,1
REAGAN,senate,31,mail,15,4
REAGAN,senate,31,mail,19,2
REAGAN,senate,31,mail,21,2
REAGAN,senate,31,mail,25,2
REAL,house,53,inperson,4,86
REAL,house,53,inperson,5,67
REAL,house,53,inperson,6,94
REAL,house,53,inperson,7,82
REAL,house,53,inperson,8,64
REAL,house,53,inperson,11,79
REAL,house,53,inperson,12,78
REAL,house,53,inperson,13,124
REAL,house,53,inperson,14,151
REAL,house,53,inperson,15,129
REAL,house,53,mail,4,10
REAL,house,53,mail,7,8
REAL,house,53,mail,11,4
REAL,house,53,mail,13,1
REAL,house,53,mail,14,2
REAL,house,53,mail,15,2
REAL,house,53,mail,18,1
REAL,house,53,mail,22,2
REAL,house,53,mail,25,1
REAL,house,53,mail,26,2
REAL,house,53,mail,28,6
REAL,house,53,mail,34,4
REAL,house,53,mail,37,5
REAL,senate,19,inperson,4,86
REAL,senate,19,inperson,5,67
REAL,senate,19,inperson,6,94
REAL,senate,19,inperson,7,82
REAL,senate,19,inperson,8,64
REAL,senate,19,inperson,11,79
REAL,senate,19,inperson,12,78
REAL,senate,19,inperson,13,124
REAL,senate,19,inperson,14,151
REAL,senate,19,inperson,15,129
REAL,senate,19,mail,4,10
REAL,senate,19,mail,7,8
REAL,senate,19,mail,11,4
REAL,senate,19,mail,13,1
REAL,senate,19,mail,14,2
REAL,senate,19,mail,15,2
REAL,senate,19,mail,18,1
REAL,senate,19,mail,22,2
REAL,senate,19,mail,25,1
REAL,senate,19,mail,26,2
REAL,senate,19,mail,28,6
REAL,senate,19,mail,34,4
REAL,senate,19,mail,37,5
RED RIVER,house,1,inperson,4,206
RED RIVER,house,1,inperson,5,171
RED RIVER,house,1,inperson,6,122
RED RIVER,house,1,inperson,7,153
RED RIVER,house,1,inperson,8,177
RED RIVER,house,1,inperson,9,99
RED RIVER,house,1,inperson,10,163
RED RIVER,house,1,inperson,11,187
RED RIVER,house,1,inperson,12,183
RED RIVER,house,1,inperson,13,229
RED RIVER,house,1,inperson,14,257
RED RIVER,house,1,inperson,15,255
RED RIVER,house,1,mail,4,8
RED RIVER,house,1,mail,5,7
RED RIVER,house,1,mail,6,1
RED RIVER,house,1,mail,7,6
RED RIVER,house,1,mail,8,5
RED RIVER,house,1,mail,11,6
RED RIVER,house,1,mail,12,5
RED RIVER,house,1,mail,13,9
RED RIVER,house,1,mail,14,9
RED RIVER,house,1,mail,15,17
RED RIVER,house,1,mail,19,11
RED RIVER,house,1,mail,20,7
RED RIVER,house,1,mail,21,2
RED RIVER,house,1,mail,22,23
RED RIVER,house,1,mail,26,4
RED RIVER,house,1,mail,27,8
RED RIVER,house,1,mail,28,20
RED RIVER,senate,1,inperson,4,206
RED RIVER,senate,1,inperson,5,171
RED RIVER,senate,1,inperson,6,122
RED RIVER,senate,1,inperson,7,153
RED RIVER,senate,1,inperson,8,177
RED RIVER,senate,1,inperson,9,99
RED RIVER,senate,1,inperson,10,163
RED RIVER,senate,1,inperson,11,187
RED RIVER,senate,1,inperson,12,183
RED RIVER,senate,1,inperson,13,229
RED RIVER,senate,1,inperson,14,257
RED RIVER,senate,1,inperson,15,255
RED RIVER,senate,1,mail,4,8
RED RIVER,senate,1,mail,5,7
RED RIVER,senate,1,mail,6,1
RED RIVER,senate,1,mail,7,6
RED RIVER,senate,1,mail,8,5
RED RIVER,senate,1,mail,11,6
RED RIVER,senate,1,mail,12,5
RED RIVER,senate,1,mail,13,9
RED RIVER,senate,1,mail,14,9
RED RIVER,senate,1,mail,15,17
RED RIVER,senate,1,mail,19,11
RED RIVER,senate,1,mail,20,7
RED RIVER,senate,1,mail,21,2
RED RIVER,senate,1,mail,22,23
RED RIVER,senate,1,mail,26,4
RED RIVER,senate,1,mail,27,8
RED RIVER,senate,1,mail,28,20
REEVES,house,74,inperson,4,194
REEVES,house,74,inperson,5,117
REEVES,house,74,inperson,6,97
REEVES,house,74,inperson,7,135
REEVES,house,74,inperson,8,100
REEVES,house,74,inperson,11,154
REEVES,house,74,inperson,12,165
REEVES,house,74,inperson,13,154
REEVES,house,74,inperson,14,139
REEVES,house,74,inperson,15,137
REEVES,house,74,mail,4,5
REEVES,house,74,mail,5,4
REEVES,house,74,mail,6,3
REEVES,house,74,mail,7,4
REEVES,house,74,mail,8,6
REEVES,house,74,mail,11,6
REEVES,house,74,mail,12,4
REEVES,house,74,mail,13,7
REEVES,house,74,mail,14,11
REEVES,house,74,mail,15,4
REEVES,house,74,mail,18,10
REEVES,house,74,mail,19,3
REEVES,house,74,mail,20,6
REEVES,house,74,mail,21,2
REEVES,house,74,mail,22,1
REEVES,house,74,mail,26,3
REEVES,house,74,mail,27,2
REEVES,house,74,mail,28,10
REEVES,house,74,mail,32,2
REEVES,house,74,mail,33,15
REEVES,house,74,mail,35,7
REEVES,house,74,mail,36,12
REEVES,house,74,mail,37,14
REEVES,senate,29,inperson,4,194
REEVES,senate,29,inperson,5,117
REEVES,senate,29,inperson,6,97
REEVES,senate,29,inperson,7,135
REEVES,senate,29,inperson,8,100
REEVES,senate,29,inperson,11,154
REEVES,senate,29,inperson,12,165
REEVES,senate,29,inperson,13,154
REEVES,senate,29,inperson,14,139
REEVES,senate,29,inperson,15,137
REEVES,senate,29,mail,4,5
REEVES,senate,29,mail,5,4
REEVES,senate,29,mail,6,3
REEVES,senate,29,mail,7,4
REEVES,senate,29,mail,8,6
REEVES,senate,29,mail,11,6
REEVES,senate,29,mail,12,4
REEVES,senate,29,mail,13,7
REEVES,senate,29,mail,14,11
REEVES,senate,29,mail,15,4
REEVES,senate,29,mail,18,10
REEVES,senate,29,mail,19,3
REEVES,senate,29,mail,20,6
REEVES,senate,29,mail,21,2
REEVES,senate,29,mail,22,1
REEVES,senate,29,mail,26,3
REEVES,senate,29,mail,27,2
REEVES,senate,29,mail,28,10
REEVES,senate,29,mail,32,2
REEVES,senate,29,mail,33,15
REEVES,senate,29,mail,35,7
REEVES,senate,29,mail,36,12
REEVES,senate,29,mail,37,14
REFUGIO,house,43,inperson,4,163
REFUGIO,house,43,inperson,5,80
REFUGIO,house,43,inperson,6,98
REFUGIO,house,43,inperson,7,84
REFUGIO,house,43,inperson,8,88
REFUGIO,house,43,inperson,10,42
REFUGIO,house,43,inperson,11,117
REFUGIO,house,43,inperson,12,125
REFUGIO,house,43,inperson,13,132
REFUGIO,house,43,inperson,14,120
REFUGIO,house,43,inperson,15,153
REFUGIO,house,43,mail,4,4
REFUGIO,house,43,mail,5,3
REFUGIO,house,43,mail,6,3
REFUGIO,house,43,mail,8,4
REFUGIO,house,43,mail,11,5
REFUGIO,house,43,mail,12,5
REFUGIO,house,43,mail,13,4
REFUGIO,house,43,mail,14,1
REFUGIO,house,43,mail,15,1
REFUGIO,house,43,mail,16,2
REFUGIO,house,43,mail,18,4
REFUGIO,house,43,mail,19,3
REFUGIO,house,43,mail,20,2
REFUGIO,house,43,mail,21,6
REFUGIO,house,43,mail,22,2
REFUGIO,house,43,mail,24,8
REFUGIO,house,43,mail,25,10
REFUGIO,house,43,mail,26,2
REFUGIO,house,43,mail,27,4
REFUGIO,house,43,mail,28,14
REFUGIO,house,43,mail,34,5
REFUGIO,house,43,mail,35,1
REFUGIO,senate,18,inperson,4,163
REFUGIO,senate,18,inperson,5,80
REFUGIO,senate,18,inperson,6,98
REFUGIO,senate,18,inperson,7,84
REFUGIO,senate,18,inperson,8,88
REFUGIO,senate,18,inperson,10,42
REFUGIO,senate,18,inperson,11,117
REFUGIO,senate,18,inperson,12,125
REFUGIO,senate,18,inperson,13,132
REFUGIO,senate,18,inperson,14,120
REFUGIO,senate,18,inperson,15,153
REFUGIO,senate,18,mail,4,4
REFUGIO,senate,18,mail,5,3
REFUGIO,senate,18,mail,6,3
REFUGIO,senate,18,mail,8,4
REFUGIO,senate,18,mail,11,5
REFUGIO,senate,18,mail,12,5
REFUGIO,senate,18,mail,13,4
REFUGIO,senate,18,mail,14,1
REFUGIO,senate,18,mail,15,1
REFUGIO,senate,18,mail,16,2
REFUGIO,senate,18,mail,18,4
REFUGIO,senate,18,mail,19,3
REFUGIO,senate,18,mail,20,2
REFUGIO,senate,18,mail,21,6
REFUGIO,senate,18,mail,22,2
REFUGIO,senate,18,mail,24,8
REFUGIO,senate,18,mail,25,10
REFUGIO,senate,18,mail,26,2
REFUGIO,senate,18,mail,27,4
REFUGIO,senate,18,mail,28,14
REFUGIO,senate,18,mail,34,5
REFUGIO,senate,18,mail,35,1
ROBERTS,house,88,inperson,4,28
ROBERTS,house,88,inperson,5,16
ROBERTS,house,88,inperson,6,26
ROBERTS,house,88,inperson,7,30
ROBERTS,house,88,inperson,8,12
ROBERTS,house,88,inperson,11,11
ROBERTS,house,88,inperson,12,21
ROBERTS,house,88,inperson,13,24
ROBERTS,house,88,inperson,14,16
ROBERTS,house,88,inperson,15,19
ROBERTS,house,88,mail,4,6
ROBERTS,house,88,mail,13,1
ROBERTS,house,88,mail,14,1
ROBERTS,house,88,mail,15,2
ROBERTS,house,88,mail,18,5
ROBERTS,house,88,mail,22,3
ROBERTS,house,88,mail,25,3
ROBERTS,house,88,mail,26,1
ROBERTS,house,88,mail,27,1
ROBERTS,house,88,mail,32,1
ROBERTS,senate,31,inperson,4,28
ROBERTS,senate,31,inperson,5,16
ROBERTS,senate,31,inperson,6,26
ROBERTS,senate,31,inperson,7,30
ROBERTS,senate,31,inperson,8,12
ROBERTS,senate,31,inperson,11,11
ROBERTS,senate,31,inperson,12,21
ROBERTS,senate,31,inperson,13,24
ROBERTS,senate,31,inperson,14,16
ROBERTS,senate,31,inperson,15,19
ROBERTS,senate,31,mail,4,6
ROBERTS,senate,31,mail,13,1
ROBERTS,senate,31,mail,14,1
ROBERTS,senate,31,mail,15,2
ROBERTS,senate,31,mail,18,5
ROBERTS,senate,31,mail,22,3
ROBERTS,senate,31,mail,25,3
ROBERTS,senate,31,mail,26,1
ROBERTS,senate,31,mail,27,1
ROBERTS,senate,31,mail,32,1
ROBERTSON,house,12,inperson,4,499
ROBERTSON,house,12,inperson,5,287
ROBERTSON,house,12,inperson,6,288
ROBERTSON,house,12,inperson,7,268
ROBERTSON,house,12,inperson,8,296
ROBERTSON,house,12,inperson,10,138
ROBERTSON,house,12,inperson,11,255
ROBERTSON,house,12,inperson,12,253
ROBERTSON,house,12,inperson,13,311
ROBERTSON,house,12,inperson,14,383
ROBERTSON,house,12,inperson,15,383
ROBERTSON,house,12,mail,4,6
ROBERTSON,house,12,mail,5,9
ROBERTSON,house,12,mail,6,3
ROBERTSON,house,12,mail,7,9
ROBERTSON,house,12,mail,8,7
ROBERTSON,house,12,mail,10,2
ROBERTSON,house,12,mail,11,12
ROBERTSON,house,12,mail,12,19
ROBERTSON,house,12,mail,13,10
ROBERTSON,house,12,mail,14,24
ROBERTSON,house,12,mail,15,8
ROBERTSON,house,12,mail,18,11
ROBERTSON,house,12,mail,19,22
ROBERTSON,house,12,mail,20,19
ROBERTSON,house,12,mail,21,15
ROBERTSON,house,12,mail,22,9
ROBERTSON,senate,5,inperson,4,499
ROBERTSON,senate,5,inperson,5,287
ROBERTSON,senate,5,inperson,6,288
ROBERTSON,senate,5,inperson,7,268
ROBERTSON,senate,5,inperson,8,296
ROBERTSON,senate,5,inperson,10,138
ROBERTSON,senate,5,inperson,11,255
ROBERTSON,senate,5,inperson,12,253
ROBERTSON,senate,5,inperson,13,311
ROBERTSON,senate,5,inperson,14,383
ROBERTSON,senate,5,inperson,15,383
ROBERTSON,senate,5,mail,4,6
ROBERTSON,senate,5,mail,5,9
ROBERTSON,senate,5,mail,6,3
ROBERTSON,senate,5,mail,7,9
ROBERTSON,senate,5,mail,8,7
ROBERTSON,senate,5,mail,10,2
ROBERTSON,senate,5,mail,11,12
ROBERTSON,senate,5,mail,12,19
ROBERTSON,senate,5,mail,13,10
ROBERTSON,senate,5,mail,14,24
ROBERTSON,senate,5,mail,15,8
ROBERTSON,senate,5,mail,18,11
ROBERTSON,senate,5,mail,19,22
ROBERTSON,senate,5,mail,20,19
ROBERTSON,senate,5,mail,21,15
ROBERTSON,senate,5,mail,22,9
ROCKWALL,house,33,inperson,4,3750
ROCKWALL,house,33,inperson,5,2837
ROCKWALL,house,33,inperson,6,2365
ROCKWALL,house,33,inperson,7,2373
ROCKWALL,house,33,inperson,8,2382
ROCKWALL,house,33,inperson,9,567
ROCKWALL,house,33,inperson,10,2231
ROCKWALL,house,33,inperson,11,2162
ROCKWALL,house,33,inperson,12,2371
ROCKWALL,house,33,inperson,13,2980
ROCKWALL,house,33,inperson,14,2959
ROCKWALL,house,33,inperson,15,2510
ROCKWALL,house,33,inperson,29,119
ROCKWALL,house,33,inperson,36,1
ROCKWALL,house,33,inperson,37,1
ROCKWALL,house,33,mail,4,55
ROCKWALL,house,33,mail,5,41
ROCKWALL,house,33,mail,6,37
ROCKWALL,house,33,mail,7,17
ROCKWALL,house,33,mail,8,46
ROCKWALL,house,33,mail,10,137
ROCKWALL,house,33,mail,11,69
ROCKWALL,house,33,mail,12,48
ROCKWALL,house,33,mail,13,2
ROCKWALL,house,33,mail,14,7
ROCKWALL,house,33,mail,15,102
ROCKWALL,house,33,mail,18,48
ROCKWALL,house,33,mail,19,58
ROCKWALL,house,33,mail,20,66
ROCKWALL,house,33,mail,21,9
ROCKWALL,house,33,mail,22,134
ROCKWALL,house,33,mail,25,209
ROCKWALL,house,33,mail,26,1
ROCKWALL,house,33,mail,27,2
ROCKWALL,house,33,mail,29,4
ROCKWALL,senate,2,inperson,4,3750
ROCKWALL,senate,2,inperson,5,2837
ROCKWALL,senate,2,inperson,6,2365
ROCKWALL,senate,2,inperson,7,2373
ROCKWALL,senate,2,inperson,8,2382
ROCKWALL,senate,2,inperson,9,567
ROCKWALL,senate,2,inperson,10,2231
ROCKWALL,senate,2,inperson,11,2162
ROCKWALL,senate,2,inperson,12,2371
ROCKWALL,senate,2,inperson,13,2980
ROCKWALL,senate,2,inperson,14,2959
ROCKWALL,senate,2,inperson,15,2510
ROCKWALL,senate,2,inperson,29,119
ROCKWALL,senate,2,inperson,36,1
ROCKWALL,senate,2,inperson,37,1
ROCKWALL,senate,2,mail,4,55
ROCKWALL,senate,2,mail,5,41
ROCKWALL,senate,2,mail,6,37
ROCKWALL,senate,2,mail,7,17
ROCKWALL,senate,2,mail,8,46
ROCKWALL,senate,2,mail,10,137
ROCKWALL,senate,2,mail,11,69
ROCKWALL,senate,2,mail,12,48
ROCKWALL,senate,2,mail,13,2
ROCKWALL,senate,2,mail,14,7
ROCKWALL,senate,2,mail,15,102
ROCKWALL,senate,2,mail,18,48
ROCKWALL,senate,2,mail,19,58
ROCKWALL,senate,2,mail,20,66
ROCKWALL,senate,2,mail,21,9
ROCKWALL,senate,2,mail,22,134
ROCKWALL,senate,2,mail,25,209
ROCKWALL,senate,2,mail,26,1
ROCKWALL,senate,2,mail,27,2
ROCKWALL,senate,2,mail,29,4
RUNNELS,house,72,inperson,4,187
RUNNELS,house,72,inperson,5,123
RUNNELS,house,72,inperson,6,149
RUNNELS,house,72,inperson,7,160
RUNNELS,house,72,inperson,8,116
RUNNELS,house,72,inperson,11,139
RUNNELS,house,72,inperson,12,114
RUNNELS,house,72,inperson,13,141
RUNNELS,house,72,inperson,14,152
RUNNELS,house,72,inperson,15,148
RUNNELS,house,72,mail,4,17
RUNNELS,house,72,mail,7,23
RUNNELS,house,72,mail,12,25
RUNNELS,house,72,mail,14,1
RUNNELS,house,72,mail,19,4
RUNNELS,house,72,mail,20,1
RUNNELS,house,72,mail,21,18
RUNNELS,house,72,mail,22,19
RUNNELS,house,72,mail,26,12
RUNNELS,senate,28,inperson,4,187
RUNNELS,senate,28,inperson,5,123
RUNNELS,senate,28,inperson,6,149
RUNNELS,senate,28,inperson,7,160
RUNNELS,senate,28,inperson,8,116
RUNNELS,senate,28,inperson,11,139
RUNNELS,senate,28,inperson,12,114
RUNNELS,senate,28,inperson,13,141
RUNNELS,senate,28,inperson,14,152
RUNNELS,senate,28,inperson,15,148
RUNNELS,senate,28,mail,4,17
RUNNELS,senate,28,mail,7,23
RUNNELS,senate,28,mail,12,25
RUNNELS,senate,28,mail,14,1
RUNNELS,senate,28,mail,19,4
RUNNELS,senate,28,mail,20,1
RUNNELS,senate,28,mail,21,18
RUNNELS,senate,28,mail,22,19
RUNNELS,senate,28,mail,26,12
RUSK,house,11,inperson,4,1105
RUSK,house,11,inperson,5,1108
RUSK,house,11,inperson,6,460
RUSK,house,11,inperson,7,814
RUSK,house,11,inperson,8,882
RUSK,house,11,inperson,10,299
RUSK,house,11,inperson,11,698
RUSK,house,11,inperson,12,769
RUSK,house,11,inperson,13,732
RUSK,house,11,inperson,14,910
RUSK,house,11,inperson,15,946
RUSK,house,11,mail,4,15
RUSK,house,11,mail,5,18
RUSK,house,11,mail,6,29
RUSK,house,11,mail,7,1
RUSK,house,11,mail,8,30
RUSK,house,11,mail,10,25
RUSK,house,11,mail,11,23
RUSK,house,11,mail,12,41
RUSK,house,11,mail,13,37
RUSK,house,11,mail,14,11
RUSK,house,11,mail,15,20
RUSK,house,11,mail,18,18
RUSK,house,11,mail,19,14
RUSK,house,11,mail,20,25
RUSK,house,11,mail,21,7
RUSK,house,11,mail,22,80
RUSK,house,11,mail,25,43
RUSK,house,11,mail,27,8
RUSK,house,11,mail,28,69
RUSK,house,11,mail,32,50
RUSK,house,11,mail,33,23
RUSK,house,11,mail,34,20
RUSK,house,11,mail,36,2
RUSK,senate,1,inperson,4,1105
RUSK,senate,1,inperson,5,1108
RUSK,senate,1,inperson,6,460
RUSK,senate,1,inperson,7,814
RUSK,senate,1,inperson,8,882
RUSK,senate,1,inperson,10,299
RUSK,senate,1,inperson,11,698
RUSK,senate,1,inperson,12,769
RUSK,senate,1,inperson,13,732
RUSK,senate,1,inperson,14,910
RUSK,senate,1,inperson,15,946
RUSK,senate,1,mail,4,15
RUSK,senate,1,mail,5,18
RUSK,senate,1,mail,6,29
RUSK,senate,1,mail,7,1
RUSK,senate,1,mail,8,30
RUSK,senate,1,mail,10,25
RUSK,senate,1,mail,11,23
RUSK,senate,1,mail,12,41
RUSK,senate,1,mail,13,37
RUSK,senate,1,mail,14,11
RUSK,senate,1,mail,15,20
RUSK,senate,1,mail,18,18
RUSK,senate,1,mail,19,14
RUSK,senate,1,mail,20,25
RUSK,senate,1,mail,21,7
RUSK,senate,1,mail,22,80
RUSK,senate,1,mail,25,43
RUSK,senate,1,mail,27,8
RUSK,senate,1,mail,28,69
RUSK,senate,1,mail,32,50
RUSK,senate,1,mail,33,23
RUSK,senate,1,mail,34,20
RUSK,senate,1,mail,36,2
SABINE,house,11,inperson,4,191
SABINE,house,11,inperson,5,144
SABINE,house,11,inperson,6,156
SABINE,house,11,inperson,7,156
SABINE,house,11,inperson,8,223
SABINE,house,11,inperson,10,76
SABINE,house,11,inperson,11,225
SABINE,house,11,inperson,12,238
SABINE,house,11,inperson,13,269
SABINE,house,11,inperson,14,321
SABINE,house,11,inperson,15,310
SABINE,house,11,mail,4,13
SABINE,house,11,mail,5,7
SABINE,house,11,mail,6,2
SABINE,house,11,mail,7,1
SABINE,house,11,mail,8,16
SABINE,house,11,mail,11,2
SABINE,house,11,mail,12,8
SABINE,house,11,mail,13,6
SABINE,house,11,mail,14,2
SABINE,house,11,mail,15,13
SABINE,house,11,mail,18,5
SABINE,house,11,mail,20,1
SABINE,house,11,mail,22,25
SABINE,house,11,mail,26,36
SABINE,house,11,mail,27,8
SABINE,house,11,mail,28,9
SABINE,house,11,mail,32,1
SABINE,senate,3,inperson,4,191
SABINE,senate,3,inperson,5,144
SABINE,senate,3,inperson,6,156
SABINE,senate,3,inperson,7,156
SABINE,senate,3,inperson,8,223
SABINE,senate,3,inperson,10,76
SABINE,senate,3,inperson,11,225
SABINE,senate,3,inperson,12,238
SABINE,senate,3,inperson,13,269
SABINE,senate,3,inperson,14,321
SABINE,senate,3,inperson,15,310
SABINE,senate,3,mail,4,13
SABINE,senate,3,mail,5,7
SABINE,senate,3,mail,6,2
SABINE,senate,3,mail,7,1
SABINE,senate,3,mail,8,16
SABINE,senate,3,mail,11,2
SABINE,senate,3,mail,12,8
SABINE,senate,3,mail,13,6
SABINE,senate,3,mail,14,2
SABINE,senate,3,mail,15,13
SABINE,senate,3,mail,18,5
SABINE,senate,3,mail,20,1
SABINE,senate,3,mail,22,25
SABINE,senate,3,mail,26,36
SABINE,senate,3,mail,27,8
SABINE,senate,3,mail,28,9
SABINE,senate,3,mail,32,1
SAN AUGUSTINE,house,9,inperson,4,183
SAN AUGUSTINE,house,9,inperson,5,130
SAN AUGUSTINE,house,9,inperson,6,91
SAN AUGUSTINE,house,9,inperson,7,128
SAN AUGUSTINE,house,9,inperson,8,120
SAN AUGUSTINE,house,9,inperson,11,159
SAN AUGUSTINE,house,9,inperson,12,163
SAN AUGUSTINE,house,9,inperson,13,158
SAN AUGUSTINE,house,9,inperson,14,215
SAN AUGUSTINE,house,9,inperson,15,223
SAN AUGUSTINE,house,9,mail,4,4
SAN AUGUSTINE,house,9,mail,5,4
SAN AUGUSTINE,house,9,mail,6,5
SAN AUGUSTINE,house,9,mail,7,1
SAN AUGUSTINE,house,9,mail,8,4
SAN AUGUSTINE,house,9,mail,11,22
SAN AUGUSTINE,house,9,mail,12,10
SAN AUGUSTINE,house,9,mail,13,9
SAN AUGUSTINE,house,9,mail,14,8
SAN AUGUSTINE,house,9,mail,15,13
SAN AUGUSTINE,house,9,mail,18,2
SAN AUGUSTINE,senate,3,inperson,4,183
SAN AUGUSTINE,senate,3,inperson,5,130
SAN AUGUSTINE,senate,3,inperson,6,91
SAN AUGUSTINE,senate,3,inperson,7,128
SAN AUGUSTINE,senate,3,inperson,8,120
SAN AUGUSTINE,senate,3,inperson,11,159
SAN AUGUSTINE,senate,3,inperson,12,163
SAN AUGUSTINE,senate,3,inperson,13,158
SAN AUGUSTINE,senate,3,inperson,14,215
SAN AUGUSTINE,senate,3,inperson,15,223
SAN AUGUSTINE,senate,3,mail,4,4
SAN AUGUSTINE,senate,3,mail,5,4
SAN AUGUSTINE,senate,3,mail,6,5
SAN AUGUSTINE,senate,3,mail,7,1
SAN AUGUSTINE,senate,3,mail,8,4
SAN AUGUSTINE,senate,3,mail,11,22
SAN AUGUSTINE,senate,3,mail,12,10
SAN AUGUSTINE,senate,3,mail,13,9
SAN AUGUSTINE,senate,3,mail,14,8
SAN AUGUSTINE,senate,3,mail,15,13
SAN AUGUSTINE,senate,3,mail,18,2
SAN JACINTO,house,18,inperson,4,678
SAN JACINTO,house,18,inperson,5,383
SAN JACINTO,house,18,inperson,6,396
SAN JACINTO,house,18,inperson,7,463
SAN JACINTO,house,18,inperson,8,422
SAN JACINTO,house,18,inperson,9,1
SAN JACINTO,house,18,inperson,10,347
SAN JACINTO,house,18,inperson,11,488
SAN JACINTO,house,18,inperson,12,472
SAN JACINTO,house,18,inperson,13,457
SAN JACINTO,house,18,inperson,14,673
SAN JACINTO,house,18,inperson,15,547
SAN JACINTO,house,18,mail,4,8
SAN JACINTO,house,18,mail,5,9
SAN JACINTO,house,18,mail,6,3
SAN JACINTO,house,18,mail,7,9
SAN JACINTO,house,18,mail,8,18
SAN JACINTO,house,18,mail,11,18
SAN JACINTO,house,18,mail,12,17
SAN JACINTO,house,18,mail,13,21
SAN JACINTO,house,18,mail,14,7
SAN JACINTO,house,18,mail,15,33
SAN JACINTO,house,18,mail,18,13
SAN JACINTO,house,18,mail,19,24
SAN JACINTO,house,18,mail,20,12
SAN JACINTO,house,18,mail,21,9
SAN JACINTO,house,18,mail,22,42
SAN JACINTO,house,18,mail,25,22
SAN JACINTO,house,18,mail,26,37
SAN JACINTO,house,18,mail,27,8
SAN JACINTO,house,18,mail,28,51
SAN JACINTO,house,18,mail,32,11
SAN JACINTO,house,18,mail,33,10
SAN JACINTO,house,18,mail,34,7
SAN JACINTO,house,18,mail,35,1
SAN JACINTO,house,18,mail,36,2
SAN JACINTO,senate,5,inperson,4,678
SAN JACINTO,senate,5,inperson,5,383
SAN JACINTO,senate,5,inperson,6,396
SAN JACINTO,senate,5,inperson,7,463
SAN JACINTO,senate,5,inperson,8,422
SAN JACINTO,senate,5,inperson,9,1
SAN JACINTO,senate,5,inperson,10,347
SAN JACINTO,senate,5,inperson,11,488
SAN JACINTO,senate,5,inperson,12,472
SAN JACINTO,senate,5,inperson,13,457
SAN JACINTO,senate,5,inperson,14,673
SAN JACINTO,senate,5,inperson,15,547
SAN JACINTO,senate,5,mail,4,8
SAN JACINTO,senate,5,mail,5,9
SAN JACINTO,senate,5,mail,6,3
SAN JACINTO,senate,5,mail,7,9
SAN JACINTO,senate,5,mail,8,18
SAN JACINTO,senate,5,mail,11,18
SAN JACINTO,senate,5,mail,12,17
SAN JACINTO,senate,5,mail,13,21
SAN JACINTO,senate,5,mail,14,7
SAN JACINTO,senate,5,mail,15,33
SAN JACINTO,senate,5,mail,18,13
SAN JACINTO,senate,5,mail,19,24
SAN JACINTO,senate,5,mail,20,12
SAN JACINTO,senate,5,mail,21,9
SAN JACINTO,senate,5,mail,22,42
SAN JACINTO,senate,5,mail,25,22
SAN JACINTO,senate,5,mail,26,37
SAN JACINTO,senate,5,mail,27,8
SAN JACINTO,senate,5,mail,28,51
SAN JACINTO,senate,5,mail,32,11
SAN JACINTO,senate,5,mail,33,10
SAN JACINTO,senate,5,mail,34,7
SAN JACINTO,senate,5,mail,35,1
SAN JACINTO,senate,5,mail,36,2
SAN PATRICIO,house,43,inperson,4,973
SAN PATRICIO,house,43,inperson,5,528
SAN PATRICIO,house,43,inperson,6,1079
SAN PATRICIO,house,43,inperson,7,968
SAN PATRICIO,house,43,inperson,8,391
SAN PATRICIO,house,43,inperson,9,40
SAN PATRICIO,house,43,inperson,10,1096
SAN PATRICIO,house,43,inperson,11,496
SAN PATRICIO,house,43,inperson,12,488
SAN PATRICIO,house,43,inperson,13,1395
SAN PATRICIO,house,43,inperson,14,1908
SAN PATRICIO,house,43,inperson,15,872
SAN PATRICIO,house,43,mail,4,15
SAN PATRICIO,house,43,mail,5,13
SAN PATRICIO,house,43,mail,6,11
SAN PATRICIO,house,43,mail,7,29
SAN PATRICIO,house,43,mail,8,28
SAN PATRICIO,house,43,mail,10,1
SAN PATRICIO,house,43,mail,11,30
SAN PATRICIO,house,43,mail,12,50
SAN PATRICIO,house,43,mail,13,59
SAN PATRICIO,house,43,mail,14,14
SAN PATRICIO,house,43,mail,15,71
SAN PATRICIO,house,43,mail,18,1
SAN PATRICIO,house,43,mail,19,14
SAN PATRICIO,house,43,mail,20,13
SAN PATRICIO,house,43,mail,21,54
SAN PATRICIO,house,43,mail,25,43
SAN PATRICIO,house,43,mail,26,46
SAN PATRICIO,house,43,mail,27,4
SAN PATRICIO,house,43,mail,28,39
SAN PATRICIO,house,43,mail,29,30
SAN PATRICIO,house,43,mail,32,40
SAN PATRICIO,house,43,mail,33,48
SAN PATRICIO,house,43,mail,34,78
SAN PATRICIO,house,43,mail,35,1
SAN PATRICIO,house,43,mail,36,68
SAN PATRICIO,senate,27,inperson,4,973
SAN PATRICIO,senate,27,inperson,5,528
SAN PATRICIO,senate,27,inperson,6,1079
SAN PATRICIO,senate,27,inperson,7,968
SAN PATRICIO,senate,27,inperson,8,391
SAN PATRICIO,senate,27,inperson,9,40
SAN PATRICIO,senate,27,inperson,10,1096
SAN PATRICIO,senate,27,inperson,11,496
SAN PATRICIO,senate,27,inperson,12,488
SAN PATRICIO,senate,27,inperson,13,1395
SAN PATRICIO,senate,27,inperson,14,1908
SAN PATRICIO,senate,27,inperson,15,872
SAN PATRICIO,senate,27,mail,4,15
SAN PATRICIO,senate,27,mail,5,13
SAN PATRICIO,senate,27,mail,6,11
SAN PATRICIO,senate,27,mail,7,29
SAN PATRICIO,senate,27,mail,8,28
SAN PATRICIO,senate,27,mail,10,1
SAN PATRICIO,senate,27,mail,11,30
SAN PATRICIO,senate,27,mail,12,50
SAN PATRICIO,senate,27,mail,13,59
SAN PATRICIO,senate,27,mail,14,14
SAN PATRICIO,senate,27,mail,15,71
SAN PATRICIO,senate,27,mail,18,1
SAN PATRICIO,senate,27,mail,19,14
SAN PATRICIO,senate,27,mail,20,13
SAN PATRICIO,senate,27,mail,21,54
SAN PATRICIO,senate,27,mail,25,43
SAN PATRICIO,senate,27,mail,26,46
SAN PATRICIO,senate,27,mail,27,4
SAN PATRICIO,senate,27,mail,28,39
SAN PATRICIO,senate,27,mail,29,30
SAN PATRICIO,senate,27,mail,32,40
SAN PATRICIO,senate,27,mail,33,48
SAN PATRICIO,senate,27,mail,34,78
SAN PATRICIO,senate,27,mail,35,1
SAN PATRICIO,senate,27,mail,36,68
SAN SABA,house,68,inperson,4,116
SAN SABA,house,68,inperson,5,94
SAN SABA,house,68,inperson,6,77
SAN SABA,house,68,inperson,7,97
SAN SABA,house,68,inperson,8,67
SAN SABA,house,68,inperson,11,137
SAN SABA,house,68,inperson,12,114
SAN SABA,house,68,inperson,13,106
SAN SABA,house,68,inperson,14,145
SAN SABA,house,68,inperson,15,149
SAN SABA,house,68,mail,4,3
SAN SABA,house,68,mail,5,3
SAN SABA,house,68,mail,6,9
SAN SABA,house,68,mail,7,2
SAN SABA,house,68,mail,8,6
SAN SABA,house,68,mail,11,5
SAN SABA,house,68,mail,12,3
SAN SABA,house,68,mail,13,6
SAN SABA,house,68,mail,14,1
SAN SABA,house,68,mail,15,3
SAN SABA,house,68,mail,19,1
SAN SABA,senate,28,inperson,4,116
SAN SABA,senate,28,inperson,5,94
SAN SABA,senate,28,inperson,6,77
SAN SABA,senate,28,inperson,7,97
SAN SABA,senate,28,inperson,8,67
SAN SABA,senate,28,inperson,11,137
SAN SABA,senate,28,inperson,12,114
SAN SABA,senate,28,inperson,13,106
SAN SABA,senate,28,inperson,14,145
SAN SABA,senate,28,inperson,15,149
SAN SABA,senate,28,mail,4,3
SAN SABA,senate,28,mail,5,3
SAN SABA,senate,28,mail,6,9
SAN SABA,senate,28,mail,7,2
SAN SABA,senate,28,mail,8,6
SAN SABA,senate,28,mail,11,5
SAN SABA,senate,28,mail,12,3
SAN SABA,senate,28,mail,13,6
SAN SABA,senate,28,mail,14,1
SAN SABA,senate,28,mail,15,3
SAN SABA,senate,28,mail,19,1
SCHLEICHER,house,53,inperson,4,77
SCHLEICHER,house,53,inperson,5,44
SCHLEICHER,house,53,inperson,6,48
SCHLEICHER,house,53,inperson,7,36
SCHLEICHER,house,53,inperson,8,51
SCHLEICHER,house,53,inperson,11,73
SCHLEICHER,house,53,inperson,12,50
SCHLEICHER,house,53,inperson,13,66
SCHLEICHER,house,53,inperson,14,64
SCHLEICHER,house,53,inperson,15,127
SCHLEICHER,house,53,mail,4,11
SCHLEICHER,house,53,mail,5,2
SCHLEICHER,house,53,mail,6,2
SCHLEICHER,house,53,mail,7,3
SCHLEICHER,house,53,mail,8,7
SCHLEICHER,house,53,mail,12,1
SCHLEICHER,house,53,mail,13,8
SCHLEICHER,house,53,mail,14,5
SCHLEICHER,house,53,mail,15,11
SCHLEICHER,house,53,mail,18,4
SCHLEICHER,house,53,mail,19,4
SCHLEICHER,house,53,mail,20,2
SCHLEICHER,senate,31,inperson,4,77
SCHLEICHER,senate,31,inperson,5,44
SCHLEICHER,senate,31,inperson,6,48
SCHLEICHER,senate,31,inperson,7,36
SCHLEICHER,senate,31,inperson,8,51
SCHLEICHER,senate,31,inperson,11,73
SCHLEICHER,senate,31,inperson,12,50
SCHLEICHER,senate,31,inperson,13,66
SCHLEICHER,senate,31,inperson,14,64
SCHLEICHER,senate,31,inperson,15,127
SCHLEICHER,senate,31,mail,4,11
SCHLEICHER,senate,31,mail,5,2
SCHLEICHER,senate,31,mail,6,2
SCHLEICHER,senate,31,mail,7,3
SCHLEICHER,senate,31,mail,8,7
SCHLEICHER,senate,31,mail,12,1
SCHLEICHER,senate,31,mail,13,8
SCHLEICHER,senate,31,mail,14,5
SCHLEICHER,senate,31,mail,15,11
SCHLEICHER,senate,31,mail,18,4
SCHLEICHER,senate,31,mail,19,4
SCHLEICHER,senate,31,mail,20,2
SCURRY,house,83,inperson,4,289
SCURRY,house,83,inperson,5,227
SCURRY,house,83,inperson,6,175
SCURRY,house,83,inperson,7,177
SCURRY,house,83,inperson,8,245
SCURRY,house,83,inperson,11,238
SCURRY,house,83,inperson,12,275
SCURRY,house,83,inperson,13,254
SCURRY,house,83,inperson,14,286
SCURRY,house,83,inperson,15,288
SCURRY,house,83,mail,4,6
SCURRY,house,83,mail,5,5
SCURRY,house,83,mail,6,3
SCURRY,house,83,mail,7,2
SCURRY,house,83,mail,8,6
SCURRY,house,83,mail,11,7
SCURRY,house,83,mail,12,7
SCURRY,house,83,mail,13,14
SCURRY,house,83,mail,14,1
SCURRY,house,83,mail,15,22
SCURRY,house,83,mail,18,8
SCURRY,house,83,mail,19,14
SCURRY,house,83,mail,20,7
SCURRY,house,83,mail,21,1
SCURRY,house,83,mail,22,8
SCURRY,house,83,mail,25,5
SCURRY,house,83,mail,28,1
SCURRY,house,83,mail,36,1
SCURRY,senate,31,inperson,4,289
SCURRY,senate,31,inperson,5,227
SCURRY,senate,31,inperson,6,175
SCURRY,senate,31,inperson,7,177
SCURRY,senate,31,inperson,8,245
SCURRY,senate,31,inperson,11,238
SCURRY,senate,31,inperson,12,275
SCURRY,senate,31,inperson,13,254
SCURRY,senate,31,inperson,14,286
SCURRY,senate,31,inperson,15,288
SCURRY,senate,31,mail,4,6
SCURRY,senate,31,mail,5,5
SCURRY,senate,31,mail,6,3
SCURRY,senate,31,mail,7,2
SCURRY,senate,31,mail,8,6
SCURRY,senate,31,mail,11,7
SCURRY,senate,31,mail,12,7
SCURRY,senate,31,mail,13,14
SCURRY,senate,31,mail,14,1
SCURRY,senate,31,mail,15,22
SCURRY,senate,31,mail,18,8
SCURRY,senate,31,mail,19,14
SCURRY,senate,31,mail,20,7
SCURRY,senate,31,mail,21,1
SCURRY,senate,31,mail,22,8
SCURRY,senate,31,mail,25,5
SCURRY,senate,31,mail,28,1
SCURRY,senate,31,mail,36,1
SHACKELFORD,house,68,inperson,4,83
SHACKELFORD,house,68,inperson,5,78
SHACKELFORD,house,68,inperson,6,63
SHACKELFORD,house,68,inperson,7,51
SHACKELFORD,house,68,inperson,8,58
SHACKELFORD,house,68,inperson,11,43
SHACKELFORD,house,68,inperson,12,71
SHACKELFORD,house,68,inperson,13,66
SHACKELFORD,house,68,inperson,14,66
SHACKELFORD,house,68,inperson,15,58
SHACKELFORD,house,68,mail,4,1
SHACKELFORD,house,68,mail,5,14
SHACKELFORD,house,68,mail,7,1
SHACKELFORD,house,68,mail,8,8
SHACKELFORD,house,68,mail,11,2
SHACKELFORD,house,68,mail,12,8
SHACKELFORD,house,68,mail,14,5
SHACKELFORD,house,68,mail,15,4
SHACKELFORD,house,68,mail,18,10
SHACKELFORD,house,68,mail,19,1
SHACKELFORD,house,68,mail,23,6
SHACKELFORD,house,68,mail,25,16
SHACKELFORD,house,68,mail,27,6
SHACKELFORD,house,68,mail,28,6
SHACKELFORD,senate,10,inperson,4,83
SHACKELFORD,senate,10,inperson,5,78
SHACKELFORD,senate,10,inperson,6,63
SHACKELFORD,senate,10,inperson,7,51
SHACKELFORD,senate,10,inperson,8,58
SHACKELFORD,senate,10,inperson,11,43
SHACKELFORD,senate,10,inperson,12,71
SHACKELFORD,senate,10,inperson,13,66
SHACKELFORD,senate,10,inperson,14,66
SHACKELFORD,senate,10,inperson,15,58
SHACKELFORD,senate,10,mail,4,1
SHACKELFORD,senate,10,mail,5,14
SHACKELFORD,senate,10,mail,7,1
SHACKELFORD,senate,10,mail,8,8
SHACKELFORD,senate,10,mail,11,2
SHACKELFORD,senate,10,mail,12,8
SHACKELFORD,senate,10,mail,14,5
SHACKELFORD,senate,10,mail,15,4
SHACKELFORD,senate,10,mail,18,10
SHACKELFORD,senate,10,mail,19,1
SHACKELFORD,senate,10,mail,23,6
SHACKELFORD,senate,10,mail,25,16
SHACKELFORD,senate,10,mail,27,6
SHACKELFORD,senate,10,mail,28,6
SHELBY,house,11,inperson,4,389
SHELBY,house,11,inperson,5,238
SHELBY,house,11,inperson,6,195
SHELBY,house,11,inperson,7,228
SHELBY,house,11,inperson,8,307
SHELBY,house,11,inperson,9,147
SHELBY,house,11,inperson,10,129
SHELBY,house,11,inperson,11,282
SHELBY,house,11,inperson,12,250
SHELBY,house,11,inperson,13,325
SHELBY,house,11,inperson,14,303
SHELBY,house,11,inperson,15,373
SHELBY,house,11,mail,4,5
SHELBY,house,11,mail,5,20
SHELBY,house,11,mail,6,7
SHELBY,house,11,mail,7,4
SHELBY,house,11,mail,8,8
SHELBY,house,11,mail,10,7
SHELBY,house,11,mail,11,17
SHELBY,house,11,mail,12,17
SHELBY,house,11,mail,13,29
SHELBY,house,11,mail,15,24
SHELBY,house,11,mail,18,23
SHELBY,house,11,mail,19,25
SHELBY,house,11,mail,20,25
SHELBY,house,11,mail,21,11
SHELBY,senate,3,inperson,4,389
SHELBY,senate,3,inperson,5,238
SHELBY,senate,3,inperson,6,195
SHELBY,senate,3,inperson,7,228
SHELBY,senate,3,inperson,8,307
SHELBY,senate,3,inperson,9,147
SHELBY,senate,3,inperson,10,129
SHELBY,senate,3,inperson,11,282
SHELBY,senate,3,inperson,12,250
SHELBY,senate,3,inperson,13,325
SHELBY,senate,3,inperson,14,303
SHELBY,senate,3,inperson,15,373
SHELBY,senate,3,mail,4,5
SHELBY,senate,3,mail,5,20
SHELBY,senate,3,mail,6,7
SHELBY,senate,3,mail,7,4
SHELBY,senate,3,mail,8,8
SHELBY,senate,3,mail,10,7
SHELBY,senate,3,mail,11,17
SHELBY,senate,3,mail,12,17
SHELBY,senate,3,mail,13,29
SHELBY,senate,3,mail,15,24
SHELBY,senate,3,mail,18,23
SHELBY,senate,3,mail,19,25
SHELBY,senate,3,mail,20,25
SHELBY,senate,3,mail,21,11
SHERMAN,house,87,inperson,4,48
SHERMAN,house,87,inperson,5,31
SHERMAN,house,87,inperson,6,20
SHERMAN,house,87,inperson,7,13
SHERMAN,house,87,inperson,8,17
SHERMAN,house,87,inperson,11,31
SHERMAN,house,87,inperson,12,45
SHERMAN,house,87,inperson,13,35
SHERMAN,house,87,inperson,14,36
SHERMAN,house,87,inperson,15,34
SHERMAN,house,87,mail,4,6
SHERMAN,house,87,mail,5,1
SHERMAN,house,87,mail,6,2
SHERMAN,house,87,mail,7,4
SHERMAN,house,87,mail,8,1
SHERMAN,house,87,mail,13,1
SHERMAN,house,87,mail,15,2
SHERMAN,house,87,mail,18,4
SHERMAN,house,87,mail,21,1
SHERMAN,house,87,mail,22,6
SHERMAN,house,87,mail,25,2
SHERMAN,house,87,mail,27,6
SHERMAN,house,87,mail,28,2
SHERMAN,senate,31,inperson,4,48
SHERMAN,senate,31,inperson,5,31
SHERMAN,senate,31,inperson,6,20
SHERMAN,senate,31,inperson,7,13
SHERMAN,senate,31,inperson,8,17
SHERMAN,senate,31,inperson,11,31
SHERMAN,senate,31,inperson,12,45
SHERMAN,senate,31,inperson,13,35
SHERMAN,senate,31,inperson,14,36
SHERMAN,senate,31,inperson,15,34
SHERMAN,senate,31,mail,4,6
SHERMAN,senate,31,mail,5,1
SHERMAN,senate,31,mail,6,2
SHERMAN,senate,31,mail,7,4
SHERMAN,senate,31,mail,8,1
SHERMAN,senate,31,mail,13,1
SHERMAN,senate,31,mail,15,2
SHERMAN,senate,31,mail,18,4
SHERMAN,senate,31,mail,21,1
SHERMAN,senate,31,mail,22,6
SHERMAN,senate,31,mail,25,2
SHERMAN,senate,31,mail,27,6
SHERMAN,senate,31,mail,28,2
SMITH,house,5,inperson,4,1073
SMITH,house,5,inperson,5,886
SMITH,house,5,inperson,6,735
SMITH,house,5,inperson,7,790
SMITH,house,5,inperson,8,813
SMITH,house,5,inperson,9,237
SMITH,house,5,inperson,10,572
SMITH,house,5,inperson,11,772
SMITH,house,5,inperson,12,911
SMITH,house,5,inperson,13,1012
SMITH,house,5,inperson,14,1084
SMITH,house,5,inperson,15,1127
SMITH,house,5,inperson,37,5
SMITH,house,5,mail,4,10
SMITH,house,5,mail,5,4
SMITH,house,5,mail,6,9
SMITH,house,5,mail,7,24
SMITH,house,5,mail,8,1
SMITH,house,5,mail,9,1
SMITH,house,5,mail,10,37
SMITH,house,5,mail,11,29
SMITH,house,5,mail,12,24
SMITH,house,5,mail,13,7
SMITH,house,5,mail,14,52
SMITH,house,5,mail,15,7
SMITH,house,5,mail,18,17
SMITH,house,5,mail,19,24
SMITH,house,5,mail,21,42
SMITH,house,5,mail,22,26
SMITH,house,5,mail,25,56
SMITH,house,5,mail,26,5
SMITH,house,5,mail,27,47
SMITH,house,5,mail,37,2
SMITH,house,6,inperson,4,4388
SMITH,house,6,inperson,5,3493
SMITH,house,6,inperson,6,3163
SMITH,house,6,inperson,7,3186
SMITH,house,6,inperson,8,3225
SMITH,house,6,inperson,9,957
SMITH,house,6,inperson,10,2447
SMITH,house,6,inperson,11,3008
SMITH,house,6,inperson,12,3556
SMITH,house,6,inperson,13,3850
SMITH,house,6,inperson,14,3976
SMITH,house,6,inperson,15,3963
SMITH,house,6,inperson,37,2
SMITH,house,6,mail,4,81
SMITH,house,6,mail,5,14
SMITH,house,6,mail,6,49
SMITH,house,6,mail,7,112
SMITH,house,6,mail,8,10
SMITH,house,6,mail,10,185
SMITH,house,6,mail,11,96
SMITH,house,6,mail,12,143
SMITH,house,6,mail,13,31
SMITH,house,6,mail,14,213
SMITH,house,6,mail,15,71
SMITH,house,6,mail,18,101
SMITH,house,6,mail,19,101
SMITH,house,6,mail,20,7
SMITH,house,6,mail,21,198
SMITH,house,6,mail,22,138
SMITH,house,6,mail,25,194
SMITH,house,6,mail,26,49
SMITH,house,6,mail,27,180
SMITH,house,6,mail,28,1
SMITH,house,6,mail,32,7
SMITH,house,6,mail,33,2
SMITH,house,6,mail,34,1
SMITH,house,6,mail,36,1
SMITH,house,6,mail,37,2
SMITH,senate,1,inperson,4,5461
SMITH,senate,1,inperson,5,4379
SMITH,senate,1,inperson,6,3898
SMITH,senate,1,inperson,7,3976
SMITH,senate,1,inperson,8,4038
SMITH,senate,1,inperson,9,1194
SMITH,senate,1,inperson,10,3019
SMITH,senate,1,inperson,11,3780
SMITH,senate,1,inperson,12,4467
SMITH,senate,1,inperson,13,4862
SMITH,senate,1,inperson,14,5060
SMITH,senate,1,inperson,15,5090
SMITH,senate,1,inperson,37,7
SMITH,senate,1,mail,4,91
SMITH,senate,1,mail,5,18
SMITH,senate,1,mail,6,58
SMITH,senate,1,mail,7,136
SMITH,senate,1,mail,8,11
SMITH,senate,1,mail,9,1
SMITH,senate,1,mail,10,222
SMITH,senate,1,mail,11,125
SMITH,senate,1,mail,12,167
SMITH,senate,1,mail,13,38
SMITH,senate,1,mail,14,265
SMITH,senate,1,mail,15,78
SMITH,senate,1,mail,18,118
SMITH,senate,1,mail,19,125
SMITH,senate,1,mail,20,7
SMITH,senate,1,mail,21,240
SMITH,senate,1,mail,22,164
SMITH,senate,1,mail,25,250
SMITH,senate,1,mail,26,54
SMITH,senate,1,mail,27,227
SMITH,senate,1,mail,28,1
SMITH,senate,1,mail,32,7
SMITH,senate,1,mail,33,2
SMITH,senate,1,mail,34,1
SMITH,senate,1,mail,36,1
SMITH,senate,1,mail,37,4
SOMERVELL,house,58,inperson,4,341
SOMERVELL,house,58,inperson,5,243
SOMERVELL,house,58,inperson,6,200
SOMERVELL,house,58,inperson,7,213
SOMERVELL,house,58,inperson,8,215
SOMERVELL,house,58,inperson,10,119
SOMERVELL,house,58,inperson,11,244
SOMERVELL,house,58,inperson,12,233
SOMERVELL,house,58,inperson,13,236
SOMERVELL,house,58,inperson,14,290
SOMERVELL,house,58,inperson,15,246
SOMERVELL,house,58,mail,5,10
SOMERVELL,house,58,mail,8,6
SOMERVELL,house,58,mail,11,3
SOMERVELL,house,58,mail,12,12
SOMERVELL,house,58,mail,13,9
SOMERVELL,house,58,mail,15,12
SOMERVELL,house,58,mail,19,6
SOMERVELL,house,58,mail,20,2
SOMERVELL,senate,22,inperson,4,341
SOMERVELL,senate,22,inperson,5,243
SOMERVELL,senate,22,inperson,6,200
SOMERVELL,senate,22,inperson,7,213
SOMERVELL,senate,22,inperson,8,215
SOMERVELL,senate,22,inperson,10,119
SOMERVELL,senate,22,inperson,11,244
SOMERVELL,senate,22,inperson,12,233
SOMERVELL,senate,22,inperson,13,236
SOMERVELL,senate,22,inperson,14,290
SOMERVELL,senate,22,inperson,15,246
SOMERVELL,senate,22,mail,5,10
SOMERVELL,senate,22,mail,8,6
SOMERVELL,senate,22,mail,11,3
SOMERVELL,senate,22,mail,12,12
SOMERVELL,senate,22,mail,13,9
SOMERVELL,senate,22,mail,15,12
SOMERVELL,senate,22,mail,19,6
SOMERVELL,senate,22,mail,20,2
STARR,house,31,inperson,4,1348
STARR,house,31,inperson,5,775
STARR,house,31,inperson,6,639
STARR,house,31,inperson,7,564
STARR,house,31,inperson,8,594
STARR,house,31,inperson,9,107
STARR,house,31,inperson,10,261
STARR,house,31,inperson,11,916
STARR,house,31,inperson,12,792
STARR,house,31,inperson,13,832
STARR,house,31,inperson,14,905
STARR,house,31,inperson,15,959
STARR,house,31,mail,4,16
STARR,house,31,mail,5,5
STARR,house,31,mail,6,22
STARR,house,31,mail,7,19
STARR,house,31,mail,8,31
STARR,house,31,mail,11,19
STARR,house,31,mail,12,28
STARR,house,31,mail,13,30
STARR,house,31,mail,14,33
STARR,house,31,mail,15,64
STARR,house,31,mail,18,36
STARR,house,31,mail,19,32
STARR,house,31,mail,20,45
STARR,house,31,mail,21,29
STARR,house,31,mail,22,20
STARR,house,31,mail,25,1
STARR,senate,21,inperson,4,1348
STARR,senate,21,inperson,5,775
STARR,senate,21,inperson,6,639
STARR,senate,21,inperson,7,564
STARR,senate,21,inperson,8,594
STARR,senate,21,inperson,9,107
STARR,senate,21,inperson,10,261
STARR,senate,21,inperson,11,916
STARR,senate,21,inperson,12,792
STARR,senate,21,inperson,13,832
STARR,senate,21,inperson,14,905
STARR,senate,21,inperson,15,959
STARR,senate,21,mail,4,16
STARR,senate,21,mail,5,5
STARR,senate,21,mail,6,22
STARR,senate,21,mail,7,19
STARR,senate,21,mail,8,31
STARR,senate,21,mail,11,19
STARR,senate,21,mail,12,28
STARR,senate,21,mail,13,30
STARR,senate,21,mail,14,33
STARR,senate,21,mail,15,64
STARR,senate,21,mail,18,36
STARR,senate,21,mail,19,32
STARR,senate,21,mail,20,45
STARR,senate,21,mail,21,29
STARR,senate,21,mail,22,20
STARR,senate,21,mail,25,1
STEPHENS,house,60,inperson,4,180
STEPHENS,house,60,inperson,5,141
STEPHENS,house,60,inperson,6,125
STEPHENS,house,60,inperson,7,119
STEPHENS,house,60,inperson,8,138
STEPHENS,house,60,inperson,11,135
STEPHENS,house,60,inperson,12,154
STEPHENS,house,60,inperson,13,145
STEPHENS,house,60,inperson,14,199
STEPHENS,house,60,inperson,15,172
STEPHENS,house,60,mail,4,3
STEPHENS,house,60,mail,5,4
STEPHENS,house,60,mail,7,10
STEPHENS,house,60,mail,8,9
STEPHENS,house,60,mail,11,7
STEPHENS,house,60,mail,12,8
STEPHENS,house,60,mail,13,18
STEPHENS,house,60,mail,14,7
STEPHENS,house,60,mail,15,11
STEPHENS,house,60,mail,18,14
STEPHENS,house,60,mail,19,8
STEPHENS,house,60,mail,20,16
STEPHENS,house,60,mail,21,15
STEPHENS,house,60,mail,22,2
STEPHENS,senate,10,inperson,4,180
STEPHENS,senate,10,inperson,5,141
STEPHENS,senate,10,inperson,6,125
STEPHENS,senate,10,inperson,7,119
STEPHENS,senate,10,inperson,8,138
STEPHENS,senate,10,inperson,11,135
STEPHENS,senate,10,inperson,12,154
STEPHENS,senate,10,inperson,13,145
STEPHENS,senate,10,inperson,14,199
STEPHENS,senate,10,inperson,15,172
STEPHENS,senate,10,mail,4,3
STEPHENS,senate,10,mail,5,4
STEPHENS,senate,10,mail,7,10
STEPHENS,senate,10,mail,8,9
STEPHENS,senate,10,mail,11,7
STEPHENS,senate,10,mail,12,8
STEPHENS,senate,10,mail,13,18
STEPHENS,senate,10,mail,14,7
STEPHENS,senate,10,mail,15,11
STEPHENS,senate,10,mail,18,14
STEPHENS,senate,10,mail,19,8
STEPHENS,senate,10,mail,20,16
STEPHENS,senate,10,mail,21,15
STEPHENS,senate,10,mail,22,2
STERLING,house,72,inperson,4,34
STERLING,house,72,inperson,5,35
STERLING,house,72,inperson,6,28
STERLING,house,72,inperson,7,20
STERLING,house,72,inperson,8,25
STERLING,house,72,inperson,11,14
STERLING,house,72,inperson,12,14
STERLING,house,72,inperson,13,23
STERLING,house,72,inperson,14,26
STERLING,house,72,inperson,15,18
STERLING,house,72,mail,4,2
STERLING,house,72,mail,6,2
STERLING,house,72,mail,8,5
STERLING,house,72,mail,11,2
STERLING,senate,31,inperson,4,34
STERLING,senate,31,inperson,5,35
STERLING,senate,31,inperson,6,28
STERLING,senate,31,inperson,7,20
STERLING,senate,31,inperson,8,25
STERLING,senate,31,inperson,11,14
STERLING,senate,31,inperson,12,14
STERLING,senate,31,inperson,13,23
STERLING,senate,31,inperson,14,26
STERLING,senate,31,inperson,15,18
STERLING,senate,31,mail,4,2
STERLING,senate,31,mail,6,2
STERLING,senate,31,mail,8,5
STERLING,senate,31,mail,11,2
STONEWALL,house,69,inperson,4,39
STONEWALL,house,69,inperson,5,17
STONEWALL,house,69,inperson,6,23
STONEWALL,house,69,inperson,7,21
STONEWALL,house,69,inperson,8,17
STONEWALL,house,69,inperson,11,17
STONEWALL,house,69,inperson,12,27
STONEWALL,house,69,inperson,13,21
STONEWALL,house,69,inperson,14,31
STONEWALL,house,69,inperson,15,51
STONEWALL,house,69,mail,4,1
STONEWALL,house,69,mail,5,5
STONEWALL,house,69,mail,8,2
STONEWALL,house,69,mail,13,2
STONEWALL,house,69,mail,14,2
STONEWALL,house,69,mail,18,5
STONEWALL,house,69,mail,19,5
STONEWALL,house,69,mail,21,2
STONEWALL,house,69,mail,22,5
STONEWALL,senate,28,inperson,4,39
STONEWALL,senate,28,inperson,5,17
STONEWALL,senate,28,inperson,6,23
STONEWALL,senate,28,inperson,7,21
STONEWALL,senate,28,inperson,8,17
STONEWALL,senate,28,inperson,11,17
STONEWALL,senate,28,inperson,12,27
STONEWALL,senate,28,inperson,13,21
STONEWALL,senate,28,inperson,14,31
STONEWALL,senate,28,inperson,15,51
STONEWALL,senate,28,mail,4,1
STONEWALL,senate,28,mail,5,5
STONEWALL,senate,28,mail,8,2
STONEWALL,senate,28,mail,13,2
STONEWALL,senate,28,mail,14,2
STONEWALL,senate,28,mail,18,5
STONEWALL,senate,28,mail,19,5
STONEWALL,senate,28,mail,21,2
STONEWALL,senate,28,mail,22,5
SUTTON,house,53,inperson,4,76
SUTTON,house,53,inperson,5,53
SUTTON,house,53,inperson,6,64
SUTTON,house,53,inperson,7,68
SUTTON,house,53,inperson,8,75
SUTTON,house,53,inperson,11,84
SUTTON,house,53,inperson,12,79
SUTTON,house,53,inperson,13,88
SUTTON,house,53,inperson,14,120
SUTTON,house,53,inperson,15,121
SUTTON,house,53,mail,4,5
SUTTON,house,53,mail,8,3
SUTTON,house,53,mail,11,5
SUTTON,house,53,mail,14,2
SUTTON,house,53,mail,15,6
SUTTON,house,53,mail,18,2
SUTTON,house,53,mail,19,4
SUTTON,house,53,mail,22,1
SUTTON,senate,24,inperson,4,76
SUTTON,senate,24,inperson,5,53
SUTTON,senate,24,inperson,6,64
SUTTON,senate,24,inperson,7,68
SUTTON,senate,24,inperson,8,75
SUTTON,senate,24,inperson,11,84
SUTTON,senate,24,inperson,12,79
SUTTON,senate,24,inperson,13,88
SUTTON,senate,24,inperson,14,120
SUTTON,senate,24,inperson,15,121
SUTTON,senate,24,mail,4,5
SUTTON,senate,24,mail,8,3
SUTTON,senate,24,mail,11,5
SUTTON,senate,24,mail,14,2
SUTTON,senate,24,mail,15,6
SUTTON,senate,24,mail,18,2
SUTTON,senate,24,mail,19,4
SUTTON,senate,24,mail,22,1
SWISHER,house,88,inperson,4,102
SWISHER,house,88,inperson,5,48
SWISHER,house,88,inperson,6,70
SWISHER,house,88,inperson,7,74
SWISHER,house,88,inperson,8,77
SWISHER,house,88,inperson,11,90
SWISHER,house,88,inperson,12,80
SWISHER,house,88,inperson,13,84
SWISHER,house,88,inperson,14,93
SWISHER,house,88,inperson,15,53
SWISHER,house,88,mail,5,3
SWISHER,house,88,mail,6,4
SWISHER,house,88,mail,8,4
SWISHER,house,88,mail,11,4
SWISHER,house,88,mail,12,5
SWISHER,house,88,mail,13,7
SWISHER,house,88,mail,14,5
SWISHER,house,88,mail,15,6
SWISHER,house,88,mail,18,2
SWISHER,house,88,mail,19,2
SWISHER,house,88,mail,20,2
SWISHER,house,88,mail,21,2
SWISHER,house,88,mail,22,6
SWISHER,house,88,mail,25,7
SWISHER,house,88,mail,26,3
SWISHER,house,88,mail,27,10
SWISHER,house,88,mail,28,6
SWISHER,house,88,mail,33,1
SWISHER,house,88,mail,34,7
SWISHER,house,88,mail,35,1
SWISHER,house,88,mail,36,8
SWISHER,house,88,mail,37,26
SWISHER,senate,31,inperson,4,102
SWISHER,senate,31,inperson,5,48
SWISHER,senate,31,inperson,6,70
SWISHER,senate,31,inperson,7,74
SWISHER,senate,31,inperson,8,77
SWISHER,senate,31,inperson,11,90
SWISHER,senate,31,inperson,12,80
SWISHER,senate,31,inperson,13,84
SWISHER,senate,31,inperson,14,93
SWISHER,senate,31,inperson,15,53
SWISHER,senate,31,mail,5,3
SWISHER,senate,31,mail,6,4
SWISHER,senate,31,mail,8,4
SWISHER,senate,31,mail,11,4
SWISHER,senate,31,mail,12,5
SWISHER,senate,31,mail,13,7
SWISHER,senate,31,mail,14,5
SWISHER,senate,31,mail,15,6
SWISHER,senate,31,mail,18,2
SWISHER,senate,31,mail,19,2
SWISHER,senate,31,mail,20,2
SWISHER,senate,31,mail,21,2
SWISHER,senate,31,mail,22,6
SWISHER,senate,31,mail,25,7
SWISHER,senate,31,mail,26,3
SWISHER,senate,31,mail,27,10
SWISHER,senate,31,mail,28,6
SWISHER,senate,31,mail,33,1
SWISHER,senate,31,mail,34,7
SWISHER,senate,31,mail,35,1
SWISHER,senate,31,mail,36,8
SWISHER,senate,31,mail,37,26
TARRANT,house,101,inperson,4,4418
TARRANT,house,101,inperson,5,3183
TARRANT,house,101,inperson,6,2640
TARRANT,house,101,inperson,7,2489
TARRANT,house,101,inperson,8,2559
TARRANT,house,101,inperson,9,1095
TARRANT,house,101,inperson,10,2612
TARRANT,house,101,inperson,11,1908
TARRANT,house,101,inperson,12,2031
TARRANT,house,101,inperson,13,2048
TARRANT,house,101,inperson,14,2202
TARRANT,house,101,inperson,15,1835
TARRANT,house,101,mail,4,88
TARRANT,house,101,mail,5,23
TARRANT,house,101,mail,6,25
TARRANT,house,101,mail,7,6
TARRANT,house,101,mail,8,53
TARRANT,house,101,mail,10,79
TARRANT,house,101,mail,11,61
TARRANT,house,101,mail,12,60
TARRANT,house,101,mail,13,40
TARRANT,house,101,mail,14,4
TARRANT,house,101,mail,15,151
TARRANT,house,101,mail,18,52
TARRANT,house,101,mail,19,65
TARRANT,house,101,mail,20,67
TARRANT,house,101,mail,21,49
TARRANT,house,101,mail,22,118
TARRANT,house,101,mail,25,40
TARRANT,house,101,mail,26,4
TARRANT,house,101,mail,28,1
TARRANT,house,101,mail,32,1
TARRANT,house,101,mail,34,1
TARRANT,house,90,inperson,4,3011
TARRANT,house,90,inperson,5,2209
TARRANT,house,90,inperson,6,1704
TARRANT,house,90,inperson,7,1567
TARRANT,house,90,inperson,8,1566
TARRANT,house,90,inperson,9,521
TARRANT,house,90,inperson,10,1394
TARRANT,house,90,inperson,11,1319
TARRANT,house,90,inperson,12,1432
TARRANT,house,90,inperson,13,1465
TARRANT,house,90,inperson,14,1489
TARRANT,house,90,inperson,15,1256
TARRANT,house,90,mail,4,63
TARRANT,house,90,mail,5,51
TARRANT,house,90,mail,6,43
TARRANT,house,90,mail,7,10
TARRANT,house,90,mail,8,60
TARRANT,house,90,mail,10,61
TARRANT,house,90,mail,11,60
TARRANT,house,90,mail,12,88
TARRANT,house,90,mail,13,71
TARRANT,house,90,mail,14,4
TARRANT,house,90,mail,15,184
TARRANT,house,90,mail,18,69
TARRANT,house,90,mail,19,71
TARRANT,house,90,mail,20,92
TARRANT,house,90,mail,21,34
TARRANT,house,90,mail,22,223
TARRANT,house,90,mail,25,106
TARRANT,house,90,mail,26,8
TARRANT,house,90,mail,27,1
TARRANT,house,90,mail,28,1
TARRANT,house,90,mail,33,2
TARRANT,house,90,mail,34,2
TARRANT,house,90,mail,35,1
TARRANT,house,91,inperson,4,4563
TARRANT,house,91,inperson,5,3582
TARRANT,house,91,inperson,6,3122
TARRANT,house,91,inperson,7,2952
TARRANT,house,91,inperson,8,3056
TARRANT,house,91,inperson,9,925
TARRANT,house,91,inperson,10,2941
TARRANT,house,91,inperson,11,2657
TARRANT,house,91,inperson,12,2979
TARRANT,house,91,inperson,13,3167
TARRANT,house,91,inperson,14,3529
TARRANT,house,91,inperson,15,2953
TARRANT,house,91,mail,4,81
TARRANT,house,91,mail,5,37
TARRANT,house,91,mail,6,51
TARRANT,house,91,mail,7,31
TARRANT,house,91,mail,8,70
TARRANT,house,91,mail,10,58
TARRANT,house,91,mail,11,86
TARRANT,house,91,mail,12,106
TARRANT,house,91,mail,13,60
TARRANT,house,91,mail,14,5
TARRANT,house,91,mail,15,142
TARRANT,house,91,mail,18,90
TARRANT,house,91,mail,19,93
TARRANT,house,91,mail,20,127
TARRANT,house,91,mail,21,33
TARRANT,house,91,mail,22,138
TARRANT,house,91,mail,25,70
TARRANT,house,91,mail,26,3
TARRANT,house,91,mail,28,5
TARRANT,house,91,mail,32,3
TARRANT,house,91,mail,33,1
TARRANT,house,91,mail,34,5
TARRANT,house,91,mail,37,2
TARRANT,house,92,inperson,4,3186
TARRANT,house,92,inperson,5,2352
TARRANT,house,92,inperson,6,1923
TARRANT,house,92,inperson,7,1919
TARRANT,house,92,inperson,8,1973
TARRANT,house,92,inperson,9,721
TARRANT,house,92,inperson,10,1958
TARRANT,house,92,inperson,11,1683
TARRANT,house,92,inperson,12,1750
TARRANT,house,92,inperson,13,1973
TARRANT,house,92,inperson,14,2068
TARRANT,house,92,inperson,15,1730
TARRANT,house,92,mail,4,66
TARRANT,house,92,mail,5,40
TARRANT,house,92,mail,6,25
TARRANT,house,92,mail,7,3
TARRANT,house,92,mail,8,54
TARRANT,house,92,mail,10,51
TARRANT,house,92,mail,11,62
TARRANT,house,92,mail,12,72
TARRANT,house,92,mail,13,56
TARRANT,house,92,mail,14,3
TARRANT,house,92,mail,15,105
TARRANT,house,92,mail,18,45
TARRANT,house,92,mail,19,71
TARRANT,house,92,mail,20,80
TARRANT,house,92,mail,21,22
TARRANT,house,92,mail,22,101
TARRANT,house,92,mail,25,54
TARRANT,house,92,mail,26,4
TARRANT,house,92,mail,28,1
TARRANT,house,92,mail,32,1
TARRANT,house,92,mail,33,1
TARRANT,house,92,mail,34,1
TARRANT,house,93,inperson,4,5696
TARRANT,house,93,inperson,5,4090
TARRANT,house,93,inperson,6,3269
TARRANT,house,93,inperson,7,3147
TARRANT,house,93,inperson,8,3367
TARRANT,house,93,inperson,9,1239
TARRANT,house,93,inperson,10,3209
TARRANT,house,93,inperson,11,3110
TARRANT,house,93,inperson,12,2865
TARRANT,house,93,inperson,13,3068
TARRANT,house,93,inperson,14,3165
TARRANT,house,93,inperson,15,2581
TARRANT,house,93,mail,4,64
TARRANT,house,93,mail,5,46
TARRANT,house,93,mail,6,52
TARRANT,house,93,mail,7,18
TARRANT,house,93,mail,8,85
TARRANT,house,93,mail,10,64
TARRANT,house,93,mail,11,87
TARRANT,house,93,mail,12,101
TARRANT,house,93,mail,13,67
TARRANT,house,93,mail,14,8
TARRANT,house,93,mail,15,144
TARRANT,house,93,mail,18,97
TARRANT,house,93,mail,19,92
TARRANT,house,93,mail,20,120
TARRANT,house,93,mail,21,48
TARRANT,house,93,mail,22,201
TARRANT,house,93,mail,25,77
TARRANT,house,93,mail,26,3
TARRANT,house,93,mail,28,4
TARRANT,house,93,mail,32,1
TARRANT,house,93,mail,33,3
TARRANT,house,93,mail,34,1
TARRANT,house,93,mail,37,2
TARRANT,house,94,inperson,4,5104
TARRANT,house,94,inperson,5,4194
TARRANT,house,94,inperson,6,3583
TARRANT,house,94,inperson,7,3485
TARRANT,house,94,inperson,8,3476
TARRANT,house,94,inperson,9,1152
TARRANT,house,94,inperson,10,3358
TARRANT,house,94,inperson,11,3283
TARRANT,house,94,inperson,12,3866
TARRANT,house,94,inperson,13,3834
TARRANT,house,94,inperson,14,4048
TARRANT,house,94,inperson,15,3402
TARRANT,house,94,mail,4,150
TARRANT,house,94,mail,5,119
TARRANT,house,94,mail,6,111
TARRANT,house,94,mail,7,12
TARRANT,house,94,mail,8,127
TARRANT,house,94,mail,10,123
TARRANT,house,94,mail,11,209
TARRANT,house,94,mail,12,192
TARRANT,house,94,mail,13,171
TARRANT,house,94,mail,14,15
TARRANT,house,94,mail,15,311
TARRANT,house,94,mail,18,137
TARRANT,house,94,mail,19,224
TARRANT,house,94,mail,20,223
TARRANT,house,94,mail,21,93
TARRANT,house,94,mail,22,339
TARRANT,house,94,mail,25,162
TARRANT,house,94,mail,26,9
TARRANT,house,94,mail,27,1
TARRANT,house,94,mail,28,2
TARRANT,house,94,mail,33,1
TARRANT,house,94,mail,35,1
TARRANT,house,94,mail,37,1
TARRANT,house,95,inperson,4,3270
TARRANT,house,95,inperson,5,2639
TARRANT,house,95,inperson,6,2067
TARRANT,house,95,inperson,7,2088
TARRANT,house,95,inperson,8,2088
TARRANT,house,95,inperson,9,673
TARRANT,house,95,inperson,10,1635
TARRANT,house,95,inperson,11,1394
TARRANT,house,95,inperson,12,1877
TARRANT,house,95,inperson,13,1971
TARRANT,house,95,inperson,14,2148
TARRANT,house,95,inperson,15,1582
TARRANT,house,95,mail,4,78
TARRANT,house,95,mail,5,61
TARRANT,house,95,mail,6,58
TARRANT,house,95,mail,7,8
TARRANT,house,95,mail,8,78
TARRANT,house,95,mail,10,89
TARRANT,house,95,mail,11,100
TARRANT,house,95,mail,12,152
TARRANT,house,95,mail,13,97
TARRANT,house,95,mail,14,3
TARRANT,house,95,mail,15,208
TARRANT,house,95,mail,18,107
TARRANT,house,95,mail,19,125
TARRANT,house,95,mail,20,126
TARRANT,house,95,mail,21,54
TARRANT,house,95,mail,22,292
TARRANT,house,95,mail,25,140
TARRANT,house,95,mail,26,12
TARRANT,house,95,mail,27,1
TARRANT,house,95,mail,32,1
TARRANT,house,95,mail,33,2
TARRANT,house,95,mail,37,3
TARRANT,house,96,inperson,4,5574
TARRANT,house,96,inperson,5,4297
TARRANT,house,96,inperson,6,3652
TARRANT,house,96,inperson,7,3678
TARRANT,house,96,inperson,8,3580
TARRANT,house,96,inperson,9,1281
TARRANT,house,96,inperson,10,3150
TARRANT,house,96,inperson,11,3255
TARRANT,house,96,inperson,12,3279
TARRANT,house,96,inperson,13,3693
TARRANT,house,96,inperson,14,3715
TARRANT,house,96,inperson,15,3117
TARRANT,house,96,mail,4,107
TARRANT,house,96,mail,5,90
TARRANT,house,96,mail,6,114
TARRANT,house,96,mail,7,13
TARRANT,house,96,mail,8,125
TARRANT,house,96,mail,10,113
TARRANT,house,96,mail,11,181
TARRANT,house,96,mail,12,197
TARRANT,house,96,mail,13,119
TARRANT,house,96,mail,14,11
TARRANT,house,96,mail,15,275
TARRANT,house,96,mail,18,122
TARRANT,house,96,mail,19,214
TARRANT,house,96,mail,20,228
TARRANT,house,96,mail,21,114
TARRANT,house,96,mail,22,378
TARRANT,house,96,mail,25,139
TARRANT,house,96,mail,26,3
TARRANT,house,96,mail,27,1
TARRANT,house,96,mail,28,5
TARRANT,house,96,mail,32,1
TARRANT,house,96,mail,33,4
TARRANT,house,96,mail,34,2
TARRANT,house,96,mail,35,1
TARRANT,house,96,mail,36,1
TARRANT,house,97,inperson,4,5694
TARRANT,house,97,inperson,5,4334
TARRANT,house,97,inperson,6,3560
TARRANT,house,97,inperson,7,3570
TARRANT,house,97,inperson,8,3607
TARRANT,house,97,inperson,9,1185
TARRANT,house,97,inperson,10,2894
TARRANT,house,97,inperson,11,3485
TARRANT,house,97,inperson,12,3335
TARRANT,house,97,inperson,13,3590
TARRANT,house,97,inperson,14,3938
TARRANT,house,97,inperson,15,3294
TARRANT,house,97,mail,4,232
TARRANT,house,97,mail,5,117
TARRANT,house,97,mail,6,54
TARRANT,house,97,mail,7,14
TARRANT,house,97,mail,8,126
TARRANT,house,97,mail,10,130
TARRANT,house,97,mail,11,175
TARRANT,house,97,mail,12,245
TARRANT,house,97,mail,13,158
TARRANT,house,97,mail,14,22
TARRANT,house,97,mail,15,310
TARRANT,house,97,mail,18,123
TARRANT,house,97,mail,19,200
TARRANT,house,97,mail,20,249
TARRANT,house,97,mail,21,71
TARRANT,house,97,mail,22,390
TARRANT,house,97,mail,25,185
TARRANT,house,97,mail,26,12
TARRANT,house,97,mail,27,2
TARRANT,house,97,mail,28,5
TARRANT,house,97,mail,32,4
TARRANT,house,97,mail,34,1
TARRANT,house,97,mail,36,1
TARRANT,house,98,inperson,4,7179
TARRANT,house,98,inperson,5,5535
TARRANT,house,98,inperson,6,4716
TARRANT,house,98,inperson,7,4710
TARRANT,house,98,inperson,8,4788
TARRANT,house,98,inperson,9,1814
TARRANT,house,98,inperson,10,4607
TARRANT,house,98,inperson,11,4873
TARRANT,house,98,inperson,12,4775
TARRANT,house,98,inperson,13,5119
TARRANT,house,98,inperson,14,5284
TARRANT,house,98,inperson,15,4760
TARRANT,house,98,mail,4,128
TARRANT,house,98,mail,5,114
TARRANT,house,98,mail,6,86
TARRANT,house,98,mail,7,23
TARRANT,house,98,mail,8,138
TARRANT,house,98,mail,10,99
TARRANT,house,98,mail,11,148
TARRANT,house,98,mail,12,150
TARRANT,house,98,mail,13,109
TARRANT,house,98,mail,14,14
TARRANT,house,98,mail,15,246
TARRANT,house,98,mail,18,124
TARRANT,house,98,mail,19,149
TARRANT,house,98,mail,20,176
TARRANT,house,98,mail,21,33
TARRANT,house,98,mail,22,316
TARRANT,house,98,mail,25,108
TARRANT,house,98,mail,26,5
TARRANT,house,98,mail,27,2
TARRANT,house,98,mail,28,8
TARRANT,house,98,mail,32,5
TARRANT,house,98,mail,33,1
TARRANT,house,98,mail,34,4
TARRANT,house,98,mail,36,3
TARRANT,house,98,mail,37,2
TARRANT,house,99,inperson,4,4854
TARRANT,house,99,inperson,5,3670
TARRANT,house,99,inperson,6,2943
TARRANT,house,99,inperson,7,2911
TARRANT,house,99,inperson,8,2837
TARRANT,house,99,inperson,9,950
TARRANT,house,99,inperson,10,2304
TARRANT,house,99,inperson,11,2697
TARRANT,house,99,inperson,12,2847
TARRANT,house,99,inperson,13,2935
TARRANT,house,99,inperson,14,3154
TARRANT,house,99,inperson,15,2687
TARRANT,house,99,mail,4,127
TARRANT,house,99,mail,5,76
TARRANT,house,99,mail,6,88
TARRANT,house,99,mail,7,10
TARRANT,house,99,mail,8,102
TARRANT,house,99,mail,10,105
TARRANT,house,99,mail,11,142
TARRANT,house,99,mail,12,152
TARRANT,house,99,mail,13,152
TARRANT,house,99,mail,14,19
TARRANT,house,99,mail,15,270
TARRANT,house,99,mail,18,128
TARRANT,house,99,mail,19,156
TARRANT,house,99,mail,20,213
TARRANT,house,99,mail,21,55
TARRANT,house,99,mail,22,321
TARRANT,house,99,mail,25,174
TARRANT,house,99,mail,26,5
TARRANT,house,99,mail,27,5
TARRANT,house,99,mail,28,4
TARRANT,house,99,mail,32,2
TARRANT,house,99,mail,33,4
TARRANT,house,99,mail,34,1
TARRANT,house,99,mail,37,4
TARRANT,senate,10,inperson,4,13503
TARRANT,senate,10,inperson,5,10727
TARRANT,senate,10,inperson,6,8942
TARRANT,senate,10,inperson,7,8768
TARRANT,senate,10,inperson,8,8730
TARRANT,senate,10,inperson,9,2853
TARRANT,senate,10,inperson,10,7230
TARRANT,senate,10,inperson,11,7450
TARRANT,senate,10,inperson,12,8299
TARRANT,senate,10,inperson,13,8656
TARRANT,senate,10,inperson,14,9050
TARRANT,senate,10,inperson,15,7494
TARRANT,senate,10,mail,4,420
TARRANT,senate,10,mail,5,312
TARRANT,senate,10,mail,6,264
TARRANT,senate,10,mail,7,31
TARRANT,senate,10,mail,8,338
TARRANT,senate,10,mail,10,348
TARRANT,senate,10,mail,11,503
TARRANT,senate,10,mail,12,625
TARRANT,senate,10,mail,13,458
TARRANT,senate,10,mail,14,42
TARRANT,senate,10,mail,15,886
TARRANT,senate,10,mail,18,397
TARRANT,senate,10,mail,19,584
TARRANT,senate,10,mail,20,655
TARRANT,senate,10,mail,21,255
TARRANT,senate,10,mail,22,1203
TARRANT,senate,10,mail,25,523
TARRANT,senate,10,mail,26,27
TARRANT,senate,10,mail,27,3
TARRANT,senate,10,mail,28,3
TARRANT,senate,10,mail,32,3
TARRANT,senate,10,mail,33,6
TARRANT,senate,10,mail,34,3
TARRANT,senate,10,mail,37,2
TARRANT,senate,12,inperson,4,3754
TARRANT,senate,12,inperson,5,2893
TARRANT,senate,12,inperson,6,2465
TARRANT,senate,12,inperson,7,2600
TARRANT,senate,12,inperson,8,2613
TARRANT,senate,12,inperson,9,993
TARRANT,senate,12,inperson,10,2634
TARRANT,senate,12,inperson,11,2648
TARRANT,senate,12,inperson,12,2753
TARRANT,senate,12,inperson,13,2908
TARRANT,senate,12,inperson,14,3198
TARRANT,senate,12,inperson,15,2733
TARRANT,senate,12,mail,4,78
TARRANT,senate,12,mail,5,61
TARRANT,senate,12,mail,6,57
TARRANT,senate,12,mail,7,12
TARRANT,senate,12,mail,8,92
TARRANT,senate,12,mail,10,55
TARRANT,senate,12,mail,11,88
TARRANT,senate,12,mail,12,95
TARRANT,senate,12,mail,13,69
TARRANT,senate,12,mail,14,5
TARRANT,senate,12,mail,15,166
TARRANT,senate,12,mail,18,81
TARRANT,senate,12,mail,19,115
TARRANT,senate,12,mail,20,122
TARRANT,senate,12,mail,21,38
TARRANT,senate,12,mail,22,209
TARRANT,senate,12,mail,25,83
TARRANT,senate,12,mail,26,4
TARRANT,senate,12,mail,27,2
TARRANT,senate,12,mail,28,6
TARRANT,senate,12,mail,32,1
TARRANT,senate,12,mail,33,1
TARRANT,senate,12,mail,34,3
TARRANT,senate,12,mail,36,1
TARRANT,senate,22,inperson,4,7752
TARRANT,senate,22,inperson,5,5900
TARRANT,senate,22,inperson,6,4838
TARRANT,senate,22,inperson,7,4751
TARRANT,senate,22,inperson,8,4798
TARRANT,senate,22,inperson,9,1822
TARRANT,senate,22,inperson,10,4769
TARRANT,senate,22,inperson,11,4051
TARRANT,senate,22,inperson,12,4149
TARRANT,senate,22,inperson,13,4530
TARRANT,senate,22,inperson,14,4692
TARRANT,senate,22,inperson,15,4032
TARRANT,senate,22,mail,4,141
TARRANT,senate,22,mail,5,95
TARRANT,senate,22,mail,6,76
TARRANT,senate,22,mail,7,13
TARRANT,senate,22,mail,8,136
TARRANT,senate,22,mail,10,144
TARRANT,senate,22,mail,11,160
TARRANT,senate,22,mail,12,164
TARRANT,senate,22,mail,13,102
TARRANT,senate,22,mail,14,6
TARRANT,senate,22,mail,15,282
TARRANT,senate,22,mail,18,121
TARRANT,senate,22,mail,19,168
TARRANT,senate,22,mail,20,180
TARRANT,senate,22,mail,21,96
TARRANT,senate,22,mail,22,261
TARRANT,senate,22,mail,25,114
TARRANT,senate,22,mail,26,11
TARRANT,senate,22,mail,27,1
TARRANT,senate,22,mail,28,6
TARRANT,senate,22,mail,32,3
TARRANT,senate,22,mail,33,2
TARRANT,senate,22,mail,34,1
TARRANT,senate,22,mail,35,1
TARRANT,senate,22,mail,36,1
TARRANT,senate,23,inperson,4,2216
TARRANT,senate,23,inperson,5,1528
TARRANT,senate,23,inperson,6,1267
TARRANT,senate,23,inperson,7,1159
TARRANT,senate,23,inperson,8,1195
TARRANT,senate,23,inperson,9,556
TARRANT,senate,23,inperson,10,1221
TARRANT,senate,23,inperson,11,886
TARRANT,senate,23,inperson,12,977
TARRANT,senate,23,inperson,13,930
TARRANT,senate,23,inperson,14,1030
TARRANT,senate,23,inperson,15,765
TARRANT,senate,23,mail,4,40
TARRANT,senate,23,mail,5,4
TARRANT,senate,23,mail,6,14
TARRANT,senate,23,mail,7,1
TARRANT,senate,23,mail,8,25
TARRANT,senate,23,mail,10,27
TARRANT,senate,23,mail,11,29
TARRANT,senate,23,mail,12,32
TARRANT,senate,23,mail,13,20
TARRANT,senate,23,mail,14,3
TARRANT,senate,23,mail,15,62
TARRANT,senate,23,mail,18,17
TARRANT,senate,23,mail,19,23
TARRANT,senate,23,mail,20,33
TARRANT,senate,23,mail,21,16
TARRANT,senate,23,mail,22,57
TARRANT,senate,23,mail,25,10
TARRANT,senate,23,mail,28,1
TARRANT,senate,23,mail,34,1
TARRANT,senate,9,inperson,4,25324
TARRANT,senate,9,inperson,5,19037
TARRANT,senate,9,inperson,6,15667
TARRANT,senate,9,inperson,7,15238
TARRANT,senate,9,inperson,8,15561
TARRANT,senate,9,inperson,9,5332
TARRANT,senate,9,inperson,10,14208
TARRANT,senate,9,inperson,11,14629
TARRANT,senate,9,inperson,12,14858
TARRANT,senate,9,inperson,13,15839
TARRANT,senate,9,inperson,14,16770
TARRANT,senate,9,inperson,15,14173
TARRANT,senate,9,mail,4,505
TARRANT,senate,9,mail,5,302
TARRANT,senate,9,mail,6,296
TARRANT,senate,9,mail,7,91
TARRANT,senate,9,mail,8,427
TARRANT,senate,9,mail,10,398
TARRANT,senate,9,mail,11,531
TARRANT,senate,9,mail,12,599
TARRANT,senate,9,mail,13,451
TARRANT,senate,9,mail,14,52
TARRANT,senate,9,mail,15,950
TARRANT,senate,9,mail,18,478
TARRANT,senate,9,mail,19,570
TARRANT,senate,9,mail,20,711
TARRANT,senate,9,mail,21,201
TARRANT,senate,9,mail,22,1087
TARRANT,senate,9,mail,25,525
TARRANT,senate,9,mail,26,26
TARRANT,senate,9,mail,27,7
TARRANT,senate,9,mail,28,20
TARRANT,senate,9,mail,32,12
TARRANT,senate,9,mail,33,10
TARRANT,senate,9,mail,34,10
TARRANT,senate,9,mail,35,2
TARRANT,senate,9,mail,36,3
TARRANT,senate,9,mail,37,12
TAYLOR,house,71,inperson,4,2906
TAYLOR,house,71,inperson,5,2135
TAYLOR,house,71,inperson,6,1924
TAYLOR,house,71,inperson,7,2070
TAYLOR,house,71,inperson,8,2003
TAYLOR,house,71,inperson,9,746
TAYLOR,house,71,inperson,10,1675
TAYLOR,house,71,inperson,11,2063
TAYLOR,house,71,inperson,12,2187
TAYLOR,house,71,inperson,13,2250
TAYLOR,house,71,inperson,14,2588
TAYLOR,house,71,inperson,15,2563
TAYLOR,house,71,mail,4,65
TAYLOR,house,71,mail,5,44
TAYLOR,house,71,mail,6,33
TAYLOR,house,71,mail,7,57
TAYLOR,house,71,mail,8,32
TAYLOR,house,71,mail,10,45
TAYLOR,house,71,mail,11,53
TAYLOR,house,71,mail,12,45
TAYLOR,house,71,mail,13,51
TAYLOR,house,71,mail,14,71
TAYLOR,house,71,mail,15,30
TAYLOR,house,71,mail,17,45
TAYLOR,house,71,mail,18,40
TAYLOR,house,71,mail,19,36
TAYLOR,house,71,mail,20,50
TAYLOR,house,71,mail,21,52
TAYLOR,house,71,mail,22,28
TAYLOR,house,71,mail,23,45
TAYLOR,house,71,mail,25,44
TAYLOR,house,71,mail,26,76
TAYLOR,house,71,mail,27,56
TAYLOR,house,71,mail,28,33
TAYLOR,house,71,mail,29,25
TAYLOR,house,71,mail,32,34
TAYLOR,house,71,mail,33,54
TAYLOR,house,71,mail,34,57
TAYLOR,house,71,mail,35,107
TAYLOR,house,71,mail,36,13
TAYLOR,senate,28,inperson,4,2906
TAYLOR,senate,28,inperson,5,2135
TAYLOR,senate,28,inperson,6,1924
TAYLOR,senate,28,inperson,7,2070
TAYLOR,senate,28,inperson,8,2003
TAYLOR,senate,28,inperson,9,746
TAYLOR,senate,28,inperson,10,1675
TAYLOR,senate,28,inperson,11,2063
TAYLOR,senate,28,inperson,12,2187
TAYLOR,senate,28,inperson,13,2250
TAYLOR,senate,28,inperson,14,2588
TAYLOR,senate,28,inperson,15,2563
TAYLOR,senate,28,mail,4,65
TAYLOR,senate,28,mail,5,44
TAYLOR,senate,28,mail,6,33
TAYLOR,senate,28,mail,7,57
TAYLOR,senate,28,mail,8,32
TAYLOR,senate,28,mail,10,45
TAYLOR,senate,28,mail,11,53
TAYLOR,senate,28,mail,12,45
TAYLOR,senate,28,mail,13,51
TAYLOR,senate,28,mail,14,71
TAYLOR,senate,28,mail,15,30
TAYLOR,senate,28,mail,17,45
TAYLOR,senate,28,mail,18,40
TAYLOR,senate,28,mail,19,36
TAYLOR,senate,28,mail,20,50
TAYLOR,senate,28,mail,21,52
TAYLOR,senate,28,mail,22,28
TAYLOR,senate,28,mail,23,45
TAYLOR,senate,28,mail,25,44
TAYLOR,senate,28,mail,26,76
TAYLOR,senate,28,mail,27,56
TAYLOR,senate,28,mail,28,33
TAYLOR,senate,28,mail,29,25
TAYLOR,senate,28,mail,32,34
TAYLOR,senate,28,mail,33,54
TAYLOR,senate,28,mail,34,57
TAYLOR,senate,28,mail,35,107
TAYLOR,senate,28,mail,36,13
TERRELL,house,74,inperson,4,33
TERRELL,house,74,inperson,5,14
TERRELL,house,74,inperson,6,10
TERRELL,house,74,inperson,7,21
TERRELL,house,74,inperson,8,23
TERRELL,house,74,inperson,11,21
TERRELL,house,74,inperson,12,31
TERRELL,house,74,inperson,13,30
TERRELL,house,74,inperson,14,40
TERRELL,house,74,inperson,15,51
TERRELL,house,74,mail,4,1
TERRELL,house,74,mail,5,6
TERRELL,house,74,mail,7,2
TERRELL,house,74,mail,8,1
TERRELL,house,74,mail,14,3
TERRELL,house,74,mail,15,8
TERRELL,house,74,mail,18,5
TERRELL,house,74,mail,19,2
TERRELL,house,74,mail,21,1
TERRELL,house,74,mail,22,1
TERRELL,senate,19,inperson,4,33
TERRELL,senate,19,inperson,5,14
TERRELL,senate,19,inperson,6,10
TERRELL,senate,19,inperson,7,21
TERRELL,senate,19,inperson,8,23
TERRELL,senate,19,inperson,11,21
TERRELL,senate,19,inperson,12,31
TERRELL,senate,19,inperson,13,30
TERRELL,senate,19,inperson,14,40
TERRELL,senate,19,inperson,15,51
TERRELL,senate,19,mail,4,1
TERRELL,senate,19,mail,5,6
TERRELL,senate,19,mail,7,2
TERRELL,senate,19,mail,8,1
TERRELL,senate,19,mail,14,3
TERRELL,senate,19,mail,15,8
TERRELL,senate,19,mail,18,5
TERRELL,senate,19,mail,19,2
TERRELL,senate,19,mail,21,1
TERRELL,senate,19,mail,22,1
TERRY,house,83,inperson,4,189
TERRY,house,83,inperson,5,138
TERRY,house,83,inperson,6,87
TERRY,house,83,inperson,7,108
TERRY,house,83,inperson,8,113
TERRY,house,83,inperson,9,34
TERRY,house,83,inperson,10,39
TERRY,house,83,inperson,11,150
TERRY,house,83,inperson,12,145
TERRY,house,83,inperson,13,147
TERRY,house,83,inperson,14,186
TERRY,house,83,inperson,15,205
TERRY,house,83,mail,5,1
TERRY,house,83,mail,6,1
TERRY,house,83,mail,7,1
TERRY,house,83,mail,8,4
TERRY,house,83,mail,10,6
TERRY,house,83,mail,11,5
TERRY,house,83,mail,12,6
TERRY,house,83,mail,13,5
TERRY,house,83,mail,15,9
TERRY,house,83,mail,18,4
TERRY,house,83,mail,19,1
TERRY,house,83,mail,20,9
TERRY,house,83,mail,22,15
TERRY,house,83,mail,25,4
TERRY,house,83,mail,26,11
TERRY,house,83,mail,28,17
TERRY,house,83,mail,32,4
TERRY,senate,28,inperson,4,189
TERRY,senate,28,inperson,5,138
TERRY,senate,28,inperson,6,87
TERRY,senate,28,inperson,7,108
TERRY,senate,28,inperson,8,113
TERRY,senate,28,inperson,9,34
TERRY,senate,28,inperson,10,39
TERRY,senate,28,inperson,11,150
TERRY,senate,28,inperson,12,145
TERRY,senate,28,inperson,13,147
TERRY,senate,28,inperson,14,186
TERRY,senate,28,inperson,15,205
TERRY,senate,28,mail,5,1
TERRY,senate,28,mail,6,1
TERRY,senate,28,mail,7,1
TERRY,senate,28,mail,8,4
TERRY,senate,28,mail,10,6
TERRY,senate,28,mail,11,5
TERRY,senate,28,mail,12,6
TERRY,senate,28,mail,13,5
TERRY,senate,28,mail,15,9
TERRY,senate,28,mail,18,4
TERRY,senate,28,mail,19,1
TERRY,senate,28,mail,20,9
TERRY,senate,28,mail,22,15
TERRY,senate,28,mail,25,4
TERRY,senate,28,mail,26,11
TERRY,senate,28,mail,28,17
TERRY,senate,28,mail,32,4
THROCKMORTON,house,68,inperson,4,37
THROCKMORTON,house,68,inperson,5,16
THROCKMORTON,house,68,inperson,6,16
THROCKMORTON,house,68,inperson,7,22
THROCKMORTON,house,68,inperson,8,31
THROCKMORTON,house,68,inperson,11,19
THROCKMORTON,house,68,inperson,12,16
THROCKMORTON,house,68,inperson,13,15
THROCKMORTON,house,68,inperson,14,15
THROCKMORTON,house,68,inperson,15,27
THROCKMORTON,house,68,mail,11,2
THROCKMORTON,house,68,mail,12,1
THROCKMORTON,house,68,mail,13,1
THROCKMORTON,house,68,mail,14,2
THROCKMORTON,house,68,mail,15,2
THROCKMORTON,house,68,mail,19,2
THROCKMORTON,house,68,mail,21,1
THROCKMORTON,house,68,mail,22,3
THROCKMORTON,house,68,mail,26,3
THROCKMORTON,house,68,mail,27,3
THROCKMORTON,house,68,mail,30,2
THROCKMORTON,senate,28,inperson,4,37
THROCKMORTON,senate,28,inperson,5,16
THROCKMORTON,senate,28,inperson,6,16
THROCKMORTON,senate,28,inperson,7,22
THROCKMORTON,senate,28,inperson,8,31
THROCKMORTON,senate,28,inperson,11,19
THROCKMORTON,senate,28,inperson,12,16
THROCKMORTON,senate,28,inperson,13,15
THROCKMORTON,senate,28,inperson,14,15
THROCKMORTON,senate,28,inperson,15,27
THROCKMORTON,senate,28,mail,11,2
THROCKMORTON,senate,28,mail,12,1
THROCKMORTON,senate,28,mail,13,1
THROCKMORTON,senate,28,mail,14,2
THROCKMORTON,senate,28,mail,15,2
THROCKMORTON,senate,28,mail,19,2
THROCKMORTON,senate,28,mail,21,1
THROCKMORTON,senate,28,mail,22,3
THROCKMORTON,senate,28,mail,26,3
THROCKMORTON,senate,28,mail,27,3
THROCKMORTON,senate,28,mail,30,2
TITUS,house,5,inperson,4,506
TITUS,house,5,inperson,5,330
TITUS,house,5,inperson,6,332
TITUS,house,5,inperson,7,302
TITUS,house,5,inperson,8,383
TITUS,house,5,inperson,9,79
TITUS,house,5,inperson,10,152
TITUS,house,5,inperson,11,403
TITUS,house,5,inperson,12,434
TITUS,house,5,inperson,13,487
TITUS,house,5,inperson,14,501
TITUS,house,5,inperson,15,517
TITUS,house,5,mail,4,6
TITUS,house,5,mail,5,7
TITUS,house,5,mail,6,9
TITUS,house,5,mail,7,11
TITUS,house,5,mail,8,5
TITUS,house,5,mail,10,6
TITUS,house,5,mail,11,17
TITUS,house,5,mail,12,13
TITUS,house,5,mail,13,15
TITUS,house,5,mail,14,12
TITUS,house,5,mail,15,15
TITUS,house,5,mail,18,11
TITUS,house,5,mail,19,29
TITUS,house,5,mail,21,20
TITUS,house,5,mail,22,38
TITUS,house,5,mail,25,19
TITUS,house,5,mail,26,2
TITUS,house,5,mail,33,1
TITUS,house,5,mail,36,1
TITUS,senate,1,inperson,4,506
TITUS,senate,1,inperson,5,330
TITUS,senate,1,inperson,6,332
TITUS,senate,1,inperson,7,302
TITUS,senate,1,inperson,8,383
TITUS,senate,1,inperson,9,79
TITUS,senate,1,inperson,10,152
TITUS,senate,1,inperson,11,403
TITUS,senate,1,inperson,12,434
TITUS,senate,1,inperson,13,487
TITUS,senate,1,inperson,14,501
TITUS,senate,1,inperson,15,517
TITUS,senate,1,mail,4,6
TITUS,senate,1,mail,5,7
TITUS,senate,1,mail,6,9
TITUS,senate,1,mail,7,11
TITUS,senate,1,mail,8,5
TITUS,senate,1,mail,10,6
TITUS,senate,1,mail,11,17
TITUS,senate,1,mail,12,13
TITUS,senate,1,mail,13,15
TITUS,senate,1,mail,14,12
TITUS,senate,1,mail,15,15
TITUS,senate,1,mail,18,11
TITUS,senate,1,mail,19,29
TITUS,senate,1,mail,21,20
TITUS,senate,1,mail,22,38
TITUS,senate,1,mail,25,19
TITUS,senate,1,mail,26,2
TITUS,senate,1,mail,33,1
TITUS,senate,1,mail,36,1
TOM GREEN,house,72,inperson,4,2310
TOM GREEN,house,72,inperson,5,1723
TOM GREEN,house,72,inperson,6,1508
TOM GREEN,house,72,inperson,7,1541
TOM GREEN,house,72,inperson,8,1528
TOM GREEN,house,72,inperson,9,429
TOM GREEN,house,72,inperson,10,1174
TOM GREEN,house,72,inperson,11,1735
TOM GREEN,house,72,inperson,12,1705
TOM GREEN,house,72,inperson,13,1887
TOM GREEN,house,72,inperson,14,1880
TOM GREEN,house,72,inperson,15,1630
TOM GREEN,house,72,mail,4,52
TOM GREEN,house,72,mail,5,55
TOM GREEN,house,72,mail,6,42
TOM GREEN,house,72,mail,7,10
TOM GREEN,house,72,mail,8,130
TOM GREEN,house,72,mail,11,57
TOM GREEN,house,72,mail,12,83
TOM GREEN,house,72,mail,13,93
TOM GREEN,house,72,mail,14,6
TOM GREEN,house,72,mail,15,128
TOM GREEN,house,72,mail,18,40
TOM GREEN,house,72,mail,19,56
TOM GREEN,house,72,mail,20,64
TOM GREEN,house,72,mail,21,22
TOM GREEN,house,72,mail,22,99
TOM GREEN,house,72,mail,25,42
TOM GREEN,house,72,mail,26,90
TOM GREEN,house,72,mail,27,66
TOM GREEN,house,72,mail,28,96
TOM GREEN,house,72,mail,31,42
TOM GREEN,house,72,mail,32,70
TOM GREEN,house,72,mail,33,78
TOM GREEN,house,72,mail,34,101
TOM GREEN,house,72,mail,35,67
TOM GREEN,house,72,mail,36,58
TOM GREEN,senate,28,inperson,4,2310
TOM GREEN,senate,28,inperson,5,1723
TOM GREEN,senate,28,inperson,6,1508
TOM GREEN,senate,28,inperson,7,1541
TOM GREEN,senate,28,inperson,8,1528
TOM GREEN,senate,28,inperson,9,429
TOM GREEN,senate,28,inperson,10,1174
TOM GREEN,senate,28,inperson,11,1735
TOM GREEN,senate,28,inperson,12,1705
TOM GREEN,senate,28,inperson,13,1887
TOM GREEN,senate,28,inperson,14,1880
TOM GREEN,senate,28,inperson,15,1630
TOM GREEN,senate,28,mail,4,52
TOM GREEN,senate,28,mail,5,55
TOM GREEN,senate,28,mail,6,42
TOM GREEN,senate,28,mail,7,10
TOM GREEN,senate,28,mail,8,130
TOM GREEN,senate,28,mail,11,57
TOM GREEN,senate,28,mail,12,83
TOM GREEN,senate,28,mail,13,93
TOM GREEN,senate,28,mail,14,6
TOM GREEN,senate,28,mail,15,128
TOM GREEN,senate,28,mail,18,40
TOM GREEN,senate,28,mail,19,56
TOM GREEN,senate,28,mail,20,64
TOM GREEN,senate,28,mail,21,22
TOM GREEN,senate,28,mail,22,99
TOM GREEN,senate,28,mail,25,42
TOM GREEN,senate,28,mail,26,90
TOM GREEN,senate,28,mail,27,66
TOM GREEN,senate,28,mail,28,96
TOM GREEN,senate,28,mail,31,42
TOM GREEN,senate,28,mail,32,70
TOM GREEN,senate,28,mail,33,78
TOM GREEN,senate,28,mail,34,101
TOM GREEN,senate,28,mail,35,67
TOM GREEN,senate,28,mail,36,58
TRAVIS,house,19,inperson,4,2986
TRAVIS,house,19,inperson,5,2212
TRAVIS,house,19,inperson,6,2043
TRAVIS,house,19,inperson,7,1831
TRAVIS,house,19,inperson,8,1809
TRAVIS,house,19,inperson,9,598
TRAVIS,house,19,inperson,10,1119
TRAVIS,house,19,inperson,11,1976
TRAVIS,house,19,inperson,12,1999
TRAVIS,house,19,inperson,13,2028
TRAVIS,house,19,inperson,14,2197
TRAVIS,house,19,inperson,15,2187
TRAVIS,house,19,mail,4,87
TRAVIS,house,19,mail,5,67
TRAVIS,house,19,mail,6,70
TRAVIS,house,19,mail,7,15
TRAVIS,house,19,mail,8,111
TRAVIS,house,19,mail,10,79
TRAVIS,house,19,mail,11,108
TRAVIS,house,19,mail,12,88
TRAVIS,house,19,mail,13,94
TRAVIS,house,19,mail,14,24
TRAVIS,house,19,mail,15,146
TRAVIS,house,19,mail,17,24
TRAVIS,house,19,mail,18,77
TRAVIS,house,19,mail,19,207
TRAVIS,house,19,mail,20,5
TRAVIS,house,19,mail,21,62
TRAVIS,house,19,mail,22,134
TRAVIS,house,19,mail,25,244
TRAVIS,house,19,mail,26,100
TRAVIS,house,19,mail,27,3
TRAVIS,house,19,mail,28,42
TRAVIS,house,46,inperson,4,7605
TRAVIS,house,46,inperson,5,4906
TRAVIS,house,46,inperson,6,4025
TRAVIS,house,46,inperson,7,3152
TRAVIS,house,46,inperson,8,3000
TRAVIS,house,46,inperson,9,1614
TRAVIS,house,46,inperson,10,2538
TRAVIS,house,46,inperson,11,3576
TRAVIS,house,46,inperson,12,3187
TRAVIS,house,46,inperson,13,3236
TRAVIS,house,46,inperson,14,3153
TRAVIS,house,46,inperson,15,3327
TRAVIS,house,46,mail,4,171
TRAVIS,house,46,mail,5,95
TRAVIS,house,46,mail,6,111
TRAVIS,house,46,mail,7,17
TRAVIS,house,46,mail,8,134
TRAVIS,house,46,mail,10,131
TRAVIS,house,46,mail,11,124
TRAVIS,house,46,mail,12,100
TRAVIS,house,46,mail,13,129
TRAVIS,house,46,mail,14,30
TRAVIS,house,46,mail,15,175
TRAVIS,house,46,mail,17,25
TRAVIS,house,46,mail,18,76
TRAVIS,house,46,mail,19,213
TRAVIS,house,46,mail,20,2
TRAVIS,house,46,mail,21,84
TRAVIS,house,46,mail,22,142
TRAVIS,house,46,mail,25,224
TRAVIS,house,46,mail,26,146
TRAVIS,house,46,mail,27,1
TRAVIS,house,46,mail,28,46
TRAVIS,house,47,inperson,4,8517
TRAVIS,house,47,inperson,5,6023
TRAVIS,house,47,inperson,6,5029
TRAVIS,house,47,inperson,7,4447
TRAVIS,house,47,inperson,8,4395
TRAVIS,house,47,inperson,9,2084
TRAVIS,house,47,inperson,10,3441
TRAVIS,house,47,inperson,11,5083
TRAVIS,house,47,inperson,12,4669
TRAVIS,house,47,inperson,13,4966
TRAVIS,house,47,inperson,14,4942
TRAVIS,house,47,inperson,15,5004
TRAVIS,house,47,mail,4,286
TRAVIS,house,47,mail,5,195
TRAVIS,house,47,mail,6,209
TRAVIS,house,47,mail,7,35
TRAVIS,house,47,mail,8,239
TRAVIS,house,47,mail,10,191
TRAVIS,house,47,mail,11,249
TRAVIS,house,47,mail,12,159
TRAVIS,house,47,mail,13,264
TRAVIS,house,47,mail,14,51
TRAVIS,house,47,mail,15,307
TRAVIS,house,47,mail,17,62
TRAVIS,house,47,mail,18,164
TRAVIS,house,47,mail,19,440
TRAVIS,house,47,mail,20,7
TRAVIS,house,47,mail,21,117
TRAVIS,house,47,mail,22,238
TRAVIS,house,47,mail,25,415
TRAVIS,house,47,mail,26,180
TRAVIS,house,47,mail,28,74
TRAVIS,house,48,inperson,4,8654
TRAVIS,house,48,inperson,5,6502
TRAVIS,house,48,inperson,6,5600
TRAVIS,house,48,inperson,7,4850
TRAVIS,house,48,inperson,8,4432
TRAVIS,house,48,inperson,9,2044
TRAVIS,house,48,inperson,10,3479
TRAVIS,house,48,inperson,11,5359
TRAVIS,house,48,inperson,12,5131
TRAVIS,house,48,inperson,13,5281
TRAVIS,house,48,inperson,14,5252
TRAVIS,house,48,inperson,15,5424
TRAVIS,house,48,mail,4,325
TRAVIS,house,48,mail,5,206
TRAVIS,house,48,mail,6,256
TRAVIS,house,48,mail,7,58
TRAVIS,house,48,mail,8,301
TRAVIS,house,48,mail,10,241
TRAVIS,house,48,mail,11,338
TRAVIS,house,48,mail,12,193
TRAVIS,house,48,mail,13,361
TRAVIS,house,48,mail,14,45
TRAVIS,house,48,mail,15,364
TRAVIS,house,48,mail,17,66
TRAVIS,house,48,mail,18,161
TRAVIS,house,48,mail,19,471
TRAVIS,house,48,mail,20,8
TRAVIS,house,48,mail,21,160
TRAVIS,house,48,mail,22,261
TRAVIS,house,48,mail,25,418
TRAVIS,house,48,mail,26,180
TRAVIS,house,48,mail,27,6
TRAVIS,house,48,mail,28,81
TRAVIS,house,49,inperson,4,10773
TRAVIS,house,49,inperson,5,7028
TRAVIS,house,49,inperson,6,5523
TRAVIS,house,49,inperson,7,4526
TRAVIS,house,49,inperson,8,4202
TRAVIS,house,49,inperson,9,1640
TRAVIS,house,49,inperson,10,2778
TRAVIS,house,49,inperson,11,4888
TRAVIS,house,49,inperson,12,4262
TRAVIS,house,49,inperson,13,4376
TRAVIS,house,49,inperson,14,4349
TRAVIS,house,49,inperson,15,4543
TRAVIS,house,49,mail,4,281
TRAVIS,house,49,mail,5,142
TRAVIS,house,49,mail,6,182
TRAVIS,house,49,mail,7,67
TRAVIS,house,49,mail,8,228
TRAVIS,house,49,mail,10,171
TRAVIS,house,49,mail,11,216
TRAVIS,house,49,mail,12,153
TRAVIS,house,49,mail,13,289
TRAVIS,house,49,mail,14,54
TRAVIS,house,49,mail,15,285
TRAVIS,house,49,mail,17,61
TRAVIS,house,49,mail,18,103
TRAVIS,house,49,mail,19,287
TRAVIS,house,49,mail,20,5
TRAVIS,house,49,mail,21,117
TRAVIS,house,49,mail,22,215
TRAVIS,house,49,mail,25,323
TRAVIS,house,49,mail,26,163
TRAVIS,house,49,mail,27,5
TRAVIS,house,49,mail,28,75
TRAVIS,house,50,inperson,4,5539
TRAVIS,house,50,inperson,5,3689
TRAVIS,house,50,inperson,6,2852
TRAVIS,house,50,inperson,7,2402
TRAVIS,house,50,inperson,8,2211
TRAVIS,house,50,inperson,9,1071
TRAVIS,house,50,inperson,10,1870
TRAVIS,house,50,inperson,11,2717
TRAVIS,house,50,inperson,12,2428
TRAVIS,house,50,inperson,13,2483
TRAVIS,house,50,inperson,14,2455
TRAVIS,house,50,inperson,15,2506
TRAVIS,house,50,mail,4,127
TRAVIS,house,50,mail,5,84
TRAVIS,house,50,mail,6,72
TRAVIS,house,50,mail,7,15
TRAVIS,house,50,mail,8,118
TRAVIS,house,50,mail,10,95
TRAVIS,house,50,mail,11,105
TRAVIS,house,50,mail,12,72
TRAVIS,house,50,mail,13,125
TRAVIS,house,50,mail,14,15
TRAVIS,house,50,mail,15,159
TRAVIS,house,50,mail,17,18
TRAVIS,house,50,mail,18,80
TRAVIS,house,50,mail,19,174
TRAVIS,house,50,mail,21,69
TRAVIS,house,50,mail,22,164
TRAVIS,house,50,mail,25,200
TRAVIS,house,50,mail,26,125
TRAVIS,house,50,mail,27,2
TRAVIS,house,50,mail,28,50
TRAVIS,house,51,inperson,4,6658
TRAVIS,house,51,inperson,5,3887
TRAVIS,house,51,inperson,6,3035
TRAVIS,house,51,inperson,7,2508
TRAVIS,house,51,inperson,8,2208
TRAVIS,house,51,inperson,9,1006
TRAVIS,house,51,inperson,10,1857
TRAVIS,house,51,inperson,11,2403
TRAVIS,house,51,inperson,12,2162
TRAVIS,house,51,inperson,13,2293
TRAVIS,house,51,inperson,14,2345
TRAVIS,house,51,inperson,15,2360
TRAVIS,house,51,mail,4,91
TRAVIS,house,51,mail,5,62
TRAVIS,house,51,mail,6,57
TRAVIS,house,51,mail,7,15
TRAVIS,house,51,mail,8,81
TRAVIS,house,51,mail,10,73
TRAVIS,house,51,mail,11,85
TRAVIS,house,51,mail,12,50
TRAVIS,house,51,mail,13,87
TRAVIS,house,51,mail,14,23
TRAVIS,house,51,mail,15,124
TRAVIS,house,51,mail,17,11
TRAVIS,house,51,mail,18,57
TRAVIS,house,51,mail,19,126
TRAVIS,house,51,mail,20,2
TRAVIS,house,51,mail,21,66
TRAVIS,house,51,mail,22,86
TRAVIS,house,51,mail,25,155
TRAVIS,house,51,mail,26,65
TRAVIS,house,51,mail,28,32
TRAVIS,senate,14,inperson,4,39434
TRAVIS,senate,14,inperson,5,26792
TRAVIS,senate,14,inperson,6,21701
TRAVIS,senate,14,inperson,7,18100
TRAVIS,senate,14,inperson,8,17010
TRAVIS,senate,14,inperson,9,7884
TRAVIS,senate,14,inperson,10,13149
TRAVIS,senate,14,inperson,11,20124
TRAVIS,senate,14,inperson,12,18225
TRAVIS,senate,14,inperson,13,18824
TRAVIS,senate,14,inperson,14,18662
TRAVIS,senate,14,inperson,15,19163
TRAVIS,senate,14,mail,4,1127
TRAVIS,senate,14,mail,5,686
TRAVIS,senate,14,mail,6,780
TRAVIS,senate,14,mail,7,194
TRAVIS,senate,14,mail,8,967
TRAVIS,senate,14,mail,10,809
TRAVIS,senate,14,mail,11,975
TRAVIS,senate,14,mail,12,648
TRAVIS,senate,14,mail,13,1100
TRAVIS,senate,14,mail,14,180
TRAVIS,senate,14,mail,15,1246
TRAVIS,senate,14,mail,17,211
TRAVIS,senate,14,mail,18,550
TRAVIS,senate,14,mail,19,1443
TRAVIS,senate,14,mail,20,20
TRAVIS,senate,14,mail,21,511
TRAVIS,senate,14,mail,22,941
TRAVIS,senate,14,mail,25,1463
TRAVIS,senate,14,mail,26,744
TRAVIS,senate,14,mail,27,14
TRAVIS,senate,14,mail,28,318
TRAVIS,senate,21,inperson,4,5736
TRAVIS,senate,21,inperson,5,3581
TRAVIS,senate,21,inperson,6,2879
TRAVIS,senate,21,inperson,7,2441
TRAVIS,senate,21,inperson,8,2128
TRAVIS,senate,21,inperson,9,993
TRAVIS,senate,21,inperson,10,1920
TRAVIS,senate,21,inperson,11,2376
TRAVIS,senate,21,inperson,12,2197
TRAVIS,senate,21,inperson,13,2300
TRAVIS,senate,21,inperson,14,2327
TRAVIS,senate,21,inperson,15,2337
TRAVIS,senate,21,mail,4,83
TRAVIS,senate,21,mail,5,57
TRAVIS,senate,21,mail,6,76
TRAVIS,senate,21,mail,7,9
TRAVIS,senate,21,mail,8,81
TRAVIS,senate,21,mail,10,63
TRAVIS,senate,21,mail,11,84
TRAVIS,senate,21,mail,12,58
TRAVIS,senate,21,mail,13,107
TRAVIS,senate,21,mail,14,16
TRAVIS,senate,21,mail,15,97
TRAVIS,senate,21,mail,17,16
TRAVIS,senate,21,mail,18,51
TRAVIS,senate,21,mail,19,151
TRAVIS,senate,21,mail,20,2
TRAVIS,senate,21,mail,21,68
TRAVIS,senate,21,mail,22,95
TRAVIS,senate,21,mail,25,154
TRAVIS,senate,21,mail,26,62
TRAVIS,senate,21,mail,28,24
TRAVIS,senate,25,inperson,4,5561
TRAVIS,senate,25,inperson,5,3874
TRAVIS,senate,25,inperson,6,3527
TRAVIS,senate,25,inperson,7,3175
TRAVIS,senate,25,inperson,8,3119
TRAVIS,senate,25,inperson,9,1180
TRAVIS,senate,25,inperson,10,2013
TRAVIS,senate,25,inperson,11,3502
TRAVIS,senate,25,inperson,12,3416
TRAVIS,senate,25,inperson,13,3541
TRAVIS,senate,25,inperson,14,3704
TRAVIS,senate,25,inperson,15,3852
TRAVIS,senate,25,mail,4,158
TRAVIS,senate,25,mail,5,108
TRAVIS,senate,25,mail,6,101
TRAVIS,senate,25,mail,7,19
TRAVIS,senate,25,mail,8,164
TRAVIS,senate,25,mail,10,109
TRAVIS,senate,25,mail,11,166
TRAVIS,senate,25,mail,12,109
TRAVIS,senate,25,mail,13,142
TRAVIS,senate,25,mail,14,46
TRAVIS,senate,25,mail,15,217
TRAVIS,senate,25,mail,17,40
TRAVIS,senate,25,mail,18,117
TRAVIS,senate,25,mail,19,324
TRAVIS,senate,25,mail,20,7
TRAVIS,senate,25,mail,21,96
TRAVIS,senate,25,mail,22,204
TRAVIS,senate,25,mail,25,362
TRAVIS,senate,25,mail,26,153
TRAVIS,senate,25,mail,27,3
TRAVIS,senate,25,mail,28,58
TRINITY,house,9,inperson,4,370
TRINITY,house,9,inperson,5,242
TRINITY,house,9,inperson,6,213
TRINITY,house,9,inperson,7,220
TRINITY,house,9,inperson,8,301
TRINITY,house,9,inperson,11,354
TRINITY,house,9,inperson,12,356
TRINITY,house,9,inperson,13,376
TRINITY,house,9,inperson,14,396
TRINITY,house,9,inperson,15,439
TRINITY,house,9,mail,4,5
TRINITY,house,9,mail,5,5
TRINITY,house,9,mail,6,11
TRINITY,house,9,mail,7,10
TRINITY,house,9,mail,8,13
TRINITY,house,9,mail,11,7
TRINITY,house,9,mail,13,17
TRINITY,house,9,mail,14,1
TRINITY,house,9,mail,15,2
TRINITY,house,9,mail,18,5
TRINITY,house,9,mail,19,1
TRINITY,house,9,mail,20,12
TRINITY,house,9,mail,21,5
TRINITY,house,9,mail,22,18
TRINITY,house,9,mail,25,15
TRINITY,senate,3,inperson,4,370
TRINITY,senate,3,inperson,5,242
TRINITY,senate,3,inperson,6,213
TRINITY,senate,3,inperson,7,220
TRINITY,senate,3,inperson,8,301
TRINITY,senate,3,inperson,11,354
TRINITY,senate,3,inperson,12,356
TRINITY,senate,3,inperson,13,376
TRINITY,senate,3,inperson,14,396
TRINITY,senate,3,inperson,15,439
TRINITY,senate,3,mail,4,5
TRINITY,senate,3,mail,5,5
TRINITY,senate,3,mail,6,11
TRINITY,senate,3,mail,7,10
TRINITY,senate,3,mail,8,13
TRINITY,senate,3,mail,11,7
TRINITY,senate,3,mail,13,17
TRINITY,senate,3,mail,14,1
TRINITY,senate,3,mail,15,2
TRINITY,senate,3,mail,18,5
TRINITY,senate,3,mail,19,1
TRINITY,senate,3,mail,20,12
TRINITY,senate,3,mail,21,5
TRINITY,senate,3,mail,22,18
TRINITY,senate,3,mail,25,15
TYLER,house,9,inperson,4,394
TYLER,house,9,inperson,5,253
TYLER,house,9,inperson,6,267
TYLER,house,9,inperson,7,187
TYLER,house,9,inperson,8,309
TYLER,house,9,inperson,10,238
TYLER,house,9,inperson,11,370
TYLER,house,9,inperson,12,378
TYLER,house,9,inperson,13,421
TYLER,house,9,inperson,14,432
TYLER,house,9,inperson,15,449
TYLER,house,9,mail,4,21
TYLER,house,9,mail,5,10
TYLER,house,9,mail,6,30
TYLER,house,9,mail,7,16
TYLER,house,9,mail,8,68
TYLER,house,9,mail,11,43
TYLER,house,9,mail,12,39
TYLER,house,9,mail,13,18
TYLER,house,9,mail,14,41
TYLER,house,9,mail,15,15
TYLER,house,9,mail,18,1
TYLER,house,9,mail,26,1
TYLER,senate,3,inperson,4,394
TYLER,senate,3,inperson,5,253
TYLER,senate,3,inperson,6,267
TYLER,senate,3,inperson,7,187
TYLER,senate,3,inperson,8,309
TYLER,senate,3,inperson,10,238
TYLER,senate,3,inperson,11,370
TYLER,senate,3,inperson,12,378
TYLER,senate,3,inperson,13,421
TYLER,senate,3,inperson,14,432
TYLER,senate,3,inperson,15,449
TYLER,senate,3,mail,4,21
TYLER,senate,3,mail,5,10
TYLER,senate,3,mail,6,30
TYLER,senate,3,mail,7,16
TYLER,senate,3,mail,8,68
TYLER,senate,3,mail,11,43
TYLER,senate,3,mail,12,39
TYLER,senate,3,mail,13,18
TYLER,senate,3,mail,14,41
TYLER,senate,3,mail,15,15
TYLER,senate,3,mail,18,1
TYLER,senate,3,mail,26,1
UPSHUR,house,5,inperson,4,783
UPSHUR,house,5,inperson,5,657
UPSHUR,house,5,inperson,6,586
UPSHUR,house,5,inperson,7,581
UPSHUR,house,5,inperson,8,624
UPSHUR,house,5,inperson,9,192
UPSHUR,house,5,inperson,10,339
UPSHUR,house,5,inperson,11,724
UPSHUR,house,5,inperson,12,778
UPSHUR,house,5,inperson,13,811
UPSHUR,house,5,inperson,14,816
UPSHUR,house,5,inperson,15,885
UPSHUR,house,5,mail,4,14
UPSHUR,house,5,mail,5,23
UPSHUR,house,5,mail,6,12
UPSHUR,house,5,mail,7,7
UPSHUR,house,5,mail,8,24
UPSHUR,house,5,mail,11,15
UPSHUR,house,5,mail,12,22
UPSHUR,house,5,mail,13,22
UPSHUR,house,5,mail,15,41
UPSHUR,house,5,mail,18,26
UPSHUR,house,5,mail,19,6
UPSHUR,house,5,mail,21,14
UPSHUR,house,5,mail,22,48
UPSHUR,house,5,mail,26,27
UPSHUR,house,5,mail,27,6
UPSHUR,house,5,mail,28,42
UPSHUR,house,5,mail,29,12
UPSHUR,house,5,mail,33,30
UPSHUR,house,5,mail,34,22
UPSHUR,house,5,mail,35,1
UPSHUR,house,5,mail,36,8
UPSHUR,senate,1,inperson,4,783
UPSHUR,senate,1,inperson,5,657
UPSHUR,senate,1,inperson,6,586
UPSHUR,senate,1,inperson,7,581
UPSHUR,senate,1,inperson,8,624
UPSHUR,senate,1,inperson,9,192
UPSHUR,senate,1,inperson,10,339
UPSHUR,senate,1,inperson,11,724
UPSHUR,senate,1,inperson,12,778
UPSHUR,senate,1,inperson,13,811
UPSHUR,senate,1,inperson,14,816
UPSHUR,senate,1,inperson,15,885
UPSHUR,senate,1,mail,4,14
UPSHUR,senate,1,mail,5,23
UPSHUR,senate,1,mail,6,12
UPSHUR,senate,1,mail,7,7
UPSHUR,senate,1,mail,8,24
UPSHUR,senate,1,mail,11,15
UPSHUR,senate,1,mail,12,22
UPSHUR,senate,1,mail,13,22
UPSHUR,senate,1,mail,15,41
UPSHUR,senate,1,mail,18,26
UPSHUR,senate,1,mail,19,6
UPSHUR,senate,1,mail,21,14
UPSHUR,senate,1,mail,22,48
UPSHUR,senate,1,mail,26,27
UPSHUR,senate,1,mail,27,6
UPSHUR,senate,1,mail,28,42
UPSHUR,senate,1,mail,29,12
UPSHUR,senate,1,mail,33,30
UPSHUR,senate,1,mail,34,22
UPSHUR,senate,1,mail,35,1
UPSHUR,senate,1,mail,36,8
UPTON,house,53,inperson,4,137
UPTON,house,53,inperson,5,69
UPTON,house,53,inperson,6,45
UPTON,house,53,inperson,7,47
UPTON,house,53,inperson,8,49
UPTON,house,53,inperson,11,79
UPTON,house,53,inperson,12,67
UPTON,house,53,inperson,13,65
UPTON,house,53,inperson,14,63
UPTON,house,53,inperson,15,132
UPTON,house,53,mail,4,1
UPTON,house,53,mail,8,3
UPTON,house,53,mail,12,1
UPTON,house,53,mail,13,2
UPTON,house,53,mail,14,6
UPTON,house,53,mail,19,2
UPTON,house,53,mail,20,6
UPTON,house,53,mail,22,2
UPTON,senate,31,inperson,4,137
UPTON,senate,31,inperson,5,69
UPTON,senate,31,inperson,6,45
UPTON,senate,31,inperson,7,47
UPTON,senate,31,inperson,8,49
UPTON,senate,31,inperson,11,79
UPTON,senate,31,inperson,12,67
UPTON,senate,31,inperson,13,65
UPTON,senate,31,inperson,14,63
UPTON,senate,31,inperson,15,132
UPTON,senate,31,mail,4,1
UPTON,senate,31,mail,8,3
UPTON,senate,31,mail,12,1
UPTON,senate,31,mail,13,2
UPTON,senate,31,mail,14,6
UPTON,senate,31,mail,19,2
UPTON,senate,31,mail,20,6
UPTON,senate,31,mail,22,2
UVALDE,house,80,inperson,4,612
UVALDE,house,80,inperson,5,345
UVALDE,house,80,inperson,6,294
UVALDE,house,80,inperson,7,335
UVALDE,house,80,inperson,8,215
UVALDE,house,80,inperson,10,271
UVALDE,house,80,inperson,11,444
UVALDE,house,80,inperson,12,480
UVALDE,house,80,inperson,13,434
UVALDE,house,80,inperson,14,546
UVALDE,house,80,inperson,15,711
UVALDE,house,80,mail,4,12
UVALDE,house,80,mail,5,16
UVALDE,house,80,mail,6,8
UVALDE,house,80,mail,7,1
UVALDE,house,80,mail,8,38
UVALDE,house,80,mail,11,15
UVALDE,house,80,mail,12,26
UVALDE,house,80,mail,13,32
UVALDE,house,80,mail,14,2
UVALDE,house,80,mail,15,30
UVALDE,house,80,mail,18,14
UVALDE,house,80,mail,19,10
UVALDE,house,80,mail,20,16
UVALDE,house,80,mail,21,16
UVALDE,house,80,mail,22,22
UVALDE,house,80,mail,25,13
UVALDE,house,80,mail,26,36
UVALDE,house,80,mail,27,1
UVALDE,house,80,mail,28,68
UVALDE,house,80,mail,32,38
UVALDE,house,80,mail,33,23
UVALDE,house,80,mail,34,23
UVALDE,house,80,mail,35,2
UVALDE,senate,19,inperson,4,612
UVALDE,senate,19,inperson,5,345
UVALDE,senate,19,inperson,6,294
UVALDE,senate,19,inperson,7,335
UVALDE,senate,19,inperson,8,215
UVALDE,senate,19,inperson,10,271
UVALDE,senate,19,inperson,11,444
UVALDE,senate,19,inperson,12,480
UVALDE,senate,19,inperson,13,434
UVALDE,senate,19,inperson,14,546
UVALDE,senate,19,inperson,15,711
UVALDE,senate,19,mail,4,12
UVALDE,senate,19,mail,5,16
UVALDE,senate,19,mail,6,8
UVALDE,senate,19,mail,7,1
UVALDE,senate,19,mail,8,38
UVALDE,senate,19,mail,11,15
UVALDE,senate,19,mail,12,26
UVALDE,senate,19,mail,13,32
UVALDE,senate,19,mail,14,2
UVALDE,senate,19,mail,15,30
UVALDE,senate,19,mail,18,14
UVALDE,senate,19,mail,19,10
UVALDE,senate,19,mail,20,16
UVALDE,senate,19,mail,21,16
UVALDE,senate,19,mail,22,22
UVALDE,senate,19,mail,25,13
UVALDE,senate,19,mail,26,36
UVALDE,senate,19,mail,27,1
UVALDE,senate,19,mail,28,68
UVALDE,senate,19,mail,32,38
UVALDE,senate,19,mail,33,23
UVALDE,senate,19,mail,34,23
UVALDE,senate,19,mail,35,2
VAL VERDE,house,74,inperson,4,872
VAL VERDE,house,74,inperson,5,500
VAL VERDE,house,74,inperson,6,393
VAL VERDE,house,74,inperson,7,366
VAL VERDE,house,74,inperson,8,397
VAL VERDE,house,74,inperson,9,211
VAL VERDE,house,74,inperson,10,483
VAL VERDE,house,74,inperson,11,522
VAL VERDE,house,74,inperson,12,475
VAL VERDE,house,74,inperson,13,581
VAL VERDE,house,74,inperson,14,695
VAL VERDE,house,74,inperson,15,765
VAL VERDE,house,74,mail,4,4
VAL VERDE,house,74,mail,5,5
VAL VERDE,house,74,mail,6,12
VAL VERDE,house,74,mail,8,56
VAL VERDE,house,74,mail,11,32
VAL VERDE,house,74,mail,12,19
VAL VERDE,house,74,mail,13,29
VAL VERDE,house,74,mail,14,2
VAL VERDE,house,74,mail,15,78
VAL VERDE,house,74,mail,18,33
VAL VERDE,house,74,mail,19,67
VAL VERDE,house,74,mail,20,46
VAL VERDE,house,74,mail,21,12
VAL VERDE,house,74,mail,22,2
VAL VERDE,house,74,mail,25,1
VAL VERDE,house,74,mail,28,5
VAL VERDE,house,74,mail,32,2
VAL VERDE,house,74,mail,33,2
VAL VERDE,senate,19,inperson,4,872
VAL VERDE,senate,19,inperson,5,500
VAL VERDE,senate,19,inperson,6,393
VAL VERDE,senate,19,inperson,7,366
VAL VERDE,senate,19,inperson,8,397
VAL VERDE,senate,19,inperson,9,211
VAL VERDE,senate,19,inperson,10,483
VAL VERDE,senate,19,inperson,11,522
VAL VERDE,senate,19,inperson,12,475
VAL VERDE,senate,19,inperson,13,581
VAL VERDE,senate,19,inperson,14,695
VAL VERDE,senate,19,inperson,15,765
VAL VERDE,senate,19,mail,4,4
VAL VERDE,senate,19,mail,5,5
VAL VERDE,senate,19,mail,6,12
VAL VERDE,senate,19,mail,8,56
VAL VERDE,senate,19,mail,11,32
VAL VERDE,senate,19,mail,12,19
VAL VERDE,senate,19,mail,13,29
VAL VERDE,senate,19,mail,14,2
VAL VERDE,senate,19,mail,15,78
VAL VERDE,senate,19,mail,18,33
VAL VERDE,senate,19,mail,19,67
VAL VERDE,senate,19,mail,20,46
VAL VERDE,senate,19,mail,21,12
VAL VERDE,senate,19,mail,22,2
VAL VERDE,senate,19,mail,25,1
VAL VERDE,senate,19,mail,28,5
VAL VERDE,senate,19,mail,32,2
VAL VERDE,senate,19,mail,33,2
VAN ZANDT,house,2,inperson,4,952
VAN ZANDT,house,2,inperson,5,828
VAN ZANDT,house,2,inperson,6,818
VAN ZANDT,house,2,inperson,7,797
VAN ZANDT,house,2,inperson,8,898
VAN ZANDT,house,2,inperson,9,248
VAN ZANDT,house,2,inperson,10,679
VAN ZANDT,house,2,inperson,11,744
VAN ZANDT,house,2,inperson,12,880
VAN ZANDT,house,2,inperson,13,949
VAN ZANDT,house,2,inperson,14,1020
VAN ZANDT,house,2,inperson,15,907
VAN ZANDT,house,2,mail,4,19
VAN ZANDT,house,2,mail,5,16
VAN ZANDT,house,2,mail,6,22
VAN ZANDT,house,2,mail,7,1
VAN ZANDT,house,2,mail,8,29
VAN ZANDT,house,2,mail,11,27
VAN ZANDT,house,2,mail,12,36
VAN ZANDT,house,2,mail,13,37
VAN ZANDT,house,2,mail,14,3
VAN ZANDT,house,2,mail,15,76
VAN ZANDT,house,2,mail,18,37
VAN ZANDT,house,2,mail,19,38
VAN ZANDT,house,2,mail,20,56
VAN ZANDT,house,2,mail,21,7
VAN ZANDT,house,2,mail,22,2
VAN ZANDT,house,2,mail,28,1
VAN ZANDT,house,2,mail,35,1
VAN ZANDT,house,2,mail,36,2
VAN ZANDT,senate,2,inperson,4,952
VAN ZANDT,senate,2,inperson,5,828
VAN ZANDT,senate,2,inperson,6,818
VAN ZANDT,senate,2,inperson,7,797
VAN ZANDT,senate,2,inperson,8,898
VAN ZANDT,senate,2,inperson,9,248
VAN ZANDT,senate,2,inperson,10,679
VAN ZANDT,senate,2,inperson,11,744
VAN ZANDT,senate,2,inperson,12,880
VAN ZANDT,senate,2,inperson,13,949
VAN ZANDT,senate,2,inperson,14,1020
VAN ZANDT,senate,2,inperson,15,907
VAN ZANDT,senate,2,mail,4,19
VAN ZANDT,senate,2,mail,5,16
VAN ZANDT,senate,2,mail,6,22
VAN ZANDT,senate,2,mail,7,1
VAN ZANDT,senate,2,mail,8,29
VAN ZANDT,senate,2,mail,11,27
VAN ZANDT,senate,2,mail,12,36
VAN ZANDT,senate,2,mail,13,37
VAN ZANDT,senate,2,mail,14,3
VAN ZANDT,senate,2,mail,15,76
VAN ZANDT,senate,2,mail,18,37
VAN ZANDT,senate,2,mail,19,38
VAN ZANDT,senate,2,mail,20,56
VAN ZANDT,senate,2,mail,21,7
VAN ZANDT,senate,2,mail,22,2
VAN ZANDT,senate,2,mail,28,1
VAN ZANDT,senate,2,mail,35,1
VAN ZANDT,senate,2,mail,36,2
VICTORIA,house,30,inperson,4,1744
VICTORIA,house,30,inperson,5,1254
VICTORIA,house,30,inperson,6,1164
VICTORIA,house,30,inperson,7,833
VICTORIA,house,30,inperson,8,966
VICTORIA,house,30,inperson,9,218
VICTORIA,house,30,inperson,10,729
VICTORIA,house,30,inperson,11,1416
VICTORIA,house,30,inperson,12,1068
VICTORIA,house,30,inperson,13,1157
VICTORIA,house,30,inperson,14,1196
VICTORIA,house,30,inperson,15,1175
VICTORIA,house,30,mail,4,45
VICTORIA,house,30,mail,5,69
VICTORIA,house,30,mail,6,38
VICTORIA,house,30,mail,7,58
VICTORIA,house,30,mail,8,93
VICTORIA,house,30,mail,10,10
VICTORIA,house,30,mail,11,114
VICTORIA,house,30,mail,12,260
VICTORIA,house,30,mail,13,212
VICTORIA,house,30,mail,14,12
VICTORIA,house,30,mail,15,166
VICTORIA,house,30,mail,18,273
VICTORIA,house,30,mail,19,14
VICTORIA,house,30,mail,20,366
VICTORIA,house,30,mail,21,287
VICTORIA,house,30,mail,22,205
VICTORIA,house,30,mail,25,13
VICTORIA,house,30,mail,26,1
VICTORIA,house,30,mail,32,1
VICTORIA,senate,18,inperson,4,1744
VICTORIA,senate,18,inperson,5,1254
VICTORIA,senate,18,inperson,6,1164
VICTORIA,senate,18,inperson,7,833
VICTORIA,senate,18,inperson,8,966
VICTORIA,senate,18,inperson,9,218
VICTORIA,senate,18,inperson,10,729
VICTORIA,senate,18,inperson,11,1416
VICTORIA,senate,18,inperson,12,1068
VICTORIA,senate,18,inperson,13,1157
VICTORIA,senate,18,inperson,14,1196
VICTORIA,senate,18,inperson,15,1175
VICTORIA,senate,18,mail,4,45
VICTORIA,senate,18,mail,5,69
VICTORIA,senate,18,mail,6,38
VICTORIA,senate,18,mail,7,58
VICTORIA,senate,18,mail,8,93
VICTORIA,senate,18,mail,10,10
VICTORIA,senate,18,mail,11,114
VICTORIA,senate,18,mail,12,260
VICTORIA,senate,18,mail,13,212
VICTORIA,senate,18,mail,14,12
VICTORIA,senate,18,mail,15,166
VICTORIA,senate,18,mail,18,273
VICTORIA,senate,18,mail,19,14
VICTORIA,senate,18,mail,20,366
VICTORIA,senate,18,mail,21,287
VICTORIA,senate,18,mail,22,205
VICTORIA,senate,18,mail,25,13
VICTORIA,senate,18,mail,26,1
VICTORIA,senate,18,mail,32,1
WALKER,house,12,inperson,4,1370
WALKER,house,12,inperson,5,943
WALKER,house,12,inperson,6,835
WALKER,house,12,inperson,7,843
WALKER,house,12,inperson,8,841
WALKER,house,12,inperson,9,305
WALKER,house,12,inperson,10,605
WALKER,house,12,inperson,11,817
WALKER,house,12,inperson,12,935
WALKER,house,12,inperson,13,1086
WALKER,house,12,inperson,14,1170
WALKER,house,12,inperson,15,1107
WALKER,house,12,mail,4,16
WALKER,house,12,mail,5,16
WALKER,house,12,mail,6,23
WALKER,house,12,mail,7,11
WALKER,house,12,mail,8,25
WALKER,house,12,mail,10,28
WALKER,house,12,mail,11,31
WALKER,house,12,mail,12,51
WALKER,house,12,mail,13,37
WALKER,house,12,mail,14,10
WALKER,house,12,mail,15,61
WALKER,house,12,mail,18,29
WALKER,house,12,mail,19,32
WALKER,house,12,mail,20,30
WALKER,house,12,mail,21,14
WALKER,house,12,mail,22,70
WALKER,house,12,mail,25,46
WALKER,house,12,mail,26,75
WALKER,house,12,mail,27,3
WALKER,house,12,mail,28,22
WALKER,senate,5,inperson,4,1370
WALKER,senate,5,inperson,5,943
WALKER,senate,5,inperson,6,835
WALKER,senate,5,inperson,7,843
WALKER,senate,5,inperson,8,841
WALKER,senate,5,inperson,9,305
WALKER,senate,5,inperson,10,605
WALKER,senate,5,inperson,11,817
WALKER,senate,5,inperson,12,935
WALKER,senate,5,inperson,13,1086
WALKER,senate,5,inperson,14,1170
WALKER,senate,5,inperson,15,1107
WALKER,senate,5,mail,4,16
WALKER,senate,5,mail,5,16
WALKER,senate,5,mail,6,23
WALKER,senate,5,mail,7,11
WALKER,senate,5,mail,8,25
WALKER,senate,5,mail,10,28
WALKER,senate,5,mail,11,31
WALKER,senate,5,mail,12,51
WALKER,senate,5,mail,13,37
WALKER,senate,5,mail,14,10
WALKER,senate,5,mail,15,61
WALKER,senate,5,mail,18,29
WALKER,senate,5,mail,19,32
WALKER,senate,5,mail,20,30
WALKER,senate,5,mail,21,14
WALKER,senate,5,mail,22,70
WALKER,senate,5,mail,25,46
WALKER,senate,5,mail,26,75
WALKER,senate,5,mail,27,3
WALKER,senate,5,mail,28,22
WALLER,house,85,inperson,4,1517
WALLER,house,85,inperson,5,1066
WALLER,house,85,inperson,6,839
WALLER,house,85,inperson,7,738
WALLER,house,85,inperson,8,732
WALLER,house,85,inperson,9,362
WALLER,house,85,inperson,10,709
WALLER,house,85,inperson,11,1043
WALLER,house,85,inperson,12,1000
WALLER,house,85,inperson,13,1087
WALLER,house,85,inperson,14,792
WALLER,house,85,inperson,15,1061
WALLER,house,85,mail,4,29
WALLER,house,85,mail,5,15
WALLER,house,85,mail,6,22
WALLER,house,85,mail,7,6
WALLER,house,85,mail,8,35
WALLER,house,85,mail,10,24
WALLER,house,85,mail,11,34
WALLER,house,85,mail,12,37
WALLER,house,85,mail,13,36
WALLER,house,85,mail,14,3
WALLER,house,85,mail,15,45
WALLER,house,85,mail,18,47
WALLER,house,85,mail,19,22
WALLER,house,85,mail,20,45
WALLER,house,85,mail,22,38
WALLER,house,85,mail,24,1
WALLER,house,85,mail,25,1
WALLER,senate,17,inperson,4,550
WALLER,senate,17,inperson,5,340
WALLER,senate,17,inperson,6,251
WALLER,senate,17,inperson,7,223
WALLER,senate,17,inperson,8,267
WALLER,senate,17,inperson,9,170
WALLER,senate,17,inperson,10,315
WALLER,senate,17,inperson,11,462
WALLER,senate,17,inperson,12,348
WALLER,senate,17,inperson,13,433
WALLER,senate,17,inperson,14,257
WALLER,senate,17,inperson,15,348
WALLER,senate,17,mail,4,5
WALLER,senate,17,mail,5,5
WALLER,senate,17,mail,6,7
WALLER,senate,17,mail,8,7
WALLER,senate,17,mail,10,4
WALLER,senate,17,mail,11,10
WALLER,senate,17,mail,12,16
WALLER,senate,17,mail,13,10
WALLER,senate,17,mail,15,10
WALLER,senate,17,mail,18,7
WALLER,senate,17,mail,19,7
WALLER,senate,17,mail,20,19
WALLER,senate,17,mail,22,5
WALLER,senate,17,mail,24,1
WALLER,senate,18,inperson,4,967
WALLER,senate,18,inperson,5,726
WALLER,senate,18,inperson,6,588
WALLER,senate,18,inperson,7,515
WALLER,senate,18,inperson,8,465
WALLER,senate,18,inperson,9,192
WALLER,senate,18,inperson,10,394
WALLER,senate,18,inperson,11,581
WALLER,senate,18,inperson,12,652
WALLER,senate,18,inperson,13,654
WALLER,senate,18,inperson,14,535
WALLER,senate,18,inperson,15,713
WALLER,senate,18,mail,4,24
WALLER,senate,18,mail,5,10
WALLER,senate,18,mail,6,15
WALLER,senate,18,mail,7,6
WALLER,senate,18,mail,8,28
WALLER,senate,18,mail,10,20
WALLER,senate,18,mail,11,24
WALLER,senate,18,mail,12,21
WALLER,senate,18,mail,13,26
WALLER,senate,18,mail,14,3
WALLER,senate,18,mail,15,35
WALLER,senate,18,mail,18,40
WALLER,senate,18,mail,19,15
WALLER,senate,18,mail,20,26
WALLER,senate,18,mail,22,33
WALLER,senate,18,mail,25,1
WARD,house,81,inperson,4,181
WARD,house,81,inperson,5,112
WARD,house,81,inperson,6,110
WARD,house,81,inperson,7,85
WARD,house,81,inperson,8,105
WARD,house,81,inperson,11,162
WARD,house,81,inperson,12,116
WARD,house,81,inperson,13,110
WARD,house,81,inperson,14,144
WARD,house,81,inperson,15,164
WARD,house,81,mail,4,5
WARD,house,81,mail,5,3
WARD,house,81,mail,6,5
WARD,house,81,mail,7,6
WARD,house,81,mail,8,11
WARD,house,81,mail,11,13
WARD,house,81,mail,12,5
WARD,house,81,mail,13,9
WARD,house,81,mail,14,12
WARD,house,81,mail,15,17
WARD,house,81,mail,18,9
WARD,house,81,mail,19,17
WARD,house,81,mail,20,5
WARD,senate,31,inperson,4,181
WARD,senate,31,inperson,5,112
WARD,senate,31,inperson,6,110
WARD,senate,31,inperson,7,85
WARD,senate,31,inperson,8,105
WARD,senate,31,inperson,11,162
WARD,senate,31,inperson,12,116
WARD,senate,31,inperson,13,110
WARD,senate,31,inperson,14,144
WARD,senate,31,inperson,15,164
WARD,senate,31,mail,4,5
WARD,senate,31,mail,5,3
WARD,senate,31,mail,6,5
WARD,senate,31,mail,7,6
WARD,senate,31,mail,8,11
WARD,senate,31,mail,11,13
WARD,senate,31,mail,12,5
WARD,senate,31,mail,13,9
WARD,senate,31,mail,14,12
WARD,senate,31,mail,15,17
WARD,senate,31,mail,18,9
WARD,senate,31,mail,19,17
WARD,senate,31,mail,20,5
WASHINGTON,house,12,inperson,4,827
WASHINGTON,house,12,inperson,5,829
WASHINGTON,house,12,inperson,6,807
WASHINGTON,house,12,inperson,7,643
WASHINGTON,house,12,inperson,8,824
WASHINGTON,house,12,inperson,9,276
WASHINGTON,house,12,inperson,10,446
WASHINGTON,house,12,inperson,11,813
WASHINGTON,house,12,inperson,12,887
WASHINGTON,house,12,inperson,13,960
WASHINGTON,house,12,inperson,14,1088
WASHINGTON,house,12,inperson,15,1040
WASHINGTON,house,12,mail,4,10
WASHINGTON,house,12,mail,5,14
WASHINGTON,house,12,mail,6,10
WASHINGTON,house,12,mail,7,8
WASHINGTON,house,12,mail,8,49
WASHINGTON,house,12,mail,11,29
WASHINGTON,house,12,mail,12,23
WASHINGTON,house,12,mail,13,31
WASHINGTON,house,12,mail,14,8
WASHINGTON,house,12,mail,15,36
WASHINGTON,house,12,mail,18,29
WASHINGTON,house,12,mail,19,25
WASHINGTON,house,12,mail,20,21
WASHINGTON,house,12,mail,21,7
WASHINGTON,house,12,mail,22,41
WASHINGTON,house,12,mail,25,21
WASHINGTON,house,12,mail,26,54
WASHINGTON,house,12,mail,27,3
WASHINGTON,house,12,mail,28,54
WASHINGTON,house,12,mail,32,5
WASHINGTON,senate,18,inperson,4,827
WASHINGTON,senate,18,inperson,5,829
WASHINGTON,senate,18,inperson,6,807
WASHINGTON,senate,18,inperson,7,643
WASHINGTON,senate,18,inperson,8,824
WASHINGTON,senate,18,inperson,9,276
WASHINGTON,senate,18,inperson,10,446
WASHINGTON,senate,18,inperson,11,813
WASHINGTON,senate,18,inperson,12,887
WASHINGTON,senate,18,inperson,13,960
WASHINGTON,senate,18,inperson,14,1088
WASHINGTON,senate,18,inperson,15,1040
WASHINGTON,senate,18,mail,4,10
WASHINGTON,senate,18,mail,5,14
WASHINGTON,senate,18,mail,6,10
WASHINGTON,senate,18,mail,7,8
WASHINGTON,senate,18,mail,8,49
WASHINGTON,senate,18,mail,11,29
WASHINGTON,senate,18,mail,12,23
WASHINGTON,senate,18,mail,13,31
WASHINGTON,senate,18,mail,14,8
WASHINGTON,senate,18,mail,15,36
WASHINGTON,senate,18,mail,18,29
WASHINGTON,senate,18,mail,19,25
WASHINGTON,senate,18,mail,20,21
WASHINGTON,senate,18,mail,21,7
WASHINGTON,senate,18,mail,22,41
WASHINGTON,senate,18,mail,25,21
WASHINGTON,senate,18,mail,26,54
WASHINGTON,senate,18,mail,27,3
WASHINGTON,senate,18,mail,28,54
WASHINGTON,senate,18,mail,32,5
WEBB,house,42,inperson,4,3785
WEBB,house,42,inperson,5,2268
WEBB,house,42,inperson,6,1957
WEBB,house,42,inperson,7,1557
WEBB,house,42,inperson,8,1391
WEBB,house,42,inperson,9,753
WEBB,house,42,inperson,10,1852
WEBB,house,42,inperson,11,1623
WEBB,house,42,inperson,12,1587
WEBB,house,42,inperson,13,1780
WEBB,house,42,inperson,14,1902
WEBB,house,42,inperson,15,2209
WEBB,house,42,mail,4,29
WEBB,house,42,mail,5,34
WEBB,house,42,mail,6,50
WEBB,house,42,mail,7,10
WEBB,house,42,mail,8,60
WEBB,house,42,mail,10,27
WEBB,house,42,mail,11,59
WEBB,house,42,mail,12,60
WEBB,house,42,mail,13,67
WEBB,house,42,mail,14,106
WEBB,house,42,mail,15,91
WEBB,house,42,mail,19,253
WEBB,house,42,mail,20,19
WEBB,house,80,inperson,4,1188
WEBB,house,80,inperson,5,587
WEBB,house,80,inperson,6,549
WEBB,house,80,inperson,7,484
WEBB,house,80,inperson,8,399
WEBB,house,80,inperson,9,319
WEBB,house,80,inperson,10,921
WEBB,house,80,inperson,11,439
WEBB,house,80,inperson,12,420
WEBB,house,80,inperson,13,537
WEBB,house,80,inperson,14,584
WEBB,house,80,inperson,15,864
WEBB,house,80,mail,4,6
WEBB,house,80,mail,5,6
WEBB,house,80,mail,6,8
WEBB,house,80,mail,7,3
WEBB,house,80,mail,8,14
WEBB,house,80,mail,10,5
WEBB,house,80,mail,11,13
WEBB,house,80,mail,12,9
WEBB,house,80,mail,13,16
WEBB,house,80,mail,14,16
WEBB,house,80,mail,15,14
WEBB,house,80,mail,19,40
WEBB,house,80,mail,20,10
WEBB,senate,21,inperson,4,4973
WEBB,senate,21,inperson,5,2855
WEBB,senate,21,inperson,6,2506
WEBB,senate,21,inperson,7,2041
WEBB,senate,21,inperson,8,1790
WEBB,senate,21,inperson,9,1072
WEBB,senate,21,inperson,10,2773
WEBB,senate,21,inperson,11,2062
WEBB,senate,21,inperson,12,2007
WEBB,senate,21,inperson,13,2317
WEBB,senate,21,inperson,14,2486
WEBB,senate,21,inperson,15,3073
WEBB,senate,21,mail,4,35
WEBB,senate,21,mail,5,40
WEBB,senate,21,mail,6,58
WEBB,senate,21,mail,7,13
WEBB,senate,21,mail,8,74
WEBB,senate,21,mail,10,32
WEBB,senate,21,mail,11,72
WEBB,senate,21,mail,12,69
WEBB,senate,21,mail,13,83
WEBB,senate,21,mail,14,122
WEBB,senate,21,mail,15,105
WEBB,senate,21,mail,19,293
WEBB,senate,21,mail,20,29
WHARTON,house,85,inperson,4,1156
WHARTON,house,85,inperson,5,839
WHARTON,house,85,inperson,6,649
WHARTON,house,85,inperson,7,518
WHARTON,house,85,inperson,8,645
WHARTON,house,85,inperson,9,137
WHARTON,house,85,inperson,10,161
WHARTON,house,85,inperson,11,895
WHARTON,house,85,inperson,12,722
WHARTON,house,85,inperson,13,789
WHARTON,house,85,inperson,14,901
WHARTON,house,85,inperson,15,990
WHARTON,house,85,mail,4,24
WHARTON,house,85,mail,5,16
WHARTON,house,85,mail,6,21
WHARTON,house,85,mail,7,9
WHARTON,house,85,mail,8,24
WHARTON,house,85,mail,10,15
WHARTON,house,85,mail,11,13
WHARTON,house,85,mail,12,29
WHARTON,house,85,mail,13,57
WHARTON,house,85,mail,14,6
WHARTON,house,85,mail,15,36
WHARTON,house,85,mail,18,17
WHARTON,house,85,mail,19,16
WHARTON,house,85,mail,20,23
WHARTON,house,85,mail,21,13
WHARTON,house,85,mail,22,51
WHARTON,house,85,mail,25,34
WHARTON,house,85,mail,26,76
WHARTON,house,85,mail,29,2
WHARTON,house,85,mail,32,1
WHARTON,senate,17,inperson,4,1156
WHARTON,senate,17,inperson,5,839
WHARTON,senate,17,inperson,6,649
WHARTON,senate,17,inperson,7,518
WHARTON,senate,17,inperson,8,645
WHARTON,senate,17,inperson,9,137
WHARTON,senate,17,inperson,10,161
WHARTON,senate,17,inperson,11,895
WHARTON,senate,17,inperson,12,722
WHARTON,senate,17,inperson,13,789
WHARTON,senate,17,inperson,14,901
WHARTON,senate,17,inperson,15,990
WHARTON,senate,17,mail,4,24
WHARTON,senate,17,mail,5,16
WHARTON,senate,17,mail,6,21
WHARTON,senate,17,mail,7,9
WHARTON,senate,17,mail,8,24
WHARTON,senate,17,mail,10,15
WHARTON,senate,17,mail,11,13
WHARTON,senate,17,mail,12,29
WHARTON,senate,17,mail,13,57
WHARTON,senate,17,mail,14,6
WHARTON,senate,17,mail,15,36
WHARTON,senate,17,mail,18,17
WHARTON,senate,17,mail,19,16
WHARTON,senate,17,mail,20,23
WHARTON,senate,17,mail,21,13
WHARTON,senate,17,mail,22,51
WHARTON,senate,17,mail,25,34
WHARTON,senate,17,mail,26,76
WHARTON,senate,17,mail,29,2
WHARTON,senate,17,mail,32,1
WHEELER,house,88,inperson,4,93
WHEELER,house,88,inperson,5,60
WHEELER,house,88,inperson,6,72
WHEELER,house,88,inperson,7,68
WHEELER,house,88,inperson,8,68
WHEELER,house,88,inperson,11,71
WHEELER,house,88,inperson,12,93
WHEELER,house,88,inperson,13,110
WHEELER,house,88,inperson,14,130
WHEELER,house,88,inperson,15,117
WHEELER,house,88,mail,4,6
WHEELER,house,88,mail,5,2
WHEELER,house,88,mail,7,2
WHEELER,house,88,mail,8,5
WHEELER,house,88,mail,11,1
WHEELER,house,88,mail,12,4
WHEELER,house,88,mail,13,8
WHEELER,house,88,mail,14,2
WHEELER,house,88,mail,15,3
WHEELER,house,88,mail,16,3
WHEELER,house,88,mail,18,1
WHEELER,house,88,mail,19,3
WHEELER,house,88,mail,20,2
WHEELER,house,88,mail,21,3
WHEELER,house,88,mail,23,2
WHEELER,house,88,mail,25,1
WHEELER,house,88,mail,26,3
WHEELER,house,88,mail,28,2
WHEELER,house,88,mail,32,10
WHEELER,house,88,mail,33,6
WHEELER,house,88,mail,34,4
WHEELER,house,88,mail,35,3
WHEELER,senate,28,inperson,4,93
WHEELER,senate,28,inperson,5,60
WHEELER,senate,28,inperson,6,72
WHEELER,senate,28,inperson,7,68
WHEELER,senate,28,inperson,8,68
WHEELER,senate,28,inperson,11,71
WHEELER,senate,28,inperson,12,93
WHEELER,senate,28,inperson,13,110
WHEELER,senate,28,inperson,14,130
WHEELER,senate,28,inperson,15,117
WHEELER,senate,28,mail,4,6
WHEELER,senate,28,mail,5,2
WHEELER,senate,28,mail,7,2
WHEELER,senate,28,mail,8,5
WHEELER,senate,28,mail,11,1
WHEELER,senate,28,mail,12,4
WHEELER,senate,28,mail,13,8
WHEELER,senate,28,mail,14,2
WHEELER,senate,28,mail,15,3
WHEELER,senate,28,mail,16,3
WHEELER,senate,28,mail,18,1
WHEELER,senate,28,mail,19,3
WHEELER,senate,28,mail,20,2
WHEELER,senate,28,mail,21,3
WHEELER,senate,28,mail,23,2
WHEELER,senate,28,mail,25,1
WHEELER,senate,28,mail,26,3
WHEELER,senate,28,mail,28,2
WHEELER,senate,28,mail,32,10
WHEELER,senate,28,mail,33,6
WHEELER,senate,28,mail,34,4
WHEELER,senate,28,mail,35,3
WICHITA,house,69,inperson,4,2261
WICHITA,house,69,inperson,5,1721
WICHITA,house,69,inperson,6,1622
WICHITA,house,69,inperson,7,1530
WICHITA,house,69,inperson,8,1558
WICHITA,house,69,inperson,9,464
WICHITA,house,69,inperson,10,1211
WICHITA,house,69,inperson,11,1519
WICHITA,house,69,inperson,12,1867
WICHITA,house,69,inperson,13,1906
WICHITA,house,69,inperson,14,2098
WICHITA,house,69,inperson,15,2096
WICHITA,house,69,mail,4,11
WICHITA,house,69,mail,5,36
WICHITA,house,69,mail,6,31
WICHITA,house,69,mail,7,20
WICHITA,house,69,mail,8,95
WICHITA,house,69,mail,10,38
WICHITA,house,69,mail,11,32
WICHITA,house,69,mail,12,109
WICHITA,house,69,mail,13,4
WICHITA,house,69,mail,14,10
WICHITA,house,69,mail,15,85
WICHITA,house,69,mail,18,111
WICHITA,house,69,mail,21,14
WICHITA,house,69,mail,22,141
WICHITA,house,69,mail,25,55
WICHITA,house,69,mail,26,10
WICHITA,house,69,mail,27,21
WICHITA,house,69,mail,28,79
WICHITA,house,69,mail,32,37
WICHITA,house,69,mail,33,84
WICHITA,house,69,mail,34,1
WICHITA,house,69,mail,35,2
WICHITA,house,69,mail,36,128
WICHITA,house,69,mail,37,11
WICHITA,senate,28,inperson,4,1485
WICHITA,senate,28,inperson,5,1050
WICHITA,senate,28,inperson,6,1049
WICHITA,senate,28,inperson,7,948
WICHITA,senate,28,inperson,8,999
WICHITA,senate,28,inperson,9,297
WICHITA,senate,28,inperson,10,782
WICHITA,senate,28,inperson,11,1038
WICHITA,senate,28,inperson,12,1260
WICHITA,senate,28,inperson,13,1229
WICHITA,senate,28,inperson,14,1360
WICHITA,senate,28,inperson,15,1407
WICHITA,senate,28,mail,4,3
WICHITA,senate,28,mail,5,15
WICHITA,senate,28,mail,6,22
WICHITA,senate,28,mail,7,11
WICHITA,senate,28,mail,8,51
WICHITA,senate,28,mail,10,19
WICHITA,senate,28,mail,11,12
WICHITA,senate,28,mail,12,65
WICHITA,senate,28,mail,13,2
WICHITA,senate,28,mail,14,2
WICHITA,senate,28,mail,15,41
WICHITA,senate,28,mail,18,55
WICHITA,senate,28,mail,21,6
WICHITA,senate,28,mail,22,81
WICHITA,senate,28,mail,25,36
WICHITA,senate,28,mail,26,3
WICHITA,senate,28,mail,27,10
WICHITA,senate,28,mail,28,41
WICHITA,senate,28,mail,32,21
WICHITA,senate,28,mail,33,40
WICHITA,senate,28,mail,36,54
WICHITA,senate,28,mail,37,4
WICHITA,senate,30,inperson,4,776
WICHITA,senate,30,inperson,5,671
WICHITA,senate,30,inperson,6,573
WICHITA,senate,30,inperson,7,582
WICHITA,senate,30,inperson,8,559
WICHITA,senate,30,inperson,9,167
WICHITA,senate,30,inperson,10,429
WICHITA,senate,30,inperson,11,481
WICHITA,senate,30,inperson,12,607
WICHITA,senate,30,inperson,13,677
WICHITA,senate,30,inperson,14,738
WICHITA,senate,30,inperson,15,689
WICHITA,senate,30,mail,4,8
WICHITA,senate,30,mail,5,21
WICHITA,senate,30,mail,6,9
WICHITA,senate,30,mail,7,9
WICHITA,senate,30,mail,8,44
WICHITA,senate,30,mail,10,19
WICHITA,senate,30,mail,11,20
WICHITA,senate,30,mail,12,44
WICHITA,senate,30,mail,13,2
WICHITA,senate,30,mail,14,8
WICHITA,senate,30,mail,15,44
WICHITA,senate,30,mail,18,56
WICHITA,senate,30,mail,21,8
WICHITA,senate,30,mail,22,60
WICHITA,senate,30,mail,25,19
WICHITA,senate,30,mail,26,7
WICHITA,senate,30,mail,27,11
WICHITA,senate,30,mail,28,38
WICHITA,senate,30,mail,32,16
WICHITA,senate,30,mail,33,44
WICHITA,senate,30,mail,34,1
WICHITA,senate,30,mail,35,2
WICHITA,senate,30,mail,36,74
WICHITA,senate,30,mail,37,7
WILBARGER,house,69,inperson,4,239
WILBARGER,house,69,inperson,5,168
WILBARGER,house,69,inperson,6,146
WILBARGER,house,69,inperson,7,153
WILBARGER,house,69,inperson,8,148
WILBARGER,house,69,inperson,11,219
WILBARGER,house,69,inperson,12,175
WILBARGER,house,69,inperson,13,190
WILBARGER,house,69,inperson,14,222
WILBARGER,house,69,inperson,15,199
WILBARGER,house,69,mail,4,1
WILBARGER,house,69,mail,5,1
WILBARGER,house,69,mail,6,5
WILBARGER,house,69,mail,7,3
WILBARGER,house,69,mail,8,8
WILBARGER,house,69,mail,11,7
WILBARGER,house,69,mail,12,6
WILBARGER,house,69,mail,13,2
WILBARGER,house,69,mail,14,13
WILBARGER,house,69,mail,15,12
WILBARGER,house,69,mail,18,3
WILBARGER,house,69,mail,19,5
WILBARGER,house,69,mail,20,3
WILBARGER,house,69,mail,21,8
WILBARGER,house,69,mail,22,13
WILBARGER,house,69,mail,25,8
WILBARGER,house,69,mail,26,23
WILBARGER,house,69,mail,27,29
WILBARGER,house,69,mail,28,36
WILBARGER,house,69,mail,32,29
WILBARGER,house,69,mail,33,6
WILBARGER,house,69,mail,36,3
WILBARGER,senate,28,inperson,4,239
WILBARGER,senate,28,inperson,5,168
WILBARGER,senate,28,inperson,6,146
WILBARGER,senate,28,inperson,7,153
WILBARGER,senate,28,inperson,8,148
WILBARGER,senate,28,inperson,11,219
WILBARGER,senate,28,inperson,12,175
WILBARGER,senate,28,inperson,13,190
WILBARGER,senate,28,inperson,14,222
WILBARGER,senate,28,inperson,15,199
WILBARGER,senate,28,mail,4,1
WILBARGER,senate,28,mail,5,1
WILBARGER,senate,28,mail,6,5
WILBARGER,senate,28,mail,7,3
WILBARGER,senate,28,mail,8,8
WILBARGER,senate,28,mail,11,7
WILBARGER,senate,28,mail,12,6
WILBARGER,senate,28,mail,13,2
WILBARGER,senate,28,mail,14,13
WILBARGER,senate,28,mail,15,12
WILBARGER,senate,28,mail,18,3
WILBARGER,senate,28,mail,19,5
WILBARGER,senate,28,mail,20,3
WILBARGER,senate,28,mail,21,8
WILBARGER,senate,28,mail,22,13
WILBARGER,senate,28,mail,25,8
WILBARGER,senate,28,mail,26,23
WILBARGER,senate,28,mail,27,29
WILBARGER,senate,28,mail,28,36
WILBARGER,senate,28,mail,32,29
WILBARGER,senate,28,mail,33,6
WILBARGER,senate,28,mail,36,3
WILLACY,house,37,inperson,4,249
WILLACY,house,37,inperson,5,258
WILLACY,house,37,inperson,6,76
WILLACY,house,37,inperson,7,92
WILLACY,house,37,inperson,8,140
WILLACY,house,37,inperson,10,70
WILLACY,house,37,inperson,11,182
WILLACY,house,37,inperson,12,161
WILLACY,house,37,inperson,13,180
WILLACY,house,37,inperson,14,240
WILLACY,house,37,inperson,15,260
WILLACY,house,37,mail,4,2
WILLACY,house,37,mail,5,1
WILLACY,house,37,mail,6,8
WILLACY,house,37,mail,8,14
WILLACY,house,37,mail,11,3
WILLACY,house,37,mail,12,3
WILLACY,house,37,mail,13,21
WILLACY,house,37,mail,14,1
WILLACY,house,37,mail,15,8
WILLACY,house,37,mail,18,22
WILLACY,house,37,mail,19,1
WILLACY,house,37,mail,20,21
WILLACY,house,37,mail,21,4
WILLACY,house,37,mail,22,1
WILLACY,senate,27,inperson,4,249
WILLACY,senate,27,inperson,5,258
WILLACY,senate,27,inperson,6,76
WILLACY,senate,27,inperson,7,92
WILLACY,senate,27,inperson,8,140
WILLACY,senate,27,inperson,10,70
WILLACY,senate,27,inperson,11,182
WILLACY,senate,27,inperson,12,161
WILLACY,senate,27,inperson,13,180
WILLACY,senate,27,inperson,14,240
WILLACY,senate,27,inperson,15,260
WILLACY,senate,27,mail,4,2
WILLACY,senate,27,mail,5,1
WILLACY,senate,27,mail,6,8
WILLACY,senate,27,mail,8,14
WILLACY,senate,27,mail,11,3
WILLACY,senate,27,mail,12,3
WILLACY,senate,27,mail,13,21
WILLACY,senate,27,mail,14,1
WILLACY,senate,27,mail,15,8
WILLACY,senate,27,mail,18,22
WILLACY,senate,27,mail,19,1
WILLACY,senate,27,mail,20,21
WILLACY,senate,27,mail,21,4
WILLACY,senate,27,mail,22,1
WILLIAMSON,house,136,inperson,4,6557
WILLIAMSON,house,136,inperson,5,4277
WILLIAMSON,house,136,inperson,6,3500
WILLIAMSON,house,136,inperson,7,3069
WILLIAMSON,house,136,inperson,8,2977
WILLIAMSON,house,136,inperson,9,1453
WILLIAMSON,house,136,inperson,10,2608
WILLIAMSON,house,136,inperson,11,3654
WILLIAMSON,house,136,inperson,12,3354
WILLIAMSON,house,136,inperson,13,3288
WILLIAMSON,house,136,inperson,14,3472
WILLIAMSON,house,136,inperson,15,3948
WILLIAMSON,house,136,inperson,18,1
WILLIAMSON,house,136,inperson,19,1
WILLIAMSON,house,136,mail,4,84
WILLIAMSON,house,136,mail,5,75
WILLIAMSON,house,136,mail,6,76
WILLIAMSON,house,136,mail,7,16
WILLIAMSON,house,136,mail,8,131
WILLIAMSON,house,136,mail,10,88
WILLIAMSON,house,136,mail,11,68
WILLIAMSON,house,136,mail,12,110
WILLIAMSON,house,136,mail,13,107
WILLIAMSON,house,136,mail,14,61
WILLIAMSON,house,136,mail,15,112
WILLIAMSON,house,136,mail,18,79
WILLIAMSON,house,136,mail,19,72
WILLIAMSON,house,136,mail,20,40
WILLIAMSON,house,136,mail,22,187
WILLIAMSON,house,136,mail,23,15
WILLIAMSON,house,136,mail,25,109
WILLIAMSON,house,136,mail,26,126
WILLIAMSON,house,136,mail,27,89
WILLIAMSON,house,136,mail,28,74
WILLIAMSON,house,136,mail,32,54
WILLIAMSON,house,136,mail,33,20
WILLIAMSON,house,136,mail,34,5
WILLIAMSON,house,136,mail,36,1
WILLIAMSON,house,136,mail,37,2
WILLIAMSON,house,20,inperson,4,7627
WILLIAMSON,house,20,inperson,5,5384
WILLIAMSON,house,20,inperson,6,4650
WILLIAMSON,house,20,inperson,7,4589
WILLIAMSON,house,20,inperson,8,4463
WILLIAMSON,house,20,inperson,9,1866
WILLIAMSON,house,20,inperson,10,3424
WILLIAMSON,house,20,inperson,11,5362
WILLIAMSON,house,20,inperson,12,5329
WILLIAMSON,house,20,inperson,13,5651
WILLIAMSON,house,20,inperson,14,5494
WILLIAMSON,house,20,inperson,15,6010
WILLIAMSON,house,20,mail,4,178
WILLIAMSON,house,20,mail,5,112
WILLIAMSON,house,20,mail,6,202
WILLIAMSON,house,20,mail,7,13
WILLIAMSON,house,20,mail,8,172
WILLIAMSON,house,20,mail,10,128
WILLIAMSON,house,20,mail,11,169
WILLIAMSON,house,20,mail,12,209
WILLIAMSON,house,20,mail,13,282
WILLIAMSON,house,20,mail,14,108
WILLIAMSON,house,20,mail,15,230
WILLIAMSON,house,20,mail,18,186
WILLIAMSON,house,20,mail,19,142
WILLIAMSON,house,20,mail,20,174
WILLIAMSON,house,20,mail,21,1
WILLIAMSON,house,20,mail,22,387
WILLIAMSON,house,20,mail,23,5
WILLIAMSON,house,20,mail,25,147
WILLIAMSON,house,20,mail,26,310
WILLIAMSON,house,20,mail,27,261
WILLIAMSON,house,20,mail,28,209
WILLIAMSON,house,20,mail,29,21
WILLIAMSON,house,20,mail,32,115
WILLIAMSON,house,20,mail,33,7
WILLIAMSON,house,20,mail,34,1
WILLIAMSON,house,20,mail,35,3
WILLIAMSON,house,20,mail,36,5
WILLIAMSON,house,20,mail,37,5
WILLIAMSON,house,52,inperson,4,8436
WILLIAMSON,house,52,inperson,5,5421
WILLIAMSON,house,52,inperson,6,4471
WILLIAMSON,house,52,inperson,7,4048
WILLIAMSON,house,52,inperson,8,3926
WILLIAMSON,house,52,inperson,9,1636
WILLIAMSON,house,52,inperson,10,3033
WILLIAMSON,house,52,inperson,11,4687
WILLIAMSON,house,52,inperson,12,4389
WILLIAMSON,house,52,inperson,13,4486
WILLIAMSON,house,52,inperson,14,4772
WILLIAMSON,house,52,inperson,15,5174
WILLIAMSON,house,52,mail,4,118
WILLIAMSON,house,52,mail,5,85
WILLIAMSON,house,52,mail,6,115
WILLIAMSON,house,52,mail,7,17
WILLIAMSON,house,52,mail,8,107
WILLIAMSON,house,52,mail,9,1
WILLIAMSON,house,52,mail,10,93
WILLIAMSON,house,52,mail,11,99
WILLIAMSON,house,52,mail,12,132
WILLIAMSON,house,52,mail,13,151
WILLIAMSON,house,52,mail,14,61
WILLIAMSON,house,52,mail,15,131
WILLIAMSON,house,52,mail,18,87
WILLIAMSON,house,52,mail,19,93
WILLIAMSON,house,52,mail,20,84
WILLIAMSON,house,52,mail,22,218
WILLIAMSON,house,52,mail,23,4
WILLIAMSON,house,52,mail,25,116
WILLIAMSON,house,52,mail,26,127
WILLIAMSON,house,52,mail,27,135
WILLIAMSON,house,52,mail,28,104
WILLIAMSON,house,52,mail,29,7
WILLIAMSON,house,52,mail,32,49
WILLIAMSON,house,52,mail,33,31
WILLIAMSON,house,52,mail,37,1
WILLIAMSON,senate,24,inperson,4,8061
WILLIAMSON,senate,24,inperson,5,5391
WILLIAMSON,senate,24,inperson,6,4406
WILLIAMSON,senate,24,inperson,7,3899
WILLIAMSON,senate,24,inperson,8,3733
WILLIAMSON,senate,24,inperson,9,1896
WILLIAMSON,senate,24,inperson,10,3356
WILLIAMSON,senate,24,inperson,11,4635
WILLIAMSON,senate,24,inperson,12,4239
WILLIAMSON,senate,24,inperson,13,4377
WILLIAMSON,senate,24,inperson,14,4426
WILLIAMSON,senate,24,inperson,15,4890
WILLIAMSON,senate,24,inperson,19,1
WILLIAMSON,senate,24,mail,4,117
WILLIAMSON,senate,24,mail,5,100
WILLIAMSON,senate,24,mail,6,124
WILLIAMSON,senate,24,mail,7,18
WILLIAMSON,senate,24,mail,8,166
WILLIAMSON,senate,24,mail,10,112
WILLIAMSON,senate,24,mail,11,111
WILLIAMSON,senate,24,mail,12,157
WILLIAMSON,senate,24,mail,13,164
WILLIAMSON,senate,24,mail,14,93
WILLIAMSON,senate,24,mail,15,115
WILLIAMSON,senate,24,mail,18,105
WILLIAMSON,senate,24,mail,19,78
WILLIAMSON,senate,24,mail,20,78
WILLIAMSON,senate,24,mail,21,1
WILLIAMSON,senate,24,mail,22,225
WILLIAMSON,senate,24,mail,23,16
WILLIAMSON,senate,24,mail,25,124
WILLIAMSON,senate,24,mail,26,150
WILLIAMSON,senate,24,mail,27,144
WILLIAMSON,senate,24,mail,28,71
WILLIAMSON,senate,24,mail,29,3
WILLIAMSON,senate,24,mail,32,80
WILLIAMSON,senate,24,mail,33,9
WILLIAMSON,senate,24,mail,34,4
WILLIAMSON,senate,24,mail,36,3
WILLIAMSON,senate,24,mail,37,4
WILLIAMSON,senate,5,inperson,4,14558
WILLIAMSON,senate,5,inperson,5,9691
WILLIAMSON,senate,5,inperson,6,8215
WILLIAMSON,senate,5,inperson,7,7807
WILLIAMSON,senate,5,inperson,8,7633
WILLIAMSON,senate,5,inperson,9,3059
WILLIAMSON,senate,5,inperson,10,5709
WILLIAMSON,senate,5,inperson,11,9069
WILLIAMSON,senate,5,inperson,12,8833
WILLIAMSON,senate,5,inperson,13,9048
WILLIAMSON,senate,5,inperson,14,9312
WILLIAMSON,senate,5,inperson,15,10242
WILLIAMSON,senate,5,inperson,18,1
WILLIAMSON,senate,5,mail,4,263
WILLIAMSON,senate,5,mail,5,172
WILLIAMSON,senate,5,mail,6,269
WILLIAMSON,senate,5,mail,7,28
WILLIAMSON,senate,5,mail,8,244
WILLIAMSON,senate,5,mail,9,1
WILLIAMSON,senate,5,mail,10,197
WILLIAMSON,senate,5,mail,11,225
WILLIAMSON,senate,5,mail,12,294
WILLIAMSON,senate,5,mail,13,376
WILLIAMSON,senate,5,mail,14,137
WILLIAMSON,senate,5,mail,15,358
WILLIAMSON,senate,5,mail,18,247
WILLIAMSON,senate,5,mail,19,229
WILLIAMSON,senate,5,mail,20,220
WILLIAMSON,senate,5,mail,22,567
WILLIAMSON,senate,5,mail,23,8
WILLIAMSON,senate,5,mail,25,248
WILLIAMSON,senate,5,mail,26,413
WILLIAMSON,senate,5,mail,27,341
WILLIAMSON,senate,5,mail,28,316
WILLIAMSON,senate,5,mail,29,25
WILLIAMSON,senate,5,mail,32,138
WILLIAMSON,senate,5,mail,33,49
WILLIAMSON,senate,5,mail,34,2
WILLIAMSON,senate,5,mail,35,3
WILLIAMSON,senate,5,mail,36,3
WILLIAMSON,senate,5,mail,37,4
WILSON,house,31,inperson,4,1207
WILSON,house,31,inperson,5,719
WILSON,house,31,inperson,6,561
WILSON,house,31,inperson,7,608
WILSON,house,31,inperson,8,632
WILSON,house,31,inperson,10,883
WILSON,house,31,inperson,11,1617
WILSON,house,31,inperson,12,2236
WILSON,house,31,inperson,13,819
WILSON,house,31,inperson,14,803
WILSON,house,31,inperson,15,869
WILSON,house,31,mail,4,22
WILSON,house,31,mail,5,24
WILSON,house,31,mail,6,26
WILSON,house,31,mail,7,7
WILSON,house,31,mail,8,31
WILSON,house,31,mail,10,34
WILSON,house,31,mail,11,26
WILSON,house,31,mail,12,48
WILSON,house,31,mail,13,36
WILSON,house,31,mail,14,29
WILSON,house,31,mail,15,55
WILSON,house,31,mail,18,30
WILSON,house,31,mail,19,36
WILSON,house,31,mail,20,40
WILSON,house,31,mail,21,27
WILSON,house,31,mail,22,79
WILSON,house,31,mail,25,70
WILSON,house,31,mail,26,94
WILSON,house,31,mail,27,43
WILSON,house,31,mail,28,47
WILSON,house,31,mail,29,22
WILSON,house,31,mail,37,4
WILSON,senate,21,inperson,4,1207
WILSON,senate,21,inperson,5,719
WILSON,senate,21,inperson,6,561
WILSON,senate,21,inperson,7,608
WILSON,senate,21,inperson,8,632
WILSON,senate,21,inperson,10,883
WILSON,senate,21,inperson,11,1617
WILSON,senate,21,inperson,12,2236
WILSON,senate,21,inperson,13,819
WILSON,senate,21,inperson,14,803
WILSON,senate,21,inperson,15,869
WILSON,senate,21,mail,4,22
WILSON,senate,21,mail,5,24
WILSON,senate,21,mail,6,26
WILSON,senate,21,mail,7,7
WILSON,senate,21,mail,8,31
WILSON,senate,21,mail,10,34
WILSON,senate,21,mail,11,26
WILSON,senate,21,mail,12,48
WILSON,senate,21,mail,13,36
WILSON,senate,21,mail,14,29
WILSON,senate,21,mail,15,55
WILSON,senate,21,mail,18,30
WILSON,senate,21,mail,19,36
WILSON,senate,21,mail,20,40
WILSON,senate,21,mail,21,27
WILSON,senate,21,mail,22,79
WILSON,senate,21,mail,25,70
WILSON,senate,21,mail,26,94
WILSON,senate,21,mail,27,43
WILSON,senate,21,mail,28,47
WILSON,senate,21,mail,29,22
WILSON,senate,21,mail,37,4
WINKLER,house,81,inperson,4,84
WINKLER,house,81,inperson,5,46
WINKLER,house,81,inperson,6,41
WINKLER,house,81,inperson,7,34
WINKLER,house,81,inperson,8,41
WINKLER,house,81,inperson,11,89
WINKLER,house,81,inperson,12,81
WINKLER,house,81,inperson,13,51
WINKLER,house,81,inperson,14,80
WINKLER,house,81,inperson,15,76
WINKLER,house,81,mail,4,3
WINKLER,house,81,mail,5,1
WINKLER,house,81,mail,6,2
WINKLER,house,81,mail,7,1
WINKLER,house,81,mail,8,2
WINKLER,house,81,mail,11,3
WINKLER,house,81,mail,12,4
WINKLER,house,81,mail,13,4
WINKLER,house,81,mail,14,10
WINKLER,house,81,mail,15,4
WINKLER,house,81,mail,18,6
WINKLER,senate,31,inperson,4,84
WINKLER,senate,31,inperson,5,46
WINKLER,senate,31,inperson,6,41
WINKLER,senate,31,inperson,7,34
WINKLER,senate,31,inperson,8,41
WINKLER,senate,31,inperson,11,89
WINKLER,senate,31,inperson,12,81
WINKLER,senate,31,inperson,13,51
WINKLER,senate,31,inperson,14,80
WINKLER,senate,31,inperson,15,76
WINKLER,senate,31,mail,4,3
WINKLER,senate,31,mail,5,1
WINKLER,senate,31,mail,6,2
WINKLER,senate,31,mail,7,1
WINKLER,senate,31,mail,8,2
WINKLER,senate,31,mail,11,3
WINKLER,senate,31,mail,12,4
WINKLER,senate,31,mail,13,4
WINKLER,senate,31,mail,14,10
WINKLER,senate,31,mail,15,4
WINKLER,senate,31,mail,18,6
WISE,house,64,inperson,4,2127
WISE,house,64,inperson,5,1498
WISE,house,64,inperson,6,1380
WISE,house,64,inperson,7,1282
WISE,house,64,inperson,8,1335
WISE,house,64,inperson,9,392
WISE,house,64,inperson,10,1083
WISE,house,64,inperson,11,1381
WISE,house,64,inperson,12,1368
WISE,house,64,inperson,13,1455
WISE,house,64,inperson,14,1687
WISE,house,64,inperson,15,1645
WISE,house,64,mail,4,26
WISE,house,64,mail,5,18
WISE,house,64,mail,6,39
WISE,house,64,mail,7,16
WISE,house,64,mail,8,36
WISE,house,64,mail,10,24
WISE,house,64,mail,11,31
WISE,house,64,mail,12,40
WISE,house,64,mail,13,49
WISE,house,64,mail,14,14
WISE,house,64,mail,15,50
WISE,house,64,mail,18,23
WISE,house,64,mail,19,32
WISE,house,64,mail,20,35
WISE,house,64,mail,21,17
WISE,house,64,mail,22,37
WISE,house,64,mail,25,25
WISE,house,64,mail,26,40
WISE,house,64,mail,27,9
WISE,house,64,mail,28,54
WISE,house,64,mail,29,36
WISE,house,64,mail,32,26
WISE,house,64,mail,33,55
WISE,house,64,mail,34,51
WISE,house,64,mail,35,8
WISE,house,64,mail,36,4
WISE,senate,12,inperson,4,2127
WISE,senate,12,inperson,5,1498
WISE,senate,12,inperson,6,1380
WISE,senate,12,inperson,7,1282
WISE,senate,12,inperson,8,1335
WISE,senate,12,inperson,9,392
WISE,senate,12,inperson,10,1083
WISE,senate,12,inperson,11,1381
WISE,senate,12,inperson,12,1368
WISE,senate,12,inperson,13,1455
WISE,senate,12,inperson,14,1687
WISE,senate,12,inperson,15,1645
WISE,senate,12,mail,4,26
WISE,senate,12,mail,5,18
WISE,senate,12,mail,6,39
WISE,senate,12,mail,7,16
WISE,senate,12,mail,8,36
WISE,senate,12,mail,10,24
WISE,senate,12,mail,11,31
WISE,senate,12,mail,12,40
WISE,senate,12,mail,13,49
WISE,senate,12,mail,14,14
WISE,senate,12,mail,15,50
WISE,senate,12,mail,18,23
WISE,senate,12,mail,19,32
WISE,senate,12,mail,20,35
WISE,senate,12,mail,21,17
WISE,senate,12,mail,22,37
WISE,senate,12,mail,25,25
WISE,senate,12,mail,26,40
WISE,senate,12,mail,27,9
WISE,senate,12,mail,28,54
WISE,senate,12,mail,29,36
WISE,senate,12,mail,32,26
WISE,senate,12,mail,33,55
WISE,senate,12,mail,34,51
WISE,senate,12,mail,35,8
WISE,senate,12,mail,36,4
WOOD,house,5,inperson,4,804
WOOD,house,5,inperson,5,675
WOOD,house,5,inperson,6,831
WOOD,house,5,inperson,7,972
WOOD,house,5,inperson,8,637
WOOD,house,5,inperson,10,414
WOOD,house,5,inperson,11,989
WOOD,house,5,inperson,12,1157
WOOD,house,5,inperson,13,1289
WOOD,house,5,inperson,14,1329
WOOD,house,5,inperson,15,952
WOOD,house,5,mail,4,23
WOOD,house,5,mail,5,3
WOOD,house,5,mail,6,35
WOOD,house,5,mail,7,6
WOOD,house,5,mail,8,40
WOOD,house,5,mail,10,27
WOOD,house,5,mail,11,20
WOOD,house,5,mail,12,42
WOOD,house,5,mail,13,36
WOOD,house,5,mail,14,17
WOOD,house,5,mail,15,64
WOOD,house,5,mail,18,75
WOOD,house,5,mail,19,2
WOOD,house,5,mail,20,43
WOOD,house,5,mail,21,7
WOOD,house,5,mail,22,48
WOOD,house,5,mail,25,64
WOOD,house,5,mail,27,13
WOOD,house,5,mail,28,49
WOOD,house,5,mail,32,1
WOOD,house,5,mail,35,67
WOOD,house,5,mail,37,14
WOOD,senate,1,inperson,4,804
WOOD,senate,1,inperson,5,675
WOOD,senate,1,inperson,6,831
WOOD,senate,1,inperson,7,972
WOOD,senate,1,inperson,8,637
WOOD,senate,1,inperson,10,414
WOOD,senate,1,inperson,11,989
WOOD,senate,1,inperson,12,1157
WOOD,senate,1,inperson,13,1289
WOOD,senate,1,inperson,14,1329
WOOD,senate,1,inperson,15,952
WOOD,senate,1,mail,4,23
WOOD,senate,1,mail,5,3
WOOD,senate,1,mail,6,35
WOOD,senate,1,mail,7,6
WOOD,senate,1,mail,8,40
WOOD,senate,1,mail,10,27
WOOD,senate,1,mail,11,20
WOOD,senate,1,mail,12,42
WOOD,senate,1,mail,13,36
WOOD,senate,1,mail,14,17
WOOD,senate,1,mail,15,64
WOOD,senate,1,mail,18,75
WOOD,senate,1,mail,19,2
WOOD,senate,1,mail,20,43
WOOD,senate,1,mail,21,7
WOOD,senate,1,mail,22,48
WOOD,senate,1,mail,25,64
WOOD,senate,1,mail,27,13
WOOD,senate,1,mail,28,49
WOOD,senate,1,mail,32,1
WOOD,senate,1,mail,35,67
WOOD,senate,1,mail,37,14
YOAKUM,house,88,inperson,4,139
YOAKUM,house,88,inperson,5,89
YOAKUM,house,88,inperson,6,80
YOAKUM,house,88,inperson,7,102
YOAKUM,house,88,inperson,8,86
YOAKUM,house,88,inperson,11,110
YOAKUM,house,88,inperson,12,78
YOAKUM,house,88,inperson,13,79
YOAKUM,house,88,inperson,14,112
YOAKUM,house,88,inperson,15,85
YOAKUM,house,88,mail,4,1
YOAKUM,house,88,mail,6,1
YOAKUM,house,88,mail,7,1
YOAKUM,house,88,mail,8,2
YOAKUM,house,88,mail,11,1
YOAKUM,house,88,mail,12,3
YOAKUM,house,88,mail,13,2
YOAKUM,house,88,mail,15,4
YOAKUM,house,88,mail,18,1
YOAKUM,house,88,mail,19,1
YOAKUM,house,88,mail,20,2
YOAKUM,house,88,mail,22,2
YOAKUM,house,88,mail,25,3
YOAKUM,house,88,mail,26,3
YOAKUM,house,88,mail,28,6
YOAKUM,senate,31,inperson,4,139
YOAKUM,senate,31,inperson,5,89
YOAKUM,senate,31,inperson,6,80
YOAKUM,senate,31,inperson,7,102
YOAKUM,senate,31,inperson,8,86
YOAKUM,senate,31,inperson,11,110
YOAKUM,senate,31,inperson,12,78
YOAKUM,senate,31,inperson,13,79
YOAKUM,senate,31,inperson,14,112
YOAKUM,senate,31,inperson,15,85
YOAKUM,senate,31,mail,4,1
YOAKUM,senate,31,mail,6,1
YOAKUM,senate,31,mail,7,1
YOAKUM,senate,31,mail,8,2
YOAKUM,senate,31,mail,11,1
YOAKUM,senate,31,mail,12,3
YOAKUM,senate,31,mail,13,2
YOAKUM,senate,31,mail,15,4
YOAKUM,senate,31,mail,18,1
YOAKUM,senate,31,mail,19,1
YOAKUM,senate,31,mail,20,2
YOAKUM,senate,31,mail,22,2
YOAKUM,senate,31,mail,25,3
YOAKUM,senate,31,mail,26,3
YOAKUM,senate,31,mail,28,6
YOUNG,house,68,inperson,4,430
YOUNG,house,68,inperson,5,332
YOUNG,house,68,inperson,7,315
YOUNG,house,68,inperson,8,333
YOUNG,house,68,inperson,11,412
YOUNG,house,68,inperson,13,402
YOUNG,house,68,inperson,14,530
YOUNG,house,68,inperson,15,494
YOUNG,senate,30,inperson,4,430
YOUNG,senate,30,inperson,5,332
YOUNG,senate,30,inperson,7,315
YOUNG,senate,30,inperson,8,333
YOUNG,senate,30,inperson,11,412
YOUNG,senate,30,inperson,13,402
YOUNG,senate,30,inperson,14,530
YOUNG,senate,30,inperson,15,494
ZAPATA,house,31,inperson,4,401
ZAPATA,house,31,inperson,5,179
ZAPATA,house,31,inperson,6,135
ZAPATA,house,31,inperson,7,141
ZAPATA,house,31,inperson,8,201
ZAPATA,house,31,inperson,9,116
ZAPATA,house,31,inperson,10,213
ZAPATA,house,31,inperson,11,268
ZAPATA,house,31,inperson,12,242
ZAPATA,house,31,inperson,13,231
ZAPATA,house,31,inperson,14,233
ZAPATA,house,31,inperson,15,288
ZAPATA,house,31,mail,4,4
ZAPATA,house,31,mail,5,6
ZAPATA,house,31,mail,6,6
ZAPATA,house,31,mail,7,3
ZAPATA,house,31,mail,8,2
ZAPATA,house,31,mail,10,5
ZAPATA,house,31,mail,11,9
ZAPATA,house,31,mail,12,11
ZAPATA,house,31,mail,13,7
ZAPATA,house,31,mail,15,1
ZAPATA,senate,21,inperson,4,401
ZAPATA,senate,21,inperson,5,179
ZAPATA,senate,21,inperson,6,135
ZAPATA,senate,21,inperson,7,141
ZAPATA,senate,21,inperson,8,201
ZAPATA,senate,21,inperson,9,116
ZAPATA,senate,21,inperson,10,213
ZAPATA,senate,21,inperson,11,268
ZAPATA,senate,21,inperson,12,242
ZAPATA,senate,21,inperson,13,231
ZAPATA,senate,21,inperson,14,233
ZAPATA,senate,21,inperson,15,288
ZAPATA,senate,21,mail,4,4
ZAPATA,senate,21,mail,5,6
ZAPATA,senate,21,mail,6,6
ZAPATA,senate,21,mail,7,3
ZAPATA,senate,21,mail,8,2
ZAPATA,senate,21,mail,10,5
ZAPATA,senate,21,mail,11,9
ZAPATA,senate,21,mail,12,11
ZAPATA,senate,21,mail,13,7
ZAPATA,senate,21,mail,15,1
ZAVALA,house,80,inperson,4,220
ZAVALA,house,80,inperson,5,131
ZAVALA,house,80,inperson,6,102
ZAVALA,house,80,inperson,7,79
ZAVALA,house,80,inperson,8,106
ZAVALA,house,80,inperson,10,62
ZAVALA,house,80,inperson,11,98
ZAVALA,house,80,inperson,12,103
ZAVALA,house,80,inperson,13,95
ZAVALA,house,80,inperson,14,81
ZAVALA,house,80,inperson,15,107
ZAVALA,house,80,mail,4,8
ZAVALA,house,80,mail,5,5
ZAVALA,house,80,mail,6,4
ZAVALA,house,80,mail,7,2
ZAVALA,house,80,mail,8,10
ZAVALA,house,80,mail,11,14
ZAVALA,house,80,mail,12,8
ZAVALA,house,80,mail,13,16
ZAVALA,house,80,mail,15,17
ZAVALA,house,80,mail,18,24
ZAVALA,house,80,mail,19,3
ZAVALA,house,80,mail,20,25
ZAVALA,house,80,mail,22,17
ZAVALA,senate,19,inperson,4,220
ZAVALA,senate,19,inperson,5,131
ZAVALA,senate,19,inperson,6,102
ZAVALA,senate,19,inperson,7,79
ZAVALA,senate,19,inperson,8,106
ZAVALA,senate,19,inperson,10,62
ZAVALA,senate,19,inperson,11,98
ZAVALA,senate,19,inperson,12,103
ZAVALA,senate,19,inperson,13,95
ZAVALA,senate,19,inperson,14,81
ZAVALA,senate,19,inperson,15,107
ZAVALA,senate,19,mail,4,8
ZAVALA,senate,19,mail,5,5
ZAVALA,senate,19,mail,6,4
ZAVALA,senate,19,mail,7,2
ZAVALA,senate,19,mail,8,10
ZAVALA,senate,19,mail,11,14
ZAVALA,senate,19,mail,12,8
ZAVALA,senate,19,mail,13,16
ZAVALA,senate,19,mail,15,17
ZAVALA,senate,19,mail,18,24
ZAVALA,senate,19,mail,19,3
ZAVALA,senate,19,mail,20,25
ZAVALA,senate,19,mail,22,17
