county,chamber,district,mode,days_out,ballots
ALAMANCE,house,63,inperson,3,1425
ALAMANCE,house,63,inperson,4,1666
ALAMANCE,house,63,inperson,5,1211
ALAMANCE,house,63,inperson,6,1074
ALAMANCE,house,63,inperson,7,1083
ALAMANCE,house,63,inperson,8,959
ALAMANCE,house,63,inperson,9,350
ALAMANCE,house,63,inperson,10,583
ALAMANCE,house,63,inperson,11,1122
ALAMANCE,house,63,inperson,12,929
ALAMANCE,house,63,inperson,13,992
ALAMANCE,house,63,inperson,14,1096
ALAMANCE,house,63,inperson,15,1237
ALAMANCE,house,63,inperson,18,1062
ALAMANCE,house,63,inperson,19,1146
ALAMANCE,house,63,mail,1,75
ALAMANCE,house,63,mail,3,53
ALAMANCE,house,63,mail,4,95
ALAMANCE,house,63,mail,5,42
ALAMANCE,house,63,mail,6,51
ALAMANCE,house,63,mail,7,20
ALAMANCE,house,63,mail,8,116
ALAMANCE,house,63,mail,10,1
ALAMANCE,house,63,mail,11,40
ALAMANCE,house,63,mail,12,58
ALAMANCE,house,63,mail,13,52
ALAMANCE,house,63,mail,14,31
ALAMANCE,house,63,mail,15,78
ALAMANCE,house,63,mail,18,23
ALAMANCE,house,63,mail,19,42
ALAMANCE,house,63,mail,20,15
ALAMANCE,house,63,mail,21,9
ALAMANCE,house,63,mail,22,35
ALAMANCE,house,63,mail,25,17
ALAMANCE,house,63,mail,26,19
ALAMANCE,house,63,mail,27,17
ALAMANCE,house,63,mail,28,14
ALAMANCE,house,63,mail,29,5
ALAMANCE,house,63,mail,32,14
ALAMANCE,house,63,mail,33,13
ALAMANCE,house,63,mail,34,10
ALAMANCE,house,63,mail,35,9
ALAMANCE,house,63,mail,36,12
ALAMANCE,house,63,mail,39,8
ALAMANCE,house,63,mail,40,11
ALAMANCE,house,63,mail,41,13
ALAMANCE,house,63,mail,42,4
ALAMANCE,house,63,mail,43,10
ALAMANCE,house,63,mail,46,11
ALAMANCE,house,63,mail,47,7
ALAMANCE,house,63,mail,48,18
ALAMANCE,house,63,mail,50,15
ALAMANCE,house,63,mail,53,8
ALAMANCE,house,63,mail,54,9
ALAMANCE,house,63,mail,55,3
ALAMANCE,house,63,mail,56,1
ALAMANCE,house,63,mail,57,3
ALAMANCE,house,64,inperson,3,1245
ALAMANCE,house,64,inperson,4,1893
ALAMANCE,house,64,inperson,5,1245
ALAMANCE,house,64,inperson,6,1151
ALAMANCE,house,64,inperson,7,1142
ALAMANCE,house,64,inperson,8,1010
ALAMANCE,house,64,inperson,9,367
ALAMANCE,house,64,inperson,10,613
ALAMANCE,house,64,inperson,11,1126
ALAMANCE,house,64,inperson,12,1061
ALAMANCE,house,64,inperson,13,1102
ALAMANCE,house,64,inperson,14,1193
ALAMANCE,house,64,inperson,15,1247
ALAMANCE,house,64,inperson,18,1128
ALAMANCE,house,64,inperson,19,1171
ALAMANCE,house,64,mail,1,123
ALAMANCE,house,64,mail,3,78
ALAMANCE,house,64,mail,4,136
ALAMANCE,house,64,mail,5,42
ALAMANCE,house,64,mail,6,74
ALAMANCE,house,64,mail,7,42
ALAMANCE,house,64,mail,8,111
ALAMANCE,house,64,mail,10,5
ALAMANCE,house,64,mail,11,44
ALAMANCE,house,64,mail,12,96
ALAMANCE,house,64,mail,13,43
ALAMANCE,house,64,mail,14,34
ALAMANCE,house,64,mail,15,105
ALAMANCE,house,64,mail,18,35
ALAMANCE,house,64,mail,19,45
ALAMANCE,house,64,mail,20,33
ALAMANCE,house,64,mail,21,13
ALAMANCE,house,64,mail,22,64
ALAMANCE,house,64,mail,25,10
ALAMANCE,house,64,mail,26,43
ALAMANCE,house,64,mail,27,25
ALAMANCE,house,64,mail,28,26
ALAMANCE,house,64,mail,29,7
ALAMANCE,house,64,mail,32,9
ALAMANCE,house,64,mail,33,18
ALAMANCE,house,64,mail,34,21
ALAMANCE,house,64,mail,35,9
ALAMANCE,house,64,mail,36,26
ALAMANCE,house,64,mail,39,9
ALAMANCE,house,64,mail,40,11
ALAMANCE,house,64,mail,41,22
ALAMANCE,house,64,mail,42,5
ALAMANCE,house,64,mail,43,16
ALAMANCE,house,64,mail,46,9
ALAMANCE,house,64,mail,47,9
ALAMANCE,house,64,mail,48,7
ALAMANCE,house,64,mail,49,1
ALAMANCE,house,64,mail,50,15
ALAMANCE,house,64,mail,53,10
ALAMANCE,house,64,mail,54,7
ALAMANCE,house,64,mail,55,2
ALAMANCE,house,64,mail,56,1
ALAMANCE,house,64,mail,57,4
ALAMANCE,house,64,mail,60,2
ALAMANCE,senate,25,inperson,3,2670
ALAMANCE,senate,25,inperson,4,3559
ALAMANCE,senate,25,inperson,5,2456
ALAMANCE,senate,25,inperson,6,2225
ALAMANCE,senate,25,inperson,7,2225
ALAMANCE,senate,25,inperson,8,1969
ALAMANCE,senate,25,inperson,9,717
ALAMANCE,senate,25,inperson,10,1196
ALAMANCE,senate,25,inperson,11,2248
ALAMANCE,senate,25,inperson,12,1990
ALAMANCE,senate,25,inperson,13,2094
ALAMANCE,senate,25,inperson,14,2289
ALAMANCE,senate,25,inperson,15,2484
ALAMANCE,senate,25,inperson,18,2190
ALAMANCE,senate,25,inperson,19,2317
ALAMANCE,senate,25,mail,1,198
ALAMANCE,senate,25,mail,3,131
ALAMANCE,senate,25,mail,4,231
ALAMANCE,senate,25,mail,5,84
ALAMANCE,senate,25,mail,6,125
ALAMANCE,senate,25,mail,7,62
ALAMANCE,senate,25,mail,8,227
ALAMANCE,senate,25,mail,10,6
ALAMANCE,senate,25,mail,11,84
ALAMANCE,senate,25,mail,12,154
ALAMANCE,senate,25,mail,13,95
ALAMANCE,senate,25,mail,14,65
ALAMANCE,senate,25,mail,15,183
ALAMANCE,senate,25,mail,18,58
ALAMANCE,senate,25,mail,19,87
ALAMANCE,senate,25,mail,20,48
ALAMANCE,senate,25,mail,21,22
ALAMANCE,senate,25,mail,22,99
ALAMANCE,senate,25,mail,25,27
ALAMANCE,senate,25,mail,26,62
ALAMANCE,senate,25,mail,27,42
ALAMANCE,senate,25,mail,28,40
ALAMANCE,senate,25,mail,29,12
ALAMANCE,senate,25,mail,32,23
ALAMANCE,senate,25,mail,33,31
ALAMANCE,senate,25,mail,34,31
ALAMANCE,senate,25,mail,35,18
ALAMANCE,senate,25,mail,36,38
ALAMANCE,senate,25,mail,39,17
ALAMANCE,senate,25,mail,40,22
ALAMANCE,senate,25,mail,41,35
ALAMANCE,senate,25,mail,42,9
ALAMANCE,senate,25,mail,43,26
ALAMANCE,senate,25,mail,46,20
ALAMANCE,senate,25,mail,47,16
ALAMANCE,senate,25,mail,48,25
ALAMANCE,senate,25,mail,49,1
ALAMANCE,senate,25,mail,50,30
ALAMANCE,senate,25,mail,53,18
ALAMANCE,senate,25,mail,54,16
ALAMANCE,senate,25,mail,55,5
ALAMANCE,senate,25,mail,56,2
ALAMANCE,senate,25,mail,57,7
ALAMANCE,senate,25,mail,60,2
ALEXANDER,house,94,inperson,3,771
ALEXANDER,house,94,inperson,4,1000
ALEXANDER,house,94,inperson,5,637
ALEXANDER,house,94,inperson,6,578
ALEXANDER,house,94,inperson,7,598
ALEXANDER,house,94,inperson,8,611
ALEXANDER,house,94,inperson,10,389
ALEXANDER,house,94,inperson,11,731
ALEXANDER,house,94,inperson,12,580
ALEXANDER,house,94,inperson,13,625
ALEXANDER,house,94,inperson,14,687
ALEXANDER,house,94,inperson,15,749
ALEXANDER,house,94,inperson,18,898
ALEXANDER,house,94,inperson,19,935
ALEXANDER,house,94,mail,0,11
ALEXANDER,house,94,mail,1,36
ALEXANDER,house,94,mail,3,6
ALEXANDER,house,94,mail,4,22
ALEXANDER,house,94,mail,5,18
ALEXANDER,house,94,mail,6,22
ALEXANDER,house,94,mail,7,6
ALEXANDER,house,94,mail,8,17
ALEXANDER,house,94,mail,11,5
ALEXANDER,house,94,mail,12,10
ALEXANDER,house,94,mail,13,23
ALEXANDER,house,94,mail,14,5
ALEXANDER,house,94,mail,15,23
ALEXANDER,house,94,mail,18,4
ALEXANDER,house,94,mail,19,6
ALEXANDER,house,94,mail,20,5
ALEXANDER,house,94,mail,22,2
ALEXANDER,house,94,mail,25,19
ALEXANDER,house,94,mail,26,9
ALEXANDER,house,94,mail,27,1
ALEXANDER,house,94,mail,28,11
ALEXANDER,house,94,mail,32,3
ALEXANDER,house,94,mail,33,3
ALEXANDER,house,94,mail,34,3
ALEXANDER,house,94,mail,35,5
ALEXANDER,house,94,mail,36,3
ALEXANDER,house,94,mail,40,2
ALEXANDER,house,94,mail,41,4
ALEXANDER,house,94,mail,43,7
ALEXANDER,house,94,mail,48,3
ALEXANDER,house,94,mail,50,3
ALEXANDER,house,94,mail,53,3
ALEXANDER,house,94,mail,57,1
ALEXANDER,senate,36,inperson,3,771
ALEXANDER,senate,36,inperson,4,1000
ALEXANDER,senate,36,inperson,5,637
ALEXANDER,senate,36,inperson,6,578
ALEXANDER,senate,36,inperson,7,598
ALEXANDER,senate,36,inperson,8,611
ALEXANDER,senate,36,inperson,10,389
ALEXANDER,senate,36,inperson,11,731
ALEXANDER,senate,36,inperson,12,580
ALEXANDER,senate,36,inperson,13,625
ALEXANDER,senate,36,inperson,14,687
ALEXANDER,senate,36,inperson,15,749
ALEXANDER,senate,36,inperson,18,898
ALEXANDER,senate,36,inperson,19,935
ALEXANDER,senate,36,mail,0,11
ALEXANDER,senate,36,mail,1,36
ALEXANDER,senate,36,mail,3,6
ALEXANDER,senate,36,mail,4,22
ALEXANDER,senate,36,mail,5,18
ALEXANDER,senate,36,mail,6,22
ALEXANDER,senate,36,mail,7,6
ALEXANDER,senate,36,mail,8,17
ALEXANDER,senate,36,mail,11,5
ALEXANDER,senate,36,mail,12,10
ALEXANDER,senate,36,mail,13,23
ALEXANDER,senate,36,mail,14,5
ALEXANDER,senate,36,mail,15,23
ALEXANDER,senate,36,mail,18,4
ALEXANDER,senate,36,mail,19,6
ALEXANDER,senate,36,mail,20,5
ALEXANDER,senate,36,mail,22,2
ALEXANDER,senate,36,mail,25,19
ALEXANDER,senate,36,mail,26,9
ALEXANDER,senate,36,mail,27,1
ALEXANDER,senate,36,mail,28,11
ALEXANDER,senate,36,mail,32,3
ALEXANDER,senate,36,mail,33,3
ALEXANDER,senate,36,mail,34,3
ALEXANDER,senate,36,mail,35,5
ALEXANDER,senate,36,mail,36,3
ALEXANDER,senate,36,mail,40,2
ALEXANDER,senate,36,mail,41,4
ALEXANDER,senate,36,mail,43,7
ALEXANDER,senate,36,mail,48,3
ALEXANDER,senate,36,mail,50,3
ALEXANDER,senate,36,mail,53,3
ALEXANDER,senate,36,mail,57,1
ALLEGHANY,house,93,inperson,3,205
ALLEGHANY,house,93,inperson,4,250
ALLEGHANY,house,93,inperson,5,184
ALLEGHANY,house,93,inperson,6,200
ALLEGHANY,house,93,inperson,7,199
ALLEGHANY,house,93,inperson,8,254
ALLEGHANY,house,93,inperson,11,270
ALLEGHANY,house,93,inperson,12,233
ALLEGHANY,house,93,inperson,13,222
ALLEGHANY,house,93,inperson,14,247
ALLEGHANY,house,93,inperson,15,241
ALLEGHANY,house,93,inperson,18,282
ALLEGHANY,house,93,inperson,19,320
ALLEGHANY,house,93,mail,0,12
ALLEGHANY,house,93,mail,1,20
ALLEGHANY,house,93,mail,3,4
ALLEGHANY,house,93,mail,4,7
ALLEGHANY,house,93,mail,5,10
ALLEGHANY,house,93,mail,6,6
ALLEGHANY,house,93,mail,7,1
ALLEGHANY,house,93,mail,8,15
ALLEGHANY,house,93,mail,11,2
ALLEGHANY,house,93,mail,12,2
ALLEGHANY,house,93,mail,13,12
ALLEGHANY,house,93,mail,14,8
ALLEGHANY,house,93,mail,15,11
ALLEGHANY,house,93,mail,18,5
ALLEGHANY,house,93,mail,19,1
ALLEGHANY,house,93,mail,20,2
ALLEGHANY,house,93,mail,22,15
ALLEGHANY,house,93,mail,25,3
ALLEGHANY,house,93,mail,26,1
ALLEGHANY,house,93,mail,28,3
ALLEGHANY,house,93,mail,29,7
ALLEGHANY,house,93,mail,32,1
ALLEGHANY,house,93,mail,33,3
ALLEGHANY,house,93,mail,34,2
ALLEGHANY,house,93,mail,36,5
ALLEGHANY,house,93,mail,40,2
ALLEGHANY,house,93,mail,42,1
ALLEGHANY,house,93,mail,47,2
ALLEGHANY,house,93,mail,48,1
ALLEGHANY,house,93,mail,50,5
ALLEGHANY,house,93,mail,53,1
ALLEGHANY,house,93,mail,54,1
ALLEGHANY,house,93,mail,56,1
ALLEGHANY,senate,47,inperson,3,205
ALLEGHANY,senate,47,inperson,4,250
ALLEGHANY,senate,47,inperson,5,184
ALLEGHANY,senate,47,inperson,6,200
ALLEGHANY,senate,47,inperson,7,199
ALLEGHANY,senate,47,inperson,8,254
ALLEGHANY,senate,47,inperson,11,270
ALLEGHANY,senate,47,inperson,12,233
ALLEGHANY,senate,47,inperson,13,222
ALLEGHANY,senate,47,inperson,14,247
ALLEGHANY,senate,47,inperson,15,241
ALLEGHANY,senate,47,inperson,18,282
ALLEGHANY,senate,47,inperson,19,320
ALLEGHANY,senate,47,mail,0,12
ALLEGHANY,senate,47,mail,1,20
ALLEGHANY,senate,47,mail,3,4
ALLEGHANY,senate,47,mail,4,7
ALLEGHANY,senate,47,mail,5,10
ALLEGHANY,senate,47,mail,6,6
ALLEGHANY,senate,47,mail,7,1
ALLEGHANY,senate,47,mail,8,15
ALLEGHANY,senate,47,mail,11,2
ALLEGHANY,senate,47,mail,12,2
ALLEGHANY,senate,47,mail,13,12
ALLEGHANY,senate,47,mail,14,8
ALLEGHANY,senate,47,mail,15,11
ALLEGHANY,senate,47,mail,18,5
ALLEGHANY,senate,47,mail,19,1
ALLEGHANY,senate,47,mail,20,2
ALLEGHANY,senate,47,mail,22,15
ALLEGHANY,senate,47,mail,25,3
ALLEGHANY,senate,47,mail,26,1
ALLEGHANY,senate,47,mail,28,3
ALLEGHANY,senate,47,mail,29,7
ALLEGHANY,senate,47,mail,32,1
ALLEGHANY,senate,47,mail,33,3
ALLEGHANY,senate,47,mail,34,2
ALLEGHANY,senate,47,mail,36,5
ALLEGHANY,senate,47,mail,40,2
ALLEGHANY,senate,47,mail,42,1
ALLEGHANY,senate,47,mail,47,2
ALLEGHANY,senate,47,mail,48,1
ALLEGHANY,senate,47,mail,50,5
ALLEGHANY,senate,47,mail,53,1
ALLEGHANY,senate,47,mail,54,1
ALLEGHANY,senate,47,mail,56,1
ANSON,house,55,inperson,3,288
ANSON,house,55,inperson,4,295
ANSON,house,55,inperson,5,206
ANSON,house,55,inperson,6,217
ANSON,house,55,inperson,7,229
ANSON,house,55,inperson,8,222
ANSON,house,55,inperson,9,76
ANSON,house,55,inperson,10,109
ANSON,house,55,inperson,11,190
ANSON,house,55,inperson,12,194
ANSON,house,55,inperson,13,154
ANSON,house,55,inperson,14,208
ANSON,house,55,inperson,15,214
ANSON,house,55,inperson,17,111
ANSON,house,55,inperson,18,228
ANSON,house,55,inperson,19,304
ANSON,house,55,mail,0,33
ANSON,house,55,mail,1,1
ANSON,house,55,mail,3,4
ANSON,house,55,mail,4,21
ANSON,house,55,mail,8,3
ANSON,house,55,mail,10,4
ANSON,house,55,mail,12,12
ANSON,house,55,mail,14,8
ANSON,house,55,mail,15,8
ANSON,house,55,mail,18,11
ANSON,house,55,mail,19,16
ANSON,house,55,mail,22,6
ANSON,house,55,mail,25,7
ANSON,house,55,mail,26,3
ANSON,house,55,mail,32,2
ANSON,house,55,mail,35,6
ANSON,house,55,mail,40,8
ANSON,senate,29,inperson,3,288
ANSON,senate,29,inperson,4,295
ANSON,senate,29,inperson,5,206
ANSON,senate,29,inperson,6,217
ANSON,senate,29,inperson,7,229
ANSON,senate,29,inperson,8,222
ANSON,senate,29,inperson,9,76
ANSON,senate,29,inperson,10,109
ANSON,senate,29,inperson,11,190
ANSON,senate,29,inperson,12,194
ANSON,senate,29,inperson,13,154
ANSON,senate,29,inperson,14,208
ANSON,senate,29,inperson,15,214
ANSON,senate,29,inperson,17,111
ANSON,senate,29,inperson,18,228
ANSON,senate,29,inperson,19,304
ANSON,senate,29,mail,0,33
ANSON,senate,29,mail,1,1
ANSON,senate,29,mail,3,4
ANSON,senate,29,mail,4,21
ANSON,senate,29,mail,8,3
ANSON,senate,29,mail,10,4
ANSON,senate,29,mail,12,12
ANSON,senate,29,mail,14,8
ANSON,senate,29,mail,15,8
ANSON,senate,29,mail,18,11
ANSON,senate,29,mail,19,16
ANSON,senate,29,mail,22,6
ANSON,senate,29,mail,25,7
ANSON,senate,29,mail,26,3
ANSON,senate,29,mail,32,2
ANSON,senate,29,mail,35,6
ANSON,senate,29,mail,40,8
ASHE,house,93,inperson,3,378
ASHE,house,93,inperson,4,604
ASHE,house,93,inperson,5,446
ASHE,house,93,inperson,6,424
ASHE,house,93,inperson,7,403
ASHE,house,93,inperson,8,334
ASHE,house,93,inperson,10,182
ASHE,house,93,inperson,11,426
ASHE,house,93,inperson,12,320
ASHE,house,93,inperson,13,375
ASHE,house,93,inperson,14,361
ASHE,house,93,inperson,15,367
ASHE,house,93,inperson,17,106
ASHE,house,93,inperson,18,321
ASHE,house,93,inperson,19,402
ASHE,house,93,mail,0,15
ASHE,house,93,mail,1,22
ASHE,house,93,mail,3,24
ASHE,house,93,mail,4,20
ASHE,house,93,mail,5,28
ASHE,house,93,mail,6,23
ASHE,house,93,mail,7,6
ASHE,house,93,mail,8,21
ASHE,house,93,mail,10,1
ASHE,house,93,mail,11,6
ASHE,house,93,mail,12,23
ASHE,house,93,mail,13,14
ASHE,house,93,mail,14,3
ASHE,house,93,mail,15,27
ASHE,house,93,mail,17,7
ASHE,house,93,mail,18,15
ASHE,house,93,mail,19,7
ASHE,house,93,mail,20,7
ASHE,house,93,mail,22,6
ASHE,house,93,mail,25,5
ASHE,house,93,mail,26,3
ASHE,house,93,mail,27,2
ASHE,house,93,mail,28,5
ASHE,house,93,mail,29,1
ASHE,house,93,mail,33,1
ASHE,house,93,mail,34,1
ASHE,house,93,mail,35,3
ASHE,house,93,mail,36,3
ASHE,house,93,mail,39,3
ASHE,house,93,mail,40,1
ASHE,house,93,mail,43,7
ASHE,house,93,mail,46,2
ASHE,house,93,mail,47,2
ASHE,house,93,mail,49,1
ASHE,house,93,mail,50,3
ASHE,house,93,mail,53,2
ASHE,senate,47,inperson,3,378
ASHE,senate,47,inperson,4,604
ASHE,senate,47,inperson,5,446
ASHE,senate,47,inperson,6,424
ASHE,senate,47,inperson,7,403
ASHE,senate,47,inperson,8,334
ASHE,senate,47,inperson,10,182
ASHE,senate,47,inperson,11,426
ASHE,senate,47,inperson,12,320
ASHE,senate,47,inperson,13,375
ASHE,senate,47,inperson,14,361
ASHE,senate,47,inperson,15,367
ASHE,senate,47,inperson,17,106
ASHE,senate,47,inperson,18,321
ASHE,senate,47,inperson,19,402
ASHE,senate,47,mail,0,15
ASHE,senate,47,mail,1,22
ASHE,senate,47,mail,3,24
ASHE,senate,47,mail,4,20
ASHE,senate,47,mail,5,28
ASHE,senate,47,mail,6,23
ASHE,senate,47,mail,7,6
ASHE,senate,47,mail,8,21
ASHE,senate,47,mail,10,1
ASHE,senate,47,mail,11,6
ASHE,senate,47,mail,12,23
ASHE,senate,47,mail,13,14
ASHE,senate,47,mail,14,3
ASHE,senate,47,mail,15,27
ASHE,senate,47,mail,17,7
ASHE,senate,47,mail,18,15
ASHE,senate,47,mail,19,7
ASHE,senate,47,mail,20,7
ASHE,senate,47,mail,22,6
ASHE,senate,47,mail,25,5
ASHE,senate,47,mail,26,3
ASHE,senate,47,mail,27,2
ASHE,senate,47,mail,28,5
ASHE,senate,47,mail,29,1
ASHE,senate,47,mail,33,1
ASHE,senate,47,mail,34,1
ASHE,senate,47,mail,35,3
ASHE,senate,47,mail,36,3
ASHE,senate,47,mail,39,3
ASHE,senate,47,mail,40,1
ASHE,senate,47,mail,43,7
ASHE,senate,47,mail,46,2
ASHE,senate,47,mail,47,2
ASHE,senate,47,mail,49,1
ASHE,senate,47,mail,50,3
ASHE,senate,47,mail,53,2
AVERY,house,85,inperson,3,143
AVERY,house,85,inperson,4,206
AVERY,house,85,inperson,5,185
AVERY,house,85,inperson,6,155
AVERY,house,85,inperson,7,151
AVERY,house,85,inperson,8,151
AVERY,house,85,inperson,11,131
AVERY,house,85,inperson,12,119
AVERY,house,85,inperson,13,150
AVERY,house,85,inperson,14,133
AVERY,house,85,inperson,15,159
AVERY,house,85,inperson,18,153
AVERY,house,85,inperson,19,206
AVERY,house,85,mail,0,10
AVERY,house,85,mail,1,3
AVERY,house,85,mail,3,16
AVERY,house,85,mail,4,11
AVERY,house,85,mail,5,14
AVERY,house,85,mail,6,15
AVERY,house,85,mail,8,11
AVERY,house,85,mail,11,15
AVERY,house,85,mail,12,2
AVERY,house,85,mail,13,7
AVERY,house,85,mail,14,2
AVERY,house,85,mail,15,20
AVERY,house,85,mail,18,3
AVERY,house,85,mail,19,6
AVERY,house,85,mail,20,4
AVERY,house,85,mail,22,11
AVERY,house,85,mail,25,4
AVERY,house,85,mail,26,2
AVERY,house,85,mail,27,1
AVERY,house,85,mail,28,3
AVERY,house,85,mail,29,6
AVERY,house,85,mail,32,2
AVERY,house,85,mail,34,2
AVERY,house,85,mail,35,2
AVERY,house,85,mail,39,2
AVERY,house,85,mail,41,3
AVERY,house,85,mail,42,3
AVERY,house,85,mail,43,6
AVERY,house,85,mail,47,3
AVERY,house,85,mail,49,1
AVERY,house,85,mail,50,3
AVERY,senate,47,inperson,3,143
AVERY,senate,47,inperson,4,206
AVERY,senate,47,inperson,5,185
AVERY,senate,47,inperson,6,155
AVERY,senate,47,inperson,7,151
AVERY,senate,47,inperson,8,151
AVERY,senate,47,inperson,11,131
AVERY,senate,47,inperson,12,119
AVERY,senate,47,inperson,13,150
AVERY,senate,47,inperson,14,133
AVERY,senate,47,inperson,15,159
AVERY,senate,47,inperson,18,153
AVERY,senate,47,inperson,19,206
AVERY,senate,47,mail,0,10
AVERY,senate,47,mail,1,3
AVERY,senate,47,mail,3,16
AVERY,senate,47,mail,4,11
AVERY,senate,47,mail,5,14
AVERY,senate,47,mail,6,15
AVERY,senate,47,mail,8,11
AVERY,senate,47,mail,11,15
AVERY,senate,47,mail,12,2
AVERY,senate,47,mail,13,7
AVERY,senate,47,mail,14,2
AVERY,senate,47,mail,15,20
AVERY,senate,47,mail,18,3
AVERY,senate,47,mail,19,6
AVERY,senate,47,mail,20,4
AVERY,senate,47,mail,22,11
AVERY,senate,47,mail,25,4
AVERY,senate,47,mail,26,2
AVERY,senate,47,mail,27,1
AVERY,senate,47,mail,28,3
AVERY,senate,47,mail,29,6
AVERY,senate,47,mail,32,2
AVERY,senate,47,mail,34,2
AVERY,senate,47,mail,35,2
AVERY,senate,47,mail,39,2
AVERY,senate,47,mail,41,3
AVERY,senate,47,mail,42,3
AVERY,senate,47,mail,43,6
AVERY,senate,47,mail,47,3
AVERY,senate,47,mail,49,1
AVERY,senate,47,mail,50,3
BEAUFORT,house,79,inperson,3,749
BEAUFORT,house,79,inperson,4,991
BEAUFORT,house,79,inperson,5,839
BEAUFORT,house,79,inperson,6,875
BEAUFORT,house,79,inperson,7,644
BEAUFORT,house,79,inperson,8,624
BEAUFORT,house,79,inperson,11,631
BEAUFORT,house,79,inperson,12,551
BEAUFORT,house,79,inperson,13,628
BEAUFORT,house,79,inperson,14,727
BEAUFORT,house,79,inperson,15,827
BEAUFORT,house,79,inperson,18,798
BEAUFORT,house,79,inperson,19,787
BEAUFORT,house,79,mail,0,22
BEAUFORT,house,79,mail,1,55
BEAUFORT,house,79,mail,3,3
BEAUFORT,house,79,mail,4,22
BEAUFORT,house,79,mail,5,25
BEAUFORT,house,79,mail,6,29
BEAUFORT,house,79,mail,7,19
BEAUFORT,house,79,mail,8,41
BEAUFORT,house,79,mail,11,17
BEAUFORT,house,79,mail,12,14
BEAUFORT,house,79,mail,13,33
BEAUFORT,house,79,mail,14,9
BEAUFORT,house,79,mail,15,28
BEAUFORT,house,79,mail,18,19
BEAUFORT,house,79,mail,19,3
BEAUFORT,house,79,mail,20,19
BEAUFORT,house,79,mail,21,3
BEAUFORT,house,79,mail,22,16
BEAUFORT,house,79,mail,25,7
BEAUFORT,house,79,mail,26,5
BEAUFORT,house,79,mail,27,3
BEAUFORT,house,79,mail,28,7
BEAUFORT,house,79,mail,29,8
BEAUFORT,house,79,mail,32,4
BEAUFORT,house,79,mail,33,4
BEAUFORT,house,79,mail,34,2
BEAUFORT,house,79,mail,35,4
BEAUFORT,house,79,mail,36,7
BEAUFORT,house,79,mail,39,6
BEAUFORT,house,79,mail,40,4
BEAUFORT,house,79,mail,41,3
BEAUFORT,house,79,mail,42,1
BEAUFORT,house,79,mail,43,12
BEAUFORT,house,79,mail,44,1
BEAUFORT,house,79,mail,46,1
BEAUFORT,house,79,mail,48,4
BEAUFORT,house,79,mail,50,3
BEAUFORT,house,79,mail,53,3
BEAUFORT,house,79,mail,54,2
BEAUFORT,house,79,mail,55,4
BEAUFORT,house,79,mail,57,1
BEAUFORT,senate,2,inperson,3,749
BEAUFORT,senate,2,inperson,4,991
BEAUFORT,senate,2,inperson,5,839
BEAUFORT,senate,2,inperson,6,875
BEAUFORT,senate,2,inperson,7,644
BEAUFORT,senate,2,inperson,8,624
BEAUFORT,senate,2,inperson,11,631
BEAUFORT,senate,2,inperson,12,551
BEAUFORT,senate,2,inperson,13,628
BEAUFORT,senate,2,inperson,14,727
BEAUFORT,senate,2,inperson,15,827
BEAUFORT,senate,2,inperson,18,798
BEAUFORT,senate,2,inperson,19,787
BEAUFORT,senate,2,mail,0,22
BEAUFORT,senate,2,mail,1,55
BEAUFORT,senate,2,mail,3,3
BEAUFORT,senate,2,mail,4,22
BEAUFORT,senate,2,mail,5,25
BEAUFORT,senate,2,mail,6,29
BEAUFORT,senate,2,mail,7,19
BEAUFORT,senate,2,mail,8,41
BEAUFORT,senate,2,mail,11,17
BEAUFORT,senate,2,mail,12,14
BEAUFORT,senate,2,mail,13,33
BEAUFORT,senate,2,mail,14,9
BEAUFORT,senate,2,mail,15,28
BEAUFORT,senate,2,mail,18,19
BEAUFORT,senate,2,mail,19,3
BEAUFORT,senate,2,mail,20,19
BEAUFORT,senate,2,mail,21,3
BEAUFORT,senate,2,mail,22,16
BEAUFORT,senate,2,mail,25,7
BEAUFORT,senate,2,mail,26,5
BEAUFORT,senate,2,mail,27,3
BEAUFORT,senate,2,mail,28,7
BEAUFORT,senate,2,mail,29,8
BEAUFORT,senate,2,mail,32,4
BEAUFORT,senate,2,mail,33,4
BEAUFORT,senate,2,mail,34,2
BEAUFORT,senate,2,mail,35,4
BEAUFORT,senate,2,mail,36,7
BEAUFORT,senate,2,mail,39,6
BEAUFORT,senate,2,mail,40,4
BEAUFORT,senate,2,mail,41,3
BEAUFORT,senate,2,mail,42,1
BEAUFORT,senate,2,mail,43,12
BEAUFORT,senate,2,mail,44,1
BEAUFORT,senate,2,mail,46,1
BEAUFORT,senate,2,mail,48,4
BEAUFORT,senate,2,mail,50,3
BEAUFORT,senate,2,mail,53,3
BEAUFORT,senate,2,mail,54,2
BEAUFORT,senate,2,mail,55,4
BEAUFORT,senate,2,mail,57,1
BERTIE,house,23,inperson,3,238
BERTIE,house,23,inperson,4,368
BERTIE,house,23,inperson,5,265
BERTIE,house,23,inperson,6,262
BERTIE,house,23,inperson,7,249
BERTIE,house,23,inperson,8,226
BERTIE,house,23,inperson,11,183
BERTIE,house,23,inperson,12,251
BERTIE,house,23,inperson,13,231
BERTIE,house,23,inperson,14,216
BERTIE,house,23,inperson,15,283
BERTIE,house,23,inperson,18,291
BERTIE,house,23,inperson,19,283
BERTIE,house,23,mail,0,22
BERTIE,house,23,mail,1,20
BERTIE,house,23,mail,3,2
BERTIE,house,23,mail,4,8
BERTIE,house,23,mail,5,5
BERTIE,house,23,mail,6,1
BERTIE,house,23,mail,8,3
BERTIE,house,23,mail,11,8
BERTIE,house,23,mail,14,1
BERTIE,house,23,mail,15,2
BERTIE,house,23,mail,18,6
BERTIE,house,23,mail,19,1
BERTIE,house,23,mail,20,1
BERTIE,house,23,mail,21,2
BERTIE,house,23,mail,25,1
BERTIE,house,23,mail,28,2
BERTIE,house,23,mail,32,2
BERTIE,house,23,mail,34,4
BERTIE,house,23,mail,35,3
BERTIE,house,23,mail,40,3
BERTIE,house,23,mail,42,3
BERTIE,house,23,mail,50,1
BERTIE,senate,3,inperson,3,238
BERTIE,senate,3,inperson,4,368
BERTIE,senate,3,inperson,5,265
BERTIE,senate,3,inperson,6,262
BERTIE,senate,3,inperson,7,249
BERTIE,senate,3,inperson,8,226
BERTIE,senate,3,inperson,11,183
BERTIE,senate,3,inperson,12,251
BERTIE,senate,3,inperson,13,231
BERTIE,senate,3,inperson,14,216
BERTIE,senate,3,inperson,15,283
BERTIE,senate,3,inperson,18,291
BERTIE,senate,3,inperson,19,283
BERTIE,senate,3,mail,0,22
BERTIE,senate,3,mail,1,20
BERTIE,senate,3,mail,3,2
BERTIE,senate,3,mail,4,8
BERTIE,senate,3,mail,5,5
BERTIE,senate,3,mail,6,1
BERTIE,senate,3,mail,8,3
BERTIE,senate,3,mail,11,8
BERTIE,senate,3,mail,14,1
BERTIE,senate,3,mail,15,2
BERTIE,senate,3,mail,18,6
BERTIE,senate,3,mail,19,1
BERTIE,senate,3,mail,20,1
BERTIE,senate,3,mail,21,2
BERTIE,senate,3,mail,25,1
BERTIE,senate,3,mail,28,2
BERTIE,senate,3,mail,32,2
BERTIE,senate,3,mail,34,4
BERTIE,senate,3,mail,35,3
BERTIE,senate,3,mail,40,3
BERTIE,senate,3,mail,42,3
BERTIE,senate,3,mail,50,1
BLADEN,house,22,inperson,3,532
BLADEN,house,22,inperson,4,624
BLADEN,house,22,inperson,5,460
BLADEN,house,22,inperson,6,462
BLADEN,house,22,inperson,7,438
BLADEN,house,22,inperson,8,433
BLADEN,house,22,inperson,9,119
BLADEN,house,22,inperson,10,195
BLADEN,house,22,inperson,11,385
BLADEN,house,22,inperson,12,367
BLADEN,house,22,inperson,13,419
BLADEN,house,22,inperson,14,474
BLADEN,house,22,inperson,15,451
BLADEN,house,22,inperson,16,140
BLADEN,house,22,inperson,17,188
BLADEN,house,22,inperson,18,407
BLADEN,house,22,inperson,19,524
BLADEN,house,22,mail,0,12
BLADEN,house,22,mail,1,44
BLADEN,house,22,mail,3,5
BLADEN,house,22,mail,4,12
BLADEN,house,22,mail,5,11
BLADEN,house,22,mail,6,5
BLADEN,house,22,mail,7,10
BLADEN,house,22,mail,8,18
BLADEN,house,22,mail,10,2
BLADEN,house,22,mail,11,11
BLADEN,house,22,mail,12,13
BLADEN,house,22,mail,13,6
BLADEN,house,22,mail,14,4
BLADEN,house,22,mail,15,2
BLADEN,house,22,mail,16,3
BLADEN,house,22,mail,17,1
BLADEN,house,22,mail,18,6
BLADEN,house,22,mail,19,15
BLADEN,house,22,mail,21,5
BLADEN,house,22,mail,22,6
BLADEN,house,22,mail,25,5
BLADEN,house,22,mail,26,3
BLADEN,house,22,mail,28,3
BLADEN,house,22,mail,29,1
BLADEN,house,22,mail,32,1
BLADEN,house,22,mail,33,3
BLADEN,house,22,mail,34,2
BLADEN,house,22,mail,35,1
BLADEN,house,22,mail,36,2
BLADEN,house,22,mail,41,2
BLADEN,house,22,mail,43,8
BLADEN,house,22,mail,49,2
BLADEN,house,22,mail,54,1
BLADEN,house,22,mail,55,1
BLADEN,senate,9,inperson,3,532
BLADEN,senate,9,inperson,4,624
BLADEN,senate,9,inperson,5,460
BLADEN,senate,9,inperson,6,462
BLADEN,senate,9,inperson,7,438
BLADEN,senate,9,inperson,8,433
BLADEN,senate,9,inperson,9,119
BLADEN,senate,9,inperson,10,195
BLADEN,senate,9,inperson,11,385
BLADEN,senate,9,inperson,12,367
BLADEN,senate,9,inperson,13,419
BLADEN,senate,9,inperson,14,474
BLADEN,senate,9,inperson,15,451
BLADEN,senate,9,inperson,16,140
BLADEN,senate,9,inperson,17,188
BLADEN,senate,9,inperson,18,407
BLADEN,senate,9,inperson,19,524
BLADEN,senate,9,mail,0,12
BLADEN,senate,9,mail,1,44
BLADEN,senate,9,mail,3,5
BLADEN,senate,9,mail,4,12
BLADEN,senate,9,mail,5,11
BLADEN,senate,9,mail,6,5
BLADEN,senate,9,mail,7,10
BLADEN,senate,9,mail,8,18
BLADEN,senate,9,mail,10,2
BLADEN,senate,9,mail,11,11
BLADEN,senate,9,mail,12,13
BLADEN,senate,9,mail,13,6
BLADEN,senate,9,mail,14,4
BLADEN,senate,9,mail,15,2
BLADEN,senate,9,mail,16,3
BLADEN,senate,9,mail,17,1
BLADEN,senate,9,mail,18,6
BLADEN,senate,9,mail,19,15
BLADEN,senate,9,mail,21,5
BLADEN,senate,9,mail,22,6
BLADEN,senate,9,mail,25,5
BLADEN,senate,9,mail,26,3
BLADEN,senate,9,mail,28,3
BLADEN,senate,9,mail,29,1
BLADEN,senate,9,mail,32,1
BLADEN,senate,9,mail,33,3
BLADEN,senate,9,mail,34,2
BLADEN,senate,9,mail,35,1
BLADEN,senate,9,mail,36,2
BLADEN,senate,9,mail,41,2
BLADEN,senate,9,mail,43,8
BLADEN,senate,9,mail,49,2
BLADEN,senate,9,mail,54,1
BLADEN,senate,9,mail,55,1
BRUNSWICK,house,17,inperson,3,1602
BRUNSWICK,house,17,inperson,4,2295
BRUNSWICK,house,17,inperson,5,1947
BRUNSWICK,house,17,inperson,6,1911
BRUNSWICK,house,17,inperson,7,1919
BRUNSWICK,house,17,inperson,8,2026
BRUNSWICK,house,17,inperson,9,510
BRUNSWICK,house,17,inperson,10,828
BRUNSWICK,house,17,inperson,11,1858
BRUNSWICK,house,17,inperson,12,1975
BRUNSWICK,house,17,inperson,13,2107
BRUNSWICK,house,17,inperson,14,2241
BRUNSWICK,house,17,inperson,15,2248
BRUNSWICK,house,17,inperson,16,467
BRUNSWICK,house,17,inperson,17,805
BRUNSWICK,house,17,inperson,18,1996
BRUNSWICK,house,17,inperson,19,2126
BRUNSWICK,house,17,mail,0,154
BRUNSWICK,house,17,mail,1,215
BRUNSWICK,house,17,mail,3,14
BRUNSWICK,house,17,mail,4,97
BRUNSWICK,house,17,mail,5,111
BRUNSWICK,house,17,mail,6,78
BRUNSWICK,house,17,mail,7,56
BRUNSWICK,house,17,mail,8,196
BRUNSWICK,house,17,mail,9,2
BRUNSWICK,house,17,mail,10,4
BRUNSWICK,house,17,mail,11,115
BRUNSWICK,house,17,mail,12,83
BRUNSWICK,house,17,mail,13,114
BRUNSWICK,house,17,mail,14,15
BRUNSWICK,house,17,mail,15,136
BRUNSWICK,house,17,mail,16,10
BRUNSWICK,house,17,mail,17,4
BRUNSWICK,house,17,mail,18,44
BRUNSWICK,house,17,mail,19,64
BRUNSWICK,house,17,mail,20,61
BRUNSWICK,house,17,mail,21,8
BRUNSWICK,house,17,mail,22,100
BRUNSWICK,house,17,mail,25,54
BRUNSWICK,house,17,mail,26,71
BRUNSWICK,house,17,mail,27,7
BRUNSWICK,house,17,mail,28,35
BRUNSWICK,house,17,mail,29,35
BRUNSWICK,house,17,mail,32,34
BRUNSWICK,house,17,mail,33,38
BRUNSWICK,house,17,mail,34,36
BRUNSWICK,house,17,mail,35,7
BRUNSWICK,house,17,mail,36,52
BRUNSWICK,house,17,mail,40,17
BRUNSWICK,house,17,mail,41,29
BRUNSWICK,house,17,mail,42,3
BRUNSWICK,house,17,mail,43,48
BRUNSWICK,house,17,mail,46,1
BRUNSWICK,house,17,mail,47,19
BRUNSWICK,house,17,mail,48,13
BRUNSWICK,house,17,mail,49,3
BRUNSWICK,house,17,mail,50,22
BRUNSWICK,house,17,mail,53,16
BRUNSWICK,house,17,mail,54,3
BRUNSWICK,house,17,mail,55,3
BRUNSWICK,house,17,mail,57,1
BRUNSWICK,house,19,inperson,3,877
BRUNSWICK,house,19,inperson,4,1311
BRUNSWICK,house,19,inperson,5,1225
BRUNSWICK,house,19,inperson,6,1195
BRUNSWICK,house,19,inperson,7,1192
BRUNSWICK,house,19,inperson,8,1088
BRUNSWICK,house,19,inperson,9,247
BRUNSWICK,house,19,inperson,10,459
BRUNSWICK,house,19,inperson,11,1145
BRUNSWICK,house,19,inperson,12,1269
BRUNSWICK,house,19,inperson,13,1273
BRUNSWICK,house,19,inperson,14,1361
BRUNSWICK,house,19,inperson,15,1274
BRUNSWICK,house,19,inperson,16,263
BRUNSWICK,house,19,inperson,17,400
BRUNSWICK,house,19,inperson,18,1123
BRUNSWICK,house,19,inperson,19,1217
BRUNSWICK,house,19,mail,0,73
BRUNSWICK,house,19,mail,1,136
BRUNSWICK,house,19,mail,3,10
BRUNSWICK,house,19,mail,4,75
BRUNSWICK,house,19,mail,5,61
BRUNSWICK,house,19,mail,6,62
BRUNSWICK,house,19,mail,7,29
BRUNSWICK,house,19,mail,8,134
BRUNSWICK,house,19,mail,9,2
BRUNSWICK,house,19,mail,10,1
BRUNSWICK,house,19,mail,11,63
BRUNSWICK,house,19,mail,12,45
BRUNSWICK,house,19,mail,13,59
BRUNSWICK,house,19,mail,14,15
BRUNSWICK,house,19,mail,15,70
BRUNSWICK,house,19,mail,16,1
BRUNSWICK,house,19,mail,18,34
BRUNSWICK,house,19,mail,19,48
BRUNSWICK,house,19,mail,20,39
BRUNSWICK,house,19,mail,21,12
BRUNSWICK,house,19,mail,22,51
BRUNSWICK,house,19,mail,25,33
BRUNSWICK,house,19,mail,26,46
BRUNSWICK,house,19,mail,27,3
BRUNSWICK,house,19,mail,28,30
BRUNSWICK,house,19,mail,29,10
BRUNSWICK,house,19,mail,32,13
BRUNSWICK,house,19,mail,33,18
BRUNSWICK,house,19,mail,34,22
BRUNSWICK,house,19,mail,35,5
BRUNSWICK,house,19,mail,36,31
BRUNSWICK,house,19,mail,40,6
BRUNSWICK,house,19,mail,41,17
BRUNSWICK,house,19,mail,42,1
BRUNSWICK,house,19,mail,43,32
BRUNSWICK,house,19,mail,46,3
BRUNSWICK,house,19,mail,47,10
BRUNSWICK,house,19,mail,48,4
BRUNSWICK,house,19,mail,49,1
BRUNSWICK,house,19,mail,50,14
BRUNSWICK,house,19,mail,53,1
BRUNSWICK,house,19,mail,54,1
BRUNSWICK,house,19,mail,55,4
BRUNSWICK,house,19,mail,56,1
BRUNSWICK,senate,8,inperson,3,2479
BRUNSWICK,senate,8,inperson,4,3606
BRUNSWICK,senate,8,inperson,5,3172
BRUNSWICK,senate,8,inperson,6,3106
BRUNSWICK,senate,8,inperson,7,3111
BRUNSWICK,senate,8,inperson,8,3114
BRUNSWICK,senate,8,inperson,9,757
BRUNSWICK,senate,8,inperson,10,1287
BRUNSWICK,senate,8,inperson,11,3003
BRUNSWICK,senate,8,inperson,12,3244
BRUNSWICK,senate,8,inperson,13,3380
BRUNSWICK,senate,8,inperson,14,3602
BRUNSWICK,senate,8,inperson,15,3522
BRUNSWICK,senate,8,inperson,16,730
BRUNSWICK,senate,8,inperson,17,1205
BRUNSWICK,senate,8,inperson,18,3119
BRUNSWICK,senate,8,inperson,19,3343
BRUNSWICK,senate,8,mail,0,227
BRUNSWICK,senate,8,mail,1,351
BRUNSWICK,senate,8,mail,3,24
BRUNSWICK,senate,8,mail,4,172
BRUNSWICK,senate,8,mail,5,172
BRUNSWICK,senate,8,mail,6,140
BRUNSWICK,senate,8,mail,7,85
BRUNSWICK,senate,8,mail,8,330
BRUNSWICK,senate,8,mail,9,4
BRUNSWICK,senate,8,mail,10,5
BRUNSWICK,senate,8,mail,11,178
BRUNSWICK,senate,8,mail,12,128
BRUNSWICK,senate,8,mail,13,173
BRUNSWICK,senate,8,mail,14,30
BRUNSWICK,senate,8,mail,15,206
BRUNSWICK,senate,8,mail,16,11
BRUNSWICK,senate,8,mail,17,4
BRUNSWICK,senate,8,mail,18,78
BRUNSWICK,senate,8,mail,19,112
BRUNSWICK,senate,8,mail,20,100
BRUNSWICK,senate,8,mail,21,20
BRUNSWICK,senate,8,mail,22,151
BRUNSWICK,senate,8,mail,25,87
BRUNSWICK,senate,8,mail,26,117
BRUNSWICK,senate,8,mail,27,10
BRUNSWICK,senate,8,mail,28,65
BRUNSWICK,senate,8,mail,29,45
BRUNSWICK,senate,8,mail,32,47
BRUNSWICK,senate,8,mail,33,56
BRUNSWICK,senate,8,mail,34,58
BRUNSWICK,senate,8,mail,35,12
BRUNSWICK,senate,8,mail,36,83
BRUNSWICK,senate,8,mail,40,23
BRUNSWICK,senate,8,mail,41,46
BRUNSWICK,senate,8,mail,42,4
BRUNSWICK,senate,8,mail,43,80
BRUNSWICK,senate,8,mail,46,4
BRUNSWICK,senate,8,mail,47,29
BRUNSWICK,senate,8,mail,48,17
BRUNSWICK,senate,8,mail,49,4
BRUNSWICK,senate,8,mail,50,36
BRUNSWICK,senate,8,mail,53,17
BRUNSWICK,senate,8,mail,54,4
BRUNSWICK,senate,8,mail,55,7
BRUNSWICK,senate,8,mail,56,1
BRUNSWICK,senate,8,mail,57,1
BUNCOMBE,house,114,inperson,3,2171
BUNCOMBE,house,114,inperson,4,2717
BUNCOMBE,house,114,inperson,5,2021
BUNCOMBE,house,114,inperson,6,1758
BUNCOMBE,house,114,inperson,7,1664
BUNCOMBE,house,114,inperson,8,1532
BUNCOMBE,house,114,inperson,9,445
BUNCOMBE,house,114,inperson,10,823
BUNCOMBE,house,114,inperson,11,1623
BUNCOMBE,house,114,inperson,12,1444
BUNCOMBE,house,114,inperson,13,1594
BUNCOMBE,house,114,inperson,14,1791
BUNCOMBE,house,114,inperson,15,1740
BUNCOMBE,house,114,inperson,18,1605
BUNCOMBE,house,114,inperson,19,1623
BUNCOMBE,house,114,mail,0,224
BUNCOMBE,house,114,mail,1,137
BUNCOMBE,house,114,mail,2,8
BUNCOMBE,house,114,mail,3,121
BUNCOMBE,house,114,mail,4,123
BUNCOMBE,house,114,mail,5,121
BUNCOMBE,house,114,mail,6,107
BUNCOMBE,house,114,mail,7,133
BUNCOMBE,house,114,mail,8,87
BUNCOMBE,house,114,mail,9,5
BUNCOMBE,house,114,mail,10,50
BUNCOMBE,house,114,mail,11,86
BUNCOMBE,house,114,mail,12,109
BUNCOMBE,house,114,mail,13,54
BUNCOMBE,house,114,mail,14,120
BUNCOMBE,house,114,mail,15,112
BUNCOMBE,house,114,mail,16,3
BUNCOMBE,house,114,mail,17,1
BUNCOMBE,house,114,mail,18,44
BUNCOMBE,house,114,mail,19,81
BUNCOMBE,house,114,mail,20,41
BUNCOMBE,house,114,mail,21,66
BUNCOMBE,house,114,mail,22,88
BUNCOMBE,house,114,mail,23,2
BUNCOMBE,house,114,mail,24,1
BUNCOMBE,house,114,mail,25,25
BUNCOMBE,house,114,mail,26,58
BUNCOMBE,house,114,mail,27,59
BUNCOMBE,house,114,mail,28,25
BUNCOMBE,house,114,mail,29,20
BUNCOMBE,house,114,mail,31,2
BUNCOMBE,house,114,mail,32,24
BUNCOMBE,house,114,mail,33,17
BUNCOMBE,house,114,mail,34,41
BUNCOMBE,house,114,mail,35,16
BUNCOMBE,house,114,mail,36,29
BUNCOMBE,house,114,mail,37,2
BUNCOMBE,house,114,mail,39,28
BUNCOMBE,house,114,mail,40,6
BUNCOMBE,house,114,mail,41,31
BUNCOMBE,house,114,mail,42,18
BUNCOMBE,house,114,mail,43,8
BUNCOMBE,house,114,mail,44,1
BUNCOMBE,house,114,mail,45,1
BUNCOMBE,house,114,mail,46,5
BUNCOMBE,house,114,mail,47,9
BUNCOMBE,house,114,mail,48,13
BUNCOMBE,house,114,mail,49,9
BUNCOMBE,house,114,mail,50,7
BUNCOMBE,house,114,mail,51,1
BUNCOMBE,house,114,mail,53,13
BUNCOMBE,house,114,mail,54,9
BUNCOMBE,house,114,mail,55,6
BUNCOMBE,house,114,mail,56,1
BUNCOMBE,house,114,mail,57,6
BUNCOMBE,house,114,mail,58,1
BUNCOMBE,house,114,mail,59,1
BUNCOMBE,house,114,mail,60,5
BUNCOMBE,house,115,inperson,3,1626
BUNCOMBE,house,115,inperson,4,2084
BUNCOMBE,house,115,inperson,5,1526
BUNCOMBE,house,115,inperson,6,1588
BUNCOMBE,house,115,inperson,7,1434
BUNCOMBE,house,115,inperson,8,1425
BUNCOMBE,house,115,inperson,9,488
BUNCOMBE,house,115,inperson,10,764
BUNCOMBE,house,115,inperson,11,1495
BUNCOMBE,house,115,inperson,12,1459
BUNCOMBE,house,115,inperson,13,1487
BUNCOMBE,house,115,inperson,14,1563
BUNCOMBE,house,115,inperson,15,1520
BUNCOMBE,house,115,inperson,18,1419
BUNCOMBE,house,115,inperson,19,1319
BUNCOMBE,house,115,mail,0,183
BUNCOMBE,house,115,mail,1,120
BUNCOMBE,house,115,mail,2,7
BUNCOMBE,house,115,mail,3,103
BUNCOMBE,house,115,mail,4,105
BUNCOMBE,house,115,mail,5,94
BUNCOMBE,house,115,mail,6,97
BUNCOMBE,house,115,mail,7,128
BUNCOMBE,house,115,mail,8,89
BUNCOMBE,house,115,mail,9,5
BUNCOMBE,house,115,mail,10,71
BUNCOMBE,house,115,mail,11,78
BUNCOMBE,house,115,mail,12,134
BUNCOMBE,house,115,mail,13,43
BUNCOMBE,house,115,mail,14,91
BUNCOMBE,house,115,mail,15,131
BUNCOMBE,house,115,mail,16,2
BUNCOMBE,house,115,mail,18,59
BUNCOMBE,house,115,mail,19,69
BUNCOMBE,house,115,mail,20,58
BUNCOMBE,house,115,mail,21,63
BUNCOMBE,house,115,mail,22,92
BUNCOMBE,house,115,mail,23,3
BUNCOMBE,house,115,mail,25,62
BUNCOMBE,house,115,mail,26,46
BUNCOMBE,house,115,mail,27,66
BUNCOMBE,house,115,mail,28,13
BUNCOMBE,house,115,mail,29,30
BUNCOMBE,house,115,mail,31,1
BUNCOMBE,house,115,mail,32,22
BUNCOMBE,house,115,mail,33,10
BUNCOMBE,house,115,mail,34,43
BUNCOMBE,house,115,mail,35,22
BUNCOMBE,house,115,mail,36,27
BUNCOMBE,house,115,mail,39,22
BUNCOMBE,house,115,mail,40,6
BUNCOMBE,house,115,mail,41,35
BUNCOMBE,house,115,mail,42,29
BUNCOMBE,house,115,mail,43,13
BUNCOMBE,house,115,mail,44,2
BUNCOMBE,house,115,mail,46,9
BUNCOMBE,house,115,mail,47,11
BUNCOMBE,house,115,mail,48,11
BUNCOMBE,house,115,mail,49,9
BUNCOMBE,house,115,mail,50,11
BUNCOMBE,house,115,mail,53,5
BUNCOMBE,house,115,mail,54,5
BUNCOMBE,house,115,mail,55,6
BUNCOMBE,house,115,mail,57,4
BUNCOMBE,house,115,mail,58,1
BUNCOMBE,house,115,mail,59,2
BUNCOMBE,house,115,mail,60,1
BUNCOMBE,house,116,inperson,3,2179
BUNCOMBE,house,116,inperson,4,2656
BUNCOMBE,house,116,inperson,5,2011
BUNCOMBE,house,116,inperson,6,1626
BUNCOMBE,house,116,inperson,7,1614
BUNCOMBE,house,116,inperson,8,1497
BUNCOMBE,house,116,inperson,9,478
BUNCOMBE,house,116,inperson,10,844
BUNCOMBE,house,116,inperson,11,1630
BUNCOMBE,house,116,inperson,12,1614
BUNCOMBE,house,116,inperson,13,1680
BUNCOMBE,house,116,inperson,14,1737
BUNCOMBE,house,116,inperson,15,1795
BUNCOMBE,house,116,inperson,18,1683
BUNCOMBE,house,116,inperson,19,1575
BUNCOMBE,house,116,mail,0,200
BUNCOMBE,house,116,mail,1,123
BUNCOMBE,house,116,mail,2,6
BUNCOMBE,house,116,mail,3,86
BUNCOMBE,house,116,mail,4,118
BUNCOMBE,house,116,mail,5,114
BUNCOMBE,house,116,mail,6,99
BUNCOMBE,house,116,mail,7,105
BUNCOMBE,house,116,mail,8,97
BUNCOMBE,house,116,mail,9,11
BUNCOMBE,house,116,mail,10,63
BUNCOMBE,house,116,mail,11,84
BUNCOMBE,house,116,mail,12,84
BUNCOMBE,house,116,mail,13,62
BUNCOMBE,house,116,mail,14,109
BUNCOMBE,house,116,mail,15,96
BUNCOMBE,house,116,mail,16,3
BUNCOMBE,house,116,mail,18,61
BUNCOMBE,house,116,mail,19,57
BUNCOMBE,house,116,mail,20,35
BUNCOMBE,house,116,mail,21,47
BUNCOMBE,house,116,mail,22,82
BUNCOMBE,house,116,mail,23,1
BUNCOMBE,house,116,mail,24,1
BUNCOMBE,house,116,mail,25,28
BUNCOMBE,house,116,mail,26,41
BUNCOMBE,house,116,mail,27,41
BUNCOMBE,house,116,mail,28,29
BUNCOMBE,house,116,mail,29,24
BUNCOMBE,house,116,mail,32,16
BUNCOMBE,house,116,mail,33,22
BUNCOMBE,house,116,mail,34,29
BUNCOMBE,house,116,mail,35,14
BUNCOMBE,house,116,mail,36,16
BUNCOMBE,house,116,mail,37,3
BUNCOMBE,house,116,mail,38,2
BUNCOMBE,house,116,mail,39,20
BUNCOMBE,house,116,mail,40,6
BUNCOMBE,house,116,mail,41,18
BUNCOMBE,house,116,mail,42,14
BUNCOMBE,house,116,mail,43,16
BUNCOMBE,house,116,mail,46,5
BUNCOMBE,house,116,mail,47,14
BUNCOMBE,house,116,mail,48,6
BUNCOMBE,house,116,mail,49,9
BUNCOMBE,house,116,mail,50,13
BUNCOMBE,house,116,mail,53,14
BUNCOMBE,house,116,mail,54,8
BUNCOMBE,house,116,mail,55,13
BUNCOMBE,house,116,mail,57,3
BUNCOMBE,house,116,mail,58,2
BUNCOMBE,house,116,mail,59,1
BUNCOMBE,house,116,mail,60,1
BUNCOMBE,senate,46,inperson,3,1604
BUNCOMBE,senate,46,inperson,4,2035
BUNCOMBE,senate,46,inperson,5,1506
BUNCOMBE,senate,46,inperson,6,1371
BUNCOMBE,senate,46,inperson,7,1345
BUNCOMBE,senate,46,inperson,8,1301
BUNCOMBE,senate,46,inperson,9,305
BUNCOMBE,senate,46,inperson,10,697
BUNCOMBE,senate,46,inperson,11,1340
BUNCOMBE,senate,46,inperson,12,1260
BUNCOMBE,senate,46,inperson,13,1448
BUNCOMBE,senate,46,inperson,14,1547
BUNCOMBE,senate,46,inperson,15,1558
BUNCOMBE,senate,46,inperson,18,1480
BUNCOMBE,senate,46,inperson,19,1469
BUNCOMBE,senate,46,mail,0,141
BUNCOMBE,senate,46,mail,1,100
BUNCOMBE,senate,46,mail,2,3
BUNCOMBE,senate,46,mail,3,80
BUNCOMBE,senate,46,mail,4,89
BUNCOMBE,senate,46,mail,5,90
BUNCOMBE,senate,46,mail,6,71
BUNCOMBE,senate,46,mail,7,91
BUNCOMBE,senate,46,mail,8,52
BUNCOMBE,senate,46,mail,9,3
BUNCOMBE,senate,46,mail,10,35
BUNCOMBE,senate,46,mail,11,83
BUNCOMBE,senate,46,mail,12,78
BUNCOMBE,senate,46,mail,13,32
BUNCOMBE,senate,46,mail,14,65
BUNCOMBE,senate,46,mail,15,85
BUNCOMBE,senate,46,mail,16,3
BUNCOMBE,senate,46,mail,18,39
BUNCOMBE,senate,46,mail,19,65
BUNCOMBE,senate,46,mail,20,24
BUNCOMBE,senate,46,mail,21,58
BUNCOMBE,senate,46,mail,22,59
BUNCOMBE,senate,46,mail,24,1
BUNCOMBE,senate,46,mail,25,18
BUNCOMBE,senate,46,mail,26,36
BUNCOMBE,senate,46,mail,27,43
BUNCOMBE,senate,46,mail,28,25
BUNCOMBE,senate,46,mail,29,21
BUNCOMBE,senate,46,mail,32,22
BUNCOMBE,senate,46,mail,33,12
BUNCOMBE,senate,46,mail,34,30
BUNCOMBE,senate,46,mail,35,10
BUNCOMBE,senate,46,mail,36,16
BUNCOMBE,senate,46,mail,37,2
BUNCOMBE,senate,46,mail,38,2
BUNCOMBE,senate,46,mail,39,24
BUNCOMBE,senate,46,mail,40,6
BUNCOMBE,senate,46,mail,41,21
BUNCOMBE,senate,46,mail,42,9
BUNCOMBE,senate,46,mail,43,8
BUNCOMBE,senate,46,mail,44,1
BUNCOMBE,senate,46,mail,46,3
BUNCOMBE,senate,46,mail,47,14
BUNCOMBE,senate,46,mail,48,8
BUNCOMBE,senate,46,mail,49,10
BUNCOMBE,senate,46,mail,50,7
BUNCOMBE,senate,46,mail,53,7
BUNCOMBE,senate,46,mail,54,4
BUNCOMBE,senate,46,mail,55,6
BUNCOMBE,senate,46,mail,57,2
BUNCOMBE,senate,46,mail,58,1
BUNCOMBE,senate,46,mail,60,3
BUNCOMBE,senate,49,inperson,3,4372
BUNCOMBE,senate,49,inperson,4,5422
BUNCOMBE,senate,49,inperson,5,4052
BUNCOMBE,senate,49,inperson,6,3601
BUNCOMBE,senate,49,inperson,7,3367
BUNCOMBE,senate,49,inperson,8,3153
BUNCOMBE,senate,49,inperson,9,1106
BUNCOMBE,senate,49,inperson,10,1734
BUNCOMBE,senate,49,inperson,11,3408
BUNCOMBE,senate,49,inperson,12,3257
BUNCOMBE,senate,49,inperson,13,3313
BUNCOMBE,senate,49,inperson,14,3544
BUNCOMBE,senate,49,inperson,15,3497
BUNCOMBE,senate,49,inperson,18,3227
BUNCOMBE,senate,49,inperson,19,3048
BUNCOMBE,senate,49,mail,0,466
BUNCOMBE,senate,49,mail,1,280
BUNCOMBE,senate,49,mail,2,18
BUNCOMBE,senate,49,mail,3,230
BUNCOMBE,senate,49,mail,4,257
BUNCOMBE,senate,49,mail,5,239
BUNCOMBE,senate,49,mail,6,232
BUNCOMBE,senate,49,mail,7,275
BUNCOMBE,senate,49,mail,8,221
BUNCOMBE,senate,49,mail,9,18
BUNCOMBE,senate,49,mail,10,149
BUNCOMBE,senate,49,mail,11,165
BUNCOMBE,senate,49,mail,12,249
BUNCOMBE,senate,49,mail,13,127
BUNCOMBE,senate,49,mail,14,255
BUNCOMBE,senate,49,mail,15,254
BUNCOMBE,senate,49,mail,16,5
BUNCOMBE,senate,49,mail,17,1
BUNCOMBE,senate,49,mail,18,125
BUNCOMBE,senate,49,mail,19,142
BUNCOMBE,senate,49,mail,20,110
BUNCOMBE,senate,49,mail,21,118
BUNCOMBE,senate,49,mail,22,203
BUNCOMBE,senate,49,mail,23,6
BUNCOMBE,senate,49,mail,24,1
BUNCOMBE,senate,49,mail,25,97
BUNCOMBE,senate,49,mail,26,109
BUNCOMBE,senate,49,mail,27,123
BUNCOMBE,senate,49,mail,28,42
BUNCOMBE,senate,49,mail,29,53
BUNCOMBE,senate,49,mail,31,3
BUNCOMBE,senate,49,mail,32,40
BUNCOMBE,senate,49,mail,33,37
BUNCOMBE,senate,49,mail,34,83
BUNCOMBE,senate,49,mail,35,42
BUNCOMBE,senate,49,mail,36,56
BUNCOMBE,senate,49,mail,37,3
BUNCOMBE,senate,49,mail,39,46
BUNCOMBE,senate,49,mail,40,12
BUNCOMBE,senate,49,mail,41,63
BUNCOMBE,senate,49,mail,42,52
BUNCOMBE,senate,49,mail,43,29
BUNCOMBE,senate,49,mail,44,2
BUNCOMBE,senate,49,mail,45,1
BUNCOMBE,senate,49,mail,46,16
BUNCOMBE,senate,49,mail,47,20
BUNCOMBE,senate,49,mail,48,22
BUNCOMBE,senate,49,mail,49,17
BUNCOMBE,senate,49,mail,50,24
BUNCOMBE,senate,49,mail,51,1
BUNCOMBE,senate,49,mail,53,25
BUNCOMBE,senate,49,mail,54,18
BUNCOMBE,senate,49,mail,55,19
BUNCOMBE,senate,49,mail,56,1
BUNCOMBE,senate,49,mail,57,11
BUNCOMBE,senate,49,mail,58,3
BUNCOMBE,senate,49,mail,59,4
BUNCOMBE,senate,49,mail,60,4
BURKE,house,86,inperson,3,1264
BURKE,house,86,inperson,4,1900
BURKE,house,86,inperson,5,1351
BURKE,house,86,inperson,6,1287
BURKE,house,86,inperson,7,1338
BURKE,house,86,inperson,8,1154
BURKE,house,86,inperson,11,1384
BURKE,house,86,inperson,12,1111
BURKE,house,86,inperson,13,1203
BURKE,house,86,inperson,14,1262
BURKE,house,86,inperson,15,1465
BURKE,house,86,inperson,18,1267
BURKE,house,86,inperson,19,1421
BURKE,house,86,mail,0,84
BURKE,house,86,mail,1,112
BURKE,house,86,mail,3,14
BURKE,house,86,mail,4,21
BURKE,house,86,mail,5,32
BURKE,house,86,mail,6,36
BURKE,house,86,mail,7,29
BURKE,house,86,mail,8,57
BURKE,house,86,mail,11,20
BURKE,house,86,mail,12,34
BURKE,house,86,mail,13,24
BURKE,house,86,mail,14,15
BURKE,house,86,mail,15,42
BURKE,house,86,mail,18,36
BURKE,house,86,mail,19,49
BURKE,house,86,mail,20,2
BURKE,house,86,mail,21,4
BURKE,house,86,mail,22,17
BURKE,house,86,mail,25,22
BURKE,house,86,mail,26,1
BURKE,house,86,mail,27,2
BURKE,house,86,mail,28,21
BURKE,house,86,mail,29,9
BURKE,house,86,mail,32,10
BURKE,house,86,mail,33,9
BURKE,house,86,mail,34,10
BURKE,house,86,mail,35,2
BURKE,house,86,mail,36,13
BURKE,house,86,mail,39,5
BURKE,house,86,mail,40,10
BURKE,house,86,mail,41,1
BURKE,house,86,mail,42,2
BURKE,house,86,mail,43,13
BURKE,house,86,mail,46,9
BURKE,house,86,mail,48,7
BURKE,house,86,mail,49,2
BURKE,house,86,mail,50,12
BURKE,house,86,mail,53,6
BURKE,house,86,mail,55,2
BURKE,house,86,mail,56,1
BURKE,house,86,mail,57,1
BURKE,house,86,mail,60,1
BURKE,senate,46,inperson,3,1264
BURKE,senate,46,inperson,4,1900
BURKE,senate,46,inperson,5,1351
BURKE,senate,46,inperson,6,1287
BURKE,senate,46,inperson,7,1338
BURKE,senate,46,inperson,8,1154
BURKE,senate,46,inperson,11,1384
BURKE,senate,46,inperson,12,1111
BURKE,senate,46,inperson,13,1203
BURKE,senate,46,inperson,14,1262
BURKE,senate,46,inperson,15,1465
BURKE,senate,46,inperson,18,1267
BURKE,senate,46,inperson,19,1421
BURKE,senate,46,mail,0,84
BURKE,senate,46,mail,1,112
BURKE,senate,46,mail,3,14
BURKE,senate,46,mail,4,21
BURKE,senate,46,mail,5,32
BURKE,senate,46,mail,6,36
BURKE,senate,46,mail,7,29
BURKE,senate,46,mail,8,57
BURKE,senate,46,mail,11,20
BURKE,senate,46,mail,12,34
BURKE,senate,46,mail,13,24
BURKE,senate,46,mail,14,15
BURKE,senate,46,mail,15,42
BURKE,senate,46,mail,18,36
BURKE,senate,46,mail,19,49
BURKE,senate,46,mail,20,2
BURKE,senate,46,mail,21,4
BURKE,senate,46,mail,22,17
BURKE,senate,46,mail,25,22
BURKE,senate,46,mail,26,1
BURKE,senate,46,mail,27,2
BURKE,senate,46,mail,28,21
BURKE,senate,46,mail,29,9
BURKE,senate,46,mail,32,10
BURKE,senate,46,mail,33,9
BURKE,senate,46,mail,34,10
BURKE,senate,46,mail,35,2
BURKE,senate,46,mail,36,13
BURKE,senate,46,mail,39,5
BURKE,senate,46,mail,40,10
BURKE,senate,46,mail,41,1
BURKE,senate,46,mail,42,2
BURKE,senate,46,mail,43,13
BURKE,senate,46,mail,46,9
BURKE,senate,46,mail,48,7
BURKE,senate,46,mail,49,2
BURKE,senate,46,mail,50,12
BURKE,senate,46,mail,53,6
BURKE,senate,46,mail,55,2
BURKE,senate,46,mail,56,1
BURKE,senate,46,mail,57,1
BURKE,senate,46,mail,60,1
CABARRUS,house,73,inperson,3,1234
CABARRUS,house,73,inperson,4,1516
CABARRUS,house,73,inperson,5,1022
CABARRUS,house,73,inperson,6,874
CABARRUS,house,73,inperson,7,833
CABARRUS,house,73,inperson,8,833
CABARRUS,house,73,inperson,9,479
CABARRUS,house,73,inperson,11,802
CABARRUS,house,73,inperson,12,680
CABARRUS,house,73,inperson,13,601
CABARRUS,house,73,inperson,14,654
CABARRUS,house,73,inperson,15,767
CABARRUS,house,73,inperson,17,354
CABARRUS,house,73,inperson,18,766
CABARRUS,house,73,inperson,19,739
CABARRUS,house,73,mail,0,136
CABARRUS,house,73,mail,1,100
CABARRUS,house,73,mail,2,11
CABARRUS,house,73,mail,3,110
CABARRUS,house,73,mail,4,66
CABARRUS,house,73,mail,5,106
CABARRUS,house,73,mail,6,82
CABARRUS,house,73,mail,7,66
CABARRUS,house,73,mail,8,115
CABARRUS,house,73,mail,9,4
CABARRUS,house,73,mail,10,1
CABARRUS,house,73,mail,11,39
CABARRUS,house,73,mail,12,56
CABARRUS,house,73,mail,13,74
CABARRUS,house,73,mail,14,64
CABARRUS,house,73,mail,15,8
CABARRUS,house,73,mail,17,36
CABARRUS,house,73,mail,18,33
CABARRUS,house,73,mail,19,36
CABARRUS,house,73,mail,20,34
CABARRUS,house,73,mail,21,11
CABARRUS,house,73,mail,22,40
CABARRUS,house,73,mail,24,14
CABARRUS,house,73,mail,25,26
CABARRUS,house,73,mail,26,40
CABARRUS,house,73,mail,27,19
CABARRUS,house,73,mail,28,10
CABARRUS,house,73,mail,29,13
CABARRUS,house,73,mail,32,18
CABARRUS,house,73,mail,33,17
CABARRUS,house,73,mail,34,9
CABARRUS,house,73,mail,35,8
CABARRUS,house,73,mail,36,4
CABARRUS,house,73,mail,39,6
CABARRUS,house,73,mail,40,14
CABARRUS,house,73,mail,41,20
CABARRUS,house,73,mail,43,8
CABARRUS,house,73,mail,46,14
CABARRUS,house,73,mail,47,3
CABARRUS,house,73,mail,48,9
CABARRUS,house,73,mail,49,5
CABARRUS,house,73,mail,50,7
CABARRUS,house,73,mail,53,5
CABARRUS,house,73,mail,54,5
CABARRUS,house,73,mail,55,2
CABARRUS,house,73,mail,59,1
CABARRUS,house,73,mail,60,1
CABARRUS,house,82,inperson,3,1342
CABARRUS,house,82,inperson,4,1632
CABARRUS,house,82,inperson,5,1163
CABARRUS,house,82,inperson,6,1014
CABARRUS,house,82,inperson,7,972
CABARRUS,house,82,inperson,8,912
CABARRUS,house,82,inperson,9,494
CABARRUS,house,82,inperson,11,906
CABARRUS,house,82,inperson,12,774
CABARRUS,house,82,inperson,13,724
CABARRUS,house,82,inperson,14,799
CABARRUS,house,82,inperson,15,913
CABARRUS,house,82,inperson,17,411
CABARRUS,house,82,inperson,18,833
CABARRUS,house,82,inperson,19,977
CABARRUS,house,82,mail,0,149
CABARRUS,house,82,mail,1,137
CABARRUS,house,82,mail,2,16
CABARRUS,house,82,mail,3,118
CABARRUS,house,82,mail,4,49
CABARRUS,house,82,mail,5,123
CABARRUS,house,82,mail,6,70
CABARRUS,house,82,mail,7,58
CABARRUS,house,82,mail,8,97
CABARRUS,house,82,mail,9,3
CABARRUS,house,82,mail,10,2
CABARRUS,house,82,mail,11,52
CABARRUS,house,82,mail,12,53
CABARRUS,house,82,mail,13,70
CABARRUS,house,82,mail,14,70
CABARRUS,house,82,mail,15,14
CABARRUS,house,82,mail,16,1
CABARRUS,house,82,mail,17,20
CABARRUS,house,82,mail,18,41
CABARRUS,house,82,mail,19,30
CABARRUS,house,82,mail,20,34
CABARRUS,house,82,mail,21,10
CABARRUS,house,82,mail,22,34
CABARRUS,house,82,mail,24,19
CABARRUS,house,82,mail,25,15
CABARRUS,house,82,mail,26,41
CABARRUS,house,82,mail,27,23
CABARRUS,house,82,mail,28,16
CABARRUS,house,82,mail,29,12
CABARRUS,house,82,mail,32,13
CABARRUS,house,82,mail,33,8
CABARRUS,house,82,mail,34,18
CABARRUS,house,82,mail,35,8
CABARRUS,house,82,mail,36,8
CABARRUS,house,82,mail,39,2
CABARRUS,house,82,mail,40,17
CABARRUS,house,82,mail,41,8
CABARRUS,house,82,mail,42,2
CABARRUS,house,82,mail,43,29
CABARRUS,house,82,mail,46,26
CABARRUS,house,82,mail,47,3
CABARRUS,house,82,mail,48,8
CABARRUS,house,82,mail,49,7
CABARRUS,house,82,mail,50,2
CABARRUS,house,82,mail,54,1
CABARRUS,house,83,inperson,3,564
CABARRUS,house,83,inperson,4,679
CABARRUS,house,83,inperson,5,555
CABARRUS,house,83,inperson,6,460
CABARRUS,house,83,inperson,7,447
CABARRUS,house,83,inperson,8,415
CABARRUS,house,83,inperson,9,219
CABARRUS,house,83,inperson,11,429
CABARRUS,house,83,inperson,12,407
CABARRUS,house,83,inperson,13,378
CABARRUS,house,83,inperson,14,430
CABARRUS,house,83,inperson,15,438
CABARRUS,house,83,inperson,17,160
CABARRUS,house,83,inperson,18,400
CABARRUS,house,83,inperson,19,430
CABARRUS,house,83,mail,0,70
CABARRUS,house,83,mail,1,77
CABARRUS,house,83,mail,2,7
CABARRUS,house,83,mail,3,60
CABARRUS,house,83,mail,4,46
CABARRUS,house,83,mail,5,43
CABARRUS,house,83,mail,6,49
CABARRUS,house,83,mail,7,32
CABARRUS,house,83,mail,8,44
CABARRUS,house,83,mail,11,25
CABARRUS,house,83,mail,12,16
CABARRUS,house,83,mail,13,27
CABARRUS,house,83,mail,14,19
CABARRUS,house,83,mail,15,11
CABARRUS,house,83,mail,17,5
CABARRUS,house,83,mail,18,14
CABARRUS,house,83,mail,19,7
CABARRUS,house,83,mail,20,18
CABARRUS,house,83,mail,21,7
CABARRUS,house,83,mail,22,11
CABARRUS,house,83,mail,24,8
CABARRUS,house,83,mail,25,16
CABARRUS,house,83,mail,26,12
CABARRUS,house,83,mail,27,5
CABARRUS,house,83,mail,28,9
CABARRUS,house,83,mail,29,6
CABARRUS,house,83,mail,30,1
CABARRUS,house,83,mail,32,5
CABARRUS,house,83,mail,33,3
CABARRUS,house,83,mail,34,12
CABARRUS,house,83,mail,35,9
CABARRUS,house,83,mail,36,1
CABARRUS,house,83,mail,39,3
CABARRUS,house,83,mail,40,4
CABARRUS,house,83,mail,41,5
CABARRUS,house,83,mail,42,1
CABARRUS,house,83,mail,43,7
CABARRUS,house,83,mail,46,4
CABARRUS,house,83,mail,49,5
CABARRUS,house,83,mail,54,2
CABARRUS,house,83,mail,55,2
CABARRUS,senate,34,inperson,3,3040
CABARRUS,senate,34,inperson,4,3716
CABARRUS,senate,34,inperson,5,2647
CABARRUS,senate,34,inperson,6,2268
CABARRUS,senate,34,inperson,7,2178
CABARRUS,senate,34,inperson,8,2109
CABARRUS,senate,34,inperson,9,1150
CABARRUS,senate,34,inperson,11,2087
CABARRUS,senate,34,inperson,12,1806
CABARRUS,senate,34,inperson,13,1660
CABARRUS,senate,34,inperson,14,1825
CABARRUS,senate,34,inperson,15,2057
CABARRUS,senate,34,inperson,17,899
CABARRUS,senate,34,inperson,18,1948
CABARRUS,senate,34,inperson,19,2096
CABARRUS,senate,34,mail,0,342
CABARRUS,senate,34,mail,1,296
CABARRUS,senate,34,mail,2,33
CABARRUS,senate,34,mail,3,277
CABARRUS,senate,34,mail,4,158
CABARRUS,senate,34,mail,5,257
CABARRUS,senate,34,mail,6,190
CABARRUS,senate,34,mail,7,154
CABARRUS,senate,34,mail,8,247
CABARRUS,senate,34,mail,9,7
CABARRUS,senate,34,mail,10,3
CABARRUS,senate,34,mail,11,113
CABARRUS,senate,34,mail,12,119
CABARRUS,senate,34,mail,13,169
CABARRUS,senate,34,mail,14,148
CABARRUS,senate,34,mail,15,33
CABARRUS,senate,34,mail,16,1
CABARRUS,senate,34,mail,17,61
CABARRUS,senate,34,mail,18,83
CABARRUS,senate,34,mail,19,72
CABARRUS,senate,34,mail,20,82
CABARRUS,senate,34,mail,21,28
CABARRUS,senate,34,mail,22,80
CABARRUS,senate,34,mail,24,39
CABARRUS,senate,34,mail,25,54
CABARRUS,senate,34,mail,26,89
CABARRUS,senate,34,mail,27,46
CABARRUS,senate,34,mail,28,32
CABARRUS,senate,34,mail,29,30
CABARRUS,senate,34,mail,30,1
CABARRUS,senate,34,mail,32,35
CABARRUS,senate,34,mail,33,27
CABARRUS,senate,34,mail,34,38
CABARRUS,senate,34,mail,35,24
CABARRUS,senate,34,mail,36,13
CABARRUS,senate,34,mail,39,11
CABARRUS,senate,34,mail,40,35
CABARRUS,senate,34,mail,41,33
CABARRUS,senate,34,mail,42,3
CABARRUS,senate,34,mail,43,44
CABARRUS,senate,34,mail,46,44
CABARRUS,senate,34,mail,47,6
CABARRUS,senate,34,mail,48,17
CABARRUS,senate,34,mail,49,17
CABARRUS,senate,34,mail,50,9
CABARRUS,senate,34,mail,53,5
CABARRUS,senate,34,mail,54,8
CABARRUS,senate,34,mail,55,4
CABARRUS,senate,34,mail,59,1
CABARRUS,senate,34,mail,60,1
CABARRUS,senate,35,inperson,3,100
CABARRUS,senate,35,inperson,4,111
CABARRUS,senate,35,inperson,5,93
CABARRUS,senate,35,inperson,6,80
CABARRUS,senate,35,inperson,7,74
CABARRUS,senate,35,inperson,8,51
CABARRUS,senate,35,inperson,9,42
CABARRUS,senate,35,inperson,11,50
CABARRUS,senate,35,inperson,12,55
CABARRUS,senate,35,inperson,13,43
CABARRUS,senate,35,inperson,14,58
CABARRUS,senate,35,inperson,15,61
CABARRUS,senate,35,inperson,17,26
CABARRUS,senate,35,inperson,18,51
CABARRUS,senate,35,inperson,19,50
CABARRUS,senate,35,mail,0,13
CABARRUS,senate,35,mail,1,18
CABARRUS,senate,35,mail,2,1
CABARRUS,senate,35,mail,3,11
CABARRUS,senate,35,mail,4,3
CABARRUS,senate,35,mail,5,15
CABARRUS,senate,35,mail,6,11
CABARRUS,senate,35,mail,7,2
CABARRUS,senate,35,mail,8,9
CABARRUS,senate,35,mail,11,3
CABARRUS,senate,35,mail,12,6
CABARRUS,senate,35,mail,13,2
CABARRUS,senate,35,mail,14,5
CABARRUS,senate,35,mail,18,5
CABARRUS,senate,35,mail,19,1
CABARRUS,senate,35,mail,20,4
CABARRUS,senate,35,mail,22,5
CABARRUS,senate,35,mail,24,2
CABARRUS,senate,35,mail,25,3
CABARRUS,senate,35,mail,26,4
CABARRUS,senate,35,mail,27,1
CABARRUS,senate,35,mail,28,3
CABARRUS,senate,35,mail,29,1
CABARRUS,senate,35,mail,32,1
CABARRUS,senate,35,mail,33,1
CABARRUS,senate,35,mail,34,1
CABARRUS,senate,35,mail,35,1
CALDWELL,house,87,inperson,3,1495
CALDWELL,house,87,inperson,4,1828
CALDWELL,house,87,inperson,5,1286
CALDWELL,house,87,inperson,6,1220
CALDWELL,house,87,inperson,7,1236
CALDWELL,house,87,inperson,8,1143
CALDWELL,house,87,inperson,11,1159
CALDWELL,house,87,inperson,12,1107
CALDWELL,house,87,inperson,13,1113
CALDWELL,house,87,inperson,14,1206
CALDWELL,house,87,inperson,15,1409
CALDWELL,house,87,inperson,18,1204
CALDWELL,house,87,inperson,19,1168
CALDWELL,house,87,mail,0,129
CALDWELL,house,87,mail,3,34
CALDWELL,house,87,mail,4,63
CALDWELL,house,87,mail,5,40
CALDWELL,house,87,mail,6,39
CALDWELL,house,87,mail,7,31
CALDWELL,house,87,mail,8,69
CALDWELL,house,87,mail,11,9
CALDWELL,house,87,mail,12,44
CALDWELL,house,87,mail,13,17
CALDWELL,house,87,mail,14,17
CALDWELL,house,87,mail,15,50
CALDWELL,house,87,mail,18,5
CALDWELL,house,87,mail,19,19
CALDWELL,house,87,mail,20,32
CALDWELL,house,87,mail,21,5
CALDWELL,house,87,mail,22,34
CALDWELL,house,87,mail,23,1
CALDWELL,house,87,mail,25,36
CALDWELL,house,87,mail,27,5
CALDWELL,house,87,mail,28,7
CALDWELL,house,87,mail,29,22
CALDWELL,house,87,mail,32,6
CALDWELL,house,87,mail,33,4
CALDWELL,house,87,mail,34,10
CALDWELL,house,87,mail,35,3
CALDWELL,house,87,mail,36,10
CALDWELL,house,87,mail,39,12
CALDWELL,house,87,mail,40,2
CALDWELL,house,87,mail,42,4
CALDWELL,house,87,mail,43,11
CALDWELL,house,87,mail,46,8
CALDWELL,house,87,mail,47,10
CALDWELL,house,87,mail,48,2
CALDWELL,house,87,mail,50,7
CALDWELL,house,87,mail,53,3
CALDWELL,house,87,mail,55,1
CALDWELL,senate,45,inperson,3,1134
CALDWELL,senate,45,inperson,4,1334
CALDWELL,senate,45,inperson,5,963
CALDWELL,senate,45,inperson,6,922
CALDWELL,senate,45,inperson,7,921
CALDWELL,senate,45,inperson,8,870
CALDWELL,senate,45,inperson,11,843
CALDWELL,senate,45,inperson,12,789
CALDWELL,senate,45,inperson,13,807
CALDWELL,senate,45,inperson,14,923
CALDWELL,senate,45,inperson,15,1078
CALDWELL,senate,45,inperson,18,900
CALDWELL,senate,45,inperson,19,888
CALDWELL,senate,45,mail,0,92
CALDWELL,senate,45,mail,3,23
CALDWELL,senate,45,mail,4,40
CALDWELL,senate,45,mail,5,27
CALDWELL,senate,45,mail,6,23
CALDWELL,senate,45,mail,7,22
CALDWELL,senate,45,mail,8,51
CALDWELL,senate,45,mail,11,6
CALDWELL,senate,45,mail,12,31
CALDWELL,senate,45,mail,13,12
CALDWELL,senate,45,mail,14,13
CALDWELL,senate,45,mail,15,33
CALDWELL,senate,45,mail,18,5
CALDWELL,senate,45,mail,19,16
CALDWELL,senate,45,mail,20,28
CALDWELL,senate,45,mail,21,5
CALDWELL,senate,45,mail,22,26
CALDWELL,senate,45,mail,25,24
CALDWELL,senate,45,mail,27,5
CALDWELL,senate,45,mail,28,5
CALDWELL,senate,45,mail,29,16
CALDWELL,senate,45,mail,32,6
CALDWELL,senate,45,mail,33,3
CALDWELL,senate,45,mail,34,7
CALDWELL,senate,45,mail,35,3
CALDWELL,senate,45,mail,36,8
CALDWELL,senate,45,mail,39,11
CALDWELL,senate,45,mail,40,2
CALDWELL,senate,45,mail,42,4
CALDWELL,senate,45,mail,43,4
CALDWELL,senate,45,mail,46,2
CALDWELL,senate,45,mail,47,10
CALDWELL,senate,45,mail,48,1
CALDWELL,senate,45,mail,50,4
CALDWELL,senate,45,mail,53,3
CALDWELL,senate,45,mail,55,1
CALDWELL,senate,47,inperson,3,361
CALDWELL,senate,47,inperson,4,494
CALDWELL,senate,47,inperson,5,323
CALDWELL,senate,47,inperson,6,298
CALDWELL,senate,47,inperson,7,315
CALDWELL,senate,47,inperson,8,273
CALDWELL,senate,47,inperson,11,316
CALDWELL,senate,47,inperson,12,318
CALDWELL,senate,47,inperson,13,306
CALDWELL,senate,47,inperson,14,283
CALDWELL,senate,47,inperson,15,331
CALDWELL,senate,47,inperson,18,304
CALDWELL,senate,47,inperson,19,280
CALDWELL,senate,47,mail,0,37
CALDWELL,senate,47,mail,3,11
CALDWELL,senate,47,mail,4,23
CALDWELL,senate,47,mail,5,13
CALDWELL,senate,47,mail,6,16
CALDWELL,senate,47,mail,7,9
CALDWELL,senate,47,mail,8,18
CALDWELL,senate,47,mail,11,3
CALDWELL,senate,47,mail,12,13
CALDWELL,senate,47,mail,13,5
CALDWELL,senate,47,mail,14,4
CALDWELL,senate,47,mail,15,17
CALDWELL,senate,47,mail,19,3
CALDWELL,senate,47,mail,20,4
CALDWELL,senate,47,mail,22,8
CALDWELL,senate,47,mail,23,1
CALDWELL,senate,47,mail,25,12
CALDWELL,senate,47,mail,28,2
CALDWELL,senate,47,mail,29,6
CALDWELL,senate,47,mail,33,1
CALDWELL,senate,47,mail,34,3
CALDWELL,senate,47,mail,36,2
CALDWELL,senate,47,mail,39,1
CALDWELL,senate,47,mail,43,7
CALDWELL,senate,47,mail,46,6
CALDWELL,senate,47,mail,48,1
CALDWELL,senate,47,mail,50,3
CAMDEN,house,5,inperson,3,219
CAMDEN,house,5,inperson,4,210
CAMDEN,house,5,inperson,5,136
CAMDEN,house,5,inperson,6,145
CAMDEN,house,5,inperson,7,155
CAMDEN,house,5,inperson,8,166
CAMDEN,house,5,inperson,11,145
CAMDEN,house,5,inperson,12,148
CAMDEN,house,5,inperson,13,128
CAMDEN,house,5,inperson,14,178
CAMDEN,house,5,inperson,15,188
CAMDEN,house,5,inperson,18,193
CAMDEN,house,5,inperson,19,155
CAMDEN,house,5,mail,0,4
CAMDEN,house,5,mail,1,19
CAMDEN,house,5,mail,3,5
CAMDEN,house,5,mail,4,4
CAMDEN,house,5,mail,5,8
CAMDEN,house,5,mail,6,7
CAMDEN,house,5,mail,7,3
CAMDEN,house,5,mail,8,13
CAMDEN,house,5,mail,11,1
CAMDEN,house,5,mail,12,5
CAMDEN,house,5,mail,13,10
CAMDEN,house,5,mail,14,2
CAMDEN,house,5,mail,15,2
CAMDEN,house,5,mail,18,3
CAMDEN,house,5,mail,19,5
CAMDEN,house,5,mail,20,2
CAMDEN,house,5,mail,21,1
CAMDEN,house,5,mail,22,3
CAMDEN,house,5,mail,25,4
CAMDEN,house,5,mail,26,3
CAMDEN,house,5,mail,28,4
CAMDEN,house,5,mail,32,1
CAMDEN,house,5,mail,34,2
CAMDEN,house,5,mail,40,2
CAMDEN,house,5,mail,43,2
CAMDEN,house,5,mail,49,1
CAMDEN,house,5,mail,54,2
CAMDEN,senate,3,inperson,3,219
CAMDEN,senate,3,inperson,4,210
CAMDEN,senate,3,inperson,5,136
CAMDEN,senate,3,inperson,6,145
CAMDEN,senate,3,inperson,7,155
CAMDEN,senate,3,inperson,8,166
CAMDEN,senate,3,inperson,11,145
CAMDEN,senate,3,inperson,12,148
CAMDEN,senate,3,inperson,13,128
CAMDEN,senate,3,inperson,14,178
CAMDEN,senate,3,inperson,15,188
CAMDEN,senate,3,inperson,18,193
CAMDEN,senate,3,inperson,19,155
CAMDEN,senate,3,mail,0,4
CAMDEN,senate,3,mail,1,19
CAMDEN,senate,3,mail,3,5
CAMDEN,senate,3,mail,4,4
CAMDEN,senate,3,mail,5,8
CAMDEN,senate,3,mail,6,7
CAMDEN,senate,3,mail,7,3
CAMDEN,senate,3,mail,8,13
CAMDEN,senate,3,mail,11,1
CAMDEN,senate,3,mail,12,5
CAMDEN,senate,3,mail,13,10
CAMDEN,senate,3,mail,14,2
CAMDEN,senate,3,mail,15,2
CAMDEN,senate,3,mail,18,3
CAMDEN,senate,3,mail,19,5
CAMDEN,senate,3,mail,20,2
CAMDEN,senate,3,mail,21,1
CAMDEN,senate,3,mail,22,3
CAMDEN,senate,3,mail,25,4
CAMDEN,senate,3,mail,26,3
CAMDEN,senate,3,mail,28,4
CAMDEN,senate,3,mail,32,1
CAMDEN,senate,3,mail,34,2
CAMDEN,senate,3,mail,40,2
CAMDEN,senate,3,mail,43,2
CAMDEN,senate,3,mail,49,1
CAMDEN,senate,3,mail,54,2
CARTERET,house,13,inperson,3,1139
CARTERET,house,13,inperson,4,1742
CARTERET,house,13,inperson,5,1287
CARTERET,house,13,inperson,6,1201
CARTERET,house,13,inperson,7,1204
CARTERET,house,13,inperson,8,1207
CARTERET,house,13,inperson,11,1232
CARTERET,house,13,inperson,12,1101
CARTERET,house,13,inperson,13,1148
CARTERET,house,13,inperson,14,1419
CARTERET,house,13,inperson,15,1492
CARTERET,house,13,inperson,18,1437
CARTERET,house,13,inperson,19,1290
CARTERET,house,13,mail,0,59
CARTERET,house,13,mail,1,102
CARTERET,house,13,mail,2,1
CARTERET,house,13,mail,3,55
CARTERET,house,13,mail,4,46
CARTERET,house,13,mail,5,34
CARTERET,house,13,mail,6,7
CARTERET,house,13,mail,7,143
CARTERET,house,13,mail,11,1
CARTERET,house,13,mail,12,38
CARTERET,house,13,mail,13,45
CARTERET,house,13,mail,14,5
CARTERET,house,13,mail,15,73
CARTERET,house,13,mail,18,18
CARTERET,house,13,mail,19,12
CARTERET,house,13,mail,20,19
CARTERET,house,13,mail,21,12
CARTERET,house,13,mail,22,38
CARTERET,house,13,mail,25,1
CARTERET,house,13,mail,26,23
CARTERET,house,13,mail,27,9
CARTERET,house,13,mail,28,7
CARTERET,house,13,mail,29,19
CARTERET,house,13,mail,32,15
CARTERET,house,13,mail,33,8
CARTERET,house,13,mail,34,8
CARTERET,house,13,mail,35,9
CARTERET,house,13,mail,36,20
CARTERET,house,13,mail,39,2
CARTERET,house,13,mail,40,7
CARTERET,house,13,mail,41,7
CARTERET,house,13,mail,43,20
CARTERET,house,13,mail,46,1
CARTERET,house,13,mail,47,1
CARTERET,house,13,mail,48,7
CARTERET,house,13,mail,49,1
CARTERET,house,13,mail,50,11
CARTERET,house,13,mail,53,2
CARTERET,house,13,mail,54,2
CARTERET,house,13,mail,55,2
CARTERET,house,13,mail,56,3
CARTERET,senate,1,inperson,3,1139
CARTERET,senate,1,inperson,4,1742
CARTERET,senate,1,inperson,5,1287
CARTERET,senate,1,inperson,6,1201
CARTERET,senate,1,inperson,7,1204
CARTERET,senate,1,inperson,8,1207
CARTERET,senate,1,inperson,11,1232
CARTERET,senate,1,inperson,12,1101
CARTERET,senate,1,inperson,13,1148
CARTERET,senate,1,inperson,14,1419
CARTERET,senate,1,inperson,15,1492
CARTERET,senate,1,inperson,18,1437
CARTERET,senate,1,inperson,19,1290
CARTERET,senate,1,mail,0,59
CARTERET,senate,1,mail,1,102
CARTERET,senate,1,mail,2,1
CARTERET,senate,1,mail,3,55
CARTERET,senate,1,mail,4,46
CARTERET,senate,1,mail,5,34
CARTERET,senate,1,mail,6,7
CARTERET,senate,1,mail,7,143
CARTERET,senate,1,mail,11,1
CARTERET,senate,1,mail,12,38
CARTERET,senate,1,mail,13,45
CARTERET,senate,1,mail,14,5
CARTERET,senate,1,mail,15,73
CARTERET,senate,1,mail,18,18
CARTERET,senate,1,mail,19,12
CARTERET,senate,1,mail,20,19
CARTERET,senate,1,mail,21,12
CARTERET,senate,1,mail,22,38
CARTERET,senate,1,mail,25,1
CARTERET,senate,1,mail,26,23
CARTERET,senate,1,mail,27,9
CARTERET,senate,1,mail,28,7
CARTERET,senate,1,mail,29,19
CARTERET,senate,1,mail,32,15
CARTERET,senate,1,mail,33,8
CARTERET,senate,1,mail,34,8
CARTERET,senate,1,mail,35,9
CARTERET,senate,1,mail,36,20
CARTERET,senate,1,mail,39,2
CARTERET,senate,1,mail,40,7
CARTERET,senate,1,mail,41,7
CARTERET,senate,1,mail,43,20
CARTERET,senate,1,mail,46,1
CARTERET,senate,1,mail,47,1
CARTERET,senate,1,mail,48,7
CARTERET,senate,1,mail,49,1
CARTERET,senate,1,mail,50,11
CARTERET,senate,1,mail,53,2
CARTERET,senate,1,mail,54,2
CARTERET,senate,1,mail,55,2
CARTERET,senate,1,mail,56,3
CASWELL,house,50,inperson,3,334
CASWELL,house,50,inperson,4,416
CASWELL,house,50,inperson,5,312
CASWELL,house,50,inperson,6,260
CASWELL,house,50,inperson,7,304
CASWELL,house,50,inperson,8,283
CASWELL,house,50,inperson,11,291
CASWELL,house,50,inperson,12,254
CASWELL,house,50,inperson,13,282
CASWELL,house,50,inperson,14,275
CASWELL,house,50,inperson,15,314
CASWELL,house,50,inperson,18,240
CASWELL,house,50,inperson,19,263
CASWELL,house,50,mail,0,34
CASWELL,house,50,mail,1,17
CASWELL,house,50,mail,3,6
CASWELL,house,50,mail,4,12
CASWELL,house,50,mail,5,11
CASWELL,house,50,mail,6,14
CASWELL,house,50,mail,7,6
CASWELL,house,50,mail,8,25
CASWELL,house,50,mail,11,2
CASWELL,house,50,mail,12,5
CASWELL,house,50,mail,13,6
CASWELL,house,50,mail,14,1
CASWELL,house,50,mail,15,16
CASWELL,house,50,mail,18,4
CASWELL,house,50,mail,19,11
CASWELL,house,50,mail,21,3
CASWELL,house,50,mail,22,6
CASWELL,house,50,mail,25,2
CASWELL,house,50,mail,26,5
CASWELL,house,50,mail,27,1
CASWELL,house,50,mail,28,4
CASWELL,house,50,mail,29,3
CASWELL,house,50,mail,33,1
CASWELL,house,50,mail,34,8
CASWELL,house,50,mail,35,2
CASWELL,house,50,mail,36,2
CASWELL,house,50,mail,40,3
CASWELL,house,50,mail,41,2
CASWELL,house,50,mail,42,2
CASWELL,house,50,mail,43,6
CASWELL,house,50,mail,46,3
CASWELL,house,50,mail,47,1
CASWELL,house,50,mail,48,1
CASWELL,house,50,mail,49,1
CASWELL,senate,23,inperson,3,334
CASWELL,senate,23,inperson,4,416
CASWELL,senate,23,inperson,5,312
CASWELL,senate,23,inperson,6,260
CASWELL,senate,23,inperson,7,304
CASWELL,senate,23,inperson,8,283
CASWELL,senate,23,inperson,11,291
CASWELL,senate,23,inperson,12,254
CASWELL,senate,23,inperson,13,282
CASWELL,senate,23,inperson,14,275
CASWELL,senate,23,inperson,15,314
CASWELL,senate,23,inperson,18,240
CASWELL,senate,23,inperson,19,263
CASWELL,senate,23,mail,0,34
CASWELL,senate,23,mail,1,17
CASWELL,senate,23,mail,3,6
CASWELL,senate,23,mail,4,12
CASWELL,senate,23,mail,5,11
CASWELL,senate,23,mail,6,14
CASWELL,senate,23,mail,7,6
CASWELL,senate,23,mail,8,25
CASWELL,senate,23,mail,11,2
CASWELL,senate,23,mail,12,5
CASWELL,senate,23,mail,13,6
CASWELL,senate,23,mail,14,1
CASWELL,senate,23,mail,15,16
CASWELL,senate,23,mail,18,4
CASWELL,senate,23,mail,19,11
CASWELL,senate,23,mail,21,3
CASWELL,senate,23,mail,22,6
CASWELL,senate,23,mail,25,2
CASWELL,senate,23,mail,26,5
CASWELL,senate,23,mail,27,1
CASWELL,senate,23,mail,28,4
CASWELL,senate,23,mail,29,3
CASWELL,senate,23,mail,33,1
CASWELL,senate,23,mail,34,8
CASWELL,senate,23,mail,35,2
CASWELL,senate,23,mail,36,2
CASWELL,senate,23,mail,40,3
CASWELL,senate,23,mail,41,2
CASWELL,senate,23,mail,42,2
CASWELL,senate,23,mail,43,6
CASWELL,senate,23,mail,46,3
CASWELL,senate,23,mail,47,1
CASWELL,senate,23,mail,48,1
CASWELL,senate,23,mail,49,1
CATAWBA,house,89,inperson,3,1265
CATAWBA,house,89,inperson,4,1466
CATAWBA,house,89,inperson,5,1098
CATAWBA,house,89,inperson,6,1010
CATAWBA,house,89,inperson,7,1018
CATAWBA,house,89,inperson,8,805
CATAWBA,house,89,inperson,9,271
CATAWBA,house,89,inperson,10,545
CATAWBA,house,89,inperson,11,976
CATAWBA,house,89,inperson,12,789
CATAWBA,house,89,inperson,13,904
CATAWBA,house,89,inperson,14,908
CATAWBA,house,89,inperson,15,948
CATAWBA,house,89,inperson,16,191
CATAWBA,house,89,inperson,17,398
CATAWBA,house,89,inperson,18,925
CATAWBA,house,89,inperson,19,1012
CATAWBA,house,89,mail,0,38
CATAWBA,house,89,mail,1,41
CATAWBA,house,89,mail,3,38
CATAWBA,house,89,mail,4,28
CATAWBA,house,89,mail,5,36
CATAWBA,house,89,mail,6,55
CATAWBA,house,89,mail,7,18
CATAWBA,house,89,mail,8,53
CATAWBA,house,89,mail,11,18
CATAWBA,house,89,mail,12,34
CATAWBA,house,89,mail,13,32
CATAWBA,house,89,mail,14,14
CATAWBA,house,89,mail,15,20
CATAWBA,house,89,mail,18,18
CATAWBA,house,89,mail,19,14
CATAWBA,house,89,mail,20,17
CATAWBA,house,89,mail,21,10
CATAWBA,house,89,mail,22,39
CATAWBA,house,89,mail,25,9
CATAWBA,house,89,mail,26,28
CATAWBA,house,89,mail,27,4
CATAWBA,house,89,mail,28,15
CATAWBA,house,89,mail,29,10
CATAWBA,house,89,mail,32,7
CATAWBA,house,89,mail,33,33
CATAWBA,house,89,mail,34,8
CATAWBA,house,89,mail,36,3
CATAWBA,house,89,mail,39,10
CATAWBA,house,89,mail,41,9
CATAWBA,house,89,mail,42,2
CATAWBA,house,89,mail,43,7
CATAWBA,house,89,mail,46,3
CATAWBA,house,89,mail,47,6
CATAWBA,house,89,mail,48,5
CATAWBA,house,89,mail,49,4
CATAWBA,house,89,mail,50,3
CATAWBA,house,89,mail,53,2
CATAWBA,house,89,mail,54,3
CATAWBA,house,89,mail,57,1
CATAWBA,house,89,mail,60,1
CATAWBA,house,96,inperson,3,1468
CATAWBA,house,96,inperson,4,1671
CATAWBA,house,96,inperson,5,1255
CATAWBA,house,96,inperson,6,1147
CATAWBA,house,96,inperson,7,1184
CATAWBA,house,96,inperson,8,877
CATAWBA,house,96,inperson,9,292
CATAWBA,house,96,inperson,10,637
CATAWBA,house,96,inperson,11,1072
CATAWBA,house,96,inperson,12,911
CATAWBA,house,96,inperson,13,938
CATAWBA,house,96,inperson,14,1098
CATAWBA,house,96,inperson,15,1115
CATAWBA,house,96,inperson,16,216
CATAWBA,house,96,inperson,17,478
CATAWBA,house,96,inperson,18,1082
CATAWBA,house,96,inperson,19,1239
CATAWBA,house,96,mail,0,93
CATAWBA,house,96,mail,1,67
CATAWBA,house,96,mail,3,68
CATAWBA,house,96,mail,4,66
CATAWBA,house,96,mail,5,61
CATAWBA,house,96,mail,6,46
CATAWBA,house,96,mail,7,16
CATAWBA,house,96,mail,8,65
CATAWBA,house,96,mail,11,33
CATAWBA,house,96,mail,12,50
CATAWBA,house,96,mail,13,29
CATAWBA,house,96,mail,14,22
CATAWBA,house,96,mail,15,42
CATAWBA,house,96,mail,18,29
CATAWBA,house,96,mail,19,46
CATAWBA,house,96,mail,20,30
CATAWBA,house,96,mail,21,9
CATAWBA,house,96,mail,22,38
CATAWBA,house,96,mail,25,25
CATAWBA,house,96,mail,26,26
CATAWBA,house,96,mail,27,3
CATAWBA,house,96,mail,28,17
CATAWBA,house,96,mail,29,40
CATAWBA,house,96,mail,32,14
CATAWBA,house,96,mail,33,11
CATAWBA,house,96,mail,34,19
CATAWBA,house,96,mail,35,5
CATAWBA,house,96,mail,36,17
CATAWBA,house,96,mail,39,21
CATAWBA,house,96,mail,40,1
CATAWBA,house,96,mail,41,12
CATAWBA,house,96,mail,42,2
CATAWBA,house,96,mail,43,23
CATAWBA,house,96,mail,46,7
CATAWBA,house,96,mail,47,5
CATAWBA,house,96,mail,48,6
CATAWBA,house,96,mail,49,1
CATAWBA,house,96,mail,50,7
CATAWBA,house,96,mail,53,2
CATAWBA,house,96,mail,54,4
CATAWBA,house,96,mail,57,1
CATAWBA,senate,45,inperson,3,2733
CATAWBA,senate,45,inperson,4,3137
CATAWBA,senate,45,inperson,5,2353
CATAWBA,senate,45,inperson,6,2157
CATAWBA,senate,45,inperson,7,2202
CATAWBA,senate,45,inperson,8,1682
CATAWBA,senate,45,inperson,9,563
CATAWBA,senate,45,inperson,10,1182
CATAWBA,senate,45,inperson,11,2048
CATAWBA,senate,45,inperson,12,1700
CATAWBA,senate,45,inperson,13,1842
CATAWBA,senate,45,inperson,14,2006
CATAWBA,senate,45,inperson,15,2063
CATAWBA,senate,45,inperson,16,407
CATAWBA,senate,45,inperson,17,876
CATAWBA,senate,45,inperson,18,2007
CATAWBA,senate,45,inperson,19,2251
CATAWBA,senate,45,mail,0,131
CATAWBA,senate,45,mail,1,108
CATAWBA,senate,45,mail,3,106
CATAWBA,senate,45,mail,4,94
CATAWBA,senate,45,mail,5,97
CATAWBA,senate,45,mail,6,101
CATAWBA,senate,45,mail,7,34
CATAWBA,senate,45,mail,8,118
CATAWBA,senate,45,mail,11,51
CATAWBA,senate,45,mail,12,84
CATAWBA,senate,45,mail,13,61
CATAWBA,senate,45,mail,14,36
CATAWBA,senate,45,mail,15,62
CATAWBA,senate,45,mail,18,47
CATAWBA,senate,45,mail,19,60
CATAWBA,senate,45,mail,20,47
CATAWBA,senate,45,mail,21,19
CATAWBA,senate,45,mail,22,77
CATAWBA,senate,45,mail,25,34
CATAWBA,senate,45,mail,26,54
CATAWBA,senate,45,mail,27,7
CATAWBA,senate,45,mail,28,32
CATAWBA,senate,45,mail,29,50
CATAWBA,senate,45,mail,32,21
CATAWBA,senate,45,mail,33,44
CATAWBA,senate,45,mail,34,27
CATAWBA,senate,45,mail,35,5
CATAWBA,senate,45,mail,36,20
CATAWBA,senate,45,mail,39,31
CATAWBA,senate,45,mail,40,1
CATAWBA,senate,45,mail,41,21
CATAWBA,senate,45,mail,42,4
CATAWBA,senate,45,mail,43,30
CATAWBA,senate,45,mail,46,10
CATAWBA,senate,45,mail,47,11
CATAWBA,senate,45,mail,48,11
CATAWBA,senate,45,mail,49,5
CATAWBA,senate,45,mail,50,10
CATAWBA,senate,45,mail,53,4
CATAWBA,senate,45,mail,54,7
CATAWBA,senate,45,mail,57,2
CATAWBA,senate,45,mail,60,1
CHATHAM,house,54,inperson,3,1900
CHATHAM,house,54,inperson,4,2323
CHATHAM,house,54,inperson,5,1829
CHATHAM,house,54,inperson,6,1621
CHATHAM,house,54,inperson,7,1515
CHATHAM,house,54,inperson,8,1636
CHATHAM,house,54,inperson,9,580
CHATHAM,house,54,inperson,10,925
CHATHAM,house,54,inperson,11,1645
CHATHAM,house,54,inperson,12,1481
CHATHAM,house,54,inperson,13,1631
CHATHAM,house,54,inperson,14,1775
CHATHAM,house,54,inperson,15,1822
CHATHAM,house,54,inperson,16,531
CHATHAM,house,54,inperson,17,892
CHATHAM,house,54,inperson,18,1842
CHATHAM,house,54,inperson,19,1918
CHATHAM,house,54,mail,0,254
CHATHAM,house,54,mail,1,60
CHATHAM,house,54,mail,3,81
CHATHAM,house,54,mail,4,137
CHATHAM,house,54,mail,5,176
CHATHAM,house,54,mail,6,77
CHATHAM,house,54,mail,7,68
CHATHAM,house,54,mail,8,144
CHATHAM,house,54,mail,9,4
CHATHAM,house,54,mail,10,7
CHATHAM,house,54,mail,11,113
CHATHAM,house,54,mail,12,90
CHATHAM,house,54,mail,13,149
CHATHAM,house,54,mail,14,38
CHATHAM,house,54,mail,15,126
CHATHAM,house,54,mail,16,8
CHATHAM,house,54,mail,17,40
CHATHAM,house,54,mail,18,78
CHATHAM,house,54,mail,19,115
CHATHAM,house,54,mail,20,126
CHATHAM,house,54,mail,21,10
CHATHAM,house,54,mail,22,99
CHATHAM,house,54,mail,24,37
CHATHAM,house,54,mail,25,136
CHATHAM,house,54,mail,26,71
CHATHAM,house,54,mail,27,106
CHATHAM,house,54,mail,28,24
CHATHAM,house,54,mail,29,12
CHATHAM,house,54,mail,30,1
CHATHAM,house,54,mail,31,24
CHATHAM,house,54,mail,32,9
CHATHAM,house,54,mail,33,59
CHATHAM,house,54,mail,34,51
CHATHAM,house,54,mail,35,4
CHATHAM,house,54,mail,36,95
CHATHAM,house,54,mail,37,1
CHATHAM,house,54,mail,39,20
CHATHAM,house,54,mail,41,65
CHATHAM,house,54,mail,42,15
CHATHAM,house,54,mail,43,50
CHATHAM,house,54,mail,45,2
CHATHAM,house,54,mail,46,15
CHATHAM,house,54,mail,47,26
CHATHAM,house,54,mail,48,52
CHATHAM,house,54,mail,49,22
CHATHAM,house,54,mail,50,11
CHATHAM,house,54,mail,53,3
CHATHAM,house,54,mail,54,9
CHATHAM,house,54,mail,55,6
CHATHAM,house,54,mail,56,2
CHATHAM,house,54,mail,57,7
CHATHAM,house,54,mail,58,2
CHATHAM,senate,20,inperson,3,1900
CHATHAM,senate,20,inperson,4,2323
CHATHAM,senate,20,inperson,5,1829
CHATHAM,senate,20,inperson,6,1621
CHATHAM,senate,20,inperson,7,1515
CHATHAM,senate,20,inperson,8,1636
CHATHAM,senate,20,inperson,9,580
CHATHAM,senate,20,inperson,10,925
CHATHAM,senate,20,inperson,11,1645
CHATHAM,senate,20,inperson,12,1481
CHATHAM,senate,20,inperson,13,1631
CHATHAM,senate,20,inperson,14,1775
CHATHAM,senate,20,inperson,15,1822
CHATHAM,senate,20,inperson,16,531
CHATHAM,senate,20,inperson,17,892
CHATHAM,senate,20,inperson,18,1842
CHATHAM,senate,20,inperson,19,1918
CHATHAM,senate,20,mail,0,254
CHATHAM,senate,20,mail,1,60
CHATHAM,senate,20,mail,3,81
CHATHAM,senate,20,mail,4,137
CHATHAM,senate,20,mail,5,176
CHATHAM,senate,20,mail,6,77
CHATHAM,senate,20,mail,7,68
CHATHAM,senate,20,mail,8,144
CHATHAM,senate,20,mail,9,4
CHATHAM,senate,20,mail,10,7
CHATHAM,senate,20,mail,11,113
CHATHAM,senate,20,mail,12,90
CHATHAM,senate,20,mail,13,149
CHATHAM,senate,20,mail,14,38
CHATHAM,senate,20,mail,15,126
CHATHAM,senate,20,mail,16,8
CHATHAM,senate,20,mail,17,40
CHATHAM,senate,20,mail,18,78
CHATHAM,senate,20,mail,19,115
CHATHAM,senate,20,mail,20,126
CHATHAM,senate,20,mail,21,10
CHATHAM,senate,20,mail,22,99
CHATHAM,senate,20,mail,24,37
CHATHAM,senate,20,mail,25,136
CHATHAM,senate,20,mail,26,71
CHATHAM,senate,20,mail,27,106
CHATHAM,senate,20,mail,28,24
CHATHAM,senate,20,mail,29,12
CHATHAM,senate,20,mail,30,1
CHATHAM,senate,20,mail,31,24
CHATHAM,senate,20,mail,32,9
CHATHAM,senate,20,mail,33,59
CHATHAM,senate,20,mail,34,51
CHATHAM,senate,20,mail,35,4
CHATHAM,senate,20,mail,36,95
CHATHAM,senate,20,mail,37,1
CHATHAM,senate,20,mail,39,20
CHATHAM,senate,20,mail,41,65
CHATHAM,senate,20,mail,42,15
CHATHAM,senate,20,mail,43,50
CHATHAM,senate,20,mail,45,2
CHATHAM,senate,20,mail,46,15
CHATHAM,senate,20,mail,47,26
CHATHAM,senate,20,mail,48,52
CHATHAM,senate,20,mail,49,22
CHATHAM,senate,20,mail,50,11
CHATHAM,senate,20,mail,53,3
CHATHAM,senate,20,mail,54,9
CHATHAM,senate,20,mail,55,6
CHATHAM,senate,20,mail,56,2
CHATHAM,senate,20,mail,57,7
CHATHAM,senate,20,mail,58,2
CHEROKEE,house,120,inperson,3,315
CHEROKEE,house,120,inperson,4,575
CHEROKEE,house,120,inperson,5,449
CHEROKEE,house,120,inperson,6,366
CHEROKEE,house,120,inperson,7,440
CHEROKEE,house,120,inperson,8,383
CHEROKEE,house,120,inperson,11,397
CHEROKEE,house,120,inperson,12,410
CHEROKEE,house,120,inperson,13,369
CHEROKEE,house,120,inperson,14,443
CHEROKEE,house,120,inperson,15,422
CHEROKEE,house,120,inperson,18,402
CHEROKEE,house,120,inperson,19,409
CHEROKEE,house,120,mail,0,19
CHEROKEE,house,120,mail,1,37
CHEROKEE,house,120,mail,3,13
CHEROKEE,house,120,mail,4,19
CHEROKEE,house,120,mail,5,23
CHEROKEE,house,120,mail,6,21
CHEROKEE,house,120,mail,7,32
CHEROKEE,house,120,mail,8,31
CHEROKEE,house,120,mail,11,15
CHEROKEE,house,120,mail,12,18
CHEROKEE,house,120,mail,13,26
CHEROKEE,house,120,mail,14,13
CHEROKEE,house,120,mail,15,19
CHEROKEE,house,120,mail,18,9
CHEROKEE,house,120,mail,19,12
CHEROKEE,house,120,mail,20,7
CHEROKEE,house,120,mail,21,9
CHEROKEE,house,120,mail,22,7
CHEROKEE,house,120,mail,25,9
CHEROKEE,house,120,mail,26,7
CHEROKEE,house,120,mail,27,7
CHEROKEE,house,120,mail,28,10
CHEROKEE,house,120,mail,33,4
CHEROKEE,house,120,mail,34,13
CHEROKEE,house,120,mail,35,3
CHEROKEE,house,120,mail,36,2
CHEROKEE,house,120,mail,38,1
CHEROKEE,house,120,mail,39,2
CHEROKEE,house,120,mail,40,3
CHEROKEE,house,120,mail,41,2
CHEROKEE,house,120,mail,42,2
CHEROKEE,house,120,mail,43,2
CHEROKEE,house,120,mail,46,3
CHEROKEE,house,120,mail,47,2
CHEROKEE,house,120,mail,48,2
CHEROKEE,house,120,mail,49,1
CHEROKEE,house,120,mail,50,2
CHEROKEE,house,120,mail,53,2
CHEROKEE,house,120,mail,54,1
CHEROKEE,senate,50,inperson,3,315
CHEROKEE,senate,50,inperson,4,575
CHEROKEE,senate,50,inperson,5,449
CHEROKEE,senate,50,inperson,6,366
CHEROKEE,senate,50,inperson,7,440
CHEROKEE,senate,50,inperson,8,383
CHEROKEE,senate,50,inperson,11,397
CHEROKEE,senate,50,inperson,12,410
CHEROKEE,senate,50,inperson,13,369
CHEROKEE,senate,50,inperson,14,443
CHEROKEE,senate,50,inperson,15,422
CHEROKEE,senate,50,inperson,18,402
CHEROKEE,senate,50,inperson,19,409
CHEROKEE,senate,50,mail,0,19
CHEROKEE,senate,50,mail,1,37
CHEROKEE,senate,50,mail,3,13
CHEROKEE,senate,50,mail,4,19
CHEROKEE,senate,50,mail,5,23
CHEROKEE,senate,50,mail,6,21
CHEROKEE,senate,50,mail,7,32
CHEROKEE,senate,50,mail,8,31
CHEROKEE,senate,50,mail,11,15
CHEROKEE,senate,50,mail,12,18
CHEROKEE,senate,50,mail,13,26
CHEROKEE,senate,50,mail,14,13
CHEROKEE,senate,50,mail,15,19
CHEROKEE,senate,50,mail,18,9
CHEROKEE,senate,50,mail,19,12
CHEROKEE,senate,50,mail,20,7
CHEROKEE,senate,50,mail,21,9
CHEROKEE,senate,50,mail,22,7
CHEROKEE,senate,50,mail,25,9
CHEROKEE,senate,50,mail,26,7
CHEROKEE,senate,50,mail,27,7
CHEROKEE,senate,50,mail,28,10
CHEROKEE,senate,50,mail,33,4
CHEROKEE,senate,50,mail,34,13
CHEROKEE,senate,50,mail,35,3
CHEROKEE,senate,50,mail,36,2
CHEROKEE,senate,50,mail,38,1
CHEROKEE,senate,50,mail,39,2
CHEROKEE,senate,50,mail,40,3
CHEROKEE,senate,50,mail,41,2
CHEROKEE,senate,50,mail,42,2
CHEROKEE,senate,50,mail,43,2
CHEROKEE,senate,50,mail,46,3
CHEROKEE,senate,50,mail,47,2
CHEROKEE,senate,50,mail,48,2
CHEROKEE,senate,50,mail,49,1
CHEROKEE,senate,50,mail,50,2
CHEROKEE,senate,50,mail,53,2
CHEROKEE,senate,50,mail,54,1
CHOWAN,house,1,inperson,3,209
CHOWAN,house,1,inperson,4,325
CHOWAN,house,1,inperson,5,217
CHOWAN,house,1,inperson,6,210
CHOWAN,house,1,inperson,7,228
CHOWAN,house,1,inperson,8,238
CHOWAN,house,1,inperson,10,95
CHOWAN,house,1,inperson,11,258
CHOWAN,house,1,inperson,12,202
CHOWAN,house,1,inperson,13,206
CHOWAN,house,1,inperson,14,225
CHOWAN,house,1,inperson,15,258
CHOWAN,house,1,inperson,17,66
CHOWAN,house,1,inperson,18,272
CHOWAN,house,1,inperson,19,266
CHOWAN,house,1,mail,0,19
CHOWAN,house,1,mail,1,19
CHOWAN,house,1,mail,3,18
CHOWAN,house,1,mail,4,6
CHOWAN,house,1,mail,5,12
CHOWAN,house,1,mail,6,1
CHOWAN,house,1,mail,7,14
CHOWAN,house,1,mail,8,4
CHOWAN,house,1,mail,11,6
CHOWAN,house,1,mail,12,6
CHOWAN,house,1,mail,13,4
CHOWAN,house,1,mail,14,4
CHOWAN,house,1,mail,15,8
CHOWAN,house,1,mail,17,2
CHOWAN,house,1,mail,18,2
CHOWAN,house,1,mail,20,1
CHOWAN,house,1,mail,21,3
CHOWAN,house,1,mail,22,7
CHOWAN,house,1,mail,25,2
CHOWAN,house,1,mail,27,2
CHOWAN,house,1,mail,28,9
CHOWAN,house,1,mail,29,1
CHOWAN,house,1,mail,32,2
CHOWAN,house,1,mail,35,3
CHOWAN,house,1,mail,36,1
CHOWAN,house,1,mail,41,2
CHOWAN,house,1,mail,42,8
CHOWAN,house,1,mail,43,1
CHOWAN,house,1,mail,46,3
CHOWAN,house,1,mail,50,2
CHOWAN,senate,1,inperson,3,209
CHOWAN,senate,1,inperson,4,325
CHOWAN,senate,1,inperson,5,217
CHOWAN,senate,1,inperson,6,210
CHOWAN,senate,1,inperson,7,228
CHOWAN,senate,1,inperson,8,238
CHOWAN,senate,1,inperson,10,95
CHOWAN,senate,1,inperson,11,258
CHOWAN,senate,1,inperson,12,202
CHOWAN,senate,1,inperson,13,206
CHOWAN,senate,1,inperson,14,225
CHOWAN,senate,1,inperson,15,258
CHOWAN,senate,1,inperson,17,66
CHOWAN,senate,1,inperson,18,272
CHOWAN,senate,1,inperson,19,266
CHOWAN,senate,1,mail,0,19
CHOWAN,senate,1,mail,1,19
CHOWAN,senate,1,mail,3,18
CHOWAN,senate,1,mail,4,6
CHOWAN,senate,1,mail,5,12
CHOWAN,senate,1,mail,6,1
CHOWAN,senate,1,mail,7,14
CHOWAN,senate,1,mail,8,4
CHOWAN,senate,1,mail,11,6
CHOWAN,senate,1,mail,12,6
CHOWAN,senate,1,mail,13,4
CHOWAN,senate,1,mail,14,4
CHOWAN,senate,1,mail,15,8
CHOWAN,senate,1,mail,17,2
CHOWAN,senate,1,mail,18,2
CHOWAN,senate,1,mail,20,1
CHOWAN,senate,1,mail,21,3
CHOWAN,senate,1,mail,22,7
CHOWAN,senate,1,mail,25,2
CHOWAN,senate,1,mail,27,2
CHOWAN,senate,1,mail,28,9
CHOWAN,senate,1,mail,29,1
CHOWAN,senate,1,mail,32,2
CHOWAN,senate,1,mail,35,3
CHOWAN,senate,1,mail,36,1
CHOWAN,senate,1,mail,41,2
CHOWAN,senate,1,mail,42,8
CHOWAN,senate,1,mail,43,1
CHOWAN,senate,1,mail,46,3
CHOWAN,senate,1,mail,50,2
CLAY,house,120,inperson,3,236
CLAY,house,120,inperson,4,332
CLAY,house,120,inperson,5,217
CLAY,house,120,inperson,6,207
CLAY,house,120,inperson,7,263
CLAY,house,120,inperson,8,252
CLAY,house,120,inperson,11,216
CLAY,house,120,inperson,12,185
CLAY,house,120,inperson,13,212
CLAY,house,120,inperson,14,215
CLAY,house,120,inperson,15,254
CLAY,house,120,inperson,18,268
CLAY,house,120,inperson,19,230
CLAY,house,120,mail,0,6
CLAY,house,120,mail,1,10
CLAY,house,120,mail,3,10
CLAY,house,120,mail,4,14
CLAY,house,120,mail,5,8
CLAY,house,120,mail,6,4
CLAY,house,120,mail,7,9
CLAY,house,120,mail,8,8
CLAY,house,120,mail,11,6
CLAY,house,120,mail,12,4
CLAY,house,120,mail,13,5
CLAY,house,120,mail,14,2
CLAY,house,120,mail,15,13
CLAY,house,120,mail,18,5
CLAY,house,120,mail,19,2
CLAY,house,120,mail,20,1
CLAY,house,120,mail,21,1
CLAY,house,120,mail,22,3
CLAY,house,120,mail,25,4
CLAY,house,120,mail,26,2
CLAY,house,120,mail,27,1
CLAY,house,120,mail,33,1
CLAY,house,120,mail,35,1
CLAY,house,120,mail,36,3
CLAY,house,120,mail,39,1
CLAY,house,120,mail,40,2
CLAY,house,120,mail,42,3
CLAY,house,120,mail,43,1
CLAY,house,120,mail,48,2
CLAY,house,120,mail,50,1
CLAY,senate,50,inperson,3,236
CLAY,senate,50,inperson,4,332
CLAY,senate,50,inperson,5,217
CLAY,senate,50,inperson,6,207
CLAY,senate,50,inperson,7,263
CLAY,senate,50,inperson,8,252
CLAY,senate,50,inperson,11,216
CLAY,senate,50,inperson,12,185
CLAY,senate,50,inperson,13,212
CLAY,senate,50,inperson,14,215
CLAY,senate,50,inperson,15,254
CLAY,senate,50,inperson,18,268
CLAY,senate,50,inperson,19,230
CLAY,senate,50,mail,0,6
CLAY,senate,50,mail,1,10
CLAY,senate,50,mail,3,10
CLAY,senate,50,mail,4,14
CLAY,senate,50,mail,5,8
CLAY,senate,50,mail,6,4
CLAY,senate,50,mail,7,9
CLAY,senate,50,mail,8,8
CLAY,senate,50,mail,11,6
CLAY,senate,50,mail,12,4
CLAY,senate,50,mail,13,5
CLAY,senate,50,mail,14,2
CLAY,senate,50,mail,15,13
CLAY,senate,50,mail,18,5
CLAY,senate,50,mail,19,2
CLAY,senate,50,mail,20,1
CLAY,senate,50,mail,21,1
CLAY,senate,50,mail,22,3
CLAY,senate,50,mail,25,4
CLAY,senate,50,mail,26,2
CLAY,senate,50,mail,27,1
CLAY,senate,50,mail,33,1
CLAY,senate,50,mail,35,1
CLAY,senate,50,mail,36,3
CLAY,senate,50,mail,39,1
CLAY,senate,50,mail,40,2
CLAY,senate,50,mail,42,3
CLAY,senate,50,mail,43,1
CLAY,senate,50,mail,48,2
CLAY,senate,50,mail,50,1
CLEVELAND,house,110,inperson,3,398
CLEVELAND,house,110,inperson,4,600
CLEVELAND,house,110,inperson,5,441
CLEVELAND,house,110,inperson,6,347
CLEVELAND,house,110,inperson,7,382
CLEVELAND,house,110,inperson,8,273
CLEVELAND,house,110,inperson,9,85
CLEVELAND,house,110,inperson,10,171
CLEVELAND,house,110,inperson,11,336
CLEVELAND,house,110,inperson,12,308
CLEVELAND,house,110,inperson,13,290
CLEVELAND,house,110,inperson,14,355
CLEVELAND,house,110,inperson,15,431
CLEVELAND,house,110,inperson,18,298
CLEVELAND,house,110,inperson,19,357
CLEVELAND,house,110,mail,0,20
CLEVELAND,house,110,mail,1,14
CLEVELAND,house,110,mail,3,21
CLEVELAND,house,110,mail,4,14
CLEVELAND,house,110,mail,5,25
CLEVELAND,house,110,mail,6,12
CLEVELAND,house,110,mail,7,11
CLEVELAND,house,110,mail,8,15
CLEVELAND,house,110,mail,10,5
CLEVELAND,house,110,mail,11,9
CLEVELAND,house,110,mail,12,4
CLEVELAND,house,110,mail,13,8
CLEVELAND,house,110,mail,14,4
CLEVELAND,house,110,mail,15,20
CLEVELAND,house,110,mail,18,10
CLEVELAND,house,110,mail,19,4
CLEVELAND,house,110,mail,20,9
CLEVELAND,house,110,mail,21,3
CLEVELAND,house,110,mail,22,15
CLEVELAND,house,110,mail,25,2
CLEVELAND,house,110,mail,26,5
CLEVELAND,house,110,mail,27,2
CLEVELAND,house,110,mail,28,2
CLEVELAND,house,110,mail,29,5
CLEVELAND,house,110,mail,32,3
CLEVELAND,house,110,mail,36,3
CLEVELAND,house,110,mail,40,3
CLEVELAND,house,110,mail,41,2
CLEVELAND,house,110,mail,42,1
CLEVELAND,house,110,mail,43,1
CLEVELAND,house,110,mail,46,4
CLEVELAND,house,110,mail,47,6
CLEVELAND,house,110,mail,48,7
CLEVELAND,house,110,mail,50,4
CLEVELAND,house,111,inperson,3,983
CLEVELAND,house,111,inperson,4,1207
CLEVELAND,house,111,inperson,5,854
CLEVELAND,house,111,inperson,6,796
CLEVELAND,house,111,inperson,7,800
CLEVELAND,house,111,inperson,8,634
CLEVELAND,house,111,inperson,9,188
CLEVELAND,house,111,inperson,10,354
CLEVELAND,house,111,inperson,11,715
CLEVELAND,house,111,inperson,12,707
CLEVELAND,house,111,inperson,13,658
CLEVELAND,house,111,inperson,14,747
CLEVELAND,house,111,inperson,15,942
CLEVELAND,house,111,inperson,18,734
CLEVELAND,house,111,inperson,19,906
CLEVELAND,house,111,mail,0,37
CLEVELAND,house,111,mail,1,53
CLEVELAND,house,111,mail,3,42
CLEVELAND,house,111,mail,4,24
CLEVELAND,house,111,mail,5,42
CLEVELAND,house,111,mail,6,31
CLEVELAND,house,111,mail,7,14
CLEVELAND,house,111,mail,8,14
CLEVELAND,house,111,mail,9,1
CLEVELAND,house,111,mail,10,11
CLEVELAND,house,111,mail,11,18
CLEVELAND,house,111,mail,12,26
CLEVELAND,house,111,mail,13,33
CLEVELAND,house,111,mail,14,10
CLEVELAND,house,111,mail,15,40
CLEVELAND,house,111,mail,18,18
CLEVELAND,house,111,mail,19,17
CLEVELAND,house,111,mail,20,18
CLEVELAND,house,111,mail,21,35
CLEVELAND,house,111,mail,22,33
CLEVELAND,house,111,mail,25,7
CLEVELAND,house,111,mail,26,12
CLEVELAND,house,111,mail,27,4
CLEVELAND,house,111,mail,28,11
CLEVELAND,house,111,mail,29,9
CLEVELAND,house,111,mail,32,5
CLEVELAND,house,111,mail,33,3
CLEVELAND,house,111,mail,34,6
CLEVELAND,house,111,mail,36,6
CLEVELAND,house,111,mail,39,5
CLEVELAND,house,111,mail,40,4
CLEVELAND,house,111,mail,41,2
CLEVELAND,house,111,mail,42,2
CLEVELAND,house,111,mail,43,7
CLEVELAND,house,111,mail,48,3
CLEVELAND,house,111,mail,49,3
CLEVELAND,house,111,mail,50,8
CLEVELAND,house,111,mail,53,1
CLEVELAND,house,111,mail,55,1
CLEVELAND,senate,44,inperson,3,1381
CLEVELAND,senate,44,inperson,4,1807
CLEVELAND,senate,44,inperson,5,1295
CLEVELAND,senate,44,inperson,6,1143
CLEVELAND,senate,44,inperson,7,1182
CLEVELAND,senate,44,inperson,8,907
CLEVELAND,senate,44,inperson,9,273
CLEVELAND,senate,44,inperson,10,525
CLEVELAND,senate,44,inperson,11,1051
CLEVELAND,senate,44,inperson,12,1015
CLEVELAND,senate,44,inperson,13,948
CLEVELAND,senate,44,inperson,14,1102
CLEVELAND,senate,44,inperson,15,1373
CLEVELAND,senate,44,inperson,18,1032
CLEVELAND,senate,44,inperson,19,1263
CLEVELAND,senate,44,mail,0,57
CLEVELAND,senate,44,mail,1,67
CLEVELAND,senate,44,mail,3,63
CLEVELAND,senate,44,mail,4,38
CLEVELAND,senate,44,mail,5,67
CLEVELAND,senate,44,mail,6,43
CLEVELAND,senate,44,mail,7,25
CLEVELAND,senate,44,mail,8,29
CLEVELAND,senate,44,mail,9,1
CLEVELAND,senate,44,mail,10,16
CLEVELAND,senate,44,mail,11,27
CLEVELAND,senate,44,mail,12,30
CLEVELAND,senate,44,mail,13,41
CLEVELAND,senate,44,mail,14,14
CLEVELAND,senate,44,mail,15,60
CLEVELAND,senate,44,mail,18,28
CLEVELAND,senate,44,mail,19,21
CLEVELAND,senate,44,mail,20,27
CLEVELAND,senate,44,mail,21,38
CLEVELAND,senate,44,mail,22,48
CLEVELAND,senate,44,mail,25,9
CLEVELAND,senate,44,mail,26,17
CLEVELAND,senate,44,mail,27,6
CLEVELAND,senate,44,mail,28,13
CLEVELAND,senate,44,mail,29,14
CLEVELAND,senate,44,mail,32,8
CLEVELAND,senate,44,mail,33,3
CLEVELAND,senate,44,mail,34,6
CLEVELAND,senate,44,mail,36,9
CLEVELAND,senate,44,mail,39,5
CLEVELAND,senate,44,mail,40,7
CLEVELAND,senate,44,mail,41,4
CLEVELAND,senate,44,mail,42,3
CLEVELAND,senate,44,mail,43,8
CLEVELAND,senate,44,mail,46,4
CLEVELAND,senate,44,mail,47,6
CLEVELAND,senate,44,mail,48,10
CLEVELAND,senate,44,mail,49,3
CLEVELAND,senate,44,mail,50,12
CLEVELAND,senate,44,mail,53,1
CLEVELAND,senate,44,mail,55,1
COLUMBUS,house,46,inperson,3,842
COLUMBUS,house,46,inperson,4,1142
COLUMBUS,house,46,inperson,5,720
COLUMBUS,house,46,inperson,6,681
COLUMBUS,house,46,inperson,7,634
COLUMBUS,house,46,inperson,8,592
COLUMBUS,house,46,inperson,11,592
COLUMBUS,house,46,inperson,12,620
COLUMBUS,house,46,inperson,13,668
COLUMBUS,house,46,inperson,14,713
COLUMBUS,house,46,inperson,15,739
COLUMBUS,house,46,inperson,16,500
COLUMBUS,house,46,inperson,18,758
COLUMBUS,house,46,inperson,19,887
COLUMBUS,house,46,mail,0,44
COLUMBUS,house,46,mail,1,44
COLUMBUS,house,46,mail,3,22
COLUMBUS,house,46,mail,4,22
COLUMBUS,house,46,mail,5,19
COLUMBUS,house,46,mail,6,12
COLUMBUS,house,46,mail,7,21
COLUMBUS,house,46,mail,8,3
COLUMBUS,house,46,mail,11,18
COLUMBUS,house,46,mail,12,29
COLUMBUS,house,46,mail,13,20
COLUMBUS,house,46,mail,14,10
COLUMBUS,house,46,mail,15,15
COLUMBUS,house,46,mail,16,7
COLUMBUS,house,46,mail,18,22
COLUMBUS,house,46,mail,19,15
COLUMBUS,house,46,mail,20,1
COLUMBUS,house,46,mail,21,21
COLUMBUS,house,46,mail,22,7
COLUMBUS,house,46,mail,25,3
COLUMBUS,house,46,mail,26,7
COLUMBUS,house,46,mail,27,3
COLUMBUS,house,46,mail,28,6
COLUMBUS,house,46,mail,32,2
COLUMBUS,house,46,mail,34,4
COLUMBUS,house,46,mail,35,1
COLUMBUS,house,46,mail,36,7
COLUMBUS,house,46,mail,40,2
COLUMBUS,house,46,mail,41,3
COLUMBUS,house,46,mail,42,4
COLUMBUS,house,46,mail,46,1
COLUMBUS,house,46,mail,47,1
COLUMBUS,house,46,mail,49,1
COLUMBUS,house,46,mail,50,3
COLUMBUS,house,46,mail,53,1
COLUMBUS,house,46,mail,54,2
COLUMBUS,senate,8,inperson,3,842
COLUMBUS,senate,8,inperson,4,1142
COLUMBUS,senate,8,inperson,5,720
COLUMBUS,senate,8,inperson,6,681
COLUMBUS,senate,8,inperson,7,634
COLUMBUS,senate,8,inperson,8,592
COLUMBUS,senate,8,inperson,11,592
COLUMBUS,senate,8,inperson,12,620
COLUMBUS,senate,8,inperson,13,668
COLUMBUS,senate,8,inperson,14,713
COLUMBUS,senate,8,inperson,15,739
COLUMBUS,senate,8,inperson,16,500
COLUMBUS,senate,8,inperson,18,758
COLUMBUS,senate,8,inperson,19,887
COLUMBUS,senate,8,mail,0,44
COLUMBUS,senate,8,mail,1,44
COLUMBUS,senate,8,mail,3,22
COLUMBUS,senate,8,mail,4,22
COLUMBUS,senate,8,mail,5,19
COLUMBUS,senate,8,mail,6,12
COLUMBUS,senate,8,mail,7,21
COLUMBUS,senate,8,mail,8,3
COLUMBUS,senate,8,mail,11,18
COLUMBUS,senate,8,mail,12,29
COLUMBUS,senate,8,mail,13,20
COLUMBUS,senate,8,mail,14,10
COLUMBUS,senate,8,mail,15,15
COLUMBUS,senate,8,mail,16,7
COLUMBUS,senate,8,mail,18,22
COLUMBUS,senate,8,mail,19,15
COLUMBUS,senate,8,mail,20,1
COLUMBUS,senate,8,mail,21,21
COLUMBUS,senate,8,mail,22,7
COLUMBUS,senate,8,mail,25,3
COLUMBUS,senate,8,mail,26,7
COLUMBUS,senate,8,mail,27,3
COLUMBUS,senate,8,mail,28,6
COLUMBUS,senate,8,mail,32,2
COLUMBUS,senate,8,mail,34,4
COLUMBUS,senate,8,mail,35,1
COLUMBUS,senate,8,mail,36,7
COLUMBUS,senate,8,mail,40,2
COLUMBUS,senate,8,mail,41,3
COLUMBUS,senate,8,mail,42,4
COLUMBUS,senate,8,mail,46,1
COLUMBUS,senate,8,mail,47,1
COLUMBUS,senate,8,mail,49,1
COLUMBUS,senate,8,mail,50,3
COLUMBUS,senate,8,mail,53,1
COLUMBUS,senate,8,mail,54,2
CRAVEN,house,13,inperson,3,207
CRAVEN,house,13,inperson,4,245
CRAVEN,house,13,inperson,5,186
CRAVEN,house,13,inperson,6,182
CRAVEN,house,13,inperson,7,190
CRAVEN,house,13,inperson,8,172
CRAVEN,house,13,inperson,10,102
CRAVEN,house,13,inperson,11,163
CRAVEN,house,13,inperson,12,150
CRAVEN,house,13,inperson,13,182
CRAVEN,house,13,inperson,14,181
CRAVEN,house,13,inperson,15,228
CRAVEN,house,13,inperson,18,205
CRAVEN,house,13,inperson,19,245
CRAVEN,house,13,mail,0,20
CRAVEN,house,13,mail,1,17
CRAVEN,house,13,mail,3,17
CRAVEN,house,13,mail,4,4
CRAVEN,house,13,mail,5,6
CRAVEN,house,13,mail,6,9
CRAVEN,house,13,mail,7,4
CRAVEN,house,13,mail,8,11
CRAVEN,house,13,mail,10,1
CRAVEN,house,13,mail,12,7
CRAVEN,house,13,mail,13,5
CRAVEN,house,13,mail,14,7
CRAVEN,house,13,mail,15,9
CRAVEN,house,13,mail,18,2
CRAVEN,house,13,mail,19,1
CRAVEN,house,13,mail,20,1
CRAVEN,house,13,mail,22,5
CRAVEN,house,13,mail,25,1
CRAVEN,house,13,mail,26,4
CRAVEN,house,13,mail,28,4
CRAVEN,house,13,mail,32,1
CRAVEN,house,13,mail,34,2
CRAVEN,house,13,mail,35,1
CRAVEN,house,13,mail,36,2
CRAVEN,house,13,mail,40,3
CRAVEN,house,13,mail,41,1
CRAVEN,house,13,mail,43,3
CRAVEN,house,13,mail,46,3
CRAVEN,house,13,mail,47,1
CRAVEN,house,13,mail,48,1
CRAVEN,house,13,mail,50,4
CRAVEN,house,13,mail,53,1
CRAVEN,house,3,inperson,3,1170
CRAVEN,house,3,inperson,4,1654
CRAVEN,house,3,inperson,5,1380
CRAVEN,house,3,inperson,6,1211
CRAVEN,house,3,inperson,7,1189
CRAVEN,house,3,inperson,8,1200
CRAVEN,house,3,inperson,10,623
CRAVEN,house,3,inperson,11,1197
CRAVEN,house,3,inperson,12,1207
CRAVEN,house,3,inperson,13,1185
CRAVEN,house,3,inperson,14,1329
CRAVEN,house,3,inperson,15,1483
CRAVEN,house,3,inperson,18,1273
CRAVEN,house,3,inperson,19,1226
CRAVEN,house,3,mail,0,109
CRAVEN,house,3,mail,1,127
CRAVEN,house,3,mail,3,65
CRAVEN,house,3,mail,4,72
CRAVEN,house,3,mail,5,70
CRAVEN,house,3,mail,6,49
CRAVEN,house,3,mail,7,32
CRAVEN,house,3,mail,8,90
CRAVEN,house,3,mail,9,2
CRAVEN,house,3,mail,10,4
CRAVEN,house,3,mail,11,49
CRAVEN,house,3,mail,12,50
CRAVEN,house,3,mail,13,45
CRAVEN,house,3,mail,14,15
CRAVEN,house,3,mail,15,91
CRAVEN,house,3,mail,18,61
CRAVEN,house,3,mail,19,16
CRAVEN,house,3,mail,20,13
CRAVEN,house,3,mail,21,4
CRAVEN,house,3,mail,22,63
CRAVEN,house,3,mail,25,21
CRAVEN,house,3,mail,26,46
CRAVEN,house,3,mail,27,9
CRAVEN,house,3,mail,28,53
CRAVEN,house,3,mail,29,9
CRAVEN,house,3,mail,32,41
CRAVEN,house,3,mail,34,15
CRAVEN,house,3,mail,35,8
CRAVEN,house,3,mail,36,16
CRAVEN,house,3,mail,39,10
CRAVEN,house,3,mail,40,24
CRAVEN,house,3,mail,41,24
CRAVEN,house,3,mail,42,4
CRAVEN,house,3,mail,43,25
CRAVEN,house,3,mail,46,8
CRAVEN,house,3,mail,47,14
CRAVEN,house,3,mail,48,9
CRAVEN,house,3,mail,50,6
CRAVEN,house,3,mail,53,4
CRAVEN,house,3,mail,54,4
CRAVEN,senate,2,inperson,3,1377
CRAVEN,senate,2,inperson,4,1899
CRAVEN,senate,2,inperson,5,1566
CRAVEN,senate,2,inperson,6,1393
CRAVEN,senate,2,inperson,7,1379
CRAVEN,senate,2,inperson,8,1372
CRAVEN,senate,2,inperson,10,725
CRAVEN,senate,2,inperson,11,1360
CRAVEN,senate,2,inperson,12,1357
CRAVEN,senate,2,inperson,13,1367
CRAVEN,senate,2,inperson,14,1510
CRAVEN,senate,2,inperson,15,1711
CRAVEN,senate,2,inperson,18,1478
CRAVEN,senate,2,inperson,19,1471
CRAVEN,senate,2,mail,0,129
CRAVEN,senate,2,mail,1,144
CRAVEN,senate,2,mail,3,82
CRAVEN,senate,2,mail,4,76
CRAVEN,senate,2,mail,5,76
CRAVEN,senate,2,mail,6,58
CRAVEN,senate,2,mail,7,36
CRAVEN,senate,2,mail,8,101
CRAVEN,senate,2,mail,9,2
CRAVEN,senate,2,mail,10,5
CRAVEN,senate,2,mail,11,49
CRAVEN,senate,2,mail,12,57
CRAVEN,senate,2,mail,13,50
CRAVEN,senate,2,mail,14,22
CRAVEN,senate,2,mail,15,100
CRAVEN,senate,2,mail,18,63
CRAVEN,senate,2,mail,19,17
CRAVEN,senate,2,mail,20,14
CRAVEN,senate,2,mail,21,4
CRAVEN,senate,2,mail,22,68
CRAVEN,senate,2,mail,25,22
CRAVEN,senate,2,mail,26,50
CRAVEN,senate,2,mail,27,9
CRAVEN,senate,2,mail,28,57
CRAVEN,senate,2,mail,29,9
CRAVEN,senate,2,mail,32,42
CRAVEN,senate,2,mail,34,17
CRAVEN,senate,2,mail,35,9
CRAVEN,senate,2,mail,36,18
CRAVEN,senate,2,mail,39,10
CRAVEN,senate,2,mail,40,27
CRAVEN,senate,2,mail,41,25
CRAVEN,senate,2,mail,42,4
CRAVEN,senate,2,mail,43,28
CRAVEN,senate,2,mail,46,11
CRAVEN,senate,2,mail,47,15
CRAVEN,senate,2,mail,48,10
CRAVEN,senate,2,mail,50,10
CRAVEN,senate,2,mail,53,5
CRAVEN,senate,2,mail,54,4
CUMBERLAND,house,42,inperson,3,808
CUMBERLAND,house,42,inperson,4,828
CUMBERLAND,house,42,inperson,5,665
CUMBERLAND,house,42,inperson,6,592
CUMBERLAND,house,42,inperson,7,533
CUMBERLAND,house,42,inperson,8,532
CUMBERLAND,house,42,inperson,9,171
CUMBERLAND,house,42,inperson,10,351
CUMBERLAND,house,42,inperson,11,474
CUMBERLAND,house,42,inperson,12,483
CUMBERLAND,house,42,inperson,13,490
CUMBERLAND,house,42,inperson,14,586
CUMBERLAND,house,42,inperson,15,581
CUMBERLAND,house,42,inperson,16,122
CUMBERLAND,house,42,inperson,17,290
CUMBERLAND,house,42,inperson,18,629
CUMBERLAND,house,42,inperson,19,660
CUMBERLAND,house,42,mail,0,95
CUMBERLAND,house,42,mail,1,42
CUMBERLAND,house,42,mail,3,55
CUMBERLAND,house,42,mail,4,7
CUMBERLAND,house,42,mail,5,41
CUMBERLAND,house,42,mail,6,40
CUMBERLAND,house,42,mail,7,51
CUMBERLAND,house,42,mail,8,23
CUMBERLAND,house,42,mail,11,26
CUMBERLAND,house,42,mail,12,26
CUMBERLAND,house,42,mail,13,12
CUMBERLAND,house,42,mail,14,10
CUMBERLAND,house,42,mail,15,26
CUMBERLAND,house,42,mail,17,1
CUMBERLAND,house,42,mail,18,9
CUMBERLAND,house,42,mail,19,24
CUMBERLAND,house,42,mail,20,9
CUMBERLAND,house,42,mail,21,11
CUMBERLAND,house,42,mail,22,38
CUMBERLAND,house,42,mail,25,10
CUMBERLAND,house,42,mail,26,25
CUMBERLAND,house,42,mail,28,18
CUMBERLAND,house,42,mail,32,2
CUMBERLAND,house,42,mail,33,12
CUMBERLAND,house,42,mail,34,8
CUMBERLAND,house,42,mail,35,7
CUMBERLAND,house,42,mail,36,17
CUMBERLAND,house,42,mail,40,2
CUMBERLAND,house,42,mail,41,7
CUMBERLAND,house,42,mail,42,2
CUMBERLAND,house,42,mail,43,13
CUMBERLAND,house,42,mail,47,5
CUMBERLAND,house,42,mail,48,5
CUMBERLAND,house,42,mail,49,3
CUMBERLAND,house,42,mail,50,2
CUMBERLAND,house,42,mail,53,3
CUMBERLAND,house,43,inperson,3,1393
CUMBERLAND,house,43,inperson,4,1536
CUMBERLAND,house,43,inperson,5,1128
CUMBERLAND,house,43,inperson,6,937
CUMBERLAND,house,43,inperson,7,885
CUMBERLAND,house,43,inperson,8,844
CUMBERLAND,house,43,inperson,9,262
CUMBERLAND,house,43,inperson,10,496
CUMBERLAND,house,43,inperson,11,816
CUMBERLAND,house,43,inperson,12,837
CUMBERLAND,house,43,inperson,13,812
CUMBERLAND,house,43,inperson,14,907
CUMBERLAND,house,43,inperson,15,929
CUMBERLAND,house,43,inperson,16,214
CUMBERLAND,house,43,inperson,17,495
CUMBERLAND,house,43,inperson,18,930
CUMBERLAND,house,43,inperson,19,1047
CUMBERLAND,house,43,mail,0,111
CUMBERLAND,house,43,mail,1,71
CUMBERLAND,house,43,mail,3,86
CUMBERLAND,house,43,mail,4,16
CUMBERLAND,house,43,mail,5,42
CUMBERLAND,house,43,mail,6,32
CUMBERLAND,house,43,mail,7,50
CUMBERLAND,house,43,mail,8,20
CUMBERLAND,house,43,mail,11,22
CUMBERLAND,house,43,mail,12,17
CUMBERLAND,house,43,mail,13,24
CUMBERLAND,house,43,mail,14,5
CUMBERLAND,house,43,mail,15,43
CUMBERLAND,house,43,mail,17,2
CUMBERLAND,house,43,mail,18,16
CUMBERLAND,house,43,mail,19,18
CUMBERLAND,house,43,mail,20,2
CUMBERLAND,house,43,mail,21,5
CUMBERLAND,house,43,mail,22,25
CUMBERLAND,house,43,mail,25,17
CUMBERLAND,house,43,mail,26,9
CUMBERLAND,house,43,mail,28,23
CUMBERLAND,house,43,mail,29,1
CUMBERLAND,house,43,mail,32,10
CUMBERLAND,house,43,mail,33,9
CUMBERLAND,house,43,mail,34,8
CUMBERLAND,house,43,mail,36,19
CUMBERLAND,house,43,mail,40,1
CUMBERLAND,house,43,mail,41,15
CUMBERLAND,house,43,mail,42,4
CUMBERLAND,house,43,mail,43,26
CUMBERLAND,house,43,mail,46,3
CUMBERLAND,house,43,mail,47,13
CUMBERLAND,house,43,mail,48,3
CUMBERLAND,house,43,mail,53,2
CUMBERLAND,house,44,inperson,3,1032
CUMBERLAND,house,44,inperson,4,1258
CUMBERLAND,house,44,inperson,5,775
CUMBERLAND,house,44,inperson,6,713
CUMBERLAND,house,44,inperson,7,653
CUMBERLAND,house,44,inperson,8,614
CUMBERLAND,house,44,inperson,9,165
CUMBERLAND,house,44,inperson,10,360
CUMBERLAND,house,44,inperson,11,676
CUMBERLAND,house,44,inperson,12,680
CUMBERLAND,house,44,inperson,13,626
CUMBERLAND,house,44,inperson,14,722
CUMBERLAND,house,44,inperson,15,666
CUMBERLAND,house,44,inperson,16,150
CUMBERLAND,house,44,inperson,17,340
CUMBERLAND,house,44,inperson,18,667
CUMBERLAND,house,44,inperson,19,831
CUMBERLAND,house,44,mail,0,125
CUMBERLAND,house,44,mail,1,61
CUMBERLAND,house,44,mail,3,82
CUMBERLAND,house,44,mail,4,23
CUMBERLAND,house,44,mail,5,35
CUMBERLAND,house,44,mail,6,53
CUMBERLAND,house,44,mail,7,54
CUMBERLAND,house,44,mail,8,18
CUMBERLAND,house,44,mail,10,1
CUMBERLAND,house,44,mail,11,33
CUMBERLAND,house,44,mail,12,34
CUMBERLAND,house,44,mail,13,20
CUMBERLAND,house,44,mail,14,10
CUMBERLAND,house,44,mail,15,60
CUMBERLAND,house,44,mail,18,17
CUMBERLAND,house,44,mail,19,27
CUMBERLAND,house,44,mail,20,9
CUMBERLAND,house,44,mail,21,16
CUMBERLAND,house,44,mail,22,45
CUMBERLAND,house,44,mail,25,14
CUMBERLAND,house,44,mail,26,19
CUMBERLAND,house,44,mail,28,22
CUMBERLAND,house,44,mail,32,9
CUMBERLAND,house,44,mail,33,24
CUMBERLAND,house,44,mail,34,5
CUMBERLAND,house,44,mail,35,8
CUMBERLAND,house,44,mail,36,23
CUMBERLAND,house,44,mail,40,5
CUMBERLAND,house,44,mail,41,20
CUMBERLAND,house,44,mail,42,3
CUMBERLAND,house,44,mail,43,22
CUMBERLAND,house,44,mail,46,4
CUMBERLAND,house,44,mail,47,9
CUMBERLAND,house,44,mail,48,5
CUMBERLAND,house,44,mail,49,1
CUMBERLAND,house,44,mail,50,3
CUMBERLAND,house,44,mail,53,2
CUMBERLAND,house,45,inperson,3,1183
CUMBERLAND,house,45,inperson,4,1327
CUMBERLAND,house,45,inperson,5,797
CUMBERLAND,house,45,inperson,6,661
CUMBERLAND,house,45,inperson,7,651
CUMBERLAND,house,45,inperson,8,561
CUMBERLAND,house,45,inperson,9,241
CUMBERLAND,house,45,inperson,10,481
CUMBERLAND,house,45,inperson,11,701
CUMBERLAND,house,45,inperson,12,646
CUMBERLAND,house,45,inperson,13,598
CUMBERLAND,house,45,inperson,14,649
CUMBERLAND,house,45,inperson,15,627
CUMBERLAND,house,45,inperson,16,227
CUMBERLAND,house,45,inperson,17,372
CUMBERLAND,house,45,inperson,18,631
CUMBERLAND,house,45,inperson,19,703
CUMBERLAND,house,45,mail,0,129
CUMBERLAND,house,45,mail,1,74
CUMBERLAND,house,45,mail,3,113
CUMBERLAND,house,45,mail,4,12
CUMBERLAND,house,45,mail,5,54
CUMBERLAND,house,45,mail,6,35
CUMBERLAND,house,45,mail,7,65
CUMBERLAND,house,45,mail,8,19
CUMBERLAND,house,45,mail,10,1
CUMBERLAND,house,45,mail,11,34
CUMBERLAND,house,45,mail,12,20
CUMBERLAND,house,45,mail,13,28
CUMBERLAND,house,45,mail,14,9
CUMBERLAND,house,45,mail,15,47
CUMBERLAND,house,45,mail,17,4
CUMBERLAND,house,45,mail,18,18
CUMBERLAND,house,45,mail,19,27
CUMBERLAND,house,45,mail,20,10
CUMBERLAND,house,45,mail,21,14
CUMBERLAND,house,45,mail,22,37
CUMBERLAND,house,45,mail,25,15
CUMBERLAND,house,45,mail,26,20
CUMBERLAND,house,45,mail,28,20
CUMBERLAND,house,45,mail,32,4
CUMBERLAND,house,45,mail,33,9
CUMBERLAND,house,45,mail,34,13
CUMBERLAND,house,45,mail,35,3
CUMBERLAND,house,45,mail,36,12
CUMBERLAND,house,45,mail,40,6
CUMBERLAND,house,45,mail,41,4
CUMBERLAND,house,45,mail,42,1
CUMBERLAND,house,45,mail,43,10
CUMBERLAND,house,45,mail,46,8
CUMBERLAND,house,45,mail,47,11
CUMBERLAND,house,45,mail,48,3
CUMBERLAND,house,45,mail,49,2
CUMBERLAND,house,45,mail,50,3
CUMBERLAND,house,45,mail,53,7
CUMBERLAND,senate,19,inperson,3,3012
CUMBERLAND,senate,19,inperson,4,3477
CUMBERLAND,senate,19,inperson,5,2297
CUMBERLAND,senate,19,inperson,6,1956
CUMBERLAND,senate,19,inperson,7,1901
CUMBERLAND,senate,19,inperson,8,1701
CUMBERLAND,senate,19,inperson,9,604
CUMBERLAND,senate,19,inperson,10,1228
CUMBERLAND,senate,19,inperson,11,1894
CUMBERLAND,senate,19,inperson,12,1804
CUMBERLAND,senate,19,inperson,13,1749
CUMBERLAND,senate,19,inperson,14,1907
CUMBERLAND,senate,19,inperson,15,1829
CUMBERLAND,senate,19,inperson,16,525
CUMBERLAND,senate,19,inperson,17,1037
CUMBERLAND,senate,19,inperson,18,1903
CUMBERLAND,senate,19,inperson,19,2065
CUMBERLAND,senate,19,mail,0,296
CUMBERLAND,senate,19,mail,1,173
CUMBERLAND,senate,19,mail,3,228
CUMBERLAND,senate,19,mail,4,38
CUMBERLAND,senate,19,mail,5,116
CUMBERLAND,senate,19,mail,6,113
CUMBERLAND,senate,19,mail,7,158
CUMBERLAND,senate,19,mail,8,57
CUMBERLAND,senate,19,mail,10,1
CUMBERLAND,senate,19,mail,11,74
CUMBERLAND,senate,19,mail,12,62
CUMBERLAND,senate,19,mail,13,68
CUMBERLAND,senate,19,mail,14,20
CUMBERLAND,senate,19,mail,15,121
CUMBERLAND,senate,19,mail,17,4
CUMBERLAND,senate,19,mail,18,47
CUMBERLAND,senate,19,mail,19,64
CUMBERLAND,senate,19,mail,20,20
CUMBERLAND,senate,19,mail,21,30
CUMBERLAND,senate,19,mail,22,96
CUMBERLAND,senate,19,mail,25,37
CUMBERLAND,senate,19,mail,26,42
CUMBERLAND,senate,19,mail,28,52
CUMBERLAND,senate,19,mail,32,14
CUMBERLAND,senate,19,mail,33,38
CUMBERLAND,senate,19,mail,34,28
CUMBERLAND,senate,19,mail,35,13
CUMBERLAND,senate,19,mail,36,45
CUMBERLAND,senate,19,mail,40,11
CUMBERLAND,senate,19,mail,41,25
CUMBERLAND,senate,19,mail,42,5
CUMBERLAND,senate,19,mail,43,45
CUMBERLAND,senate,19,mail,46,12
CUMBERLAND,senate,19,mail,47,18
CUMBERLAND,senate,19,mail,48,9
CUMBERLAND,senate,19,mail,49,3
CUMBERLAND,senate,19,mail,50,6
CUMBERLAND,senate,19,mail,53,11
CUMBERLAND,senate,21,inperson,3,1404
CUMBERLAND,senate,21,inperson,4,1472
CUMBERLAND,senate,21,inperson,5,1068
CUMBERLAND,senate,21,inperson,6,947
CUMBERLAND,senate,21,inperson,7,821
CUMBERLAND,senate,21,inperson,8,850
CUMBERLAND,senate,21,inperson,9,235
CUMBERLAND,senate,21,inperson,10,460
CUMBERLAND,senate,21,inperson,11,773
CUMBERLAND,senate,21,inperson,12,842
CUMBERLAND,senate,21,inperson,13,777
CUMBERLAND,senate,21,inperson,14,957
CUMBERLAND,senate,21,inperson,15,974
CUMBERLAND,senate,21,inperson,16,188
CUMBERLAND,senate,21,inperson,17,460
CUMBERLAND,senate,21,inperson,18,954
CUMBERLAND,senate,21,inperson,19,1176
CUMBERLAND,senate,21,mail,0,164
CUMBERLAND,senate,21,mail,1,75
CUMBERLAND,senate,21,mail,3,108
CUMBERLAND,senate,21,mail,4,20
CUMBERLAND,senate,21,mail,5,56
CUMBERLAND,senate,21,mail,6,47
CUMBERLAND,senate,21,mail,7,62
CUMBERLAND,senate,21,mail,8,23
CUMBERLAND,senate,21,mail,10,1
CUMBERLAND,senate,21,mail,11,41
CUMBERLAND,senate,21,mail,12,35
CUMBERLAND,senate,21,mail,13,16
CUMBERLAND,senate,21,mail,14,14
CUMBERLAND,senate,21,mail,15,55
CUMBERLAND,senate,21,mail,17,3
CUMBERLAND,senate,21,mail,18,13
CUMBERLAND,senate,21,mail,19,32
CUMBERLAND,senate,21,mail,20,10
CUMBERLAND,senate,21,mail,21,16
CUMBERLAND,senate,21,mail,22,49
CUMBERLAND,senate,21,mail,25,19
CUMBERLAND,senate,21,mail,26,31
CUMBERLAND,senate,21,mail,28,31
CUMBERLAND,senate,21,mail,29,1
CUMBERLAND,senate,21,mail,32,11
CUMBERLAND,senate,21,mail,33,16
CUMBERLAND,senate,21,mail,34,6
CUMBERLAND,senate,21,mail,35,5
CUMBERLAND,senate,21,mail,36,26
CUMBERLAND,senate,21,mail,40,3
CUMBERLAND,senate,21,mail,41,21
CUMBERLAND,senate,21,mail,42,5
CUMBERLAND,senate,21,mail,43,26
CUMBERLAND,senate,21,mail,46,3
CUMBERLAND,senate,21,mail,47,20
CUMBERLAND,senate,21,mail,48,7
CUMBERLAND,senate,21,mail,49,3
CUMBERLAND,senate,21,mail,50,2
CUMBERLAND,senate,21,mail,53,3
CURRITUCK,house,1,inperson,3,339
CURRITUCK,house,1,inperson,4,506
CURRITUCK,house,1,inperson,5,301
CURRITUCK,house,1,inperson,6,294
CURRITUCK,house,1,inperson,7,271
CURRITUCK,house,1,inperson,8,240
CURRITUCK,house,1,inperson,11,281
CURRITUCK,house,1,inperson,12,246
CURRITUCK,house,1,inperson,13,235
CURRITUCK,house,1,inperson,14,262
CURRITUCK,house,1,inperson,15,312
CURRITUCK,house,1,inperson,18,273
CURRITUCK,house,1,inperson,19,298
CURRITUCK,house,1,mail,1,54
CURRITUCK,house,1,mail,3,4
CURRITUCK,house,1,mail,4,1
CURRITUCK,house,1,mail,5,21
CURRITUCK,house,1,mail,6,5
CURRITUCK,house,1,mail,7,8
CURRITUCK,house,1,mail,8,42
CURRITUCK,house,1,mail,12,17
CURRITUCK,house,1,mail,13,12
CURRITUCK,house,1,mail,15,6
CURRITUCK,house,1,mail,18,9
CURRITUCK,house,1,mail,19,11
CURRITUCK,house,1,mail,20,13
CURRITUCK,house,1,mail,21,20
CURRITUCK,house,1,mail,28,3
CURRITUCK,house,1,mail,35,12
CURRITUCK,senate,3,inperson,3,339
CURRITUCK,senate,3,inperson,4,506
CURRITUCK,senate,3,inperson,5,301
CURRITUCK,senate,3,inperson,6,294
CURRITUCK,senate,3,inperson,7,271
CURRITUCK,senate,3,inperson,8,240
CURRITUCK,senate,3,inperson,11,281
CURRITUCK,senate,3,inperson,12,246
CURRITUCK,senate,3,inperson,13,235
CURRITUCK,senate,3,inperson,14,262
CURRITUCK,senate,3,inperson,15,312
CURRITUCK,senate,3,inperson,18,273
CURRITUCK,senate,3,inperson,19,298
CURRITUCK,senate,3,mail,1,54
CURRITUCK,senate,3,mail,3,4
CURRITUCK,senate,3,mail,4,1
CURRITUCK,senate,3,mail,5,21
CURRITUCK,senate,3,mail,6,5
CURRITUCK,senate,3,mail,7,8
CURRITUCK,senate,3,mail,8,42
CURRITUCK,senate,3,mail,12,17
CURRITUCK,senate,3,mail,13,12
CURRITUCK,senate,3,mail,15,6
CURRITUCK,senate,3,mail,18,9
CURRITUCK,senate,3,mail,19,11
CURRITUCK,senate,3,mail,20,13
CURRITUCK,senate,3,mail,21,20
CURRITUCK,senate,3,mail,28,3
CURRITUCK,senate,3,mail,35,12
DARE,house,1,inperson,3,242
DARE,house,1,inperson,4,433
DARE,house,1,inperson,5,329
DARE,house,1,inperson,6,246
DARE,house,1,inperson,7,289
DARE,house,1,inperson,8,318
DARE,house,1,inperson,11,301
DARE,house,1,inperson,12,246
DARE,house,1,inperson,13,287
DARE,house,1,inperson,14,274
DARE,house,1,inperson,15,308
DARE,house,1,inperson,18,256
DARE,house,1,inperson,19,329
DARE,house,1,mail,0,68
DARE,house,1,mail,1,10
DARE,house,1,mail,4,30
DARE,house,1,mail,5,4
DARE,house,1,mail,6,28
DARE,house,1,mail,7,1
DARE,house,1,mail,8,42
DARE,house,1,mail,11,12
DARE,house,1,mail,12,10
DARE,house,1,mail,13,20
DARE,house,1,mail,14,3
DARE,house,1,mail,15,11
DARE,house,1,mail,18,16
DARE,house,1,mail,19,8
DARE,house,1,mail,20,9
DARE,house,1,mail,21,11
DARE,house,1,mail,22,9
DARE,house,1,mail,25,12
DARE,house,1,mail,26,7
DARE,house,1,mail,27,5
DARE,house,1,mail,28,3
DARE,house,1,mail,29,2
DARE,house,1,mail,32,3
DARE,house,1,mail,33,2
DARE,house,1,mail,34,4
DARE,house,1,mail,35,4
DARE,house,1,mail,36,6
DARE,house,1,mail,39,6
DARE,house,1,mail,40,2
DARE,house,1,mail,41,2
DARE,house,1,mail,42,1
DARE,house,1,mail,43,1
DARE,house,1,mail,46,4
DARE,house,1,mail,47,1
DARE,house,1,mail,48,3
DARE,house,1,mail,49,2
DARE,house,1,mail,50,4
DARE,house,1,mail,51,1
DARE,house,1,mail,55,1
DARE,house,79,inperson,3,305
DARE,house,79,inperson,4,561
DARE,house,79,inperson,5,384
DARE,house,79,inperson,6,380
DARE,house,79,inperson,7,326
DARE,house,79,inperson,8,368
DARE,house,79,inperson,11,366
DARE,house,79,inperson,12,315
DARE,house,79,inperson,13,393
DARE,house,79,inperson,14,361
DARE,house,79,inperson,15,409
DARE,house,79,inperson,18,382
DARE,house,79,inperson,19,423
DARE,house,79,mail,0,79
DARE,house,79,mail,1,16
DARE,house,79,mail,4,39
DARE,house,79,mail,5,6
DARE,house,79,mail,6,31
DARE,house,79,mail,7,14
DARE,house,79,mail,8,36
DARE,house,79,mail,11,11
DARE,house,79,mail,12,6
DARE,house,79,mail,13,13
DARE,house,79,mail,14,9
DARE,house,79,mail,15,16
DARE,house,79,mail,18,10
DARE,house,79,mail,19,9
DARE,house,79,mail,20,10
DARE,house,79,mail,21,3
DARE,house,79,mail,22,15
DARE,house,79,mail,25,7
DARE,house,79,mail,27,7
DARE,house,79,mail,28,12
DARE,house,79,mail,29,9
DARE,house,79,mail,32,1
DARE,house,79,mail,33,6
DARE,house,79,mail,34,2
DARE,house,79,mail,35,7
DARE,house,79,mail,36,4
DARE,house,79,mail,39,1
DARE,house,79,mail,40,1
DARE,house,79,mail,42,2
DARE,house,79,mail,43,5
DARE,house,79,mail,47,3
DARE,house,79,mail,48,2
DARE,house,79,mail,49,1
DARE,house,79,mail,50,2
DARE,house,79,mail,55,1
DARE,senate,1,inperson,3,547
DARE,senate,1,inperson,4,994
DARE,senate,1,inperson,5,713
DARE,senate,1,inperson,6,626
DARE,senate,1,inperson,7,615
DARE,senate,1,inperson,8,686
DARE,senate,1,inperson,11,667
DARE,senate,1,inperson,12,561
DARE,senate,1,inperson,13,680
DARE,senate,1,inperson,14,635
DARE,senate,1,inperson,15,717
DARE,senate,1,inperson,18,638
DARE,senate,1,inperson,19,752
DARE,senate,1,mail,0,147
DARE,senate,1,mail,1,26
DARE,senate,1,mail,4,69
DARE,senate,1,mail,5,10
DARE,senate,1,mail,6,59
DARE,senate,1,mail,7,15
DARE,senate,1,mail,8,78
DARE,senate,1,mail,11,23
DARE,senate,1,mail,12,16
DARE,senate,1,mail,13,33
DARE,senate,1,mail,14,12
DARE,senate,1,mail,15,27
DARE,senate,1,mail,18,26
DARE,senate,1,mail,19,17
DARE,senate,1,mail,20,19
DARE,senate,1,mail,21,14
DARE,senate,1,mail,22,24
DARE,senate,1,mail,25,19
DARE,senate,1,mail,26,7
DARE,senate,1,mail,27,12
DARE,senate,1,mail,28,15
DARE,senate,1,mail,29,11
DARE,senate,1,mail,32,4
DARE,senate,1,mail,33,8
DARE,senate,1,mail,34,6
DARE,senate,1,mail,35,11
DARE,senate,1,mail,36,10
DARE,senate,1,mail,39,7
DARE,senate,1,mail,40,3
DARE,senate,1,mail,41,2
DARE,senate,1,mail,42,3
DARE,senate,1,mail,43,6
DARE,senate,1,mail,46,4
DARE,senate,1,mail,47,4
DARE,senate,1,mail,48,5
DARE,senate,1,mail,49,3
DARE,senate,1,mail,50,6
DARE,senate,1,mail,51,1
DARE,senate,1,mail,55,2
DAVIDSON,house,80,inperson,3,1232
DAVIDSON,house,80,inperson,4,1534
DAVIDSON,house,80,inperson,5,1169
DAVIDSON,house,80,inperson,6,1012
DAVIDSON,house,80,inperson,7,967
DAVIDSON,house,80,inperson,8,929
DAVIDSON,house,80,inperson,9,221
DAVIDSON,house,80,inperson,10,614
DAVIDSON,house,80,inperson,11,1118
DAVIDSON,house,80,inperson,12,978
DAVIDSON,house,80,inperson,13,1048
DAVIDSON,house,80,inperson,14,1085
DAVIDSON,house,80,inperson,15,1193
DAVIDSON,house,80,inperson,18,904
DAVIDSON,house,80,inperson,19,950
DAVIDSON,house,80,mail,0,132
DAVIDSON,house,80,mail,1,50
DAVIDSON,house,80,mail,3,35
DAVIDSON,house,80,mail,4,74
DAVIDSON,house,80,mail,5,108
DAVIDSON,house,80,mail,6,6
DAVIDSON,house,80,mail,7,26
DAVIDSON,house,80,mail,8,56
DAVIDSON,house,80,mail,10,16
DAVIDSON,house,80,mail,11,44
DAVIDSON,house,80,mail,12,39
DAVIDSON,house,80,mail,13,49
DAVIDSON,house,80,mail,14,20
DAVIDSON,house,80,mail,15,68
DAVIDSON,house,80,mail,18,22
DAVIDSON,house,80,mail,19,22
DAVIDSON,house,80,mail,20,39
DAVIDSON,house,80,mail,21,7
DAVIDSON,house,80,mail,22,45
DAVIDSON,house,80,mail,25,14
DAVIDSON,house,80,mail,26,37
DAVIDSON,house,80,mail,27,8
DAVIDSON,house,80,mail,28,21
DAVIDSON,house,80,mail,29,17
DAVIDSON,house,80,mail,32,6
DAVIDSON,house,80,mail,33,6
DAVIDSON,house,80,mail,34,21
DAVIDSON,house,80,mail,35,4
DAVIDSON,house,80,mail,36,13
DAVIDSON,house,80,mail,39,8
DAVIDSON,house,80,mail,40,4
DAVIDSON,house,80,mail,41,14
DAVIDSON,house,80,mail,42,3
DAVIDSON,house,80,mail,43,11
DAVIDSON,house,80,mail,46,5
DAVIDSON,house,80,mail,47,10
DAVIDSON,house,80,mail,48,8
DAVIDSON,house,80,mail,49,1
DAVIDSON,house,80,mail,50,14
DAVIDSON,house,80,mail,53,3
DAVIDSON,house,80,mail,54,6
DAVIDSON,house,80,mail,55,2
DAVIDSON,house,81,inperson,3,1231
DAVIDSON,house,81,inperson,4,1607
DAVIDSON,house,81,inperson,5,1207
DAVIDSON,house,81,inperson,6,1142
DAVIDSON,house,81,inperson,7,1072
DAVIDSON,house,81,inperson,8,1000
DAVIDSON,house,81,inperson,9,289
DAVIDSON,house,81,inperson,10,591
DAVIDSON,house,81,inperson,11,1149
DAVIDSON,house,81,inperson,12,1078
DAVIDSON,house,81,inperson,13,1069
DAVIDSON,house,81,inperson,14,1138
DAVIDSON,house,81,inperson,15,1207
DAVIDSON,house,81,inperson,18,935
DAVIDSON,house,81,inperson,19,1083
DAVIDSON,house,81,mail,0,140
DAVIDSON,house,81,mail,1,90
DAVIDSON,house,81,mail,3,24
DAVIDSON,house,81,mail,4,98
DAVIDSON,house,81,mail,5,120
DAVIDSON,house,81,mail,6,32
DAVIDSON,house,81,mail,7,13
DAVIDSON,house,81,mail,8,32
DAVIDSON,house,81,mail,9,3
DAVIDSON,house,81,mail,10,15
DAVIDSON,house,81,mail,11,47
DAVIDSON,house,81,mail,12,28
DAVIDSON,house,81,mail,13,54
DAVIDSON,house,81,mail,14,48
DAVIDSON,house,81,mail,15,49
DAVIDSON,house,81,mail,18,19
DAVIDSON,house,81,mail,19,16
DAVIDSON,house,81,mail,20,39
DAVIDSON,house,81,mail,21,5
DAVIDSON,house,81,mail,22,36
DAVIDSON,house,81,mail,25,18
DAVIDSON,house,81,mail,26,33
DAVIDSON,house,81,mail,27,6
DAVIDSON,house,81,mail,28,6
DAVIDSON,house,81,mail,29,8
DAVIDSON,house,81,mail,32,17
DAVIDSON,house,81,mail,33,16
DAVIDSON,house,81,mail,34,14
DAVIDSON,house,81,mail,35,6
DAVIDSON,house,81,mail,36,16
DAVIDSON,house,81,mail,39,8
DAVIDSON,house,81,mail,40,10
DAVIDSON,house,81,mail,41,12
DAVIDSON,house,81,mail,42,12
DAVIDSON,house,81,mail,43,21
DAVIDSON,house,81,mail,46,3
DAVIDSON,house,81,mail,47,4
DAVIDSON,house,81,mail,48,10
DAVIDSON,house,81,mail,49,2
DAVIDSON,house,81,mail,50,10
DAVIDSON,house,81,mail,53,7
DAVIDSON,house,81,mail,54,7
DAVIDSON,house,81,mail,55,5
DAVIDSON,house,81,mail,56,4
DAVIDSON,senate,30,inperson,3,2463
DAVIDSON,senate,30,inperson,4,3141
DAVIDSON,senate,30,inperson,5,2376
DAVIDSON,senate,30,inperson,6,2154
DAVIDSON,senate,30,inperson,7,2039
DAVIDSON,senate,30,inperson,8,1929
DAVIDSON,senate,30,inperson,9,510
DAVIDSON,senate,30,inperson,10,1205
DAVIDSON,senate,30,inperson,11,2267
DAVIDSON,senate,30,inperson,12,2056
DAVIDSON,senate,30,inperson,13,2117
DAVIDSON,senate,30,inperson,14,2223
DAVIDSON,senate,30,inperson,15,2400
DAVIDSON,senate,30,inperson,18,1839
DAVIDSON,senate,30,inperson,19,2033
DAVIDSON,senate,30,mail,0,272
DAVIDSON,senate,30,mail,1,140
DAVIDSON,senate,30,mail,3,59
DAVIDSON,senate,30,mail,4,172
DAVIDSON,senate,30,mail,5,228
DAVIDSON,senate,30,mail,6,38
DAVIDSON,senate,30,mail,7,39
DAVIDSON,senate,30,mail,8,88
DAVIDSON,senate,30,mail,9,3
DAVIDSON,senate,30,mail,10,31
DAVIDSON,senate,30,mail,11,91
DAVIDSON,senate,30,mail,12,67
DAVIDSON,senate,30,mail,13,103
DAVIDSON,senate,30,mail,14,68
DAVIDSON,senate,30,mail,15,117
DAVIDSON,senate,30,mail,18,41
DAVIDSON,senate,30,mail,19,38
DAVIDSON,senate,30,mail,20,78
DAVIDSON,senate,30,mail,21,12
DAVIDSON,senate,30,mail,22,81
DAVIDSON,senate,30,mail,25,32
DAVIDSON,senate,30,mail,26,70
DAVIDSON,senate,30,mail,27,14
DAVIDSON,senate,30,mail,28,27
DAVIDSON,senate,30,mail,29,25
DAVIDSON,senate,30,mail,32,23
DAVIDSON,senate,30,mail,33,22
DAVIDSON,senate,30,mail,34,35
DAVIDSON,senate,30,mail,35,10
DAVIDSON,senate,30,mail,36,29
DAVIDSON,senate,30,mail,39,16
DAVIDSON,senate,30,mail,40,14
DAVIDSON,senate,30,mail,41,26
DAVIDSON,senate,30,mail,42,15
DAVIDSON,senate,30,mail,43,32
DAVIDSON,senate,30,mail,46,8
DAVIDSON,senate,30,mail,47,14
DAVIDSON,senate,30,mail,48,18
DAVIDSON,senate,30,mail,49,3
DAVIDSON,senate,30,mail,50,24
DAVIDSON,senate,30,mail,53,10
DAVIDSON,senate,30,mail,54,13
DAVIDSON,senate,30,mail,55,7
DAVIDSON,senate,30,mail,56,4
DAVIE,house,77,inperson,3,700
DAVIE,house,77,inperson,4,1037
DAVIE,house,77,inperson,5,741
DAVIE,house,77,inperson,6,644
DAVIE,house,77,inperson,7,690
DAVIE,house,77,inperson,8,594
DAVIE,house,77,inperson,11,661
DAVIE,house,77,inperson,12,586
DAVIE,house,77,inperson,13,618
DAVIE,house,77,inperson,14,653
DAVIE,house,77,inperson,15,699
DAVIE,house,77,inperson,18,702
DAVIE,house,77,inperson,19,735
DAVIE,house,77,mail,0,35
DAVIE,house,77,mail,1,31
DAVIE,house,77,mail,3,24
DAVIE,house,77,mail,4,37
DAVIE,house,77,mail,5,44
DAVIE,house,77,mail,6,33
DAVIE,house,77,mail,7,2
DAVIE,house,77,mail,8,35
DAVIE,house,77,mail,9,1
DAVIE,house,77,mail,11,23
DAVIE,house,77,mail,12,21
DAVIE,house,77,mail,13,31
DAVIE,house,77,mail,14,15
DAVIE,house,77,mail,15,25
DAVIE,house,77,mail,18,7
DAVIE,house,77,mail,19,10
DAVIE,house,77,mail,20,10
DAVIE,house,77,mail,21,5
DAVIE,house,77,mail,22,16
DAVIE,house,77,mail,25,6
DAVIE,house,77,mail,26,9
DAVIE,house,77,mail,27,2
DAVIE,house,77,mail,28,13
DAVIE,house,77,mail,32,4
DAVIE,house,77,mail,33,3
DAVIE,house,77,mail,34,6
DAVIE,house,77,mail,35,1
DAVIE,house,77,mail,36,10
DAVIE,house,77,mail,39,2
DAVIE,house,77,mail,40,3
DAVIE,house,77,mail,41,12
DAVIE,house,77,mail,43,6
DAVIE,house,77,mail,44,1
DAVIE,house,77,mail,46,4
DAVIE,house,77,mail,47,2
DAVIE,house,77,mail,48,4
DAVIE,house,77,mail,49,2
DAVIE,house,77,mail,50,3
DAVIE,house,77,mail,54,5
DAVIE,house,77,mail,55,1
DAVIE,senate,30,inperson,3,700
DAVIE,senate,30,inperson,4,1037
DAVIE,senate,30,inperson,5,741
DAVIE,senate,30,inperson,6,644
DAVIE,senate,30,inperson,7,690
DAVIE,senate,30,inperson,8,594
DAVIE,senate,30,inperson,11,661
DAVIE,senate,30,inperson,12,586
DAVIE,senate,30,inperson,13,618
DAVIE,senate,30,inperson,14,653
DAVIE,senate,30,inperson,15,699
DAVIE,senate,30,inperson,18,702
DAVIE,senate,30,inperson,19,735
DAVIE,senate,30,mail,0,35
DAVIE,senate,30,mail,1,31
DAVIE,senate,30,mail,3,24
DAVIE,senate,30,mail,4,37
DAVIE,senate,30,mail,5,44
DAVIE,senate,30,mail,6,33
DAVIE,senate,30,mail,7,2
DAVIE,senate,30,mail,8,35
DAVIE,senate,30,mail,9,1
DAVIE,senate,30,mail,11,23
DAVIE,senate,30,mail,12,21
DAVIE,senate,30,mail,13,31
DAVIE,senate,30,mail,14,15
DAVIE,senate,30,mail,15,25
DAVIE,senate,30,mail,18,7
DAVIE,senate,30,mail,19,10
DAVIE,senate,30,mail,20,10
DAVIE,senate,30,mail,21,5
DAVIE,senate,30,mail,22,16
DAVIE,senate,30,mail,25,6
DAVIE,senate,30,mail,26,9
DAVIE,senate,30,mail,27,2
DAVIE,senate,30,mail,28,13
DAVIE,senate,30,mail,32,4
DAVIE,senate,30,mail,33,3
DAVIE,senate,30,mail,34,6
DAVIE,senate,30,mail,35,1
DAVIE,senate,30,mail,36,10
DAVIE,senate,30,mail,39,2
DAVIE,senate,30,mail,40,3
DAVIE,senate,30,mail,41,12
DAVIE,senate,30,mail,43,6
DAVIE,senate,30,mail,44,1
DAVIE,senate,30,mail,46,4
DAVIE,senate,30,mail,47,2
DAVIE,senate,30,mail,48,4
DAVIE,senate,30,mail,49,2
DAVIE,senate,30,mail,50,3
DAVIE,senate,30,mail,54,5
DAVIE,senate,30,mail,55,1
DUPLIN,house,4,inperson,3,498
DUPLIN,house,4,inperson,4,610
DUPLIN,house,4,inperson,5,457
DUPLIN,house,4,inperson,6,411
DUPLIN,house,4,inperson,7,449
DUPLIN,house,4,inperson,8,452
DUPLIN,house,4,inperson,11,413
DUPLIN,house,4,inperson,12,398
DUPLIN,house,4,inperson,13,346
DUPLIN,house,4,inperson,14,429
DUPLIN,house,4,inperson,15,452
DUPLIN,house,4,inperson,16,204
DUPLIN,house,4,inperson,18,435
DUPLIN,house,4,inperson,19,429
DUPLIN,house,4,mail,0,38
DUPLIN,house,4,mail,1,70
DUPLIN,house,4,mail,3,3
DUPLIN,house,4,mail,4,5
DUPLIN,house,4,mail,5,21
DUPLIN,house,4,mail,6,1
DUPLIN,house,4,mail,7,33
DUPLIN,house,4,mail,8,4
DUPLIN,house,4,mail,11,11
DUPLIN,house,4,mail,12,13
DUPLIN,house,4,mail,14,2
DUPLIN,house,4,mail,15,35
DUPLIN,house,4,mail,16,2
DUPLIN,house,4,mail,19,4
DUPLIN,house,4,mail,20,4
DUPLIN,house,4,mail,21,7
DUPLIN,house,4,mail,22,3
DUPLIN,house,4,mail,25,4
DUPLIN,house,4,mail,26,10
DUPLIN,house,4,mail,28,11
DUPLIN,house,4,mail,29,6
DUPLIN,house,4,mail,32,4
DUPLIN,house,4,mail,33,6
DUPLIN,house,4,mail,34,2
DUPLIN,house,4,mail,35,8
DUPLIN,house,4,mail,36,1
DUPLIN,house,4,mail,40,6
DUPLIN,house,4,mail,41,8
DUPLIN,house,4,mail,43,4
DUPLIN,house,4,mail,47,2
DUPLIN,house,4,mail,48,3
DUPLIN,house,4,mail,50,2
DUPLIN,house,4,mail,53,1
DUPLIN,senate,9,inperson,3,498
DUPLIN,senate,9,inperson,4,610
DUPLIN,senate,9,inperson,5,457
DUPLIN,senate,9,inperson,6,411
DUPLIN,senate,9,inperson,7,449
DUPLIN,senate,9,inperson,8,452
DUPLIN,senate,9,inperson,11,413
DUPLIN,senate,9,inperson,12,398
DUPLIN,senate,9,inperson,13,346
DUPLIN,senate,9,inperson,14,429
DUPLIN,senate,9,inperson,15,452
DUPLIN,senate,9,inperson,16,204
DUPLIN,senate,9,inperson,18,435
DUPLIN,senate,9,inperson,19,429
DUPLIN,senate,9,mail,0,38
DUPLIN,senate,9,mail,1,70
DUPLIN,senate,9,mail,3,3
DUPLIN,senate,9,mail,4,5
DUPLIN,senate,9,mail,5,21
DUPLIN,senate,9,mail,6,1
DUPLIN,senate,9,mail,7,33
DUPLIN,senate,9,mail,8,4
DUPLIN,senate,9,mail,11,11
DUPLIN,senate,9,mail,12,13
DUPLIN,senate,9,mail,14,2
DUPLIN,senate,9,mail,15,35
DUPLIN,senate,9,mail,16,2
DUPLIN,senate,9,mail,19,4
DUPLIN,senate,9,mail,20,4
DUPLIN,senate,9,mail,21,7
DUPLIN,senate,9,mail,22,3
DUPLIN,senate,9,mail,25,4
DUPLIN,senate,9,mail,26,10
DUPLIN,senate,9,mail,28,11
DUPLIN,senate,9,mail,29,6
DUPLIN,senate,9,mail,32,4
DUPLIN,senate,9,mail,33,6
DUPLIN,senate,9,mail,34,2
DUPLIN,senate,9,mail,35,8
DUPLIN,senate,9,mail,36,1
DUPLIN,senate,9,mail,40,6
DUPLIN,senate,9,mail,41,8
DUPLIN,senate,9,mail,43,4
DUPLIN,senate,9,mail,47,2
DUPLIN,senate,9,mail,48,3
DUPLIN,senate,9,mail,50,2
DUPLIN,senate,9,mail,53,1
DURHAM,house,2,inperson,3,1067
DURHAM,house,2,inperson,4,1360
DURHAM,house,2,inperson,5,1017
DURHAM,house,2,inperson,6,885
DURHAM,house,2,inperson,7,820
DURHAM,house,2,inperson,8,795
DURHAM,house,2,inperson,9,355
DURHAM,house,2,inperson,10,548
DURHAM,house,2,inperson,11,894
DURHAM,house,2,inperson,12,756
DURHAM,house,2,inperson,13,825
DURHAM,house,2,inperson,14,922
DURHAM,house,2,inperson,15,897
DURHAM,house,2,inperson,16,292
DURHAM,house,2,inperson,17,448
DURHAM,house,2,inperson,18,745
DURHAM,house,2,inperson,19,800
DURHAM,house,2,mail,0,84
DURHAM,house,2,mail,1,115
DURHAM,house,2,mail,2,3
DURHAM,house,2,mail,3,10
DURHAM,house,2,mail,4,23
DURHAM,house,2,mail,5,53
DURHAM,house,2,mail,6,39
DURHAM,house,2,mail,7,10
DURHAM,house,2,mail,8,57
DURHAM,house,2,mail,9,1
DURHAM,house,2,mail,10,3
DURHAM,house,2,mail,11,30
DURHAM,house,2,mail,12,59
DURHAM,house,2,mail,13,6
DURHAM,house,2,mail,14,11
DURHAM,house,2,mail,15,76
DURHAM,house,2,mail,16,2
DURHAM,house,2,mail,17,2
DURHAM,house,2,mail,18,4
DURHAM,house,2,mail,19,17
DURHAM,house,2,mail,20,24
DURHAM,house,2,mail,21,9
DURHAM,house,2,mail,22,45
DURHAM,house,2,mail,25,10
DURHAM,house,2,mail,26,21
DURHAM,house,2,mail,27,9
DURHAM,house,2,mail,28,18
DURHAM,house,2,mail,29,6
DURHAM,house,2,mail,32,5
DURHAM,house,2,mail,33,13
DURHAM,house,2,mail,34,6
DURHAM,house,2,mail,35,19
DURHAM,house,2,mail,39,11
DURHAM,house,2,mail,40,1
DURHAM,house,2,mail,41,10
DURHAM,house,2,mail,42,4
DURHAM,house,2,mail,43,5
DURHAM,house,2,mail,46,6
DURHAM,house,2,mail,47,5
DURHAM,house,2,mail,48,10
DURHAM,house,2,mail,49,3
DURHAM,house,2,mail,50,8
DURHAM,house,2,mail,53,2
DURHAM,house,2,mail,54,1
DURHAM,house,2,mail,56,1
DURHAM,house,2,mail,57,2
DURHAM,house,2,mail,59,1
DURHAM,house,29,inperson,3,2346
DURHAM,house,29,inperson,4,2793
DURHAM,house,29,inperson,5,1897
DURHAM,house,29,inperson,6,1676
DURHAM,house,29,inperson,7,1473
DURHAM,house,29,inperson,8,1363
DURHAM,house,29,inperson,9,772
DURHAM,house,29,inperson,10,1164
DURHAM,house,29,inperson,11,1573
DURHAM,house,29,inperson,12,1378
DURHAM,house,29,inperson,13,1427
DURHAM,house,29,inperson,14,1467
DURHAM,house,29,inperson,15,1530
DURHAM,house,29,inperson,16,674
DURHAM,house,29,inperson,17,979
DURHAM,house,29,inperson,18,1480
DURHAM,house,29,inperson,19,1475
DURHAM,house,29,mail,0,327
DURHAM,house,29,mail,1,488
DURHAM,house,29,mail,2,5
DURHAM,house,29,mail,3,24
DURHAM,house,29,mail,4,71
DURHAM,house,29,mail,5,128
DURHAM,house,29,mail,6,194
DURHAM,house,29,mail,7,38
DURHAM,house,29,mail,8,230
DURHAM,house,29,mail,9,10
DURHAM,house,29,mail,10,15
DURHAM,house,29,mail,11,113
DURHAM,house,29,mail,12,240
DURHAM,house,29,mail,13,24
DURHAM,house,29,mail,14,15
DURHAM,house,29,mail,15,232
DURHAM,house,29,mail,16,7
DURHAM,house,29,mail,17,8
DURHAM,house,29,mail,18,20
DURHAM,house,29,mail,19,78
DURHAM,house,29,mail,20,81
DURHAM,house,29,mail,21,26
DURHAM,house,29,mail,22,132
DURHAM,house,29,mail,23,2
DURHAM,house,29,mail,25,43
DURHAM,house,29,mail,26,53
DURHAM,house,29,mail,27,34
DURHAM,house,29,mail,28,49
DURHAM,house,29,mail,29,9
DURHAM,house,29,mail,30,5
DURHAM,house,29,mail,32,36
DURHAM,house,29,mail,33,20
DURHAM,house,29,mail,34,30
DURHAM,house,29,mail,35,52
DURHAM,house,29,mail,36,5
DURHAM,house,29,mail,39,18
DURHAM,house,29,mail,40,6
DURHAM,house,29,mail,41,47
DURHAM,house,29,mail,42,30
DURHAM,house,29,mail,43,31
DURHAM,house,29,mail,46,22
DURHAM,house,29,mail,47,26
DURHAM,house,29,mail,48,29
DURHAM,house,29,mail,49,2
DURHAM,house,29,mail,50,32
DURHAM,house,29,mail,53,22
DURHAM,house,29,mail,54,12
DURHAM,house,29,mail,55,2
DURHAM,house,29,mail,56,4
DURHAM,house,29,mail,57,2
DURHAM,house,29,mail,58,2
DURHAM,house,29,mail,59,1
DURHAM,house,30,inperson,3,1991
DURHAM,house,30,inperson,4,2453
DURHAM,house,30,inperson,5,1767
DURHAM,house,30,inperson,6,1353
DURHAM,house,30,inperson,7,1295
DURHAM,house,30,inperson,8,1176
DURHAM,house,30,inperson,9,657
DURHAM,house,30,inperson,10,837
DURHAM,house,30,inperson,11,1465
DURHAM,house,30,inperson,12,1123
DURHAM,house,30,inperson,13,1190
DURHAM,house,30,inperson,14,1120
DURHAM,house,30,inperson,15,1102
DURHAM,house,30,inperson,16,542
DURHAM,house,30,inperson,17,689
DURHAM,house,30,inperson,18,1185
DURHAM,house,30,inperson,19,1079
DURHAM,house,30,mail,0,220
DURHAM,house,30,mail,1,323
DURHAM,house,30,mail,2,4
DURHAM,house,30,mail,3,22
DURHAM,house,30,mail,4,62
DURHAM,house,30,mail,5,108
DURHAM,house,30,mail,6,122
DURHAM,house,30,mail,7,44
DURHAM,house,30,mail,8,151
DURHAM,house,30,mail,9,11
DURHAM,house,30,mail,10,5
DURHAM,house,30,mail,11,84
DURHAM,house,30,mail,12,156
DURHAM,house,30,mail,13,29
DURHAM,house,30,mail,14,26
DURHAM,house,30,mail,15,146
DURHAM,house,30,mail,16,2
DURHAM,house,30,mail,17,4
DURHAM,house,30,mail,18,20
DURHAM,house,30,mail,19,48
DURHAM,house,30,mail,20,54
DURHAM,house,30,mail,21,26
DURHAM,house,30,mail,22,95
DURHAM,house,30,mail,23,2
DURHAM,house,30,mail,24,3
DURHAM,house,30,mail,25,34
DURHAM,house,30,mail,26,42
DURHAM,house,30,mail,27,35
DURHAM,house,30,mail,28,25
DURHAM,house,30,mail,29,10
DURHAM,house,30,mail,30,1
DURHAM,house,30,mail,31,1
DURHAM,house,30,mail,32,13
DURHAM,house,30,mail,33,16
DURHAM,house,30,mail,34,32
DURHAM,house,30,mail,35,32
DURHAM,house,30,mail,36,11
DURHAM,house,30,mail,39,17
DURHAM,house,30,mail,40,6
DURHAM,house,30,mail,41,25
DURHAM,house,30,mail,42,11
DURHAM,house,30,mail,43,20
DURHAM,house,30,mail,46,20
DURHAM,house,30,mail,47,16
DURHAM,house,30,mail,48,19
DURHAM,house,30,mail,49,3
DURHAM,house,30,mail,50,19
DURHAM,house,30,mail,53,13
DURHAM,house,30,mail,54,9
DURHAM,house,30,mail,55,4
DURHAM,house,30,mail,56,2
DURHAM,house,30,mail,57,10
DURHAM,house,30,mail,58,2
DURHAM,house,31,inperson,3,1940
DURHAM,house,31,inperson,4,2185
DURHAM,house,31,inperson,5,1528
DURHAM,house,31,inperson,6,1208
DURHAM,house,31,inperson,7,1171
DURHAM,house,31,inperson,8,1248
DURHAM,house,31,inperson,9,586
DURHAM,house,31,inperson,10,900
DURHAM,house,31,inperson,11,1267
DURHAM,house,31,inperson,12,1075
DURHAM,house,31,inperson,13,1138
DURHAM,house,31,inperson,14,1164
DURHAM,house,31,inperson,15,1195
DURHAM,house,31,inperson,16,450
DURHAM,house,31,inperson,17,661
DURHAM,house,31,inperson,18,1147
DURHAM,house,31,inperson,19,1137
DURHAM,house,31,mail,0,216
DURHAM,house,31,mail,1,264
DURHAM,house,31,mail,2,1
DURHAM,house,31,mail,3,21
DURHAM,house,31,mail,4,49
DURHAM,house,31,mail,5,107
DURHAM,house,31,mail,6,123
DURHAM,house,31,mail,7,35
DURHAM,house,31,mail,8,166
DURHAM,house,31,mail,9,1
DURHAM,house,31,mail,10,9
DURHAM,house,31,mail,11,53
DURHAM,house,31,mail,12,165
DURHAM,house,31,mail,13,8
DURHAM,house,31,mail,14,18
DURHAM,house,31,mail,15,144
DURHAM,house,31,mail,16,6
DURHAM,house,31,mail,17,4
DURHAM,house,31,mail,18,10
DURHAM,house,31,mail,19,70
DURHAM,house,31,mail,20,26
DURHAM,house,31,mail,21,21
DURHAM,house,31,mail,22,76
DURHAM,house,31,mail,23,1
DURHAM,house,31,mail,24,1
DURHAM,house,31,mail,25,43
DURHAM,house,31,mail,26,28
DURHAM,house,31,mail,27,38
DURHAM,house,31,mail,28,33
DURHAM,house,31,mail,29,2
DURHAM,house,31,mail,32,11
DURHAM,house,31,mail,33,19
DURHAM,house,31,mail,34,39
DURHAM,house,31,mail,35,24
DURHAM,house,31,mail,36,2
DURHAM,house,31,mail,39,23
DURHAM,house,31,mail,40,3
DURHAM,house,31,mail,41,13
DURHAM,house,31,mail,42,10
DURHAM,house,31,mail,43,16
DURHAM,house,31,mail,46,5
DURHAM,house,31,mail,47,18
DURHAM,house,31,mail,48,18
DURHAM,house,31,mail,49,1
DURHAM,house,31,mail,50,24
DURHAM,house,31,mail,53,12
DURHAM,house,31,mail,54,7
DURHAM,house,31,mail,56,2
DURHAM,house,31,mail,57,1
DURHAM,house,31,mail,59,1
DURHAM,senate,20,inperson,3,2969
DURHAM,senate,20,inperson,4,3494
DURHAM,senate,20,inperson,5,2399
DURHAM,senate,20,inperson,6,2014
DURHAM,senate,20,inperson,7,1743
DURHAM,senate,20,inperson,8,1720
DURHAM,senate,20,inperson,9,924
DURHAM,senate,20,inperson,10,1425
DURHAM,senate,20,inperson,11,1892
DURHAM,senate,20,inperson,12,1685
DURHAM,senate,20,inperson,13,1733
DURHAM,senate,20,inperson,14,1781
DURHAM,senate,20,inperson,15,1842
DURHAM,senate,20,inperson,16,772
DURHAM,senate,20,inperson,17,1152
DURHAM,senate,20,inperson,18,1778
DURHAM,senate,20,inperson,19,1761
DURHAM,senate,20,mail,0,393
DURHAM,senate,20,mail,1,567
DURHAM,senate,20,mail,2,6
DURHAM,senate,20,mail,3,34
DURHAM,senate,20,mail,4,84
DURHAM,senate,20,mail,5,168
DURHAM,senate,20,mail,6,243
DURHAM,senate,20,mail,7,51
DURHAM,senate,20,mail,8,290
DURHAM,senate,20,mail,9,9
DURHAM,senate,20,mail,10,16
DURHAM,senate,20,mail,11,131
DURHAM,senate,20,mail,12,288
DURHAM,senate,20,mail,13,24
DURHAM,senate,20,mail,14,19
DURHAM,senate,20,mail,15,283
DURHAM,senate,20,mail,16,11
DURHAM,senate,20,mail,17,9
DURHAM,senate,20,mail,18,20
DURHAM,senate,20,mail,19,104
DURHAM,senate,20,mail,20,85
DURHAM,senate,20,mail,21,30
DURHAM,senate,20,mail,22,159
DURHAM,senate,20,mail,23,3
DURHAM,senate,20,mail,24,1
DURHAM,senate,20,mail,25,57
DURHAM,senate,20,mail,26,65
DURHAM,senate,20,mail,27,48
DURHAM,senate,20,mail,28,64
DURHAM,senate,20,mail,29,8
DURHAM,senate,20,mail,30,3
DURHAM,senate,20,mail,32,43
DURHAM,senate,20,mail,33,26
DURHAM,senate,20,mail,34,47
DURHAM,senate,20,mail,35,56
DURHAM,senate,20,mail,36,3
DURHAM,senate,20,mail,39,28
DURHAM,senate,20,mail,40,7
DURHAM,senate,20,mail,41,44
DURHAM,senate,20,mail,42,29
DURHAM,senate,20,mail,43,31
DURHAM,senate,20,mail,46,19
DURHAM,senate,20,mail,47,30
DURHAM,senate,20,mail,48,33
DURHAM,senate,20,mail,49,1
DURHAM,senate,20,mail,50,47
DURHAM,senate,20,mail,53,26
DURHAM,senate,20,mail,54,11
DURHAM,senate,20,mail,55,2
DURHAM,senate,20,mail,56,3
DURHAM,senate,20,mail,57,2
DURHAM,senate,20,mail,58,2
DURHAM,senate,20,mail,59,2
DURHAM,senate,22,inperson,3,4375
DURHAM,senate,22,inperson,4,5297
DURHAM,senate,22,inperson,5,3810
DURHAM,senate,22,inperson,6,3108
DURHAM,senate,22,inperson,7,3016
DURHAM,senate,22,inperson,8,2862
DURHAM,senate,22,inperson,9,1446
DURHAM,senate,22,inperson,10,2024
DURHAM,senate,22,inperson,11,3307
DURHAM,senate,22,inperson,12,2647
DURHAM,senate,22,inperson,13,2847
DURHAM,senate,22,inperson,14,2892
DURHAM,senate,22,inperson,15,2882
DURHAM,senate,22,inperson,16,1186
DURHAM,senate,22,inperson,17,1625
DURHAM,senate,22,inperson,18,2779
DURHAM,senate,22,inperson,19,2730
DURHAM,senate,22,mail,0,454
DURHAM,senate,22,mail,1,623
DURHAM,senate,22,mail,2,7
DURHAM,senate,22,mail,3,43
DURHAM,senate,22,mail,4,121
DURHAM,senate,22,mail,5,228
DURHAM,senate,22,mail,6,235
DURHAM,senate,22,mail,7,76
DURHAM,senate,22,mail,8,314
DURHAM,senate,22,mail,9,14
DURHAM,senate,22,mail,10,16
DURHAM,senate,22,mail,11,149
DURHAM,senate,22,mail,12,332
DURHAM,senate,22,mail,13,43
DURHAM,senate,22,mail,14,51
DURHAM,senate,22,mail,15,315
DURHAM,senate,22,mail,16,6
DURHAM,senate,22,mail,17,9
DURHAM,senate,22,mail,18,34
DURHAM,senate,22,mail,19,109
DURHAM,senate,22,mail,20,100
DURHAM,senate,22,mail,21,52
DURHAM,senate,22,mail,22,189
DURHAM,senate,22,mail,23,2
DURHAM,senate,22,mail,24,3
DURHAM,senate,22,mail,25,73
DURHAM,senate,22,mail,26,79
DURHAM,senate,22,mail,27,68
DURHAM,senate,22,mail,28,61
DURHAM,senate,22,mail,29,19
DURHAM,senate,22,mail,30,3
DURHAM,senate,22,mail,31,1
DURHAM,senate,22,mail,32,22
DURHAM,senate,22,mail,33,42
DURHAM,senate,22,mail,34,60
DURHAM,senate,22,mail,35,71
DURHAM,senate,22,mail,36,15
DURHAM,senate,22,mail,39,41
DURHAM,senate,22,mail,40,9
DURHAM,senate,22,mail,41,51
DURHAM,senate,22,mail,42,26
DURHAM,senate,22,mail,43,41
DURHAM,senate,22,mail,46,34
DURHAM,senate,22,mail,47,35
DURHAM,senate,22,mail,48,43
DURHAM,senate,22,mail,49,8
DURHAM,senate,22,mail,50,36
DURHAM,senate,22,mail,53,23
DURHAM,senate,22,mail,54,18
DURHAM,senate,22,mail,55,4
DURHAM,senate,22,mail,56,6
DURHAM,senate,22,mail,57,13
DURHAM,senate,22,mail,58,2
DURHAM,senate,22,mail,59,1
EDGECOMBE,house,23,inperson,3,654
EDGECOMBE,house,23,inperson,4,799
EDGECOMBE,house,23,inperson,5,732
EDGECOMBE,house,23,inperson,6,574
EDGECOMBE,house,23,inperson,7,589
EDGECOMBE,house,23,inperson,8,597
EDGECOMBE,house,23,inperson,10,280
EDGECOMBE,house,23,inperson,11,606
EDGECOMBE,house,23,inperson,12,655
EDGECOMBE,house,23,inperson,13,561
EDGECOMBE,house,23,inperson,14,712
EDGECOMBE,house,23,inperson,15,700
EDGECOMBE,house,23,inperson,18,542
EDGECOMBE,house,23,inperson,19,674
EDGECOMBE,house,23,mail,0,24
EDGECOMBE,house,23,mail,1,36
EDGECOMBE,house,23,mail,3,6
EDGECOMBE,house,23,mail,4,8
EDGECOMBE,house,23,mail,5,17
EDGECOMBE,house,23,mail,6,31
EDGECOMBE,house,23,mail,7,6
EDGECOMBE,house,23,mail,8,16
EDGECOMBE,house,23,mail,11,5
EDGECOMBE,house,23,mail,12,6
EDGECOMBE,house,23,mail,13,17
EDGECOMBE,house,23,mail,14,9
EDGECOMBE,house,23,mail,15,11
EDGECOMBE,house,23,mail,18,7
EDGECOMBE,house,23,mail,19,6
EDGECOMBE,house,23,mail,20,7
EDGECOMBE,house,23,mail,22,10
EDGECOMBE,house,23,mail,25,2
EDGECOMBE,house,23,mail,26,11
EDGECOMBE,house,23,mail,27,8
EDGECOMBE,house,23,mail,28,2
EDGECOMBE,house,23,mail,29,10
EDGECOMBE,house,23,mail,32,2
EDGECOMBE,house,23,mail,33,1
EDGECOMBE,house,23,mail,34,4
EDGECOMBE,house,23,mail,36,8
EDGECOMBE,house,23,mail,39,6
EDGECOMBE,house,23,mail,40,5
EDGECOMBE,house,23,mail,41,3
EDGECOMBE,house,23,mail,43,7
EDGECOMBE,house,23,mail,46,3
EDGECOMBE,house,23,mail,47,1
EDGECOMBE,house,23,mail,48,2
EDGECOMBE,house,23,mail,50,4
EDGECOMBE,house,23,mail,53,1
EDGECOMBE,house,23,mail,54,1
EDGECOMBE,senate,5,inperson,3,654
EDGECOMBE,senate,5,inperson,4,799
EDGECOMBE,senate,5,inperson,5,732
EDGECOMBE,senate,5,inperson,6,574
EDGECOMBE,senate,5,inperson,7,589
EDGECOMBE,senate,5,inperson,8,597
EDGECOMBE,senate,5,inperson,10,280
EDGECOMBE,senate,5,inperson,11,606
EDGECOMBE,senate,5,inperson,12,655
EDGECOMBE,senate,5,inperson,13,561
EDGECOMBE,senate,5,inperson,14,712
EDGECOMBE,senate,5,inperson,15,700
EDGECOMBE,senate,5,inperson,18,542
EDGECOMBE,senate,5,inperson,19,674
EDGECOMBE,senate,5,mail,0,24
EDGECOMBE,senate,5,mail,1,36
EDGECOMBE,senate,5,mail,3,6
EDGECOMBE,senate,5,mail,4,8
EDGECOMBE,senate,5,mail,5,17
EDGECOMBE,senate,5,mail,6,31
EDGECOMBE,senate,5,mail,7,6
EDGECOMBE,senate,5,mail,8,16
EDGECOMBE,senate,5,mail,11,5
EDGECOMBE,senate,5,mail,12,6
EDGECOMBE,senate,5,mail,13,17
EDGECOMBE,senate,5,mail,14,9
EDGECOMBE,senate,5,mail,15,11
EDGECOMBE,senate,5,mail,18,7
EDGECOMBE,senate,5,mail,19,6
EDGECOMBE,senate,5,mail,20,7
EDGECOMBE,senate,5,mail,22,10
EDGECOMBE,senate,5,mail,25,2
EDGECOMBE,senate,5,mail,26,11
EDGECOMBE,senate,5,mail,27,8
EDGECOMBE,senate,5,mail,28,2
EDGECOMBE,senate,5,mail,29,10
EDGECOMBE,senate,5,mail,32,2
EDGECOMBE,senate,5,mail,33,1
EDGECOMBE,senate,5,mail,34,4
EDGECOMBE,senate,5,mail,36,8
EDGECOMBE,senate,5,mail,39,6
EDGECOMBE,senate,5,mail,40,5
EDGECOMBE,senate,5,mail,41,3
EDGECOMBE,senate,5,mail,43,7
EDGECOMBE,senate,5,mail,46,3
EDGECOMBE,senate,5,mail,47,1
EDGECOMBE,senate,5,mail,48,2
EDGECOMBE,senate,5,mail,50,4
EDGECOMBE,senate,5,mail,53,1
EDGECOMBE,senate,5,mail,54,1
FORSYTH,house,71,inperson,3,1254
FORSYTH,house,71,inperson,4,1421
FORSYTH,house,71,inperson,5,1192
FORSYTH,house,71,inperson,6,888
FORSYTH,house,71,inperson,7,909
FORSYTH,house,71,inperson,8,720
FORSYTH,house,71,inperson,9,285
FORSYTH,house,71,inperson,10,573
FORSYTH,house,71,inperson,11,882
FORSYTH,house,71,inperson,12,726
FORSYTH,house,71,inperson,13,823
FORSYTH,house,71,inperson,14,926
FORSYTH,house,71,inperson,15,946
FORSYTH,house,71,inperson,18,896
FORSYTH,house,71,inperson,19,949
FORSYTH,house,71,mail,0,197
FORSYTH,house,71,mail,1,209
FORSYTH,house,71,mail,2,3
FORSYTH,house,71,mail,3,29
FORSYTH,house,71,mail,4,150
FORSYTH,house,71,mail,5,110
FORSYTH,house,71,mail,6,74
FORSYTH,house,71,mail,7,67
FORSYTH,house,71,mail,8,75
FORSYTH,house,71,mail,9,1
FORSYTH,house,71,mail,10,5
FORSYTH,house,71,mail,11,52
FORSYTH,house,71,mail,12,48
FORSYTH,house,71,mail,13,97
FORSYTH,house,71,mail,14,17
FORSYTH,house,71,mail,15,100
FORSYTH,house,71,mail,17,30
FORSYTH,house,71,mail,18,39
FORSYTH,house,71,mail,19,1
FORSYTH,house,71,mail,20,26
FORSYTH,house,71,mail,21,8
FORSYTH,house,71,mail,22,60
FORSYTH,house,71,mail,25,19
FORSYTH,house,71,mail,26,45
FORSYTH,house,71,mail,27,12
FORSYTH,house,71,mail,28,40
FORSYTH,house,71,mail,29,18
FORSYTH,house,71,mail,32,15
FORSYTH,house,71,mail,33,20
FORSYTH,house,71,mail,34,10
FORSYTH,house,71,mail,35,7
FORSYTH,house,71,mail,36,26
FORSYTH,house,71,mail,39,14
FORSYTH,house,71,mail,40,6
FORSYTH,house,71,mail,41,20
FORSYTH,house,71,mail,42,1
FORSYTH,house,71,mail,43,19
FORSYTH,house,71,mail,46,13
FORSYTH,house,71,mail,47,8
FORSYTH,house,71,mail,48,11
FORSYTH,house,71,mail,50,2
FORSYTH,house,72,inperson,3,1259
FORSYTH,house,72,inperson,4,1592
FORSYTH,house,72,inperson,5,1144
FORSYTH,house,72,inperson,6,1001
FORSYTH,house,72,inperson,7,951
FORSYTH,house,72,inperson,8,824
FORSYTH,house,72,inperson,9,315
FORSYTH,house,72,inperson,10,619
FORSYTH,house,72,inperson,11,926
FORSYTH,house,72,inperson,12,848
FORSYTH,house,72,inperson,13,833
FORSYTH,house,72,inperson,14,1032
FORSYTH,house,72,inperson,15,1111
FORSYTH,house,72,inperson,18,995
FORSYTH,house,72,inperson,19,1062
FORSYTH,house,72,mail,0,214
FORSYTH,house,72,mail,1,222
FORSYTH,house,72,mail,2,3
FORSYTH,house,72,mail,3,16
FORSYTH,house,72,mail,4,164
FORSYTH,house,72,mail,5,126
FORSYTH,house,72,mail,6,121
FORSYTH,house,72,mail,7,55
FORSYTH,house,72,mail,8,101
FORSYTH,house,72,mail,9,2
FORSYTH,house,72,mail,10,5
FORSYTH,house,72,mail,11,60
FORSYTH,house,72,mail,12,57
FORSYTH,house,72,mail,13,100
FORSYTH,house,72,mail,14,33
FORSYTH,house,72,mail,15,67
FORSYTH,house,72,mail,16,1
FORSYTH,house,72,mail,17,30
FORSYTH,house,72,mail,18,43
FORSYTH,house,72,mail,19,2
FORSYTH,house,72,mail,20,53
FORSYTH,house,72,mail,21,8
FORSYTH,house,72,mail,22,56
FORSYTH,house,72,mail,25,30
FORSYTH,house,72,mail,26,76
FORSYTH,house,72,mail,27,10
FORSYTH,house,72,mail,28,30
FORSYTH,house,72,mail,29,38
FORSYTH,house,72,mail,32,18
FORSYTH,house,72,mail,33,24
FORSYTH,house,72,mail,34,14
FORSYTH,house,72,mail,35,5
FORSYTH,house,72,mail,36,34
FORSYTH,house,72,mail,39,21
FORSYTH,house,72,mail,40,20
FORSYTH,house,72,mail,41,19
FORSYTH,house,72,mail,42,5
FORSYTH,house,72,mail,43,10
FORSYTH,house,72,mail,46,12
FORSYTH,house,72,mail,47,6
FORSYTH,house,72,mail,48,18
FORSYTH,house,72,mail,50,4
FORSYTH,house,74,inperson,3,1674
FORSYTH,house,74,inperson,4,2161
FORSYTH,house,74,inperson,5,1743
FORSYTH,house,74,inperson,6,1503
FORSYTH,house,74,inperson,7,1410
FORSYTH,house,74,inperson,8,1280
FORSYTH,house,74,inperson,9,443
FORSYTH,house,74,inperson,10,968
FORSYTH,house,74,inperson,11,1532
FORSYTH,house,74,inperson,12,1423
FORSYTH,house,74,inperson,13,1542
FORSYTH,house,74,inperson,14,1686
FORSYTH,house,74,inperson,15,1805
FORSYTH,house,74,inperson,18,1703
FORSYTH,house,74,inperson,19,1708
FORSYTH,house,74,mail,0,290
FORSYTH,house,74,mail,1,304
FORSYTH,house,74,mail,2,1
FORSYTH,house,74,mail,3,30
FORSYTH,house,74,mail,4,217
FORSYTH,house,74,mail,5,156
FORSYTH,house,74,mail,6,158
FORSYTH,house,74,mail,7,102
FORSYTH,house,74,mail,8,138
FORSYTH,house,74,mail,9,8
FORSYTH,house,74,mail,10,9
FORSYTH,house,74,mail,11,116
FORSYTH,house,74,mail,12,76
FORSYTH,house,74,mail,13,129
FORSYTH,house,74,mail,14,50
FORSYTH,house,74,mail,15,135
FORSYTH,house,74,mail,17,37
FORSYTH,house,74,mail,18,73
FORSYTH,house,74,mail,19,11
FORSYTH,house,74,mail,20,80
FORSYTH,house,74,mail,21,10
FORSYTH,house,74,mail,22,109
FORSYTH,house,74,mail,24,1
FORSYTH,house,74,mail,25,34
FORSYTH,house,74,mail,26,93
FORSYTH,house,74,mail,27,10
FORSYTH,house,74,mail,28,30
FORSYTH,house,74,mail,29,33
FORSYTH,house,74,mail,32,29
FORSYTH,house,74,mail,33,40
FORSYTH,house,74,mail,34,26
FORSYTH,house,74,mail,35,3
FORSYTH,house,74,mail,36,44
FORSYTH,house,74,mail,39,13
FORSYTH,house,74,mail,40,23
FORSYTH,house,74,mail,41,33
FORSYTH,house,74,mail,42,5
FORSYTH,house,74,mail,43,31
FORSYTH,house,74,mail,46,14
FORSYTH,house,74,mail,47,15
FORSYTH,house,74,mail,48,14
FORSYTH,house,74,mail,50,13
FORSYTH,house,75,inperson,3,1189
FORSYTH,house,75,inperson,4,1634
FORSYTH,house,75,inperson,5,1267
FORSYTH,house,75,inperson,6,1049
FORSYTH,house,75,inperson,7,1068
FORSYTH,house,75,inperson,8,958
FORSYTH,house,75,inperson,9,335
FORSYTH,house,75,inperson,10,682
FORSYTH,house,75,inperson,11,1134
FORSYTH,house,75,inperson,12,981
FORSYTH,house,75,inperson,13,1119
FORSYTH,house,75,inperson,14,1121
FORSYTH,house,75,inperson,15,1148
FORSYTH,house,75,inperson,18,1060
FORSYTH,house,75,inperson,19,1032
FORSYTH,house,75,mail,0,146
FORSYTH,house,75,mail,1,198
FORSYTH,house,75,mail,2,2
FORSYTH,house,75,mail,3,13
FORSYTH,house,75,mail,4,89
FORSYTH,house,75,mail,5,123
FORSYTH,house,75,mail,6,93
FORSYTH,house,75,mail,7,100
FORSYTH,house,75,mail,8,75
FORSYTH,house,75,mail,9,7
FORSYTH,house,75,mail,10,9
FORSYTH,house,75,mail,11,59
FORSYTH,house,75,mail,12,52
FORSYTH,house,75,mail,13,90
FORSYTH,house,75,mail,14,16
FORSYTH,house,75,mail,15,81
FORSYTH,house,75,mail,17,20
FORSYTH,house,75,mail,18,33
FORSYTH,house,75,mail,19,5
FORSYTH,house,75,mail,20,57
FORSYTH,house,75,mail,21,7
FORSYTH,house,75,mail,22,57
FORSYTH,house,75,mail,25,21
FORSYTH,house,75,mail,26,63
FORSYTH,house,75,mail,27,6
FORSYTH,house,75,mail,28,34
FORSYTH,house,75,mail,29,21
FORSYTH,house,75,mail,31,1
FORSYTH,house,75,mail,32,22
FORSYTH,house,75,mail,33,20
FORSYTH,house,75,mail,34,14
FORSYTH,house,75,mail,35,7
FORSYTH,house,75,mail,36,15
FORSYTH,house,75,mail,39,4
FORSYTH,house,75,mail,40,11
FORSYTH,house,75,mail,41,17
FORSYTH,house,75,mail,42,3
FORSYTH,house,75,mail,43,18
FORSYTH,house,75,mail,46,5
FORSYTH,house,75,mail,47,16
FORSYTH,house,75,mail,48,23
FORSYTH,house,75,mail,49,1
FORSYTH,house,75,mail,50,15
FORSYTH,house,75,mail,53,3
FORSYTH,house,75,mail,54,2
FORSYTH,house,91,inperson,3,613
FORSYTH,house,91,inperson,4,772
FORSYTH,house,91,inperson,5,597
FORSYTH,house,91,inperson,6,567
FORSYTH,house,91,inperson,7,506
FORSYTH,house,91,inperson,8,525
FORSYTH,house,91,inperson,9,161
FORSYTH,house,91,inperson,10,297
FORSYTH,house,91,inperson,11,499
FORSYTH,house,91,inperson,12,467
FORSYTH,house,91,inperson,13,524
FORSYTH,house,91,inperson,14,532
FORSYTH,house,91,inperson,15,639
FORSYTH,house,91,inperson,18,516
FORSYTH,house,91,inperson,19,571
FORSYTH,house,91,mail,0,76
FORSYTH,house,91,mail,1,70
FORSYTH,house,91,mail,2,2
FORSYTH,house,91,mail,3,3
FORSYTH,house,91,mail,4,59
FORSYTH,house,91,mail,5,52
FORSYTH,house,91,mail,6,65
FORSYTH,house,91,mail,7,27
FORSYTH,house,91,mail,8,44
FORSYTH,house,91,mail,10,5
FORSYTH,house,91,mail,11,25
FORSYTH,house,91,mail,12,22
FORSYTH,house,91,mail,13,33
FORSYTH,house,91,mail,14,15
FORSYTH,house,91,mail,15,44
FORSYTH,house,91,mail,17,6
FORSYTH,house,91,mail,18,14
FORSYTH,house,91,mail,19,5
FORSYTH,house,91,mail,20,17
FORSYTH,house,91,mail,21,6
FORSYTH,house,91,mail,22,17
FORSYTH,house,91,mail,25,13
FORSYTH,house,91,mail,26,13
FORSYTH,house,91,mail,27,8
FORSYTH,house,91,mail,28,6
FORSYTH,house,91,mail,29,15
FORSYTH,house,91,mail,32,8
FORSYTH,house,91,mail,33,9
FORSYTH,house,91,mail,34,12
FORSYTH,house,91,mail,35,3
FORSYTH,house,91,mail,36,8
FORSYTH,house,91,mail,39,5
FORSYTH,house,91,mail,40,3
FORSYTH,house,91,mail,41,7
FORSYTH,house,91,mail,42,1
FORSYTH,house,91,mail,43,6
FORSYTH,house,91,mail,46,6
FORSYTH,house,91,mail,47,5
FORSYTH,house,91,mail,48,3
FORSYTH,house,91,mail,49,1
FORSYTH,house,91,mail,50,4
FORSYTH,senate,31,inperson,3,2265
FORSYTH,senate,31,inperson,4,2963
FORSYTH,senate,31,inperson,5,2280
FORSYTH,senate,31,inperson,6,1964
FORSYTH,senate,31,inperson,7,1913
FORSYTH,senate,31,inperson,8,1744
FORSYTH,senate,31,inperson,9,615
FORSYTH,senate,31,inperson,10,1182
FORSYTH,senate,31,inperson,11,1954
FORSYTH,senate,31,inperson,12,1761
FORSYTH,senate,31,inperson,13,1998
FORSYTH,senate,31,inperson,14,1966
FORSYTH,senate,31,inperson,15,2177
FORSYTH,senate,31,inperson,18,1913
FORSYTH,senate,31,inperson,19,1980
FORSYTH,senate,31,mail,0,288
FORSYTH,senate,31,mail,1,319
FORSYTH,senate,31,mail,2,4
FORSYTH,senate,31,mail,3,19
FORSYTH,senate,31,mail,4,185
FORSYTH,senate,31,mail,5,220
FORSYTH,senate,31,mail,6,190
FORSYTH,senate,31,mail,7,140
FORSYTH,senate,31,mail,8,155
FORSYTH,senate,31,mail,9,8
FORSYTH,senate,31,mail,10,14
FORSYTH,senate,31,mail,11,96
FORSYTH,senate,31,mail,12,92
FORSYTH,senate,31,mail,13,153
FORSYTH,senate,31,mail,14,41
FORSYTH,senate,31,mail,15,145
FORSYTH,senate,31,mail,17,31
FORSYTH,senate,31,mail,18,56
FORSYTH,senate,31,mail,19,10
FORSYTH,senate,31,mail,20,83
FORSYTH,senate,31,mail,21,14
FORSYTH,senate,31,mail,22,93
FORSYTH,senate,31,mail,25,50
FORSYTH,senate,31,mail,26,104
FORSYTH,senate,31,mail,27,22
FORSYTH,senate,31,mail,28,51
FORSYTH,senate,31,mail,29,51
FORSYTH,senate,31,mail,31,1
FORSYTH,senate,31,mail,32,36
FORSYTH,senate,31,mail,33,36
FORSYTH,senate,31,mail,34,31
FORSYTH,senate,31,mail,35,10
FORSYTH,senate,31,mail,36,32
FORSYTH,senate,31,mail,39,16
FORSYTH,senate,31,mail,40,17
FORSYTH,senate,31,mail,41,32
FORSYTH,senate,31,mail,42,5
FORSYTH,senate,31,mail,43,27
FORSYTH,senate,31,mail,46,18
FORSYTH,senate,31,mail,47,23
FORSYTH,senate,31,mail,48,34
FORSYTH,senate,31,mail,49,2
FORSYTH,senate,31,mail,50,22
FORSYTH,senate,31,mail,53,3
FORSYTH,senate,31,mail,54,2
FORSYTH,senate,32,inperson,3,3724
FORSYTH,senate,32,inperson,4,4617
FORSYTH,senate,32,inperson,5,3663
FORSYTH,senate,32,inperson,6,3044
FORSYTH,senate,32,inperson,7,2931
FORSYTH,senate,32,inperson,8,2563
FORSYTH,senate,32,inperson,9,924
FORSYTH,senate,32,inperson,10,1957
FORSYTH,senate,32,inperson,11,3019
FORSYTH,senate,32,inperson,12,2684
FORSYTH,senate,32,inperson,13,2843
FORSYTH,senate,32,inperson,14,3331
FORSYTH,senate,32,inperson,15,3472
FORSYTH,senate,32,inperson,18,3257
FORSYTH,senate,32,inperson,19,3342
FORSYTH,senate,32,mail,0,635
FORSYTH,senate,32,mail,1,684
FORSYTH,senate,32,mail,2,7
FORSYTH,senate,32,mail,3,72
FORSYTH,senate,32,mail,4,494
FORSYTH,senate,32,mail,5,347
FORSYTH,senate,32,mail,6,321
FORSYTH,senate,32,mail,7,211
FORSYTH,senate,32,mail,8,278
FORSYTH,senate,32,mail,9,10
FORSYTH,senate,32,mail,10,19
FORSYTH,senate,32,mail,11,216
FORSYTH,senate,32,mail,12,163
FORSYTH,senate,32,mail,13,296
FORSYTH,senate,32,mail,14,90
FORSYTH,senate,32,mail,15,282
FORSYTH,senate,32,mail,16,1
FORSYTH,senate,32,mail,17,92
FORSYTH,senate,32,mail,18,146
FORSYTH,senate,32,mail,19,14
FORSYTH,senate,32,mail,20,150
FORSYTH,senate,32,mail,21,25
FORSYTH,senate,32,mail,22,206
FORSYTH,senate,32,mail,24,1
FORSYTH,senate,32,mail,25,67
FORSYTH,senate,32,mail,26,186
FORSYTH,senate,32,mail,27,24
FORSYTH,senate,32,mail,28,89
FORSYTH,senate,32,mail,29,74
FORSYTH,senate,32,mail,32,56
FORSYTH,senate,32,mail,33,77
FORSYTH,senate,32,mail,34,45
FORSYTH,senate,32,mail,35,15
FORSYTH,senate,32,mail,36,95
FORSYTH,senate,32,mail,39,41
FORSYTH,senate,32,mail,40,46
FORSYTH,senate,32,mail,41,64
FORSYTH,senate,32,mail,42,10
FORSYTH,senate,32,mail,43,57
FORSYTH,senate,32,mail,46,32
FORSYTH,senate,32,mail,47,27
FORSYTH,senate,32,mail,48,35
FORSYTH,senate,32,mail,50,16
FRANKLIN,house,7,inperson,3,1444
FRANKLIN,house,7,inperson,4,1638
FRANKLIN,house,7,inperson,5,996
FRANKLIN,house,7,inperson,6,893
FRANKLIN,house,7,inperson,7,807
FRANKLIN,house,7,inperson,8,856
FRANKLIN,house,7,inperson,9,412
FRANKLIN,house,7,inperson,10,690
FRANKLIN,house,7,inperson,11,886
FRANKLIN,house,7,inperson,12,939
FRANKLIN,house,7,inperson,13,928
FRANKLIN,house,7,inperson,14,1050
FRANKLIN,house,7,inperson,15,1173
FRANKLIN,house,7,inperson,17,568
FRANKLIN,house,7,inperson,18,1073
FRANKLIN,house,7,inperson,19,1096
FRANKLIN,house,7,mail,0,95
FRANKLIN,house,7,mail,1,38
FRANKLIN,house,7,mail,2,3
FRANKLIN,house,7,mail,3,23
FRANKLIN,house,7,mail,4,51
FRANKLIN,house,7,mail,5,49
FRANKLIN,house,7,mail,6,53
FRANKLIN,house,7,mail,7,9
FRANKLIN,house,7,mail,8,32
FRANKLIN,house,7,mail,9,2
FRANKLIN,house,7,mail,10,32
FRANKLIN,house,7,mail,11,36
FRANKLIN,house,7,mail,12,26
FRANKLIN,house,7,mail,13,49
FRANKLIN,house,7,mail,14,4
FRANKLIN,house,7,mail,15,39
FRANKLIN,house,7,mail,17,18
FRANKLIN,house,7,mail,18,17
FRANKLIN,house,7,mail,19,27
FRANKLIN,house,7,mail,20,30
FRANKLIN,house,7,mail,21,3
FRANKLIN,house,7,mail,22,34
FRANKLIN,house,7,mail,25,7
FRANKLIN,house,7,mail,26,27
FRANKLIN,house,7,mail,27,17
FRANKLIN,house,7,mail,28,12
FRANKLIN,house,7,mail,29,18
FRANKLIN,house,7,mail,32,2
FRANKLIN,house,7,mail,33,12
FRANKLIN,house,7,mail,34,17
FRANKLIN,house,7,mail,35,1
FRANKLIN,house,7,mail,36,13
FRANKLIN,house,7,mail,39,8
FRANKLIN,house,7,mail,40,7
FRANKLIN,house,7,mail,41,14
FRANKLIN,house,7,mail,42,5
FRANKLIN,house,7,mail,43,43
FRANKLIN,house,7,mail,46,8
FRANKLIN,house,7,mail,47,7
FRANKLIN,house,7,mail,48,11
FRANKLIN,house,7,mail,50,14
FRANKLIN,house,7,mail,53,10
FRANKLIN,house,7,mail,54,6
FRANKLIN,house,7,mail,55,1
FRANKLIN,senate,11,inperson,3,1444
FRANKLIN,senate,11,inperson,4,1638
FRANKLIN,senate,11,inperson,5,996
FRANKLIN,senate,11,inperson,6,893
FRANKLIN,senate,11,inperson,7,807
FRANKLIN,senate,11,inperson,8,856
FRANKLIN,senate,11,inperson,9,412
FRANKLIN,senate,11,inperson,10,690
FRANKLIN,senate,11,inperson,11,886
FRANKLIN,senate,11,inperson,12,939
FRANKLIN,senate,11,inperson,13,928
FRANKLIN,senate,11,inperson,14,1050
FRANKLIN,senate,11,inperson,15,1173
FRANKLIN,senate,11,inperson,17,568
FRANKLIN,senate,11,inperson,18,1073
FRANKLIN,senate,11,inperson,19,1096
FRANKLIN,senate,11,mail,0,95
FRANKLIN,senate,11,mail,1,38
FRANKLIN,senate,11,mail,2,3
FRANKLIN,senate,11,mail,3,23
FRANKLIN,senate,11,mail,4,51
FRANKLIN,senate,11,mail,5,49
FRANKLIN,senate,11,mail,6,53
FRANKLIN,senate,11,mail,7,9
FRANKLIN,senate,11,mail,8,32
FRANKLIN,senate,11,mail,9,2
FRANKLIN,senate,11,mail,10,32
FRANKLIN,senate,11,mail,11,36
FRANKLIN,senate,11,mail,12,26
FRANKLIN,senate,11,mail,13,49
FRANKLIN,senate,11,mail,14,4
FRANKLIN,senate,11,mail,15,39
FRANKLIN,senate,11,mail,17,18
FRANKLIN,senate,11,mail,18,17
FRANKLIN,senate,11,mail,19,27
FRANKLIN,senate,11,mail,20,30
FRANKLIN,senate,11,mail,21,3
FRANKLIN,senate,11,mail,22,34
FRANKLIN,senate,11,mail,25,7
FRANKLIN,senate,11,mail,26,27
FRANKLIN,senate,11,mail,27,17
FRANKLIN,senate,11,mail,28,12
FRANKLIN,senate,11,mail,29,18
FRANKLIN,senate,11,mail,32,2
FRANKLIN,senate,11,mail,33,12
FRANKLIN,senate,11,mail,34,17
FRANKLIN,senate,11,mail,35,1
FRANKLIN,senate,11,mail,36,13
FRANKLIN,senate,11,mail,39,8
FRANKLIN,senate,11,mail,40,7
FRANKLIN,senate,11,mail,41,14
FRANKLIN,senate,11,mail,42,5
FRANKLIN,senate,11,mail,43,43
FRANKLIN,senate,11,mail,46,8
FRANKLIN,senate,11,mail,47,7
FRANKLIN,senate,11,mail,48,11
FRANKLIN,senate,11,mail,50,14
FRANKLIN,senate,11,mail,53,10
FRANKLIN,senate,11,mail,54,6
FRANKLIN,senate,11,mail,55,1
GASTON,house,108,inperson,3,1285
GASTON,house,108,inperson,4,1528
GASTON,house,108,inperson,5,1114
GASTON,house,108,inperson,6,923
GASTON,house,108,inperson,7,934
GASTON,house,108,inperson,8,829
GASTON,house,108,inperson,9,242
GASTON,house,108,inperson,10,596
GASTON,house,108,inperson,11,938
GASTON,house,108,inperson,12,823
GASTON,house,108,inperson,13,891
GASTON,house,108,inperson,14,928
GASTON,house,108,inperson,15,954
GASTON,house,108,inperson,17,438
GASTON,house,108,inperson,18,922
GASTON,house,108,inperson,19,986
GASTON,house,108,mail,0,116
GASTON,house,108,mail,1,161
GASTON,house,108,mail,3,14
GASTON,house,108,mail,4,76
GASTON,house,108,mail,5,6
GASTON,house,108,mail,6,32
GASTON,house,108,mail,7,32
GASTON,house,108,mail,8,66
GASTON,house,108,mail,9,3
GASTON,house,108,mail,11,39
GASTON,house,108,mail,12,75
GASTON,house,108,mail,13,5
GASTON,house,108,mail,14,15
GASTON,house,108,mail,15,38
GASTON,house,108,mail,18,42
GASTON,house,108,mail,20,14
GASTON,house,108,mail,21,18
GASTON,house,108,mail,22,15
GASTON,house,108,mail,25,40
GASTON,house,108,mail,27,15
GASTON,house,108,mail,28,12
GASTON,house,108,mail,32,17
GASTON,house,108,mail,33,5
GASTON,house,108,mail,34,9
GASTON,house,108,mail,35,13
GASTON,house,108,mail,36,3
GASTON,house,108,mail,40,3
GASTON,house,108,mail,41,13
GASTON,house,108,mail,42,15
GASTON,house,108,mail,43,2
GASTON,house,108,mail,46,9
GASTON,house,108,mail,47,9
GASTON,house,108,mail,48,3
GASTON,house,108,mail,49,13
GASTON,house,108,mail,50,1
GASTON,house,109,inperson,3,1400
GASTON,house,109,inperson,4,1618
GASTON,house,109,inperson,5,1214
GASTON,house,109,inperson,6,1123
GASTON,house,109,inperson,7,1110
GASTON,house,109,inperson,8,1034
GASTON,house,109,inperson,9,301
GASTON,house,109,inperson,10,651
GASTON,house,109,inperson,11,1062
GASTON,house,109,inperson,12,1061
GASTON,house,109,inperson,13,1053
GASTON,house,109,inperson,14,1131
GASTON,house,109,inperson,15,1266
GASTON,house,109,inperson,17,544
GASTON,house,109,inperson,18,1166
GASTON,house,109,inperson,19,1263
GASTON,house,109,mail,0,190
GASTON,house,109,mail,1,202
GASTON,house,109,mail,2,1
GASTON,house,109,mail,3,15
GASTON,house,109,mail,4,154
GASTON,house,109,mail,5,28
GASTON,house,109,mail,6,63
GASTON,house,109,mail,7,52
GASTON,house,109,mail,8,86
GASTON,house,109,mail,9,9
GASTON,house,109,mail,10,3
GASTON,house,109,mail,11,56
GASTON,house,109,mail,12,105
GASTON,house,109,mail,13,12
GASTON,house,109,mail,14,21
GASTON,house,109,mail,15,91
GASTON,house,109,mail,17,1
GASTON,house,109,mail,18,67
GASTON,house,109,mail,19,6
GASTON,house,109,mail,20,41
GASTON,house,109,mail,21,34
GASTON,house,109,mail,22,14
GASTON,house,109,mail,23,2
GASTON,house,109,mail,25,44
GASTON,house,109,mail,26,1
GASTON,house,109,mail,27,17
GASTON,house,109,mail,28,23
GASTON,house,109,mail,29,2
GASTON,house,109,mail,30,1
GASTON,house,109,mail,32,14
GASTON,house,109,mail,33,8
GASTON,house,109,mail,34,8
GASTON,house,109,mail,35,26
GASTON,house,109,mail,36,2
GASTON,house,109,mail,40,8
GASTON,house,109,mail,41,8
GASTON,house,109,mail,42,14
GASTON,house,109,mail,46,11
GASTON,house,109,mail,47,19
GASTON,house,109,mail,49,13
GASTON,house,109,mail,50,1
GASTON,house,109,mail,53,12
GASTON,house,109,mail,54,3
GASTON,house,109,mail,56,2
GASTON,house,109,mail,57,1
GASTON,house,110,inperson,3,636
GASTON,house,110,inperson,4,714
GASTON,house,110,inperson,5,604
GASTON,house,110,inperson,6,526
GASTON,house,110,inperson,7,531
GASTON,house,110,inperson,8,466
GASTON,house,110,inperson,9,110
GASTON,house,110,inperson,10,316
GASTON,house,110,inperson,11,541
GASTON,house,110,inperson,12,455
GASTON,house,110,inperson,13,494
GASTON,house,110,inperson,14,560
GASTON,house,110,inperson,15,578
GASTON,house,110,inperson,17,211
GASTON,house,110,inperson,18,521
GASTON,house,110,inperson,19,540
GASTON,house,110,mail,0,58
GASTON,house,110,mail,1,47
GASTON,house,110,mail,2,1
GASTON,house,110,mail,3,2
GASTON,house,110,mail,4,33
GASTON,house,110,mail,5,11
GASTON,house,110,mail,6,20
GASTON,house,110,mail,7,23
GASTON,house,110,mail,8,19
GASTON,house,110,mail,9,2
GASTON,house,110,mail,11,21
GASTON,house,110,mail,12,30
GASTON,house,110,mail,13,2
GASTON,house,110,mail,14,6
GASTON,house,110,mail,15,23
GASTON,house,110,mail,18,13
GASTON,house,110,mail,19,1
GASTON,house,110,mail,20,5
GASTON,house,110,mail,21,5
GASTON,house,110,mail,22,2
GASTON,house,110,mail,25,10
GASTON,house,110,mail,26,2
GASTON,house,110,mail,27,2
GASTON,house,110,mail,28,4
GASTON,house,110,mail,32,1
GASTON,house,110,mail,33,3
GASTON,house,110,mail,34,8
GASTON,house,110,mail,35,4
GASTON,house,110,mail,36,1
GASTON,house,110,mail,41,7
GASTON,house,110,mail,42,5
GASTON,house,110,mail,46,3
GASTON,house,110,mail,47,6
GASTON,house,110,mail,49,6
GASTON,house,110,mail,53,1
GASTON,senate,43,inperson,3,3141
GASTON,senate,43,inperson,4,3649
GASTON,senate,43,inperson,5,2769
GASTON,senate,43,inperson,6,2447
GASTON,senate,43,inperson,7,2412
GASTON,senate,43,inperson,8,2172
GASTON,senate,43,inperson,9,629
GASTON,senate,43,inperson,10,1457
GASTON,senate,43,inperson,11,2394
GASTON,senate,43,inperson,12,2227
GASTON,senate,43,inperson,13,2329
GASTON,senate,43,inperson,14,2462
GASTON,senate,43,inperson,15,2642
GASTON,senate,43,inperson,17,1132
GASTON,senate,43,inperson,18,2477
GASTON,senate,43,inperson,19,2670
GASTON,senate,43,mail,0,326
GASTON,senate,43,mail,1,394
GASTON,senate,43,mail,2,1
GASTON,senate,43,mail,3,31
GASTON,senate,43,mail,4,255
GASTON,senate,43,mail,5,45
GASTON,senate,43,mail,6,105
GASTON,senate,43,mail,7,102
GASTON,senate,43,mail,8,162
GASTON,senate,43,mail,9,14
GASTON,senate,43,mail,10,3
GASTON,senate,43,mail,11,111
GASTON,senate,43,mail,12,202
GASTON,senate,43,mail,13,19
GASTON,senate,43,mail,14,42
GASTON,senate,43,mail,15,147
GASTON,senate,43,mail,17,1
GASTON,senate,43,mail,18,120
GASTON,senate,43,mail,19,7
GASTON,senate,43,mail,20,59
GASTON,senate,43,mail,21,57
GASTON,senate,43,mail,22,30
GASTON,senate,43,mail,23,2
GASTON,senate,43,mail,25,90
GASTON,senate,43,mail,26,3
GASTON,senate,43,mail,27,34
GASTON,senate,43,mail,28,39
GASTON,senate,43,mail,29,2
GASTON,senate,43,mail,30,1
GASTON,senate,43,mail,32,32
GASTON,senate,43,mail,33,16
GASTON,senate,43,mail,34,23
GASTON,senate,43,mail,35,41
GASTON,senate,43,mail,36,5
GASTON,senate,43,mail,40,11
GASTON,senate,43,mail,41,27
GASTON,senate,43,mail,42,32
GASTON,senate,43,mail,43,2
GASTON,senate,43,mail,46,23
GASTON,senate,43,mail,47,34
GASTON,senate,43,mail,48,3
GASTON,senate,43,mail,49,31
GASTON,senate,43,mail,50,2
GASTON,senate,43,mail,53,13
GASTON,senate,43,mail,54,3
GASTON,senate,43,mail,56,2
GASTON,senate,43,mail,57,1
GASTON,senate,44,inperson,3,180
GASTON,senate,44,inperson,4,211
GASTON,senate,44,inperson,5,163
GASTON,senate,44,inperson,6,125
GASTON,senate,44,inperson,7,163
GASTON,senate,44,inperson,8,157
GASTON,senate,44,inperson,9,24
GASTON,senate,44,inperson,10,106
GASTON,senate,44,inperson,11,147
GASTON,senate,44,inperson,12,112
GASTON,senate,44,inperson,13,109
GASTON,senate,44,inperson,14,157
GASTON,senate,44,inperson,15,156
GASTON,senate,44,inperson,17,61
GASTON,senate,44,inperson,18,132
GASTON,senate,44,inperson,19,119
GASTON,senate,44,mail,0,38
GASTON,senate,44,mail,1,16
GASTON,senate,44,mail,2,1
GASTON,senate,44,mail,4,8
GASTON,senate,44,mail,6,10
GASTON,senate,44,mail,7,5
GASTON,senate,44,mail,8,9
GASTON,senate,44,mail,11,5
GASTON,senate,44,mail,12,8
GASTON,senate,44,mail,15,5
GASTON,senate,44,mail,18,2
GASTON,senate,44,mail,20,1
GASTON,senate,44,mail,22,1
GASTON,senate,44,mail,25,4
GASTON,senate,44,mail,34,2
GASTON,senate,44,mail,35,2
GASTON,senate,44,mail,36,1
GASTON,senate,44,mail,41,1
GASTON,senate,44,mail,42,2
GASTON,senate,44,mail,49,1
GATES,house,5,inperson,3,146
GATES,house,5,inperson,4,208
GATES,house,5,inperson,5,143
GATES,house,5,inperson,6,145
GATES,house,5,inperson,7,148
GATES,house,5,inperson,8,144
GATES,house,5,inperson,10,80
GATES,house,5,inperson,11,107
GATES,house,5,inperson,12,143
GATES,house,5,inperson,13,122
GATES,house,5,inperson,14,167
GATES,house,5,inperson,15,159
GATES,house,5,inperson,17,132
GATES,house,5,inperson,18,140
GATES,house,5,inperson,19,156
GATES,house,5,mail,0,29
GATES,house,5,mail,4,5
GATES,house,5,mail,5,5
GATES,house,5,mail,6,6
GATES,house,5,mail,7,1
GATES,house,5,mail,8,3
GATES,house,5,mail,11,16
GATES,house,5,mail,14,8
GATES,house,5,mail,15,3
GATES,house,5,mail,18,2
GATES,house,5,mail,21,10
GATES,house,5,mail,26,2
GATES,house,5,mail,29,1
GATES,house,5,mail,33,1
GATES,house,5,mail,36,1
GATES,house,5,mail,43,1
GATES,house,5,mail,49,2
GATES,house,5,mail,53,1
GATES,house,5,mail,57,1
GATES,senate,3,inperson,3,146
GATES,senate,3,inperson,4,208
GATES,senate,3,inperson,5,143
GATES,senate,3,inperson,6,145
GATES,senate,3,inperson,7,148
GATES,senate,3,inperson,8,144
GATES,senate,3,inperson,10,80
GATES,senate,3,inperson,11,107
GATES,senate,3,inperson,12,143
GATES,senate,3,inperson,13,122
GATES,senate,3,inperson,14,167
GATES,senate,3,inperson,15,159
GATES,senate,3,inperson,17,132
GATES,senate,3,inperson,18,140
GATES,senate,3,inperson,19,156
GATES,senate,3,mail,0,29
GATES,senate,3,mail,4,5
GATES,senate,3,mail,5,5
GATES,senate,3,mail,6,6
GATES,senate,3,mail,7,1
GATES,senate,3,mail,8,3
GATES,senate,3,mail,11,16
GATES,senate,3,mail,14,8
GATES,senate,3,mail,15,3
GATES,senate,3,mail,18,2
GATES,senate,3,mail,21,10
GATES,senate,3,mail,26,2
GATES,senate,3,mail,29,1
GATES,senate,3,mail,33,1
GATES,senate,3,mail,36,1
GATES,senate,3,mail,43,1
GATES,senate,3,mail,49,2
GATES,senate,3,mail,53,1
GATES,senate,3,mail,57,1
GRAHAM,house,120,inperson,3,141
GRAHAM,house,120,inperson,4,261
GRAHAM,house,120,inperson,5,125
GRAHAM,house,120,inperson,6,136
GRAHAM,house,120,inperson,7,109
GRAHAM,house,120,inperson,8,101
GRAHAM,house,120,inperson,10,35
GRAHAM,house,120,inperson,11,105
GRAHAM,house,120,inperson,12,140
GRAHAM,house,120,inperson,13,139
GRAHAM,house,120,inperson,14,109
GRAHAM,house,120,inperson,15,140
GRAHAM,house,120,inperson,17,26
GRAHAM,house,120,inperson,18,133
GRAHAM,house,120,inperson,19,168
GRAHAM,house,120,mail,0,1
GRAHAM,house,120,mail,1,10
GRAHAM,house,120,mail,3,1
GRAHAM,house,120,mail,4,7
GRAHAM,house,120,mail,6,9
GRAHAM,house,120,mail,7,3
GRAHAM,house,120,mail,8,13
GRAHAM,house,120,mail,11,1
GRAHAM,house,120,mail,12,4
GRAHAM,house,120,mail,13,6
GRAHAM,house,120,mail,14,2
GRAHAM,house,120,mail,15,4
GRAHAM,house,120,mail,17,1
GRAHAM,house,120,mail,18,1
GRAHAM,house,120,mail,19,1
GRAHAM,house,120,mail,22,1
GRAHAM,house,120,mail,25,3
GRAHAM,house,120,mail,26,3
GRAHAM,house,120,mail,28,3
GRAHAM,house,120,mail,29,4
GRAHAM,house,120,mail,33,1
GRAHAM,house,120,mail,35,2
GRAHAM,house,120,mail,41,1
GRAHAM,house,120,mail,50,1
GRAHAM,senate,50,inperson,3,141
GRAHAM,senate,50,inperson,4,261
GRAHAM,senate,50,inperson,5,125
GRAHAM,senate,50,inperson,6,136
GRAHAM,senate,50,inperson,7,109
GRAHAM,senate,50,inperson,8,101
GRAHAM,senate,50,inperson,10,35
GRAHAM,senate,50,inperson,11,105
GRAHAM,senate,50,inperson,12,140
GRAHAM,senate,50,inperson,13,139
GRAHAM,senate,50,inperson,14,109
GRAHAM,senate,50,inperson,15,140
GRAHAM,senate,50,inperson,17,26
GRAHAM,senate,50,inperson,18,133
GRAHAM,senate,50,inperson,19,168
GRAHAM,senate,50,mail,0,1
GRAHAM,senate,50,mail,1,10
GRAHAM,senate,50,mail,3,1
GRAHAM,senate,50,mail,4,7
GRAHAM,senate,50,mail,6,9
GRAHAM,senate,50,mail,7,3
GRAHAM,senate,50,mail,8,13
GRAHAM,senate,50,mail,11,1
GRAHAM,senate,50,mail,12,4
GRAHAM,senate,50,mail,13,6
GRAHAM,senate,50,mail,14,2
GRAHAM,senate,50,mail,15,4
GRAHAM,senate,50,mail,17,1
GRAHAM,senate,50,mail,18,1
GRAHAM,senate,50,mail,19,1
GRAHAM,senate,50,mail,22,1
GRAHAM,senate,50,mail,25,3
GRAHAM,senate,50,mail,26,3
GRAHAM,senate,50,mail,28,3
GRAHAM,senate,50,mail,29,4
GRAHAM,senate,50,mail,33,1
GRAHAM,senate,50,mail,35,2
GRAHAM,senate,50,mail,41,1
GRAHAM,senate,50,mail,50,1
GRANVILLE,house,32,inperson,3,753
GRANVILLE,house,32,inperson,4,895
GRANVILLE,house,32,inperson,5,643
GRANVILLE,house,32,inperson,6,647
GRANVILLE,house,32,inperson,7,662
GRANVILLE,house,32,inperson,8,674
GRANVILLE,house,32,inperson,11,626
GRANVILLE,house,32,inperson,12,575
GRANVILLE,house,32,inperson,13,596
GRANVILLE,house,32,inperson,14,688
GRANVILLE,house,32,inperson,15,746
GRANVILLE,house,32,inperson,17,271
GRANVILLE,house,32,inperson,18,706
GRANVILLE,house,32,inperson,19,722
GRANVILLE,house,32,mail,0,22
GRANVILLE,house,32,mail,1,56
GRANVILLE,house,32,mail,3,20
GRANVILLE,house,32,mail,4,22
GRANVILLE,house,32,mail,5,24
GRANVILLE,house,32,mail,6,17
GRANVILLE,house,32,mail,7,7
GRANVILLE,house,32,mail,8,29
GRANVILLE,house,32,mail,11,15
GRANVILLE,house,32,mail,12,16
GRANVILLE,house,32,mail,13,15
GRANVILLE,house,32,mail,14,7
GRANVILLE,house,32,mail,15,11
GRANVILLE,house,32,mail,16,1
GRANVILLE,house,32,mail,17,8
GRANVILLE,house,32,mail,18,8
GRANVILLE,house,32,mail,19,13
GRANVILLE,house,32,mail,20,19
GRANVILLE,house,32,mail,22,16
GRANVILLE,house,32,mail,25,2
GRANVILLE,house,32,mail,26,16
GRANVILLE,house,32,mail,27,2
GRANVILLE,house,32,mail,28,5
GRANVILLE,house,32,mail,32,7
GRANVILLE,house,32,mail,33,8
GRANVILLE,house,32,mail,34,10
GRANVILLE,house,32,mail,36,9
GRANVILLE,house,32,mail,40,2
GRANVILLE,house,32,mail,41,3
GRANVILLE,house,32,mail,43,2
GRANVILLE,house,32,mail,47,2
GRANVILLE,house,32,mail,48,3
GRANVILLE,house,32,mail,50,15
GRANVILLE,house,32,mail,54,6
GRANVILLE,house,7,inperson,3,497
GRANVILLE,house,7,inperson,4,551
GRANVILLE,house,7,inperson,5,348
GRANVILLE,house,7,inperson,6,336
GRANVILLE,house,7,inperson,7,346
GRANVILLE,house,7,inperson,8,297
GRANVILLE,house,7,inperson,11,306
GRANVILLE,house,7,inperson,12,294
GRANVILLE,house,7,inperson,13,247
GRANVILLE,house,7,inperson,14,304
GRANVILLE,house,7,inperson,15,315
GRANVILLE,house,7,inperson,17,184
GRANVILLE,house,7,inperson,18,319
GRANVILLE,house,7,inperson,19,350
GRANVILLE,house,7,mail,0,35
GRANVILLE,house,7,mail,1,61
GRANVILLE,house,7,mail,3,9
GRANVILLE,house,7,mail,4,20
GRANVILLE,house,7,mail,5,26
GRANVILLE,house,7,mail,6,20
GRANVILLE,house,7,mail,7,5
GRANVILLE,house,7,mail,8,22
GRANVILLE,house,7,mail,11,15
GRANVILLE,house,7,mail,12,15
GRANVILLE,house,7,mail,13,30
GRANVILLE,house,7,mail,14,2
GRANVILLE,house,7,mail,15,12
GRANVILLE,house,7,mail,17,6
GRANVILLE,house,7,mail,18,8
GRANVILLE,house,7,mail,19,13
GRANVILLE,house,7,mail,20,7
GRANVILLE,house,7,mail,22,14
GRANVILLE,house,7,mail,26,8
GRANVILLE,house,7,mail,27,2
GRANVILLE,house,7,mail,28,9
GRANVILLE,house,7,mail,32,8
GRANVILLE,house,7,mail,33,3
GRANVILLE,house,7,mail,34,3
GRANVILLE,house,7,mail,36,4
GRANVILLE,house,7,mail,39,1
GRANVILLE,house,7,mail,40,2
GRANVILLE,house,7,mail,41,6
GRANVILLE,house,7,mail,43,3
GRANVILLE,house,7,mail,46,2
GRANVILLE,house,7,mail,47,2
GRANVILLE,house,7,mail,48,1
GRANVILLE,house,7,mail,50,2
GRANVILLE,house,7,mail,53,2
GRANVILLE,house,7,mail,56,1
GRANVILLE,senate,18,inperson,3,1250
GRANVILLE,senate,18,inperson,4,1446
GRANVILLE,senate,18,inperson,5,991
GRANVILLE,senate,18,inperson,6,983
GRANVILLE,senate,18,inperson,7,1008
GRANVILLE,senate,18,inperson,8,971
GRANVILLE,senate,18,inperson,11,932
GRANVILLE,senate,18,inperson,12,869
GRANVILLE,senate,18,inperson,13,843
GRANVILLE,senate,18,inperson,14,992
GRANVILLE,senate,18,inperson,15,1061
GRANVILLE,senate,18,inperson,17,455
GRANVILLE,senate,18,inperson,18,1025
GRANVILLE,senate,18,inperson,19,1072
GRANVILLE,senate,18,mail,0,57
GRANVILLE,senate,18,mail,1,117
GRANVILLE,senate,18,mail,3,29
GRANVILLE,senate,18,mail,4,42
GRANVILLE,senate,18,mail,5,50
GRANVILLE,senate,18,mail,6,37
GRANVILLE,senate,18,mail,7,12
GRANVILLE,senate,18,mail,8,51
GRANVILLE,senate,18,mail,11,30
GRANVILLE,senate,18,mail,12,31
GRANVILLE,senate,18,mail,13,45
GRANVILLE,senate,18,mail,14,9
GRANVILLE,senate,18,mail,15,23
GRANVILLE,senate,18,mail,16,1
GRANVILLE,senate,18,mail,17,14
GRANVILLE,senate,18,mail,18,16
GRANVILLE,senate,18,mail,19,26
GRANVILLE,senate,18,mail,20,26
GRANVILLE,senate,18,mail,22,30
GRANVILLE,senate,18,mail,25,2
GRANVILLE,senate,18,mail,26,24
GRANVILLE,senate,18,mail,27,4
GRANVILLE,senate,18,mail,28,14
GRANVILLE,senate,18,mail,32,15
GRANVILLE,senate,18,mail,33,11
GRANVILLE,senate,18,mail,34,13
GRANVILLE,senate,18,mail,36,13
GRANVILLE,senate,18,mail,39,1
GRANVILLE,senate,18,mail,40,4
GRANVILLE,senate,18,mail,41,9
GRANVILLE,senate,18,mail,43,5
GRANVILLE,senate,18,mail,46,2
GRANVILLE,senate,18,mail,47,4
GRANVILLE,senate,18,mail,48,4
GRANVILLE,senate,18,mail,50,17
GRANVILLE,senate,18,mail,53,2
GRANVILLE,senate,18,mail,54,6
GRANVILLE,senate,18,mail,56,1
GREENE,house,12,inperson,3,233
GREENE,house,12,inperson,4,258
GREENE,house,12,inperson,5,236
GREENE,house,12,inperson,6,210
GREENE,house,12,inperson,7,164
GREENE,house,12,inperson,8,205
GREENE,house,12,inperson,9,114
GREENE,house,12,inperson,11,200
GREENE,house,12,inperson,12,192
GREENE,house,12,inperson,13,212
GREENE,house,12,inperson,14,202
GREENE,house,12,inperson,15,266
GREENE,house,12,inperson,17,105
GREENE,house,12,inperson,18,258
GREENE,house,12,inperson,19,239
GREENE,house,12,mail,0,4
GREENE,house,12,mail,1,13
GREENE,house,12,mail,3,11
GREENE,house,12,mail,4,6
GREENE,house,12,mail,5,7
GREENE,house,12,mail,6,7
GREENE,house,12,mail,7,9
GREENE,house,12,mail,8,8
GREENE,house,12,mail,11,1
GREENE,house,12,mail,12,2
GREENE,house,12,mail,13,1
GREENE,house,12,mail,15,9
GREENE,house,12,mail,18,5
GREENE,house,12,mail,19,1
GREENE,house,12,mail,20,1
GREENE,house,12,mail,21,1
GREENE,house,12,mail,22,9
GREENE,house,12,mail,25,5
GREENE,house,12,mail,28,13
GREENE,house,12,mail,29,5
GREENE,house,12,mail,32,2
GREENE,house,12,mail,33,3
GREENE,house,12,mail,34,3
GREENE,house,12,mail,35,1
GREENE,house,12,mail,36,3
GREENE,house,12,mail,39,1
GREENE,house,12,mail,40,3
GREENE,house,12,mail,41,1
GREENE,house,12,mail,42,6
GREENE,house,12,mail,43,8
GREENE,house,12,mail,46,6
GREENE,house,12,mail,47,12
GREENE,house,12,mail,48,1
GREENE,house,12,mail,49,2
GREENE,house,12,mail,50,8
GREENE,house,12,mail,53,6
GREENE,house,12,mail,54,23
GREENE,senate,4,inperson,3,233
GREENE,senate,4,inperson,4,258
GREENE,senate,4,inperson,5,236
GREENE,senate,4,inperson,6,210
GREENE,senate,4,inperson,7,164
GREENE,senate,4,inperson,8,205
GREENE,senate,4,inperson,9,114
GREENE,senate,4,inperson,11,200
GREENE,senate,4,inperson,12,192
GREENE,senate,4,inperson,13,212
GREENE,senate,4,inperson,14,202
GREENE,senate,4,inperson,15,266
GREENE,senate,4,inperson,17,105
GREENE,senate,4,inperson,18,258
GREENE,senate,4,inperson,19,239
GREENE,senate,4,mail,0,4
GREENE,senate,4,mail,1,13
GREENE,senate,4,mail,3,11
GREENE,senate,4,mail,4,6
GREENE,senate,4,mail,5,7
GREENE,senate,4,mail,6,7
GREENE,senate,4,mail,7,9
GREENE,senate,4,mail,8,8
GREENE,senate,4,mail,11,1
GREENE,senate,4,mail,12,2
GREENE,senate,4,mail,13,1
GREENE,senate,4,mail,15,9
GREENE,senate,4,mail,18,5
GREENE,senate,4,mail,19,1
GREENE,senate,4,mail,20,1
GREENE,senate,4,mail,21,1
GREENE,senate,4,mail,22,9
GREENE,senate,4,mail,25,5
GREENE,senate,4,mail,28,13
GREENE,senate,4,mail,29,5
GREENE,senate,4,mail,32,2
GREENE,senate,4,mail,33,3
GREENE,senate,4,mail,34,3
GREENE,senate,4,mail,35,1
GREENE,senate,4,mail,36,3
GREENE,senate,4,mail,39,1
GREENE,senate,4,mail,40,3
GREENE,senate,4,mail,41,1
GREENE,senate,4,mail,42,6
GREENE,senate,4,mail,43,8
GREENE,senate,4,mail,46,6
GREENE,senate,4,mail,47,12
GREENE,senate,4,mail,48,1
GREENE,senate,4,mail,49,2
GREENE,senate,4,mail,50,8
GREENE,senate,4,mail,53,6
GREENE,senate,4,mail,54,23
GUILFORD,house,57,inperson,3,1718
GUILFORD,house,57,inperson,4,2277
GUILFORD,house,57,inperson,5,1556
GUILFORD,house,57,inperson,6,1398
GUILFORD,house,57,inperson,7,1289
GUILFORD,house,57,inperson,8,1157
GUILFORD,house,57,inperson,9,599
GUILFORD,house,57,inperson,10,957
GUILFORD,house,57,inperson,11,1463
GUILFORD,house,57,inperson,12,1184
GUILFORD,house,57,inperson,13,1262
GUILFORD,house,57,inperson,14,1401
GUILFORD,house,57,inperson,15,1596
GUILFORD,house,57,inperson,18,1313
GUILFORD,house,57,inperson,19,1266
GUILFORD,house,57,mail,0,175
GUILFORD,house,57,mail,1,293
GUILFORD,house,57,mail,4,108
GUILFORD,house,57,mail,5,99
GUILFORD,house,57,mail,6,111
GUILFORD,house,57,mail,7,50
GUILFORD,house,57,mail,8,114
GUILFORD,house,57,mail,11,104
GUILFORD,house,57,mail,12,93
GUILFORD,house,57,mail,13,16
GUILFORD,house,57,mail,14,61
GUILFORD,house,57,mail,15,80
GUILFORD,house,57,mail,18,45
GUILFORD,house,57,mail,19,41
GUILFORD,house,57,mail,20,65
GUILFORD,house,57,mail,21,15
GUILFORD,house,57,mail,22,78
GUILFORD,house,57,mail,25,35
GUILFORD,house,57,mail,26,64
GUILFORD,house,57,mail,27,27
GUILFORD,house,57,mail,28,23
GUILFORD,house,57,mail,29,3
GUILFORD,house,57,mail,32,23
GUILFORD,house,57,mail,33,14
GUILFORD,house,57,mail,34,21
GUILFORD,house,57,mail,35,4
GUILFORD,house,57,mail,36,17
GUILFORD,house,57,mail,39,15
GUILFORD,house,57,mail,40,8
GUILFORD,house,57,mail,41,30
GUILFORD,house,57,mail,42,3
GUILFORD,house,57,mail,43,26
GUILFORD,house,57,mail,46,15
GUILFORD,house,57,mail,47,14
GUILFORD,house,57,mail,48,14
GUILFORD,house,57,mail,50,21
GUILFORD,house,57,mail,53,4
GUILFORD,house,57,mail,54,1
GUILFORD,house,58,inperson,3,1351
GUILFORD,house,58,inperson,4,1402
GUILFORD,house,58,inperson,5,1064
GUILFORD,house,58,inperson,6,943
GUILFORD,house,58,inperson,7,902
GUILFORD,house,58,inperson,8,895
GUILFORD,house,58,inperson,9,313
GUILFORD,house,58,inperson,10,572
GUILFORD,house,58,inperson,11,887
GUILFORD,house,58,inperson,12,778
GUILFORD,house,58,inperson,13,849
GUILFORD,house,58,inperson,14,959
GUILFORD,house,58,inperson,15,1118
GUILFORD,house,58,inperson,18,876
GUILFORD,house,58,inperson,19,905
GUILFORD,house,58,mail,0,88
GUILFORD,house,58,mail,1,151
GUILFORD,house,58,mail,4,66
GUILFORD,house,58,mail,5,22
GUILFORD,house,58,mail,6,59
GUILFORD,house,58,mail,7,16
GUILFORD,house,58,mail,8,74
GUILFORD,house,58,mail,11,40
GUILFORD,house,58,mail,12,52
GUILFORD,house,58,mail,13,4
GUILFORD,house,58,mail,14,33
GUILFORD,house,58,mail,15,32
GUILFORD,house,58,mail,18,34
GUILFORD,house,58,mail,19,11
GUILFORD,house,58,mail,20,16
GUILFORD,house,58,mail,21,7
GUILFORD,house,58,mail,22,39
GUILFORD,house,58,mail,25,11
GUILFORD,house,58,mail,26,39
GUILFORD,house,58,mail,27,14
GUILFORD,house,58,mail,28,12
GUILFORD,house,58,mail,29,3
GUILFORD,house,58,mail,32,9
GUILFORD,house,58,mail,33,24
GUILFORD,house,58,mail,34,21
GUILFORD,house,58,mail,35,4
GUILFORD,house,58,mail,36,13
GUILFORD,house,58,mail,39,3
GUILFORD,house,58,mail,40,1
GUILFORD,house,58,mail,41,12
GUILFORD,house,58,mail,42,2
GUILFORD,house,58,mail,43,18
GUILFORD,house,58,mail,46,11
GUILFORD,house,58,mail,47,7
GUILFORD,house,58,mail,48,9
GUILFORD,house,58,mail,49,5
GUILFORD,house,58,mail,50,10
GUILFORD,house,58,mail,53,3
GUILFORD,house,58,mail,54,2
GUILFORD,house,58,mail,55,2
GUILFORD,house,59,inperson,3,1808
GUILFORD,house,59,inperson,4,1978
GUILFORD,house,59,inperson,5,1556
GUILFORD,house,59,inperson,6,1289
GUILFORD,house,59,inperson,7,1269
GUILFORD,house,59,inperson,8,1236
GUILFORD,house,59,inperson,9,447
GUILFORD,house,59,inperson,10,813
GUILFORD,house,59,inperson,11,1184
GUILFORD,house,59,inperson,12,1097
GUILFORD,house,59,inperson,13,1218
GUILFORD,house,59,inperson,14,1332
GUILFORD,house,59,inperson,15,1343
GUILFORD,house,59,inperson,18,1237
GUILFORD,house,59,inperson,19,1150
GUILFORD,house,59,mail,0,89
GUILFORD,house,59,mail,1,167
GUILFORD,house,59,mail,4,110
GUILFORD,house,59,mail,5,54
GUILFORD,house,59,mail,6,78
GUILFORD,house,59,mail,7,31
GUILFORD,house,59,mail,8,73
GUILFORD,house,59,mail,11,57
GUILFORD,house,59,mail,12,66
GUILFORD,house,59,mail,13,13
GUILFORD,house,59,mail,14,46
GUILFORD,house,59,mail,15,54
GUILFORD,house,59,mail,18,32
GUILFORD,house,59,mail,19,23
GUILFORD,house,59,mail,20,23
GUILFORD,house,59,mail,21,15
GUILFORD,house,59,mail,22,33
GUILFORD,house,59,mail,25,21
GUILFORD,house,59,mail,26,45
GUILFORD,house,59,mail,27,20
GUILFORD,house,59,mail,28,20
GUILFORD,house,59,mail,29,4
GUILFORD,house,59,mail,32,12
GUILFORD,house,59,mail,33,14
GUILFORD,house,59,mail,34,12
GUILFORD,house,59,mail,35,7
GUILFORD,house,59,mail,36,27
GUILFORD,house,59,mail,39,11
GUILFORD,house,59,mail,40,8
GUILFORD,house,59,mail,41,17
GUILFORD,house,59,mail,42,8
GUILFORD,house,59,mail,43,13
GUILFORD,house,59,mail,46,14
GUILFORD,house,59,mail,47,4
GUILFORD,house,59,mail,48,16
GUILFORD,house,59,mail,49,2
GUILFORD,house,59,mail,50,13
GUILFORD,house,59,mail,53,5
GUILFORD,house,59,mail,54,2
GUILFORD,house,59,mail,57,1
GUILFORD,house,60,inperson,3,1280
GUILFORD,house,60,inperson,4,1525
GUILFORD,house,60,inperson,5,974
GUILFORD,house,60,inperson,6,965
GUILFORD,house,60,inperson,7,933
GUILFORD,house,60,inperson,8,862
GUILFORD,house,60,inperson,9,316
GUILFORD,house,60,inperson,10,638
GUILFORD,house,60,inperson,11,904
GUILFORD,house,60,inperson,12,812
GUILFORD,house,60,inperson,13,842
GUILFORD,house,60,inperson,14,897
GUILFORD,house,60,inperson,15,998
GUILFORD,house,60,inperson,18,823
GUILFORD,house,60,inperson,19,821
GUILFORD,house,60,mail,0,96
GUILFORD,house,60,mail,1,148
GUILFORD,house,60,mail,4,88
GUILFORD,house,60,mail,5,43
GUILFORD,house,60,mail,6,72
GUILFORD,house,60,mail,7,12
GUILFORD,house,60,mail,8,63
GUILFORD,house,60,mail,11,42
GUILFORD,house,60,mail,12,59
GUILFORD,house,60,mail,13,11
GUILFORD,house,60,mail,14,43
GUILFORD,house,60,mail,15,31
GUILFORD,house,60,mail,18,24
GUILFORD,house,60,mail,19,16
GUILFORD,house,60,mail,20,37
GUILFORD,house,60,mail,21,10
GUILFORD,house,60,mail,22,51
GUILFORD,house,60,mail,25,15
GUILFORD,house,60,mail,26,36
GUILFORD,house,60,mail,27,28
GUILFORD,house,60,mail,28,23
GUILFORD,house,60,mail,29,2
GUILFORD,house,60,mail,32,10
GUILFORD,house,60,mail,33,9
GUILFORD,house,60,mail,34,20
GUILFORD,house,60,mail,35,1
GUILFORD,house,60,mail,36,21
GUILFORD,house,60,mail,39,8
GUILFORD,house,60,mail,40,14
GUILFORD,house,60,mail,41,19
GUILFORD,house,60,mail,42,1
GUILFORD,house,60,mail,43,30
GUILFORD,house,60,mail,46,4
GUILFORD,house,60,mail,47,6
GUILFORD,house,60,mail,48,11
GUILFORD,house,60,mail,49,1
GUILFORD,house,60,mail,50,14
GUILFORD,house,60,mail,53,6
GUILFORD,house,60,mail,57,1
GUILFORD,house,61,inperson,3,1364
GUILFORD,house,61,inperson,4,1418
GUILFORD,house,61,inperson,5,1141
GUILFORD,house,61,inperson,6,821
GUILFORD,house,61,inperson,7,837
GUILFORD,house,61,inperson,8,748
GUILFORD,house,61,inperson,9,290
GUILFORD,house,61,inperson,10,436
GUILFORD,house,61,inperson,11,759
GUILFORD,house,61,inperson,12,630
GUILFORD,house,61,inperson,13,742
GUILFORD,house,61,inperson,14,792
GUILFORD,house,61,inperson,15,814
GUILFORD,house,61,inperson,18,705
GUILFORD,house,61,inperson,19,695
GUILFORD,house,61,mail,0,119
GUILFORD,house,61,mail,1,179
GUILFORD,house,61,mail,4,91
GUILFORD,house,61,mail,5,30
GUILFORD,house,61,mail,6,67
GUILFORD,house,61,mail,7,27
GUILFORD,house,61,mail,8,112
GUILFORD,house,61,mail,11,52
GUILFORD,house,61,mail,12,41
GUILFORD,house,61,mail,13,6
GUILFORD,house,61,mail,14,31
GUILFORD,house,61,mail,15,26
GUILFORD,house,61,mail,18,38
GUILFORD,house,61,mail,19,23
GUILFORD,house,61,mail,20,36
GUILFORD,house,61,mail,21,8
GUILFORD,house,61,mail,22,46
GUILFORD,house,61,mail,25,22
GUILFORD,house,61,mail,26,40
GUILFORD,house,61,mail,27,17
GUILFORD,house,61,mail,28,15
GUILFORD,house,61,mail,29,5
GUILFORD,house,61,mail,32,20
GUILFORD,house,61,mail,33,13
GUILFORD,house,61,mail,34,9
GUILFORD,house,61,mail,35,9
GUILFORD,house,61,mail,36,14
GUILFORD,house,61,mail,39,1
GUILFORD,house,61,mail,40,7
GUILFORD,house,61,mail,41,12
GUILFORD,house,61,mail,43,12
GUILFORD,house,61,mail,46,7
GUILFORD,house,61,mail,47,10
GUILFORD,house,61,mail,48,13
GUILFORD,house,61,mail,49,5
GUILFORD,house,61,mail,50,14
GUILFORD,house,61,mail,53,7
GUILFORD,house,61,mail,54,2
GUILFORD,house,61,mail,56,1
GUILFORD,house,61,mail,57,1
GUILFORD,house,62,inperson,3,1838
GUILFORD,house,62,inperson,4,2312
GUILFORD,house,62,inperson,5,1692
GUILFORD,house,62,inperson,6,1475
GUILFORD,house,62,inperson,7,1441
GUILFORD,house,62,inperson,8,1287
GUILFORD,house,62,inperson,9,584
GUILFORD,house,62,inperson,10,1004
GUILFORD,house,62,inperson,11,1504
GUILFORD,house,62,inperson,12,1349
GUILFORD,house,62,inperson,13,1468
GUILFORD,house,62,inperson,14,1542
GUILFORD,house,62,inperson,15,1699
GUILFORD,house,62,inperson,18,1579
GUILFORD,house,62,inperson,19,1433
GUILFORD,house,62,mail,0,168
GUILFORD,house,62,mail,1,267
GUILFORD,house,62,mail,4,108
GUILFORD,house,62,mail,5,89
GUILFORD,house,62,mail,6,121
GUILFORD,house,62,mail,7,37
GUILFORD,house,62,mail,8,91
GUILFORD,house,62,mail,11,81
GUILFORD,house,62,mail,12,77
GUILFORD,house,62,mail,13,14
GUILFORD,house,62,mail,14,69
GUILFORD,house,62,mail,15,50
GUILFORD,house,62,mail,18,39
GUILFORD,house,62,mail,19,52
GUILFORD,house,62,mail,20,58
GUILFORD,house,62,mail,21,14
GUILFORD,house,62,mail,22,64
GUILFORD,house,62,mail,25,34
GUILFORD,house,62,mail,26,68
GUILFORD,house,62,mail,27,39
GUILFORD,house,62,mail,28,33
GUILFORD,house,62,mail,29,8
GUILFORD,house,62,mail,32,25
GUILFORD,house,62,mail,33,20
GUILFORD,house,62,mail,34,26
GUILFORD,house,62,mail,35,6
GUILFORD,house,62,mail,36,39
GUILFORD,house,62,mail,39,16
GUILFORD,house,62,mail,40,11
GUILFORD,house,62,mail,41,22
GUILFORD,house,62,mail,42,3
GUILFORD,house,62,mail,43,27
GUILFORD,house,62,mail,46,3
GUILFORD,house,62,mail,47,13
GUILFORD,house,62,mail,48,9
GUILFORD,house,62,mail,49,4
GUILFORD,house,62,mail,50,11
GUILFORD,house,62,mail,53,7
GUILFORD,house,62,mail,54,2
GUILFORD,senate,26,inperson,3,2689
GUILFORD,senate,26,inperson,4,3310
GUILFORD,senate,26,inperson,5,2288
GUILFORD,senate,26,inperson,6,1983
GUILFORD,senate,26,inperson,7,1932
GUILFORD,senate,26,inperson,8,1795
GUILFORD,senate,26,inperson,9,759
GUILFORD,senate,26,inperson,10,1361
GUILFORD,senate,26,inperson,11,1983
GUILFORD,senate,26,inperson,12,1737
GUILFORD,senate,26,inperson,13,1852
GUILFORD,senate,26,inperson,14,2079
GUILFORD,senate,26,inperson,15,2147
GUILFORD,senate,26,inperson,18,1971
GUILFORD,senate,26,inperson,19,1850
GUILFORD,senate,26,mail,0,173
GUILFORD,senate,26,mail,1,324
GUILFORD,senate,26,mail,4,163
GUILFORD,senate,26,mail,5,112
GUILFORD,senate,26,mail,6,121
GUILFORD,senate,26,mail,7,56
GUILFORD,senate,26,mail,8,111
GUILFORD,senate,26,mail,11,108
GUILFORD,senate,26,mail,12,122
GUILFORD,senate,26,mail,13,23
GUILFORD,senate,26,mail,14,71
GUILFORD,senate,26,mail,15,83
GUILFORD,senate,26,mail,18,66
GUILFORD,senate,26,mail,19,40
GUILFORD,senate,26,mail,20,51
GUILFORD,senate,26,mail,21,20
GUILFORD,senate,26,mail,22,76
GUILFORD,senate,26,mail,25,33
GUILFORD,senate,26,mail,26,95
GUILFORD,senate,26,mail,27,44
GUILFORD,senate,26,mail,28,31
GUILFORD,senate,26,mail,29,7
GUILFORD,senate,26,mail,32,23
GUILFORD,senate,26,mail,33,14
GUILFORD,senate,26,mail,34,23
GUILFORD,senate,26,mail,35,9
GUILFORD,senate,26,mail,36,37
GUILFORD,senate,26,mail,39,13
GUILFORD,senate,26,mail,40,9
GUILFORD,senate,26,mail,41,35
GUILFORD,senate,26,mail,42,12
GUILFORD,senate,26,mail,43,26
GUILFORD,senate,26,mail,46,18
GUILFORD,senate,26,mail,47,9
GUILFORD,senate,26,mail,48,17
GUILFORD,senate,26,mail,49,2
GUILFORD,senate,26,mail,50,16
GUILFORD,senate,26,mail,53,5
GUILFORD,senate,26,mail,57,1
GUILFORD,senate,27,inperson,3,3399
GUILFORD,senate,27,inperson,4,3928
GUILFORD,senate,27,inperson,5,2812
GUILFORD,senate,27,inperson,6,2538
GUILFORD,senate,27,inperson,7,2564
GUILFORD,senate,27,inperson,8,2339
GUILFORD,senate,27,inperson,9,943
GUILFORD,senate,27,inperson,10,1705
GUILFORD,senate,27,inperson,11,2616
GUILFORD,senate,27,inperson,12,2216
GUILFORD,senate,27,inperson,13,2407
GUILFORD,senate,27,inperson,14,2548
GUILFORD,senate,27,inperson,15,2921
GUILFORD,senate,27,inperson,18,2493
GUILFORD,senate,27,inperson,19,2444
GUILFORD,senate,27,mail,0,249
GUILFORD,senate,27,mail,1,404
GUILFORD,senate,27,mail,4,205
GUILFORD,senate,27,mail,5,117
GUILFORD,senate,27,mail,6,210
GUILFORD,senate,27,mail,7,52
GUILFORD,senate,27,mail,8,172
GUILFORD,senate,27,mail,11,122
GUILFORD,senate,27,mail,12,132
GUILFORD,senate,27,mail,13,22
GUILFORD,senate,27,mail,14,116
GUILFORD,senate,27,mail,15,99
GUILFORD,senate,27,mail,18,71
GUILFORD,senate,27,mail,19,62
GUILFORD,senate,27,mail,20,92
GUILFORD,senate,27,mail,21,25
GUILFORD,senate,27,mail,22,107
GUILFORD,senate,27,mail,25,46
GUILFORD,senate,27,mail,26,100
GUILFORD,senate,27,mail,27,58
GUILFORD,senate,27,mail,28,54
GUILFORD,senate,27,mail,29,6
GUILFORD,senate,27,mail,32,35
GUILFORD,senate,27,mail,33,35
GUILFORD,senate,27,mail,34,48
GUILFORD,senate,27,mail,35,9
GUILFORD,senate,27,mail,36,57
GUILFORD,senate,27,mail,39,22
GUILFORD,senate,27,mail,40,25
GUILFORD,senate,27,mail,41,40
GUILFORD,senate,27,mail,42,4
GUILFORD,senate,27,mail,43,54
GUILFORD,senate,27,mail,46,13
GUILFORD,senate,27,mail,47,18
GUILFORD,senate,27,mail,48,25
GUILFORD,senate,27,mail,49,6
GUILFORD,senate,27,mail,50,26
GUILFORD,senate,27,mail,53,12
GUILFORD,senate,27,mail,54,3
GUILFORD,senate,27,mail,55,2
GUILFORD,senate,27,mail,57,1
GUILFORD,senate,28,inperson,3,3271
GUILFORD,senate,28,inperson,4,3674
GUILFORD,senate,28,inperson,5,2883
GUILFORD,senate,28,inperson,6,2370
GUILFORD,senate,28,inperson,7,2175
GUILFORD,senate,28,inperson,8,2051
GUILFORD,senate,28,inperson,9,847
GUILFORD,senate,28,inperson,10,1354
GUILFORD,senate,28,inperson,11,2102
GUILFORD,senate,28,inperson,12,1897
GUILFORD,senate,28,inperson,13,2122
GUILFORD,senate,28,inperson,14,2296
GUILFORD,senate,28,inperson,15,2500
GUILFORD,senate,28,inperson,18,2069
GUILFORD,senate,28,inperson,19,1976
GUILFORD,senate,28,mail,0,313
GUILFORD,senate,28,mail,1,477
GUILFORD,senate,28,mail,4,203
GUILFORD,senate,28,mail,5,108
GUILFORD,senate,28,mail,6,177
GUILFORD,senate,28,mail,7,65
GUILFORD,senate,28,mail,8,244
GUILFORD,senate,28,mail,11,146
GUILFORD,senate,28,mail,12,134
GUILFORD,senate,28,mail,13,19
GUILFORD,senate,28,mail,14,96
GUILFORD,senate,28,mail,15,91
GUILFORD,senate,28,mail,18,75
GUILFORD,senate,28,mail,19,64
GUILFORD,senate,28,mail,20,92
GUILFORD,senate,28,mail,21,24
GUILFORD,senate,28,mail,22,128
GUILFORD,senate,28,mail,25,59
GUILFORD,senate,28,mail,26,97
GUILFORD,senate,28,mail,27,43
GUILFORD,senate,28,mail,28,41
GUILFORD,senate,28,mail,29,12
GUILFORD,senate,28,mail,32,41
GUILFORD,senate,28,mail,33,45
GUILFORD,senate,28,mail,34,38
GUILFORD,senate,28,mail,35,13
GUILFORD,senate,28,mail,36,37
GUILFORD,senate,28,mail,39,19
GUILFORD,senate,28,mail,40,15
GUILFORD,senate,28,mail,41,37
GUILFORD,senate,28,mail,42,1
GUILFORD,senate,28,mail,43,46
GUILFORD,senate,28,mail,46,23
GUILFORD,senate,28,mail,47,27
GUILFORD,senate,28,mail,48,30
GUILFORD,senate,28,mail,49,9
GUILFORD,senate,28,mail,50,41
GUILFORD,senate,28,mail,53,15
GUILFORD,senate,28,mail,54,6
GUILFORD,senate,28,mail,56,1
GUILFORD,senate,28,mail,57,1
HALIFAX,house,27,inperson,3,706
HALIFAX,house,27,inperson,4,908
HALIFAX,house,27,inperson,5,667
HALIFAX,house,27,inperson,6,592
HALIFAX,house,27,inperson,7,575
HALIFAX,house,27,inperson,8,612
HALIFAX,house,27,inperson,11,502
HALIFAX,house,27,inperson,12,489
HALIFAX,house,27,inperson,13,533
HALIFAX,house,27,inperson,14,554
HALIFAX,house,27,inperson,15,688
HALIFAX,house,27,inperson,18,469
HALIFAX,house,27,inperson,19,553
HALIFAX,house,27,mail,0,21
HALIFAX,house,27,mail,1,42
HALIFAX,house,27,mail,3,3
HALIFAX,house,27,mail,4,30
HALIFAX,house,27,mail,5,21
HALIFAX,house,27,mail,6,24
HALIFAX,house,27,mail,7,2
HALIFAX,house,27,mail,8,30
HALIFAX,house,27,mail,11,9
HALIFAX,house,27,mail,12,31
HALIFAX,house,27,mail,13,1
HALIFAX,house,27,mail,15,17
HALIFAX,house,27,mail,18,24
HALIFAX,house,27,mail,19,6
HALIFAX,house,27,mail,20,15
HALIFAX,house,27,mail,22,18
HALIFAX,house,27,mail,25,2
HALIFAX,house,27,mail,26,7
HALIFAX,house,27,mail,27,3
HALIFAX,house,27,mail,28,3
HALIFAX,house,27,mail,29,11
HALIFAX,house,27,mail,33,5
HALIFAX,house,27,mail,34,8
HALIFAX,house,27,mail,35,1
HALIFAX,house,27,mail,39,2
HALIFAX,house,27,mail,40,4
HALIFAX,house,27,mail,42,5
HALIFAX,house,27,mail,46,5
HALIFAX,house,27,mail,48,10
HALIFAX,house,27,mail,53,1
HALIFAX,senate,3,inperson,3,706
HALIFAX,senate,3,inperson,4,908
HALIFAX,senate,3,inperson,5,667
HALIFAX,senate,3,inperson,6,592
HALIFAX,senate,3,inperson,7,575
HALIFAX,senate,3,inperson,8,612
HALIFAX,senate,3,inperson,11,502
HALIFAX,senate,3,inperson,12,489
HALIFAX,senate,3,inperson,13,533
HALIFAX,senate,3,inperson,14,554
HALIFAX,senate,3,inperson,15,688
HALIFAX,senate,3,inperson,18,469
HALIFAX,senate,3,inperson,19,553
HALIFAX,senate,3,mail,0,21
HALIFAX,senate,3,mail,1,42
HALIFAX,senate,3,mail,3,3
HALIFAX,senate,3,mail,4,30
HALIFAX,senate,3,mail,5,21
HALIFAX,senate,3,mail,6,24
HALIFAX,senate,3,mail,7,2
HALIFAX,senate,3,mail,8,30
HALIFAX,senate,3,mail,11,9
HALIFAX,senate,3,mail,12,31
HALIFAX,senate,3,mail,13,1
HALIFAX,senate,3,mail,15,17
HALIFAX,senate,3,mail,18,24
HALIFAX,senate,3,mail,19,6
HALIFAX,senate,3,mail,20,15
HALIFAX,senate,3,mail,22,18
HALIFAX,senate,3,mail,25,2
HALIFAX,senate,3,mail,26,7
HALIFAX,senate,3,mail,27,3
HALIFAX,senate,3,mail,28,3
HALIFAX,senate,3,mail,29,11
HALIFAX,senate,3,mail,33,5
HALIFAX,senate,3,mail,34,8
HALIFAX,senate,3,mail,35,1
HALIFAX,senate,3,mail,39,2
HALIFAX,senate,3,mail,40,4
HALIFAX,senate,3,mail,42,5
HALIFAX,senate,3,mail,46,5
HALIFAX,senate,3,mail,48,10
HALIFAX,senate,3,mail,53,1
HARNETT,house,53,inperson,3,938
HARNETT,house,53,inperson,4,1012
HARNETT,house,53,inperson,5,757
HARNETT,house,53,inperson,6,584
HARNETT,house,53,inperson,7,559
HARNETT,house,53,inperson,8,494
HARNETT,house,53,inperson,9,184
HARNETT,house,53,inperson,10,466
HARNETT,house,53,inperson,11,534
HARNETT,house,53,inperson,12,470
HARNETT,house,53,inperson,13,563
HARNETT,house,53,inperson,14,548
HARNETT,house,53,inperson,15,550
HARNETT,house,53,inperson,16,170
HARNETT,house,53,inperson,17,391
HARNETT,house,53,inperson,18,544
HARNETT,house,53,inperson,19,617
HARNETT,house,53,mail,0,48
HARNETT,house,53,mail,1,59
HARNETT,house,53,mail,3,27
HARNETT,house,53,mail,4,42
HARNETT,house,53,mail,5,35
HARNETT,house,53,mail,6,44
HARNETT,house,53,mail,7,5
HARNETT,house,53,mail,8,39
HARNETT,house,53,mail,9,3
HARNETT,house,53,mail,10,23
HARNETT,house,53,mail,11,37
HARNETT,house,53,mail,12,18
HARNETT,house,53,mail,13,29
HARNETT,house,53,mail,14,6
HARNETT,house,53,mail,15,15
HARNETT,house,53,mail,17,18
HARNETT,house,53,mail,18,8
HARNETT,house,53,mail,19,16
HARNETT,house,53,mail,20,23
HARNETT,house,53,mail,21,2
HARNETT,house,53,mail,22,16
HARNETT,house,53,mail,25,13
HARNETT,house,53,mail,26,11
HARNETT,house,53,mail,27,15
HARNETT,house,53,mail,28,4
HARNETT,house,53,mail,29,6
HARNETT,house,53,mail,32,2
HARNETT,house,53,mail,33,6
HARNETT,house,53,mail,34,7
HARNETT,house,53,mail,36,6
HARNETT,house,53,mail,40,3
HARNETT,house,53,mail,41,14
HARNETT,house,53,mail,43,13
HARNETT,house,53,mail,46,5
HARNETT,house,53,mail,48,8
HARNETT,house,53,mail,49,3
HARNETT,house,53,mail,50,9
HARNETT,house,53,mail,53,9
HARNETT,house,53,mail,54,1
HARNETT,house,53,mail,55,3
HARNETT,house,6,inperson,3,1317
HARNETT,house,6,inperson,4,1086
HARNETT,house,6,inperson,5,739
HARNETT,house,6,inperson,6,622
HARNETT,house,6,inperson,7,669
HARNETT,house,6,inperson,8,555
HARNETT,house,6,inperson,9,244
HARNETT,house,6,inperson,10,701
HARNETT,house,6,inperson,11,581
HARNETT,house,6,inperson,12,516
HARNETT,house,6,inperson,13,520
HARNETT,house,6,inperson,14,591
HARNETT,house,6,inperson,15,576
HARNETT,house,6,inperson,16,211
HARNETT,house,6,inperson,17,496
HARNETT,house,6,inperson,18,607
HARNETT,house,6,inperson,19,680
HARNETT,house,6,mail,0,77
HARNETT,house,6,mail,1,69
HARNETT,house,6,mail,2,6
HARNETT,house,6,mail,3,59
HARNETT,house,6,mail,4,53
HARNETT,house,6,mail,5,37
HARNETT,house,6,mail,6,33
HARNETT,house,6,mail,7,16
HARNETT,house,6,mail,8,30
HARNETT,house,6,mail,9,3
HARNETT,house,6,mail,10,30
HARNETT,house,6,mail,11,54
HARNETT,house,6,mail,12,24
HARNETT,house,6,mail,13,32
HARNETT,house,6,mail,14,19
HARNETT,house,6,mail,15,28
HARNETT,house,6,mail,17,20
HARNETT,house,6,mail,18,9
HARNETT,house,6,mail,19,18
HARNETT,house,6,mail,20,25
HARNETT,house,6,mail,21,5
HARNETT,house,6,mail,22,29
HARNETT,house,6,mail,25,12
HARNETT,house,6,mail,26,18
HARNETT,house,6,mail,27,13
HARNETT,house,6,mail,28,10
HARNETT,house,6,mail,29,5
HARNETT,house,6,mail,32,19
HARNETT,house,6,mail,33,8
HARNETT,house,6,mail,34,7
HARNETT,house,6,mail,35,6
HARNETT,house,6,mail,36,15
HARNETT,house,6,mail,40,6
HARNETT,house,6,mail,41,12
HARNETT,house,6,mail,43,15
HARNETT,house,6,mail,46,8
HARNETT,house,6,mail,47,1
HARNETT,house,6,mail,48,10
HARNETT,house,6,mail,50,6
HARNETT,house,6,mail,53,5
HARNETT,house,6,mail,54,2
HARNETT,house,6,mail,55,1
HARNETT,senate,12,inperson,3,2255
HARNETT,senate,12,inperson,4,2098
HARNETT,senate,12,inperson,5,1496
HARNETT,senate,12,inperson,6,1206
HARNETT,senate,12,inperson,7,1228
HARNETT,senate,12,inperson,8,1049
HARNETT,senate,12,inperson,9,428
HARNETT,senate,12,inperson,10,1167
HARNETT,senate,12,inperson,11,1115
HARNETT,senate,12,inperson,12,986
HARNETT,senate,12,inperson,13,1083
HARNETT,senate,12,inperson,14,1139
HARNETT,senate,12,inperson,15,1126
HARNETT,senate,12,inperson,16,381
HARNETT,senate,12,inperson,17,887
HARNETT,senate,12,inperson,18,1151
HARNETT,senate,12,inperson,19,1297
HARNETT,senate,12,mail,0,125
HARNETT,senate,12,mail,1,128
HARNETT,senate,12,mail,2,6
HARNETT,senate,12,mail,3,86
HARNETT,senate,12,mail,4,95
HARNETT,senate,12,mail,5,72
HARNETT,senate,12,mail,6,77
HARNETT,senate,12,mail,7,21
HARNETT,senate,12,mail,8,69
HARNETT,senate,12,mail,9,6
HARNETT,senate,12,mail,10,53
HARNETT,senate,12,mail,11,91
HARNETT,senate,12,mail,12,42
HARNETT,senate,12,mail,13,61
HARNETT,senate,12,mail,14,25
HARNETT,senate,12,mail,15,43
HARNETT,senate,12,mail,17,38
HARNETT,senate,12,mail,18,17
HARNETT,senate,12,mail,19,34
HARNETT,senate,12,mail,20,48
HARNETT,senate,12,mail,21,7
HARNETT,senate,12,mail,22,45
HARNETT,senate,12,mail,25,25
HARNETT,senate,12,mail,26,29
HARNETT,senate,12,mail,27,28
HARNETT,senate,12,mail,28,14
HARNETT,senate,12,mail,29,11
HARNETT,senate,12,mail,32,21
HARNETT,senate,12,mail,33,14
HARNETT,senate,12,mail,34,14
HARNETT,senate,12,mail,35,6
HARNETT,senate,12,mail,36,21
HARNETT,senate,12,mail,40,9
HARNETT,senate,12,mail,41,26
HARNETT,senate,12,mail,43,28
HARNETT,senate,12,mail,46,13
HARNETT,senate,12,mail,47,1
HARNETT,senate,12,mail,48,18
HARNETT,senate,12,mail,49,3
HARNETT,senate,12,mail,50,15
HARNETT,senate,12,mail,53,14
HARNETT,senate,12,mail,54,3
HARNETT,senate,12,mail,55,4
HAYWOOD,house,118,inperson,3,1023
HAYWOOD,house,118,inperson,4,1588
HAYWOOD,house,118,inperson,5,1139
HAYWOOD,house,118,inperson,6,1070
HAYWOOD,house,118,inperson,7,977
HAYWOOD,house,118,inperson,8,1034
HAYWOOD,house,118,inperson,11,1047
HAYWOOD,house,118,inperson,12,979
HAYWOOD,house,118,inperson,13,1056
HAYWOOD,house,118,inperson,14,1130
HAYWOOD,house,118,inperson,15,1164
HAYWOOD,house,118,inperson,18,1187
HAYWOOD,house,118,inperson,19,1187
HAYWOOD,house,118,mail,0,100
HAYWOOD,house,118,mail,1,74
HAYWOOD,house,118,mail,3,63
HAYWOOD,house,118,mail,4,37
HAYWOOD,house,118,mail,5,61
HAYWOOD,house,118,mail,6,91
HAYWOOD,house,118,mail,7,32
HAYWOOD,house,118,mail,8,54
HAYWOOD,house,118,mail,10,8
HAYWOOD,house,118,mail,11,53
HAYWOOD,house,118,mail,12,42
HAYWOOD,house,118,mail,13,75
HAYWOOD,house,118,mail,14,22
HAYWOOD,house,118,mail,15,53
HAYWOOD,house,118,mail,17,19
HAYWOOD,house,118,mail,18,53
HAYWOOD,house,118,mail,19,24
HAYWOOD,house,118,mail,20,37
HAYWOOD,house,118,mail,21,20
HAYWOOD,house,118,mail,22,23
HAYWOOD,house,118,mail,24,19
HAYWOOD,house,118,mail,25,10
HAYWOOD,house,118,mail,26,11
HAYWOOD,house,118,mail,27,15
HAYWOOD,house,118,mail,28,25
HAYWOOD,house,118,mail,29,4
HAYWOOD,house,118,mail,31,7
HAYWOOD,house,118,mail,32,14
HAYWOOD,house,118,mail,33,20
HAYWOOD,house,118,mail,34,6
HAYWOOD,house,118,mail,35,4
HAYWOOD,house,118,mail,36,19
HAYWOOD,house,118,mail,38,6
HAYWOOD,house,118,mail,39,9
HAYWOOD,house,118,mail,40,13
HAYWOOD,house,118,mail,41,9
HAYWOOD,house,118,mail,42,5
HAYWOOD,house,118,mail,43,11
HAYWOOD,house,118,mail,46,2
HAYWOOD,house,118,mail,47,9
HAYWOOD,house,118,mail,48,7
HAYWOOD,house,118,mail,49,8
HAYWOOD,house,118,mail,50,10
HAYWOOD,house,118,mail,52,5
HAYWOOD,house,118,mail,53,6
HAYWOOD,house,118,mail,54,1
HAYWOOD,house,118,mail,55,1
HAYWOOD,house,118,mail,57,1
HAYWOOD,senate,47,inperson,3,419
HAYWOOD,senate,47,inperson,4,596
HAYWOOD,senate,47,inperson,5,395
HAYWOOD,senate,47,inperson,6,349
HAYWOOD,senate,47,inperson,7,314
HAYWOOD,senate,47,inperson,8,369
HAYWOOD,senate,47,inperson,11,356
HAYWOOD,senate,47,inperson,12,307
HAYWOOD,senate,47,inperson,13,338
HAYWOOD,senate,47,inperson,14,326
HAYWOOD,senate,47,inperson,15,380
HAYWOOD,senate,47,inperson,18,440
HAYWOOD,senate,47,inperson,19,406
HAYWOOD,senate,47,mail,0,32
HAYWOOD,senate,47,mail,1,25
HAYWOOD,senate,47,mail,3,26
HAYWOOD,senate,47,mail,4,11
HAYWOOD,senate,47,mail,5,15
HAYWOOD,senate,47,mail,6,24
HAYWOOD,senate,47,mail,7,5
HAYWOOD,senate,47,mail,8,11
HAYWOOD,senate,47,mail,10,2
HAYWOOD,senate,47,mail,11,16
HAYWOOD,senate,47,mail,12,7
HAYWOOD,senate,47,mail,13,11
HAYWOOD,senate,47,mail,14,7
HAYWOOD,senate,47,mail,15,15
HAYWOOD,senate,47,mail,17,8
HAYWOOD,senate,47,mail,18,9
HAYWOOD,senate,47,mail,19,10
HAYWOOD,senate,47,mail,20,7
HAYWOOD,senate,47,mail,21,7
HAYWOOD,senate,47,mail,22,6
HAYWOOD,senate,47,mail,24,6
HAYWOOD,senate,47,mail,26,4
HAYWOOD,senate,47,mail,27,5
HAYWOOD,senate,47,mail,28,7
HAYWOOD,senate,47,mail,31,2
HAYWOOD,senate,47,mail,32,1
HAYWOOD,senate,47,mail,33,4
HAYWOOD,senate,47,mail,34,1
HAYWOOD,senate,47,mail,35,1
HAYWOOD,senate,47,mail,36,3
HAYWOOD,senate,47,mail,39,3
HAYWOOD,senate,47,mail,40,6
HAYWOOD,senate,47,mail,41,3
HAYWOOD,senate,47,mail,43,2
HAYWOOD,senate,47,mail,46,2
HAYWOOD,senate,47,mail,47,4
HAYWOOD,senate,47,mail,49,3
HAYWOOD,senate,47,mail,50,5
HAYWOOD,senate,47,mail,52,2
HAYWOOD,senate,47,mail,53,4
HAYWOOD,senate,47,mail,55,1
HAYWOOD,senate,50,inperson,3,604
HAYWOOD,senate,50,inperson,4,992
HAYWOOD,senate,50,inperson,5,744
HAYWOOD,senate,50,inperson,6,721
HAYWOOD,senate,50,inperson,7,663
HAYWOOD,senate,50,inperson,8,665
HAYWOOD,senate,50,inperson,11,691
HAYWOOD,senate,50,inperson,12,672
HAYWOOD,senate,50,inperson,13,718
HAYWOOD,senate,50,inperson,14,804
HAYWOOD,senate,50,inperson,15,784
HAYWOOD,senate,50,inperson,18,747
HAYWOOD,senate,50,inperson,19,781
HAYWOOD,senate,50,mail,0,68
HAYWOOD,senate,50,mail,1,49
HAYWOOD,senate,50,mail,3,37
HAYWOOD,senate,50,mail,4,26
HAYWOOD,senate,50,mail,5,46
HAYWOOD,senate,50,mail,6,67
HAYWOOD,senate,50,mail,7,27
HAYWOOD,senate,50,mail,8,43
HAYWOOD,senate,50,mail,10,6
HAYWOOD,senate,50,mail,11,37
HAYWOOD,senate,50,mail,12,35
HAYWOOD,senate,50,mail,13,64
HAYWOOD,senate,50,mail,14,15
HAYWOOD,senate,50,mail,15,38
HAYWOOD,senate,50,mail,17,11
HAYWOOD,senate,50,mail,18,44
HAYWOOD,senate,50,mail,19,14
HAYWOOD,senate,50,mail,20,30
HAYWOOD,senate,50,mail,21,13
HAYWOOD,senate,50,mail,22,17
HAYWOOD,senate,50,mail,24,13
HAYWOOD,senate,50,mail,25,10
HAYWOOD,senate,50,mail,26,7
HAYWOOD,senate,50,mail,27,10
HAYWOOD,senate,50,mail,28,18
HAYWOOD,senate,50,mail,29,4
HAYWOOD,senate,50,mail,31,5
HAYWOOD,senate,50,mail,32,13
HAYWOOD,senate,50,mail,33,16
HAYWOOD,senate,50,mail,34,5
HAYWOOD,senate,50,mail,35,3
HAYWOOD,senate,50,mail,36,16
HAYWOOD,senate,50,mail,38,6
HAYWOOD,senate,50,mail,39,6
HAYWOOD,senate,50,mail,40,7
HAYWOOD,senate,50,mail,41,6
HAYWOOD,senate,50,mail,42,5
HAYWOOD,senate,50,mail,43,9
HAYWOOD,senate,50,mail,47,5
HAYWOOD,senate,50,mail,48,7
HAYWOOD,senate,50,mail,49,5
HAYWOOD,senate,50,mail,50,5
HAYWOOD,senate,50,mail,52,3
HAYWOOD,senate,50,mail,53,2
HAYWOOD,senate,50,mail,54,1
HAYWOOD,senate,50,mail,57,1
HENDERSON,house,113,inperson,3,356
HENDERSON,house,113,inperson,4,585
HENDERSON,house,113,inperson,5,465
HENDERSON,house,113,inperson,6,389
HENDERSON,house,113,inperson,7,398
HENDERSON,house,113,inperson,8,444
HENDERSON,house,113,inperson,11,427
HENDERSON,house,113,inperson,12,396
HENDERSON,house,113,inperson,13,464
HENDERSON,house,113,inperson,14,525
HENDERSON,house,113,inperson,15,519
HENDERSON,house,113,inperson,18,518
HENDERSON,house,113,inperson,19,471
HENDERSON,house,113,mail,0,18
HENDERSON,house,113,mail,1,44
HENDERSON,house,113,mail,3,25
HENDERSON,house,113,mail,4,18
HENDERSON,house,113,mail,5,20
HENDERSON,house,113,mail,6,30
HENDERSON,house,113,mail,7,41
HENDERSON,house,113,mail,8,35
HENDERSON,house,113,mail,11,41
HENDERSON,house,113,mail,12,34
HENDERSON,house,113,mail,13,27
HENDERSON,house,113,mail,14,11
HENDERSON,house,113,mail,15,27
HENDERSON,house,113,mail,18,23
HENDERSON,house,113,mail,19,4
HENDERSON,house,113,mail,20,24
HENDERSON,house,113,mail,21,13
HENDERSON,house,113,mail,22,20
HENDERSON,house,113,mail,25,18
HENDERSON,house,113,mail,26,8
HENDERSON,house,113,mail,27,2
HENDERSON,house,113,mail,28,10
HENDERSON,house,113,mail,29,8
HENDERSON,house,113,mail,32,7
HENDERSON,house,113,mail,33,13
HENDERSON,house,113,mail,36,6
HENDERSON,house,113,mail,39,6
HENDERSON,house,113,mail,40,12
HENDERSON,house,113,mail,41,2
HENDERSON,house,113,mail,42,7
HENDERSON,house,113,mail,43,7
HENDERSON,house,113,mail,46,2
HENDERSON,house,113,mail,47,10
HENDERSON,house,113,mail,48,1
HENDERSON,house,113,mail,49,4
HENDERSON,house,113,mail,50,4
HENDERSON,house,113,mail,53,2
HENDERSON,house,113,mail,54,2
HENDERSON,house,113,mail,55,1
HENDERSON,house,113,mail,56,1
HENDERSON,house,117,inperson,3,1580
HENDERSON,house,117,inperson,4,2280
HENDERSON,house,117,inperson,5,1776
HENDERSON,house,117,inperson,6,1586
HENDERSON,house,117,inperson,7,1592
HENDERSON,house,117,inperson,8,1587
HENDERSON,house,117,inperson,11,1753
HENDERSON,house,117,inperson,12,1561
HENDERSON,house,117,inperson,13,1709
HENDERSON,house,117,inperson,14,1828
HENDERSON,house,117,inperson,15,2011
HENDERSON,house,117,inperson,18,1856
HENDERSON,house,117,inperson,19,1776
HENDERSON,house,117,mail,0,69
HENDERSON,house,117,mail,1,191
HENDERSON,house,117,mail,3,102
HENDERSON,house,117,mail,4,80
HENDERSON,house,117,mail,5,111
HENDERSON,house,117,mail,6,95
HENDERSON,house,117,mail,7,171
HENDERSON,house,117,mail,8,132
HENDERSON,house,117,mail,11,157
HENDERSON,house,117,mail,12,151
HENDERSON,house,117,mail,13,153
HENDERSON,house,117,mail,14,69
HENDERSON,house,117,mail,15,172
HENDERSON,house,117,mail,16,1
HENDERSON,house,117,mail,18,123
HENDERSON,house,117,mail,19,37
HENDERSON,house,117,mail,20,97
HENDERSON,house,117,mail,21,50
HENDERSON,house,117,mail,22,68
HENDERSON,house,117,mail,25,94
HENDERSON,house,117,mail,26,51
HENDERSON,house,117,mail,27,12
HENDERSON,house,117,mail,28,70
HENDERSON,house,117,mail,29,51
HENDERSON,house,117,mail,32,27
HENDERSON,house,117,mail,33,52
HENDERSON,house,117,mail,35,17
HENDERSON,house,117,mail,36,38
HENDERSON,house,117,mail,39,26
HENDERSON,house,117,mail,40,46
HENDERSON,house,117,mail,41,18
HENDERSON,house,117,mail,42,43
HENDERSON,house,117,mail,43,21
HENDERSON,house,117,mail,46,4
HENDERSON,house,117,mail,47,48
HENDERSON,house,117,mail,48,4
HENDERSON,house,117,mail,49,31
HENDERSON,house,117,mail,50,3
HENDERSON,house,117,mail,54,6
HENDERSON,house,117,mail,55,4
HENDERSON,house,117,mail,56,1
HENDERSON,senate,48,inperson,3,1936
HENDERSON,senate,48,inperson,4,2865
HENDERSON,senate,48,inperson,5,2241
HENDERSON,senate,48,inperson,6,1975
HENDERSON,senate,48,inperson,7,1990
HENDERSON,senate,48,inperson,8,2031
HENDERSON,senate,48,inperson,11,2180
HENDERSON,senate,48,inperson,12,1957
HENDERSON,senate,48,inperson,13,2173
HENDERSON,senate,48,inperson,14,2353
HENDERSON,senate,48,inperson,15,2530
HENDERSON,senate,48,inperson,18,2374
HENDERSON,senate,48,inperson,19,2247
HENDERSON,senate,48,mail,0,87
HENDERSON,senate,48,mail,1,235
HENDERSON,senate,48,mail,3,127
HENDERSON,senate,48,mail,4,98
HENDERSON,senate,48,mail,5,131
HENDERSON,senate,48,mail,6,125
HENDERSON,senate,48,mail,7,212
HENDERSON,senate,48,mail,8,167
HENDERSON,senate,48,mail,11,198
HENDERSON,senate,48,mail,12,185
HENDERSON,senate,48,mail,13,180
HENDERSON,senate,48,mail,14,80
HENDERSON,senate,48,mail,15,199
HENDERSON,senate,48,mail,16,1
HENDERSON,senate,48,mail,18,146
HENDERSON,senate,48,mail,19,41
HENDERSON,senate,48,mail,20,121
HENDERSON,senate,48,mail,21,63
HENDERSON,senate,48,mail,22,88
HENDERSON,senate,48,mail,25,112
HENDERSON,senate,48,mail,26,59
HENDERSON,senate,48,mail,27,14
HENDERSON,senate,48,mail,28,80
HENDERSON,senate,48,mail,29,59
HENDERSON,senate,48,mail,32,34
HENDERSON,senate,48,mail,33,65
HENDERSON,senate,48,mail,35,17
HENDERSON,senate,48,mail,36,44
HENDERSON,senate,48,mail,39,32
HENDERSON,senate,48,mail,40,58
HENDERSON,senate,48,mail,41,20
HENDERSON,senate,48,mail,42,50
HENDERSON,senate,48,mail,43,28
HENDERSON,senate,48,mail,46,6
HENDERSON,senate,48,mail,47,58
HENDERSON,senate,48,mail,48,5
HENDERSON,senate,48,mail,49,35
HENDERSON,senate,48,mail,50,7
HENDERSON,senate,48,mail,53,2
HENDERSON,senate,48,mail,54,8
HENDERSON,senate,48,mail,55,5
HENDERSON,senate,48,mail,56,2
HERTFORD,house,5,inperson,3,237
HERTFORD,house,5,inperson,4,343
HERTFORD,house,5,inperson,5,289
HERTFORD,house,5,inperson,6,226
HERTFORD,house,5,inperson,7,214
HERTFORD,house,5,inperson,8,231
HERTFORD,house,5,inperson,11,230
HERTFORD,house,5,inperson,12,221
HERTFORD,house,5,inperson,13,198
HERTFORD,house,5,inperson,14,195
HERTFORD,house,5,inperson,15,243
HERTFORD,house,5,inperson,18,167
HERTFORD,house,5,inperson,19,229
HERTFORD,house,5,mail,0,8
HERTFORD,house,5,mail,1,14
HERTFORD,house,5,mail,3,6
HERTFORD,house,5,mail,4,19
HERTFORD,house,5,mail,5,6
HERTFORD,house,5,mail,6,2
HERTFORD,house,5,mail,7,10
HERTFORD,house,5,mail,11,4
HERTFORD,house,5,mail,12,5
HERTFORD,house,5,mail,13,29
HERTFORD,house,5,mail,14,1
HERTFORD,house,5,mail,15,2
HERTFORD,house,5,mail,18,2
HERTFORD,house,5,mail,19,7
HERTFORD,house,5,mail,20,7
HERTFORD,house,5,mail,21,1
HERTFORD,house,5,mail,22,4
HERTFORD,house,5,mail,25,1
HERTFORD,house,5,mail,27,3
HERTFORD,house,5,mail,32,2
HERTFORD,house,5,mail,34,7
HERTFORD,house,5,mail,35,1
HERTFORD,house,5,mail,40,2
HERTFORD,house,5,mail,41,2
HERTFORD,house,5,mail,46,3
HERTFORD,house,5,mail,47,2
HERTFORD,house,5,mail,50,3
HERTFORD,senate,3,inperson,3,237
HERTFORD,senate,3,inperson,4,343
HERTFORD,senate,3,inperson,5,289
HERTFORD,senate,3,inperson,6,226
HERTFORD,senate,3,inperson,7,214
HERTFORD,senate,3,inperson,8,231
HERTFORD,senate,3,inperson,11,230
HERTFORD,senate,3,inperson,12,221
HERTFORD,senate,3,inperson,13,198
HERTFORD,senate,3,inperson,14,195
HERTFORD,senate,3,inperson,15,243
HERTFORD,senate,3,inperson,18,167
HERTFORD,senate,3,inperson,19,229
HERTFORD,senate,3,mail,0,8
HERTFORD,senate,3,mail,1,14
HERTFORD,senate,3,mail,3,6
HERTFORD,senate,3,mail,4,19
HERTFORD,senate,3,mail,5,6
HERTFORD,senate,3,mail,6,2
HERTFORD,senate,3,mail,7,10
HERTFORD,senate,3,mail,11,4
HERTFORD,senate,3,mail,12,5
HERTFORD,senate,3,mail,13,29
HERTFORD,senate,3,mail,14,1
HERTFORD,senate,3,mail,15,2
HERTFORD,senate,3,mail,18,2
HERTFORD,senate,3,mail,19,7
HERTFORD,senate,3,mail,20,7
HERTFORD,senate,3,mail,21,1
HERTFORD,senate,3,mail,22,4
HERTFORD,senate,3,mail,25,1
HERTFORD,senate,3,mail,27,3
HERTFORD,senate,3,mail,32,2
HERTFORD,senate,3,mail,34,7
HERTFORD,senate,3,mail,35,1
HERTFORD,senate,3,mail,40,2
HERTFORD,senate,3,mail,41,2
HERTFORD,senate,3,mail,46,3
HERTFORD,senate,3,mail,47,2
HERTFORD,senate,3,mail,50,3
HOKE,house,48,inperson,3,776
HOKE,house,48,inperson,4,831
HOKE,house,48,inperson,5,515
HOKE,house,48,inperson,6,443
HOKE,house,48,inperson,7,454
HOKE,house,48,inperson,8,507
HOKE,house,48,inperson,10,355
HOKE,house,48,inperson,11,529
HOKE,house,48,inperson,12,455
HOKE,house,48,inperson,13,428
HOKE,house,48,inperson,14,513
HOKE,house,48,inperson,15,524
HOKE,house,48,inperson,17,227
HOKE,house,48,inperson,18,540
HOKE,house,48,inperson,19,688
HOKE,house,48,mail,0,39
HOKE,house,48,mail,1,65
HOKE,house,48,mail,4,38
HOKE,house,48,mail,5,4
HOKE,house,48,mail,6,16
HOKE,house,48,mail,7,9
HOKE,house,48,mail,8,17
HOKE,house,48,mail,10,2
HOKE,house,48,mail,11,6
HOKE,house,48,mail,12,6
HOKE,house,48,mail,13,6
HOKE,house,48,mail,14,4
HOKE,house,48,mail,15,15
HOKE,house,48,mail,18,3
HOKE,house,48,mail,19,8
HOKE,house,48,mail,20,3
HOKE,house,48,mail,21,2
HOKE,house,48,mail,22,17
HOKE,house,48,mail,25,4
HOKE,house,48,mail,26,4
HOKE,house,48,mail,27,4
HOKE,house,48,mail,28,4
HOKE,house,48,mail,29,7
HOKE,house,48,mail,33,2
HOKE,house,48,mail,34,5
HOKE,house,48,mail,35,6
HOKE,house,48,mail,36,4
HOKE,house,48,mail,41,2
HOKE,house,48,mail,43,6
HOKE,house,48,mail,46,19
HOKE,house,48,mail,50,6
HOKE,house,48,mail,54,1
HOKE,house,48,mail,55,2
HOKE,house,48,mail,56,2
HOKE,senate,24,inperson,3,776
HOKE,senate,24,inperson,4,831
HOKE,senate,24,inperson,5,515
HOKE,senate,24,inperson,6,443
HOKE,senate,24,inperson,7,454
HOKE,senate,24,inperson,8,507
HOKE,senate,24,inperson,10,355
HOKE,senate,24,inperson,11,529
HOKE,senate,24,inperson,12,455
HOKE,senate,24,inperson,13,428
HOKE,senate,24,inperson,14,513
HOKE,senate,24,inperson,15,524
HOKE,senate,24,inperson,17,227
HOKE,senate,24,inperson,18,540
HOKE,senate,24,inperson,19,688
HOKE,senate,24,mail,0,39
HOKE,senate,24,mail,1,65
HOKE,senate,24,mail,4,38
HOKE,senate,24,mail,5,4
HOKE,senate,24,mail,6,16
HOKE,senate,24,mail,7,9
HOKE,senate,24,mail,8,17
HOKE,senate,24,mail,10,2
HOKE,senate,24,mail,11,6
HOKE,senate,24,mail,12,6
HOKE,senate,24,mail,13,6
HOKE,senate,24,mail,14,4
HOKE,senate,24,mail,15,15
HOKE,senate,24,mail,18,3
HOKE,senate,24,mail,19,8
HOKE,senate,24,mail,20,3
HOKE,senate,24,mail,21,2
HOKE,senate,24,mail,22,17
HOKE,senate,24,mail,25,4
HOKE,senate,24,mail,26,4
HOKE,senate,24,mail,27,4
HOKE,senate,24,mail,28,4
HOKE,senate,24,mail,29,7
HOKE,senate,24,mail,33,2
HOKE,senate,24,mail,34,5
HOKE,senate,24,mail,35,6
HOKE,senate,24,mail,36,4
HOKE,senate,24,mail,41,2
HOKE,senate,24,mail,43,6
HOKE,senate,24,mail,46,19
HOKE,senate,24,mail,50,6
HOKE,senate,24,mail,54,1
HOKE,senate,24,mail,55,2
HOKE,senate,24,mail,56,2
HYDE,house,79,inperson,3,26
HYDE,house,79,inperson,4,36
HYDE,house,79,inperson,5,28
HYDE,house,79,inperson,6,27
HYDE,house,79,inperson,7,19
HYDE,house,79,inperson,8,18
HYDE,house,79,inperson,11,90
HYDE,house,79,inperson,12,112
HYDE,house,79,inperson,13,20
HYDE,house,79,inperson,14,21
HYDE,house,79,inperson,15,19
HYDE,house,79,inperson,18,19
HYDE,house,79,inperson,19,26
HYDE,house,79,mail,0,8
HYDE,house,79,mail,1,8
HYDE,house,79,mail,4,1
HYDE,house,79,mail,5,2
HYDE,house,79,mail,6,3
HYDE,house,79,mail,7,3
HYDE,house,79,mail,8,10
HYDE,house,79,mail,12,1
HYDE,house,79,mail,13,1
HYDE,house,79,mail,15,6
HYDE,house,79,mail,19,3
HYDE,house,79,mail,26,4
HYDE,house,79,mail,32,2
HYDE,house,79,mail,36,5
HYDE,house,79,mail,48,2
HYDE,senate,1,inperson,3,26
HYDE,senate,1,inperson,4,36
HYDE,senate,1,inperson,5,28
HYDE,senate,1,inperson,6,27
HYDE,senate,1,inperson,7,19
HYDE,senate,1,inperson,8,18
HYDE,senate,1,inperson,11,90
HYDE,senate,1,inperson,12,112
HYDE,senate,1,inperson,13,20
HYDE,senate,1,inperson,14,21
HYDE,senate,1,inperson,15,19
HYDE,senate,1,inperson,18,19
HYDE,senate,1,inperson,19,26
HYDE,senate,1,mail,0,8
HYDE,senate,1,mail,1,8
HYDE,senate,1,mail,4,1
HYDE,senate,1,mail,5,2
HYDE,senate,1,mail,6,3
HYDE,senate,1,mail,7,3
HYDE,senate,1,mail,8,10
HYDE,senate,1,mail,12,1
HYDE,senate,1,mail,13,1
HYDE,senate,1,mail,15,6
HYDE,senate,1,mail,19,3
HYDE,senate,1,mail,26,4
HYDE,senate,1,mail,32,2
HYDE,senate,1,mail,36,5
HYDE,senate,1,mail,48,2
IREDELL,house,84,inperson,3,1153
IREDELL,house,84,inperson,4,1558
IREDELL,house,84,inperson,5,1199
IREDELL,house,84,inperson,6,1050
IREDELL,house,84,inperson,7,1158
IREDELL,house,84,inperson,8,902
IREDELL,house,84,inperson,10,351
IREDELL,house,84,inperson,11,1005
IREDELL,house,84,inperson,12,851
IREDELL,house,84,inperson,13,876
IREDELL,house,84,inperson,14,985
IREDELL,house,84,inperson,15,1164
IREDELL,house,84,inperson,18,1021
IREDELL,house,84,inperson,19,997
IREDELL,house,84,mail,0,12
IREDELL,house,84,mail,1,22
IREDELL,house,84,mail,2,4
IREDELL,house,84,mail,3,34
IREDELL,house,84,mail,4,79
IREDELL,house,84,mail,5,50
IREDELL,house,84,mail,6,61
IREDELL,house,84,mail,7,32
IREDELL,house,84,mail,8,48
IREDELL,house,84,mail,10,47
IREDELL,house,84,mail,11,46
IREDELL,house,84,mail,12,31
IREDELL,house,84,mail,13,41
IREDELL,house,84,mail,14,12
IREDELL,house,84,mail,15,35
IREDELL,house,84,mail,18,20
IREDELL,house,84,mail,19,35
IREDELL,house,84,mail,20,25
IREDELL,house,84,mail,21,8
IREDELL,house,84,mail,22,14
IREDELL,house,84,mail,25,13
IREDELL,house,84,mail,26,30
IREDELL,house,84,mail,28,22
IREDELL,house,84,mail,32,14
IREDELL,house,84,mail,33,10
IREDELL,house,84,mail,34,8
IREDELL,house,84,mail,35,5
IREDELL,house,84,mail,36,17
IREDELL,house,84,mail,39,10
IREDELL,house,84,mail,40,5
IREDELL,house,84,mail,41,10
IREDELL,house,84,mail,42,3
IREDELL,house,84,mail,43,16
IREDELL,house,84,mail,46,6
IREDELL,house,84,mail,47,12
IREDELL,house,84,mail,49,7
IREDELL,house,84,mail,50,11
IREDELL,house,84,mail,53,3
IREDELL,house,84,mail,54,1
IREDELL,house,84,mail,57,1
IREDELL,house,84,mail,60,1
IREDELL,house,89,inperson,3,241
IREDELL,house,89,inperson,4,365
IREDELL,house,89,inperson,5,237
IREDELL,house,89,inperson,6,269
IREDELL,house,89,inperson,7,275
IREDELL,house,89,inperson,8,245
IREDELL,house,89,inperson,10,86
IREDELL,house,89,inperson,11,267
IREDELL,house,89,inperson,12,207
IREDELL,house,89,inperson,13,209
IREDELL,house,89,inperson,14,262
IREDELL,house,89,inperson,15,288
IREDELL,house,89,inperson,18,202
IREDELL,house,89,inperson,19,254
IREDELL,house,89,mail,1,8
IREDELL,house,89,mail,3,18
IREDELL,house,89,mail,4,25
IREDELL,house,89,mail,5,5
IREDELL,house,89,mail,6,9
IREDELL,house,89,mail,7,1
IREDELL,house,89,mail,8,17
IREDELL,house,89,mail,11,6
IREDELL,house,89,mail,12,4
IREDELL,house,89,mail,13,4
IREDELL,house,89,mail,14,2
IREDELL,house,89,mail,15,23
IREDELL,house,89,mail,18,8
IREDELL,house,89,mail,19,8
IREDELL,house,89,mail,20,10
IREDELL,house,89,mail,21,4
IREDELL,house,89,mail,22,5
IREDELL,house,89,mail,25,1
IREDELL,house,89,mail,26,9
IREDELL,house,89,mail,28,8
IREDELL,house,89,mail,32,4
IREDELL,house,89,mail,34,5
IREDELL,house,89,mail,36,6
IREDELL,house,89,mail,39,1
IREDELL,house,89,mail,41,2
IREDELL,house,89,mail,42,2
IREDELL,house,89,mail,43,5
IREDELL,house,89,mail,46,2
IREDELL,house,89,mail,47,2
IREDELL,house,89,mail,50,2
IREDELL,house,89,mail,53,2
IREDELL,house,95,inperson,3,1603
IREDELL,house,95,inperson,4,2071
IREDELL,house,95,inperson,5,1361
IREDELL,house,95,inperson,6,1310
IREDELL,house,95,inperson,7,1270
IREDELL,house,95,inperson,8,1186
IREDELL,house,95,inperson,10,418
IREDELL,house,95,inperson,11,1278
IREDELL,house,95,inperson,12,975
IREDELL,house,95,inperson,13,1020
IREDELL,house,95,inperson,14,1164
IREDELL,house,95,inperson,15,1199
IREDELL,house,95,inperson,18,1262
IREDELL,house,95,inperson,19,1222
IREDELL,house,95,mail,0,18
IREDELL,house,95,mail,1,88
IREDELL,house,95,mail,2,2
IREDELL,house,95,mail,3,142
IREDELL,house,95,mail,4,95
IREDELL,house,95,mail,5,95
IREDELL,house,95,mail,6,101
IREDELL,house,95,mail,7,16
IREDELL,house,95,mail,8,92
IREDELL,house,95,mail,10,38
IREDELL,house,95,mail,11,122
IREDELL,house,95,mail,12,33
IREDELL,house,95,mail,13,115
IREDELL,house,95,mail,14,5
IREDELL,house,95,mail,15,116
IREDELL,house,95,mail,18,46
IREDELL,house,95,mail,19,59
IREDELL,house,95,mail,20,60
IREDELL,house,95,mail,21,9
IREDELL,house,95,mail,22,51
IREDELL,house,95,mail,25,17
IREDELL,house,95,mail,26,64
IREDELL,house,95,mail,28,58
IREDELL,house,95,mail,32,31
IREDELL,house,95,mail,33,18
IREDELL,house,95,mail,34,25
IREDELL,house,95,mail,35,2
IREDELL,house,95,mail,36,30
IREDELL,house,95,mail,39,13
IREDELL,house,95,mail,40,14
IREDELL,house,95,mail,41,10
IREDELL,house,95,mail,42,1
IREDELL,house,95,mail,43,28
IREDELL,house,95,mail,46,8
IREDELL,house,95,mail,47,16
IREDELL,house,95,mail,49,5
IREDELL,house,95,mail,50,6
IREDELL,house,95,mail,55,1
IREDELL,house,95,mail,58,1
IREDELL,senate,37,inperson,3,2997
IREDELL,senate,37,inperson,4,3994
IREDELL,senate,37,inperson,5,2797
IREDELL,senate,37,inperson,6,2629
IREDELL,senate,37,inperson,7,2703
IREDELL,senate,37,inperson,8,2333
IREDELL,senate,37,inperson,10,855
IREDELL,senate,37,inperson,11,2550
IREDELL,senate,37,inperson,12,2033
IREDELL,senate,37,inperson,13,2105
IREDELL,senate,37,inperson,14,2411
IREDELL,senate,37,inperson,15,2651
IREDELL,senate,37,inperson,18,2485
IREDELL,senate,37,inperson,19,2473
IREDELL,senate,37,mail,0,30
IREDELL,senate,37,mail,1,118
IREDELL,senate,37,mail,2,6
IREDELL,senate,37,mail,3,194
IREDELL,senate,37,mail,4,199
IREDELL,senate,37,mail,5,150
IREDELL,senate,37,mail,6,171
IREDELL,senate,37,mail,7,49
IREDELL,senate,37,mail,8,157
IREDELL,senate,37,mail,10,85
IREDELL,senate,37,mail,11,174
IREDELL,senate,37,mail,12,68
IREDELL,senate,37,mail,13,160
IREDELL,senate,37,mail,14,19
IREDELL,senate,37,mail,15,174
IREDELL,senate,37,mail,18,74
IREDELL,senate,37,mail,19,102
IREDELL,senate,37,mail,20,95
IREDELL,senate,37,mail,21,21
IREDELL,senate,37,mail,22,70
IREDELL,senate,37,mail,25,31
IREDELL,senate,37,mail,26,103
IREDELL,senate,37,mail,28,88
IREDELL,senate,37,mail,32,49
IREDELL,senate,37,mail,33,28
IREDELL,senate,37,mail,34,38
IREDELL,senate,37,mail,35,7
IREDELL,senate,37,mail,36,53
IREDELL,senate,37,mail,39,24
IREDELL,senate,37,mail,40,19
IREDELL,senate,37,mail,41,22
IREDELL,senate,37,mail,42,6
IREDELL,senate,37,mail,43,49
IREDELL,senate,37,mail,46,16
IREDELL,senate,37,mail,47,30
IREDELL,senate,37,mail,49,12
IREDELL,senate,37,mail,50,19
IREDELL,senate,37,mail,53,5
IREDELL,senate,37,mail,54,1
IREDELL,senate,37,mail,55,1
IREDELL,senate,37,mail,57,1
IREDELL,senate,37,mail,58,1
IREDELL,senate,37,mail,60,1
JACKSON,house,119,inperson,3,578
JACKSON,house,119,inperson,4,975
JACKSON,house,119,inperson,5,763
JACKSON,house,119,inperson,6,623
JACKSON,house,119,inperson,7,693
JACKSON,house,119,inperson,8,575
JACKSON,house,119,inperson,10,287
JACKSON,house,119,inperson,11,566
JACKSON,house,119,inperson,12,588
JACKSON,house,119,inperson,13,621
JACKSON,house,119,inperson,14,612
JACKSON,house,119,inperson,15,723
JACKSON,house,119,inperson,18,686
JACKSON,house,119,inperson,19,733
JACKSON,house,119,mail,0,43
JACKSON,house,119,mail,1,68
JACKSON,house,119,mail,3,8
JACKSON,house,119,mail,4,18
JACKSON,house,119,mail,5,25
JACKSON,house,119,mail,6,23
JACKSON,house,119,mail,7,14
JACKSON,house,119,mail,8,25
JACKSON,house,119,mail,11,64
JACKSON,house,119,mail,12,24
JACKSON,house,119,mail,14,41
JACKSON,house,119,mail,15,13
JACKSON,house,119,mail,18,23
JACKSON,house,119,mail,19,29
JACKSON,house,119,mail,21,11
JACKSON,house,119,mail,22,23
JACKSON,house,119,mail,26,16
JACKSON,house,119,mail,32,7
JACKSON,house,119,mail,33,22
JACKSON,house,119,mail,34,6
JACKSON,house,119,mail,36,3
JACKSON,house,119,mail,39,9
JACKSON,house,119,mail,40,3
JACKSON,house,119,mail,41,4
JACKSON,house,119,mail,42,14
JACKSON,house,119,mail,43,2
JACKSON,house,119,mail,46,4
JACKSON,house,119,mail,47,2
JACKSON,house,119,mail,48,13
JACKSON,house,119,mail,50,3
JACKSON,house,119,mail,53,4
JACKSON,house,119,mail,54,1
JACKSON,house,119,mail,56,1
JACKSON,senate,50,inperson,3,578
JACKSON,senate,50,inperson,4,975
JACKSON,senate,50,inperson,5,763
JACKSON,senate,50,inperson,6,623
JACKSON,senate,50,inperson,7,693
JACKSON,senate,50,inperson,8,575
JACKSON,senate,50,inperson,10,287
JACKSON,senate,50,inperson,11,566
JACKSON,senate,50,inperson,12,588
JACKSON,senate,50,inperson,13,621
JACKSON,senate,50,inperson,14,612
JACKSON,senate,50,inperson,15,723
JACKSON,senate,50,inperson,18,686
JACKSON,senate,50,inperson,19,733
JACKSON,senate,50,mail,0,43
JACKSON,senate,50,mail,1,68
JACKSON,senate,50,mail,3,8
JACKSON,senate,50,mail,4,18
JACKSON,senate,50,mail,5,25
JACKSON,senate,50,mail,6,23
JACKSON,senate,50,mail,7,14
JACKSON,senate,50,mail,8,25
JACKSON,senate,50,mail,11,64
JACKSON,senate,50,mail,12,24
JACKSON,senate,50,mail,14,41
JACKSON,senate,50,mail,15,13
JACKSON,senate,50,mail,18,23
JACKSON,senate,50,mail,19,29
JACKSON,senate,50,mail,21,11
JACKSON,senate,50,mail,22,23
JACKSON,senate,50,mail,26,16
JACKSON,senate,50,mail,32,7
JACKSON,senate,50,mail,33,22
JACKSON,senate,50,mail,34,6
JACKSON,senate,50,mail,36,3
JACKSON,senate,50,mail,39,9
JACKSON,senate,50,mail,40,3
JACKSON,senate,50,mail,41,4
JACKSON,senate,50,mail,42,14
JACKSON,senate,50,mail,43,2
JACKSON,senate,50,mail,46,4
JACKSON,senate,50,mail,47,2
JACKSON,senate,50,mail,48,13
JACKSON,senate,50,mail,50,3
JACKSON,senate,50,mail,53,4
JACKSON,senate,50,mail,54,1
JACKSON,senate,50,mail,56,1
JOHNSTON,house,26,inperson,3,2092
JOHNSTON,house,26,inperson,4,2339
JOHNSTON,house,26,inperson,5,1695
JOHNSTON,house,26,inperson,6,1320
JOHNSTON,house,26,inperson,7,1255
JOHNSTON,house,26,inperson,8,1170
JOHNSTON,house,26,inperson,10,847
JOHNSTON,house,26,inperson,11,1321
JOHNSTON,house,26,inperson,12,1097
JOHNSTON,house,26,inperson,13,1066
JOHNSTON,house,26,inperson,14,1228
JOHNSTON,house,26,inperson,15,1256
JOHNSTON,house,26,inperson,17,604
JOHNSTON,house,26,inperson,18,1154
JOHNSTON,house,26,inperson,19,1189
JOHNSTON,house,26,mail,0,203
JOHNSTON,house,26,mail,1,210
JOHNSTON,house,26,mail,2,3
JOHNSTON,house,26,mail,3,14
JOHNSTON,house,26,mail,4,84
JOHNSTON,house,26,mail,5,67
JOHNSTON,house,26,mail,6,112
JOHNSTON,house,26,mail,7,7
JOHNSTON,house,26,mail,8,138
JOHNSTON,house,26,mail,10,2
JOHNSTON,house,26,mail,11,51
JOHNSTON,house,26,mail,12,89
JOHNSTON,house,26,mail,13,21
JOHNSTON,house,26,mail,14,67
JOHNSTON,house,26,mail,15,57
JOHNSTON,house,26,mail,17,3
JOHNSTON,house,26,mail,18,47
JOHNSTON,house,26,mail,19,18
JOHNSTON,house,26,mail,20,38
JOHNSTON,house,26,mail,21,7
JOHNSTON,house,26,mail,22,72
JOHNSTON,house,26,mail,25,12
JOHNSTON,house,26,mail,26,56
JOHNSTON,house,26,mail,27,2
JOHNSTON,house,26,mail,28,12
JOHNSTON,house,26,mail,29,11
JOHNSTON,house,26,mail,32,12
JOHNSTON,house,26,mail,33,17
JOHNSTON,house,26,mail,34,13
JOHNSTON,house,26,mail,35,1
JOHNSTON,house,26,mail,36,33
JOHNSTON,house,26,mail,41,21
JOHNSTON,house,26,mail,43,18
JOHNSTON,house,26,mail,46,12
JOHNSTON,house,26,mail,47,19
JOHNSTON,house,26,mail,49,1
JOHNSTON,house,26,mail,50,17
JOHNSTON,house,26,mail,54,4
JOHNSTON,house,26,mail,55,8
JOHNSTON,house,28,inperson,3,1221
JOHNSTON,house,28,inperson,4,1468
JOHNSTON,house,28,inperson,5,906
JOHNSTON,house,28,inperson,6,782
JOHNSTON,house,28,inperson,7,874
JOHNSTON,house,28,inperson,8,755
JOHNSTON,house,28,inperson,10,516
JOHNSTON,house,28,inperson,11,821
JOHNSTON,house,28,inperson,12,682
JOHNSTON,house,28,inperson,13,733
JOHNSTON,house,28,inperson,14,680
JOHNSTON,house,28,inperson,15,724
JOHNSTON,house,28,inperson,17,375
JOHNSTON,house,28,inperson,18,736
JOHNSTON,house,28,inperson,19,803
JOHNSTON,house,28,mail,0,79
JOHNSTON,house,28,mail,1,111
JOHNSTON,house,28,mail,2,2
JOHNSTON,house,28,mail,3,14
JOHNSTON,house,28,mail,4,36
JOHNSTON,house,28,mail,5,49
JOHNSTON,house,28,mail,6,49
JOHNSTON,house,28,mail,7,14
JOHNSTON,house,28,mail,8,61
JOHNSTON,house,28,mail,11,25
JOHNSTON,house,28,mail,12,39
JOHNSTON,house,28,mail,13,20
JOHNSTON,house,28,mail,14,38
JOHNSTON,house,28,mail,15,32
JOHNSTON,house,28,mail,18,13
JOHNSTON,house,28,mail,19,16
JOHNSTON,house,28,mail,20,19
JOHNSTON,house,28,mail,21,6
JOHNSTON,house,28,mail,22,32
JOHNSTON,house,28,mail,25,9
JOHNSTON,house,28,mail,26,29
JOHNSTON,house,28,mail,27,2
JOHNSTON,house,28,mail,28,8
JOHNSTON,house,28,mail,29,12
JOHNSTON,house,28,mail,32,10
JOHNSTON,house,28,mail,33,12
JOHNSTON,house,28,mail,34,8
JOHNSTON,house,28,mail,35,1
JOHNSTON,house,28,mail,36,18
JOHNSTON,house,28,mail,40,1
JOHNSTON,house,28,mail,41,9
JOHNSTON,house,28,mail,42,1
JOHNSTON,house,28,mail,43,4
JOHNSTON,house,28,mail,46,4
JOHNSTON,house,28,mail,47,13
JOHNSTON,house,28,mail,50,10
JOHNSTON,house,28,mail,54,2
JOHNSTON,house,53,inperson,3,815
JOHNSTON,house,53,inperson,4,956
JOHNSTON,house,53,inperson,5,603
JOHNSTON,house,53,inperson,6,543
JOHNSTON,house,53,inperson,7,449
JOHNSTON,house,53,inperson,8,459
JOHNSTON,house,53,inperson,10,357
JOHNSTON,house,53,inperson,11,479
JOHNSTON,house,53,inperson,12,400
JOHNSTON,house,53,inperson,13,389
JOHNSTON,house,53,inperson,14,388
JOHNSTON,house,53,inperson,15,384
JOHNSTON,house,53,inperson,17,214
JOHNSTON,house,53,inperson,18,420
JOHNSTON,house,53,inperson,19,445
JOHNSTON,house,53,mail,0,74
JOHNSTON,house,53,mail,1,126
JOHNSTON,house,53,mail,2,1
JOHNSTON,house,53,mail,3,7
JOHNSTON,house,53,mail,4,44
JOHNSTON,house,53,mail,5,37
JOHNSTON,house,53,mail,6,32
JOHNSTON,house,53,mail,7,8
JOHNSTON,house,53,mail,8,53
JOHNSTON,house,53,mail,11,31
JOHNSTON,house,53,mail,12,40
JOHNSTON,house,53,mail,13,18
JOHNSTON,house,53,mail,14,42
JOHNSTON,house,53,mail,15,19
JOHNSTON,house,53,mail,17,5
JOHNSTON,house,53,mail,18,20
JOHNSTON,house,53,mail,19,14
JOHNSTON,house,53,mail,20,15
JOHNSTON,house,53,mail,21,1
JOHNSTON,house,53,mail,22,23
JOHNSTON,house,53,mail,25,5
JOHNSTON,house,53,mail,26,18
JOHNSTON,house,53,mail,28,11
JOHNSTON,house,53,mail,29,17
JOHNSTON,house,53,mail,32,11
JOHNSTON,house,53,mail,33,13
JOHNSTON,house,53,mail,34,6
JOHNSTON,house,53,mail,36,10
JOHNSTON,house,53,mail,41,7
JOHNSTON,house,53,mail,42,1
JOHNSTON,house,53,mail,43,8
JOHNSTON,house,53,mail,46,7
JOHNSTON,house,53,mail,47,5
JOHNSTON,house,53,mail,50,6
JOHNSTON,senate,10,inperson,3,4128
JOHNSTON,senate,10,inperson,4,4763
JOHNSTON,senate,10,inperson,5,3204
JOHNSTON,senate,10,inperson,6,2645
JOHNSTON,senate,10,inperson,7,2578
JOHNSTON,senate,10,inperson,8,2384
JOHNSTON,senate,10,inperson,10,1720
JOHNSTON,senate,10,inperson,11,2621
JOHNSTON,senate,10,inperson,12,2179
JOHNSTON,senate,10,inperson,13,2188
JOHNSTON,senate,10,inperson,14,2296
JOHNSTON,senate,10,inperson,15,2364
JOHNSTON,senate,10,inperson,17,1193
JOHNSTON,senate,10,inperson,18,2310
JOHNSTON,senate,10,inperson,19,2437
JOHNSTON,senate,10,mail,0,356
JOHNSTON,senate,10,mail,1,447
JOHNSTON,senate,10,mail,2,6
JOHNSTON,senate,10,mail,3,35
JOHNSTON,senate,10,mail,4,164
JOHNSTON,senate,10,mail,5,153
JOHNSTON,senate,10,mail,6,193
JOHNSTON,senate,10,mail,7,29
JOHNSTON,senate,10,mail,8,252
JOHNSTON,senate,10,mail,10,2
JOHNSTON,senate,10,mail,11,107
JOHNSTON,senate,10,mail,12,168
JOHNSTON,senate,10,mail,13,59
JOHNSTON,senate,10,mail,14,147
JOHNSTON,senate,10,mail,15,108
JOHNSTON,senate,10,mail,17,8
JOHNSTON,senate,10,mail,18,80
JOHNSTON,senate,10,mail,19,48
JOHNSTON,senate,10,mail,20,72
JOHNSTON,senate,10,mail,21,14
JOHNSTON,senate,10,mail,22,127
JOHNSTON,senate,10,mail,25,26
JOHNSTON,senate,10,mail,26,103
JOHNSTON,senate,10,mail,27,4
JOHNSTON,senate,10,mail,28,31
JOHNSTON,senate,10,mail,29,40
JOHNSTON,senate,10,mail,32,33
JOHNSTON,senate,10,mail,33,42
JOHNSTON,senate,10,mail,34,27
JOHNSTON,senate,10,mail,35,2
JOHNSTON,senate,10,mail,36,61
JOHNSTON,senate,10,mail,40,1
JOHNSTON,senate,10,mail,41,37
JOHNSTON,senate,10,mail,42,2
JOHNSTON,senate,10,mail,43,30
JOHNSTON,senate,10,mail,46,23
JOHNSTON,senate,10,mail,47,37
JOHNSTON,senate,10,mail,49,1
JOHNSTON,senate,10,mail,50,33
JOHNSTON,senate,10,mail,54,6
JOHNSTON,senate,10,mail,55,8
JONES,house,12,inperson,3,134
JONES,house,12,inperson,4,175
JONES,house,12,inperson,5,137
JONES,house,12,inperson,6,129
JONES,house,12,inperson,7,103
JONES,house,12,inperson,8,117
JONES,house,12,inperson,10,43
JONES,house,12,inperson,11,93
JONES,house,12,inperson,12,91
JONES,house,12,inperson,13,92
JONES,house,12,inperson,14,86
JONES,house,12,inperson,15,116
JONES,house,12,inperson,17,59
JONES,house,12,inperson,18,87
JONES,house,12,inperson,19,116
JONES,house,12,mail,0,11
JONES,house,12,mail,1,1
JONES,house,12,mail,3,4
JONES,house,12,mail,4,4
JONES,house,12,mail,5,8
JONES,house,12,mail,7,7
JONES,house,12,mail,8,2
JONES,house,12,mail,11,4
JONES,house,12,mail,12,3
JONES,house,12,mail,13,2
JONES,house,12,mail,14,2
JONES,house,12,mail,15,2
JONES,house,12,mail,18,3
JONES,house,12,mail,19,3
JONES,house,12,mail,21,1
JONES,house,12,mail,22,5
JONES,house,12,mail,25,1
JONES,house,12,mail,27,1
JONES,house,12,mail,34,1
JONES,house,12,mail,36,4
JONES,house,12,mail,43,2
JONES,house,12,mail,46,1
JONES,senate,9,inperson,3,134
JONES,senate,9,inperson,4,175
JONES,senate,9,inperson,5,137
JONES,senate,9,inperson,6,129
JONES,senate,9,inperson,7,103
JONES,senate,9,inperson,8,117
JONES,senate,9,inperson,10,43
JONES,senate,9,inperson,11,93
JONES,senate,9,inperson,12,91
JONES,senate,9,inperson,13,92
JONES,senate,9,inperson,14,86
JONES,senate,9,inperson,15,116
JONES,senate,9,inperson,17,59
JONES,senate,9,inperson,18,87
JONES,senate,9,inperson,19,116
JONES,senate,9,mail,0,11
JONES,senate,9,mail,1,1
JONES,senate,9,mail,3,4
JONES,senate,9,mail,4,4
JONES,senate,9,mail,5,8
JONES,senate,9,mail,7,7
JONES,senate,9,mail,8,2
JONES,senate,9,mail,11,4
JONES,senate,9,mail,12,3
JONES,senate,9,mail,13,2
JONES,senate,9,mail,14,2
JONES,senate,9,mail,15,2
JONES,senate,9,mail,18,3
JONES,senate,9,mail,19,3
JONES,senate,9,mail,21,1
JONES,senate,9,mail,22,5
JONES,senate,9,mail,25,1
JONES,senate,9,mail,27,1
JONES,senate,9,mail,34,1
JONES,senate,9,mail,36,4
JONES,senate,9,mail,43,2
JONES,senate,9,mail,46,1
LEE,house,51,inperson,3,1139
LEE,house,51,inperson,4,1094
LEE,house,51,inperson,5,844
LEE,house,51,inperson,6,679
LEE,house,51,inperson,7,702
LEE,house,51,inperson,8,682
LEE,house,51,inperson,10,442
LEE,house,51,inperson,11,826
LEE,house,51,inperson,12,683
LEE,house,51,inperson,13,711
LEE,house,51,inperson,14,709
LEE,house,51,inperson,15,870
LEE,house,51,inperson,16,372
LEE,house,51,inperson,18,882
LEE,house,51,inperson,19,926
LEE,house,51,mail,0,78
LEE,house,51,mail,1,45
LEE,house,51,mail,3,34
LEE,house,51,mail,4,80
LEE,house,51,mail,5,25
LEE,house,51,mail,6,22
LEE,house,51,mail,7,10
LEE,house,51,mail,8,59
LEE,house,51,mail,11,30
LEE,house,51,mail,12,34
LEE,house,51,mail,13,26
LEE,house,51,mail,14,41
LEE,house,51,mail,15,36
LEE,house,51,mail,18,21
LEE,house,51,mail,19,12
LEE,house,51,mail,20,25
LEE,house,51,mail,21,11
LEE,house,51,mail,22,30
LEE,house,51,mail,25,13
LEE,house,51,mail,26,16
LEE,house,51,mail,27,5
LEE,house,51,mail,28,19
LEE,house,51,mail,29,14
LEE,house,51,mail,32,5
LEE,house,51,mail,33,5
LEE,house,51,mail,34,13
LEE,house,51,mail,35,9
LEE,house,51,mail,36,3
LEE,house,51,mail,39,2
LEE,house,51,mail,40,4
LEE,house,51,mail,41,10
LEE,house,51,mail,43,11
LEE,house,51,mail,46,3
LEE,house,51,mail,47,3
LEE,house,51,mail,48,6
LEE,house,51,mail,49,2
LEE,house,51,mail,50,9
LEE,house,51,mail,53,6
LEE,house,51,mail,54,2
LEE,house,51,mail,55,1
LEE,house,51,mail,56,1
LEE,senate,12,inperson,3,1139
LEE,senate,12,inperson,4,1094
LEE,senate,12,inperson,5,844
LEE,senate,12,inperson,6,679
LEE,senate,12,inperson,7,702
LEE,senate,12,inperson,8,682
LEE,senate,12,inperson,10,442
LEE,senate,12,inperson,11,826
LEE,senate,12,inperson,12,683
LEE,senate,12,inperson,13,711
LEE,senate,12,inperson,14,709
LEE,senate,12,inperson,15,870
LEE,senate,12,inperson,16,372
LEE,senate,12,inperson,18,882
LEE,senate,12,inperson,19,926
LEE,senate,12,mail,0,78
LEE,senate,12,mail,1,45
LEE,senate,12,mail,3,34
LEE,senate,12,mail,4,80
LEE,senate,12,mail,5,25
LEE,senate,12,mail,6,22
LEE,senate,12,mail,7,10
LEE,senate,12,mail,8,59
LEE,senate,12,mail,11,30
LEE,senate,12,mail,12,34
LEE,senate,12,mail,13,26
LEE,senate,12,mail,14,41
LEE,senate,12,mail,15,36
LEE,senate,12,mail,18,21
LEE,senate,12,mail,19,12
LEE,senate,12,mail,20,25
LEE,senate,12,mail,21,11
LEE,senate,12,mail,22,30
LEE,senate,12,mail,25,13
LEE,senate,12,mail,26,16
LEE,senate,12,mail,27,5
LEE,senate,12,mail,28,19
LEE,senate,12,mail,29,14
LEE,senate,12,mail,32,5
LEE,senate,12,mail,33,5
LEE,senate,12,mail,34,13
LEE,senate,12,mail,35,9
LEE,senate,12,mail,36,3
LEE,senate,12,mail,39,2
LEE,senate,12,mail,40,4
LEE,senate,12,mail,41,10
LEE,senate,12,mail,43,11
LEE,senate,12,mail,46,3
LEE,senate,12,mail,47,3
LEE,senate,12,mail,48,6
LEE,senate,12,mail,49,2
LEE,senate,12,mail,50,9
LEE,senate,12,mail,53,6
LEE,senate,12,mail,54,2
LEE,senate,12,mail,55,1
LEE,senate,12,mail,56,1
LENOIR,house,12,inperson,3,908
LENOIR,house,12,inperson,4,1113
LENOIR,house,12,inperson,5,840
LENOIR,house,12,inperson,6,810
LENOIR,house,12,inperson,7,655
LENOIR,house,12,inperson,8,765
LENOIR,house,12,inperson,9,248
LENOIR,house,12,inperson,11,729
LENOIR,house,12,inperson,12,708
LENOIR,house,12,inperson,13,745
LENOIR,house,12,inperson,14,702
LENOIR,house,12,inperson,15,934
LENOIR,house,12,inperson,17,409
LENOIR,house,12,inperson,18,802
LENOIR,house,12,inperson,19,1011
LENOIR,house,12,mail,0,28
LENOIR,house,12,mail,1,32
LENOIR,house,12,mail,3,40
LENOIR,house,12,mail,4,41
LENOIR,house,12,mail,5,14
LENOIR,house,12,mail,6,27
LENOIR,house,12,mail,7,39
LENOIR,house,12,mail,8,21
LENOIR,house,12,mail,11,31
LENOIR,house,12,mail,12,14
LENOIR,house,12,mail,13,15
LENOIR,house,12,mail,14,24
LENOIR,house,12,mail,15,11
LENOIR,house,12,mail,18,20
LENOIR,house,12,mail,19,10
LENOIR,house,12,mail,20,13
LENOIR,house,12,mail,21,3
LENOIR,house,12,mail,22,15
LENOIR,house,12,mail,25,22
LENOIR,house,12,mail,30,1
LENOIR,house,12,mail,32,4
LENOIR,house,12,mail,33,12
LENOIR,house,12,mail,34,19
LENOIR,house,12,mail,40,4
LENOIR,house,12,mail,41,5
LENOIR,house,12,mail,43,3
LENOIR,house,12,mail,46,3
LENOIR,house,12,mail,47,5
LENOIR,house,12,mail,48,4
LENOIR,house,12,mail,49,2
LENOIR,house,12,mail,50,6
LENOIR,house,12,mail,53,3
LENOIR,house,12,mail,54,2
LENOIR,house,12,mail,55,2
LENOIR,senate,2,inperson,3,908
LENOIR,senate,2,inperson,4,1113
LENOIR,senate,2,inperson,5,840
LENOIR,senate,2,inperson,6,810
LENOIR,senate,2,inperson,7,655
LENOIR,senate,2,inperson,8,765
LENOIR,senate,2,inperson,9,248
LENOIR,senate,2,inperson,11,729
LENOIR,senate,2,inperson,12,708
LENOIR,senate,2,inperson,13,745
LENOIR,senate,2,inperson,14,702
LENOIR,senate,2,inperson,15,934
LENOIR,senate,2,inperson,17,409
LENOIR,senate,2,inperson,18,802
LENOIR,senate,2,inperson,19,1011
LENOIR,senate,2,mail,0,28
LENOIR,senate,2,mail,1,32
LENOIR,senate,2,mail,3,40
LENOIR,senate,2,mail,4,41
LENOIR,senate,2,mail,5,14
LENOIR,senate,2,mail,6,27
LENOIR,senate,2,mail,7,39
LENOIR,senate,2,mail,8,21
LENOIR,senate,2,mail,11,31
LENOIR,senate,2,mail,12,14
LENOIR,senate,2,mail,13,15
LENOIR,senate,2,mail,14,24
LENOIR,senate,2,mail,15,11
LENOIR,senate,2,mail,18,20
LENOIR,senate,2,mail,19,10
LENOIR,senate,2,mail,20,13
LENOIR,senate,2,mail,21,3
LENOIR,senate,2,mail,22,15
LENOIR,senate,2,mail,25,22
LENOIR,senate,2,mail,30,1
LENOIR,senate,2,mail,32,4
LENOIR,senate,2,mail,33,12
LENOIR,senate,2,mail,34,19
LENOIR,senate,2,mail,40,4
LENOIR,senate,2,mail,41,5
LENOIR,senate,2,mail,43,3
LENOIR,senate,2,mail,46,3
LENOIR,senate,2,mail,47,5
LENOIR,senate,2,mail,48,4
LENOIR,senate,2,mail,49,2
LENOIR,senate,2,mail,50,6
LENOIR,senate,2,mail,53,3
LENOIR,senate,2,mail,54,2
LENOIR,senate,2,mail,55,2
LINCOLN,house,97,inperson,3,1600
LINCOLN,house,97,inperson,4,2085
LINCOLN,house,97,inperson,5,1549
LINCOLN,house,97,inperson,6,1392
LINCOLN,house,97,inperson,7,1508
LINCOLN,house,97,inperson,8,1244
LINCOLN,house,97,inperson,9,377
LINCOLN,house,97,inperson,10,730
LINCOLN,house,97,inperson,11,1346
LINCOLN,house,97,inperson,12,1002
LINCOLN,house,97,inperson,13,1168
LINCOLN,house,97,inperson,14,1257
LINCOLN,house,97,inperson,15,1423
LINCOLN,house,97,inperson,16,385
LINCOLN,house,97,inperson,18,1193
LINCOLN,house,97,inperson,19,1489
LINCOLN,house,97,mail,1,213
LINCOLN,house,97,mail,4,16
LINCOLN,house,97,mail,5,18
LINCOLN,house,97,mail,6,80
LINCOLN,house,97,mail,7,1
LINCOLN,house,97,mail,8,125
LINCOLN,house,97,mail,11,41
LINCOLN,house,97,mail,12,7
LINCOLN,house,97,mail,13,62
LINCOLN,house,97,mail,15,49
LINCOLN,house,97,mail,18,37
LINCOLN,house,97,mail,19,57
LINCOLN,house,97,mail,20,25
LINCOLN,house,97,mail,22,28
LINCOLN,house,97,mail,26,21
LINCOLN,house,97,mail,27,1
LINCOLN,house,97,mail,28,26
LINCOLN,house,97,mail,32,35
LINCOLN,house,97,mail,36,12
LINCOLN,house,97,mail,39,18
LINCOLN,house,97,mail,41,9
LINCOLN,house,97,mail,42,20
LINCOLN,house,97,mail,47,8
LINCOLN,house,97,mail,50,25
LINCOLN,senate,44,inperson,3,1600
LINCOLN,senate,44,inperson,4,2085
LINCOLN,senate,44,inperson,5,1549
LINCOLN,senate,44,inperson,6,1392
LINCOLN,senate,44,inperson,7,1508
LINCOLN,senate,44,inperson,8,1244
LINCOLN,senate,44,inperson,9,377
LINCOLN,senate,44,inperson,10,730
LINCOLN,senate,44,inperson,11,1346
LINCOLN,senate,44,inperson,12,1002
LINCOLN,senate,44,inperson,13,1168
LINCOLN,senate,44,inperson,14,1257
LINCOLN,senate,44,inperson,15,1423
LINCOLN,senate,44,inperson,16,385
LINCOLN,senate,44,inperson,18,1193
LINCOLN,senate,44,inperson,19,1489
LINCOLN,senate,44,mail,1,213
LINCOLN,senate,44,mail,4,16
LINCOLN,senate,44,mail,5,18
LINCOLN,senate,44,mail,6,80
LINCOLN,senate,44,mail,7,1
LINCOLN,senate,44,mail,8,125
LINCOLN,senate,44,mail,11,41
LINCOLN,senate,44,mail,12,7
LINCOLN,senate,44,mail,13,62
LINCOLN,senate,44,mail,15,49
LINCOLN,senate,44,mail,18,37
LINCOLN,senate,44,mail,19,57
LINCOLN,senate,44,mail,20,25
LINCOLN,senate,44,mail,22,28
LINCOLN,senate,44,mail,26,21
LINCOLN,senate,44,mail,27,1
LINCOLN,senate,44,mail,28,26
LINCOLN,senate,44,mail,32,35
LINCOLN,senate,44,mail,36,12
LINCOLN,senate,44,mail,39,18
LINCOLN,senate,44,mail,41,9
LINCOLN,senate,44,mail,42,20
LINCOLN,senate,44,mail,47,8
LINCOLN,senate,44,mail,50,25
MACON,house,120,inperson,3,556
MACON,house,120,inperson,4,880
MACON,house,120,inperson,5,710
MACON,house,120,inperson,6,623
MACON,house,120,inperson,7,699
MACON,house,120,inperson,8,594
MACON,house,120,inperson,10,317
MACON,house,120,inperson,11,680
MACON,house,120,inperson,12,617
MACON,house,120,inperson,13,596
MACON,house,120,inperson,14,652
MACON,house,120,inperson,15,606
MACON,house,120,inperson,17,206
MACON,house,120,inperson,18,547
MACON,house,120,inperson,19,634
MACON,house,120,mail,0,52
MACON,house,120,mail,1,114
MACON,house,120,mail,4,40
MACON,house,120,mail,5,32
MACON,house,120,mail,6,36
MACON,house,120,mail,7,29
MACON,house,120,mail,8,51
MACON,house,120,mail,11,36
MACON,house,120,mail,12,37
MACON,house,120,mail,13,24
MACON,house,120,mail,14,24
MACON,house,120,mail,15,29
MACON,house,120,mail,18,18
MACON,house,120,mail,19,22
MACON,house,120,mail,20,15
MACON,house,120,mail,21,18
MACON,house,120,mail,22,22
MACON,house,120,mail,25,13
MACON,house,120,mail,26,10
MACON,house,120,mail,27,5
MACON,house,120,mail,28,26
MACON,house,120,mail,29,2
MACON,house,120,mail,32,1
MACON,house,120,mail,33,18
MACON,house,120,mail,34,17
MACON,house,120,mail,35,5
MACON,house,120,mail,36,9
MACON,house,120,mail,39,5
MACON,house,120,mail,40,4
MACON,house,120,mail,41,9
MACON,house,120,mail,42,3
MACON,house,120,mail,43,5
MACON,house,120,mail,46,6
MACON,house,120,mail,47,5
MACON,house,120,mail,48,23
MACON,house,120,mail,49,5
MACON,house,120,mail,50,18
MACON,house,120,mail,55,3
MACON,senate,50,inperson,3,556
MACON,senate,50,inperson,4,880
MACON,senate,50,inperson,5,710
MACON,senate,50,inperson,6,623
MACON,senate,50,inperson,7,699
MACON,senate,50,inperson,8,594
MACON,senate,50,inperson,10,317
MACON,senate,50,inperson,11,680
MACON,senate,50,inperson,12,617
MACON,senate,50,inperson,13,596
MACON,senate,50,inperson,14,652
MACON,senate,50,inperson,15,606
MACON,senate,50,inperson,17,206
MACON,senate,50,inperson,18,547
MACON,senate,50,inperson,19,634
MACON,senate,50,mail,0,52
MACON,senate,50,mail,1,114
MACON,senate,50,mail,4,40
MACON,senate,50,mail,5,32
MACON,senate,50,mail,6,36
MACON,senate,50,mail,7,29
MACON,senate,50,mail,8,51
MACON,senate,50,mail,11,36
MACON,senate,50,mail,12,37
MACON,senate,50,mail,13,24
MACON,senate,50,mail,14,24
MACON,senate,50,mail,15,29
MACON,senate,50,mail,18,18
MACON,senate,50,mail,19,22
MACON,senate,50,mail,20,15
MACON,senate,50,mail,21,18
MACON,senate,50,mail,22,22
MACON,senate,50,mail,25,13
MACON,senate,50,mail,26,10
MACON,senate,50,mail,27,5
MACON,senate,50,mail,28,26
MACON,senate,50,mail,29,2
MACON,senate,50,mail,32,1
MACON,senate,50,mail,33,18
MACON,senate,50,mail,34,17
MACON,senate,50,mail,35,5
MACON,senate,50,mail,36,9
MACON,senate,50,mail,39,5
MACON,senate,50,mail,40,4
MACON,senate,50,mail,41,9
MACON,senate,50,mail,42,3
MACON,senate,50,mail,43,5
MACON,senate,50,mail,46,6
MACON,senate,50,mail,47,5
MACON,senate,50,mail,48,23
MACON,senate,50,mail,49,5
MACON,senate,50,mail,50,18
MACON,senate,50,mail,55,3
MADISON,house,118,inperson,3,424
MADISON,house,118,inperson,4,663
MADISON,house,118,inperson,5,442
MADISON,house,118,inperson,6,405
MADISON,house,118,inperson,7,376
MADISON,house,118,inperson,8,420
MADISON,house,118,inperson,11,432
MADISON,house,118,inperson,12,345
MADISON,house,118,inperson,13,381
MADISON,house,118,inperson,14,396
MADISON,house,118,inperson,15,399
MADISON,house,118,inperson,18,445
MADISON,house,118,inperson,19,417
MADISON,house,118,mail,0,24
MADISON,house,118,mail,1,18
MADISON,house,118,mail,3,85
MADISON,house,118,mail,4,1
MADISON,house,118,mail,8,19
MADISON,house,118,mail,9,1
MADISON,house,118,mail,10,1
MADISON,house,118,mail,11,57
MADISON,house,118,mail,14,34
MADISON,house,118,mail,15,2
MADISON,house,118,mail,21,10
MADISON,house,118,mail,28,12
MADISON,house,118,mail,40,15
MADISON,house,118,mail,53,1
MADISON,senate,47,inperson,3,424
MADISON,senate,47,inperson,4,663
MADISON,senate,47,inperson,5,442
MADISON,senate,47,inperson,6,405
MADISON,senate,47,inperson,7,376
MADISON,senate,47,inperson,8,420
MADISON,senate,47,inperson,11,432
MADISON,senate,47,inperson,12,345
MADISON,senate,47,inperson,13,381
MADISON,senate,47,inperson,14,396
MADISON,senate,47,inperson,15,399
MADISON,senate,47,inperson,18,445
MADISON,senate,47,inperson,19,417
MADISON,senate,47,mail,0,24
MADISON,senate,47,mail,1,18
MADISON,senate,47,mail,3,85
MADISON,senate,47,mail,4,1
MADISON,senate,47,mail,8,19
MADISON,senate,47,mail,9,1
MADISON,senate,47,mail,10,1
MADISON,senate,47,mail,11,57
MADISON,senate,47,mail,14,34
MADISON,senate,47,mail,15,2
MADISON,senate,47,mail,21,10
MADISON,senate,47,mail,28,12
MADISON,senate,47,mail,40,15
MADISON,senate,47,mail,53,1
MARTIN,house,23,inperson,3,230
MARTIN,house,23,inperson,4,374
MARTIN,house,23,inperson,5,285
MARTIN,house,23,inperson,6,275
MARTIN,house,23,inperson,7,250
MARTIN,house,23,inperson,8,253
MARTIN,house,23,inperson,10,134
MARTIN,house,23,inperson,11,280
MARTIN,house,23,inperson,12,272
MARTIN,house,23,inperson,13,286
MARTIN,house,23,inperson,14,277
MARTIN,house,23,inperson,15,319
MARTIN,house,23,inperson,17,110
MARTIN,house,23,inperson,18,322
MARTIN,house,23,inperson,19,368
MARTIN,house,23,mail,0,16
MARTIN,house,23,mail,1,18
MARTIN,house,23,mail,3,12
MARTIN,house,23,mail,4,19
MARTIN,house,23,mail,5,12
MARTIN,house,23,mail,6,4
MARTIN,house,23,mail,7,3
MARTIN,house,23,mail,8,7
MARTIN,house,23,mail,10,3
MARTIN,house,23,mail,11,3
MARTIN,house,23,mail,12,9
MARTIN,house,23,mail,13,1
MARTIN,house,23,mail,14,9
MARTIN,house,23,mail,15,12
MARTIN,house,23,mail,18,4
MARTIN,house,23,mail,19,5
MARTIN,house,23,mail,20,6
MARTIN,house,23,mail,22,8
MARTIN,house,23,mail,25,2
MARTIN,house,23,mail,26,5
MARTIN,house,23,mail,28,2
MARTIN,house,23,mail,29,4
MARTIN,house,23,mail,33,1
MARTIN,house,23,mail,34,9
MARTIN,house,23,mail,36,2
MARTIN,house,23,mail,39,1
MARTIN,house,23,mail,42,3
MARTIN,house,23,mail,43,1
MARTIN,house,23,mail,49,1
MARTIN,house,23,mail,50,4
MARTIN,house,23,mail,53,1
MARTIN,house,23,mail,54,2
MARTIN,senate,3,inperson,3,230
MARTIN,senate,3,inperson,4,374
MARTIN,senate,3,inperson,5,285
MARTIN,senate,3,inperson,6,275
MARTIN,senate,3,inperson,7,250
MARTIN,senate,3,inperson,8,253
MARTIN,senate,3,inperson,10,134
MARTIN,senate,3,inperson,11,280
MARTIN,senate,3,inperson,12,272
MARTIN,senate,3,inperson,13,286
MARTIN,senate,3,inperson,14,277
MARTIN,senate,3,inperson,15,319
MARTIN,senate,3,inperson,17,110
MARTIN,senate,3,inperson,18,322
MARTIN,senate,3,inperson,19,368
MARTIN,senate,3,mail,0,16
MARTIN,senate,3,mail,1,18
MARTIN,senate,3,mail,3,12
MARTIN,senate,3,mail,4,19
MARTIN,senate,3,mail,5,12
MARTIN,senate,3,mail,6,4
MARTIN,senate,3,mail,7,3
MARTIN,senate,3,mail,8,7
MARTIN,senate,3,mail,10,3
MARTIN,senate,3,mail,11,3
MARTIN,senate,3,mail,12,9
MARTIN,senate,3,mail,13,1
MARTIN,senate,3,mail,14,9
MARTIN,senate,3,mail,15,12
MARTIN,senate,3,mail,18,4
MARTIN,senate,3,mail,19,5
MARTIN,senate,3,mail,20,6
MARTIN,senate,3,mail,22,8
MARTIN,senate,3,mail,25,2
MARTIN,senate,3,mail,26,5
MARTIN,senate,3,mail,28,2
MARTIN,senate,3,mail,29,4
MARTIN,senate,3,mail,33,1
MARTIN,senate,3,mail,34,9
MARTIN,senate,3,mail,36,2
MARTIN,senate,3,mail,39,1
MARTIN,senate,3,mail,42,3
MARTIN,senate,3,mail,43,1
MARTIN,senate,3,mail,49,1
MARTIN,senate,3,mail,50,4
MARTIN,senate,3,mail,53,1
MARTIN,senate,3,mail,54,2
MCDOWELL,house,113,inperson,3,67
MCDOWELL,house,113,inperson,4,117
MCDOWELL,house,113,inperson,5,75
MCDOWELL,house,113,inperson,6,61
MCDOWELL,house,113,inperson,7,71
MCDOWELL,house,113,inperson,8,70
MCDOWELL,house,113,inperson,11,109
MCDOWELL,house,113,inperson,12,77
MCDOWELL,house,113,inperson,13,77
MCDOWELL,house,113,inperson,14,60
MCDOWELL,house,113,inperson,15,80
MCDOWELL,house,113,inperson,18,82
MCDOWELL,house,113,inperson,19,76
MCDOWELL,house,113,mail,0,13
MCDOWELL,house,113,mail,1,9
MCDOWELL,house,113,mail,3,1
MCDOWELL,house,113,mail,4,1
MCDOWELL,house,113,mail,5,6
MCDOWELL,house,113,mail,6,2
MCDOWELL,house,113,mail,7,4
MCDOWELL,house,113,mail,8,2
MCDOWELL,house,113,mail,11,2
MCDOWELL,house,113,mail,12,3
MCDOWELL,house,113,mail,13,3
MCDOWELL,house,113,mail,14,3
MCDOWELL,house,113,mail,15,1
MCDOWELL,house,113,mail,18,1
MCDOWELL,house,113,mail,20,1
MCDOWELL,house,113,mail,21,4
MCDOWELL,house,113,mail,22,4
MCDOWELL,house,113,mail,25,2
MCDOWELL,house,113,mail,27,2
MCDOWELL,house,113,mail,29,1
MCDOWELL,house,113,mail,32,2
MCDOWELL,house,113,mail,34,2
MCDOWELL,house,113,mail,36,4
MCDOWELL,house,113,mail,41,5
MCDOWELL,house,85,inperson,3,544
MCDOWELL,house,85,inperson,4,814
MCDOWELL,house,85,inperson,5,627
MCDOWELL,house,85,inperson,6,522
MCDOWELL,house,85,inperson,7,564
MCDOWELL,house,85,inperson,8,516
MCDOWELL,house,85,inperson,11,595
MCDOWELL,house,85,inperson,12,500
MCDOWELL,house,85,inperson,13,448
MCDOWELL,house,85,inperson,14,537
MCDOWELL,house,85,inperson,15,590
MCDOWELL,house,85,inperson,18,534
MCDOWELL,house,85,inperson,19,561
MCDOWELL,house,85,mail,0,26
MCDOWELL,house,85,mail,1,24
MCDOWELL,house,85,mail,3,32
MCDOWELL,house,85,mail,4,6
MCDOWELL,house,85,mail,5,40
MCDOWELL,house,85,mail,6,3
MCDOWELL,house,85,mail,7,23
MCDOWELL,house,85,mail,8,26
MCDOWELL,house,85,mail,11,18
MCDOWELL,house,85,mail,12,22
MCDOWELL,house,85,mail,13,20
MCDOWELL,house,85,mail,14,9
MCDOWELL,house,85,mail,15,21
MCDOWELL,house,85,mail,18,7
MCDOWELL,house,85,mail,19,6
MCDOWELL,house,85,mail,20,16
MCDOWELL,house,85,mail,21,11
MCDOWELL,house,85,mail,22,17
MCDOWELL,house,85,mail,25,7
MCDOWELL,house,85,mail,26,11
MCDOWELL,house,85,mail,28,6
MCDOWELL,house,85,mail,29,10
MCDOWELL,house,85,mail,32,7
MCDOWELL,house,85,mail,33,3
MCDOWELL,house,85,mail,34,6
MCDOWELL,house,85,mail,35,1
MCDOWELL,house,85,mail,36,20
MCDOWELL,house,85,mail,39,2
MCDOWELL,house,85,mail,40,3
MCDOWELL,house,85,mail,41,16
MCDOWELL,house,85,mail,43,1
MCDOWELL,house,85,mail,47,4
MCDOWELL,house,85,mail,50,2
MCDOWELL,house,85,mail,53,6
MCDOWELL,senate,46,inperson,3,611
MCDOWELL,senate,46,inperson,4,931
MCDOWELL,senate,46,inperson,5,702
MCDOWELL,senate,46,inperson,6,583
MCDOWELL,senate,46,inperson,7,635
MCDOWELL,senate,46,inperson,8,586
MCDOWELL,senate,46,inperson,11,704
MCDOWELL,senate,46,inperson,12,577
MCDOWELL,senate,46,inperson,13,525
MCDOWELL,senate,46,inperson,14,597
MCDOWELL,senate,46,inperson,15,670
MCDOWELL,senate,46,inperson,18,616
MCDOWELL,senate,46,inperson,19,637
MCDOWELL,senate,46,mail,0,39
MCDOWELL,senate,46,mail,1,33
MCDOWELL,senate,46,mail,3,33
MCDOWELL,senate,46,mail,4,7
MCDOWELL,senate,46,mail,5,46
MCDOWELL,senate,46,mail,6,5
MCDOWELL,senate,46,mail,7,27
MCDOWELL,senate,46,mail,8,28
MCDOWELL,senate,46,mail,11,20
MCDOWELL,senate,46,mail,12,25
MCDOWELL,senate,46,mail,13,23
MCDOWELL,senate,46,mail,14,12
MCDOWELL,senate,46,mail,15,22
MCDOWELL,senate,46,mail,18,8
MCDOWELL,senate,46,mail,19,6
MCDOWELL,senate,46,mail,20,17
MCDOWELL,senate,46,mail,21,15
MCDOWELL,senate,46,mail,22,21
MCDOWELL,senate,46,mail,25,9
MCDOWELL,senate,46,mail,26,11
MCDOWELL,senate,46,mail,27,2
MCDOWELL,senate,46,mail,28,6
MCDOWELL,senate,46,mail,29,11
MCDOWELL,senate,46,mail,32,9
MCDOWELL,senate,46,mail,33,3
MCDOWELL,senate,46,mail,34,8
MCDOWELL,senate,46,mail,35,1
MCDOWELL,senate,46,mail,36,24
MCDOWELL,senate,46,mail,39,2
MCDOWELL,senate,46,mail,40,3
MCDOWELL,senate,46,mail,41,21
MCDOWELL,senate,46,mail,43,1
MCDOWELL,senate,46,mail,47,4
MCDOWELL,senate,46,mail,50,2
MCDOWELL,senate,46,mail,53,6
MECKLENBURG,house,100,inperson,3,858
MECKLENBURG,house,100,inperson,4,950
MECKLENBURG,house,100,inperson,5,707
MECKLENBURG,house,100,inperson,6,641
MECKLENBURG,house,100,inperson,7,586
MECKLENBURG,house,100,inperson,8,526
MECKLENBURG,house,100,inperson,9,184
MECKLENBURG,house,100,inperson,10,363
MECKLENBURG,house,100,inperson,11,515
MECKLENBURG,house,100,inperson,12,456
MECKLENBURG,house,100,inperson,13,412
MECKLENBURG,house,100,inperson,14,444
MECKLENBURG,house,100,inperson,15,491
MECKLENBURG,house,100,inperson,16,180
MECKLENBURG,house,100,inperson,17,315
MECKLENBURG,house,100,inperson,18,500
MECKLENBURG,house,100,inperson,19,472
MECKLENBURG,house,100,mail,0,133
MECKLENBURG,house,100,mail,1,68
MECKLENBURG,house,100,mail,3,97
MECKLENBURG,house,100,mail,4,33
MECKLENBURG,house,100,mail,5,51
MECKLENBURG,house,100,mail,6,50
MECKLENBURG,house,100,mail,7,52
MECKLENBURG,house,100,mail,8,57
MECKLENBURG,house,100,mail,11,26
MECKLENBURG,house,100,mail,12,57
MECKLENBURG,house,100,mail,13,18
MECKLENBURG,house,100,mail,14,37
MECKLENBURG,house,100,mail,15,15
MECKLENBURG,house,100,mail,18,28
MECKLENBURG,house,100,mail,19,11
MECKLENBURG,house,100,mail,20,30
MECKLENBURG,house,100,mail,21,14
MECKLENBURG,house,100,mail,22,8
MECKLENBURG,house,100,mail,25,48
MECKLENBURG,house,100,mail,27,8
MECKLENBURG,house,100,mail,28,12
MECKLENBURG,house,100,mail,29,10
MECKLENBURG,house,100,mail,32,15
MECKLENBURG,house,100,mail,33,6
MECKLENBURG,house,100,mail,34,6
MECKLENBURG,house,100,mail,35,2
MECKLENBURG,house,100,mail,36,4
MECKLENBURG,house,100,mail,39,11
MECKLENBURG,house,100,mail,40,9
MECKLENBURG,house,100,mail,41,10
MECKLENBURG,house,100,mail,42,2
MECKLENBURG,house,100,mail,43,15
MECKLENBURG,house,100,mail,46,9
MECKLENBURG,house,100,mail,47,6
MECKLENBURG,house,100,mail,48,4
MECKLENBURG,house,100,mail,50,20
MECKLENBURG,house,100,mail,53,5
MECKLENBURG,house,100,mail,54,1
MECKLENBURG,house,100,mail,56,2
MECKLENBURG,house,100,mail,57,4
MECKLENBURG,house,101,inperson,3,1216
MECKLENBURG,house,101,inperson,4,1335
MECKLENBURG,house,101,inperson,5,927
MECKLENBURG,house,101,inperson,6,777
MECKLENBURG,house,101,inperson,7,745
MECKLENBURG,house,101,inperson,8,626
MECKLENBURG,house,101,inperson,9,227
MECKLENBURG,house,101,inperson,10,489
MECKLENBURG,house,101,inperson,11,686
MECKLENBURG,house,101,inperson,12,604
MECKLENBURG,house,101,inperson,13,596
MECKLENBURG,house,101,inperson,14,573
MECKLENBURG,house,101,inperson,15,673
MECKLENBURG,house,101,inperson,16,173
MECKLENBURG,house,101,inperson,17,375
MECKLENBURG,house,101,inperson,18,597
MECKLENBURG,house,101,inperson,19,611
MECKLENBURG,house,101,mail,0,154
MECKLENBURG,house,101,mail,1,86
MECKLENBURG,house,101,mail,3,104
MECKLENBURG,house,101,mail,4,33
MECKLENBURG,house,101,mail,5,75
MECKLENBURG,house,101,mail,6,28
MECKLENBURG,house,101,mail,7,64
MECKLENBURG,house,101,mail,8,62
MECKLENBURG,house,101,mail,11,35
MECKLENBURG,house,101,mail,12,46
MECKLENBURG,house,101,mail,13,25
MECKLENBURG,house,101,mail,14,24
MECKLENBURG,house,101,mail,15,27
MECKLENBURG,house,101,mail,18,35
MECKLENBURG,house,101,mail,19,16
MECKLENBURG,house,101,mail,20,28
MECKLENBURG,house,101,mail,21,24
MECKLENBURG,house,101,mail,22,13
MECKLENBURG,house,101,mail,25,42
MECKLENBURG,house,101,mail,26,4
MECKLENBURG,house,101,mail,27,6
MECKLENBURG,house,101,mail,28,9
MECKLENBURG,house,101,mail,29,4
MECKLENBURG,house,101,mail,32,16
MECKLENBURG,house,101,mail,33,9
MECKLENBURG,house,101,mail,34,9
MECKLENBURG,house,101,mail,35,6
MECKLENBURG,house,101,mail,36,13
MECKLENBURG,house,101,mail,39,13
MECKLENBURG,house,101,mail,40,5
MECKLENBURG,house,101,mail,41,7
MECKLENBURG,house,101,mail,42,7
MECKLENBURG,house,101,mail,43,13
MECKLENBURG,house,101,mail,46,8
MECKLENBURG,house,101,mail,47,9
MECKLENBURG,house,101,mail,48,6
MECKLENBURG,house,101,mail,49,1
MECKLENBURG,house,101,mail,50,13
MECKLENBURG,house,101,mail,53,6
MECKLENBURG,house,101,mail,55,3
MECKLENBURG,house,102,inperson,3,1636
MECKLENBURG,house,102,inperson,4,1769
MECKLENBURG,house,102,inperson,5,1109
MECKLENBURG,house,102,inperson,6,935
MECKLENBURG,house,102,inperson,7,930
MECKLENBURG,house,102,inperson,8,746
MECKLENBURG,house,102,inperson,9,285
MECKLENBURG,house,102,inperson,10,595
MECKLENBURG,house,102,inperson,11,772
MECKLENBURG,house,102,inperson,12,648
MECKLENBURG,house,102,inperson,13,622
MECKLENBURG,house,102,inperson,14,651
MECKLENBURG,house,102,inperson,15,732
MECKLENBURG,house,102,inperson,16,221
MECKLENBURG,house,102,inperson,17,457
MECKLENBURG,house,102,inperson,18,604
MECKLENBURG,house,102,inperson,19,717
MECKLENBURG,house,102,mail,0,358
MECKLENBURG,house,102,mail,1,140
MECKLENBURG,house,102,mail,3,191
MECKLENBURG,house,102,mail,4,51
MECKLENBURG,house,102,mail,5,89
MECKLENBURG,house,102,mail,6,74
MECKLENBURG,house,102,mail,7,111
MECKLENBURG,house,102,mail,8,93
MECKLENBURG,house,102,mail,11,49
MECKLENBURG,house,102,mail,12,111
MECKLENBURG,house,102,mail,13,23
MECKLENBURG,house,102,mail,14,60
MECKLENBURG,house,102,mail,15,36
MECKLENBURG,house,102,mail,18,55
MECKLENBURG,house,102,mail,19,30
MECKLENBURG,house,102,mail,20,52
MECKLENBURG,house,102,mail,21,25
MECKLENBURG,house,102,mail,22,23
MECKLENBURG,house,102,mail,25,66
MECKLENBURG,house,102,mail,26,6
MECKLENBURG,house,102,mail,27,13
MECKLENBURG,house,102,mail,28,27
MECKLENBURG,house,102,mail,29,16
MECKLENBURG,house,102,mail,32,36
MECKLENBURG,house,102,mail,33,1
MECKLENBURG,house,102,mail,34,13
MECKLENBURG,house,102,mail,35,5
MECKLENBURG,house,102,mail,36,20
MECKLENBURG,house,102,mail,39,13
MECKLENBURG,house,102,mail,40,12
MECKLENBURG,house,102,mail,41,13
MECKLENBURG,house,102,mail,42,7
MECKLENBURG,house,102,mail,43,12
MECKLENBURG,house,102,mail,46,12
MECKLENBURG,house,102,mail,47,4
MECKLENBURG,house,102,mail,48,15
MECKLENBURG,house,102,mail,49,2
MECKLENBURG,house,102,mail,50,21
MECKLENBURG,house,102,mail,53,10
MECKLENBURG,house,102,mail,55,6
MECKLENBURG,house,103,inperson,3,1383
MECKLENBURG,house,103,inperson,4,1866
MECKLENBURG,house,103,inperson,5,1554
MECKLENBURG,house,103,inperson,6,1416
MECKLENBURG,house,103,inperson,7,1367
MECKLENBURG,house,103,inperson,8,1174
MECKLENBURG,house,103,inperson,9,452
MECKLENBURG,house,103,inperson,10,857
MECKLENBURG,house,103,inperson,11,1281
MECKLENBURG,house,103,inperson,12,1188
MECKLENBURG,house,103,inperson,13,1240
MECKLENBURG,house,103,inperson,14,1302
MECKLENBURG,house,103,inperson,15,1345
MECKLENBURG,house,103,inperson,16,369
MECKLENBURG,house,103,inperson,17,692
MECKLENBURG,house,103,inperson,18,1319
MECKLENBURG,house,103,inperson,19,1199
MECKLENBURG,house,103,mail,0,395
MECKLENBURG,house,103,mail,1,169
MECKLENBURG,house,103,mail,3,267
MECKLENBURG,house,103,mail,4,104
MECKLENBURG,house,103,mail,5,128
MECKLENBURG,house,103,mail,6,162
MECKLENBURG,house,103,mail,7,218
MECKLENBURG,house,103,mail,8,133
MECKLENBURG,house,103,mail,11,95
MECKLENBURG,house,103,mail,12,196
MECKLENBURG,house,103,mail,13,77
MECKLENBURG,house,103,mail,14,120
MECKLENBURG,house,103,mail,15,87
MECKLENBURG,house,103,mail,18,68
MECKLENBURG,house,103,mail,19,54
MECKLENBURG,house,103,mail,20,102
MECKLENBURG,house,103,mail,21,45
MECKLENBURG,house,103,mail,22,49
MECKLENBURG,house,103,mail,25,103
MECKLENBURG,house,103,mail,26,2
MECKLENBURG,house,103,mail,27,18
MECKLENBURG,house,103,mail,28,32
MECKLENBURG,house,103,mail,29,9
MECKLENBURG,house,103,mail,32,44
MECKLENBURG,house,103,mail,33,6
MECKLENBURG,house,103,mail,34,37
MECKLENBURG,house,103,mail,35,9
MECKLENBURG,house,103,mail,36,30
MECKLENBURG,house,103,mail,39,29
MECKLENBURG,house,103,mail,40,16
MECKLENBURG,house,103,mail,41,28
MECKLENBURG,house,103,mail,42,5
MECKLENBURG,house,103,mail,43,35
MECKLENBURG,house,103,mail,46,26
MECKLENBURG,house,103,mail,47,8
MECKLENBURG,house,103,mail,48,27
MECKLENBURG,house,103,mail,49,4
MECKLENBURG,house,103,mail,50,21
MECKLENBURG,house,103,mail,53,9
MECKLENBURG,house,103,mail,55,3
MECKLENBURG,house,103,mail,56,1
MECKLENBURG,house,103,mail,60,1
MECKLENBURG,house,104,inperson,3,1487
MECKLENBURG,house,104,inperson,4,2096
MECKLENBURG,house,104,inperson,5,1622
MECKLENBURG,house,104,inperson,6,1396
MECKLENBURG,house,104,inperson,7,1416
MECKLENBURG,house,104,inperson,8,1275
MECKLENBURG,house,104,inperson,9,445
MECKLENBURG,house,104,inperson,10,784
MECKLENBURG,house,104,inperson,11,1332
MECKLENBURG,house,104,inperson,12,1129
MECKLENBURG,house,104,inperson,13,1182
MECKLENBURG,house,104,inperson,14,1198
MECKLENBURG,house,104,inperson,15,1328
MECKLENBURG,house,104,inperson,16,366
MECKLENBURG,house,104,inperson,17,628
MECKLENBURG,house,104,inperson,18,1195
MECKLENBURG,house,104,inperson,19,1255
MECKLENBURG,house,104,mail,0,390
MECKLENBURG,house,104,mail,1,192
MECKLENBURG,house,104,mail,3,258
MECKLENBURG,house,104,mail,4,75
MECKLENBURG,house,104,mail,5,123
MECKLENBURG,house,104,mail,6,157
MECKLENBURG,house,104,mail,7,169
MECKLENBURG,house,104,mail,8,139
MECKLENBURG,house,104,mail,11,73
MECKLENBURG,house,104,mail,12,129
MECKLENBURG,house,104,mail,13,40
MECKLENBURG,house,104,mail,14,99
MECKLENBURG,house,104,mail,15,80
MECKLENBURG,house,104,mail,18,53
MECKLENBURG,house,104,mail,19,51
MECKLENBURG,house,104,mail,20,81
MECKLENBURG,house,104,mail,21,41
MECKLENBURG,house,104,mail,22,47
MECKLENBURG,house,104,mail,25,101
MECKLENBURG,house,104,mail,26,7
MECKLENBURG,house,104,mail,27,31
MECKLENBURG,house,104,mail,28,42
MECKLENBURG,house,104,mail,29,26
MECKLENBURG,house,104,mail,32,34
MECKLENBURG,house,104,mail,33,5
MECKLENBURG,house,104,mail,34,41
MECKLENBURG,house,104,mail,35,14
MECKLENBURG,house,104,mail,36,27
MECKLENBURG,house,104,mail,39,19
MECKLENBURG,house,104,mail,40,19
MECKLENBURG,house,104,mail,41,30
MECKLENBURG,house,104,mail,42,5
MECKLENBURG,house,104,mail,43,32
MECKLENBURG,house,104,mail,46,25
MECKLENBURG,house,104,mail,47,9
MECKLENBURG,house,104,mail,48,15
MECKLENBURG,house,104,mail,49,3
MECKLENBURG,house,104,mail,50,8
MECKLENBURG,house,104,mail,53,8
MECKLENBURG,house,104,mail,54,1
MECKLENBURG,house,104,mail,55,1
MECKLENBURG,house,104,mail,56,5
MECKLENBURG,house,104,mail,57,1
MECKLENBURG,house,105,inperson,3,1314
MECKLENBURG,house,105,inperson,4,1831
MECKLENBURG,house,105,inperson,5,1287
MECKLENBURG,house,105,inperson,6,1074
MECKLENBURG,house,105,inperson,7,1132
MECKLENBURG,house,105,inperson,8,908
MECKLENBURG,house,105,inperson,9,406
MECKLENBURG,house,105,inperson,10,661
MECKLENBURG,house,105,inperson,11,1074
MECKLENBURG,house,105,inperson,12,876
MECKLENBURG,house,105,inperson,13,879
MECKLENBURG,house,105,inperson,14,955
MECKLENBURG,house,105,inperson,15,983
MECKLENBURG,house,105,inperson,16,323
MECKLENBURG,house,105,inperson,17,636
MECKLENBURG,house,105,inperson,18,1043
MECKLENBURG,house,105,inperson,19,1033
MECKLENBURG,house,105,mail,0,331
MECKLENBURG,house,105,mail,1,157
MECKLENBURG,house,105,mail,3,187
MECKLENBURG,house,105,mail,4,72
MECKLENBURG,house,105,mail,5,92
MECKLENBURG,house,105,mail,6,100
MECKLENBURG,house,105,mail,7,143
MECKLENBURG,house,105,mail,8,106
MECKLENBURG,house,105,mail,11,46
MECKLENBURG,house,105,mail,12,117
MECKLENBURG,house,105,mail,13,50
MECKLENBURG,house,105,mail,14,77
MECKLENBURG,house,105,mail,15,41
MECKLENBURG,house,105,mail,18,41
MECKLENBURG,house,105,mail,19,23
MECKLENBURG,house,105,mail,20,64
MECKLENBURG,house,105,mail,21,49
MECKLENBURG,house,105,mail,22,26
MECKLENBURG,house,105,mail,25,99
MECKLENBURG,house,105,mail,27,16
MECKLENBURG,house,105,mail,28,27
MECKLENBURG,house,105,mail,29,9
MECKLENBURG,house,105,mail,32,41
MECKLENBURG,house,105,mail,33,6
MECKLENBURG,house,105,mail,34,43
MECKLENBURG,house,105,mail,35,7
MECKLENBURG,house,105,mail,36,24
MECKLENBURG,house,105,mail,39,20
MECKLENBURG,house,105,mail,40,15
MECKLENBURG,house,105,mail,41,29
MECKLENBURG,house,105,mail,42,7
MECKLENBURG,house,105,mail,43,18
MECKLENBURG,house,105,mail,46,27
MECKLENBURG,house,105,mail,47,2
MECKLENBURG,house,105,mail,48,12
MECKLENBURG,house,105,mail,50,26
MECKLENBURG,house,105,mail,53,6
MECKLENBURG,house,105,mail,54,1
MECKLENBURG,house,105,mail,55,5
MECKLENBURG,house,105,mail,57,1
MECKLENBURG,house,106,inperson,3,1554
MECKLENBURG,house,106,inperson,4,1763
MECKLENBURG,house,106,inperson,5,1274
MECKLENBURG,house,106,inperson,6,1029
MECKLENBURG,house,106,inperson,7,1010
MECKLENBURG,house,106,inperson,8,876
MECKLENBURG,house,106,inperson,9,391
MECKLENBURG,house,106,inperson,10,651
MECKLENBURG,house,106,inperson,11,1015
MECKLENBURG,house,106,inperson,12,838
MECKLENBURG,house,106,inperson,13,851
MECKLENBURG,house,106,inperson,14,881
MECKLENBURG,house,106,inperson,15,937
MECKLENBURG,house,106,inperson,16,281
MECKLENBURG,house,106,inperson,17,462
MECKLENBURG,house,106,inperson,18,884
MECKLENBURG,house,106,inperson,19,821
MECKLENBURG,house,106,mail,0,317
MECKLENBURG,house,106,mail,1,122
MECKLENBURG,house,106,mail,3,208
MECKLENBURG,house,106,mail,4,44
MECKLENBURG,house,106,mail,5,118
MECKLENBURG,house,106,mail,6,98
MECKLENBURG,house,106,mail,7,131
MECKLENBURG,house,106,mail,8,79
MECKLENBURG,house,106,mail,11,56
MECKLENBURG,house,106,mail,12,81
MECKLENBURG,house,106,mail,13,41
MECKLENBURG,house,106,mail,14,82
MECKLENBURG,house,106,mail,15,57
MECKLENBURG,house,106,mail,18,46
MECKLENBURG,house,106,mail,19,29
MECKLENBURG,house,106,mail,20,57
MECKLENBURG,house,106,mail,21,29
MECKLENBURG,house,106,mail,22,26
MECKLENBURG,house,106,mail,25,98
MECKLENBURG,house,106,mail,26,3
MECKLENBURG,house,106,mail,27,7
MECKLENBURG,house,106,mail,28,37
MECKLENBURG,house,106,mail,29,19
MECKLENBURG,house,106,mail,32,29
MECKLENBURG,house,106,mail,33,4
MECKLENBURG,house,106,mail,34,23
MECKLENBURG,house,106,mail,36,14
MECKLENBURG,house,106,mail,39,13
MECKLENBURG,house,106,mail,40,15
MECKLENBURG,house,106,mail,41,20
MECKLENBURG,house,106,mail,42,10
MECKLENBURG,house,106,mail,43,28
MECKLENBURG,house,106,mail,46,20
MECKLENBURG,house,106,mail,47,16
MECKLENBURG,house,106,mail,48,18
MECKLENBURG,house,106,mail,49,1
MECKLENBURG,house,106,mail,50,16
MECKLENBURG,house,106,mail,53,8
MECKLENBURG,house,106,mail,54,1
MECKLENBURG,house,106,mail,55,4
MECKLENBURG,house,107,inperson,3,1408
MECKLENBURG,house,107,inperson,4,1422
MECKLENBURG,house,107,inperson,5,1055
MECKLENBURG,house,107,inperson,6,844
MECKLENBURG,house,107,inperson,7,945
MECKLENBURG,house,107,inperson,8,750
MECKLENBURG,house,107,inperson,9,309
MECKLENBURG,house,107,inperson,10,487
MECKLENBURG,house,107,inperson,11,784
MECKLENBURG,house,107,inperson,12,721
MECKLENBURG,house,107,inperson,13,627
MECKLENBURG,house,107,inperson,14,751
MECKLENBURG,house,107,inperson,15,814
MECKLENBURG,house,107,inperson,16,214
MECKLENBURG,house,107,inperson,17,402
MECKLENBURG,house,107,inperson,18,669
MECKLENBURG,house,107,inperson,19,783
MECKLENBURG,house,107,mail,0,184
MECKLENBURG,house,107,mail,1,97
MECKLENBURG,house,107,mail,3,118
MECKLENBURG,house,107,mail,4,28
MECKLENBURG,house,107,mail,5,69
MECKLENBURG,house,107,mail,6,42
MECKLENBURG,house,107,mail,7,62
MECKLENBURG,house,107,mail,8,48
MECKLENBURG,house,107,mail,11,37
MECKLENBURG,house,107,mail,12,71
MECKLENBURG,house,107,mail,13,30
MECKLENBURG,house,107,mail,14,33
MECKLENBURG,house,107,mail,15,26
MECKLENBURG,house,107,mail,18,37
MECKLENBURG,house,107,mail,19,18
MECKLENBURG,house,107,mail,20,36
MECKLENBURG,house,107,mail,21,18
MECKLENBURG,house,107,mail,22,15
MECKLENBURG,house,107,mail,25,46
MECKLENBURG,house,107,mail,26,3
MECKLENBURG,house,107,mail,27,7
MECKLENBURG,house,107,mail,28,15
MECKLENBURG,house,107,mail,29,7
MECKLENBURG,house,107,mail,32,22
MECKLENBURG,house,107,mail,34,18
MECKLENBURG,house,107,mail,35,4
MECKLENBURG,house,107,mail,36,12
MECKLENBURG,house,107,mail,39,4
MECKLENBURG,house,107,mail,40,10
MECKLENBURG,house,107,mail,41,5
MECKLENBURG,house,107,mail,42,3
MECKLENBURG,house,107,mail,43,16
MECKLENBURG,house,107,mail,46,10
MECKLENBURG,house,107,mail,47,6
MECKLENBURG,house,107,mail,48,8
MECKLENBURG,house,107,mail,49,4
MECKLENBURG,house,107,mail,50,12
MECKLENBURG,house,107,mail,53,14
MECKLENBURG,house,107,mail,55,7
MECKLENBURG,house,112,inperson,3,1003
MECKLENBURG,house,112,inperson,4,1265
MECKLENBURG,house,112,inperson,5,1042
MECKLENBURG,house,112,inperson,6,1025
MECKLENBURG,house,112,inperson,7,896
MECKLENBURG,house,112,inperson,8,859
MECKLENBURG,house,112,inperson,9,278
MECKLENBURG,house,112,inperson,10,533
MECKLENBURG,house,112,inperson,11,879
MECKLENBURG,house,112,inperson,12,810
MECKLENBURG,house,112,inperson,13,856
MECKLENBURG,house,112,inperson,14,773
MECKLENBURG,house,112,inperson,15,788
MECKLENBURG,house,112,inperson,16,201
MECKLENBURG,house,112,inperson,17,459
MECKLENBURG,house,112,inperson,18,750
MECKLENBURG,house,112,inperson,19,753
MECKLENBURG,house,112,mail,0,165
MECKLENBURG,house,112,mail,1,80
MECKLENBURG,house,112,mail,3,138
MECKLENBURG,house,112,mail,4,30
MECKLENBURG,house,112,mail,5,78
MECKLENBURG,house,112,mail,6,76
MECKLENBURG,house,112,mail,7,113
MECKLENBURG,house,112,mail,8,63
MECKLENBURG,house,112,mail,11,30
MECKLENBURG,house,112,mail,12,71
MECKLENBURG,house,112,mail,13,35
MECKLENBURG,house,112,mail,14,56
MECKLENBURG,house,112,mail,15,38
MECKLENBURG,house,112,mail,18,27
MECKLENBURG,house,112,mail,19,31
MECKLENBURG,house,112,mail,20,40
MECKLENBURG,house,112,mail,21,30
MECKLENBURG,house,112,mail,22,26
MECKLENBURG,house,112,mail,25,65
MECKLENBURG,house,112,mail,26,1
MECKLENBURG,house,112,mail,27,15
MECKLENBURG,house,112,mail,28,13
MECKLENBURG,house,112,mail,29,9
MECKLENBURG,house,112,mail,32,27
MECKLENBURG,house,112,mail,33,3
MECKLENBURG,house,112,mail,34,10
MECKLENBURG,house,112,mail,35,4
MECKLENBURG,house,112,mail,36,14
MECKLENBURG,house,112,mail,39,8
MECKLENBURG,house,112,mail,40,6
MECKLENBURG,house,112,mail,41,12
MECKLENBURG,house,112,mail,42,2
MECKLENBURG,house,112,mail,43,24
MECKLENBURG,house,112,mail,46,9
MECKLENBURG,house,112,mail,47,3
MECKLENBURG,house,112,mail,48,10
MECKLENBURG,house,112,mail,50,5
MECKLENBURG,house,112,mail,53,8
MECKLENBURG,house,112,mail,54,1
MECKLENBURG,house,112,mail,56,1
MECKLENBURG,house,88,inperson,3,1587
MECKLENBURG,house,88,inperson,4,1788
MECKLENBURG,house,88,inperson,5,1156
MECKLENBURG,house,88,inperson,6,971
MECKLENBURG,house,88,inperson,7,848
MECKLENBURG,house,88,inperson,8,772
MECKLENBURG,house,88,inperson,9,306
MECKLENBURG,house,88,inperson,10,575
MECKLENBURG,house,88,inperson,11,767
MECKLENBURG,house,88,inperson,12,660
MECKLENBURG,house,88,inperson,13,589
MECKLENBURG,house,88,inperson,14,716
MECKLENBURG,house,88,inperson,15,680
MECKLENBURG,house,88,inperson,16,209
MECKLENBURG,house,88,inperson,17,484
MECKLENBURG,house,88,inperson,18,642
MECKLENBURG,house,88,inperson,19,723
MECKLENBURG,house,88,mail,0,334
MECKLENBURG,house,88,mail,1,139
MECKLENBURG,house,88,mail,3,148
MECKLENBURG,house,88,mail,4,74
MECKLENBURG,house,88,mail,5,72
MECKLENBURG,house,88,mail,6,50
MECKLENBURG,house,88,mail,7,110
MECKLENBURG,house,88,mail,8,64
MECKLENBURG,house,88,mail,11,50
MECKLENBURG,house,88,mail,12,79
MECKLENBURG,house,88,mail,13,27
MECKLENBURG,house,88,mail,14,55
MECKLENBURG,house,88,mail,15,45
MECKLENBURG,house,88,mail,18,32
MECKLENBURG,house,88,mail,19,20
MECKLENBURG,house,88,mail,20,42
MECKLENBURG,house,88,mail,21,33
MECKLENBURG,house,88,mail,22,24
MECKLENBURG,house,88,mail,25,65
MECKLENBURG,house,88,mail,27,11
MECKLENBURG,house,88,mail,28,25
MECKLENBURG,house,88,mail,29,10
MECKLENBURG,house,88,mail,32,28
MECKLENBURG,house,88,mail,33,5
MECKLENBURG,house,88,mail,34,28
MECKLENBURG,house,88,mail,35,6
MECKLENBURG,house,88,mail,36,18
MECKLENBURG,house,88,mail,39,13
MECKLENBURG,house,88,mail,40,7
MECKLENBURG,house,88,mail,41,10
MECKLENBURG,house,88,mail,42,3
MECKLENBURG,house,88,mail,43,20
MECKLENBURG,house,88,mail,46,12
MECKLENBURG,house,88,mail,47,7
MECKLENBURG,house,88,mail,48,13
MECKLENBURG,house,88,mail,50,6
MECKLENBURG,house,88,mail,53,10
MECKLENBURG,house,88,mail,55,2
MECKLENBURG,house,88,mail,57,3
MECKLENBURG,house,92,inperson,3,1474
MECKLENBURG,house,92,inperson,4,1609
MECKLENBURG,house,92,inperson,5,1181
MECKLENBURG,house,92,inperson,6,963
MECKLENBURG,house,92,inperson,7,879
MECKLENBURG,house,92,inperson,8,884
MECKLENBURG,house,92,inperson,9,321
MECKLENBURG,house,92,inperson,10,683
MECKLENBURG,house,92,inperson,11,906
MECKLENBURG,house,92,inperson,12,735
MECKLENBURG,house,92,inperson,13,652
MECKLENBURG,house,92,inperson,14,729
MECKLENBURG,house,92,inperson,15,768
MECKLENBURG,house,92,inperson,16,214
MECKLENBURG,house,92,inperson,17,401
MECKLENBURG,house,92,inperson,18,730
MECKLENBURG,house,92,inperson,19,760
MECKLENBURG,house,92,mail,0,264
MECKLENBURG,house,92,mail,1,102
MECKLENBURG,house,92,mail,3,166
MECKLENBURG,house,92,mail,4,82
MECKLENBURG,house,92,mail,5,90
MECKLENBURG,house,92,mail,6,90
MECKLENBURG,house,92,mail,7,90
MECKLENBURG,house,92,mail,8,91
MECKLENBURG,house,92,mail,11,42
MECKLENBURG,house,92,mail,12,79
MECKLENBURG,house,92,mail,13,43
MECKLENBURG,house,92,mail,14,65
MECKLENBURG,house,92,mail,15,55
MECKLENBURG,house,92,mail,18,22
MECKLENBURG,house,92,mail,19,26
MECKLENBURG,house,92,mail,20,52
MECKLENBURG,house,92,mail,21,32
MECKLENBURG,house,92,mail,22,18
MECKLENBURG,house,92,mail,25,77
MECKLENBURG,house,92,mail,26,4
MECKLENBURG,house,92,mail,27,9
MECKLENBURG,house,92,mail,28,27
MECKLENBURG,house,92,mail,29,9
MECKLENBURG,house,92,mail,32,28
MECKLENBURG,house,92,mail,33,6
MECKLENBURG,house,92,mail,34,21
MECKLENBURG,house,92,mail,35,7
MECKLENBURG,house,92,mail,36,19
MECKLENBURG,house,92,mail,39,15
MECKLENBURG,house,92,mail,40,16
MECKLENBURG,house,92,mail,41,20
MECKLENBURG,house,92,mail,42,5
MECKLENBURG,house,92,mail,43,21
MECKLENBURG,house,92,mail,46,15
MECKLENBURG,house,92,mail,47,8
MECKLENBURG,house,92,mail,48,14
MECKLENBURG,house,92,mail,49,4
MECKLENBURG,house,92,mail,50,12
MECKLENBURG,house,92,mail,53,10
MECKLENBURG,house,92,mail,55,8
MECKLENBURG,house,92,mail,56,1
MECKLENBURG,house,98,inperson,3,1630
MECKLENBURG,house,98,inperson,4,2093
MECKLENBURG,house,98,inperson,5,1551
MECKLENBURG,house,98,inperson,6,1355
MECKLENBURG,house,98,inperson,7,1310
MECKLENBURG,house,98,inperson,8,1130
MECKLENBURG,house,98,inperson,9,356
MECKLENBURG,house,98,inperson,10,689
MECKLENBURG,house,98,inperson,11,1277
MECKLENBURG,house,98,inperson,12,1063
MECKLENBURG,house,98,inperson,13,1121
MECKLENBURG,house,98,inperson,14,1367
MECKLENBURG,house,98,inperson,15,1353
MECKLENBURG,house,98,inperson,16,309
MECKLENBURG,house,98,inperson,17,559
MECKLENBURG,house,98,inperson,18,1370
MECKLENBURG,house,98,inperson,19,1343
MECKLENBURG,house,98,mail,0,326
MECKLENBURG,house,98,mail,1,102
MECKLENBURG,house,98,mail,3,240
MECKLENBURG,house,98,mail,4,74
MECKLENBURG,house,98,mail,5,97
MECKLENBURG,house,98,mail,6,115
MECKLENBURG,house,98,mail,7,131
MECKLENBURG,house,98,mail,8,111
MECKLENBURG,house,98,mail,11,72
MECKLENBURG,house,98,mail,12,103
MECKLENBURG,house,98,mail,13,64
MECKLENBURG,house,98,mail,14,89
MECKLENBURG,house,98,mail,15,63
MECKLENBURG,house,98,mail,18,61
MECKLENBURG,house,98,mail,19,44
MECKLENBURG,house,98,mail,20,80
MECKLENBURG,house,98,mail,21,68
MECKLENBURG,house,98,mail,22,30
MECKLENBURG,house,98,mail,25,112
MECKLENBURG,house,98,mail,26,4
MECKLENBURG,house,98,mail,27,9
MECKLENBURG,house,98,mail,28,23
MECKLENBURG,house,98,mail,29,11
MECKLENBURG,house,98,mail,32,33
MECKLENBURG,house,98,mail,33,4
MECKLENBURG,house,98,mail,34,45
MECKLENBURG,house,98,mail,35,7
MECKLENBURG,house,98,mail,36,21
MECKLENBURG,house,98,mail,39,24
MECKLENBURG,house,98,mail,40,17
MECKLENBURG,house,98,mail,41,29
MECKLENBURG,house,98,mail,42,7
MECKLENBURG,house,98,mail,43,23
MECKLENBURG,house,98,mail,46,15
MECKLENBURG,house,98,mail,47,6
MECKLENBURG,house,98,mail,48,5
MECKLENBURG,house,98,mail,49,1
MECKLENBURG,house,98,mail,50,14
MECKLENBURG,house,98,mail,53,12
MECKLENBURG,house,98,mail,55,5
MECKLENBURG,house,98,mail,57,2
MECKLENBURG,house,98,mail,60,1
MECKLENBURG,house,99,inperson,3,837
MECKLENBURG,house,99,inperson,4,1002
MECKLENBURG,house,99,inperson,5,662
MECKLENBURG,house,99,inperson,6,558
MECKLENBURG,house,99,inperson,7,602
MECKLENBURG,house,99,inperson,8,470
MECKLENBURG,house,99,inperson,9,198
MECKLENBURG,house,99,inperson,10,342
MECKLENBURG,house,99,inperson,11,466
MECKLENBURG,house,99,inperson,12,500
MECKLENBURG,house,99,inperson,13,453
MECKLENBURG,house,99,inperson,14,517
MECKLENBURG,house,99,inperson,15,526
MECKLENBURG,house,99,inperson,16,133
MECKLENBURG,house,99,inperson,17,228
MECKLENBURG,house,99,inperson,18,472
MECKLENBURG,house,99,inperson,19,502
MECKLENBURG,house,99,mail,0,173
MECKLENBURG,house,99,mail,1,53
MECKLENBURG,house,99,mail,3,77
MECKLENBURG,house,99,mail,4,28
MECKLENBURG,house,99,mail,5,28
MECKLENBURG,house,99,mail,6,36
MECKLENBURG,house,99,mail,7,43
MECKLENBURG,house,99,mail,8,25
MECKLENBURG,house,99,mail,11,15
MECKLENBURG,house,99,mail,12,41
MECKLENBURG,house,99,mail,13,10
MECKLENBURG,house,99,mail,14,34
MECKLENBURG,house,99,mail,15,13
MECKLENBURG,house,99,mail,18,17
MECKLENBURG,house,99,mail,19,14
MECKLENBURG,house,99,mail,20,25
MECKLENBURG,house,99,mail,21,10
MECKLENBURG,house,99,mail,22,14
MECKLENBURG,house,99,mail,25,46
MECKLENBURG,house,99,mail,26,1
MECKLENBURG,house,99,mail,27,4
MECKLENBURG,house,99,mail,28,9
MECKLENBURG,house,99,mail,29,9
MECKLENBURG,house,99,mail,32,18
MECKLENBURG,house,99,mail,33,2
MECKLENBURG,house,99,mail,34,16
MECKLENBURG,house,99,mail,35,7
MECKLENBURG,house,99,mail,36,8
MECKLENBURG,house,99,mail,39,7
MECKLENBURG,house,99,mail,40,4
MECKLENBURG,house,99,mail,41,11
MECKLENBURG,house,99,mail,42,4
MECKLENBURG,house,99,mail,43,12
MECKLENBURG,house,99,mail,46,5
MECKLENBURG,house,99,mail,48,8
MECKLENBURG,house,99,mail,49,3
MECKLENBURG,house,99,mail,50,10
MECKLENBURG,house,99,mail,53,8
MECKLENBURG,house,99,mail,55,3
MECKLENBURG,senate,37,inperson,3,490
MECKLENBURG,senate,37,inperson,4,738
MECKLENBURG,senate,37,inperson,5,526
MECKLENBURG,senate,37,inperson,6,478
MECKLENBURG,senate,37,inperson,7,455
MECKLENBURG,senate,37,inperson,8,406
MECKLENBURG,senate,37,inperson,9,108
MECKLENBURG,senate,37,inperson,10,251
MECKLENBURG,senate,37,inperson,11,428
MECKLENBURG,senate,37,inperson,12,384
MECKLENBURG,senate,37,inperson,13,428
MECKLENBURG,senate,37,inperson,14,497
MECKLENBURG,senate,37,inperson,15,518
MECKLENBURG,senate,37,inperson,16,103
MECKLENBURG,senate,37,inperson,17,197
MECKLENBURG,senate,37,inperson,18,504
MECKLENBURG,senate,37,inperson,19,457
MECKLENBURG,senate,37,mail,0,101
MECKLENBURG,senate,37,mail,1,29
MECKLENBURG,senate,37,mail,3,95
MECKLENBURG,senate,37,mail,4,17
MECKLENBURG,senate,37,mail,5,34
MECKLENBURG,senate,37,mail,6,42
MECKLENBURG,senate,37,mail,7,48
MECKLENBURG,senate,37,mail,8,30
MECKLENBURG,senate,37,mail,11,31
MECKLENBURG,senate,37,mail,12,43
MECKLENBURG,senate,37,mail,13,24
MECKLENBURG,senate,37,mail,14,17
MECKLENBURG,senate,37,mail,15,17
MECKLENBURG,senate,37,mail,18,25
MECKLENBURG,senate,37,mail,19,16
MECKLENBURG,senate,37,mail,20,25
MECKLENBURG,senate,37,mail,21,25
MECKLENBURG,senate,37,mail,22,8
MECKLENBURG,senate,37,mail,25,42
MECKLENBURG,senate,37,mail,26,1
MECKLENBURG,senate,37,mail,27,3
MECKLENBURG,senate,37,mail,28,7
MECKLENBURG,senate,37,mail,29,2
MECKLENBURG,senate,37,mail,32,14
MECKLENBURG,senate,37,mail,33,2
MECKLENBURG,senate,37,mail,34,15
MECKLENBURG,senate,37,mail,35,3
MECKLENBURG,senate,37,mail,36,7
MECKLENBURG,senate,37,mail,39,9
MECKLENBURG,senate,37,mail,40,6
MECKLENBURG,senate,37,mail,41,8
MECKLENBURG,senate,37,mail,42,1
MECKLENBURG,senate,37,mail,43,4
MECKLENBURG,senate,37,mail,46,1
MECKLENBURG,senate,37,mail,47,4
MECKLENBURG,senate,37,mail,48,1
MECKLENBURG,senate,37,mail,49,1
MECKLENBURG,senate,37,mail,50,6
MECKLENBURG,senate,37,mail,53,6
MECKLENBURG,senate,37,mail,55,4
MECKLENBURG,senate,37,mail,60,1
MECKLENBURG,senate,38,inperson,3,3526
MECKLENBURG,senate,38,inperson,4,3665
MECKLENBURG,senate,38,inperson,5,2518
MECKLENBURG,senate,38,inperson,6,2065
MECKLENBURG,senate,38,inperson,7,2083
MECKLENBURG,senate,38,inperson,8,1748
MECKLENBURG,senate,38,inperson,9,691
MECKLENBURG,senate,38,inperson,10,1308
MECKLENBURG,senate,38,inperson,11,1803
MECKLENBURG,senate,38,inperson,12,1544
MECKLENBURG,senate,38,inperson,13,1449
MECKLENBURG,senate,38,inperson,14,1602
MECKLENBURG,senate,38,inperson,15,1789
MECKLENBURG,senate,38,inperson,16,534
MECKLENBURG,senate,38,inperson,17,994
MECKLENBURG,senate,38,inperson,18,1472
MECKLENBURG,senate,38,inperson,19,1610
MECKLENBURG,senate,38,mail,0,697
MECKLENBURG,senate,38,mail,1,257
MECKLENBURG,senate,38,mail,3,353
MECKLENBURG,senate,38,mail,4,97
MECKLENBURG,senate,38,mail,5,164
MECKLENBURG,senate,38,mail,6,151
MECKLENBURG,senate,38,mail,7,217
MECKLENBURG,senate,38,mail,8,171
MECKLENBURG,senate,38,mail,11,92
MECKLENBURG,senate,38,mail,12,183
MECKLENBURG,senate,38,mail,13,55
MECKLENBURG,senate,38,mail,14,117
MECKLENBURG,senate,38,mail,15,86
MECKLENBURG,senate,38,mail,18,95
MECKLENBURG,senate,38,mail,19,54
MECKLENBURG,senate,38,mail,20,102
MECKLENBURG,senate,38,mail,21,45
MECKLENBURG,senate,38,mail,22,48
MECKLENBURG,senate,38,mail,25,157
MECKLENBURG,senate,38,mail,26,10
MECKLENBURG,senate,38,mail,27,23
MECKLENBURG,senate,38,mail,28,50
MECKLENBURG,senate,38,mail,29,26
MECKLENBURG,senate,38,mail,32,69
MECKLENBURG,senate,38,mail,33,5
MECKLENBURG,senate,38,mail,34,40
MECKLENBURG,senate,38,mail,35,8
MECKLENBURG,senate,38,mail,36,32
MECKLENBURG,senate,38,mail,39,27
MECKLENBURG,senate,38,mail,40,31
MECKLENBURG,senate,38,mail,41,27
MECKLENBURG,senate,38,mail,42,12
MECKLENBURG,senate,38,mail,43,34
MECKLENBURG,senate,38,mail,46,29
MECKLENBURG,senate,38,mail,47,23
MECKLENBURG,senate,38,mail,48,26
MECKLENBURG,senate,38,mail,49,2
MECKLENBURG,senate,38,mail,50,25
MECKLENBURG,senate,38,mail,53,25
MECKLENBURG,senate,38,mail,54,1
MECKLENBURG,senate,38,mail,55,17
MECKLENBURG,senate,38,mail,56,2
MECKLENBURG,senate,38,mail,57,3
MECKLENBURG,senate,39,inperson,3,3898
MECKLENBURG,senate,39,inperson,4,4556
MECKLENBURG,senate,39,inperson,5,3173
MECKLENBURG,senate,39,inperson,6,2708
MECKLENBURG,senate,39,inperson,7,2465
MECKLENBURG,senate,39,inperson,8,2310
MECKLENBURG,senate,39,inperson,9,887
MECKLENBURG,senate,39,inperson,10,1712
MECKLENBURG,senate,39,inperson,11,2345
MECKLENBURG,senate,39,inperson,12,1945
MECKLENBURG,senate,39,inperson,13,1855
MECKLENBURG,senate,39,inperson,14,2042
MECKLENBURG,senate,39,inperson,15,2126
MECKLENBURG,senate,39,inperson,16,605
MECKLENBURG,senate,39,inperson,17,1246
MECKLENBURG,senate,39,inperson,18,1979
MECKLENBURG,senate,39,inperson,19,2103
MECKLENBURG,senate,39,mail,0,846
MECKLENBURG,senate,39,mail,1,367
MECKLENBURG,senate,39,mail,3,475
MECKLENBURG,senate,39,mail,4,196
MECKLENBURG,senate,39,mail,5,260
MECKLENBURG,senate,39,mail,6,221
MECKLENBURG,senate,39,mail,7,306
MECKLENBURG,senate,39,mail,8,237
MECKLENBURG,senate,39,mail,11,130
MECKLENBURG,senate,39,mail,12,238
MECKLENBURG,senate,39,mail,13,84
MECKLENBURG,senate,39,mail,14,181
MECKLENBURG,senate,39,mail,15,139
MECKLENBURG,senate,39,mail,18,86
MECKLENBURG,senate,39,mail,19,75
MECKLENBURG,senate,39,mail,20,142
MECKLENBURG,senate,39,mail,21,86
MECKLENBURG,senate,39,mail,22,59
MECKLENBURG,senate,39,mail,25,193
MECKLENBURG,senate,39,mail,26,10
MECKLENBURG,senate,39,mail,27,34
MECKLENBURG,senate,39,mail,28,71
MECKLENBURG,senate,39,mail,29,36
MECKLENBURG,senate,39,mail,32,66
MECKLENBURG,senate,39,mail,33,15
MECKLENBURG,senate,39,mail,34,78
MECKLENBURG,senate,39,mail,35,17
MECKLENBURG,senate,39,mail,36,53
MECKLENBURG,senate,39,mail,39,38
MECKLENBURG,senate,39,mail,40,36
MECKLENBURG,senate,39,mail,41,52
MECKLENBURG,senate,39,mail,42,11
MECKLENBURG,senate,39,mail,43,66
MECKLENBURG,senate,39,mail,46,41
MECKLENBURG,senate,39,mail,47,18
MECKLENBURG,senate,39,mail,48,33
MECKLENBURG,senate,39,mail,49,7
MECKLENBURG,senate,39,mail,50,25
MECKLENBURG,senate,39,mail,53,18
MECKLENBURG,senate,39,mail,54,2
MECKLENBURG,senate,39,mail,55,10
MECKLENBURG,senate,39,mail,56,4
MECKLENBURG,senate,39,mail,57,4
MECKLENBURG,senate,40,inperson,3,2303
MECKLENBURG,senate,40,inperson,4,2790
MECKLENBURG,senate,40,inperson,5,2220
MECKLENBURG,senate,40,inperson,6,2037
MECKLENBURG,senate,40,inperson,7,1908
MECKLENBURG,senate,40,inperson,8,1725
MECKLENBURG,senate,40,inperson,9,615
MECKLENBURG,senate,40,inperson,10,1119
MECKLENBURG,senate,40,inperson,11,1709
MECKLENBURG,senate,40,inperson,12,1666
MECKLENBURG,senate,40,inperson,13,1662
MECKLENBURG,senate,40,inperson,14,1637
MECKLENBURG,senate,40,inperson,15,1699
MECKLENBURG,senate,40,inperson,16,445
MECKLENBURG,senate,40,inperson,17,856
MECKLENBURG,senate,40,inperson,18,1590
MECKLENBURG,senate,40,inperson,19,1623
MECKLENBURG,senate,40,mail,0,389
MECKLENBURG,senate,40,mail,1,195
MECKLENBURG,senate,40,mail,3,280
MECKLENBURG,senate,40,mail,4,86
MECKLENBURG,senate,40,mail,5,138
MECKLENBURG,senate,40,mail,6,150
MECKLENBURG,senate,40,mail,7,203
MECKLENBURG,senate,40,mail,8,120
MECKLENBURG,senate,40,mail,11,63
MECKLENBURG,senate,40,mail,12,181
MECKLENBURG,senate,40,mail,13,59
MECKLENBURG,senate,40,mail,14,117
MECKLENBURG,senate,40,mail,15,67
MECKLENBURG,senate,40,mail,18,70
MECKLENBURG,senate,40,mail,19,65
MECKLENBURG,senate,40,mail,20,86
MECKLENBURG,senate,40,mail,21,55
MECKLENBURG,senate,40,mail,22,44
MECKLENBURG,senate,40,mail,25,139
MECKLENBURG,senate,40,mail,26,4
MECKLENBURG,senate,40,mail,27,24
MECKLENBURG,senate,40,mail,28,34
MECKLENBURG,senate,40,mail,29,28
MECKLENBURG,senate,40,mail,32,55
MECKLENBURG,senate,40,mail,33,7
MECKLENBURG,senate,40,mail,34,26
MECKLENBURG,senate,40,mail,35,12
MECKLENBURG,senate,40,mail,36,29
MECKLENBURG,senate,40,mail,39,22
MECKLENBURG,senate,40,mail,40,19
MECKLENBURG,senate,40,mail,41,29
MECKLENBURG,senate,40,mail,42,9
MECKLENBURG,senate,40,mail,43,46
MECKLENBURG,senate,40,mail,46,27
MECKLENBURG,senate,40,mail,47,8
MECKLENBURG,senate,40,mail,48,24
MECKLENBURG,senate,40,mail,49,3
MECKLENBURG,senate,40,mail,50,35
MECKLENBURG,senate,40,mail,53,24
MECKLENBURG,senate,40,mail,54,1
MECKLENBURG,senate,40,mail,55,2
MECKLENBURG,senate,40,mail,56,1
MECKLENBURG,senate,40,mail,57,1
MECKLENBURG,senate,41,inperson,3,3746
MECKLENBURG,senate,41,inperson,4,4333
MECKLENBURG,senate,41,inperson,5,3083
MECKLENBURG,senate,41,inperson,6,2558
MECKLENBURG,senate,41,inperson,7,2609
MECKLENBURG,senate,41,inperson,8,2139
MECKLENBURG,senate,41,inperson,9,827
MECKLENBURG,senate,41,inperson,10,1470
MECKLENBURG,senate,41,inperson,11,2449
MECKLENBURG,senate,41,inperson,12,2067
MECKLENBURG,senate,41,inperson,13,2040
MECKLENBURG,senate,41,inperson,14,2279
MECKLENBURG,senate,41,inperson,15,2379
MECKLENBURG,senate,41,inperson,16,610
MECKLENBURG,senate,41,inperson,17,1157
MECKLENBURG,senate,41,inperson,18,2300
MECKLENBURG,senate,41,inperson,19,2380
MECKLENBURG,senate,41,mail,0,600
MECKLENBURG,senate,41,mail,1,250
MECKLENBURG,senate,41,mail,3,422
MECKLENBURG,senate,41,mail,4,120
MECKLENBURG,senate,41,mail,5,237
MECKLENBURG,senate,41,mail,6,169
MECKLENBURG,senate,41,mail,7,227
MECKLENBURG,senate,41,mail,8,199
MECKLENBURG,senate,41,mail,11,132
MECKLENBURG,senate,41,mail,12,176
MECKLENBURG,senate,41,mail,13,107
MECKLENBURG,senate,41,mail,14,154
MECKLENBURG,senate,41,mail,15,105
MECKLENBURG,senate,41,mail,18,112
MECKLENBURG,senate,41,mail,19,63
MECKLENBURG,senate,41,mail,20,131
MECKLENBURG,senate,41,mail,21,95
MECKLENBURG,senate,41,mail,22,52
MECKLENBURG,senate,41,mail,25,176
MECKLENBURG,senate,41,mail,26,8
MECKLENBURG,senate,41,mail,27,17
MECKLENBURG,senate,41,mail,28,56
MECKLENBURG,senate,41,mail,29,23
MECKLENBURG,senate,41,mail,32,57
MECKLENBURG,senate,41,mail,33,14
MECKLENBURG,senate,41,mail,34,56
MECKLENBURG,senate,41,mail,35,15
MECKLENBURG,senate,41,mail,36,42
MECKLENBURG,senate,41,mail,39,33
MECKLENBURG,senate,41,mail,40,24
MECKLENBURG,senate,41,mail,41,41
MECKLENBURG,senate,41,mail,42,20
MECKLENBURG,senate,41,mail,43,53
MECKLENBURG,senate,41,mail,46,36
MECKLENBURG,senate,41,mail,47,15
MECKLENBURG,senate,41,mail,48,23
MECKLENBURG,senate,41,mail,49,6
MECKLENBURG,senate,41,mail,50,38
MECKLENBURG,senate,41,mail,53,22
MECKLENBURG,senate,41,mail,54,1
MECKLENBURG,senate,41,mail,55,5
MECKLENBURG,senate,41,mail,57,2
MECKLENBURG,senate,42,inperson,3,3424
MECKLENBURG,senate,42,inperson,4,4707
MECKLENBURG,senate,42,inperson,5,3607
MECKLENBURG,senate,42,inperson,6,3138
MECKLENBURG,senate,42,inperson,7,3146
MECKLENBURG,senate,42,inperson,8,2668
MECKLENBURG,senate,42,inperson,9,1030
MECKLENBURG,senate,42,inperson,10,1849
MECKLENBURG,senate,42,inperson,11,3020
MECKLENBURG,senate,42,inperson,12,2622
MECKLENBURG,senate,42,inperson,13,2646
MECKLENBURG,senate,42,inperson,14,2800
MECKLENBURG,senate,42,inperson,15,2907
MECKLENBURG,senate,42,inperson,16,896
MECKLENBURG,senate,42,inperson,17,1648
MECKLENBURG,senate,42,inperson,18,2930
MECKLENBURG,senate,42,inperson,19,2799
MECKLENBURG,senate,42,mail,0,891
MECKLENBURG,senate,42,mail,1,409
MECKLENBURG,senate,42,mail,3,574
MECKLENBURG,senate,42,mail,4,212
MECKLENBURG,senate,42,mail,5,277
MECKLENBURG,senate,42,mail,6,345
MECKLENBURG,senate,42,mail,7,436
MECKLENBURG,senate,42,mail,8,314
MECKLENBURG,senate,42,mail,11,178
MECKLENBURG,senate,42,mail,12,360
MECKLENBURG,senate,42,mail,13,154
MECKLENBURG,senate,42,mail,14,245
MECKLENBURG,senate,42,mail,15,169
MECKLENBURG,senate,42,mail,18,134
MECKLENBURG,senate,42,mail,19,94
MECKLENBURG,senate,42,mail,20,203
MECKLENBURG,senate,42,mail,21,112
MECKLENBURG,senate,42,mail,22,108
MECKLENBURG,senate,42,mail,25,261
MECKLENBURG,senate,42,mail,26,2
MECKLENBURG,senate,42,mail,27,53
MECKLENBURG,senate,42,mail,28,80
MECKLENBURG,senate,42,mail,29,33
MECKLENBURG,senate,42,mail,32,110
MECKLENBURG,senate,42,mail,33,14
MECKLENBURG,senate,42,mail,34,95
MECKLENBURG,senate,42,mail,35,23
MECKLENBURG,senate,42,mail,36,61
MECKLENBURG,senate,42,mail,39,60
MECKLENBURG,senate,42,mail,40,35
MECKLENBURG,senate,42,mail,41,67
MECKLENBURG,senate,42,mail,42,14
MECKLENBURG,senate,42,mail,43,66
MECKLENBURG,senate,42,mail,46,59
MECKLENBURG,senate,42,mail,47,16
MECKLENBURG,senate,42,mail,48,48
MECKLENBURG,senate,42,mail,49,4
MECKLENBURG,senate,42,mail,50,55
MECKLENBURG,senate,42,mail,53,19
MECKLENBURG,senate,42,mail,55,9
MECKLENBURG,senate,42,mail,56,3
MECKLENBURG,senate,42,mail,57,1
MECKLENBURG,senate,42,mail,60,1
MITCHELL,house,85,inperson,3,252
MITCHELL,house,85,inperson,4,398
MITCHELL,house,85,inperson,5,324
MITCHELL,house,85,inperson,6,254
MITCHELL,house,85,inperson,7,322
MITCHELL,house,85,inperson,8,307
MITCHELL,house,85,inperson,11,290
MITCHELL,house,85,inperson,12,249
MITCHELL,house,85,inperson,13,251
MITCHELL,house,85,inperson,14,225
MITCHELL,house,85,inperson,15,270
MITCHELL,house,85,inperson,18,287
MITCHELL,house,85,inperson,19,282
MITCHELL,house,85,mail,0,12
MITCHELL,house,85,mail,1,7
MITCHELL,house,85,mail,3,11
MITCHELL,house,85,mail,4,5
MITCHELL,house,85,mail,5,9
MITCHELL,house,85,mail,6,25
MITCHELL,house,85,mail,7,5
MITCHELL,house,85,mail,8,18
MITCHELL,house,85,mail,11,7
MITCHELL,house,85,mail,12,9
MITCHELL,house,85,mail,13,11
MITCHELL,house,85,mail,14,5
MITCHELL,house,85,mail,15,23
MITCHELL,house,85,mail,18,8
MITCHELL,house,85,mail,19,3
MITCHELL,house,85,mail,20,3
MITCHELL,house,85,mail,21,4
MITCHELL,house,85,mail,22,14
MITCHELL,house,85,mail,25,5
MITCHELL,house,85,mail,26,14
MITCHELL,house,85,mail,28,8
MITCHELL,house,85,mail,32,3
MITCHELL,house,85,mail,34,4
MITCHELL,house,85,mail,35,3
MITCHELL,house,85,mail,36,4
MITCHELL,house,85,mail,41,3
MITCHELL,house,85,mail,43,3
MITCHELL,house,85,mail,50,1
MITCHELL,house,85,mail,54,3
MITCHELL,senate,47,inperson,3,252
MITCHELL,senate,47,inperson,4,398
MITCHELL,senate,47,inperson,5,324
MITCHELL,senate,47,inperson,6,254
MITCHELL,senate,47,inperson,7,322
MITCHELL,senate,47,inperson,8,307
MITCHELL,senate,47,inperson,11,290
MITCHELL,senate,47,inperson,12,249
MITCHELL,senate,47,inperson,13,251
MITCHELL,senate,47,inperson,14,225
MITCHELL,senate,47,inperson,15,270
MITCHELL,senate,47,inperson,18,287
MITCHELL,senate,47,inperson,19,282
MITCHELL,senate,47,mail,0,12
MITCHELL,senate,47,mail,1,7
MITCHELL,senate,47,mail,3,11
MITCHELL,senate,47,mail,4,5
MITCHELL,senate,47,mail,5,9
MITCHELL,senate,47,mail,6,25
MITCHELL,senate,47,mail,7,5
MITCHELL,senate,47,mail,8,18
MITCHELL,senate,47,mail,11,7
MITCHELL,senate,47,mail,12,9
MITCHELL,senate,47,mail,13,11
MITCHELL,senate,47,mail,14,5
MITCHELL,senate,47,mail,15,23
MITCHELL,senate,47,mail,18,8
MITCHELL,senate,47,mail,19,3
MITCHELL,senate,47,mail,20,3
MITCHELL,senate,47,mail,21,4
MITCHELL,senate,47,mail,22,14
MITCHELL,senate,47,mail,25,5
MITCHELL,senate,47,mail,26,14
MITCHELL,senate,47,mail,28,8
MITCHELL,senate,47,mail,32,3
MITCHELL,senate,47,mail,34,4
MITCHELL,senate,47,mail,35,3
MITCHELL,senate,47,mail,36,4
MITCHELL,senate,47,mail,41,3
MITCHELL,senate,47,mail,43,3
MITCHELL,senate,47,mail,50,1
MITCHELL,senate,47,mail,54,3
MONTGOMERY,house,67,inperson,3,306
MONTGOMERY,house,67,inperson,4,399
MONTGOMERY,house,67,inperson,5,328
MONTGOMERY,house,67,inperson,6,298
MONTGOMERY,house,67,inperson,7,310
MONTGOMERY,house,67,inperson,8,322
MONTGOMERY,house,67,inperson,11,260
MONTGOMERY,house,67,inperson,12,221
MONTGOMERY,house,67,inperson,13,264
MONTGOMERY,house,67,inperson,14,226
MONTGOMERY,house,67,inperson,15,248
MONTGOMERY,house,67,inperson,18,232
MONTGOMERY,house,67,inperson,19,293
MONTGOMERY,house,67,mail,0,1
MONTGOMERY,house,67,mail,1,49
MONTGOMERY,house,67,mail,3,2
MONTGOMERY,house,67,mail,4,6
MONTGOMERY,house,67,mail,5,10
MONTGOMERY,house,67,mail,6,11
MONTGOMERY,house,67,mail,7,3
MONTGOMERY,house,67,mail,8,15
MONTGOMERY,house,67,mail,11,12
MONTGOMERY,house,67,mail,12,12
MONTGOMERY,house,67,mail,13,4
MONTGOMERY,house,67,mail,14,1
MONTGOMERY,house,67,mail,15,16
MONTGOMERY,house,67,mail,19,7
MONTGOMERY,house,67,mail,20,2
MONTGOMERY,house,67,mail,21,3
MONTGOMERY,house,67,mail,22,18
MONTGOMERY,house,67,mail,27,2
MONTGOMERY,house,67,mail,29,1
MONTGOMERY,house,67,mail,36,3
MONTGOMERY,house,67,mail,40,1
MONTGOMERY,house,67,mail,42,2
MONTGOMERY,house,67,mail,44,1
MONTGOMERY,house,67,mail,46,2
MONTGOMERY,house,67,mail,48,2
MONTGOMERY,house,67,mail,50,2
MONTGOMERY,senate,29,inperson,3,306
MONTGOMERY,senate,29,inperson,4,399
MONTGOMERY,senate,29,inperson,5,328
MONTGOMERY,senate,29,inperson,6,298
MONTGOMERY,senate,29,inperson,7,310
MONTGOMERY,senate,29,inperson,8,322
MONTGOMERY,senate,29,inperson,11,260
MONTGOMERY,senate,29,inperson,12,221
MONTGOMERY,senate,29,inperson,13,264
MONTGOMERY,senate,29,inperson,14,226
MONTGOMERY,senate,29,inperson,15,248
MONTGOMERY,senate,29,inperson,18,232
MONTGOMERY,senate,29,inperson,19,293
MONTGOMERY,senate,29,mail,0,1
MONTGOMERY,senate,29,mail,1,49
MONTGOMERY,senate,29,mail,3,2
MONTGOMERY,senate,29,mail,4,6
MONTGOMERY,senate,29,mail,5,10
MONTGOMERY,senate,29,mail,6,11
MONTGOMERY,senate,29,mail,7,3
MONTGOMERY,senate,29,mail,8,15
MONTGOMERY,senate,29,mail,11,12
MONTGOMERY,senate,29,mail,12,12
MONTGOMERY,senate,29,mail,13,4
MONTGOMERY,senate,29,mail,14,1
MONTGOMERY,senate,29,mail,15,16
MONTGOMERY,senate,29,mail,19,7
MONTGOMERY,senate,29,mail,20,2
MONTGOMERY,senate,29,mail,21,3
MONTGOMERY,senate,29,mail,22,18
MONTGOMERY,senate,29,mail,27,2
MONTGOMERY,senate,29,mail,29,1
MONTGOMERY,senate,29,mail,36,3
MONTGOMERY,senate,29,mail,40,1
MONTGOMERY,senate,29,mail,42,2
MONTGOMERY,senate,29,mail,44,1
MONTGOMERY,senate,29,mail,46,2
MONTGOMERY,senate,29,mail,48,2
MONTGOMERY,senate,29,mail,50,2
MOORE,house,51,inperson,3,353
MOORE,house,51,inperson,4,357
MOORE,house,51,inperson,5,268
MOORE,house,51,inperson,6,214
MOORE,house,51,inperson,7,286
MOORE,house,51,inperson,8,218
MOORE,house,51,inperson,10,143
MOORE,house,51,inperson,11,243
MOORE,house,51,inperson,12,245
MOORE,house,51,inperson,13,205
MOORE,house,51,inperson,14,226
MOORE,house,51,inperson,15,250
MOORE,house,51,inperson,16,84
MOORE,house,51,inperson,18,202
MOORE,house,51,inperson,19,219
MOORE,house,51,mail,0,23
MOORE,house,51,mail,1,21
MOORE,house,51,mail,2,1
MOORE,house,51,mail,3,8
MOORE,house,51,mail,4,23
MOORE,house,51,mail,5,10
MOORE,house,51,mail,6,19
MOORE,house,51,mail,7,10
MOORE,house,51,mail,8,8
MOORE,house,51,mail,10,4
MOORE,house,51,mail,11,9
MOORE,house,51,mail,12,13
MOORE,house,51,mail,13,14
MOORE,house,51,mail,14,4
MOORE,house,51,mail,15,9
MOORE,house,51,mail,18,9
MOORE,house,51,mail,19,7
MOORE,house,51,mail,20,4
MOORE,house,51,mail,21,3
MOORE,house,51,mail,22,4
MOORE,house,51,mail,25,5
MOORE,house,51,mail,26,5
MOORE,house,51,mail,27,3
MOORE,house,51,mail,28,5
MOORE,house,51,mail,29,2
MOORE,house,51,mail,31,3
MOORE,house,51,mail,32,2
MOORE,house,51,mail,33,7
MOORE,house,51,mail,34,6
MOORE,house,51,mail,36,3
MOORE,house,51,mail,39,1
MOORE,house,51,mail,40,1
MOORE,house,51,mail,41,4
MOORE,house,51,mail,43,3
MOORE,house,51,mail,45,1
MOORE,house,51,mail,46,5
MOORE,house,51,mail,47,1
MOORE,house,51,mail,48,2
MOORE,house,51,mail,50,2
MOORE,house,51,mail,53,1
MOORE,house,51,mail,56,1
MOORE,house,52,inperson,3,545
MOORE,house,52,inperson,4,703
MOORE,house,52,inperson,5,566
MOORE,house,52,inperson,6,492
MOORE,house,52,inperson,7,544
MOORE,house,52,inperson,8,447
MOORE,house,52,inperson,10,319
MOORE,house,52,inperson,11,478
MOORE,house,52,inperson,12,451
MOORE,house,52,inperson,13,439
MOORE,house,52,inperson,14,492
MOORE,house,52,inperson,15,477
MOORE,house,52,inperson,16,155
MOORE,house,52,inperson,18,395
MOORE,house,52,inperson,19,412
MOORE,house,52,mail,0,98
MOORE,house,52,mail,1,83
MOORE,house,52,mail,2,3
MOORE,house,52,mail,3,45
MOORE,house,52,mail,4,57
MOORE,house,52,mail,5,61
MOORE,house,52,mail,6,43
MOORE,house,52,mail,7,26
MOORE,house,52,mail,8,53
MOORE,house,52,mail,10,33
MOORE,house,52,mail,11,26
MOORE,house,52,mail,12,41
MOORE,house,52,mail,13,54
MOORE,house,52,mail,14,20
MOORE,house,52,mail,15,69
MOORE,house,52,mail,16,4
MOORE,house,52,mail,18,26
MOORE,house,52,mail,19,28
MOORE,house,52,mail,20,24
MOORE,house,52,mail,21,5
MOORE,house,52,mail,22,32
MOORE,house,52,mail,25,29
MOORE,house,52,mail,26,21
MOORE,house,52,mail,27,1
MOORE,house,52,mail,28,17
MOORE,house,52,mail,29,3
MOORE,house,52,mail,31,9
MOORE,house,52,mail,32,5
MOORE,house,52,mail,33,10
MOORE,house,52,mail,34,10
MOORE,house,52,mail,35,1
MOORE,house,52,mail,36,8
MOORE,house,52,mail,39,8
MOORE,house,52,mail,40,4
MOORE,house,52,mail,41,14
MOORE,house,52,mail,43,11
MOORE,house,52,mail,45,6
MOORE,house,52,mail,46,5
MOORE,house,52,mail,47,9
MOORE,house,52,mail,48,11
MOORE,house,52,mail,49,4
MOORE,house,52,mail,50,11
MOORE,house,52,mail,53,5
MOORE,house,52,mail,54,1
MOORE,house,78,inperson,3,562
MOORE,house,78,inperson,4,832
MOORE,house,78,inperson,5,640
MOORE,house,78,inperson,6,697
MOORE,house,78,inperson,7,751
MOORE,house,78,inperson,8,652
MOORE,house,78,inperson,10,379
MOORE,house,78,inperson,11,640
MOORE,house,78,inperson,12,707
MOORE,house,78,inperson,13,648
MOORE,house,78,inperson,14,722
MOORE,house,78,inperson,15,769
MOORE,house,78,inperson,16,235
MOORE,house,78,inperson,18,740
MOORE,house,78,inperson,19,667
MOORE,house,78,mail,0,87
MOORE,house,78,mail,1,55
MOORE,house,78,mail,2,1
MOORE,house,78,mail,3,36
MOORE,house,78,mail,4,57
MOORE,house,78,mail,5,45
MOORE,house,78,mail,6,51
MOORE,house,78,mail,7,16
MOORE,house,78,mail,8,52
MOORE,house,78,mail,10,35
MOORE,house,78,mail,11,35
MOORE,house,78,mail,12,30
MOORE,house,78,mail,13,35
MOORE,house,78,mail,14,12
MOORE,house,78,mail,15,64
MOORE,house,78,mail,16,2
MOORE,house,78,mail,18,19
MOORE,house,78,mail,19,29
MOORE,house,78,mail,20,30
MOORE,house,78,mail,21,11
MOORE,house,78,mail,22,49
MOORE,house,78,mail,25,19
MOORE,house,78,mail,26,37
MOORE,house,78,mail,27,3
MOORE,house,78,mail,28,20
MOORE,house,78,mail,29,2
MOORE,house,78,mail,31,13
MOORE,house,78,mail,32,1
MOORE,house,78,mail,33,11
MOORE,house,78,mail,34,10
MOORE,house,78,mail,35,2
MOORE,house,78,mail,36,12
MOORE,house,78,mail,39,11
MOORE,house,78,mail,40,6
MOORE,house,78,mail,41,7
MOORE,house,78,mail,42,5
MOORE,house,78,mail,43,11
MOORE,house,78,mail,45,6
MOORE,house,78,mail,46,1
MOORE,house,78,mail,47,3
MOORE,house,78,mail,48,1
MOORE,house,78,mail,50,5
MOORE,house,78,mail,53,1
MOORE,house,78,mail,55,1
MOORE,house,78,mail,56,2
MOORE,house,78,mail,57,1
MOORE,senate,21,inperson,3,1460
MOORE,senate,21,inperson,4,1892
MOORE,senate,21,inperson,5,1474
MOORE,senate,21,inperson,6,1403
MOORE,senate,21,inperson,7,1581
MOORE,senate,21,inperson,8,1317
MOORE,senate,21,inperson,10,841
MOORE,senate,21,inperson,11,1361
MOORE,senate,21,inperson,12,1403
MOORE,senate,21,inperson,13,1292
MOORE,senate,21,inperson,14,1440
MOORE,senate,21,inperson,15,1496
MOORE,senate,21,inperson,16,474
MOORE,senate,21,inperson,18,1337
MOORE,senate,21,inperson,19,1298
MOORE,senate,21,mail,0,208
MOORE,senate,21,mail,1,159
MOORE,senate,21,mail,2,5
MOORE,senate,21,mail,3,89
MOORE,senate,21,mail,4,137
MOORE,senate,21,mail,5,116
MOORE,senate,21,mail,6,113
MOORE,senate,21,mail,7,52
MOORE,senate,21,mail,8,113
MOORE,senate,21,mail,10,72
MOORE,senate,21,mail,11,70
MOORE,senate,21,mail,12,84
MOORE,senate,21,mail,13,103
MOORE,senate,21,mail,14,36
MOORE,senate,21,mail,15,142
MOORE,senate,21,mail,16,6
MOORE,senate,21,mail,18,54
MOORE,senate,21,mail,19,64
MOORE,senate,21,mail,20,58
MOORE,senate,21,mail,21,19
MOORE,senate,21,mail,22,85
MOORE,senate,21,mail,25,53
MOORE,senate,21,mail,26,63
MOORE,senate,21,mail,27,7
MOORE,senate,21,mail,28,42
MOORE,senate,21,mail,29,7
MOORE,senate,21,mail,31,25
MOORE,senate,21,mail,32,8
MOORE,senate,21,mail,33,28
MOORE,senate,21,mail,34,26
MOORE,senate,21,mail,35,3
MOORE,senate,21,mail,36,23
MOORE,senate,21,mail,39,20
MOORE,senate,21,mail,40,11
MOORE,senate,21,mail,41,25
MOORE,senate,21,mail,42,5
MOORE,senate,21,mail,43,25
MOORE,senate,21,mail,45,13
MOORE,senate,21,mail,46,11
MOORE,senate,21,mail,47,13
MOORE,senate,21,mail,48,14
MOORE,senate,21,mail,49,4
MOORE,senate,21,mail,50,18
MOORE,senate,21,mail,53,7
MOORE,senate,21,mail,54,1
MOORE,senate,21,mail,55,1
MOORE,senate,21,mail,56,3
MOORE,senate,21,mail,57,1
NASH,house,24,inperson,3,78
NASH,house,24,inperson,4,91
NASH,house,24,inperson,5,68
NASH,house,24,inperson,6,82
NASH,house,24,inperson,7,65
NASH,house,24,inperson,8,52
NASH,house,24,inperson,9,22
NASH,house,24,inperson,10,41
NASH,house,24,inperson,11,66
NASH,house,24,inperson,12,65
NASH,house,24,inperson,13,65
NASH,house,24,inperson,14,64
NASH,house,24,inperson,15,83
NASH,house,24,inperson,16,11
NASH,house,24,inperson,17,31
NASH,house,24,inperson,18,66
NASH,house,24,inperson,19,67
NASH,house,24,mail,0,6
NASH,house,24,mail,1,4
NASH,house,24,mail,3,3
NASH,house,24,mail,5,1
NASH,house,24,mail,6,5
NASH,house,24,mail,7,1
NASH,house,24,mail,8,1
NASH,house,24,mail,12,4
NASH,house,24,mail,13,5
NASH,house,24,mail,15,1
NASH,house,24,mail,19,1
NASH,house,24,mail,21,1
NASH,house,24,mail,46,1
NASH,house,24,mail,48,1
NASH,house,24,mail,49,2
NASH,house,24,mail,53,1
NASH,house,25,inperson,3,1603
NASH,house,25,inperson,4,1821
NASH,house,25,inperson,5,1319
NASH,house,25,inperson,6,1248
NASH,house,25,inperson,7,1193
NASH,house,25,inperson,8,1237
NASH,house,25,inperson,9,265
NASH,house,25,inperson,10,765
NASH,house,25,inperson,11,1172
NASH,house,25,inperson,12,1229
NASH,house,25,inperson,13,1281
NASH,house,25,inperson,14,1291
NASH,house,25,inperson,15,1516
NASH,house,25,inperson,16,307
NASH,house,25,inperson,17,665
NASH,house,25,inperson,18,1477
NASH,house,25,inperson,19,1653
NASH,house,25,mail,0,55
NASH,house,25,mail,1,61
NASH,house,25,mail,2,1
NASH,house,25,mail,3,33
NASH,house,25,mail,4,72
NASH,house,25,mail,5,39
NASH,house,25,mail,6,47
NASH,house,25,mail,7,24
NASH,house,25,mail,8,28
NASH,house,25,mail,9,2
NASH,house,25,mail,10,29
NASH,house,25,mail,11,23
NASH,house,25,mail,12,18
NASH,house,25,mail,13,37
NASH,house,25,mail,14,6
NASH,house,25,mail,15,23
NASH,house,25,mail,17,22
NASH,house,25,mail,18,26
NASH,house,25,mail,19,19
NASH,house,25,mail,20,17
NASH,house,25,mail,21,13
NASH,house,25,mail,22,21
NASH,house,25,mail,25,21
NASH,house,25,mail,26,19
NASH,house,25,mail,27,2
NASH,house,25,mail,28,23
NASH,house,25,mail,29,9
NASH,house,25,mail,32,9
NASH,house,25,mail,33,5
NASH,house,25,mail,34,10
NASH,house,25,mail,35,10
NASH,house,25,mail,36,5
NASH,house,25,mail,39,4
NASH,house,25,mail,40,10
NASH,house,25,mail,41,13
NASH,house,25,mail,42,6
NASH,house,25,mail,43,8
NASH,house,25,mail,46,12
NASH,house,25,mail,47,7
NASH,house,25,mail,48,15
NASH,house,25,mail,49,1
NASH,house,25,mail,50,7
NASH,house,25,mail,53,4
NASH,house,25,mail,54,4
NASH,house,25,mail,55,6
NASH,house,25,mail,56,7
NASH,senate,11,inperson,3,1681
NASH,senate,11,inperson,4,1912
NASH,senate,11,inperson,5,1387
NASH,senate,11,inperson,6,1330
NASH,senate,11,inperson,7,1258
NASH,senate,11,inperson,8,1289
NASH,senate,11,inperson,9,287
NASH,senate,11,inperson,10,806
NASH,senate,11,inperson,11,1238
NASH,senate,11,inperson,12,1294
NASH,senate,11,inperson,13,1346
NASH,senate,11,inperson,14,1355
NASH,senate,11,inperson,15,1599
NASH,senate,11,inperson,16,318
NASH,senate,11,inperson,17,696
NASH,senate,11,inperson,18,1543
NASH,senate,11,inperson,19,1720
NASH,senate,11,mail,0,61
NASH,senate,11,mail,1,65
NASH,senate,11,mail,2,1
NASH,senate,11,mail,3,36
NASH,senate,11,mail,4,72
NASH,senate,11,mail,5,40
NASH,senate,11,mail,6,52
NASH,senate,11,mail,7,25
NASH,senate,11,mail,8,29
NASH,senate,11,mail,9,2
NASH,senate,11,mail,10,29
NASH,senate,11,mail,11,23
NASH,senate,11,mail,12,22
NASH,senate,11,mail,13,42
NASH,senate,11,mail,14,6
NASH,senate,11,mail,15,24
NASH,senate,11,mail,17,22
NASH,senate,11,mail,18,26
NASH,senate,11,mail,19,20
NASH,senate,11,mail,20,17
NASH,senate,11,mail,21,14
NASH,senate,11,mail,22,21
NASH,senate,11,mail,25,21
NASH,senate,11,mail,26,19
NASH,senate,11,mail,27,2
NASH,senate,11,mail,28,23
NASH,senate,11,mail,29,9
NASH,senate,11,mail,32,9
NASH,senate,11,mail,33,5
NASH,senate,11,mail,34,10
NASH,senate,11,mail,35,10
NASH,senate,11,mail,36,5
NASH,senate,11,mail,39,4
NASH,senate,11,mail,40,10
NASH,senate,11,mail,41,13
NASH,senate,11,mail,42,6
NASH,senate,11,mail,43,8
NASH,senate,11,mail,46,13
NASH,senate,11,mail,47,7
NASH,senate,11,mail,48,16
NASH,senate,11,mail,49,3
NASH,senate,11,mail,50,7
NASH,senate,11,mail,53,5
NASH,senate,11,mail,54,4
NASH,senate,11,mail,55,6
NASH,senate,11,mail,56,7
NEW HANOVER,house,18,inperson,3,1611
NEW HANOVER,house,18,inperson,4,1857
NEW HANOVER,house,18,inperson,5,1584
NEW HANOVER,house,18,inperson,6,1404
NEW HANOVER,house,18,inperson,7,1392
NEW HANOVER,house,18,inperson,8,1401
NEW HANOVER,house,18,inperson,9,651
NEW HANOVER,house,18,inperson,10,786
NEW HANOVER,house,18,inperson,11,1336
NEW HANOVER,house,18,inperson,12,1360
NEW HANOVER,house,18,inperson,13,1452
NEW HANOVER,house,18,inperson,14,1525
NEW HANOVER,house,18,inperson,15,1522
NEW HANOVER,house,18,inperson,18,1304
NEW HANOVER,house,18,inperson,19,1367
NEW HANOVER,house,18,mail,0,162
NEW HANOVER,house,18,mail,1,193
NEW HANOVER,house,18,mail,3,92
NEW HANOVER,house,18,mail,4,105
NEW HANOVER,house,18,mail,5,108
NEW HANOVER,house,18,mail,6,54
NEW HANOVER,house,18,mail,7,37
NEW HANOVER,house,18,mail,8,85
NEW HANOVER,house,18,mail,9,9
NEW HANOVER,house,18,mail,10,55
NEW HANOVER,house,18,mail,11,58
NEW HANOVER,house,18,mail,12,69
NEW HANOVER,house,18,mail,13,71
NEW HANOVER,house,18,mail,14,33
NEW HANOVER,house,18,mail,15,79
NEW HANOVER,house,18,mail,17,30
NEW HANOVER,house,18,mail,18,58
NEW HANOVER,house,18,mail,19,51
NEW HANOVER,house,18,mail,20,16
NEW HANOVER,house,18,mail,21,8
NEW HANOVER,house,18,mail,22,32
NEW HANOVER,house,18,mail,24,21
NEW HANOVER,house,18,mail,25,32
NEW HANOVER,house,18,mail,26,35
NEW HANOVER,house,18,mail,27,6
NEW HANOVER,house,18,mail,28,40
NEW HANOVER,house,18,mail,29,2
NEW HANOVER,house,18,mail,31,13
NEW HANOVER,house,18,mail,32,20
NEW HANOVER,house,18,mail,33,26
NEW HANOVER,house,18,mail,34,16
NEW HANOVER,house,18,mail,35,11
NEW HANOVER,house,18,mail,36,2
NEW HANOVER,house,18,mail,38,20
NEW HANOVER,house,18,mail,39,13
NEW HANOVER,house,18,mail,40,16
NEW HANOVER,house,18,mail,41,18
NEW HANOVER,house,18,mail,42,1
NEW HANOVER,house,18,mail,43,12
NEW HANOVER,house,18,mail,45,8
NEW HANOVER,house,18,mail,46,12
NEW HANOVER,house,18,mail,47,13
NEW HANOVER,house,18,mail,48,9
NEW HANOVER,house,18,mail,49,7
NEW HANOVER,house,18,mail,50,25
NEW HANOVER,house,18,mail,52,8
NEW HANOVER,house,18,mail,54,7
NEW HANOVER,house,18,mail,56,2
NEW HANOVER,house,18,mail,57,4
NEW HANOVER,house,19,inperson,3,757
NEW HANOVER,house,19,inperson,4,1039
NEW HANOVER,house,19,inperson,5,873
NEW HANOVER,house,19,inperson,6,786
NEW HANOVER,house,19,inperson,7,708
NEW HANOVER,house,19,inperson,8,686
NEW HANOVER,house,19,inperson,9,252
NEW HANOVER,house,19,inperson,10,382
NEW HANOVER,house,19,inperson,11,804
NEW HANOVER,house,19,inperson,12,772
NEW HANOVER,house,19,inperson,13,828
NEW HANOVER,house,19,inperson,14,828
NEW HANOVER,house,19,inperson,15,983
NEW HANOVER,house,19,inperson,18,905
NEW HANOVER,house,19,inperson,19,801
NEW HANOVER,house,19,mail,0,127
NEW HANOVER,house,19,mail,1,83
NEW HANOVER,house,19,mail,2,1
NEW HANOVER,house,19,mail,3,42
NEW HANOVER,house,19,mail,4,47
NEW HANOVER,house,19,mail,5,49
NEW HANOVER,house,19,mail,6,36
NEW HANOVER,house,19,mail,7,13
NEW HANOVER,house,19,mail,8,56
NEW HANOVER,house,19,mail,9,3
NEW HANOVER,house,19,mail,10,39
NEW HANOVER,house,19,mail,11,42
NEW HANOVER,house,19,mail,12,46
NEW HANOVER,house,19,mail,13,29
NEW HANOVER,house,19,mail,14,6
NEW HANOVER,house,19,mail,15,39
NEW HANOVER,house,19,mail,17,23
NEW HANOVER,house,19,mail,18,21
NEW HANOVER,house,19,mail,19,53
NEW HANOVER,house,19,mail,20,6
NEW HANOVER,house,19,mail,21,5
NEW HANOVER,house,19,mail,22,29
NEW HANOVER,house,19,mail,24,12
NEW HANOVER,house,19,mail,25,15
NEW HANOVER,house,19,mail,26,20
NEW HANOVER,house,19,mail,27,1
NEW HANOVER,house,19,mail,28,16
NEW HANOVER,house,19,mail,29,2
NEW HANOVER,house,19,mail,31,11
NEW HANOVER,house,19,mail,32,10
NEW HANOVER,house,19,mail,33,13
NEW HANOVER,house,19,mail,34,12
NEW HANOVER,house,19,mail,35,6
NEW HANOVER,house,19,mail,36,2
NEW HANOVER,house,19,mail,38,4
NEW HANOVER,house,19,mail,39,6
NEW HANOVER,house,19,mail,40,11
NEW HANOVER,house,19,mail,41,9
NEW HANOVER,house,19,mail,43,9
NEW HANOVER,house,19,mail,45,7
NEW HANOVER,house,19,mail,46,4
NEW HANOVER,house,19,mail,47,10
NEW HANOVER,house,19,mail,48,9
NEW HANOVER,house,19,mail,50,8
NEW HANOVER,house,19,mail,52,3
NEW HANOVER,house,19,mail,54,1
NEW HANOVER,house,19,mail,55,3
NEW HANOVER,house,19,mail,56,1
NEW HANOVER,house,20,inperson,3,1361
NEW HANOVER,house,20,inperson,4,1769
NEW HANOVER,house,20,inperson,5,1582
NEW HANOVER,house,20,inperson,6,1517
NEW HANOVER,house,20,inperson,7,1518
NEW HANOVER,house,20,inperson,8,1364
NEW HANOVER,house,20,inperson,9,551
NEW HANOVER,house,20,inperson,10,730
NEW HANOVER,house,20,inperson,11,1380
NEW HANOVER,house,20,inperson,12,1452
NEW HANOVER,house,20,inperson,13,1383
NEW HANOVER,house,20,inperson,14,1602
NEW HANOVER,house,20,inperson,15,1404
NEW HANOVER,house,20,inperson,18,1218
NEW HANOVER,house,20,inperson,19,1271
NEW HANOVER,house,20,mail,0,239
NEW HANOVER,house,20,mail,1,167
NEW HANOVER,house,20,mail,3,95
NEW HANOVER,house,20,mail,4,98
NEW HANOVER,house,20,mail,5,107
NEW HANOVER,house,20,mail,6,70
NEW HANOVER,house,20,mail,7,28
NEW HANOVER,house,20,mail,8,97
NEW HANOVER,house,20,mail,9,9
NEW HANOVER,house,20,mail,10,76
NEW HANOVER,house,20,mail,11,54
NEW HANOVER,house,20,mail,12,89
NEW HANOVER,house,20,mail,13,72
NEW HANOVER,house,20,mail,14,20
NEW HANOVER,house,20,mail,15,89
NEW HANOVER,house,20,mail,17,36
NEW HANOVER,house,20,mail,18,39
NEW HANOVER,house,20,mail,19,85
NEW HANOVER,house,20,mail,20,15
NEW HANOVER,house,20,mail,21,11
NEW HANOVER,house,20,mail,22,52
NEW HANOVER,house,20,mail,24,34
NEW HANOVER,house,20,mail,25,47
NEW HANOVER,house,20,mail,26,26
NEW HANOVER,house,20,mail,27,4
NEW HANOVER,house,20,mail,28,41
NEW HANOVER,house,20,mail,29,1
NEW HANOVER,house,20,mail,31,18
NEW HANOVER,house,20,mail,32,30
NEW HANOVER,house,20,mail,33,36
NEW HANOVER,house,20,mail,34,19
NEW HANOVER,house,20,mail,35,9
NEW HANOVER,house,20,mail,36,4
NEW HANOVER,house,20,mail,38,21
NEW HANOVER,house,20,mail,39,15
NEW HANOVER,house,20,mail,40,24
NEW HANOVER,house,20,mail,41,10
NEW HANOVER,house,20,mail,42,6
NEW HANOVER,house,20,mail,43,24
NEW HANOVER,house,20,mail,45,11
NEW HANOVER,house,20,mail,46,5
NEW HANOVER,house,20,mail,47,11
NEW HANOVER,house,20,mail,48,10
NEW HANOVER,house,20,mail,49,1
NEW HANOVER,house,20,mail,50,12
NEW HANOVER,house,20,mail,51,1
NEW HANOVER,house,20,mail,52,8
NEW HANOVER,house,20,mail,54,3
NEW HANOVER,house,20,mail,55,2
NEW HANOVER,house,20,mail,56,1
NEW HANOVER,house,20,mail,57,6
NEW HANOVER,senate,7,inperson,3,3466
NEW HANOVER,senate,7,inperson,4,4428
NEW HANOVER,senate,7,inperson,5,3799
NEW HANOVER,senate,7,inperson,6,3499
NEW HANOVER,senate,7,inperson,7,3457
NEW HANOVER,senate,7,inperson,8,3262
NEW HANOVER,senate,7,inperson,9,1370
NEW HANOVER,senate,7,inperson,10,1759
NEW HANOVER,senate,7,inperson,11,3345
NEW HANOVER,senate,7,inperson,12,3380
NEW HANOVER,senate,7,inperson,13,3472
NEW HANOVER,senate,7,inperson,14,3782
NEW HANOVER,senate,7,inperson,15,3680
NEW HANOVER,senate,7,inperson,18,3230
NEW HANOVER,senate,7,inperson,19,3242
NEW HANOVER,senate,7,mail,0,496
NEW HANOVER,senate,7,mail,1,416
NEW HANOVER,senate,7,mail,2,1
NEW HANOVER,senate,7,mail,3,217
NEW HANOVER,senate,7,mail,4,238
NEW HANOVER,senate,7,mail,5,251
NEW HANOVER,senate,7,mail,6,148
NEW HANOVER,senate,7,mail,7,74
NEW HANOVER,senate,7,mail,8,223
NEW HANOVER,senate,7,mail,9,20
NEW HANOVER,senate,7,mail,10,164
NEW HANOVER,senate,7,mail,11,143
NEW HANOVER,senate,7,mail,12,197
NEW HANOVER,senate,7,mail,13,160
NEW HANOVER,senate,7,mail,14,56
NEW HANOVER,senate,7,mail,15,199
NEW HANOVER,senate,7,mail,17,84
NEW HANOVER,senate,7,mail,18,108
NEW HANOVER,senate,7,mail,19,179
NEW HANOVER,senate,7,mail,20,36
NEW HANOVER,senate,7,mail,21,24
NEW HANOVER,senate,7,mail,22,105
NEW HANOVER,senate,7,mail,24,60
NEW HANOVER,senate,7,mail,25,89
NEW HANOVER,senate,7,mail,26,77
NEW HANOVER,senate,7,mail,27,8
NEW HANOVER,senate,7,mail,28,96
NEW HANOVER,senate,7,mail,29,2
NEW HANOVER,senate,7,mail,31,40
NEW HANOVER,senate,7,mail,32,52
NEW HANOVER,senate,7,mail,33,68
NEW HANOVER,senate,7,mail,34,43
NEW HANOVER,senate,7,mail,35,25
NEW HANOVER,senate,7,mail,36,8
NEW HANOVER,senate,7,mail,38,45
NEW HANOVER,senate,7,mail,39,26
NEW HANOVER,senate,7,mail,40,51
NEW HANOVER,senate,7,mail,41,35
NEW HANOVER,senate,7,mail,42,7
NEW HANOVER,senate,7,mail,43,38
NEW HANOVER,senate,7,mail,45,23
NEW HANOVER,senate,7,mail,46,19
NEW HANOVER,senate,7,mail,47,33
NEW HANOVER,senate,7,mail,48,27
NEW HANOVER,senate,7,mail,49,8
NEW HANOVER,senate,7,mail,50,39
NEW HANOVER,senate,7,mail,51,1
NEW HANOVER,senate,7,mail,52,16
NEW HANOVER,senate,7,mail,54,11
NEW HANOVER,senate,7,mail,55,5
NEW HANOVER,senate,7,mail,56,4
NEW HANOVER,senate,7,mail,57,9
NEW HANOVER,senate,8,inperson,3,263
NEW HANOVER,senate,8,inperson,4,237
NEW HANOVER,senate,8,inperson,5,240
NEW HANOVER,senate,8,inperson,6,208
NEW HANOVER,senate,8,inperson,7,161
NEW HANOVER,senate,8,inperson,8,189
NEW HANOVER,senate,8,inperson,9,84
NEW HANOVER,senate,8,inperson,10,139
NEW HANOVER,senate,8,inperson,11,175
NEW HANOVER,senate,8,inperson,12,204
NEW HANOVER,senate,8,inperson,13,191
NEW HANOVER,senate,8,inperson,14,173
NEW HANOVER,senate,8,inperson,15,229
NEW HANOVER,senate,8,inperson,18,197
NEW HANOVER,senate,8,inperson,19,197
NEW HANOVER,senate,8,mail,0,32
NEW HANOVER,senate,8,mail,1,27
NEW HANOVER,senate,8,mail,3,12
NEW HANOVER,senate,8,mail,4,12
NEW HANOVER,senate,8,mail,5,13
NEW HANOVER,senate,8,mail,6,12
NEW HANOVER,senate,8,mail,7,4
NEW HANOVER,senate,8,mail,8,15
NEW HANOVER,senate,8,mail,9,1
NEW HANOVER,senate,8,mail,10,6
NEW HANOVER,senate,8,mail,11,11
NEW HANOVER,senate,8,mail,12,7
NEW HANOVER,senate,8,mail,13,12
NEW HANOVER,senate,8,mail,14,3
NEW HANOVER,senate,8,mail,15,8
NEW HANOVER,senate,8,mail,17,5
NEW HANOVER,senate,8,mail,18,10
NEW HANOVER,senate,8,mail,19,10
NEW HANOVER,senate,8,mail,20,1
NEW HANOVER,senate,8,mail,22,8
NEW HANOVER,senate,8,mail,24,7
NEW HANOVER,senate,8,mail,25,5
NEW HANOVER,senate,8,mail,26,4
NEW HANOVER,senate,8,mail,27,3
NEW HANOVER,senate,8,mail,28,1
NEW HANOVER,senate,8,mail,29,3
NEW HANOVER,senate,8,mail,31,2
NEW HANOVER,senate,8,mail,32,8
NEW HANOVER,senate,8,mail,33,7
NEW HANOVER,senate,8,mail,34,4
NEW HANOVER,senate,8,mail,35,1
NEW HANOVER,senate,8,mail,39,8
NEW HANOVER,senate,8,mail,41,2
NEW HANOVER,senate,8,mail,43,7
NEW HANOVER,senate,8,mail,45,3
NEW HANOVER,senate,8,mail,46,2
NEW HANOVER,senate,8,mail,47,1
NEW HANOVER,senate,8,mail,48,1
NEW HANOVER,senate,8,mail,50,6
NEW HANOVER,senate,8,mail,52,3
NEW HANOVER,senate,8,mail,57,1
NORTHAMPTON,house,27,inperson,3,268
NORTHAMPTON,house,27,inperson,4,354
NORTHAMPTON,house,27,inperson,5,216
NORTHAMPTON,house,27,inperson,6,260
NORTHAMPTON,house,27,inperson,7,257
NORTHAMPTON,house,27,inperson,8,242
NORTHAMPTON,house,27,inperson,11,229
NORTHAMPTON,house,27,inperson,12,220
NORTHAMPTON,house,27,inperson,13,228
NORTHAMPTON,house,27,inperson,14,206
NORTHAMPTON,house,27,inperson,15,258
NORTHAMPTON,house,27,inperson,18,232
NORTHAMPTON,house,27,inperson,19,236
NORTHAMPTON,house,27,mail,0,7
NORTHAMPTON,house,27,mail,1,11
NORTHAMPTON,house,27,mail,3,14
NORTHAMPTON,house,27,mail,4,15
NORTHAMPTON,house,27,mail,5,6
NORTHAMPTON,house,27,mail,6,8
NORTHAMPTON,house,27,mail,7,4
NORTHAMPTON,house,27,mail,8,22
NORTHAMPTON,house,27,mail,11,6
NORTHAMPTON,house,27,mail,12,5
NORTHAMPTON,house,27,mail,13,7
NORTHAMPTON,house,27,mail,14,1
NORTHAMPTON,house,27,mail,15,6
NORTHAMPTON,house,27,mail,18,6
NORTHAMPTON,house,27,mail,19,5
NORTHAMPTON,house,27,mail,20,6
NORTHAMPTON,house,27,mail,21,7
NORTHAMPTON,house,27,mail,22,2
NORTHAMPTON,house,27,mail,25,1
NORTHAMPTON,house,27,mail,26,6
NORTHAMPTON,house,27,mail,28,1
NORTHAMPTON,house,27,mail,29,1
NORTHAMPTON,house,27,mail,32,1
NORTHAMPTON,house,27,mail,33,4
NORTHAMPTON,house,27,mail,36,4
NORTHAMPTON,house,27,mail,39,1
NORTHAMPTON,house,27,mail,40,3
NORTHAMPTON,house,27,mail,41,3
NORTHAMPTON,house,27,mail,43,2
NORTHAMPTON,house,27,mail,48,2
NORTHAMPTON,house,27,mail,50,2
NORTHAMPTON,senate,3,inperson,3,268
NORTHAMPTON,senate,3,inperson,4,354
NORTHAMPTON,senate,3,inperson,5,216
NORTHAMPTON,senate,3,inperson,6,260
NORTHAMPTON,senate,3,inperson,7,257
NORTHAMPTON,senate,3,inperson,8,242
NORTHAMPTON,senate,3,inperson,11,229
NORTHAMPTON,senate,3,inperson,12,220
NORTHAMPTON,senate,3,inperson,13,228
NORTHAMPTON,senate,3,inperson,14,206
NORTHAMPTON,senate,3,inperson,15,258
NORTHAMPTON,senate,3,inperson,18,232
NORTHAMPTON,senate,3,inperson,19,236
NORTHAMPTON,senate,3,mail,0,7
NORTHAMPTON,senate,3,mail,1,11
NORTHAMPTON,senate,3,mail,3,14
NORTHAMPTON,senate,3,mail,4,15
NORTHAMPTON,senate,3,mail,5,6
NORTHAMPTON,senate,3,mail,6,8
NORTHAMPTON,senate,3,mail,7,4
NORTHAMPTON,senate,3,mail,8,22
NORTHAMPTON,senate,3,mail,11,6
NORTHAMPTON,senate,3,mail,12,5
NORTHAMPTON,senate,3,mail,13,7
NORTHAMPTON,senate,3,mail,14,1
NORTHAMPTON,senate,3,mail,15,6
NORTHAMPTON,senate,3,mail,18,6
NORTHAMPTON,senate,3,mail,19,5
NORTHAMPTON,senate,3,mail,20,6
NORTHAMPTON,senate,3,mail,21,7
NORTHAMPTON,senate,3,mail,22,2
NORTHAMPTON,senate,3,mail,25,1
NORTHAMPTON,senate,3,mail,26,6
NORTHAMPTON,senate,3,mail,28,1
NORTHAMPTON,senate,3,mail,29,1
NORTHAMPTON,senate,3,mail,32,1
NORTHAMPTON,senate,3,mail,33,4
NORTHAMPTON,senate,3,mail,36,4
NORTHAMPTON,senate,3,mail,39,1
NORTHAMPTON,senate,3,mail,40,3
NORTHAMPTON,senate,3,mail,41,3
NORTHAMPTON,senate,3,mail,43,2
NORTHAMPTON,senate,3,mail,48,2
NORTHAMPTON,senate,3,mail,50,2
ONSLOW,house,14,inperson,3,589
ONSLOW,house,14,inperson,4,723
ONSLOW,house,14,inperson,5,556
ONSLOW,house,14,inperson,6,481
ONSLOW,house,14,inperson,7,470
ONSLOW,house,14,inperson,8,376
ONSLOW,house,14,inperson,10,211
ONSLOW,house,14,inperson,11,391
ONSLOW,house,14,inperson,12,406
ONSLOW,house,14,inperson,13,444
ONSLOW,house,14,inperson,14,454
ONSLOW,house,14,inperson,15,544
ONSLOW,house,14,inperson,17,206
ONSLOW,house,14,inperson,18,513
ONSLOW,house,14,inperson,19,460
ONSLOW,house,14,mail,0,87
ONSLOW,house,14,mail,1,80
ONSLOW,house,14,mail,3,5
ONSLOW,house,14,mail,4,32
ONSLOW,house,14,mail,5,25
ONSLOW,house,14,mail,6,17
ONSLOW,house,14,mail,7,32
ONSLOW,house,14,mail,8,34
ONSLOW,house,14,mail,10,1
ONSLOW,house,14,mail,11,27
ONSLOW,house,14,mail,12,18
ONSLOW,house,14,mail,13,25
ONSLOW,house,14,mail,14,4
ONSLOW,house,14,mail,15,54
ONSLOW,house,14,mail,17,1
ONSLOW,house,14,mail,18,12
ONSLOW,house,14,mail,19,13
ONSLOW,house,14,mail,20,15
ONSLOW,house,14,mail,21,4
ONSLOW,house,14,mail,22,28
ONSLOW,house,14,mail,25,11
ONSLOW,house,14,mail,26,20
ONSLOW,house,14,mail,27,2
ONSLOW,house,14,mail,28,21
ONSLOW,house,14,mail,29,2
ONSLOW,house,14,mail,32,8
ONSLOW,house,14,mail,33,7
ONSLOW,house,14,mail,34,4
ONSLOW,house,14,mail,35,15
ONSLOW,house,14,mail,40,6
ONSLOW,house,14,mail,41,7
ONSLOW,house,14,mail,42,2
ONSLOW,house,14,mail,43,13
ONSLOW,house,14,mail,46,2
ONSLOW,house,14,mail,47,4
ONSLOW,house,14,mail,48,5
ONSLOW,house,14,mail,50,7
ONSLOW,house,14,mail,54,1
ONSLOW,house,14,mail,55,1
ONSLOW,house,14,mail,57,1
ONSLOW,house,15,inperson,3,909
ONSLOW,house,15,inperson,4,1189
ONSLOW,house,15,inperson,5,878
ONSLOW,house,15,inperson,6,784
ONSLOW,house,15,inperson,7,654
ONSLOW,house,15,inperson,8,663
ONSLOW,house,15,inperson,10,381
ONSLOW,house,15,inperson,11,694
ONSLOW,house,15,inperson,12,666
ONSLOW,house,15,inperson,13,699
ONSLOW,house,15,inperson,14,836
ONSLOW,house,15,inperson,15,850
ONSLOW,house,15,inperson,17,324
ONSLOW,house,15,inperson,18,773
ONSLOW,house,15,inperson,19,773
ONSLOW,house,15,mail,0,79
ONSLOW,house,15,mail,1,110
ONSLOW,house,15,mail,3,6
ONSLOW,house,15,mail,4,38
ONSLOW,house,15,mail,5,61
ONSLOW,house,15,mail,6,16
ONSLOW,house,15,mail,7,36
ONSLOW,house,15,mail,8,41
ONSLOW,house,15,mail,10,2
ONSLOW,house,15,mail,11,19
ONSLOW,house,15,mail,12,40
ONSLOW,house,15,mail,13,18
ONSLOW,house,15,mail,14,5
ONSLOW,house,15,mail,15,44
ONSLOW,house,15,mail,18,19
ONSLOW,house,15,mail,19,22
ONSLOW,house,15,mail,20,11
ONSLOW,house,15,mail,21,11
ONSLOW,house,15,mail,22,17
ONSLOW,house,15,mail,25,14
ONSLOW,house,15,mail,26,16
ONSLOW,house,15,mail,27,4
ONSLOW,house,15,mail,28,15
ONSLOW,house,15,mail,29,1
ONSLOW,house,15,mail,32,7
ONSLOW,house,15,mail,33,8
ONSLOW,house,15,mail,34,11
ONSLOW,house,15,mail,35,20
ONSLOW,house,15,mail,36,1
ONSLOW,house,15,mail,40,10
ONSLOW,house,15,mail,41,5
ONSLOW,house,15,mail,42,1
ONSLOW,house,15,mail,43,10
ONSLOW,house,15,mail,46,4
ONSLOW,house,15,mail,47,11
ONSLOW,house,15,mail,48,7
ONSLOW,house,15,mail,49,1
ONSLOW,house,15,mail,50,7
ONSLOW,house,15,mail,53,1
ONSLOW,house,15,mail,55,1
ONSLOW,house,15,mail,56,1
ONSLOW,house,15,mail,57,3
ONSLOW,house,16,inperson,3,285
ONSLOW,house,16,inperson,4,405
ONSLOW,house,16,inperson,5,280
ONSLOW,house,16,inperson,6,318
ONSLOW,house,16,inperson,7,234
ONSLOW,house,16,inperson,8,247
ONSLOW,house,16,inperson,10,131
ONSLOW,house,16,inperson,11,260
ONSLOW,house,16,inperson,12,220
ONSLOW,house,16,inperson,13,186
ONSLOW,house,16,inperson,14,233
ONSLOW,house,16,inperson,15,260
ONSLOW,house,16,inperson,17,87
ONSLOW,house,16,inperson,18,242
ONSLOW,house,16,inperson,19,279
ONSLOW,house,16,mail,0,35
ONSLOW,house,16,mail,1,63
ONSLOW,house,16,mail,3,1
ONSLOW,house,16,mail,4,23
ONSLOW,house,16,mail,5,11
ONSLOW,house,16,mail,6,11
ONSLOW,house,16,mail,7,14
ONSLOW,house,16,mail,8,22
ONSLOW,house,16,mail,11,9
ONSLOW,house,16,mail,12,11
ONSLOW,house,16,mail,13,10
ONSLOW,house,16,mail,14,5
ONSLOW,house,16,mail,15,11
ONSLOW,house,16,mail,18,11
ONSLOW,house,16,mail,19,6
ONSLOW,house,16,mail,20,11
ONSLOW,house,16,mail,21,9
ONSLOW,house,16,mail,22,13
ONSLOW,house,16,mail,25,6
ONSLOW,house,16,mail,26,11
ONSLOW,house,16,mail,27,3
ONSLOW,house,16,mail,28,4
ONSLOW,house,16,mail,32,3
ONSLOW,house,16,mail,33,3
ONSLOW,house,16,mail,34,3
ONSLOW,house,16,mail,35,5
ONSLOW,house,16,mail,36,3
ONSLOW,house,16,mail,40,1
ONSLOW,house,16,mail,41,4
ONSLOW,house,16,mail,42,2
ONSLOW,house,16,mail,43,5
ONSLOW,house,16,mail,46,5
ONSLOW,house,16,mail,47,1
ONSLOW,house,16,mail,50,7
ONSLOW,house,16,mail,57,1
ONSLOW,senate,6,inperson,3,1783
ONSLOW,senate,6,inperson,4,2317
ONSLOW,senate,6,inperson,5,1714
ONSLOW,senate,6,inperson,6,1583
ONSLOW,senate,6,inperson,7,1358
ONSLOW,senate,6,inperson,8,1286
ONSLOW,senate,6,inperson,10,723
ONSLOW,senate,6,inperson,11,1345
ONSLOW,senate,6,inperson,12,1292
ONSLOW,senate,6,inperson,13,1329
ONSLOW,senate,6,inperson,14,1523
ONSLOW,senate,6,inperson,15,1654
ONSLOW,senate,6,inperson,17,617
ONSLOW,senate,6,inperson,18,1528
ONSLOW,senate,6,inperson,19,1512
ONSLOW,senate,6,mail,0,201
ONSLOW,senate,6,mail,1,253
ONSLOW,senate,6,mail,3,12
ONSLOW,senate,6,mail,4,93
ONSLOW,senate,6,mail,5,97
ONSLOW,senate,6,mail,6,44
ONSLOW,senate,6,mail,7,82
ONSLOW,senate,6,mail,8,97
ONSLOW,senate,6,mail,10,3
ONSLOW,senate,6,mail,11,55
ONSLOW,senate,6,mail,12,69
ONSLOW,senate,6,mail,13,53
ONSLOW,senate,6,mail,14,14
ONSLOW,senate,6,mail,15,109
ONSLOW,senate,6,mail,17,1
ONSLOW,senate,6,mail,18,42
ONSLOW,senate,6,mail,19,41
ONSLOW,senate,6,mail,20,37
ONSLOW,senate,6,mail,21,24
ONSLOW,senate,6,mail,22,58
ONSLOW,senate,6,mail,25,31
ONSLOW,senate,6,mail,26,47
ONSLOW,senate,6,mail,27,9
ONSLOW,senate,6,mail,28,40
ONSLOW,senate,6,mail,29,3
ONSLOW,senate,6,mail,32,18
ONSLOW,senate,6,mail,33,18
ONSLOW,senate,6,mail,34,18
ONSLOW,senate,6,mail,35,40
ONSLOW,senate,6,mail,36,4
ONSLOW,senate,6,mail,40,17
ONSLOW,senate,6,mail,41,16
ONSLOW,senate,6,mail,42,5
ONSLOW,senate,6,mail,43,28
ONSLOW,senate,6,mail,46,11
ONSLOW,senate,6,mail,47,16
ONSLOW,senate,6,mail,48,12
ONSLOW,senate,6,mail,49,1
ONSLOW,senate,6,mail,50,21
ONSLOW,senate,6,mail,53,1
ONSLOW,senate,6,mail,54,1
ONSLOW,senate,6,mail,55,2
ONSLOW,senate,6,mail,56,1
ONSLOW,senate,6,mail,57,5
ORANGE,house,50,inperson,3,1618
ORANGE,house,50,inperson,4,1908
ORANGE,house,50,inperson,5,1400
ORANGE,house,50,inperson,6,1190
ORANGE,house,50,inperson,7,1185
ORANGE,house,50,inperson,8,1096
ORANGE,house,50,inperson,9,465
ORANGE,house,50,inperson,10,761
ORANGE,house,50,inperson,11,1194
ORANGE,house,50,inperson,12,1021
ORANGE,house,50,inperson,13,1023
ORANGE,house,50,inperson,14,1156
ORANGE,house,50,inperson,15,1127
ORANGE,house,50,inperson,16,393
ORANGE,house,50,inperson,17,593
ORANGE,house,50,inperson,18,1230
ORANGE,house,50,inperson,19,1191
ORANGE,house,50,mail,0,134
ORANGE,house,50,mail,1,172
ORANGE,house,50,mail,2,13
ORANGE,house,50,mail,3,29
ORANGE,house,50,mail,4,69
ORANGE,house,50,mail,5,89
ORANGE,house,50,mail,6,69
ORANGE,house,50,mail,7,30
ORANGE,house,50,mail,8,90
ORANGE,house,50,mail,9,5
ORANGE,house,50,mail,10,49
ORANGE,house,50,mail,11,70
ORANGE,house,50,mail,12,50
ORANGE,house,50,mail,13,42
ORANGE,house,50,mail,14,27
ORANGE,house,50,mail,15,44
ORANGE,house,50,mail,16,6
ORANGE,house,50,mail,17,29
ORANGE,house,50,mail,18,51
ORANGE,house,50,mail,19,43
ORANGE,house,50,mail,20,32
ORANGE,house,50,mail,21,14
ORANGE,house,50,mail,22,49
ORANGE,house,50,mail,24,25
ORANGE,house,50,mail,25,29
ORANGE,house,50,mail,26,26
ORANGE,house,50,mail,27,7
ORANGE,house,50,mail,28,30
ORANGE,house,50,mail,29,22
ORANGE,house,50,mail,32,18
ORANGE,house,50,mail,33,16
ORANGE,house,50,mail,34,22
ORANGE,house,50,mail,35,6
ORANGE,house,50,mail,36,34
ORANGE,house,50,mail,39,3
ORANGE,house,50,mail,40,11
ORANGE,house,50,mail,41,24
ORANGE,house,50,mail,42,8
ORANGE,house,50,mail,43,13
ORANGE,house,50,mail,46,6
ORANGE,house,50,mail,47,6
ORANGE,house,50,mail,48,22
ORANGE,house,50,mail,49,5
ORANGE,house,50,mail,50,12
ORANGE,house,50,mail,53,3
ORANGE,house,50,mail,54,3
ORANGE,house,50,mail,55,2
ORANGE,house,50,mail,56,4
ORANGE,house,50,mail,57,2
ORANGE,house,56,inperson,3,2264
ORANGE,house,56,inperson,4,2595
ORANGE,house,56,inperson,5,1630
ORANGE,house,56,inperson,6,1438
ORANGE,house,56,inperson,7,1290
ORANGE,house,56,inperson,8,1136
ORANGE,house,56,inperson,9,735
ORANGE,house,56,inperson,10,1050
ORANGE,house,56,inperson,11,1418
ORANGE,house,56,inperson,12,1130
ORANGE,house,56,inperson,13,1235
ORANGE,house,56,inperson,14,1279
ORANGE,house,56,inperson,15,1385
ORANGE,house,56,inperson,16,698
ORANGE,house,56,inperson,17,950
ORANGE,house,56,inperson,18,1451
ORANGE,house,56,inperson,19,1353
ORANGE,house,56,mail,0,263
ORANGE,house,56,mail,1,360
ORANGE,house,56,mail,2,44
ORANGE,house,56,mail,3,19
ORANGE,house,56,mail,4,124
ORANGE,house,56,mail,5,162
ORANGE,house,56,mail,6,56
ORANGE,house,56,mail,7,25
ORANGE,house,56,mail,8,137
ORANGE,house,56,mail,9,7
ORANGE,house,56,mail,10,90
ORANGE,house,56,mail,11,105
ORANGE,house,56,mail,12,62
ORANGE,house,56,mail,13,82
ORANGE,house,56,mail,14,26
ORANGE,house,56,mail,15,76
ORANGE,house,56,mail,16,30
ORANGE,house,56,mail,17,53
ORANGE,house,56,mail,18,57
ORANGE,house,56,mail,19,49
ORANGE,house,56,mail,20,91
ORANGE,house,56,mail,21,8
ORANGE,house,56,mail,22,33
ORANGE,house,56,mail,24,50
ORANGE,house,56,mail,25,90
ORANGE,house,56,mail,26,7
ORANGE,house,56,mail,27,2
ORANGE,house,56,mail,28,40
ORANGE,house,56,mail,29,44
ORANGE,house,56,mail,32,25
ORANGE,house,56,mail,33,21
ORANGE,house,56,mail,34,28
ORANGE,house,56,mail,36,53
ORANGE,house,56,mail,39,17
ORANGE,house,56,mail,40,17
ORANGE,house,56,mail,41,35
ORANGE,house,56,mail,42,25
ORANGE,house,56,mail,43,12
ORANGE,house,56,mail,46,22
ORANGE,house,56,mail,47,20
ORANGE,house,56,mail,48,35
ORANGE,house,56,mail,49,12
ORANGE,house,56,mail,50,23
ORANGE,house,56,mail,53,14
ORANGE,house,56,mail,54,17
ORANGE,house,56,mail,55,4
ORANGE,house,56,mail,56,20
ORANGE,house,56,mail,57,3
ORANGE,house,56,mail,60,1
ORANGE,senate,23,inperson,3,3882
ORANGE,senate,23,inperson,4,4503
ORANGE,senate,23,inperson,5,3030
ORANGE,senate,23,inperson,6,2628
ORANGE,senate,23,inperson,7,2475
ORANGE,senate,23,inperson,8,2232
ORANGE,senate,23,inperson,9,1200
ORANGE,senate,23,inperson,10,1811
ORANGE,senate,23,inperson,11,2612
ORANGE,senate,23,inperson,12,2151
ORANGE,senate,23,inperson,13,2258
ORANGE,senate,23,inperson,14,2435
ORANGE,senate,23,inperson,15,2512
ORANGE,senate,23,inperson,16,1091
ORANGE,senate,23,inperson,17,1543
ORANGE,senate,23,inperson,18,2681
ORANGE,senate,23,inperson,19,2544
ORANGE,senate,23,mail,0,397
ORANGE,senate,23,mail,1,532
ORANGE,senate,23,mail,2,57
ORANGE,senate,23,mail,3,48
ORANGE,senate,23,mail,4,193
ORANGE,senate,23,mail,5,251
ORANGE,senate,23,mail,6,125
ORANGE,senate,23,mail,7,55
ORANGE,senate,23,mail,8,227
ORANGE,senate,23,mail,9,12
ORANGE,senate,23,mail,10,139
ORANGE,senate,23,mail,11,175
ORANGE,senate,23,mail,12,112
ORANGE,senate,23,mail,13,124
ORANGE,senate,23,mail,14,53
ORANGE,senate,23,mail,15,120
ORANGE,senate,23,mail,16,36
ORANGE,senate,23,mail,17,82
ORANGE,senate,23,mail,18,108
ORANGE,senate,23,mail,19,92
ORANGE,senate,23,mail,20,123
ORANGE,senate,23,mail,21,22
ORANGE,senate,23,mail,22,82
ORANGE,senate,23,mail,24,75
ORANGE,senate,23,mail,25,119
ORANGE,senate,23,mail,26,33
ORANGE,senate,23,mail,27,9
ORANGE,senate,23,mail,28,70
ORANGE,senate,23,mail,29,66
ORANGE,senate,23,mail,32,43
ORANGE,senate,23,mail,33,37
ORANGE,senate,23,mail,34,50
ORANGE,senate,23,mail,35,6
ORANGE,senate,23,mail,36,87
ORANGE,senate,23,mail,39,20
ORANGE,senate,23,mail,40,28
ORANGE,senate,23,mail,41,59
ORANGE,senate,23,mail,42,33
ORANGE,senate,23,mail,43,25
ORANGE,senate,23,mail,46,28
ORANGE,senate,23,mail,47,26
ORANGE,senate,23,mail,48,57
ORANGE,senate,23,mail,49,17
ORANGE,senate,23,mail,50,35
ORANGE,senate,23,mail,53,17
ORANGE,senate,23,mail,54,20
ORANGE,senate,23,mail,55,6
ORANGE,senate,23,mail,56,24
ORANGE,senate,23,mail,57,5
ORANGE,senate,23,mail,60,1
PAMLICO,house,79,inperson,3,239
PAMLICO,house,79,inperson,4,278
PAMLICO,house,79,inperson,5,248
PAMLICO,house,79,inperson,6,204
PAMLICO,house,79,inperson,7,224
PAMLICO,house,79,inperson,8,231
PAMLICO,house,79,inperson,11,166
PAMLICO,house,79,inperson,12,228
PAMLICO,house,79,inperson,13,267
PAMLICO,house,79,inperson,14,245
PAMLICO,house,79,inperson,15,344
PAMLICO,house,79,inperson,18,261
PAMLICO,house,79,inperson,19,302
PAMLICO,house,79,mail,0,7
PAMLICO,house,79,mail,1,31
PAMLICO,house,79,mail,4,18
PAMLICO,house,79,mail,5,2
PAMLICO,house,79,mail,6,16
PAMLICO,house,79,mail,7,5
PAMLICO,house,79,mail,8,19
PAMLICO,house,79,mail,11,13
PAMLICO,house,79,mail,12,5
PAMLICO,house,79,mail,13,1
PAMLICO,house,79,mail,14,3
PAMLICO,house,79,mail,15,16
PAMLICO,house,79,mail,18,1
PAMLICO,house,79,mail,19,2
PAMLICO,house,79,mail,20,8
PAMLICO,house,79,mail,22,6
PAMLICO,house,79,mail,25,13
PAMLICO,house,79,mail,27,4
PAMLICO,house,79,mail,29,2
PAMLICO,house,79,mail,34,7
PAMLICO,house,79,mail,36,5
PAMLICO,house,79,mail,39,3
PAMLICO,house,79,mail,41,6
PAMLICO,house,79,mail,42,7
PAMLICO,house,79,mail,46,16
PAMLICO,house,79,mail,54,2
PAMLICO,senate,1,inperson,3,239
PAMLICO,senate,1,inperson,4,278
PAMLICO,senate,1,inperson,5,248
PAMLICO,senate,1,inperson,6,204
PAMLICO,senate,1,inperson,7,224
PAMLICO,senate,1,inperson,8,231
PAMLICO,senate,1,inperson,11,166
PAMLICO,senate,1,inperson,12,228
PAMLICO,senate,1,inperson,13,267
PAMLICO,senate,1,inperson,14,245
PAMLICO,senate,1,inperson,15,344
PAMLICO,senate,1,inperson,18,261
PAMLICO,senate,1,inperson,19,302
PAMLICO,senate,1,mail,0,7
PAMLICO,senate,1,mail,1,31
PAMLICO,senate,1,mail,4,18
PAMLICO,senate,1,mail,5,2
PAMLICO,senate,1,mail,6,16
PAMLICO,senate,1,mail,7,5
PAMLICO,senate,1,mail,8,19
PAMLICO,senate,1,mail,11,13
PAMLICO,senate,1,mail,12,5
PAMLICO,senate,1,mail,13,1
PAMLICO,senate,1,mail,14,3
PAMLICO,senate,1,mail,15,16
PAMLICO,senate,1,mail,18,1
PAMLICO,senate,1,mail,19,2
PAMLICO,senate,1,mail,20,8
PAMLICO,senate,1,mail,22,6
PAMLICO,senate,1,mail,25,13
PAMLICO,senate,1,mail,27,4
PAMLICO,senate,1,mail,29,2
PAMLICO,senate,1,mail,34,7
PAMLICO,senate,1,mail,36,5
PAMLICO,senate,1,mail,39,3
PAMLICO,senate,1,mail,41,6
PAMLICO,senate,1,mail,42,7
PAMLICO,senate,1,mail,46,16
PAMLICO,senate,1,mail,54,2
PASQUOTANK,house,5,inperson,3,557
PASQUOTANK,house,5,inperson,4,746
PASQUOTANK,house,5,inperson,5,486
PASQUOTANK,house,5,inperson,6,512
PASQUOTANK,house,5,inperson,7,502
PASQUOTANK,house,5,inperson,8,510
PASQUOTANK,house,5,inperson,10,498
PASQUOTANK,house,5,inperson,11,570
PASQUOTANK,house,5,inperson,12,566
PASQUOTANK,house,5,inperson,13,587
PASQUOTANK,house,5,inperson,14,604
PASQUOTANK,house,5,inperson,15,726
PASQUOTANK,house,5,inperson,16,237
PASQUOTANK,house,5,inperson,18,771
PASQUOTANK,house,5,inperson,19,761
PASQUOTANK,house,5,mail,0,30
PASQUOTANK,house,5,mail,1,40
PASQUOTANK,house,5,mail,2,34
PASQUOTANK,house,5,mail,3,1
PASQUOTANK,house,5,mail,4,36
PASQUOTANK,house,5,mail,5,7
PASQUOTANK,house,5,mail,6,36
PASQUOTANK,house,5,mail,7,2
PASQUOTANK,house,5,mail,8,34
PASQUOTANK,house,5,mail,10,1
PASQUOTANK,house,5,mail,11,21
PASQUOTANK,house,5,mail,12,45
PASQUOTANK,house,5,mail,13,7
PASQUOTANK,house,5,mail,14,2
PASQUOTANK,house,5,mail,15,28
PASQUOTANK,house,5,mail,18,20
PASQUOTANK,house,5,mail,19,1
PASQUOTANK,house,5,mail,20,2
PASQUOTANK,house,5,mail,21,6
PASQUOTANK,house,5,mail,22,21
PASQUOTANK,house,5,mail,25,1
PASQUOTANK,house,5,mail,26,12
PASQUOTANK,house,5,mail,28,2
PASQUOTANK,house,5,mail,29,1
PASQUOTANK,house,5,mail,32,3
PASQUOTANK,house,5,mail,33,5
PASQUOTANK,house,5,mail,35,2
PASQUOTANK,house,5,mail,36,11
PASQUOTANK,house,5,mail,41,6
PASQUOTANK,house,5,mail,43,14
PASQUOTANK,house,5,mail,47,7
PASQUOTANK,house,5,mail,49,9
PASQUOTANK,senate,1,inperson,3,557
PASQUOTANK,senate,1,inperson,4,746
PASQUOTANK,senate,1,inperson,5,486
PASQUOTANK,senate,1,inperson,6,512
PASQUOTANK,senate,1,inperson,7,502
PASQUOTANK,senate,1,inperson,8,510
PASQUOTANK,senate,1,inperson,10,498
PASQUOTANK,senate,1,inperson,11,570
PASQUOTANK,senate,1,inperson,12,566
PASQUOTANK,senate,1,inperson,13,587
PASQUOTANK,senate,1,inperson,14,604
PASQUOTANK,senate,1,inperson,15,726
PASQUOTANK,senate,1,inperson,16,237
PASQUOTANK,senate,1,inperson,18,771
PASQUOTANK,senate,1,inperson,19,761
PASQUOTANK,senate,1,mail,0,30
PASQUOTANK,senate,1,mail,1,40
PASQUOTANK,senate,1,mail,2,34
PASQUOTANK,senate,1,mail,3,1
PASQUOTANK,senate,1,mail,4,36
PASQUOTANK,senate,1,mail,5,7
PASQUOTANK,senate,1,mail,6,36
PASQUOTANK,senate,1,mail,7,2
PASQUOTANK,senate,1,mail,8,34
PASQUOTANK,senate,1,mail,10,1
PASQUOTANK,senate,1,mail,11,21
PASQUOTANK,senate,1,mail,12,45
PASQUOTANK,senate,1,mail,13,7
PASQUOTANK,senate,1,mail,14,2
PASQUOTANK,senate,1,mail,15,28
PASQUOTANK,senate,1,mail,18,20
PASQUOTANK,senate,1,mail,19,1
PASQUOTANK,senate,1,mail,20,2
PASQUOTANK,senate,1,mail,21,6
PASQUOTANK,senate,1,mail,22,21
PASQUOTANK,senate,1,mail,25,1
PASQUOTANK,senate,1,mail,26,12
PASQUOTANK,senate,1,mail,28,2
PASQUOTANK,senate,1,mail,29,1
PASQUOTANK,senate,1,mail,32,3
PASQUOTANK,senate,1,mail,33,5
PASQUOTANK,senate,1,mail,35,2
PASQUOTANK,senate,1,mail,36,11
PASQUOTANK,senate,1,mail,41,6
PASQUOTANK,senate,1,mail,43,14
PASQUOTANK,senate,1,mail,47,7
PASQUOTANK,senate,1,mail,49,9
PENDER,house,16,inperson,3,1073
PENDER,house,16,inperson,4,1462
PENDER,house,16,inperson,5,1149
PENDER,house,16,inperson,6,986
PENDER,house,16,inperson,7,930
PENDER,house,16,inperson,8,883
PENDER,house,16,inperson,9,433
PENDER,house,16,inperson,11,940
PENDER,house,16,inperson,12,915
PENDER,house,16,inperson,13,927
PENDER,house,16,inperson,14,948
PENDER,house,16,inperson,15,959
PENDER,house,16,inperson,18,814
PENDER,house,16,inperson,19,666
PENDER,house,16,mail,0,36
PENDER,house,16,mail,1,80
PENDER,house,16,mail,2,2
PENDER,house,16,mail,3,62
PENDER,house,16,mail,4,44
PENDER,house,16,mail,5,12
PENDER,house,16,mail,6,52
PENDER,house,16,mail,7,13
PENDER,house,16,mail,8,47
PENDER,house,16,mail,9,5
PENDER,house,16,mail,10,1
PENDER,house,16,mail,11,55
PENDER,house,16,mail,12,7
PENDER,house,16,mail,13,22
PENDER,house,16,mail,14,4
PENDER,house,16,mail,15,35
PENDER,house,16,mail,18,33
PENDER,house,16,mail,20,11
PENDER,house,16,mail,21,26
PENDER,house,16,mail,22,3
PENDER,house,16,mail,25,13
PENDER,house,16,mail,26,22
PENDER,house,16,mail,28,11
PENDER,house,16,mail,29,7
PENDER,house,16,mail,32,2
PENDER,house,16,mail,33,17
PENDER,house,16,mail,34,3
PENDER,house,16,mail,36,17
PENDER,house,16,mail,40,2
PENDER,house,16,mail,41,4
PENDER,house,16,mail,43,10
PENDER,house,16,mail,47,2
PENDER,house,16,mail,50,3
PENDER,house,16,mail,53,1
PENDER,house,16,mail,54,4
PENDER,senate,9,inperson,3,1073
PENDER,senate,9,inperson,4,1462
PENDER,senate,9,inperson,5,1149
PENDER,senate,9,inperson,6,986
PENDER,senate,9,inperson,7,930
PENDER,senate,9,inperson,8,883
PENDER,senate,9,inperson,9,433
PENDER,senate,9,inperson,11,940
PENDER,senate,9,inperson,12,915
PENDER,senate,9,inperson,13,927
PENDER,senate,9,inperson,14,948
PENDER,senate,9,inperson,15,959
PENDER,senate,9,inperson,18,814
PENDER,senate,9,inperson,19,666
PENDER,senate,9,mail,0,36
PENDER,senate,9,mail,1,80
PENDER,senate,9,mail,2,2
PENDER,senate,9,mail,3,62
PENDER,senate,9,mail,4,44
PENDER,senate,9,mail,5,12
PENDER,senate,9,mail,6,52
PENDER,senate,9,mail,7,13
PENDER,senate,9,mail,8,47
PENDER,senate,9,mail,9,5
PENDER,senate,9,mail,10,1
PENDER,senate,9,mail,11,55
PENDER,senate,9,mail,12,7
PENDER,senate,9,mail,13,22
PENDER,senate,9,mail,14,4
PENDER,senate,9,mail,15,35
PENDER,senate,9,mail,18,33
PENDER,senate,9,mail,20,11
PENDER,senate,9,mail,21,26
PENDER,senate,9,mail,22,3
PENDER,senate,9,mail,25,13
PENDER,senate,9,mail,26,22
PENDER,senate,9,mail,28,11
PENDER,senate,9,mail,29,7
PENDER,senate,9,mail,32,2
PENDER,senate,9,mail,33,17
PENDER,senate,9,mail,34,3
PENDER,senate,9,mail,36,17
PENDER,senate,9,mail,40,2
PENDER,senate,9,mail,41,4
PENDER,senate,9,mail,43,10
PENDER,senate,9,mail,47,2
PENDER,senate,9,mail,50,3
PENDER,senate,9,mail,53,1
PENDER,senate,9,mail,54,4
PERQUIMANS,house,1,inperson,3,222
PERQUIMANS,house,1,inperson,4,253
PERQUIMANS,house,1,inperson,5,228
PERQUIMANS,house,1,inperson,6,172
PERQUIMANS,house,1,inperson,7,211
PERQUIMANS,house,1,inperson,8,205
PERQUIMANS,house,1,inperson,11,188
PERQUIMANS,house,1,inperson,12,201
PERQUIMANS,house,1,inperson,13,168
PERQUIMANS,house,1,inperson,14,238
PERQUIMANS,house,1,inperson,15,199
PERQUIMANS,house,1,inperson,18,251
PERQUIMANS,house,1,inperson,19,214
PERQUIMANS,house,1,mail,0,13
PERQUIMANS,house,1,mail,1,8
PERQUIMANS,house,1,mail,3,5
PERQUIMANS,house,1,mail,4,10
PERQUIMANS,house,1,mail,5,13
PERQUIMANS,house,1,mail,6,3
PERQUIMANS,house,1,mail,7,3
PERQUIMANS,house,1,mail,8,16
PERQUIMANS,house,1,mail,11,1
PERQUIMANS,house,1,mail,12,14
PERQUIMANS,house,1,mail,14,8
PERQUIMANS,house,1,mail,15,5
PERQUIMANS,house,1,mail,20,3
PERQUIMANS,house,1,mail,21,1
PERQUIMANS,house,1,mail,22,4
PERQUIMANS,house,1,mail,25,2
PERQUIMANS,house,1,mail,26,1
PERQUIMANS,house,1,mail,27,2
PERQUIMANS,house,1,mail,28,5
PERQUIMANS,house,1,mail,35,4
PERQUIMANS,house,1,mail,36,2
PERQUIMANS,house,1,mail,42,2
PERQUIMANS,house,1,mail,43,4
PERQUIMANS,house,1,mail,50,3
PERQUIMANS,house,1,mail,53,2
PERQUIMANS,house,1,mail,54,3
PERQUIMANS,senate,1,inperson,3,222
PERQUIMANS,senate,1,inperson,4,253
PERQUIMANS,senate,1,inperson,5,228
PERQUIMANS,senate,1,inperson,6,172
PERQUIMANS,senate,1,inperson,7,211
PERQUIMANS,senate,1,inperson,8,205
PERQUIMANS,senate,1,inperson,11,188
PERQUIMANS,senate,1,inperson,12,201
PERQUIMANS,senate,1,inperson,13,168
PERQUIMANS,senate,1,inperson,14,238
PERQUIMANS,senate,1,inperson,15,199
PERQUIMANS,senate,1,inperson,18,251
PERQUIMANS,senate,1,inperson,19,214
PERQUIMANS,senate,1,mail,0,13
PERQUIMANS,senate,1,mail,1,8
PERQUIMANS,senate,1,mail,3,5
PERQUIMANS,senate,1,mail,4,10
PERQUIMANS,senate,1,mail,5,13
PERQUIMANS,senate,1,mail,6,3
PERQUIMANS,senate,1,mail,7,3
PERQUIMANS,senate,1,mail,8,16
PERQUIMANS,senate,1,mail,11,1
PERQUIMANS,senate,1,mail,12,14
PERQUIMANS,senate,1,mail,14,8
PERQUIMANS,senate,1,mail,15,5
PERQUIMANS,senate,1,mail,20,3
PERQUIMANS,senate,1,mail,21,1
PERQUIMANS,senate,1,mail,22,4
PERQUIMANS,senate,1,mail,25,2
PERQUIMANS,senate,1,mail,26,1
PERQUIMANS,senate,1,mail,27,2
PERQUIMANS,senate,1,mail,28,5
PERQUIMANS,senate,1,mail,35,4
PERQUIMANS,senate,1,mail,36,2
PERQUIMANS,senate,1,mail,42,2
PERQUIMANS,senate,1,mail,43,4
PERQUIMANS,senate,1,mail,50,3
PERQUIMANS,senate,1,mail,53,2
PERQUIMANS,senate,1,mail,54,3
PERSON,house,2,inperson,3,873
PERSON,house,2,inperson,4,832
PERSON,house,2,inperson,5,570
PERSON,house,2,inperson,6,502
PERSON,house,2,inperson,7,542
PERSON,house,2,inperson,8,526
PERSON,house,2,inperson,9,203
PERSON,house,2,inperson,10,284
PERSON,house,2,inperson,11,566
PERSON,house,2,inperson,12,496
PERSON,house,2,inperson,13,561
PERSON,house,2,inperson,14,612
PERSON,house,2,inperson,15,615
PERSON,house,2,inperson,17,492
PERSON,house,2,inperson,18,618
PERSON,house,2,inperson,19,629
PERSON,house,2,mail,0,57
PERSON,house,2,mail,1,2
PERSON,house,2,mail,3,29
PERSON,house,2,mail,4,21
PERSON,house,2,mail,5,26
PERSON,house,2,mail,6,27
PERSON,house,2,mail,7,10
PERSON,house,2,mail,8,23
PERSON,house,2,mail,10,12
PERSON,house,2,mail,11,17
PERSON,house,2,mail,12,17
PERSON,house,2,mail,13,7
PERSON,house,2,mail,14,3
PERSON,house,2,mail,15,29
PERSON,house,2,mail,18,6
PERSON,house,2,mail,19,12
PERSON,house,2,mail,20,7
PERSON,house,2,mail,21,5
PERSON,house,2,mail,22,16
PERSON,house,2,mail,25,5
PERSON,house,2,mail,26,10
PERSON,house,2,mail,28,7
PERSON,house,2,mail,29,2
PERSON,house,2,mail,32,6
PERSON,house,2,mail,33,6
PERSON,house,2,mail,34,2
PERSON,house,2,mail,35,4
PERSON,house,2,mail,36,9
PERSON,house,2,mail,39,3
PERSON,house,2,mail,40,1
PERSON,house,2,mail,41,12
PERSON,house,2,mail,42,4
PERSON,house,2,mail,43,3
PERSON,house,2,mail,46,1
PERSON,house,2,mail,47,4
PERSON,house,2,mail,49,1
PERSON,house,2,mail,53,6
PERSON,house,2,mail,55,1
PERSON,house,2,mail,56,1
PERSON,senate,23,inperson,3,873
PERSON,senate,23,inperson,4,832
PERSON,senate,23,inperson,5,570
PERSON,senate,23,inperson,6,502
PERSON,senate,23,inperson,7,542
PERSON,senate,23,inperson,8,526
PERSON,senate,23,inperson,9,203
PERSON,senate,23,inperson,10,284
PERSON,senate,23,inperson,11,566
PERSON,senate,23,inperson,12,496
PERSON,senate,23,inperson,13,561
PERSON,senate,23,inperson,14,612
PERSON,senate,23,inperson,15,615
PERSON,senate,23,inperson,17,492
PERSON,senate,23,inperson,18,618
PERSON,senate,23,inperson,19,629
PERSON,senate,23,mail,0,57
PERSON,senate,23,mail,1,2
PERSON,senate,23,mail,3,29
PERSON,senate,23,mail,4,21
PERSON,senate,23,mail,5,26
PERSON,senate,23,mail,6,27
PERSON,senate,23,mail,7,10
PERSON,senate,23,mail,8,23
PERSON,senate,23,mail,10,12
PERSON,senate,23,mail,11,17
PERSON,senate,23,mail,12,17
PERSON,senate,23,mail,13,7
PERSON,senate,23,mail,14,3
PERSON,senate,23,mail,15,29
PERSON,senate,23,mail,18,6
PERSON,senate,23,mail,19,12
PERSON,senate,23,mail,20,7
PERSON,senate,23,mail,21,5
PERSON,senate,23,mail,22,16
PERSON,senate,23,mail,25,5
PERSON,senate,23,mail,26,10
PERSON,senate,23,mail,28,7
PERSON,senate,23,mail,29,2
PERSON,senate,23,mail,32,6
PERSON,senate,23,mail,33,6
PERSON,senate,23,mail,34,2
PERSON,senate,23,mail,35,4
PERSON,senate,23,mail,36,9
PERSON,senate,23,mail,39,3
PERSON,senate,23,mail,40,1
PERSON,senate,23,mail,41,12
PERSON,senate,23,mail,42,4
PERSON,senate,23,mail,43,3
PERSON,senate,23,mail,46,1
PERSON,senate,23,mail,47,4
PERSON,senate,23,mail,49,1
PERSON,senate,23,mail,53,6
PERSON,senate,23,mail,55,1
PERSON,senate,23,mail,56,1
PITT,house,8,inperson,3,1163
PITT,house,8,inperson,4,1424
PITT,house,8,inperson,5,979
PITT,house,8,inperson,6,881
PITT,house,8,inperson,7,759
PITT,house,8,inperson,8,779
PITT,house,8,inperson,10,490
PITT,house,8,inperson,11,778
PITT,house,8,inperson,12,763
PITT,house,8,inperson,13,797
PITT,house,8,inperson,14,842
PITT,house,8,inperson,15,842
PITT,house,8,inperson,16,324
PITT,house,8,inperson,18,833
PITT,house,8,inperson,19,924
PITT,house,8,mail,0,86
PITT,house,8,mail,1,51
PITT,house,8,mail,2,62
PITT,house,8,mail,3,7
PITT,house,8,mail,4,21
PITT,house,8,mail,5,70
PITT,house,8,mail,6,9
PITT,house,8,mail,7,35
PITT,house,8,mail,8,44
PITT,house,8,mail,9,1
PITT,house,8,mail,10,1
PITT,house,8,mail,11,9
PITT,house,8,mail,12,26
PITT,house,8,mail,13,40
PITT,house,8,mail,14,7
PITT,house,8,mail,15,42
PITT,house,8,mail,18,4
PITT,house,8,mail,19,15
PITT,house,8,mail,20,10
PITT,house,8,mail,21,16
PITT,house,8,mail,22,37
PITT,house,8,mail,25,18
PITT,house,8,mail,26,1
PITT,house,8,mail,27,14
PITT,house,8,mail,28,19
PITT,house,8,mail,32,6
PITT,house,8,mail,33,10
PITT,house,8,mail,34,8
PITT,house,8,mail,35,1
PITT,house,8,mail,36,12
PITT,house,8,mail,39,1
PITT,house,8,mail,41,7
PITT,house,8,mail,42,3
PITT,house,8,mail,43,19
PITT,house,8,mail,46,14
PITT,house,8,mail,47,1
PITT,house,8,mail,48,10
PITT,house,8,mail,50,12
PITT,house,8,mail,53,3
PITT,house,8,mail,54,4
PITT,house,8,mail,55,2
PITT,house,9,inperson,3,1486
PITT,house,9,inperson,4,1903
PITT,house,9,inperson,5,1367
PITT,house,9,inperson,6,1181
PITT,house,9,inperson,7,1096
PITT,house,9,inperson,8,1160
PITT,house,9,inperson,10,756
PITT,house,9,inperson,11,1211
PITT,house,9,inperson,12,1171
PITT,house,9,inperson,13,1215
PITT,house,9,inperson,14,1277
PITT,house,9,inperson,15,1313
PITT,house,9,inperson,16,475
PITT,house,9,inperson,18,1343
PITT,house,9,inperson,19,1217
PITT,house,9,mail,0,95
PITT,house,9,mail,1,47
PITT,house,9,mail,2,61
PITT,house,9,mail,3,8
PITT,house,9,mail,4,14
PITT,house,9,mail,5,81
PITT,house,9,mail,6,9
PITT,house,9,mail,7,22
PITT,house,9,mail,8,57
PITT,house,9,mail,10,1
PITT,house,9,mail,11,12
PITT,house,9,mail,12,35
PITT,house,9,mail,13,51
PITT,house,9,mail,14,16
PITT,house,9,mail,15,68
PITT,house,9,mail,18,9
PITT,house,9,mail,19,18
PITT,house,9,mail,20,28
PITT,house,9,mail,21,25
PITT,house,9,mail,22,35
PITT,house,9,mail,23,1
PITT,house,9,mail,25,19
PITT,house,9,mail,26,4
PITT,house,9,mail,27,20
PITT,house,9,mail,28,25
PITT,house,9,mail,29,3
PITT,house,9,mail,32,3
PITT,house,9,mail,33,8
PITT,house,9,mail,34,10
PITT,house,9,mail,35,4
PITT,house,9,mail,36,23
PITT,house,9,mail,37,1
PITT,house,9,mail,40,2
PITT,house,9,mail,41,8
PITT,house,9,mail,42,3
PITT,house,9,mail,43,13
PITT,house,9,mail,46,9
PITT,house,9,mail,48,6
PITT,house,9,mail,50,3
PITT,house,9,mail,53,2
PITT,senate,5,inperson,3,2649
PITT,senate,5,inperson,4,3327
PITT,senate,5,inperson,5,2346
PITT,senate,5,inperson,6,2062
PITT,senate,5,inperson,7,1855
PITT,senate,5,inperson,8,1939
PITT,senate,5,inperson,10,1246
PITT,senate,5,inperson,11,1989
PITT,senate,5,inperson,12,1934
PITT,senate,5,inperson,13,2012
PITT,senate,5,inperson,14,2119
PITT,senate,5,inperson,15,2155
PITT,senate,5,inperson,16,799
PITT,senate,5,inperson,18,2176
PITT,senate,5,inperson,19,2141
PITT,senate,5,mail,0,181
PITT,senate,5,mail,1,98
PITT,senate,5,mail,2,123
PITT,senate,5,mail,3,15
PITT,senate,5,mail,4,35
PITT,senate,5,mail,5,151
PITT,senate,5,mail,6,18
PITT,senate,5,mail,7,57
PITT,senate,5,mail,8,101
PITT,senate,5,mail,9,1
PITT,senate,5,mail,10,2
PITT,senate,5,mail,11,21
PITT,senate,5,mail,12,61
PITT,senate,5,mail,13,91
PITT,senate,5,mail,14,23
PITT,senate,5,mail,15,110
PITT,senate,5,mail,18,13
PITT,senate,5,mail,19,33
PITT,senate,5,mail,20,38
PITT,senate,5,mail,21,41
PITT,senate,5,mail,22,72
PITT,senate,5,mail,23,1
PITT,senate,5,mail,25,37
PITT,senate,5,mail,26,5
PITT,senate,5,mail,27,34
PITT,senate,5,mail,28,44
PITT,senate,5,mail,29,3
PITT,senate,5,mail,32,9
PITT,senate,5,mail,33,18
PITT,senate,5,mail,34,18
PITT,senate,5,mail,35,5
PITT,senate,5,mail,36,35
PITT,senate,5,mail,37,1
PITT,senate,5,mail,39,1
PITT,senate,5,mail,40,2
PITT,senate,5,mail,41,15
PITT,senate,5,mail,42,6
PITT,senate,5,mail,43,32
PITT,senate,5,mail,46,23
PITT,senate,5,mail,47,1
PITT,senate,5,mail,48,16
PITT,senate,5,mail,50,15
PITT,senate,5,mail,53,5
PITT,senate,5,mail,54,4
PITT,senate,5,mail,55,2
POLK,house,113,inperson,3,324
POLK,house,113,inperson,4,539
POLK,house,113,inperson,5,408
POLK,house,113,inperson,6,405
POLK,house,113,inperson,7,374
POLK,house,113,inperson,8,323
POLK,house,113,inperson,10,158
POLK,house,113,inperson,11,387
POLK,house,113,inperson,12,348
POLK,house,113,inperson,13,396
POLK,house,113,inperson,14,413
POLK,house,113,inperson,15,498
POLK,house,113,inperson,17,157
POLK,house,113,inperson,18,419
POLK,house,113,inperson,19,455
POLK,house,113,mail,0,30
POLK,house,113,mail,1,43
POLK,house,113,mail,3,17
POLK,house,113,mail,4,33
POLK,house,113,mail,5,10
POLK,house,113,mail,6,29
POLK,house,113,mail,7,6
POLK,house,113,mail,8,18
POLK,house,113,mail,10,4
POLK,house,113,mail,11,16
POLK,house,113,mail,12,30
POLK,house,113,mail,13,18
POLK,house,113,mail,14,6
POLK,house,113,mail,15,13
POLK,house,113,mail,17,3
POLK,house,113,mail,18,13
POLK,house,113,mail,19,13
POLK,house,113,mail,20,14
POLK,house,113,mail,21,3
POLK,house,113,mail,22,8
POLK,house,113,mail,25,4
POLK,house,113,mail,26,5
POLK,house,113,mail,27,7
POLK,house,113,mail,28,3
POLK,house,113,mail,29,9
POLK,house,113,mail,32,1
POLK,house,113,mail,33,3
POLK,house,113,mail,34,4
POLK,house,113,mail,35,2
POLK,house,113,mail,36,6
POLK,house,113,mail,39,2
POLK,house,113,mail,40,1
POLK,house,113,mail,41,1
POLK,house,113,mail,42,1
POLK,house,113,mail,43,9
POLK,house,113,mail,46,2
POLK,house,113,mail,47,3
POLK,house,113,mail,49,3
POLK,senate,48,inperson,3,324
POLK,senate,48,inperson,4,539
POLK,senate,48,inperson,5,408
POLK,senate,48,inperson,6,405
POLK,senate,48,inperson,7,374
POLK,senate,48,inperson,8,323
POLK,senate,48,inperson,10,158
POLK,senate,48,inperson,11,387
POLK,senate,48,inperson,12,348
POLK,senate,48,inperson,13,396
POLK,senate,48,inperson,14,413
POLK,senate,48,inperson,15,498
POLK,senate,48,inperson,17,157
POLK,senate,48,inperson,18,419
POLK,senate,48,inperson,19,455
POLK,senate,48,mail,0,30
POLK,senate,48,mail,1,43
POLK,senate,48,mail,3,17
POLK,senate,48,mail,4,33
POLK,senate,48,mail,5,10
POLK,senate,48,mail,6,29
POLK,senate,48,mail,7,6
POLK,senate,48,mail,8,18
POLK,senate,48,mail,10,4
POLK,senate,48,mail,11,16
POLK,senate,48,mail,12,30
POLK,senate,48,mail,13,18
POLK,senate,48,mail,14,6
POLK,senate,48,mail,15,13
POLK,senate,48,mail,17,3
POLK,senate,48,mail,18,13
POLK,senate,48,mail,19,13
POLK,senate,48,mail,20,14
POLK,senate,48,mail,21,3
POLK,senate,48,mail,22,8
POLK,senate,48,mail,25,4
POLK,senate,48,mail,26,5
POLK,senate,48,mail,27,7
POLK,senate,48,mail,28,3
POLK,senate,48,mail,29,9
POLK,senate,48,mail,32,1
POLK,senate,48,mail,33,3
POLK,senate,48,mail,34,4
POLK,senate,48,mail,35,2
POLK,senate,48,mail,36,6
POLK,senate,48,mail,39,2
POLK,senate,48,mail,40,1
POLK,senate,48,mail,41,1
POLK,senate,48,mail,42,1
POLK,senate,48,mail,43,9
POLK,senate,48,mail,46,2
POLK,senate,48,mail,47,3
POLK,senate,48,mail,49,3
RANDOLPH,house,54,inperson,3,81
RANDOLPH,house,54,inperson,4,108
RANDOLPH,house,54,inperson,5,73
RANDOLPH,house,54,inperson,6,52
RANDOLPH,house,54,inperson,7,51
RANDOLPH,house,54,inperson,8,70
RANDOLPH,house,54,inperson,10,33
RANDOLPH,house,54,inperson,11,61
RANDOLPH,house,54,inperson,12,51
RANDOLPH,house,54,inperson,13,68
RANDOLPH,house,54,inperson,14,51
RANDOLPH,house,54,inperson,15,43
RANDOLPH,house,54,inperson,17,39
RANDOLPH,house,54,inperson,18,52
RANDOLPH,house,54,inperson,19,21
RANDOLPH,house,54,mail,0,4
RANDOLPH,house,54,mail,1,10
RANDOLPH,house,54,mail,4,2
RANDOLPH,house,54,mail,5,10
RANDOLPH,house,54,mail,6,4
RANDOLPH,house,54,mail,8,7
RANDOLPH,house,54,mail,11,2
RANDOLPH,house,54,mail,12,7
RANDOLPH,house,54,mail,13,1
RANDOLPH,house,54,mail,14,2
RANDOLPH,house,54,mail,15,2
RANDOLPH,house,54,mail,19,1
RANDOLPH,house,54,mail,21,3
RANDOLPH,house,54,mail,22,3
RANDOLPH,house,54,mail,25,1
RANDOLPH,house,54,mail,26,3
RANDOLPH,house,54,mail,28,3
RANDOLPH,house,70,inperson,3,1241
RANDOLPH,house,70,inperson,4,1679
RANDOLPH,house,70,inperson,5,1250
RANDOLPH,house,70,inperson,6,1172
RANDOLPH,house,70,inperson,7,1166
RANDOLPH,house,70,inperson,8,1089
RANDOLPH,house,70,inperson,10,498
RANDOLPH,house,70,inperson,11,1201
RANDOLPH,house,70,inperson,12,999
RANDOLPH,house,70,inperson,13,1035
RANDOLPH,house,70,inperson,14,1181
RANDOLPH,house,70,inperson,15,1339
RANDOLPH,house,70,inperson,17,365
RANDOLPH,house,70,inperson,18,1118
RANDOLPH,house,70,inperson,19,1182
RANDOLPH,house,70,mail,0,57
RANDOLPH,house,70,mail,1,108
RANDOLPH,house,70,mail,3,13
RANDOLPH,house,70,mail,4,29
RANDOLPH,house,70,mail,5,54
RANDOLPH,house,70,mail,6,29
RANDOLPH,house,70,mail,7,10
RANDOLPH,house,70,mail,8,85
RANDOLPH,house,70,mail,11,12
RANDOLPH,house,70,mail,12,37
RANDOLPH,house,70,mail,13,25
RANDOLPH,house,70,mail,14,19
RANDOLPH,house,70,mail,15,55
RANDOLPH,house,70,mail,18,28
RANDOLPH,house,70,mail,19,18
RANDOLPH,house,70,mail,20,22
RANDOLPH,house,70,mail,21,12
RANDOLPH,house,70,mail,22,38
RANDOLPH,house,70,mail,25,15
RANDOLPH,house,70,mail,26,21
RANDOLPH,house,70,mail,27,5
RANDOLPH,house,70,mail,28,19
RANDOLPH,house,70,mail,29,1
RANDOLPH,house,70,mail,32,5
RANDOLPH,house,70,mail,33,6
RANDOLPH,house,70,mail,34,6
RANDOLPH,house,70,mail,35,3
RANDOLPH,house,70,mail,36,4
RANDOLPH,house,70,mail,39,7
RANDOLPH,house,70,mail,40,4
RANDOLPH,house,70,mail,41,8
RANDOLPH,house,70,mail,42,4
RANDOLPH,house,70,mail,43,12
RANDOLPH,house,70,mail,46,3
RANDOLPH,house,70,mail,47,8
RANDOLPH,house,70,mail,48,12
RANDOLPH,house,70,mail,49,12
RANDOLPH,house,70,mail,53,2
RANDOLPH,house,70,mail,55,1
RANDOLPH,house,78,inperson,3,692
RANDOLPH,house,78,inperson,4,954
RANDOLPH,house,78,inperson,5,744
RANDOLPH,house,78,inperson,6,641
RANDOLPH,house,78,inperson,7,702
RANDOLPH,house,78,inperson,8,625
RANDOLPH,house,78,inperson,10,339
RANDOLPH,house,78,inperson,11,718
RANDOLPH,house,78,inperson,12,579
RANDOLPH,house,78,inperson,13,609
RANDOLPH,house,78,inperson,14,715
RANDOLPH,house,78,inperson,15,696
RANDOLPH,house,78,inperson,17,204
RANDOLPH,house,78,inperson,18,628
RANDOLPH,house,78,inperson,19,655
RANDOLPH,house,78,mail,0,24
RANDOLPH,house,78,mail,1,60
RANDOLPH,house,78,mail,3,2
RANDOLPH,house,78,mail,4,14
RANDOLPH,house,78,mail,5,31
RANDOLPH,house,78,mail,6,16
RANDOLPH,house,78,mail,7,8
RANDOLPH,house,78,mail,8,32
RANDOLPH,house,78,mail,11,3
RANDOLPH,house,78,mail,12,27
RANDOLPH,house,78,mail,13,7
RANDOLPH,house,78,mail,14,18
RANDOLPH,house,78,mail,15,16
RANDOLPH,house,78,mail,18,6
RANDOLPH,house,78,mail,19,8
RANDOLPH,house,78,mail,20,3
RANDOLPH,house,78,mail,21,6
RANDOLPH,house,78,mail,22,10
RANDOLPH,house,78,mail,25,2
RANDOLPH,house,78,mail,26,11
RANDOLPH,house,78,mail,27,1
RANDOLPH,house,78,mail,28,7
RANDOLPH,house,78,mail,32,3
RANDOLPH,house,78,mail,33,5
RANDOLPH,house,78,mail,34,6
RANDOLPH,house,78,mail,35,1
RANDOLPH,house,78,mail,36,5
RANDOLPH,house,78,mail,39,4
RANDOLPH,house,78,mail,40,5
RANDOLPH,house,78,mail,41,2
RANDOLPH,house,78,mail,42,1
RANDOLPH,house,78,mail,43,4
RANDOLPH,house,78,mail,46,4
RANDOLPH,house,78,mail,47,3
RANDOLPH,house,78,mail,48,5
RANDOLPH,house,78,mail,49,1
RANDOLPH,house,78,mail,50,2
RANDOLPH,house,78,mail,53,2
RANDOLPH,senate,25,inperson,3,685
RANDOLPH,senate,25,inperson,4,844
RANDOLPH,senate,25,inperson,5,708
RANDOLPH,senate,25,inperson,6,581
RANDOLPH,senate,25,inperson,7,537
RANDOLPH,senate,25,inperson,8,495
RANDOLPH,senate,25,inperson,10,292
RANDOLPH,senate,25,inperson,11,597
RANDOLPH,senate,25,inperson,12,496
RANDOLPH,senate,25,inperson,13,517
RANDOLPH,senate,25,inperson,14,545
RANDOLPH,senate,25,inperson,15,583
RANDOLPH,senate,25,inperson,17,224
RANDOLPH,senate,25,inperson,18,582
RANDOLPH,senate,25,inperson,19,500
RANDOLPH,senate,25,mail,0,24
RANDOLPH,senate,25,mail,1,53
RANDOLPH,senate,25,mail,3,2
RANDOLPH,senate,25,mail,4,11
RANDOLPH,senate,25,mail,5,27
RANDOLPH,senate,25,mail,6,13
RANDOLPH,senate,25,mail,7,5
RANDOLPH,senate,25,mail,8,33
RANDOLPH,senate,25,mail,11,3
RANDOLPH,senate,25,mail,12,24
RANDOLPH,senate,25,mail,13,8
RANDOLPH,senate,25,mail,14,10
RANDOLPH,senate,25,mail,15,19
RANDOLPH,senate,25,mail,18,6
RANDOLPH,senate,25,mail,19,4
RANDOLPH,senate,25,mail,20,1
RANDOLPH,senate,25,mail,21,5
RANDOLPH,senate,25,mail,22,14
RANDOLPH,senate,25,mail,25,2
RANDOLPH,senate,25,mail,26,9
RANDOLPH,senate,25,mail,27,5
RANDOLPH,senate,25,mail,28,12
RANDOLPH,senate,25,mail,32,4
RANDOLPH,senate,25,mail,33,4
RANDOLPH,senate,25,mail,34,2
RANDOLPH,senate,25,mail,35,1
RANDOLPH,senate,25,mail,36,3
RANDOLPH,senate,25,mail,39,3
RANDOLPH,senate,25,mail,40,4
RANDOLPH,senate,25,mail,41,1
RANDOLPH,senate,25,mail,43,1
RANDOLPH,senate,25,mail,46,2
RANDOLPH,senate,25,mail,47,2
RANDOLPH,senate,25,mail,49,2
RANDOLPH,senate,25,mail,50,2
RANDOLPH,senate,25,mail,55,1
RANDOLPH,senate,29,inperson,3,1329
RANDOLPH,senate,29,inperson,4,1897
RANDOLPH,senate,29,inperson,5,1359
RANDOLPH,senate,29,inperson,6,1284
RANDOLPH,senate,29,inperson,7,1382
RANDOLPH,senate,29,inperson,8,1289
RANDOLPH,senate,29,inperson,10,578
RANDOLPH,senate,29,inperson,11,1383
RANDOLPH,senate,29,inperson,12,1133
RANDOLPH,senate,29,inperson,13,1195
RANDOLPH,senate,29,inperson,14,1402
RANDOLPH,senate,29,inperson,15,1495
RANDOLPH,senate,29,inperson,17,384
RANDOLPH,senate,29,inperson,18,1216
RANDOLPH,senate,29,inperson,19,1358
RANDOLPH,senate,29,mail,0,61
RANDOLPH,senate,29,mail,1,125
RANDOLPH,senate,29,mail,3,13
RANDOLPH,senate,29,mail,4,34
RANDOLPH,senate,29,mail,5,68
RANDOLPH,senate,29,mail,6,36
RANDOLPH,senate,29,mail,7,13
RANDOLPH,senate,29,mail,8,91
RANDOLPH,senate,29,mail,11,14
RANDOLPH,senate,29,mail,12,47
RANDOLPH,senate,29,mail,13,25
RANDOLPH,senate,29,mail,14,29
RANDOLPH,senate,29,mail,15,54
RANDOLPH,senate,29,mail,18,28
RANDOLPH,senate,29,mail,19,23
RANDOLPH,senate,29,mail,20,24
RANDOLPH,senate,29,mail,21,16
RANDOLPH,senate,29,mail,22,37
RANDOLPH,senate,29,mail,25,16
RANDOLPH,senate,29,mail,26,26
RANDOLPH,senate,29,mail,27,1
RANDOLPH,senate,29,mail,28,17
RANDOLPH,senate,29,mail,29,1
RANDOLPH,senate,29,mail,32,4
RANDOLPH,senate,29,mail,33,7
RANDOLPH,senate,29,mail,34,10
RANDOLPH,senate,29,mail,35,3
RANDOLPH,senate,29,mail,36,6
RANDOLPH,senate,29,mail,39,8
RANDOLPH,senate,29,mail,40,5
RANDOLPH,senate,29,mail,41,9
RANDOLPH,senate,29,mail,42,5
RANDOLPH,senate,29,mail,43,15
RANDOLPH,senate,29,mail,46,5
RANDOLPH,senate,29,mail,47,9
RANDOLPH,senate,29,mail,48,17
RANDOLPH,senate,29,mail,49,11
RANDOLPH,senate,29,mail,53,4
RICHMOND,house,52,inperson,3,417
RICHMOND,house,52,inperson,4,663
RICHMOND,house,52,inperson,5,470
RICHMOND,house,52,inperson,6,420
RICHMOND,house,52,inperson,7,356
RICHMOND,house,52,inperson,8,474
RICHMOND,house,52,inperson,9,130
RICHMOND,house,52,inperson,11,451
RICHMOND,house,52,inperson,12,387
RICHMOND,house,52,inperson,13,407
RICHMOND,house,52,inperson,14,409
RICHMOND,house,52,inperson,15,563
RICHMOND,house,52,inperson,18,482
RICHMOND,house,52,inperson,19,560
RICHMOND,house,52,mail,0,50
RICHMOND,house,52,mail,1,8
RICHMOND,house,52,mail,3,6
RICHMOND,house,52,mail,4,10
RICHMOND,house,52,mail,5,12
RICHMOND,house,52,mail,6,5
RICHMOND,house,52,mail,7,2
RICHMOND,house,52,mail,8,11
RICHMOND,house,52,mail,11,19
RICHMOND,house,52,mail,12,1
RICHMOND,house,52,mail,13,3
RICHMOND,house,52,mail,14,1
RICHMOND,house,52,mail,15,5
RICHMOND,house,52,mail,18,5
RICHMOND,house,52,mail,19,6
RICHMOND,house,52,mail,20,3
RICHMOND,house,52,mail,21,1
RICHMOND,house,52,mail,22,6
RICHMOND,house,52,mail,25,1
RICHMOND,house,52,mail,28,1
RICHMOND,house,52,mail,29,1
RICHMOND,house,52,mail,35,7
RICHMOND,house,52,mail,40,1
RICHMOND,house,52,mail,42,2
RICHMOND,house,52,mail,46,5
RICHMOND,house,52,mail,48,6
RICHMOND,house,52,mail,49,1
RICHMOND,senate,29,inperson,3,417
RICHMOND,senate,29,inperson,4,663
RICHMOND,senate,29,inperson,5,470
RICHMOND,senate,29,inperson,6,420
RICHMOND,senate,29,inperson,7,356
RICHMOND,senate,29,inperson,8,474
RICHMOND,senate,29,inperson,9,130
RICHMOND,senate,29,inperson,11,451
RICHMOND,senate,29,inperson,12,387
RICHMOND,senate,29,inperson,13,407
RICHMOND,senate,29,inperson,14,409
RICHMOND,senate,29,inperson,15,563
RICHMOND,senate,29,inperson,18,482
RICHMOND,senate,29,inperson,19,560
RICHMOND,senate,29,mail,0,50
RICHMOND,senate,29,mail,1,8
RICHMOND,senate,29,mail,3,6
RICHMOND,senate,29,mail,4,10
RICHMOND,senate,29,mail,5,12
RICHMOND,senate,29,mail,6,5
RICHMOND,senate,29,mail,7,2
RICHMOND,senate,29,mail,8,11
RICHMOND,senate,29,mail,11,19
RICHMOND,senate,29,mail,12,1
RICHMOND,senate,29,mail,13,3
RICHMOND,senate,29,mail,14,1
RICHMOND,senate,29,mail,15,5
RICHMOND,senate,29,mail,18,5
RICHMOND,senate,29,mail,19,6
RICHMOND,senate,29,mail,20,3
RICHMOND,senate,29,mail,21,1
RICHMOND,senate,29,mail,22,6
RICHMOND,senate,29,mail,25,1
RICHMOND,senate,29,mail,28,1
RICHMOND,senate,29,mail,29,1
RICHMOND,senate,29,mail,35,7
RICHMOND,senate,29,mail,40,1
RICHMOND,senate,29,mail,42,2
RICHMOND,senate,29,mail,46,5
RICHMOND,senate,29,mail,48,6
RICHMOND,senate,29,mail,49,1
ROBESON,house,46,inperson,3,334
ROBESON,house,46,inperson,4,410
ROBESON,house,46,inperson,5,257
ROBESON,house,46,inperson,6,231
ROBESON,house,46,inperson,7,201
ROBESON,house,46,inperson,8,292
ROBESON,house,46,inperson,11,254
ROBESON,house,46,inperson,12,196
ROBESON,house,46,inperson,13,196
ROBESON,house,46,inperson,14,195
ROBESON,house,46,inperson,15,268
ROBESON,house,46,inperson,16,68
ROBESON,house,46,inperson,18,219
ROBESON,house,46,inperson,19,193
ROBESON,house,46,mail,0,37
ROBESON,house,46,mail,1,9
ROBESON,house,46,mail,3,3
ROBESON,house,46,mail,4,2
ROBESON,house,46,mail,5,7
ROBESON,house,46,mail,6,4
ROBESON,house,46,mail,7,8
ROBESON,house,46,mail,8,2
ROBESON,house,46,mail,12,5
ROBESON,house,46,mail,13,3
ROBESON,house,46,mail,14,13
ROBESON,house,46,mail,16,2
ROBESON,house,46,mail,18,1
ROBESON,house,46,mail,19,2
ROBESON,house,46,mail,20,4
ROBESON,house,46,mail,21,1
ROBESON,house,46,mail,22,4
ROBESON,house,46,mail,25,3
ROBESON,house,46,mail,26,8
ROBESON,house,46,mail,28,2
ROBESON,house,46,mail,29,2
ROBESON,house,46,mail,32,2
ROBESON,house,46,mail,34,2
ROBESON,house,46,mail,39,1
ROBESON,house,46,mail,41,1
ROBESON,house,46,mail,46,1
ROBESON,house,46,mail,48,1
ROBESON,house,46,mail,50,4
ROBESON,house,46,mail,53,1
ROBESON,house,47,inperson,3,725
ROBESON,house,47,inperson,4,954
ROBESON,house,47,inperson,5,673
ROBESON,house,47,inperson,6,592
ROBESON,house,47,inperson,7,566
ROBESON,house,47,inperson,8,673
ROBESON,house,47,inperson,11,604
ROBESON,house,47,inperson,12,610
ROBESON,house,47,inperson,13,616
ROBESON,house,47,inperson,14,738
ROBESON,house,47,inperson,15,728
ROBESON,house,47,inperson,16,248
ROBESON,house,47,inperson,18,597
ROBESON,house,47,inperson,19,773
ROBESON,house,47,mail,0,64
ROBESON,house,47,mail,1,14
ROBESON,house,47,mail,3,21
ROBESON,house,47,mail,4,20
ROBESON,house,47,mail,5,17
ROBESON,house,47,mail,6,5
ROBESON,house,47,mail,7,33
ROBESON,house,47,mail,11,14
ROBESON,house,47,mail,12,27
ROBESON,house,47,mail,13,6
ROBESON,house,47,mail,14,9
ROBESON,house,47,mail,15,7
ROBESON,house,47,mail,16,3
ROBESON,house,47,mail,18,9
ROBESON,house,47,mail,19,9
ROBESON,house,47,mail,20,11
ROBESON,house,47,mail,21,6
ROBESON,house,47,mail,22,19
ROBESON,house,47,mail,25,4
ROBESON,house,47,mail,26,6
ROBESON,house,47,mail,28,6
ROBESON,house,47,mail,32,2
ROBESON,house,47,mail,33,2
ROBESON,house,47,mail,34,4
ROBESON,house,47,mail,36,5
ROBESON,house,47,mail,39,8
ROBESON,house,47,mail,40,4
ROBESON,house,47,mail,41,2
ROBESON,house,47,mail,43,6
ROBESON,house,47,mail,46,4
ROBESON,house,47,mail,47,3
ROBESON,house,47,mail,48,1
ROBESON,house,47,mail,50,6
ROBESON,house,47,mail,53,1
ROBESON,house,47,mail,54,3
ROBESON,house,47,mail,55,1
ROBESON,house,47,mail,56,1
ROBESON,senate,24,inperson,3,1059
ROBESON,senate,24,inperson,4,1364
ROBESON,senate,24,inperson,5,930
ROBESON,senate,24,inperson,6,823
ROBESON,senate,24,inperson,7,767
ROBESON,senate,24,inperson,8,965
ROBESON,senate,24,inperson,11,858
ROBESON,senate,24,inperson,12,806
ROBESON,senate,24,inperson,13,812
ROBESON,senate,24,inperson,14,933
ROBESON,senate,24,inperson,15,996
ROBESON,senate,24,inperson,16,316
ROBESON,senate,24,inperson,18,816
ROBESON,senate,24,inperson,19,966
ROBESON,senate,24,mail,0,101
ROBESON,senate,24,mail,1,23
ROBESON,senate,24,mail,3,24
ROBESON,senate,24,mail,4,22
ROBESON,senate,24,mail,5,24
ROBESON,senate,24,mail,6,9
ROBESON,senate,24,mail,7,41
ROBESON,senate,24,mail,8,2
ROBESON,senate,24,mail,11,14
ROBESON,senate,24,mail,12,32
ROBESON,senate,24,mail,13,9
ROBESON,senate,24,mail,14,22
ROBESON,senate,24,mail,15,7
ROBESON,senate,24,mail,16,5
ROBESON,senate,24,mail,18,10
ROBESON,senate,24,mail,19,11
ROBESON,senate,24,mail,20,15
ROBESON,senate,24,mail,21,7
ROBESON,senate,24,mail,22,23
ROBESON,senate,24,mail,25,7
ROBESON,senate,24,mail,26,14
ROBESON,senate,24,mail,28,8
ROBESON,senate,24,mail,29,2
ROBESON,senate,24,mail,32,4
ROBESON,senate,24,mail,33,2
ROBESON,senate,24,mail,34,6
ROBESON,senate,24,mail,36,5
ROBESON,senate,24,mail,39,9
ROBESON,senate,24,mail,40,4
ROBESON,senate,24,mail,41,3
ROBESON,senate,24,mail,43,6
ROBESON,senate,24,mail,46,5
ROBESON,senate,24,mail,47,3
ROBESON,senate,24,mail,48,2
ROBESON,senate,24,mail,50,10
ROBESON,senate,24,mail,53,2
ROBESON,senate,24,mail,54,3
ROBESON,senate,24,mail,55,1
ROBESON,senate,24,mail,56,1
ROCKINGHAM,house,65,inperson,3,1483
ROCKINGHAM,house,65,inperson,4,1830
ROCKINGHAM,house,65,inperson,5,1426
ROCKINGHAM,house,65,inperson,6,1225
ROCKINGHAM,house,65,inperson,7,1346
ROCKINGHAM,house,65,inperson,8,1233
ROCKINGHAM,house,65,inperson,11,1304
ROCKINGHAM,house,65,inperson,12,1198
ROCKINGHAM,house,65,inperson,13,1278
ROCKINGHAM,house,65,inperson,14,1415
ROCKINGHAM,house,65,inperson,15,1523
ROCKINGHAM,house,65,inperson,18,1547
ROCKINGHAM,house,65,inperson,19,1664
ROCKINGHAM,house,65,mail,0,29
ROCKINGHAM,house,65,mail,1,229
ROCKINGHAM,house,65,mail,5,13
ROCKINGHAM,house,65,mail,6,32
ROCKINGHAM,house,65,mail,7,79
ROCKINGHAM,house,65,mail,12,76
ROCKINGHAM,house,65,mail,15,26
ROCKINGHAM,house,65,mail,18,16
ROCKINGHAM,house,65,mail,19,22
ROCKINGHAM,house,65,mail,20,27
ROCKINGHAM,house,65,mail,21,1
ROCKINGHAM,house,65,mail,22,14
ROCKINGHAM,house,65,mail,25,16
ROCKINGHAM,house,65,mail,26,20
ROCKINGHAM,house,65,mail,27,26
ROCKINGHAM,house,65,mail,29,8
ROCKINGHAM,house,65,mail,32,8
ROCKINGHAM,house,65,mail,33,3
ROCKINGHAM,house,65,mail,34,9
ROCKINGHAM,house,65,mail,36,10
ROCKINGHAM,house,65,mail,39,6
ROCKINGHAM,house,65,mail,40,15
ROCKINGHAM,house,65,mail,41,8
ROCKINGHAM,house,65,mail,42,9
ROCKINGHAM,house,65,mail,43,12
ROCKINGHAM,house,65,mail,46,2
ROCKINGHAM,house,65,mail,47,11
ROCKINGHAM,house,65,mail,48,1
ROCKINGHAM,house,65,mail,50,6
ROCKINGHAM,house,65,mail,54,1
ROCKINGHAM,senate,26,inperson,3,1483
ROCKINGHAM,senate,26,inperson,4,1830
ROCKINGHAM,senate,26,inperson,5,1426
ROCKINGHAM,senate,26,inperson,6,1225
ROCKINGHAM,senate,26,inperson,7,1346
ROCKINGHAM,senate,26,inperson,8,1233
ROCKINGHAM,senate,26,inperson,11,1304
ROCKINGHAM,senate,26,inperson,12,1198
ROCKINGHAM,senate,26,inperson,13,1278
ROCKINGHAM,senate,26,inperson,14,1415
ROCKINGHAM,senate,26,inperson,15,1523
ROCKINGHAM,senate,26,inperson,18,1547
ROCKINGHAM,senate,26,inperson,19,1664
ROCKINGHAM,senate,26,mail,0,29
ROCKINGHAM,senate,26,mail,1,229
ROCKINGHAM,senate,26,mail,5,13
ROCKINGHAM,senate,26,mail,6,32
ROCKINGHAM,senate,26,mail,7,79
ROCKINGHAM,senate,26,mail,12,76
ROCKINGHAM,senate,26,mail,15,26
ROCKINGHAM,senate,26,mail,18,16
ROCKINGHAM,senate,26,mail,19,22
ROCKINGHAM,senate,26,mail,20,27
ROCKINGHAM,senate,26,mail,21,1
ROCKINGHAM,senate,26,mail,22,14
ROCKINGHAM,senate,26,mail,25,16
ROCKINGHAM,senate,26,mail,26,20
ROCKINGHAM,senate,26,mail,27,26
ROCKINGHAM,senate,26,mail,29,8
ROCKINGHAM,senate,26,mail,32,8
ROCKINGHAM,senate,26,mail,33,3
ROCKINGHAM,senate,26,mail,34,9
ROCKINGHAM,senate,26,mail,36,10
ROCKINGHAM,senate,26,mail,39,6
ROCKINGHAM,senate,26,mail,40,15
ROCKINGHAM,senate,26,mail,41,8
ROCKINGHAM,senate,26,mail,42,9
ROCKINGHAM,senate,26,mail,43,12
ROCKINGHAM,senate,26,mail,46,2
ROCKINGHAM,senate,26,mail,47,11
ROCKINGHAM,senate,26,mail,48,1
ROCKINGHAM,senate,26,mail,50,6
ROCKINGHAM,senate,26,mail,54,1
ROWAN,house,76,inperson,3,1135
ROWAN,house,76,inperson,4,1613
ROWAN,house,76,inperson,5,1214
ROWAN,house,76,inperson,6,1094
ROWAN,house,76,inperson,7,1105
ROWAN,house,76,inperson,8,1014
ROWAN,house,76,inperson,11,1032
ROWAN,house,76,inperson,12,928
ROWAN,house,76,inperson,13,1006
ROWAN,house,76,inperson,14,991
ROWAN,house,76,inperson,15,1011
ROWAN,house,76,inperson,16,319
ROWAN,house,76,inperson,17,368
ROWAN,house,76,inperson,18,981
ROWAN,house,76,inperson,19,1026
ROWAN,house,76,mail,0,94
ROWAN,house,76,mail,1,60
ROWAN,house,76,mail,2,1
ROWAN,house,76,mail,3,61
ROWAN,house,76,mail,4,42
ROWAN,house,76,mail,5,38
ROWAN,house,76,mail,6,56
ROWAN,house,76,mail,7,26
ROWAN,house,76,mail,8,74
ROWAN,house,76,mail,11,34
ROWAN,house,76,mail,12,46
ROWAN,house,76,mail,13,48
ROWAN,house,76,mail,14,16
ROWAN,house,76,mail,15,39
ROWAN,house,76,mail,16,1
ROWAN,house,76,mail,17,26
ROWAN,house,76,mail,18,21
ROWAN,house,76,mail,19,29
ROWAN,house,76,mail,20,32
ROWAN,house,76,mail,21,12
ROWAN,house,76,mail,22,15
ROWAN,house,76,mail,24,7
ROWAN,house,76,mail,25,20
ROWAN,house,76,mail,26,38
ROWAN,house,76,mail,27,5
ROWAN,house,76,mail,28,17
ROWAN,house,76,mail,29,6
ROWAN,house,76,mail,32,12
ROWAN,house,76,mail,33,8
ROWAN,house,76,mail,34,17
ROWAN,house,76,mail,35,3
ROWAN,house,76,mail,36,8
ROWAN,house,76,mail,38,15
ROWAN,house,76,mail,39,11
ROWAN,house,76,mail,40,15
ROWAN,house,76,mail,41,8
ROWAN,house,76,mail,42,3
ROWAN,house,76,mail,43,23
ROWAN,house,76,mail,46,6
ROWAN,house,76,mail,47,7
ROWAN,house,76,mail,48,7
ROWAN,house,76,mail,49,5
ROWAN,house,76,mail,50,5
ROWAN,house,76,mail,53,5
ROWAN,house,76,mail,54,5
ROWAN,house,76,mail,55,1
ROWAN,house,76,mail,56,4
ROWAN,house,77,inperson,3,99
ROWAN,house,77,inperson,4,138
ROWAN,house,77,inperson,5,102
ROWAN,house,77,inperson,6,89
ROWAN,house,77,inperson,7,113
ROWAN,house,77,inperson,8,101
ROWAN,house,77,inperson,11,77
ROWAN,house,77,inperson,12,50
ROWAN,house,77,inperson,13,60
ROWAN,house,77,inperson,14,73
ROWAN,house,77,inperson,15,97
ROWAN,house,77,inperson,16,26
ROWAN,house,77,inperson,17,45
ROWAN,house,77,inperson,18,76
ROWAN,house,77,inperson,19,72
ROWAN,house,77,mail,0,7
ROWAN,house,77,mail,1,9
ROWAN,house,77,mail,4,6
ROWAN,house,77,mail,5,4
ROWAN,house,77,mail,6,7
ROWAN,house,77,mail,7,3
ROWAN,house,77,mail,8,7
ROWAN,house,77,mail,11,4
ROWAN,house,77,mail,12,1
ROWAN,house,77,mail,13,5
ROWAN,house,77,mail,15,4
ROWAN,house,77,mail,17,1
ROWAN,house,77,mail,20,3
ROWAN,house,77,mail,22,3
ROWAN,house,77,mail,24,1
ROWAN,house,77,mail,25,1
ROWAN,house,77,mail,26,2
ROWAN,house,77,mail,28,2
ROWAN,house,77,mail,32,1
ROWAN,house,77,mail,39,2
ROWAN,house,77,mail,43,1
ROWAN,house,77,mail,47,1
ROWAN,house,77,mail,50,1
ROWAN,house,83,inperson,3,683
ROWAN,house,83,inperson,4,805
ROWAN,house,83,inperson,5,627
ROWAN,house,83,inperson,6,543
ROWAN,house,83,inperson,7,603
ROWAN,house,83,inperson,8,509
ROWAN,house,83,inperson,11,526
ROWAN,house,83,inperson,12,423
ROWAN,house,83,inperson,13,389
ROWAN,house,83,inperson,14,439
ROWAN,house,83,inperson,15,487
ROWAN,house,83,inperson,16,74
ROWAN,house,83,inperson,17,181
ROWAN,house,83,inperson,18,421
ROWAN,house,83,inperson,19,554
ROWAN,house,83,mail,0,57
ROWAN,house,83,mail,1,40
ROWAN,house,83,mail,2,1
ROWAN,house,83,mail,3,51
ROWAN,house,83,mail,4,21
ROWAN,house,83,mail,5,25
ROWAN,house,83,mail,6,28
ROWAN,house,83,mail,7,14
ROWAN,house,83,mail,8,30
ROWAN,house,83,mail,10,1
ROWAN,house,83,mail,11,9
ROWAN,house,83,mail,12,29
ROWAN,house,83,mail,13,16
ROWAN,house,83,mail,14,4
ROWAN,house,83,mail,15,12
ROWAN,house,83,mail,16,2
ROWAN,house,83,mail,17,7
ROWAN,house,83,mail,18,5
ROWAN,house,83,mail,19,12
ROWAN,house,83,mail,20,14
ROWAN,house,83,mail,21,3
ROWAN,house,83,mail,22,2
ROWAN,house,83,mail,24,4
ROWAN,house,83,mail,25,5
ROWAN,house,83,mail,26,8
ROWAN,house,83,mail,27,1
ROWAN,house,83,mail,28,8
ROWAN,house,83,mail,29,2
ROWAN,house,83,mail,32,3
ROWAN,house,83,mail,33,7
ROWAN,house,83,mail,34,2
ROWAN,house,83,mail,35,1
ROWAN,house,83,mail,36,3
ROWAN,house,83,mail,38,5
ROWAN,house,83,mail,39,2
ROWAN,house,83,mail,40,1
ROWAN,house,83,mail,41,3
ROWAN,house,83,mail,43,6
ROWAN,house,83,mail,47,4
ROWAN,house,83,mail,48,4
ROWAN,house,83,mail,50,3
ROWAN,house,83,mail,53,1
ROWAN,senate,33,inperson,3,1917
ROWAN,senate,33,inperson,4,2556
ROWAN,senate,33,inperson,5,1943
ROWAN,senate,33,inperson,6,1726
ROWAN,senate,33,inperson,7,1821
ROWAN,senate,33,inperson,8,1624
ROWAN,senate,33,inperson,11,1635
ROWAN,senate,33,inperson,12,1401
ROWAN,senate,33,inperson,13,1455
ROWAN,senate,33,inperson,14,1503
ROWAN,senate,33,inperson,15,1595
ROWAN,senate,33,inperson,16,419
ROWAN,senate,33,inperson,17,594
ROWAN,senate,33,inperson,18,1478
ROWAN,senate,33,inperson,19,1652
ROWAN,senate,33,mail,0,158
ROWAN,senate,33,mail,1,109
ROWAN,senate,33,mail,2,2
ROWAN,senate,33,mail,3,112
ROWAN,senate,33,mail,4,69
ROWAN,senate,33,mail,5,67
ROWAN,senate,33,mail,6,91
ROWAN,senate,33,mail,7,43
ROWAN,senate,33,mail,8,111
ROWAN,senate,33,mail,10,1
ROWAN,senate,33,mail,11,47
ROWAN,senate,33,mail,12,76
ROWAN,senate,33,mail,13,69
ROWAN,senate,33,mail,14,20
ROWAN,senate,33,mail,15,55
ROWAN,senate,33,mail,16,3
ROWAN,senate,33,mail,17,34
ROWAN,senate,33,mail,18,26
ROWAN,senate,33,mail,19,41
ROWAN,senate,33,mail,20,49
ROWAN,senate,33,mail,21,15
ROWAN,senate,33,mail,22,20
ROWAN,senate,33,mail,24,12
ROWAN,senate,33,mail,25,26
ROWAN,senate,33,mail,26,48
ROWAN,senate,33,mail,27,6
ROWAN,senate,33,mail,28,27
ROWAN,senate,33,mail,29,8
ROWAN,senate,33,mail,32,16
ROWAN,senate,33,mail,33,15
ROWAN,senate,33,mail,34,19
ROWAN,senate,33,mail,35,4
ROWAN,senate,33,mail,36,11
ROWAN,senate,33,mail,38,20
ROWAN,senate,33,mail,39,15
ROWAN,senate,33,mail,40,16
ROWAN,senate,33,mail,41,11
ROWAN,senate,33,mail,42,3
ROWAN,senate,33,mail,43,30
ROWAN,senate,33,mail,46,6
ROWAN,senate,33,mail,47,12
ROWAN,senate,33,mail,48,11
ROWAN,senate,33,mail,49,5
ROWAN,senate,33,mail,50,9
ROWAN,senate,33,mail,53,6
ROWAN,senate,33,mail,54,5
ROWAN,senate,33,mail,55,1
ROWAN,senate,33,mail,56,4
RUTHERFORD,house,111,inperson,3,288
RUTHERFORD,house,111,inperson,4,411
RUTHERFORD,house,111,inperson,5,314
RUTHERFORD,house,111,inperson,6,230
RUTHERFORD,house,111,inperson,7,326
RUTHERFORD,house,111,inperson,8,258
RUTHERFORD,house,111,inperson,11,290
RUTHERFORD,house,111,inperson,12,252
RUTHERFORD,house,111,inperson,13,272
RUTHERFORD,house,111,inperson,14,267
RUTHERFORD,house,111,inperson,15,307
RUTHERFORD,house,111,inperson,18,236
RUTHERFORD,house,111,inperson,19,241
RUTHERFORD,house,111,mail,0,14
RUTHERFORD,house,111,mail,1,36
RUTHERFORD,house,111,mail,3,2
RUTHERFORD,house,111,mail,4,14
RUTHERFORD,house,111,mail,5,10
RUTHERFORD,house,111,mail,6,12
RUTHERFORD,house,111,mail,7,5
RUTHERFORD,house,111,mail,8,11
RUTHERFORD,house,111,mail,11,6
RUTHERFORD,house,111,mail,12,13
RUTHERFORD,house,111,mail,13,11
RUTHERFORD,house,111,mail,14,6
RUTHERFORD,house,111,mail,15,9
RUTHERFORD,house,111,mail,18,4
RUTHERFORD,house,111,mail,19,12
RUTHERFORD,house,111,mail,21,1
RUTHERFORD,house,111,mail,22,11
RUTHERFORD,house,111,mail,25,2
RUTHERFORD,house,111,mail,26,5
RUTHERFORD,house,111,mail,27,1
RUTHERFORD,house,111,mail,28,2
RUTHERFORD,house,111,mail,29,5
RUTHERFORD,house,111,mail,34,3
RUTHERFORD,house,111,mail,35,3
RUTHERFORD,house,111,mail,36,5
RUTHERFORD,house,111,mail,39,1
RUTHERFORD,house,111,mail,43,1
RUTHERFORD,house,111,mail,46,1
RUTHERFORD,house,113,inperson,3,563
RUTHERFORD,house,113,inperson,4,884
RUTHERFORD,house,113,inperson,5,640
RUTHERFORD,house,113,inperson,6,592
RUTHERFORD,house,113,inperson,7,616
RUTHERFORD,house,113,inperson,8,501
RUTHERFORD,house,113,inperson,11,560
RUTHERFORD,house,113,inperson,12,492
RUTHERFORD,house,113,inperson,13,451
RUTHERFORD,house,113,inperson,14,542
RUTHERFORD,house,113,inperson,15,567
RUTHERFORD,house,113,inperson,18,455
RUTHERFORD,house,113,inperson,19,611
RUTHERFORD,house,113,mail,0,50
RUTHERFORD,house,113,mail,1,74
RUTHERFORD,house,113,mail,3,11
RUTHERFORD,house,113,mail,4,20
RUTHERFORD,house,113,mail,5,23
RUTHERFORD,house,113,mail,6,24
RUTHERFORD,house,113,mail,7,23
RUTHERFORD,house,113,mail,8,35
RUTHERFORD,house,113,mail,11,15
RUTHERFORD,house,113,mail,12,22
RUTHERFORD,house,113,mail,13,27
RUTHERFORD,house,113,mail,14,8
RUTHERFORD,house,113,mail,15,24
RUTHERFORD,house,113,mail,18,20
RUTHERFORD,house,113,mail,19,19
RUTHERFORD,house,113,mail,20,4
RUTHERFORD,house,113,mail,21,3
RUTHERFORD,house,113,mail,22,18
RUTHERFORD,house,113,mail,25,4
RUTHERFORD,house,113,mail,26,12
RUTHERFORD,house,113,mail,27,6
RUTHERFORD,house,113,mail,28,20
RUTHERFORD,house,113,mail,29,10
RUTHERFORD,house,113,mail,32,4
RUTHERFORD,house,113,mail,33,4
RUTHERFORD,house,113,mail,34,5
RUTHERFORD,house,113,mail,35,1
RUTHERFORD,house,113,mail,36,6
RUTHERFORD,house,113,mail,39,5
RUTHERFORD,house,113,mail,40,3
RUTHERFORD,house,113,mail,41,5
RUTHERFORD,house,113,mail,43,5
RUTHERFORD,house,113,mail,46,1
RUTHERFORD,house,113,mail,47,2
RUTHERFORD,house,113,mail,54,1
RUTHERFORD,house,113,mail,55,1
RUTHERFORD,senate,48,inperson,3,851
RUTHERFORD,senate,48,inperson,4,1295
RUTHERFORD,senate,48,inperson,5,954
RUTHERFORD,senate,48,inperson,6,822
RUTHERFORD,senate,48,inperson,7,942
RUTHERFORD,senate,48,inperson,8,759
RUTHERFORD,senate,48,inperson,11,850
RUTHERFORD,senate,48,inperson,12,744
RUTHERFORD,senate,48,inperson,13,723
RUTHERFORD,senate,48,inperson,14,809
RUTHERFORD,senate,48,inperson,15,874
RUTHERFORD,senate,48,inperson,18,691
RUTHERFORD,senate,48,inperson,19,852
RUTHERFORD,senate,48,mail,0,64
RUTHERFORD,senate,48,mail,1,110
RUTHERFORD,senate,48,mail,3,13
RUTHERFORD,senate,48,mail,4,34
RUTHERFORD,senate,48,mail,5,33
RUTHERFORD,senate,48,mail,6,36
RUTHERFORD,senate,48,mail,7,28
RUTHERFORD,senate,48,mail,8,46
RUTHERFORD,senate,48,mail,11,21
RUTHERFORD,senate,48,mail,12,35
RUTHERFORD,senate,48,mail,13,38
RUTHERFORD,senate,48,mail,14,14
RUTHERFORD,senate,48,mail,15,33
RUTHERFORD,senate,48,mail,18,24
RUTHERFORD,senate,48,mail,19,31
RUTHERFORD,senate,48,mail,20,4
RUTHERFORD,senate,48,mail,21,4
RUTHERFORD,senate,48,mail,22,29
RUTHERFORD,senate,48,mail,25,6
RUTHERFORD,senate,48,mail,26,17
RUTHERFORD,senate,48,mail,27,7
RUTHERFORD,senate,48,mail,28,22
RUTHERFORD,senate,48,mail,29,15
RUTHERFORD,senate,48,mail,32,4
RUTHERFORD,senate,48,mail,33,4
RUTHERFORD,senate,48,mail,34,8
RUTHERFORD,senate,48,mail,35,4
RUTHERFORD,senate,48,mail,36,11
RUTHERFORD,senate,48,mail,39,6
RUTHERFORD,senate,48,mail,40,3
RUTHERFORD,senate,48,mail,41,5
RUTHERFORD,senate,48,mail,43,6
RUTHERFORD,senate,48,mail,46,2
RUTHERFORD,senate,48,mail,47,2
RUTHERFORD,senate,48,mail,54,1
RUTHERFORD,senate,48,mail,55,1
SAMPSON,house,22,inperson,3,753
SAMPSON,house,22,inperson,4,1067
SAMPSON,house,22,inperson,5,705
SAMPSON,house,22,inperson,6,672
SAMPSON,house,22,inperson,7,650
SAMPSON,house,22,inperson,8,609
SAMPSON,house,22,inperson,11,538
SAMPSON,house,22,inperson,12,410
SAMPSON,house,22,inperson,13,532
SAMPSON,house,22,inperson,14,542
SAMPSON,house,22,inperson,15,489
SAMPSON,house,22,inperson,16,162
SAMPSON,house,22,inperson,18,435
SAMPSON,house,22,inperson,19,521
SAMPSON,house,22,mail,0,93
SAMPSON,house,22,mail,1,13
SAMPSON,house,22,mail,3,43
SAMPSON,house,22,mail,4,11
SAMPSON,house,22,mail,5,2
SAMPSON,house,22,mail,6,5
SAMPSON,house,22,mail,7,41
SAMPSON,house,22,mail,8,5
SAMPSON,house,22,mail,11,13
SAMPSON,house,22,mail,12,2
SAMPSON,house,22,mail,13,7
SAMPSON,house,22,mail,14,31
SAMPSON,house,22,mail,15,3
SAMPSON,house,22,mail,18,25
SAMPSON,house,22,mail,19,1
SAMPSON,house,22,mail,20,15
SAMPSON,house,22,mail,21,4
SAMPSON,house,22,mail,25,27
SAMPSON,house,22,mail,29,15
SAMPSON,house,22,mail,35,10
SAMPSON,house,22,mail,36,1
SAMPSON,senate,12,inperson,3,75
SAMPSON,senate,12,inperson,4,91
SAMPSON,senate,12,inperson,5,52
SAMPSON,senate,12,inperson,6,52
SAMPSON,senate,12,inperson,7,61
SAMPSON,senate,12,inperson,8,41
SAMPSON,senate,12,inperson,11,55
SAMPSON,senate,12,inperson,12,42
SAMPSON,senate,12,inperson,13,63
SAMPSON,senate,12,inperson,14,45
SAMPSON,senate,12,inperson,15,47
SAMPSON,senate,12,inperson,16,15
SAMPSON,senate,12,inperson,18,43
SAMPSON,senate,12,inperson,19,45
SAMPSON,senate,12,mail,0,3
SAMPSON,senate,12,mail,3,4
SAMPSON,senate,12,mail,7,3
SAMPSON,senate,12,mail,14,1
SAMPSON,senate,12,mail,18,2
SAMPSON,senate,12,mail,25,2
SAMPSON,senate,9,inperson,3,678
SAMPSON,senate,9,inperson,4,976
SAMPSON,senate,9,inperson,5,653
SAMPSON,senate,9,inperson,6,620
SAMPSON,senate,9,inperson,7,589
SAMPSON,senate,9,inperson,8,568
SAMPSON,senate,9,inperson,11,483
SAMPSON,senate,9,inperson,12,368
SAMPSON,senate,9,inperson,13,469
SAMPSON,senate,9,inperson,14,497
SAMPSON,senate,9,inperson,15,442
SAMPSON,senate,9,inperson,16,147
SAMPSON,senate,9,inperson,18,392
SAMPSON,senate,9,inperson,19,476
SAMPSON,senate,9,mail,0,90
SAMPSON,senate,9,mail,1,13
SAMPSON,senate,9,mail,3,39
SAMPSON,senate,9,mail,4,11
SAMPSON,senate,9,mail,5,2
SAMPSON,senate,9,mail,6,5
SAMPSON,senate,9,mail,7,38
SAMPSON,senate,9,mail,8,5
SAMPSON,senate,9,mail,11,13
SAMPSON,senate,9,mail,12,2
SAMPSON,senate,9,mail,13,7
SAMPSON,senate,9,mail,14,30
SAMPSON,senate,9,mail,15,3
SAMPSON,senate,9,mail,18,23
SAMPSON,senate,9,mail,19,1
SAMPSON,senate,9,mail,20,15
SAMPSON,senate,9,mail,21,4
SAMPSON,senate,9,mail,25,25
SAMPSON,senate,9,mail,29,15
SAMPSON,senate,9,mail,35,10
SAMPSON,senate,9,mail,36,1
SCOTLAND,house,48,inperson,3,450
SCOTLAND,house,48,inperson,4,590
SCOTLAND,house,48,inperson,5,456
SCOTLAND,house,48,inperson,6,414
SCOTLAND,house,48,inperson,7,402
SCOTLAND,house,48,inperson,8,398
SCOTLAND,house,48,inperson,11,392
SCOTLAND,house,48,inperson,12,361
SCOTLAND,house,48,inperson,13,381
SCOTLAND,house,48,inperson,14,508
SCOTLAND,house,48,inperson,15,496
SCOTLAND,house,48,inperson,18,481
SCOTLAND,house,48,inperson,19,527
SCOTLAND,house,48,mail,0,36
SCOTLAND,house,48,mail,1,16
SCOTLAND,house,48,mail,2,1
SCOTLAND,house,48,mail,3,8
SCOTLAND,house,48,mail,4,8
SCOTLAND,house,48,mail,5,11
SCOTLAND,house,48,mail,6,9
SCOTLAND,house,48,mail,7,25
SCOTLAND,house,48,mail,8,20
SCOTLAND,house,48,mail,11,6
SCOTLAND,house,48,mail,12,15
SCOTLAND,house,48,mail,13,6
SCOTLAND,house,48,mail,14,4
SCOTLAND,house,48,mail,15,6
SCOTLAND,house,48,mail,18,10
SCOTLAND,house,48,mail,19,12
SCOTLAND,house,48,mail,20,5
SCOTLAND,house,48,mail,21,9
SCOTLAND,house,48,mail,22,4
SCOTLAND,house,48,mail,25,3
SCOTLAND,house,48,mail,26,4
SCOTLAND,house,48,mail,27,1
SCOTLAND,house,48,mail,28,4
SCOTLAND,house,48,mail,29,1
SCOTLAND,house,48,mail,31,7
SCOTLAND,house,48,mail,32,1
SCOTLAND,house,48,mail,33,3
SCOTLAND,house,48,mail,34,4
SCOTLAND,house,48,mail,35,1
SCOTLAND,house,48,mail,36,3
SCOTLAND,house,48,mail,41,6
SCOTLAND,house,48,mail,42,1
SCOTLAND,house,48,mail,43,1
SCOTLAND,house,48,mail,46,1
SCOTLAND,house,48,mail,47,2
SCOTLAND,house,48,mail,49,2
SCOTLAND,house,48,mail,50,4
SCOTLAND,house,48,mail,54,1
SCOTLAND,house,48,mail,55,1
SCOTLAND,senate,24,inperson,3,450
SCOTLAND,senate,24,inperson,4,590
SCOTLAND,senate,24,inperson,5,456
SCOTLAND,senate,24,inperson,6,414
SCOTLAND,senate,24,inperson,7,402
SCOTLAND,senate,24,inperson,8,398
SCOTLAND,senate,24,inperson,11,392
SCOTLAND,senate,24,inperson,12,361
SCOTLAND,senate,24,inperson,13,381
SCOTLAND,senate,24,inperson,14,508
SCOTLAND,senate,24,inperson,15,496
SCOTLAND,senate,24,inperson,18,481
SCOTLAND,senate,24,inperson,19,527
SCOTLAND,senate,24,mail,0,36
SCOTLAND,senate,24,mail,1,16
SCOTLAND,senate,24,mail,2,1
SCOTLAND,senate,24,mail,3,8
SCOTLAND,senate,24,mail,4,8
SCOTLAND,senate,24,mail,5,11
SCOTLAND,senate,24,mail,6,9
SCOTLAND,senate,24,mail,7,25
SCOTLAND,senate,24,mail,8,20
SCOTLAND,senate,24,mail,11,6
SCOTLAND,senate,24,mail,12,15
SCOTLAND,senate,24,mail,13,6
SCOTLAND,senate,24,mail,14,4
SCOTLAND,senate,24,mail,15,6
SCOTLAND,senate,24,mail,18,10
SCOTLAND,senate,24,mail,19,12
SCOTLAND,senate,24,mail,20,5
SCOTLAND,senate,24,mail,21,9
SCOTLAND,senate,24,mail,22,4
SCOTLAND,senate,24,mail,25,3
SCOTLAND,senate,24,mail,26,4
SCOTLAND,senate,24,mail,27,1
SCOTLAND,senate,24,mail,28,4
SCOTLAND,senate,24,mail,29,1
SCOTLAND,senate,24,mail,31,7
SCOTLAND,senate,24,mail,32,1
SCOTLAND,senate,24,mail,33,3
SCOTLAND,senate,24,mail,34,4
SCOTLAND,senate,24,mail,35,1
SCOTLAND,senate,24,mail,36,3
SCOTLAND,senate,24,mail,41,6
SCOTLAND,senate,24,mail,42,1
SCOTLAND,senate,24,mail,43,1
SCOTLAND,senate,24,mail,46,1
SCOTLAND,senate,24,mail,47,2
SCOTLAND,senate,24,mail,49,2
SCOTLAND,senate,24,mail,50,4
SCOTLAND,senate,24,mail,54,1
SCOTLAND,senate,24,mail,55,1
STANLY,house,67,inperson,3,954
STANLY,house,67,inperson,4,1187
STANLY,house,67,inperson,5,963
STANLY,house,67,inperson,6,814
STANLY,house,67,inperson,7,887
STANLY,house,67,inperson,8,856
STANLY,house,67,inperson,11,800
STANLY,house,67,inperson,12,670
STANLY,house,67,inperson,13,726
STANLY,house,67,inperson,14,838
STANLY,house,67,inperson,15,769
STANLY,house,67,inperson,18,674
STANLY,house,67,inperson,19,837
STANLY,house,67,mail,0,55
STANLY,house,67,mail,1,73
STANLY,house,67,mail,3,4
STANLY,house,67,mail,4,16
STANLY,house,67,mail,5,65
STANLY,house,67,mail,6,10
STANLY,house,67,mail,7,8
STANLY,house,67,mail,8,66
STANLY,house,67,mail,11,16
STANLY,house,67,mail,12,12
STANLY,house,67,mail,13,31
STANLY,house,67,mail,14,8
STANLY,house,67,mail,15,31
STANLY,house,67,mail,17,1
STANLY,house,67,mail,18,4
STANLY,house,67,mail,19,10
STANLY,house,67,mail,20,5
STANLY,house,67,mail,21,2
STANLY,house,67,mail,22,23
STANLY,house,67,mail,25,5
STANLY,house,67,mail,26,15
STANLY,house,67,mail,27,3
STANLY,house,67,mail,28,3
STANLY,house,67,mail,29,2
STANLY,house,67,mail,32,3
STANLY,house,67,mail,33,5
STANLY,house,67,mail,34,7
STANLY,house,67,mail,35,1
STANLY,house,67,mail,36,15
STANLY,house,67,mail,38,1
STANLY,house,67,mail,39,2
STANLY,house,67,mail,40,4
STANLY,house,67,mail,41,11
STANLY,house,67,mail,42,2
STANLY,house,67,mail,43,5
STANLY,house,67,mail,46,3
STANLY,house,67,mail,48,5
STANLY,house,67,mail,50,4
STANLY,senate,33,inperson,3,954
STANLY,senate,33,inperson,4,1187
STANLY,senate,33,inperson,5,963
STANLY,senate,33,inperson,6,814
STANLY,senate,33,inperson,7,887
STANLY,senate,33,inperson,8,856
STANLY,senate,33,inperson,11,800
STANLY,senate,33,inperson,12,670
STANLY,senate,33,inperson,13,726
STANLY,senate,33,inperson,14,838
STANLY,senate,33,inperson,15,769
STANLY,senate,33,inperson,18,674
STANLY,senate,33,inperson,19,837
STANLY,senate,33,mail,0,55
STANLY,senate,33,mail,1,73
STANLY,senate,33,mail,3,4
STANLY,senate,33,mail,4,16
STANLY,senate,33,mail,5,65
STANLY,senate,33,mail,6,10
STANLY,senate,33,mail,7,8
STANLY,senate,33,mail,8,66
STANLY,senate,33,mail,11,16
STANLY,senate,33,mail,12,12
STANLY,senate,33,mail,13,31
STANLY,senate,33,mail,14,8
STANLY,senate,33,mail,15,31
STANLY,senate,33,mail,17,1
STANLY,senate,33,mail,18,4
STANLY,senate,33,mail,19,10
STANLY,senate,33,mail,20,5
STANLY,senate,33,mail,21,2
STANLY,senate,33,mail,22,23
STANLY,senate,33,mail,25,5
STANLY,senate,33,mail,26,15
STANLY,senate,33,mail,27,3
STANLY,senate,33,mail,28,3
STANLY,senate,33,mail,29,2
STANLY,senate,33,mail,32,3
STANLY,senate,33,mail,33,5
STANLY,senate,33,mail,34,7
STANLY,senate,33,mail,35,1
STANLY,senate,33,mail,36,15
STANLY,senate,33,mail,38,1
STANLY,senate,33,mail,39,2
STANLY,senate,33,mail,40,4
STANLY,senate,33,mail,41,11
STANLY,senate,33,mail,42,2
STANLY,senate,33,mail,43,5
STANLY,senate,33,mail,46,3
STANLY,senate,33,mail,48,5
STANLY,senate,33,mail,50,4
STOKES,house,91,inperson,3,725
STOKES,house,91,inperson,4,945
STOKES,house,91,inperson,5,651
STOKES,house,91,inperson,6,541
STOKES,house,91,inperson,7,598
STOKES,house,91,inperson,8,547
STOKES,house,91,inperson,11,635
STOKES,house,91,inperson,12,515
STOKES,house,91,inperson,13,520
STOKES,house,91,inperson,14,510
STOKES,house,91,inperson,15,584
STOKES,house,91,inperson,18,679
STOKES,house,91,inperson,19,789
STOKES,house,91,mail,0,8
STOKES,house,91,mail,1,31
STOKES,house,91,mail,2,1
STOKES,house,91,mail,3,38
STOKES,house,91,mail,4,56
STOKES,house,91,mail,6,11
STOKES,house,91,mail,7,32
STOKES,house,91,mail,8,42
STOKES,house,91,mail,9,1
STOKES,house,91,mail,10,1
STOKES,house,91,mail,11,18
STOKES,house,91,mail,12,25
STOKES,house,91,mail,13,4
STOKES,house,91,mail,14,1
STOKES,house,91,mail,15,35
STOKES,house,91,mail,16,1
STOKES,house,91,mail,18,16
STOKES,house,91,mail,20,6
STOKES,house,91,mail,21,24
STOKES,house,91,mail,22,32
STOKES,house,91,mail,25,2
STOKES,house,91,mail,26,6
STOKES,house,91,mail,28,10
STOKES,house,91,mail,29,2
STOKES,house,91,mail,32,10
STOKES,house,91,mail,33,2
STOKES,house,91,mail,34,8
STOKES,house,91,mail,36,5
STOKES,house,91,mail,39,8
STOKES,house,91,mail,40,8
STOKES,house,91,mail,42,2
STOKES,house,91,mail,43,3
STOKES,house,91,mail,46,3
STOKES,house,91,mail,47,2
STOKES,house,91,mail,50,3
STOKES,house,91,mail,53,3
STOKES,house,91,mail,54,2
STOKES,senate,31,inperson,3,725
STOKES,senate,31,inperson,4,945
STOKES,senate,31,inperson,5,651
STOKES,senate,31,inperson,6,541
STOKES,senate,31,inperson,7,598
STOKES,senate,31,inperson,8,547
STOKES,senate,31,inperson,11,635
STOKES,senate,31,inperson,12,515
STOKES,senate,31,inperson,13,520
STOKES,senate,31,inperson,14,510
STOKES,senate,31,inperson,15,584
STOKES,senate,31,inperson,18,679
STOKES,senate,31,inperson,19,789
STOKES,senate,31,mail,0,8
STOKES,senate,31,mail,1,31
STOKES,senate,31,mail,2,1
STOKES,senate,31,mail,3,38
STOKES,senate,31,mail,4,56
STOKES,senate,31,mail,6,11
STOKES,senate,31,mail,7,32
STOKES,senate,31,mail,8,42
STOKES,senate,31,mail,9,1
STOKES,senate,31,mail,10,1
STOKES,senate,31,mail,11,18
STOKES,senate,31,mail,12,25
STOKES,senate,31,mail,13,4
STOKES,senate,31,mail,14,1
STOKES,senate,31,mail,15,35
STOKES,senate,31,mail,16,1
STOKES,senate,31,mail,18,16
STOKES,senate,31,mail,20,6
STOKES,senate,31,mail,21,24
STOKES,senate,31,mail,22,32
STOKES,senate,31,mail,25,2
STOKES,senate,31,mail,26,6
STOKES,senate,31,mail,28,10
STOKES,senate,31,mail,29,2
STOKES,senate,31,mail,32,10
STOKES,senate,31,mail,33,2
STOKES,senate,31,mail,34,8
STOKES,senate,31,mail,36,5
STOKES,senate,31,mail,39,8
STOKES,senate,31,mail,40,8
STOKES,senate,31,mail,42,2
STOKES,senate,31,mail,43,3
STOKES,senate,31,mail,46,3
STOKES,senate,31,mail,47,2
STOKES,senate,31,mail,50,3
STOKES,senate,31,mail,53,3
STOKES,senate,31,mail,54,2
SURRY,house,90,inperson,3,1201
SURRY,house,90,inperson,4,1314
SURRY,house,90,inperson,5,1016
SURRY,house,90,inperson,6,858
SURRY,house,90,inperson,7,901
SURRY,house,90,inperson,8,896
SURRY,house,90,inperson,11,876
SURRY,house,90,inperson,12,778
SURRY,house,90,inperson,13,803
SURRY,house,90,inperson,14,860
SURRY,house,90,inperson,15,867
SURRY,house,90,inperson,18,910
SURRY,house,90,inperson,19,954
SURRY,house,90,mail,0,66
SURRY,house,90,mail,1,49
SURRY,house,90,mail,2,1
SURRY,house,90,mail,3,48
SURRY,house,90,mail,4,60
SURRY,house,90,mail,5,39
SURRY,house,90,mail,6,89
SURRY,house,90,mail,7,11
SURRY,house,90,mail,8,35
SURRY,house,90,mail,10,14
SURRY,house,90,mail,11,27
SURRY,house,90,mail,12,30
SURRY,house,90,mail,13,44
SURRY,house,90,mail,14,6
SURRY,house,90,mail,15,66
SURRY,house,90,mail,18,17
SURRY,house,90,mail,19,24
SURRY,house,90,mail,20,35
SURRY,house,90,mail,21,4
SURRY,house,90,mail,22,32
SURRY,house,90,mail,25,23
SURRY,house,90,mail,26,31
SURRY,house,90,mail,27,3
SURRY,house,90,mail,28,28
SURRY,house,90,mail,29,11
SURRY,house,90,mail,32,10
SURRY,house,90,mail,33,12
SURRY,house,90,mail,34,27
SURRY,house,90,mail,35,4
SURRY,house,90,mail,36,9
SURRY,house,90,mail,39,6
SURRY,house,90,mail,40,4
SURRY,house,90,mail,41,15
SURRY,house,90,mail,42,1
SURRY,house,90,mail,43,13
SURRY,house,90,mail,46,13
SURRY,house,90,mail,47,2
SURRY,house,90,mail,48,7
SURRY,house,90,mail,49,1
SURRY,house,90,mail,50,8
SURRY,house,90,mail,53,9
SURRY,house,90,mail,54,9
SURRY,house,90,mail,55,5
SURRY,house,90,mail,56,1
SURRY,senate,36,inperson,3,1201
SURRY,senate,36,inperson,4,1314
SURRY,senate,36,inperson,5,1016
SURRY,senate,36,inperson,6,858
SURRY,senate,36,inperson,7,901
SURRY,senate,36,inperson,8,896
SURRY,senate,36,inperson,11,876
SURRY,senate,36,inperson,12,778
SURRY,senate,36,inperson,13,803
SURRY,senate,36,inperson,14,860
SURRY,senate,36,inperson,15,867
SURRY,senate,36,inperson,18,910
SURRY,senate,36,inperson,19,954
SURRY,senate,36,mail,0,66
SURRY,senate,36,mail,1,49
SURRY,senate,36,mail,2,1
SURRY,senate,36,mail,3,48
SURRY,senate,36,mail,4,60
SURRY,senate,36,mail,5,39
SURRY,senate,36,mail,6,89
SURRY,senate,36,mail,7,11
SURRY,senate,36,mail,8,35
SURRY,senate,36,mail,10,14
SURRY,senate,36,mail,11,27
SURRY,senate,36,mail,12,30
SURRY,senate,36,mail,13,44
SURRY,senate,36,mail,14,6
SURRY,senate,36,mail,15,66
SURRY,senate,36,mail,18,17
SURRY,senate,36,mail,19,24
SURRY,senate,36,mail,20,35
SURRY,senate,36,mail,21,4
SURRY,senate,36,mail,22,32
SURRY,senate,36,mail,25,23
SURRY,senate,36,mail,26,31
SURRY,senate,36,mail,27,3
SURRY,senate,36,mail,28,28
SURRY,senate,36,mail,29,11
SURRY,senate,36,mail,32,10
SURRY,senate,36,mail,33,12
SURRY,senate,36,mail,34,27
SURRY,senate,36,mail,35,4
SURRY,senate,36,mail,36,9
SURRY,senate,36,mail,39,6
SURRY,senate,36,mail,40,4
SURRY,senate,36,mail,41,15
SURRY,senate,36,mail,42,1
SURRY,senate,36,mail,43,13
SURRY,senate,36,mail,46,13
SURRY,senate,36,mail,47,2
SURRY,senate,36,mail,48,7
SURRY,senate,36,mail,49,1
SURRY,senate,36,mail,50,8
SURRY,senate,36,mail,53,9
SURRY,senate,36,mail,54,9
SURRY,senate,36,mail,55,5
SURRY,senate,36,mail,56,1
SWAIN,house,119,inperson,3,161
SWAIN,house,119,inperson,4,247
SWAIN,house,119,inperson,5,215
SWAIN,house,119,inperson,6,229
SWAIN,house,119,inperson,7,210
SWAIN,house,119,inperson,8,189
SWAIN,house,119,inperson,10,37
SWAIN,house,119,inperson,11,214
SWAIN,house,119,inperson,12,191
SWAIN,house,119,inperson,13,226
SWAIN,house,119,inperson,14,217
SWAIN,house,119,inperson,15,247
SWAIN,house,119,inperson,17,41
SWAIN,house,119,inperson,18,184
SWAIN,house,119,inperson,19,213
SWAIN,house,119,mail,0,11
SWAIN,house,119,mail,1,19
SWAIN,house,119,mail,3,1
SWAIN,house,119,mail,4,8
SWAIN,house,119,mail,5,7
SWAIN,house,119,mail,6,12
SWAIN,house,119,mail,7,4
SWAIN,house,119,mail,8,7
SWAIN,house,119,mail,11,5
SWAIN,house,119,mail,12,3
SWAIN,house,119,mail,13,6
SWAIN,house,119,mail,14,1
SWAIN,house,119,mail,15,15
SWAIN,house,119,mail,18,2
SWAIN,house,119,mail,19,6
SWAIN,house,119,mail,20,2
SWAIN,house,119,mail,21,3
SWAIN,house,119,mail,22,4
SWAIN,house,119,mail,26,2
SWAIN,house,119,mail,27,1
SWAIN,house,119,mail,28,3
SWAIN,house,119,mail,29,3
SWAIN,house,119,mail,33,1
SWAIN,house,119,mail,34,1
SWAIN,house,119,mail,35,2
SWAIN,house,119,mail,36,1
SWAIN,house,119,mail,39,3
SWAIN,house,119,mail,41,1
SWAIN,house,119,mail,42,1
SWAIN,house,119,mail,47,2
SWAIN,house,119,mail,48,3
SWAIN,house,119,mail,50,3
SWAIN,house,119,mail,54,1
SWAIN,senate,50,inperson,3,161
SWAIN,senate,50,inperson,4,247
SWAIN,senate,50,inperson,5,215
SWAIN,senate,50,inperson,6,229
SWAIN,senate,50,inperson,7,210
SWAIN,senate,50,inperson,8,189
SWAIN,senate,50,inperson,10,37
SWAIN,senate,50,inperson,11,214
SWAIN,senate,50,inperson,12,191
SWAIN,senate,50,inperson,13,226
SWAIN,senate,50,inperson,14,217
SWAIN,senate,50,inperson,15,247
SWAIN,senate,50,inperson,17,41
SWAIN,senate,50,inperson,18,184
SWAIN,senate,50,inperson,19,213
SWAIN,senate,50,mail,0,11
SWAIN,senate,50,mail,1,19
SWAIN,senate,50,mail,3,1
SWAIN,senate,50,mail,4,8
SWAIN,senate,50,mail,5,7
SWAIN,senate,50,mail,6,12
SWAIN,senate,50,mail,7,4
SWAIN,senate,50,mail,8,7
SWAIN,senate,50,mail,11,5
SWAIN,senate,50,mail,12,3
SWAIN,senate,50,mail,13,6
SWAIN,senate,50,mail,14,1
SWAIN,senate,50,mail,15,15
SWAIN,senate,50,mail,18,2
SWAIN,senate,50,mail,19,6
SWAIN,senate,50,mail,20,2
SWAIN,senate,50,mail,21,3
SWAIN,senate,50,mail,22,4
SWAIN,senate,50,mail,26,2
SWAIN,senate,50,mail,27,1
SWAIN,senate,50,mail,28,3
SWAIN,senate,50,mail,29,3
SWAIN,senate,50,mail,33,1
SWAIN,senate,50,mail,34,1
SWAIN,senate,50,mail,35,2
SWAIN,senate,50,mail,36,1
SWAIN,senate,50,mail,39,3
SWAIN,senate,50,mail,41,1
SWAIN,senate,50,mail,42,1
SWAIN,senate,50,mail,47,2
SWAIN,senate,50,mail,48,3
SWAIN,senate,50,mail,50,3
SWAIN,senate,50,mail,54,1
TRANSYLVANIA,house,119,inperson,3,446
TRANSYLVANIA,house,119,inperson,4,801
TRANSYLVANIA,house,119,inperson,5,630
TRANSYLVANIA,house,119,inperson,6,576
TRANSYLVANIA,house,119,inperson,7,619
TRANSYLVANIA,house,119,inperson,8,656
TRANSYLVANIA,house,119,inperson,10,255
TRANSYLVANIA,house,119,inperson,11,679
TRANSYLVANIA,house,119,inperson,12,622
TRANSYLVANIA,house,119,inperson,13,733
TRANSYLVANIA,house,119,inperson,14,758
TRANSYLVANIA,house,119,inperson,15,796
TRANSYLVANIA,house,119,inperson,17,284
TRANSYLVANIA,house,119,inperson,18,761
TRANSYLVANIA,house,119,inperson,19,816
TRANSYLVANIA,house,119,mail,0,18
TRANSYLVANIA,house,119,mail,1,64
TRANSYLVANIA,house,119,mail,3,45
TRANSYLVANIA,house,119,mail,4,35
TRANSYLVANIA,house,119,mail,5,26
TRANSYLVANIA,house,119,mail,6,39
TRANSYLVANIA,house,119,mail,7,34
TRANSYLVANIA,house,119,mail,8,116
TRANSYLVANIA,house,119,mail,11,12
TRANSYLVANIA,house,119,mail,12,20
TRANSYLVANIA,house,119,mail,13,26
TRANSYLVANIA,house,119,mail,14,45
TRANSYLVANIA,house,119,mail,15,33
TRANSYLVANIA,house,119,mail,17,6
TRANSYLVANIA,house,119,mail,18,30
TRANSYLVANIA,house,119,mail,19,31
TRANSYLVANIA,house,119,mail,20,19
TRANSYLVANIA,house,119,mail,21,28
TRANSYLVANIA,house,119,mail,22,23
TRANSYLVANIA,house,119,mail,23,1
TRANSYLVANIA,house,119,mail,25,11
TRANSYLVANIA,house,119,mail,26,9
TRANSYLVANIA,house,119,mail,27,14
TRANSYLVANIA,house,119,mail,28,13
TRANSYLVANIA,house,119,mail,29,16
TRANSYLVANIA,house,119,mail,32,1
TRANSYLVANIA,house,119,mail,33,5
TRANSYLVANIA,house,119,mail,34,3
TRANSYLVANIA,house,119,mail,35,6
TRANSYLVANIA,house,119,mail,36,18
TRANSYLVANIA,house,119,mail,39,5
TRANSYLVANIA,house,119,mail,40,5
TRANSYLVANIA,house,119,mail,41,21
TRANSYLVANIA,house,119,mail,42,3
TRANSYLVANIA,house,119,mail,43,4
TRANSYLVANIA,house,119,mail,46,10
TRANSYLVANIA,house,119,mail,47,7
TRANSYLVANIA,house,119,mail,48,5
TRANSYLVANIA,house,119,mail,49,8
TRANSYLVANIA,house,119,mail,50,6
TRANSYLVANIA,house,119,mail,53,7
TRANSYLVANIA,house,119,mail,55,2
TRANSYLVANIA,house,119,mail,56,1
TRANSYLVANIA,senate,50,inperson,3,446
TRANSYLVANIA,senate,50,inperson,4,801
TRANSYLVANIA,senate,50,inperson,5,630
TRANSYLVANIA,senate,50,inperson,6,576
TRANSYLVANIA,senate,50,inperson,7,619
TRANSYLVANIA,senate,50,inperson,8,656
TRANSYLVANIA,senate,50,inperson,10,255
TRANSYLVANIA,senate,50,inperson,11,679
TRANSYLVANIA,senate,50,inperson,12,622
TRANSYLVANIA,senate,50,inperson,13,733
TRANSYLVANIA,senate,50,inperson,14,758
TRANSYLVANIA,senate,50,inperson,15,796
TRANSYLVANIA,senate,50,inperson,17,284
TRANSYLVANIA,senate,50,inperson,18,761
TRANSYLVANIA,senate,50,inperson,19,816
TRANSYLVANIA,senate,50,mail,0,18
TRANSYLVANIA,senate,50,mail,1,64
TRANSYLVANIA,senate,50,mail,3,45
TRANSYLVANIA,senate,50,mail,4,35
TRANSYLVANIA,senate,50,mail,5,26
TRANSYLVANIA,senate,50,mail,6,39
TRANSYLVANIA,senate,50,mail,7,34
TRANSYLVANIA,senate,50,mail,8,116
TRANSYLVANIA,senate,50,mail,11,12
TRANSYLVANIA,senate,50,mail,12,20
TRANSYLVANIA,senate,50,mail,13,26
TRANSYLVANIA,senate,50,mail,14,45
TRANSYLVANIA,senate,50,mail,15,33
TRANSYLVANIA,senate,50,mail,17,6
TRANSYLVANIA,senate,50,mail,18,30
TRANSYLVANIA,senate,50,mail,19,31
TRANSYLVANIA,senate,50,mail,20,19
TRANSYLVANIA,senate,50,mail,21,28
TRANSYLVANIA,senate,50,mail,22,23
TRANSYLVANIA,senate,50,mail,23,1
TRANSYLVANIA,senate,50,mail,25,11
TRANSYLVANIA,senate,50,mail,26,9
TRANSYLVANIA,senate,50,mail,27,14
TRANSYLVANIA,senate,50,mail,28,13
TRANSYLVANIA,senate,50,mail,29,16
TRANSYLVANIA,senate,50,mail,32,1
TRANSYLVANIA,senate,50,mail,33,5
TRANSYLVANIA,senate,50,mail,34,3
TRANSYLVANIA,senate,50,mail,35,6
TRANSYLVANIA,senate,50,mail,36,18
TRANSYLVANIA,senate,50,mail,39,5
TRANSYLVANIA,senate,50,mail,40,5
TRANSYLVANIA,senate,50,mail,41,21
TRANSYLVANIA,senate,50,mail,42,3
TRANSYLVANIA,senate,50,mail,43,4
TRANSYLVANIA,senate,50,mail,46,10
TRANSYLVANIA,senate,50,mail,47,7
TRANSYLVANIA,senate,50,mail,48,5
TRANSYLVANIA,senate,50,mail,49,8
TRANSYLVANIA,senate,50,mail,50,6
TRANSYLVANIA,senate,50,mail,53,7
TRANSYLVANIA,senate,50,mail,55,2
TRANSYLVANIA,senate,50,mail,56,1
TYRRELL,house,1,inperson,3,50
TYRRELL,house,1,inperson,4,47
TYRRELL,house,1,inperson,5,45
TYRRELL,house,1,inperson,6,44
TYRRELL,house,1,inperson,7,47
TYRRELL,house,1,inperson,8,51
TYRRELL,house,1,inperson,11,45
TYRRELL,house,1,inperson,12,28
TYRRELL,house,1,inperson,13,58
TYRRELL,house,1,inperson,14,56
TYRRELL,house,1,inperson,15,48
TYRRELL,house,1,inperson,18,42
TYRRELL,house,1,inperson,19,47
TYRRELL,house,1,mail,0,1
TYRRELL,house,1,mail,1,9
TYRRELL,senate,3,inperson,3,50
TYRRELL,senate,3,inperson,4,47
TYRRELL,senate,3,inperson,5,45
TYRRELL,senate,3,inperson,6,44
TYRRELL,senate,3,inperson,7,47
TYRRELL,senate,3,inperson,8,51
TYRRELL,senate,3,inperson,11,45
TYRRELL,senate,3,inperson,12,28
TYRRELL,senate,3,inperson,13,58
TYRRELL,senate,3,inperson,14,56
TYRRELL,senate,3,inperson,15,48
TYRRELL,senate,3,inperson,18,42
TYRRELL,senate,3,inperson,19,47
TYRRELL,senate,3,mail,0,1
TYRRELL,senate,3,mail,1,9
UNION,house,55,inperson,3,785
UNION,house,55,inperson,4,1030
UNION,house,55,inperson,5,782
UNION,house,55,inperson,6,682
UNION,house,55,inperson,7,664
UNION,house,55,inperson,8,623
UNION,house,55,inperson,9,210
UNION,house,55,inperson,10,343
UNION,house,55,inperson,11,629
UNION,house,55,inperson,12,580
UNION,house,55,inperson,13,586
UNION,house,55,inperson,14,663
UNION,house,55,inperson,15,674
UNION,house,55,inperson,16,138
UNION,house,55,inperson,17,314
UNION,house,55,inperson,18,555
UNION,house,55,inperson,19,709
UNION,house,55,mail,0,66
UNION,house,55,mail,1,84
UNION,house,55,mail,4,22
UNION,house,55,mail,5,33
UNION,house,55,mail,6,17
UNION,house,55,mail,7,14
UNION,house,55,mail,8,50
UNION,house,55,mail,11,6
UNION,house,55,mail,12,24
UNION,house,55,mail,13,26
UNION,house,55,mail,15,18
UNION,house,55,mail,18,8
UNION,house,55,mail,19,5
UNION,house,55,mail,20,16
UNION,house,55,mail,22,11
UNION,house,55,mail,25,4
UNION,house,55,mail,26,16
UNION,house,55,mail,28,6
UNION,house,55,mail,29,11
UNION,house,55,mail,32,4
UNION,house,55,mail,33,4
UNION,house,55,mail,34,10
UNION,house,55,mail,36,17
UNION,house,55,mail,38,1
UNION,house,55,mail,41,6
UNION,house,55,mail,43,5
UNION,house,55,mail,46,8
UNION,house,55,mail,47,3
UNION,house,55,mail,48,5
UNION,house,55,mail,49,4
UNION,house,55,mail,50,5
UNION,house,55,mail,53,5
UNION,house,68,inperson,3,1986
UNION,house,68,inperson,4,2582
UNION,house,68,inperson,5,1586
UNION,house,68,inperson,6,1270
UNION,house,68,inperson,7,1231
UNION,house,68,inperson,8,1200
UNION,house,68,inperson,9,557
UNION,house,68,inperson,10,928
UNION,house,68,inperson,11,1284
UNION,house,68,inperson,12,999
UNION,house,68,inperson,13,1140
UNION,house,68,inperson,14,1115
UNION,house,68,inperson,15,1162
UNION,house,68,inperson,16,408
UNION,house,68,inperson,17,680
UNION,house,68,inperson,18,1313
UNION,house,68,inperson,19,1155
UNION,house,68,mail,0,225
UNION,house,68,mail,1,316
UNION,house,68,mail,3,3
UNION,house,68,mail,4,78
UNION,house,68,mail,5,54
UNION,house,68,mail,6,74
UNION,house,68,mail,7,65
UNION,house,68,mail,8,205
UNION,house,68,mail,11,8
UNION,house,68,mail,12,60
UNION,house,68,mail,13,92
UNION,house,68,mail,15,132
UNION,house,68,mail,18,32
UNION,house,68,mail,19,38
UNION,house,68,mail,20,43
UNION,house,68,mail,22,67
UNION,house,68,mail,25,19
UNION,house,68,mail,26,40
UNION,house,68,mail,27,2
UNION,house,68,mail,28,22
UNION,house,68,mail,29,38
UNION,house,68,mail,33,12
UNION,house,68,mail,34,21
UNION,house,68,mail,36,20
UNION,house,68,mail,38,1
UNION,house,68,mail,41,17
UNION,house,68,mail,43,17
UNION,house,68,mail,46,7
UNION,house,68,mail,47,8
UNION,house,68,mail,48,8
UNION,house,68,mail,49,3
UNION,house,68,mail,50,18
UNION,house,68,mail,53,3
UNION,house,68,mail,54,2
UNION,house,68,mail,55,3
UNION,house,69,inperson,3,1632
UNION,house,69,inperson,4,1988
UNION,house,69,inperson,5,1423
UNION,house,69,inperson,6,1129
UNION,house,69,inperson,7,1225
UNION,house,69,inperson,8,1116
UNION,house,69,inperson,9,391
UNION,house,69,inperson,10,739
UNION,house,69,inperson,11,1124
UNION,house,69,inperson,12,1019
UNION,house,69,inperson,13,1118
UNION,house,69,inperson,14,1109
UNION,house,69,inperson,15,1184
UNION,house,69,inperson,16,296
UNION,house,69,inperson,17,696
UNION,house,69,inperson,18,1204
UNION,house,69,inperson,19,1211
UNION,house,69,mail,0,137
UNION,house,69,mail,1,163
UNION,house,69,mail,3,1
UNION,house,69,mail,4,55
UNION,house,69,mail,5,73
UNION,house,69,mail,6,50
UNION,house,69,mail,7,40
UNION,house,69,mail,8,136
UNION,house,69,mail,11,6
UNION,house,69,mail,12,56
UNION,house,69,mail,13,65
UNION,house,69,mail,15,69
UNION,house,69,mail,18,23
UNION,house,69,mail,19,25
UNION,house,69,mail,20,48
UNION,house,69,mail,22,42
UNION,house,69,mail,25,9
UNION,house,69,mail,26,38
UNION,house,69,mail,27,4
UNION,house,69,mail,28,12
UNION,house,69,mail,29,21
UNION,house,69,mail,31,1
UNION,house,69,mail,33,7
UNION,house,69,mail,34,27
UNION,house,69,mail,36,34
UNION,house,69,mail,41,20
UNION,house,69,mail,43,13
UNION,house,69,mail,46,7
UNION,house,69,mail,47,12
UNION,house,69,mail,48,2
UNION,house,69,mail,49,3
UNION,house,69,mail,50,12
UNION,house,69,mail,53,4
UNION,house,69,mail,55,3
UNION,house,69,mail,57,1
UNION,senate,29,inperson,3,401
UNION,senate,29,inperson,4,561
UNION,senate,29,inperson,5,419
UNION,senate,29,inperson,6,354
UNION,senate,29,inperson,7,354
UNION,senate,29,inperson,8,332
UNION,senate,29,inperson,9,108
UNION,senate,29,inperson,10,175
UNION,senate,29,inperson,11,350
UNION,senate,29,inperson,12,292
UNION,senate,29,inperson,13,296
UNION,senate,29,inperson,14,339
UNION,senate,29,inperson,15,368
UNION,senate,29,inperson,16,81
UNION,senate,29,inperson,17,148
UNION,senate,29,inperson,18,273
UNION,senate,29,inperson,19,321
UNION,senate,29,mail,0,33
UNION,senate,29,mail,1,44
UNION,senate,29,mail,4,10
UNION,senate,29,mail,5,14
UNION,senate,29,mail,6,13
UNION,senate,29,mail,7,7
UNION,senate,29,mail,8,26
UNION,senate,29,mail,11,3
UNION,senate,29,mail,12,7
UNION,senate,29,mail,13,17
UNION,senate,29,mail,15,5
UNION,senate,29,mail,18,3
UNION,senate,29,mail,19,2
UNION,senate,29,mail,20,11
UNION,senate,29,mail,22,5
UNION,senate,29,mail,26,6
UNION,senate,29,mail,28,1
UNION,senate,29,mail,29,5
UNION,senate,29,mail,32,3
UNION,senate,29,mail,33,3
UNION,senate,29,mail,34,4
UNION,senate,29,mail,36,9
UNION,senate,29,mail,41,5
UNION,senate,29,mail,43,1
UNION,senate,29,mail,46,6
UNION,senate,29,mail,47,1
UNION,senate,29,mail,48,2
UNION,senate,29,mail,49,2
UNION,senate,29,mail,50,2
UNION,senate,29,mail,53,2
UNION,senate,35,inperson,3,4002
UNION,senate,35,inperson,4,5039
UNION,senate,35,inperson,5,3372
UNION,senate,35,inperson,6,2727
UNION,senate,35,inperson,7,2766
UNION,senate,35,inperson,8,2607
UNION,senate,35,inperson,9,1050
UNION,senate,35,inperson,10,1835
UNION,senate,35,inperson,11,2687
UNION,senate,35,inperson,12,2306
UNION,senate,35,inperson,13,2548
UNION,senate,35,inperson,14,2548
UNION,senate,35,inperson,15,2652
UNION,senate,35,inperson,16,761
UNION,senate,35,inperson,17,1542
UNION,senate,35,inperson,18,2799
UNION,senate,35,inperson,19,2754
UNION,senate,35,mail,0,395
UNION,senate,35,mail,1,519
UNION,senate,35,mail,3,4
UNION,senate,35,mail,4,145
UNION,senate,35,mail,5,146
UNION,senate,35,mail,6,128
UNION,senate,35,mail,7,112
UNION,senate,35,mail,8,365
UNION,senate,35,mail,11,17
UNION,senate,35,mail,12,133
UNION,senate,35,mail,13,166
UNION,senate,35,mail,15,214
UNION,senate,35,mail,18,60
UNION,senate,35,mail,19,66
UNION,senate,35,mail,20,96
UNION,senate,35,mail,22,115
UNION,senate,35,mail,25,32
UNION,senate,35,mail,26,88
UNION,senate,35,mail,27,6
UNION,senate,35,mail,28,39
UNION,senate,35,mail,29,65
UNION,senate,35,mail,31,1
UNION,senate,35,mail,32,1
UNION,senate,35,mail,33,20
UNION,senate,35,mail,34,54
UNION,senate,35,mail,36,62
UNION,senate,35,mail,38,2
UNION,senate,35,mail,41,38
UNION,senate,35,mail,43,34
UNION,senate,35,mail,46,16
UNION,senate,35,mail,47,22
UNION,senate,35,mail,48,13
UNION,senate,35,mail,49,8
UNION,senate,35,mail,50,33
UNION,senate,35,mail,53,10
UNION,senate,35,mail,54,2
UNION,senate,35,mail,55,6
UNION,senate,35,mail,57,1
VANCE,house,32,inperson,3,675
VANCE,house,32,inperson,4,729
VANCE,house,32,inperson,5,532
VANCE,house,32,inperson,6,601
VANCE,house,32,inperson,7,572
VANCE,house,32,inperson,8,593
VANCE,house,32,inperson,10,339
VANCE,house,32,inperson,11,473
VANCE,house,32,inperson,12,533
VANCE,house,32,inperson,13,604
VANCE,house,32,inperson,14,580
VANCE,house,32,inperson,15,674
VANCE,house,32,inperson,18,516
VANCE,house,32,inperson,19,669
VANCE,house,32,mail,0,15
VANCE,house,32,mail,1,44
VANCE,house,32,mail,3,12
VANCE,house,32,mail,4,29
VANCE,house,32,mail,5,24
VANCE,house,32,mail,6,15
VANCE,house,32,mail,7,8
VANCE,house,32,mail,8,14
VANCE,house,32,mail,10,10
VANCE,house,32,mail,11,11
VANCE,house,32,mail,12,12
VANCE,house,32,mail,13,21
VANCE,house,32,mail,14,4
VANCE,house,32,mail,15,21
VANCE,house,32,mail,18,16
VANCE,house,32,mail,19,11
VANCE,house,32,mail,20,12
VANCE,house,32,mail,21,2
VANCE,house,32,mail,22,13
VANCE,house,32,mail,25,9
VANCE,house,32,mail,26,7
VANCE,house,32,mail,27,4
VANCE,house,32,mail,28,12
VANCE,house,32,mail,29,1
VANCE,house,32,mail,32,7
VANCE,house,32,mail,33,5
VANCE,house,32,mail,34,10
VANCE,house,32,mail,35,6
VANCE,house,32,mail,36,4
VANCE,house,32,mail,39,3
VANCE,house,32,mail,40,10
VANCE,house,32,mail,41,3
VANCE,house,32,mail,42,1
VANCE,house,32,mail,43,8
VANCE,house,32,mail,46,1
VANCE,house,32,mail,47,5
VANCE,house,32,mail,48,2
VANCE,house,32,mail,49,1
VANCE,house,32,mail,50,10
VANCE,house,32,mail,51,1
VANCE,house,32,mail,53,4
VANCE,house,32,mail,54,1
VANCE,senate,11,inperson,3,675
VANCE,senate,11,inperson,4,729
VANCE,senate,11,inperson,5,532
VANCE,senate,11,inperson,6,601
VANCE,senate,11,inperson,7,572
VANCE,senate,11,inperson,8,593
VANCE,senate,11,inperson,10,339
VANCE,senate,11,inperson,11,473
VANCE,senate,11,inperson,12,533
VANCE,senate,11,inperson,13,604
VANCE,senate,11,inperson,14,580
VANCE,senate,11,inperson,15,674
VANCE,senate,11,inperson,18,516
VANCE,senate,11,inperson,19,669
VANCE,senate,11,mail,0,15
VANCE,senate,11,mail,1,44
VANCE,senate,11,mail,3,12
VANCE,senate,11,mail,4,29
VANCE,senate,11,mail,5,24
VANCE,senate,11,mail,6,15
VANCE,senate,11,mail,7,8
VANCE,senate,11,mail,8,14
VANCE,senate,11,mail,10,10
VANCE,senate,11,mail,11,11
VANCE,senate,11,mail,12,12
VANCE,senate,11,mail,13,21
VANCE,senate,11,mail,14,4
VANCE,senate,11,mail,15,21
VANCE,senate,11,mail,18,16
VANCE,senate,11,mail,19,11
VANCE,senate,11,mail,20,12
VANCE,senate,11,mail,21,2
VANCE,senate,11,mail,22,13
VANCE,senate,11,mail,25,9
VANCE,senate,11,mail,26,7
VANCE,senate,11,mail,27,4
VANCE,senate,11,mail,28,12
VANCE,senate,11,mail,29,1
VANCE,senate,11,mail,32,7
VANCE,senate,11,mail,33,5
VANCE,senate,11,mail,34,10
VANCE,senate,11,mail,35,6
VANCE,senate,11,mail,36,4
VANCE,senate,11,mail,39,3
VANCE,senate,11,mail,40,10
VANCE,senate,11,mail,41,3
VANCE,senate,11,mail,42,1
VANCE,senate,11,mail,43,8
VANCE,senate,11,mail,46,1
VANCE,senate,11,mail,47,5
VANCE,senate,11,mail,48,2
VANCE,senate,11,mail,49,1
VANCE,senate,11,mail,50,10
VANCE,senate,11,mail,51,1
VANCE,senate,11,mail,53,4
VANCE,senate,11,mail,54,1
WAKE,house,11,inperson,3,1341
WAKE,house,11,inperson,4,1646
WAKE,house,11,inperson,5,1283
WAKE,house,11,inperson,6,1028
WAKE,house,11,inperson,7,957
WAKE,house,11,inperson,8,770
WAKE,house,11,inperson,9,415
WAKE,house,11,inperson,10,557
WAKE,house,11,inperson,11,884
WAKE,house,11,inperson,12,690
WAKE,house,11,inperson,13,667
WAKE,house,11,inperson,14,739
WAKE,house,11,inperson,15,704
WAKE,house,11,inperson,16,352
WAKE,house,11,inperson,17,394
WAKE,house,11,inperson,18,729
WAKE,house,11,inperson,19,683
WAKE,house,11,mail,0,249
WAKE,house,11,mail,1,60
WAKE,house,11,mail,2,192
WAKE,house,11,mail,3,134
WAKE,house,11,mail,4,164
WAKE,house,11,mail,5,212
WAKE,house,11,mail,6,23
WAKE,house,11,mail,7,54
WAKE,house,11,mail,8,31
WAKE,house,11,mail,10,118
WAKE,house,11,mail,11,73
WAKE,house,11,mail,12,140
WAKE,house,11,mail,13,48
WAKE,house,11,mail,14,18
WAKE,house,11,mail,15,70
WAKE,house,11,mail,17,47
WAKE,house,11,mail,18,66
WAKE,house,11,mail,19,99
WAKE,house,11,mail,20,17
WAKE,house,11,mail,21,13
WAKE,house,11,mail,22,34
WAKE,house,11,mail,24,40
WAKE,house,11,mail,25,17
WAKE,house,11,mail,26,59
WAKE,house,11,mail,27,5
WAKE,house,11,mail,28,31
WAKE,house,11,mail,29,3
WAKE,house,11,mail,31,17
WAKE,house,11,mail,32,14
WAKE,house,11,mail,33,32
WAKE,house,11,mail,34,33
WAKE,house,11,mail,35,6
WAKE,house,11,mail,36,26
WAKE,house,11,mail,39,5
WAKE,house,11,mail,40,20
WAKE,house,11,mail,41,28
WAKE,house,11,mail,42,3
WAKE,house,11,mail,43,34
WAKE,house,11,mail,46,10
WAKE,house,11,mail,47,9
WAKE,house,11,mail,48,9
WAKE,house,11,mail,49,5
WAKE,house,11,mail,50,18
WAKE,house,11,mail,53,8
WAKE,house,11,mail,54,9
WAKE,house,11,mail,55,1
WAKE,house,11,mail,57,2
WAKE,house,11,mail,59,3
WAKE,house,21,inperson,3,1263
WAKE,house,21,inperson,4,1477
WAKE,house,21,inperson,5,1087
WAKE,house,21,inperson,6,896
WAKE,house,21,inperson,7,786
WAKE,house,21,inperson,8,734
WAKE,house,21,inperson,9,548
WAKE,house,21,inperson,10,558
WAKE,house,21,inperson,11,850
WAKE,house,21,inperson,12,660
WAKE,house,21,inperson,13,679
WAKE,house,21,inperson,14,627
WAKE,house,21,inperson,15,649
WAKE,house,21,inperson,16,439
WAKE,house,21,inperson,17,479
WAKE,house,21,inperson,18,695
WAKE,house,21,inperson,19,654
WAKE,house,21,mail,0,328
WAKE,house,21,mail,1,80
WAKE,house,21,mail,2,258
WAKE,house,21,mail,3,166
WAKE,house,21,mail,4,183
WAKE,house,21,mail,5,335
WAKE,house,21,mail,6,14
WAKE,house,21,mail,7,122
WAKE,house,21,mail,8,39
WAKE,house,21,mail,10,141
WAKE,house,21,mail,11,118
WAKE,house,21,mail,12,204
WAKE,house,21,mail,13,60
WAKE,house,21,mail,14,18
WAKE,house,21,mail,15,95
WAKE,house,21,mail,17,48
WAKE,house,21,mail,18,74
WAKE,house,21,mail,19,121
WAKE,house,21,mail,20,22
WAKE,house,21,mail,21,24
WAKE,house,21,mail,22,59
WAKE,house,21,mail,24,45
WAKE,house,21,mail,25,54
WAKE,house,21,mail,26,71
WAKE,house,21,mail,27,16
WAKE,house,21,mail,28,39
WAKE,house,21,mail,29,3
WAKE,house,21,mail,31,17
WAKE,house,21,mail,32,35
WAKE,house,21,mail,33,43
WAKE,house,21,mail,34,44
WAKE,house,21,mail,35,8
WAKE,house,21,mail,36,41
WAKE,house,21,mail,39,12
WAKE,house,21,mail,40,17
WAKE,house,21,mail,41,25
WAKE,house,21,mail,42,1
WAKE,house,21,mail,43,32
WAKE,house,21,mail,46,18
WAKE,house,21,mail,47,23
WAKE,house,21,mail,48,17
WAKE,house,21,mail,49,3
WAKE,house,21,mail,50,34
WAKE,house,21,mail,53,4
WAKE,house,21,mail,54,7
WAKE,house,21,mail,55,5
WAKE,house,21,mail,57,2
WAKE,house,21,mail,59,3
WAKE,house,33,inperson,3,1589
WAKE,house,33,inperson,4,1903
WAKE,house,33,inperson,5,1339
WAKE,house,33,inperson,6,1168
WAKE,house,33,inperson,7,990
WAKE,house,33,inperson,8,949
WAKE,house,33,inperson,9,494
WAKE,house,33,inperson,10,691
WAKE,house,33,inperson,11,1049
WAKE,house,33,inperson,12,1006
WAKE,house,33,inperson,13,1020
WAKE,house,33,inperson,14,995
WAKE,house,33,inperson,15,998
WAKE,house,33,inperson,16,446
WAKE,house,33,inperson,17,524
WAKE,house,33,inperson,18,984
WAKE,house,33,inperson,19,1059
WAKE,house,33,mail,0,173
WAKE,house,33,mail,1,64
WAKE,house,33,mail,2,136
WAKE,house,33,mail,3,84
WAKE,house,33,mail,4,117
WAKE,house,33,mail,5,152
WAKE,house,33,mail,6,11
WAKE,house,33,mail,7,53
WAKE,house,33,mail,8,31
WAKE,house,33,mail,10,80
WAKE,house,33,mail,11,51
WAKE,house,33,mail,12,126
WAKE,house,33,mail,13,30
WAKE,house,33,mail,14,19
WAKE,house,33,mail,15,66
WAKE,house,33,mail,17,42
WAKE,house,33,mail,18,53
WAKE,house,33,mail,19,71
WAKE,house,33,mail,20,21
WAKE,house,33,mail,21,23
WAKE,house,33,mail,22,32
WAKE,house,33,mail,24,31
WAKE,house,33,mail,25,25
WAKE,house,33,mail,26,38
WAKE,house,33,mail,27,11
WAKE,house,33,mail,28,16
WAKE,house,33,mail,31,21
WAKE,house,33,mail,32,24
WAKE,house,33,mail,33,18
WAKE,house,33,mail,34,28
WAKE,house,33,mail,35,4
WAKE,house,33,mail,36,12
WAKE,house,33,mail,39,11
WAKE,house,33,mail,40,16
WAKE,house,33,mail,41,13
WAKE,house,33,mail,42,1
WAKE,house,33,mail,43,24
WAKE,house,33,mail,46,12
WAKE,house,33,mail,47,9
WAKE,house,33,mail,48,9
WAKE,house,33,mail,49,1
WAKE,house,33,mail,50,18
WAKE,house,33,mail,53,13
WAKE,house,33,mail,54,6
WAKE,house,33,mail,55,5
WAKE,house,33,mail,56,1
WAKE,house,33,mail,59,1
WAKE,house,34,inperson,3,1429
WAKE,house,34,inperson,4,2034
WAKE,house,34,inperson,5,1515
WAKE,house,34,inperson,6,1411
WAKE,house,34,inperson,7,1227
WAKE,house,34,inperson,8,1125
WAKE,house,34,inperson,9,550
WAKE,house,34,inperson,10,641
WAKE,house,34,inperson,11,1137
WAKE,house,34,inperson,12,936
WAKE,house,34,inperson,13,1072
WAKE,house,34,inperson,14,981
WAKE,house,34,inperson,15,1000
WAKE,house,34,inperson,16,419
WAKE,house,34,inperson,17,545
WAKE,house,34,inperson,18,984
WAKE,house,34,inperson,19,940
WAKE,house,34,mail,0,270
WAKE,house,34,mail,1,108
WAKE,house,34,mail,2,208
WAKE,house,34,mail,3,150
WAKE,house,34,mail,4,208
WAKE,house,34,mail,5,295
WAKE,house,34,mail,6,17
WAKE,house,34,mail,7,86
WAKE,house,34,mail,8,34
WAKE,house,34,mail,10,130
WAKE,house,34,mail,11,114
WAKE,house,34,mail,12,193
WAKE,house,34,mail,13,51
WAKE,house,34,mail,14,14
WAKE,house,34,mail,15,125
WAKE,house,34,mail,17,61
WAKE,house,34,mail,18,78
WAKE,house,34,mail,19,98
WAKE,house,34,mail,20,28
WAKE,house,34,mail,21,20
WAKE,house,34,mail,22,62
WAKE,house,34,mail,24,55
WAKE,house,34,mail,25,48
WAKE,house,34,mail,26,82
WAKE,house,34,mail,27,10
WAKE,house,34,mail,28,31
WAKE,house,34,mail,29,3
WAKE,house,34,mail,31,30
WAKE,house,34,mail,32,32
WAKE,house,34,mail,33,21
WAKE,house,34,mail,34,31
WAKE,house,34,mail,35,15
WAKE,house,34,mail,36,14
WAKE,house,34,mail,39,10
WAKE,house,34,mail,40,19
WAKE,house,34,mail,41,32
WAKE,house,34,mail,42,3
WAKE,house,34,mail,43,41
WAKE,house,34,mail,46,15
WAKE,house,34,mail,47,12
WAKE,house,34,mail,48,16
WAKE,house,34,mail,49,2
WAKE,house,34,mail,50,18
WAKE,house,34,mail,53,12
WAKE,house,34,mail,54,7
WAKE,house,34,mail,55,11
WAKE,house,34,mail,56,1
WAKE,house,34,mail,57,9
WAKE,house,34,mail,59,5
WAKE,house,35,inperson,3,1370
WAKE,house,35,inperson,4,1698
WAKE,house,35,inperson,5,1407
WAKE,house,35,inperson,6,1231
WAKE,house,35,inperson,7,1125
WAKE,house,35,inperson,8,1081
WAKE,house,35,inperson,9,539
WAKE,house,35,inperson,10,723
WAKE,house,35,inperson,11,1113
WAKE,house,35,inperson,12,1048
WAKE,house,35,inperson,13,1046
WAKE,house,35,inperson,14,982
WAKE,house,35,inperson,15,972
WAKE,house,35,inperson,16,449
WAKE,house,35,inperson,17,623
WAKE,house,35,inperson,18,1012
WAKE,house,35,inperson,19,944
WAKE,house,35,mail,0,252
WAKE,house,35,mail,1,72
WAKE,house,35,mail,2,212
WAKE,house,35,mail,3,131
WAKE,house,35,mail,4,165
WAKE,house,35,mail,5,249
WAKE,house,35,mail,6,18
WAKE,house,35,mail,7,86
WAKE,house,35,mail,8,24
WAKE,house,35,mail,10,142
WAKE,house,35,mail,11,88
WAKE,house,35,mail,12,156
WAKE,house,35,mail,13,61
WAKE,house,35,mail,14,14
WAKE,house,35,mail,15,104
WAKE,house,35,mail,17,34
WAKE,house,35,mail,18,76
WAKE,house,35,mail,19,94
WAKE,house,35,mail,20,19
WAKE,house,35,mail,21,13
WAKE,house,35,mail,22,38
WAKE,house,35,mail,24,34
WAKE,house,35,mail,25,43
WAKE,house,35,mail,26,70
WAKE,house,35,mail,27,5
WAKE,house,35,mail,28,35
WAKE,house,35,mail,29,3
WAKE,house,35,mail,31,27
WAKE,house,35,mail,32,18
WAKE,house,35,mail,33,31
WAKE,house,35,mail,34,40
WAKE,house,35,mail,35,14
WAKE,house,35,mail,36,21
WAKE,house,35,mail,39,19
WAKE,house,35,mail,40,24
WAKE,house,35,mail,41,36
WAKE,house,35,mail,43,33
WAKE,house,35,mail,46,15
WAKE,house,35,mail,47,7
WAKE,house,35,mail,48,24
WAKE,house,35,mail,49,1
WAKE,house,35,mail,50,21
WAKE,house,35,mail,53,10
WAKE,house,35,mail,54,4
WAKE,house,35,mail,55,1
WAKE,house,35,mail,57,1
WAKE,house,35,mail,59,2
WAKE,house,36,inperson,3,1548
WAKE,house,36,inperson,4,2176
WAKE,house,36,inperson,5,1637
WAKE,house,36,inperson,6,1459
WAKE,house,36,inperson,7,1273
WAKE,house,36,inperson,8,1150
WAKE,house,36,inperson,9,647
WAKE,house,36,inperson,10,761
WAKE,house,36,inperson,11,1317
WAKE,house,36,inperson,12,991
WAKE,house,36,inperson,13,1078
WAKE,house,36,inperson,14,1126
WAKE,house,36,inperson,15,1254
WAKE,house,36,inperson,16,556
WAKE,house,36,inperson,17,649
WAKE,house,36,inperson,18,1250
WAKE,house,36,inperson,19,1178
WAKE,house,36,mail,0,366
WAKE,house,36,mail,1,81
WAKE,house,36,mail,2,312
WAKE,house,36,mail,3,160
WAKE,house,36,mail,4,214
WAKE,house,36,mail,5,288
WAKE,house,36,mail,6,15
WAKE,house,36,mail,7,101
WAKE,house,36,mail,8,42
WAKE,house,36,mail,10,167
WAKE,house,36,mail,11,94
WAKE,house,36,mail,12,203
WAKE,house,36,mail,13,44
WAKE,house,36,mail,14,31
WAKE,house,36,mail,15,146
WAKE,house,36,mail,17,101
WAKE,house,36,mail,18,64
WAKE,house,36,mail,19,124
WAKE,house,36,mail,20,30
WAKE,house,36,mail,21,21
WAKE,house,36,mail,22,62
WAKE,house,36,mail,24,63
WAKE,house,36,mail,25,40
WAKE,house,36,mail,26,88
WAKE,house,36,mail,27,12
WAKE,house,36,mail,28,31
WAKE,house,36,mail,29,1
WAKE,house,36,mail,31,28
WAKE,house,36,mail,32,34
WAKE,house,36,mail,33,36
WAKE,house,36,mail,34,51
WAKE,house,36,mail,35,8
WAKE,house,36,mail,36,26
WAKE,house,36,mail,39,15
WAKE,house,36,mail,40,27
WAKE,house,36,mail,41,49
WAKE,house,36,mail,42,1
WAKE,house,36,mail,43,28
WAKE,house,36,mail,46,15
WAKE,house,36,mail,47,10
WAKE,house,36,mail,48,24
WAKE,house,36,mail,49,1
WAKE,house,36,mail,50,19
WAKE,house,36,mail,53,8
WAKE,house,36,mail,54,9
WAKE,house,36,mail,55,18
WAKE,house,36,mail,57,2
WAKE,house,36,mail,59,2
WAKE,house,37,inperson,3,1675
WAKE,house,37,inperson,4,2311
WAKE,house,37,inperson,5,1700
WAKE,house,37,inperson,6,1497
WAKE,house,37,inperson,7,1343
WAKE,house,37,inperson,8,1155
WAKE,house,37,inperson,9,668
WAKE,house,37,inperson,10,781
WAKE,house,37,inperson,11,1393
WAKE,house,37,inperson,12,1243
WAKE,house,37,inperson,13,1206
WAKE,house,37,inperson,14,1178
WAKE,house,37,inperson,15,1356
WAKE,house,37,inperson,16,544
WAKE,house,37,inperson,17,770
WAKE,house,37,inperson,18,1452
WAKE,house,37,inperson,19,1454
WAKE,house,37,mail,0,235
WAKE,house,37,mail,1,81
WAKE,house,37,mail,2,227
WAKE,house,37,mail,3,135
WAKE,house,37,mail,4,196
WAKE,house,37,mail,5,231
WAKE,house,37,mail,6,10
WAKE,house,37,mail,7,67
WAKE,house,37,mail,8,33
WAKE,house,37,mail,10,133
WAKE,house,37,mail,11,83
WAKE,house,37,mail,12,181
WAKE,house,37,mail,13,55
WAKE,house,37,mail,14,19
WAKE,house,37,mail,15,100
WAKE,house,37,mail,17,62
WAKE,house,37,mail,18,74
WAKE,house,37,mail,19,131
WAKE,house,37,mail,20,23
WAKE,house,37,mail,21,17
WAKE,house,37,mail,22,52
WAKE,house,37,mail,24,44
WAKE,house,37,mail,25,38
WAKE,house,37,mail,26,74
WAKE,house,37,mail,27,18
WAKE,house,37,mail,28,31
WAKE,house,37,mail,29,1
WAKE,house,37,mail,31,22
WAKE,house,37,mail,32,25
WAKE,house,37,mail,33,28
WAKE,house,37,mail,34,52
WAKE,house,37,mail,35,5
WAKE,house,37,mail,36,29
WAKE,house,37,mail,39,15
WAKE,house,37,mail,40,19
WAKE,house,37,mail,41,29
WAKE,house,37,mail,42,2
WAKE,house,37,mail,43,34
WAKE,house,37,mail,46,17
WAKE,house,37,mail,47,12
WAKE,house,37,mail,48,27
WAKE,house,37,mail,49,5
WAKE,house,37,mail,50,19
WAKE,house,37,mail,53,14
WAKE,house,37,mail,54,3
WAKE,house,37,mail,55,5
WAKE,house,37,mail,56,1
WAKE,house,37,mail,57,1
WAKE,house,37,mail,59,3
WAKE,house,38,inperson,3,1724
WAKE,house,38,inperson,4,1808
WAKE,house,38,inperson,5,1301
WAKE,house,38,inperson,6,1060
WAKE,house,38,inperson,7,899
WAKE,house,38,inperson,8,815
WAKE,house,38,inperson,9,555
WAKE,house,38,inperson,10,575
WAKE,house,38,inperson,11,825
WAKE,house,38,inperson,12,730
WAKE,house,38,inperson,13,767
WAKE,house,38,inperson,14,776
WAKE,house,38,inperson,15,783
WAKE,house,38,inperson,16,405
WAKE,house,38,inperson,17,485
WAKE,house,38,inperson,18,744
WAKE,house,38,inperson,19,745
WAKE,house,38,mail,0,188
WAKE,house,38,mail,1,75
WAKE,house,38,mail,2,134
WAKE,house,38,mail,3,91
WAKE,house,38,mail,4,110
WAKE,house,38,mail,5,107
WAKE,house,38,mail,6,11
WAKE,house,38,mail,7,41
WAKE,house,38,mail,8,13
WAKE,house,38,mail,10,72
WAKE,house,38,mail,11,43
WAKE,house,38,mail,12,90
WAKE,house,38,mail,13,32
WAKE,house,38,mail,14,8
WAKE,house,38,mail,15,61
WAKE,house,38,mail,17,49
WAKE,house,38,mail,18,35
WAKE,house,38,mail,19,49
WAKE,house,38,mail,20,13
WAKE,house,38,mail,21,10
WAKE,house,38,mail,22,17
WAKE,house,38,mail,24,26
WAKE,house,38,mail,25,22
WAKE,house,38,mail,26,45
WAKE,house,38,mail,27,8
WAKE,house,38,mail,28,20
WAKE,house,38,mail,29,1
WAKE,house,38,mail,31,17
WAKE,house,38,mail,32,13
WAKE,house,38,mail,33,25
WAKE,house,38,mail,34,17
WAKE,house,38,mail,35,9
WAKE,house,38,mail,36,17
WAKE,house,38,mail,39,11
WAKE,house,38,mail,40,7
WAKE,house,38,mail,41,15
WAKE,house,38,mail,42,4
WAKE,house,38,mail,43,21
WAKE,house,38,mail,46,10
WAKE,house,38,mail,47,8
WAKE,house,38,mail,48,11
WAKE,house,38,mail,49,7
WAKE,house,38,mail,50,11
WAKE,house,38,mail,53,7
WAKE,house,38,mail,54,2
WAKE,house,38,mail,55,4
WAKE,house,38,mail,56,3
WAKE,house,38,mail,57,2
WAKE,house,38,mail,59,1
WAKE,house,39,inperson,3,1605
WAKE,house,39,inperson,4,2010
WAKE,house,39,inperson,5,1409
WAKE,house,39,inperson,6,1180
WAKE,house,39,inperson,7,1010
WAKE,house,39,inperson,8,946
WAKE,house,39,inperson,9,519
WAKE,house,39,inperson,10,672
WAKE,house,39,inperson,11,943
WAKE,house,39,inperson,12,890
WAKE,house,39,inperson,13,838
WAKE,house,39,inperson,14,799
WAKE,house,39,inperson,15,844
WAKE,house,39,inperson,16,383
WAKE,house,39,inperson,17,441
WAKE,house,39,inperson,18,872
WAKE,house,39,inperson,19,881
WAKE,house,39,mail,0,172
WAKE,house,39,mail,1,57
WAKE,house,39,mail,2,139
WAKE,house,39,mail,3,98
WAKE,house,39,mail,4,101
WAKE,house,39,mail,5,146
WAKE,house,39,mail,6,9
WAKE,house,39,mail,7,34
WAKE,house,39,mail,8,16
WAKE,house,39,mail,10,92
WAKE,house,39,mail,11,53
WAKE,house,39,mail,12,107
WAKE,house,39,mail,13,22
WAKE,house,39,mail,14,10
WAKE,house,39,mail,15,44
WAKE,house,39,mail,17,20
WAKE,house,39,mail,18,34
WAKE,house,39,mail,19,64
WAKE,house,39,mail,20,8
WAKE,house,39,mail,21,12
WAKE,house,39,mail,22,25
WAKE,house,39,mail,24,22
WAKE,house,39,mail,25,17
WAKE,house,39,mail,26,43
WAKE,house,39,mail,27,11
WAKE,house,39,mail,28,20
WAKE,house,39,mail,29,1
WAKE,house,39,mail,31,13
WAKE,house,39,mail,32,12
WAKE,house,39,mail,33,18
WAKE,house,39,mail,34,13
WAKE,house,39,mail,35,6
WAKE,house,39,mail,36,14
WAKE,house,39,mail,39,14
WAKE,house,39,mail,40,14
WAKE,house,39,mail,41,24
WAKE,house,39,mail,42,1
WAKE,house,39,mail,43,13
WAKE,house,39,mail,46,8
WAKE,house,39,mail,47,5
WAKE,house,39,mail,48,9
WAKE,house,39,mail,49,2
WAKE,house,39,mail,50,24
WAKE,house,39,mail,53,4
WAKE,house,39,mail,54,7
WAKE,house,39,mail,55,2
WAKE,house,39,mail,57,1
WAKE,house,39,mail,59,1
WAKE,house,40,inperson,3,1444
WAKE,house,40,inperson,4,1962
WAKE,house,40,inperson,5,1671
WAKE,house,40,inperson,6,1509
WAKE,house,40,inperson,7,1463
WAKE,house,40,inperson,8,1127
WAKE,house,40,inperson,9,622
WAKE,house,40,inperson,10,705
WAKE,house,40,inperson,11,1353
WAKE,house,40,inperson,12,1163
WAKE,house,40,inperson,13,1140
WAKE,house,40,inperson,14,1082
WAKE,house,40,inperson,15,1252
WAKE,house,40,inperson,16,517
WAKE,house,40,inperson,17,520
WAKE,house,40,inperson,18,1151
WAKE,house,40,inperson,19,973
WAKE,house,40,mail,0,366
WAKE,house,40,mail,1,97
WAKE,house,40,mail,2,315
WAKE,house,40,mail,3,194
WAKE,house,40,mail,4,253
WAKE,house,40,mail,5,414
WAKE,house,40,mail,6,24
WAKE,house,40,mail,7,111
WAKE,house,40,mail,8,58
WAKE,house,40,mail,10,187
WAKE,house,40,mail,11,114
WAKE,house,40,mail,12,241
WAKE,house,40,mail,13,78
WAKE,house,40,mail,14,28
WAKE,house,40,mail,15,137
WAKE,house,40,mail,17,115
WAKE,house,40,mail,18,116
WAKE,house,40,mail,19,159
WAKE,house,40,mail,20,16
WAKE,house,40,mail,21,18
WAKE,house,40,mail,22,79
WAKE,house,40,mail,24,60
WAKE,house,40,mail,25,76
WAKE,house,40,mail,26,94
WAKE,house,40,mail,27,29
WAKE,house,40,mail,28,49
WAKE,house,40,mail,29,2
WAKE,house,40,mail,31,41
WAKE,house,40,mail,32,21
WAKE,house,40,mail,33,31
WAKE,house,40,mail,34,47
WAKE,house,40,mail,35,20
WAKE,house,40,mail,36,40
WAKE,house,40,mail,39,25
WAKE,house,40,mail,40,24
WAKE,house,40,mail,41,37
WAKE,house,40,mail,42,2
WAKE,house,40,mail,43,39
WAKE,house,40,mail,46,20
WAKE,house,40,mail,47,22
WAKE,house,40,mail,48,25
WAKE,house,40,mail,50,25
WAKE,house,40,mail,53,12
WAKE,house,40,mail,54,6
WAKE,house,40,mail,55,1
WAKE,house,40,mail,56,2
WAKE,house,40,mail,57,4
WAKE,house,40,mail,59,4
WAKE,house,41,inperson,3,1355
WAKE,house,41,inperson,4,1869
WAKE,house,41,inperson,5,1556
WAKE,house,41,inperson,6,1416
WAKE,house,41,inperson,7,1278
WAKE,house,41,inperson,8,1108
WAKE,house,41,inperson,9,557
WAKE,house,41,inperson,10,674
WAKE,house,41,inperson,11,1358
WAKE,house,41,inperson,12,1113
WAKE,house,41,inperson,13,1178
WAKE,house,41,inperson,14,1189
WAKE,house,41,inperson,15,1289
WAKE,house,41,inperson,16,563
WAKE,house,41,inperson,17,599
WAKE,house,41,inperson,18,1285
WAKE,house,41,inperson,19,1184
WAKE,house,41,mail,0,296
WAKE,house,41,mail,1,83
WAKE,house,41,mail,2,271
WAKE,house,41,mail,3,111
WAKE,house,41,mail,4,265
WAKE,house,41,mail,5,294
WAKE,house,41,mail,6,22
WAKE,house,41,mail,7,98
WAKE,house,41,mail,8,40
WAKE,house,41,mail,10,169
WAKE,house,41,mail,11,127
WAKE,house,41,mail,12,213
WAKE,house,41,mail,13,59
WAKE,house,41,mail,14,27
WAKE,house,41,mail,15,120
WAKE,house,41,mail,17,64
WAKE,house,41,mail,18,102
WAKE,house,41,mail,19,120
WAKE,house,41,mail,20,29
WAKE,house,41,mail,21,14
WAKE,house,41,mail,22,61
WAKE,house,41,mail,24,38
WAKE,house,41,mail,25,45
WAKE,house,41,mail,26,87
WAKE,house,41,mail,27,10
WAKE,house,41,mail,28,57
WAKE,house,41,mail,29,3
WAKE,house,41,mail,31,49
WAKE,house,41,mail,32,29
WAKE,house,41,mail,33,29
WAKE,house,41,mail,34,49
WAKE,house,41,mail,35,12
WAKE,house,41,mail,36,38
WAKE,house,41,mail,39,23
WAKE,house,41,mail,40,20
WAKE,house,41,mail,41,51
WAKE,house,41,mail,42,1
WAKE,house,41,mail,43,33
WAKE,house,41,mail,46,20
WAKE,house,41,mail,47,26
WAKE,house,41,mail,48,34
WAKE,house,41,mail,49,8
WAKE,house,41,mail,50,46
WAKE,house,41,mail,53,8
WAKE,house,41,mail,54,21
WAKE,house,41,mail,55,17
WAKE,house,41,mail,57,5
WAKE,house,41,mail,59,6
WAKE,house,49,inperson,3,1326
WAKE,house,49,inperson,4,1703
WAKE,house,49,inperson,5,1368
WAKE,house,49,inperson,6,1122
WAKE,house,49,inperson,7,988
WAKE,house,49,inperson,8,854
WAKE,house,49,inperson,9,517
WAKE,house,49,inperson,10,654
WAKE,house,49,inperson,11,911
WAKE,house,49,inperson,12,816
WAKE,house,49,inperson,13,780
WAKE,house,49,inperson,14,753
WAKE,house,49,inperson,15,759
WAKE,house,49,inperson,16,372
WAKE,house,49,inperson,17,444
WAKE,house,49,inperson,18,775
WAKE,house,49,inperson,19,698
WAKE,house,49,mail,0,307
WAKE,house,49,mail,1,98
WAKE,house,49,mail,2,211
WAKE,house,49,mail,3,131
WAKE,house,49,mail,4,199
WAKE,house,49,mail,5,265
WAKE,house,49,mail,6,18
WAKE,house,49,mail,7,57
WAKE,house,49,mail,8,23
WAKE,house,49,mail,10,157
WAKE,house,49,mail,11,104
WAKE,house,49,mail,12,174
WAKE,house,49,mail,13,41
WAKE,house,49,mail,14,14
WAKE,house,49,mail,15,96
WAKE,house,49,mail,17,62
WAKE,house,49,mail,18,57
WAKE,house,49,mail,19,89
WAKE,house,49,mail,20,23
WAKE,house,49,mail,21,16
WAKE,house,49,mail,22,44
WAKE,house,49,mail,24,45
WAKE,house,49,mail,25,35
WAKE,house,49,mail,26,78
WAKE,house,49,mail,27,12
WAKE,house,49,mail,28,30
WAKE,house,49,mail,29,1
WAKE,house,49,mail,31,25
WAKE,house,49,mail,32,21
WAKE,house,49,mail,33,27
WAKE,house,49,mail,34,33
WAKE,house,49,mail,35,11
WAKE,house,49,mail,36,30
WAKE,house,49,mail,39,10
WAKE,house,49,mail,40,24
WAKE,house,49,mail,41,38
WAKE,house,49,mail,42,1
WAKE,house,49,mail,43,25
WAKE,house,49,mail,46,17
WAKE,house,49,mail,47,10
WAKE,house,49,mail,48,16
WAKE,house,49,mail,49,2
WAKE,house,49,mail,50,23
WAKE,house,49,mail,53,5
WAKE,house,49,mail,54,2
WAKE,house,49,mail,55,13
WAKE,house,49,mail,56,1
WAKE,house,49,mail,57,2
WAKE,house,49,mail,59,6
WAKE,house,66,inperson,3,1180
WAKE,house,66,inperson,4,1515
WAKE,house,66,inperson,5,1016
WAKE,house,66,inperson,6,933
WAKE,house,66,inperson,7,831
WAKE,house,66,inperson,8,763
WAKE,house,66,inperson,9,453
WAKE,house,66,inperson,10,492
WAKE,house,66,inperson,11,764
WAKE,house,66,inperson,12,709
WAKE,house,66,inperson,13,648
WAKE,house,66,inperson,14,617
WAKE,house,66,inperson,15,679
WAKE,house,66,inperson,16,324
WAKE,house,66,inperson,17,400
WAKE,house,66,inperson,18,655
WAKE,house,66,inperson,19,669
WAKE,house,66,mail,0,169
WAKE,house,66,mail,1,46
WAKE,house,66,mail,2,135
WAKE,house,66,mail,3,91
WAKE,house,66,mail,4,122
WAKE,house,66,mail,5,143
WAKE,house,66,mail,6,10
WAKE,house,66,mail,7,45
WAKE,house,66,mail,8,12
WAKE,house,66,mail,10,85
WAKE,house,66,mail,11,71
WAKE,house,66,mail,12,82
WAKE,house,66,mail,13,27
WAKE,house,66,mail,14,12
WAKE,house,66,mail,15,65
WAKE,house,66,mail,17,38
WAKE,house,66,mail,18,60
WAKE,house,66,mail,19,66
WAKE,house,66,mail,20,15
WAKE,house,66,mail,21,6
WAKE,house,66,mail,22,34
WAKE,house,66,mail,24,26
WAKE,house,66,mail,25,22
WAKE,house,66,mail,26,39
WAKE,house,66,mail,27,8
WAKE,house,66,mail,28,21
WAKE,house,66,mail,29,1
WAKE,house,66,mail,31,29
WAKE,house,66,mail,32,9
WAKE,house,66,mail,33,17
WAKE,house,66,mail,34,26
WAKE,house,66,mail,35,9
WAKE,house,66,mail,36,18
WAKE,house,66,mail,39,6
WAKE,house,66,mail,40,14
WAKE,house,66,mail,41,20
WAKE,house,66,mail,42,7
WAKE,house,66,mail,43,27
WAKE,house,66,mail,46,6
WAKE,house,66,mail,47,8
WAKE,house,66,mail,48,17
WAKE,house,66,mail,50,16
WAKE,house,66,mail,53,7
WAKE,house,66,mail,54,7
WAKE,house,66,mail,55,3
WAKE,house,66,mail,56,1
WAKE,house,66,mail,57,1
WAKE,senate,13,inperson,3,3098
WAKE,senate,13,inperson,4,4195
WAKE,senate,13,inperson,5,3211
WAKE,senate,13,inperson,6,2962
WAKE,senate,13,inperson,7,2609
WAKE,senate,13,inperson,8,2319
WAKE,senate,13,inperson,9,1239
WAKE,senate,13,inperson,10,1402
WAKE,senate,13,inperson,11,2439
WAKE,senate,13,inperson,12,2085
WAKE,senate,13,inperson,13,2149
WAKE,senate,13,inperson,14,2076
WAKE,senate,13,inperson,15,2286
WAKE,senate,13,inperson,16,953
WAKE,senate,13,inperson,17,1104
WAKE,senate,13,inperson,18,2152
WAKE,senate,13,inperson,19,2004
WAKE,senate,13,mail,0,592
WAKE,senate,13,mail,1,184
WAKE,senate,13,mail,2,492
WAKE,senate,13,mail,3,327
WAKE,senate,13,mail,4,413
WAKE,senate,13,mail,5,637
WAKE,senate,13,mail,6,42
WAKE,senate,13,mail,7,158
WAKE,senate,13,mail,8,78
WAKE,senate,13,mail,10,284
WAKE,senate,13,mail,11,233
WAKE,senate,13,mail,12,401
WAKE,senate,13,mail,13,103
WAKE,senate,13,mail,14,39
WAKE,senate,13,mail,15,243
WAKE,senate,13,mail,17,125
WAKE,senate,13,mail,18,198
WAKE,senate,13,mail,19,239
WAKE,senate,13,mail,20,56
WAKE,senate,13,mail,21,36
WAKE,senate,13,mail,22,124
WAKE,senate,13,mail,24,112
WAKE,senate,13,mail,25,93
WAKE,senate,13,mail,26,169
WAKE,senate,13,mail,27,29
WAKE,senate,13,mail,28,74
WAKE,senate,13,mail,29,5
WAKE,senate,13,mail,31,82
WAKE,senate,13,mail,32,46
WAKE,senate,13,mail,33,52
WAKE,senate,13,mail,34,75
WAKE,senate,13,mail,35,28
WAKE,senate,13,mail,36,56
WAKE,senate,13,mail,39,30
WAKE,senate,13,mail,40,36
WAKE,senate,13,mail,41,64
WAKE,senate,13,mail,42,10
WAKE,senate,13,mail,43,87
WAKE,senate,13,mail,46,26
WAKE,senate,13,mail,47,31
WAKE,senate,13,mail,48,42
WAKE,senate,13,mail,49,3
WAKE,senate,13,mail,50,42
WAKE,senate,13,mail,53,23
WAKE,senate,13,mail,54,13
WAKE,senate,13,mail,55,15
WAKE,senate,13,mail,56,4
WAKE,senate,13,mail,57,11
WAKE,senate,13,mail,59,7
WAKE,senate,14,inperson,3,3621
WAKE,senate,14,inperson,4,4137
WAKE,senate,14,inperson,5,2978
WAKE,senate,14,inperson,6,2496
WAKE,senate,14,inperson,7,2126
WAKE,senate,14,inperson,8,2019
WAKE,senate,14,inperson,9,1153
WAKE,senate,14,inperson,10,1444
WAKE,senate,14,inperson,11,2021
WAKE,senate,14,inperson,12,1895
WAKE,senate,14,inperson,13,1946
WAKE,senate,14,inperson,14,1875
WAKE,senate,14,inperson,15,1948
WAKE,senate,14,inperson,16,881
WAKE,senate,14,inperson,17,1072
WAKE,senate,14,inperson,18,1884
WAKE,senate,14,inperson,19,2047
WAKE,senate,14,mail,0,370
WAKE,senate,14,mail,1,123
WAKE,senate,14,mail,2,273
WAKE,senate,14,mail,3,187
WAKE,senate,14,mail,4,212
WAKE,senate,14,mail,5,276
WAKE,senate,14,mail,6,19
WAKE,senate,14,mail,7,83
WAKE,senate,14,mail,8,47
WAKE,senate,14,mail,10,175
WAKE,senate,14,mail,11,96
WAKE,senate,14,mail,12,220
WAKE,senate,14,mail,13,55
WAKE,senate,14,mail,14,28
WAKE,senate,14,mail,15,107
WAKE,senate,14,mail,17,71
WAKE,senate,14,mail,18,86
WAKE,senate,14,mail,19,116
WAKE,senate,14,mail,20,28
WAKE,senate,14,mail,21,28
WAKE,senate,14,mail,22,44
WAKE,senate,14,mail,24,53
WAKE,senate,14,mail,25,47
WAKE,senate,14,mail,26,89
WAKE,senate,14,mail,27,21
WAKE,senate,14,mail,28,38
WAKE,senate,14,mail,29,2
WAKE,senate,14,mail,31,31
WAKE,senate,14,mail,32,25
WAKE,senate,14,mail,33,47
WAKE,senate,14,mail,34,44
WAKE,senate,14,mail,35,10
WAKE,senate,14,mail,36,30
WAKE,senate,14,mail,39,29
WAKE,senate,14,mail,40,25
WAKE,senate,14,mail,41,36
WAKE,senate,14,mail,42,6
WAKE,senate,14,mail,43,36
WAKE,senate,14,mail,46,20
WAKE,senate,14,mail,47,14
WAKE,senate,14,mail,48,20
WAKE,senate,14,mail,49,5
WAKE,senate,14,mail,50,37
WAKE,senate,14,mail,53,17
WAKE,senate,14,mail,54,14
WAKE,senate,14,mail,55,8
WAKE,senate,14,mail,57,3
WAKE,senate,14,mail,59,2
WAKE,senate,15,inperson,3,3282
WAKE,senate,15,inperson,4,4235
WAKE,senate,15,inperson,5,3211
WAKE,senate,15,inperson,6,2693
WAKE,senate,15,inperson,7,2402
WAKE,senate,15,inperson,8,1979
WAKE,senate,15,inperson,9,1130
WAKE,senate,15,inperson,10,1421
WAKE,senate,15,inperson,11,2189
WAKE,senate,15,inperson,12,1857
WAKE,senate,15,inperson,13,1887
WAKE,senate,15,inperson,14,1847
WAKE,senate,15,inperson,15,1864
WAKE,senate,15,inperson,16,911
WAKE,senate,15,inperson,17,1011
WAKE,senate,15,inperson,18,1880
WAKE,senate,15,inperson,19,1786
WAKE,senate,15,mail,0,636
WAKE,senate,15,mail,1,193
WAKE,senate,15,mail,2,475
WAKE,senate,15,mail,3,300
WAKE,senate,15,mail,4,421
WAKE,senate,15,mail,5,564
WAKE,senate,15,mail,6,49
WAKE,senate,15,mail,7,155
WAKE,senate,15,mail,8,54
WAKE,senate,15,mail,10,308
WAKE,senate,15,mail,11,194
WAKE,senate,15,mail,12,369
WAKE,senate,15,mail,13,109
WAKE,senate,15,mail,14,41
WAKE,senate,15,mail,15,204
WAKE,senate,15,mail,17,124
WAKE,senate,15,mail,18,149
WAKE,senate,15,mail,19,211
WAKE,senate,15,mail,20,40
WAKE,senate,15,mail,21,32
WAKE,senate,15,mail,22,91
WAKE,senate,15,mail,24,82
WAKE,senate,15,mail,25,65
WAKE,senate,15,mail,26,149
WAKE,senate,15,mail,27,18
WAKE,senate,15,mail,28,68
WAKE,senate,15,mail,29,4
WAKE,senate,15,mail,31,51
WAKE,senate,15,mail,32,52
WAKE,senate,15,mail,33,50
WAKE,senate,15,mail,34,79
WAKE,senate,15,mail,35,23
WAKE,senate,15,mail,36,62
WAKE,senate,15,mail,39,20
WAKE,senate,15,mail,40,42
WAKE,senate,15,mail,41,71
WAKE,senate,15,mail,42,5
WAKE,senate,15,mail,43,62
WAKE,senate,15,mail,46,25
WAKE,senate,15,mail,47,21
WAKE,senate,15,mail,48,33
WAKE,senate,15,mail,49,13
WAKE,senate,15,mail,50,54
WAKE,senate,15,mail,53,15
WAKE,senate,15,mail,54,15
WAKE,senate,15,mail,55,11
WAKE,senate,15,mail,56,2
WAKE,senate,15,mail,57,5
WAKE,senate,15,mail,59,10
WAKE,senate,16,inperson,3,3080
WAKE,senate,16,inperson,4,3887
WAKE,senate,16,inperson,5,3088
WAKE,senate,16,inperson,6,2636
WAKE,senate,16,inperson,7,2391
WAKE,senate,16,inperson,8,2094
WAKE,senate,16,inperson,9,1280
WAKE,senate,16,inperson,10,1434
WAKE,senate,16,inperson,11,2514
WAKE,senate,16,inperson,12,1985
WAKE,senate,16,inperson,13,2070
WAKE,senate,16,inperson,14,2018
WAKE,senate,16,inperson,15,2077
WAKE,senate,16,inperson,16,1140
WAKE,senate,16,inperson,17,1263
WAKE,senate,16,inperson,18,2202
WAKE,senate,16,inperson,19,2021
WAKE,senate,16,mail,0,732
WAKE,senate,16,mail,1,197
WAKE,senate,16,mail,2,579
WAKE,senate,16,mail,3,307
WAKE,senate,16,mail,4,510
WAKE,senate,16,mail,5,675
WAKE,senate,16,mail,6,44
WAKE,senate,16,mail,7,223
WAKE,senate,16,mail,8,86
WAKE,senate,16,mail,10,342
WAKE,senate,16,mail,11,269
WAKE,senate,16,mail,12,452
WAKE,senate,16,mail,13,127
WAKE,senate,16,mail,14,43
WAKE,senate,16,mail,15,236
WAKE,senate,16,mail,17,132
WAKE,senate,16,mail,18,186
WAKE,senate,16,mail,19,269
WAKE,senate,16,mail,20,54
WAKE,senate,16,mail,21,45
WAKE,senate,16,mail,22,132
WAKE,senate,16,mail,24,103
WAKE,senate,16,mail,25,114
WAKE,senate,16,mail,26,179
WAKE,senate,16,mail,27,35
WAKE,senate,16,mail,28,109
WAKE,senate,16,mail,29,6
WAKE,senate,16,mail,31,68
WAKE,senate,16,mail,32,71
WAKE,senate,16,mail,33,91
WAKE,senate,16,mail,34,95
WAKE,senate,16,mail,35,23
WAKE,senate,16,mail,36,75
WAKE,senate,16,mail,39,30
WAKE,senate,16,mail,40,49
WAKE,senate,16,mail,41,96
WAKE,senate,16,mail,42,3
WAKE,senate,16,mail,43,80
WAKE,senate,16,mail,46,48
WAKE,senate,16,mail,47,51
WAKE,senate,16,mail,48,55
WAKE,senate,16,mail,49,9
WAKE,senate,16,mail,50,81
WAKE,senate,16,mail,53,16
WAKE,senate,16,mail,54,26
WAKE,senate,16,mail,55,26
WAKE,senate,16,mail,56,1
WAKE,senate,16,mail,57,9
WAKE,senate,16,mail,59,9
WAKE,senate,17,inperson,3,3610
WAKE,senate,17,inperson,4,4912
WAKE,senate,17,inperson,5,3580
WAKE,senate,17,inperson,6,3186
WAKE,senate,17,inperson,7,2781
WAKE,senate,17,inperson,8,2494
WAKE,senate,17,inperson,9,1417
WAKE,senate,17,inperson,10,1697
WAKE,senate,17,inperson,11,2911
WAKE,senate,17,inperson,12,2472
WAKE,senate,17,inperson,13,2442
WAKE,senate,17,inperson,14,2514
WAKE,senate,17,inperson,15,2817
WAKE,senate,17,inperson,16,1184
WAKE,senate,17,inperson,17,1521
WAKE,senate,17,inperson,18,2897
WAKE,senate,17,inperson,19,2793
WAKE,senate,17,mail,0,618
WAKE,senate,17,mail,1,176
WAKE,senate,17,mail,2,556
WAKE,senate,17,mail,3,331
WAKE,senate,17,mail,4,436
WAKE,senate,17,mail,5,550
WAKE,senate,17,mail,6,24
WAKE,senate,17,mail,7,186
WAKE,senate,17,mail,8,78
WAKE,senate,17,mail,10,312
WAKE,senate,17,mail,11,195
WAKE,senate,17,mail,12,408
WAKE,senate,17,mail,13,108
WAKE,senate,17,mail,14,53
WAKE,senate,17,mail,15,265
WAKE,senate,17,mail,17,177
WAKE,senate,17,mail,18,147
WAKE,senate,17,mail,19,278
WAKE,senate,17,mail,20,61
WAKE,senate,17,mail,21,48
WAKE,senate,17,mail,22,125
WAKE,senate,17,mail,24,118
WAKE,senate,17,mail,25,81
WAKE,senate,17,mail,26,167
WAKE,senate,17,mail,27,31
WAKE,senate,17,mail,28,58
WAKE,senate,17,mail,29,2
WAKE,senate,17,mail,31,56
WAKE,senate,17,mail,32,66
WAKE,senate,17,mail,33,70
WAKE,senate,17,mail,34,107
WAKE,senate,17,mail,35,15
WAKE,senate,17,mail,36,65
WAKE,senate,17,mail,39,36
WAKE,senate,17,mail,40,51
WAKE,senate,17,mail,41,71
WAKE,senate,17,mail,42,2
WAKE,senate,17,mail,43,69
WAKE,senate,17,mail,46,34
WAKE,senate,17,mail,47,27
WAKE,senate,17,mail,48,51
WAKE,senate,17,mail,49,6
WAKE,senate,17,mail,50,43
WAKE,senate,17,mail,53,24
WAKE,senate,17,mail,54,12
WAKE,senate,17,mail,55,25
WAKE,senate,17,mail,56,1
WAKE,senate,17,mail,57,3
WAKE,senate,17,mail,59,6
WAKE,senate,18,inperson,3,2158
WAKE,senate,18,inperson,4,2746
WAKE,senate,18,inperson,5,2221
WAKE,senate,18,inperson,6,1937
WAKE,senate,18,inperson,7,1861
WAKE,senate,18,inperson,8,1672
WAKE,senate,18,inperson,9,865
WAKE,senate,18,inperson,10,1086
WAKE,senate,18,inperson,11,1823
WAKE,senate,18,inperson,12,1701
WAKE,senate,18,inperson,13,1625
WAKE,senate,18,inperson,14,1514
WAKE,senate,18,inperson,15,1547
WAKE,senate,18,inperson,16,700
WAKE,senate,18,inperson,17,902
WAKE,senate,18,inperson,18,1573
WAKE,senate,18,inperson,19,1411
WAKE,senate,18,mail,0,423
WAKE,senate,18,mail,1,129
WAKE,senate,18,mail,2,375
WAKE,senate,18,mail,3,224
WAKE,senate,18,mail,4,305
WAKE,senate,18,mail,5,429
WAKE,senate,18,mail,6,24
WAKE,senate,18,mail,7,150
WAKE,senate,18,mail,8,53
WAKE,senate,18,mail,10,252
WAKE,senate,18,mail,11,146
WAKE,senate,18,mail,12,260
WAKE,senate,18,mail,13,106
WAKE,senate,18,mail,14,28
WAKE,senate,18,mail,15,174
WAKE,senate,18,mail,17,114
WAKE,senate,18,mail,18,123
WAKE,senate,18,mail,19,172
WAKE,senate,18,mail,20,25
WAKE,senate,18,mail,21,18
WAKE,senate,18,mail,22,83
WAKE,senate,18,mail,24,61
WAKE,senate,18,mail,25,82
WAKE,senate,18,mail,26,115
WAKE,senate,18,mail,27,21
WAKE,senate,18,mail,28,64
WAKE,senate,18,mail,29,4
WAKE,senate,18,mail,31,48
WAKE,senate,18,mail,32,27
WAKE,senate,18,mail,33,46
WAKE,senate,18,mail,34,64
WAKE,senate,18,mail,35,28
WAKE,senate,18,mail,36,38
WAKE,senate,18,mail,39,31
WAKE,senate,18,mail,40,42
WAKE,senate,18,mail,41,59
WAKE,senate,18,mail,42,1
WAKE,senate,18,mail,43,50
WAKE,senate,18,mail,46,30
WAKE,senate,18,mail,47,17
WAKE,senate,18,mail,48,37
WAKE,senate,18,mail,49,1
WAKE,senate,18,mail,50,35
WAKE,senate,18,mail,53,17
WAKE,senate,18,mail,54,10
WAKE,senate,18,mail,55,1
WAKE,senate,18,mail,56,2
WAKE,senate,18,mail,57,1
WAKE,senate,18,mail,59,3
WARREN,house,27,inperson,3,284
WARREN,house,27,inperson,4,339
WARREN,house,27,inperson,5,275
WARREN,house,27,inperson,6,245
WARREN,house,27,inperson,7,254
WARREN,house,27,inperson,8,222
WARREN,house,27,inperson,10,97
WARREN,house,27,inperson,11,261
WARREN,house,27,inperson,12,260
WARREN,house,27,inperson,13,236
WARREN,house,27,inperson,14,286
WARREN,house,27,inperson,15,275
WARREN,house,27,inperson,17,81
WARREN,house,27,inperson,18,267
WARREN,house,27,inperson,19,316
WARREN,house,27,mail,0,14
WARREN,house,27,mail,1,31
WARREN,house,27,mail,3,10
WARREN,house,27,mail,4,10
WARREN,house,27,mail,5,14
WARREN,house,27,mail,6,20
WARREN,house,27,mail,7,2
WARREN,house,27,mail,8,14
WARREN,house,27,mail,10,7
WARREN,house,27,mail,12,1
WARREN,house,27,mail,13,13
WARREN,house,27,mail,14,2
WARREN,house,27,mail,15,7
WARREN,house,27,mail,17,3
WARREN,house,27,mail,18,7
WARREN,house,27,mail,19,4
WARREN,house,27,mail,20,8
WARREN,house,27,mail,22,10
WARREN,house,27,mail,25,5
WARREN,house,27,mail,26,7
WARREN,house,27,mail,29,3
WARREN,house,27,mail,32,1
WARREN,house,27,mail,33,1
WARREN,house,27,mail,34,5
WARREN,house,27,mail,36,2
WARREN,house,27,mail,39,1
WARREN,house,27,mail,41,7
WARREN,house,27,mail,42,1
WARREN,house,27,mail,43,10
WARREN,house,27,mail,47,1
WARREN,house,27,mail,48,2
WARREN,house,27,mail,49,2
WARREN,house,27,mail,54,2
WARREN,senate,3,inperson,3,284
WARREN,senate,3,inperson,4,339
WARREN,senate,3,inperson,5,275
WARREN,senate,3,inperson,6,245
WARREN,senate,3,inperson,7,254
WARREN,senate,3,inperson,8,222
WARREN,senate,3,inperson,10,97
WARREN,senate,3,inperson,11,261
WARREN,senate,3,inperson,12,260
WARREN,senate,3,inperson,13,236
WARREN,senate,3,inperson,14,286
WARREN,senate,3,inperson,15,275
WARREN,senate,3,inperson,17,81
WARREN,senate,3,inperson,18,267
WARREN,senate,3,inperson,19,316
WARREN,senate,3,mail,0,14
WARREN,senate,3,mail,1,31
WARREN,senate,3,mail,3,10
WARREN,senate,3,mail,4,10
WARREN,senate,3,mail,5,14
WARREN,senate,3,mail,6,20
WARREN,senate,3,mail,7,2
WARREN,senate,3,mail,8,14
WARREN,senate,3,mail,10,7
WARREN,senate,3,mail,12,1
WARREN,senate,3,mail,13,13
WARREN,senate,3,mail,14,2
WARREN,senate,3,mail,15,7
WARREN,senate,3,mail,17,3
WARREN,senate,3,mail,18,7
WARREN,senate,3,mail,19,4
WARREN,senate,3,mail,20,8
WARREN,senate,3,mail,22,10
WARREN,senate,3,mail,25,5
WARREN,senate,3,mail,26,7
WARREN,senate,3,mail,29,3
WARREN,senate,3,mail,32,1
WARREN,senate,3,mail,33,1
WARREN,senate,3,mail,34,5
WARREN,senate,3,mail,36,2
WARREN,senate,3,mail,39,1
WARREN,senate,3,mail,41,7
WARREN,senate,3,mail,42,1
WARREN,senate,3,mail,43,10
WARREN,senate,3,mail,47,1
WARREN,senate,3,mail,48,2
WARREN,senate,3,mail,49,2
WARREN,senate,3,mail,54,2
WASHINGTON,house,1,inperson,3,122
WASHINGTON,house,1,inperson,4,214
WASHINGTON,house,1,inperson,5,129
WASHINGTON,house,1,inperson,6,173
WASHINGTON,house,1,inperson,7,139
WASHINGTON,house,1,inperson,8,135
WASHINGTON,house,1,inperson,11,120
WASHINGTON,house,1,inperson,12,125
WASHINGTON,house,1,inperson,13,148
WASHINGTON,house,1,inperson,14,130
WASHINGTON,house,1,inperson,15,185
WASHINGTON,house,1,inperson,18,182
WASHINGTON,house,1,inperson,19,198
WASHINGTON,house,1,mail,0,2
WASHINGTON,house,1,mail,1,10
WASHINGTON,house,1,mail,3,3
WASHINGTON,house,1,mail,4,4
WASHINGTON,house,1,mail,5,4
WASHINGTON,house,1,mail,6,5
WASHINGTON,house,1,mail,8,17
WASHINGTON,house,1,mail,11,4
WASHINGTON,house,1,mail,12,3
WASHINGTON,house,1,mail,13,3
WASHINGTON,house,1,mail,15,4
WASHINGTON,house,1,mail,18,2
WASHINGTON,house,1,mail,19,2
WASHINGTON,house,1,mail,20,2
WASHINGTON,house,1,mail,21,4
WASHINGTON,house,1,mail,22,2
WASHINGTON,house,1,mail,24,2
WASHINGTON,house,1,mail,25,3
WASHINGTON,house,1,mail,26,4
WASHINGTON,house,1,mail,31,2
WASHINGTON,house,1,mail,32,3
WASHINGTON,house,1,mail,33,4
WASHINGTON,house,1,mail,34,1
WASHINGTON,house,1,mail,35,2
WASHINGTON,house,1,mail,36,1
WASHINGTON,house,1,mail,40,2
WASHINGTON,house,1,mail,41,2
WASHINGTON,house,1,mail,42,2
WASHINGTON,house,1,mail,43,6
WASHINGTON,house,1,mail,46,1
WASHINGTON,house,1,mail,47,1
WASHINGTON,house,1,mail,49,1
WASHINGTON,house,1,mail,50,4
WASHINGTON,senate,1,inperson,3,122
WASHINGTON,senate,1,inperson,4,214
WASHINGTON,senate,1,inperson,5,129
WASHINGTON,senate,1,inperson,6,173
WASHINGTON,senate,1,inperson,7,139
WASHINGTON,senate,1,inperson,8,135
WASHINGTON,senate,1,inperson,11,120
WASHINGTON,senate,1,inperson,12,125
WASHINGTON,senate,1,inperson,13,148
WASHINGTON,senate,1,inperson,14,130
WASHINGTON,senate,1,inperson,15,185
WASHINGTON,senate,1,inperson,18,182
WASHINGTON,senate,1,inperson,19,198
WASHINGTON,senate,1,mail,0,2
WASHINGTON,senate,1,mail,1,10
WASHINGTON,senate,1,mail,3,3
WASHINGTON,senate,1,mail,4,4
WASHINGTON,senate,1,mail,5,4
WASHINGTON,senate,1,mail,6,5
WASHINGTON,senate,1,mail,8,17
WASHINGTON,senate,1,mail,11,4
WASHINGTON,senate,1,mail,12,3
WASHINGTON,senate,1,mail,13,3
WASHINGTON,senate,1,mail,15,4
WASHINGTON,senate,1,mail,18,2
WASHINGTON,senate,1,mail,19,2
WASHINGTON,senate,1,mail,20,2
WASHINGTON,senate,1,mail,21,4
WASHINGTON,senate,1,mail,22,2
WASHINGTON,senate,1,mail,24,2
WASHINGTON,senate,1,mail,25,3
WASHINGTON,senate,1,mail,26,4
WASHINGTON,senate,1,mail,31,2
WASHINGTON,senate,1,mail,32,3
WASHINGTON,senate,1,mail,33,4
WASHINGTON,senate,1,mail,34,1
WASHINGTON,senate,1,mail,35,2
WASHINGTON,senate,1,mail,36,1
WASHINGTON,senate,1,mail,40,2
WASHINGTON,senate,1,mail,41,2
WASHINGTON,senate,1,mail,42,2
WASHINGTON,senate,1,mail,43,6
WASHINGTON,senate,1,mail,46,1
WASHINGTON,senate,1,mail,47,1
WASHINGTON,senate,1,mail,49,1
WASHINGTON,senate,1,mail,50,4
WATAUGA,house,87,inperson,3,85
WATAUGA,house,87,inperson,4,156
WATAUGA,house,87,inperson,5,128
WATAUGA,house,87,inperson,6,106
WATAUGA,house,87,inperson,7,98
WATAUGA,house,87,inperson,8,67
WATAUGA,house,87,inperson,11,105
WATAUGA,house,87,inperson,12,89
WATAUGA,house,87,inperson,13,119
WATAUGA,house,87,inperson,14,81
WATAUGA,house,87,inperson,15,106
WATAUGA,house,87,inperson,18,99
WATAUGA,house,87,inperson,19,106
WATAUGA,house,87,mail,0,20
WATAUGA,house,87,mail,3,1
WATAUGA,house,87,mail,4,8
WATAUGA,house,87,mail,5,14
WATAUGA,house,87,mail,6,4
WATAUGA,house,87,mail,7,4
WATAUGA,house,87,mail,8,7
WATAUGA,house,87,mail,11,7
WATAUGA,house,87,mail,12,5
WATAUGA,house,87,mail,13,2
WATAUGA,house,87,mail,14,9
WATAUGA,house,87,mail,15,2
WATAUGA,house,87,mail,18,4
WATAUGA,house,87,mail,19,7
WATAUGA,house,87,mail,21,1
WATAUGA,house,87,mail,25,10
WATAUGA,house,87,mail,27,6
WATAUGA,house,87,mail,28,1
WATAUGA,house,87,mail,29,1
WATAUGA,house,87,mail,32,3
WATAUGA,house,87,mail,34,3
WATAUGA,house,87,mail,36,11
WATAUGA,house,87,mail,39,1
WATAUGA,house,87,mail,40,1
WATAUGA,house,87,mail,48,1
WATAUGA,house,87,mail,49,2
WATAUGA,house,87,mail,50,2
WATAUGA,house,87,mail,56,1
WATAUGA,house,93,inperson,3,808
WATAUGA,house,93,inperson,4,1515
WATAUGA,house,93,inperson,5,1030
WATAUGA,house,93,inperson,6,966
WATAUGA,house,93,inperson,7,956
WATAUGA,house,93,inperson,8,808
WATAUGA,house,93,inperson,11,832
WATAUGA,house,93,inperson,12,787
WATAUGA,house,93,inperson,13,753
WATAUGA,house,93,inperson,14,803
WATAUGA,house,93,inperson,15,906
WATAUGA,house,93,inperson,18,791
WATAUGA,house,93,inperson,19,866
WATAUGA,house,93,mail,0,152
WATAUGA,house,93,mail,1,4
WATAUGA,house,93,mail,3,26
WATAUGA,house,93,mail,4,65
WATAUGA,house,93,mail,5,36
WATAUGA,house,93,mail,6,38
WATAUGA,house,93,mail,7,40
WATAUGA,house,93,mail,8,36
WATAUGA,house,93,mail,11,24
WATAUGA,house,93,mail,12,30
WATAUGA,house,93,mail,13,33
WATAUGA,house,93,mail,14,33
WATAUGA,house,93,mail,15,39
WATAUGA,house,93,mail,18,26
WATAUGA,house,93,mail,19,27
WATAUGA,house,93,mail,20,5
WATAUGA,house,93,mail,21,28
WATAUGA,house,93,mail,22,3
WATAUGA,house,93,mail,25,24
WATAUGA,house,93,mail,26,2
WATAUGA,house,93,mail,27,26
WATAUGA,house,93,mail,28,8
WATAUGA,house,93,mail,29,4
WATAUGA,house,93,mail,32,1
WATAUGA,house,93,mail,33,9
WATAUGA,house,93,mail,34,2
WATAUGA,house,93,mail,35,6
WATAUGA,house,93,mail,36,22
WATAUGA,house,93,mail,38,1
WATAUGA,house,93,mail,39,5
WATAUGA,house,93,mail,40,23
WATAUGA,house,93,mail,41,1
WATAUGA,house,93,mail,43,7
WATAUGA,house,93,mail,47,1
WATAUGA,house,93,mail,48,3
WATAUGA,house,93,mail,50,12
WATAUGA,house,93,mail,53,2
WATAUGA,house,93,mail,55,2
WATAUGA,house,93,mail,56,1
WATAUGA,house,93,mail,60,1
WATAUGA,senate,47,inperson,3,893
WATAUGA,senate,47,inperson,4,1671
WATAUGA,senate,47,inperson,5,1158
WATAUGA,senate,47,inperson,6,1072
WATAUGA,senate,47,inperson,7,1054
WATAUGA,senate,47,inperson,8,875
WATAUGA,senate,47,inperson,11,937
WATAUGA,senate,47,inperson,12,876
WATAUGA,senate,47,inperson,13,872
WATAUGA,senate,47,inperson,14,884
WATAUGA,senate,47,inperson,15,1012
WATAUGA,senate,47,inperson,18,890
WATAUGA,senate,47,inperson,19,972
WATAUGA,senate,47,mail,0,172
WATAUGA,senate,47,mail,1,4
WATAUGA,senate,47,mail,3,27
WATAUGA,senate,47,mail,4,73
WATAUGA,senate,47,mail,5,50
WATAUGA,senate,47,mail,6,42
WATAUGA,senate,47,mail,7,44
WATAUGA,senate,47,mail,8,43
WATAUGA,senate,47,mail,11,31
WATAUGA,senate,47,mail,12,35
WATAUGA,senate,47,mail,13,35
WATAUGA,senate,47,mail,14,42
WATAUGA,senate,47,mail,15,41
WATAUGA,senate,47,mail,18,30
WATAUGA,senate,47,mail,19,34
WATAUGA,senate,47,mail,20,5
WATAUGA,senate,47,mail,21,29
WATAUGA,senate,47,mail,22,3
WATAUGA,senate,47,mail,25,34
WATAUGA,senate,47,mail,26,2
WATAUGA,senate,47,mail,27,32
WATAUGA,senate,47,mail,28,9
WATAUGA,senate,47,mail,29,5
WATAUGA,senate,47,mail,32,4
WATAUGA,senate,47,mail,33,9
WATAUGA,senate,47,mail,34,5
WATAUGA,senate,47,mail,35,6
WATAUGA,senate,47,mail,36,33
WATAUGA,senate,47,mail,38,1
WATAUGA,senate,47,mail,39,6
WATAUGA,senate,47,mail,40,24
WATAUGA,senate,47,mail,41,1
WATAUGA,senate,47,mail,43,7
WATAUGA,senate,47,mail,47,1
WATAUGA,senate,47,mail,48,4
WATAUGA,senate,47,mail,49,2
WATAUGA,senate,47,mail,50,14
WATAUGA,senate,47,mail,53,2
WATAUGA,senate,47,mail,55,2
WATAUGA,senate,47,mail,56,2
WATAUGA,senate,47,mail,60,1
WAYNE,house,10,inperson,3,1294
WAYNE,house,10,inperson,4,1534
WAYNE,house,10,inperson,5,1149
WAYNE,house,10,inperson,6,1105
WAYNE,house,10,inperson,7,1033
WAYNE,house,10,inperson,8,1002
WAYNE,house,10,inperson,9,337
WAYNE,house,10,inperson,10,504
WAYNE,house,10,inperson,11,935
WAYNE,house,10,inperson,12,938
WAYNE,house,10,inperson,13,920
WAYNE,house,10,inperson,14,1038
WAYNE,house,10,inperson,15,1113
WAYNE,house,10,inperson,16,249
WAYNE,house,10,inperson,17,454
WAYNE,house,10,inperson,18,1096
WAYNE,house,10,inperson,19,1191
WAYNE,house,10,mail,0,79
WAYNE,house,10,mail,1,81
WAYNE,house,10,mail,3,10
WAYNE,house,10,mail,4,38
WAYNE,house,10,mail,5,43
WAYNE,house,10,mail,6,50
WAYNE,house,10,mail,7,13
WAYNE,house,10,mail,8,63
WAYNE,house,10,mail,9,1
WAYNE,house,10,mail,10,5
WAYNE,house,10,mail,11,36
WAYNE,house,10,mail,12,28
WAYNE,house,10,mail,13,22
WAYNE,house,10,mail,14,10
WAYNE,house,10,mail,15,33
WAYNE,house,10,mail,17,1
WAYNE,house,10,mail,18,17
WAYNE,house,10,mail,19,5
WAYNE,house,10,mail,20,14
WAYNE,house,10,mail,21,10
WAYNE,house,10,mail,22,34
WAYNE,house,10,mail,25,3
WAYNE,house,10,mail,26,15
WAYNE,house,10,mail,27,4
WAYNE,house,10,mail,28,24
WAYNE,house,10,mail,30,1
WAYNE,house,10,mail,32,13
WAYNE,house,10,mail,33,7
WAYNE,house,10,mail,34,4
WAYNE,house,10,mail,35,5
WAYNE,house,10,mail,36,6
WAYNE,house,10,mail,39,2
WAYNE,house,10,mail,40,5
WAYNE,house,10,mail,41,7
WAYNE,house,10,mail,42,2
WAYNE,house,10,mail,43,10
WAYNE,house,10,mail,46,8
WAYNE,house,10,mail,47,8
WAYNE,house,10,mail,48,7
WAYNE,house,10,mail,49,3
WAYNE,house,10,mail,50,5
WAYNE,house,10,mail,53,5
WAYNE,house,10,mail,54,5
WAYNE,house,10,mail,56,6
WAYNE,house,4,inperson,3,434
WAYNE,house,4,inperson,4,519
WAYNE,house,4,inperson,5,407
WAYNE,house,4,inperson,6,387
WAYNE,house,4,inperson,7,372
WAYNE,house,4,inperson,8,359
WAYNE,house,4,inperson,9,109
WAYNE,house,4,inperson,10,194
WAYNE,house,4,inperson,11,330
WAYNE,house,4,inperson,12,357
WAYNE,house,4,inperson,13,372
WAYNE,house,4,inperson,14,355
WAYNE,house,4,inperson,15,386
WAYNE,house,4,inperson,16,82
WAYNE,house,4,inperson,17,155
WAYNE,house,4,inperson,18,341
WAYNE,house,4,inperson,19,365
WAYNE,house,4,mail,0,19
WAYNE,house,4,mail,1,61
WAYNE,house,4,mail,3,4
WAYNE,house,4,mail,4,21
WAYNE,house,4,mail,5,5
WAYNE,house,4,mail,6,15
WAYNE,house,4,mail,7,5
WAYNE,house,4,mail,8,30
WAYNE,house,4,mail,10,1
WAYNE,house,4,mail,11,11
WAYNE,house,4,mail,12,11
WAYNE,house,4,mail,13,11
WAYNE,house,4,mail,14,7
WAYNE,house,4,mail,15,9
WAYNE,house,4,mail,16,3
WAYNE,house,4,mail,18,12
WAYNE,house,4,mail,19,5
WAYNE,house,4,mail,20,10
WAYNE,house,4,mail,21,2
WAYNE,house,4,mail,22,3
WAYNE,house,4,mail,25,2
WAYNE,house,4,mail,26,6
WAYNE,house,4,mail,27,4
WAYNE,house,4,mail,28,6
WAYNE,house,4,mail,32,2
WAYNE,house,4,mail,33,1
WAYNE,house,4,mail,34,4
WAYNE,house,4,mail,36,1
WAYNE,house,4,mail,39,2
WAYNE,house,4,mail,40,1
WAYNE,house,4,mail,41,3
WAYNE,house,4,mail,43,1
WAYNE,house,4,mail,47,2
WAYNE,house,4,mail,49,1
WAYNE,house,4,mail,50,2
WAYNE,house,4,mail,54,3
WAYNE,house,4,mail,56,1
WAYNE,senate,4,inperson,3,1728
WAYNE,senate,4,inperson,4,2053
WAYNE,senate,4,inperson,5,1556
WAYNE,senate,4,inperson,6,1492
WAYNE,senate,4,inperson,7,1405
WAYNE,senate,4,inperson,8,1361
WAYNE,senate,4,inperson,9,446
WAYNE,senate,4,inperson,10,698
WAYNE,senate,4,inperson,11,1265
WAYNE,senate,4,inperson,12,1295
WAYNE,senate,4,inperson,13,1292
WAYNE,senate,4,inperson,14,1393
WAYNE,senate,4,inperson,15,1499
WAYNE,senate,4,inperson,16,331
WAYNE,senate,4,inperson,17,609
WAYNE,senate,4,inperson,18,1437
WAYNE,senate,4,inperson,19,1556
WAYNE,senate,4,mail,0,98
WAYNE,senate,4,mail,1,142
WAYNE,senate,4,mail,3,14
WAYNE,senate,4,mail,4,59
WAYNE,senate,4,mail,5,48
WAYNE,senate,4,mail,6,65
WAYNE,senate,4,mail,7,18
WAYNE,senate,4,mail,8,93
WAYNE,senate,4,mail,9,1
WAYNE,senate,4,mail,10,6
WAYNE,senate,4,mail,11,47
WAYNE,senate,4,mail,12,39
WAYNE,senate,4,mail,13,33
WAYNE,senate,4,mail,14,17
WAYNE,senate,4,mail,15,42
WAYNE,senate,4,mail,16,3
WAYNE,senate,4,mail,17,1
WAYNE,senate,4,mail,18,29
WAYNE,senate,4,mail,19,10
WAYNE,senate,4,mail,20,24
WAYNE,senate,4,mail,21,12
WAYNE,senate,4,mail,22,37
WAYNE,senate,4,mail,25,5
WAYNE,senate,4,mail,26,21
WAYNE,senate,4,mail,27,8
WAYNE,senate,4,mail,28,30
WAYNE,senate,4,mail,30,1
WAYNE,senate,4,mail,32,15
WAYNE,senate,4,mail,33,8
WAYNE,senate,4,mail,34,8
WAYNE,senate,4,mail,35,5
WAYNE,senate,4,mail,36,7
WAYNE,senate,4,mail,39,4
WAYNE,senate,4,mail,40,6
WAYNE,senate,4,mail,41,10
WAYNE,senate,4,mail,42,2
WAYNE,senate,4,mail,43,11
WAYNE,senate,4,mail,46,8
WAYNE,senate,4,mail,47,10
WAYNE,senate,4,mail,48,7
WAYNE,senate,4,mail,49,4
WAYNE,senate,4,mail,50,7
WAYNE,senate,4,mail,53,5
WAYNE,senate,4,mail,54,8
WAYNE,senate,4,mail,56,7
WILKES,house,90,inperson,3,75
WILKES,house,90,inperson,4,95
WILKES,house,90,inperson,5,88
WILKES,house,90,inperson,6,66
WILKES,house,90,inperson,7,59
WILKES,house,90,inperson,8,78
WILKES,house,90,inperson,11,60
WILKES,house,90,inperson,12,35
WILKES,house,90,inperson,13,54
WILKES,house,90,inperson,14,59
WILKES,house,90,inperson,15,60
WILKES,house,90,inperson,18,53
WILKES,house,90,inperson,19,65
WILKES,house,90,mail,0,8
WILKES,house,90,mail,1,10
WILKES,house,90,mail,3,17
WILKES,house,90,mail,4,3
WILKES,house,90,mail,5,5
WILKES,house,90,mail,6,14
WILKES,house,90,mail,7,2
WILKES,house,90,mail,8,17
WILKES,house,90,mail,11,4
WILKES,house,90,mail,12,8
WILKES,house,90,mail,13,9
WILKES,house,90,mail,14,8
WILKES,house,90,mail,15,14
WILKES,house,90,mail,19,2
WILKES,house,90,mail,20,2
WILKES,house,90,mail,21,2
WILKES,house,90,mail,22,4
WILKES,house,90,mail,25,2
WILKES,house,90,mail,26,2
WILKES,house,90,mail,28,1
WILKES,house,90,mail,33,1
WILKES,house,90,mail,36,1
WILKES,house,90,mail,39,2
WILKES,house,90,mail,40,2
WILKES,house,90,mail,43,3
WILKES,house,90,mail,46,1
WILKES,house,90,mail,50,2
WILKES,house,90,mail,56,1
WILKES,house,94,inperson,3,655
WILKES,house,94,inperson,4,943
WILKES,house,94,inperson,5,789
WILKES,house,94,inperson,6,580
WILKES,house,94,inperson,7,615
WILKES,house,94,inperson,8,562
WILKES,house,94,inperson,11,626
WILKES,house,94,inperson,12,519
WILKES,house,94,inperson,13,522
WILKES,house,94,inperson,14,552
WILKES,house,94,inperson,15,588
WILKES,house,94,inperson,18,588
WILKES,house,94,inperson,19,644
WILKES,house,94,mail,0,41
WILKES,house,94,mail,1,56
WILKES,house,94,mail,3,63
WILKES,house,94,mail,4,7
WILKES,house,94,mail,5,23
WILKES,house,94,mail,6,20
WILKES,house,94,mail,7,21
WILKES,house,94,mail,8,36
WILKES,house,94,mail,11,21
WILKES,house,94,mail,12,19
WILKES,house,94,mail,13,35
WILKES,house,94,mail,14,14
WILKES,house,94,mail,15,22
WILKES,house,94,mail,18,25
WILKES,house,94,mail,19,20
WILKES,house,94,mail,20,15
WILKES,house,94,mail,21,3
WILKES,house,94,mail,22,18
WILKES,house,94,mail,25,14
WILKES,house,94,mail,26,11
WILKES,house,94,mail,27,3
WILKES,house,94,mail,28,18
WILKES,house,94,mail,29,2
WILKES,house,94,mail,32,4
WILKES,house,94,mail,33,3
WILKES,house,94,mail,34,3
WILKES,house,94,mail,36,13
WILKES,house,94,mail,39,5
WILKES,house,94,mail,40,4
WILKES,house,94,mail,41,5
WILKES,house,94,mail,42,1
WILKES,house,94,mail,43,9
WILKES,house,94,mail,46,2
WILKES,house,94,mail,48,7
WILKES,house,94,mail,50,8
WILKES,house,94,mail,53,6
WILKES,senate,36,inperson,3,730
WILKES,senate,36,inperson,4,1038
WILKES,senate,36,inperson,5,877
WILKES,senate,36,inperson,6,646
WILKES,senate,36,inperson,7,674
WILKES,senate,36,inperson,8,640
WILKES,senate,36,inperson,11,686
WILKES,senate,36,inperson,12,554
WILKES,senate,36,inperson,13,576
WILKES,senate,36,inperson,14,611
WILKES,senate,36,inperson,15,648
WILKES,senate,36,inperson,18,641
WILKES,senate,36,inperson,19,709
WILKES,senate,36,mail,0,49
WILKES,senate,36,mail,1,66
WILKES,senate,36,mail,3,80
WILKES,senate,36,mail,4,10
WILKES,senate,36,mail,5,28
WILKES,senate,36,mail,6,34
WILKES,senate,36,mail,7,23
WILKES,senate,36,mail,8,53
WILKES,senate,36,mail,11,25
WILKES,senate,36,mail,12,27
WILKES,senate,36,mail,13,44
WILKES,senate,36,mail,14,22
WILKES,senate,36,mail,15,36
WILKES,senate,36,mail,18,25
WILKES,senate,36,mail,19,22
WILKES,senate,36,mail,20,17
WILKES,senate,36,mail,21,5
WILKES,senate,36,mail,22,22
WILKES,senate,36,mail,25,16
WILKES,senate,36,mail,26,13
WILKES,senate,36,mail,27,3
WILKES,senate,36,mail,28,19
WILKES,senate,36,mail,29,2
WILKES,senate,36,mail,32,4
WILKES,senate,36,mail,33,4
WILKES,senate,36,mail,34,3
WILKES,senate,36,mail,36,14
WILKES,senate,36,mail,39,7
WILKES,senate,36,mail,40,6
WILKES,senate,36,mail,41,5
WILKES,senate,36,mail,42,1
WILKES,senate,36,mail,43,12
WILKES,senate,36,mail,46,3
WILKES,senate,36,mail,48,7
WILKES,senate,36,mail,50,10
WILKES,senate,36,mail,53,6
WILKES,senate,36,mail,56,1
WILSON,house,24,inperson,3,1146
WILSON,house,24,inperson,4,1375
WILSON,house,24,inperson,5,1075
WILSON,house,24,inperson,6,996
WILSON,house,24,inperson,7,956
WILSON,house,24,inperson,8,1101
WILSON,house,24,inperson,9,485
WILSON,house,24,inperson,11,967
WILSON,house,24,inperson,12,906
WILSON,house,24,inperson,13,912
WILSON,house,24,inperson,14,1097
WILSON,house,24,inperson,15,1134
WILSON,house,24,inperson,17,425
WILSON,house,24,inperson,18,1029
WILSON,house,24,inperson,19,1050
WILSON,house,24,mail,0,81
WILSON,house,24,mail,1,29
WILSON,house,24,mail,3,15
WILSON,house,24,mail,4,36
WILSON,house,24,mail,5,37
WILSON,house,24,mail,6,34
WILSON,house,24,mail,7,20
WILSON,house,24,mail,8,61
WILSON,house,24,mail,9,3
WILSON,house,24,mail,11,31
WILSON,house,24,mail,12,16
WILSON,house,24,mail,13,23
WILSON,house,24,mail,14,7
WILSON,house,24,mail,15,40
WILSON,house,24,mail,17,18
WILSON,house,24,mail,18,16
WILSON,house,24,mail,19,19
WILSON,house,24,mail,20,11
WILSON,house,24,mail,21,13
WILSON,house,24,mail,22,23
WILSON,house,24,mail,25,6
WILSON,house,24,mail,26,18
WILSON,house,24,mail,27,5
WILSON,house,24,mail,28,8
WILSON,house,24,mail,29,10
WILSON,house,24,mail,32,8
WILSON,house,24,mail,33,5
WILSON,house,24,mail,34,11
WILSON,house,24,mail,35,1
WILSON,house,24,mail,36,6
WILSON,house,24,mail,39,4
WILSON,house,24,mail,40,5
WILSON,house,24,mail,41,7
WILSON,house,24,mail,42,3
WILSON,house,24,mail,43,33
WILSON,house,24,mail,47,5
WILSON,house,24,mail,48,13
WILSON,house,24,mail,49,2
WILSON,house,24,mail,50,18
WILSON,house,24,mail,55,1
WILSON,senate,4,inperson,3,1146
WILSON,senate,4,inperson,4,1375
WILSON,senate,4,inperson,5,1075
WILSON,senate,4,inperson,6,996
WILSON,senate,4,inperson,7,956
WILSON,senate,4,inperson,8,1101
WILSON,senate,4,inperson,9,485
WILSON,senate,4,inperson,11,967
WILSON,senate,4,inperson,12,906
WILSON,senate,4,inperson,13,912
WILSON,senate,4,inperson,14,1097
WILSON,senate,4,inperson,15,1134
WILSON,senate,4,inperson,17,425
WILSON,senate,4,inperson,18,1029
WILSON,senate,4,inperson,19,1050
WILSON,senate,4,mail,0,81
WILSON,senate,4,mail,1,29
WILSON,senate,4,mail,3,15
WILSON,senate,4,mail,4,36
WILSON,senate,4,mail,5,37
WILSON,senate,4,mail,6,34
WILSON,senate,4,mail,7,20
WILSON,senate,4,mail,8,61
WILSON,senate,4,mail,9,3
WILSON,senate,4,mail,11,31
WILSON,senate,4,mail,12,16
WILSON,senate,4,mail,13,23
WILSON,senate,4,mail,14,7
WILSON,senate,4,mail,15,40
WILSON,senate,4,mail,17,18
WILSON,senate,4,mail,18,16
WILSON,senate,4,mail,19,19
WILSON,senate,4,mail,20,11
WILSON,senate,4,mail,21,13
WILSON,senate,4,mail,22,23
WILSON,senate,4,mail,25,6
WILSON,senate,4,mail,26,18
WILSON,senate,4,mail,27,5
WILSON,senate,4,mail,28,8
WILSON,senate,4,mail,29,10
WILSON,senate,4,mail,32,8
WILSON,senate,4,mail,33,5
WILSON,senate,4,mail,34,11
WILSON,senate,4,mail,35,1
WILSON,senate,4,mail,36,6
WILSON,senate,4,mail,39,4
WILSON,senate,4,mail,40,5
WILSON,senate,4,mail,41,7
WILSON,senate,4,mail,42,3
WILSON,senate,4,mail,43,33
WILSON,senate,4,mail,47,5
WILSON,senate,4,mail,48,13
WILSON,senate,4,mail,49,2
WILSON,senate,4,mail,50,18
WILSON,senate,4,mail,55,1
YADKIN,house,77,inperson,3,421
YADKIN,house,77,inperson,4,532
YADKIN,house,77,inperson,5,452
YADKIN,house,77,inperson,6,327
YADKIN,house,77,inperson,7,409
YADKIN,house,77,inperson,8,308
YADKIN,house,77,inperson,11,333
YADKIN,house,77,inperson,12,308
YADKIN,house,77,inperson,13,300
YADKIN,house,77,inperson,14,307
YADKIN,house,77,inperson,15,330
YADKIN,house,77,inperson,18,320
YADKIN,house,77,inperson,19,345
YADKIN,house,77,mail,0,25
YADKIN,house,77,mail,1,26
YADKIN,house,77,mail,3,26
YADKIN,house,77,mail,4,19
YADKIN,house,77,mail,5,6
YADKIN,house,77,mail,6,21
YADKIN,house,77,mail,7,19
YADKIN,house,77,mail,8,29
YADKIN,house,77,mail,11,7
YADKIN,house,77,mail,12,14
YADKIN,house,77,mail,13,6
YADKIN,house,77,mail,14,4
YADKIN,house,77,mail,15,23
YADKIN,house,77,mail,18,7
YADKIN,house,77,mail,19,9
YADKIN,house,77,mail,20,16
YADKIN,house,77,mail,21,4
YADKIN,house,77,mail,22,14
YADKIN,house,77,mail,25,7
YADKIN,house,77,mail,26,9
YADKIN,house,77,mail,28,10
YADKIN,house,77,mail,29,4
YADKIN,house,77,mail,32,3
YADKIN,house,77,mail,33,6
YADKIN,house,77,mail,34,8
YADKIN,house,77,mail,35,3
YADKIN,house,77,mail,36,2
YADKIN,house,77,mail,39,2
YADKIN,house,77,mail,40,6
YADKIN,house,77,mail,41,2
YADKIN,house,77,mail,42,2
YADKIN,house,77,mail,43,6
YADKIN,house,77,mail,46,2
YADKIN,house,77,mail,47,3
YADKIN,house,77,mail,48,3
YADKIN,house,77,mail,50,8
YADKIN,house,77,mail,53,6
YADKIN,house,77,mail,54,4
YADKIN,house,77,mail,57,1
YADKIN,senate,36,inperson,3,421
YADKIN,senate,36,inperson,4,532
YADKIN,senate,36,inperson,5,452
YADKIN,senate,36,inperson,6,327
YADKIN,senate,36,inperson,7,409
YADKIN,senate,36,inperson,8,308
YADKIN,senate,36,inperson,11,333
YADKIN,senate,36,inperson,12,308
YADKIN,senate,36,inperson,13,300
YADKIN,senate,36,inperson,14,307
YADKIN,senate,36,inperson,15,330
YADKIN,senate,36,inperson,18,320
YADKIN,senate,36,inperson,19,345
YADKIN,senate,36,mail,0,25
YADKIN,senate,36,mail,1,26
YADKIN,senate,36,mail,3,26
YADKIN,senate,36,mail,4,19
YADKIN,senate,36,mail,5,6
YADKIN,senate,36,mail,6,21
YADKIN,senate,36,mail,7,19
YADKIN,senate,36,mail,8,29
YADKIN,senate,36,mail,11,7
YADKIN,senate,36,mail,12,14
YADKIN,senate,36,mail,13,6
YADKIN,senate,36,mail,14,4
YADKIN,senate,36,mail,15,23
YADKIN,senate,36,mail,18,7
YADKIN,senate,36,mail,19,9
YADKIN,senate,36,mail,20,16
YADKIN,senate,36,mail,21,4
YADKIN,senate,36,mail,22,14
YADKIN,senate,36,mail,25,7
YADKIN,senate,36,mail,26,9
YADKIN,senate,36,mail,28,10
YADKIN,senate,36,mail,29,4
YADKIN,senate,36,mail,32,3
YADKIN,senate,36,mail,33,6
YADKIN,senate,36,mail,34,8
YADKIN,senate,36,mail,35,3
YADKIN,senate,36,mail,36,2
YADKIN,senate,36,mail,39,2
YADKIN,senate,36,mail,40,6
YADKIN,senate,36,mail,41,2
YADKIN,senate,36,mail,42,2
YADKIN,senate,36,mail,43,6
YADKIN,senate,36,mail,46,2
YADKIN,senate,36,mail,47,3
YADKIN,senate,36,mail,48,3
YADKIN,senate,36,mail,50,8
YADKIN,senate,36,mail,53,6
YADKIN,senate,36,mail,54,4
YADKIN,senate,36,mail,57,1
YANCEY,house,85,inperson,3,472
YANCEY,house,85,inperson,4,565
YANCEY,house,85,inperson,5,401
YANCEY,house,85,inperson,6,383
YANCEY,house,85,inperson,7,396
YANCEY,house,85,inperson,8,398
YANCEY,house,85,inperson,11,452
YANCEY,house,85,inperson,12,371
YANCEY,house,85,inperson,13,374
YANCEY,house,85,inperson,14,440
YANCEY,house,85,inperson,15,410
YANCEY,house,85,inperson,18,370
YANCEY,house,85,inperson,19,394
YANCEY,house,85,mail,0,7
YANCEY,house,85,mail,1,50
YANCEY,house,85,mail,3,6
YANCEY,house,85,mail,4,10
YANCEY,house,85,mail,5,11
YANCEY,house,85,mail,6,12
YANCEY,house,85,mail,7,26
YANCEY,house,85,mail,8,27
YANCEY,house,85,mail,9,1
YANCEY,house,85,mail,11,27
YANCEY,house,85,mail,12,21
YANCEY,house,85,mail,13,3
YANCEY,house,85,mail,14,8
YANCEY,house,85,mail,15,19
YANCEY,house,85,mail,17,1
YANCEY,house,85,mail,18,2
YANCEY,house,85,mail,19,3
YANCEY,house,85,mail,20,25
YANCEY,house,85,mail,26,11
YANCEY,house,85,mail,27,1
YANCEY,house,85,mail,28,13
YANCEY,house,85,mail,29,10
YANCEY,house,85,mail,32,2
YANCEY,house,85,mail,33,1
YANCEY,house,85,mail,34,8
YANCEY,house,85,mail,35,15
YANCEY,house,85,mail,39,1
YANCEY,house,85,mail,40,1
YANCEY,house,85,mail,41,4
YANCEY,house,85,mail,42,2
YANCEY,house,85,mail,43,5
YANCEY,house,85,mail,46,4
YANCEY,house,85,mail,49,2
YANCEY,house,85,mail,50,2
YANCEY,house,85,mail,53,2
YANCEY,senate,47,inperson,3,472
YANCEY,senate,47,inperson,4,565
YANCEY,senate,47,inperson,5,401
YANCEY,senate,47,inperson,6,383
YANCEY,senate,47,inperson,7,396
YANCEY,senate,47,inperson,8,398
YANCEY,senate,47,inperson,11,452
YANCEY,senate,47,inperson,12,371
YANCEY,senate,47,inperson,13,374
YANCEY,senate,47,inperson,14,440
YANCEY,senate,47,inperson,15,410
YANCEY,senate,47,inperson,18,370
YANCEY,senate,47,inperson,19,394
YANCEY,senate,47,mail,0,7
YANCEY,senate,47,mail,1,50
YANCEY,senate,47,mail,3,6
YANCEY,senate,47,mail,4,10
YANCEY,senate,47,mail,5,11
YANCEY,senate,47,mail,6,12
YANCEY,senate,47,mail,7,26
YANCEY,senate,47,mail,8,27
YANCEY,senate,47,mail,9,1
YANCEY,senate,47,mail,11,27
YANCEY,senate,47,mail,12,21
YANCEY,senate,47,mail,13,3
YANCEY,senate,47,mail,14,8
YANCEY,senate,47,mail,15,19
YANCEY,senate,47,mail,17,1
YANCEY,senate,47,mail,18,2
YANCEY,senate,47,mail,19,3
YANCEY,senate,47,mail,20,25
YANCEY,senate,47,mail,26,11
YANCEY,senate,47,mail,27,1
YANCEY,senate,47,mail,28,13
YANCEY,senate,47,mail,29,10
YANCEY,senate,47,mail,32,2
YANCEY,senate,47,mail,33,1
YANCEY,senate,47,mail,34,8
YANCEY,senate,47,mail,35,15
YANCEY,senate,47,mail,39,1
YANCEY,senate,47,mail,40,1
YANCEY,senate,47,mail,41,4
YANCEY,senate,47,mail,42,2
YANCEY,senate,47,mail,43,5
YANCEY,senate,47,mail,46,4
YANCEY,senate,47,mail,49,2
YANCEY,senate,47,mail,50,2
YANCEY,senate,47,mail,53,2
