county,chamber,district,mode,days_out,ballots
ALAMANCE,house,63,inperson,3,1795
ALAMANCE,house,63,inperson,4,2335
ALAMANCE,house,63,inperson,5,1981
ALAMANCE,house,63,inperson,6,2076
ALAMANCE,house,63,inperson,7,2260
ALAMANCE,house,63,inperson,8,2321
ALAMANCE,house,63,inperson,9,735
ALAMANCE,house,63,inperson,10,1263
ALAMANCE,house,63,inperson,11,2263
ALAMANCE,house,63,inperson,12,2296
ALAMANCE,house,63,inperson,13,2364
ALAMANCE,house,63,inperson,14,2401
ALAMANCE,house,63,inperson,15,2362
ALAMANCE,house,63,inperson,17,1425
ALAMANCE,house,63,inperson,18,2269
ALAMANCE,house,63,inperson,19,2125
ALAMANCE,house,63,mail,0,181
ALAMANCE,house,63,mail,1,120
ALAMANCE,house,63,mail,2,1
ALAMANCE,house,63,mail,3,78
ALAMANCE,house,63,mail,4,138
ALAMANCE,house,63,mail,5,168
ALAMANCE,house,63,mail,6,135
ALAMANCE,house,63,mail,7,34
ALAMANCE,house,63,mail,8,122
ALAMANCE,house,63,mail,10,53
ALAMANCE,house,63,mail,11,162
ALAMANCE,house,63,mail,12,88
ALAMANCE,house,63,mail,13,56
ALAMANCE,house,63,mail,14,83
ALAMANCE,house,63,mail,15,43
ALAMANCE,house,63,mail,17,37
ALAMANCE,house,63,mail,18,38
ALAMANCE,house,63,mail,19,83
ALAMANCE,house,63,mail,20,45
ALAMANCE,house,63,mail,21,93
ALAMANCE,house,63,mail,22,33
ALAMANCE,house,63,mail,23,20
ALAMANCE,house,63,mail,25,29
ALAMANCE,house,63,mail,26,26
ALAMANCE,house,63,mail,27,34
ALAMANCE,house,63,mail,28,82
ALAMANCE,house,63,mail,29,19
ALAMANCE,house,63,mail,30,25
ALAMANCE,house,63,mail,32,45
ALAMANCE,house,63,mail,33,44
ALAMANCE,house,63,mail,34,53
ALAMANCE,house,63,mail,35,59
ALAMANCE,house,63,mail,36,3
ALAMANCE,house,63,mail,39,7
ALAMANCE,house,63,mail,40,13
ALAMANCE,house,63,mail,42,4
ALAMANCE,house,63,mail,43,8
ALAMANCE,house,64,inperson,3,1901
ALAMANCE,house,64,inperson,4,2337
ALAMANCE,house,64,inperson,5,1848
ALAMANCE,house,64,inperson,6,2044
ALAMANCE,house,64,inperson,7,2126
ALAMANCE,house,64,inperson,8,2310
ALAMANCE,house,64,inperson,9,805
ALAMANCE,house,64,inperson,10,1402
ALAMANCE,house,64,inperson,11,2308
ALAMANCE,house,64,inperson,12,2370
ALAMANCE,house,64,inperson,13,2464
ALAMANCE,house,64,inperson,14,2457
ALAMANCE,house,64,inperson,15,2338
ALAMANCE,house,64,inperson,17,1454
ALAMANCE,house,64,inperson,18,2253
ALAMANCE,house,64,inperson,19,2209
ALAMANCE,house,64,mail,0,198
ALAMANCE,house,64,mail,1,121
ALAMANCE,house,64,mail,2,1
ALAMANCE,house,64,mail,3,61
ALAMANCE,house,64,mail,4,133
ALAMANCE,house,64,mail,5,180
ALAMANCE,house,64,mail,6,134
ALAMANCE,house,64,mail,7,61
ALAMANCE,house,64,mail,8,129
ALAMANCE,house,64,mail,10,40
ALAMANCE,house,64,mail,11,140
ALAMANCE,house,64,mail,12,79
ALAMANCE,house,64,mail,13,49
ALAMANCE,house,64,mail,14,89
ALAMANCE,house,64,mail,15,21
ALAMANCE,house,64,mail,17,19
ALAMANCE,house,64,mail,18,59
ALAMANCE,house,64,mail,19,74
ALAMANCE,house,64,mail,20,12
ALAMANCE,house,64,mail,21,73
ALAMANCE,house,64,mail,22,26
ALAMANCE,house,64,mail,23,25
ALAMANCE,house,64,mail,25,34
ALAMANCE,house,64,mail,26,49
ALAMANCE,house,64,mail,27,24
ALAMANCE,house,64,mail,28,71
ALAMANCE,house,64,mail,29,27
ALAMANCE,house,64,mail,30,21
ALAMANCE,house,64,mail,32,28
ALAMANCE,house,64,mail,33,44
ALAMANCE,house,64,mail,34,57
ALAMANCE,house,64,mail,35,44
ALAMANCE,house,64,mail,36,1
ALAMANCE,house,64,mail,39,3
ALAMANCE,house,64,mail,40,5
ALAMANCE,house,64,mail,41,2
ALAMANCE,house,64,mail,42,2
ALAMANCE,house,64,mail,43,1
ALAMANCE,senate,25,inperson,3,3696
ALAMANCE,senate,25,inperson,4,4672
ALAMANCE,senate,25,inperson,5,3829
ALAMANCE,senate,25,inperson,6,4120
ALAMANCE,senate,25,inperson,7,4386
ALAMANCE,senate,25,inperson,8,4631
ALAMANCE,senate,25,inperson,9,1540
ALAMANCE,senate,25,inperson,10,2665
ALAMANCE,senate,25,inperson,11,4571
ALAMANCE,senate,25,inperson,12,4666
ALAMANCE,senate,25,inperson,13,4828
ALAMANCE,senate,25,inperson,14,4858
ALAMANCE,senate,25,inperson,15,4700
ALAMANCE,senate,25,inperson,17,2879
ALAMANCE,senate,25,inperson,18,4522
ALAMANCE,senate,25,inperson,19,4334
ALAMANCE,senate,25,mail,0,379
ALAMANCE,senate,25,mail,1,241
ALAMANCE,senate,25,mail,2,2
ALAMANCE,senate,25,mail,3,139
ALAMANCE,senate,25,mail,4,271
ALAMANCE,senate,25,mail,5,348
ALAMANCE,senate,25,mail,6,269
ALAMANCE,senate,25,mail,7,95
ALAMANCE,senate,25,mail,8,251
ALAMANCE,senate,25,mail,10,93
ALAMANCE,senate,25,mail,11,302
ALAMANCE,senate,25,mail,12,167
ALAMANCE,senate,25,mail,13,105
ALAMANCE,senate,25,mail,14,172
ALAMANCE,senate,25,mail,15,64
ALAMANCE,senate,25,mail,17,56
ALAMANCE,senate,25,mail,18,97
ALAMANCE,senate,25,mail,19,157
ALAMANCE,senate,25,mail,20,57
ALAMANCE,senate,25,mail,21,166
ALAMANCE,senate,25,mail,22,59
ALAMANCE,senate,25,mail,23,45
ALAMANCE,senate,25,mail,25,63
ALAMANCE,senate,25,mail,26,75
ALAMANCE,senate,25,mail,27,58
ALAMANCE,senate,25,mail,28,153
ALAMANCE,senate,25,mail,29,46
ALAMANCE,senate,25,mail,30,46
ALAMANCE,senate,25,mail,32,73
ALAMANCE,senate,25,mail,33,88
ALAMANCE,senate,25,mail,34,110
ALAMANCE,senate,25,mail,35,103
ALAMANCE,senate,25,mail,36,4
ALAMANCE,senate,25,mail,39,10
ALAMANCE,senate,25,mail,40,18
ALAMANCE,senate,25,mail,41,2
ALAMANCE,senate,25,mail,42,6
ALAMANCE,senate,25,mail,43,9
ALEXANDER,house,94,inperson,3,932
ALEXANDER,house,94,inperson,4,1187
ALEXANDER,house,94,inperson,5,753
ALEXANDER,house,94,inperson,6,809
ALEXANDER,house,94,inperson,7,899
ALEXANDER,house,94,inperson,8,1089
ALEXANDER,house,94,inperson,10,634
ALEXANDER,house,94,inperson,11,1125
ALEXANDER,house,94,inperson,12,943
ALEXANDER,house,94,inperson,13,1095
ALEXANDER,house,94,inperson,14,1332
ALEXANDER,house,94,inperson,15,1517
ALEXANDER,house,94,inperson,17,609
ALEXANDER,house,94,inperson,18,1658
ALEXANDER,house,94,inperson,19,1964
ALEXANDER,house,94,mail,0,26
ALEXANDER,house,94,mail,1,33
ALEXANDER,house,94,mail,3,24
ALEXANDER,house,94,mail,4,48
ALEXANDER,house,94,mail,5,31
ALEXANDER,house,94,mail,6,32
ALEXANDER,house,94,mail,7,17
ALEXANDER,house,94,mail,8,17
ALEXANDER,house,94,mail,10,11
ALEXANDER,house,94,mail,11,13
ALEXANDER,house,94,mail,12,22
ALEXANDER,house,94,mail,13,21
ALEXANDER,house,94,mail,14,14
ALEXANDER,house,94,mail,15,41
ALEXANDER,house,94,mail,16,2
ALEXANDER,house,94,mail,17,3
ALEXANDER,house,94,mail,18,15
ALEXANDER,house,94,mail,19,5
ALEXANDER,house,94,mail,20,10
ALEXANDER,house,94,mail,21,17
ALEXANDER,house,94,mail,22,8
ALEXANDER,house,94,mail,25,9
ALEXANDER,house,94,mail,26,8
ALEXANDER,house,94,mail,27,13
ALEXANDER,house,94,mail,28,6
ALEXANDER,house,94,mail,29,12
ALEXANDER,house,94,mail,32,6
ALEXANDER,house,94,mail,33,8
ALEXANDER,house,94,mail,34,4
ALEXANDER,house,94,mail,35,2
ALEXANDER,house,94,mail,36,6
ALEXANDER,house,94,mail,39,1
ALEXANDER,house,94,mail,40,1
ALEXANDER,house,94,mail,41,1
ALEXANDER,house,94,mail,42,5
ALEXANDER,senate,36,inperson,3,932
ALEXANDER,senate,36,inperson,4,1187
ALEXANDER,senate,36,inperson,5,753
ALEXANDER,senate,36,inperson,6,809
ALEXANDER,senate,36,inperson,7,899
ALEXANDER,senate,36,inperson,8,1089
ALEXANDER,senate,36,inperson,10,634
ALEXANDER,senate,36,inperson,11,1125
ALEXANDER,senate,36,inperson,12,943
ALEXANDER,senate,36,inperson,13,1095
ALEXANDER,senate,36,inperson,14,1332
ALEXANDER,senate,36,inperson,15,1517
ALEXANDER,senate,36,inperson,17,609
ALEXANDER,senate,36,inperson,18,1658
ALEXANDER,senate,36,inperson,19,1964
ALEXANDER,senate,36,mail,0,26
ALEXANDER,senate,36,mail,1,33
ALEXANDER,senate,36,mail,3,24
ALEXANDER,senate,36,mail,4,48
ALEXANDER,senate,36,mail,5,31
ALEXANDER,senate,36,mail,6,32
ALEXANDER,senate,36,mail,7,17
ALEXANDER,senate,36,mail,8,17
ALEXANDER,senate,36,mail,10,11
ALEXANDER,senate,36,mail,11,13
ALEXANDER,senate,36,mail,12,22
ALEXANDER,senate,36,mail,13,21
ALEXANDER,senate,36,mail,14,14
ALEXANDER,senate,36,mail,15,41
ALEXANDER,senate,36,mail,16,2
ALEXANDER,senate,36,mail,17,3
ALEXANDER,senate,36,mail,18,15
ALEXANDER,senate,36,mail,19,5
ALEXANDER,senate,36,mail,20,10
ALEXANDER,senate,36,mail,21,17
ALEXANDER,senate,36,mail,22,8
ALEXANDER,senate,36,mail,25,9
ALEXANDER,senate,36,mail,26,8
ALEXANDER,senate,36,mail,27,13
ALEXANDER,senate,36,mail,28,6
ALEXANDER,senate,36,mail,29,12
ALEXANDER,senate,36,mail,32,6
ALEXANDER,senate,36,mail,33,8
ALEXANDER,senate,36,mail,34,4
ALEXANDER,senate,36,mail,35,2
ALEXANDER,senate,36,mail,36,6
ALEXANDER,senate,36,mail,39,1
ALEXANDER,senate,36,mail,40,1
ALEXANDER,senate,36,mail,41,1
ALEXANDER,senate,36,mail,42,5
ALLEGHANY,house,93,inperson,3,235
ALLEGHANY,house,93,inperson,4,361
ALLEGHANY,house,93,inperson,5,220
ALLEGHANY,house,93,inperson,6,287
ALLEGHANY,house,93,inperson,7,236
ALLEGHANY,house,93,inperson,8,353
ALLEGHANY,house,93,inperson,11,405
ALLEGHANY,house,93,inperson,12,384
ALLEGHANY,house,93,inperson,13,377
ALLEGHANY,house,93,inperson,14,450
ALLEGHANY,house,93,inperson,15,506
ALLEGHANY,house,93,inperson,18,562
ALLEGHANY,house,93,inperson,19,579
ALLEGHANY,house,93,mail,0,16
ALLEGHANY,house,93,mail,1,9
ALLEGHANY,house,93,mail,3,13
ALLEGHANY,house,93,mail,4,17
ALLEGHANY,house,93,mail,5,8
ALLEGHANY,house,93,mail,6,10
ALLEGHANY,house,93,mail,7,4
ALLEGHANY,house,93,mail,8,22
ALLEGHANY,house,93,mail,11,14
ALLEGHANY,house,93,mail,12,8
ALLEGHANY,house,93,mail,13,8
ALLEGHANY,house,93,mail,14,13
ALLEGHANY,house,93,mail,15,5
ALLEGHANY,house,93,mail,18,5
ALLEGHANY,house,93,mail,19,16
ALLEGHANY,house,93,mail,21,19
ALLEGHANY,house,93,mail,22,13
ALLEGHANY,house,93,mail,25,4
ALLEGHANY,house,93,mail,26,4
ALLEGHANY,house,93,mail,27,4
ALLEGHANY,house,93,mail,28,2
ALLEGHANY,house,93,mail,29,3
ALLEGHANY,house,93,mail,32,5
ALLEGHANY,house,93,mail,33,2
ALLEGHANY,house,93,mail,34,7
ALLEGHANY,house,93,mail,35,5
ALLEGHANY,house,93,mail,36,4
ALLEGHANY,senate,47,inperson,3,235
ALLEGHANY,senate,47,inperson,4,361
ALLEGHANY,senate,47,inperson,5,220
ALLEGHANY,senate,47,inperson,6,287
ALLEGHANY,senate,47,inperson,7,236
ALLEGHANY,senate,47,inperson,8,353
ALLEGHANY,senate,47,inperson,11,405
ALLEGHANY,senate,47,inperson,12,384
ALLEGHANY,senate,47,inperson,13,377
ALLEGHANY,senate,47,inperson,14,450
ALLEGHANY,senate,47,inperson,15,506
ALLEGHANY,senate,47,inperson,18,562
ALLEGHANY,senate,47,inperson,19,579
ALLEGHANY,senate,47,mail,0,16
ALLEGHANY,senate,47,mail,1,9
ALLEGHANY,senate,47,mail,3,13
ALLEGHANY,senate,47,mail,4,17
ALLEGHANY,senate,47,mail,5,8
ALLEGHANY,senate,47,mail,6,10
ALLEGHANY,senate,47,mail,7,4
ALLEGHANY,senate,47,mail,8,22
ALLEGHANY,senate,47,mail,11,14
ALLEGHANY,senate,47,mail,12,8
ALLEGHANY,senate,47,mail,13,8
ALLEGHANY,senate,47,mail,14,13
ALLEGHANY,senate,47,mail,15,5
ALLEGHANY,senate,47,mail,18,5
ALLEGHANY,senate,47,mail,19,16
ALLEGHANY,senate,47,mail,21,19
ALLEGHANY,senate,47,mail,22,13
ALLEGHANY,senate,47,mail,25,4
ALLEGHANY,senate,47,mail,26,4
ALLEGHANY,senate,47,mail,27,4
ALLEGHANY,senate,47,mail,28,2
ALLEGHANY,senate,47,mail,29,3
ALLEGHANY,senate,47,mail,32,5
ALLEGHANY,senate,47,mail,33,2
ALLEGHANY,senate,47,mail,34,7
ALLEGHANY,senate,47,mail,35,5
ALLEGHANY,senate,47,mail,36,4
ANSON,house,55,inperson,3,434
ANSON,house,55,inperson,4,541
ANSON,house,55,inperson,5,378
ANSON,house,55,inperson,6,348
ANSON,house,55,inperson,7,408
ANSON,house,55,inperson,8,451
ANSON,house,55,inperson,9,179
ANSON,house,55,inperson,10,211
ANSON,house,55,inperson,11,474
ANSON,house,55,inperson,12,450
ANSON,house,55,inperson,13,469
ANSON,house,55,inperson,14,540
ANSON,house,55,inperson,15,642
ANSON,house,55,inperson,17,277
ANSON,house,55,inperson,18,585
ANSON,house,55,inperson,19,874
ANSON,house,55,mail,0,6
ANSON,house,55,mail,1,17
ANSON,house,55,mail,3,14
ANSON,house,55,mail,4,47
ANSON,house,55,mail,7,12
ANSON,house,55,mail,8,7
ANSON,house,55,mail,11,9
ANSON,house,55,mail,12,28
ANSON,house,55,mail,14,8
ANSON,house,55,mail,15,3
ANSON,house,55,mail,17,7
ANSON,house,55,mail,18,33
ANSON,house,55,mail,20,6
ANSON,house,55,mail,21,5
ANSON,house,55,mail,22,8
ANSON,house,55,mail,26,2
ANSON,house,55,mail,28,17
ANSON,house,55,mail,32,2
ANSON,house,55,mail,34,4
ANSON,senate,29,inperson,3,434
ANSON,senate,29,inperson,4,541
ANSON,senate,29,inperson,5,378
ANSON,senate,29,inperson,6,348
ANSON,senate,29,inperson,7,408
ANSON,senate,29,inperson,8,451
ANSON,senate,29,inperson,9,179
ANSON,senate,29,inperson,10,211
ANSON,senate,29,inperson,11,474
ANSON,senate,29,inperson,12,450
ANSON,senate,29,inperson,13,469
ANSON,senate,29,inperson,14,540
ANSON,senate,29,inperson,15,642
ANSON,senate,29,inperson,17,277
ANSON,senate,29,inperson,18,585
ANSON,senate,29,inperson,19,874
ANSON,senate,29,mail,0,6
ANSON,senate,29,mail,1,17
ANSON,senate,29,mail,3,14
ANSON,senate,29,mail,4,47
ANSON,senate,29,mail,7,12
ANSON,senate,29,mail,8,7
ANSON,senate,29,mail,11,9
ANSON,senate,29,mail,12,28
ANSON,senate,29,mail,14,8
ANSON,senate,29,mail,15,3
ANSON,senate,29,mail,17,7
ANSON,senate,29,mail,18,33
ANSON,senate,29,mail,20,6
ANSON,senate,29,mail,21,5
ANSON,senate,29,mail,22,8
ANSON,senate,29,mail,26,2
ANSON,senate,29,mail,28,17
ANSON,senate,29,mail,32,2
ANSON,senate,29,mail,34,4
ASHE,house,93,inperson,3,626
ASHE,house,93,inperson,4,819
ASHE,house,93,inperson,5,576
ASHE,house,93,inperson,6,653
ASHE,house,93,inperson,7,684
ASHE,house,93,inperson,8,802
ASHE,house,93,inperson,10,454
ASHE,house,93,inperson,11,863
ASHE,house,93,inperson,12,740
ASHE,house,93,inperson,13,828
ASHE,house,93,inperson,14,877
ASHE,house,93,inperson,15,935
ASHE,house,93,inperson,17,481
ASHE,house,93,inperson,18,1019
ASHE,house,93,inperson,19,981
ASHE,house,93,mail,0,28
ASHE,house,93,mail,1,43
ASHE,house,93,mail,3,19
ASHE,house,93,mail,4,37
ASHE,house,93,mail,5,43
ASHE,house,93,mail,6,31
ASHE,house,93,mail,7,23
ASHE,house,93,mail,8,32
ASHE,house,93,mail,10,27
ASHE,house,93,mail,11,14
ASHE,house,93,mail,12,31
ASHE,house,93,mail,13,16
ASHE,house,93,mail,14,26
ASHE,house,93,mail,15,44
ASHE,house,93,mail,18,13
ASHE,house,93,mail,19,17
ASHE,house,93,mail,20,25
ASHE,house,93,mail,21,35
ASHE,house,93,mail,22,4
ASHE,house,93,mail,24,5
ASHE,house,93,mail,25,18
ASHE,house,93,mail,26,10
ASHE,house,93,mail,27,17
ASHE,house,93,mail,28,19
ASHE,house,93,mail,29,18
ASHE,house,93,mail,32,2
ASHE,house,93,mail,33,3
ASHE,house,93,mail,34,7
ASHE,house,93,mail,35,2
ASHE,house,93,mail,43,3
ASHE,senate,47,inperson,3,626
ASHE,senate,47,inperson,4,819
ASHE,senate,47,inperson,5,576
ASHE,senate,47,inperson,6,653
ASHE,senate,47,inperson,7,684
ASHE,senate,47,inperson,8,802
ASHE,senate,47,inperson,10,454
ASHE,senate,47,inperson,11,863
ASHE,senate,47,inperson,12,740
ASHE,senate,47,inperson,13,828
ASHE,senate,47,inperson,14,877
ASHE,senate,47,inperson,15,935
ASHE,senate,47,inperson,17,481
ASHE,senate,47,inperson,18,1019
ASHE,senate,47,inperson,19,981
ASHE,senate,47,mail,0,28
ASHE,senate,47,mail,1,43
ASHE,senate,47,mail,3,19
ASHE,senate,47,mail,4,37
ASHE,senate,47,mail,5,43
ASHE,senate,47,mail,6,31
ASHE,senate,47,mail,7,23
ASHE,senate,47,mail,8,32
ASHE,senate,47,mail,10,27
ASHE,senate,47,mail,11,14
ASHE,senate,47,mail,12,31
ASHE,senate,47,mail,13,16
ASHE,senate,47,mail,14,26
ASHE,senate,47,mail,15,44
ASHE,senate,47,mail,18,13
ASHE,senate,47,mail,19,17
ASHE,senate,47,mail,20,25
ASHE,senate,47,mail,21,35
ASHE,senate,47,mail,22,4
ASHE,senate,47,mail,24,5
ASHE,senate,47,mail,25,18
ASHE,senate,47,mail,26,10
ASHE,senate,47,mail,27,17
ASHE,senate,47,mail,28,19
ASHE,senate,47,mail,29,18
ASHE,senate,47,mail,32,2
ASHE,senate,47,mail,33,3
ASHE,senate,47,mail,34,7
ASHE,senate,47,mail,35,2
ASHE,senate,47,mail,43,3
AVERY,house,85,inperson,3,488
AVERY,house,85,inperson,4,551
AVERY,house,85,inperson,5,348
AVERY,house,85,inperson,6,389
AVERY,house,85,inperson,7,414
AVERY,house,85,inperson,8,494
AVERY,house,85,inperson,11,453
AVERY,house,85,inperson,12,453
AVERY,house,85,inperson,13,466
AVERY,house,85,inperson,14,541
AVERY,house,85,inperson,15,558
AVERY,house,85,inperson,18,588
AVERY,house,85,inperson,19,618
AVERY,house,85,mail,0,25
AVERY,house,85,mail,1,37
AVERY,house,85,mail,3,68
AVERY,house,85,mail,4,19
AVERY,house,85,mail,5,4
AVERY,house,85,mail,6,8
AVERY,house,85,mail,7,12
AVERY,house,85,mail,8,63
AVERY,house,85,mail,11,3
AVERY,house,85,mail,12,25
AVERY,house,85,mail,13,20
AVERY,house,85,mail,14,43
AVERY,house,85,mail,15,3
AVERY,house,85,mail,18,21
AVERY,house,85,mail,19,12
AVERY,house,85,mail,20,4
AVERY,house,85,mail,21,16
AVERY,house,85,mail,22,1
AVERY,house,85,mail,23,3
AVERY,house,85,mail,25,6
AVERY,house,85,mail,26,9
AVERY,house,85,mail,27,2
AVERY,house,85,mail,28,2
AVERY,house,85,mail,29,5
AVERY,house,85,mail,32,3
AVERY,house,85,mail,42,2
AVERY,house,85,mail,43,1
AVERY,senate,47,inperson,3,488
AVERY,senate,47,inperson,4,551
AVERY,senate,47,inperson,5,348
AVERY,senate,47,inperson,6,389
AVERY,senate,47,inperson,7,414
AVERY,senate,47,inperson,8,494
AVERY,senate,47,inperson,11,453
AVERY,senate,47,inperson,12,453
AVERY,senate,47,inperson,13,466
AVERY,senate,47,inperson,14,541
AVERY,senate,47,inperson,15,558
AVERY,senate,47,inperson,18,588
AVERY,senate,47,inperson,19,618
AVERY,senate,47,mail,0,25
AVERY,senate,47,mail,1,37
AVERY,senate,47,mail,3,68
AVERY,senate,47,mail,4,19
AVERY,senate,47,mail,5,4
AVERY,senate,47,mail,6,8
AVERY,senate,47,mail,7,12
AVERY,senate,47,mail,8,63
AVERY,senate,47,mail,11,3
AVERY,senate,47,mail,12,25
AVERY,senate,47,mail,13,20
AVERY,senate,47,mail,14,43
AVERY,senate,47,mail,15,3
AVERY,senate,47,mail,18,21
AVERY,senate,47,mail,19,12
AVERY,senate,47,mail,20,4
AVERY,senate,47,mail,21,16
AVERY,senate,47,mail,22,1
AVERY,senate,47,mail,23,3
AVERY,senate,47,mail,25,6
AVERY,senate,47,mail,26,9
AVERY,senate,47,mail,27,2
AVERY,senate,47,mail,28,2
AVERY,senate,47,mail,29,5
AVERY,senate,47,mail,32,3
AVERY,senate,47,mail,42,2
AVERY,senate,47,mail,43,1
BEAUFORT,house,79,inperson,3,1170
BEAUFORT,house,79,inperson,4,1555
BEAUFORT,house,79,inperson,5,1224
BEAUFORT,house,79,inperson,6,1831
BEAUFORT,house,79,inperson,7,1068
BEAUFORT,house,79,inperson,8,1222
BEAUFORT,house,79,inperson,11,1351
BEAUFORT,house,79,inperson,12,1311
BEAUFORT,house,79,inperson,13,1430
BEAUFORT,house,79,inperson,14,1706
BEAUFORT,house,79,inperson,15,1860
BEAUFORT,house,79,inperson,18,1686
BEAUFORT,house,79,inperson,19,2011
BEAUFORT,house,79,mail,0,51
BEAUFORT,house,79,mail,1,75
BEAUFORT,house,79,mail,3,20
BEAUFORT,house,79,mail,4,64
BEAUFORT,house,79,mail,5,15
BEAUFORT,house,79,mail,6,50
BEAUFORT,house,79,mail,7,27
BEAUFORT,house,79,mail,8,74
BEAUFORT,house,79,mail,11,22
BEAUFORT,house,79,mail,12,49
BEAUFORT,house,79,mail,13,40
BEAUFORT,house,79,mail,14,50
BEAUFORT,house,79,mail,15,12
BEAUFORT,house,79,mail,18,32
BEAUFORT,house,79,mail,19,28
BEAUFORT,house,79,mail,20,15
BEAUFORT,house,79,mail,21,17
BEAUFORT,house,79,mail,22,21
BEAUFORT,house,79,mail,25,22
BEAUFORT,house,79,mail,26,23
BEAUFORT,house,79,mail,27,12
BEAUFORT,house,79,mail,28,22
BEAUFORT,house,79,mail,29,26
BEAUFORT,house,79,mail,32,12
BEAUFORT,house,79,mail,33,20
BEAUFORT,house,79,mail,34,14
BEAUFORT,house,79,mail,35,8
BEAUFORT,house,79,mail,36,19
BEAUFORT,house,79,mail,39,1
BEAUFORT,house,79,mail,41,4
BEAUFORT,house,79,mail,42,1
BEAUFORT,senate,3,inperson,3,1170
BEAUFORT,senate,3,inperson,4,1555
BEAUFORT,senate,3,inperson,5,1224
BEAUFORT,senate,3,inperson,6,1831
BEAUFORT,senate,3,inperson,7,1068
BEAUFORT,senate,3,inperson,8,1222
BEAUFORT,senate,3,inperson,11,1351
BEAUFORT,senate,3,inperson,12,1311
BEAUFORT,senate,3,inperson,13,1430
BEAUFORT,senate,3,inperson,14,1706
BEAUFORT,senate,3,inperson,15,1860
BEAUFORT,senate,3,inperson,18,1686
BEAUFORT,senate,3,inperson,19,2011
BEAUFORT,senate,3,mail,0,51
BEAUFORT,senate,3,mail,1,75
BEAUFORT,senate,3,mail,3,20
BEAUFORT,senate,3,mail,4,64
BEAUFORT,senate,3,mail,5,15
BEAUFORT,senate,3,mail,6,50
BEAUFORT,senate,3,mail,7,27
BEAUFORT,senate,3,mail,8,74
BEAUFORT,senate,3,mail,11,22
BEAUFORT,senate,3,mail,12,49
BEAUFORT,senate,3,mail,13,40
BEAUFORT,senate,3,mail,14,50
BEAUFORT,senate,3,mail,15,12
BEAUFORT,senate,3,mail,18,32
BEAUFORT,senate,3,mail,19,28
BEAUFORT,senate,3,mail,20,15
BEAUFORT,senate,3,mail,21,17
BEAUFORT,senate,3,mail,22,21
BEAUFORT,senate,3,mail,25,22
BEAUFORT,senate,3,mail,26,23
BEAUFORT,senate,3,mail,27,12
BEAUFORT,senate,3,mail,28,22
BEAUFORT,senate,3,mail,29,26
BEAUFORT,senate,3,mail,32,12
BEAUFORT,senate,3,mail,33,20
BEAUFORT,senate,3,mail,34,14
BEAUFORT,senate,3,mail,35,8
BEAUFORT,senate,3,mail,36,19
BEAUFORT,senate,3,mail,39,1
BEAUFORT,senate,3,mail,41,4
BEAUFORT,senate,3,mail,42,1
BERTIE,house,23,inperson,3,325
BERTIE,house,23,inperson,4,415
BERTIE,house,23,inperson,5,311
BERTIE,house,23,inperson,6,356
BERTIE,house,23,inperson,7,340
BERTIE,house,23,inperson,8,390
BERTIE,house,23,inperson,10,169
BERTIE,house,23,inperson,11,418
BERTIE,house,23,inperson,12,466
BERTIE,house,23,inperson,13,434
BERTIE,house,23,inperson,14,523
BERTIE,house,23,inperson,15,610
BERTIE,house,23,inperson,17,275
BERTIE,house,23,inperson,18,751
BERTIE,house,23,inperson,19,816
BERTIE,house,23,mail,0,18
BERTIE,house,23,mail,1,28
BERTIE,house,23,mail,3,6
BERTIE,house,23,mail,4,8
BERTIE,house,23,mail,5,9
BERTIE,house,23,mail,6,8
BERTIE,house,23,mail,7,7
BERTIE,house,23,mail,8,24
BERTIE,house,23,mail,11,1
BERTIE,house,23,mail,12,7
BERTIE,house,23,mail,13,6
BERTIE,house,23,mail,14,6
BERTIE,house,23,mail,15,8
BERTIE,house,23,mail,17,1
BERTIE,house,23,mail,18,9
BERTIE,house,23,mail,22,3
BERTIE,house,23,mail,26,2
BERTIE,house,23,mail,27,1
BERTIE,house,23,mail,28,3
BERTIE,house,23,mail,29,1
BERTIE,house,23,mail,33,1
BERTIE,house,23,mail,34,2
BERTIE,house,23,mail,35,2
BERTIE,senate,1,inperson,3,325
BERTIE,senate,1,inperson,4,415
BERTIE,senate,1,inperson,5,311
BERTIE,senate,1,inperson,6,356
BERTIE,senate,1,inperson,7,340
BERTIE,senate,1,inperson,8,390
BERTIE,senate,1,inperson,10,169
BERTIE,senate,1,inperson,11,418
BERTIE,senate,1,inperson,12,466
BERTIE,senate,1,inperson,13,434
BERTIE,senate,1,inperson,14,523
BERTIE,senate,1,inperson,15,610
BERTIE,senate,1,inperson,17,275
BERTIE,senate,1,inperson,18,751
BERTIE,senate,1,inperson,19,816
BERTIE,senate,1,mail,0,18
BERTIE,senate,1,mail,1,28
BERTIE,senate,1,mail,3,6
BERTIE,senate,1,mail,4,8
BERTIE,senate,1,mail,5,9
BERTIE,senate,1,mail,6,8
BERTIE,senate,1,mail,7,7
BERTIE,senate,1,mail,8,24
BERTIE,senate,1,mail,11,1
BERTIE,senate,1,mail,12,7
BERTIE,senate,1,mail,13,6
BERTIE,senate,1,mail,14,6
BERTIE,senate,1,mail,15,8
BERTIE,senate,1,mail,17,1
BERTIE,senate,1,mail,18,9
BERTIE,senate,1,mail,22,3
BERTIE,senate,1,mail,26,2
BERTIE,senate,1,mail,27,1
BERTIE,senate,1,mail,28,3
BERTIE,senate,1,mail,29,1
BERTIE,senate,1,mail,33,1
BERTIE,senate,1,mail,34,2
BERTIE,senate,1,mail,35,2
BLADEN,house,22,inperson,3,742
BLADEN,house,22,inperson,4,951
BLADEN,house,22,inperson,5,586
BLADEN,house,22,inperson,6,542
BLADEN,house,22,inperson,7,601
BLADEN,house,22,inperson,8,664
BLADEN,house,22,inperson,9,283
BLADEN,house,22,inperson,10,346
BLADEN,house,22,inperson,11,784
BLADEN,house,22,inperson,12,764
BLADEN,house,22,inperson,13,766
BLADEN,house,22,inperson,14,966
BLADEN,house,22,inperson,15,1091
BLADEN,house,22,inperson,16,390
BLADEN,house,22,inperson,17,497
BLADEN,house,22,inperson,18,1183
BLADEN,house,22,inperson,19,1531
BLADEN,house,22,mail,0,28
BLADEN,house,22,mail,1,18
BLADEN,house,22,mail,3,28
BLADEN,house,22,mail,4,16
BLADEN,house,22,mail,5,22
BLADEN,house,22,mail,6,29
BLADEN,house,22,mail,7,36
BLADEN,house,22,mail,8,29
BLADEN,house,22,mail,10,7
BLADEN,house,22,mail,11,15
BLADEN,house,22,mail,12,22
BLADEN,house,22,mail,13,23
BLADEN,house,22,mail,14,12
BLADEN,house,22,mail,15,42
BLADEN,house,22,mail,17,7
BLADEN,house,22,mail,18,21
BLADEN,house,22,mail,19,6
BLADEN,house,22,mail,20,5
BLADEN,house,22,mail,21,7
BLADEN,house,22,mail,22,15
BLADEN,house,22,mail,24,2
BLADEN,house,22,mail,25,6
BLADEN,house,22,mail,27,7
BLADEN,house,22,mail,28,8
BLADEN,house,22,mail,29,14
BLADEN,house,22,mail,31,4
BLADEN,house,22,mail,33,9
BLADEN,house,22,mail,34,1
BLADEN,house,22,mail,35,1
BLADEN,house,22,mail,36,2
BLADEN,house,22,mail,38,2
BLADEN,senate,9,inperson,3,742
BLADEN,senate,9,inperson,4,951
BLADEN,senate,9,inperson,5,586
BLADEN,senate,9,inperson,6,542
BLADEN,senate,9,inperson,7,601
BLADEN,senate,9,inperson,8,664
BLADEN,senate,9,inperson,9,283
BLADEN,senate,9,inperson,10,346
BLADEN,senate,9,inperson,11,784
BLADEN,senate,9,inperson,12,764
BLADEN,senate,9,inperson,13,766
BLADEN,senate,9,inperson,14,966
BLADEN,senate,9,inperson,15,1091
BLADEN,senate,9,inperson,16,390
BLADEN,senate,9,inperson,17,497
BLADEN,senate,9,inperson,18,1183
BLADEN,senate,9,inperson,19,1531
BLADEN,senate,9,mail,0,28
BLADEN,senate,9,mail,1,18
BLADEN,senate,9,mail,3,28
BLADEN,senate,9,mail,4,16
BLADEN,senate,9,mail,5,22
BLADEN,senate,9,mail,6,29
BLADEN,senate,9,mail,7,36
BLADEN,senate,9,mail,8,29
BLADEN,senate,9,mail,10,7
BLADEN,senate,9,mail,11,15
BLADEN,senate,9,mail,12,22
BLADEN,senate,9,mail,13,23
BLADEN,senate,9,mail,14,12
BLADEN,senate,9,mail,15,42
BLADEN,senate,9,mail,17,7
BLADEN,senate,9,mail,18,21
BLADEN,senate,9,mail,19,6
BLADEN,senate,9,mail,20,5
BLADEN,senate,9,mail,21,7
BLADEN,senate,9,mail,22,15
BLADEN,senate,9,mail,24,2
BLADEN,senate,9,mail,25,6
BLADEN,senate,9,mail,27,7
BLADEN,senate,9,mail,28,8
BLADEN,senate,9,mail,29,14
BLADEN,senate,9,mail,31,4
BLADEN,senate,9,mail,33,9
BLADEN,senate,9,mail,34,1
BLADEN,senate,9,mail,35,1
BLADEN,senate,9,mail,36,2
BLADEN,senate,9,mail,38,2
BRUNSWICK,house,17,inperson,3,2338
BRUNSWICK,house,17,inperson,4,3123
BRUNSWICK,house,17,inperson,5,2764
BRUNSWICK,house,17,inperson,6,3093
BRUNSWICK,house,17,inperson,7,3496
BRUNSWICK,house,17,inperson,8,3833
BRUNSWICK,house,17,inperson,9,1493
BRUNSWICK,house,17,inperson,10,1746
BRUNSWICK,house,17,inperson,11,4003
BRUNSWICK,house,17,inperson,12,4357
BRUNSWICK,house,17,inperson,13,4820
BRUNSWICK,house,17,inperson,14,4681
BRUNSWICK,house,17,inperson,15,4427
BRUNSWICK,house,17,inperson,16,1875
BRUNSWICK,house,17,inperson,17,2069
BRUNSWICK,house,17,inperson,18,4007
BRUNSWICK,house,17,inperson,19,3761
BRUNSWICK,house,17,mail,0,133
BRUNSWICK,house,17,mail,1,194
BRUNSWICK,house,17,mail,2,7
BRUNSWICK,house,17,mail,3,83
BRUNSWICK,house,17,mail,4,227
BRUNSWICK,house,17,mail,5,211
BRUNSWICK,house,17,mail,6,181
BRUNSWICK,house,17,mail,7,140
BRUNSWICK,house,17,mail,8,349
BRUNSWICK,house,17,mail,9,10
BRUNSWICK,house,17,mail,10,22
BRUNSWICK,house,17,mail,11,175
BRUNSWICK,house,17,mail,12,278
BRUNSWICK,house,17,mail,13,195
BRUNSWICK,house,17,mail,14,143
BRUNSWICK,house,17,mail,15,404
BRUNSWICK,house,17,mail,16,12
BRUNSWICK,house,17,mail,17,26
BRUNSWICK,house,17,mail,18,221
BRUNSWICK,house,17,mail,19,125
BRUNSWICK,house,17,mail,20,34
BRUNSWICK,house,17,mail,21,111
BRUNSWICK,house,17,mail,22,145
BRUNSWICK,house,17,mail,25,144
BRUNSWICK,house,17,mail,26,119
BRUNSWICK,house,17,mail,27,67
BRUNSWICK,house,17,mail,28,72
BRUNSWICK,house,17,mail,29,176
BRUNSWICK,house,17,mail,32,93
BRUNSWICK,house,17,mail,33,137
BRUNSWICK,house,17,mail,34,44
BRUNSWICK,house,17,mail,35,29
BRUNSWICK,house,17,mail,36,90
BRUNSWICK,house,17,mail,37,1
BRUNSWICK,house,17,mail,39,5
BRUNSWICK,house,17,mail,40,6
BRUNSWICK,house,17,mail,41,3
BRUNSWICK,house,17,mail,42,6
BRUNSWICK,house,17,mail,43,13
BRUNSWICK,house,19,inperson,3,1056
BRUNSWICK,house,19,inperson,4,1515
BRUNSWICK,house,19,inperson,5,1279
BRUNSWICK,house,19,inperson,6,1491
BRUNSWICK,house,19,inperson,7,1783
BRUNSWICK,house,19,inperson,8,2076
BRUNSWICK,house,19,inperson,9,720
BRUNSWICK,house,19,inperson,10,713
BRUNSWICK,house,19,inperson,11,2196
BRUNSWICK,house,19,inperson,12,2390
BRUNSWICK,house,19,inperson,13,2709
BRUNSWICK,house,19,inperson,14,2869
BRUNSWICK,house,19,inperson,15,2958
BRUNSWICK,house,19,inperson,16,967
BRUNSWICK,house,19,inperson,17,1245
BRUNSWICK,house,19,inperson,18,2891
BRUNSWICK,house,19,inperson,19,2924
BRUNSWICK,house,19,mail,0,60
BRUNSWICK,house,19,mail,1,97
BRUNSWICK,house,19,mail,2,6
BRUNSWICK,house,19,mail,3,67
BRUNSWICK,house,19,mail,4,123
BRUNSWICK,house,19,mail,5,129
BRUNSWICK,house,19,mail,6,115
BRUNSWICK,house,19,mail,7,73
BRUNSWICK,house,19,mail,8,209
BRUNSWICK,house,19,mail,9,4
BRUNSWICK,house,19,mail,10,3
BRUNSWICK,house,19,mail,11,77
BRUNSWICK,house,19,mail,12,118
BRUNSWICK,house,19,mail,13,133
BRUNSWICK,house,19,mail,14,94
BRUNSWICK,house,19,mail,15,219
BRUNSWICK,house,19,mail,16,6
BRUNSWICK,house,19,mail,17,12
BRUNSWICK,house,19,mail,18,91
BRUNSWICK,house,19,mail,19,70
BRUNSWICK,house,19,mail,20,27
BRUNSWICK,house,19,mail,21,33
BRUNSWICK,house,19,mail,22,102
BRUNSWICK,house,19,mail,25,106
BRUNSWICK,house,19,mail,26,65
BRUNSWICK,house,19,mail,27,40
BRUNSWICK,house,19,mail,28,47
BRUNSWICK,house,19,mail,29,134
BRUNSWICK,house,19,mail,32,104
BRUNSWICK,house,19,mail,33,45
BRUNSWICK,house,19,mail,34,29
BRUNSWICK,house,19,mail,35,13
BRUNSWICK,house,19,mail,36,63
BRUNSWICK,house,19,mail,39,1
BRUNSWICK,house,19,mail,40,4
BRUNSWICK,house,19,mail,41,6
BRUNSWICK,house,19,mail,42,5
BRUNSWICK,house,19,mail,43,11
BRUNSWICK,house,19,mail,46,2
BRUNSWICK,senate,8,inperson,3,3394
BRUNSWICK,senate,8,inperson,4,4638
BRUNSWICK,senate,8,inperson,5,4043
BRUNSWICK,senate,8,inperson,6,4584
BRUNSWICK,senate,8,inperson,7,5279
BRUNSWICK,senate,8,inperson,8,5909
BRUNSWICK,senate,8,inperson,9,2213
BRUNSWICK,senate,8,inperson,10,2459
BRUNSWICK,senate,8,inperson,11,6199
BRUNSWICK,senate,8,inperson,12,6747
BRUNSWICK,senate,8,inperson,13,7529
BRUNSWICK,senate,8,inperson,14,7550
BRUNSWICK,senate,8,inperson,15,7385
BRUNSWICK,senate,8,inperson,16,2842
BRUNSWICK,senate,8,inperson,17,3314
BRUNSWICK,senate,8,inperson,18,6898
BRUNSWICK,senate,8,inperson,19,6685
BRUNSWICK,senate,8,mail,0,193
BRUNSWICK,senate,8,mail,1,291
BRUNSWICK,senate,8,mail,2,13
BRUNSWICK,senate,8,mail,3,150
BRUNSWICK,senate,8,mail,4,350
BRUNSWICK,senate,8,mail,5,340
BRUNSWICK,senate,8,mail,6,296
BRUNSWICK,senate,8,mail,7,213
BRUNSWICK,senate,8,mail,8,558
BRUNSWICK,senate,8,mail,9,14
BRUNSWICK,senate,8,mail,10,25
BRUNSWICK,senate,8,mail,11,252
BRUNSWICK,senate,8,mail,12,396
BRUNSWICK,senate,8,mail,13,328
BRUNSWICK,senate,8,mail,14,237
BRUNSWICK,senate,8,mail,15,623
BRUNSWICK,senate,8,mail,16,18
BRUNSWICK,senate,8,mail,17,38
BRUNSWICK,senate,8,mail,18,312
BRUNSWICK,senate,8,mail,19,195
BRUNSWICK,senate,8,mail,20,61
BRUNSWICK,senate,8,mail,21,144
BRUNSWICK,senate,8,mail,22,247
BRUNSWICK,senate,8,mail,25,250
BRUNSWICK,senate,8,mail,26,184
BRUNSWICK,senate,8,mail,27,107
BRUNSWICK,senate,8,mail,28,119
BRUNSWICK,senate,8,mail,29,310
BRUNSWICK,senate,8,mail,32,197
BRUNSWICK,senate,8,mail,33,182
BRUNSWICK,senate,8,mail,34,73
BRUNSWICK,senate,8,mail,35,42
BRUNSWICK,senate,8,mail,36,153
BRUNSWICK,senate,8,mail,37,1
BRUNSWICK,senate,8,mail,39,6
BRUNSWICK,senate,8,mail,40,10
BRUNSWICK,senate,8,mail,41,9
BRUNSWICK,senate,8,mail,42,11
BRUNSWICK,senate,8,mail,43,24
BRUNSWICK,senate,8,mail,46,2
BUNCOMBE,house,114,inperson,3,2358
BUNCOMBE,house,114,inperson,4,2724
BUNCOMBE,house,114,inperson,5,2357
BUNCOMBE,house,114,inperson,6,2481
BUNCOMBE,house,114,inperson,7,2438
BUNCOMBE,house,114,inperson,8,2463
BUNCOMBE,house,114,inperson,9,2094
BUNCOMBE,house,114,inperson,10,2345
BUNCOMBE,house,114,inperson,11,2676
BUNCOMBE,house,114,inperson,12,2714
BUNCOMBE,house,114,inperson,13,2652
BUNCOMBE,house,114,inperson,14,2585
BUNCOMBE,house,114,inperson,15,2448
BUNCOMBE,house,114,inperson,16,1770
BUNCOMBE,house,114,inperson,17,2228
BUNCOMBE,house,114,inperson,18,2376
BUNCOMBE,house,114,inperson,19,2310
BUNCOMBE,house,114,mail,0,248
BUNCOMBE,house,114,mail,1,288
BUNCOMBE,house,114,mail,3,201
BUNCOMBE,house,114,mail,4,210
BUNCOMBE,house,114,mail,5,244
BUNCOMBE,house,114,mail,6,239
BUNCOMBE,house,114,mail,7,236
BUNCOMBE,house,114,mail,8,351
BUNCOMBE,house,114,mail,9,34
BUNCOMBE,house,114,mail,10,69
BUNCOMBE,house,114,mail,11,220
BUNCOMBE,house,114,mail,12,248
BUNCOMBE,house,114,mail,13,260
BUNCOMBE,house,114,mail,14,166
BUNCOMBE,house,114,mail,15,166
BUNCOMBE,house,114,mail,16,17
BUNCOMBE,house,114,mail,17,111
BUNCOMBE,house,114,mail,18,170
BUNCOMBE,house,114,mail,19,158
BUNCOMBE,house,114,mail,20,123
BUNCOMBE,house,114,mail,21,89
BUNCOMBE,house,114,mail,22,40
BUNCOMBE,house,114,mail,23,2
BUNCOMBE,house,114,mail,24,49
BUNCOMBE,house,114,mail,25,67
BUNCOMBE,house,114,mail,26,136
BUNCOMBE,house,114,mail,27,89
BUNCOMBE,house,114,mail,28,36
BUNCOMBE,house,114,mail,29,44
BUNCOMBE,house,114,mail,30,6
BUNCOMBE,house,114,mail,31,18
BUNCOMBE,house,114,mail,32,31
BUNCOMBE,house,114,mail,33,8
BUNCOMBE,house,114,mail,34,4
BUNCOMBE,house,114,mail,35,7
BUNCOMBE,house,114,mail,36,8
BUNCOMBE,house,114,mail,37,4
BUNCOMBE,house,114,mail,38,1
BUNCOMBE,house,114,mail,39,6
BUNCOMBE,house,114,mail,40,6
BUNCOMBE,house,114,mail,41,12
BUNCOMBE,house,114,mail,42,18
BUNCOMBE,house,114,mail,43,16
BUNCOMBE,house,114,mail,44,14
BUNCOMBE,house,114,mail,45,9
BUNCOMBE,house,114,mail,46,5
BUNCOMBE,house,115,inperson,3,2344
BUNCOMBE,house,115,inperson,4,2524
BUNCOMBE,house,115,inperson,5,2218
BUNCOMBE,house,115,inperson,6,2246
BUNCOMBE,house,115,inperson,7,2364
BUNCOMBE,house,115,inperson,8,2346
BUNCOMBE,house,115,inperson,9,1965
BUNCOMBE,house,115,inperson,10,2227
BUNCOMBE,house,115,inperson,11,2503
BUNCOMBE,house,115,inperson,12,2391
BUNCOMBE,house,115,inperson,13,2368
BUNCOMBE,house,115,inperson,14,2509
BUNCOMBE,house,115,inperson,15,2402
BUNCOMBE,house,115,inperson,16,1557
BUNCOMBE,house,115,inperson,17,1982
BUNCOMBE,house,115,inperson,18,2260
BUNCOMBE,house,115,inperson,19,2086
BUNCOMBE,house,115,mail,0,211
BUNCOMBE,house,115,mail,1,184
BUNCOMBE,house,115,mail,2,1
BUNCOMBE,house,115,mail,3,158
BUNCOMBE,house,115,mail,4,151
BUNCOMBE,house,115,mail,5,152
BUNCOMBE,house,115,mail,6,133
BUNCOMBE,house,115,mail,7,184
BUNCOMBE,house,115,mail,8,216
BUNCOMBE,house,115,mail,9,12
BUNCOMBE,house,115,mail,10,58
BUNCOMBE,house,115,mail,11,164
BUNCOMBE,house,115,mail,12,147
BUNCOMBE,house,115,mail,13,124
BUNCOMBE,house,115,mail,14,73
BUNCOMBE,house,115,mail,15,101
BUNCOMBE,house,115,mail,16,15
BUNCOMBE,house,115,mail,17,68
BUNCOMBE,house,115,mail,18,74
BUNCOMBE,house,115,mail,19,115
BUNCOMBE,house,115,mail,20,33
BUNCOMBE,house,115,mail,21,55
BUNCOMBE,house,115,mail,22,16
BUNCOMBE,house,115,mail,23,2
BUNCOMBE,house,115,mail,24,30
BUNCOMBE,house,115,mail,25,53
BUNCOMBE,house,115,mail,26,69
BUNCOMBE,house,115,mail,27,72
BUNCOMBE,house,115,mail,28,23
BUNCOMBE,house,115,mail,29,25
BUNCOMBE,house,115,mail,30,1
BUNCOMBE,house,115,mail,31,13
BUNCOMBE,house,115,mail,32,28
BUNCOMBE,house,115,mail,33,13
BUNCOMBE,house,115,mail,34,3
BUNCOMBE,house,115,mail,35,4
BUNCOMBE,house,115,mail,36,4
BUNCOMBE,house,115,mail,37,2
BUNCOMBE,house,115,mail,38,3
BUNCOMBE,house,115,mail,39,1
BUNCOMBE,house,115,mail,40,7
BUNCOMBE,house,115,mail,41,8
BUNCOMBE,house,115,mail,42,5
BUNCOMBE,house,115,mail,43,16
BUNCOMBE,house,115,mail,44,6
BUNCOMBE,house,115,mail,45,6
BUNCOMBE,house,115,mail,46,6
BUNCOMBE,house,116,inperson,3,2310
BUNCOMBE,house,116,inperson,4,2564
BUNCOMBE,house,116,inperson,5,2135
BUNCOMBE,house,116,inperson,6,2205
BUNCOMBE,house,116,inperson,7,2300
BUNCOMBE,house,116,inperson,8,2093
BUNCOMBE,house,116,inperson,9,1667
BUNCOMBE,house,116,inperson,10,2038
BUNCOMBE,house,116,inperson,11,2273
BUNCOMBE,house,116,inperson,12,2241
BUNCOMBE,house,116,inperson,13,2279
BUNCOMBE,house,116,inperson,14,2288
BUNCOMBE,house,116,inperson,15,2311
BUNCOMBE,house,116,inperson,16,1528
BUNCOMBE,house,116,inperson,17,2059
BUNCOMBE,house,116,inperson,18,2244
BUNCOMBE,house,116,inperson,19,2117
BUNCOMBE,house,116,mail,0,405
BUNCOMBE,house,116,mail,1,387
BUNCOMBE,house,116,mail,3,237
BUNCOMBE,house,116,mail,4,218
BUNCOMBE,house,116,mail,5,318
BUNCOMBE,house,116,mail,6,199
BUNCOMBE,house,116,mail,7,251
BUNCOMBE,house,116,mail,8,444
BUNCOMBE,house,116,mail,9,17
BUNCOMBE,house,116,mail,10,57
BUNCOMBE,house,116,mail,11,263
BUNCOMBE,house,116,mail,12,240
BUNCOMBE,house,116,mail,13,217
BUNCOMBE,house,116,mail,14,173
BUNCOMBE,house,116,mail,15,198
BUNCOMBE,house,116,mail,16,21
BUNCOMBE,house,116,mail,17,102
BUNCOMBE,house,116,mail,18,100
BUNCOMBE,house,116,mail,19,130
BUNCOMBE,house,116,mail,20,85
BUNCOMBE,house,116,mail,21,99
BUNCOMBE,house,116,mail,22,43
BUNCOMBE,house,116,mail,23,7
BUNCOMBE,house,116,mail,24,30
BUNCOMBE,house,116,mail,25,109
BUNCOMBE,house,116,mail,26,135
BUNCOMBE,house,116,mail,27,61
BUNCOMBE,house,116,mail,28,43
BUNCOMBE,house,116,mail,29,42
BUNCOMBE,house,116,mail,30,3
BUNCOMBE,house,116,mail,31,15
BUNCOMBE,house,116,mail,32,23
BUNCOMBE,house,116,mail,33,15
BUNCOMBE,house,116,mail,34,5
BUNCOMBE,house,116,mail,35,8
BUNCOMBE,house,116,mail,36,16
BUNCOMBE,house,116,mail,37,5
BUNCOMBE,house,116,mail,38,6
BUNCOMBE,house,116,mail,39,9
BUNCOMBE,house,116,mail,40,25
BUNCOMBE,house,116,mail,41,21
BUNCOMBE,house,116,mail,42,16
BUNCOMBE,house,116,mail,43,15
BUNCOMBE,house,116,mail,44,11
BUNCOMBE,house,116,mail,45,25
BUNCOMBE,house,116,mail,46,4
BUNCOMBE,senate,46,inperson,3,1708
BUNCOMBE,senate,46,inperson,4,1930
BUNCOMBE,senate,46,inperson,5,1624
BUNCOMBE,senate,46,inperson,6,1688
BUNCOMBE,senate,46,inperson,7,1701
BUNCOMBE,senate,46,inperson,8,1804
BUNCOMBE,senate,46,inperson,9,1404
BUNCOMBE,senate,46,inperson,10,1670
BUNCOMBE,senate,46,inperson,11,1916
BUNCOMBE,senate,46,inperson,12,1740
BUNCOMBE,senate,46,inperson,13,1704
BUNCOMBE,senate,46,inperson,14,1791
BUNCOMBE,senate,46,inperson,15,1774
BUNCOMBE,senate,46,inperson,16,1011
BUNCOMBE,senate,46,inperson,17,1519
BUNCOMBE,senate,46,inperson,18,1650
BUNCOMBE,senate,46,inperson,19,1496
BUNCOMBE,senate,46,mail,0,144
BUNCOMBE,senate,46,mail,1,132
BUNCOMBE,senate,46,mail,3,111
BUNCOMBE,senate,46,mail,4,99
BUNCOMBE,senate,46,mail,5,107
BUNCOMBE,senate,46,mail,6,94
BUNCOMBE,senate,46,mail,7,148
BUNCOMBE,senate,46,mail,8,163
BUNCOMBE,senate,46,mail,9,9
BUNCOMBE,senate,46,mail,10,28
BUNCOMBE,senate,46,mail,11,106
BUNCOMBE,senate,46,mail,12,143
BUNCOMBE,senate,46,mail,13,85
BUNCOMBE,senate,46,mail,14,44
BUNCOMBE,senate,46,mail,15,97
BUNCOMBE,senate,46,mail,16,15
BUNCOMBE,senate,46,mail,17,45
BUNCOMBE,senate,46,mail,18,53
BUNCOMBE,senate,46,mail,19,74
BUNCOMBE,senate,46,mail,20,20
BUNCOMBE,senate,46,mail,21,39
BUNCOMBE,senate,46,mail,22,27
BUNCOMBE,senate,46,mail,23,1
BUNCOMBE,senate,46,mail,24,27
BUNCOMBE,senate,46,mail,25,29
BUNCOMBE,senate,46,mail,26,52
BUNCOMBE,senate,46,mail,27,42
BUNCOMBE,senate,46,mail,28,9
BUNCOMBE,senate,46,mail,29,15
BUNCOMBE,senate,46,mail,30,1
BUNCOMBE,senate,46,mail,31,9
BUNCOMBE,senate,46,mail,32,6
BUNCOMBE,senate,46,mail,33,6
BUNCOMBE,senate,46,mail,34,2
BUNCOMBE,senate,46,mail,35,4
BUNCOMBE,senate,46,mail,36,2
BUNCOMBE,senate,46,mail,37,1
BUNCOMBE,senate,46,mail,38,2
BUNCOMBE,senate,46,mail,39,1
BUNCOMBE,senate,46,mail,40,7
BUNCOMBE,senate,46,mail,41,5
BUNCOMBE,senate,46,mail,42,6
BUNCOMBE,senate,46,mail,43,6
BUNCOMBE,senate,46,mail,44,4
BUNCOMBE,senate,46,mail,45,8
BUNCOMBE,senate,46,mail,46,6
BUNCOMBE,senate,49,inperson,3,5304
BUNCOMBE,senate,49,inperson,4,5882
BUNCOMBE,senate,49,inperson,5,5086
BUNCOMBE,senate,49,inperson,6,5244
BUNCOMBE,senate,49,inperson,7,5401
BUNCOMBE,senate,49,inperson,8,5098
BUNCOMBE,senate,49,inperson,9,4322
BUNCOMBE,senate,49,inperson,10,4940
BUNCOMBE,senate,49,inperson,11,5536
BUNCOMBE,senate,49,inperson,12,5606
BUNCOMBE,senate,49,inperson,13,5595
BUNCOMBE,senate,49,inperson,14,5591
BUNCOMBE,senate,49,inperson,15,5387
BUNCOMBE,senate,49,inperson,16,3844
BUNCOMBE,senate,49,inperson,17,4750
BUNCOMBE,senate,49,inperson,18,5230
BUNCOMBE,senate,49,inperson,19,5017
BUNCOMBE,senate,49,mail,0,720
BUNCOMBE,senate,49,mail,1,727
BUNCOMBE,senate,49,mail,2,1
BUNCOMBE,senate,49,mail,3,485
BUNCOMBE,senate,49,mail,4,480
BUNCOMBE,senate,49,mail,5,607
BUNCOMBE,senate,49,mail,6,477
BUNCOMBE,senate,49,mail,7,523
BUNCOMBE,senate,49,mail,8,848
BUNCOMBE,senate,49,mail,9,54
BUNCOMBE,senate,49,mail,10,156
BUNCOMBE,senate,49,mail,11,541
BUNCOMBE,senate,49,mail,12,492
BUNCOMBE,senate,49,mail,13,516
BUNCOMBE,senate,49,mail,14,368
BUNCOMBE,senate,49,mail,15,368
BUNCOMBE,senate,49,mail,16,38
BUNCOMBE,senate,49,mail,17,236
BUNCOMBE,senate,49,mail,18,291
BUNCOMBE,senate,49,mail,19,329
BUNCOMBE,senate,49,mail,20,221
BUNCOMBE,senate,49,mail,21,204
BUNCOMBE,senate,49,mail,22,72
BUNCOMBE,senate,49,mail,23,10
BUNCOMBE,senate,49,mail,24,82
BUNCOMBE,senate,49,mail,25,200
BUNCOMBE,senate,49,mail,26,288
BUNCOMBE,senate,49,mail,27,180
BUNCOMBE,senate,49,mail,28,93
BUNCOMBE,senate,49,mail,29,96
BUNCOMBE,senate,49,mail,30,9
BUNCOMBE,senate,49,mail,31,37
BUNCOMBE,senate,49,mail,32,76
BUNCOMBE,senate,49,mail,33,30
BUNCOMBE,senate,49,mail,34,10
BUNCOMBE,senate,49,mail,35,15
BUNCOMBE,senate,49,mail,36,26
BUNCOMBE,senate,49,mail,37,10
BUNCOMBE,senate,49,mail,38,8
BUNCOMBE,senate,49,mail,39,15
BUNCOMBE,senate,49,mail,40,31
BUNCOMBE,senate,49,mail,41,36
BUNCOMBE,senate,49,mail,42,33
BUNCOMBE,senate,49,mail,43,41
BUNCOMBE,senate,49,mail,44,27
BUNCOMBE,senate,49,mail,45,32
BUNCOMBE,senate,49,mail,46,9
BURKE,house,86,inperson,3,1651
BURKE,house,86,inperson,4,2396
BURKE,house,86,inperson,5,1661
BURKE,house,86,inperson,6,1876
BURKE,house,86,inperson,7,2171
BURKE,house,86,inperson,8,2452
BURKE,house,86,inperson,10,1321
BURKE,house,86,inperson,11,2516
BURKE,house,86,inperson,12,2496
BURKE,house,86,inperson,13,2772
BURKE,house,86,inperson,14,2985
BURKE,house,86,inperson,15,3213
BURKE,house,86,inperson,17,1535
BURKE,house,86,inperson,18,3177
BURKE,house,86,inperson,19,3274
BURKE,house,86,mail,0,102
BURKE,house,86,mail,1,23
BURKE,house,86,mail,2,1
BURKE,house,86,mail,3,100
BURKE,house,86,mail,4,93
BURKE,house,86,mail,5,144
BURKE,house,86,mail,6,30
BURKE,house,86,mail,7,206
BURKE,house,86,mail,8,12
BURKE,house,86,mail,10,3
BURKE,house,86,mail,11,53
BURKE,house,86,mail,12,200
BURKE,house,86,mail,13,3
BURKE,house,86,mail,14,119
BURKE,house,86,mail,15,45
BURKE,house,86,mail,17,20
BURKE,house,86,mail,18,123
BURKE,house,86,mail,19,25
BURKE,house,86,mail,20,18
BURKE,house,86,mail,21,16
BURKE,house,86,mail,22,8
BURKE,house,86,mail,25,48
BURKE,house,86,mail,26,21
BURKE,house,86,mail,27,55
BURKE,house,86,mail,28,7
BURKE,house,86,mail,29,36
BURKE,house,86,mail,32,23
BURKE,house,86,mail,33,3
BURKE,house,86,mail,34,17
BURKE,house,86,mail,40,28
BURKE,house,86,mail,41,1
BURKE,house,86,mail,43,1
BURKE,senate,46,inperson,3,1651
BURKE,senate,46,inperson,4,2396
BURKE,senate,46,inperson,5,1661
BURKE,senate,46,inperson,6,1876
BURKE,senate,46,inperson,7,2171
BURKE,senate,46,inperson,8,2452
BURKE,senate,46,inperson,10,1321
BURKE,senate,46,inperson,11,2516
BURKE,senate,46,inperson,12,2496
BURKE,senate,46,inperson,13,2772
BURKE,senate,46,inperson,14,2985
BURKE,senate,46,inperson,15,3213
BURKE,senate,46,inperson,17,1535
BURKE,senate,46,inperson,18,3177
BURKE,senate,46,inperson,19,3274
BURKE,senate,46,mail,0,102
BURKE,senate,46,mail,1,23
BURKE,senate,46,mail,2,1
BURKE,senate,46,mail,3,100
BURKE,senate,46,mail,4,93
BURKE,senate,46,mail,5,144
BURKE,senate,46,mail,6,30
BURKE,senate,46,mail,7,206
BURKE,senate,46,mail,8,12
BURKE,senate,46,mail,10,3
BURKE,senate,46,mail,11,53
BURKE,senate,46,mail,12,200
BURKE,senate,46,mail,13,3
BURKE,senate,46,mail,14,119
BURKE,senate,46,mail,15,45
BURKE,senate,46,mail,17,20
BURKE,senate,46,mail,18,123
BURKE,senate,46,mail,19,25
BURKE,senate,46,mail,20,18
BURKE,senate,46,mail,21,16
BURKE,senate,46,mail,22,8
BURKE,senate,46,mail,25,48
BURKE,senate,46,mail,26,21
BURKE,senate,46,mail,27,55
BURKE,senate,46,mail,28,7
BURKE,senate,46,mail,29,36
BURKE,senate,46,mail,32,23
BURKE,senate,46,mail,33,3
BURKE,senate,46,mail,34,17
BURKE,senate,46,mail,40,28
BURKE,senate,46,mail,41,1
BURKE,senate,46,mail,43,1
CABARRUS,house,73,inperson,3,1779
CABARRUS,house,73,inperson,4,2208
CABARRUS,house,73,inperson,5,2047
CABARRUS,house,73,inperson,6,2115
CABARRUS,house,73,inperson,7,2153
CABARRUS,house,73,inperson,8,2358
CABARRUS,house,73,inperson,9,924
CABARRUS,house,73,inperson,11,2166
CABARRUS,house,73,inperson,12,2172
CABARRUS,house,73,inperson,13,2348
CABARRUS,house,73,inperson,14,2348
CABARRUS,house,73,inperson,15,2362
CABARRUS,house,73,inperson,17,1594
CABARRUS,house,73,inperson,18,2290
CABARRUS,house,73,inperson,19,2059
CABARRUS,house,73,mail,0,343
CABARRUS,house,73,mail,1,42
CABARRUS,house,73,mail,2,102
CABARRUS,house,73,mail,3,78
CABARRUS,house,73,mail,4,178
CABARRUS,house,73,mail,5,170
CABARRUS,house,73,mail,6,116
CABARRUS,house,73,mail,7,103
CABARRUS,house,73,mail,8,48
CABARRUS,house,73,mail,9,84
CABARRUS,house,73,mail,10,1
CABARRUS,house,73,mail,11,108
CABARRUS,house,73,mail,12,99
CABARRUS,house,73,mail,13,114
CABARRUS,house,73,mail,14,89
CABARRUS,house,73,mail,15,77
CABARRUS,house,73,mail,16,2
CABARRUS,house,73,mail,17,61
CABARRUS,house,73,mail,18,66
CABARRUS,house,73,mail,19,95
CABARRUS,house,73,mail,20,39
CABARRUS,house,73,mail,21,36
CABARRUS,house,73,mail,22,132
CABARRUS,house,73,mail,24,2
CABARRUS,house,73,mail,25,50
CABARRUS,house,73,mail,26,37
CABARRUS,house,73,mail,27,69
CABARRUS,house,73,mail,28,37
CABARRUS,house,73,mail,29,96
CABARRUS,house,73,mail,30,3
CABARRUS,house,73,mail,31,1
CABARRUS,house,73,mail,32,33
CABARRUS,house,73,mail,33,40
CABARRUS,house,73,mail,34,29
CABARRUS,house,73,mail,35,41
CABARRUS,house,73,mail,36,37
CABARRUS,house,73,mail,37,1
CABARRUS,house,73,mail,39,10
CABARRUS,house,73,mail,40,5
CABARRUS,house,73,mail,41,2
CABARRUS,house,73,mail,42,1
CABARRUS,house,73,mail,43,5
CABARRUS,house,82,inperson,3,2065
CABARRUS,house,82,inperson,4,2865
CABARRUS,house,82,inperson,5,2143
CABARRUS,house,82,inperson,6,2319
CABARRUS,house,82,inperson,7,2372
CABARRUS,house,82,inperson,8,2647
CABARRUS,house,82,inperson,9,1420
CABARRUS,house,82,inperson,11,2568
CABARRUS,house,82,inperson,12,2367
CABARRUS,house,82,inperson,13,2334
CABARRUS,house,82,inperson,14,2481
CABARRUS,house,82,inperson,15,2618
CABARRUS,house,82,inperson,17,1766
CABARRUS,house,82,inperson,18,2698
CABARRUS,house,82,inperson,19,2489
CABARRUS,house,82,mail,0,413
CABARRUS,house,82,mail,1,48
CABARRUS,house,82,mail,2,90
CABARRUS,house,82,mail,3,158
CABARRUS,house,82,mail,4,255
CABARRUS,house,82,mail,5,225
CABARRUS,house,82,mail,6,194
CABARRUS,house,82,mail,7,184
CABARRUS,house,82,mail,8,64
CABARRUS,house,82,mail,9,55
CABARRUS,house,82,mail,10,2
CABARRUS,house,82,mail,11,112
CABARRUS,house,82,mail,12,198
CABARRUS,house,82,mail,13,133
CABARRUS,house,82,mail,14,77
CABARRUS,house,82,mail,15,103
CABARRUS,house,82,mail,16,2
CABARRUS,house,82,mail,17,104
CABARRUS,house,82,mail,18,94
CABARRUS,house,82,mail,19,201
CABARRUS,house,82,mail,20,41
CABARRUS,house,82,mail,21,66
CABARRUS,house,82,mail,22,125
CABARRUS,house,82,mail,23,3
CABARRUS,house,82,mail,25,34
CABARRUS,house,82,mail,26,86
CABARRUS,house,82,mail,27,105
CABARRUS,house,82,mail,28,25
CABARRUS,house,82,mail,29,116
CABARRUS,house,82,mail,31,1
CABARRUS,house,82,mail,32,76
CABARRUS,house,82,mail,33,17
CABARRUS,house,82,mail,34,42
CABARRUS,house,82,mail,35,40
CABARRUS,house,82,mail,36,39
CABARRUS,house,82,mail,37,3
CABARRUS,house,82,mail,38,1
CABARRUS,house,82,mail,39,5
CABARRUS,house,82,mail,40,2
CABARRUS,house,82,mail,41,3
CABARRUS,house,82,mail,42,2
CABARRUS,house,82,mail,43,7
CABARRUS,house,83,inperson,3,904
CABARRUS,house,83,inperson,4,1071
CABARRUS,house,83,inperson,5,1062
CABARRUS,house,83,inperson,6,1101
CABARRUS,house,83,inperson,7,1076
CABARRUS,house,83,inperson,8,1157
CABARRUS,house,83,inperson,9,559
CABARRUS,house,83,inperson,11,1178
CABARRUS,house,83,inperson,12,1123
CABARRUS,house,83,inperson,13,1173
CABARRUS,house,83,inperson,14,1239
CABARRUS,house,83,inperson,15,1254
CABARRUS,house,83,inperson,17,823
CABARRUS,house,83,inperson,18,1176
CABARRUS,house,83,inperson,19,1134
CABARRUS,house,83,mail,0,160
CABARRUS,house,83,mail,1,17
CABARRUS,house,83,mail,2,19
CABARRUS,house,83,mail,3,66
CABARRUS,house,83,mail,4,77
CABARRUS,house,83,mail,5,71
CABARRUS,house,83,mail,6,57
CABARRUS,house,83,mail,7,41
CABARRUS,house,83,mail,8,23
CABARRUS,house,83,mail,9,27
CABARRUS,house,83,mail,10,1
CABARRUS,house,83,mail,11,31
CABARRUS,house,83,mail,12,83
CABARRUS,house,83,mail,13,38
CABARRUS,house,83,mail,14,24
CABARRUS,house,83,mail,15,47
CABARRUS,house,83,mail,17,29
CABARRUS,house,83,mail,18,42
CABARRUS,house,83,mail,19,42
CABARRUS,house,83,mail,20,21
CABARRUS,house,83,mail,21,19
CABARRUS,house,83,mail,22,57
CABARRUS,house,83,mail,25,9
CABARRUS,house,83,mail,26,25
CABARRUS,house,83,mail,27,34
CABARRUS,house,83,mail,28,11
CABARRUS,house,83,mail,29,42
CABARRUS,house,83,mail,32,8
CABARRUS,house,83,mail,33,24
CABARRUS,house,83,mail,34,13
CABARRUS,house,83,mail,35,14
CABARRUS,house,83,mail,36,7
CABARRUS,house,83,mail,39,2
CABARRUS,house,83,mail,42,1
CABARRUS,house,83,mail,43,5
CABARRUS,senate,34,inperson,3,4468
CABARRUS,senate,34,inperson,4,5780
CABARRUS,senate,34,inperson,5,4947
CABARRUS,senate,34,inperson,6,5255
CABARRUS,senate,34,inperson,7,5299
CABARRUS,senate,34,inperson,8,5845
CABARRUS,senate,34,inperson,9,2684
CABARRUS,senate,34,inperson,11,5557
CABARRUS,senate,34,inperson,12,5342
CABARRUS,senate,34,inperson,13,5507
CABARRUS,senate,34,inperson,14,5739
CABARRUS,senate,34,inperson,15,5832
CABARRUS,senate,34,inperson,17,3929
CABARRUS,senate,34,inperson,18,5801
CABARRUS,senate,34,inperson,19,5311
CABARRUS,senate,34,mail,0,857
CABARRUS,senate,34,mail,1,96
CABARRUS,senate,34,mail,2,203
CABARRUS,senate,34,mail,3,273
CABARRUS,senate,34,mail,4,460
CABARRUS,senate,34,mail,5,432
CABARRUS,senate,34,mail,6,336
CABARRUS,senate,34,mail,7,306
CABARRUS,senate,34,mail,8,125
CABARRUS,senate,34,mail,9,161
CABARRUS,senate,34,mail,10,4
CABARRUS,senate,34,mail,11,237
CABARRUS,senate,34,mail,12,353
CABARRUS,senate,34,mail,13,266
CABARRUS,senate,34,mail,14,184
CABARRUS,senate,34,mail,15,211
CABARRUS,senate,34,mail,16,3
CABARRUS,senate,34,mail,17,179
CABARRUS,senate,34,mail,18,190
CABARRUS,senate,34,mail,19,300
CABARRUS,senate,34,mail,20,93
CABARRUS,senate,34,mail,21,113
CABARRUS,senate,34,mail,22,274
CABARRUS,senate,34,mail,23,3
CABARRUS,senate,34,mail,24,2
CABARRUS,senate,34,mail,25,93
CABARRUS,senate,34,mail,26,130
CABARRUS,senate,34,mail,27,194
CABARRUS,senate,34,mail,28,70
CABARRUS,senate,34,mail,29,233
CABARRUS,senate,34,mail,30,3
CABARRUS,senate,34,mail,31,1
CABARRUS,senate,34,mail,32,110
CABARRUS,senate,34,mail,33,80
CABARRUS,senate,34,mail,34,79
CABARRUS,senate,34,mail,35,86
CABARRUS,senate,34,mail,36,76
CABARRUS,senate,34,mail,37,2
CABARRUS,senate,34,mail,38,1
CABARRUS,senate,34,mail,39,13
CABARRUS,senate,34,mail,40,6
CABARRUS,senate,34,mail,41,5
CABARRUS,senate,34,mail,42,4
CABARRUS,senate,34,mail,43,17
CABARRUS,senate,35,inperson,3,280
CABARRUS,senate,35,inperson,4,364
CABARRUS,senate,35,inperson,5,305
CABARRUS,senate,35,inperson,6,280
CABARRUS,senate,35,inperson,7,302
CABARRUS,senate,35,inperson,8,317
CABARRUS,senate,35,inperson,9,219
CABARRUS,senate,35,inperson,11,355
CABARRUS,senate,35,inperson,12,320
CABARRUS,senate,35,inperson,13,348
CABARRUS,senate,35,inperson,14,329
CABARRUS,senate,35,inperson,15,402
CABARRUS,senate,35,inperson,17,254
CABARRUS,senate,35,inperson,18,363
CABARRUS,senate,35,inperson,19,371
CABARRUS,senate,35,mail,0,59
CABARRUS,senate,35,mail,1,11
CABARRUS,senate,35,mail,2,8
CABARRUS,senate,35,mail,3,29
CABARRUS,senate,35,mail,4,50
CABARRUS,senate,35,mail,5,34
CABARRUS,senate,35,mail,6,31
CABARRUS,senate,35,mail,7,22
CABARRUS,senate,35,mail,8,10
CABARRUS,senate,35,mail,9,5
CABARRUS,senate,35,mail,11,14
CABARRUS,senate,35,mail,12,27
CABARRUS,senate,35,mail,13,19
CABARRUS,senate,35,mail,14,6
CABARRUS,senate,35,mail,15,16
CABARRUS,senate,35,mail,16,1
CABARRUS,senate,35,mail,17,15
CABARRUS,senate,35,mail,18,12
CABARRUS,senate,35,mail,19,38
CABARRUS,senate,35,mail,20,8
CABARRUS,senate,35,mail,21,8
CABARRUS,senate,35,mail,22,40
CABARRUS,senate,35,mail,26,18
CABARRUS,senate,35,mail,27,14
CABARRUS,senate,35,mail,28,3
CABARRUS,senate,35,mail,29,21
CABARRUS,senate,35,mail,31,1
CABARRUS,senate,35,mail,32,7
CABARRUS,senate,35,mail,33,1
CABARRUS,senate,35,mail,34,5
CABARRUS,senate,35,mail,35,9
CABARRUS,senate,35,mail,36,7
CABARRUS,senate,35,mail,37,2
CABARRUS,senate,35,mail,39,4
CABARRUS,senate,35,mail,40,1
CALDWELL,house,87,inperson,3,1676
CALDWELL,house,87,inperson,4,2214
CALDWELL,house,87,inperson,5,1499
CALDWELL,house,87,inperson,6,1701
CALDWELL,house,87,inperson,7,2031
CALDWELL,house,87,inperson,8,2235
CALDWELL,house,87,inperson,10,1373
CALDWELL,house,87,inperson,11,2517
CALDWELL,house,87,inperson,12,2294
CALDWELL,house,87,inperson,13,2662
CALDWELL,house,87,inperson,14,2992
CALDWELL,house,87,inperson,15,3346
CALDWELL,house,87,inperson,17,1642
CALDWELL,house,87,inperson,18,3372
CALDWELL,house,87,inperson,19,3135
CALDWELL,house,87,mail,0,70
CALDWELL,house,87,mail,1,54
CALDWELL,house,87,mail,2,4
CALDWELL,house,87,mail,3,63
CALDWELL,house,87,mail,4,85
CALDWELL,house,87,mail,5,60
CALDWELL,house,87,mail,6,92
CALDWELL,house,87,mail,7,49
CALDWELL,house,87,mail,8,74
CALDWELL,house,87,mail,10,47
CALDWELL,house,87,mail,11,55
CALDWELL,house,87,mail,12,88
CALDWELL,house,87,mail,13,57
CALDWELL,house,87,mail,14,48
CALDWELL,house,87,mail,15,155
CALDWELL,house,87,mail,16,1
CALDWELL,house,87,mail,17,16
CALDWELL,house,87,mail,18,60
CALDWELL,house,87,mail,19,17
CALDWELL,house,87,mail,20,67
CALDWELL,house,87,mail,21,14
CALDWELL,house,87,mail,22,47
CALDWELL,house,87,mail,23,4
CALDWELL,house,87,mail,24,1
CALDWELL,house,87,mail,25,44
CALDWELL,house,87,mail,26,30
CALDWELL,house,87,mail,27,34
CALDWELL,house,87,mail,28,53
CALDWELL,house,87,mail,29,17
CALDWELL,house,87,mail,30,1
CALDWELL,house,87,mail,32,32
CALDWELL,house,87,mail,33,23
CALDWELL,house,87,mail,34,21
CALDWELL,house,87,mail,35,4
CALDWELL,house,87,mail,36,10
CALDWELL,house,87,mail,38,2
CALDWELL,house,87,mail,39,1
CALDWELL,house,87,mail,40,1
CALDWELL,house,87,mail,41,5
CALDWELL,house,87,mail,42,1
CALDWELL,house,87,mail,43,3
CALDWELL,house,87,mail,44,3
CALDWELL,house,87,mail,45,2
CALDWELL,house,87,mail,46,4
CALDWELL,senate,45,inperson,3,1204
CALDWELL,senate,45,inperson,4,1606
CALDWELL,senate,45,inperson,5,1037
CALDWELL,senate,45,inperson,6,1246
CALDWELL,senate,45,inperson,7,1433
CALDWELL,senate,45,inperson,8,1579
CALDWELL,senate,45,inperson,10,964
CALDWELL,senate,45,inperson,11,1752
CALDWELL,senate,45,inperson,12,1548
CALDWELL,senate,45,inperson,13,1852
CALDWELL,senate,45,inperson,14,2097
CALDWELL,senate,45,inperson,15,2375
CALDWELL,senate,45,inperson,17,1205
CALDWELL,senate,45,inperson,18,2406
CALDWELL,senate,45,inperson,19,2219
CALDWELL,senate,45,mail,0,46
CALDWELL,senate,45,mail,1,37
CALDWELL,senate,45,mail,2,4
CALDWELL,senate,45,mail,3,41
CALDWELL,senate,45,mail,4,53
CALDWELL,senate,45,mail,5,43
CALDWELL,senate,45,mail,6,58
CALDWELL,senate,45,mail,7,39
CALDWELL,senate,45,mail,8,49
CALDWELL,senate,45,mail,10,28
CALDWELL,senate,45,mail,11,34
CALDWELL,senate,45,mail,12,54
CALDWELL,senate,45,mail,13,37
CALDWELL,senate,45,mail,14,31
CALDWELL,senate,45,mail,15,99
CALDWELL,senate,45,mail,17,10
CALDWELL,senate,45,mail,18,44
CALDWELL,senate,45,mail,19,15
CALDWELL,senate,45,mail,20,49
CALDWELL,senate,45,mail,21,6
CALDWELL,senate,45,mail,22,32
CALDWELL,senate,45,mail,23,2
CALDWELL,senate,45,mail,25,30
CALDWELL,senate,45,mail,26,15
CALDWELL,senate,45,mail,27,25
CALDWELL,senate,45,mail,28,35
CALDWELL,senate,45,mail,29,12
CALDWELL,senate,45,mail,30,1
CALDWELL,senate,45,mail,32,20
CALDWELL,senate,45,mail,33,13
CALDWELL,senate,45,mail,34,12
CALDWELL,senate,45,mail,35,1
CALDWELL,senate,45,mail,36,7
CALDWELL,senate,45,mail,38,2
CALDWELL,senate,45,mail,39,1
CALDWELL,senate,45,mail,40,1
CALDWELL,senate,45,mail,41,4
CALDWELL,senate,45,mail,42,1
CALDWELL,senate,45,mail,43,1
CALDWELL,senate,45,mail,45,1
CALDWELL,senate,45,mail,46,1
CALDWELL,senate,47,inperson,3,472
CALDWELL,senate,47,inperson,4,608
CALDWELL,senate,47,inperson,5,462
CALDWELL,senate,47,inperson,6,455
CALDWELL,senate,47,inperson,7,598
CALDWELL,senate,47,inperson,8,656
CALDWELL,senate,47,inperson,10,409
CALDWELL,senate,47,inperson,11,765
CALDWELL,senate,47,inperson,12,746
CALDWELL,senate,47,inperson,13,810
CALDWELL,senate,47,inperson,14,895
CALDWELL,senate,47,inperson,15,971
CALDWELL,senate,47,inperson,17,437
CALDWELL,senate,47,inperson,18,966
CALDWELL,senate,47,inperson,19,916
CALDWELL,senate,47,mail,0,24
CALDWELL,senate,47,mail,1,17
CALDWELL,senate,47,mail,3,22
CALDWELL,senate,47,mail,4,32
CALDWELL,senate,47,mail,5,17
CALDWELL,senate,47,mail,6,34
CALDWELL,senate,47,mail,7,10
CALDWELL,senate,47,mail,8,25
CALDWELL,senate,47,mail,10,19
CALDWELL,senate,47,mail,11,21
CALDWELL,senate,47,mail,12,34
CALDWELL,senate,47,mail,13,20
CALDWELL,senate,47,mail,14,17
CALDWELL,senate,47,mail,15,56
CALDWELL,senate,47,mail,16,1
CALDWELL,senate,47,mail,17,6
CALDWELL,senate,47,mail,18,16
CALDWELL,senate,47,mail,19,2
CALDWELL,senate,47,mail,20,18
CALDWELL,senate,47,mail,21,8
CALDWELL,senate,47,mail,22,15
CALDWELL,senate,47,mail,23,2
CALDWELL,senate,47,mail,24,1
CALDWELL,senate,47,mail,25,14
CALDWELL,senate,47,mail,26,15
CALDWELL,senate,47,mail,27,9
CALDWELL,senate,47,mail,28,18
CALDWELL,senate,47,mail,29,5
CALDWELL,senate,47,mail,32,12
CALDWELL,senate,47,mail,33,10
CALDWELL,senate,47,mail,34,9
CALDWELL,senate,47,mail,35,3
CALDWELL,senate,47,mail,36,3
CALDWELL,senate,47,mail,41,1
CALDWELL,senate,47,mail,43,2
CALDWELL,senate,47,mail,44,3
CALDWELL,senate,47,mail,45,1
CALDWELL,senate,47,mail,46,3
CAMDEN,house,5,inperson,3,382
CAMDEN,house,5,inperson,4,374
CAMDEN,house,5,inperson,5,245
CAMDEN,house,5,inperson,6,231
CAMDEN,house,5,inperson,7,250
CAMDEN,house,5,inperson,8,276
CAMDEN,house,5,inperson,11,340
CAMDEN,house,5,inperson,12,262
CAMDEN,house,5,inperson,13,281
CAMDEN,house,5,inperson,14,343
CAMDEN,house,5,inperson,15,377
CAMDEN,house,5,inperson,18,445
CAMDEN,house,5,inperson,19,550
CAMDEN,house,5,mail,0,13
CAMDEN,house,5,mail,1,11
CAMDEN,house,5,mail,3,26
CAMDEN,house,5,mail,4,6
CAMDEN,house,5,mail,5,5
CAMDEN,house,5,mail,6,8
CAMDEN,house,5,mail,7,4
CAMDEN,house,5,mail,8,15
CAMDEN,house,5,mail,12,10
CAMDEN,house,5,mail,13,6
CAMDEN,house,5,mail,14,2
CAMDEN,house,5,mail,15,27
CAMDEN,house,5,mail,18,6
CAMDEN,house,5,mail,19,8
CAMDEN,house,5,mail,20,5
CAMDEN,house,5,mail,21,8
CAMDEN,house,5,mail,22,2
CAMDEN,house,5,mail,24,1
CAMDEN,house,5,mail,25,2
CAMDEN,house,5,mail,26,2
CAMDEN,house,5,mail,28,3
CAMDEN,house,5,mail,29,4
CAMDEN,house,5,mail,32,6
CAMDEN,house,5,mail,34,6
CAMDEN,house,5,mail,35,1
CAMDEN,house,5,mail,36,6
CAMDEN,house,5,mail,42,2
CAMDEN,senate,1,inperson,3,382
CAMDEN,senate,1,inperson,4,374
CAMDEN,senate,1,inperson,5,245
CAMDEN,senate,1,inperson,6,231
CAMDEN,senate,1,inperson,7,250
CAMDEN,senate,1,inperson,8,276
CAMDEN,senate,1,inperson,11,340
CAMDEN,senate,1,inperson,12,262
CAMDEN,senate,1,inperson,13,281
CAMDEN,senate,1,inperson,14,343
CAMDEN,senate,1,inperson,15,377
CAMDEN,senate,1,inperson,18,445
CAMDEN,senate,1,inperson,19,550
CAMDEN,senate,1,mail,0,13
CAMDEN,senate,1,mail,1,11
CAMDEN,senate,1,mail,3,26
CAMDEN,senate,1,mail,4,6
CAMDEN,senate,1,mail,5,5
CAMDEN,senate,1,mail,6,8
CAMDEN,senate,1,mail,7,4
CAMDEN,senate,1,mail,8,15
CAMDEN,senate,1,mail,12,10
CAMDEN,senate,1,mail,13,6
CAMDEN,senate,1,mail,14,2
CAMDEN,senate,1,mail,15,27
CAMDEN,senate,1,mail,18,6
CAMDEN,senate,1,mail,19,8
CAMDEN,senate,1,mail,20,5
CAMDEN,senate,1,mail,21,8
CAMDEN,senate,1,mail,22,2
CAMDEN,senate,1,mail,24,1
CAMDEN,senate,1,mail,25,2
CAMDEN,senate,1,mail,26,2
CAMDEN,senate,1,mail,28,3
CAMDEN,senate,1,mail,29,4
CAMDEN,senate,1,mail,32,6
CAMDEN,senate,1,mail,34,6
CAMDEN,senate,1,mail,35,1
CAMDEN,senate,1,mail,36,6
CAMDEN,senate,1,mail,42,2
CARTERET,house,13,inperson,3,1521
CARTERET,house,13,inperson,4,2264
CARTERET,house,13,inperson,5,1557
CARTERET,house,13,inperson,6,1853
CARTERET,house,13,inperson,7,1906
CARTERET,house,13,inperson,8,2385
CARTERET,house,13,inperson,11,2647
CARTERET,house,13,inperson,12,2315
CARTERET,house,13,inperson,13,2623
CARTERET,house,13,inperson,14,3516
CARTERET,house,13,inperson,15,4249
CARTERET,house,13,inperson,18,4238
CARTERET,house,13,inperson,19,4467
CARTERET,house,13,mail,0,17
CARTERET,house,13,mail,1,25
CARTERET,house,13,mail,2,12
CARTERET,house,13,mail,3,237
CARTERET,house,13,mail,4,220
CARTERET,house,13,mail,7,183
CARTERET,house,13,mail,8,70
CARTERET,house,13,mail,12,161
CARTERET,house,13,mail,14,258
CARTERET,house,13,mail,15,102
CARTERET,house,13,mail,19,1
CARTERET,house,13,mail,20,51
CARTERET,house,13,mail,21,10
CARTERET,house,13,mail,22,80
CARTERET,house,13,mail,26,46
CARTERET,house,13,mail,27,35
CARTERET,house,13,mail,28,86
CARTERET,house,13,mail,29,10
CARTERET,house,13,mail,32,60
CARTERET,house,13,mail,33,44
CARTERET,house,13,mail,34,5
CARTERET,house,13,mail,35,15
CARTERET,house,13,mail,36,32
CARTERET,house,13,mail,40,23
CARTERET,senate,2,inperson,3,1521
CARTERET,senate,2,inperson,4,2264
CARTERET,senate,2,inperson,5,1557
CARTERET,senate,2,inperson,6,1853
CARTERET,senate,2,inperson,7,1906
CARTERET,senate,2,inperson,8,2385
CARTERET,senate,2,inperson,11,2647
CARTERET,senate,2,inperson,12,2315
CARTERET,senate,2,inperson,13,2623
CARTERET,senate,2,inperson,14,3516
CARTERET,senate,2,inperson,15,4249
CARTERET,senate,2,inperson,18,4238
CARTERET,senate,2,inperson,19,4467
CARTERET,senate,2,mail,0,17
CARTERET,senate,2,mail,1,25
CARTERET,senate,2,mail,2,12
CARTERET,senate,2,mail,3,237
CARTERET,senate,2,mail,4,220
CARTERET,senate,2,mail,7,183
CARTERET,senate,2,mail,8,70
CARTERET,senate,2,mail,12,161
CARTERET,senate,2,mail,14,258
CARTERET,senate,2,mail,15,102
CARTERET,senate,2,mail,19,1
CARTERET,senate,2,mail,20,51
CARTERET,senate,2,mail,21,10
CARTERET,senate,2,mail,22,80
CARTERET,senate,2,mail,26,46
CARTERET,senate,2,mail,27,35
CARTERET,senate,2,mail,28,86
CARTERET,senate,2,mail,29,10
CARTERET,senate,2,mail,32,60
CARTERET,senate,2,mail,33,44
CARTERET,senate,2,mail,34,5
CARTERET,senate,2,mail,35,15
CARTERET,senate,2,mail,36,32
CARTERET,senate,2,mail,40,23
CASWELL,house,50,inperson,3,405
CASWELL,house,50,inperson,4,589
CASWELL,house,50,inperson,5,412
CASWELL,house,50,inperson,6,490
CASWELL,house,50,inperson,7,576
CASWELL,house,50,inperson,8,572
CASWELL,house,50,inperson,10,377
CASWELL,house,50,inperson,11,586
CASWELL,house,50,inperson,12,567
CASWELL,house,50,inperson,13,642
CASWELL,house,50,inperson,14,633
CASWELL,house,50,inperson,15,770
CASWELL,house,50,inperson,18,818
CASWELL,house,50,inperson,19,832
CASWELL,house,50,mail,0,17
CASWELL,house,50,mail,1,31
CASWELL,house,50,mail,2,9
CASWELL,house,50,mail,3,29
CASWELL,house,50,mail,4,17
CASWELL,house,50,mail,5,22
CASWELL,house,50,mail,6,19
CASWELL,house,50,mail,7,19
CASWELL,house,50,mail,8,20
CASWELL,house,50,mail,10,2
CASWELL,house,50,mail,11,19
CASWELL,house,50,mail,12,21
CASWELL,house,50,mail,13,9
CASWELL,house,50,mail,14,36
CASWELL,house,50,mail,15,7
CASWELL,house,50,mail,18,1
CASWELL,house,50,mail,19,12
CASWELL,house,50,mail,20,3
CASWELL,house,50,mail,21,23
CASWELL,house,50,mail,22,9
CASWELL,house,50,mail,26,5
CASWELL,house,50,mail,27,14
CASWELL,house,50,mail,29,1
CASWELL,house,50,mail,32,10
CASWELL,house,50,mail,33,1
CASWELL,house,50,mail,34,2
CASWELL,house,50,mail,35,8
CASWELL,senate,23,inperson,3,405
CASWELL,senate,23,inperson,4,589
CASWELL,senate,23,inperson,5,412
CASWELL,senate,23,inperson,6,490
CASWELL,senate,23,inperson,7,576
CASWELL,senate,23,inperson,8,572
CASWELL,senate,23,inperson,10,377
CASWELL,senate,23,inperson,11,586
CASWELL,senate,23,inperson,12,567
CASWELL,senate,23,inperson,13,642
CASWELL,senate,23,inperson,14,633
CASWELL,senate,23,inperson,15,770
CASWELL,senate,23,inperson,18,818
CASWELL,senate,23,inperson,19,832
CASWELL,senate,23,mail,0,17
CASWELL,senate,23,mail,1,31
CASWELL,senate,23,mail,2,9
CASWELL,senate,23,mail,3,29
CASWELL,senate,23,mail,4,17
CASWELL,senate,23,mail,5,22
CASWELL,senate,23,mail,6,19
CASWELL,senate,23,mail,7,19
CASWELL,senate,23,mail,8,20
CASWELL,senate,23,mail,10,2
CASWELL,senate,23,mail,11,19
CASWELL,senate,23,mail,12,21
CASWELL,senate,23,mail,13,9
CASWELL,senate,23,mail,14,36
CASWELL,senate,23,mail,15,7
CASWELL,senate,23,mail,18,1
CASWELL,senate,23,mail,19,12
CASWELL,senate,23,mail,20,3
CASWELL,senate,23,mail,21,23
CASWELL,senate,23,mail,22,9
CASWELL,senate,23,mail,26,5
CASWELL,senate,23,mail,27,14
CASWELL,senate,23,mail,29,1
CASWELL,senate,23,mail,32,10
CASWELL,senate,23,mail,33,1
CASWELL,senate,23,mail,34,2
CASWELL,senate,23,mail,35,8
CATAWBA,house,89,inperson,3,1659
CATAWBA,house,89,inperson,4,2043
CATAWBA,house,89,inperson,5,1518
CATAWBA,house,89,inperson,6,1637
CATAWBA,house,89,inperson,7,1785
CATAWBA,house,89,inperson,8,1915
CATAWBA,house,89,inperson,9,755
CATAWBA,house,89,inperson,10,1107
CATAWBA,house,89,inperson,11,2115
CATAWBA,house,89,inperson,12,2125
CATAWBA,house,89,inperson,13,2343
CATAWBA,house,89,inperson,14,2645
CATAWBA,house,89,inperson,15,2641
CATAWBA,house,89,inperson,16,903
CATAWBA,house,89,inperson,17,1504
CATAWBA,house,89,inperson,18,2986
CATAWBA,house,89,inperson,19,2702
CATAWBA,house,89,mail,0,77
CATAWBA,house,89,mail,1,72
CATAWBA,house,89,mail,2,24
CATAWBA,house,89,mail,3,42
CATAWBA,house,89,mail,4,83
CATAWBA,house,89,mail,5,96
CATAWBA,house,89,mail,6,45
CATAWBA,house,89,mail,7,80
CATAWBA,house,89,mail,8,27
CATAWBA,house,89,mail,10,56
CATAWBA,house,89,mail,11,45
CATAWBA,house,89,mail,12,57
CATAWBA,house,89,mail,13,47
CATAWBA,house,89,mail,14,18
CATAWBA,house,89,mail,15,67
CATAWBA,house,89,mail,16,46
CATAWBA,house,89,mail,17,13
CATAWBA,house,89,mail,18,119
CATAWBA,house,89,mail,19,7
CATAWBA,house,89,mail,20,90
CATAWBA,house,89,mail,21,16
CATAWBA,house,89,mail,22,51
CATAWBA,house,89,mail,24,2
CATAWBA,house,89,mail,25,38
CATAWBA,house,89,mail,26,78
CATAWBA,house,89,mail,27,19
CATAWBA,house,89,mail,28,18
CATAWBA,house,89,mail,29,60
CATAWBA,house,89,mail,32,27
CATAWBA,house,89,mail,33,51
CATAWBA,house,89,mail,34,11
CATAWBA,house,89,mail,35,23
CATAWBA,house,89,mail,36,7
CATAWBA,house,89,mail,42,3
CATAWBA,house,89,mail,43,9
CATAWBA,house,89,mail,46,8
CATAWBA,house,96,inperson,3,1822
CATAWBA,house,96,inperson,4,2254
CATAWBA,house,96,inperson,5,1627
CATAWBA,house,96,inperson,6,1787
CATAWBA,house,96,inperson,7,2040
CATAWBA,house,96,inperson,8,2033
CATAWBA,house,96,inperson,9,801
CATAWBA,house,96,inperson,10,1200
CATAWBA,house,96,inperson,11,2186
CATAWBA,house,96,inperson,12,2250
CATAWBA,house,96,inperson,13,2565
CATAWBA,house,96,inperson,14,2889
CATAWBA,house,96,inperson,15,3001
CATAWBA,house,96,inperson,16,986
CATAWBA,house,96,inperson,17,1823
CATAWBA,house,96,inperson,18,2966
CATAWBA,house,96,inperson,19,2832
CATAWBA,house,96,mail,0,106
CATAWBA,house,96,mail,1,116
CATAWBA,house,96,mail,2,59
CATAWBA,house,96,mail,3,73
CATAWBA,house,96,mail,4,116
CATAWBA,house,96,mail,5,173
CATAWBA,house,96,mail,6,99
CATAWBA,house,96,mail,7,107
CATAWBA,house,96,mail,8,40
CATAWBA,house,96,mail,10,103
CATAWBA,house,96,mail,11,63
CATAWBA,house,96,mail,12,64
CATAWBA,house,96,mail,13,55
CATAWBA,house,96,mail,14,27
CATAWBA,house,96,mail,15,74
CATAWBA,house,96,mail,16,25
CATAWBA,house,96,mail,17,19
CATAWBA,house,96,mail,18,163
CATAWBA,house,96,mail,19,6
CATAWBA,house,96,mail,20,121
CATAWBA,house,96,mail,21,15
CATAWBA,house,96,mail,22,95
CATAWBA,house,96,mail,24,2
CATAWBA,house,96,mail,25,47
CATAWBA,house,96,mail,26,36
CATAWBA,house,96,mail,27,33
CATAWBA,house,96,mail,28,21
CATAWBA,house,96,mail,29,102
CATAWBA,house,96,mail,32,21
CATAWBA,house,96,mail,33,71
CATAWBA,house,96,mail,34,12
CATAWBA,house,96,mail,35,14
CATAWBA,house,96,mail,36,20
CATAWBA,house,96,mail,40,5
CATAWBA,house,96,mail,41,3
CATAWBA,house,96,mail,42,8
CATAWBA,house,96,mail,43,23
CATAWBA,house,96,mail,46,4
CATAWBA,senate,45,inperson,3,3481
CATAWBA,senate,45,inperson,4,4297
CATAWBA,senate,45,inperson,5,3145
CATAWBA,senate,45,inperson,6,3424
CATAWBA,senate,45,inperson,7,3825
CATAWBA,senate,45,inperson,8,3948
CATAWBA,senate,45,inperson,9,1556
CATAWBA,senate,45,inperson,10,2307
CATAWBA,senate,45,inperson,11,4301
CATAWBA,senate,45,inperson,12,4375
CATAWBA,senate,45,inperson,13,4908
CATAWBA,senate,45,inperson,14,5534
CATAWBA,senate,45,inperson,15,5642
CATAWBA,senate,45,inperson,16,1889
CATAWBA,senate,45,inperson,17,3327
CATAWBA,senate,45,inperson,18,5952
CATAWBA,senate,45,inperson,19,5534
CATAWBA,senate,45,mail,0,183
CATAWBA,senate,45,mail,1,188
CATAWBA,senate,45,mail,2,83
CATAWBA,senate,45,mail,3,115
CATAWBA,senate,45,mail,4,199
CATAWBA,senate,45,mail,5,269
CATAWBA,senate,45,mail,6,144
CATAWBA,senate,45,mail,7,187
CATAWBA,senate,45,mail,8,67
CATAWBA,senate,45,mail,10,159
CATAWBA,senate,45,mail,11,108
CATAWBA,senate,45,mail,12,121
CATAWBA,senate,45,mail,13,102
CATAWBA,senate,45,mail,14,45
CATAWBA,senate,45,mail,15,141
CATAWBA,senate,45,mail,16,71
CATAWBA,senate,45,mail,17,32
CATAWBA,senate,45,mail,18,282
CATAWBA,senate,45,mail,19,13
CATAWBA,senate,45,mail,20,211
CATAWBA,senate,45,mail,21,31
CATAWBA,senate,45,mail,22,146
CATAWBA,senate,45,mail,24,4
CATAWBA,senate,45,mail,25,85
CATAWBA,senate,45,mail,26,114
CATAWBA,senate,45,mail,27,52
CATAWBA,senate,45,mail,28,39
CATAWBA,senate,45,mail,29,162
CATAWBA,senate,45,mail,32,48
CATAWBA,senate,45,mail,33,122
CATAWBA,senate,45,mail,34,23
CATAWBA,senate,45,mail,35,37
CATAWBA,senate,45,mail,36,27
CATAWBA,senate,45,mail,40,5
CATAWBA,senate,45,mail,41,3
CATAWBA,senate,45,mail,42,11
CATAWBA,senate,45,mail,43,32
CATAWBA,senate,45,mail,46,12
CHATHAM,house,54,inperson,3,1799
CHATHAM,house,54,inperson,4,2478
CHATHAM,house,54,inperson,5,1839
CHATHAM,house,54,inperson,6,1962
CHATHAM,house,54,inperson,7,2253
CHATHAM,house,54,inperson,8,2540
CHATHAM,house,54,inperson,9,837
CHATHAM,house,54,inperson,10,1286
CHATHAM,house,54,inperson,11,2818
CHATHAM,house,54,inperson,12,2803
CHATHAM,house,54,inperson,13,3187
CHATHAM,house,54,inperson,14,3640
CHATHAM,house,54,inperson,15,4011
CHATHAM,house,54,inperson,16,1219
CHATHAM,house,54,inperson,17,2012
CHATHAM,house,54,inperson,18,4064
CHATHAM,house,54,inperson,19,4155
CHATHAM,house,54,mail,0,215
CHATHAM,house,54,mail,1,126
CHATHAM,house,54,mail,2,191
CHATHAM,house,54,mail,3,6
CHATHAM,house,54,mail,4,120
CHATHAM,house,54,mail,5,178
CHATHAM,house,54,mail,6,138
CHATHAM,house,54,mail,7,63
CHATHAM,house,54,mail,8,173
CHATHAM,house,54,mail,9,66
CHATHAM,house,54,mail,11,106
CHATHAM,house,54,mail,12,240
CHATHAM,house,54,mail,13,189
CHATHAM,house,54,mail,14,82
CHATHAM,house,54,mail,15,106
CHATHAM,house,54,mail,16,239
CHATHAM,house,54,mail,17,52
CHATHAM,house,54,mail,18,225
CHATHAM,house,54,mail,19,2
CHATHAM,house,54,mail,20,2
CHATHAM,house,54,mail,21,4
CHATHAM,house,54,mail,22,75
CHATHAM,house,54,mail,24,63
CHATHAM,house,54,mail,25,43
CHATHAM,house,54,mail,26,93
CHATHAM,house,54,mail,27,1
CHATHAM,house,54,mail,28,22
CHATHAM,house,54,mail,29,284
CHATHAM,house,54,mail,32,11
CHATHAM,house,54,mail,33,114
CHATHAM,house,54,mail,34,66
CHATHAM,house,54,mail,36,35
CHATHAM,house,54,mail,39,46
CHATHAM,senate,20,inperson,3,1799
CHATHAM,senate,20,inperson,4,2478
CHATHAM,senate,20,inperson,5,1839
CHATHAM,senate,20,inperson,6,1962
CHATHAM,senate,20,inperson,7,2253
CHATHAM,senate,20,inperson,8,2540
CHATHAM,senate,20,inperson,9,837
CHATHAM,senate,20,inperson,10,1286
CHATHAM,senate,20,inperson,11,2818
CHATHAM,senate,20,inperson,12,2803
CHATHAM,senate,20,inperson,13,3187
CHATHAM,senate,20,inperson,14,3640
CHATHAM,senate,20,inperson,15,4011
CHATHAM,senate,20,inperson,16,1219
CHATHAM,senate,20,inperson,17,2012
CHATHAM,senate,20,inperson,18,4064
CHATHAM,senate,20,inperson,19,4155
CHATHAM,senate,20,mail,0,215
CHATHAM,senate,20,mail,1,126
CHATHAM,senate,20,mail,2,191
CHATHAM,senate,20,mail,3,6
CHATHAM,senate,20,mail,4,120
CHATHAM,senate,20,mail,5,178
CHATHAM,senate,20,mail,6,138
CHATHAM,senate,20,mail,7,63
CHATHAM,senate,20,mail,8,173
CHATHAM,senate,20,mail,9,66
CHATHAM,senate,20,mail,11,106
CHATHAM,senate,20,mail,12,240
CHATHAM,senate,20,mail,13,189
CHATHAM,senate,20,mail,14,82
CHATHAM,senate,20,mail,15,106
CHATHAM,senate,20,mail,16,239
CHATHAM,senate,20,mail,17,52
CHATHAM,senate,20,mail,18,225
CHATHAM,senate,20,mail,19,2
CHATHAM,senate,20,mail,20,2
CHATHAM,senate,20,mail,21,4
CHATHAM,senate,20,mail,22,75
CHATHAM,senate,20,mail,24,63
CHATHAM,senate,20,mail,25,43
CHATHAM,senate,20,mail,26,93
CHATHAM,senate,20,mail,27,1
CHATHAM,senate,20,mail,28,22
CHATHAM,senate,20,mail,29,284
CHATHAM,senate,20,mail,32,11
CHATHAM,senate,20,mail,33,114
CHATHAM,senate,20,mail,34,66
CHATHAM,senate,20,mail,36,35
CHATHAM,senate,20,mail,39,46
CHEROKEE,house,120,inperson,3,649
CHEROKEE,house,120,inperson,4,764
CHEROKEE,house,120,inperson,5,602
CHEROKEE,house,120,inperson,6,648
CHEROKEE,house,120,inperson,7,876
CHEROKEE,house,120,inperson,8,1036
CHEROKEE,house,120,inperson,11,981
CHEROKEE,house,120,inperson,12,1004
CHEROKEE,house,120,inperson,13,1067
CHEROKEE,house,120,inperson,14,1124
CHEROKEE,house,120,inperson,15,1057
CHEROKEE,house,120,inperson,18,1176
CHEROKEE,house,120,inperson,19,1090
CHEROKEE,house,120,mail,0,30
CHEROKEE,house,120,mail,1,40
CHEROKEE,house,120,mail,3,21
CHEROKEE,house,120,mail,4,39
CHEROKEE,house,120,mail,5,28
CHEROKEE,house,120,mail,6,43
CHEROKEE,house,120,mail,7,54
CHEROKEE,house,120,mail,8,59
CHEROKEE,house,120,mail,11,39
CHEROKEE,house,120,mail,12,45
CHEROKEE,house,120,mail,13,20
CHEROKEE,house,120,mail,14,27
CHEROKEE,house,120,mail,15,50
CHEROKEE,house,120,mail,18,22
CHEROKEE,house,120,mail,19,34
CHEROKEE,house,120,mail,20,28
CHEROKEE,house,120,mail,21,31
CHEROKEE,house,120,mail,22,6
CHEROKEE,house,120,mail,25,16
CHEROKEE,house,120,mail,26,21
CHEROKEE,house,120,mail,27,25
CHEROKEE,house,120,mail,28,14
CHEROKEE,house,120,mail,29,33
CHEROKEE,house,120,mail,32,9
CHEROKEE,house,120,mail,33,8
CHEROKEE,house,120,mail,34,10
CHEROKEE,house,120,mail,35,3
CHEROKEE,house,120,mail,36,4
CHEROKEE,senate,50,inperson,3,649
CHEROKEE,senate,50,inperson,4,764
CHEROKEE,senate,50,inperson,5,602
CHEROKEE,senate,50,inperson,6,648
CHEROKEE,senate,50,inperson,7,876
CHEROKEE,senate,50,inperson,8,1036
CHEROKEE,senate,50,inperson,11,981
CHEROKEE,senate,50,inperson,12,1004
CHEROKEE,senate,50,inperson,13,1067
CHEROKEE,senate,50,inperson,14,1124
CHEROKEE,senate,50,inperson,15,1057
CHEROKEE,senate,50,inperson,18,1176
CHEROKEE,senate,50,inperson,19,1090
CHEROKEE,senate,50,mail,0,30
CHEROKEE,senate,50,mail,1,40
CHEROKEE,senate,50,mail,3,21
CHEROKEE,senate,50,mail,4,39
CHEROKEE,senate,50,mail,5,28
CHEROKEE,senate,50,mail,6,43
CHEROKEE,senate,50,mail,7,54
CHEROKEE,senate,50,mail,8,59
CHEROKEE,senate,50,mail,11,39
CHEROKEE,senate,50,mail,12,45
CHEROKEE,senate,50,mail,13,20
CHEROKEE,senate,50,mail,14,27
CHEROKEE,senate,50,mail,15,50
CHEROKEE,senate,50,mail,18,22
CHEROKEE,senate,50,mail,19,34
CHEROKEE,senate,50,mail,20,28
CHEROKEE,senate,50,mail,21,31
CHEROKEE,senate,50,mail,22,6
CHEROKEE,senate,50,mail,25,16
CHEROKEE,senate,50,mail,26,21
CHEROKEE,senate,50,mail,27,25
CHEROKEE,senate,50,mail,28,14
CHEROKEE,senate,50,mail,29,33
CHEROKEE,senate,50,mail,32,9
CHEROKEE,senate,50,mail,33,8
CHEROKEE,senate,50,mail,34,10
CHEROKEE,senate,50,mail,35,3
CHEROKEE,senate,50,mail,36,4
CHOWAN,house,1,inperson,3,321
CHOWAN,house,1,inperson,4,316
CHOWAN,house,1,inperson,5,280
CHOWAN,house,1,inperson,6,271
CHOWAN,house,1,inperson,7,316
CHOWAN,house,1,inperson,8,360
CHOWAN,house,1,inperson,9,117
CHOWAN,house,1,inperson,10,141
CHOWAN,house,1,inperson,11,363
CHOWAN,house,1,inperson,12,330
CHOWAN,house,1,inperson,13,371
CHOWAN,house,1,inperson,14,452
CHOWAN,house,1,inperson,15,579
CHOWAN,house,1,inperson,16,101
CHOWAN,house,1,inperson,17,149
CHOWAN,house,1,inperson,18,550
CHOWAN,house,1,inperson,19,755
CHOWAN,house,1,mail,0,32
CHOWAN,house,1,mail,1,36
CHOWAN,house,1,mail,4,1
CHOWAN,house,1,mail,5,1
CHOWAN,house,1,mail,6,1
CHOWAN,house,1,mail,7,22
CHOWAN,house,1,mail,8,1
CHOWAN,house,1,mail,11,17
CHOWAN,house,1,mail,13,4
CHOWAN,house,1,mail,14,11
CHOWAN,house,1,mail,15,34
CHOWAN,house,1,mail,18,12
CHOWAN,house,1,mail,19,1
CHOWAN,house,1,mail,20,8
CHOWAN,house,1,mail,21,2
CHOWAN,house,1,mail,22,11
CHOWAN,house,1,mail,25,8
CHOWAN,house,1,mail,26,1
CHOWAN,house,1,mail,27,1
CHOWAN,house,1,mail,28,2
CHOWAN,house,1,mail,29,9
CHOWAN,house,1,mail,32,1
CHOWAN,house,1,mail,33,2
CHOWAN,house,1,mail,34,2
CHOWAN,house,1,mail,36,10
CHOWAN,senate,2,inperson,3,321
CHOWAN,senate,2,inperson,4,316
CHOWAN,senate,2,inperson,5,280
CHOWAN,senate,2,inperson,6,271
CHOWAN,senate,2,inperson,7,316
CHOWAN,senate,2,inperson,8,360
CHOWAN,senate,2,inperson,9,117
CHOWAN,senate,2,inperson,10,141
CHOWAN,senate,2,inperson,11,363
CHOWAN,senate,2,inperson,12,330
CHOWAN,senate,2,inperson,13,371
CHOWAN,senate,2,inperson,14,452
CHOWAN,senate,2,inperson,15,579
CHOWAN,senate,2,inperson,16,101
CHOWAN,senate,2,inperson,17,149
CHOWAN,senate,2,inperson,18,550
CHOWAN,senate,2,inperson,19,755
CHOWAN,senate,2,mail,0,32
CHOWAN,senate,2,mail,1,36
CHOWAN,senate,2,mail,4,1
CHOWAN,senate,2,mail,5,1
CHOWAN,senate,2,mail,6,1
CHOWAN,senate,2,mail,7,22
CHOWAN,senate,2,mail,8,1
CHOWAN,senate,2,mail,11,17
CHOWAN,senate,2,mail,13,4
CHOWAN,senate,2,mail,14,11
CHOWAN,senate,2,mail,15,34
CHOWAN,senate,2,mail,18,12
CHOWAN,senate,2,mail,19,1
CHOWAN,senate,2,mail,20,8
CHOWAN,senate,2,mail,21,2
CHOWAN,senate,2,mail,22,11
CHOWAN,senate,2,mail,25,8
CHOWAN,senate,2,mail,26,1
CHOWAN,senate,2,mail,27,1
CHOWAN,senate,2,mail,28,2
CHOWAN,senate,2,mail,29,9
CHOWAN,senate,2,mail,32,1
CHOWAN,senate,2,mail,33,2
CHOWAN,senate,2,mail,34,2
CHOWAN,senate,2,mail,36,10
CLAY,house,120,inperson,3,305
CLAY,house,120,inperson,4,305
CLAY,house,120,inperson,5,242
CLAY,house,120,inperson,6,262
CLAY,house,120,inperson,7,283
CLAY,house,120,inperson,8,411
CLAY,house,120,inperson,11,449
CLAY,house,120,inperson,12,403
CLAY,house,120,inperson,13,442
CLAY,house,120,inperson,14,569
CLAY,house,120,inperson,15,660
CLAY,house,120,inperson,18,693
CLAY,house,120,inperson,19,739
CLAY,house,120,mail,0,10
CLAY,house,120,mail,1,16
CLAY,house,120,mail,2,4
CLAY,house,120,mail,3,9
CLAY,house,120,mail,4,20
CLAY,house,120,mail,5,11
CLAY,house,120,mail,6,7
CLAY,house,120,mail,7,10
CLAY,house,120,mail,8,18
CLAY,house,120,mail,11,12
CLAY,house,120,mail,12,8
CLAY,house,120,mail,13,9
CLAY,house,120,mail,14,23
CLAY,house,120,mail,15,26
CLAY,house,120,mail,18,19
CLAY,house,120,mail,19,6
CLAY,house,120,mail,20,11
CLAY,house,120,mail,21,14
CLAY,house,120,mail,22,7
CLAY,house,120,mail,25,6
CLAY,house,120,mail,26,6
CLAY,house,120,mail,27,16
CLAY,house,120,mail,28,8
CLAY,house,120,mail,29,15
CLAY,house,120,mail,33,8
CLAY,house,120,mail,34,6
CLAY,house,120,mail,35,3
CLAY,house,120,mail,36,1
CLAY,house,120,mail,45,2
CLAY,senate,50,inperson,3,305
CLAY,senate,50,inperson,4,305
CLAY,senate,50,inperson,5,242
CLAY,senate,50,inperson,6,262
CLAY,senate,50,inperson,7,283
CLAY,senate,50,inperson,8,411
CLAY,senate,50,inperson,11,449
CLAY,senate,50,inperson,12,403
CLAY,senate,50,inperson,13,442
CLAY,senate,50,inperson,14,569
CLAY,senate,50,inperson,15,660
CLAY,senate,50,inperson,18,693
CLAY,senate,50,inperson,19,739
CLAY,senate,50,mail,0,10
CLAY,senate,50,mail,1,16
CLAY,senate,50,mail,2,4
CLAY,senate,50,mail,3,9
CLAY,senate,50,mail,4,20
CLAY,senate,50,mail,5,11
CLAY,senate,50,mail,6,7
CLAY,senate,50,mail,7,10
CLAY,senate,50,mail,8,18
CLAY,senate,50,mail,11,12
CLAY,senate,50,mail,12,8
CLAY,senate,50,mail,13,9
CLAY,senate,50,mail,14,23
CLAY,senate,50,mail,15,26
CLAY,senate,50,mail,18,19
CLAY,senate,50,mail,19,6
CLAY,senate,50,mail,20,11
CLAY,senate,50,mail,21,14
CLAY,senate,50,mail,22,7
CLAY,senate,50,mail,25,6
CLAY,senate,50,mail,26,6
CLAY,senate,50,mail,27,16
CLAY,senate,50,mail,28,8
CLAY,senate,50,mail,29,15
CLAY,senate,50,mail,33,8
CLAY,senate,50,mail,34,6
CLAY,senate,50,mail,35,3
CLAY,senate,50,mail,36,1
CLAY,senate,50,mail,45,2
CLEVELAND,house,110,inperson,3,873
CLEVELAND,house,110,inperson,4,1104
CLEVELAND,house,110,inperson,5,725
CLEVELAND,house,110,inperson,6,735
CLEVELAND,house,110,inperson,7,886
CLEVELAND,house,110,inperson,8,913
CLEVELAND,house,110,inperson,9,345
CLEVELAND,house,110,inperson,10,516
CLEVELAND,house,110,inperson,11,972
CLEVELAND,house,110,inperson,12,963
CLEVELAND,house,110,inperson,13,1033
CLEVELAND,house,110,inperson,14,1222
CLEVELAND,house,110,inperson,15,1318
CLEVELAND,house,110,inperson,16,491
CLEVELAND,house,110,inperson,17,619
CLEVELAND,house,110,inperson,18,1292
CLEVELAND,house,110,inperson,19,1537
CLEVELAND,house,110,mail,0,59
CLEVELAND,house,110,mail,1,63
CLEVELAND,house,110,mail,2,10
CLEVELAND,house,110,mail,3,24
CLEVELAND,house,110,mail,4,147
CLEVELAND,house,110,mail,5,1
CLEVELAND,house,110,mail,7,17
CLEVELAND,house,110,mail,8,131
CLEVELAND,house,110,mail,9,17
CLEVELAND,house,110,mail,11,45
CLEVELAND,house,110,mail,13,22
CLEVELAND,house,110,mail,14,18
CLEVELAND,house,110,mail,15,29
CLEVELAND,house,110,mail,16,2
CLEVELAND,house,110,mail,17,77
CLEVELAND,house,110,mail,18,1
CLEVELAND,house,110,mail,19,1
CLEVELAND,house,110,mail,20,1
CLEVELAND,house,110,mail,21,27
CLEVELAND,house,110,mail,23,3
CLEVELAND,house,110,mail,25,13
CLEVELAND,house,110,mail,26,24
CLEVELAND,house,110,mail,27,17
CLEVELAND,house,110,mail,28,7
CLEVELAND,house,110,mail,29,16
CLEVELAND,house,110,mail,31,2
CLEVELAND,house,110,mail,32,10
CLEVELAND,house,110,mail,33,10
CLEVELAND,house,110,mail,34,4
CLEVELAND,house,110,mail,35,9
CLEVELAND,house,110,mail,36,2
CLEVELAND,house,110,mail,40,2
CLEVELAND,house,110,mail,41,1
CLEVELAND,house,110,mail,43,2
CLEVELAND,house,111,inperson,3,1392
CLEVELAND,house,111,inperson,4,1615
CLEVELAND,house,111,inperson,5,1046
CLEVELAND,house,111,inperson,6,1113
CLEVELAND,house,111,inperson,7,1194
CLEVELAND,house,111,inperson,8,1338
CLEVELAND,house,111,inperson,9,527
CLEVELAND,house,111,inperson,10,708
CLEVELAND,house,111,inperson,11,1464
CLEVELAND,house,111,inperson,12,1462
CLEVELAND,house,111,inperson,13,1619
CLEVELAND,house,111,inperson,14,1792
CLEVELAND,house,111,inperson,15,2012
CLEVELAND,house,111,inperson,16,703
CLEVELAND,house,111,inperson,17,826
CLEVELAND,house,111,inperson,18,2068
CLEVELAND,house,111,inperson,19,2454
CLEVELAND,house,111,mail,0,44
CLEVELAND,house,111,mail,1,66
CLEVELAND,house,111,mail,2,14
CLEVELAND,house,111,mail,3,24
CLEVELAND,house,111,mail,4,163
CLEVELAND,house,111,mail,6,1
CLEVELAND,house,111,mail,7,13
CLEVELAND,house,111,mail,8,114
CLEVELAND,house,111,mail,9,46
CLEVELAND,house,111,mail,11,46
CLEVELAND,house,111,mail,13,57
CLEVELAND,house,111,mail,14,18
CLEVELAND,house,111,mail,15,33
CLEVELAND,house,111,mail,16,7
CLEVELAND,house,111,mail,17,89
CLEVELAND,house,111,mail,18,7
CLEVELAND,house,111,mail,21,39
CLEVELAND,house,111,mail,22,4
CLEVELAND,house,111,mail,23,9
CLEVELAND,house,111,mail,24,1
CLEVELAND,house,111,mail,25,19
CLEVELAND,house,111,mail,26,14
CLEVELAND,house,111,mail,27,19
CLEVELAND,house,111,mail,28,14
CLEVELAND,house,111,mail,29,15
CLEVELAND,house,111,mail,30,1
CLEVELAND,house,111,mail,31,2
CLEVELAND,house,111,mail,32,7
CLEVELAND,house,111,mail,33,10
CLEVELAND,house,111,mail,34,11
CLEVELAND,house,111,mail,35,8
CLEVELAND,house,111,mail,36,1
CLEVELAND,house,111,mail,37,1
CLEVELAND,house,111,mail,39,1
CLEVELAND,house,111,mail,40,1
CLEVELAND,house,111,mail,43,1
CLEVELAND,house,111,mail,44,2
CLEVELAND,house,111,mail,45,1
CLEVELAND,house,111,mail,46,2
CLEVELAND,senate,44,inperson,3,2265
CLEVELAND,senate,44,inperson,4,2719
CLEVELAND,senate,44,inperson,5,1771
CLEVELAND,senate,44,inperson,6,1848
CLEVELAND,senate,44,inperson,7,2080
CLEVELAND,senate,44,inperson,8,2251
CLEVELAND,senate,44,inperson,9,872
CLEVELAND,senate,44,inperson,10,1224
CLEVELAND,senate,44,inperson,11,2436
CLEVELAND,senate,44,inperson,12,2425
CLEVELAND,senate,44,inperson,13,2652
CLEVELAND,senate,44,inperson,14,3014
CLEVELAND,senate,44,inperson,15,3330
CLEVELAND,senate,44,inperson,16,1194
CLEVELAND,senate,44,inperson,17,1445
CLEVELAND,senate,44,inperson,18,3360
CLEVELAND,senate,44,inperson,19,3991
CLEVELAND,senate,44,mail,0,103
CLEVELAND,senate,44,mail,1,129
CLEVELAND,senate,44,mail,2,24
CLEVELAND,senate,44,mail,3,48
CLEVELAND,senate,44,mail,4,310
CLEVELAND,senate,44,mail,5,1
CLEVELAND,senate,44,mail,6,1
CLEVELAND,senate,44,mail,7,30
CLEVELAND,senate,44,mail,8,245
CLEVELAND,senate,44,mail,9,63
CLEVELAND,senate,44,mail,11,91
CLEVELAND,senate,44,mail,13,79
CLEVELAND,senate,44,mail,14,36
CLEVELAND,senate,44,mail,15,62
CLEVELAND,senate,44,mail,16,9
CLEVELAND,senate,44,mail,17,166
CLEVELAND,senate,44,mail,18,8
CLEVELAND,senate,44,mail,19,1
CLEVELAND,senate,44,mail,20,1
CLEVELAND,senate,44,mail,21,66
CLEVELAND,senate,44,mail,22,4
CLEVELAND,senate,44,mail,23,12
CLEVELAND,senate,44,mail,24,1
CLEVELAND,senate,44,mail,25,32
CLEVELAND,senate,44,mail,26,38
CLEVELAND,senate,44,mail,27,36
CLEVELAND,senate,44,mail,28,21
CLEVELAND,senate,44,mail,29,31
CLEVELAND,senate,44,mail,30,1
CLEVELAND,senate,44,mail,31,4
CLEVELAND,senate,44,mail,32,17
CLEVELAND,senate,44,mail,33,20
CLEVELAND,senate,44,mail,34,15
CLEVELAND,senate,44,mail,35,17
CLEVELAND,senate,44,mail,36,3
CLEVELAND,senate,44,mail,37,1
CLEVELAND,senate,44,mail,39,1
CLEVELAND,senate,44,mail,40,3
CLEVELAND,senate,44,mail,41,1
CLEVELAND,senate,44,mail,43,3
CLEVELAND,senate,44,mail,44,2
CLEVELAND,senate,44,mail,45,1
CLEVELAND,senate,44,mail,46,2
COLUMBUS,house,46,inperson,3,1125
COLUMBUS,house,46,inperson,4,1660
COLUMBUS,house,46,inperson,5,950
COLUMBUS,house,46,inperson,6,1052
COLUMBUS,house,46,inperson,7,1132
COLUMBUS,house,46,inperson,8,1369
COLUMBUS,house,46,inperson,11,1422
COLUMBUS,house,46,inperson,12,1272
COLUMBUS,house,46,inperson,13,1140
COLUMBUS,house,46,inperson,14,1436
COLUMBUS,house,46,inperson,15,1706
COLUMBUS,house,46,inperson,16,734
COLUMBUS,house,46,inperson,18,1620
COLUMBUS,house,46,inperson,19,1944
COLUMBUS,house,46,mail,0,43
COLUMBUS,house,46,mail,1,88
COLUMBUS,house,46,mail,3,32
COLUMBUS,house,46,mail,4,27
COLUMBUS,house,46,mail,5,33
COLUMBUS,house,46,mail,6,32
COLUMBUS,house,46,mail,7,36
COLUMBUS,house,46,mail,8,53
COLUMBUS,house,46,mail,11,22
COLUMBUS,house,46,mail,12,23
COLUMBUS,house,46,mail,13,38
COLUMBUS,house,46,mail,14,24
COLUMBUS,house,46,mail,15,35
COLUMBUS,house,46,mail,18,17
COLUMBUS,house,46,mail,19,20
COLUMBUS,house,46,mail,20,12
COLUMBUS,house,46,mail,21,26
COLUMBUS,house,46,mail,22,27
COLUMBUS,house,46,mail,25,1
COLUMBUS,house,46,mail,26,15
COLUMBUS,house,46,mail,27,11
COLUMBUS,house,46,mail,28,36
COLUMBUS,house,46,mail,29,7
COLUMBUS,house,46,mail,32,7
COLUMBUS,house,46,mail,33,40
COLUMBUS,house,46,mail,34,20
COLUMBUS,house,46,mail,35,17
COLUMBUS,house,46,mail,36,13
COLUMBUS,house,46,mail,39,5
COLUMBUS,house,46,mail,40,1
COLUMBUS,house,46,mail,41,1
COLUMBUS,senate,8,inperson,3,1125
COLUMBUS,senate,8,inperson,4,1660
COLUMBUS,senate,8,inperson,5,950
COLUMBUS,senate,8,inperson,6,1052
COLUMBUS,senate,8,inperson,7,1132
COLUMBUS,senate,8,inperson,8,1369
COLUMBUS,senate,8,inperson,11,1422
COLUMBUS,senate,8,inperson,12,1272
COLUMBUS,senate,8,inperson,13,1140
COLUMBUS,senate,8,inperson,14,1436
COLUMBUS,senate,8,inperson,15,1706
COLUMBUS,senate,8,inperson,16,734
COLUMBUS,senate,8,inperson,18,1620
COLUMBUS,senate,8,inperson,19,1944
COLUMBUS,senate,8,mail,0,43
COLUMBUS,senate,8,mail,1,88
COLUMBUS,senate,8,mail,3,32
COLUMBUS,senate,8,mail,4,27
COLUMBUS,senate,8,mail,5,33
COLUMBUS,senate,8,mail,6,32
COLUMBUS,senate,8,mail,7,36
COLUMBUS,senate,8,mail,8,53
COLUMBUS,senate,8,mail,11,22
COLUMBUS,senate,8,mail,12,23
COLUMBUS,senate,8,mail,13,38
COLUMBUS,senate,8,mail,14,24
COLUMBUS,senate,8,mail,15,35
COLUMBUS,senate,8,mail,18,17
COLUMBUS,senate,8,mail,19,20
COLUMBUS,senate,8,mail,20,12
COLUMBUS,senate,8,mail,21,26
COLUMBUS,senate,8,mail,22,27
COLUMBUS,senate,8,mail,25,1
COLUMBUS,senate,8,mail,26,15
COLUMBUS,senate,8,mail,27,11
COLUMBUS,senate,8,mail,28,36
COLUMBUS,senate,8,mail,29,7
COLUMBUS,senate,8,mail,32,7
COLUMBUS,senate,8,mail,33,40
COLUMBUS,senate,8,mail,34,20
COLUMBUS,senate,8,mail,35,17
COLUMBUS,senate,8,mail,36,13
COLUMBUS,senate,8,mail,39,5
COLUMBUS,senate,8,mail,40,1
COLUMBUS,senate,8,mail,41,1
CRAVEN,house,13,inperson,3,274
CRAVEN,house,13,inperson,4,340
CRAVEN,house,13,inperson,5,234
CRAVEN,house,13,inperson,6,236
CRAVEN,house,13,inperson,7,245
CRAVEN,house,13,inperson,8,313
CRAVEN,house,13,inperson,10,201
CRAVEN,house,13,inperson,11,354
CRAVEN,house,13,inperson,12,318
CRAVEN,house,13,inperson,13,342
CRAVEN,house,13,inperson,14,367
CRAVEN,house,13,inperson,15,476
CRAVEN,house,13,inperson,16,159
CRAVEN,house,13,inperson,18,487
CRAVEN,house,13,inperson,19,570
CRAVEN,house,13,mail,0,25
CRAVEN,house,13,mail,1,3
CRAVEN,house,13,mail,2,23
CRAVEN,house,13,mail,3,10
CRAVEN,house,13,mail,4,14
CRAVEN,house,13,mail,5,3
CRAVEN,house,13,mail,6,14
CRAVEN,house,13,mail,7,4
CRAVEN,house,13,mail,8,26
CRAVEN,house,13,mail,9,2
CRAVEN,house,13,mail,10,19
CRAVEN,house,13,mail,12,2
CRAVEN,house,13,mail,14,10
CRAVEN,house,13,mail,15,8
CRAVEN,house,13,mail,18,1
CRAVEN,house,13,mail,19,2
CRAVEN,house,13,mail,20,7
CRAVEN,house,13,mail,21,1
CRAVEN,house,13,mail,22,2
CRAVEN,house,13,mail,23,1
CRAVEN,house,13,mail,25,16
CRAVEN,house,13,mail,26,5
CRAVEN,house,13,mail,29,1
CRAVEN,house,13,mail,32,8
CRAVEN,house,13,mail,35,7
CRAVEN,house,13,mail,38,1
CRAVEN,house,3,inperson,3,1866
CRAVEN,house,3,inperson,4,2376
CRAVEN,house,3,inperson,5,1728
CRAVEN,house,3,inperson,6,2016
CRAVEN,house,3,inperson,7,2216
CRAVEN,house,3,inperson,8,2447
CRAVEN,house,3,inperson,10,1735
CRAVEN,house,3,inperson,11,2611
CRAVEN,house,3,inperson,12,2709
CRAVEN,house,3,inperson,13,3029
CRAVEN,house,3,inperson,14,3115
CRAVEN,house,3,inperson,15,3364
CRAVEN,house,3,inperson,16,1645
CRAVEN,house,3,inperson,18,3237
CRAVEN,house,3,inperson,19,3575
CRAVEN,house,3,mail,0,237
CRAVEN,house,3,mail,1,70
CRAVEN,house,3,mail,2,193
CRAVEN,house,3,mail,3,91
CRAVEN,house,3,mail,4,188
CRAVEN,house,3,mail,5,61
CRAVEN,house,3,mail,6,140
CRAVEN,house,3,mail,7,50
CRAVEN,house,3,mail,8,414
CRAVEN,house,3,mail,9,3
CRAVEN,house,3,mail,10,54
CRAVEN,house,3,mail,11,26
CRAVEN,house,3,mail,12,20
CRAVEN,house,3,mail,13,15
CRAVEN,house,3,mail,14,100
CRAVEN,house,3,mail,15,96
CRAVEN,house,3,mail,17,1
CRAVEN,house,3,mail,18,24
CRAVEN,house,3,mail,19,28
CRAVEN,house,3,mail,20,80
CRAVEN,house,3,mail,21,51
CRAVEN,house,3,mail,22,23
CRAVEN,house,3,mail,23,12
CRAVEN,house,3,mail,25,141
CRAVEN,house,3,mail,26,163
CRAVEN,house,3,mail,27,12
CRAVEN,house,3,mail,28,3
CRAVEN,house,3,mail,29,42
CRAVEN,house,3,mail,32,122
CRAVEN,house,3,mail,33,7
CRAVEN,house,3,mail,34,8
CRAVEN,house,3,mail,35,54
CRAVEN,house,3,mail,36,7
CRAVEN,house,3,mail,38,1
CRAVEN,house,3,mail,39,21
CRAVEN,house,3,mail,40,9
CRAVEN,house,3,mail,41,2
CRAVEN,senate,3,inperson,3,2140
CRAVEN,senate,3,inperson,4,2716
CRAVEN,senate,3,inperson,5,1962
CRAVEN,senate,3,inperson,6,2252
CRAVEN,senate,3,inperson,7,2461
CRAVEN,senate,3,inperson,8,2760
CRAVEN,senate,3,inperson,10,1936
CRAVEN,senate,3,inperson,11,2965
CRAVEN,senate,3,inperson,12,3027
CRAVEN,senate,3,inperson,13,3371
CRAVEN,senate,3,inperson,14,3482
CRAVEN,senate,3,inperson,15,3840
CRAVEN,senate,3,inperson,16,1804
CRAVEN,senate,3,inperson,18,3724
CRAVEN,senate,3,inperson,19,4145
CRAVEN,senate,3,mail,0,262
CRAVEN,senate,3,mail,1,73
CRAVEN,senate,3,mail,2,216
CRAVEN,senate,3,mail,3,101
CRAVEN,senate,3,mail,4,202
CRAVEN,senate,3,mail,5,64
CRAVEN,senate,3,mail,6,154
CRAVEN,senate,3,mail,7,54
CRAVEN,senate,3,mail,8,440
CRAVEN,senate,3,mail,9,5
CRAVEN,senate,3,mail,10,73
CRAVEN,senate,3,mail,11,26
CRAVEN,senate,3,mail,12,22
CRAVEN,senate,3,mail,13,15
CRAVEN,senate,3,mail,14,110
CRAVEN,senate,3,mail,15,104
CRAVEN,senate,3,mail,17,1
CRAVEN,senate,3,mail,18,25
CRAVEN,senate,3,mail,19,30
CRAVEN,senate,3,mail,20,87
CRAVEN,senate,3,mail,21,52
CRAVEN,senate,3,mail,22,25
CRAVEN,senate,3,mail,23,13
CRAVEN,senate,3,mail,25,157
CRAVEN,senate,3,mail,26,168
CRAVEN,senate,3,mail,27,12
CRAVEN,senate,3,mail,28,3
CRAVEN,senate,3,mail,29,43
CRAVEN,senate,3,mail,32,130
CRAVEN,senate,3,mail,33,7
CRAVEN,senate,3,mail,34,8
CRAVEN,senate,3,mail,35,61
CRAVEN,senate,3,mail,36,7
CRAVEN,senate,3,mail,38,2
CRAVEN,senate,3,mail,39,21
CRAVEN,senate,3,mail,40,9
CRAVEN,senate,3,mail,41,2
CUMBERLAND,house,42,inperson,3,1372
CUMBERLAND,house,42,inperson,4,1493
CUMBERLAND,house,42,inperson,5,1018
CUMBERLAND,house,42,inperson,6,1094
CUMBERLAND,house,42,inperson,7,1131
CUMBERLAND,house,42,inperson,8,1217
CUMBERLAND,house,42,inperson,10,676
CUMBERLAND,house,42,inperson,11,1056
CUMBERLAND,house,42,inperson,12,993
CUMBERLAND,house,42,inperson,13,1107
CUMBERLAND,house,42,inperson,14,1227
CUMBERLAND,house,42,inperson,15,1380
CUMBERLAND,house,42,inperson,16,440
CUMBERLAND,house,42,inperson,17,747
CUMBERLAND,house,42,inperson,18,1299
CUMBERLAND,house,42,inperson,19,1592
CUMBERLAND,house,42,mail,0,371
CUMBERLAND,house,42,mail,3,129
CUMBERLAND,house,42,mail,4,68
CUMBERLAND,house,42,mail,5,45
CUMBERLAND,house,42,mail,6,139
CUMBERLAND,house,42,mail,7,30
CUMBERLAND,house,42,mail,8,75
CUMBERLAND,house,42,mail,9,2
CUMBERLAND,house,42,mail,10,7
CUMBERLAND,house,42,mail,11,15
CUMBERLAND,house,42,mail,12,86
CUMBERLAND,house,42,mail,13,103
CUMBERLAND,house,42,mail,14,1
CUMBERLAND,house,42,mail,15,40
CUMBERLAND,house,42,mail,18,73
CUMBERLAND,house,42,mail,19,24
CUMBERLAND,house,42,mail,20,53
CUMBERLAND,house,42,mail,21,9
CUMBERLAND,house,42,mail,22,16
CUMBERLAND,house,42,mail,23,3
CUMBERLAND,house,42,mail,24,23
CUMBERLAND,house,42,mail,25,16
CUMBERLAND,house,42,mail,26,19
CUMBERLAND,house,42,mail,27,35
CUMBERLAND,house,42,mail,28,9
CUMBERLAND,house,42,mail,29,18
CUMBERLAND,house,42,mail,32,22
CUMBERLAND,house,42,mail,33,23
CUMBERLAND,house,42,mail,34,12
CUMBERLAND,house,42,mail,35,6
CUMBERLAND,house,42,mail,36,20
CUMBERLAND,house,42,mail,39,6
CUMBERLAND,house,42,mail,40,2
CUMBERLAND,house,42,mail,41,3
CUMBERLAND,house,42,mail,42,7
CUMBERLAND,house,42,mail,43,17
CUMBERLAND,house,42,mail,46,11
CUMBERLAND,house,43,inperson,3,1988
CUMBERLAND,house,43,inperson,4,2413
CUMBERLAND,house,43,inperson,5,1579
CUMBERLAND,house,43,inperson,6,1712
CUMBERLAND,house,43,inperson,7,1774
CUMBERLAND,house,43,inperson,8,2047
CUMBERLAND,house,43,inperson,10,1223
CUMBERLAND,house,43,inperson,11,2008
CUMBERLAND,house,43,inperson,12,1827
CUMBERLAND,house,43,inperson,13,1990
CUMBERLAND,house,43,inperson,14,2301
CUMBERLAND,house,43,inperson,15,2839
CUMBERLAND,house,43,inperson,16,802
CUMBERLAND,house,43,inperson,17,1566
CUMBERLAND,house,43,inperson,18,2952
CUMBERLAND,house,43,inperson,19,3439
CUMBERLAND,house,43,mail,0,378
CUMBERLAND,house,43,mail,3,136
CUMBERLAND,house,43,mail,4,89
CUMBERLAND,house,43,mail,5,79
CUMBERLAND,house,43,mail,6,101
CUMBERLAND,house,43,mail,7,25
CUMBERLAND,house,43,mail,8,110
CUMBERLAND,house,43,mail,9,3
CUMBERLAND,house,43,mail,10,4
CUMBERLAND,house,43,mail,11,47
CUMBERLAND,house,43,mail,12,102
CUMBERLAND,house,43,mail,13,132
CUMBERLAND,house,43,mail,14,5
CUMBERLAND,house,43,mail,15,52
CUMBERLAND,house,43,mail,18,77
CUMBERLAND,house,43,mail,19,51
CUMBERLAND,house,43,mail,20,50
CUMBERLAND,house,43,mail,21,14
CUMBERLAND,house,43,mail,22,18
CUMBERLAND,house,43,mail,23,1
CUMBERLAND,house,43,mail,24,47
CUMBERLAND,house,43,mail,25,6
CUMBERLAND,house,43,mail,26,42
CUMBERLAND,house,43,mail,27,43
CUMBERLAND,house,43,mail,28,17
CUMBERLAND,house,43,mail,29,46
CUMBERLAND,house,43,mail,32,32
CUMBERLAND,house,43,mail,33,28
CUMBERLAND,house,43,mail,34,15
CUMBERLAND,house,43,mail,35,15
CUMBERLAND,house,43,mail,36,31
CUMBERLAND,house,43,mail,39,14
CUMBERLAND,house,43,mail,40,6
CUMBERLAND,house,43,mail,41,1
CUMBERLAND,house,43,mail,42,1
CUMBERLAND,house,43,mail,43,20
CUMBERLAND,house,43,mail,46,7
CUMBERLAND,house,44,inperson,3,1611
CUMBERLAND,house,44,inperson,4,1853
CUMBERLAND,house,44,inperson,5,1310
CUMBERLAND,house,44,inperson,6,1429
CUMBERLAND,house,44,inperson,7,1451
CUMBERLAND,house,44,inperson,8,1518
CUMBERLAND,house,44,inperson,10,842
CUMBERLAND,house,44,inperson,11,1363
CUMBERLAND,house,44,inperson,12,1395
CUMBERLAND,house,44,inperson,13,1365
CUMBERLAND,house,44,inperson,14,1609
CUMBERLAND,house,44,inperson,15,1902
CUMBERLAND,house,44,inperson,16,569
CUMBERLAND,house,44,inperson,17,992
CUMBERLAND,house,44,inperson,18,1837
CUMBERLAND,house,44,inperson,19,2223
CUMBERLAND,house,44,mail,0,393
CUMBERLAND,house,44,mail,3,139
CUMBERLAND,house,44,mail,4,93
CUMBERLAND,house,44,mail,5,65
CUMBERLAND,house,44,mail,6,119
CUMBERLAND,house,44,mail,7,57
CUMBERLAND,house,44,mail,8,84
CUMBERLAND,house,44,mail,9,2
CUMBERLAND,house,44,mail,10,4
CUMBERLAND,house,44,mail,11,31
CUMBERLAND,house,44,mail,12,117
CUMBERLAND,house,44,mail,13,100
CUMBERLAND,house,44,mail,14,1
CUMBERLAND,house,44,mail,15,47
CUMBERLAND,house,44,mail,18,86
CUMBERLAND,house,44,mail,19,42
CUMBERLAND,house,44,mail,20,67
CUMBERLAND,house,44,mail,21,9
CUMBERLAND,house,44,mail,22,5
CUMBERLAND,house,44,mail,23,22
CUMBERLAND,house,44,mail,24,39
CUMBERLAND,house,44,mail,25,10
CUMBERLAND,house,44,mail,26,28
CUMBERLAND,house,44,mail,27,48
CUMBERLAND,house,44,mail,28,25
CUMBERLAND,house,44,mail,29,39
CUMBERLAND,house,44,mail,32,40
CUMBERLAND,house,44,mail,33,31
CUMBERLAND,house,44,mail,34,19
CUMBERLAND,house,44,mail,35,16
CUMBERLAND,house,44,mail,36,23
CUMBERLAND,house,44,mail,39,12
CUMBERLAND,house,44,mail,40,7
CUMBERLAND,house,44,mail,41,7
CUMBERLAND,house,44,mail,42,2
CUMBERLAND,house,44,mail,43,34
CUMBERLAND,house,44,mail,46,5
CUMBERLAND,house,45,inperson,3,1727
CUMBERLAND,house,45,inperson,4,1852
CUMBERLAND,house,45,inperson,5,1441
CUMBERLAND,house,45,inperson,6,1454
CUMBERLAND,house,45,inperson,7,1593
CUMBERLAND,house,45,inperson,8,1765
CUMBERLAND,house,45,inperson,10,1125
CUMBERLAND,house,45,inperson,11,1635
CUMBERLAND,house,45,inperson,12,1629
CUMBERLAND,house,45,inperson,13,1657
CUMBERLAND,house,45,inperson,14,1886
CUMBERLAND,house,45,inperson,15,1725
CUMBERLAND,house,45,inperson,16,639
CUMBERLAND,house,45,inperson,17,1230
CUMBERLAND,house,45,inperson,18,1887
CUMBERLAND,house,45,inperson,19,1680
CUMBERLAND,house,45,mail,0,419
CUMBERLAND,house,45,mail,3,151
CUMBERLAND,house,45,mail,4,95
CUMBERLAND,house,45,mail,5,100
CUMBERLAND,house,45,mail,6,127
CUMBERLAND,house,45,mail,7,36
CUMBERLAND,house,45,mail,8,99
CUMBERLAND,house,45,mail,9,2
CUMBERLAND,house,45,mail,10,14
CUMBERLAND,house,45,mail,11,49
CUMBERLAND,house,45,mail,12,78
CUMBERLAND,house,45,mail,13,142
CUMBERLAND,house,45,mail,14,1
CUMBERLAND,house,45,mail,15,48
CUMBERLAND,house,45,mail,18,65
CUMBERLAND,house,45,mail,19,51
CUMBERLAND,house,45,mail,20,47
CUMBERLAND,house,45,mail,21,13
CUMBERLAND,house,45,mail,22,14
CUMBERLAND,house,45,mail,23,7
CUMBERLAND,house,45,mail,24,52
CUMBERLAND,house,45,mail,25,13
CUMBERLAND,house,45,mail,26,25
CUMBERLAND,house,45,mail,27,32
CUMBERLAND,house,45,mail,28,24
CUMBERLAND,house,45,mail,29,61
CUMBERLAND,house,45,mail,32,47
CUMBERLAND,house,45,mail,33,54
CUMBERLAND,house,45,mail,34,18
CUMBERLAND,house,45,mail,35,11
CUMBERLAND,house,45,mail,36,22
CUMBERLAND,house,45,mail,39,12
CUMBERLAND,house,45,mail,40,6
CUMBERLAND,house,45,mail,41,5
CUMBERLAND,house,45,mail,42,6
CUMBERLAND,house,45,mail,43,21
CUMBERLAND,house,45,mail,46,7
CUMBERLAND,senate,19,inperson,3,4438
CUMBERLAND,senate,19,inperson,4,4893
CUMBERLAND,senate,19,inperson,5,3553
CUMBERLAND,senate,19,inperson,6,3773
CUMBERLAND,senate,19,inperson,7,3910
CUMBERLAND,senate,19,inperson,8,4211
CUMBERLAND,senate,19,inperson,10,2458
CUMBERLAND,senate,19,inperson,11,3783
CUMBERLAND,senate,19,inperson,12,3734
CUMBERLAND,senate,19,inperson,13,3930
CUMBERLAND,senate,19,inperson,14,4452
CUMBERLAND,senate,19,inperson,15,4912
CUMBERLAND,senate,19,inperson,16,1568
CUMBERLAND,senate,19,inperson,17,2791
CUMBERLAND,senate,19,inperson,18,4898
CUMBERLAND,senate,19,inperson,19,5310
CUMBERLAND,senate,19,mail,0,1072
CUMBERLAND,senate,19,mail,3,365
CUMBERLAND,senate,19,mail,4,238
CUMBERLAND,senate,19,mail,5,172
CUMBERLAND,senate,19,mail,6,348
CUMBERLAND,senate,19,mail,7,117
CUMBERLAND,senate,19,mail,8,232
CUMBERLAND,senate,19,mail,9,6
CUMBERLAND,senate,19,mail,10,16
CUMBERLAND,senate,19,mail,11,87
CUMBERLAND,senate,19,mail,12,259
CUMBERLAND,senate,19,mail,13,323
CUMBERLAND,senate,19,mail,14,4
CUMBERLAND,senate,19,mail,15,130
CUMBERLAND,senate,19,mail,18,205
CUMBERLAND,senate,19,mail,19,96
CUMBERLAND,senate,19,mail,20,156
CUMBERLAND,senate,19,mail,21,32
CUMBERLAND,senate,19,mail,22,30
CUMBERLAND,senate,19,mail,23,27
CUMBERLAND,senate,19,mail,24,109
CUMBERLAND,senate,19,mail,25,31
CUMBERLAND,senate,19,mail,26,74
CUMBERLAND,senate,19,mail,27,113
CUMBERLAND,senate,19,mail,28,53
CUMBERLAND,senate,19,mail,29,110
CUMBERLAND,senate,19,mail,32,104
CUMBERLAND,senate,19,mail,33,92
CUMBERLAND,senate,19,mail,34,44
CUMBERLAND,senate,19,mail,35,31
CUMBERLAND,senate,19,mail,36,63
CUMBERLAND,senate,19,mail,39,27
CUMBERLAND,senate,19,mail,40,16
CUMBERLAND,senate,19,mail,41,13
CUMBERLAND,senate,19,mail,42,8
CUMBERLAND,senate,19,mail,43,60
CUMBERLAND,senate,19,mail,46,16
CUMBERLAND,senate,21,inperson,3,2260
CUMBERLAND,senate,21,inperson,4,2718
CUMBERLAND,senate,21,inperson,5,1795
CUMBERLAND,senate,21,inperson,6,1916
CUMBERLAND,senate,21,inperson,7,2039
CUMBERLAND,senate,21,inperson,8,2336
CUMBERLAND,senate,21,inperson,10,1408
CUMBERLAND,senate,21,inperson,11,2279
CUMBERLAND,senate,21,inperson,12,2110
CUMBERLAND,senate,21,inperson,13,2189
CUMBERLAND,senate,21,inperson,14,2571
CUMBERLAND,senate,21,inperson,15,2934
CUMBERLAND,senate,21,inperson,16,882
CUMBERLAND,senate,21,inperson,17,1744
CUMBERLAND,senate,21,inperson,18,3077
CUMBERLAND,senate,21,inperson,19,3624
CUMBERLAND,senate,21,mail,0,489
CUMBERLAND,senate,21,mail,3,190
CUMBERLAND,senate,21,mail,4,107
CUMBERLAND,senate,21,mail,5,117
CUMBERLAND,senate,21,mail,6,138
CUMBERLAND,senate,21,mail,7,31
CUMBERLAND,senate,21,mail,8,136
CUMBERLAND,senate,21,mail,9,3
CUMBERLAND,senate,21,mail,10,13
CUMBERLAND,senate,21,mail,11,55
CUMBERLAND,senate,21,mail,12,124
CUMBERLAND,senate,21,mail,13,154
CUMBERLAND,senate,21,mail,14,4
CUMBERLAND,senate,21,mail,15,57
CUMBERLAND,senate,21,mail,18,96
CUMBERLAND,senate,21,mail,19,72
CUMBERLAND,senate,21,mail,20,61
CUMBERLAND,senate,21,mail,21,13
CUMBERLAND,senate,21,mail,22,23
CUMBERLAND,senate,21,mail,23,6
CUMBERLAND,senate,21,mail,24,52
CUMBERLAND,senate,21,mail,25,14
CUMBERLAND,senate,21,mail,26,40
CUMBERLAND,senate,21,mail,27,45
CUMBERLAND,senate,21,mail,28,22
CUMBERLAND,senate,21,mail,29,54
CUMBERLAND,senate,21,mail,32,37
CUMBERLAND,senate,21,mail,33,44
CUMBERLAND,senate,21,mail,34,20
CUMBERLAND,senate,21,mail,35,17
CUMBERLAND,senate,21,mail,36,33
CUMBERLAND,senate,21,mail,39,17
CUMBERLAND,senate,21,mail,40,5
CUMBERLAND,senate,21,mail,41,3
CUMBERLAND,senate,21,mail,42,8
CUMBERLAND,senate,21,mail,43,32
CUMBERLAND,senate,21,mail,46,14
CURRITUCK,house,1,inperson,3,812
CURRITUCK,house,1,inperson,4,826
CURRITUCK,house,1,inperson,5,571
CURRITUCK,house,1,inperson,6,619
CURRITUCK,house,1,inperson,7,685
CURRITUCK,house,1,inperson,8,762
CURRITUCK,house,1,inperson,11,827
CURRITUCK,house,1,inperson,12,684
CURRITUCK,house,1,inperson,13,765
CURRITUCK,house,1,inperson,14,825
CURRITUCK,house,1,inperson,15,793
CURRITUCK,house,1,inperson,18,875
CURRITUCK,house,1,inperson,19,827
CURRITUCK,house,1,mail,0,36
CURRITUCK,house,1,mail,1,51
CURRITUCK,house,1,mail,2,1
CURRITUCK,house,1,mail,3,50
CURRITUCK,house,1,mail,4,35
CURRITUCK,house,1,mail,5,36
CURRITUCK,house,1,mail,6,21
CURRITUCK,house,1,mail,7,22
CURRITUCK,house,1,mail,8,51
CURRITUCK,house,1,mail,10,2
CURRITUCK,house,1,mail,11,26
CURRITUCK,house,1,mail,12,44
CURRITUCK,house,1,mail,13,37
CURRITUCK,house,1,mail,14,34
CURRITUCK,house,1,mail,15,4
CURRITUCK,house,1,mail,17,33
CURRITUCK,house,1,mail,18,23
CURRITUCK,house,1,mail,19,6
CURRITUCK,house,1,mail,20,35
CURRITUCK,house,1,mail,21,8
CURRITUCK,house,1,mail,22,21
CURRITUCK,house,1,mail,25,29
CURRITUCK,house,1,mail,27,18
CURRITUCK,house,1,mail,28,4
CURRITUCK,house,1,mail,29,49
CURRITUCK,house,1,mail,32,14
CURRITUCK,house,1,mail,33,12
CURRITUCK,house,1,mail,34,11
CURRITUCK,house,1,mail,35,1
CURRITUCK,house,1,mail,36,7
CURRITUCK,house,1,mail,39,1
CURRITUCK,house,1,mail,40,3
CURRITUCK,senate,1,inperson,3,812
CURRITUCK,senate,1,inperson,4,826
CURRITUCK,senate,1,inperson,5,571
CURRITUCK,senate,1,inperson,6,619
CURRITUCK,senate,1,inperson,7,685
CURRITUCK,senate,1,inperson,8,762
CURRITUCK,senate,1,inperson,11,827
CURRITUCK,senate,1,inperson,12,684
CURRITUCK,senate,1,inperson,13,765
CURRITUCK,senate,1,inperson,14,825
CURRITUCK,senate,1,inperson,15,793
CURRITUCK,senate,1,inperson,18,875
CURRITUCK,senate,1,inperson,19,827
CURRITUCK,senate,1,mail,0,36
CURRITUCK,senate,1,mail,1,51
CURRITUCK,senate,1,mail,2,1
CURRITUCK,senate,1,mail,3,50
CURRITUCK,senate,1,mail,4,35
CURRITUCK,senate,1,mail,5,36
CURRITUCK,senate,1,mail,6,21
CURRITUCK,senate,1,mail,7,22
CURRITUCK,senate,1,mail,8,51
CURRITUCK,senate,1,mail,10,2
CURRITUCK,senate,1,mail,11,26
CURRITUCK,senate,1,mail,12,44
CURRITUCK,senate,1,mail,13,37
CURRITUCK,senate,1,mail,14,34
CURRITUCK,senate,1,mail,15,4
CURRITUCK,senate,1,mail,17,33
CURRITUCK,senate,1,mail,18,23
CURRITUCK,senate,1,mail,19,6
CURRITUCK,senate,1,mail,20,35
CURRITUCK,senate,1,mail,21,8
CURRITUCK,senate,1,mail,22,21
CURRITUCK,senate,1,mail,25,29
CURRITUCK,senate,1,mail,27,18
CURRITUCK,senate,1,mail,28,4
CURRITUCK,senate,1,mail,29,49
CURRITUCK,senate,1,mail,32,14
CURRITUCK,senate,1,mail,33,12
CURRITUCK,senate,1,mail,34,11
CURRITUCK,senate,1,mail,35,1
CURRITUCK,senate,1,mail,36,7
CURRITUCK,senate,1,mail,39,1
CURRITUCK,senate,1,mail,40,3
DARE,house,1,inperson,3,290
DARE,house,1,inperson,4,495
DARE,house,1,inperson,5,376
DARE,house,1,inperson,6,418
DARE,house,1,inperson,7,490
DARE,house,1,inperson,8,547
DARE,house,1,inperson,11,511
DARE,house,1,inperson,12,563
DARE,house,1,inperson,13,626
DARE,house,1,inperson,14,595
DARE,house,1,inperson,15,625
DARE,house,1,inperson,18,586
DARE,house,1,inperson,19,602
DARE,house,1,mail,0,44
DARE,house,1,mail,1,48
DARE,house,1,mail,3,7
DARE,house,1,mail,4,31
DARE,house,1,mail,5,33
DARE,house,1,mail,6,14
DARE,house,1,mail,7,23
DARE,house,1,mail,8,50
DARE,house,1,mail,11,40
DARE,house,1,mail,12,11
DARE,house,1,mail,13,14
DARE,house,1,mail,14,12
DARE,house,1,mail,15,64
DARE,house,1,mail,18,32
DARE,house,1,mail,19,13
DARE,house,1,mail,20,3
DARE,house,1,mail,21,27
DARE,house,1,mail,22,16
DARE,house,1,mail,25,6
DARE,house,1,mail,26,13
DARE,house,1,mail,27,9
DARE,house,1,mail,28,31
DARE,house,1,mail,29,11
DARE,house,1,mail,30,2
DARE,house,1,mail,31,1
DARE,house,1,mail,32,12
DARE,house,1,mail,33,22
DARE,house,1,mail,34,9
DARE,house,1,mail,35,4
DARE,house,1,mail,36,5
DARE,house,1,mail,39,2
DARE,house,1,mail,40,1
DARE,house,1,mail,41,4
DARE,house,1,mail,42,4
DARE,house,1,mail,43,2
DARE,house,1,mail,44,1
DARE,house,1,mail,45,2
DARE,house,1,mail,46,4
DARE,house,79,inperson,3,587
DARE,house,79,inperson,4,815
DARE,house,79,inperson,5,662
DARE,house,79,inperson,6,681
DARE,house,79,inperson,7,747
DARE,house,79,inperson,8,899
DARE,house,79,inperson,11,851
DARE,house,79,inperson,12,776
DARE,house,79,inperson,13,859
DARE,house,79,inperson,14,975
DARE,house,79,inperson,15,1021
DARE,house,79,inperson,18,1141
DARE,house,79,inperson,19,1359
DARE,house,79,mail,0,60
DARE,house,79,mail,1,76
DARE,house,79,mail,2,1
DARE,house,79,mail,3,6
DARE,house,79,mail,4,42
DARE,house,79,mail,5,47
DARE,house,79,mail,6,18
DARE,house,79,mail,7,31
DARE,house,79,mail,8,74
DARE,house,79,mail,11,65
DARE,house,79,mail,12,15
DARE,house,79,mail,13,20
DARE,house,79,mail,14,28
DARE,house,79,mail,15,76
DARE,house,79,mail,18,35
DARE,house,79,mail,19,16
DARE,house,79,mail,20,7
DARE,house,79,mail,21,24
DARE,house,79,mail,22,22
DARE,house,79,mail,25,9
DARE,house,79,mail,26,21
DARE,house,79,mail,27,7
DARE,house,79,mail,28,15
DARE,house,79,mail,29,9
DARE,house,79,mail,31,1
DARE,house,79,mail,32,11
DARE,house,79,mail,33,9
DARE,house,79,mail,34,5
DARE,house,79,mail,35,8
DARE,house,79,mail,36,2
DARE,house,79,mail,39,5
DARE,house,79,mail,41,4
DARE,house,79,mail,42,2
DARE,house,79,mail,43,7
DARE,house,79,mail,44,2
DARE,house,79,mail,45,6
DARE,house,79,mail,46,2
DARE,senate,1,inperson,3,877
DARE,senate,1,inperson,4,1310
DARE,senate,1,inperson,5,1038
DARE,senate,1,inperson,6,1099
DARE,senate,1,inperson,7,1237
DARE,senate,1,inperson,8,1446
DARE,senate,1,inperson,11,1362
DARE,senate,1,inperson,12,1339
DARE,senate,1,inperson,13,1485
DARE,senate,1,inperson,14,1570
DARE,senate,1,inperson,15,1646
DARE,senate,1,inperson,18,1727
DARE,senate,1,inperson,19,1961
DARE,senate,1,mail,0,104
DARE,senate,1,mail,1,124
DARE,senate,1,mail,2,1
DARE,senate,1,mail,3,13
DARE,senate,1,mail,4,73
DARE,senate,1,mail,5,80
DARE,senate,1,mail,6,32
DARE,senate,1,mail,7,54
DARE,senate,1,mail,8,124
DARE,senate,1,mail,11,105
DARE,senate,1,mail,12,26
DARE,senate,1,mail,13,34
DARE,senate,1,mail,14,40
DARE,senate,1,mail,15,140
DARE,senate,1,mail,18,67
DARE,senate,1,mail,19,29
DARE,senate,1,mail,20,10
DARE,senate,1,mail,21,51
DARE,senate,1,mail,22,38
DARE,senate,1,mail,25,15
DARE,senate,1,mail,26,34
DARE,senate,1,mail,27,16
DARE,senate,1,mail,28,46
DARE,senate,1,mail,29,20
DARE,senate,1,mail,30,2
DARE,senate,1,mail,31,2
DARE,senate,1,mail,32,23
DARE,senate,1,mail,33,31
DARE,senate,1,mail,34,14
DARE,senate,1,mail,35,12
DARE,senate,1,mail,36,7
DARE,senate,1,mail,39,7
DARE,senate,1,mail,40,1
DARE,senate,1,mail,41,8
DARE,senate,1,mail,42,6
DARE,senate,1,mail,43,9
DARE,senate,1,mail,44,3
DARE,senate,1,mail,45,8
DARE,senate,1,mail,46,6
DAVIDSON,house,80,inperson,3,1737
DAVIDSON,house,80,inperson,4,2314
DAVIDSON,house,80,inperson,5,1876
DAVIDSON,house,80,inperson,6,2047
DAVIDSON,house,80,inperson,7,2206
DAVIDSON,house,80,inperson,8,2294
DAVIDSON,house,80,inperson,9,727
DAVIDSON,house,80,inperson,10,1316
DAVIDSON,house,80,inperson,11,2363
DAVIDSON,house,80,inperson,12,2430
DAVIDSON,house,80,inperson,13,2202
DAVIDSON,house,80,inperson,14,2274
DAVIDSON,house,80,inperson,15,2183
DAVIDSON,house,80,inperson,16,645
DAVIDSON,house,80,inperson,17,1327
DAVIDSON,house,80,inperson,18,2117
DAVIDSON,house,80,inperson,19,2057
DAVIDSON,house,80,mail,0,155
DAVIDSON,house,80,mail,1,46
DAVIDSON,house,80,mail,3,184
DAVIDSON,house,80,mail,4,62
DAVIDSON,house,80,mail,5,109
DAVIDSON,house,80,mail,6,126
DAVIDSON,house,80,mail,7,97
DAVIDSON,house,80,mail,8,76
DAVIDSON,house,80,mail,9,7
DAVIDSON,house,80,mail,10,79
DAVIDSON,house,80,mail,11,42
DAVIDSON,house,80,mail,12,186
DAVIDSON,house,80,mail,13,30
DAVIDSON,house,80,mail,14,21
DAVIDSON,house,80,mail,15,120
DAVIDSON,house,80,mail,16,2
DAVIDSON,house,80,mail,17,5
DAVIDSON,house,80,mail,18,242
DAVIDSON,house,80,mail,19,4
DAVIDSON,house,80,mail,20,1
DAVIDSON,house,80,mail,21,2
DAVIDSON,house,80,mail,22,12
DAVIDSON,house,80,mail,23,37
DAVIDSON,house,80,mail,25,83
DAVIDSON,house,80,mail,26,16
DAVIDSON,house,80,mail,27,108
DAVIDSON,house,80,mail,28,7
DAVIDSON,house,80,mail,29,77
DAVIDSON,house,80,mail,32,36
DAVIDSON,house,80,mail,33,18
DAVIDSON,house,80,mail,34,60
DAVIDSON,house,80,mail,35,14
DAVIDSON,house,80,mail,36,25
DAVIDSON,house,80,mail,40,4
DAVIDSON,house,80,mail,41,1
DAVIDSON,house,80,mail,42,2
DAVIDSON,house,80,mail,43,1
DAVIDSON,house,80,mail,46,2
DAVIDSON,house,81,inperson,3,1865
DAVIDSON,house,81,inperson,4,2406
DAVIDSON,house,81,inperson,5,1841
DAVIDSON,house,81,inperson,6,1868
DAVIDSON,house,81,inperson,7,2036
DAVIDSON,house,81,inperson,8,2292
DAVIDSON,house,81,inperson,9,686
DAVIDSON,house,81,inperson,10,1135
DAVIDSON,house,81,inperson,11,2562
DAVIDSON,house,81,inperson,12,2387
DAVIDSON,house,81,inperson,13,2595
DAVIDSON,house,81,inperson,14,2821
DAVIDSON,house,81,inperson,15,2929
DAVIDSON,house,81,inperson,16,894
DAVIDSON,house,81,inperson,17,1577
DAVIDSON,house,81,inperson,18,2872
DAVIDSON,house,81,inperson,19,2898
DAVIDSON,house,81,mail,0,152
DAVIDSON,house,81,mail,1,60
DAVIDSON,house,81,mail,3,148
DAVIDSON,house,81,mail,4,87
DAVIDSON,house,81,mail,5,99
DAVIDSON,house,81,mail,6,128
DAVIDSON,house,81,mail,7,131
DAVIDSON,house,81,mail,8,73
DAVIDSON,house,81,mail,9,3
DAVIDSON,house,81,mail,10,46
DAVIDSON,house,81,mail,11,60
DAVIDSON,house,81,mail,12,157
DAVIDSON,house,81,mail,13,47
DAVIDSON,house,81,mail,14,51
DAVIDSON,house,81,mail,15,167
DAVIDSON,house,81,mail,16,2
DAVIDSON,house,81,mail,17,5
DAVIDSON,house,81,mail,18,280
DAVIDSON,house,81,mail,19,5
DAVIDSON,house,81,mail,21,5
DAVIDSON,house,81,mail,22,12
DAVIDSON,house,81,mail,23,29
DAVIDSON,house,81,mail,25,67
DAVIDSON,house,81,mail,26,12
DAVIDSON,house,81,mail,27,88
DAVIDSON,house,81,mail,28,20
DAVIDSON,house,81,mail,29,37
DAVIDSON,house,81,mail,32,38
DAVIDSON,house,81,mail,33,12
DAVIDSON,house,81,mail,34,39
DAVIDSON,house,81,mail,35,26
DAVIDSON,house,81,mail,36,25
DAVIDSON,house,81,mail,39,6
DAVIDSON,house,81,mail,41,2
DAVIDSON,house,81,mail,42,2
DAVIDSON,house,81,mail,43,6
DAVIDSON,house,81,mail,46,2
DAVIDSON,senate,30,inperson,3,3602
DAVIDSON,senate,30,inperson,4,4720
DAVIDSON,senate,30,inperson,5,3717
DAVIDSON,senate,30,inperson,6,3915
DAVIDSON,senate,30,inperson,7,4242
DAVIDSON,senate,30,inperson,8,4586
DAVIDSON,senate,30,inperson,9,1413
DAVIDSON,senate,30,inperson,10,2451
DAVIDSON,senate,30,inperson,11,4925
DAVIDSON,senate,30,inperson,12,4817
DAVIDSON,senate,30,inperson,13,4797
DAVIDSON,senate,30,inperson,14,5095
DAVIDSON,senate,30,inperson,15,5112
DAVIDSON,senate,30,inperson,16,1539
DAVIDSON,senate,30,inperson,17,2904
DAVIDSON,senate,30,inperson,18,4989
DAVIDSON,senate,30,inperson,19,4955
DAVIDSON,senate,30,mail,0,307
DAVIDSON,senate,30,mail,1,106
DAVIDSON,senate,30,mail,3,332
DAVIDSON,senate,30,mail,4,149
DAVIDSON,senate,30,mail,5,208
DAVIDSON,senate,30,mail,6,254
DAVIDSON,senate,30,mail,7,228
DAVIDSON,senate,30,mail,8,149
DAVIDSON,senate,30,mail,9,10
DAVIDSON,senate,30,mail,10,125
DAVIDSON,senate,30,mail,11,102
DAVIDSON,senate,30,mail,12,343
DAVIDSON,senate,30,mail,13,77
DAVIDSON,senate,30,mail,14,72
DAVIDSON,senate,30,mail,15,287
DAVIDSON,senate,30,mail,16,4
DAVIDSON,senate,30,mail,17,10
DAVIDSON,senate,30,mail,18,522
DAVIDSON,senate,30,mail,19,9
DAVIDSON,senate,30,mail,20,1
DAVIDSON,senate,30,mail,21,7
DAVIDSON,senate,30,mail,22,24
DAVIDSON,senate,30,mail,23,66
DAVIDSON,senate,30,mail,25,150
DAVIDSON,senate,30,mail,26,28
DAVIDSON,senate,30,mail,27,196
DAVIDSON,senate,30,mail,28,27
DAVIDSON,senate,30,mail,29,114
DAVIDSON,senate,30,mail,32,74
DAVIDSON,senate,30,mail,33,30
DAVIDSON,senate,30,mail,34,99
DAVIDSON,senate,30,mail,35,40
DAVIDSON,senate,30,mail,36,50
DAVIDSON,senate,30,mail,39,6
DAVIDSON,senate,30,mail,40,4
DAVIDSON,senate,30,mail,41,3
DAVIDSON,senate,30,mail,42,4
DAVIDSON,senate,30,mail,43,7
DAVIDSON,senate,30,mail,46,4
DAVIE,house,77,inperson,3,1075
DAVIE,house,77,inperson,4,1387
DAVIE,house,77,inperson,5,838
DAVIE,house,77,inperson,6,1035
DAVIE,house,77,inperson,7,1108
DAVIE,house,77,inperson,8,1267
DAVIE,house,77,inperson,10,654
DAVIE,house,77,inperson,11,1433
DAVIE,house,77,inperson,12,1377
DAVIE,house,77,inperson,13,1491
DAVIE,house,77,inperson,14,1669
DAVIE,house,77,inperson,15,1862
DAVIE,house,77,inperson,17,954
DAVIE,house,77,inperson,18,1897
DAVIE,house,77,inperson,19,2081
DAVIE,house,77,mail,0,44
DAVIE,house,77,mail,1,30
DAVIE,house,77,mail,2,19
DAVIE,house,77,mail,3,40
DAVIE,house,77,mail,4,108
DAVIE,house,77,mail,5,47
DAVIE,house,77,mail,6,20
DAVIE,house,77,mail,7,31
DAVIE,house,77,mail,8,59
DAVIE,house,77,mail,10,59
DAVIE,house,77,mail,11,21
DAVIE,house,77,mail,12,46
DAVIE,house,77,mail,13,40
DAVIE,house,77,mail,14,33
DAVIE,house,77,mail,15,58
DAVIE,house,77,mail,16,9
DAVIE,house,77,mail,17,1
DAVIE,house,77,mail,18,34
DAVIE,house,77,mail,19,37
DAVIE,house,77,mail,20,12
DAVIE,house,77,mail,21,59
DAVIE,house,77,mail,22,13
DAVIE,house,77,mail,25,20
DAVIE,house,77,mail,26,23
DAVIE,house,77,mail,27,33
DAVIE,house,77,mail,28,53
DAVIE,house,77,mail,29,5
DAVIE,house,77,mail,32,17
DAVIE,house,77,mail,33,13
DAVIE,house,77,mail,34,18
DAVIE,house,77,mail,35,24
DAVIE,house,77,mail,36,16
DAVIE,house,77,mail,37,1
DAVIE,house,77,mail,39,6
DAVIE,house,77,mail,41,2
DAVIE,house,77,mail,42,3
DAVIE,house,77,mail,43,8
DAVIE,senate,30,inperson,3,1075
DAVIE,senate,30,inperson,4,1387
DAVIE,senate,30,inperson,5,838
DAVIE,senate,30,inperson,6,1035
DAVIE,senate,30,inperson,7,1108
DAVIE,senate,30,inperson,8,1267
DAVIE,senate,30,inperson,10,654
DAVIE,senate,30,inperson,11,1433
DAVIE,senate,30,inperson,12,1377
DAVIE,senate,30,inperson,13,1491
DAVIE,senate,30,inperson,14,1669
DAVIE,senate,30,inperson,15,1862
DAVIE,senate,30,inperson,17,954
DAVIE,senate,30,inperson,18,1897
DAVIE,senate,30,inperson,19,2081
DAVIE,senate,30,mail,0,44
DAVIE,senate,30,mail,1,30
DAVIE,senate,30,mail,2,19
DAVIE,senate,30,mail,3,40
DAVIE,senate,30,mail,4,108
DAVIE,senate,30,mail,5,47
DAVIE,senate,30,mail,6,20
DAVIE,senate,30,mail,7,31
DAVIE,senate,30,mail,8,59
DAVIE,senate,30,mail,10,59
DAVIE,senate,30,mail,11,21
DAVIE,senate,30,mail,12,46
DAVIE,senate,30,mail,13,40
DAVIE,senate,30,mail,14,33
DAVIE,senate,30,mail,15,58
DAVIE,senate,30,mail,16,9
DAVIE,senate,30,mail,17,1
DAVIE,senate,30,mail,18,34
DAVIE,senate,30,mail,19,37
DAVIE,senate,30,mail,20,12
DAVIE,senate,30,mail,21,59
DAVIE,senate,30,mail,22,13
DAVIE,senate,30,mail,25,20
DAVIE,senate,30,mail,26,23
DAVIE,senate,30,mail,27,33
DAVIE,senate,30,mail,28,53
DAVIE,senate,30,mail,29,5
DAVIE,senate,30,mail,32,17
DAVIE,senate,30,mail,33,13
DAVIE,senate,30,mail,34,18
DAVIE,senate,30,mail,35,24
DAVIE,senate,30,mail,36,16
DAVIE,senate,30,mail,37,1
DAVIE,senate,30,mail,39,6
DAVIE,senate,30,mail,41,2
DAVIE,senate,30,mail,42,3
DAVIE,senate,30,mail,43,8
DUPLIN,house,4,inperson,3,1004
DUPLIN,house,4,inperson,4,1118
DUPLIN,house,4,inperson,5,819
DUPLIN,house,4,inperson,6,844
DUPLIN,house,4,inperson,7,883
DUPLIN,house,4,inperson,8,1078
DUPLIN,house,4,inperson,11,1127
DUPLIN,house,4,inperson,12,870
DUPLIN,house,4,inperson,13,974
DUPLIN,house,4,inperson,14,1083
DUPLIN,house,4,inperson,15,1404
DUPLIN,house,4,inperson,16,687
DUPLIN,house,4,inperson,18,1466
DUPLIN,house,4,inperson,19,1967
DUPLIN,house,4,mail,0,37
DUPLIN,house,4,mail,1,48
DUPLIN,house,4,mail,3,24
DUPLIN,house,4,mail,4,34
DUPLIN,house,4,mail,5,45
DUPLIN,house,4,mail,6,35
DUPLIN,house,4,mail,7,33
DUPLIN,house,4,mail,8,40
DUPLIN,house,4,mail,11,36
DUPLIN,house,4,mail,12,18
DUPLIN,house,4,mail,13,14
DUPLIN,house,4,mail,14,13
DUPLIN,house,4,mail,15,31
DUPLIN,house,4,mail,16,4
DUPLIN,house,4,mail,18,80
DUPLIN,house,4,mail,19,16
DUPLIN,house,4,mail,20,9
DUPLIN,house,4,mail,21,8
DUPLIN,house,4,mail,22,24
DUPLIN,house,4,mail,25,36
DUPLIN,house,4,mail,26,1
DUPLIN,house,4,mail,27,10
DUPLIN,house,4,mail,28,4
DUPLIN,house,4,mail,29,29
DUPLIN,house,4,mail,32,4
DUPLIN,house,4,mail,33,15
DUPLIN,house,4,mail,34,14
DUPLIN,house,4,mail,35,1
DUPLIN,house,4,mail,36,13
DUPLIN,house,4,mail,39,7
DUPLIN,house,4,mail,40,5
DUPLIN,house,4,mail,41,2
DUPLIN,house,4,mail,42,1
DUPLIN,house,4,mail,44,2
DUPLIN,senate,9,inperson,3,1004
DUPLIN,senate,9,inperson,4,1118
DUPLIN,senate,9,inperson,5,819
DUPLIN,senate,9,inperson,6,844
DUPLIN,senate,9,inperson,7,883
DUPLIN,senate,9,inperson,8,1078
DUPLIN,senate,9,inperson,11,1127
DUPLIN,senate,9,inperson,12,870
DUPLIN,senate,9,inperson,13,974
DUPLIN,senate,9,inperson,14,1083
DUPLIN,senate,9,inperson,15,1404
DUPLIN,senate,9,inperson,16,687
DUPLIN,senate,9,inperson,18,1466
DUPLIN,senate,9,inperson,19,1967
DUPLIN,senate,9,mail,0,37
DUPLIN,senate,9,mail,1,48
DUPLIN,senate,9,mail,3,24
DUPLIN,senate,9,mail,4,34
DUPLIN,senate,9,mail,5,45
DUPLIN,senate,9,mail,6,35
DUPLIN,senate,9,mail,7,33
DUPLIN,senate,9,mail,8,40
DUPLIN,senate,9,mail,11,36
DUPLIN,senate,9,mail,12,18
DUPLIN,senate,9,mail,13,14
DUPLIN,senate,9,mail,14,13
DUPLIN,senate,9,mail,15,31
DUPLIN,senate,9,mail,16,4
DUPLIN,senate,9,mail,18,80
DUPLIN,senate,9,mail,19,16
DUPLIN,senate,9,mail,20,9
DUPLIN,senate,9,mail,21,8
DUPLIN,senate,9,mail,22,24
DUPLIN,senate,9,mail,25,36
DUPLIN,senate,9,mail,26,1
DUPLIN,senate,9,mail,27,10
DUPLIN,senate,9,mail,28,4
DUPLIN,senate,9,mail,29,29
DUPLIN,senate,9,mail,32,4
DUPLIN,senate,9,mail,33,15
DUPLIN,senate,9,mail,34,14
DUPLIN,senate,9,mail,35,1
DUPLIN,senate,9,mail,36,13
DUPLIN,senate,9,mail,39,7
DUPLIN,senate,9,mail,40,5
DUPLIN,senate,9,mail,41,2
DUPLIN,senate,9,mail,42,1
DUPLIN,senate,9,mail,44,2
DURHAM,house,2,inperson,3,1196
DURHAM,house,2,inperson,4,1570
DURHAM,house,2,inperson,5,1083
DURHAM,house,2,inperson,6,1092
DURHAM,house,2,inperson,7,1273
DURHAM,house,2,inperson,8,1335
DURHAM,house,2,inperson,9,582
DURHAM,house,2,inperson,10,1003
DURHAM,house,2,inperson,11,1546
DURHAM,house,2,inperson,12,1510
DURHAM,house,2,inperson,13,1573
DURHAM,house,2,inperson,14,1802
DURHAM,house,2,inperson,15,1886
DURHAM,house,2,inperson,16,674
DURHAM,house,2,inperson,17,1422
DURHAM,house,2,inperson,18,1858
DURHAM,house,2,inperson,19,1835
DURHAM,house,2,mail,0,62
DURHAM,house,2,mail,1,97
DURHAM,house,2,mail,2,10
DURHAM,house,2,mail,3,15
DURHAM,house,2,mail,4,96
DURHAM,house,2,mail,5,49
DURHAM,house,2,mail,6,54
DURHAM,house,2,mail,7,43
DURHAM,house,2,mail,8,108
DURHAM,house,2,mail,9,5
DURHAM,house,2,mail,10,5
DURHAM,house,2,mail,11,32
DURHAM,house,2,mail,12,50
DURHAM,house,2,mail,13,82
DURHAM,house,2,mail,14,36
DURHAM,house,2,mail,15,57
DURHAM,house,2,mail,16,9
DURHAM,house,2,mail,17,8
DURHAM,house,2,mail,18,57
DURHAM,house,2,mail,19,24
DURHAM,house,2,mail,20,3
DURHAM,house,2,mail,21,44
DURHAM,house,2,mail,22,9
DURHAM,house,2,mail,23,1
DURHAM,house,2,mail,25,23
DURHAM,house,2,mail,26,17
DURHAM,house,2,mail,27,43
DURHAM,house,2,mail,28,20
DURHAM,house,2,mail,29,32
DURHAM,house,2,mail,30,2
DURHAM,house,2,mail,31,1
DURHAM,house,2,mail,32,14
DURHAM,house,2,mail,33,36
DURHAM,house,2,mail,34,22
DURHAM,house,2,mail,35,4
DURHAM,house,2,mail,36,3
DURHAM,house,2,mail,38,1
DURHAM,house,2,mail,39,4
DURHAM,house,2,mail,41,7
DURHAM,house,2,mail,42,5
DURHAM,house,2,mail,43,5
DURHAM,house,2,mail,44,5
DURHAM,house,2,mail,45,7
DURHAM,house,29,inperson,3,2288
DURHAM,house,29,inperson,4,3041
DURHAM,house,29,inperson,5,2004
DURHAM,house,29,inperson,6,2155
DURHAM,house,29,inperson,7,2171
DURHAM,house,29,inperson,8,2312
DURHAM,house,29,inperson,9,1017
DURHAM,house,29,inperson,10,1816
DURHAM,house,29,inperson,11,2753
DURHAM,house,29,inperson,12,2597
DURHAM,house,29,inperson,13,2682
DURHAM,house,29,inperson,14,3252
DURHAM,house,29,inperson,15,3524
DURHAM,house,29,inperson,16,1589
DURHAM,house,29,inperson,17,3017
DURHAM,house,29,inperson,18,3809
DURHAM,house,29,inperson,19,4297
DURHAM,house,29,mail,0,166
DURHAM,house,29,mail,1,262
DURHAM,house,29,mail,2,18
DURHAM,house,29,mail,3,81
DURHAM,house,29,mail,4,192
DURHAM,house,29,mail,5,131
DURHAM,house,29,mail,6,173
DURHAM,house,29,mail,7,150
DURHAM,house,29,mail,8,207
DURHAM,house,29,mail,9,21
DURHAM,house,29,mail,10,39
DURHAM,house,29,mail,11,130
DURHAM,house,29,mail,12,119
DURHAM,house,29,mail,13,217
DURHAM,house,29,mail,14,164
DURHAM,house,29,mail,15,136
DURHAM,house,29,mail,16,6
DURHAM,house,29,mail,17,34
DURHAM,house,29,mail,18,140
DURHAM,house,29,mail,19,74
DURHAM,house,29,mail,20,48
DURHAM,house,29,mail,21,126
DURHAM,house,29,mail,22,26
DURHAM,house,29,mail,23,7
DURHAM,house,29,mail,24,6
DURHAM,house,29,mail,25,82
DURHAM,house,29,mail,26,72
DURHAM,house,29,mail,27,77
DURHAM,house,29,mail,28,35
DURHAM,house,29,mail,29,112
DURHAM,house,29,mail,30,6
DURHAM,house,29,mail,31,11
DURHAM,house,29,mail,32,53
DURHAM,house,29,mail,33,90
DURHAM,house,29,mail,34,83
DURHAM,house,29,mail,35,25
DURHAM,house,29,mail,36,10
DURHAM,house,29,mail,37,6
DURHAM,house,29,mail,38,5
DURHAM,house,29,mail,39,7
DURHAM,house,29,mail,40,2
DURHAM,house,29,mail,41,18
DURHAM,house,29,mail,42,14
DURHAM,house,29,mail,43,14
DURHAM,house,29,mail,44,13
DURHAM,house,29,mail,45,27
DURHAM,house,29,mail,46,5
DURHAM,house,30,inperson,3,2011
DURHAM,house,30,inperson,4,2615
DURHAM,house,30,inperson,5,1815
DURHAM,house,30,inperson,6,1960
DURHAM,house,30,inperson,7,2045
DURHAM,house,30,inperson,8,2193
DURHAM,house,30,inperson,9,877
DURHAM,house,30,inperson,10,1565
DURHAM,house,30,inperson,11,2455
DURHAM,house,30,inperson,12,2243
DURHAM,house,30,inperson,13,2312
DURHAM,house,30,inperson,14,2613
DURHAM,house,30,inperson,15,2898
DURHAM,house,30,inperson,16,1200
DURHAM,house,30,inperson,17,2399
DURHAM,house,30,inperson,18,3003
DURHAM,house,30,inperson,19,3397
DURHAM,house,30,mail,0,176
DURHAM,house,30,mail,1,255
DURHAM,house,30,mail,2,30
DURHAM,house,30,mail,3,53
DURHAM,house,30,mail,4,232
DURHAM,house,30,mail,5,118
DURHAM,house,30,mail,6,126
DURHAM,house,30,mail,7,92
DURHAM,house,30,mail,8,187
DURHAM,house,30,mail,9,17
DURHAM,house,30,mail,10,33
DURHAM,house,30,mail,11,101
DURHAM,house,30,mail,12,133
DURHAM,house,30,mail,13,170
DURHAM,house,30,mail,14,141
DURHAM,house,30,mail,15,148
DURHAM,house,30,mail,16,15
DURHAM,house,30,mail,17,36
DURHAM,house,30,mail,18,121
DURHAM,house,30,mail,19,62
DURHAM,house,30,mail,20,38
DURHAM,house,30,mail,21,106
DURHAM,house,30,mail,22,44
DURHAM,house,30,mail,23,14
DURHAM,house,30,mail,24,7
DURHAM,house,30,mail,25,62
DURHAM,house,30,mail,26,47
DURHAM,house,30,mail,27,83
DURHAM,house,30,mail,28,43
DURHAM,house,30,mail,29,99
DURHAM,house,30,mail,30,8
DURHAM,house,30,mail,31,17
DURHAM,house,30,mail,32,31
DURHAM,house,30,mail,33,36
DURHAM,house,30,mail,34,78
DURHAM,house,30,mail,35,28
DURHAM,house,30,mail,36,15
DURHAM,house,30,mail,37,14
DURHAM,house,30,mail,38,5
DURHAM,house,30,mail,39,12
DURHAM,house,30,mail,40,7
DURHAM,house,30,mail,41,31
DURHAM,house,30,mail,42,30
DURHAM,house,30,mail,43,41
DURHAM,house,30,mail,44,22
DURHAM,house,30,mail,45,36
DURHAM,house,30,mail,46,5
DURHAM,house,31,inperson,3,2687
DURHAM,house,31,inperson,4,3132
DURHAM,house,31,inperson,5,2223
DURHAM,house,31,inperson,6,2156
DURHAM,house,31,inperson,7,2150
DURHAM,house,31,inperson,8,2136
DURHAM,house,31,inperson,9,931
DURHAM,house,31,inperson,10,1736
DURHAM,house,31,inperson,11,2439
DURHAM,house,31,inperson,12,2298
DURHAM,house,31,inperson,13,2360
DURHAM,house,31,inperson,14,2855
DURHAM,house,31,inperson,15,3051
DURHAM,house,31,inperson,16,1166
DURHAM,house,31,inperson,17,2427
DURHAM,house,31,inperson,18,3370
DURHAM,house,31,inperson,19,3316
DURHAM,house,31,mail,0,182
DURHAM,house,31,mail,1,164
DURHAM,house,31,mail,2,13
DURHAM,house,31,mail,3,67
DURHAM,house,31,mail,4,218
DURHAM,house,31,mail,5,97
DURHAM,house,31,mail,6,133
DURHAM,house,31,mail,7,73
DURHAM,house,31,mail,8,186
DURHAM,house,31,mail,9,7
DURHAM,house,31,mail,10,23
DURHAM,house,31,mail,11,76
DURHAM,house,31,mail,12,113
DURHAM,house,31,mail,13,172
DURHAM,house,31,mail,14,131
DURHAM,house,31,mail,15,115
DURHAM,house,31,mail,16,26
DURHAM,house,31,mail,17,15
DURHAM,house,31,mail,18,100
DURHAM,house,31,mail,19,41
DURHAM,house,31,mail,20,9
DURHAM,house,31,mail,21,110
DURHAM,house,31,mail,22,4
DURHAM,house,31,mail,23,2
DURHAM,house,31,mail,24,1
DURHAM,house,31,mail,25,66
DURHAM,house,31,mail,26,59
DURHAM,house,31,mail,27,64
DURHAM,house,31,mail,28,16
DURHAM,house,31,mail,29,66
DURHAM,house,31,mail,30,1
DURHAM,house,31,mail,32,34
DURHAM,house,31,mail,33,60
DURHAM,house,31,mail,34,73
DURHAM,house,31,mail,35,5
DURHAM,house,31,mail,36,2
DURHAM,house,31,mail,37,4
DURHAM,house,31,mail,39,3
DURHAM,house,31,mail,40,2
DURHAM,house,31,mail,41,8
DURHAM,house,31,mail,42,5
DURHAM,house,31,mail,43,5
DURHAM,house,31,mail,44,3
DURHAM,house,31,mail,45,10
DURHAM,house,31,mail,46,1
DURHAM,senate,20,inperson,3,3567
DURHAM,senate,20,inperson,4,4525
DURHAM,senate,20,inperson,5,3091
DURHAM,senate,20,inperson,6,3155
DURHAM,senate,20,inperson,7,3172
DURHAM,senate,20,inperson,8,3221
DURHAM,senate,20,inperson,9,1417
DURHAM,senate,20,inperson,10,2575
DURHAM,senate,20,inperson,11,3765
DURHAM,senate,20,inperson,12,3488
DURHAM,senate,20,inperson,13,3608
DURHAM,senate,20,inperson,14,4343
DURHAM,senate,20,inperson,15,4640
DURHAM,senate,20,inperson,16,2016
DURHAM,senate,20,inperson,17,3964
DURHAM,senate,20,inperson,18,5141
DURHAM,senate,20,inperson,19,5440
DURHAM,senate,20,mail,0,259
DURHAM,senate,20,mail,1,325
DURHAM,senate,20,mail,2,27
DURHAM,senate,20,mail,3,113
DURHAM,senate,20,mail,4,278
DURHAM,senate,20,mail,5,182
DURHAM,senate,20,mail,6,230
DURHAM,senate,20,mail,7,176
DURHAM,senate,20,mail,8,286
DURHAM,senate,20,mail,9,27
DURHAM,senate,20,mail,10,51
DURHAM,senate,20,mail,11,160
DURHAM,senate,20,mail,12,180
DURHAM,senate,20,mail,13,264
DURHAM,senate,20,mail,14,217
DURHAM,senate,20,mail,15,178
DURHAM,senate,20,mail,16,24
DURHAM,senate,20,mail,17,37
DURHAM,senate,20,mail,18,181
DURHAM,senate,20,mail,19,94
DURHAM,senate,20,mail,20,46
DURHAM,senate,20,mail,21,174
DURHAM,senate,20,mail,22,22
DURHAM,senate,20,mail,23,7
DURHAM,senate,20,mail,24,6
DURHAM,senate,20,mail,25,96
DURHAM,senate,20,mail,26,98
DURHAM,senate,20,mail,27,109
DURHAM,senate,20,mail,28,40
DURHAM,senate,20,mail,29,136
DURHAM,senate,20,mail,30,4
DURHAM,senate,20,mail,31,11
DURHAM,senate,20,mail,32,68
DURHAM,senate,20,mail,33,119
DURHAM,senate,20,mail,34,104
DURHAM,senate,20,mail,35,23
DURHAM,senate,20,mail,36,10
DURHAM,senate,20,mail,37,7
DURHAM,senate,20,mail,38,3
DURHAM,senate,20,mail,39,7
DURHAM,senate,20,mail,40,4
DURHAM,senate,20,mail,41,16
DURHAM,senate,20,mail,42,17
DURHAM,senate,20,mail,43,11
DURHAM,senate,20,mail,44,13
DURHAM,senate,20,mail,45,23
DURHAM,senate,20,mail,46,6
DURHAM,senate,22,inperson,3,4615
DURHAM,senate,22,inperson,4,5833
DURHAM,senate,22,inperson,5,4034
DURHAM,senate,22,inperson,6,4208
DURHAM,senate,22,inperson,7,4467
DURHAM,senate,22,inperson,8,4755
DURHAM,senate,22,inperson,9,1990
DURHAM,senate,22,inperson,10,3545
DURHAM,senate,22,inperson,11,5428
DURHAM,senate,22,inperson,12,5160
DURHAM,senate,22,inperson,13,5319
DURHAM,senate,22,inperson,14,6179
DURHAM,senate,22,inperson,15,6719
DURHAM,senate,22,inperson,16,2613
DURHAM,senate,22,inperson,17,5301
DURHAM,senate,22,inperson,18,6899
DURHAM,senate,22,inperson,19,7405
DURHAM,senate,22,mail,0,327
DURHAM,senate,22,mail,1,453
DURHAM,senate,22,mail,2,44
DURHAM,senate,22,mail,3,103
DURHAM,senate,22,mail,4,460
DURHAM,senate,22,mail,5,213
DURHAM,senate,22,mail,6,256
DURHAM,senate,22,mail,7,182
DURHAM,senate,22,mail,8,402
DURHAM,senate,22,mail,9,23
DURHAM,senate,22,mail,10,49
DURHAM,senate,22,mail,11,179
DURHAM,senate,22,mail,12,235
DURHAM,senate,22,mail,13,377
DURHAM,senate,22,mail,14,255
DURHAM,senate,22,mail,15,278
DURHAM,senate,22,mail,16,32
DURHAM,senate,22,mail,17,56
DURHAM,senate,22,mail,18,237
DURHAM,senate,22,mail,19,107
DURHAM,senate,22,mail,20,52
DURHAM,senate,22,mail,21,212
DURHAM,senate,22,mail,22,61
DURHAM,senate,22,mail,23,17
DURHAM,senate,22,mail,24,8
DURHAM,senate,22,mail,25,137
DURHAM,senate,22,mail,26,97
DURHAM,senate,22,mail,27,158
DURHAM,senate,22,mail,28,74
DURHAM,senate,22,mail,29,173
DURHAM,senate,22,mail,30,13
DURHAM,senate,22,mail,31,18
DURHAM,senate,22,mail,32,64
DURHAM,senate,22,mail,33,103
DURHAM,senate,22,mail,34,152
DURHAM,senate,22,mail,35,39
DURHAM,senate,22,mail,36,20
DURHAM,senate,22,mail,37,17
DURHAM,senate,22,mail,38,8
DURHAM,senate,22,mail,39,19
DURHAM,senate,22,mail,40,7
DURHAM,senate,22,mail,41,48
DURHAM,senate,22,mail,42,37
DURHAM,senate,22,mail,43,54
DURHAM,senate,22,mail,44,30
DURHAM,senate,22,mail,45,57
DURHAM,senate,22,mail,46,5
EDGECOMBE,house,23,inperson,3,1083
EDGECOMBE,house,23,inperson,4,1265
EDGECOMBE,house,23,inperson,5,904
EDGECOMBE,house,23,inperson,6,1064
EDGECOMBE,house,23,inperson,7,1004
EDGECOMBE,house,23,inperson,8,1163
EDGECOMBE,house,23,inperson,10,550
EDGECOMBE,house,23,inperson,11,1165
EDGECOMBE,house,23,inperson,12,1135
EDGECOMBE,house,23,inperson,13,1246
EDGECOMBE,house,23,inperson,14,1631
EDGECOMBE,house,23,inperson,15,2062
EDGECOMBE,house,23,inperson,18,1853
EDGECOMBE,house,23,inperson,19,2388
EDGECOMBE,house,23,mail,0,49
EDGECOMBE,house,23,mail,1,36
EDGECOMBE,house,23,mail,2,1
EDGECOMBE,house,23,mail,3,6
EDGECOMBE,house,23,mail,4,28
EDGECOMBE,house,23,mail,5,26
EDGECOMBE,house,23,mail,6,26
EDGECOMBE,house,23,mail,7,44
EDGECOMBE,house,23,mail,8,21
EDGECOMBE,house,23,mail,10,2
EDGECOMBE,house,23,mail,11,16
EDGECOMBE,house,23,mail,12,20
EDGECOMBE,house,23,mail,13,25
EDGECOMBE,house,23,mail,14,13
EDGECOMBE,house,23,mail,15,37
EDGECOMBE,house,23,mail,18,39
EDGECOMBE,house,23,mail,19,6
EDGECOMBE,house,23,mail,20,12
EDGECOMBE,house,23,mail,21,7
EDGECOMBE,house,23,mail,22,7
EDGECOMBE,house,23,mail,25,12
EDGECOMBE,house,23,mail,26,8
EDGECOMBE,house,23,mail,27,3
EDGECOMBE,house,23,mail,28,17
EDGECOMBE,house,23,mail,29,9
EDGECOMBE,house,23,mail,32,12
EDGECOMBE,house,23,mail,33,1
EDGECOMBE,house,23,mail,34,6
EDGECOMBE,house,23,mail,35,6
EDGECOMBE,house,23,mail,36,3
EDGECOMBE,house,23,mail,39,1
EDGECOMBE,house,23,mail,43,1
EDGECOMBE,senate,5,inperson,3,1083
EDGECOMBE,senate,5,inperson,4,1265
EDGECOMBE,senate,5,inperson,5,904
EDGECOMBE,senate,5,inperson,6,1064
EDGECOMBE,senate,5,inperson,7,1004
EDGECOMBE,senate,5,inperson,8,1163
EDGECOMBE,senate,5,inperson,10,550
EDGECOMBE,senate,5,inperson,11,1165
EDGECOMBE,senate,5,inperson,12,1135
EDGECOMBE,senate,5,inperson,13,1246
EDGECOMBE,senate,5,inperson,14,1631
EDGECOMBE,senate,5,inperson,15,2062
EDGECOMBE,senate,5,inperson,18,1853
EDGECOMBE,senate,5,inperson,19,2388
EDGECOMBE,senate,5,mail,0,49
EDGECOMBE,senate,5,mail,1,36
EDGECOMBE,senate,5,mail,2,1
EDGECOMBE,senate,5,mail,3,6
EDGECOMBE,senate,5,mail,4,28
EDGECOMBE,senate,5,mail,5,26
EDGECOMBE,senate,5,mail,6,26
EDGECOMBE,senate,5,mail,7,44
EDGECOMBE,senate,5,mail,8,21
EDGECOMBE,senate,5,mail,10,2
EDGECOMBE,senate,5,mail,11,16
EDGECOMBE,senate,5,mail,12,20
EDGECOMBE,senate,5,mail,13,25
EDGECOMBE,senate,5,mail,14,13
EDGECOMBE,senate,5,mail,15,37
EDGECOMBE,senate,5,mail,18,39
EDGECOMBE,senate,5,mail,19,6
EDGECOMBE,senate,5,mail,20,12
EDGECOMBE,senate,5,mail,21,7
EDGECOMBE,senate,5,mail,22,7
EDGECOMBE,senate,5,mail,25,12
EDGECOMBE,senate,5,mail,26,8
EDGECOMBE,senate,5,mail,27,3
EDGECOMBE,senate,5,mail,28,17
EDGECOMBE,senate,5,mail,29,9
EDGECOMBE,senate,5,mail,32,12
EDGECOMBE,senate,5,mail,33,1
EDGECOMBE,senate,5,mail,34,6
EDGECOMBE,senate,5,mail,35,6
EDGECOMBE,senate,5,mail,36,3
EDGECOMBE,senate,5,mail,39,1
EDGECOMBE,senate,5,mail,43,1
FORSYTH,house,71,inperson,3,2029
FORSYTH,house,71,inperson,4,2328
FORSYTH,house,71,inperson,5,1757
FORSYTH,house,71,inperson,6,1764
FORSYTH,house,71,inperson,7,1875
FORSYTH,house,71,inperson,8,1916
FORSYTH,house,71,inperson,9,630
FORSYTH,house,71,inperson,10,1316
FORSYTH,house,71,inperson,11,2047
FORSYTH,house,71,inperson,12,2114
FORSYTH,house,71,inperson,13,2115
FORSYTH,house,71,inperson,14,2371
FORSYTH,house,71,inperson,15,2359
FORSYTH,house,71,inperson,16,853
FORSYTH,house,71,inperson,17,1596
FORSYTH,house,71,inperson,18,2325
FORSYTH,house,71,inperson,19,2512
FORSYTH,house,71,mail,0,202
FORSYTH,house,71,mail,1,181
FORSYTH,house,71,mail,2,20
FORSYTH,house,71,mail,3,55
FORSYTH,house,71,mail,4,130
FORSYTH,house,71,mail,5,136
FORSYTH,house,71,mail,6,124
FORSYTH,house,71,mail,7,115
FORSYTH,house,71,mail,8,216
FORSYTH,house,71,mail,9,16
FORSYTH,house,71,mail,10,28
FORSYTH,house,71,mail,11,68
FORSYTH,house,71,mail,12,82
FORSYTH,house,71,mail,13,103
FORSYTH,house,71,mail,14,82
FORSYTH,house,71,mail,15,131
FORSYTH,house,71,mail,16,21
FORSYTH,house,71,mail,17,14
FORSYTH,house,71,mail,18,116
FORSYTH,house,71,mail,19,110
FORSYTH,house,71,mail,20,13
FORSYTH,house,71,mail,21,54
FORSYTH,house,71,mail,22,59
FORSYTH,house,71,mail,23,3
FORSYTH,house,71,mail,24,2
FORSYTH,house,71,mail,25,33
FORSYTH,house,71,mail,26,50
FORSYTH,house,71,mail,27,53
FORSYTH,house,71,mail,28,97
FORSYTH,house,71,mail,29,82
FORSYTH,house,71,mail,30,5
FORSYTH,house,71,mail,31,1
FORSYTH,house,71,mail,32,52
FORSYTH,house,71,mail,33,28
FORSYTH,house,71,mail,34,37
FORSYTH,house,71,mail,35,29
FORSYTH,house,71,mail,36,35
FORSYTH,house,71,mail,37,2
FORSYTH,house,71,mail,38,2
FORSYTH,house,71,mail,39,3
FORSYTH,house,71,mail,40,6
FORSYTH,house,71,mail,41,3
FORSYTH,house,71,mail,42,3
FORSYTH,house,71,mail,43,3
FORSYTH,house,71,mail,44,1
FORSYTH,house,71,mail,45,3
FORSYTH,house,71,mail,46,3
FORSYTH,house,72,inperson,3,1941
FORSYTH,house,72,inperson,4,2226
FORSYTH,house,72,inperson,5,1576
FORSYTH,house,72,inperson,6,1750
FORSYTH,house,72,inperson,7,1673
FORSYTH,house,72,inperson,8,1779
FORSYTH,house,72,inperson,9,650
FORSYTH,house,72,inperson,10,1140
FORSYTH,house,72,inperson,11,1886
FORSYTH,house,72,inperson,12,1893
FORSYTH,house,72,inperson,13,1947
FORSYTH,house,72,inperson,14,2037
FORSYTH,house,72,inperson,15,2223
FORSYTH,house,72,inperson,16,821
FORSYTH,house,72,inperson,17,1444
FORSYTH,house,72,inperson,18,2422
FORSYTH,house,72,inperson,19,2575
FORSYTH,house,72,mail,0,222
FORSYTH,house,72,mail,1,170
FORSYTH,house,72,mail,2,32
FORSYTH,house,72,mail,3,33
FORSYTH,house,72,mail,4,106
FORSYTH,house,72,mail,5,187
FORSYTH,house,72,mail,6,108
FORSYTH,house,72,mail,7,103
FORSYTH,house,72,mail,8,235
FORSYTH,house,72,mail,9,16
FORSYTH,house,72,mail,10,25
FORSYTH,house,72,mail,11,97
FORSYTH,house,72,mail,12,93
FORSYTH,house,72,mail,13,151
FORSYTH,house,72,mail,14,76
FORSYTH,house,72,mail,15,175
FORSYTH,house,72,mail,16,19
FORSYTH,house,72,mail,17,13
FORSYTH,house,72,mail,18,88
FORSYTH,house,72,mail,19,143
FORSYTH,house,72,mail,20,24
FORSYTH,house,72,mail,21,73
FORSYTH,house,72,mail,22,78
FORSYTH,house,72,mail,23,3
FORSYTH,house,72,mail,24,6
FORSYTH,house,72,mail,25,38
FORSYTH,house,72,mail,26,59
FORSYTH,house,72,mail,27,31
FORSYTH,house,72,mail,28,103
FORSYTH,house,72,mail,29,79
FORSYTH,house,72,mail,30,12
FORSYTH,house,72,mail,31,4
FORSYTH,house,72,mail,32,54
FORSYTH,house,72,mail,33,25
FORSYTH,house,72,mail,34,50
FORSYTH,house,72,mail,35,21
FORSYTH,house,72,mail,36,38
FORSYTH,house,72,mail,37,2
FORSYTH,house,72,mail,38,4
FORSYTH,house,72,mail,39,7
FORSYTH,house,72,mail,40,3
FORSYTH,house,72,mail,41,6
FORSYTH,house,72,mail,42,10
FORSYTH,house,72,mail,43,3
FORSYTH,house,72,mail,44,9
FORSYTH,house,72,mail,45,6
FORSYTH,house,72,mail,46,3
FORSYTH,house,74,inperson,3,1937
FORSYTH,house,74,inperson,4,2733
FORSYTH,house,74,inperson,5,2012
FORSYTH,house,74,inperson,6,2297
FORSYTH,house,74,inperson,7,2498
FORSYTH,house,74,inperson,8,2622
FORSYTH,house,74,inperson,9,912
FORSYTH,house,74,inperson,10,1679
FORSYTH,house,74,inperson,11,2889
FORSYTH,house,74,inperson,12,2851
FORSYTH,house,74,inperson,13,3124
FORSYTH,house,74,inperson,14,3146
FORSYTH,house,74,inperson,15,3136
FORSYTH,house,74,inperson,16,1178
FORSYTH,house,74,inperson,17,2117
FORSYTH,house,74,inperson,18,3116
FORSYTH,house,74,inperson,19,2934
FORSYTH,house,74,mail,0,213
FORSYTH,house,74,mail,1,211
FORSYTH,house,74,mail,2,49
FORSYTH,house,74,mail,3,60
FORSYTH,house,74,mail,4,167
FORSYTH,house,74,mail,5,225
FORSYTH,house,74,mail,6,165
FORSYTH,house,74,mail,7,137
FORSYTH,house,74,mail,8,331
FORSYTH,house,74,mail,9,29
FORSYTH,house,74,mail,10,29
FORSYTH,house,74,mail,11,72
FORSYTH,house,74,mail,12,137
FORSYTH,house,74,mail,13,127
FORSYTH,house,74,mail,14,131
FORSYTH,house,74,mail,15,270
FORSYTH,house,74,mail,16,18
FORSYTH,house,74,mail,17,26
FORSYTH,house,74,mail,18,156
FORSYTH,house,74,mail,19,195
FORSYTH,house,74,mail,20,22
FORSYTH,house,74,mail,21,76
FORSYTH,house,74,mail,22,95
FORSYTH,house,74,mail,23,5
FORSYTH,house,74,mail,24,4
FORSYTH,house,74,mail,25,38
FORSYTH,house,74,mail,26,63
FORSYTH,house,74,mail,27,77
FORSYTH,house,74,mail,28,137
FORSYTH,house,74,mail,29,93
FORSYTH,house,74,mail,30,9
FORSYTH,house,74,mail,31,1
FORSYTH,house,74,mail,32,65
FORSYTH,house,74,mail,33,18
FORSYTH,house,74,mail,34,57
FORSYTH,house,74,mail,35,40
FORSYTH,house,74,mail,36,50
FORSYTH,house,74,mail,37,3
FORSYTH,house,74,mail,38,1
FORSYTH,house,74,mail,39,12
FORSYTH,house,74,mail,40,1
FORSYTH,house,74,mail,41,2
FORSYTH,house,74,mail,42,4
FORSYTH,house,74,mail,43,7
FORSYTH,house,74,mail,44,4
FORSYTH,house,74,mail,45,3
FORSYTH,house,74,mail,46,3
FORSYTH,house,75,inperson,3,1928
FORSYTH,house,75,inperson,4,2541
FORSYTH,house,75,inperson,5,1690
FORSYTH,house,75,inperson,6,1754
FORSYTH,house,75,inperson,7,1825
FORSYTH,house,75,inperson,8,2171
FORSYTH,house,75,inperson,9,797
FORSYTH,house,75,inperson,10,1472
FORSYTH,house,75,inperson,11,2345
FORSYTH,house,75,inperson,12,2263
FORSYTH,house,75,inperson,13,2377
FORSYTH,house,75,inperson,14,2878
FORSYTH,house,75,inperson,15,2970
FORSYTH,house,75,inperson,16,1024
FORSYTH,house,75,inperson,17,1999
FORSYTH,house,75,inperson,18,3331
FORSYTH,house,75,inperson,19,3485
FORSYTH,house,75,mail,0,156
FORSYTH,house,75,mail,1,115
FORSYTH,house,75,mail,2,28
FORSYTH,house,75,mail,3,42
FORSYTH,house,75,mail,4,101
FORSYTH,house,75,mail,5,134
FORSYTH,house,75,mail,6,97
FORSYTH,house,75,mail,7,97
FORSYTH,house,75,mail,8,180
FORSYTH,house,75,mail,9,2
FORSYTH,house,75,mail,10,19
FORSYTH,house,75,mail,11,86
FORSYTH,house,75,mail,12,132
FORSYTH,house,75,mail,13,100
FORSYTH,house,75,mail,14,79
FORSYTH,house,75,mail,15,142
FORSYTH,house,75,mail,16,11
FORSYTH,house,75,mail,17,25
FORSYTH,house,75,mail,18,101
FORSYTH,house,75,mail,19,109
FORSYTH,house,75,mail,20,6
FORSYTH,house,75,mail,21,38
FORSYTH,house,75,mail,22,64
FORSYTH,house,75,mail,23,3
FORSYTH,house,75,mail,24,3
FORSYTH,house,75,mail,25,24
FORSYTH,house,75,mail,26,38
FORSYTH,house,75,mail,27,65
FORSYTH,house,75,mail,28,136
FORSYTH,house,75,mail,29,75
FORSYTH,house,75,mail,30,3
FORSYTH,house,75,mail,31,1
FORSYTH,house,75,mail,32,42
FORSYTH,house,75,mail,33,18
FORSYTH,house,75,mail,34,31
FORSYTH,house,75,mail,35,57
FORSYTH,house,75,mail,36,35
FORSYTH,house,75,mail,39,3
FORSYTH,house,75,mail,40,3
FORSYTH,house,75,mail,41,2
FORSYTH,house,75,mail,42,2
FORSYTH,house,75,mail,43,2
FORSYTH,house,75,mail,44,2
FORSYTH,house,75,mail,45,2
FORSYTH,house,91,inperson,3,850
FORSYTH,house,91,inperson,4,946
FORSYTH,house,91,inperson,5,679
FORSYTH,house,91,inperson,6,768
FORSYTH,house,91,inperson,7,769
FORSYTH,house,91,inperson,8,864
FORSYTH,house,91,inperson,9,319
FORSYTH,house,91,inperson,10,584
FORSYTH,house,91,inperson,11,915
FORSYTH,house,91,inperson,12,952
FORSYTH,house,91,inperson,13,1093
FORSYTH,house,91,inperson,14,1081
FORSYTH,house,91,inperson,15,1302
FORSYTH,house,91,inperson,16,400
FORSYTH,house,91,inperson,17,871
FORSYTH,house,91,inperson,18,1287
FORSYTH,house,91,inperson,19,1477
FORSYTH,house,91,mail,0,66
FORSYTH,house,91,mail,1,58
FORSYTH,house,91,mail,2,8
FORSYTH,house,91,mail,3,9
FORSYTH,house,91,mail,4,34
FORSYTH,house,91,mail,5,48
FORSYTH,house,91,mail,6,36
FORSYTH,house,91,mail,7,27
FORSYTH,house,91,mail,8,67
FORSYTH,house,91,mail,9,1
FORSYTH,house,91,mail,10,8
FORSYTH,house,91,mail,11,23
FORSYTH,house,91,mail,12,41
FORSYTH,house,91,mail,13,48
FORSYTH,house,91,mail,14,22
FORSYTH,house,91,mail,15,68
FORSYTH,house,91,mail,16,3
FORSYTH,house,91,mail,17,9
FORSYTH,house,91,mail,18,60
FORSYTH,house,91,mail,19,20
FORSYTH,house,91,mail,20,2
FORSYTH,house,91,mail,21,13
FORSYTH,house,91,mail,22,27
FORSYTH,house,91,mail,23,1
FORSYTH,house,91,mail,25,16
FORSYTH,house,91,mail,26,17
FORSYTH,house,91,mail,27,20
FORSYTH,house,91,mail,28,35
FORSYTH,house,91,mail,29,45
FORSYTH,house,91,mail,30,1
FORSYTH,house,91,mail,32,14
FORSYTH,house,91,mail,33,3
FORSYTH,house,91,mail,34,16
FORSYTH,house,91,mail,35,13
FORSYTH,house,91,mail,36,8
FORSYTH,house,91,mail,37,2
FORSYTH,house,91,mail,38,1
FORSYTH,house,91,mail,41,1
FORSYTH,house,91,mail,42,1
FORSYTH,senate,31,inperson,3,3859
FORSYTH,senate,31,inperson,4,5280
FORSYTH,senate,31,inperson,5,3688
FORSYTH,senate,31,inperson,6,4102
FORSYTH,senate,31,inperson,7,4298
FORSYTH,senate,31,inperson,8,4868
FORSYTH,senate,31,inperson,9,1735
FORSYTH,senate,31,inperson,10,3225
FORSYTH,senate,31,inperson,11,5382
FORSYTH,senate,31,inperson,12,5297
FORSYTH,senate,31,inperson,13,5684
FORSYTH,senate,31,inperson,14,6186
FORSYTH,senate,31,inperson,15,6388
FORSYTH,senate,31,inperson,16,2200
FORSYTH,senate,31,inperson,17,4309
FORSYTH,senate,31,inperson,18,6664
FORSYTH,senate,31,inperson,19,6817
FORSYTH,senate,31,mail,0,369
FORSYTH,senate,31,mail,1,327
FORSYTH,senate,31,mail,2,71
FORSYTH,senate,31,mail,3,105
FORSYTH,senate,31,mail,4,253
FORSYTH,senate,31,mail,5,347
FORSYTH,senate,31,mail,6,254
FORSYTH,senate,31,mail,7,224
FORSYTH,senate,31,mail,8,504
FORSYTH,senate,31,mail,9,28
FORSYTH,senate,31,mail,10,52
FORSYTH,senate,31,mail,11,153
FORSYTH,senate,31,mail,12,283
FORSYTH,senate,31,mail,13,234
FORSYTH,senate,31,mail,14,192
FORSYTH,senate,31,mail,15,417
FORSYTH,senate,31,mail,16,30
FORSYTH,senate,31,mail,17,58
FORSYTH,senate,31,mail,18,251
FORSYTH,senate,31,mail,19,285
FORSYTH,senate,31,mail,20,26
FORSYTH,senate,31,mail,21,103
FORSYTH,senate,31,mail,22,156
FORSYTH,senate,31,mail,23,7
FORSYTH,senate,31,mail,24,4
FORSYTH,senate,31,mail,25,66
FORSYTH,senate,31,mail,26,99
FORSYTH,senate,31,mail,27,146
FORSYTH,senate,31,mail,28,271
FORSYTH,senate,31,mail,29,184
FORSYTH,senate,31,mail,30,11
FORSYTH,senate,31,mail,31,2
FORSYTH,senate,31,mail,32,106
FORSYTH,senate,31,mail,33,35
FORSYTH,senate,31,mail,34,87
FORSYTH,senate,31,mail,35,96
FORSYTH,senate,31,mail,36,80
FORSYTH,senate,31,mail,37,3
FORSYTH,senate,31,mail,38,1
FORSYTH,senate,31,mail,39,10
FORSYTH,senate,31,mail,40,3
FORSYTH,senate,31,mail,41,3
FORSYTH,senate,31,mail,42,6
FORSYTH,senate,31,mail,43,6
FORSYTH,senate,31,mail,44,2
FORSYTH,senate,31,mail,45,5
FORSYTH,senate,31,mail,46,3
FORSYTH,senate,32,inperson,3,4826
FORSYTH,senate,32,inperson,4,5494
FORSYTH,senate,32,inperson,5,4026
FORSYTH,senate,32,inperson,6,4231
FORSYTH,senate,32,inperson,7,4342
FORSYTH,senate,32,inperson,8,4484
FORSYTH,senate,32,inperson,9,1573
FORSYTH,senate,32,inperson,10,2966
FORSYTH,senate,32,inperson,11,4700
FORSYTH,senate,32,inperson,12,4776
FORSYTH,senate,32,inperson,13,4972
FORSYTH,senate,32,inperson,14,5327
FORSYTH,senate,32,inperson,15,5602
FORSYTH,senate,32,inperson,16,2076
FORSYTH,senate,32,inperson,17,3718
FORSYTH,senate,32,inperson,18,5817
FORSYTH,senate,32,inperson,19,6166
FORSYTH,senate,32,mail,0,490
FORSYTH,senate,32,mail,1,408
FORSYTH,senate,32,mail,2,66
FORSYTH,senate,32,mail,3,94
FORSYTH,senate,32,mail,4,285
FORSYTH,senate,32,mail,5,383
FORSYTH,senate,32,mail,6,276
FORSYTH,senate,32,mail,7,255
FORSYTH,senate,32,mail,8,525
FORSYTH,senate,32,mail,9,36
FORSYTH,senate,32,mail,10,57
FORSYTH,senate,32,mail,11,193
FORSYTH,senate,32,mail,12,202
FORSYTH,senate,32,mail,13,295
FORSYTH,senate,32,mail,14,198
FORSYTH,senate,32,mail,15,369
FORSYTH,senate,32,mail,16,42
FORSYTH,senate,32,mail,17,29
FORSYTH,senate,32,mail,18,270
FORSYTH,senate,32,mail,19,292
FORSYTH,senate,32,mail,20,41
FORSYTH,senate,32,mail,21,151
FORSYTH,senate,32,mail,22,167
FORSYTH,senate,32,mail,23,8
FORSYTH,senate,32,mail,24,11
FORSYTH,senate,32,mail,25,83
FORSYTH,senate,32,mail,26,128
FORSYTH,senate,32,mail,27,100
FORSYTH,senate,32,mail,28,237
FORSYTH,senate,32,mail,29,190
FORSYTH,senate,32,mail,30,19
FORSYTH,senate,32,mail,31,5
FORSYTH,senate,32,mail,32,121
FORSYTH,senate,32,mail,33,57
FORSYTH,senate,32,mail,34,104
FORSYTH,senate,32,mail,35,64
FORSYTH,senate,32,mail,36,86
FORSYTH,senate,32,mail,37,6
FORSYTH,senate,32,mail,38,7
FORSYTH,senate,32,mail,39,15
FORSYTH,senate,32,mail,40,10
FORSYTH,senate,32,mail,41,11
FORSYTH,senate,32,mail,42,14
FORSYTH,senate,32,mail,43,9
FORSYTH,senate,32,mail,44,14
FORSYTH,senate,32,mail,45,9
FORSYTH,senate,32,mail,46,6
FRANKLIN,house,7,inperson,3,2007
FRANKLIN,house,7,inperson,4,2361
FRANKLIN,house,7,inperson,5,1530
FRANKLIN,house,7,inperson,6,1600
FRANKLIN,house,7,inperson,7,1739
FRANKLIN,house,7,inperson,8,1897
FRANKLIN,house,7,inperson,9,808
FRANKLIN,house,7,inperson,10,1240
FRANKLIN,house,7,inperson,11,1905
FRANKLIN,house,7,inperson,12,1794
FRANKLIN,house,7,inperson,13,1970
FRANKLIN,house,7,inperson,14,2285
FRANKLIN,house,7,inperson,15,2734
FRANKLIN,house,7,inperson,17,1613
FRANKLIN,house,7,inperson,18,3116
FRANKLIN,house,7,inperson,19,4025
FRANKLIN,house,7,mail,0,116
FRANKLIN,house,7,mail,1,56
FRANKLIN,house,7,mail,2,51
FRANKLIN,house,7,mail,3,45
FRANKLIN,house,7,mail,4,132
FRANKLIN,house,7,mail,5,103
FRANKLIN,house,7,mail,6,33
FRANKLIN,house,7,mail,7,13
FRANKLIN,house,7,mail,8,126
FRANKLIN,house,7,mail,9,3
FRANKLIN,house,7,mail,10,11
FRANKLIN,house,7,mail,11,104
FRANKLIN,house,7,mail,12,70
FRANKLIN,house,7,mail,13,36
FRANKLIN,house,7,mail,14,61
FRANKLIN,house,7,mail,15,86
FRANKLIN,house,7,mail,16,75
FRANKLIN,house,7,mail,17,5
FRANKLIN,house,7,mail,18,70
FRANKLIN,house,7,mail,19,18
FRANKLIN,house,7,mail,20,10
FRANKLIN,house,7,mail,21,35
FRANKLIN,house,7,mail,22,11
FRANKLIN,house,7,mail,23,2
FRANKLIN,house,7,mail,24,27
FRANKLIN,house,7,mail,25,60
FRANKLIN,house,7,mail,26,34
FRANKLIN,house,7,mail,27,9
FRANKLIN,house,7,mail,28,36
FRANKLIN,house,7,mail,29,41
FRANKLIN,house,7,mail,32,22
FRANKLIN,house,7,mail,33,48
FRANKLIN,house,7,mail,34,38
FRANKLIN,house,7,mail,35,10
FRANKLIN,house,7,mail,36,30
FRANKLIN,house,7,mail,39,5
FRANKLIN,house,7,mail,40,2
FRANKLIN,house,7,mail,41,2
FRANKLIN,house,7,mail,42,3
FRANKLIN,house,7,mail,43,2
FRANKLIN,house,7,mail,44,2
FRANKLIN,house,7,mail,45,1
FRANKLIN,house,7,mail,46,3
FRANKLIN,senate,11,inperson,3,2007
FRANKLIN,senate,11,inperson,4,2361
FRANKLIN,senate,11,inperson,5,1530
FRANKLIN,senate,11,inperson,6,1600
FRANKLIN,senate,11,inperson,7,1739
FRANKLIN,senate,11,inperson,8,1897
FRANKLIN,senate,11,inperson,9,808
FRANKLIN,senate,11,inperson,10,1240
FRANKLIN,senate,11,inperson,11,1905
FRANKLIN,senate,11,inperson,12,1794
FRANKLIN,senate,11,inperson,13,1970
FRANKLIN,senate,11,inperson,14,2285
FRANKLIN,senate,11,inperson,15,2734
FRANKLIN,senate,11,inperson,17,1613
FRANKLIN,senate,11,inperson,18,3116
FRANKLIN,senate,11,inperson,19,4025
FRANKLIN,senate,11,mail,0,116
FRANKLIN,senate,11,mail,1,56
FRANKLIN,senate,11,mail,2,51
FRANKLIN,senate,11,mail,3,45
FRANKLIN,senate,11,mail,4,132
FRANKLIN,senate,11,mail,5,103
FRANKLIN,senate,11,mail,6,33
FRANKLIN,senate,11,mail,7,13
FRANKLIN,senate,11,mail,8,126
FRANKLIN,senate,11,mail,9,3
FRANKLIN,senate,11,mail,10,11
FRANKLIN,senate,11,mail,11,104
FRANKLIN,senate,11,mail,12,70
FRANKLIN,senate,11,mail,13,36
FRANKLIN,senate,11,mail,14,61
FRANKLIN,senate,11,mail,15,86
FRANKLIN,senate,11,mail,16,75
FRANKLIN,senate,11,mail,17,5
FRANKLIN,senate,11,mail,18,70
FRANKLIN,senate,11,mail,19,18
FRANKLIN,senate,11,mail,20,10
FRANKLIN,senate,11,mail,21,35
FRANKLIN,senate,11,mail,22,11
FRANKLIN,senate,11,mail,23,2
FRANKLIN,senate,11,mail,24,27
FRANKLIN,senate,11,mail,25,60
FRANKLIN,senate,11,mail,26,34
FRANKLIN,senate,11,mail,27,9
FRANKLIN,senate,11,mail,28,36
FRANKLIN,senate,11,mail,29,41
FRANKLIN,senate,11,mail,32,22
FRANKLIN,senate,11,mail,33,48
FRANKLIN,senate,11,mail,34,38
FRANKLIN,senate,11,mail,35,10
FRANKLIN,senate,11,mail,36,30
FRANKLIN,senate,11,mail,39,5
FRANKLIN,senate,11,mail,40,2
FRANKLIN,senate,11,mail,41,2
FRANKLIN,senate,11,mail,42,3
FRANKLIN,senate,11,mail,43,2
FRANKLIN,senate,11,mail,44,2
FRANKLIN,senate,11,mail,45,1
FRANKLIN,senate,11,mail,46,3
GASTON,house,108,inperson,3,2063
GASTON,house,108,inperson,4,2460
GASTON,house,108,inperson,5,1832
GASTON,house,108,inperson,6,1948
GASTON,house,108,inperson,7,2115
GASTON,house,108,inperson,8,2263
GASTON,house,108,inperson,9,867
GASTON,house,108,inperson,10,1371
GASTON,house,108,inperson,11,2317
GASTON,house,108,inperson,12,2223
GASTON,house,108,inperson,13,2424
GASTON,house,108,inperson,14,2381
GASTON,house,108,inperson,15,2685
GASTON,house,108,inperson,16,902
GASTON,house,108,inperson,17,1463
GASTON,house,108,inperson,18,2526
GASTON,house,108,inperson,19,2798
GASTON,house,108,mail,0,89
GASTON,house,108,mail,1,112
GASTON,house,108,mail,2,3
GASTON,house,108,mail,3,94
GASTON,house,108,mail,4,146
GASTON,house,108,mail,5,177
GASTON,house,108,mail,6,40
GASTON,house,108,mail,7,35
GASTON,house,108,mail,8,171
GASTON,house,108,mail,9,1
GASTON,house,108,mail,10,23
GASTON,house,108,mail,11,22
GASTON,house,108,mail,12,93
GASTON,house,108,mail,13,139
GASTON,house,108,mail,14,36
GASTON,house,108,mail,15,30
GASTON,house,108,mail,17,45
GASTON,house,108,mail,18,12
GASTON,house,108,mail,19,144
GASTON,house,108,mail,20,15
GASTON,house,108,mail,21,5
GASTON,house,108,mail,22,11
GASTON,house,108,mail,24,51
GASTON,house,108,mail,25,24
GASTON,house,108,mail,26,58
GASTON,house,108,mail,27,7
GASTON,house,108,mail,28,7
GASTON,house,108,mail,29,46
GASTON,house,108,mail,30,3
GASTON,house,108,mail,31,54
GASTON,house,108,mail,32,3
GASTON,house,108,mail,33,3
GASTON,house,108,mail,34,1
GASTON,house,108,mail,35,10
GASTON,house,108,mail,36,11
GASTON,house,108,mail,39,3
GASTON,house,108,mail,41,1
GASTON,house,108,mail,43,1
GASTON,house,108,mail,44,1
GASTON,house,109,inperson,3,1992
GASTON,house,109,inperson,4,2760
GASTON,house,109,inperson,5,2015
GASTON,house,109,inperson,6,2184
GASTON,house,109,inperson,7,2276
GASTON,house,109,inperson,8,2377
GASTON,house,109,inperson,9,947
GASTON,house,109,inperson,10,1545
GASTON,house,109,inperson,11,2479
GASTON,house,109,inperson,12,2495
GASTON,house,109,inperson,13,2601
GASTON,house,109,inperson,14,2650
GASTON,house,109,inperson,15,2692
GASTON,house,109,inperson,16,1023
GASTON,house,109,inperson,17,1574
GASTON,house,109,inperson,18,2557
GASTON,house,109,inperson,19,2756
GASTON,house,109,mail,0,165
GASTON,house,109,mail,1,213
GASTON,house,109,mail,2,9
GASTON,house,109,mail,3,84
GASTON,house,109,mail,4,168
GASTON,house,109,mail,5,268
GASTON,house,109,mail,6,61
GASTON,house,109,mail,7,50
GASTON,house,109,mail,8,207
GASTON,house,109,mail,9,8
GASTON,house,109,mail,10,55
GASTON,house,109,mail,11,38
GASTON,house,109,mail,12,233
GASTON,house,109,mail,13,175
GASTON,house,109,mail,14,43
GASTON,house,109,mail,15,53
GASTON,house,109,mail,16,11
GASTON,house,109,mail,17,75
GASTON,house,109,mail,18,24
GASTON,house,109,mail,19,174
GASTON,house,109,mail,20,11
GASTON,house,109,mail,21,19
GASTON,house,109,mail,22,13
GASTON,house,109,mail,23,5
GASTON,house,109,mail,24,78
GASTON,house,109,mail,25,11
GASTON,house,109,mail,26,61
GASTON,house,109,mail,27,21
GASTON,house,109,mail,28,18
GASTON,house,109,mail,29,69
GASTON,house,109,mail,30,2
GASTON,house,109,mail,31,69
GASTON,house,109,mail,32,8
GASTON,house,109,mail,33,14
GASTON,house,109,mail,34,10
GASTON,house,109,mail,35,18
GASTON,house,109,mail,36,9
GASTON,house,109,mail,38,3
GASTON,house,109,mail,39,1
GASTON,house,109,mail,40,2
GASTON,house,109,mail,41,2
GASTON,house,109,mail,42,3
GASTON,house,109,mail,43,5
GASTON,house,109,mail,44,1
GASTON,house,109,mail,45,1
GASTON,house,109,mail,46,11
GASTON,house,110,inperson,3,1034
GASTON,house,110,inperson,4,1251
GASTON,house,110,inperson,5,852
GASTON,house,110,inperson,6,874
GASTON,house,110,inperson,7,941
GASTON,house,110,inperson,8,1041
GASTON,house,110,inperson,9,401
GASTON,house,110,inperson,10,596
GASTON,house,110,inperson,11,1112
GASTON,house,110,inperson,12,1079
GASTON,house,110,inperson,13,1155
GASTON,house,110,inperson,14,1270
GASTON,house,110,inperson,15,1404
GASTON,house,110,inperson,16,429
GASTON,house,110,inperson,17,734
GASTON,house,110,inperson,18,1388
GASTON,house,110,inperson,19,1565
GASTON,house,110,mail,0,50
GASTON,house,110,mail,1,44
GASTON,house,110,mail,3,28
GASTON,house,110,mail,4,51
GASTON,house,110,mail,5,64
GASTON,house,110,mail,6,15
GASTON,house,110,mail,7,31
GASTON,house,110,mail,8,57
GASTON,house,110,mail,9,2
GASTON,house,110,mail,10,5
GASTON,house,110,mail,11,11
GASTON,house,110,mail,12,35
GASTON,house,110,mail,13,44
GASTON,house,110,mail,14,10
GASTON,house,110,mail,15,9
GASTON,house,110,mail,16,1
GASTON,house,110,mail,17,28
GASTON,house,110,mail,18,11
GASTON,house,110,mail,19,52
GASTON,house,110,mail,21,2
GASTON,house,110,mail,22,1
GASTON,house,110,mail,24,24
GASTON,house,110,mail,25,10
GASTON,house,110,mail,26,16
GASTON,house,110,mail,27,12
GASTON,house,110,mail,28,1
GASTON,house,110,mail,29,10
GASTON,house,110,mail,31,15
GASTON,house,110,mail,32,2
GASTON,house,110,mail,35,2
GASTON,house,110,mail,36,1
GASTON,house,110,mail,38,1
GASTON,house,110,mail,42,3
GASTON,house,110,mail,45,2
GASTON,senate,43,inperson,3,4708
GASTON,senate,43,inperson,4,5998
GASTON,senate,43,inperson,5,4402
GASTON,senate,43,inperson,6,4691
GASTON,senate,43,inperson,7,4965
GASTON,senate,43,inperson,8,5286
GASTON,senate,43,inperson,9,2061
GASTON,senate,43,inperson,10,3313
GASTON,senate,43,inperson,11,5437
GASTON,senate,43,inperson,12,5378
GASTON,senate,43,inperson,13,5694
GASTON,senate,43,inperson,14,5781
GASTON,senate,43,inperson,15,6251
GASTON,senate,43,inperson,16,2202
GASTON,senate,43,inperson,17,3525
GASTON,senate,43,inperson,18,5844
GASTON,senate,43,inperson,19,6326
GASTON,senate,43,mail,0,291
GASTON,senate,43,mail,1,357
GASTON,senate,43,mail,2,12
GASTON,senate,43,mail,3,193
GASTON,senate,43,mail,4,345
GASTON,senate,43,mail,5,479
GASTON,senate,43,mail,6,113
GASTON,senate,43,mail,7,92
GASTON,senate,43,mail,8,414
GASTON,senate,43,mail,9,10
GASTON,senate,43,mail,10,83
GASTON,senate,43,mail,11,67
GASTON,senate,43,mail,12,346
GASTON,senate,43,mail,13,340
GASTON,senate,43,mail,14,83
GASTON,senate,43,mail,15,90
GASTON,senate,43,mail,16,12
GASTON,senate,43,mail,17,134
GASTON,senate,43,mail,18,43
GASTON,senate,43,mail,19,347
GASTON,senate,43,mail,20,26
GASTON,senate,43,mail,21,24
GASTON,senate,43,mail,22,25
GASTON,senate,43,mail,23,5
GASTON,senate,43,mail,24,146
GASTON,senate,43,mail,25,38
GASTON,senate,43,mail,26,130
GASTON,senate,43,mail,27,39
GASTON,senate,43,mail,28,26
GASTON,senate,43,mail,29,121
GASTON,senate,43,mail,30,5
GASTON,senate,43,mail,31,132
GASTON,senate,43,mail,32,11
GASTON,senate,43,mail,33,17
GASTON,senate,43,mail,34,11
GASTON,senate,43,mail,35,28
GASTON,senate,43,mail,36,20
GASTON,senate,43,mail,38,4
GASTON,senate,43,mail,39,4
GASTON,senate,43,mail,40,2
GASTON,senate,43,mail,41,3
GASTON,senate,43,mail,42,6
GASTON,senate,43,mail,43,6
GASTON,senate,43,mail,44,2
GASTON,senate,43,mail,45,1
GASTON,senate,43,mail,46,11
GASTON,senate,44,inperson,3,381
GASTON,senate,44,inperson,4,473
GASTON,senate,44,inperson,5,297
GASTON,senate,44,inperson,6,315
GASTON,senate,44,inperson,7,367
GASTON,senate,44,inperson,8,395
GASTON,senate,44,inperson,9,154
GASTON,senate,44,inperson,10,199
GASTON,senate,44,inperson,11,471
GASTON,senate,44,inperson,12,419
GASTON,senate,44,inperson,13,486
GASTON,senate,44,inperson,14,520
GASTON,senate,44,inperson,15,530
GASTON,senate,44,inperson,16,152
GASTON,senate,44,inperson,17,246
GASTON,senate,44,inperson,18,627
GASTON,senate,44,inperson,19,793
GASTON,senate,44,mail,0,13
GASTON,senate,44,mail,1,12
GASTON,senate,44,mail,3,13
GASTON,senate,44,mail,4,20
GASTON,senate,44,mail,5,30
GASTON,senate,44,mail,6,3
GASTON,senate,44,mail,7,24
GASTON,senate,44,mail,8,21
GASTON,senate,44,mail,9,1
GASTON,senate,44,mail,11,4
GASTON,senate,44,mail,12,15
GASTON,senate,44,mail,13,18
GASTON,senate,44,mail,14,6
GASTON,senate,44,mail,15,2
GASTON,senate,44,mail,17,14
GASTON,senate,44,mail,18,4
GASTON,senate,44,mail,19,23
GASTON,senate,44,mail,21,2
GASTON,senate,44,mail,24,7
GASTON,senate,44,mail,25,7
GASTON,senate,44,mail,26,5
GASTON,senate,44,mail,27,1
GASTON,senate,44,mail,29,4
GASTON,senate,44,mail,31,6
GASTON,senate,44,mail,32,2
GASTON,senate,44,mail,35,2
GASTON,senate,44,mail,36,1
GASTON,senate,44,mail,45,2
GATES,house,5,inperson,3,250
GATES,house,5,inperson,4,289
GATES,house,5,inperson,5,202
GATES,house,5,inperson,6,214
GATES,house,5,inperson,7,261
GATES,house,5,inperson,8,237
GATES,house,5,inperson,9,53
GATES,house,5,inperson,10,143
GATES,house,5,inperson,11,236
GATES,house,5,inperson,12,234
GATES,house,5,inperson,13,220
GATES,house,5,inperson,14,252
GATES,house,5,inperson,15,284
GATES,house,5,inperson,17,134
GATES,house,5,inperson,18,258
GATES,house,5,inperson,19,435
GATES,house,5,mail,0,17
GATES,house,5,mail,1,6
GATES,house,5,mail,2,3
GATES,house,5,mail,3,8
GATES,house,5,mail,4,12
GATES,house,5,mail,5,9
GATES,house,5,mail,6,4
GATES,house,5,mail,7,1
GATES,house,5,mail,8,6
GATES,house,5,mail,10,3
GATES,house,5,mail,11,5
GATES,house,5,mail,12,6
GATES,house,5,mail,13,5
GATES,house,5,mail,14,5
GATES,house,5,mail,15,6
GATES,house,5,mail,19,5
GATES,house,5,mail,21,3
GATES,house,5,mail,25,1
GATES,house,5,mail,26,8
GATES,house,5,mail,27,1
GATES,house,5,mail,28,2
GATES,house,5,mail,29,3
GATES,house,5,mail,31,1
GATES,house,5,mail,32,2
GATES,house,5,mail,33,1
GATES,house,5,mail,34,1
GATES,house,5,mail,35,4
GATES,house,5,mail,36,2
GATES,house,5,mail,39,1
GATES,senate,1,inperson,3,250
GATES,senate,1,inperson,4,289
GATES,senate,1,inperson,5,202
GATES,senate,1,inperson,6,214
GATES,senate,1,inperson,7,261
GATES,senate,1,inperson,8,237
GATES,senate,1,inperson,9,53
GATES,senate,1,inperson,10,143
GATES,senate,1,inperson,11,236
GATES,senate,1,inperson,12,234
GATES,senate,1,inperson,13,220
GATES,senate,1,inperson,14,252
GATES,senate,1,inperson,15,284
GATES,senate,1,inperson,17,134
GATES,senate,1,inperson,18,258
GATES,senate,1,inperson,19,435
GATES,senate,1,mail,0,17
GATES,senate,1,mail,1,6
GATES,senate,1,mail,2,3
GATES,senate,1,mail,3,8
GATES,senate,1,mail,4,12
GATES,senate,1,mail,5,9
GATES,senate,1,mail,6,4
GATES,senate,1,mail,7,1
GATES,senate,1,mail,8,6
GATES,senate,1,mail,10,3
GATES,senate,1,mail,11,5
GATES,senate,1,mail,12,6
GATES,senate,1,mail,13,5
GATES,senate,1,mail,14,5
GATES,senate,1,mail,15,6
GATES,senate,1,mail,19,5
GATES,senate,1,mail,21,3
GATES,senate,1,mail,25,1
GATES,senate,1,mail,26,8
GATES,senate,1,mail,27,1
GATES,senate,1,mail,28,2
GATES,senate,1,mail,29,3
GATES,senate,1,mail,31,1
GATES,senate,1,mail,32,2
GATES,senate,1,mail,33,1
GATES,senate,1,mail,34,1
GATES,senate,1,mail,35,4
GATES,senate,1,mail,36,2
GATES,senate,1,mail,39,1
GRAHAM,house,120,inperson,3,190
GRAHAM,house,120,inperson,4,261
GRAHAM,house,120,inperson,5,189
GRAHAM,house,120,inperson,6,161
GRAHAM,house,120,inperson,7,213
GRAHAM,house,120,inperson,8,233
GRAHAM,house,120,inperson,10,98
GRAHAM,house,120,inperson,11,256
GRAHAM,house,120,inperson,12,214
GRAHAM,house,120,inperson,13,210
GRAHAM,house,120,inperson,14,255
GRAHAM,house,120,inperson,15,275
GRAHAM,house,120,inperson,17,91
GRAHAM,house,120,inperson,18,288
GRAHAM,house,120,inperson,19,419
GRAHAM,house,120,mail,0,8
GRAHAM,house,120,mail,1,12
GRAHAM,house,120,mail,3,21
GRAHAM,house,120,mail,4,14
GRAHAM,house,120,mail,5,4
GRAHAM,house,120,mail,7,12
GRAHAM,house,120,mail,8,16
GRAHAM,house,120,mail,9,1
GRAHAM,house,120,mail,12,6
GRAHAM,house,120,mail,13,9
GRAHAM,house,120,mail,14,7
GRAHAM,house,120,mail,15,12
GRAHAM,house,120,mail,16,1
GRAHAM,house,120,mail,18,8
GRAHAM,house,120,mail,19,4
GRAHAM,house,120,mail,20,1
GRAHAM,house,120,mail,21,4
GRAHAM,house,120,mail,22,6
GRAHAM,house,120,mail,25,1
GRAHAM,house,120,mail,26,8
GRAHAM,house,120,mail,28,3
GRAHAM,house,120,mail,29,6
GRAHAM,house,120,mail,33,4
GRAHAM,house,120,mail,35,11
GRAHAM,house,120,mail,43,1
GRAHAM,senate,50,inperson,3,190
GRAHAM,senate,50,inperson,4,261
GRAHAM,senate,50,inperson,5,189
GRAHAM,senate,50,inperson,6,161
GRAHAM,senate,50,inperson,7,213
GRAHAM,senate,50,inperson,8,233
GRAHAM,senate,50,inperson,10,98
GRAHAM,senate,50,inperson,11,256
GRAHAM,senate,50,inperson,12,214
GRAHAM,senate,50,inperson,13,210
GRAHAM,senate,50,inperson,14,255
GRAHAM,senate,50,inperson,15,275
GRAHAM,senate,50,inperson,17,91
GRAHAM,senate,50,inperson,18,288
GRAHAM,senate,50,inperson,19,419
GRAHAM,senate,50,mail,0,8
GRAHAM,senate,50,mail,1,12
GRAHAM,senate,50,mail,3,21
GRAHAM,senate,50,mail,4,14
GRAHAM,senate,50,mail,5,4
GRAHAM,senate,50,mail,7,12
GRAHAM,senate,50,mail,8,16
GRAHAM,senate,50,mail,9,1
GRAHAM,senate,50,mail,12,6
GRAHAM,senate,50,mail,13,9
GRAHAM,senate,50,mail,14,7
GRAHAM,senate,50,mail,15,12
GRAHAM,senate,50,mail,16,1
GRAHAM,senate,50,mail,18,8
GRAHAM,senate,50,mail,19,4
GRAHAM,senate,50,mail,20,1
GRAHAM,senate,50,mail,21,4
GRAHAM,senate,50,mail,22,6
GRAHAM,senate,50,mail,25,1
GRAHAM,senate,50,mail,26,8
GRAHAM,senate,50,mail,28,3
GRAHAM,senate,50,mail,29,6
GRAHAM,senate,50,mail,33,4
GRAHAM,senate,50,mail,35,11
GRAHAM,senate,50,mail,43,1
GRANVILLE,house,32,inperson,3,1394
GRANVILLE,house,32,inperson,4,1655
GRANVILLE,house,32,inperson,5,1104
GRANVILLE,house,32,inperson,6,1295
GRANVILLE,house,32,inperson,7,1318
GRANVILLE,house,32,inperson,8,1505
GRANVILLE,house,32,inperson,10,1071
GRANVILLE,house,32,inperson,11,1688
GRANVILLE,house,32,inperson,12,1574
GRANVILLE,house,32,inperson,13,1632
GRANVILLE,house,32,inperson,14,2009
GRANVILLE,house,32,inperson,15,2305
GRANVILLE,house,32,inperson,17,1444
GRANVILLE,house,32,inperson,18,2557
GRANVILLE,house,32,inperson,19,2948
GRANVILLE,house,32,mail,0,55
GRANVILLE,house,32,mail,1,50
GRANVILLE,house,32,mail,2,3
GRANVILLE,house,32,mail,3,65
GRANVILLE,house,32,mail,4,43
GRANVILLE,house,32,mail,5,83
GRANVILLE,house,32,mail,6,73
GRANVILLE,house,32,mail,7,32
GRANVILLE,house,32,mail,8,61
GRANVILLE,house,32,mail,10,28
GRANVILLE,house,32,mail,11,23
GRANVILLE,house,32,mail,12,81
GRANVILLE,house,32,mail,13,45
GRANVILLE,house,32,mail,14,59
GRANVILLE,house,32,mail,15,121
GRANVILLE,house,32,mail,17,4
GRANVILLE,house,32,mail,18,30
GRANVILLE,house,32,mail,19,10
GRANVILLE,house,32,mail,20,14
GRANVILLE,house,32,mail,21,28
GRANVILLE,house,32,mail,22,16
GRANVILLE,house,32,mail,24,25
GRANVILLE,house,32,mail,25,26
GRANVILLE,house,32,mail,26,25
GRANVILLE,house,32,mail,27,30
GRANVILLE,house,32,mail,28,42
GRANVILLE,house,32,mail,29,16
GRANVILLE,house,32,mail,30,8
GRANVILLE,house,32,mail,32,16
GRANVILLE,house,32,mail,33,37
GRANVILLE,house,32,mail,34,28
GRANVILLE,house,32,mail,35,8
GRANVILLE,house,32,mail,36,13
GRANVILLE,house,32,mail,38,4
GRANVILLE,house,32,mail,40,1
GRANVILLE,house,32,mail,41,1
GRANVILLE,house,32,mail,43,1
GRANVILLE,house,32,mail,44,1
GRANVILLE,senate,18,inperson,3,1394
GRANVILLE,senate,18,inperson,4,1655
GRANVILLE,senate,18,inperson,5,1104
GRANVILLE,senate,18,inperson,6,1295
GRANVILLE,senate,18,inperson,7,1318
GRANVILLE,senate,18,inperson,8,1505
GRANVILLE,senate,18,inperson,10,1071
GRANVILLE,senate,18,inperson,11,1688
GRANVILLE,senate,18,inperson,12,1574
GRANVILLE,senate,18,inperson,13,1632
GRANVILLE,senate,18,inperson,14,2009
GRANVILLE,senate,18,inperson,15,2305
GRANVILLE,senate,18,inperson,17,1444
GRANVILLE,senate,18,inperson,18,2557
GRANVILLE,senate,18,inperson,19,2948
GRANVILLE,senate,18,mail,0,55
GRANVILLE,senate,18,mail,1,50
GRANVILLE,senate,18,mail,2,3
GRANVILLE,senate,18,mail,3,65
GRANVILLE,senate,18,mail,4,43
GRANVILLE,senate,18,mail,5,83
GRANVILLE,senate,18,mail,6,73
GRANVILLE,senate,18,mail,7,32
GRANVILLE,senate,18,mail,8,61
GRANVILLE,senate,18,mail,10,28
GRANVILLE,senate,18,mail,11,23
GRANVILLE,senate,18,mail,12,81
GRANVILLE,senate,18,mail,13,45
GRANVILLE,senate,18,mail,14,59
GRANVILLE,senate,18,mail,15,121
GRANVILLE,senate,18,mail,17,4
GRANVILLE,senate,18,mail,18,30
GRANVILLE,senate,18,mail,19,10
GRANVILLE,senate,18,mail,20,14
GRANVILLE,senate,18,mail,21,28
GRANVILLE,senate,18,mail,22,16
GRANVILLE,senate,18,mail,24,25
GRANVILLE,senate,18,mail,25,26
GRANVILLE,senate,18,mail,26,25
GRANVILLE,senate,18,mail,27,30
GRANVILLE,senate,18,mail,28,42
GRANVILLE,senate,18,mail,29,16
GRANVILLE,senate,18,mail,30,8
GRANVILLE,senate,18,mail,32,16
GRANVILLE,senate,18,mail,33,37
GRANVILLE,senate,18,mail,34,28
GRANVILLE,senate,18,mail,35,8
GRANVILLE,senate,18,mail,36,13
GRANVILLE,senate,18,mail,38,4
GRANVILLE,senate,18,mail,40,1
GRANVILLE,senate,18,mail,41,1
GRANVILLE,senate,18,mail,43,1
GRANVILLE,senate,18,mail,44,1
GREENE,house,12,inperson,3,377
GREENE,house,12,inperson,4,444
GREENE,house,12,inperson,5,286
GREENE,house,12,inperson,6,311
GREENE,house,12,inperson,7,300
GREENE,house,12,inperson,8,423
GREENE,house,12,inperson,9,194
GREENE,house,12,inperson,11,387
GREENE,house,12,inperson,12,372
GREENE,house,12,inperson,13,437
GREENE,house,12,inperson,14,433
GREENE,house,12,inperson,15,555
GREENE,house,12,inperson,17,264
GREENE,house,12,inperson,18,600
GREENE,house,12,inperson,19,587
GREENE,house,12,mail,0,1
GREENE,house,12,mail,1,17
GREENE,house,12,mail,3,10
GREENE,house,12,mail,4,11
GREENE,house,12,mail,5,7
GREENE,house,12,mail,6,1
GREENE,house,12,mail,7,11
GREENE,house,12,mail,8,22
GREENE,house,12,mail,11,2
GREENE,house,12,mail,12,20
GREENE,house,12,mail,13,2
GREENE,house,12,mail,14,17
GREENE,house,12,mail,15,24
GREENE,house,12,mail,17,1
GREENE,house,12,mail,19,2
GREENE,house,12,mail,21,6
GREENE,house,12,mail,22,6
GREENE,house,12,mail,25,4
GREENE,house,12,mail,26,8
GREENE,house,12,mail,28,8
GREENE,house,12,mail,29,7
GREENE,house,12,mail,32,11
GREENE,house,12,mail,33,13
GREENE,house,12,mail,34,6
GREENE,house,12,mail,35,19
GREENE,house,12,mail,36,34
GREENE,house,12,mail,43,1
GREENE,senate,4,inperson,3,377
GREENE,senate,4,inperson,4,444
GREENE,senate,4,inperson,5,286
GREENE,senate,4,inperson,6,311
GREENE,senate,4,inperson,7,300
GREENE,senate,4,inperson,8,423
GREENE,senate,4,inperson,9,194
GREENE,senate,4,inperson,11,387
GREENE,senate,4,inperson,12,372
GREENE,senate,4,inperson,13,437
GREENE,senate,4,inperson,14,433
GREENE,senate,4,inperson,15,555
GREENE,senate,4,inperson,17,264
GREENE,senate,4,inperson,18,600
GREENE,senate,4,inperson,19,587
GREENE,senate,4,mail,0,1
GREENE,senate,4,mail,1,17
GREENE,senate,4,mail,3,10
GREENE,senate,4,mail,4,11
GREENE,senate,4,mail,5,7
GREENE,senate,4,mail,6,1
GREENE,senate,4,mail,7,11
GREENE,senate,4,mail,8,22
GREENE,senate,4,mail,11,2
GREENE,senate,4,mail,12,20
GREENE,senate,4,mail,13,2
GREENE,senate,4,mail,14,17
GREENE,senate,4,mail,15,24
GREENE,senate,4,mail,17,1
GREENE,senate,4,mail,19,2
GREENE,senate,4,mail,21,6
GREENE,senate,4,mail,22,6
GREENE,senate,4,mail,25,4
GREENE,senate,4,mail,26,8
GREENE,senate,4,mail,28,8
GREENE,senate,4,mail,29,7
GREENE,senate,4,mail,32,11
GREENE,senate,4,mail,33,13
GREENE,senate,4,mail,34,6
GREENE,senate,4,mail,35,19
GREENE,senate,4,mail,36,34
GREENE,senate,4,mail,43,1
GUILFORD,house,57,inperson,3,2350
GUILFORD,house,57,inperson,4,2621
GUILFORD,house,57,inperson,5,1877
GUILFORD,house,57,inperson,6,2129
GUILFORD,house,57,inperson,7,2063
GUILFORD,house,57,inperson,8,2273
GUILFORD,house,57,inperson,9,914
GUILFORD,house,57,inperson,10,1418
GUILFORD,house,57,inperson,11,2471
GUILFORD,house,57,inperson,12,2358
GUILFORD,house,57,inperson,13,2653
GUILFORD,house,57,inperson,14,2947
GUILFORD,house,57,inperson,15,3202
GUILFORD,house,57,inperson,17,1490
GUILFORD,house,57,inperson,18,2957
GUILFORD,house,57,inperson,19,2962
GUILFORD,house,57,mail,0,138
GUILFORD,house,57,mail,1,226
GUILFORD,house,57,mail,2,16
GUILFORD,house,57,mail,3,32
GUILFORD,house,57,mail,4,108
GUILFORD,house,57,mail,5,124
GUILFORD,house,57,mail,6,138
GUILFORD,house,57,mail,7,131
GUILFORD,house,57,mail,8,139
GUILFORD,house,57,mail,9,13
GUILFORD,house,57,mail,10,16
GUILFORD,house,57,mail,11,103
GUILFORD,house,57,mail,12,177
GUILFORD,house,57,mail,13,94
GUILFORD,house,57,mail,14,44
GUILFORD,house,57,mail,15,155
GUILFORD,house,57,mail,17,11
GUILFORD,house,57,mail,18,106
GUILFORD,house,57,mail,19,116
GUILFORD,house,57,mail,20,41
GUILFORD,house,57,mail,21,45
GUILFORD,house,57,mail,22,81
GUILFORD,house,57,mail,23,2
GUILFORD,house,57,mail,25,66
GUILFORD,house,57,mail,26,24
GUILFORD,house,57,mail,27,29
GUILFORD,house,57,mail,28,58
GUILFORD,house,57,mail,29,97
GUILFORD,house,57,mail,32,15
GUILFORD,house,57,mail,33,67
GUILFORD,house,57,mail,34,38
GUILFORD,house,57,mail,35,40
GUILFORD,house,57,mail,36,57
GUILFORD,house,57,mail,39,3
GUILFORD,house,57,mail,40,7
GUILFORD,house,57,mail,41,5
GUILFORD,house,57,mail,42,4
GUILFORD,house,57,mail,43,10
GUILFORD,house,58,inperson,3,2271
GUILFORD,house,58,inperson,4,2385
GUILFORD,house,58,inperson,5,1747
GUILFORD,house,58,inperson,6,1728
GUILFORD,house,58,inperson,7,1754
GUILFORD,house,58,inperson,8,1824
GUILFORD,house,58,inperson,9,803
GUILFORD,house,58,inperson,10,1124
GUILFORD,house,58,inperson,11,1818
GUILFORD,house,58,inperson,12,1788
GUILFORD,house,58,inperson,13,2029
GUILFORD,house,58,inperson,14,2149
GUILFORD,house,58,inperson,15,2573
GUILFORD,house,58,inperson,17,1184
GUILFORD,house,58,inperson,18,2223
GUILFORD,house,58,inperson,19,2513
GUILFORD,house,58,mail,0,79
GUILFORD,house,58,mail,1,115
GUILFORD,house,58,mail,2,6
GUILFORD,house,58,mail,3,11
GUILFORD,house,58,mail,4,81
GUILFORD,house,58,mail,5,80
GUILFORD,house,58,mail,6,91
GUILFORD,house,58,mail,7,82
GUILFORD,house,58,mail,8,79
GUILFORD,house,58,mail,9,5
GUILFORD,house,58,mail,10,6
GUILFORD,house,58,mail,11,45
GUILFORD,house,58,mail,12,50
GUILFORD,house,58,mail,13,53
GUILFORD,house,58,mail,14,21
GUILFORD,house,58,mail,15,101
GUILFORD,house,58,mail,17,8
GUILFORD,house,58,mail,18,51
GUILFORD,house,58,mail,19,87
GUILFORD,house,58,mail,20,19
GUILFORD,house,58,mail,21,13
GUILFORD,house,58,mail,22,29
GUILFORD,house,58,mail,23,1
GUILFORD,house,58,mail,25,35
GUILFORD,house,58,mail,26,7
GUILFORD,house,58,mail,27,36
GUILFORD,house,58,mail,28,20
GUILFORD,house,58,mail,29,31
GUILFORD,house,58,mail,32,9
GUILFORD,house,58,mail,33,24
GUILFORD,house,58,mail,34,37
GUILFORD,house,58,mail,35,16
GUILFORD,house,58,mail,36,15
GUILFORD,house,58,mail,39,2
GUILFORD,house,58,mail,40,1
GUILFORD,house,58,mail,41,2
GUILFORD,house,58,mail,42,1
GUILFORD,house,58,mail,43,3
GUILFORD,house,59,inperson,3,2507
GUILFORD,house,59,inperson,4,2998
GUILFORD,house,59,inperson,5,2102
GUILFORD,house,59,inperson,6,2410
GUILFORD,house,59,inperson,7,2314
GUILFORD,house,59,inperson,8,2662
GUILFORD,house,59,inperson,9,1109
GUILFORD,house,59,inperson,10,1691
GUILFORD,house,59,inperson,11,2909
GUILFORD,house,59,inperson,12,2886
GUILFORD,house,59,inperson,13,2998
GUILFORD,house,59,inperson,14,3630
GUILFORD,house,59,inperson,15,4242
GUILFORD,house,59,inperson,17,2004
GUILFORD,house,59,inperson,18,3955
GUILFORD,house,59,inperson,19,4273
GUILFORD,house,59,mail,0,121
GUILFORD,house,59,mail,1,177
GUILFORD,house,59,mail,2,16
GUILFORD,house,59,mail,3,47
GUILFORD,house,59,mail,4,103
GUILFORD,house,59,mail,5,121
GUILFORD,house,59,mail,6,156
GUILFORD,house,59,mail,7,116
GUILFORD,house,59,mail,8,97
GUILFORD,house,59,mail,9,6
GUILFORD,house,59,mail,10,16
GUILFORD,house,59,mail,11,85
GUILFORD,house,59,mail,12,94
GUILFORD,house,59,mail,13,124
GUILFORD,house,59,mail,14,58
GUILFORD,house,59,mail,15,137
GUILFORD,house,59,mail,17,8
GUILFORD,house,59,mail,18,115
GUILFORD,house,59,mail,19,121
GUILFORD,house,59,mail,20,26
GUILFORD,house,59,mail,21,38
GUILFORD,house,59,mail,22,54
GUILFORD,house,59,mail,23,1
GUILFORD,house,59,mail,25,58
GUILFORD,house,59,mail,26,11
GUILFORD,house,59,mail,27,67
GUILFORD,house,59,mail,28,52
GUILFORD,house,59,mail,29,79
GUILFORD,house,59,mail,32,11
GUILFORD,house,59,mail,33,54
GUILFORD,house,59,mail,34,47
GUILFORD,house,59,mail,35,46
GUILFORD,house,59,mail,36,39
GUILFORD,house,59,mail,39,4
GUILFORD,house,59,mail,40,2
GUILFORD,house,59,mail,41,3
GUILFORD,house,59,mail,42,1
GUILFORD,house,59,mail,43,12
GUILFORD,house,60,inperson,3,2035
GUILFORD,house,60,inperson,4,2243
GUILFORD,house,60,inperson,5,1660
GUILFORD,house,60,inperson,6,1670
GUILFORD,house,60,inperson,7,1607
GUILFORD,house,60,inperson,8,1679
GUILFORD,house,60,inperson,9,814
GUILFORD,house,60,inperson,10,1111
GUILFORD,house,60,inperson,11,1804
GUILFORD,house,60,inperson,12,1750
GUILFORD,house,60,inperson,13,1819
GUILFORD,house,60,inperson,14,2247
GUILFORD,house,60,inperson,15,2461
GUILFORD,house,60,inperson,17,1302
GUILFORD,house,60,inperson,18,2282
GUILFORD,house,60,inperson,19,2748
GUILFORD,house,60,mail,0,127
GUILFORD,house,60,mail,1,96
GUILFORD,house,60,mail,2,6
GUILFORD,house,60,mail,3,27
GUILFORD,house,60,mail,4,83
GUILFORD,house,60,mail,5,87
GUILFORD,house,60,mail,6,102
GUILFORD,house,60,mail,7,116
GUILFORD,house,60,mail,8,70
GUILFORD,house,60,mail,9,5
GUILFORD,house,60,mail,10,19
GUILFORD,house,60,mail,11,48
GUILFORD,house,60,mail,12,62
GUILFORD,house,60,mail,13,83
GUILFORD,house,60,mail,14,31
GUILFORD,house,60,mail,15,110
GUILFORD,house,60,mail,17,6
GUILFORD,house,60,mail,18,55
GUILFORD,house,60,mail,19,87
GUILFORD,house,60,mail,20,23
GUILFORD,house,60,mail,21,44
GUILFORD,house,60,mail,22,62
GUILFORD,house,60,mail,23,1
GUILFORD,house,60,mail,25,54
GUILFORD,house,60,mail,26,11
GUILFORD,house,60,mail,27,43
GUILFORD,house,60,mail,28,29
GUILFORD,house,60,mail,29,53
GUILFORD,house,60,mail,32,27
GUILFORD,house,60,mail,33,27
GUILFORD,house,60,mail,34,25
GUILFORD,house,60,mail,35,30
GUILFORD,house,60,mail,36,36
GUILFORD,house,60,mail,39,10
GUILFORD,house,60,mail,40,1
GUILFORD,house,60,mail,41,2
GUILFORD,house,60,mail,43,12
GUILFORD,house,61,inperson,3,2307
GUILFORD,house,61,inperson,4,2649
GUILFORD,house,61,inperson,5,1883
GUILFORD,house,61,inperson,6,2044
GUILFORD,house,61,inperson,7,2167
GUILFORD,house,61,inperson,8,2280
GUILFORD,house,61,inperson,9,766
GUILFORD,house,61,inperson,10,1092
GUILFORD,house,61,inperson,11,2241
GUILFORD,house,61,inperson,12,2122
GUILFORD,house,61,inperson,13,2296
GUILFORD,house,61,inperson,14,2319
GUILFORD,house,61,inperson,15,2538
GUILFORD,house,61,inperson,17,1141
GUILFORD,house,61,inperson,18,2255
GUILFORD,house,61,inperson,19,2509
GUILFORD,house,61,mail,0,136
GUILFORD,house,61,mail,1,209
GUILFORD,house,61,mail,2,11
GUILFORD,house,61,mail,3,24
GUILFORD,house,61,mail,4,88
GUILFORD,house,61,mail,5,102
GUILFORD,house,61,mail,6,131
GUILFORD,house,61,mail,7,94
GUILFORD,house,61,mail,8,95
GUILFORD,house,61,mail,9,10
GUILFORD,house,61,mail,10,15
GUILFORD,house,61,mail,11,63
GUILFORD,house,61,mail,12,116
GUILFORD,house,61,mail,13,67
GUILFORD,house,61,mail,14,36
GUILFORD,house,61,mail,15,155
GUILFORD,house,61,mail,17,7
GUILFORD,house,61,mail,18,104
GUILFORD,house,61,mail,19,97
GUILFORD,house,61,mail,20,46
GUILFORD,house,61,mail,21,34
GUILFORD,house,61,mail,22,67
GUILFORD,house,61,mail,23,2
GUILFORD,house,61,mail,25,66
GUILFORD,house,61,mail,26,29
GUILFORD,house,61,mail,27,70
GUILFORD,house,61,mail,28,66
GUILFORD,house,61,mail,29,53
GUILFORD,house,61,mail,32,16
GUILFORD,house,61,mail,33,41
GUILFORD,house,61,mail,34,27
GUILFORD,house,61,mail,35,38
GUILFORD,house,61,mail,36,52
GUILFORD,house,61,mail,39,16
GUILFORD,house,61,mail,40,4
GUILFORD,house,61,mail,41,15
GUILFORD,house,61,mail,42,1
GUILFORD,house,61,mail,43,16
GUILFORD,house,62,inperson,3,2523
GUILFORD,house,62,inperson,4,3075
GUILFORD,house,62,inperson,5,2111
GUILFORD,house,62,inperson,6,2305
GUILFORD,house,62,inperson,7,2293
GUILFORD,house,62,inperson,8,2705
GUILFORD,house,62,inperson,9,1213
GUILFORD,house,62,inperson,10,1614
GUILFORD,house,62,inperson,11,3211
GUILFORD,house,62,inperson,12,2959
GUILFORD,house,62,inperson,13,3210
GUILFORD,house,62,inperson,14,3705
GUILFORD,house,62,inperson,15,3770
GUILFORD,house,62,inperson,17,2134
GUILFORD,house,62,inperson,18,3998
GUILFORD,house,62,inperson,19,3968
GUILFORD,house,62,mail,0,169
GUILFORD,house,62,mail,1,227
GUILFORD,house,62,mail,2,18
GUILFORD,house,62,mail,3,45
GUILFORD,house,62,mail,4,144
GUILFORD,house,62,mail,5,142
GUILFORD,house,62,mail,6,177
GUILFORD,house,62,mail,7,162
GUILFORD,house,62,mail,8,156
GUILFORD,house,62,mail,9,14
GUILFORD,house,62,mail,10,16
GUILFORD,house,62,mail,11,111
GUILFORD,house,62,mail,12,125
GUILFORD,house,62,mail,13,127
GUILFORD,house,62,mail,14,64
GUILFORD,house,62,mail,15,206
GUILFORD,house,62,mail,17,13
GUILFORD,house,62,mail,18,97
GUILFORD,house,62,mail,19,155
GUILFORD,house,62,mail,20,49
GUILFORD,house,62,mail,21,47
GUILFORD,house,62,mail,22,119
GUILFORD,house,62,mail,23,2
GUILFORD,house,62,mail,25,69
GUILFORD,house,62,mail,26,29
GUILFORD,house,62,mail,27,70
GUILFORD,house,62,mail,28,78
GUILFORD,house,62,mail,29,83
GUILFORD,house,62,mail,32,16
GUILFORD,house,62,mail,33,45
GUILFORD,house,62,mail,34,77
GUILFORD,house,62,mail,35,58
GUILFORD,house,62,mail,36,59
GUILFORD,house,62,mail,39,7
GUILFORD,house,62,mail,40,5
GUILFORD,house,62,mail,41,2
GUILFORD,house,62,mail,42,4
GUILFORD,house,62,mail,43,25
GUILFORD,senate,26,inperson,3,3448
GUILFORD,senate,26,inperson,4,4113
GUILFORD,senate,26,inperson,5,2849
GUILFORD,senate,26,inperson,6,3261
GUILFORD,senate,26,inperson,7,3204
GUILFORD,senate,26,inperson,8,3770
GUILFORD,senate,26,inperson,9,1520
GUILFORD,senate,26,inperson,10,2294
GUILFORD,senate,26,inperson,11,4153
GUILFORD,senate,26,inperson,12,3895
GUILFORD,senate,26,inperson,13,4198
GUILFORD,senate,26,inperson,14,5059
GUILFORD,senate,26,inperson,15,5738
GUILFORD,senate,26,inperson,17,2785
GUILFORD,senate,26,inperson,18,5580
GUILFORD,senate,26,inperson,19,5882
GUILFORD,senate,26,mail,0,170
GUILFORD,senate,26,mail,1,256
GUILFORD,senate,26,mail,2,19
GUILFORD,senate,26,mail,3,72
GUILFORD,senate,26,mail,4,155
GUILFORD,senate,26,mail,5,173
GUILFORD,senate,26,mail,6,232
GUILFORD,senate,26,mail,7,187
GUILFORD,senate,26,mail,8,159
GUILFORD,senate,26,mail,9,12
GUILFORD,senate,26,mail,10,20
GUILFORD,senate,26,mail,11,127
GUILFORD,senate,26,mail,12,137
GUILFORD,senate,26,mail,13,169
GUILFORD,senate,26,mail,14,78
GUILFORD,senate,26,mail,15,211
GUILFORD,senate,26,mail,17,15
GUILFORD,senate,26,mail,18,145
GUILFORD,senate,26,mail,19,187
GUILFORD,senate,26,mail,20,42
GUILFORD,senate,26,mail,21,51
GUILFORD,senate,26,mail,22,100
GUILFORD,senate,26,mail,23,1
GUILFORD,senate,26,mail,25,78
GUILFORD,senate,26,mail,26,25
GUILFORD,senate,26,mail,27,93
GUILFORD,senate,26,mail,28,87
GUILFORD,senate,26,mail,29,120
GUILFORD,senate,26,mail,32,16
GUILFORD,senate,26,mail,33,74
GUILFORD,senate,26,mail,34,69
GUILFORD,senate,26,mail,35,67
GUILFORD,senate,26,mail,36,45
GUILFORD,senate,26,mail,39,7
GUILFORD,senate,26,mail,40,2
GUILFORD,senate,26,mail,41,3
GUILFORD,senate,26,mail,42,1
GUILFORD,senate,26,mail,43,17
GUILFORD,senate,27,inperson,3,5084
GUILFORD,senate,27,inperson,4,6138
GUILFORD,senate,27,inperson,5,4411
GUILFORD,senate,27,inperson,6,4668
GUILFORD,senate,27,inperson,7,4685
GUILFORD,senate,27,inperson,8,4962
GUILFORD,senate,27,inperson,9,2260
GUILFORD,senate,27,inperson,10,3040
GUILFORD,senate,27,inperson,11,5729
GUILFORD,senate,27,inperson,12,5437
GUILFORD,senate,27,inperson,13,5845
GUILFORD,senate,27,inperson,14,6610
GUILFORD,senate,27,inperson,15,7095
GUILFORD,senate,27,inperson,17,3778
GUILFORD,senate,27,inperson,18,6839
GUILFORD,senate,27,inperson,19,7257
GUILFORD,senate,27,mail,0,349
GUILFORD,senate,27,mail,1,435
GUILFORD,senate,27,mail,2,28
GUILFORD,senate,27,mail,3,61
GUILFORD,senate,27,mail,4,255
GUILFORD,senate,27,mail,5,270
GUILFORD,senate,27,mail,6,327
GUILFORD,senate,27,mail,7,319
GUILFORD,senate,27,mail,8,257
GUILFORD,senate,27,mail,9,25
GUILFORD,senate,27,mail,10,49
GUILFORD,senate,27,mail,11,198
GUILFORD,senate,27,mail,12,253
GUILFORD,senate,27,mail,13,239
GUILFORD,senate,27,mail,14,105
GUILFORD,senate,27,mail,15,368
GUILFORD,senate,27,mail,17,24
GUILFORD,senate,27,mail,18,225
GUILFORD,senate,27,mail,19,287
GUILFORD,senate,27,mail,20,103
GUILFORD,senate,27,mail,21,127
GUILFORD,senate,27,mail,22,215
GUILFORD,senate,27,mail,23,6
GUILFORD,senate,27,mail,25,181
GUILFORD,senate,27,mail,26,52
GUILFORD,senate,27,mail,27,151
GUILFORD,senate,27,mail,28,135
GUILFORD,senate,27,mail,29,170
GUILFORD,senate,27,mail,32,55
GUILFORD,senate,27,mail,33,89
GUILFORD,senate,27,mail,34,113
GUILFORD,senate,27,mail,35,110
GUILFORD,senate,27,mail,36,128
GUILFORD,senate,27,mail,39,23
GUILFORD,senate,27,mail,40,9
GUILFORD,senate,27,mail,41,14
GUILFORD,senate,27,mail,42,7
GUILFORD,senate,27,mail,43,46
GUILFORD,senate,28,inperson,3,5461
GUILFORD,senate,28,inperson,4,5720
GUILFORD,senate,28,inperson,5,4120
GUILFORD,senate,28,inperson,6,4357
GUILFORD,senate,28,inperson,7,4309
GUILFORD,senate,28,inperson,8,4691
GUILFORD,senate,28,inperson,9,1839
GUILFORD,senate,28,inperson,10,2716
GUILFORD,senate,28,inperson,11,4572
GUILFORD,senate,28,inperson,12,4531
GUILFORD,senate,28,inperson,13,4962
GUILFORD,senate,28,inperson,14,5328
GUILFORD,senate,28,inperson,15,5953
GUILFORD,senate,28,inperson,17,2692
GUILFORD,senate,28,inperson,18,5251
GUILFORD,senate,28,inperson,19,5834
GUILFORD,senate,28,mail,0,251
GUILFORD,senate,28,mail,1,359
GUILFORD,senate,28,mail,2,26
GUILFORD,senate,28,mail,3,53
GUILFORD,senate,28,mail,4,197
GUILFORD,senate,28,mail,5,213
GUILFORD,senate,28,mail,6,236
GUILFORD,senate,28,mail,7,195
GUILFORD,senate,28,mail,8,220
GUILFORD,senate,28,mail,9,16
GUILFORD,senate,28,mail,10,19
GUILFORD,senate,28,mail,11,130
GUILFORD,senate,28,mail,12,234
GUILFORD,senate,28,mail,13,140
GUILFORD,senate,28,mail,14,71
GUILFORD,senate,28,mail,15,285
GUILFORD,senate,28,mail,17,14
GUILFORD,senate,28,mail,18,158
GUILFORD,senate,28,mail,19,189
GUILFORD,senate,28,mail,20,59
GUILFORD,senate,28,mail,21,43
GUILFORD,senate,28,mail,22,97
GUILFORD,senate,28,mail,23,2
GUILFORD,senate,28,mail,25,89
GUILFORD,senate,28,mail,26,34
GUILFORD,senate,28,mail,27,71
GUILFORD,senate,28,mail,28,81
GUILFORD,senate,28,mail,29,106
GUILFORD,senate,28,mail,32,23
GUILFORD,senate,28,mail,33,95
GUILFORD,senate,28,mail,34,69
GUILFORD,senate,28,mail,35,51
GUILFORD,senate,28,mail,36,85
GUILFORD,senate,28,mail,39,12
GUILFORD,senate,28,mail,40,9
GUILFORD,senate,28,mail,41,12
GUILFORD,senate,28,mail,42,3
GUILFORD,senate,28,mail,43,15
HALIFAX,house,27,inperson,3,1235
HALIFAX,house,27,inperson,4,1349
HALIFAX,house,27,inperson,5,821
HALIFAX,house,27,inperson,6,915
HALIFAX,house,27,inperson,7,1013
HALIFAX,house,27,inperson,8,1166
HALIFAX,house,27,inperson,11,1147
HALIFAX,house,27,inperson,12,1059
HALIFAX,house,27,inperson,13,1113
HALIFAX,house,27,inperson,14,1323
HALIFAX,house,27,inperson,15,1702
HALIFAX,house,27,inperson,18,1628
HALIFAX,house,27,inperson,19,2045
HALIFAX,house,27,mail,0,52
HALIFAX,house,27,mail,1,50
HALIFAX,house,27,mail,2,4
HALIFAX,house,27,mail,3,24
HALIFAX,house,27,mail,4,34
HALIFAX,house,27,mail,5,13
HALIFAX,house,27,mail,6,30
HALIFAX,house,27,mail,7,17
HALIFAX,house,27,mail,8,37
HALIFAX,house,27,mail,11,7
HALIFAX,house,27,mail,12,9
HALIFAX,house,27,mail,13,51
HALIFAX,house,27,mail,14,15
HALIFAX,house,27,mail,15,32
HALIFAX,house,27,mail,18,20
HALIFAX,house,27,mail,19,16
HALIFAX,house,27,mail,20,8
HALIFAX,house,27,mail,21,20
HALIFAX,house,27,mail,22,2
HALIFAX,house,27,mail,26,17
HALIFAX,house,27,mail,27,1
HALIFAX,house,27,mail,28,13
HALIFAX,house,27,mail,29,17
HALIFAX,house,27,mail,32,3
HALIFAX,house,27,mail,33,2
HALIFAX,house,27,mail,34,9
HALIFAX,house,27,mail,36,2
HALIFAX,senate,2,inperson,3,1235
HALIFAX,senate,2,inperson,4,1349
HALIFAX,senate,2,inperson,5,821
HALIFAX,senate,2,inperson,6,915
HALIFAX,senate,2,inperson,7,1013
HALIFAX,senate,2,inperson,8,1166
HALIFAX,senate,2,inperson,11,1147
HALIFAX,senate,2,inperson,12,1059
HALIFAX,senate,2,inperson,13,1113
HALIFAX,senate,2,inperson,14,1323
HALIFAX,senate,2,inperson,15,1702
HALIFAX,senate,2,inperson,18,1628
HALIFAX,senate,2,inperson,19,2045
HALIFAX,senate,2,mail,0,52
HALIFAX,senate,2,mail,1,50
HALIFAX,senate,2,mail,2,4
HALIFAX,senate,2,mail,3,24
HALIFAX,senate,2,mail,4,34
HALIFAX,senate,2,mail,5,13
HALIFAX,senate,2,mail,6,30
HALIFAX,senate,2,mail,7,17
HALIFAX,senate,2,mail,8,37
HALIFAX,senate,2,mail,11,7
HALIFAX,senate,2,mail,12,9
HALIFAX,senate,2,mail,13,51
HALIFAX,senate,2,mail,14,15
HALIFAX,senate,2,mail,15,32
HALIFAX,senate,2,mail,18,20
HALIFAX,senate,2,mail,19,16
HALIFAX,senate,2,mail,20,8
HALIFAX,senate,2,mail,21,20
HALIFAX,senate,2,mail,22,2
HALIFAX,senate,2,mail,26,17
HALIFAX,senate,2,mail,27,1
HALIFAX,senate,2,mail,28,13
HALIFAX,senate,2,mail,29,17
HALIFAX,senate,2,mail,32,3
HALIFAX,senate,2,mail,33,2
HALIFAX,senate,2,mail,34,9
HALIFAX,senate,2,mail,36,2
HARNETT,house,53,inperson,3,1102
HARNETT,house,53,inperson,4,1219
HARNETT,house,53,inperson,5,735
HARNETT,house,53,inperson,6,841
HARNETT,house,53,inperson,7,896
HARNETT,house,53,inperson,8,962
HARNETT,house,53,inperson,9,451
HARNETT,house,53,inperson,10,782
HARNETT,house,53,inperson,11,954
HARNETT,house,53,inperson,12,908
HARNETT,house,53,inperson,13,963
HARNETT,house,53,inperson,14,1130
HARNETT,house,53,inperson,15,1284
HARNETT,house,53,inperson,16,452
HARNETT,house,53,inperson,17,1001
HARNETT,house,53,inperson,18,1417
HARNETT,house,53,inperson,19,2045
HARNETT,house,53,mail,0,56
HARNETT,house,53,mail,1,51
HARNETT,house,53,mail,3,58
HARNETT,house,53,mail,4,47
HARNETT,house,53,mail,5,64
HARNETT,house,53,mail,6,50
HARNETT,house,53,mail,7,16
HARNETT,house,53,mail,8,42
HARNETT,house,53,mail,10,18
HARNETT,house,53,mail,11,58
HARNETT,house,53,mail,13,58
HARNETT,house,53,mail,14,22
HARNETT,house,53,mail,15,31
HARNETT,house,53,mail,17,33
HARNETT,house,53,mail,18,49
HARNETT,house,53,mail,19,27
HARNETT,house,53,mail,20,2
HARNETT,house,53,mail,21,86
HARNETT,house,53,mail,22,29
HARNETT,house,53,mail,25,19
HARNETT,house,53,mail,26,18
HARNETT,house,53,mail,27,21
HARNETT,house,53,mail,29,15
HARNETT,house,53,mail,31,7
HARNETT,house,53,mail,32,19
HARNETT,house,53,mail,33,24
HARNETT,house,53,mail,34,19
HARNETT,house,53,mail,35,9
HARNETT,house,53,mail,36,12
HARNETT,house,53,mail,37,2
HARNETT,house,53,mail,39,1
HARNETT,house,53,mail,40,1
HARNETT,house,53,mail,42,3
HARNETT,house,53,mail,43,2
HARNETT,house,53,mail,44,1
HARNETT,house,53,mail,45,1
HARNETT,house,6,inperson,3,2073
HARNETT,house,6,inperson,4,2500
HARNETT,house,6,inperson,5,1466
HARNETT,house,6,inperson,6,1519
HARNETT,house,6,inperson,7,1622
HARNETT,house,6,inperson,8,1612
HARNETT,house,6,inperson,9,875
HARNETT,house,6,inperson,10,1679
HARNETT,house,6,inperson,11,1778
HARNETT,house,6,inperson,12,1537
HARNETT,house,6,inperson,13,1626
HARNETT,house,6,inperson,14,1708
HARNETT,house,6,inperson,15,2012
HARNETT,house,6,inperson,16,890
HARNETT,house,6,inperson,17,1957
HARNETT,house,6,inperson,18,2436
HARNETT,house,6,inperson,19,3116
HARNETT,house,6,mail,0,187
HARNETT,house,6,mail,1,142
HARNETT,house,6,mail,3,144
HARNETT,house,6,mail,4,99
HARNETT,house,6,mail,5,145
HARNETT,house,6,mail,6,137
HARNETT,house,6,mail,7,31
HARNETT,house,6,mail,8,156
HARNETT,house,6,mail,10,55
HARNETT,house,6,mail,11,174
HARNETT,house,6,mail,13,83
HARNETT,house,6,mail,14,88
HARNETT,house,6,mail,15,81
HARNETT,house,6,mail,17,79
HARNETT,house,6,mail,18,99
HARNETT,house,6,mail,19,48
HARNETT,house,6,mail,20,22
HARNETT,house,6,mail,21,69
HARNETT,house,6,mail,22,28
HARNETT,house,6,mail,25,40
HARNETT,house,6,mail,26,60
HARNETT,house,6,mail,27,45
HARNETT,house,6,mail,28,16
HARNETT,house,6,mail,29,52
HARNETT,house,6,mail,31,13
HARNETT,house,6,mail,32,41
HARNETT,house,6,mail,33,39
HARNETT,house,6,mail,34,42
HARNETT,house,6,mail,35,16
HARNETT,house,6,mail,36,21
HARNETT,house,6,mail,37,7
HARNETT,house,6,mail,39,6
HARNETT,house,6,mail,40,5
HARNETT,house,6,mail,41,4
HARNETT,house,6,mail,42,9
HARNETT,house,6,mail,43,11
HARNETT,house,6,mail,44,3
HARNETT,house,6,mail,45,7
HARNETT,house,6,mail,46,3
HARNETT,senate,12,inperson,3,3175
HARNETT,senate,12,inperson,4,3719
HARNETT,senate,12,inperson,5,2201
HARNETT,senate,12,inperson,6,2360
HARNETT,senate,12,inperson,7,2518
HARNETT,senate,12,inperson,8,2574
HARNETT,senate,12,inperson,9,1326
HARNETT,senate,12,inperson,10,2461
HARNETT,senate,12,inperson,11,2732
HARNETT,senate,12,inperson,12,2445
HARNETT,senate,12,inperson,13,2589
HARNETT,senate,12,inperson,14,2838
HARNETT,senate,12,inperson,15,3296
HARNETT,senate,12,inperson,16,1342
HARNETT,senate,12,inperson,17,2958
HARNETT,senate,12,inperson,18,3853
HARNETT,senate,12,inperson,19,5161
HARNETT,senate,12,mail,0,243
HARNETT,senate,12,mail,1,193
HARNETT,senate,12,mail,3,202
HARNETT,senate,12,mail,4,146
HARNETT,senate,12,mail,5,209
HARNETT,senate,12,mail,6,187
HARNETT,senate,12,mail,7,47
HARNETT,senate,12,mail,8,198
HARNETT,senate,12,mail,10,73
HARNETT,senate,12,mail,11,232
HARNETT,senate,12,mail,13,141
HARNETT,senate,12,mail,14,110
HARNETT,senate,12,mail,15,112
HARNETT,senate,12,mail,17,112
HARNETT,senate,12,mail,18,148
HARNETT,senate,12,mail,19,75
HARNETT,senate,12,mail,20,24
HARNETT,senate,12,mail,21,155
HARNETT,senate,12,mail,22,57
HARNETT,senate,12,mail,25,59
HARNETT,senate,12,mail,26,78
HARNETT,senate,12,mail,27,66
HARNETT,senate,12,mail,28,16
HARNETT,senate,12,mail,29,67
HARNETT,senate,12,mail,31,20
HARNETT,senate,12,mail,32,60
HARNETT,senate,12,mail,33,63
HARNETT,senate,12,mail,34,61
HARNETT,senate,12,mail,35,25
HARNETT,senate,12,mail,36,33
HARNETT,senate,12,mail,37,9
HARNETT,senate,12,mail,39,7
HARNETT,senate,12,mail,40,6
HARNETT,senate,12,mail,41,4
HARNETT,senate,12,mail,42,12
HARNETT,senate,12,mail,43,13
HARNETT,senate,12,mail,44,4
HARNETT,senate,12,mail,45,8
HARNETT,senate,12,mail,46,3
HAYWOOD,house,118,inperson,3,1506
HAYWOOD,house,118,inperson,4,1879
HAYWOOD,house,118,inperson,5,1358
HAYWOOD,house,118,inperson,6,1498
HAYWOOD,house,118,inperson,7,1759
HAYWOOD,house,118,inperson,8,1954
HAYWOOD,house,118,inperson,10,928
HAYWOOD,house,118,inperson,11,1969
HAYWOOD,house,118,inperson,12,1993
HAYWOOD,house,118,inperson,13,2180
HAYWOOD,house,118,inperson,14,2314
HAYWOOD,house,118,inperson,15,2503
HAYWOOD,house,118,inperson,17,1141
HAYWOOD,house,118,inperson,18,2438
HAYWOOD,house,118,inperson,19,2606
HAYWOOD,house,118,mail,0,80
HAYWOOD,house,118,mail,1,86
HAYWOOD,house,118,mail,3,36
HAYWOOD,house,118,mail,4,88
HAYWOOD,house,118,mail,5,84
HAYWOOD,house,118,mail,6,79
HAYWOOD,house,118,mail,7,120
HAYWOOD,house,118,mail,8,89
HAYWOOD,house,118,mail,10,31
HAYWOOD,house,118,mail,11,94
HAYWOOD,house,118,mail,12,88
HAYWOOD,house,118,mail,13,95
HAYWOOD,house,118,mail,14,55
HAYWOOD,house,118,mail,15,90
HAYWOOD,house,118,mail,17,33
HAYWOOD,house,118,mail,18,79
HAYWOOD,house,118,mail,19,68
HAYWOOD,house,118,mail,20,36
HAYWOOD,house,118,mail,21,60
HAYWOOD,house,118,mail,22,65
HAYWOOD,house,118,mail,24,8
HAYWOOD,house,118,mail,25,41
HAYWOOD,house,118,mail,26,51
HAYWOOD,house,118,mail,27,28
HAYWOOD,house,118,mail,28,42
HAYWOOD,house,118,mail,29,48
HAYWOOD,house,118,mail,31,14
HAYWOOD,house,118,mail,32,14
HAYWOOD,house,118,mail,33,24
HAYWOOD,house,118,mail,36,7
HAYWOOD,house,118,mail,43,32
HAYWOOD,senate,47,inperson,3,472
HAYWOOD,senate,47,inperson,4,586
HAYWOOD,senate,47,inperson,5,441
HAYWOOD,senate,47,inperson,6,416
HAYWOOD,senate,47,inperson,7,498
HAYWOOD,senate,47,inperson,8,568
HAYWOOD,senate,47,inperson,10,356
HAYWOOD,senate,47,inperson,11,521
HAYWOOD,senate,47,inperson,12,518
HAYWOOD,senate,47,inperson,13,606
HAYWOOD,senate,47,inperson,14,623
HAYWOOD,senate,47,inperson,15,732
HAYWOOD,senate,47,inperson,17,324
HAYWOOD,senate,47,inperson,18,758
HAYWOOD,senate,47,inperson,19,817
HAYWOOD,senate,47,mail,0,20
HAYWOOD,senate,47,mail,1,18
HAYWOOD,senate,47,mail,3,5
HAYWOOD,senate,47,mail,4,28
HAYWOOD,senate,47,mail,5,23
HAYWOOD,senate,47,mail,6,19
HAYWOOD,senate,47,mail,7,31
HAYWOOD,senate,47,mail,8,16
HAYWOOD,senate,47,mail,10,7
HAYWOOD,senate,47,mail,11,27
HAYWOOD,senate,47,mail,12,19
HAYWOOD,senate,47,mail,13,24
HAYWOOD,senate,47,mail,14,12
HAYWOOD,senate,47,mail,15,22
HAYWOOD,senate,47,mail,17,8
HAYWOOD,senate,47,mail,18,19
HAYWOOD,senate,47,mail,19,21
HAYWOOD,senate,47,mail,20,6
HAYWOOD,senate,47,mail,21,18
HAYWOOD,senate,47,mail,22,10
HAYWOOD,senate,47,mail,24,1
HAYWOOD,senate,47,mail,25,3
HAYWOOD,senate,47,mail,26,8
HAYWOOD,senate,47,mail,27,2
HAYWOOD,senate,47,mail,28,6
HAYWOOD,senate,47,mail,29,9
HAYWOOD,senate,47,mail,31,2
HAYWOOD,senate,47,mail,32,3
HAYWOOD,senate,47,mail,33,7
HAYWOOD,senate,47,mail,36,2
HAYWOOD,senate,47,mail,43,11
HAYWOOD,senate,50,inperson,3,1034
HAYWOOD,senate,50,inperson,4,1293
HAYWOOD,senate,50,inperson,5,917
HAYWOOD,senate,50,inperson,6,1082
HAYWOOD,senate,50,inperson,7,1261
HAYWOOD,senate,50,inperson,8,1386
HAYWOOD,senate,50,inperson,10,572
HAYWOOD,senate,50,inperson,11,1448
HAYWOOD,senate,50,inperson,12,1475
HAYWOOD,senate,50,inperson,13,1574
HAYWOOD,senate,50,inperson,14,1691
HAYWOOD,senate,50,inperson,15,1771
HAYWOOD,senate,50,inperson,17,817
HAYWOOD,senate,50,inperson,18,1680
HAYWOOD,senate,50,inperson,19,1789
HAYWOOD,senate,50,mail,0,60
HAYWOOD,senate,50,mail,1,68
HAYWOOD,senate,50,mail,3,31
HAYWOOD,senate,50,mail,4,60
HAYWOOD,senate,50,mail,5,61
HAYWOOD,senate,50,mail,6,60
HAYWOOD,senate,50,mail,7,89
HAYWOOD,senate,50,mail,8,73
HAYWOOD,senate,50,mail,10,24
HAYWOOD,senate,50,mail,11,67
HAYWOOD,senate,50,mail,12,69
HAYWOOD,senate,50,mail,13,71
HAYWOOD,senate,50,mail,14,43
HAYWOOD,senate,50,mail,15,68
HAYWOOD,senate,50,mail,17,25
HAYWOOD,senate,50,mail,18,60
HAYWOOD,senate,50,mail,19,47
HAYWOOD,senate,50,mail,20,30
HAYWOOD,senate,50,mail,21,42
HAYWOOD,senate,50,mail,22,55
HAYWOOD,senate,50,mail,24,7
HAYWOOD,senate,50,mail,25,38
HAYWOOD,senate,50,mail,26,43
HAYWOOD,senate,50,mail,27,26
HAYWOOD,senate,50,mail,28,36
HAYWOOD,senate,50,mail,29,39
HAYWOOD,senate,50,mail,31,12
HAYWOOD,senate,50,mail,32,11
HAYWOOD,senate,50,mail,33,17
HAYWOOD,senate,50,mail,36,5
HAYWOOD,senate,50,mail,43,21
HENDERSON,house,113,inperson,3,505
HENDERSON,house,113,inperson,4,851
HENDERSON,house,113,inperson,5,664
HENDERSON,house,113,inperson,6,755
HENDERSON,house,113,inperson,7,789
HENDERSON,house,113,inperson,8,822
HENDERSON,house,113,inperson,11,810
HENDERSON,house,113,inperson,12,905
HENDERSON,house,113,inperson,13,981
HENDERSON,house,113,inperson,14,1065
HENDERSON,house,113,inperson,15,1100
HENDERSON,house,113,inperson,17,426
HENDERSON,house,113,inperson,18,948
HENDERSON,house,113,inperson,19,902
HENDERSON,house,113,mail,0,51
HENDERSON,house,113,mail,1,40
HENDERSON,house,113,mail,2,23
HENDERSON,house,113,mail,3,10
HENDERSON,house,113,mail,4,72
HENDERSON,house,113,mail,5,25
HENDERSON,house,113,mail,6,44
HENDERSON,house,113,mail,7,58
HENDERSON,house,113,mail,8,30
HENDERSON,house,113,mail,9,16
HENDERSON,house,113,mail,11,159
HENDERSON,house,113,mail,12,53
HENDERSON,house,113,mail,13,5
HENDERSON,house,113,mail,14,1
HENDERSON,house,113,mail,15,93
HENDERSON,house,113,mail,17,5
HENDERSON,house,113,mail,18,58
HENDERSON,house,113,mail,19,7
HENDERSON,house,113,mail,20,52
HENDERSON,house,113,mail,22,24
HENDERSON,house,113,mail,23,3
HENDERSON,house,113,mail,25,32
HENDERSON,house,113,mail,26,27
HENDERSON,house,113,mail,27,30
HENDERSON,house,113,mail,28,2
HENDERSON,house,113,mail,29,27
HENDERSON,house,113,mail,32,5
HENDERSON,house,113,mail,33,4
HENDERSON,house,113,mail,34,5
HENDERSON,house,113,mail,36,4
HENDERSON,house,113,mail,40,1
HENDERSON,house,113,mail,41,2
HENDERSON,house,113,mail,42,1
HENDERSON,house,113,mail,43,6
HENDERSON,house,113,mail,46,2
HENDERSON,house,117,inperson,3,2469
HENDERSON,house,117,inperson,4,3411
HENDERSON,house,117,inperson,5,2977
HENDERSON,house,117,inperson,6,3335
HENDERSON,house,117,inperson,7,3126
HENDERSON,house,117,inperson,8,2389
HENDERSON,house,117,inperson,11,2721
HENDERSON,house,117,inperson,12,2805
HENDERSON,house,117,inperson,13,2946
HENDERSON,house,117,inperson,14,3180
HENDERSON,house,117,inperson,15,3047
HENDERSON,house,117,inperson,17,1251
HENDERSON,house,117,inperson,18,2736
HENDERSON,house,117,inperson,19,2550
HENDERSON,house,117,mail,0,201
HENDERSON,house,117,mail,1,150
HENDERSON,house,117,mail,2,114
HENDERSON,house,117,mail,3,44
HENDERSON,house,117,mail,4,267
HENDERSON,house,117,mail,5,75
HENDERSON,house,117,mail,6,187
HENDERSON,house,117,mail,7,250
HENDERSON,house,117,mail,8,129
HENDERSON,house,117,mail,9,116
HENDERSON,house,117,mail,10,1
HENDERSON,house,117,mail,11,600
HENDERSON,house,117,mail,12,170
HENDERSON,house,117,mail,13,3
HENDERSON,house,117,mail,14,3
HENDERSON,house,117,mail,15,311
HENDERSON,house,117,mail,16,1
HENDERSON,house,117,mail,17,15
HENDERSON,house,117,mail,18,194
HENDERSON,house,117,mail,19,55
HENDERSON,house,117,mail,20,127
HENDERSON,house,117,mail,22,129
HENDERSON,house,117,mail,23,6
HENDERSON,house,117,mail,25,155
HENDERSON,house,117,mail,26,91
HENDERSON,house,117,mail,27,117
HENDERSON,house,117,mail,28,16
HENDERSON,house,117,mail,29,60
HENDERSON,house,117,mail,32,20
HENDERSON,house,117,mail,33,13
HENDERSON,house,117,mail,34,4
HENDERSON,house,117,mail,36,9
HENDERSON,house,117,mail,40,1
HENDERSON,house,117,mail,41,10
HENDERSON,house,117,mail,42,4
HENDERSON,house,117,mail,43,20
HENDERSON,house,117,mail,46,5
HENDERSON,senate,48,inperson,3,2974
HENDERSON,senate,48,inperson,4,4262
HENDERSON,senate,48,inperson,5,3641
HENDERSON,senate,48,inperson,6,4090
HENDERSON,senate,48,inperson,7,3915
HENDERSON,senate,48,inperson,8,3211
HENDERSON,senate,48,inperson,11,3531
HENDERSON,senate,48,inperson,12,3710
HENDERSON,senate,48,inperson,13,3927
HENDERSON,senate,48,inperson,14,4245
HENDERSON,senate,48,inperson,15,4147
HENDERSON,senate,48,inperson,17,1677
HENDERSON,senate,48,inperson,18,3684
HENDERSON,senate,48,inperson,19,3452
HENDERSON,senate,48,mail,0,252
HENDERSON,senate,48,mail,1,190
HENDERSON,senate,48,mail,2,137
HENDERSON,senate,48,mail,3,54
HENDERSON,senate,48,mail,4,339
HENDERSON,senate,48,mail,5,100
HENDERSON,senate,48,mail,6,231
HENDERSON,senate,48,mail,7,308
HENDERSON,senate,48,mail,8,159
HENDERSON,senate,48,mail,9,132
HENDERSON,senate,48,mail,10,1
HENDERSON,senate,48,mail,11,759
HENDERSON,senate,48,mail,12,223
HENDERSON,senate,48,mail,13,8
HENDERSON,senate,48,mail,14,4
HENDERSON,senate,48,mail,15,404
HENDERSON,senate,48,mail,16,1
HENDERSON,senate,48,mail,17,20
HENDERSON,senate,48,mail,18,252
HENDERSON,senate,48,mail,19,62
HENDERSON,senate,48,mail,20,179
HENDERSON,senate,48,mail,22,153
HENDERSON,senate,48,mail,23,9
HENDERSON,senate,48,mail,25,187
HENDERSON,senate,48,mail,26,118
HENDERSON,senate,48,mail,27,147
HENDERSON,senate,48,mail,28,18
HENDERSON,senate,48,mail,29,87
HENDERSON,senate,48,mail,32,25
HENDERSON,senate,48,mail,33,17
HENDERSON,senate,48,mail,34,9
HENDERSON,senate,48,mail,36,13
HENDERSON,senate,48,mail,40,2
HENDERSON,senate,48,mail,41,12
HENDERSON,senate,48,mail,42,5
HENDERSON,senate,48,mail,43,26
HENDERSON,senate,48,mail,46,7
HERTFORD,house,5,inperson,3,373
HERTFORD,house,5,inperson,4,603
HERTFORD,house,5,inperson,5,424
HERTFORD,house,5,inperson,6,437
HERTFORD,house,5,inperson,7,416
HERTFORD,house,5,inperson,8,478
HERTFORD,house,5,inperson,11,517
HERTFORD,house,5,inperson,12,439
HERTFORD,house,5,inperson,13,464
HERTFORD,house,5,inperson,14,576
HERTFORD,house,5,inperson,15,727
HERTFORD,house,5,inperson,18,613
HERTFORD,house,5,inperson,19,998
HERTFORD,house,5,mail,0,25
HERTFORD,house,5,mail,1,28
HERTFORD,house,5,mail,3,1
HERTFORD,house,5,mail,4,15
HERTFORD,house,5,mail,5,6
HERTFORD,house,5,mail,6,10
HERTFORD,house,5,mail,7,18
HERTFORD,house,5,mail,8,24
HERTFORD,house,5,mail,11,3
HERTFORD,house,5,mail,12,21
HERTFORD,house,5,mail,13,8
HERTFORD,house,5,mail,18,40
HERTFORD,house,5,mail,21,1
HERTFORD,house,5,mail,25,13
HERTFORD,house,5,mail,28,3
HERTFORD,house,5,mail,29,6
HERTFORD,senate,1,inperson,3,373
HERTFORD,senate,1,inperson,4,603
HERTFORD,senate,1,inperson,5,424
HERTFORD,senate,1,inperson,6,437
HERTFORD,senate,1,inperson,7,416
HERTFORD,senate,1,inperson,8,478
HERTFORD,senate,1,inperson,11,517
HERTFORD,senate,1,inperson,12,439
HERTFORD,senate,1,inperson,13,464
HERTFORD,senate,1,inperson,14,576
HERTFORD,senate,1,inperson,15,727
HERTFORD,senate,1,inperson,18,613
HERTFORD,senate,1,inperson,19,998
HERTFORD,senate,1,mail,0,25
HERTFORD,senate,1,mail,1,28
HERTFORD,senate,1,mail,3,1
HERTFORD,senate,1,mail,4,15
HERTFORD,senate,1,mail,5,6
HERTFORD,senate,1,mail,6,10
HERTFORD,senate,1,mail,7,18
HERTFORD,senate,1,mail,8,24
HERTFORD,senate,1,mail,11,3
HERTFORD,senate,1,mail,12,21
HERTFORD,senate,1,mail,13,8
HERTFORD,senate,1,mail,18,40
HERTFORD,senate,1,mail,21,1
HERTFORD,senate,1,mail,25,13
HERTFORD,senate,1,mail,28,3
HERTFORD,senate,1,mail,29,6
HOKE,house,48,inperson,3,1203
HOKE,house,48,inperson,4,1408
HOKE,house,48,inperson,5,781
HOKE,house,48,inperson,6,886
HOKE,house,48,inperson,7,918
HOKE,house,48,inperson,8,1043
HOKE,house,48,inperson,9,343
HOKE,house,48,inperson,10,620
HOKE,house,48,inperson,11,1119
HOKE,house,48,inperson,12,882
HOKE,house,48,inperson,13,1008
HOKE,house,48,inperson,14,1199
HOKE,house,48,inperson,15,1542
HOKE,house,48,inperson,17,685
HOKE,house,48,inperson,18,1469
HOKE,house,48,inperson,19,1909
HOKE,house,48,mail,0,97
HOKE,house,48,mail,1,110
HOKE,house,48,mail,2,11
HOKE,house,48,mail,3,69
HOKE,house,48,mail,4,56
HOKE,house,48,mail,5,8
HOKE,house,48,mail,6,9
HOKE,house,48,mail,7,25
HOKE,house,48,mail,8,9
HOKE,house,48,mail,9,3
HOKE,house,48,mail,10,52
HOKE,house,48,mail,11,6
HOKE,house,48,mail,12,8
HOKE,house,48,mail,13,16
HOKE,house,48,mail,14,13
HOKE,house,48,mail,15,84
HOKE,house,48,mail,16,5
HOKE,house,48,mail,17,4
HOKE,house,48,mail,18,3
HOKE,house,48,mail,20,2
HOKE,house,48,mail,21,29
HOKE,house,48,mail,23,1
HOKE,house,48,mail,24,1
HOKE,house,48,mail,25,13
HOKE,house,48,mail,26,1
HOKE,house,48,mail,27,2
HOKE,house,48,mail,28,16
HOKE,house,48,mail,29,29
HOKE,house,48,mail,30,1
HOKE,house,48,mail,34,11
HOKE,house,48,mail,35,14
HOKE,house,48,mail,36,4
HOKE,house,48,mail,38,1
HOKE,house,48,mail,39,1
HOKE,house,48,mail,42,2
HOKE,house,48,mail,43,2
HOKE,house,48,mail,44,2
HOKE,house,48,mail,45,1
HOKE,senate,24,inperson,3,1203
HOKE,senate,24,inperson,4,1408
HOKE,senate,24,inperson,5,781
HOKE,senate,24,inperson,6,886
HOKE,senate,24,inperson,7,918
HOKE,senate,24,inperson,8,1043
HOKE,senate,24,inperson,9,343
HOKE,senate,24,inperson,10,620
HOKE,senate,24,inperson,11,1119
HOKE,senate,24,inperson,12,882
HOKE,senate,24,inperson,13,1008
HOKE,senate,24,inperson,14,1199
HOKE,senate,24,inperson,15,1542
HOKE,senate,24,inperson,17,685
HOKE,senate,24,inperson,18,1469
HOKE,senate,24,inperson,19,1909
HOKE,senate,24,mail,0,97
HOKE,senate,24,mail,1,110
HOKE,senate,24,mail,2,11
HOKE,senate,24,mail,3,69
HOKE,senate,24,mail,4,56
HOKE,senate,24,mail,5,8
HOKE,senate,24,mail,6,9
HOKE,senate,24,mail,7,25
HOKE,senate,24,mail,8,9
HOKE,senate,24,mail,9,3
HOKE,senate,24,mail,10,52
HOKE,senate,24,mail,11,6
HOKE,senate,24,mail,12,8
HOKE,senate,24,mail,13,16
HOKE,senate,24,mail,14,13
HOKE,senate,24,mail,15,84
HOKE,senate,24,mail,16,5
HOKE,senate,24,mail,17,4
HOKE,senate,24,mail,18,3
HOKE,senate,24,mail,20,2
HOKE,senate,24,mail,21,29
HOKE,senate,24,mail,23,1
HOKE,senate,24,mail,24,1
HOKE,senate,24,mail,25,13
HOKE,senate,24,mail,26,1
HOKE,senate,24,mail,27,2
HOKE,senate,24,mail,28,16
HOKE,senate,24,mail,29,29
HOKE,senate,24,mail,30,1
HOKE,senate,24,mail,34,11
HOKE,senate,24,mail,35,14
HOKE,senate,24,mail,36,4
HOKE,senate,24,mail,38,1
HOKE,senate,24,mail,39,1
HOKE,senate,24,mail,42,2
HOKE,senate,24,mail,43,2
HOKE,senate,24,mail,44,2
HOKE,senate,24,mail,45,1
HYDE,house,79,inperson,3,96
HYDE,house,79,inperson,4,73
HYDE,house,79,inperson,5,66
HYDE,house,79,inperson,6,47
HYDE,house,79,inperson,7,58
HYDE,house,79,inperson,8,61
HYDE,house,79,inperson,11,165
HYDE,house,79,inperson,12,257
HYDE,house,79,inperson,13,46
HYDE,house,79,inperson,14,56
HYDE,house,79,inperson,15,55
HYDE,house,79,inperson,18,92
HYDE,house,79,inperson,19,84
HYDE,house,79,mail,0,6
HYDE,house,79,mail,1,11
HYDE,house,79,mail,3,4
HYDE,house,79,mail,4,9
HYDE,house,79,mail,5,5
HYDE,house,79,mail,6,8
HYDE,house,79,mail,8,7
HYDE,house,79,mail,11,3
HYDE,house,79,mail,12,2
HYDE,house,79,mail,13,3
HYDE,house,79,mail,14,4
HYDE,house,79,mail,15,8
HYDE,house,79,mail,18,1
HYDE,house,79,mail,19,1
HYDE,house,79,mail,20,3
HYDE,house,79,mail,21,10
HYDE,house,79,mail,22,2
HYDE,house,79,mail,25,3
HYDE,house,79,mail,28,2
HYDE,house,79,mail,29,1
HYDE,house,79,mail,34,2
HYDE,house,79,mail,45,1
HYDE,senate,2,inperson,3,96
HYDE,senate,2,inperson,4,73
HYDE,senate,2,inperson,5,66
HYDE,senate,2,inperson,6,47
HYDE,senate,2,inperson,7,58
HYDE,senate,2,inperson,8,61
HYDE,senate,2,inperson,11,165
HYDE,senate,2,inperson,12,257
HYDE,senate,2,inperson,13,46
HYDE,senate,2,inperson,14,56
HYDE,senate,2,inperson,15,55
HYDE,senate,2,inperson,18,92
HYDE,senate,2,inperson,19,84
HYDE,senate,2,mail,0,6
HYDE,senate,2,mail,1,11
HYDE,senate,2,mail,3,4
HYDE,senate,2,mail,4,9
HYDE,senate,2,mail,5,5
HYDE,senate,2,mail,6,8
HYDE,senate,2,mail,8,7
HYDE,senate,2,mail,11,3
HYDE,senate,2,mail,12,2
HYDE,senate,2,mail,13,3
HYDE,senate,2,mail,14,4
HYDE,senate,2,mail,15,8
HYDE,senate,2,mail,18,1
HYDE,senate,2,mail,19,1
HYDE,senate,2,mail,20,3
HYDE,senate,2,mail,21,10
HYDE,senate,2,mail,22,2
HYDE,senate,2,mail,25,3
HYDE,senate,2,mail,28,2
HYDE,senate,2,mail,29,1
HYDE,senate,2,mail,34,2
HYDE,senate,2,mail,45,1
IREDELL,house,84,inperson,3,1964
IREDELL,house,84,inperson,4,2517
IREDELL,house,84,inperson,5,1850
IREDELL,house,84,inperson,6,2014
IREDELL,house,84,inperson,7,2251
IREDELL,house,84,inperson,8,2215
IREDELL,house,84,inperson,10,1470
IREDELL,house,84,inperson,11,2419
IREDELL,house,84,inperson,12,2403
IREDELL,house,84,inperson,13,2341
IREDELL,house,84,inperson,14,2483
IREDELL,house,84,inperson,15,2624
IREDELL,house,84,inperson,17,1546
IREDELL,house,84,inperson,18,2391
IREDELL,house,84,inperson,19,2464
IREDELL,house,84,mail,0,88
IREDELL,house,84,mail,1,91
IREDELL,house,84,mail,2,23
IREDELL,house,84,mail,3,85
IREDELL,house,84,mail,4,140
IREDELL,house,84,mail,5,102
IREDELL,house,84,mail,6,138
IREDELL,house,84,mail,7,71
IREDELL,house,84,mail,8,86
IREDELL,house,84,mail,10,67
IREDELL,house,84,mail,11,130
IREDELL,house,84,mail,12,16
IREDELL,house,84,mail,13,67
IREDELL,house,84,mail,14,45
IREDELL,house,84,mail,15,82
IREDELL,house,84,mail,16,11
IREDELL,house,84,mail,17,60
IREDELL,house,84,mail,18,58
IREDELL,house,84,mail,19,16
IREDELL,house,84,mail,20,29
IREDELL,house,84,mail,21,60
IREDELL,house,84,mail,22,56
IREDELL,house,84,mail,25,56
IREDELL,house,84,mail,26,14
IREDELL,house,84,mail,27,31
IREDELL,house,84,mail,28,43
IREDELL,house,84,mail,29,51
IREDELL,house,84,mail,32,41
IREDELL,house,84,mail,33,29
IREDELL,house,84,mail,34,16
IREDELL,house,84,mail,35,18
IREDELL,house,84,mail,36,30
IREDELL,house,84,mail,39,5
IREDELL,house,84,mail,40,1
IREDELL,house,84,mail,41,6
IREDELL,house,84,mail,42,8
IREDELL,house,89,inperson,3,414
IREDELL,house,89,inperson,4,548
IREDELL,house,89,inperson,5,418
IREDELL,house,89,inperson,6,420
IREDELL,house,89,inperson,7,570
IREDELL,house,89,inperson,8,542
IREDELL,house,89,inperson,10,314
IREDELL,house,89,inperson,11,576
IREDELL,house,89,inperson,12,553
IREDELL,house,89,inperson,13,529
IREDELL,house,89,inperson,14,669
IREDELL,house,89,inperson,15,717
IREDELL,house,89,inperson,17,341
IREDELL,house,89,inperson,18,700
IREDELL,house,89,inperson,19,751
IREDELL,house,89,mail,0,15
IREDELL,house,89,mail,1,20
IREDELL,house,89,mail,2,6
IREDELL,house,89,mail,3,29
IREDELL,house,89,mail,4,21
IREDELL,house,89,mail,5,28
IREDELL,house,89,mail,6,22
IREDELL,house,89,mail,7,12
IREDELL,house,89,mail,8,27
IREDELL,house,89,mail,10,28
IREDELL,house,89,mail,11,61
IREDELL,house,89,mail,12,7
IREDELL,house,89,mail,13,10
IREDELL,house,89,mail,14,6
IREDELL,house,89,mail,15,23
IREDELL,house,89,mail,16,4
IREDELL,house,89,mail,17,26
IREDELL,house,89,mail,18,23
IREDELL,house,89,mail,19,7
IREDELL,house,89,mail,20,5
IREDELL,house,89,mail,21,19
IREDELL,house,89,mail,22,11
IREDELL,house,89,mail,25,13
IREDELL,house,89,mail,26,3
IREDELL,house,89,mail,27,12
IREDELL,house,89,mail,28,9
IREDELL,house,89,mail,29,11
IREDELL,house,89,mail,32,10
IREDELL,house,89,mail,33,14
IREDELL,house,89,mail,34,7
IREDELL,house,89,mail,35,5
IREDELL,house,89,mail,36,15
IREDELL,house,89,mail,42,2
IREDELL,house,95,inperson,3,2177
IREDELL,house,95,inperson,4,2904
IREDELL,house,95,inperson,5,2076
IREDELL,house,95,inperson,6,2357
IREDELL,house,95,inperson,7,2518
IREDELL,house,95,inperson,8,2648
IREDELL,house,95,inperson,10,1531
IREDELL,house,95,inperson,11,2986
IREDELL,house,95,inperson,12,2908
IREDELL,house,95,inperson,13,3021
IREDELL,house,95,inperson,14,3192
IREDELL,house,95,inperson,15,3498
IREDELL,house,95,inperson,17,1932
IREDELL,house,95,inperson,18,3227
IREDELL,house,95,inperson,19,3151
IREDELL,house,95,mail,0,150
IREDELL,house,95,mail,1,151
IREDELL,house,95,mail,2,86
IREDELL,house,95,mail,3,205
IREDELL,house,95,mail,4,233
IREDELL,house,95,mail,5,175
IREDELL,house,95,mail,6,246
IREDELL,house,95,mail,7,23
IREDELL,house,95,mail,8,174
IREDELL,house,95,mail,10,149
IREDELL,house,95,mail,11,404
IREDELL,house,95,mail,12,33
IREDELL,house,95,mail,13,70
IREDELL,house,95,mail,14,39
IREDELL,house,95,mail,15,221
IREDELL,house,95,mail,16,14
IREDELL,house,95,mail,17,125
IREDELL,house,95,mail,18,147
IREDELL,house,95,mail,19,79
IREDELL,house,95,mail,20,23
IREDELL,house,95,mail,21,95
IREDELL,house,95,mail,22,88
IREDELL,house,95,mail,25,84
IREDELL,house,95,mail,26,61
IREDELL,house,95,mail,27,99
IREDELL,house,95,mail,28,36
IREDELL,house,95,mail,29,101
IREDELL,house,95,mail,32,71
IREDELL,house,95,mail,33,59
IREDELL,house,95,mail,34,43
IREDELL,house,95,mail,35,17
IREDELL,house,95,mail,36,30
IREDELL,house,95,mail,39,10
IREDELL,house,95,mail,40,4
IREDELL,house,95,mail,41,10
IREDELL,house,95,mail,42,20
IREDELL,senate,37,inperson,3,4555
IREDELL,senate,37,inperson,4,5969
IREDELL,senate,37,inperson,5,4344
IREDELL,senate,37,inperson,6,4791
IREDELL,senate,37,inperson,7,5339
IREDELL,senate,37,inperson,8,5405
IREDELL,senate,37,inperson,10,3315
IREDELL,senate,37,inperson,11,5981
IREDELL,senate,37,inperson,12,5864
IREDELL,senate,37,inperson,13,5891
IREDELL,senate,37,inperson,14,6344
IREDELL,senate,37,inperson,15,6839
IREDELL,senate,37,inperson,17,3819
IREDELL,senate,37,inperson,18,6318
IREDELL,senate,37,inperson,19,6366
IREDELL,senate,37,mail,0,253
IREDELL,senate,37,mail,1,262
IREDELL,senate,37,mail,2,115
IREDELL,senate,37,mail,3,319
IREDELL,senate,37,mail,4,394
IREDELL,senate,37,mail,5,305
IREDELL,senate,37,mail,6,406
IREDELL,senate,37,mail,7,106
IREDELL,senate,37,mail,8,287
IREDELL,senate,37,mail,10,244
IREDELL,senate,37,mail,11,595
IREDELL,senate,37,mail,12,56
IREDELL,senate,37,mail,13,147
IREDELL,senate,37,mail,14,90
IREDELL,senate,37,mail,15,326
IREDELL,senate,37,mail,16,29
IREDELL,senate,37,mail,17,211
IREDELL,senate,37,mail,18,228
IREDELL,senate,37,mail,19,102
IREDELL,senate,37,mail,20,57
IREDELL,senate,37,mail,21,174
IREDELL,senate,37,mail,22,155
IREDELL,senate,37,mail,25,153
IREDELL,senate,37,mail,26,78
IREDELL,senate,37,mail,27,142
IREDELL,senate,37,mail,28,88
IREDELL,senate,37,mail,29,163
IREDELL,senate,37,mail,32,122
IREDELL,senate,37,mail,33,102
IREDELL,senate,37,mail,34,66
IREDELL,senate,37,mail,35,40
IREDELL,senate,37,mail,36,75
IREDELL,senate,37,mail,39,15
IREDELL,senate,37,mail,40,5
IREDELL,senate,37,mail,41,16
IREDELL,senate,37,mail,42,30
JACKSON,house,119,inperson,3,763
JACKSON,house,119,inperson,4,1273
JACKSON,house,119,inperson,5,875
JACKSON,house,119,inperson,6,978
JACKSON,house,119,inperson,7,1045
JACKSON,house,119,inperson,8,1114
JACKSON,house,119,inperson,10,475
JACKSON,house,119,inperson,11,1200
JACKSON,house,119,inperson,12,1128
JACKSON,house,119,inperson,13,1308
JACKSON,house,119,inperson,14,1482
JACKSON,house,119,inperson,15,1736
JACKSON,house,119,inperson,18,1541
JACKSON,house,119,inperson,19,1808
JACKSON,house,119,mail,0,45
JACKSON,house,119,mail,1,80
JACKSON,house,119,mail,3,20
JACKSON,house,119,mail,4,47
JACKSON,house,119,mail,5,34
JACKSON,house,119,mail,6,35
JACKSON,house,119,mail,7,41
JACKSON,house,119,mail,8,50
JACKSON,house,119,mail,10,12
JACKSON,house,119,mail,11,31
JACKSON,house,119,mail,12,58
JACKSON,house,119,mail,13,28
JACKSON,house,119,mail,14,37
JACKSON,house,119,mail,15,55
JACKSON,house,119,mail,18,18
JACKSON,house,119,mail,19,19
JACKSON,house,119,mail,20,16
JACKSON,house,119,mail,21,12
JACKSON,house,119,mail,22,47
JACKSON,house,119,mail,24,1
JACKSON,house,119,mail,25,26
JACKSON,house,119,mail,26,34
JACKSON,house,119,mail,27,32
JACKSON,house,119,mail,28,12
JACKSON,house,119,mail,29,34
JACKSON,house,119,mail,31,2
JACKSON,house,119,mail,32,11
JACKSON,house,119,mail,33,8
JACKSON,house,119,mail,34,28
JACKSON,house,119,mail,35,5
JACKSON,house,119,mail,36,5
JACKSON,senate,50,inperson,3,763
JACKSON,senate,50,inperson,4,1273
JACKSON,senate,50,inperson,5,875
JACKSON,senate,50,inperson,6,978
JACKSON,senate,50,inperson,7,1045
JACKSON,senate,50,inperson,8,1114
JACKSON,senate,50,inperson,10,475
JACKSON,senate,50,inperson,11,1200
JACKSON,senate,50,inperson,12,1128
JACKSON,senate,50,inperson,13,1308
JACKSON,senate,50,inperson,14,1482
JACKSON,senate,50,inperson,15,1736
JACKSON,senate,50,inperson,18,1541
JACKSON,senate,50,inperson,19,1808
JACKSON,senate,50,mail,0,45
JACKSON,senate,50,mail,1,80
JACKSON,senate,50,mail,3,20
JACKSON,senate,50,mail,4,47
JACKSON,senate,50,mail,5,34
JACKSON,senate,50,mail,6,35
JACKSON,senate,50,mail,7,41
JACKSON,senate,50,mail,8,50
JACKSON,senate,50,mail,10,12
JACKSON,senate,50,mail,11,31
JACKSON,senate,50,mail,12,58
JACKSON,senate,50,mail,13,28
JACKSON,senate,50,mail,14,37
JACKSON,senate,50,mail,15,55
JACKSON,senate,50,mail,18,18
JACKSON,senate,50,mail,19,19
JACKSON,senate,50,mail,20,16
JACKSON,senate,50,mail,21,12
JACKSON,senate,50,mail,22,47
JACKSON,senate,50,mail,24,1
JACKSON,senate,50,mail,25,26
JACKSON,senate,50,mail,26,34
JACKSON,senate,50,mail,27,32
JACKSON,senate,50,mail,28,12
JACKSON,senate,50,mail,29,34
JACKSON,senate,50,mail,31,2
JACKSON,senate,50,mail,32,11
JACKSON,senate,50,mail,33,8
JACKSON,senate,50,mail,34,28
JACKSON,senate,50,mail,35,5
JACKSON,senate,50,mail,36,5
JOHNSTON,house,26,inperson,3,2853
JOHNSTON,house,26,inperson,4,3665
JOHNSTON,house,26,inperson,5,2305
JOHNSTON,house,26,inperson,6,2567
JOHNSTON,house,26,inperson,7,2634
JOHNSTON,house,26,inperson,8,2913
JOHNSTON,house,26,inperson,10,1826
JOHNSTON,house,26,inperson,11,2950
JOHNSTON,house,26,inperson,12,2796
JOHNSTON,house,26,inperson,13,2821
JOHNSTON,house,26,inperson,14,3154
JOHNSTON,house,26,inperson,15,3652
JOHNSTON,house,26,inperson,17,2234
JOHNSTON,house,26,inperson,18,3737
JOHNSTON,house,26,inperson,19,4274
JOHNSTON,house,26,mail,0,113
JOHNSTON,house,26,mail,1,161
JOHNSTON,house,26,mail,2,9
JOHNSTON,house,26,mail,3,122
JOHNSTON,house,26,mail,4,190
JOHNSTON,house,26,mail,5,168
JOHNSTON,house,26,mail,6,162
JOHNSTON,house,26,mail,7,57
JOHNSTON,house,26,mail,8,114
JOHNSTON,house,26,mail,9,3
JOHNSTON,house,26,mail,10,166
JOHNSTON,house,26,mail,11,15
JOHNSTON,house,26,mail,12,93
JOHNSTON,house,26,mail,13,145
JOHNSTON,house,26,mail,14,21
JOHNSTON,house,26,mail,15,210
JOHNSTON,house,26,mail,16,1
JOHNSTON,house,26,mail,17,14
JOHNSTON,house,26,mail,18,75
JOHNSTON,house,26,mail,19,181
JOHNSTON,house,26,mail,20,18
JOHNSTON,house,26,mail,21,40
JOHNSTON,house,26,mail,22,13
JOHNSTON,house,26,mail,24,34
JOHNSTON,house,26,mail,25,53
JOHNSTON,house,26,mail,26,79
JOHNSTON,house,26,mail,27,62
JOHNSTON,house,26,mail,28,66
JOHNSTON,house,26,mail,29,53
JOHNSTON,house,26,mail,31,1
JOHNSTON,house,26,mail,32,28
JOHNSTON,house,26,mail,33,64
JOHNSTON,house,26,mail,34,37
JOHNSTON,house,26,mail,35,17
JOHNSTON,house,26,mail,36,21
JOHNSTON,house,26,mail,38,2
JOHNSTON,house,26,mail,39,4
JOHNSTON,house,26,mail,40,3
JOHNSTON,house,26,mail,41,4
JOHNSTON,house,26,mail,43,4
JOHNSTON,house,26,mail,44,1
JOHNSTON,house,26,mail,45,2
JOHNSTON,house,26,mail,46,2
JOHNSTON,house,28,inperson,3,2237
JOHNSTON,house,28,inperson,4,2569
JOHNSTON,house,28,inperson,5,1721
JOHNSTON,house,28,inperson,6,1840
JOHNSTON,house,28,inperson,7,1898
JOHNSTON,house,28,inperson,8,2097
JOHNSTON,house,28,inperson,10,1293
JOHNSTON,house,28,inperson,11,2052
JOHNSTON,house,28,inperson,12,1822
JOHNSTON,house,28,inperson,13,1954
JOHNSTON,house,28,inperson,14,2292
JOHNSTON,house,28,inperson,15,2610
JOHNSTON,house,28,inperson,17,1412
JOHNSTON,house,28,inperson,18,2727
JOHNSTON,house,28,inperson,19,3344
JOHNSTON,house,28,mail,0,75
JOHNSTON,house,28,mail,1,79
JOHNSTON,house,28,mail,2,5
JOHNSTON,house,28,mail,3,60
JOHNSTON,house,28,mail,4,111
JOHNSTON,house,28,mail,5,84
JOHNSTON,house,28,mail,6,93
JOHNSTON,house,28,mail,7,37
JOHNSTON,house,28,mail,8,54
JOHNSTON,house,28,mail,9,4
JOHNSTON,house,28,mail,10,77
JOHNSTON,house,28,mail,11,13
JOHNSTON,house,28,mail,12,45
JOHNSTON,house,28,mail,13,61
JOHNSTON,house,28,mail,14,26
JOHNSTON,house,28,mail,15,117
JOHNSTON,house,28,mail,17,1
JOHNSTON,house,28,mail,18,47
JOHNSTON,house,28,mail,19,83
JOHNSTON,house,28,mail,20,17
JOHNSTON,house,28,mail,21,29
JOHNSTON,house,28,mail,22,14
JOHNSTON,house,28,mail,23,1
JOHNSTON,house,28,mail,24,13
JOHNSTON,house,28,mail,25,30
JOHNSTON,house,28,mail,26,43
JOHNSTON,house,28,mail,27,37
JOHNSTON,house,28,mail,28,18
JOHNSTON,house,28,mail,29,45
JOHNSTON,house,28,mail,31,2
JOHNSTON,house,28,mail,32,18
JOHNSTON,house,28,mail,33,32
JOHNSTON,house,28,mail,34,22
JOHNSTON,house,28,mail,35,9
JOHNSTON,house,28,mail,36,13
JOHNSTON,house,28,mail,38,1
JOHNSTON,house,28,mail,39,2
JOHNSTON,house,28,mail,40,2
JOHNSTON,house,28,mail,41,1
JOHNSTON,house,28,mail,42,4
JOHNSTON,house,28,mail,43,3
JOHNSTON,house,28,mail,46,1
JOHNSTON,house,53,inperson,3,1268
JOHNSTON,house,53,inperson,4,1583
JOHNSTON,house,53,inperson,5,945
JOHNSTON,house,53,inperson,6,983
JOHNSTON,house,53,inperson,7,1156
JOHNSTON,house,53,inperson,8,1219
JOHNSTON,house,53,inperson,10,837
JOHNSTON,house,53,inperson,11,1327
JOHNSTON,house,53,inperson,12,1130
JOHNSTON,house,53,inperson,13,1217
JOHNSTON,house,53,inperson,14,1431
JOHNSTON,house,53,inperson,15,1519
JOHNSTON,house,53,inperson,17,1015
JOHNSTON,house,53,inperson,18,1770
JOHNSTON,house,53,inperson,19,2073
JOHNSTON,house,53,mail,0,57
JOHNSTON,house,53,mail,1,67
JOHNSTON,house,53,mail,3,48
JOHNSTON,house,53,mail,4,73
JOHNSTON,house,53,mail,5,79
JOHNSTON,house,53,mail,6,90
JOHNSTON,house,53,mail,7,11
JOHNSTON,house,53,mail,8,56
JOHNSTON,house,53,mail,9,1
JOHNSTON,house,53,mail,10,85
JOHNSTON,house,53,mail,11,7
JOHNSTON,house,53,mail,12,63
JOHNSTON,house,53,mail,13,50
JOHNSTON,house,53,mail,14,6
JOHNSTON,house,53,mail,15,84
JOHNSTON,house,53,mail,16,4
JOHNSTON,house,53,mail,17,9
JOHNSTON,house,53,mail,18,48
JOHNSTON,house,53,mail,19,81
JOHNSTON,house,53,mail,20,10
JOHNSTON,house,53,mail,21,17
JOHNSTON,house,53,mail,22,6
JOHNSTON,house,53,mail,23,3
JOHNSTON,house,53,mail,24,9
JOHNSTON,house,53,mail,25,17
JOHNSTON,house,53,mail,26,37
JOHNSTON,house,53,mail,27,36
JOHNSTON,house,53,mail,28,17
JOHNSTON,house,53,mail,29,39
JOHNSTON,house,53,mail,31,1
JOHNSTON,house,53,mail,32,10
JOHNSTON,house,53,mail,33,30
JOHNSTON,house,53,mail,34,21
JOHNSTON,house,53,mail,35,6
JOHNSTON,house,53,mail,36,6
JOHNSTON,house,53,mail,40,4
JOHNSTON,house,53,mail,41,2
JOHNSTON,house,53,mail,42,1
JOHNSTON,house,53,mail,44,1
JOHNSTON,senate,10,inperson,3,6358
JOHNSTON,senate,10,inperson,4,7817
JOHNSTON,senate,10,inperson,5,4971
JOHNSTON,senate,10,inperson,6,5390
JOHNSTON,senate,10,inperson,7,5688
JOHNSTON,senate,10,inperson,8,6229
JOHNSTON,senate,10,inperson,10,3956
JOHNSTON,senate,10,inperson,11,6329
JOHNSTON,senate,10,inperson,12,5748
JOHNSTON,senate,10,inperson,13,5992
JOHNSTON,senate,10,inperson,14,6877
JOHNSTON,senate,10,inperson,15,7781
JOHNSTON,senate,10,inperson,17,4661
JOHNSTON,senate,10,inperson,18,8234
JOHNSTON,senate,10,inperson,19,9691
JOHNSTON,senate,10,mail,0,245
JOHNSTON,senate,10,mail,1,307
JOHNSTON,senate,10,mail,2,14
JOHNSTON,senate,10,mail,3,230
JOHNSTON,senate,10,mail,4,374
JOHNSTON,senate,10,mail,5,331
JOHNSTON,senate,10,mail,6,345
JOHNSTON,senate,10,mail,7,105
JOHNSTON,senate,10,mail,8,224
JOHNSTON,senate,10,mail,9,8
JOHNSTON,senate,10,mail,10,328
JOHNSTON,senate,10,mail,11,35
JOHNSTON,senate,10,mail,12,201
JOHNSTON,senate,10,mail,13,256
JOHNSTON,senate,10,mail,14,53
JOHNSTON,senate,10,mail,15,411
JOHNSTON,senate,10,mail,16,5
JOHNSTON,senate,10,mail,17,24
JOHNSTON,senate,10,mail,18,170
JOHNSTON,senate,10,mail,19,345
JOHNSTON,senate,10,mail,20,45
JOHNSTON,senate,10,mail,21,86
JOHNSTON,senate,10,mail,22,33
JOHNSTON,senate,10,mail,23,4
JOHNSTON,senate,10,mail,24,56
JOHNSTON,senate,10,mail,25,100
JOHNSTON,senate,10,mail,26,159
JOHNSTON,senate,10,mail,27,135
JOHNSTON,senate,10,mail,28,101
JOHNSTON,senate,10,mail,29,137
JOHNSTON,senate,10,mail,31,4
JOHNSTON,senate,10,mail,32,56
JOHNSTON,senate,10,mail,33,126
JOHNSTON,senate,10,mail,34,80
JOHNSTON,senate,10,mail,35,32
JOHNSTON,senate,10,mail,36,40
JOHNSTON,senate,10,mail,38,3
JOHNSTON,senate,10,mail,39,6
JOHNSTON,senate,10,mail,40,9
JOHNSTON,senate,10,mail,41,7
JOHNSTON,senate,10,mail,42,5
JOHNSTON,senate,10,mail,43,7
JOHNSTON,senate,10,mail,44,2
JOHNSTON,senate,10,mail,45,2
JOHNSTON,senate,10,mail,46,3
JONES,house,12,inperson,3,194
JONES,house,12,inperson,4,241
JONES,house,12,inperson,5,181
JONES,house,12,inperson,6,164
JONES,house,12,inperson,7,219
JONES,house,12,inperson,8,226
JONES,house,12,inperson,10,112
JONES,house,12,inperson,11,207
JONES,house,12,inperson,12,228
JONES,house,12,inperson,13,224
JONES,house,12,inperson,14,280
JONES,house,12,inperson,15,309
JONES,house,12,inperson,17,118
JONES,house,12,inperson,18,334
JONES,house,12,inperson,19,475
JONES,house,12,mail,0,7
JONES,house,12,mail,1,3
JONES,house,12,mail,3,12
JONES,house,12,mail,4,5
JONES,house,12,mail,5,15
JONES,house,12,mail,6,2
JONES,house,12,mail,7,7
JONES,house,12,mail,8,3
JONES,house,12,mail,10,1
JONES,house,12,mail,11,7
JONES,house,12,mail,12,6
JONES,house,12,mail,13,14
JONES,house,12,mail,14,6
JONES,house,12,mail,15,17
JONES,house,12,mail,18,1
JONES,house,12,mail,19,4
JONES,house,12,mail,20,7
JONES,house,12,mail,21,4
JONES,house,12,mail,22,7
JONES,house,12,mail,26,1
JONES,house,12,mail,27,3
JONES,house,12,mail,28,2
JONES,house,12,mail,29,6
JONES,house,12,mail,32,4
JONES,house,12,mail,36,2
JONES,house,12,mail,40,2
JONES,senate,9,inperson,3,194
JONES,senate,9,inperson,4,241
JONES,senate,9,inperson,5,181
JONES,senate,9,inperson,6,164
JONES,senate,9,inperson,7,219
JONES,senate,9,inperson,8,226
JONES,senate,9,inperson,10,112
JONES,senate,9,inperson,11,207
JONES,senate,9,inperson,12,228
JONES,senate,9,inperson,13,224
JONES,senate,9,inperson,14,280
JONES,senate,9,inperson,15,309
JONES,senate,9,inperson,17,118
JONES,senate,9,inperson,18,334
JONES,senate,9,inperson,19,475
JONES,senate,9,mail,0,7
JONES,senate,9,mail,1,3
JONES,senate,9,mail,3,12
JONES,senate,9,mail,4,5
JONES,senate,9,mail,5,15
JONES,senate,9,mail,6,2
JONES,senate,9,mail,7,7
JONES,senate,9,mail,8,3
JONES,senate,9,mail,10,1
JONES,senate,9,mail,11,7
JONES,senate,9,mail,12,6
JONES,senate,9,mail,13,14
JONES,senate,9,mail,14,6
JONES,senate,9,mail,15,17
JONES,senate,9,mail,18,1
JONES,senate,9,mail,19,4
JONES,senate,9,mail,20,7
JONES,senate,9,mail,21,4
JONES,senate,9,mail,22,7
JONES,senate,9,mail,26,1
JONES,senate,9,mail,27,3
JONES,senate,9,mail,28,2
JONES,senate,9,mail,29,6
JONES,senate,9,mail,32,4
JONES,senate,9,mail,36,2
JONES,senate,9,mail,40,2
LEE,house,51,inperson,3,1513
LEE,house,51,inperson,4,1679
LEE,house,51,inperson,5,1067
LEE,house,51,inperson,6,1301
LEE,house,51,inperson,7,1429
LEE,house,51,inperson,8,1631
LEE,house,51,inperson,11,1565
LEE,house,51,inperson,12,1385
LEE,house,51,inperson,13,1477
LEE,house,51,inperson,14,1738
LEE,house,51,inperson,15,1976
LEE,house,51,inperson,16,613
LEE,house,51,inperson,17,1122
LEE,house,51,inperson,18,1997
LEE,house,51,inperson,19,2366
LEE,house,51,mail,0,98
LEE,house,51,mail,1,73
LEE,house,51,mail,2,1
LEE,house,51,mail,3,47
LEE,house,51,mail,4,123
LEE,house,51,mail,5,36
LEE,house,51,mail,6,38
LEE,house,51,mail,7,74
LEE,house,51,mail,8,80
LEE,house,51,mail,11,49
LEE,house,51,mail,12,88
LEE,house,51,mail,13,6
LEE,house,51,mail,14,39
LEE,house,51,mail,15,65
LEE,house,51,mail,17,31
LEE,house,51,mail,18,41
LEE,house,51,mail,19,59
LEE,house,51,mail,20,33
LEE,house,51,mail,21,64
LEE,house,51,mail,22,10
LEE,house,51,mail,23,1
LEE,house,51,mail,24,1
LEE,house,51,mail,25,27
LEE,house,51,mail,26,50
LEE,house,51,mail,27,12
LEE,house,51,mail,28,21
LEE,house,51,mail,29,79
LEE,house,51,mail,32,8
LEE,house,51,mail,33,15
LEE,house,51,mail,34,34
LEE,house,51,mail,35,11
LEE,house,51,mail,36,39
LEE,house,51,mail,39,9
LEE,house,51,mail,40,14
LEE,house,51,mail,41,2
LEE,house,51,mail,42,14
LEE,senate,12,inperson,3,1513
LEE,senate,12,inperson,4,1679
LEE,senate,12,inperson,5,1067
LEE,senate,12,inperson,6,1301
LEE,senate,12,inperson,7,1429
LEE,senate,12,inperson,8,1631
LEE,senate,12,inperson,11,1565
LEE,senate,12,inperson,12,1385
LEE,senate,12,inperson,13,1477
LEE,senate,12,inperson,14,1738
LEE,senate,12,inperson,15,1976
LEE,senate,12,inperson,16,613
LEE,senate,12,inperson,17,1122
LEE,senate,12,inperson,18,1997
LEE,senate,12,inperson,19,2366
LEE,senate,12,mail,0,98
LEE,senate,12,mail,1,73
LEE,senate,12,mail,2,1
LEE,senate,12,mail,3,47
LEE,senate,12,mail,4,123
LEE,senate,12,mail,5,36
LEE,senate,12,mail,6,38
LEE,senate,12,mail,7,74
LEE,senate,12,mail,8,80
LEE,senate,12,mail,11,49
LEE,senate,12,mail,12,88
LEE,senate,12,mail,13,6
LEE,senate,12,mail,14,39
LEE,senate,12,mail,15,65
LEE,senate,12,mail,17,31
LEE,senate,12,mail,18,41
LEE,senate,12,mail,19,59
LEE,senate,12,mail,20,33
LEE,senate,12,mail,21,64
LEE,senate,12,mail,22,10
LEE,senate,12,mail,23,1
LEE,senate,12,mail,24,1
LEE,senate,12,mail,25,27
LEE,senate,12,mail,26,50
LEE,senate,12,mail,27,12
LEE,senate,12,mail,28,21
LEE,senate,12,mail,29,79
LEE,senate,12,mail,32,8
LEE,senate,12,mail,33,15
LEE,senate,12,mail,34,34
LEE,senate,12,mail,35,11
LEE,senate,12,mail,36,39
LEE,senate,12,mail,39,9
LEE,senate,12,mail,40,14
LEE,senate,12,mail,41,2
LEE,senate,12,mail,42,14
LENOIR,house,12,inperson,3,1184
LENOIR,house,12,inperson,4,1313
LENOIR,house,12,inperson,5,921
LENOIR,house,12,inperson,6,963
LENOIR,house,12,inperson,7,1055
LENOIR,house,12,inperson,8,1190
LENOIR,house,12,inperson,10,748
LENOIR,house,12,inperson,11,1319
LENOIR,house,12,inperson,12,1176
LENOIR,house,12,inperson,13,1422
LENOIR,house,12,inperson,14,1661
LENOIR,house,12,inperson,15,2024
LENOIR,house,12,inperson,17,948
LENOIR,house,12,inperson,18,2275
LENOIR,house,12,inperson,19,2704
LENOIR,house,12,mail,0,50
LENOIR,house,12,mail,1,55
LENOIR,house,12,mail,3,23
LENOIR,house,12,mail,4,56
LENOIR,house,12,mail,5,60
LENOIR,house,12,mail,6,49
LENOIR,house,12,mail,7,25
LENOIR,house,12,mail,8,40
LENOIR,house,12,mail,10,10
LENOIR,house,12,mail,11,30
LENOIR,house,12,mail,12,32
LENOIR,house,12,mail,13,33
LENOIR,house,12,mail,14,32
LENOIR,house,12,mail,15,35
LENOIR,house,12,mail,17,16
LENOIR,house,12,mail,18,16
LENOIR,house,12,mail,19,26
LENOIR,house,12,mail,20,27
LENOIR,house,12,mail,21,24
LENOIR,house,12,mail,22,4
LENOIR,house,12,mail,25,14
LENOIR,house,12,mail,26,14
LENOIR,house,12,mail,27,11
LENOIR,house,12,mail,28,17
LENOIR,house,12,mail,29,27
LENOIR,house,12,mail,32,18
LENOIR,house,12,mail,33,14
LENOIR,house,12,mail,34,8
LENOIR,house,12,mail,35,12
LENOIR,house,12,mail,36,7
LENOIR,house,12,mail,39,3
LENOIR,house,12,mail,41,1
LENOIR,house,12,mail,43,1
LENOIR,senate,3,inperson,3,1184
LENOIR,senate,3,inperson,4,1313
LENOIR,senate,3,inperson,5,921
LENOIR,senate,3,inperson,6,963
LENOIR,senate,3,inperson,7,1055
LENOIR,senate,3,inperson,8,1190
LENOIR,senate,3,inperson,10,748
LENOIR,senate,3,inperson,11,1319
LENOIR,senate,3,inperson,12,1176
LENOIR,senate,3,inperson,13,1422
LENOIR,senate,3,inperson,14,1661
LENOIR,senate,3,inperson,15,2024
LENOIR,senate,3,inperson,17,948
LENOIR,senate,3,inperson,18,2275
LENOIR,senate,3,inperson,19,2704
LENOIR,senate,3,mail,0,50
LENOIR,senate,3,mail,1,55
LENOIR,senate,3,mail,3,23
LENOIR,senate,3,mail,4,56
LENOIR,senate,3,mail,5,60
LENOIR,senate,3,mail,6,49
LENOIR,senate,3,mail,7,25
LENOIR,senate,3,mail,8,40
LENOIR,senate,3,mail,10,10
LENOIR,senate,3,mail,11,30
LENOIR,senate,3,mail,12,32
LENOIR,senate,3,mail,13,33
LENOIR,senate,3,mail,14,32
LENOIR,senate,3,mail,15,35
LENOIR,senate,3,mail,17,16
LENOIR,senate,3,mail,18,16
LENOIR,senate,3,mail,19,26
LENOIR,senate,3,mail,20,27
LENOIR,senate,3,mail,21,24
LENOIR,senate,3,mail,22,4
LENOIR,senate,3,mail,25,14
LENOIR,senate,3,mail,26,14
LENOIR,senate,3,mail,27,11
LENOIR,senate,3,mail,28,17
LENOIR,senate,3,mail,29,27
LENOIR,senate,3,mail,32,18
LENOIR,senate,3,mail,33,14
LENOIR,senate,3,mail,34,8
LENOIR,senate,3,mail,35,12
LENOIR,senate,3,mail,36,7
LENOIR,senate,3,mail,39,3
LENOIR,senate,3,mail,41,1
LENOIR,senate,3,mail,43,1
LINCOLN,house,97,inperson,3,2298
LINCOLN,house,97,inperson,4,2962
LINCOLN,house,97,inperson,5,2030
LINCOLN,house,97,inperson,6,2224
LINCOLN,house,97,inperson,7,2491
LINCOLN,house,97,inperson,8,2729
LINCOLN,house,97,inperson,9,863
LINCOLN,house,97,inperson,10,1610
LINCOLN,house,97,inperson,11,3123
LINCOLN,house,97,inperson,12,2892
LINCOLN,house,97,inperson,13,3346
LINCOLN,house,97,inperson,14,3437
LINCOLN,house,97,inperson,15,3975
LINCOLN,house,97,inperson,17,1791
LINCOLN,house,97,inperson,18,3949
LINCOLN,house,97,inperson,19,4268
LINCOLN,house,97,mail,0,86
LINCOLN,house,97,mail,1,146
LINCOLN,house,97,mail,3,81
LINCOLN,house,97,mail,4,97
LINCOLN,house,97,mail,5,131
LINCOLN,house,97,mail,6,142
LINCOLN,house,97,mail,7,79
LINCOLN,house,97,mail,8,69
LINCOLN,house,97,mail,10,58
LINCOLN,house,97,mail,11,69
LINCOLN,house,97,mail,12,91
LINCOLN,house,97,mail,13,81
LINCOLN,house,97,mail,14,46
LINCOLN,house,97,mail,15,110
LINCOLN,house,97,mail,17,20
LINCOLN,house,97,mail,18,69
LINCOLN,house,97,mail,19,117
LINCOLN,house,97,mail,20,56
LINCOLN,house,97,mail,21,56
LINCOLN,house,97,mail,22,73
LINCOLN,house,97,mail,25,48
LINCOLN,house,97,mail,26,54
LINCOLN,house,97,mail,27,72
LINCOLN,house,97,mail,29,60
LINCOLN,house,97,mail,32,26
LINCOLN,house,97,mail,33,18
LINCOLN,house,97,mail,34,60
LINCOLN,house,97,mail,35,5
LINCOLN,house,97,mail,36,35
LINCOLN,house,97,mail,40,11
LINCOLN,house,97,mail,42,2
LINCOLN,senate,44,inperson,3,2298
LINCOLN,senate,44,inperson,4,2962
LINCOLN,senate,44,inperson,5,2030
LINCOLN,senate,44,inperson,6,2224
LINCOLN,senate,44,inperson,7,2491
LINCOLN,senate,44,inperson,8,2729
LINCOLN,senate,44,inperson,9,863
LINCOLN,senate,44,inperson,10,1610
LINCOLN,senate,44,inperson,11,3123
LINCOLN,senate,44,inperson,12,2892
LINCOLN,senate,44,inperson,13,3346
LINCOLN,senate,44,inperson,14,3437
LINCOLN,senate,44,inperson,15,3975
LINCOLN,senate,44,inperson,17,1791
LINCOLN,senate,44,inperson,18,3949
LINCOLN,senate,44,inperson,19,4268
LINCOLN,senate,44,mail,0,86
LINCOLN,senate,44,mail,1,146
LINCOLN,senate,44,mail,3,81
LINCOLN,senate,44,mail,4,97
LINCOLN,senate,44,mail,5,131
LINCOLN,senate,44,mail,6,142
LINCOLN,senate,44,mail,7,79
LINCOLN,senate,44,mail,8,69
LINCOLN,senate,44,mail,10,58
LINCOLN,senate,44,mail,11,69
LINCOLN,senate,44,mail,12,91
LINCOLN,senate,44,mail,13,81
LINCOLN,senate,44,mail,14,46
LINCOLN,senate,44,mail,15,110
LINCOLN,senate,44,mail,17,20
LINCOLN,senate,44,mail,18,69
LINCOLN,senate,44,mail,19,117
LINCOLN,senate,44,mail,20,56
LINCOLN,senate,44,mail,21,56
LINCOLN,senate,44,mail,22,73
LINCOLN,senate,44,mail,25,48
LINCOLN,senate,44,mail,26,54
LINCOLN,senate,44,mail,27,72
LINCOLN,senate,44,mail,29,60
LINCOLN,senate,44,mail,32,26
LINCOLN,senate,44,mail,33,18
LINCOLN,senate,44,mail,34,60
LINCOLN,senate,44,mail,35,5
LINCOLN,senate,44,mail,36,35
LINCOLN,senate,44,mail,40,11
LINCOLN,senate,44,mail,42,2
MACON,house,120,inperson,3,727
MACON,house,120,inperson,4,972
MACON,house,120,inperson,5,789
MACON,house,120,inperson,6,866
MACON,house,120,inperson,7,943
MACON,house,120,inperson,8,1095
MACON,house,120,inperson,10,473
MACON,house,120,inperson,11,1084
MACON,house,120,inperson,12,1111
MACON,house,120,inperson,13,1261
MACON,house,120,inperson,14,1463
MACON,house,120,inperson,15,1572
MACON,house,120,inperson,17,599
MACON,house,120,inperson,18,1600
MACON,house,120,inperson,19,1603
MACON,house,120,mail,0,80
MACON,house,120,mail,1,46
MACON,house,120,mail,3,15
MACON,house,120,mail,4,33
MACON,house,120,mail,5,41
MACON,house,120,mail,6,57
MACON,house,120,mail,7,55
MACON,house,120,mail,8,80
MACON,house,120,mail,10,1
MACON,house,120,mail,11,86
MACON,house,120,mail,12,17
MACON,house,120,mail,13,63
MACON,house,120,mail,14,11
MACON,house,120,mail,15,99
MACON,house,120,mail,17,1
MACON,house,120,mail,18,60
MACON,house,120,mail,19,7
MACON,house,120,mail,20,34
MACON,house,120,mail,21,26
MACON,house,120,mail,22,22
MACON,house,120,mail,25,43
MACON,house,120,mail,26,39
MACON,house,120,mail,27,48
MACON,house,120,mail,28,35
MACON,house,120,mail,29,29
MACON,house,120,mail,32,17
MACON,house,120,mail,33,15
MACON,house,120,mail,34,22
MACON,house,120,mail,35,2
MACON,house,120,mail,36,30
MACON,house,120,mail,40,8
MACON,house,120,mail,46,1
MACON,senate,50,inperson,3,727
MACON,senate,50,inperson,4,972
MACON,senate,50,inperson,5,789
MACON,senate,50,inperson,6,866
MACON,senate,50,inperson,7,943
MACON,senate,50,inperson,8,1095
MACON,senate,50,inperson,10,473
MACON,senate,50,inperson,11,1084
MACON,senate,50,inperson,12,1111
MACON,senate,50,inperson,13,1261
MACON,senate,50,inperson,14,1463
MACON,senate,50,inperson,15,1572
MACON,senate,50,inperson,17,599
MACON,senate,50,inperson,18,1600
MACON,senate,50,inperson,19,1603
MACON,senate,50,mail,0,80
MACON,senate,50,mail,1,46
MACON,senate,50,mail,3,15
MACON,senate,50,mail,4,33
MACON,senate,50,mail,5,41
MACON,senate,50,mail,6,57
MACON,senate,50,mail,7,55
MACON,senate,50,mail,8,80
MACON,senate,50,mail,10,1
MACON,senate,50,mail,11,86
MACON,senate,50,mail,12,17
MACON,senate,50,mail,13,63
MACON,senate,50,mail,14,11
MACON,senate,50,mail,15,99
MACON,senate,50,mail,17,1
MACON,senate,50,mail,18,60
MACON,senate,50,mail,19,7
MACON,senate,50,mail,20,34
MACON,senate,50,mail,21,26
MACON,senate,50,mail,22,22
MACON,senate,50,mail,25,43
MACON,senate,50,mail,26,39
MACON,senate,50,mail,27,48
MACON,senate,50,mail,28,35
MACON,senate,50,mail,29,29
MACON,senate,50,mail,32,17
MACON,senate,50,mail,33,15
MACON,senate,50,mail,34,22
MACON,senate,50,mail,35,2
MACON,senate,50,mail,36,30
MACON,senate,50,mail,40,8
MACON,senate,50,mail,46,1
MADISON,house,118,inperson,3,650
MADISON,house,118,inperson,4,872
MADISON,house,118,inperson,5,556
MADISON,house,118,inperson,6,598
MADISON,house,118,inperson,7,705
MADISON,house,118,inperson,8,786
MADISON,house,118,inperson,11,772
MADISON,house,118,inperson,12,696
MADISON,house,118,inperson,13,775
MADISON,house,118,inperson,14,757
MADISON,house,118,inperson,15,918
MADISON,house,118,inperson,18,942
MADISON,house,118,inperson,19,938
MADISON,house,118,mail,0,22
MADISON,house,118,mail,1,33
MADISON,house,118,mail,2,12
MADISON,house,118,mail,3,28
MADISON,house,118,mail,4,22
MADISON,house,118,mail,5,19
MADISON,house,118,mail,6,25
MADISON,house,118,mail,7,40
MADISON,house,118,mail,8,20
MADISON,house,118,mail,11,19
MADISON,house,118,mail,12,15
MADISON,house,118,mail,13,52
MADISON,house,118,mail,14,14
MADISON,house,118,mail,15,29
MADISON,house,118,mail,18,21
MADISON,house,118,mail,19,12
MADISON,house,118,mail,20,6
MADISON,house,118,mail,21,15
MADISON,house,118,mail,22,8
MADISON,house,118,mail,25,11
MADISON,house,118,mail,26,4
MADISON,house,118,mail,28,16
MADISON,house,118,mail,29,2
MADISON,house,118,mail,32,2
MADISON,house,118,mail,33,6
MADISON,house,118,mail,41,1
MADISON,house,118,mail,43,3
MADISON,house,118,mail,44,1
MADISON,house,118,mail,45,1
MADISON,senate,47,inperson,3,650
MADISON,senate,47,inperson,4,872
MADISON,senate,47,inperson,5,556
MADISON,senate,47,inperson,6,598
MADISON,senate,47,inperson,7,705
MADISON,senate,47,inperson,8,786
MADISON,senate,47,inperson,11,772
MADISON,senate,47,inperson,12,696
MADISON,senate,47,inperson,13,775
MADISON,senate,47,inperson,14,757
MADISON,senate,47,inperson,15,918
MADISON,senate,47,inperson,18,942
MADISON,senate,47,inperson,19,938
MADISON,senate,47,mail,0,22
MADISON,senate,47,mail,1,33
MADISON,senate,47,mail,2,12
MADISON,senate,47,mail,3,28
MADISON,senate,47,mail,4,22
MADISON,senate,47,mail,5,19
MADISON,senate,47,mail,6,25
MADISON,senate,47,mail,7,40
MADISON,senate,47,mail,8,20
MADISON,senate,47,mail,11,19
MADISON,senate,47,mail,12,15
MADISON,senate,47,mail,13,52
MADISON,senate,47,mail,14,14
MADISON,senate,47,mail,15,29
MADISON,senate,47,mail,18,21
MADISON,senate,47,mail,19,12
MADISON,senate,47,mail,20,6
MADISON,senate,47,mail,21,15
MADISON,senate,47,mail,22,8
MADISON,senate,47,mail,25,11
MADISON,senate,47,mail,26,4
MADISON,senate,47,mail,28,16
MADISON,senate,47,mail,29,2
MADISON,senate,47,mail,32,2
MADISON,senate,47,mail,33,6
MADISON,senate,47,mail,41,1
MADISON,senate,47,mail,43,3
MADISON,senate,47,mail,44,1
MADISON,senate,47,mail,45,1
MARTIN,house,23,inperson,3,435
MARTIN,house,23,inperson,4,587
MARTIN,house,23,inperson,5,436
MARTIN,house,23,inperson,6,392
MARTIN,house,23,inperson,7,539
MARTIN,house,23,inperson,8,558
MARTIN,house,23,inperson,11,592
MARTIN,house,23,inperson,12,540
MARTIN,house,23,inperson,13,583
MARTIN,house,23,inperson,14,594
MARTIN,house,23,inperson,15,695
MARTIN,house,23,inperson,16,265
MARTIN,house,23,inperson,18,625
MARTIN,house,23,inperson,19,684
MARTIN,house,23,mail,0,20
MARTIN,house,23,mail,1,33
MARTIN,house,23,mail,3,24
MARTIN,house,23,mail,4,15
MARTIN,house,23,mail,5,16
MARTIN,house,23,mail,6,8
MARTIN,house,23,mail,7,21
MARTIN,house,23,mail,8,11
MARTIN,house,23,mail,11,10
MARTIN,house,23,mail,12,9
MARTIN,house,23,mail,13,9
MARTIN,house,23,mail,14,5
MARTIN,house,23,mail,15,10
MARTIN,house,23,mail,16,3
MARTIN,house,23,mail,17,11
MARTIN,house,23,mail,18,2
MARTIN,house,23,mail,19,10
MARTIN,house,23,mail,20,20
MARTIN,house,23,mail,21,3
MARTIN,house,23,mail,22,3
MARTIN,house,23,mail,25,2
MARTIN,house,23,mail,26,7
MARTIN,house,23,mail,27,7
MARTIN,house,23,mail,28,8
MARTIN,house,23,mail,29,9
MARTIN,house,23,mail,32,6
MARTIN,house,23,mail,33,8
MARTIN,house,23,mail,34,2
MARTIN,house,23,mail,35,4
MARTIN,house,23,mail,36,3
MARTIN,senate,2,inperson,3,435
MARTIN,senate,2,inperson,4,587
MARTIN,senate,2,inperson,5,436
MARTIN,senate,2,inperson,6,392
MARTIN,senate,2,inperson,7,539
MARTIN,senate,2,inperson,8,558
MARTIN,senate,2,inperson,11,592
MARTIN,senate,2,inperson,12,540
MARTIN,senate,2,inperson,13,583
MARTIN,senate,2,inperson,14,594
MARTIN,senate,2,inperson,15,695
MARTIN,senate,2,inperson,16,265
MARTIN,senate,2,inperson,18,625
MARTIN,senate,2,inperson,19,684
MARTIN,senate,2,mail,0,20
MARTIN,senate,2,mail,1,33
MARTIN,senate,2,mail,3,24
MARTIN,senate,2,mail,4,15
MARTIN,senate,2,mail,5,16
MARTIN,senate,2,mail,6,8
MARTIN,senate,2,mail,7,21
MARTIN,senate,2,mail,8,11
MARTIN,senate,2,mail,11,10
MARTIN,senate,2,mail,12,9
MARTIN,senate,2,mail,13,9
MARTIN,senate,2,mail,14,5
MARTIN,senate,2,mail,15,10
MARTIN,senate,2,mail,16,3
MARTIN,senate,2,mail,17,11
MARTIN,senate,2,mail,18,2
MARTIN,senate,2,mail,19,10
MARTIN,senate,2,mail,20,20
MARTIN,senate,2,mail,21,3
MARTIN,senate,2,mail,22,3
MARTIN,senate,2,mail,25,2
MARTIN,senate,2,mail,26,7
MARTIN,senate,2,mail,27,7
MARTIN,senate,2,mail,28,8
MARTIN,senate,2,mail,29,9
MARTIN,senate,2,mail,32,6
MARTIN,senate,2,mail,33,8
MARTIN,senate,2,mail,34,2
MARTIN,senate,2,mail,35,4
MARTIN,senate,2,mail,36,3
MCDOWELL,house,113,inperson,3,125
MCDOWELL,house,113,inperson,4,134
MCDOWELL,house,113,inperson,5,122
MCDOWELL,house,113,inperson,6,121
MCDOWELL,house,113,inperson,7,126
MCDOWELL,house,113,inperson,8,162
MCDOWELL,house,113,inperson,10,75
MCDOWELL,house,113,inperson,11,161
MCDOWELL,house,113,inperson,12,137
MCDOWELL,house,113,inperson,13,141
MCDOWELL,house,113,inperson,14,140
MCDOWELL,house,113,inperson,15,197
MCDOWELL,house,113,inperson,17,88
MCDOWELL,house,113,inperson,18,188
MCDOWELL,house,113,inperson,19,146
MCDOWELL,house,113,mail,0,9
MCDOWELL,house,113,mail,1,11
MCDOWELL,house,113,mail,3,2
MCDOWELL,house,113,mail,4,4
MCDOWELL,house,113,mail,5,7
MCDOWELL,house,113,mail,6,6
MCDOWELL,house,113,mail,7,7
MCDOWELL,house,113,mail,8,5
MCDOWELL,house,113,mail,10,3
MCDOWELL,house,113,mail,11,4
MCDOWELL,house,113,mail,12,6
MCDOWELL,house,113,mail,13,3
MCDOWELL,house,113,mail,14,1
MCDOWELL,house,113,mail,15,5
MCDOWELL,house,113,mail,17,3
MCDOWELL,house,113,mail,18,5
MCDOWELL,house,113,mail,20,2
MCDOWELL,house,113,mail,22,1
MCDOWELL,house,113,mail,25,1
MCDOWELL,house,113,mail,26,2
MCDOWELL,house,113,mail,27,1
MCDOWELL,house,113,mail,28,1
MCDOWELL,house,85,inperson,3,910
MCDOWELL,house,85,inperson,4,1255
MCDOWELL,house,85,inperson,5,888
MCDOWELL,house,85,inperson,6,1016
MCDOWELL,house,85,inperson,7,1165
MCDOWELL,house,85,inperson,8,1016
MCDOWELL,house,85,inperson,10,541
MCDOWELL,house,85,inperson,11,1112
MCDOWELL,house,85,inperson,12,1107
MCDOWELL,house,85,inperson,13,1143
MCDOWELL,house,85,inperson,14,1218
MCDOWELL,house,85,inperson,15,1328
MCDOWELL,house,85,inperson,17,713
MCDOWELL,house,85,inperson,18,1187
MCDOWELL,house,85,inperson,19,1203
MCDOWELL,house,85,mail,0,38
MCDOWELL,house,85,mail,1,40
MCDOWELL,house,85,mail,2,1
MCDOWELL,house,85,mail,3,44
MCDOWELL,house,85,mail,4,32
MCDOWELL,house,85,mail,5,39
MCDOWELL,house,85,mail,6,50
MCDOWELL,house,85,mail,7,41
MCDOWELL,house,85,mail,8,50
MCDOWELL,house,85,mail,10,15
MCDOWELL,house,85,mail,11,32
MCDOWELL,house,85,mail,12,24
MCDOWELL,house,85,mail,13,29
MCDOWELL,house,85,mail,14,13
MCDOWELL,house,85,mail,15,23
MCDOWELL,house,85,mail,17,41
MCDOWELL,house,85,mail,18,11
MCDOWELL,house,85,mail,19,12
MCDOWELL,house,85,mail,20,20
MCDOWELL,house,85,mail,21,21
MCDOWELL,house,85,mail,22,13
MCDOWELL,house,85,mail,25,31
MCDOWELL,house,85,mail,26,16
MCDOWELL,house,85,mail,27,21
MCDOWELL,house,85,mail,29,19
MCDOWELL,house,85,mail,32,1
MCDOWELL,house,85,mail,33,1
MCDOWELL,house,85,mail,34,3
MCDOWELL,house,85,mail,36,2
MCDOWELL,house,85,mail,41,1
MCDOWELL,house,85,mail,42,3
MCDOWELL,house,85,mail,43,1
MCDOWELL,senate,46,inperson,3,1035
MCDOWELL,senate,46,inperson,4,1389
MCDOWELL,senate,46,inperson,5,1010
MCDOWELL,senate,46,inperson,6,1137
MCDOWELL,senate,46,inperson,7,1291
MCDOWELL,senate,46,inperson,8,1178
MCDOWELL,senate,46,inperson,10,616
MCDOWELL,senate,46,inperson,11,1273
MCDOWELL,senate,46,inperson,12,1244
MCDOWELL,senate,46,inperson,13,1284
MCDOWELL,senate,46,inperson,14,1358
MCDOWELL,senate,46,inperson,15,1525
MCDOWELL,senate,46,inperson,17,801
MCDOWELL,senate,46,inperson,18,1375
MCDOWELL,senate,46,inperson,19,1349
MCDOWELL,senate,46,mail,0,47
MCDOWELL,senate,46,mail,1,51
MCDOWELL,senate,46,mail,2,1
MCDOWELL,senate,46,mail,3,46
MCDOWELL,senate,46,mail,4,36
MCDOWELL,senate,46,mail,5,46
MCDOWELL,senate,46,mail,6,56
MCDOWELL,senate,46,mail,7,48
MCDOWELL,senate,46,mail,8,55
MCDOWELL,senate,46,mail,10,18
MCDOWELL,senate,46,mail,11,36
MCDOWELL,senate,46,mail,12,30
MCDOWELL,senate,46,mail,13,32
MCDOWELL,senate,46,mail,14,14
MCDOWELL,senate,46,mail,15,28
MCDOWELL,senate,46,mail,17,44
MCDOWELL,senate,46,mail,18,16
MCDOWELL,senate,46,mail,19,12
MCDOWELL,senate,46,mail,20,22
MCDOWELL,senate,46,mail,21,21
MCDOWELL,senate,46,mail,22,14
MCDOWELL,senate,46,mail,25,32
MCDOWELL,senate,46,mail,26,18
MCDOWELL,senate,46,mail,27,22
MCDOWELL,senate,46,mail,28,1
MCDOWELL,senate,46,mail,29,19
MCDOWELL,senate,46,mail,32,1
MCDOWELL,senate,46,mail,33,1
MCDOWELL,senate,46,mail,34,3
MCDOWELL,senate,46,mail,36,2
MCDOWELL,senate,46,mail,41,1
MCDOWELL,senate,46,mail,42,3
MCDOWELL,senate,46,mail,43,1
MECKLENBURG,house,100,inperson,3,1771
MECKLENBURG,house,100,inperson,4,2169
MECKLENBURG,house,100,inperson,5,1626
MECKLENBURG,house,100,inperson,6,1784
MECKLENBURG,house,100,inperson,7,1792
MECKLENBURG,house,100,inperson,8,1880
MECKLENBURG,house,100,inperson,9,785
MECKLENBURG,house,100,inperson,10,1069
MECKLENBURG,house,100,inperson,11,1910
MECKLENBURG,house,100,inperson,12,1784
MECKLENBURG,house,100,inperson,13,1822
MECKLENBURG,house,100,inperson,14,1950
MECKLENBURG,house,100,inperson,15,1990
MECKLENBURG,house,100,inperson,16,742
MECKLENBURG,house,100,inperson,17,1149
MECKLENBURG,house,100,inperson,18,1862
MECKLENBURG,house,100,inperson,19,1765
MECKLENBURG,house,100,mail,0,248
MECKLENBURG,house,100,mail,2,96
MECKLENBURG,house,100,mail,3,196
MECKLENBURG,house,100,mail,4,107
MECKLENBURG,house,100,mail,5,152
MECKLENBURG,house,100,mail,6,168
MECKLENBURG,house,100,mail,7,67
MECKLENBURG,house,100,mail,8,100
MECKLENBURG,house,100,mail,9,33
MECKLENBURG,house,100,mail,10,88
MECKLENBURG,house,100,mail,11,20
MECKLENBURG,house,100,mail,12,91
MECKLENBURG,house,100,mail,13,99
MECKLENBURG,house,100,mail,14,87
MECKLENBURG,house,100,mail,15,47
MECKLENBURG,house,100,mail,16,51
MECKLENBURG,house,100,mail,17,72
MECKLENBURG,house,100,mail,18,112
MECKLENBURG,house,100,mail,19,105
MECKLENBURG,house,100,mail,20,51
MECKLENBURG,house,100,mail,21,42
MECKLENBURG,house,100,mail,22,25
MECKLENBURG,house,100,mail,23,1
MECKLENBURG,house,100,mail,24,95
MECKLENBURG,house,100,mail,25,45
MECKLENBURG,house,100,mail,26,31
MECKLENBURG,house,100,mail,27,9
MECKLENBURG,house,100,mail,28,38
MECKLENBURG,house,100,mail,29,36
MECKLENBURG,house,100,mail,31,20
MECKLENBURG,house,100,mail,32,40
MECKLENBURG,house,100,mail,33,74
MECKLENBURG,house,100,mail,34,24
MECKLENBURG,house,100,mail,35,13
MECKLENBURG,house,100,mail,36,18
MECKLENBURG,house,100,mail,37,2
MECKLENBURG,house,100,mail,38,17
MECKLENBURG,house,100,mail,40,1
MECKLENBURG,house,100,mail,41,2
MECKLENBURG,house,100,mail,42,6
MECKLENBURG,house,101,inperson,3,2265
MECKLENBURG,house,101,inperson,4,2442
MECKLENBURG,house,101,inperson,5,1852
MECKLENBURG,house,101,inperson,6,1956
MECKLENBURG,house,101,inperson,7,1998
MECKLENBURG,house,101,inperson,8,1976
MECKLENBURG,house,101,inperson,9,860
MECKLENBURG,house,101,inperson,10,1381
MECKLENBURG,house,101,inperson,11,2113
MECKLENBURG,house,101,inperson,12,1867
MECKLENBURG,house,101,inperson,13,1885
MECKLENBURG,house,101,inperson,14,2135
MECKLENBURG,house,101,inperson,15,2156
MECKLENBURG,house,101,inperson,16,864
MECKLENBURG,house,101,inperson,17,1480
MECKLENBURG,house,101,inperson,18,2114
MECKLENBURG,house,101,inperson,19,2323
MECKLENBURG,house,101,mail,0,242
MECKLENBURG,house,101,mail,1,2
MECKLENBURG,house,101,mail,2,67
MECKLENBURG,house,101,mail,3,224
MECKLENBURG,house,101,mail,4,68
MECKLENBURG,house,101,mail,5,121
MECKLENBURG,house,101,mail,6,159
MECKLENBURG,house,101,mail,7,43
MECKLENBURG,house,101,mail,8,87
MECKLENBURG,house,101,mail,9,52
MECKLENBURG,house,101,mail,10,124
MECKLENBURG,house,101,mail,11,32
MECKLENBURG,house,101,mail,12,85
MECKLENBURG,house,101,mail,13,78
MECKLENBURG,house,101,mail,14,50
MECKLENBURG,house,101,mail,15,40
MECKLENBURG,house,101,mail,16,67
MECKLENBURG,house,101,mail,17,34
MECKLENBURG,house,101,mail,18,81
MECKLENBURG,house,101,mail,19,45
MECKLENBURG,house,101,mail,20,41
MECKLENBURG,house,101,mail,21,33
MECKLENBURG,house,101,mail,22,12
MECKLENBURG,house,101,mail,23,4
MECKLENBURG,house,101,mail,24,69
MECKLENBURG,house,101,mail,25,43
MECKLENBURG,house,101,mail,26,23
MECKLENBURG,house,101,mail,27,14
MECKLENBURG,house,101,mail,28,64
MECKLENBURG,house,101,mail,29,22
MECKLENBURG,house,101,mail,31,24
MECKLENBURG,house,101,mail,32,39
MECKLENBURG,house,101,mail,33,61
MECKLENBURG,house,101,mail,34,21
MECKLENBURG,house,101,mail,35,8
MECKLENBURG,house,101,mail,36,7
MECKLENBURG,house,101,mail,38,13
MECKLENBURG,house,101,mail,40,4
MECKLENBURG,house,101,mail,41,1
MECKLENBURG,house,101,mail,42,9
MECKLENBURG,house,101,mail,43,1
MECKLENBURG,house,101,mail,46,1
MECKLENBURG,house,102,inperson,3,2425
MECKLENBURG,house,102,inperson,4,3231
MECKLENBURG,house,102,inperson,5,2211
MECKLENBURG,house,102,inperson,6,2312
MECKLENBURG,house,102,inperson,7,2161
MECKLENBURG,house,102,inperson,8,2082
MECKLENBURG,house,102,inperson,9,858
MECKLENBURG,house,102,inperson,10,1294
MECKLENBURG,house,102,inperson,11,2276
MECKLENBURG,house,102,inperson,12,1877
MECKLENBURG,house,102,inperson,13,1953
MECKLENBURG,house,102,inperson,14,2029
MECKLENBURG,house,102,inperson,15,2210
MECKLENBURG,house,102,inperson,16,890
MECKLENBURG,house,102,inperson,17,1422
MECKLENBURG,house,102,inperson,18,2244
MECKLENBURG,house,102,inperson,19,2351
MECKLENBURG,house,102,mail,0,417
MECKLENBURG,house,102,mail,2,88
MECKLENBURG,house,102,mail,3,254
MECKLENBURG,house,102,mail,4,90
MECKLENBURG,house,102,mail,5,169
MECKLENBURG,house,102,mail,6,193
MECKLENBURG,house,102,mail,7,73
MECKLENBURG,house,102,mail,8,130
MECKLENBURG,house,102,mail,9,61
MECKLENBURG,house,102,mail,10,103
MECKLENBURG,house,102,mail,11,35
MECKLENBURG,house,102,mail,12,103
MECKLENBURG,house,102,mail,13,114
MECKLENBURG,house,102,mail,14,91
MECKLENBURG,house,102,mail,15,73
MECKLENBURG,house,102,mail,16,60
MECKLENBURG,house,102,mail,17,58
MECKLENBURG,house,102,mail,18,82
MECKLENBURG,house,102,mail,19,85
MECKLENBURG,house,102,mail,20,54
MECKLENBURG,house,102,mail,21,53
MECKLENBURG,house,102,mail,22,27
MECKLENBURG,house,102,mail,23,5
MECKLENBURG,house,102,mail,24,100
MECKLENBURG,house,102,mail,25,42
MECKLENBURG,house,102,mail,26,49
MECKLENBURG,house,102,mail,27,31
MECKLENBURG,house,102,mail,28,76
MECKLENBURG,house,102,mail,29,38
MECKLENBURG,house,102,mail,31,16
MECKLENBURG,house,102,mail,32,46
MECKLENBURG,house,102,mail,33,55
MECKLENBURG,house,102,mail,34,43
MECKLENBURG,house,102,mail,35,23
MECKLENBURG,house,102,mail,36,16
MECKLENBURG,house,102,mail,37,4
MECKLENBURG,house,102,mail,38,44
MECKLENBURG,house,102,mail,40,2
MECKLENBURG,house,102,mail,41,4
MECKLENBURG,house,102,mail,42,27
MECKLENBURG,house,102,mail,43,4
MECKLENBURG,house,103,inperson,3,2052
MECKLENBURG,house,103,inperson,4,2643
MECKLENBURG,house,103,inperson,5,1893
MECKLENBURG,house,103,inperson,6,2069
MECKLENBURG,house,103,inperson,7,2015
MECKLENBURG,house,103,inperson,8,2214
MECKLENBURG,house,103,inperson,9,883
MECKLENBURG,house,103,inperson,10,1361
MECKLENBURG,house,103,inperson,11,2408
MECKLENBURG,house,103,inperson,12,2187
MECKLENBURG,house,103,inperson,13,2191
MECKLENBURG,house,103,inperson,14,2249
MECKLENBURG,house,103,inperson,15,2307
MECKLENBURG,house,103,inperson,16,967
MECKLENBURG,house,103,inperson,17,1474
MECKLENBURG,house,103,inperson,18,2432
MECKLENBURG,house,103,inperson,19,2398
MECKLENBURG,house,103,mail,0,428
MECKLENBURG,house,103,mail,2,126
MECKLENBURG,house,103,mail,3,351
MECKLENBURG,house,103,mail,4,112
MECKLENBURG,house,103,mail,5,198
MECKLENBURG,house,103,mail,6,280
MECKLENBURG,house,103,mail,7,135
MECKLENBURG,house,103,mail,8,154
MECKLENBURG,house,103,mail,9,46
MECKLENBURG,house,103,mail,10,186
MECKLENBURG,house,103,mail,11,48
MECKLENBURG,house,103,mail,12,111
MECKLENBURG,house,103,mail,13,174
MECKLENBURG,house,103,mail,14,154
MECKLENBURG,house,103,mail,15,70
MECKLENBURG,house,103,mail,16,80
MECKLENBURG,house,103,mail,17,88
MECKLENBURG,house,103,mail,18,123
MECKLENBURG,house,103,mail,19,77
MECKLENBURG,house,103,mail,20,137
MECKLENBURG,house,103,mail,21,48
MECKLENBURG,house,103,mail,22,24
MECKLENBURG,house,103,mail,23,6
MECKLENBURG,house,103,mail,24,139
MECKLENBURG,house,103,mail,25,45
MECKLENBURG,house,103,mail,26,56
MECKLENBURG,house,103,mail,27,24
MECKLENBURG,house,103,mail,28,72
MECKLENBURG,house,103,mail,29,60
MECKLENBURG,house,103,mail,31,28
MECKLENBURG,house,103,mail,32,45
MECKLENBURG,house,103,mail,33,144
MECKLENBURG,house,103,mail,34,29
MECKLENBURG,house,103,mail,35,28
MECKLENBURG,house,103,mail,36,17
MECKLENBURG,house,103,mail,37,7
MECKLENBURG,house,103,mail,38,32
MECKLENBURG,house,103,mail,40,4
MECKLENBURG,house,103,mail,41,1
MECKLENBURG,house,103,mail,42,24
MECKLENBURG,house,103,mail,43,2
MECKLENBURG,house,104,inperson,3,1875
MECKLENBURG,house,104,inperson,4,2770
MECKLENBURG,house,104,inperson,5,2096
MECKLENBURG,house,104,inperson,6,2194
MECKLENBURG,house,104,inperson,7,2317
MECKLENBURG,house,104,inperson,8,2411
MECKLENBURG,house,104,inperson,9,918
MECKLENBURG,house,104,inperson,10,1247
MECKLENBURG,house,104,inperson,11,2634
MECKLENBURG,house,104,inperson,12,2503
MECKLENBURG,house,104,inperson,13,2681
MECKLENBURG,house,104,inperson,14,2906
MECKLENBURG,house,104,inperson,15,2895
MECKLENBURG,house,104,inperson,16,1017
MECKLENBURG,house,104,inperson,17,1591
MECKLENBURG,house,104,inperson,18,3043
MECKLENBURG,house,104,inperson,19,2620
MECKLENBURG,house,104,mail,0,517
MECKLENBURG,house,104,mail,2,103
MECKLENBURG,house,104,mail,3,375
MECKLENBURG,house,104,mail,4,132
MECKLENBURG,house,104,mail,5,246
MECKLENBURG,house,104,mail,6,313
MECKLENBURG,house,104,mail,7,74
MECKLENBURG,house,104,mail,8,203
MECKLENBURG,house,104,mail,9,97
MECKLENBURG,house,104,mail,10,193
MECKLENBURG,house,104,mail,11,85
MECKLENBURG,house,104,mail,12,138
MECKLENBURG,house,104,mail,13,157
MECKLENBURG,house,104,mail,14,158
MECKLENBURG,house,104,mail,15,97
MECKLENBURG,house,104,mail,16,108
MECKLENBURG,house,104,mail,17,107
MECKLENBURG,house,104,mail,18,192
MECKLENBURG,house,104,mail,19,89
MECKLENBURG,house,104,mail,20,122
MECKLENBURG,house,104,mail,21,68
MECKLENBURG,house,104,mail,22,49
MECKLENBURG,house,104,mail,23,6
MECKLENBURG,house,104,mail,24,167
MECKLENBURG,house,104,mail,25,103
MECKLENBURG,house,104,mail,26,64
MECKLENBURG,house,104,mail,27,46
MECKLENBURG,house,104,mail,28,131
MECKLENBURG,house,104,mail,29,84
MECKLENBURG,house,104,mail,31,44
MECKLENBURG,house,104,mail,32,65
MECKLENBURG,house,104,mail,33,103
MECKLENBURG,house,104,mail,34,45
MECKLENBURG,house,104,mail,35,31
MECKLENBURG,house,104,mail,36,32
MECKLENBURG,house,104,mail,37,7
MECKLENBURG,house,104,mail,38,56
MECKLENBURG,house,104,mail,40,7
MECKLENBURG,house,104,mail,41,3
MECKLENBURG,house,104,mail,42,34
MECKLENBURG,house,104,mail,43,2
MECKLENBURG,house,104,mail,46,1
MECKLENBURG,house,105,inperson,3,1842
MECKLENBURG,house,105,inperson,4,2867
MECKLENBURG,house,105,inperson,5,2123
MECKLENBURG,house,105,inperson,6,2469
MECKLENBURG,house,105,inperson,7,2558
MECKLENBURG,house,105,inperson,8,2725
MECKLENBURG,house,105,inperson,9,913
MECKLENBURG,house,105,inperson,10,1394
MECKLENBURG,house,105,inperson,11,3016
MECKLENBURG,house,105,inperson,12,2916
MECKLENBURG,house,105,inperson,13,3280
MECKLENBURG,house,105,inperson,14,3436
MECKLENBURG,house,105,inperson,15,3517
MECKLENBURG,house,105,inperson,16,1208
MECKLENBURG,house,105,inperson,17,1732
MECKLENBURG,house,105,inperson,18,3201
MECKLENBURG,house,105,inperson,19,2982
MECKLENBURG,house,105,mail,0,448
MECKLENBURG,house,105,mail,2,158
MECKLENBURG,house,105,mail,3,396
MECKLENBURG,house,105,mail,4,166
MECKLENBURG,house,105,mail,5,270
MECKLENBURG,house,105,mail,6,332
MECKLENBURG,house,105,mail,7,118
MECKLENBURG,house,105,mail,8,206
MECKLENBURG,house,105,mail,9,67
MECKLENBURG,house,105,mail,10,200
MECKLENBURG,house,105,mail,11,60
MECKLENBURG,house,105,mail,12,182
MECKLENBURG,house,105,mail,13,191
MECKLENBURG,house,105,mail,14,175
MECKLENBURG,house,105,mail,15,86
MECKLENBURG,house,105,mail,16,113
MECKLENBURG,house,105,mail,17,126
MECKLENBURG,house,105,mail,18,210
MECKLENBURG,house,105,mail,19,158
MECKLENBURG,house,105,mail,20,117
MECKLENBURG,house,105,mail,21,86
MECKLENBURG,house,105,mail,22,43
MECKLENBURG,house,105,mail,23,9
MECKLENBURG,house,105,mail,24,176
MECKLENBURG,house,105,mail,25,124
MECKLENBURG,house,105,mail,26,85
MECKLENBURG,house,105,mail,27,24
MECKLENBURG,house,105,mail,28,77
MECKLENBURG,house,105,mail,29,60
MECKLENBURG,house,105,mail,31,54
MECKLENBURG,house,105,mail,32,87
MECKLENBURG,house,105,mail,33,179
MECKLENBURG,house,105,mail,34,55
MECKLENBURG,house,105,mail,35,37
MECKLENBURG,house,105,mail,36,26
MECKLENBURG,house,105,mail,37,5
MECKLENBURG,house,105,mail,38,36
MECKLENBURG,house,105,mail,40,3
MECKLENBURG,house,105,mail,41,2
MECKLENBURG,house,105,mail,42,28
MECKLENBURG,house,105,mail,43,3
MECKLENBURG,house,106,inperson,3,2367
MECKLENBURG,house,106,inperson,4,2768
MECKLENBURG,house,106,inperson,5,2115
MECKLENBURG,house,106,inperson,6,2219
MECKLENBURG,house,106,inperson,7,2175
MECKLENBURG,house,106,inperson,8,2192
MECKLENBURG,house,106,inperson,9,984
MECKLENBURG,house,106,inperson,10,1616
MECKLENBURG,house,106,inperson,11,2297
MECKLENBURG,house,106,inperson,12,2077
MECKLENBURG,house,106,inperson,13,2082
MECKLENBURG,house,106,inperson,14,2197
MECKLENBURG,house,106,inperson,15,2281
MECKLENBURG,house,106,inperson,16,951
MECKLENBURG,house,106,inperson,17,1689
MECKLENBURG,house,106,inperson,18,2332
MECKLENBURG,house,106,inperson,19,2223
MECKLENBURG,house,106,mail,0,396
MECKLENBURG,house,106,mail,2,116
MECKLENBURG,house,106,mail,3,280
MECKLENBURG,house,106,mail,4,121
MECKLENBURG,house,106,mail,5,130
MECKLENBURG,house,106,mail,6,223
MECKLENBURG,house,106,mail,7,53
MECKLENBURG,house,106,mail,8,138
MECKLENBURG,house,106,mail,9,75
MECKLENBURG,house,106,mail,10,163
MECKLENBURG,house,106,mail,11,19
MECKLENBURG,house,106,mail,12,80
MECKLENBURG,house,106,mail,13,80
MECKLENBURG,house,106,mail,14,86
MECKLENBURG,house,106,mail,15,50
MECKLENBURG,house,106,mail,16,78
MECKLENBURG,house,106,mail,17,57
MECKLENBURG,house,106,mail,18,154
MECKLENBURG,house,106,mail,19,84
MECKLENBURG,house,106,mail,20,65
MECKLENBURG,house,106,mail,21,41
MECKLENBURG,house,106,mail,22,15
MECKLENBURG,house,106,mail,23,4
MECKLENBURG,house,106,mail,24,125
MECKLENBURG,house,106,mail,25,51
MECKLENBURG,house,106,mail,26,42
MECKLENBURG,house,106,mail,27,10
MECKLENBURG,house,106,mail,28,57
MECKLENBURG,house,106,mail,29,40
MECKLENBURG,house,106,mail,31,39
MECKLENBURG,house,106,mail,32,49
MECKLENBURG,house,106,mail,33,93
MECKLENBURG,house,106,mail,34,35
MECKLENBURG,house,106,mail,35,31
MECKLENBURG,house,106,mail,36,11
MECKLENBURG,house,106,mail,37,3
MECKLENBURG,house,106,mail,38,27
MECKLENBURG,house,106,mail,40,1
MECKLENBURG,house,106,mail,41,1
MECKLENBURG,house,106,mail,42,25
MECKLENBURG,house,106,mail,43,1
MECKLENBURG,house,107,inperson,3,2590
MECKLENBURG,house,107,inperson,4,2769
MECKLENBURG,house,107,inperson,5,1944
MECKLENBURG,house,107,inperson,6,2110
MECKLENBURG,house,107,inperson,7,1987
MECKLENBURG,house,107,inperson,8,2032
MECKLENBURG,house,107,inperson,9,809
MECKLENBURG,house,107,inperson,10,1273
MECKLENBURG,house,107,inperson,11,1986
MECKLENBURG,house,107,inperson,12,1791
MECKLENBURG,house,107,inperson,13,1858
MECKLENBURG,house,107,inperson,14,1958
MECKLENBURG,house,107,inperson,15,2203
MECKLENBURG,house,107,inperson,16,771
MECKLENBURG,house,107,inperson,17,1320
MECKLENBURG,house,107,inperson,18,1951
MECKLENBURG,house,107,inperson,19,1973
MECKLENBURG,house,107,mail,0,271
MECKLENBURG,house,107,mail,2,66
MECKLENBURG,house,107,mail,3,146
MECKLENBURG,house,107,mail,4,57
MECKLENBURG,house,107,mail,5,86
MECKLENBURG,house,107,mail,6,119
MECKLENBURG,house,107,mail,7,42
MECKLENBURG,house,107,mail,8,56
MECKLENBURG,house,107,mail,9,33
MECKLENBURG,house,107,mail,10,104
MECKLENBURG,house,107,mail,11,25
MECKLENBURG,house,107,mail,12,37
MECKLENBURG,house,107,mail,13,55
MECKLENBURG,house,107,mail,14,58
MECKLENBURG,house,107,mail,15,33
MECKLENBURG,house,107,mail,16,29
MECKLENBURG,house,107,mail,17,42
MECKLENBURG,house,107,mail,18,45
MECKLENBURG,house,107,mail,19,30
MECKLENBURG,house,107,mail,20,17
MECKLENBURG,house,107,mail,21,19
MECKLENBURG,house,107,mail,22,4
MECKLENBURG,house,107,mail,24,61
MECKLENBURG,house,107,mail,25,16
MECKLENBURG,house,107,mail,26,22
MECKLENBURG,house,107,mail,27,10
MECKLENBURG,house,107,mail,28,35
MECKLENBURG,house,107,mail,29,13
MECKLENBURG,house,107,mail,31,5
MECKLENBURG,house,107,mail,32,25
MECKLENBURG,house,107,mail,33,38
MECKLENBURG,house,107,mail,34,18
MECKLENBURG,house,107,mail,35,8
MECKLENBURG,house,107,mail,36,9
MECKLENBURG,house,107,mail,38,11
MECKLENBURG,house,107,mail,41,1
MECKLENBURG,house,107,mail,42,5
MECKLENBURG,house,107,mail,43,1
MECKLENBURG,house,112,inperson,3,1987
MECKLENBURG,house,112,inperson,4,2122
MECKLENBURG,house,112,inperson,5,1627
MECKLENBURG,house,112,inperson,6,1711
MECKLENBURG,house,112,inperson,7,1688
MECKLENBURG,house,112,inperson,8,1755
MECKLENBURG,house,112,inperson,9,713
MECKLENBURG,house,112,inperson,10,1193
MECKLENBURG,house,112,inperson,11,1673
MECKLENBURG,house,112,inperson,12,1641
MECKLENBURG,house,112,inperson,13,1768
MECKLENBURG,house,112,inperson,14,1869
MECKLENBURG,house,112,inperson,15,2138
MECKLENBURG,house,112,inperson,16,781
MECKLENBURG,house,112,inperson,17,1243
MECKLENBURG,house,112,inperson,18,2028
MECKLENBURG,house,112,inperson,19,2175
MECKLENBURG,house,112,mail,0,254
MECKLENBURG,house,112,mail,2,49
MECKLENBURG,house,112,mail,3,186
MECKLENBURG,house,112,mail,4,62
MECKLENBURG,house,112,mail,5,93
MECKLENBURG,house,112,mail,6,128
MECKLENBURG,house,112,mail,7,40
MECKLENBURG,house,112,mail,8,52
MECKLENBURG,house,112,mail,9,57
MECKLENBURG,house,112,mail,10,59
MECKLENBURG,house,112,mail,11,18
MECKLENBURG,house,112,mail,12,61
MECKLENBURG,house,112,mail,13,97
MECKLENBURG,house,112,mail,14,76
MECKLENBURG,house,112,mail,15,40
MECKLENBURG,house,112,mail,16,62
MECKLENBURG,house,112,mail,17,56
MECKLENBURG,house,112,mail,18,73
MECKLENBURG,house,112,mail,19,79
MECKLENBURG,house,112,mail,20,49
MECKLENBURG,house,112,mail,21,29
MECKLENBURG,house,112,mail,22,32
MECKLENBURG,house,112,mail,23,3
MECKLENBURG,house,112,mail,24,73
MECKLENBURG,house,112,mail,25,34
MECKLENBURG,house,112,mail,26,42
MECKLENBURG,house,112,mail,27,9
MECKLENBURG,house,112,mail,28,74
MECKLENBURG,house,112,mail,29,35
MECKLENBURG,house,112,mail,31,20
MECKLENBURG,house,112,mail,32,30
MECKLENBURG,house,112,mail,33,54
MECKLENBURG,house,112,mail,34,20
MECKLENBURG,house,112,mail,35,8
MECKLENBURG,house,112,mail,36,17
MECKLENBURG,house,112,mail,37,3
MECKLENBURG,house,112,mail,38,12
MECKLENBURG,house,112,mail,40,3
MECKLENBURG,house,112,mail,41,1
MECKLENBURG,house,112,mail,42,5
MECKLENBURG,house,112,mail,43,1
MECKLENBURG,house,88,inperson,3,2070
MECKLENBURG,house,88,inperson,4,2781
MECKLENBURG,house,88,inperson,5,1811
MECKLENBURG,house,88,inperson,6,1923
MECKLENBURG,house,88,inperson,7,1818
MECKLENBURG,house,88,inperson,8,1838
MECKLENBURG,house,88,inperson,9,748
MECKLENBURG,house,88,inperson,10,1170
MECKLENBURG,house,88,inperson,11,2026
MECKLENBURG,house,88,inperson,12,1711
MECKLENBURG,house,88,inperson,13,1842
MECKLENBURG,house,88,inperson,14,1863
MECKLENBURG,house,88,inperson,15,1910
MECKLENBURG,house,88,inperson,16,809
MECKLENBURG,house,88,inperson,17,1230
MECKLENBURG,house,88,inperson,18,1994
MECKLENBURG,house,88,inperson,19,2043
MECKLENBURG,house,88,mail,0,295
MECKLENBURG,house,88,mail,2,62
MECKLENBURG,house,88,mail,3,213
MECKLENBURG,house,88,mail,4,63
MECKLENBURG,house,88,mail,5,139
MECKLENBURG,house,88,mail,6,146
MECKLENBURG,house,88,mail,7,61
MECKLENBURG,house,88,mail,8,92
MECKLENBURG,house,88,mail,9,53
MECKLENBURG,house,88,mail,10,124
MECKLENBURG,house,88,mail,11,26
MECKLENBURG,house,88,mail,12,59
MECKLENBURG,house,88,mail,13,55
MECKLENBURG,house,88,mail,14,84
MECKLENBURG,house,88,mail,15,49
MECKLENBURG,house,88,mail,16,60
MECKLENBURG,house,88,mail,17,43
MECKLENBURG,house,88,mail,18,92
MECKLENBURG,house,88,mail,19,44
MECKLENBURG,house,88,mail,20,30
MECKLENBURG,house,88,mail,21,44
MECKLENBURG,house,88,mail,22,17
MECKLENBURG,house,88,mail,23,8
MECKLENBURG,house,88,mail,24,74
MECKLENBURG,house,88,mail,25,26
MECKLENBURG,house,88,mail,26,20
MECKLENBURG,house,88,mail,27,7
MECKLENBURG,house,88,mail,28,49
MECKLENBURG,house,88,mail,29,25
MECKLENBURG,house,88,mail,31,11
MECKLENBURG,house,88,mail,32,19
MECKLENBURG,house,88,mail,33,64
MECKLENBURG,house,88,mail,34,31
MECKLENBURG,house,88,mail,35,7
MECKLENBURG,house,88,mail,36,8
MECKLENBURG,house,88,mail,37,7
MECKLENBURG,house,88,mail,38,37
MECKLENBURG,house,88,mail,40,5
MECKLENBURG,house,88,mail,41,3
MECKLENBURG,house,88,mail,42,27
MECKLENBURG,house,88,mail,46,2
MECKLENBURG,house,92,inperson,3,2373
MECKLENBURG,house,92,inperson,4,2591
MECKLENBURG,house,92,inperson,5,1954
MECKLENBURG,house,92,inperson,6,2144
MECKLENBURG,house,92,inperson,7,2173
MECKLENBURG,house,92,inperson,8,2222
MECKLENBURG,house,92,inperson,9,933
MECKLENBURG,house,92,inperson,10,1413
MECKLENBURG,house,92,inperson,11,2220
MECKLENBURG,house,92,inperson,12,2093
MECKLENBURG,house,92,inperson,13,2072
MECKLENBURG,house,92,inperson,14,2340
MECKLENBURG,house,92,inperson,15,2219
MECKLENBURG,house,92,inperson,16,951
MECKLENBURG,house,92,inperson,17,1609
MECKLENBURG,house,92,inperson,18,2205
MECKLENBURG,house,92,inperson,19,2319
MECKLENBURG,house,92,mail,0,294
MECKLENBURG,house,92,mail,2,89
MECKLENBURG,house,92,mail,3,245
MECKLENBURG,house,92,mail,4,81
MECKLENBURG,house,92,mail,5,103
MECKLENBURG,house,92,mail,6,180
MECKLENBURG,house,92,mail,7,60
MECKLENBURG,house,92,mail,8,134
MECKLENBURG,house,92,mail,9,74
MECKLENBURG,house,92,mail,10,80
MECKLENBURG,house,92,mail,11,25
MECKLENBURG,house,92,mail,12,110
MECKLENBURG,house,92,mail,13,126
MECKLENBURG,house,92,mail,14,50
MECKLENBURG,house,92,mail,15,72
MECKLENBURG,house,92,mail,16,37
MECKLENBURG,house,92,mail,17,88
MECKLENBURG,house,92,mail,18,91
MECKLENBURG,house,92,mail,19,67
MECKLENBURG,house,92,mail,20,74
MECKLENBURG,house,92,mail,21,48
MECKLENBURG,house,92,mail,22,21
MECKLENBURG,house,92,mail,23,4
MECKLENBURG,house,92,mail,24,132
MECKLENBURG,house,92,mail,25,47
MECKLENBURG,house,92,mail,26,42
MECKLENBURG,house,92,mail,27,15
MECKLENBURG,house,92,mail,28,81
MECKLENBURG,house,92,mail,29,57
MECKLENBURG,house,92,mail,31,4
MECKLENBURG,house,92,mail,32,29
MECKLENBURG,house,92,mail,33,61
MECKLENBURG,house,92,mail,34,30
MECKLENBURG,house,92,mail,35,25
MECKLENBURG,house,92,mail,36,5
MECKLENBURG,house,92,mail,37,3
MECKLENBURG,house,92,mail,38,27
MECKLENBURG,house,92,mail,40,2
MECKLENBURG,house,92,mail,41,2
MECKLENBURG,house,92,mail,42,11
MECKLENBURG,house,92,mail,43,3
MECKLENBURG,house,92,mail,46,1
MECKLENBURG,house,98,inperson,3,1989
MECKLENBURG,house,98,inperson,4,2867
MECKLENBURG,house,98,inperson,5,2255
MECKLENBURG,house,98,inperson,6,2403
MECKLENBURG,house,98,inperson,7,2497
MECKLENBURG,house,98,inperson,8,2547
MECKLENBURG,house,98,inperson,9,949
MECKLENBURG,house,98,inperson,10,1509
MECKLENBURG,house,98,inperson,11,2667
MECKLENBURG,house,98,inperson,12,2846
MECKLENBURG,house,98,inperson,13,2989
MECKLENBURG,house,98,inperson,14,3006
MECKLENBURG,house,98,inperson,15,2972
MECKLENBURG,house,98,inperson,16,1115
MECKLENBURG,house,98,inperson,17,1961
MECKLENBURG,house,98,inperson,18,3175
MECKLENBURG,house,98,inperson,19,3021
MECKLENBURG,house,98,mail,0,410
MECKLENBURG,house,98,mail,2,155
MECKLENBURG,house,98,mail,3,359
MECKLENBURG,house,98,mail,4,115
MECKLENBURG,house,98,mail,5,225
MECKLENBURG,house,98,mail,6,257
MECKLENBURG,house,98,mail,7,84
MECKLENBURG,house,98,mail,8,212
MECKLENBURG,house,98,mail,9,77
MECKLENBURG,house,98,mail,10,143
MECKLENBURG,house,98,mail,11,31
MECKLENBURG,house,98,mail,12,178
MECKLENBURG,house,98,mail,13,153
MECKLENBURG,house,98,mail,14,112
MECKLENBURG,house,98,mail,15,103
MECKLENBURG,house,98,mail,16,90
MECKLENBURG,house,98,mail,17,126
MECKLENBURG,house,98,mail,18,164
MECKLENBURG,house,98,mail,19,114
MECKLENBURG,house,98,mail,20,132
MECKLENBURG,house,98,mail,21,60
MECKLENBURG,house,98,mail,22,54
MECKLENBURG,house,98,mail,23,7
MECKLENBURG,house,98,mail,24,178
MECKLENBURG,house,98,mail,25,61
MECKLENBURG,house,98,mail,26,50
MECKLENBURG,house,98,mail,27,18
MECKLENBURG,house,98,mail,28,108
MECKLENBURG,house,98,mail,29,41
MECKLENBURG,house,98,mail,31,30
MECKLENBURG,house,98,mail,32,86
MECKLENBURG,house,98,mail,33,94
MECKLENBURG,house,98,mail,34,52
MECKLENBURG,house,98,mail,35,16
MECKLENBURG,house,98,mail,36,20
MECKLENBURG,house,98,mail,37,6
MECKLENBURG,house,98,mail,38,49
MECKLENBURG,house,98,mail,40,1
MECKLENBURG,house,98,mail,41,4
MECKLENBURG,house,98,mail,42,36
MECKLENBURG,house,98,mail,43,3
MECKLENBURG,house,98,mail,46,3
MECKLENBURG,house,99,inperson,3,2142
MECKLENBURG,house,99,inperson,4,2152
MECKLENBURG,house,99,inperson,5,1667
MECKLENBURG,house,99,inperson,6,1722
MECKLENBURG,house,99,inperson,7,1803
MECKLENBURG,house,99,inperson,8,1600
MECKLENBURG,house,99,inperson,9,706
MECKLENBURG,house,99,inperson,10,1075
MECKLENBURG,house,99,inperson,11,1545
MECKLENBURG,house,99,inperson,12,1416
MECKLENBURG,house,99,inperson,13,1411
MECKLENBURG,house,99,inperson,14,1563
MECKLENBURG,house,99,inperson,15,1484
MECKLENBURG,house,99,inperson,16,564
MECKLENBURG,house,99,inperson,17,1006
MECKLENBURG,house,99,inperson,18,1473
MECKLENBURG,house,99,inperson,19,1404
MECKLENBURG,house,99,mail,0,247
MECKLENBURG,house,99,mail,2,68
MECKLENBURG,house,99,mail,3,160
MECKLENBURG,house,99,mail,4,63
MECKLENBURG,house,99,mail,5,77
MECKLENBURG,house,99,mail,6,87
MECKLENBURG,house,99,mail,7,36
MECKLENBURG,house,99,mail,8,63
MECKLENBURG,house,99,mail,9,33
MECKLENBURG,house,99,mail,10,53
MECKLENBURG,house,99,mail,11,17
MECKLENBURG,house,99,mail,12,39
MECKLENBURG,house,99,mail,13,60
MECKLENBURG,house,99,mail,14,40
MECKLENBURG,house,99,mail,15,24
MECKLENBURG,house,99,mail,16,44
MECKLENBURG,house,99,mail,17,29
MECKLENBURG,house,99,mail,18,49
MECKLENBURG,house,99,mail,19,33
MECKLENBURG,house,99,mail,20,31
MECKLENBURG,house,99,mail,21,10
MECKLENBURG,house,99,mail,22,13
MECKLENBURG,house,99,mail,23,1
MECKLENBURG,house,99,mail,24,46
MECKLENBURG,house,99,mail,25,31
MECKLENBURG,house,99,mail,26,23
MECKLENBURG,house,99,mail,27,7
MECKLENBURG,house,99,mail,28,20
MECKLENBURG,house,99,mail,29,14
MECKLENBURG,house,99,mail,31,16
MECKLENBURG,house,99,mail,32,19
MECKLENBURG,house,99,mail,33,35
MECKLENBURG,house,99,mail,34,8
MECKLENBURG,house,99,mail,35,7
MECKLENBURG,house,99,mail,36,7
MECKLENBURG,house,99,mail,37,3
MECKLENBURG,house,99,mail,38,18
MECKLENBURG,house,99,mail,40,1
MECKLENBURG,house,99,mail,42,5
MECKLENBURG,house,99,mail,43,3
MECKLENBURG,senate,37,inperson,3,773
MECKLENBURG,senate,37,inperson,4,1109
MECKLENBURG,senate,37,inperson,5,892
MECKLENBURG,senate,37,inperson,6,925
MECKLENBURG,senate,37,inperson,7,965
MECKLENBURG,senate,37,inperson,8,1013
MECKLENBURG,senate,37,inperson,9,363
MECKLENBURG,senate,37,inperson,10,584
MECKLENBURG,senate,37,inperson,11,1157
MECKLENBURG,senate,37,inperson,12,1119
MECKLENBURG,senate,37,inperson,13,1260
MECKLENBURG,senate,37,inperson,14,1300
MECKLENBURG,senate,37,inperson,15,1372
MECKLENBURG,senate,37,inperson,16,488
MECKLENBURG,senate,37,inperson,17,838
MECKLENBURG,senate,37,inperson,18,1435
MECKLENBURG,senate,37,inperson,19,1417
MECKLENBURG,senate,37,mail,0,193
MECKLENBURG,senate,37,mail,2,55
MECKLENBURG,senate,37,mail,3,145
MECKLENBURG,senate,37,mail,4,48
MECKLENBURG,senate,37,mail,5,99
MECKLENBURG,senate,37,mail,6,105
MECKLENBURG,senate,37,mail,7,34
MECKLENBURG,senate,37,mail,8,88
MECKLENBURG,senate,37,mail,9,33
MECKLENBURG,senate,37,mail,10,56
MECKLENBURG,senate,37,mail,11,13
MECKLENBURG,senate,37,mail,12,77
MECKLENBURG,senate,37,mail,13,55
MECKLENBURG,senate,37,mail,14,50
MECKLENBURG,senate,37,mail,15,44
MECKLENBURG,senate,37,mail,16,45
MECKLENBURG,senate,37,mail,17,62
MECKLENBURG,senate,37,mail,18,74
MECKLENBURG,senate,37,mail,19,56
MECKLENBURG,senate,37,mail,20,49
MECKLENBURG,senate,37,mail,21,24
MECKLENBURG,senate,37,mail,22,34
MECKLENBURG,senate,37,mail,23,1
MECKLENBURG,senate,37,mail,24,86
MECKLENBURG,senate,37,mail,25,34
MECKLENBURG,senate,37,mail,26,16
MECKLENBURG,senate,37,mail,27,13
MECKLENBURG,senate,37,mail,28,53
MECKLENBURG,senate,37,mail,29,21
MECKLENBURG,senate,37,mail,31,14
MECKLENBURG,senate,37,mail,32,37
MECKLENBURG,senate,37,mail,33,44
MECKLENBURG,senate,37,mail,34,19
MECKLENBURG,senate,37,mail,35,8
MECKLENBURG,senate,37,mail,36,12
MECKLENBURG,senate,37,mail,37,4
MECKLENBURG,senate,37,mail,38,35
MECKLENBURG,senate,37,mail,40,1
MECKLENBURG,senate,37,mail,42,22
MECKLENBURG,senate,37,mail,46,2
MECKLENBURG,senate,38,inperson,3,5791
MECKLENBURG,senate,38,inperson,4,6901
MECKLENBURG,senate,38,inperson,5,5304
MECKLENBURG,senate,38,inperson,6,5665
MECKLENBURG,senate,38,inperson,7,5662
MECKLENBURG,senate,38,inperson,8,5596
MECKLENBURG,senate,38,inperson,9,2395
MECKLENBURG,senate,38,inperson,10,3911
MECKLENBURG,senate,38,inperson,11,5834
MECKLENBURG,senate,38,inperson,12,5629
MECKLENBURG,senate,38,inperson,13,5641
MECKLENBURG,senate,38,inperson,14,5901
MECKLENBURG,senate,38,inperson,15,5811
MECKLENBURG,senate,38,inperson,16,2360
MECKLENBURG,senate,38,inperson,17,4191
MECKLENBURG,senate,38,inperson,18,6018
MECKLENBURG,senate,38,inperson,19,5776
MECKLENBURG,senate,38,mail,0,885
MECKLENBURG,senate,38,mail,1,2
MECKLENBURG,senate,38,mail,2,295
MECKLENBURG,senate,38,mail,3,716
MECKLENBURG,senate,38,mail,4,256
MECKLENBURG,senate,38,mail,5,390
MECKLENBURG,senate,38,mail,6,521
MECKLENBURG,senate,38,mail,7,152
MECKLENBURG,senate,38,mail,8,360
MECKLENBURG,senate,38,mail,9,161
MECKLENBURG,senate,38,mail,10,349
MECKLENBURG,senate,38,mail,11,62
MECKLENBURG,senate,38,mail,12,254
MECKLENBURG,senate,38,mail,13,256
MECKLENBURG,senate,38,mail,14,209
MECKLENBURG,senate,38,mail,15,146
MECKLENBURG,senate,38,mail,16,187
MECKLENBURG,senate,38,mail,17,162
MECKLENBURG,senate,38,mail,18,342
MECKLENBURG,senate,38,mail,19,176
MECKLENBURG,senate,38,mail,20,189
MECKLENBURG,senate,38,mail,21,109
MECKLENBURG,senate,38,mail,22,48
MECKLENBURG,senate,38,mail,23,13
MECKLENBURG,senate,38,mail,24,282
MECKLENBURG,senate,38,mail,25,112
MECKLENBURG,senate,38,mail,26,99
MECKLENBURG,senate,38,mail,27,26
MECKLENBURG,senate,38,mail,28,156
MECKLENBURG,senate,38,mail,29,78
MECKLENBURG,senate,38,mail,31,78
MECKLENBURG,senate,38,mail,32,138
MECKLENBURG,senate,38,mail,33,190
MECKLENBURG,senate,38,mail,34,83
MECKLENBURG,senate,38,mail,35,48
MECKLENBURG,senate,38,mail,36,25
MECKLENBURG,senate,38,mail,37,5
MECKLENBURG,senate,38,mail,38,58
MECKLENBURG,senate,38,mail,40,2
MECKLENBURG,senate,38,mail,41,7
MECKLENBURG,senate,38,mail,42,45
MECKLENBURG,senate,38,mail,43,7
MECKLENBURG,senate,38,mail,46,2
MECKLENBURG,senate,39,inperson,3,5441
MECKLENBURG,senate,39,inperson,4,6816
MECKLENBURG,senate,39,inperson,5,4774
MECKLENBURG,senate,39,inperson,6,5116
MECKLENBURG,senate,39,inperson,7,5075
MECKLENBURG,senate,39,inperson,8,5285
MECKLENBURG,senate,39,inperson,9,2206
MECKLENBURG,senate,39,inperson,10,3293
MECKLENBURG,senate,39,inperson,11,5560
MECKLENBURG,senate,39,inperson,12,4931
MECKLENBURG,senate,39,inperson,13,5106
MECKLENBURG,senate,39,inperson,14,5468
MECKLENBURG,senate,39,inperson,15,5437
MECKLENBURG,senate,39,inperson,16,2321
MECKLENBURG,senate,39,inperson,17,3686
MECKLENBURG,senate,39,inperson,18,5600
MECKLENBURG,senate,39,inperson,19,5802
MECKLENBURG,senate,39,mail,0,775
MECKLENBURG,senate,39,mail,2,200
MECKLENBURG,senate,39,mail,3,609
MECKLENBURG,senate,39,mail,4,201
MECKLENBURG,senate,39,mail,5,336
MECKLENBURG,senate,39,mail,6,458
MECKLENBURG,senate,39,mail,7,168
MECKLENBURG,senate,39,mail,8,302
MECKLENBURG,senate,39,mail,9,164
MECKLENBURG,senate,39,mail,10,282
MECKLENBURG,senate,39,mail,11,72
MECKLENBURG,senate,39,mail,12,226
MECKLENBURG,senate,39,mail,13,279
MECKLENBURG,senate,39,mail,14,226
MECKLENBURG,senate,39,mail,15,168
MECKLENBURG,senate,39,mail,16,143
MECKLENBURG,senate,39,mail,17,185
MECKLENBURG,senate,39,mail,18,254
MECKLENBURG,senate,39,mail,19,143
MECKLENBURG,senate,39,mail,20,162
MECKLENBURG,senate,39,mail,21,113
MECKLENBURG,senate,39,mail,22,56
MECKLENBURG,senate,39,mail,23,13
MECKLENBURG,senate,39,mail,24,296
MECKLENBURG,senate,39,mail,25,105
MECKLENBURG,senate,39,mail,26,86
MECKLENBURG,senate,39,mail,27,44
MECKLENBURG,senate,39,mail,28,185
MECKLENBURG,senate,39,mail,29,118
MECKLENBURG,senate,39,mail,31,35
MECKLENBURG,senate,39,mail,32,75
MECKLENBURG,senate,39,mail,33,193
MECKLENBURG,senate,39,mail,34,85
MECKLENBURG,senate,39,mail,35,45
MECKLENBURG,senate,39,mail,36,23
MECKLENBURG,senate,39,mail,37,16
MECKLENBURG,senate,39,mail,38,86
MECKLENBURG,senate,39,mail,40,7
MECKLENBURG,senate,39,mail,41,5
MECKLENBURG,senate,39,mail,42,42
MECKLENBURG,senate,39,mail,43,6
MECKLENBURG,senate,39,mail,46,3
MECKLENBURG,senate,40,inperson,3,4855
MECKLENBURG,senate,40,inperson,4,5334
MECKLENBURG,senate,40,inperson,5,4113
MECKLENBURG,senate,40,inperson,6,4288
MECKLENBURG,senate,40,inperson,7,4322
MECKLENBURG,senate,40,inperson,8,4332
MECKLENBURG,senate,40,inperson,9,1804
MECKLENBURG,senate,40,inperson,10,2740
MECKLENBURG,senate,40,inperson,11,4207
MECKLENBURG,senate,40,inperson,12,3890
MECKLENBURG,senate,40,inperson,13,4112
MECKLENBURG,senate,40,inperson,14,4332
MECKLENBURG,senate,40,inperson,15,4614
MECKLENBURG,senate,40,inperson,16,1695
MECKLENBURG,senate,40,inperson,17,2767
MECKLENBURG,senate,40,inperson,18,4405
MECKLENBURG,senate,40,inperson,19,4402
MECKLENBURG,senate,40,mail,0,631
MECKLENBURG,senate,40,mail,2,138
MECKLENBURG,senate,40,mail,3,409
MECKLENBURG,senate,40,mail,4,173
MECKLENBURG,senate,40,mail,5,247
MECKLENBURG,senate,40,mail,6,325
MECKLENBURG,senate,40,mail,7,100
MECKLENBURG,senate,40,mail,8,152
MECKLENBURG,senate,40,mail,9,109
MECKLENBURG,senate,40,mail,10,160
MECKLENBURG,senate,40,mail,11,47
MECKLENBURG,senate,40,mail,12,148
MECKLENBURG,senate,40,mail,13,228
MECKLENBURG,senate,40,mail,14,166
MECKLENBURG,senate,40,mail,15,90
MECKLENBURG,senate,40,mail,16,133
MECKLENBURG,senate,40,mail,17,115
MECKLENBURG,senate,40,mail,18,157
MECKLENBURG,senate,40,mail,19,171
MECKLENBURG,senate,40,mail,20,104
MECKLENBURG,senate,40,mail,21,57
MECKLENBURG,senate,40,mail,22,63
MECKLENBURG,senate,40,mail,23,4
MECKLENBURG,senate,40,mail,24,151
MECKLENBURG,senate,40,mail,25,79
MECKLENBURG,senate,40,mail,26,84
MECKLENBURG,senate,40,mail,27,35
MECKLENBURG,senate,40,mail,28,114
MECKLENBURG,senate,40,mail,29,73
MECKLENBURG,senate,40,mail,31,34
MECKLENBURG,senate,40,mail,32,61
MECKLENBURG,senate,40,mail,33,134
MECKLENBURG,senate,40,mail,34,45
MECKLENBURG,senate,40,mail,35,24
MECKLENBURG,senate,40,mail,36,35
MECKLENBURG,senate,40,mail,37,6
MECKLENBURG,senate,40,mail,38,40
MECKLENBURG,senate,40,mail,40,4
MECKLENBURG,senate,40,mail,41,3
MECKLENBURG,senate,40,mail,42,18
MECKLENBURG,senate,40,mail,43,3
MECKLENBURG,senate,41,inperson,3,6244
MECKLENBURG,senate,41,inperson,4,7194
MECKLENBURG,senate,41,inperson,5,5022
MECKLENBURG,senate,41,inperson,6,5260
MECKLENBURG,senate,41,inperson,7,5132
MECKLENBURG,senate,41,inperson,8,5080
MECKLENBURG,senate,41,inperson,9,2069
MECKLENBURG,senate,41,inperson,10,3187
MECKLENBURG,senate,41,inperson,11,5241
MECKLENBURG,senate,41,inperson,12,4564
MECKLENBURG,senate,41,inperson,13,4688
MECKLENBURG,senate,41,inperson,14,5064
MECKLENBURG,senate,41,inperson,15,5565
MECKLENBURG,senate,41,inperson,16,2103
MECKLENBURG,senate,41,inperson,17,3474
MECKLENBURG,senate,41,inperson,18,5254
MECKLENBURG,senate,41,inperson,19,5511
MECKLENBURG,senate,41,mail,0,808
MECKLENBURG,senate,41,mail,2,188
MECKLENBURG,senate,41,mail,3,519
MECKLENBURG,senate,41,mail,4,180
MECKLENBURG,senate,41,mail,5,283
MECKLENBURG,senate,41,mail,6,415
MECKLENBURG,senate,41,mail,7,123
MECKLENBURG,senate,41,mail,8,219
MECKLENBURG,senate,41,mail,9,118
MECKLENBURG,senate,41,mail,10,258
MECKLENBURG,senate,41,mail,11,97
MECKLENBURG,senate,41,mail,12,183
MECKLENBURG,senate,41,mail,13,210
MECKLENBURG,senate,41,mail,14,183
MECKLENBURG,senate,41,mail,15,133
MECKLENBURG,senate,41,mail,16,127
MECKLENBURG,senate,41,mail,17,121
MECKLENBURG,senate,41,mail,18,162
MECKLENBURG,senate,41,mail,19,154
MECKLENBURG,senate,41,mail,20,117
MECKLENBURG,senate,41,mail,21,84
MECKLENBURG,senate,41,mail,22,37
MECKLENBURG,senate,41,mail,23,6
MECKLENBURG,senate,41,mail,24,210
MECKLENBURG,senate,41,mail,25,113
MECKLENBURG,senate,41,mail,26,92
MECKLENBURG,senate,41,mail,27,56
MECKLENBURG,senate,41,mail,28,155
MECKLENBURG,senate,41,mail,29,67
MECKLENBURG,senate,41,mail,31,36
MECKLENBURG,senate,41,mail,32,80
MECKLENBURG,senate,41,mail,33,134
MECKLENBURG,senate,41,mail,34,72
MECKLENBURG,senate,41,mail,35,43
MECKLENBURG,senate,41,mail,36,33
MECKLENBURG,senate,41,mail,37,5
MECKLENBURG,senate,41,mail,38,64
MECKLENBURG,senate,41,mail,40,5
MECKLENBURG,senate,41,mail,41,3
MECKLENBURG,senate,41,mail,42,39
MECKLENBURG,senate,41,mail,43,4
MECKLENBURG,senate,41,mail,46,1
MECKLENBURG,senate,42,inperson,3,4644
MECKLENBURG,senate,42,inperson,4,6818
MECKLENBURG,senate,42,inperson,5,5069
MECKLENBURG,senate,42,inperson,6,5762
MECKLENBURG,senate,42,inperson,7,5826
MECKLENBURG,senate,42,inperson,8,6168
MECKLENBURG,senate,42,inperson,9,2222
MECKLENBURG,senate,42,inperson,10,3280
MECKLENBURG,senate,42,inperson,11,6772
MECKLENBURG,senate,42,inperson,12,6576
MECKLENBURG,senate,42,inperson,13,7027
MECKLENBURG,senate,42,inperson,14,7436
MECKLENBURG,senate,42,inperson,15,7483
MECKLENBURG,senate,42,inperson,16,2663
MECKLENBURG,senate,42,inperson,17,3950
MECKLENBURG,senate,42,inperson,18,7342
MECKLENBURG,senate,42,inperson,19,6689
MECKLENBURG,senate,42,mail,0,1175
MECKLENBURG,senate,42,mail,2,367
MECKLENBURG,senate,42,mail,3,987
MECKLENBURG,senate,42,mail,4,379
MECKLENBURG,senate,42,mail,5,654
MECKLENBURG,senate,42,mail,6,761
MECKLENBURG,senate,42,mail,7,309
MECKLENBURG,senate,42,mail,8,506
MECKLENBURG,senate,42,mail,9,173
MECKLENBURG,senate,42,mail,10,515
MECKLENBURG,senate,42,mail,11,150
MECKLENBURG,senate,42,mail,12,386
MECKLENBURG,senate,42,mail,13,411
MECKLENBURG,senate,42,mail,14,387
MECKLENBURG,senate,42,mail,15,203
MECKLENBURG,senate,42,mail,16,244
MECKLENBURG,senate,42,mail,17,281
MECKLENBURG,senate,42,mail,18,479
MECKLENBURG,senate,42,mail,19,310
MECKLENBURG,senate,42,mail,20,299
MECKLENBURG,senate,42,mail,21,194
MECKLENBURG,senate,42,mail,22,98
MECKLENBURG,senate,42,mail,23,21
MECKLENBURG,senate,42,mail,24,410
MECKLENBURG,senate,42,mail,25,225
MECKLENBURG,senate,42,mail,26,172
MECKLENBURG,senate,42,mail,27,50
MECKLENBURG,senate,42,mail,28,219
MECKLENBURG,senate,42,mail,29,168
MECKLENBURG,senate,42,mail,31,114
MECKLENBURG,senate,42,mail,32,188
MECKLENBURG,senate,42,mail,33,360
MECKLENBURG,senate,42,mail,34,107
MECKLENBURG,senate,42,mail,35,74
MECKLENBURG,senate,42,mail,36,65
MECKLENBURG,senate,42,mail,37,14
MECKLENBURG,senate,42,mail,38,96
MECKLENBURG,senate,42,mail,40,15
MECKLENBURG,senate,42,mail,41,7
MECKLENBURG,senate,42,mail,42,76
MECKLENBURG,senate,42,mail,43,4
MITCHELL,house,85,inperson,3,346
MITCHELL,house,85,inperson,4,519
MITCHELL,house,85,inperson,5,329
MITCHELL,house,85,inperson,6,413
MITCHELL,house,85,inperson,7,456
MITCHELL,house,85,inperson,8,494
MITCHELL,house,85,inperson,11,564
MITCHELL,house,85,inperson,12,438
MITCHELL,house,85,inperson,13,473
MITCHELL,house,85,inperson,14,591
MITCHELL,house,85,inperson,15,638
MITCHELL,house,85,inperson,18,613
MITCHELL,house,85,inperson,19,766
MITCHELL,house,85,mail,0,19
MITCHELL,house,85,mail,1,26
MITCHELL,house,85,mail,3,18
MITCHELL,house,85,mail,4,20
MITCHELL,house,85,mail,5,26
MITCHELL,house,85,mail,6,17
MITCHELL,house,85,mail,7,27
MITCHELL,house,85,mail,8,24
MITCHELL,house,85,mail,11,19
MITCHELL,house,85,mail,12,41
MITCHELL,house,85,mail,13,21
MITCHELL,house,85,mail,14,8
MITCHELL,house,85,mail,15,21
MITCHELL,house,85,mail,16,1
MITCHELL,house,85,mail,18,6
MITCHELL,house,85,mail,19,11
MITCHELL,house,85,mail,20,6
MITCHELL,house,85,mail,21,9
MITCHELL,house,85,mail,22,1
MITCHELL,house,85,mail,25,4
MITCHELL,house,85,mail,26,12
MITCHELL,house,85,mail,27,1
MITCHELL,house,85,mail,28,1
MITCHELL,house,85,mail,29,8
MITCHELL,house,85,mail,42,1
MITCHELL,senate,47,inperson,3,346
MITCHELL,senate,47,inperson,4,519
MITCHELL,senate,47,inperson,5,329
MITCHELL,senate,47,inperson,6,413
MITCHELL,senate,47,inperson,7,456
MITCHELL,senate,47,inperson,8,494
MITCHELL,senate,47,inperson,11,564
MITCHELL,senate,47,inperson,12,438
MITCHELL,senate,47,inperson,13,473
MITCHELL,senate,47,inperson,14,591
MITCHELL,senate,47,inperson,15,638
MITCHELL,senate,47,inperson,18,613
MITCHELL,senate,47,inperson,19,766
MITCHELL,senate,47,mail,0,19
MITCHELL,senate,47,mail,1,26
MITCHELL,senate,47,mail,3,18
MITCHELL,senate,47,mail,4,20
MITCHELL,senate,47,mail,5,26
MITCHELL,senate,47,mail,6,17
MITCHELL,senate,47,mail,7,27
MITCHELL,senate,47,mail,8,24
MITCHELL,senate,47,mail,11,19
MITCHELL,senate,47,mail,12,41
MITCHELL,senate,47,mail,13,21
MITCHELL,senate,47,mail,14,8
MITCHELL,senate,47,mail,15,21
MITCHELL,senate,47,mail,16,1
MITCHELL,senate,47,mail,18,6
MITCHELL,senate,47,mail,19,11
MITCHELL,senate,47,mail,20,6
MITCHELL,senate,47,mail,21,9
MITCHELL,senate,47,mail,22,1
MITCHELL,senate,47,mail,25,4
MITCHELL,senate,47,mail,26,12
MITCHELL,senate,47,mail,27,1
MITCHELL,senate,47,mail,28,1
MITCHELL,senate,47,mail,29,8
MITCHELL,senate,47,mail,42,1
MONTGOMERY,house,67,inperson,3,496
MONTGOMERY,house,67,inperson,4,669
MONTGOMERY,house,67,inperson,5,430
MONTGOMERY,house,67,inperson,6,559
MONTGOMERY,house,67,inperson,7,566
MONTGOMERY,house,67,inperson,8,656
MONTGOMERY,house,67,inperson,11,720
MONTGOMERY,house,67,inperson,12,636
MONTGOMERY,house,67,inperson,13,617
MONTGOMERY,house,67,inperson,14,769
MONTGOMERY,house,67,inperson,15,795
MONTGOMERY,house,67,inperson,18,940
MONTGOMERY,house,67,inperson,19,1153
MONTGOMERY,house,67,mail,0,21
MONTGOMERY,house,67,mail,1,121
MONTGOMERY,house,67,mail,2,1
MONTGOMERY,house,67,mail,3,2
MONTGOMERY,house,67,mail,4,6
MONTGOMERY,house,67,mail,6,1
MONTGOMERY,house,67,mail,7,3
MONTGOMERY,house,67,mail,8,34
MONTGOMERY,house,67,mail,10,1
MONTGOMERY,house,67,mail,11,24
MONTGOMERY,house,67,mail,12,16
MONTGOMERY,house,67,mail,13,4
MONTGOMERY,house,67,mail,14,52
MONTGOMERY,house,67,mail,15,2
MONTGOMERY,house,67,mail,16,2
MONTGOMERY,house,67,mail,20,2
MONTGOMERY,house,67,mail,21,50
MONTGOMERY,house,67,mail,28,25
MONTGOMERY,house,67,mail,29,1
MONTGOMERY,house,67,mail,33,1
MONTGOMERY,house,67,mail,34,7
MONTGOMERY,house,67,mail,39,1
MONTGOMERY,house,67,mail,42,1
MONTGOMERY,house,67,mail,46,1
MONTGOMERY,senate,29,inperson,3,496
MONTGOMERY,senate,29,inperson,4,669
MONTGOMERY,senate,29,inperson,5,430
MONTGOMERY,senate,29,inperson,6,559
MONTGOMERY,senate,29,inperson,7,566
MONTGOMERY,senate,29,inperson,8,656
MONTGOMERY,senate,29,inperson,11,720
MONTGOMERY,senate,29,inperson,12,636
MONTGOMERY,senate,29,inperson,13,617
MONTGOMERY,senate,29,inperson,14,769
MONTGOMERY,senate,29,inperson,15,795
MONTGOMERY,senate,29,inperson,18,940
MONTGOMERY,senate,29,inperson,19,1153
MONTGOMERY,senate,29,mail,0,21
MONTGOMERY,senate,29,mail,1,121
MONTGOMERY,senate,29,mail,2,1
MONTGOMERY,senate,29,mail,3,2
MONTGOMERY,senate,29,mail,4,6
MONTGOMERY,senate,29,mail,6,1
MONTGOMERY,senate,29,mail,7,3
MONTGOMERY,senate,29,mail,8,34
MONTGOMERY,senate,29,mail,10,1
MONTGOMERY,senate,29,mail,11,24
MONTGOMERY,senate,29,mail,12,16
MONTGOMERY,senate,29,mail,13,4
MONTGOMERY,senate,29,mail,14,52
MONTGOMERY,senate,29,mail,15,2
MONTGOMERY,senate,29,mail,16,2
MONTGOMERY,senate,29,mail,20,2
MONTGOMERY,senate,29,mail,21,50
MONTGOMERY,senate,29,mail,28,25
MONTGOMERY,senate,29,mail,29,1
MONTGOMERY,senate,29,mail,33,1
MONTGOMERY,senate,29,mail,34,7
MONTGOMERY,senate,29,mail,39,1
MONTGOMERY,senate,29,mail,42,1
MONTGOMERY,senate,29,mail,46,1
MOORE,house,51,inperson,3,466
MOORE,house,51,inperson,4,638
MOORE,house,51,inperson,5,476
MOORE,house,51,inperson,6,529
MOORE,house,51,inperson,7,569
MOORE,house,51,inperson,8,584
MOORE,house,51,inperson,10,341
MOORE,house,51,inperson,11,568
MOORE,house,51,inperson,12,547
MOORE,house,51,inperson,13,567
MOORE,house,51,inperson,14,561
MOORE,house,51,inperson,15,524
MOORE,house,51,inperson,16,294
MOORE,house,51,inperson,17,401
MOORE,house,51,inperson,18,496
MOORE,house,51,inperson,19,578
MOORE,house,51,mail,0,43
MOORE,house,51,mail,1,28
MOORE,house,51,mail,3,17
MOORE,house,51,mail,4,33
MOORE,house,51,mail,5,45
MOORE,house,51,mail,6,38
MOORE,house,51,mail,7,9
MOORE,house,51,mail,8,40
MOORE,house,51,mail,10,7
MOORE,house,51,mail,11,16
MOORE,house,51,mail,12,35
MOORE,house,51,mail,13,25
MOORE,house,51,mail,14,22
MOORE,house,51,mail,15,16
MOORE,house,51,mail,17,8
MOORE,house,51,mail,18,21
MOORE,house,51,mail,19,12
MOORE,house,51,mail,20,30
MOORE,house,51,mail,21,21
MOORE,house,51,mail,24,5
MOORE,house,51,mail,25,13
MOORE,house,51,mail,26,13
MOORE,house,51,mail,27,6
MOORE,house,51,mail,28,5
MOORE,house,51,mail,29,13
MOORE,house,51,mail,31,10
MOORE,house,51,mail,32,17
MOORE,house,51,mail,33,22
MOORE,house,51,mail,34,6
MOORE,house,51,mail,35,4
MOORE,house,51,mail,36,12
MOORE,house,51,mail,38,1
MOORE,house,51,mail,39,4
MOORE,house,51,mail,40,1
MOORE,house,51,mail,41,3
MOORE,house,51,mail,42,1
MOORE,house,51,mail,43,1
MOORE,house,52,inperson,3,807
MOORE,house,52,inperson,4,1190
MOORE,house,52,inperson,5,993
MOORE,house,52,inperson,6,1071
MOORE,house,52,inperson,7,1028
MOORE,house,52,inperson,8,1252
MOORE,house,52,inperson,10,787
MOORE,house,52,inperson,11,1169
MOORE,house,52,inperson,12,1100
MOORE,house,52,inperson,13,1061
MOORE,house,52,inperson,14,1099
MOORE,house,52,inperson,15,1083
MOORE,house,52,inperson,16,667
MOORE,house,52,inperson,17,754
MOORE,house,52,inperson,18,1078
MOORE,house,52,inperson,19,1140
MOORE,house,52,mail,0,161
MOORE,house,52,mail,1,92
MOORE,house,52,mail,3,71
MOORE,house,52,mail,4,79
MOORE,house,52,mail,5,155
MOORE,house,52,mail,6,106
MOORE,house,52,mail,7,31
MOORE,house,52,mail,8,133
MOORE,house,52,mail,10,56
MOORE,house,52,mail,11,128
MOORE,house,52,mail,12,69
MOORE,house,52,mail,13,109
MOORE,house,52,mail,14,68
MOORE,house,52,mail,15,84
MOORE,house,52,mail,16,3
MOORE,house,52,mail,17,44
MOORE,house,52,mail,18,45
MOORE,house,52,mail,19,82
MOORE,house,52,mail,20,17
MOORE,house,52,mail,21,70
MOORE,house,52,mail,22,14
MOORE,house,52,mail,24,33
MOORE,house,52,mail,25,63
MOORE,house,52,mail,26,47
MOORE,house,52,mail,27,22
MOORE,house,52,mail,28,28
MOORE,house,52,mail,29,50
MOORE,house,52,mail,31,29
MOORE,house,52,mail,32,26
MOORE,house,52,mail,33,41
MOORE,house,52,mail,34,22
MOORE,house,52,mail,35,11
MOORE,house,52,mail,36,31
MOORE,house,52,mail,38,1
MOORE,house,52,mail,39,12
MOORE,house,52,mail,40,10
MOORE,house,52,mail,41,4
MOORE,house,52,mail,42,4
MOORE,house,52,mail,43,5
MOORE,house,52,mail,45,2
MOORE,house,52,mail,46,2
MOORE,house,78,inperson,3,769
MOORE,house,78,inperson,4,1082
MOORE,house,78,inperson,5,955
MOORE,house,78,inperson,6,1067
MOORE,house,78,inperson,7,1116
MOORE,house,78,inperson,8,1227
MOORE,house,78,inperson,10,651
MOORE,house,78,inperson,11,1220
MOORE,house,78,inperson,12,1272
MOORE,house,78,inperson,13,1354
MOORE,house,78,inperson,14,1330
MOORE,house,78,inperson,15,1302
MOORE,house,78,inperson,16,637
MOORE,house,78,inperson,17,718
MOORE,house,78,inperson,18,1378
MOORE,house,78,inperson,19,1302
MOORE,house,78,mail,0,91
MOORE,house,78,mail,1,82
MOORE,house,78,mail,3,55
MOORE,house,78,mail,4,82
MOORE,house,78,mail,5,106
MOORE,house,78,mail,6,113
MOORE,house,78,mail,7,39
MOORE,house,78,mail,8,87
MOORE,house,78,mail,10,51
MOORE,house,78,mail,11,69
MOORE,house,78,mail,12,76
MOORE,house,78,mail,13,77
MOORE,house,78,mail,14,53
MOORE,house,78,mail,15,75
MOORE,house,78,mail,16,1
MOORE,house,78,mail,17,64
MOORE,house,78,mail,18,83
MOORE,house,78,mail,19,55
MOORE,house,78,mail,20,12
MOORE,house,78,mail,21,85
MOORE,house,78,mail,22,17
MOORE,house,78,mail,24,33
MOORE,house,78,mail,25,75
MOORE,house,78,mail,26,41
MOORE,house,78,mail,27,42
MOORE,house,78,mail,28,26
MOORE,house,78,mail,29,43
MOORE,house,78,mail,31,21
MOORE,house,78,mail,32,25
MOORE,house,78,mail,33,48
MOORE,house,78,mail,34,30
MOORE,house,78,mail,35,9
MOORE,house,78,mail,36,40
MOORE,house,78,mail,40,3
MOORE,house,78,mail,41,9
MOORE,house,78,mail,42,4
MOORE,house,78,mail,43,6
MOORE,house,78,mail,45,2
MOORE,senate,21,inperson,3,2042
MOORE,senate,21,inperson,4,2910
MOORE,senate,21,inperson,5,2424
MOORE,senate,21,inperson,6,2667
MOORE,senate,21,inperson,7,2713
MOORE,senate,21,inperson,8,3063
MOORE,senate,21,inperson,10,1779
MOORE,senate,21,inperson,11,2957
MOORE,senate,21,inperson,12,2919
MOORE,senate,21,inperson,13,2982
MOORE,senate,21,inperson,14,2990
MOORE,senate,21,inperson,15,2909
MOORE,senate,21,inperson,16,1598
MOORE,senate,21,inperson,17,1873
MOORE,senate,21,inperson,18,2952
MOORE,senate,21,inperson,19,3020
MOORE,senate,21,mail,0,295
MOORE,senate,21,mail,1,202
MOORE,senate,21,mail,3,143
MOORE,senate,21,mail,4,194
MOORE,senate,21,mail,5,306
MOORE,senate,21,mail,6,257
MOORE,senate,21,mail,7,79
MOORE,senate,21,mail,8,260
MOORE,senate,21,mail,10,114
MOORE,senate,21,mail,11,213
MOORE,senate,21,mail,12,180
MOORE,senate,21,mail,13,211
MOORE,senate,21,mail,14,143
MOORE,senate,21,mail,15,175
MOORE,senate,21,mail,16,4
MOORE,senate,21,mail,17,116
MOORE,senate,21,mail,18,149
MOORE,senate,21,mail,19,149
MOORE,senate,21,mail,20,59
MOORE,senate,21,mail,21,176
MOORE,senate,21,mail,22,31
MOORE,senate,21,mail,24,71
MOORE,senate,21,mail,25,151
MOORE,senate,21,mail,26,101
MOORE,senate,21,mail,27,70
MOORE,senate,21,mail,28,59
MOORE,senate,21,mail,29,106
MOORE,senate,21,mail,31,60
MOORE,senate,21,mail,32,68
MOORE,senate,21,mail,33,111
MOORE,senate,21,mail,34,58
MOORE,senate,21,mail,35,24
MOORE,senate,21,mail,36,83
MOORE,senate,21,mail,38,2
MOORE,senate,21,mail,39,16
MOORE,senate,21,mail,40,14
MOORE,senate,21,mail,41,16
MOORE,senate,21,mail,42,9
MOORE,senate,21,mail,43,12
MOORE,senate,21,mail,45,4
MOORE,senate,21,mail,46,2
NASH,house,24,inperson,3,98
NASH,house,24,inperson,4,131
NASH,house,24,inperson,5,80
NASH,house,24,inperson,6,85
NASH,house,24,inperson,7,110
NASH,house,24,inperson,8,126
NASH,house,24,inperson,10,92
NASH,house,24,inperson,11,132
NASH,house,24,inperson,12,120
NASH,house,24,inperson,13,154
NASH,house,24,inperson,14,183
NASH,house,24,inperson,15,187
NASH,house,24,inperson,17,97
NASH,house,24,inperson,18,219
NASH,house,24,inperson,19,194
NASH,house,24,mail,0,2
NASH,house,24,mail,1,7
NASH,house,24,mail,3,2
NASH,house,24,mail,4,4
NASH,house,24,mail,5,3
NASH,house,24,mail,6,4
NASH,house,24,mail,7,3
NASH,house,24,mail,8,12
NASH,house,24,mail,11,3
NASH,house,24,mail,12,2
NASH,house,24,mail,13,3
NASH,house,24,mail,15,2
NASH,house,24,mail,17,4
NASH,house,24,mail,19,2
NASH,house,24,mail,20,1
NASH,house,24,mail,21,1
NASH,house,24,mail,26,2
NASH,house,24,mail,27,2
NASH,house,24,mail,29,4
NASH,house,24,mail,32,2
NASH,house,24,mail,33,3
NASH,house,24,mail,34,2
NASH,house,24,mail,36,2
NASH,house,25,inperson,3,2275
NASH,house,25,inperson,4,2563
NASH,house,25,inperson,5,1842
NASH,house,25,inperson,6,1863
NASH,house,25,inperson,7,2170
NASH,house,25,inperson,8,2412
NASH,house,25,inperson,10,1456
NASH,house,25,inperson,11,2385
NASH,house,25,inperson,12,2291
NASH,house,25,inperson,13,2613
NASH,house,25,inperson,14,3137
NASH,house,25,inperson,15,3949
NASH,house,25,inperson,17,1908
NASH,house,25,inperson,18,3782
NASH,house,25,inperson,19,4245
NASH,house,25,mail,0,123
NASH,house,25,mail,1,66
NASH,house,25,mail,3,24
NASH,house,25,mail,4,89
NASH,house,25,mail,5,71
NASH,house,25,mail,6,106
NASH,house,25,mail,7,43
NASH,house,25,mail,8,97
NASH,house,25,mail,10,5
NASH,house,25,mail,11,54
NASH,house,25,mail,12,39
NASH,house,25,mail,13,44
NASH,house,25,mail,14,17
NASH,house,25,mail,15,63
NASH,house,25,mail,17,53
NASH,house,25,mail,18,23
NASH,house,25,mail,19,38
NASH,house,25,mail,20,15
NASH,house,25,mail,21,14
NASH,house,25,mail,22,21
NASH,house,25,mail,24,4
NASH,house,25,mail,25,34
NASH,house,25,mail,26,42
NASH,house,25,mail,27,11
NASH,house,25,mail,28,30
NASH,house,25,mail,29,27
NASH,house,25,mail,32,27
NASH,house,25,mail,33,7
NASH,house,25,mail,34,21
NASH,house,25,mail,35,6
NASH,house,25,mail,36,28
NASH,house,25,mail,39,1
NASH,house,25,mail,40,4
NASH,house,25,mail,42,1
NASH,house,25,mail,43,1
NASH,house,25,mail,45,1
NASH,senate,11,inperson,3,2373
NASH,senate,11,inperson,4,2694
NASH,senate,11,inperson,5,1922
NASH,senate,11,inperson,6,1948
NASH,senate,11,inperson,7,2280
NASH,senate,11,inperson,8,2538
NASH,senate,11,inperson,10,1548
NASH,senate,11,inperson,11,2517
NASH,senate,11,inperson,12,2411
NASH,senate,11,inperson,13,2767
NASH,senate,11,inperson,14,3320
NASH,senate,11,inperson,15,4136
NASH,senate,11,inperson,17,2005
NASH,senate,11,inperson,18,4001
NASH,senate,11,inperson,19,4439
NASH,senate,11,mail,0,125
NASH,senate,11,mail,1,73
NASH,senate,11,mail,3,26
NASH,senate,11,mail,4,93
NASH,senate,11,mail,5,74
NASH,senate,11,mail,6,110
NASH,senate,11,mail,7,46
NASH,senate,11,mail,8,109
NASH,senate,11,mail,10,5
NASH,senate,11,mail,11,57
NASH,senate,11,mail,12,41
NASH,senate,11,mail,13,47
NASH,senate,11,mail,14,17
NASH,senate,11,mail,15,65
NASH,senate,11,mail,17,57
NASH,senate,11,mail,18,23
NASH,senate,11,mail,19,40
NASH,senate,11,mail,20,16
NASH,senate,11,mail,21,15
NASH,senate,11,mail,22,21
NASH,senate,11,mail,24,4
NASH,senate,11,mail,25,34
NASH,senate,11,mail,26,44
NASH,senate,11,mail,27,13
NASH,senate,11,mail,28,30
NASH,senate,11,mail,29,31
NASH,senate,11,mail,32,29
NASH,senate,11,mail,33,10
NASH,senate,11,mail,34,23
NASH,senate,11,mail,35,6
NASH,senate,11,mail,36,30
NASH,senate,11,mail,39,1
NASH,senate,11,mail,40,4
NASH,senate,11,mail,42,1
NASH,senate,11,mail,43,1
NASH,senate,11,mail,45,1
NEW HANOVER,house,18,inperson,3,2123
NEW HANOVER,house,18,inperson,4,2681
NEW HANOVER,house,18,inperson,5,2310
NEW HANOVER,house,18,inperson,6,2319
NEW HANOVER,house,18,inperson,7,2274
NEW HANOVER,house,18,inperson,8,2397
NEW HANOVER,house,18,inperson,9,1083
NEW HANOVER,house,18,inperson,10,1046
NEW HANOVER,house,18,inperson,11,2314
NEW HANOVER,house,18,inperson,12,2233
NEW HANOVER,house,18,inperson,13,2346
NEW HANOVER,house,18,inperson,14,2335
NEW HANOVER,house,18,inperson,15,2223
NEW HANOVER,house,18,inperson,16,1097
NEW HANOVER,house,18,inperson,17,1032
NEW HANOVER,house,18,inperson,18,2169
NEW HANOVER,house,18,inperson,19,2271
NEW HANOVER,house,18,mail,0,169
NEW HANOVER,house,18,mail,1,190
NEW HANOVER,house,18,mail,2,3
NEW HANOVER,house,18,mail,3,178
NEW HANOVER,house,18,mail,4,126
NEW HANOVER,house,18,mail,5,155
NEW HANOVER,house,18,mail,6,111
NEW HANOVER,house,18,mail,7,112
NEW HANOVER,house,18,mail,8,169
NEW HANOVER,house,18,mail,9,13
NEW HANOVER,house,18,mail,10,105
NEW HANOVER,house,18,mail,11,67
NEW HANOVER,house,18,mail,12,125
NEW HANOVER,house,18,mail,13,97
NEW HANOVER,house,18,mail,14,76
NEW HANOVER,house,18,mail,15,139
NEW HANOVER,house,18,mail,16,11
NEW HANOVER,house,18,mail,17,67
NEW HANOVER,house,18,mail,18,91
NEW HANOVER,house,18,mail,19,87
NEW HANOVER,house,18,mail,20,26
NEW HANOVER,house,18,mail,21,89
NEW HANOVER,house,18,mail,22,45
NEW HANOVER,house,18,mail,23,4
NEW HANOVER,house,18,mail,24,40
NEW HANOVER,house,18,mail,25,36
NEW HANOVER,house,18,mail,26,40
NEW HANOVER,house,18,mail,27,45
NEW HANOVER,house,18,mail,28,66
NEW HANOVER,house,18,mail,29,42
NEW HANOVER,house,18,mail,30,7
NEW HANOVER,house,18,mail,31,16
NEW HANOVER,house,18,mail,32,79
NEW HANOVER,house,18,mail,33,60
NEW HANOVER,house,18,mail,34,19
NEW HANOVER,house,18,mail,35,47
NEW HANOVER,house,18,mail,36,30
NEW HANOVER,house,18,mail,37,5
NEW HANOVER,house,18,mail,38,9
NEW HANOVER,house,18,mail,39,1
NEW HANOVER,house,18,mail,40,7
NEW HANOVER,house,18,mail,41,4
NEW HANOVER,house,18,mail,42,50
NEW HANOVER,house,19,inperson,3,944
NEW HANOVER,house,19,inperson,4,1544
NEW HANOVER,house,19,inperson,5,1392
NEW HANOVER,house,19,inperson,6,1507
NEW HANOVER,house,19,inperson,7,1716
NEW HANOVER,house,19,inperson,8,1617
NEW HANOVER,house,19,inperson,9,640
NEW HANOVER,house,19,inperson,10,658
NEW HANOVER,house,19,inperson,11,1572
NEW HANOVER,house,19,inperson,12,1650
NEW HANOVER,house,19,inperson,13,1677
NEW HANOVER,house,19,inperson,14,1483
NEW HANOVER,house,19,inperson,15,1559
NEW HANOVER,house,19,inperson,16,683
NEW HANOVER,house,19,inperson,17,701
NEW HANOVER,house,19,inperson,18,1514
NEW HANOVER,house,19,inperson,19,1334
NEW HANOVER,house,19,mail,0,83
NEW HANOVER,house,19,mail,1,148
NEW HANOVER,house,19,mail,2,5
NEW HANOVER,house,19,mail,3,104
NEW HANOVER,house,19,mail,4,95
NEW HANOVER,house,19,mail,5,104
NEW HANOVER,house,19,mail,6,92
NEW HANOVER,house,19,mail,7,72
NEW HANOVER,house,19,mail,8,122
NEW HANOVER,house,19,mail,9,10
NEW HANOVER,house,19,mail,10,55
NEW HANOVER,house,19,mail,11,67
NEW HANOVER,house,19,mail,12,98
NEW HANOVER,house,19,mail,13,49
NEW HANOVER,house,19,mail,14,62
NEW HANOVER,house,19,mail,15,98
NEW HANOVER,house,19,mail,16,7
NEW HANOVER,house,19,mail,17,56
NEW HANOVER,house,19,mail,18,66
NEW HANOVER,house,19,mail,19,61
NEW HANOVER,house,19,mail,20,10
NEW HANOVER,house,19,mail,21,65
NEW HANOVER,house,19,mail,22,17
NEW HANOVER,house,19,mail,23,1
NEW HANOVER,house,19,mail,24,34
NEW HANOVER,house,19,mail,25,32
NEW HANOVER,house,19,mail,26,30
NEW HANOVER,house,19,mail,27,40
NEW HANOVER,house,19,mail,28,40
NEW HANOVER,house,19,mail,29,30
NEW HANOVER,house,19,mail,30,11
NEW HANOVER,house,19,mail,31,5
NEW HANOVER,house,19,mail,32,34
NEW HANOVER,house,19,mail,33,23
NEW HANOVER,house,19,mail,34,6
NEW HANOVER,house,19,mail,35,23
NEW HANOVER,house,19,mail,36,16
NEW HANOVER,house,19,mail,37,8
NEW HANOVER,house,19,mail,39,3
NEW HANOVER,house,19,mail,40,2
NEW HANOVER,house,19,mail,41,5
NEW HANOVER,house,19,mail,42,34
NEW HANOVER,house,20,inperson,3,2046
NEW HANOVER,house,20,inperson,4,2992
NEW HANOVER,house,20,inperson,5,2829
NEW HANOVER,house,20,inperson,6,2699
NEW HANOVER,house,20,inperson,7,2819
NEW HANOVER,house,20,inperson,8,3099
NEW HANOVER,house,20,inperson,9,1422
NEW HANOVER,house,20,inperson,10,1302
NEW HANOVER,house,20,inperson,11,2818
NEW HANOVER,house,20,inperson,12,2870
NEW HANOVER,house,20,inperson,13,2929
NEW HANOVER,house,20,inperson,14,2727
NEW HANOVER,house,20,inperson,15,2871
NEW HANOVER,house,20,inperson,16,1260
NEW HANOVER,house,20,inperson,17,1203
NEW HANOVER,house,20,inperson,18,2840
NEW HANOVER,house,20,inperson,19,2623
NEW HANOVER,house,20,mail,0,220
NEW HANOVER,house,20,mail,1,241
NEW HANOVER,house,20,mail,2,9
NEW HANOVER,house,20,mail,3,165
NEW HANOVER,house,20,mail,4,189
NEW HANOVER,house,20,mail,5,225
NEW HANOVER,house,20,mail,6,224
NEW HANOVER,house,20,mail,7,181
NEW HANOVER,house,20,mail,8,221
NEW HANOVER,house,20,mail,9,16
NEW HANOVER,house,20,mail,10,105
NEW HANOVER,house,20,mail,11,118
NEW HANOVER,house,20,mail,12,96
NEW HANOVER,house,20,mail,13,192
NEW HANOVER,house,20,mail,14,93
NEW HANOVER,house,20,mail,15,202
NEW HANOVER,house,20,mail,16,13
NEW HANOVER,house,20,mail,17,84
NEW HANOVER,house,20,mail,18,101
NEW HANOVER,house,20,mail,19,110
NEW HANOVER,house,20,mail,20,47
NEW HANOVER,house,20,mail,21,103
NEW HANOVER,house,20,mail,22,64
NEW HANOVER,house,20,mail,23,2
NEW HANOVER,house,20,mail,24,52
NEW HANOVER,house,20,mail,25,83
NEW HANOVER,house,20,mail,26,68
NEW HANOVER,house,20,mail,27,53
NEW HANOVER,house,20,mail,28,48
NEW HANOVER,house,20,mail,29,71
NEW HANOVER,house,20,mail,30,23
NEW HANOVER,house,20,mail,31,30
NEW HANOVER,house,20,mail,32,58
NEW HANOVER,house,20,mail,33,70
NEW HANOVER,house,20,mail,34,45
NEW HANOVER,house,20,mail,35,21
NEW HANOVER,house,20,mail,36,53
NEW HANOVER,house,20,mail,37,5
NEW HANOVER,house,20,mail,38,8
NEW HANOVER,house,20,mail,39,8
NEW HANOVER,house,20,mail,40,9
NEW HANOVER,house,20,mail,41,4
NEW HANOVER,house,20,mail,42,51
NEW HANOVER,senate,7,inperson,3,4462
NEW HANOVER,senate,7,inperson,4,6422
NEW HANOVER,senate,7,inperson,5,5921
NEW HANOVER,senate,7,inperson,6,5937
NEW HANOVER,senate,7,inperson,7,6243
NEW HANOVER,senate,7,inperson,8,6466
NEW HANOVER,senate,7,inperson,9,2877
NEW HANOVER,senate,7,inperson,10,2719
NEW HANOVER,senate,7,inperson,11,6122
NEW HANOVER,senate,7,inperson,12,6190
NEW HANOVER,senate,7,inperson,13,6349
NEW HANOVER,senate,7,inperson,14,5891
NEW HANOVER,senate,7,inperson,15,5980
NEW HANOVER,senate,7,inperson,16,2696
NEW HANOVER,senate,7,inperson,17,2593
NEW HANOVER,senate,7,inperson,18,5882
NEW HANOVER,senate,7,inperson,19,5448
NEW HANOVER,senate,7,mail,0,421
NEW HANOVER,senate,7,mail,1,540
NEW HANOVER,senate,7,mail,2,17
NEW HANOVER,senate,7,mail,3,402
NEW HANOVER,senate,7,mail,4,357
NEW HANOVER,senate,7,mail,5,442
NEW HANOVER,senate,7,mail,6,411
NEW HANOVER,senate,7,mail,7,344
NEW HANOVER,senate,7,mail,8,472
NEW HANOVER,senate,7,mail,9,33
NEW HANOVER,senate,7,mail,10,240
NEW HANOVER,senate,7,mail,11,227
NEW HANOVER,senate,7,mail,12,297
NEW HANOVER,senate,7,mail,13,305
NEW HANOVER,senate,7,mail,14,211
NEW HANOVER,senate,7,mail,15,413
NEW HANOVER,senate,7,mail,16,27
NEW HANOVER,senate,7,mail,17,190
NEW HANOVER,senate,7,mail,18,235
NEW HANOVER,senate,7,mail,19,242
NEW HANOVER,senate,7,mail,20,79
NEW HANOVER,senate,7,mail,21,240
NEW HANOVER,senate,7,mail,22,109
NEW HANOVER,senate,7,mail,23,7
NEW HANOVER,senate,7,mail,24,119
NEW HANOVER,senate,7,mail,25,136
NEW HANOVER,senate,7,mail,26,127
NEW HANOVER,senate,7,mail,27,130
NEW HANOVER,senate,7,mail,28,145
NEW HANOVER,senate,7,mail,29,133
NEW HANOVER,senate,7,mail,30,37
NEW HANOVER,senate,7,mail,31,48
NEW HANOVER,senate,7,mail,32,153
NEW HANOVER,senate,7,mail,33,143
NEW HANOVER,senate,7,mail,34,66
NEW HANOVER,senate,7,mail,35,85
NEW HANOVER,senate,7,mail,36,88
NEW HANOVER,senate,7,mail,37,15
NEW HANOVER,senate,7,mail,38,13
NEW HANOVER,senate,7,mail,39,12
NEW HANOVER,senate,7,mail,40,15
NEW HANOVER,senate,7,mail,41,12
NEW HANOVER,senate,7,mail,42,113
NEW HANOVER,senate,8,inperson,3,651
NEW HANOVER,senate,8,inperson,4,795
NEW HANOVER,senate,8,inperson,5,610
NEW HANOVER,senate,8,inperson,6,588
NEW HANOVER,senate,8,inperson,7,566
NEW HANOVER,senate,8,inperson,8,647
NEW HANOVER,senate,8,inperson,9,268
NEW HANOVER,senate,8,inperson,10,287
NEW HANOVER,senate,8,inperson,11,582
NEW HANOVER,senate,8,inperson,12,563
NEW HANOVER,senate,8,inperson,13,603
NEW HANOVER,senate,8,inperson,14,654
NEW HANOVER,senate,8,inperson,15,673
NEW HANOVER,senate,8,inperson,16,344
NEW HANOVER,senate,8,inperson,17,343
NEW HANOVER,senate,8,inperson,18,641
NEW HANOVER,senate,8,inperson,19,780
NEW HANOVER,senate,8,mail,0,51
NEW HANOVER,senate,8,mail,1,39
NEW HANOVER,senate,8,mail,3,45
NEW HANOVER,senate,8,mail,4,53
NEW HANOVER,senate,8,mail,5,42
NEW HANOVER,senate,8,mail,6,16
NEW HANOVER,senate,8,mail,7,21
NEW HANOVER,senate,8,mail,8,40
NEW HANOVER,senate,8,mail,9,6
NEW HANOVER,senate,8,mail,10,25
NEW HANOVER,senate,8,mail,11,25
NEW HANOVER,senate,8,mail,12,22
NEW HANOVER,senate,8,mail,13,33
NEW HANOVER,senate,8,mail,14,20
NEW HANOVER,senate,8,mail,15,26
NEW HANOVER,senate,8,mail,16,4
NEW HANOVER,senate,8,mail,17,17
NEW HANOVER,senate,8,mail,18,23
NEW HANOVER,senate,8,mail,19,16
NEW HANOVER,senate,8,mail,20,4
NEW HANOVER,senate,8,mail,21,17
NEW HANOVER,senate,8,mail,22,17
NEW HANOVER,senate,8,mail,24,7
NEW HANOVER,senate,8,mail,25,15
NEW HANOVER,senate,8,mail,26,11
NEW HANOVER,senate,8,mail,27,8
NEW HANOVER,senate,8,mail,28,9
NEW HANOVER,senate,8,mail,29,10
NEW HANOVER,senate,8,mail,30,4
NEW HANOVER,senate,8,mail,31,3
NEW HANOVER,senate,8,mail,32,18
NEW HANOVER,senate,8,mail,33,10
NEW HANOVER,senate,8,mail,34,4
NEW HANOVER,senate,8,mail,35,6
NEW HANOVER,senate,8,mail,36,11
NEW HANOVER,senate,8,mail,37,3
NEW HANOVER,senate,8,mail,38,4
NEW HANOVER,senate,8,mail,40,3
NEW HANOVER,senate,8,mail,41,1
NEW HANOVER,senate,8,mail,42,22
NORTHAMPTON,house,27,inperson,3,400
NORTHAMPTON,house,27,inperson,4,448
NORTHAMPTON,house,27,inperson,5,343
NORTHAMPTON,house,27,inperson,6,340
NORTHAMPTON,house,27,inperson,7,362
NORTHAMPTON,house,27,inperson,8,440
NORTHAMPTON,house,27,inperson,11,406
NORTHAMPTON,house,27,inperson,12,378
NORTHAMPTON,house,27,inperson,13,443
NORTHAMPTON,house,27,inperson,14,508
NORTHAMPTON,house,27,inperson,15,698
NORTHAMPTON,house,27,inperson,18,624
NORTHAMPTON,house,27,inperson,19,924
NORTHAMPTON,house,27,mail,0,8
NORTHAMPTON,house,27,mail,1,16
NORTHAMPTON,house,27,mail,2,1
NORTHAMPTON,house,27,mail,3,10
NORTHAMPTON,house,27,mail,4,17
NORTHAMPTON,house,27,mail,5,14
NORTHAMPTON,house,27,mail,6,18
NORTHAMPTON,house,27,mail,7,16
NORTHAMPTON,house,27,mail,8,3
NORTHAMPTON,house,27,mail,9,1
NORTHAMPTON,house,27,mail,10,1
NORTHAMPTON,house,27,mail,11,15
NORTHAMPTON,house,27,mail,12,7
NORTHAMPTON,house,27,mail,13,10
NORTHAMPTON,house,27,mail,14,3
NORTHAMPTON,house,27,mail,15,6
NORTHAMPTON,house,27,mail,18,7
NORTHAMPTON,house,27,mail,20,12
NORTHAMPTON,house,27,mail,21,3
NORTHAMPTON,house,27,mail,22,1
NORTHAMPTON,house,27,mail,25,9
NORTHAMPTON,house,27,mail,26,3
NORTHAMPTON,house,27,mail,27,2
NORTHAMPTON,house,27,mail,28,2
NORTHAMPTON,house,27,mail,29,2
NORTHAMPTON,house,27,mail,32,1
NORTHAMPTON,house,27,mail,34,6
NORTHAMPTON,house,27,mail,35,1
NORTHAMPTON,house,27,mail,43,3
NORTHAMPTON,senate,1,inperson,3,400
NORTHAMPTON,senate,1,inperson,4,448
NORTHAMPTON,senate,1,inperson,5,343
NORTHAMPTON,senate,1,inperson,6,340
NORTHAMPTON,senate,1,inperson,7,362
NORTHAMPTON,senate,1,inperson,8,440
NORTHAMPTON,senate,1,inperson,11,406
NORTHAMPTON,senate,1,inperson,12,378
NORTHAMPTON,senate,1,inperson,13,443
NORTHAMPTON,senate,1,inperson,14,508
NORTHAMPTON,senate,1,inperson,15,698
NORTHAMPTON,senate,1,inperson,18,624
NORTHAMPTON,senate,1,inperson,19,924
NORTHAMPTON,senate,1,mail,0,8
NORTHAMPTON,senate,1,mail,1,16
NORTHAMPTON,senate,1,mail,2,1
NORTHAMPTON,senate,1,mail,3,10
NORTHAMPTON,senate,1,mail,4,17
NORTHAMPTON,senate,1,mail,5,14
NORTHAMPTON,senate,1,mail,6,18
NORTHAMPTON,senate,1,mail,7,16
NORTHAMPTON,senate,1,mail,8,3
NORTHAMPTON,senate,1,mail,9,1
NORTHAMPTON,senate,1,mail,10,1
NORTHAMPTON,senate,1,mail,11,15
NORTHAMPTON,senate,1,mail,12,7
NORTHAMPTON,senate,1,mail,13,10
NORTHAMPTON,senate,1,mail,14,3
NORTHAMPTON,senate,1,mail,15,6
NORTHAMPTON,senate,1,mail,18,7
NORTHAMPTON,senate,1,mail,20,12
NORTHAMPTON,senate,1,mail,21,3
NORTHAMPTON,senate,1,mail,22,1
NORTHAMPTON,senate,1,mail,25,9
NORTHAMPTON,senate,1,mail,26,3
NORTHAMPTON,senate,1,mail,27,2
NORTHAMPTON,senate,1,mail,28,2
NORTHAMPTON,senate,1,mail,29,2
NORTHAMPTON,senate,1,mail,32,1
NORTHAMPTON,senate,1,mail,34,6
NORTHAMPTON,senate,1,mail,35,1
NORTHAMPTON,senate,1,mail,43,3
ONSLOW,house,14,inperson,3,1279
ONSLOW,house,14,inperson,4,1403
ONSLOW,house,14,inperson,5,904
ONSLOW,house,14,inperson,6,1106
ONSLOW,house,14,inperson,7,1225
ONSLOW,house,14,inperson,8,1272
ONSLOW,house,14,inperson,10,729
ONSLOW,house,14,inperson,11,1331
ONSLOW,house,14,inperson,12,1272
ONSLOW,house,14,inperson,13,1340
ONSLOW,house,14,inperson,14,1539
ONSLOW,house,14,inperson,15,1492
ONSLOW,house,14,inperson,17,917
ONSLOW,house,14,inperson,18,1483
ONSLOW,house,14,inperson,19,1672
ONSLOW,house,14,mail,0,315
ONSLOW,house,14,mail,1,64
ONSLOW,house,14,mail,2,1
ONSLOW,house,14,mail,3,84
ONSLOW,house,14,mail,4,129
ONSLOW,house,14,mail,5,101
ONSLOW,house,14,mail,6,1
ONSLOW,house,14,mail,7,115
ONSLOW,house,14,mail,8,137
ONSLOW,house,14,mail,11,27
ONSLOW,house,14,mail,12,66
ONSLOW,house,14,mail,13,69
ONSLOW,house,14,mail,14,112
ONSLOW,house,14,mail,15,58
ONSLOW,house,14,mail,16,1
ONSLOW,house,14,mail,17,1
ONSLOW,house,14,mail,18,9
ONSLOW,house,14,mail,19,31
ONSLOW,house,14,mail,20,27
ONSLOW,house,14,mail,21,57
ONSLOW,house,14,mail,22,24
ONSLOW,house,14,mail,25,21
ONSLOW,house,14,mail,26,56
ONSLOW,house,14,mail,27,20
ONSLOW,house,14,mail,28,31
ONSLOW,house,14,mail,29,54
ONSLOW,house,14,mail,32,36
ONSLOW,house,14,mail,33,2
ONSLOW,house,14,mail,34,11
ONSLOW,house,14,mail,35,18
ONSLOW,house,14,mail,36,11
ONSLOW,house,14,mail,39,5
ONSLOW,house,14,mail,40,2
ONSLOW,house,14,mail,41,2
ONSLOW,house,14,mail,42,5
ONSLOW,house,14,mail,43,10
ONSLOW,house,14,mail,46,1
ONSLOW,house,15,inperson,3,1750
ONSLOW,house,15,inperson,4,2081
ONSLOW,house,15,inperson,5,1486
ONSLOW,house,15,inperson,6,1635
ONSLOW,house,15,inperson,7,1695
ONSLOW,house,15,inperson,8,1953
ONSLOW,house,15,inperson,10,1053
ONSLOW,house,15,inperson,11,2067
ONSLOW,house,15,inperson,12,2019
ONSLOW,house,15,inperson,13,2226
ONSLOW,house,15,inperson,14,2262
ONSLOW,house,15,inperson,15,2561
ONSLOW,house,15,inperson,17,1516
ONSLOW,house,15,inperson,18,2486
ONSLOW,house,15,inperson,19,2385
ONSLOW,house,15,mail,0,296
ONSLOW,house,15,mail,1,119
ONSLOW,house,15,mail,3,107
ONSLOW,house,15,mail,4,153
ONSLOW,house,15,mail,5,137
ONSLOW,house,15,mail,6,2
ONSLOW,house,15,mail,7,154
ONSLOW,house,15,mail,8,176
ONSLOW,house,15,mail,11,46
ONSLOW,house,15,mail,12,53
ONSLOW,house,15,mail,13,56
ONSLOW,house,15,mail,14,145
ONSLOW,house,15,mail,15,62
ONSLOW,house,15,mail,18,21
ONSLOW,house,15,mail,19,45
ONSLOW,house,15,mail,20,18
ONSLOW,house,15,mail,21,85
ONSLOW,house,15,mail,22,40
ONSLOW,house,15,mail,25,10
ONSLOW,house,15,mail,26,46
ONSLOW,house,15,mail,27,27
ONSLOW,house,15,mail,28,44
ONSLOW,house,15,mail,29,58
ONSLOW,house,15,mail,32,24
ONSLOW,house,15,mail,33,4
ONSLOW,house,15,mail,34,14
ONSLOW,house,15,mail,35,13
ONSLOW,house,15,mail,36,18
ONSLOW,house,15,mail,39,4
ONSLOW,house,15,mail,40,5
ONSLOW,house,15,mail,41,4
ONSLOW,house,15,mail,42,3
ONSLOW,house,15,mail,43,15
ONSLOW,house,16,inperson,3,602
ONSLOW,house,16,inperson,4,799
ONSLOW,house,16,inperson,5,478
ONSLOW,house,16,inperson,6,539
ONSLOW,house,16,inperson,7,627
ONSLOW,house,16,inperson,8,698
ONSLOW,house,16,inperson,10,365
ONSLOW,house,16,inperson,11,666
ONSLOW,house,16,inperson,12,723
ONSLOW,house,16,inperson,13,748
ONSLOW,house,16,inperson,14,858
ONSLOW,house,16,inperson,15,1016
ONSLOW,house,16,inperson,17,523
ONSLOW,house,16,inperson,18,988
ONSLOW,house,16,inperson,19,1013
ONSLOW,house,16,mail,0,100
ONSLOW,house,16,mail,1,22
ONSLOW,house,16,mail,2,3
ONSLOW,house,16,mail,3,46
ONSLOW,house,16,mail,4,74
ONSLOW,house,16,mail,5,46
ONSLOW,house,16,mail,6,1
ONSLOW,house,16,mail,7,52
ONSLOW,house,16,mail,8,65
ONSLOW,house,16,mail,11,14
ONSLOW,house,16,mail,12,25
ONSLOW,house,16,mail,13,29
ONSLOW,house,16,mail,14,49
ONSLOW,house,16,mail,15,41
ONSLOW,house,16,mail,18,13
ONSLOW,house,16,mail,19,21
ONSLOW,house,16,mail,20,4
ONSLOW,house,16,mail,21,53
ONSLOW,house,16,mail,22,15
ONSLOW,house,16,mail,25,4
ONSLOW,house,16,mail,26,26
ONSLOW,house,16,mail,27,6
ONSLOW,house,16,mail,28,26
ONSLOW,house,16,mail,29,30
ONSLOW,house,16,mail,32,19
ONSLOW,house,16,mail,33,2
ONSLOW,house,16,mail,34,9
ONSLOW,house,16,mail,35,12
ONSLOW,house,16,mail,36,7
ONSLOW,house,16,mail,39,3
ONSLOW,house,16,mail,40,2
ONSLOW,house,16,mail,41,1
ONSLOW,house,16,mail,42,5
ONSLOW,house,16,mail,43,6
ONSLOW,house,16,mail,46,1
ONSLOW,senate,6,inperson,3,3631
ONSLOW,senate,6,inperson,4,4283
ONSLOW,senate,6,inperson,5,2868
ONSLOW,senate,6,inperson,6,3280
ONSLOW,senate,6,inperson,7,3547
ONSLOW,senate,6,inperson,8,3923
ONSLOW,senate,6,inperson,10,2147
ONSLOW,senate,6,inperson,11,4064
ONSLOW,senate,6,inperson,12,4014
ONSLOW,senate,6,inperson,13,4314
ONSLOW,senate,6,inperson,14,4659
ONSLOW,senate,6,inperson,15,5069
ONSLOW,senate,6,inperson,17,2956
ONSLOW,senate,6,inperson,18,4957
ONSLOW,senate,6,inperson,19,5070
ONSLOW,senate,6,mail,0,711
ONSLOW,senate,6,mail,1,205
ONSLOW,senate,6,mail,2,4
ONSLOW,senate,6,mail,3,237
ONSLOW,senate,6,mail,4,356
ONSLOW,senate,6,mail,5,284
ONSLOW,senate,6,mail,6,4
ONSLOW,senate,6,mail,7,321
ONSLOW,senate,6,mail,8,378
ONSLOW,senate,6,mail,11,87
ONSLOW,senate,6,mail,12,144
ONSLOW,senate,6,mail,13,154
ONSLOW,senate,6,mail,14,306
ONSLOW,senate,6,mail,15,161
ONSLOW,senate,6,mail,16,1
ONSLOW,senate,6,mail,17,1
ONSLOW,senate,6,mail,18,43
ONSLOW,senate,6,mail,19,97
ONSLOW,senate,6,mail,20,49
ONSLOW,senate,6,mail,21,195
ONSLOW,senate,6,mail,22,79
ONSLOW,senate,6,mail,25,35
ONSLOW,senate,6,mail,26,128
ONSLOW,senate,6,mail,27,53
ONSLOW,senate,6,mail,28,101
ONSLOW,senate,6,mail,29,142
ONSLOW,senate,6,mail,32,79
ONSLOW,senate,6,mail,33,8
ONSLOW,senate,6,mail,34,34
ONSLOW,senate,6,mail,35,43
ONSLOW,senate,6,mail,36,36
ONSLOW,senate,6,mail,39,12
ONSLOW,senate,6,mail,40,9
ONSLOW,senate,6,mail,41,7
ONSLOW,senate,6,mail,42,13
ONSLOW,senate,6,mail,43,31
ONSLOW,senate,6,mail,46,2
ORANGE,house,50,inperson,3,1429
ORANGE,house,50,inperson,4,1961
ORANGE,house,50,inperson,5,1339
ORANGE,house,50,inperson,6,1570
ORANGE,house,50,inperson,7,1667
ORANGE,house,50,inperson,8,1908
ORANGE,house,50,inperson,9,893
ORANGE,house,50,inperson,10,1032
ORANGE,house,50,inperson,11,2029
ORANGE,house,50,inperson,12,2116
ORANGE,house,50,inperson,13,2300
ORANGE,house,50,inperson,14,2489
ORANGE,house,50,inperson,15,2679
ORANGE,house,50,inperson,16,1170
ORANGE,house,50,inperson,17,1622
ORANGE,house,50,inperson,18,2560
ORANGE,house,50,inperson,19,2554
ORANGE,house,50,mail,0,111
ORANGE,house,50,mail,1,136
ORANGE,house,50,mail,2,21
ORANGE,house,50,mail,3,81
ORANGE,house,50,mail,4,117
ORANGE,house,50,mail,5,118
ORANGE,house,50,mail,6,77
ORANGE,house,50,mail,7,77
ORANGE,house,50,mail,8,154
ORANGE,house,50,mail,9,7
ORANGE,house,50,mail,10,82
ORANGE,house,50,mail,11,62
ORANGE,house,50,mail,12,80
ORANGE,house,50,mail,13,84
ORANGE,house,50,mail,14,56
ORANGE,house,50,mail,15,112
ORANGE,house,50,mail,16,11
ORANGE,house,50,mail,17,44
ORANGE,house,50,mail,18,93
ORANGE,house,50,mail,19,68
ORANGE,house,50,mail,20,38
ORANGE,house,50,mail,21,49
ORANGE,house,50,mail,22,85
ORANGE,house,50,mail,23,8
ORANGE,house,50,mail,24,5
ORANGE,house,50,mail,25,60
ORANGE,house,50,mail,26,58
ORANGE,house,50,mail,27,36
ORANGE,house,50,mail,28,12
ORANGE,house,50,mail,29,70
ORANGE,house,50,mail,30,8
ORANGE,house,50,mail,31,6
ORANGE,house,50,mail,32,40
ORANGE,house,50,mail,33,33
ORANGE,house,50,mail,34,35
ORANGE,house,50,mail,35,22
ORANGE,house,50,mail,36,42
ORANGE,house,50,mail,37,4
ORANGE,house,50,mail,38,10
ORANGE,house,50,mail,39,11
ORANGE,house,50,mail,40,10
ORANGE,house,50,mail,41,16
ORANGE,house,50,mail,42,12
ORANGE,house,50,mail,43,17
ORANGE,house,50,mail,44,11
ORANGE,house,50,mail,45,4
ORANGE,house,56,inperson,3,1905
ORANGE,house,56,inperson,4,2516
ORANGE,house,56,inperson,5,1741
ORANGE,house,56,inperson,6,1845
ORANGE,house,56,inperson,7,2007
ORANGE,house,56,inperson,8,2027
ORANGE,house,56,inperson,9,1232
ORANGE,house,56,inperson,10,1383
ORANGE,house,56,inperson,11,2621
ORANGE,house,56,inperson,12,2349
ORANGE,house,56,inperson,13,2475
ORANGE,house,56,inperson,14,2949
ORANGE,house,56,inperson,15,2987
ORANGE,house,56,inperson,16,1540
ORANGE,house,56,inperson,17,2034
ORANGE,house,56,inperson,18,2990
ORANGE,house,56,inperson,19,3050
ORANGE,house,56,mail,0,194
ORANGE,house,56,mail,1,291
ORANGE,house,56,mail,2,61
ORANGE,house,56,mail,3,178
ORANGE,house,56,mail,4,181
ORANGE,house,56,mail,5,218
ORANGE,house,56,mail,6,130
ORANGE,house,56,mail,7,111
ORANGE,house,56,mail,8,213
ORANGE,house,56,mail,9,28
ORANGE,house,56,mail,10,142
ORANGE,house,56,mail,11,120
ORANGE,house,56,mail,12,146
ORANGE,house,56,mail,13,144
ORANGE,house,56,mail,14,93
ORANGE,house,56,mail,15,173
ORANGE,house,56,mail,16,43
ORANGE,house,56,mail,17,147
ORANGE,house,56,mail,18,105
ORANGE,house,56,mail,19,78
ORANGE,house,56,mail,20,24
ORANGE,house,56,mail,21,73
ORANGE,house,56,mail,22,124
ORANGE,house,56,mail,23,16
ORANGE,house,56,mail,24,17
ORANGE,house,56,mail,25,78
ORANGE,house,56,mail,26,81
ORANGE,house,56,mail,27,47
ORANGE,house,56,mail,28,51
ORANGE,house,56,mail,29,133
ORANGE,house,56,mail,30,24
ORANGE,house,56,mail,31,14
ORANGE,house,56,mail,32,60
ORANGE,house,56,mail,33,38
ORANGE,house,56,mail,34,37
ORANGE,house,56,mail,35,26
ORANGE,house,56,mail,36,45
ORANGE,house,56,mail,37,26
ORANGE,house,56,mail,38,14
ORANGE,house,56,mail,39,26
ORANGE,house,56,mail,40,34
ORANGE,house,56,mail,41,39
ORANGE,house,56,mail,42,42
ORANGE,house,56,mail,43,69
ORANGE,house,56,mail,44,76
ORANGE,house,56,mail,45,10
ORANGE,senate,23,inperson,3,3334
ORANGE,senate,23,inperson,4,4477
ORANGE,senate,23,inperson,5,3080
ORANGE,senate,23,inperson,6,3415
ORANGE,senate,23,inperson,7,3674
ORANGE,senate,23,inperson,8,3935
ORANGE,senate,23,inperson,9,2125
ORANGE,senate,23,inperson,10,2415
ORANGE,senate,23,inperson,11,4650
ORANGE,senate,23,inperson,12,4465
ORANGE,senate,23,inperson,13,4775
ORANGE,senate,23,inperson,14,5438
ORANGE,senate,23,inperson,15,5666
ORANGE,senate,23,inperson,16,2710
ORANGE,senate,23,inperson,17,3656
ORANGE,senate,23,inperson,18,5550
ORANGE,senate,23,inperson,19,5604
ORANGE,senate,23,mail,0,305
ORANGE,senate,23,mail,1,427
ORANGE,senate,23,mail,2,82
ORANGE,senate,23,mail,3,259
ORANGE,senate,23,mail,4,298
ORANGE,senate,23,mail,5,336
ORANGE,senate,23,mail,6,207
ORANGE,senate,23,mail,7,188
ORANGE,senate,23,mail,8,367
ORANGE,senate,23,mail,9,35
ORANGE,senate,23,mail,10,224
ORANGE,senate,23,mail,11,182
ORANGE,senate,23,mail,12,226
ORANGE,senate,23,mail,13,228
ORANGE,senate,23,mail,14,149
ORANGE,senate,23,mail,15,285
ORANGE,senate,23,mail,16,54
ORANGE,senate,23,mail,17,191
ORANGE,senate,23,mail,18,198
ORANGE,senate,23,mail,19,146
ORANGE,senate,23,mail,20,62
ORANGE,senate,23,mail,21,122
ORANGE,senate,23,mail,22,209
ORANGE,senate,23,mail,23,24
ORANGE,senate,23,mail,24,22
ORANGE,senate,23,mail,25,138
ORANGE,senate,23,mail,26,139
ORANGE,senate,23,mail,27,83
ORANGE,senate,23,mail,28,63
ORANGE,senate,23,mail,29,203
ORANGE,senate,23,mail,30,32
ORANGE,senate,23,mail,31,20
ORANGE,senate,23,mail,32,100
ORANGE,senate,23,mail,33,71
ORANGE,senate,23,mail,34,72
ORANGE,senate,23,mail,35,48
ORANGE,senate,23,mail,36,87
ORANGE,senate,23,mail,37,30
ORANGE,senate,23,mail,38,24
ORANGE,senate,23,mail,39,37
ORANGE,senate,23,mail,40,44
ORANGE,senate,23,mail,41,55
ORANGE,senate,23,mail,42,54
ORANGE,senate,23,mail,43,86
ORANGE,senate,23,mail,44,87
ORANGE,senate,23,mail,45,14
PAMLICO,house,79,inperson,3,224
PAMLICO,house,79,inperson,4,412
PAMLICO,house,79,inperson,5,303
PAMLICO,house,79,inperson,6,339
PAMLICO,house,79,inperson,7,359
PAMLICO,house,79,inperson,8,447
PAMLICO,house,79,inperson,11,495
PAMLICO,house,79,inperson,12,477
PAMLICO,house,79,inperson,13,472
PAMLICO,house,79,inperson,14,567
PAMLICO,house,79,inperson,15,628
PAMLICO,house,79,inperson,18,626
PAMLICO,house,79,inperson,19,660
PAMLICO,house,79,mail,0,10
PAMLICO,house,79,mail,1,15
PAMLICO,house,79,mail,3,2
PAMLICO,house,79,mail,4,17
PAMLICO,house,79,mail,5,14
PAMLICO,house,79,mail,6,10
PAMLICO,house,79,mail,7,9
PAMLICO,house,79,mail,8,13
PAMLICO,house,79,mail,11,15
PAMLICO,house,79,mail,12,10
PAMLICO,house,79,mail,13,30
PAMLICO,house,79,mail,14,10
PAMLICO,house,79,mail,15,32
PAMLICO,house,79,mail,18,20
PAMLICO,house,79,mail,19,8
PAMLICO,house,79,mail,20,1
PAMLICO,house,79,mail,21,11
PAMLICO,house,79,mail,22,26
PAMLICO,house,79,mail,25,10
PAMLICO,house,79,mail,27,15
PAMLICO,house,79,mail,28,5
PAMLICO,house,79,mail,29,4
PAMLICO,house,79,mail,32,2
PAMLICO,house,79,mail,33,14
PAMLICO,house,79,mail,34,2
PAMLICO,house,79,mail,35,2
PAMLICO,house,79,mail,36,7
PAMLICO,house,79,mail,41,3
PAMLICO,senate,2,inperson,3,224
PAMLICO,senate,2,inperson,4,412
PAMLICO,senate,2,inperson,5,303
PAMLICO,senate,2,inperson,6,339
PAMLICO,senate,2,inperson,7,359
PAMLICO,senate,2,inperson,8,447
PAMLICO,senate,2,inperson,11,495
PAMLICO,senate,2,inperson,12,477
PAMLICO,senate,2,inperson,13,472
PAMLICO,senate,2,inperson,14,567
PAMLICO,senate,2,inperson,15,628
PAMLICO,senate,2,inperson,18,626
PAMLICO,senate,2,inperson,19,660
PAMLICO,senate,2,mail,0,10
PAMLICO,senate,2,mail,1,15
PAMLICO,senate,2,mail,3,2
PAMLICO,senate,2,mail,4,17
PAMLICO,senate,2,mail,5,14
PAMLICO,senate,2,mail,6,10
PAMLICO,senate,2,mail,7,9
PAMLICO,senate,2,mail,8,13
PAMLICO,senate,2,mail,11,15
PAMLICO,senate,2,mail,12,10
PAMLICO,senate,2,mail,13,30
PAMLICO,senate,2,mail,14,10
PAMLICO,senate,2,mail,15,32
PAMLICO,senate,2,mail,18,20
PAMLICO,senate,2,mail,19,8
PAMLICO,senate,2,mail,20,1
PAMLICO,senate,2,mail,21,11
PAMLICO,senate,2,mail,22,26
PAMLICO,senate,2,mail,25,10
PAMLICO,senate,2,mail,27,15
PAMLICO,senate,2,mail,28,5
PAMLICO,senate,2,mail,29,4
PAMLICO,senate,2,mail,32,2
PAMLICO,senate,2,mail,33,14
PAMLICO,senate,2,mail,34,2
PAMLICO,senate,2,mail,35,2
PAMLICO,senate,2,mail,36,7
PAMLICO,senate,2,mail,41,3
PASQUOTANK,house,5,inperson,3,904
PASQUOTANK,house,5,inperson,4,1048
PASQUOTANK,house,5,inperson,5,827
PASQUOTANK,house,5,inperson,6,788
PASQUOTANK,house,5,inperson,7,818
PASQUOTANK,house,5,inperson,8,927
PASQUOTANK,house,5,inperson,10,426
PASQUOTANK,house,5,inperson,11,868
PASQUOTANK,house,5,inperson,12,814
PASQUOTANK,house,5,inperson,13,936
PASQUOTANK,house,5,inperson,14,1040
PASQUOTANK,house,5,inperson,15,1241
PASQUOTANK,house,5,inperson,16,416
PASQUOTANK,house,5,inperson,17,667
PASQUOTANK,house,5,inperson,18,1450
PASQUOTANK,house,5,inperson,19,1559
PASQUOTANK,house,5,mail,0,94
PASQUOTANK,house,5,mail,1,118
PASQUOTANK,house,5,mail,5,81
PASQUOTANK,house,5,mail,7,57
PASQUOTANK,house,5,mail,9,12
PASQUOTANK,house,5,mail,11,18
PASQUOTANK,house,5,mail,13,26
PASQUOTANK,house,5,mail,14,15
PASQUOTANK,house,5,mail,15,42
PASQUOTANK,house,5,mail,18,14
PASQUOTANK,house,5,mail,19,36
PASQUOTANK,house,5,mail,20,4
PASQUOTANK,house,5,mail,22,21
PASQUOTANK,house,5,mail,25,20
PASQUOTANK,house,5,mail,26,5
PASQUOTANK,house,5,mail,27,18
PASQUOTANK,house,5,mail,28,1
PASQUOTANK,house,5,mail,29,19
PASQUOTANK,house,5,mail,32,4
PASQUOTANK,house,5,mail,34,18
PASQUOTANK,house,5,mail,35,11
PASQUOTANK,house,5,mail,36,10
PASQUOTANK,house,5,mail,39,3
PASQUOTANK,house,5,mail,43,1
PASQUOTANK,senate,1,inperson,3,904
PASQUOTANK,senate,1,inperson,4,1048
PASQUOTANK,senate,1,inperson,5,827
PASQUOTANK,senate,1,inperson,6,788
PASQUOTANK,senate,1,inperson,7,818
PASQUOTANK,senate,1,inperson,8,927
PASQUOTANK,senate,1,inperson,10,426
PASQUOTANK,senate,1,inperson,11,868
PASQUOTANK,senate,1,inperson,12,814
PASQUOTANK,senate,1,inperson,13,936
PASQUOTANK,senate,1,inperson,14,1040
PASQUOTANK,senate,1,inperson,15,1241
PASQUOTANK,senate,1,inperson,16,416
PASQUOTANK,senate,1,inperson,17,667
PASQUOTANK,senate,1,inperson,18,1450
PASQUOTANK,senate,1,inperson,19,1559
PASQUOTANK,senate,1,mail,0,94
PASQUOTANK,senate,1,mail,1,118
PASQUOTANK,senate,1,mail,5,81
PASQUOTANK,senate,1,mail,7,57
PASQUOTANK,senate,1,mail,9,12
PASQUOTANK,senate,1,mail,11,18
PASQUOTANK,senate,1,mail,13,26
PASQUOTANK,senate,1,mail,14,15
PASQUOTANK,senate,1,mail,15,42
PASQUOTANK,senate,1,mail,18,14
PASQUOTANK,senate,1,mail,19,36
PASQUOTANK,senate,1,mail,20,4
PASQUOTANK,senate,1,mail,22,21
PASQUOTANK,senate,1,mail,25,20
PASQUOTANK,senate,1,mail,26,5
PASQUOTANK,senate,1,mail,27,18
PASQUOTANK,senate,1,mail,28,1
PASQUOTANK,senate,1,mail,29,19
PASQUOTANK,senate,1,mail,32,4
PASQUOTANK,senate,1,mail,34,18
PASQUOTANK,senate,1,mail,35,11
PASQUOTANK,senate,1,mail,36,10
PASQUOTANK,senate,1,mail,39,3
PASQUOTANK,senate,1,mail,43,1
PENDER,house,16,inperson,3,1712
PENDER,house,16,inperson,4,2235
PENDER,house,16,inperson,5,1662
PENDER,house,16,inperson,6,1723
PENDER,house,16,inperson,7,2029
PENDER,house,16,inperson,8,2232
PENDER,house,16,inperson,10,1152
PENDER,house,16,inperson,11,2280
PENDER,house,16,inperson,12,2200
PENDER,house,16,inperson,13,2257
PENDER,house,16,inperson,14,2345
PENDER,house,16,inperson,15,2579
PENDER,house,16,inperson,16,1574
PENDER,house,16,inperson,18,2283
PENDER,house,16,inperson,19,2691
PENDER,house,16,mail,0,252
PENDER,house,16,mail,1,696
PENDER,house,16,mail,5,28
PENDER,house,16,mail,7,76
PENDER,house,16,mail,8,76
PENDER,house,16,mail,14,23
PENDER,house,16,mail,21,75
PENDER,house,16,mail,28,24
PENDER,house,16,mail,29,11
PENDER,house,16,mail,32,9
PENDER,house,16,mail,33,8
PENDER,house,16,mail,34,3
PENDER,house,16,mail,35,2
PENDER,house,16,mail,36,11
PENDER,house,16,mail,38,2
PENDER,house,16,mail,40,1
PENDER,house,16,mail,42,2
PENDER,house,16,mail,43,1
PENDER,house,16,mail,46,2
PENDER,senate,9,inperson,3,1712
PENDER,senate,9,inperson,4,2235
PENDER,senate,9,inperson,5,1662
PENDER,senate,9,inperson,6,1723
PENDER,senate,9,inperson,7,2029
PENDER,senate,9,inperson,8,2232
PENDER,senate,9,inperson,10,1152
PENDER,senate,9,inperson,11,2280
PENDER,senate,9,inperson,12,2200
PENDER,senate,9,inperson,13,2257
PENDER,senate,9,inperson,14,2345
PENDER,senate,9,inperson,15,2579
PENDER,senate,9,inperson,16,1574
PENDER,senate,9,inperson,18,2283
PENDER,senate,9,inperson,19,2691
PENDER,senate,9,mail,0,252
PENDER,senate,9,mail,1,696
PENDER,senate,9,mail,5,28
PENDER,senate,9,mail,7,76
PENDER,senate,9,mail,8,76
PENDER,senate,9,mail,14,23
PENDER,senate,9,mail,21,75
PENDER,senate,9,mail,28,24
PENDER,senate,9,mail,29,11
PENDER,senate,9,mail,32,9
PENDER,senate,9,mail,33,8
PENDER,senate,9,mail,34,3
PENDER,senate,9,mail,35,2
PENDER,senate,9,mail,36,11
PENDER,senate,9,mail,38,2
PENDER,senate,9,mail,40,1
PENDER,senate,9,mail,42,2
PENDER,senate,9,mail,43,1
PENDER,senate,9,mail,46,2
PERQUIMANS,house,1,inperson,3,357
PERQUIMANS,house,1,inperson,4,431
PERQUIMANS,house,1,inperson,5,337
PERQUIMANS,house,1,inperson,6,359
PERQUIMANS,house,1,inperson,7,396
PERQUIMANS,house,1,inperson,8,426
PERQUIMANS,house,1,inperson,11,483
PERQUIMANS,house,1,inperson,12,421
PERQUIMANS,house,1,inperson,13,422
PERQUIMANS,house,1,inperson,14,458
PERQUIMANS,house,1,inperson,15,470
PERQUIMANS,house,1,inperson,18,446
PERQUIMANS,house,1,inperson,19,470
PERQUIMANS,house,1,mail,0,12
PERQUIMANS,house,1,mail,1,7
PERQUIMANS,house,1,mail,2,3
PERQUIMANS,house,1,mail,3,3
PERQUIMANS,house,1,mail,4,24
PERQUIMANS,house,1,mail,5,5
PERQUIMANS,house,1,mail,6,4
PERQUIMANS,house,1,mail,7,9
PERQUIMANS,house,1,mail,8,12
PERQUIMANS,house,1,mail,11,7
PERQUIMANS,house,1,mail,12,11
PERQUIMANS,house,1,mail,14,11
PERQUIMANS,house,1,mail,15,23
PERQUIMANS,house,1,mail,20,5
PERQUIMANS,house,1,mail,21,7
PERQUIMANS,house,1,mail,22,1
PERQUIMANS,house,1,mail,25,3
PERQUIMANS,house,1,mail,26,4
PERQUIMANS,house,1,mail,27,1
PERQUIMANS,house,1,mail,28,5
PERQUIMANS,house,1,mail,29,5
PERQUIMANS,house,1,mail,32,3
PERQUIMANS,house,1,mail,33,3
PERQUIMANS,house,1,mail,34,3
PERQUIMANS,house,1,mail,35,8
PERQUIMANS,house,1,mail,36,2
PERQUIMANS,house,1,mail,39,1
PERQUIMANS,house,1,mail,42,1
PERQUIMANS,house,1,mail,43,2
PERQUIMANS,senate,1,inperson,3,357
PERQUIMANS,senate,1,inperson,4,431
PERQUIMANS,senate,1,inperson,5,337
PERQUIMANS,senate,1,inperson,6,359
PERQUIMANS,senate,1,inperson,7,396
PERQUIMANS,senate,1,inperson,8,426
PERQUIMANS,senate,1,inperson,11,483
PERQUIMANS,senate,1,inperson,12,421
PERQUIMANS,senate,1,inperson,13,422
PERQUIMANS,senate,1,inperson,14,458
PERQUIMANS,senate,1,inperson,15,470
PERQUIMANS,senate,1,inperson,18,446
PERQUIMANS,senate,1,inperson,19,470
PERQUIMANS,senate,1,mail,0,12
PERQUIMANS,senate,1,mail,1,7
PERQUIMANS,senate,1,mail,2,3
PERQUIMANS,senate,1,mail,3,3
PERQUIMANS,senate,1,mail,4,24
PERQUIMANS,senate,1,mail,5,5
PERQUIMANS,senate,1,mail,6,4
PERQUIMANS,senate,1,mail,7,9
PERQUIMANS,senate,1,mail,8,12
PERQUIMANS,senate,1,mail,11,7
PERQUIMANS,senate,1,mail,12,11
PERQUIMANS,senate,1,mail,14,11
PERQUIMANS,senate,1,mail,15,23
PERQUIMANS,senate,1,mail,20,5
PERQUIMANS,senate,1,mail,21,7
PERQUIMANS,senate,1,mail,22,1
PERQUIMANS,senate,1,mail,25,3
PERQUIMANS,senate,1,mail,26,4
PERQUIMANS,senate,1,mail,27,1
PERQUIMANS,senate,1,mail,28,5
PERQUIMANS,senate,1,mail,29,5
PERQUIMANS,senate,1,mail,32,3
PERQUIMANS,senate,1,mail,33,3
PERQUIMANS,senate,1,mail,34,3
PERQUIMANS,senate,1,mail,35,8
PERQUIMANS,senate,1,mail,36,2
PERQUIMANS,senate,1,mail,39,1
PERQUIMANS,senate,1,mail,42,1
PERQUIMANS,senate,1,mail,43,2
PERSON,house,2,inperson,3,967
PERSON,house,2,inperson,4,1120
PERSON,house,2,inperson,5,734
PERSON,house,2,inperson,6,809
PERSON,house,2,inperson,7,1031
PERSON,house,2,inperson,8,1038
PERSON,house,2,inperson,9,369
PERSON,house,2,inperson,10,557
PERSON,house,2,inperson,11,1133
PERSON,house,2,inperson,12,1017
PERSON,house,2,inperson,13,1185
PERSON,house,2,inperson,14,1232
PERSON,house,2,inperson,15,1371
PERSON,house,2,inperson,17,620
PERSON,house,2,inperson,18,1433
PERSON,house,2,inperson,19,1613
PERSON,house,2,mail,0,43
PERSON,house,2,mail,1,38
PERSON,house,2,mail,3,27
PERSON,house,2,mail,4,39
PERSON,house,2,mail,5,34
PERSON,house,2,mail,6,45
PERSON,house,2,mail,7,27
PERSON,house,2,mail,8,48
PERSON,house,2,mail,10,1
PERSON,house,2,mail,11,35
PERSON,house,2,mail,12,23
PERSON,house,2,mail,13,29
PERSON,house,2,mail,14,23
PERSON,house,2,mail,15,30
PERSON,house,2,mail,17,2
PERSON,house,2,mail,18,29
PERSON,house,2,mail,19,32
PERSON,house,2,mail,20,8
PERSON,house,2,mail,21,17
PERSON,house,2,mail,22,14
PERSON,house,2,mail,24,9
PERSON,house,2,mail,25,10
PERSON,house,2,mail,26,12
PERSON,house,2,mail,27,9
PERSON,house,2,mail,28,31
PERSON,house,2,mail,29,7
PERSON,house,2,mail,32,14
PERSON,house,2,mail,33,17
PERSON,house,2,mail,34,10
PERSON,house,2,mail,35,7
PERSON,house,2,mail,36,13
PERSON,house,2,mail,39,2
PERSON,house,2,mail,40,3
PERSON,house,2,mail,42,1
PERSON,senate,23,inperson,3,967
PERSON,senate,23,inperson,4,1120
PERSON,senate,23,inperson,5,734
PERSON,senate,23,inperson,6,809
PERSON,senate,23,inperson,7,1031
PERSON,senate,23,inperson,8,1038
PERSON,senate,23,inperson,9,369
PERSON,senate,23,inperson,10,557
PERSON,senate,23,inperson,11,1133
PERSON,senate,23,inperson,12,1017
PERSON,senate,23,inperson,13,1185
PERSON,senate,23,inperson,14,1232
PERSON,senate,23,inperson,15,1371
PERSON,senate,23,inperson,17,620
PERSON,senate,23,inperson,18,1433
PERSON,senate,23,inperson,19,1613
PERSON,senate,23,mail,0,43
PERSON,senate,23,mail,1,38
PERSON,senate,23,mail,3,27
PERSON,senate,23,mail,4,39
PERSON,senate,23,mail,5,34
PERSON,senate,23,mail,6,45
PERSON,senate,23,mail,7,27
PERSON,senate,23,mail,8,48
PERSON,senate,23,mail,10,1
PERSON,senate,23,mail,11,35
PERSON,senate,23,mail,12,23
PERSON,senate,23,mail,13,29
PERSON,senate,23,mail,14,23
PERSON,senate,23,mail,15,30
PERSON,senate,23,mail,17,2
PERSON,senate,23,mail,18,29
PERSON,senate,23,mail,19,32
PERSON,senate,23,mail,20,8
PERSON,senate,23,mail,21,17
PERSON,senate,23,mail,22,14
PERSON,senate,23,mail,24,9
PERSON,senate,23,mail,25,10
PERSON,senate,23,mail,26,12
PERSON,senate,23,mail,27,9
PERSON,senate,23,mail,28,31
PERSON,senate,23,mail,29,7
PERSON,senate,23,mail,32,14
PERSON,senate,23,mail,33,17
PERSON,senate,23,mail,34,10
PERSON,senate,23,mail,35,7
PERSON,senate,23,mail,36,13
PERSON,senate,23,mail,39,2
PERSON,senate,23,mail,40,3
PERSON,senate,23,mail,42,1
PITT,house,8,inperson,3,1915
PITT,house,8,inperson,4,2055
PITT,house,8,inperson,5,1528
PITT,house,8,inperson,6,1519
PITT,house,8,inperson,7,1571
PITT,house,8,inperson,8,1633
PITT,house,8,inperson,9,572
PITT,house,8,inperson,10,892
PITT,house,8,inperson,11,1729
PITT,house,8,inperson,12,1747
PITT,house,8,inperson,13,1818
PITT,house,8,inperson,14,2096
PITT,house,8,inperson,15,2272
PITT,house,8,inperson,17,1290
PITT,house,8,inperson,18,2344
PITT,house,8,inperson,19,2903
PITT,house,8,mail,0,145
PITT,house,8,mail,1,69
PITT,house,8,mail,3,34
PITT,house,8,mail,4,92
PITT,house,8,mail,5,69
PITT,house,8,mail,6,87
PITT,house,8,mail,7,72
PITT,house,8,mail,8,83
PITT,house,8,mail,9,9
PITT,house,8,mail,10,1
PITT,house,8,mail,11,47
PITT,house,8,mail,12,37
PITT,house,8,mail,13,57
PITT,house,8,mail,14,28
PITT,house,8,mail,15,67
PITT,house,8,mail,16,1
PITT,house,8,mail,17,16
PITT,house,8,mail,18,18
PITT,house,8,mail,19,23
PITT,house,8,mail,20,24
PITT,house,8,mail,21,26
PITT,house,8,mail,22,7
PITT,house,8,mail,23,1
PITT,house,8,mail,24,2
PITT,house,8,mail,25,16
PITT,house,8,mail,26,26
PITT,house,8,mail,27,46
PITT,house,8,mail,28,4
PITT,house,8,mail,29,11
PITT,house,8,mail,30,3
PITT,house,8,mail,31,2
PITT,house,8,mail,32,35
PITT,house,8,mail,33,6
PITT,house,8,mail,34,13
PITT,house,8,mail,35,6
PITT,house,8,mail,36,13
PITT,house,8,mail,39,5
PITT,house,8,mail,40,1
PITT,house,8,mail,42,2
PITT,house,8,mail,43,1
PITT,house,8,mail,44,2
PITT,house,8,mail,45,1
PITT,house,9,inperson,3,2160
PITT,house,9,inperson,4,2511
PITT,house,9,inperson,5,1764
PITT,house,9,inperson,6,1864
PITT,house,9,inperson,7,2182
PITT,house,9,inperson,8,2165
PITT,house,9,inperson,9,769
PITT,house,9,inperson,10,1383
PITT,house,9,inperson,11,2676
PITT,house,9,inperson,12,2649
PITT,house,9,inperson,13,2960
PITT,house,9,inperson,14,3174
PITT,house,9,inperson,15,3323
PITT,house,9,inperson,17,1922
PITT,house,9,inperson,18,3424
PITT,house,9,inperson,19,3578
PITT,house,9,mail,0,173
PITT,house,9,mail,1,87
PITT,house,9,mail,3,33
PITT,house,9,mail,4,106
PITT,house,9,mail,5,95
PITT,house,9,mail,6,115
PITT,house,9,mail,7,53
PITT,house,9,mail,8,134
PITT,house,9,mail,9,8
PITT,house,9,mail,11,41
PITT,house,9,mail,12,45
PITT,house,9,mail,13,87
PITT,house,9,mail,14,44
PITT,house,9,mail,15,130
PITT,house,9,mail,16,5
PITT,house,9,mail,17,15
PITT,house,9,mail,18,42
PITT,house,9,mail,19,50
PITT,house,9,mail,20,41
PITT,house,9,mail,21,48
PITT,house,9,mail,22,14
PITT,house,9,mail,23,2
PITT,house,9,mail,24,3
PITT,house,9,mail,25,27
PITT,house,9,mail,26,41
PITT,house,9,mail,27,81
PITT,house,9,mail,28,27
PITT,house,9,mail,29,17
PITT,house,9,mail,30,2
PITT,house,9,mail,31,4
PITT,house,9,mail,32,21
PITT,house,9,mail,33,7
PITT,house,9,mail,34,26
PITT,house,9,mail,35,9
PITT,house,9,mail,36,7
PITT,house,9,mail,39,5
PITT,house,9,mail,41,4
PITT,house,9,mail,42,5
PITT,house,9,mail,43,4
PITT,house,9,mail,44,4
PITT,house,9,mail,45,1
PITT,senate,5,inperson,3,4075
PITT,senate,5,inperson,4,4566
PITT,senate,5,inperson,5,3292
PITT,senate,5,inperson,6,3383
PITT,senate,5,inperson,7,3753
PITT,senate,5,inperson,8,3798
PITT,senate,5,inperson,9,1341
PITT,senate,5,inperson,10,2275
PITT,senate,5,inperson,11,4405
PITT,senate,5,inperson,12,4396
PITT,senate,5,inperson,13,4778
PITT,senate,5,inperson,14,5270
PITT,senate,5,inperson,15,5595
PITT,senate,5,inperson,17,3212
PITT,senate,5,inperson,18,5768
PITT,senate,5,inperson,19,6481
PITT,senate,5,mail,0,318
PITT,senate,5,mail,1,156
PITT,senate,5,mail,3,67
PITT,senate,5,mail,4,198
PITT,senate,5,mail,5,164
PITT,senate,5,mail,6,202
PITT,senate,5,mail,7,125
PITT,senate,5,mail,8,217
PITT,senate,5,mail,9,17
PITT,senate,5,mail,10,1
PITT,senate,5,mail,11,88
PITT,senate,5,mail,12,82
PITT,senate,5,mail,13,144
PITT,senate,5,mail,14,72
PITT,senate,5,mail,15,197
PITT,senate,5,mail,16,6
PITT,senate,5,mail,17,31
PITT,senate,5,mail,18,60
PITT,senate,5,mail,19,73
PITT,senate,5,mail,20,65
PITT,senate,5,mail,21,74
PITT,senate,5,mail,22,21
PITT,senate,5,mail,23,3
PITT,senate,5,mail,24,5
PITT,senate,5,mail,25,43
PITT,senate,5,mail,26,67
PITT,senate,5,mail,27,127
PITT,senate,5,mail,28,31
PITT,senate,5,mail,29,28
PITT,senate,5,mail,30,5
PITT,senate,5,mail,31,6
PITT,senate,5,mail,32,56
PITT,senate,5,mail,33,13
PITT,senate,5,mail,34,39
PITT,senate,5,mail,35,15
PITT,senate,5,mail,36,20
PITT,senate,5,mail,39,10
PITT,senate,5,mail,40,1
PITT,senate,5,mail,41,4
PITT,senate,5,mail,42,7
PITT,senate,5,mail,43,5
PITT,senate,5,mail,44,6
PITT,senate,5,mail,45,2
POLK,house,113,inperson,3,386
POLK,house,113,inperson,4,585
POLK,house,113,inperson,5,485
POLK,house,113,inperson,6,472
POLK,house,113,inperson,7,528
POLK,house,113,inperson,8,672
POLK,house,113,inperson,10,245
POLK,house,113,inperson,11,681
POLK,house,113,inperson,12,639
POLK,house,113,inperson,13,733
POLK,house,113,inperson,14,856
POLK,house,113,inperson,15,984
POLK,house,113,inperson,17,406
POLK,house,113,inperson,18,1042
POLK,house,113,inperson,19,1253
POLK,house,113,mail,0,10
POLK,house,113,mail,1,48
POLK,house,113,mail,3,30
POLK,house,113,mail,4,28
POLK,house,113,mail,5,18
POLK,house,113,mail,6,29
POLK,house,113,mail,7,35
POLK,house,113,mail,8,24
POLK,house,113,mail,10,13
POLK,house,113,mail,11,32
POLK,house,113,mail,12,18
POLK,house,113,mail,13,29
POLK,house,113,mail,14,32
POLK,house,113,mail,15,27
POLK,house,113,mail,17,14
POLK,house,113,mail,18,30
POLK,house,113,mail,19,31
POLK,house,113,mail,20,56
POLK,house,113,mail,21,18
POLK,house,113,mail,22,35
POLK,house,113,mail,25,28
POLK,house,113,mail,26,16
POLK,house,113,mail,27,20
POLK,house,113,mail,28,10
POLK,house,113,mail,29,14
POLK,house,113,mail,30,8
POLK,house,113,mail,31,5
POLK,house,113,mail,32,9
POLK,house,113,mail,41,3
POLK,house,113,mail,42,7
POLK,senate,48,inperson,3,386
POLK,senate,48,inperson,4,585
POLK,senate,48,inperson,5,485
POLK,senate,48,inperson,6,472
POLK,senate,48,inperson,7,528
POLK,senate,48,inperson,8,672
POLK,senate,48,inperson,10,245
POLK,senate,48,inperson,11,681
POLK,senate,48,inperson,12,639
POLK,senate,48,inperson,13,733
POLK,senate,48,inperson,14,856
POLK,senate,48,inperson,15,984
POLK,senate,48,inperson,17,406
POLK,senate,48,inperson,18,1042
POLK,senate,48,inperson,19,1253
POLK,senate,48,mail,0,10
POLK,senate,48,mail,1,48
POLK,senate,48,mail,3,30
POLK,senate,48,mail,4,28
POLK,senate,48,mail,5,18
POLK,senate,48,mail,6,29
POLK,senate,48,mail,7,35
POLK,senate,48,mail,8,24
POLK,senate,48,mail,10,13
POLK,senate,48,mail,11,32
POLK,senate,48,mail,12,18
POLK,senate,48,mail,13,29
POLK,senate,48,mail,14,32
POLK,senate,48,mail,15,27
POLK,senate,48,mail,17,14
POLK,senate,48,mail,18,30
POLK,senate,48,mail,19,31
POLK,senate,48,mail,20,56
POLK,senate,48,mail,21,18
POLK,senate,48,mail,22,35
POLK,senate,48,mail,25,28
POLK,senate,48,mail,26,16
POLK,senate,48,mail,27,20
POLK,senate,48,mail,28,10
POLK,senate,48,mail,29,14
POLK,senate,48,mail,30,8
POLK,senate,48,mail,31,5
POLK,senate,48,mail,32,9
POLK,senate,48,mail,41,3
POLK,senate,48,mail,42,7
RANDOLPH,house,54,inperson,3,150
RANDOLPH,house,54,inperson,4,200
RANDOLPH,house,54,inperson,5,101
RANDOLPH,house,54,inperson,6,126
RANDOLPH,house,54,inperson,7,147
RANDOLPH,house,54,inperson,8,155
RANDOLPH,house,54,inperson,9,74
RANDOLPH,house,54,inperson,10,102
RANDOLPH,house,54,inperson,11,168
RANDOLPH,house,54,inperson,12,188
RANDOLPH,house,54,inperson,13,164
RANDOLPH,house,54,inperson,14,193
RANDOLPH,house,54,inperson,15,172
RANDOLPH,house,54,inperson,17,123
RANDOLPH,house,54,inperson,18,183
RANDOLPH,house,54,inperson,19,185
RANDOLPH,house,54,mail,0,10
RANDOLPH,house,54,mail,1,4
RANDOLPH,house,54,mail,3,10
RANDOLPH,house,54,mail,4,2
RANDOLPH,house,54,mail,5,6
RANDOLPH,house,54,mail,6,9
RANDOLPH,house,54,mail,8,10
RANDOLPH,house,54,mail,9,2
RANDOLPH,house,54,mail,10,4
RANDOLPH,house,54,mail,11,9
RANDOLPH,house,54,mail,12,2
RANDOLPH,house,54,mail,13,9
RANDOLPH,house,54,mail,14,2
RANDOLPH,house,54,mail,15,2
RANDOLPH,house,54,mail,17,2
RANDOLPH,house,54,mail,18,2
RANDOLPH,house,54,mail,19,9
RANDOLPH,house,54,mail,20,4
RANDOLPH,house,54,mail,21,3
RANDOLPH,house,54,mail,25,6
RANDOLPH,house,54,mail,26,2
RANDOLPH,house,54,mail,27,1
RANDOLPH,house,54,mail,28,3
RANDOLPH,house,54,mail,29,2
RANDOLPH,house,54,mail,32,1
RANDOLPH,house,54,mail,33,9
RANDOLPH,house,54,mail,34,1
RANDOLPH,house,54,mail,35,3
RANDOLPH,house,54,mail,40,1
RANDOLPH,house,70,inperson,3,1765
RANDOLPH,house,70,inperson,4,2253
RANDOLPH,house,70,inperson,5,1820
RANDOLPH,house,70,inperson,6,1959
RANDOLPH,house,70,inperson,7,2151
RANDOLPH,house,70,inperson,8,2339
RANDOLPH,house,70,inperson,9,789
RANDOLPH,house,70,inperson,10,1417
RANDOLPH,house,70,inperson,11,2468
RANDOLPH,house,70,inperson,12,2583
RANDOLPH,house,70,inperson,13,2690
RANDOLPH,house,70,inperson,14,2917
RANDOLPH,house,70,inperson,15,3058
RANDOLPH,house,70,inperson,17,1690
RANDOLPH,house,70,inperson,18,2748
RANDOLPH,house,70,inperson,19,2727
RANDOLPH,house,70,mail,0,78
RANDOLPH,house,70,mail,1,72
RANDOLPH,house,70,mail,2,1
RANDOLPH,house,70,mail,3,129
RANDOLPH,house,70,mail,4,73
RANDOLPH,house,70,mail,5,114
RANDOLPH,house,70,mail,6,116
RANDOLPH,house,70,mail,7,37
RANDOLPH,house,70,mail,8,110
RANDOLPH,house,70,mail,9,13
RANDOLPH,house,70,mail,10,31
RANDOLPH,house,70,mail,11,119
RANDOLPH,house,70,mail,12,76
RANDOLPH,house,70,mail,13,60
RANDOLPH,house,70,mail,14,44
RANDOLPH,house,70,mail,15,66
RANDOLPH,house,70,mail,17,28
RANDOLPH,house,70,mail,18,65
RANDOLPH,house,70,mail,19,59
RANDOLPH,house,70,mail,20,50
RANDOLPH,house,70,mail,21,47
RANDOLPH,house,70,mail,22,21
RANDOLPH,house,70,mail,25,37
RANDOLPH,house,70,mail,26,14
RANDOLPH,house,70,mail,27,19
RANDOLPH,house,70,mail,28,36
RANDOLPH,house,70,mail,29,68
RANDOLPH,house,70,mail,32,31
RANDOLPH,house,70,mail,33,52
RANDOLPH,house,70,mail,34,24
RANDOLPH,house,70,mail,35,36
RANDOLPH,house,70,mail,36,18
RANDOLPH,house,70,mail,39,1
RANDOLPH,house,70,mail,40,2
RANDOLPH,house,70,mail,41,1
RANDOLPH,house,70,mail,43,3
RANDOLPH,house,78,inperson,3,908
RANDOLPH,house,78,inperson,4,1237
RANDOLPH,house,78,inperson,5,971
RANDOLPH,house,78,inperson,6,1019
RANDOLPH,house,78,inperson,7,1100
RANDOLPH,house,78,inperson,8,1248
RANDOLPH,house,78,inperson,9,358
RANDOLPH,house,78,inperson,10,752
RANDOLPH,house,78,inperson,11,1586
RANDOLPH,house,78,inperson,12,1479
RANDOLPH,house,78,inperson,13,1544
RANDOLPH,house,78,inperson,14,1721
RANDOLPH,house,78,inperson,15,1976
RANDOLPH,house,78,inperson,17,916
RANDOLPH,house,78,inperson,18,1774
RANDOLPH,house,78,inperson,19,1799
RANDOLPH,house,78,mail,0,47
RANDOLPH,house,78,mail,1,32
RANDOLPH,house,78,mail,3,54
RANDOLPH,house,78,mail,4,61
RANDOLPH,house,78,mail,5,40
RANDOLPH,house,78,mail,6,59
RANDOLPH,house,78,mail,7,22
RANDOLPH,house,78,mail,8,50
RANDOLPH,house,78,mail,9,11
RANDOLPH,house,78,mail,10,25
RANDOLPH,house,78,mail,11,25
RANDOLPH,house,78,mail,12,33
RANDOLPH,house,78,mail,13,42
RANDOLPH,house,78,mail,14,35
RANDOLPH,house,78,mail,15,25
RANDOLPH,house,78,mail,17,18
RANDOLPH,house,78,mail,18,17
RANDOLPH,house,78,mail,19,35
RANDOLPH,house,78,mail,20,33
RANDOLPH,house,78,mail,21,14
RANDOLPH,house,78,mail,22,4
RANDOLPH,house,78,mail,25,16
RANDOLPH,house,78,mail,26,15
RANDOLPH,house,78,mail,27,8
RANDOLPH,house,78,mail,28,20
RANDOLPH,house,78,mail,29,41
RANDOLPH,house,78,mail,32,14
RANDOLPH,house,78,mail,33,23
RANDOLPH,house,78,mail,34,8
RANDOLPH,house,78,mail,35,7
RANDOLPH,house,78,mail,36,8
RANDOLPH,house,78,mail,39,2
RANDOLPH,house,78,mail,40,3
RANDOLPH,house,78,mail,41,1
RANDOLPH,senate,25,inperson,3,965
RANDOLPH,senate,25,inperson,4,1238
RANDOLPH,senate,25,inperson,5,977
RANDOLPH,senate,25,inperson,6,1036
RANDOLPH,senate,25,inperson,7,1192
RANDOLPH,senate,25,inperson,8,1212
RANDOLPH,senate,25,inperson,9,438
RANDOLPH,senate,25,inperson,10,809
RANDOLPH,senate,25,inperson,11,1381
RANDOLPH,senate,25,inperson,12,1320
RANDOLPH,senate,25,inperson,13,1366
RANDOLPH,senate,25,inperson,14,1592
RANDOLPH,senate,25,inperson,15,1568
RANDOLPH,senate,25,inperson,17,1006
RANDOLPH,senate,25,inperson,18,1572
RANDOLPH,senate,25,inperson,19,1550
RANDOLPH,senate,25,mail,0,40
RANDOLPH,senate,25,mail,1,23
RANDOLPH,senate,25,mail,3,82
RANDOLPH,senate,25,mail,4,33
RANDOLPH,senate,25,mail,5,66
RANDOLPH,senate,25,mail,6,61
RANDOLPH,senate,25,mail,7,10
RANDOLPH,senate,25,mail,8,48
RANDOLPH,senate,25,mail,9,10
RANDOLPH,senate,25,mail,10,19
RANDOLPH,senate,25,mail,11,53
RANDOLPH,senate,25,mail,12,50
RANDOLPH,senate,25,mail,13,35
RANDOLPH,senate,25,mail,14,16
RANDOLPH,senate,25,mail,15,39
RANDOLPH,senate,25,mail,17,17
RANDOLPH,senate,25,mail,18,22
RANDOLPH,senate,25,mail,19,43
RANDOLPH,senate,25,mail,20,30
RANDOLPH,senate,25,mail,21,19
RANDOLPH,senate,25,mail,22,5
RANDOLPH,senate,25,mail,25,26
RANDOLPH,senate,25,mail,26,13
RANDOLPH,senate,25,mail,27,7
RANDOLPH,senate,25,mail,28,18
RANDOLPH,senate,25,mail,29,33
RANDOLPH,senate,25,mail,32,14
RANDOLPH,senate,25,mail,33,23
RANDOLPH,senate,25,mail,34,7
RANDOLPH,senate,25,mail,35,18
RANDOLPH,senate,25,mail,36,5
RANDOLPH,senate,25,mail,39,2
RANDOLPH,senate,25,mail,40,2
RANDOLPH,senate,25,mail,43,1
RANDOLPH,senate,29,inperson,3,1858
RANDOLPH,senate,29,inperson,4,2452
RANDOLPH,senate,29,inperson,5,1915
RANDOLPH,senate,29,inperson,6,2068
RANDOLPH,senate,29,inperson,7,2206
RANDOLPH,senate,29,inperson,8,2530
RANDOLPH,senate,29,inperson,9,783
RANDOLPH,senate,29,inperson,10,1462
RANDOLPH,senate,29,inperson,11,2841
RANDOLPH,senate,29,inperson,12,2930
RANDOLPH,senate,29,inperson,13,3032
RANDOLPH,senate,29,inperson,14,3239
RANDOLPH,senate,29,inperson,15,3638
RANDOLPH,senate,29,inperson,17,1723
RANDOLPH,senate,29,inperson,18,3133
RANDOLPH,senate,29,inperson,19,3161
RANDOLPH,senate,29,mail,0,95
RANDOLPH,senate,29,mail,1,85
RANDOLPH,senate,29,mail,2,1
RANDOLPH,senate,29,mail,3,111
RANDOLPH,senate,29,mail,4,103
RANDOLPH,senate,29,mail,5,94
RANDOLPH,senate,29,mail,6,123
RANDOLPH,senate,29,mail,7,49
RANDOLPH,senate,29,mail,8,122
RANDOLPH,senate,29,mail,9,16
RANDOLPH,senate,29,mail,10,41
RANDOLPH,senate,29,mail,11,100
RANDOLPH,senate,29,mail,12,61
RANDOLPH,senate,29,mail,13,76
RANDOLPH,senate,29,mail,14,65
RANDOLPH,senate,29,mail,15,54
RANDOLPH,senate,29,mail,17,31
RANDOLPH,senate,29,mail,18,62
RANDOLPH,senate,29,mail,19,60
RANDOLPH,senate,29,mail,20,57
RANDOLPH,senate,29,mail,21,45
RANDOLPH,senate,29,mail,22,20
RANDOLPH,senate,29,mail,25,33
RANDOLPH,senate,29,mail,26,18
RANDOLPH,senate,29,mail,27,21
RANDOLPH,senate,29,mail,28,41
RANDOLPH,senate,29,mail,29,78
RANDOLPH,senate,29,mail,32,32
RANDOLPH,senate,29,mail,33,61
RANDOLPH,senate,29,mail,34,26
RANDOLPH,senate,29,mail,35,28
RANDOLPH,senate,29,mail,36,21
RANDOLPH,senate,29,mail,39,1
RANDOLPH,senate,29,mail,40,4
RANDOLPH,senate,29,mail,41,2
RANDOLPH,senate,29,mail,43,2
RICHMOND,house,52,inperson,3,770
RICHMOND,house,52,inperson,4,1072
RICHMOND,house,52,inperson,5,624
RICHMOND,house,52,inperson,6,788
RICHMOND,house,52,inperson,7,754
RICHMOND,house,52,inperson,8,986
RICHMOND,house,52,inperson,9,290
RICHMOND,house,52,inperson,11,1054
RICHMOND,house,52,inperson,12,875
RICHMOND,house,52,inperson,13,1006
RICHMOND,house,52,inperson,14,1198
RICHMOND,house,52,inperson,15,1322
RICHMOND,house,52,inperson,18,1280
RICHMOND,house,52,inperson,19,1495
RICHMOND,house,52,mail,0,26
RICHMOND,house,52,mail,1,63
RICHMOND,house,52,mail,4,84
RICHMOND,house,52,mail,5,8
RICHMOND,house,52,mail,6,13
RICHMOND,house,52,mail,7,2
RICHMOND,house,52,mail,8,6
RICHMOND,house,52,mail,11,22
RICHMOND,house,52,mail,12,15
RICHMOND,house,52,mail,13,20
RICHMOND,house,52,mail,14,6
RICHMOND,house,52,mail,15,38
RICHMOND,house,52,mail,18,15
RICHMOND,house,52,mail,19,4
RICHMOND,house,52,mail,20,15
RICHMOND,house,52,mail,21,1
RICHMOND,house,52,mail,22,21
RICHMOND,house,52,mail,25,9
RICHMOND,house,52,mail,26,1
RICHMOND,house,52,mail,27,17
RICHMOND,house,52,mail,29,19
RICHMOND,house,52,mail,32,3
RICHMOND,house,52,mail,33,8
RICHMOND,house,52,mail,35,3
RICHMOND,house,52,mail,36,8
RICHMOND,senate,29,inperson,3,770
RICHMOND,senate,29,inperson,4,1072
RICHMOND,senate,29,inperson,5,624
RICHMOND,senate,29,inperson,6,788
RICHMOND,senate,29,inperson,7,754
RICHMOND,senate,29,inperson,8,986
RICHMOND,senate,29,inperson,9,290
RICHMOND,senate,29,inperson,11,1054
RICHMOND,senate,29,inperson,12,875
RICHMOND,senate,29,inperson,13,1006
RICHMOND,senate,29,inperson,14,1198
RICHMOND,senate,29,inperson,15,1322
RICHMOND,senate,29,inperson,18,1280
RICHMOND,senate,29,inperson,19,1495
RICHMOND,senate,29,mail,0,26
RICHMOND,senate,29,mail,1,63
RICHMOND,senate,29,mail,4,84
RICHMOND,senate,29,mail,5,8
RICHMOND,senate,29,mail,6,13
RICHMOND,senate,29,mail,7,2
RICHMOND,senate,29,mail,8,6
RICHMOND,senate,29,mail,11,22
RICHMOND,senate,29,mail,12,15
RICHMOND,senate,29,mail,13,20
RICHMOND,senate,29,mail,14,6
RICHMOND,senate,29,mail,15,38
RICHMOND,senate,29,mail,18,15
RICHMOND,senate,29,mail,19,4
RICHMOND,senate,29,mail,20,15
RICHMOND,senate,29,mail,21,1
RICHMOND,senate,29,mail,22,21
RICHMOND,senate,29,mail,25,9
RICHMOND,senate,29,mail,26,1
RICHMOND,senate,29,mail,27,17
RICHMOND,senate,29,mail,29,19
RICHMOND,senate,29,mail,32,3
RICHMOND,senate,29,mail,33,8
RICHMOND,senate,29,mail,35,3
RICHMOND,senate,29,mail,36,8
ROBESON,house,46,inperson,3,620
ROBESON,house,46,inperson,4,762
ROBESON,house,46,inperson,5,518
ROBESON,house,46,inperson,6,552
ROBESON,house,46,inperson,7,582
ROBESON,house,46,inperson,8,634
ROBESON,house,46,inperson,11,674
ROBESON,house,46,inperson,12,599
ROBESON,house,46,inperson,13,563
ROBESON,house,46,inperson,14,633
ROBESON,house,46,inperson,15,762
ROBESON,house,46,inperson,16,243
ROBESON,house,46,inperson,18,779
ROBESON,house,46,inperson,19,886
ROBESON,house,46,mail,0,12
ROBESON,house,46,mail,1,15
ROBESON,house,46,mail,2,4
ROBESON,house,46,mail,3,25
ROBESON,house,46,mail,4,21
ROBESON,house,46,mail,5,15
ROBESON,house,46,mail,6,9
ROBESON,house,46,mail,7,9
ROBESON,house,46,mail,8,17
ROBESON,house,46,mail,11,10
ROBESON,house,46,mail,12,6
ROBESON,house,46,mail,13,8
ROBESON,house,46,mail,14,8
ROBESON,house,46,mail,15,12
ROBESON,house,46,mail,18,8
ROBESON,house,46,mail,19,11
ROBESON,house,46,mail,21,6
ROBESON,house,46,mail,22,10
ROBESON,house,46,mail,25,4
ROBESON,house,46,mail,26,6
ROBESON,house,46,mail,27,1
ROBESON,house,46,mail,28,5
ROBESON,house,46,mail,29,7
ROBESON,house,46,mail,32,10
ROBESON,house,46,mail,33,4
ROBESON,house,46,mail,35,3
ROBESON,house,46,mail,36,1
ROBESON,house,47,inperson,3,1585
ROBESON,house,47,inperson,4,2006
ROBESON,house,47,inperson,5,1305
ROBESON,house,47,inperson,6,1324
ROBESON,house,47,inperson,7,1500
ROBESON,house,47,inperson,8,1747
ROBESON,house,47,inperson,11,1528
ROBESON,house,47,inperson,12,1297
ROBESON,house,47,inperson,13,1521
ROBESON,house,47,inperson,14,1611
ROBESON,house,47,inperson,15,1938
ROBESON,house,47,inperson,16,395
ROBESON,house,47,inperson,18,2032
ROBESON,house,47,inperson,19,2358
ROBESON,house,47,mail,0,38
ROBESON,house,47,mail,1,49
ROBESON,house,47,mail,2,3
ROBESON,house,47,mail,3,27
ROBESON,house,47,mail,4,63
ROBESON,house,47,mail,5,30
ROBESON,house,47,mail,6,24
ROBESON,house,47,mail,7,63
ROBESON,house,47,mail,8,52
ROBESON,house,47,mail,11,11
ROBESON,house,47,mail,12,15
ROBESON,house,47,mail,13,19
ROBESON,house,47,mail,14,49
ROBESON,house,47,mail,15,36
ROBESON,house,47,mail,18,22
ROBESON,house,47,mail,19,17
ROBESON,house,47,mail,21,44
ROBESON,house,47,mail,22,15
ROBESON,house,47,mail,25,24
ROBESON,house,47,mail,26,7
ROBESON,house,47,mail,27,6
ROBESON,house,47,mail,28,9
ROBESON,house,47,mail,29,15
ROBESON,house,47,mail,32,12
ROBESON,house,47,mail,33,27
ROBESON,house,47,mail,35,8
ROBESON,house,47,mail,36,15
ROBESON,house,47,mail,39,1
ROBESON,senate,24,inperson,3,2205
ROBESON,senate,24,inperson,4,2768
ROBESON,senate,24,inperson,5,1823
ROBESON,senate,24,inperson,6,1876
ROBESON,senate,24,inperson,7,2082
ROBESON,senate,24,inperson,8,2381
ROBESON,senate,24,inperson,11,2202
ROBESON,senate,24,inperson,12,1896
ROBESON,senate,24,inperson,13,2084
ROBESON,senate,24,inperson,14,2244
ROBESON,senate,24,inperson,15,2700
ROBESON,senate,24,inperson,16,638
ROBESON,senate,24,inperson,18,2811
ROBESON,senate,24,inperson,19,3244
ROBESON,senate,24,mail,0,50
ROBESON,senate,24,mail,1,64
ROBESON,senate,24,mail,2,7
ROBESON,senate,24,mail,3,52
ROBESON,senate,24,mail,4,84
ROBESON,senate,24,mail,5,45
ROBESON,senate,24,mail,6,33
ROBESON,senate,24,mail,7,72
ROBESON,senate,24,mail,8,69
ROBESON,senate,24,mail,11,21
ROBESON,senate,24,mail,12,21
ROBESON,senate,24,mail,13,27
ROBESON,senate,24,mail,14,57
ROBESON,senate,24,mail,15,48
ROBESON,senate,24,mail,18,30
ROBESON,senate,24,mail,19,28
ROBESON,senate,24,mail,21,50
ROBESON,senate,24,mail,22,25
ROBESON,senate,24,mail,25,28
ROBESON,senate,24,mail,26,13
ROBESON,senate,24,mail,27,7
ROBESON,senate,24,mail,28,14
ROBESON,senate,24,mail,29,22
ROBESON,senate,24,mail,32,22
ROBESON,senate,24,mail,33,31
ROBESON,senate,24,mail,35,11
ROBESON,senate,24,mail,36,16
ROBESON,senate,24,mail,39,1
ROCKINGHAM,house,65,inperson,3,2144
ROCKINGHAM,house,65,inperson,4,2605
ROCKINGHAM,house,65,inperson,5,1739
ROCKINGHAM,house,65,inperson,6,1917
ROCKINGHAM,house,65,inperson,7,2133
ROCKINGHAM,house,65,inperson,8,2429
ROCKINGHAM,house,65,inperson,9,1134
ROCKINGHAM,house,65,inperson,11,2664
ROCKINGHAM,house,65,inperson,12,2466
ROCKINGHAM,house,65,inperson,13,2604
ROCKINGHAM,house,65,inperson,14,3001
ROCKINGHAM,house,65,inperson,15,3541
ROCKINGHAM,house,65,inperson,17,1625
ROCKINGHAM,house,65,inperson,18,3985
ROCKINGHAM,house,65,inperson,19,4274
ROCKINGHAM,house,65,mail,0,90
ROCKINGHAM,house,65,mail,1,41
ROCKINGHAM,house,65,mail,2,123
ROCKINGHAM,house,65,mail,3,3
ROCKINGHAM,house,65,mail,4,58
ROCKINGHAM,house,65,mail,5,85
ROCKINGHAM,house,65,mail,6,65
ROCKINGHAM,house,65,mail,7,76
ROCKINGHAM,house,65,mail,8,100
ROCKINGHAM,house,65,mail,11,124
ROCKINGHAM,house,65,mail,12,16
ROCKINGHAM,house,65,mail,13,74
ROCKINGHAM,house,65,mail,14,5
ROCKINGHAM,house,65,mail,15,72
ROCKINGHAM,house,65,mail,17,2
ROCKINGHAM,house,65,mail,18,53
ROCKINGHAM,house,65,mail,19,61
ROCKINGHAM,house,65,mail,20,28
ROCKINGHAM,house,65,mail,21,43
ROCKINGHAM,house,65,mail,22,38
ROCKINGHAM,house,65,mail,23,1
ROCKINGHAM,house,65,mail,25,15
ROCKINGHAM,house,65,mail,26,52
ROCKINGHAM,house,65,mail,27,55
ROCKINGHAM,house,65,mail,28,18
ROCKINGHAM,house,65,mail,29,61
ROCKINGHAM,house,65,mail,30,1
ROCKINGHAM,house,65,mail,32,26
ROCKINGHAM,house,65,mail,33,17
ROCKINGHAM,house,65,mail,34,20
ROCKINGHAM,house,65,mail,35,10
ROCKINGHAM,house,65,mail,36,13
ROCKINGHAM,house,65,mail,39,1
ROCKINGHAM,house,65,mail,46,1
ROCKINGHAM,senate,26,inperson,3,2144
ROCKINGHAM,senate,26,inperson,4,2605
ROCKINGHAM,senate,26,inperson,5,1739
ROCKINGHAM,senate,26,inperson,6,1917
ROCKINGHAM,senate,26,inperson,7,2133
ROCKINGHAM,senate,26,inperson,8,2429
ROCKINGHAM,senate,26,inperson,9,1134
ROCKINGHAM,senate,26,inperson,11,2664
ROCKINGHAM,senate,26,inperson,12,2466
ROCKINGHAM,senate,26,inperson,13,2604
ROCKINGHAM,senate,26,inperson,14,3001
ROCKINGHAM,senate,26,inperson,15,3541
ROCKINGHAM,senate,26,inperson,17,1625
ROCKINGHAM,senate,26,inperson,18,3985
ROCKINGHAM,senate,26,inperson,19,4274
ROCKINGHAM,senate,26,mail,0,90
ROCKINGHAM,senate,26,mail,1,41
ROCKINGHAM,senate,26,mail,2,123
ROCKINGHAM,senate,26,mail,3,3
ROCKINGHAM,senate,26,mail,4,58
ROCKINGHAM,senate,26,mail,5,85
ROCKINGHAM,senate,26,mail,6,65
ROCKINGHAM,senate,26,mail,7,76
ROCKINGHAM,senate,26,mail,8,100
ROCKINGHAM,senate,26,mail,11,124
ROCKINGHAM,senate,26,mail,12,16
ROCKINGHAM,senate,26,mail,13,74
ROCKINGHAM,senate,26,mail,14,5
ROCKINGHAM,senate,26,mail,15,72
ROCKINGHAM,senate,26,mail,17,2
ROCKINGHAM,senate,26,mail,18,53
ROCKINGHAM,senate,26,mail,19,61
ROCKINGHAM,senate,26,mail,20,28
ROCKINGHAM,senate,26,mail,21,43
ROCKINGHAM,senate,26,mail,22,38
ROCKINGHAM,senate,26,mail,23,1
ROCKINGHAM,senate,26,mail,25,15
ROCKINGHAM,senate,26,mail,26,52
ROCKINGHAM,senate,26,mail,27,55
ROCKINGHAM,senate,26,mail,28,18
ROCKINGHAM,senate,26,mail,29,61
ROCKINGHAM,senate,26,mail,30,1
ROCKINGHAM,senate,26,mail,32,26
ROCKINGHAM,senate,26,mail,33,17
ROCKINGHAM,senate,26,mail,34,20
ROCKINGHAM,senate,26,mail,35,10
ROCKINGHAM,senate,26,mail,36,13
ROCKINGHAM,senate,26,mail,39,1
ROCKINGHAM,senate,26,mail,46,1
ROWAN,house,76,inperson,3,1792
ROWAN,house,76,inperson,4,2168
ROWAN,house,76,inperson,5,1734
ROWAN,house,76,inperson,6,1942
ROWAN,house,76,inperson,7,1906
ROWAN,house,76,inperson,8,2065
ROWAN,house,76,inperson,9,708
ROWAN,house,76,inperson,10,1103
ROWAN,house,76,inperson,11,2178
ROWAN,house,76,inperson,12,2210
ROWAN,house,76,inperson,13,2409
ROWAN,house,76,inperson,14,2579
ROWAN,house,76,inperson,15,2588
ROWAN,house,76,inperson,16,912
ROWAN,house,76,inperson,17,1466
ROWAN,house,76,inperson,18,2429
ROWAN,house,76,inperson,19,2461
ROWAN,house,76,mail,0,248
ROWAN,house,76,mail,2,55
ROWAN,house,76,mail,3,70
ROWAN,house,76,mail,4,97
ROWAN,house,76,mail,5,136
ROWAN,house,76,mail,6,129
ROWAN,house,76,mail,7,53
ROWAN,house,76,mail,8,51
ROWAN,house,76,mail,9,2
ROWAN,house,76,mail,10,36
ROWAN,house,76,mail,11,66
ROWAN,house,76,mail,12,64
ROWAN,house,76,mail,13,76
ROWAN,house,76,mail,14,49
ROWAN,house,76,mail,15,79
ROWAN,house,76,mail,16,6
ROWAN,house,76,mail,17,51
ROWAN,house,76,mail,18,71
ROWAN,house,76,mail,19,99
ROWAN,house,76,mail,20,34
ROWAN,house,76,mail,21,51
ROWAN,house,76,mail,22,22
ROWAN,house,76,mail,24,22
ROWAN,house,76,mail,25,52
ROWAN,house,76,mail,26,24
ROWAN,house,76,mail,27,51
ROWAN,house,76,mail,28,34
ROWAN,house,76,mail,29,48
ROWAN,house,76,mail,31,15
ROWAN,house,76,mail,32,14
ROWAN,house,76,mail,33,24
ROWAN,house,76,mail,34,31
ROWAN,house,76,mail,35,30
ROWAN,house,76,mail,36,28
ROWAN,house,76,mail,37,2
ROWAN,house,76,mail,38,4
ROWAN,house,76,mail,39,7
ROWAN,house,76,mail,40,4
ROWAN,house,76,mail,41,4
ROWAN,house,76,mail,42,4
ROWAN,house,76,mail,43,6
ROWAN,house,76,mail,44,5
ROWAN,house,76,mail,45,3
ROWAN,house,76,mail,46,3
ROWAN,house,77,inperson,3,281
ROWAN,house,77,inperson,4,326
ROWAN,house,77,inperson,5,253
ROWAN,house,77,inperson,6,203
ROWAN,house,77,inperson,7,251
ROWAN,house,77,inperson,8,282
ROWAN,house,77,inperson,9,85
ROWAN,house,77,inperson,10,133
ROWAN,house,77,inperson,11,287
ROWAN,house,77,inperson,12,284
ROWAN,house,77,inperson,13,259
ROWAN,house,77,inperson,14,318
ROWAN,house,77,inperson,15,371
ROWAN,house,77,inperson,16,103
ROWAN,house,77,inperson,17,133
ROWAN,house,77,inperson,18,312
ROWAN,house,77,inperson,19,403
ROWAN,house,77,mail,0,20
ROWAN,house,77,mail,1,1
ROWAN,house,77,mail,2,1
ROWAN,house,77,mail,3,8
ROWAN,house,77,mail,4,1
ROWAN,house,77,mail,5,8
ROWAN,house,77,mail,6,9
ROWAN,house,77,mail,7,2
ROWAN,house,77,mail,8,4
ROWAN,house,77,mail,10,5
ROWAN,house,77,mail,11,10
ROWAN,house,77,mail,12,10
ROWAN,house,77,mail,13,12
ROWAN,house,77,mail,14,2
ROWAN,house,77,mail,15,6
ROWAN,house,77,mail,17,9
ROWAN,house,77,mail,18,7
ROWAN,house,77,mail,19,7
ROWAN,house,77,mail,20,2
ROWAN,house,77,mail,21,4
ROWAN,house,77,mail,22,3
ROWAN,house,77,mail,24,3
ROWAN,house,77,mail,25,1
ROWAN,house,77,mail,26,5
ROWAN,house,77,mail,27,9
ROWAN,house,77,mail,28,4
ROWAN,house,77,mail,31,1
ROWAN,house,77,mail,32,4
ROWAN,house,77,mail,33,5
ROWAN,house,77,mail,36,2
ROWAN,house,83,inperson,3,930
ROWAN,house,83,inperson,4,1212
ROWAN,house,83,inperson,5,1050
ROWAN,house,83,inperson,6,1148
ROWAN,house,83,inperson,7,1229
ROWAN,house,83,inperson,8,1196
ROWAN,house,83,inperson,9,419
ROWAN,house,83,inperson,10,661
ROWAN,house,83,inperson,11,1202
ROWAN,house,83,inperson,12,1251
ROWAN,house,83,inperson,13,1279
ROWAN,house,83,inperson,14,1252
ROWAN,house,83,inperson,15,1126
ROWAN,house,83,inperson,16,410
ROWAN,house,83,inperson,17,748
ROWAN,house,83,inperson,18,1106
ROWAN,house,83,inperson,19,1109
ROWAN,house,83,mail,0,119
ROWAN,house,83,mail,2,17
ROWAN,house,83,mail,3,34
ROWAN,house,83,mail,4,51
ROWAN,house,83,mail,5,77
ROWAN,house,83,mail,6,72
ROWAN,house,83,mail,7,35
ROWAN,house,83,mail,8,60
ROWAN,house,83,mail,10,11
ROWAN,house,83,mail,11,39
ROWAN,house,83,mail,12,33
ROWAN,house,83,mail,13,43
ROWAN,house,83,mail,14,42
ROWAN,house,83,mail,15,46
ROWAN,house,83,mail,16,1
ROWAN,house,83,mail,17,28
ROWAN,house,83,mail,18,15
ROWAN,house,83,mail,19,78
ROWAN,house,83,mail,20,14
ROWAN,house,83,mail,21,22
ROWAN,house,83,mail,22,1
ROWAN,house,83,mail,24,14
ROWAN,house,83,mail,25,14
ROWAN,house,83,mail,26,23
ROWAN,house,83,mail,27,36
ROWAN,house,83,mail,28,7
ROWAN,house,83,mail,29,10
ROWAN,house,83,mail,30,3
ROWAN,house,83,mail,31,4
ROWAN,house,83,mail,32,14
ROWAN,house,83,mail,33,14
ROWAN,house,83,mail,34,10
ROWAN,house,83,mail,35,17
ROWAN,house,83,mail,36,5
ROWAN,house,83,mail,38,5
ROWAN,house,83,mail,39,1
ROWAN,house,83,mail,44,1
ROWAN,house,83,mail,45,2
ROWAN,house,83,mail,46,2
ROWAN,senate,33,inperson,3,3003
ROWAN,senate,33,inperson,4,3706
ROWAN,senate,33,inperson,5,3037
ROWAN,senate,33,inperson,6,3293
ROWAN,senate,33,inperson,7,3386
ROWAN,senate,33,inperson,8,3543
ROWAN,senate,33,inperson,9,1212
ROWAN,senate,33,inperson,10,1897
ROWAN,senate,33,inperson,11,3667
ROWAN,senate,33,inperson,12,3745
ROWAN,senate,33,inperson,13,3947
ROWAN,senate,33,inperson,14,4149
ROWAN,senate,33,inperson,15,4085
ROWAN,senate,33,inperson,16,1425
ROWAN,senate,33,inperson,17,2347
ROWAN,senate,33,inperson,18,3847
ROWAN,senate,33,inperson,19,3973
ROWAN,senate,33,mail,0,387
ROWAN,senate,33,mail,1,1
ROWAN,senate,33,mail,2,73
ROWAN,senate,33,mail,3,112
ROWAN,senate,33,mail,4,149
ROWAN,senate,33,mail,5,221
ROWAN,senate,33,mail,6,210
ROWAN,senate,33,mail,7,90
ROWAN,senate,33,mail,8,115
ROWAN,senate,33,mail,9,2
ROWAN,senate,33,mail,10,52
ROWAN,senate,33,mail,11,115
ROWAN,senate,33,mail,12,107
ROWAN,senate,33,mail,13,131
ROWAN,senate,33,mail,14,93
ROWAN,senate,33,mail,15,131
ROWAN,senate,33,mail,16,7
ROWAN,senate,33,mail,17,88
ROWAN,senate,33,mail,18,93
ROWAN,senate,33,mail,19,184
ROWAN,senate,33,mail,20,50
ROWAN,senate,33,mail,21,77
ROWAN,senate,33,mail,22,26
ROWAN,senate,33,mail,24,39
ROWAN,senate,33,mail,25,67
ROWAN,senate,33,mail,26,52
ROWAN,senate,33,mail,27,96
ROWAN,senate,33,mail,28,45
ROWAN,senate,33,mail,29,58
ROWAN,senate,33,mail,30,3
ROWAN,senate,33,mail,31,20
ROWAN,senate,33,mail,32,32
ROWAN,senate,33,mail,33,43
ROWAN,senate,33,mail,34,41
ROWAN,senate,33,mail,35,47
ROWAN,senate,33,mail,36,35
ROWAN,senate,33,mail,37,2
ROWAN,senate,33,mail,38,9
ROWAN,senate,33,mail,39,8
ROWAN,senate,33,mail,40,4
ROWAN,senate,33,mail,41,4
ROWAN,senate,33,mail,42,4
ROWAN,senate,33,mail,43,6
ROWAN,senate,33,mail,44,6
ROWAN,senate,33,mail,45,5
ROWAN,senate,33,mail,46,5
RUTHERFORD,house,111,inperson,3,475
RUTHERFORD,house,111,inperson,4,680
RUTHERFORD,house,111,inperson,5,534
RUTHERFORD,house,111,inperson,6,618
RUTHERFORD,house,111,inperson,7,568
RUTHERFORD,house,111,inperson,8,704
RUTHERFORD,house,111,inperson,11,793
RUTHERFORD,house,111,inperson,12,724
RUTHERFORD,house,111,inperson,13,724
RUTHERFORD,house,111,inperson,14,769
RUTHERFORD,house,111,inperson,15,789
RUTHERFORD,house,111,inperson,18,722
RUTHERFORD,house,111,inperson,19,638
RUTHERFORD,house,111,mail,0,2
RUTHERFORD,house,111,mail,1,31
RUTHERFORD,house,111,mail,2,6
RUTHERFORD,house,111,mail,3,6
RUTHERFORD,house,111,mail,4,45
RUTHERFORD,house,111,mail,5,30
RUTHERFORD,house,111,mail,6,23
RUTHERFORD,house,111,mail,7,52
RUTHERFORD,house,111,mail,11,23
RUTHERFORD,house,111,mail,12,5
RUTHERFORD,house,111,mail,13,17
RUTHERFORD,house,111,mail,14,20
RUTHERFORD,house,111,mail,18,11
RUTHERFORD,house,111,mail,19,25
RUTHERFORD,house,111,mail,21,21
RUTHERFORD,house,111,mail,25,15
RUTHERFORD,house,111,mail,26,18
RUTHERFORD,house,111,mail,28,3
RUTHERFORD,house,111,mail,29,4
RUTHERFORD,house,111,mail,32,2
RUTHERFORD,house,111,mail,33,4
RUTHERFORD,house,111,mail,34,2
RUTHERFORD,house,111,mail,35,1
RUTHERFORD,house,111,mail,40,1
RUTHERFORD,house,111,mail,42,1
RUTHERFORD,house,111,mail,43,1
RUTHERFORD,house,111,mail,46,2
RUTHERFORD,house,113,inperson,3,770
RUTHERFORD,house,113,inperson,4,1132
RUTHERFORD,house,113,inperson,5,918
RUTHERFORD,house,113,inperson,6,980
RUTHERFORD,house,113,inperson,7,1148
RUTHERFORD,house,113,inperson,8,1246
RUTHERFORD,house,113,inperson,11,1211
RUTHERFORD,house,113,inperson,12,1156
RUTHERFORD,house,113,inperson,13,1308
RUTHERFORD,house,113,inperson,14,1323
RUTHERFORD,house,113,inperson,15,1362
RUTHERFORD,house,113,inperson,18,1353
RUTHERFORD,house,113,inperson,19,1380
RUTHERFORD,house,113,mail,0,15
RUTHERFORD,house,113,mail,1,36
RUTHERFORD,house,113,mail,2,31
RUTHERFORD,house,113,mail,3,12
RUTHERFORD,house,113,mail,4,49
RUTHERFORD,house,113,mail,5,55
RUTHERFORD,house,113,mail,6,44
RUTHERFORD,house,113,mail,7,116
RUTHERFORD,house,113,mail,11,83
RUTHERFORD,house,113,mail,12,21
RUTHERFORD,house,113,mail,13,58
RUTHERFORD,house,113,mail,14,73
RUTHERFORD,house,113,mail,18,35
RUTHERFORD,house,113,mail,19,54
RUTHERFORD,house,113,mail,20,1
RUTHERFORD,house,113,mail,21,53
RUTHERFORD,house,113,mail,22,1
RUTHERFORD,house,113,mail,25,25
RUTHERFORD,house,113,mail,26,42
RUTHERFORD,house,113,mail,27,2
RUTHERFORD,house,113,mail,28,16
RUTHERFORD,house,113,mail,29,8
RUTHERFORD,house,113,mail,32,12
RUTHERFORD,house,113,mail,33,2
RUTHERFORD,house,113,mail,34,4
RUTHERFORD,house,113,mail,35,2
RUTHERFORD,house,113,mail,36,4
RUTHERFORD,house,113,mail,40,4
RUTHERFORD,house,113,mail,42,1
RUTHERFORD,house,113,mail,43,2
RUTHERFORD,senate,48,inperson,3,1245
RUTHERFORD,senate,48,inperson,4,1812
RUTHERFORD,senate,48,inperson,5,1452
RUTHERFORD,senate,48,inperson,6,1598
RUTHERFORD,senate,48,inperson,7,1716
RUTHERFORD,senate,48,inperson,8,1950
RUTHERFORD,senate,48,inperson,11,2004
RUTHERFORD,senate,48,inperson,12,1880
RUTHERFORD,senate,48,inperson,13,2032
RUTHERFORD,senate,48,inperson,14,2092
RUTHERFORD,senate,48,inperson,15,2151
RUTHERFORD,senate,48,inperson,18,2075
RUTHERFORD,senate,48,inperson,19,2018
RUTHERFORD,senate,48,mail,0,17
RUTHERFORD,senate,48,mail,1,67
RUTHERFORD,senate,48,mail,2,37
RUTHERFORD,senate,48,mail,3,18
RUTHERFORD,senate,48,mail,4,94
RUTHERFORD,senate,48,mail,5,85
RUTHERFORD,senate,48,mail,6,67
RUTHERFORD,senate,48,mail,7,168
RUTHERFORD,senate,48,mail,11,106
RUTHERFORD,senate,48,mail,12,26
RUTHERFORD,senate,48,mail,13,75
RUTHERFORD,senate,48,mail,14,93
RUTHERFORD,senate,48,mail,18,46
RUTHERFORD,senate,48,mail,19,79
RUTHERFORD,senate,48,mail,20,1
RUTHERFORD,senate,48,mail,21,74
RUTHERFORD,senate,48,mail,22,1
RUTHERFORD,senate,48,mail,25,40
RUTHERFORD,senate,48,mail,26,60
RUTHERFORD,senate,48,mail,27,2
RUTHERFORD,senate,48,mail,28,19
RUTHERFORD,senate,48,mail,29,12
RUTHERFORD,senate,48,mail,32,14
RUTHERFORD,senate,48,mail,33,6
RUTHERFORD,senate,48,mail,34,6
RUTHERFORD,senate,48,mail,35,3
RUTHERFORD,senate,48,mail,36,4
RUTHERFORD,senate,48,mail,40,5
RUTHERFORD,senate,48,mail,42,2
RUTHERFORD,senate,48,mail,43,3
RUTHERFORD,senate,48,mail,46,2
SAMPSON,house,22,inperson,3,1380
SAMPSON,house,22,inperson,4,1674
SAMPSON,house,22,inperson,5,1018
SAMPSON,house,22,inperson,6,1199
SAMPSON,house,22,inperson,7,1257
SAMPSON,house,22,inperson,8,1452
SAMPSON,house,22,inperson,10,889
SAMPSON,house,22,inperson,11,1497
SAMPSON,house,22,inperson,12,1325
SAMPSON,house,22,inperson,13,1383
SAMPSON,house,22,inperson,14,1531
SAMPSON,house,22,inperson,15,1819
SAMPSON,house,22,inperson,18,1689
SAMPSON,house,22,inperson,19,1973
SAMPSON,house,22,mail,0,44
SAMPSON,house,22,mail,1,82
SAMPSON,house,22,mail,2,13
SAMPSON,house,22,mail,3,9
SAMPSON,house,22,mail,4,31
SAMPSON,house,22,mail,5,52
SAMPSON,house,22,mail,6,48
SAMPSON,house,22,mail,7,186
SAMPSON,house,22,mail,8,10
SAMPSON,house,22,mail,9,1
SAMPSON,house,22,mail,10,3
SAMPSON,house,22,mail,11,19
SAMPSON,house,22,mail,12,30
SAMPSON,house,22,mail,13,20
SAMPSON,house,22,mail,14,18
SAMPSON,house,22,mail,15,22
SAMPSON,house,22,mail,16,3
SAMPSON,house,22,mail,17,1
SAMPSON,house,22,mail,18,19
SAMPSON,house,22,mail,19,9
SAMPSON,house,22,mail,20,7
SAMPSON,house,22,mail,21,47
SAMPSON,house,22,mail,22,4
SAMPSON,house,22,mail,24,1
SAMPSON,house,22,mail,25,15
SAMPSON,house,22,mail,26,17
SAMPSON,house,22,mail,27,3
SAMPSON,house,22,mail,28,19
SAMPSON,house,22,mail,29,5
SAMPSON,house,22,mail,32,15
SAMPSON,house,22,mail,34,5
SAMPSON,house,22,mail,35,2
SAMPSON,house,22,mail,36,1
SAMPSON,house,22,mail,40,1
SAMPSON,house,22,mail,44,1
SAMPSON,house,22,mail,45,1
SAMPSON,senate,12,inperson,3,136
SAMPSON,senate,12,inperson,4,151
SAMPSON,senate,12,inperson,5,72
SAMPSON,senate,12,inperson,6,85
SAMPSON,senate,12,inperson,7,109
SAMPSON,senate,12,inperson,8,99
SAMPSON,senate,12,inperson,10,73
SAMPSON,senate,12,inperson,11,104
SAMPSON,senate,12,inperson,12,86
SAMPSON,senate,12,inperson,13,73
SAMPSON,senate,12,inperson,14,83
SAMPSON,senate,12,inperson,15,104
SAMPSON,senate,12,inperson,18,107
SAMPSON,senate,12,inperson,19,125
SAMPSON,senate,12,mail,0,1
SAMPSON,senate,12,mail,1,12
SAMPSON,senate,12,mail,2,1
SAMPSON,senate,12,mail,3,1
SAMPSON,senate,12,mail,4,8
SAMPSON,senate,12,mail,5,3
SAMPSON,senate,12,mail,6,4
SAMPSON,senate,12,mail,7,15
SAMPSON,senate,12,mail,10,1
SAMPSON,senate,12,mail,12,1
SAMPSON,senate,12,mail,13,3
SAMPSON,senate,12,mail,18,3
SAMPSON,senate,12,mail,21,3
SAMPSON,senate,12,mail,25,1
SAMPSON,senate,12,mail,26,3
SAMPSON,senate,9,inperson,3,1244
SAMPSON,senate,9,inperson,4,1523
SAMPSON,senate,9,inperson,5,946
SAMPSON,senate,9,inperson,6,1114
SAMPSON,senate,9,inperson,7,1148
SAMPSON,senate,9,inperson,8,1353
SAMPSON,senate,9,inperson,10,816
SAMPSON,senate,9,inperson,11,1393
SAMPSON,senate,9,inperson,12,1239
SAMPSON,senate,9,inperson,13,1310
SAMPSON,senate,9,inperson,14,1448
SAMPSON,senate,9,inperson,15,1715
SAMPSON,senate,9,inperson,18,1582
SAMPSON,senate,9,inperson,19,1848
SAMPSON,senate,9,mail,0,43
SAMPSON,senate,9,mail,1,70
SAMPSON,senate,9,mail,2,12
SAMPSON,senate,9,mail,3,8
SAMPSON,senate,9,mail,4,23
SAMPSON,senate,9,mail,5,49
SAMPSON,senate,9,mail,6,44
SAMPSON,senate,9,mail,7,171
SAMPSON,senate,9,mail,8,10
SAMPSON,senate,9,mail,9,1
SAMPSON,senate,9,mail,10,2
SAMPSON,senate,9,mail,11,19
SAMPSON,senate,9,mail,12,29
SAMPSON,senate,9,mail,13,17
SAMPSON,senate,9,mail,14,18
SAMPSON,senate,9,mail,15,22
SAMPSON,senate,9,mail,16,3
SAMPSON,senate,9,mail,17,1
SAMPSON,senate,9,mail,18,16
SAMPSON,senate,9,mail,19,9
SAMPSON,senate,9,mail,20,7
SAMPSON,senate,9,mail,21,44
SAMPSON,senate,9,mail,22,4
SAMPSON,senate,9,mail,24,1
SAMPSON,senate,9,mail,25,14
SAMPSON,senate,9,mail,26,14
SAMPSON,senate,9,mail,27,3
SAMPSON,senate,9,mail,28,19
SAMPSON,senate,9,mail,29,5
SAMPSON,senate,9,mail,32,15
SAMPSON,senate,9,mail,34,5
SAMPSON,senate,9,mail,35,2
SAMPSON,senate,9,mail,36,1
SAMPSON,senate,9,mail,40,1
SAMPSON,senate,9,mail,44,1
SAMPSON,senate,9,mail,45,1
SCOTLAND,house,48,inperson,3,604
SCOTLAND,house,48,inperson,4,737
SCOTLAND,house,48,inperson,5,506
SCOTLAND,house,48,inperson,6,498
SCOTLAND,house,48,inperson,7,566
SCOTLAND,house,48,inperson,8,746
SCOTLAND,house,48,inperson,9,315
SCOTLAND,house,48,inperson,11,768
SCOTLAND,house,48,inperson,12,727
SCOTLAND,house,48,inperson,13,800
SCOTLAND,house,48,inperson,14,995
SCOTLAND,house,48,inperson,15,1142
SCOTLAND,house,48,inperson,18,1070
SCOTLAND,house,48,inperson,19,1456
SCOTLAND,house,48,mail,0,39
SCOTLAND,house,48,mail,1,55
SCOTLAND,house,48,mail,3,3
SCOTLAND,house,48,mail,4,18
SCOTLAND,house,48,mail,5,24
SCOTLAND,house,48,mail,6,34
SCOTLAND,house,48,mail,7,15
SCOTLAND,house,48,mail,8,26
SCOTLAND,house,48,mail,9,1
SCOTLAND,house,48,mail,10,10
SCOTLAND,house,48,mail,11,14
SCOTLAND,house,48,mail,12,16
SCOTLAND,house,48,mail,13,20
SCOTLAND,house,48,mail,14,19
SCOTLAND,house,48,mail,15,26
SCOTLAND,house,48,mail,18,15
SCOTLAND,house,48,mail,19,15
SCOTLAND,house,48,mail,20,9
SCOTLAND,house,48,mail,21,19
SCOTLAND,house,48,mail,22,8
SCOTLAND,house,48,mail,24,4
SCOTLAND,house,48,mail,25,5
SCOTLAND,house,48,mail,26,8
SCOTLAND,house,48,mail,27,11
SCOTLAND,house,48,mail,28,11
SCOTLAND,house,48,mail,29,7
SCOTLAND,house,48,mail,31,1
SCOTLAND,house,48,mail,32,9
SCOTLAND,house,48,mail,33,11
SCOTLAND,house,48,mail,34,19
SCOTLAND,house,48,mail,35,8
SCOTLAND,house,48,mail,36,13
SCOTLAND,house,48,mail,38,2
SCOTLAND,house,48,mail,39,7
SCOTLAND,house,48,mail,40,2
SCOTLAND,house,48,mail,42,1
SCOTLAND,house,48,mail,43,2
SCOTLAND,senate,24,inperson,3,604
SCOTLAND,senate,24,inperson,4,737
SCOTLAND,senate,24,inperson,5,506
SCOTLAND,senate,24,inperson,6,498
SCOTLAND,senate,24,inperson,7,566
SCOTLAND,senate,24,inperson,8,746
SCOTLAND,senate,24,inperson,9,315
SCOTLAND,senate,24,inperson,11,768
SCOTLAND,senate,24,inperson,12,727
SCOTLAND,senate,24,inperson,13,800
SCOTLAND,senate,24,inperson,14,995
SCOTLAND,senate,24,inperson,15,1142
SCOTLAND,senate,24,inperson,18,1070
SCOTLAND,senate,24,inperson,19,1456
SCOTLAND,senate,24,mail,0,39
SCOTLAND,senate,24,mail,1,55
SCOTLAND,senate,24,mail,3,3
SCOTLAND,senate,24,mail,4,18
SCOTLAND,senate,24,mail,5,24
SCOTLAND,senate,24,mail,6,34
SCOTLAND,senate,24,mail,7,15
SCOTLAND,senate,24,mail,8,26
SCOTLAND,senate,24,mail,9,1
SCOTLAND,senate,24,mail,10,10
SCOTLAND,senate,24,mail,11,14
SCOTLAND,senate,24,mail,12,16
SCOTLAND,senate,24,mail,13,20
SCOTLAND,senate,24,mail,14,19
SCOTLAND,senate,24,mail,15,26
SCOTLAND,senate,24,mail,18,15
SCOTLAND,senate,24,mail,19,15
SCOTLAND,senate,24,mail,20,9
SCOTLAND,senate,24,mail,21,19
SCOTLAND,senate,24,mail,22,8
SCOTLAND,senate,24,mail,24,4
SCOTLAND,senate,24,mail,25,5
SCOTLAND,senate,24,mail,26,8
SCOTLAND,senate,24,mail,27,11
SCOTLAND,senate,24,mail,28,11
SCOTLAND,senate,24,mail,29,7
SCOTLAND,senate,24,mail,31,1
SCOTLAND,senate,24,mail,32,9
SCOTLAND,senate,24,mail,33,11
SCOTLAND,senate,24,mail,34,19
SCOTLAND,senate,24,mail,35,8
SCOTLAND,senate,24,mail,36,13
SCOTLAND,senate,24,mail,38,2
SCOTLAND,senate,24,mail,39,7
SCOTLAND,senate,24,mail,40,2
SCOTLAND,senate,24,mail,42,1
SCOTLAND,senate,24,mail,43,2
STANLY,house,67,inperson,3,1507
STANLY,house,67,inperson,4,1913
STANLY,house,67,inperson,5,1372
STANLY,house,67,inperson,6,1477
STANLY,house,67,inperson,7,1703
STANLY,house,67,inperson,8,1994
STANLY,house,67,inperson,10,1006
STANLY,house,67,inperson,11,2113
STANLY,house,67,inperson,12,1949
STANLY,house,67,inperson,13,2116
STANLY,house,67,inperson,14,2310
STANLY,house,67,inperson,15,2470
STANLY,house,67,inperson,17,1127
STANLY,house,67,inperson,18,2422
STANLY,house,67,inperson,19,2635
STANLY,house,67,mail,0,42
STANLY,house,67,mail,1,68
STANLY,house,67,mail,2,3
STANLY,house,67,mail,3,52
STANLY,house,67,mail,4,75
STANLY,house,67,mail,5,72
STANLY,house,67,mail,6,59
STANLY,house,67,mail,7,34
STANLY,house,67,mail,8,48
STANLY,house,67,mail,10,44
STANLY,house,67,mail,11,67
STANLY,house,67,mail,12,76
STANLY,house,67,mail,13,48
STANLY,house,67,mail,14,49
STANLY,house,67,mail,15,58
STANLY,house,67,mail,16,1
STANLY,house,67,mail,17,20
STANLY,house,67,mail,18,33
STANLY,house,67,mail,19,52
STANLY,house,67,mail,20,22
STANLY,house,67,mail,21,28
STANLY,house,67,mail,22,23
STANLY,house,67,mail,23,1
STANLY,house,67,mail,24,2
STANLY,house,67,mail,25,20
STANLY,house,67,mail,26,21
STANLY,house,67,mail,27,21
STANLY,house,67,mail,28,15
STANLY,house,67,mail,29,29
STANLY,house,67,mail,32,8
STANLY,house,67,mail,33,14
STANLY,house,67,mail,34,17
STANLY,house,67,mail,35,20
STANLY,house,67,mail,36,10
STANLY,house,67,mail,39,2
STANLY,house,67,mail,40,2
STANLY,house,67,mail,41,2
STANLY,house,67,mail,42,1
STANLY,house,67,mail,43,4
STANLY,house,67,mail,44,2
STANLY,house,67,mail,46,1
STANLY,senate,33,inperson,3,1507
STANLY,senate,33,inperson,4,1913
STANLY,senate,33,inperson,5,1372
STANLY,senate,33,inperson,6,1477
STANLY,senate,33,inperson,7,1703
STANLY,senate,33,inperson,8,1994
STANLY,senate,33,inperson,10,1006
STANLY,senate,33,inperson,11,2113
STANLY,senate,33,inperson,12,1949
STANLY,senate,33,inperson,13,2116
STANLY,senate,33,inperson,14,2310
STANLY,senate,33,inperson,15,2470
STANLY,senate,33,inperson,17,1127
STANLY,senate,33,inperson,18,2422
STANLY,senate,33,inperson,19,2635
STANLY,senate,33,mail,0,42
STANLY,senate,33,mail,1,68
STANLY,senate,33,mail,2,3
STANLY,senate,33,mail,3,52
STANLY,senate,33,mail,4,75
STANLY,senate,33,mail,5,72
STANLY,senate,33,mail,6,59
STANLY,senate,33,mail,7,34
STANLY,senate,33,mail,8,48
STANLY,senate,33,mail,10,44
STANLY,senate,33,mail,11,67
STANLY,senate,33,mail,12,76
STANLY,senate,33,mail,13,48
STANLY,senate,33,mail,14,49
STANLY,senate,33,mail,15,58
STANLY,senate,33,mail,16,1
STANLY,senate,33,mail,17,20
STANLY,senate,33,mail,18,33
STANLY,senate,33,mail,19,52
STANLY,senate,33,mail,20,22
STANLY,senate,33,mail,21,28
STANLY,senate,33,mail,22,23
STANLY,senate,33,mail,23,1
STANLY,senate,33,mail,24,2
STANLY,senate,33,mail,25,20
STANLY,senate,33,mail,26,21
STANLY,senate,33,mail,27,21
STANLY,senate,33,mail,28,15
STANLY,senate,33,mail,29,29
STANLY,senate,33,mail,32,8
STANLY,senate,33,mail,33,14
STANLY,senate,33,mail,34,17
STANLY,senate,33,mail,35,20
STANLY,senate,33,mail,36,10
STANLY,senate,33,mail,39,2
STANLY,senate,33,mail,40,2
STANLY,senate,33,mail,41,2
STANLY,senate,33,mail,42,1
STANLY,senate,33,mail,43,4
STANLY,senate,33,mail,44,2
STANLY,senate,33,mail,46,1
STOKES,house,91,inperson,3,1047
STOKES,house,91,inperson,4,1323
STOKES,house,91,inperson,5,904
STOKES,house,91,inperson,6,956
STOKES,house,91,inperson,7,1070
STOKES,house,91,inperson,8,1260
STOKES,house,91,inperson,10,741
STOKES,house,91,inperson,11,1353
STOKES,house,91,inperson,12,1224
STOKES,house,91,inperson,13,1326
STOKES,house,91,inperson,14,1533
STOKES,house,91,inperson,15,1805
STOKES,house,91,inperson,17,917
STOKES,house,91,inperson,18,1977
STOKES,house,91,inperson,19,2282
STOKES,house,91,mail,0,25
STOKES,house,91,mail,1,27
STOKES,house,91,mail,2,1
STOKES,house,91,mail,3,37
STOKES,house,91,mail,4,77
STOKES,house,91,mail,5,13
STOKES,house,91,mail,6,47
STOKES,house,91,mail,7,44
STOKES,house,91,mail,8,88
STOKES,house,91,mail,9,1
STOKES,house,91,mail,10,5
STOKES,house,91,mail,11,30
STOKES,house,91,mail,12,42
STOKES,house,91,mail,13,9
STOKES,house,91,mail,14,34
STOKES,house,91,mail,15,71
STOKES,house,91,mail,17,2
STOKES,house,91,mail,18,34
STOKES,house,91,mail,19,12
STOKES,house,91,mail,20,28
STOKES,house,91,mail,21,20
STOKES,house,91,mail,22,2
STOKES,house,91,mail,24,2
STOKES,house,91,mail,25,14
STOKES,house,91,mail,26,22
STOKES,house,91,mail,27,28
STOKES,house,91,mail,28,42
STOKES,house,91,mail,29,3
STOKES,house,91,mail,30,1
STOKES,house,91,mail,32,13
STOKES,house,91,mail,33,14
STOKES,house,91,mail,34,23
STOKES,house,91,mail,35,9
STOKES,house,91,mail,36,13
STOKES,house,91,mail,39,1
STOKES,house,91,mail,40,1
STOKES,house,91,mail,44,1
STOKES,house,91,mail,45,2
STOKES,house,91,mail,46,1
STOKES,senate,31,inperson,3,1047
STOKES,senate,31,inperson,4,1323
STOKES,senate,31,inperson,5,904
STOKES,senate,31,inperson,6,956
STOKES,senate,31,inperson,7,1070
STOKES,senate,31,inperson,8,1260
STOKES,senate,31,inperson,10,741
STOKES,senate,31,inperson,11,1353
STOKES,senate,31,inperson,12,1224
STOKES,senate,31,inperson,13,1326
STOKES,senate,31,inperson,14,1533
STOKES,senate,31,inperson,15,1805
STOKES,senate,31,inperson,17,917
STOKES,senate,31,inperson,18,1977
STOKES,senate,31,inperson,19,2282
STOKES,senate,31,mail,0,25
STOKES,senate,31,mail,1,27
STOKES,senate,31,mail,2,1
STOKES,senate,31,mail,3,37
STOKES,senate,31,mail,4,77
STOKES,senate,31,mail,5,13
STOKES,senate,31,mail,6,47
STOKES,senate,31,mail,7,44
STOKES,senate,31,mail,8,88
STOKES,senate,31,mail,9,1
STOKES,senate,31,mail,10,5
STOKES,senate,31,mail,11,30
STOKES,senate,31,mail,12,42
STOKES,senate,31,mail,13,9
STOKES,senate,31,mail,14,34
STOKES,senate,31,mail,15,71
STOKES,senate,31,mail,17,2
STOKES,senate,31,mail,18,34
STOKES,senate,31,mail,19,12
STOKES,senate,31,mail,20,28
STOKES,senate,31,mail,21,20
STOKES,senate,31,mail,22,2
STOKES,senate,31,mail,24,2
STOKES,senate,31,mail,25,14
STOKES,senate,31,mail,26,22
STOKES,senate,31,mail,27,28
STOKES,senate,31,mail,28,42
STOKES,senate,31,mail,29,3
STOKES,senate,31,mail,30,1
STOKES,senate,31,mail,32,13
STOKES,senate,31,mail,33,14
STOKES,senate,31,mail,34,23
STOKES,senate,31,mail,35,9
STOKES,senate,31,mail,36,13
STOKES,senate,31,mail,39,1
STOKES,senate,31,mail,40,1
STOKES,senate,31,mail,44,1
STOKES,senate,31,mail,45,2
STOKES,senate,31,mail,46,1
SURRY,house,90,inperson,3,1532
SURRY,house,90,inperson,4,2070
SURRY,house,90,inperson,5,1465
SURRY,house,90,inperson,6,1721
SURRY,house,90,inperson,7,1864
SURRY,house,90,inperson,8,2066
SURRY,house,90,inperson,11,2132
SURRY,house,90,inperson,12,2006
SURRY,house,90,inperson,13,2231
SURRY,house,90,inperson,14,2403
SURRY,house,90,inperson,15,2653
SURRY,house,90,inperson,18,2541
SURRY,house,90,inperson,19,2977
SURRY,house,90,mail,0,72
SURRY,house,90,mail,1,48
SURRY,house,90,mail,2,3
SURRY,house,90,mail,3,68
SURRY,house,90,mail,4,60
SURRY,house,90,mail,5,70
SURRY,house,90,mail,6,80
SURRY,house,90,mail,7,41
SURRY,house,90,mail,8,66
SURRY,house,90,mail,9,4
SURRY,house,90,mail,10,78
SURRY,house,90,mail,11,46
SURRY,house,90,mail,12,72
SURRY,house,90,mail,13,72
SURRY,house,90,mail,14,18
SURRY,house,90,mail,15,83
SURRY,house,90,mail,16,2
SURRY,house,90,mail,17,33
SURRY,house,90,mail,18,51
SURRY,house,90,mail,19,91
SURRY,house,90,mail,20,29
SURRY,house,90,mail,21,60
SURRY,house,90,mail,22,30
SURRY,house,90,mail,25,33
SURRY,house,90,mail,26,51
SURRY,house,90,mail,27,35
SURRY,house,90,mail,28,16
SURRY,house,90,mail,29,92
SURRY,house,90,mail,31,1
SURRY,house,90,mail,32,34
SURRY,house,90,mail,33,39
SURRY,house,90,mail,34,24
SURRY,house,90,mail,35,9
SURRY,house,90,mail,36,20
SURRY,house,90,mail,38,1
SURRY,house,90,mail,39,3
SURRY,house,90,mail,41,2
SURRY,house,90,mail,42,3
SURRY,house,90,mail,43,3
SURRY,house,90,mail,45,2
SURRY,house,90,mail,46,1
SURRY,senate,36,inperson,3,1532
SURRY,senate,36,inperson,4,2070
SURRY,senate,36,inperson,5,1465
SURRY,senate,36,inperson,6,1721
SURRY,senate,36,inperson,7,1864
SURRY,senate,36,inperson,8,2066
SURRY,senate,36,inperson,11,2132
SURRY,senate,36,inperson,12,2006
SURRY,senate,36,inperson,13,2231
SURRY,senate,36,inperson,14,2403
SURRY,senate,36,inperson,15,2653
SURRY,senate,36,inperson,18,2541
SURRY,senate,36,inperson,19,2977
SURRY,senate,36,mail,0,72
SURRY,senate,36,mail,1,48
SURRY,senate,36,mail,2,3
SURRY,senate,36,mail,3,68
SURRY,senate,36,mail,4,60
SURRY,senate,36,mail,5,70
SURRY,senate,36,mail,6,80
SURRY,senate,36,mail,7,41
SURRY,senate,36,mail,8,66
SURRY,senate,36,mail,9,4
SURRY,senate,36,mail,10,78
SURRY,senate,36,mail,11,46
SURRY,senate,36,mail,12,72
SURRY,senate,36,mail,13,72
SURRY,senate,36,mail,14,18
SURRY,senate,36,mail,15,83
SURRY,senate,36,mail,16,2
SURRY,senate,36,mail,17,33
SURRY,senate,36,mail,18,51
SURRY,senate,36,mail,19,91
SURRY,senate,36,mail,20,29
SURRY,senate,36,mail,21,60
SURRY,senate,36,mail,22,30
SURRY,senate,36,mail,25,33
SURRY,senate,36,mail,26,51
SURRY,senate,36,mail,27,35
SURRY,senate,36,mail,28,16
SURRY,senate,36,mail,29,92
SURRY,senate,36,mail,31,1
SURRY,senate,36,mail,32,34
SURRY,senate,36,mail,33,39
SURRY,senate,36,mail,34,24
SURRY,senate,36,mail,35,9
SURRY,senate,36,mail,36,20
SURRY,senate,36,mail,38,1
SURRY,senate,36,mail,39,3
SURRY,senate,36,mail,41,2
SURRY,senate,36,mail,42,3
SURRY,senate,36,mail,43,3
SURRY,senate,36,mail,45,2
SURRY,senate,36,mail,46,1
SWAIN,house,119,inperson,3,250
SWAIN,house,119,inperson,4,423
SWAIN,house,119,inperson,5,269
SWAIN,house,119,inperson,6,321
SWAIN,house,119,inperson,7,336
SWAIN,house,119,inperson,8,347
SWAIN,house,119,inperson,10,146
SWAIN,house,119,inperson,11,342
SWAIN,house,119,inperson,12,349
SWAIN,house,119,inperson,13,360
SWAIN,house,119,inperson,14,374
SWAIN,house,119,inperson,15,477
SWAIN,house,119,inperson,17,154
SWAIN,house,119,inperson,18,448
SWAIN,house,119,inperson,19,491
SWAIN,house,119,mail,0,27
SWAIN,house,119,mail,1,29
SWAIN,house,119,mail,3,1
SWAIN,house,119,mail,4,7
SWAIN,house,119,mail,5,8
SWAIN,house,119,mail,6,11
SWAIN,house,119,mail,7,13
SWAIN,house,119,mail,8,1
SWAIN,house,119,mail,11,10
SWAIN,house,119,mail,12,13
SWAIN,house,119,mail,13,10
SWAIN,house,119,mail,14,2
SWAIN,house,119,mail,15,10
SWAIN,house,119,mail,18,5
SWAIN,house,119,mail,19,10
SWAIN,house,119,mail,21,6
SWAIN,house,119,mail,22,3
SWAIN,house,119,mail,25,14
SWAIN,house,119,mail,27,2
SWAIN,house,119,mail,28,5
SWAIN,house,119,mail,29,5
SWAIN,house,119,mail,31,1
SWAIN,house,119,mail,32,3
SWAIN,house,119,mail,33,11
SWAIN,house,119,mail,34,3
SWAIN,house,119,mail,36,1
SWAIN,house,119,mail,39,1
SWAIN,house,119,mail,43,1
SWAIN,senate,50,inperson,3,250
SWAIN,senate,50,inperson,4,423
SWAIN,senate,50,inperson,5,269
SWAIN,senate,50,inperson,6,321
SWAIN,senate,50,inperson,7,336
SWAIN,senate,50,inperson,8,347
SWAIN,senate,50,inperson,10,146
SWAIN,senate,50,inperson,11,342
SWAIN,senate,50,inperson,12,349
SWAIN,senate,50,inperson,13,360
SWAIN,senate,50,inperson,14,374
SWAIN,senate,50,inperson,15,477
SWAIN,senate,50,inperson,17,154
SWAIN,senate,50,inperson,18,448
SWAIN,senate,50,inperson,19,491
SWAIN,senate,50,mail,0,27
SWAIN,senate,50,mail,1,29
SWAIN,senate,50,mail,3,1
SWAIN,senate,50,mail,4,7
SWAIN,senate,50,mail,5,8
SWAIN,senate,50,mail,6,11
SWAIN,senate,50,mail,7,13
SWAIN,senate,50,mail,8,1
SWAIN,senate,50,mail,11,10
SWAIN,senate,50,mail,12,13
SWAIN,senate,50,mail,13,10
SWAIN,senate,50,mail,14,2
SWAIN,senate,50,mail,15,10
SWAIN,senate,50,mail,18,5
SWAIN,senate,50,mail,19,10
SWAIN,senate,50,mail,21,6
SWAIN,senate,50,mail,22,3
SWAIN,senate,50,mail,25,14
SWAIN,senate,50,mail,27,2
SWAIN,senate,50,mail,28,5
SWAIN,senate,50,mail,29,5
SWAIN,senate,50,mail,31,1
SWAIN,senate,50,mail,32,3
SWAIN,senate,50,mail,33,11
SWAIN,senate,50,mail,34,3
SWAIN,senate,50,mail,36,1
SWAIN,senate,50,mail,39,1
SWAIN,senate,50,mail,43,1
TRANSYLVANIA,house,119,inperson,3,696
TRANSYLVANIA,house,119,inperson,4,952
TRANSYLVANIA,house,119,inperson,5,699
TRANSYLVANIA,house,119,inperson,6,805
TRANSYLVANIA,house,119,inperson,7,889
TRANSYLVANIA,house,119,inperson,8,937
TRANSYLVANIA,house,119,inperson,10,590
TRANSYLVANIA,house,119,inperson,11,1133
TRANSYLVANIA,house,119,inperson,12,1163
TRANSYLVANIA,house,119,inperson,13,1311
TRANSYLVANIA,house,119,inperson,14,1435
TRANSYLVANIA,house,119,inperson,15,1591
TRANSYLVANIA,house,119,inperson,17,1037
TRANSYLVANIA,house,119,inperson,18,1435
TRANSYLVANIA,house,119,inperson,19,1525
TRANSYLVANIA,house,119,mail,0,33
TRANSYLVANIA,house,119,mail,1,58
TRANSYLVANIA,house,119,mail,3,37
TRANSYLVANIA,house,119,mail,4,70
TRANSYLVANIA,house,119,mail,5,48
TRANSYLVANIA,house,119,mail,6,93
TRANSYLVANIA,house,119,mail,7,23
TRANSYLVANIA,house,119,mail,8,53
TRANSYLVANIA,house,119,mail,10,28
TRANSYLVANIA,house,119,mail,11,74
TRANSYLVANIA,house,119,mail,12,25
TRANSYLVANIA,house,119,mail,13,81
TRANSYLVANIA,house,119,mail,14,31
TRANSYLVANIA,house,119,mail,15,38
TRANSYLVANIA,house,119,mail,17,46
TRANSYLVANIA,house,119,mail,18,33
TRANSYLVANIA,house,119,mail,19,24
TRANSYLVANIA,house,119,mail,20,40
TRANSYLVANIA,house,119,mail,21,27
TRANSYLVANIA,house,119,mail,22,22
TRANSYLVANIA,house,119,mail,24,20
TRANSYLVANIA,house,119,mail,25,30
TRANSYLVANIA,house,119,mail,26,16
TRANSYLVANIA,house,119,mail,27,35
TRANSYLVANIA,house,119,mail,28,20
TRANSYLVANIA,house,119,mail,29,19
TRANSYLVANIA,house,119,mail,30,8
TRANSYLVANIA,house,119,mail,32,10
TRANSYLVANIA,house,119,mail,33,6
TRANSYLVANIA,house,119,mail,34,5
TRANSYLVANIA,house,119,mail,35,9
TRANSYLVANIA,house,119,mail,40,2
TRANSYLVANIA,house,119,mail,41,2
TRANSYLVANIA,house,119,mail,42,2
TRANSYLVANIA,house,119,mail,43,2
TRANSYLVANIA,house,119,mail,45,1
TRANSYLVANIA,house,119,mail,46,3
TRANSYLVANIA,senate,50,inperson,3,696
TRANSYLVANIA,senate,50,inperson,4,952
TRANSYLVANIA,senate,50,inperson,5,699
TRANSYLVANIA,senate,50,inperson,6,805
TRANSYLVANIA,senate,50,inperson,7,889
TRANSYLVANIA,senate,50,inperson,8,937
TRANSYLVANIA,senate,50,inperson,10,590
TRANSYLVANIA,senate,50,inperson,11,1133
TRANSYLVANIA,senate,50,inperson,12,1163
TRANSYLVANIA,senate,50,inperson,13,1311
TRANSYLVANIA,senate,50,inperson,14,1435
TRANSYLVANIA,senate,50,inperson,15,1591
TRANSYLVANIA,senate,50,inperson,17,1037
TRANSYLVANIA,senate,50,inperson,18,1435
TRANSYLVANIA,senate,50,inperson,19,1525
TRANSYLVANIA,senate,50,mail,0,33
TRANSYLVANIA,senate,50,mail,1,58
TRANSYLVANIA,senate,50,mail,3,37
TRANSYLVANIA,senate,50,mail,4,70
TRANSYLVANIA,senate,50,mail,5,48
TRANSYLVANIA,senate,50,mail,6,93
TRANSYLVANIA,senate,50,mail,7,23
TRANSYLVANIA,senate,50,mail,8,53
TRANSYLVANIA,senate,50,mail,10,28
TRANSYLVANIA,senate,50,mail,11,74
TRANSYLVANIA,senate,50,mail,12,25
TRANSYLVANIA,senate,50,mail,13,81
TRANSYLVANIA,senate,50,mail,14,31
TRANSYLVANIA,senate,50,mail,15,38
TRANSYLVANIA,senate,50,mail,17,46
TRANSYLVANIA,senate,50,mail,18,33
TRANSYLVANIA,senate,50,mail,19,24
TRANSYLVANIA,senate,50,mail,20,40
TRANSYLVANIA,senate,50,mail,21,27
TRANSYLVANIA,senate,50,mail,22,22
TRANSYLVANIA,senate,50,mail,24,20
TRANSYLVANIA,senate,50,mail,25,30
TRANSYLVANIA,senate,50,mail,26,16
TRANSYLVANIA,senate,50,mail,27,35
TRANSYLVANIA,senate,50,mail,28,20
TRANSYLVANIA,senate,50,mail,29,19
TRANSYLVANIA,senate,50,mail,30,8
TRANSYLVANIA,senate,50,mail,32,10
TRANSYLVANIA,senate,50,mail,33,6
TRANSYLVANIA,senate,50,mail,34,5
TRANSYLVANIA,senate,50,mail,35,9
TRANSYLVANIA,senate,50,mail,40,2
TRANSYLVANIA,senate,50,mail,41,2
TRANSYLVANIA,senate,50,mail,42,2
TRANSYLVANIA,senate,50,mail,43,2
TRANSYLVANIA,senate,50,mail,45,1
TRANSYLVANIA,senate,50,mail,46,3
TYRRELL,house,1,inperson,3,96
TYRRELL,house,1,inperson,4,110
TYRRELL,house,1,inperson,5,61
TYRRELL,house,1,inperson,6,70
TYRRELL,house,1,inperson,7,61
TYRRELL,house,1,inperson,8,81
TYRRELL,house,1,inperson,11,93
TYRRELL,house,1,inperson,12,73
TYRRELL,house,1,inperson,13,85
TYRRELL,house,1,inperson,14,74
TYRRELL,house,1,inperson,15,93
TYRRELL,house,1,inperson,18,126
TYRRELL,house,1,inperson,19,132
TYRRELL,house,1,mail,0,8
TYRRELL,house,1,mail,1,9
TYRRELL,senate,1,inperson,3,96
TYRRELL,senate,1,inperson,4,110
TYRRELL,senate,1,inperson,5,61
TYRRELL,senate,1,inperson,6,70
TYRRELL,senate,1,inperson,7,61
TYRRELL,senate,1,inperson,8,81
TYRRELL,senate,1,inperson,11,93
TYRRELL,senate,1,inperson,12,73
TYRRELL,senate,1,inperson,13,85
TYRRELL,senate,1,inperson,14,74
TYRRELL,senate,1,inperson,15,93
TYRRELL,senate,1,inperson,18,126
TYRRELL,senate,1,inperson,19,132
TYRRELL,senate,1,mail,0,8
TYRRELL,senate,1,mail,1,9
UNION,house,55,inperson,3,1241
UNION,house,55,inperson,4,1501
UNION,house,55,inperson,5,1187
UNION,house,55,inperson,6,1249
UNION,house,55,inperson,7,1399
UNION,house,55,inperson,8,1346
UNION,house,55,inperson,9,581
UNION,house,55,inperson,10,754
UNION,house,55,inperson,11,1416
UNION,house,55,inperson,12,1463
UNION,house,55,inperson,13,1524
UNION,house,55,inperson,14,1640
UNION,house,55,inperson,15,1586
UNION,house,55,inperson,16,536
UNION,house,55,inperson,17,946
UNION,house,55,inperson,18,1617
UNION,house,55,inperson,19,1712
UNION,house,55,mail,0,46
UNION,house,55,mail,1,70
UNION,house,55,mail,2,18
UNION,house,55,mail,3,44
UNION,house,55,mail,4,46
UNION,house,55,mail,5,51
UNION,house,55,mail,6,66
UNION,house,55,mail,7,1
UNION,house,55,mail,8,2
UNION,house,55,mail,9,20
UNION,house,55,mail,11,52
UNION,house,55,mail,12,23
UNION,house,55,mail,13,24
UNION,house,55,mail,14,16
UNION,house,55,mail,15,48
UNION,house,55,mail,17,21
UNION,house,55,mail,18,17
UNION,house,55,mail,19,7
UNION,house,55,mail,20,57
UNION,house,55,mail,21,8
UNION,house,55,mail,22,10
UNION,house,55,mail,24,2
UNION,house,55,mail,25,12
UNION,house,55,mail,26,12
UNION,house,55,mail,27,8
UNION,house,55,mail,28,27
UNION,house,55,mail,29,77
UNION,house,55,mail,31,1
UNION,house,55,mail,32,35
UNION,house,55,mail,34,23
UNION,house,55,mail,36,22
UNION,house,68,inperson,3,2418
UNION,house,68,inperson,4,3408
UNION,house,68,inperson,5,2292
UNION,house,68,inperson,6,2329
UNION,house,68,inperson,7,2374
UNION,house,68,inperson,8,2556
UNION,house,68,inperson,9,1303
UNION,house,68,inperson,10,1564
UNION,house,68,inperson,11,3157
UNION,house,68,inperson,12,2602
UNION,house,68,inperson,13,2677
UNION,house,68,inperson,14,3052
UNION,house,68,inperson,15,3501
UNION,house,68,inperson,16,1532
UNION,house,68,inperson,17,2047
UNION,house,68,inperson,18,3847
UNION,house,68,inperson,19,3883
UNION,house,68,mail,0,240
UNION,house,68,mail,1,341
UNION,house,68,mail,2,99
UNION,house,68,mail,3,228
UNION,house,68,mail,4,230
UNION,house,68,mail,5,200
UNION,house,68,mail,6,344
UNION,house,68,mail,7,8
UNION,house,68,mail,8,3
UNION,house,68,mail,9,126
UNION,house,68,mail,11,306
UNION,house,68,mail,12,64
UNION,house,68,mail,13,91
UNION,house,68,mail,14,89
UNION,house,68,mail,15,233
UNION,house,68,mail,16,1
UNION,house,68,mail,17,110
UNION,house,68,mail,18,89
UNION,house,68,mail,19,41
UNION,house,68,mail,20,133
UNION,house,68,mail,21,37
UNION,house,68,mail,22,25
UNION,house,68,mail,24,6
UNION,house,68,mail,25,38
UNION,house,68,mail,26,94
UNION,house,68,mail,27,40
UNION,house,68,mail,28,13
UNION,house,68,mail,29,98
UNION,house,68,mail,32,96
UNION,house,68,mail,34,42
UNION,house,68,mail,36,85
UNION,house,69,inperson,3,2223
UNION,house,69,inperson,4,2904
UNION,house,69,inperson,5,2150
UNION,house,69,inperson,6,2548
UNION,house,69,inperson,7,2510
UNION,house,69,inperson,8,2792
UNION,house,69,inperson,9,1203
UNION,house,69,inperson,10,1830
UNION,house,69,inperson,11,2817
UNION,house,69,inperson,12,2791
UNION,house,69,inperson,13,2953
UNION,house,69,inperson,14,2993
UNION,house,69,inperson,15,3135
UNION,house,69,inperson,16,1132
UNION,house,69,inperson,17,1737
UNION,house,69,inperson,18,3051
UNION,house,69,inperson,19,2862
UNION,house,69,mail,0,173
UNION,house,69,mail,1,248
UNION,house,69,mail,2,64
UNION,house,69,mail,3,167
UNION,house,69,mail,4,176
UNION,house,69,mail,5,130
UNION,house,69,mail,6,206
UNION,house,69,mail,7,12
UNION,house,69,mail,8,6
UNION,house,69,mail,9,69
UNION,house,69,mail,11,196
UNION,house,69,mail,12,49
UNION,house,69,mail,13,109
UNION,house,69,mail,14,48
UNION,house,69,mail,15,103
UNION,house,69,mail,16,1
UNION,house,69,mail,17,99
UNION,house,69,mail,18,51
UNION,house,69,mail,19,37
UNION,house,69,mail,20,114
UNION,house,69,mail,21,33
UNION,house,69,mail,22,21
UNION,house,69,mail,24,12
UNION,house,69,mail,25,53
UNION,house,69,mail,26,60
UNION,house,69,mail,27,19
UNION,house,69,mail,28,19
UNION,house,69,mail,29,104
UNION,house,69,mail,32,124
UNION,house,69,mail,33,3
UNION,house,69,mail,34,33
UNION,house,69,mail,36,63
UNION,senate,29,inperson,3,528
UNION,senate,29,inperson,4,622
UNION,senate,29,inperson,5,533
UNION,senate,29,inperson,6,543
UNION,senate,29,inperson,7,539
UNION,senate,29,inperson,8,558
UNION,senate,29,inperson,9,195
UNION,senate,29,inperson,10,309
UNION,senate,29,inperson,11,567
UNION,senate,29,inperson,12,599
UNION,senate,29,inperson,13,603
UNION,senate,29,inperson,14,668
UNION,senate,29,inperson,15,615
UNION,senate,29,inperson,16,232
UNION,senate,29,inperson,17,359
UNION,senate,29,inperson,18,638
UNION,senate,29,inperson,19,744
UNION,senate,29,mail,0,16
UNION,senate,29,mail,1,42
UNION,senate,29,mail,2,6
UNION,senate,29,mail,3,12
UNION,senate,29,mail,4,17
UNION,senate,29,mail,5,23
UNION,senate,29,mail,6,20
UNION,senate,29,mail,8,2
UNION,senate,29,mail,9,2
UNION,senate,29,mail,11,12
UNION,senate,29,mail,12,14
UNION,senate,29,mail,13,12
UNION,senate,29,mail,14,3
UNION,senate,29,mail,15,15
UNION,senate,29,mail,17,4
UNION,senate,29,mail,18,9
UNION,senate,29,mail,19,2
UNION,senate,29,mail,20,38
UNION,senate,29,mail,21,4
UNION,senate,29,mail,22,2
UNION,senate,29,mail,24,1
UNION,senate,29,mail,25,4
UNION,senate,29,mail,26,5
UNION,senate,29,mail,27,3
UNION,senate,29,mail,28,24
UNION,senate,29,mail,29,28
UNION,senate,29,mail,31,1
UNION,senate,29,mail,32,10
UNION,senate,29,mail,34,17
UNION,senate,29,mail,36,7
UNION,senate,35,inperson,3,5354
UNION,senate,35,inperson,4,7191
UNION,senate,35,inperson,5,5096
UNION,senate,35,inperson,6,5583
UNION,senate,35,inperson,7,5744
UNION,senate,35,inperson,8,6136
UNION,senate,35,inperson,9,2892
UNION,senate,35,inperson,10,3839
UNION,senate,35,inperson,11,6823
UNION,senate,35,inperson,12,6257
UNION,senate,35,inperson,13,6551
UNION,senate,35,inperson,14,7017
UNION,senate,35,inperson,15,7607
UNION,senate,35,inperson,16,2968
UNION,senate,35,inperson,17,4371
UNION,senate,35,inperson,18,7877
UNION,senate,35,inperson,19,7713
UNION,senate,35,mail,0,443
UNION,senate,35,mail,1,617
UNION,senate,35,mail,2,175
UNION,senate,35,mail,3,427
UNION,senate,35,mail,4,435
UNION,senate,35,mail,5,358
UNION,senate,35,mail,6,596
UNION,senate,35,mail,7,21
UNION,senate,35,mail,8,9
UNION,senate,35,mail,9,213
UNION,senate,35,mail,11,542
UNION,senate,35,mail,12,122
UNION,senate,35,mail,13,212
UNION,senate,35,mail,14,150
UNION,senate,35,mail,15,369
UNION,senate,35,mail,16,2
UNION,senate,35,mail,17,226
UNION,senate,35,mail,18,148
UNION,senate,35,mail,19,83
UNION,senate,35,mail,20,266
UNION,senate,35,mail,21,74
UNION,senate,35,mail,22,54
UNION,senate,35,mail,24,19
UNION,senate,35,mail,25,99
UNION,senate,35,mail,26,161
UNION,senate,35,mail,27,64
UNION,senate,35,mail,28,35
UNION,senate,35,mail,29,251
UNION,senate,35,mail,32,245
UNION,senate,35,mail,33,3
UNION,senate,35,mail,34,81
UNION,senate,35,mail,36,163
VANCE,house,32,inperson,3,606
VANCE,house,32,inperson,4,688
VANCE,house,32,inperson,5,433
VANCE,house,32,inperson,6,509
VANCE,house,32,inperson,7,562
VANCE,house,32,inperson,8,718
VANCE,house,32,inperson,11,632
VANCE,house,32,inperson,12,561
VANCE,house,32,inperson,13,624
VANCE,house,32,inperson,14,742
VANCE,house,32,inperson,15,1002
VANCE,house,32,inperson,18,828
VANCE,house,32,inperson,19,1091
VANCE,house,32,mail,0,17
VANCE,house,32,mail,1,17
VANCE,house,32,mail,3,17
VANCE,house,32,mail,4,17
VANCE,house,32,mail,5,22
VANCE,house,32,mail,6,20
VANCE,house,32,mail,7,15
VANCE,house,32,mail,8,39
VANCE,house,32,mail,11,18
VANCE,house,32,mail,12,28
VANCE,house,32,mail,13,37
VANCE,house,32,mail,14,14
VANCE,house,32,mail,15,23
VANCE,house,32,mail,18,22
VANCE,house,32,mail,19,8
VANCE,house,32,mail,20,2
VANCE,house,32,mail,21,13
VANCE,house,32,mail,25,8
VANCE,house,32,mail,26,10
VANCE,house,32,mail,27,5
VANCE,house,32,mail,28,14
VANCE,house,32,mail,29,5
VANCE,house,32,mail,32,7
VANCE,house,32,mail,33,6
VANCE,house,32,mail,34,7
VANCE,house,32,mail,35,3
VANCE,house,32,mail,36,1
VANCE,house,32,mail,39,6
VANCE,house,32,mail,40,1
VANCE,house,7,inperson,3,458
VANCE,house,7,inperson,4,427
VANCE,house,7,inperson,5,265
VANCE,house,7,inperson,6,349
VANCE,house,7,inperson,7,385
VANCE,house,7,inperson,8,453
VANCE,house,7,inperson,11,410
VANCE,house,7,inperson,12,428
VANCE,house,7,inperson,13,394
VANCE,house,7,inperson,14,457
VANCE,house,7,inperson,15,702
VANCE,house,7,inperson,18,555
VANCE,house,7,inperson,19,714
VANCE,house,7,mail,0,10
VANCE,house,7,mail,1,16
VANCE,house,7,mail,3,12
VANCE,house,7,mail,4,12
VANCE,house,7,mail,5,24
VANCE,house,7,mail,6,15
VANCE,house,7,mail,7,7
VANCE,house,7,mail,8,17
VANCE,house,7,mail,11,11
VANCE,house,7,mail,12,10
VANCE,house,7,mail,13,16
VANCE,house,7,mail,14,9
VANCE,house,7,mail,15,15
VANCE,house,7,mail,18,5
VANCE,house,7,mail,19,14
VANCE,house,7,mail,20,2
VANCE,house,7,mail,21,7
VANCE,house,7,mail,25,4
VANCE,house,7,mail,26,9
VANCE,house,7,mail,27,8
VANCE,house,7,mail,28,3
VANCE,house,7,mail,29,3
VANCE,house,7,mail,32,1
VANCE,house,7,mail,33,3
VANCE,house,7,mail,34,1
VANCE,house,7,mail,36,2
VANCE,house,7,mail,39,4
VANCE,senate,11,inperson,3,1064
VANCE,senate,11,inperson,4,1115
VANCE,senate,11,inperson,5,698
VANCE,senate,11,inperson,6,858
VANCE,senate,11,inperson,7,947
VANCE,senate,11,inperson,8,1171
VANCE,senate,11,inperson,11,1042
VANCE,senate,11,inperson,12,989
VANCE,senate,11,inperson,13,1018
VANCE,senate,11,inperson,14,1199
VANCE,senate,11,inperson,15,1704
VANCE,senate,11,inperson,18,1383
VANCE,senate,11,inperson,19,1805
VANCE,senate,11,mail,0,27
VANCE,senate,11,mail,1,33
VANCE,senate,11,mail,3,29
VANCE,senate,11,mail,4,29
VANCE,senate,11,mail,5,46
VANCE,senate,11,mail,6,35
VANCE,senate,11,mail,7,22
VANCE,senate,11,mail,8,56
VANCE,senate,11,mail,11,29
VANCE,senate,11,mail,12,38
VANCE,senate,11,mail,13,53
VANCE,senate,11,mail,14,23
VANCE,senate,11,mail,15,38
VANCE,senate,11,mail,18,27
VANCE,senate,11,mail,19,22
VANCE,senate,11,mail,20,4
VANCE,senate,11,mail,21,20
VANCE,senate,11,mail,25,12
VANCE,senate,11,mail,26,19
VANCE,senate,11,mail,27,13
VANCE,senate,11,mail,28,17
VANCE,senate,11,mail,29,8
VANCE,senate,11,mail,32,8
VANCE,senate,11,mail,33,9
VANCE,senate,11,mail,34,8
VANCE,senate,11,mail,35,3
VANCE,senate,11,mail,36,3
VANCE,senate,11,mail,39,10
VANCE,senate,11,mail,40,1
WAKE,house,11,inperson,3,1714
WAKE,house,11,inperson,4,2544
WAKE,house,11,inperson,5,2249
WAKE,house,11,inperson,6,2420
WAKE,house,11,inperson,7,2384
WAKE,house,11,inperson,8,2391
WAKE,house,11,inperson,9,908
WAKE,house,11,inperson,10,1362
WAKE,house,11,inperson,11,2341
WAKE,house,11,inperson,12,2428
WAKE,house,11,inperson,13,2568
WAKE,house,11,inperson,14,2502
WAKE,house,11,inperson,15,2392
WAKE,house,11,inperson,16,879
WAKE,house,11,inperson,17,1298
WAKE,house,11,inperson,18,2081
WAKE,house,11,inperson,19,1994
WAKE,house,11,mail,0,386
WAKE,house,11,mail,1,254
WAKE,house,11,mail,2,9
WAKE,house,11,mail,3,550
WAKE,house,11,mail,4,184
WAKE,house,11,mail,5,190
WAKE,house,11,mail,6,92
WAKE,house,11,mail,7,32
WAKE,house,11,mail,8,27
WAKE,house,11,mail,9,173
WAKE,house,11,mail,10,187
WAKE,house,11,mail,11,139
WAKE,house,11,mail,12,331
WAKE,house,11,mail,13,30
WAKE,house,11,mail,14,12
WAKE,house,11,mail,15,17
WAKE,house,11,mail,16,83
WAKE,house,11,mail,17,156
WAKE,house,11,mail,18,193
WAKE,house,11,mail,19,156
WAKE,house,11,mail,20,16
WAKE,house,11,mail,22,14
WAKE,house,11,mail,24,32
WAKE,house,11,mail,25,179
WAKE,house,11,mail,26,9
WAKE,house,11,mail,27,123
WAKE,house,11,mail,28,49
WAKE,house,11,mail,29,117
WAKE,house,11,mail,31,59
WAKE,house,11,mail,32,53
WAKE,house,11,mail,33,73
WAKE,house,11,mail,34,58
WAKE,house,11,mail,35,14
WAKE,house,11,mail,36,17
WAKE,house,11,mail,38,6
WAKE,house,11,mail,39,16
WAKE,house,11,mail,41,100
WAKE,house,11,mail,42,1
WAKE,house,11,mail,43,18
WAKE,house,21,inperson,3,2301
WAKE,house,21,inperson,4,2796
WAKE,house,21,inperson,5,2319
WAKE,house,21,inperson,6,2486
WAKE,house,21,inperson,7,2351
WAKE,house,21,inperson,8,2360
WAKE,house,21,inperson,9,1295
WAKE,house,21,inperson,10,1670
WAKE,house,21,inperson,11,2479
WAKE,house,21,inperson,12,2195
WAKE,house,21,inperson,13,2238
WAKE,house,21,inperson,14,2078
WAKE,house,21,inperson,15,1923
WAKE,house,21,inperson,16,1005
WAKE,house,21,inperson,17,1535
WAKE,house,21,inperson,18,2022
WAKE,house,21,inperson,19,1820
WAKE,house,21,mail,0,444
WAKE,house,21,mail,1,274
WAKE,house,21,mail,2,10
WAKE,house,21,mail,3,749
WAKE,house,21,mail,4,213
WAKE,house,21,mail,5,219
WAKE,house,21,mail,6,138
WAKE,house,21,mail,7,68
WAKE,house,21,mail,8,18
WAKE,house,21,mail,9,170
WAKE,house,21,mail,10,246
WAKE,house,21,mail,11,151
WAKE,house,21,mail,12,393
WAKE,house,21,mail,13,16
WAKE,house,21,mail,14,14
WAKE,house,21,mail,15,11
WAKE,house,21,mail,16,87
WAKE,house,21,mail,17,163
WAKE,house,21,mail,18,178
WAKE,house,21,mail,19,176
WAKE,house,21,mail,20,18
WAKE,house,21,mail,22,12
WAKE,house,21,mail,24,41
WAKE,house,21,mail,25,170
WAKE,house,21,mail,26,12
WAKE,house,21,mail,27,98
WAKE,house,21,mail,28,26
WAKE,house,21,mail,29,95
WAKE,house,21,mail,31,29
WAKE,house,21,mail,32,50
WAKE,house,21,mail,33,52
WAKE,house,21,mail,34,59
WAKE,house,21,mail,35,18
WAKE,house,21,mail,36,8
WAKE,house,21,mail,38,6
WAKE,house,21,mail,39,34
WAKE,house,21,mail,41,32
WAKE,house,21,mail,42,1
WAKE,house,21,mail,43,13
WAKE,house,33,inperson,3,2383
WAKE,house,33,inperson,4,2783
WAKE,house,33,inperson,5,1927
WAKE,house,33,inperson,6,2019
WAKE,house,33,inperson,7,2090
WAKE,house,33,inperson,8,2225
WAKE,house,33,inperson,9,1016
WAKE,house,33,inperson,10,1266
WAKE,house,33,inperson,11,2033
WAKE,house,33,inperson,12,1971
WAKE,house,33,inperson,13,2111
WAKE,house,33,inperson,14,2291
WAKE,house,33,inperson,15,2458
WAKE,house,33,inperson,16,1111
WAKE,house,33,inperson,17,1456
WAKE,house,33,inperson,18,2341
WAKE,house,33,inperson,19,2560
WAKE,house,33,mail,0,286
WAKE,house,33,mail,1,143
WAKE,house,33,mail,2,3
WAKE,house,33,mail,3,333
WAKE,house,33,mail,4,83
WAKE,house,33,mail,5,89
WAKE,house,33,mail,6,43
WAKE,house,33,mail,7,28
WAKE,house,33,mail,8,7
WAKE,house,33,mail,9,77
WAKE,house,33,mail,10,129
WAKE,house,33,mail,11,95
WAKE,house,33,mail,12,166
WAKE,house,33,mail,13,6
WAKE,house,33,mail,14,4
WAKE,house,33,mail,15,9
WAKE,house,33,mail,16,44
WAKE,house,33,mail,17,79
WAKE,house,33,mail,18,100
WAKE,house,33,mail,19,69
WAKE,house,33,mail,20,10
WAKE,house,33,mail,22,7
WAKE,house,33,mail,24,25
WAKE,house,33,mail,25,108
WAKE,house,33,mail,26,4
WAKE,house,33,mail,27,66
WAKE,house,33,mail,28,24
WAKE,house,33,mail,29,42
WAKE,house,33,mail,31,31
WAKE,house,33,mail,32,36
WAKE,house,33,mail,33,42
WAKE,house,33,mail,34,26
WAKE,house,33,mail,35,7
WAKE,house,33,mail,36,4
WAKE,house,33,mail,38,4
WAKE,house,33,mail,39,3
WAKE,house,33,mail,41,31
WAKE,house,33,mail,43,4
WAKE,house,34,inperson,3,1966
WAKE,house,34,inperson,4,2896
WAKE,house,34,inperson,5,2087
WAKE,house,34,inperson,6,2223
WAKE,house,34,inperson,7,2301
WAKE,house,34,inperson,8,2330
WAKE,house,34,inperson,9,935
WAKE,house,34,inperson,10,1130
WAKE,house,34,inperson,11,2272
WAKE,house,34,inperson,12,2156
WAKE,house,34,inperson,13,2241
WAKE,house,34,inperson,14,2429
WAKE,house,34,inperson,15,2501
WAKE,house,34,inperson,16,1109
WAKE,house,34,inperson,17,1420
WAKE,house,34,inperson,18,2585
WAKE,house,34,inperson,19,2619
WAKE,house,34,mail,0,397
WAKE,house,34,mail,1,204
WAKE,house,34,mail,2,7
WAKE,house,34,mail,3,519
WAKE,house,34,mail,4,147
WAKE,house,34,mail,5,182
WAKE,house,34,mail,6,81
WAKE,house,34,mail,7,42
WAKE,house,34,mail,8,19
WAKE,house,34,mail,9,205
WAKE,house,34,mail,10,187
WAKE,house,34,mail,11,132
WAKE,house,34,mail,12,242
WAKE,house,34,mail,13,28
WAKE,house,34,mail,14,11
WAKE,house,34,mail,15,23
WAKE,house,34,mail,16,84
WAKE,house,34,mail,17,160
WAKE,house,34,mail,18,106
WAKE,house,34,mail,19,124
WAKE,house,34,mail,20,16
WAKE,house,34,mail,22,16
WAKE,house,34,mail,24,59
WAKE,house,34,mail,25,147
WAKE,house,34,mail,26,11
WAKE,house,34,mail,27,72
WAKE,house,34,mail,28,23
WAKE,house,34,mail,29,72
WAKE,house,34,mail,31,41
WAKE,house,34,mail,32,50
WAKE,house,34,mail,33,56
WAKE,house,34,mail,34,55
WAKE,house,34,mail,35,14
WAKE,house,34,mail,36,10
WAKE,house,34,mail,38,5
WAKE,house,34,mail,39,12
WAKE,house,34,mail,41,80
WAKE,house,34,mail,42,1
WAKE,house,34,mail,43,14
WAKE,house,35,inperson,3,2095
WAKE,house,35,inperson,4,3286
WAKE,house,35,inperson,5,2405
WAKE,house,35,inperson,6,2668
WAKE,house,35,inperson,7,2733
WAKE,house,35,inperson,8,2920
WAKE,house,35,inperson,9,1162
WAKE,house,35,inperson,10,1500
WAKE,house,35,inperson,11,3000
WAKE,house,35,inperson,12,2941
WAKE,house,35,inperson,13,3015
WAKE,house,35,inperson,14,3149
WAKE,house,35,inperson,15,2976
WAKE,house,35,inperson,16,1356
WAKE,house,35,inperson,17,1686
WAKE,house,35,inperson,18,2799
WAKE,house,35,inperson,19,2394
WAKE,house,35,mail,0,429
WAKE,house,35,mail,1,289
WAKE,house,35,mail,2,11
WAKE,house,35,mail,3,733
WAKE,house,35,mail,4,233
WAKE,house,35,mail,5,227
WAKE,house,35,mail,6,128
WAKE,house,35,mail,7,62
WAKE,house,35,mail,8,16
WAKE,house,35,mail,9,250
WAKE,house,35,mail,10,243
WAKE,house,35,mail,11,187
WAKE,house,35,mail,12,439
WAKE,house,35,mail,13,22
WAKE,house,35,mail,14,29
WAKE,house,35,mail,15,10
WAKE,house,35,mail,16,92
WAKE,house,35,mail,17,222
WAKE,house,35,mail,18,164
WAKE,house,35,mail,19,201
WAKE,house,35,mail,20,20
WAKE,house,35,mail,22,8
WAKE,house,35,mail,24,75
WAKE,house,35,mail,25,231
WAKE,house,35,mail,26,10
WAKE,house,35,mail,27,111
WAKE,house,35,mail,28,26
WAKE,house,35,mail,29,123
WAKE,house,35,mail,31,60
WAKE,house,35,mail,32,59
WAKE,house,35,mail,33,95
WAKE,house,35,mail,34,60
WAKE,house,35,mail,35,13
WAKE,house,35,mail,36,7
WAKE,house,35,mail,38,4
WAKE,house,35,mail,39,11
WAKE,house,35,mail,41,52
WAKE,house,35,mail,43,17
WAKE,house,36,inperson,3,1908
WAKE,house,36,inperson,4,2901
WAKE,house,36,inperson,5,2425
WAKE,house,36,inperson,6,2571
WAKE,house,36,inperson,7,2709
WAKE,house,36,inperson,8,2618
WAKE,house,36,inperson,9,1084
WAKE,house,36,inperson,10,1487
WAKE,house,36,inperson,11,2692
WAKE,house,36,inperson,12,2517
WAKE,house,36,inperson,13,2717
WAKE,house,36,inperson,14,2525
WAKE,house,36,inperson,15,2556
WAKE,house,36,inperson,16,1023
WAKE,house,36,inperson,17,1603
WAKE,house,36,inperson,18,2488
WAKE,house,36,inperson,19,2214
WAKE,house,36,mail,0,458
WAKE,house,36,mail,1,279
WAKE,house,36,mail,2,14
WAKE,house,36,mail,3,723
WAKE,house,36,mail,4,240
WAKE,house,36,mail,5,207
WAKE,house,36,mail,6,110
WAKE,house,36,mail,7,52
WAKE,house,36,mail,8,20
WAKE,house,36,mail,9,223
WAKE,house,36,mail,10,248
WAKE,house,36,mail,11,147
WAKE,house,36,mail,12,394
WAKE,house,36,mail,13,18
WAKE,house,36,mail,14,10
WAKE,house,36,mail,15,13
WAKE,house,36,mail,16,87
WAKE,house,36,mail,17,182
WAKE,house,36,mail,18,191
WAKE,house,36,mail,19,202
WAKE,house,36,mail,20,17
WAKE,house,36,mail,22,18
WAKE,house,36,mail,24,72
WAKE,house,36,mail,25,205
WAKE,house,36,mail,26,6
WAKE,house,36,mail,27,83
WAKE,house,36,mail,28,45
WAKE,house,36,mail,29,110
WAKE,house,36,mail,31,50
WAKE,house,36,mail,32,45
WAKE,house,36,mail,33,70
WAKE,house,36,mail,34,38
WAKE,house,36,mail,35,13
WAKE,house,36,mail,36,7
WAKE,house,36,mail,38,1
WAKE,house,36,mail,39,13
WAKE,house,36,mail,41,53
WAKE,house,36,mail,43,19
WAKE,house,37,inperson,3,2334
WAKE,house,37,inperson,4,3373
WAKE,house,37,inperson,5,2460
WAKE,house,37,inperson,6,2752
WAKE,house,37,inperson,7,2807
WAKE,house,37,inperson,8,2982
WAKE,house,37,inperson,9,1219
WAKE,house,37,inperson,10,1749
WAKE,house,37,inperson,11,2812
WAKE,house,37,inperson,12,2906
WAKE,house,37,inperson,13,2985
WAKE,house,37,inperson,14,3120
WAKE,house,37,inperson,15,3019
WAKE,house,37,inperson,16,1320
WAKE,house,37,inperson,17,1899
WAKE,house,37,inperson,18,2939
WAKE,house,37,inperson,19,2799
WAKE,house,37,mail,0,362
WAKE,house,37,mail,1,234
WAKE,house,37,mail,2,9
WAKE,house,37,mail,3,655
WAKE,house,37,mail,4,205
WAKE,house,37,mail,5,195
WAKE,house,37,mail,6,90
WAKE,house,37,mail,7,56
WAKE,house,37,mail,8,13
WAKE,house,37,mail,9,181
WAKE,house,37,mail,10,228
WAKE,house,37,mail,11,142
WAKE,house,37,mail,12,355
WAKE,house,37,mail,13,14
WAKE,house,37,mail,14,23
WAKE,house,37,mail,15,7
WAKE,house,37,mail,16,78
WAKE,house,37,mail,17,186
WAKE,house,37,mail,18,185
WAKE,house,37,mail,19,197
WAKE,house,37,mail,20,15
WAKE,house,37,mail,22,9
WAKE,house,37,mail,24,58
WAKE,house,37,mail,25,200
WAKE,house,37,mail,26,7
WAKE,house,37,mail,27,111
WAKE,house,37,mail,28,29
WAKE,house,37,mail,29,123
WAKE,house,37,mail,31,44
WAKE,house,37,mail,32,45
WAKE,house,37,mail,33,48
WAKE,house,37,mail,34,32
WAKE,house,37,mail,35,15
WAKE,house,37,mail,36,2
WAKE,house,37,mail,38,2
WAKE,house,37,mail,39,2
WAKE,house,37,mail,41,36
WAKE,house,37,mail,42,3
WAKE,house,37,mail,43,15
WAKE,house,38,inperson,3,2021
WAKE,house,38,inperson,4,2435
WAKE,house,38,inperson,5,1674
WAKE,house,38,inperson,6,1663
WAKE,house,38,inperson,7,1666
WAKE,house,38,inperson,8,1830
WAKE,house,38,inperson,9,799
WAKE,house,38,inperson,10,1011
WAKE,house,38,inperson,11,1755
WAKE,house,38,inperson,12,1640
WAKE,house,38,inperson,13,1713
WAKE,house,38,inperson,14,1779
WAKE,house,38,inperson,15,1948
WAKE,house,38,inperson,16,802
WAKE,house,38,inperson,17,1121
WAKE,house,38,inperson,18,1945
WAKE,house,38,inperson,19,2187
WAKE,house,38,mail,0,247
WAKE,house,38,mail,1,146
WAKE,house,38,mail,2,8
WAKE,house,38,mail,3,265
WAKE,house,38,mail,4,112
WAKE,house,38,mail,5,95
WAKE,house,38,mail,6,33
WAKE,house,38,mail,7,38
WAKE,house,38,mail,8,13
WAKE,house,38,mail,9,74
WAKE,house,38,mail,10,97
WAKE,house,38,mail,11,88
WAKE,house,38,mail,12,99
WAKE,house,38,mail,13,15
WAKE,house,38,mail,14,11
WAKE,house,38,mail,15,8
WAKE,house,38,mail,16,39
WAKE,house,38,mail,17,77
WAKE,house,38,mail,18,52
WAKE,house,38,mail,19,56
WAKE,house,38,mail,20,8
WAKE,house,38,mail,22,8
WAKE,house,38,mail,24,33
WAKE,house,38,mail,25,75
WAKE,house,38,mail,26,5
WAKE,house,38,mail,27,35
WAKE,house,38,mail,28,17
WAKE,house,38,mail,29,34
WAKE,house,38,mail,31,26
WAKE,house,38,mail,32,21
WAKE,house,38,mail,33,16
WAKE,house,38,mail,34,18
WAKE,house,38,mail,35,5
WAKE,house,38,mail,36,4
WAKE,house,38,mail,38,3
WAKE,house,38,mail,39,14
WAKE,house,38,mail,41,50
WAKE,house,38,mail,43,10
WAKE,house,39,inperson,3,2491
WAKE,house,39,inperson,4,3085
WAKE,house,39,inperson,5,1919
WAKE,house,39,inperson,6,2144
WAKE,house,39,inperson,7,2264
WAKE,house,39,inperson,8,2496
WAKE,house,39,inperson,9,1078
WAKE,house,39,inperson,10,1383
WAKE,house,39,inperson,11,2504
WAKE,house,39,inperson,12,2277
WAKE,house,39,inperson,13,2274
WAKE,house,39,inperson,14,2547
WAKE,house,39,inperson,15,3053
WAKE,house,39,inperson,16,1389
WAKE,house,39,inperson,17,1763
WAKE,house,39,inperson,18,3271
WAKE,house,39,inperson,19,3833
WAKE,house,39,mail,0,260
WAKE,house,39,mail,1,198
WAKE,house,39,mail,2,6
WAKE,house,39,mail,3,357
WAKE,house,39,mail,4,117
WAKE,house,39,mail,5,149
WAKE,house,39,mail,6,38
WAKE,house,39,mail,7,50
WAKE,house,39,mail,8,12
WAKE,house,39,mail,9,112
WAKE,house,39,mail,10,105
WAKE,house,39,mail,11,108
WAKE,house,39,mail,12,161
WAKE,house,39,mail,13,11
WAKE,house,39,mail,14,12
WAKE,house,39,mail,15,7
WAKE,house,39,mail,16,54
WAKE,house,39,mail,17,111
WAKE,house,39,mail,18,104
WAKE,house,39,mail,19,94
WAKE,house,39,mail,20,13
WAKE,house,39,mail,22,5
WAKE,house,39,mail,24,18
WAKE,house,39,mail,25,115
WAKE,house,39,mail,26,2
WAKE,house,39,mail,27,47
WAKE,house,39,mail,28,20
WAKE,house,39,mail,29,56
WAKE,house,39,mail,31,24
WAKE,house,39,mail,32,30
WAKE,house,39,mail,33,41
WAKE,house,39,mail,34,21
WAKE,house,39,mail,35,5
WAKE,house,39,mail,36,6
WAKE,house,39,mail,38,1
WAKE,house,39,mail,39,4
WAKE,house,39,mail,41,21
WAKE,house,39,mail,42,1
WAKE,house,39,mail,43,4
WAKE,house,40,inperson,3,1888
WAKE,house,40,inperson,4,2808
WAKE,house,40,inperson,5,2437
WAKE,house,40,inperson,6,2399
WAKE,house,40,inperson,7,2527
WAKE,house,40,inperson,8,2551
WAKE,house,40,inperson,9,1061
WAKE,house,40,inperson,10,1299
WAKE,house,40,inperson,11,2734
WAKE,house,40,inperson,12,2709
WAKE,house,40,inperson,13,2598
WAKE,house,40,inperson,14,2761
WAKE,house,40,inperson,15,2762
WAKE,house,40,inperson,16,1133
WAKE,house,40,inperson,17,1488
WAKE,house,40,inperson,18,2604
WAKE,house,40,inperson,19,2357
WAKE,house,40,mail,0,380
WAKE,house,40,mail,1,252
WAKE,house,40,mail,2,14
WAKE,house,40,mail,3,651
WAKE,house,40,mail,4,187
WAKE,house,40,mail,5,217
WAKE,house,40,mail,6,88
WAKE,house,40,mail,7,83
WAKE,house,40,mail,8,20
WAKE,house,40,mail,9,238
WAKE,house,40,mail,10,217
WAKE,house,40,mail,11,197
WAKE,house,40,mail,12,378
WAKE,house,40,mail,13,29
WAKE,house,40,mail,14,21
WAKE,house,40,mail,15,19
WAKE,house,40,mail,16,66
WAKE,house,40,mail,17,239
WAKE,house,40,mail,18,170
WAKE,house,40,mail,19,201
WAKE,house,40,mail,20,21
WAKE,house,40,mail,22,19
WAKE,house,40,mail,24,55
WAKE,house,40,mail,25,219
WAKE,house,40,mail,26,9
WAKE,house,40,mail,27,102
WAKE,house,40,mail,28,16
WAKE,house,40,mail,29,108
WAKE,house,40,mail,31,42
WAKE,house,40,mail,32,48
WAKE,house,40,mail,33,69
WAKE,house,40,mail,34,57
WAKE,house,40,mail,35,25
WAKE,house,40,mail,36,19
WAKE,house,40,mail,38,6
WAKE,house,40,mail,39,15
WAKE,house,40,mail,40,1
WAKE,house,40,mail,41,95
WAKE,house,40,mail,42,1
WAKE,house,40,mail,43,23
WAKE,house,41,inperson,3,2009
WAKE,house,41,inperson,4,2452
WAKE,house,41,inperson,5,1862
WAKE,house,41,inperson,6,2118
WAKE,house,41,inperson,7,2036
WAKE,house,41,inperson,8,2086
WAKE,house,41,inperson,9,988
WAKE,house,41,inperson,10,1449
WAKE,house,41,inperson,11,2114
WAKE,house,41,inperson,12,2031
WAKE,house,41,inperson,13,1856
WAKE,house,41,inperson,14,2020
WAKE,house,41,inperson,15,1854
WAKE,house,41,inperson,16,931
WAKE,house,41,inperson,17,1443
WAKE,house,41,inperson,18,1709
WAKE,house,41,inperson,19,1555
WAKE,house,41,mail,0,460
WAKE,house,41,mail,1,265
WAKE,house,41,mail,2,10
WAKE,house,41,mail,3,738
WAKE,house,41,mail,4,236
WAKE,house,41,mail,5,233
WAKE,house,41,mail,6,106
WAKE,house,41,mail,7,61
WAKE,house,41,mail,8,17
WAKE,house,41,mail,9,216
WAKE,house,41,mail,10,238
WAKE,house,41,mail,11,132
WAKE,house,41,mail,12,419
WAKE,house,41,mail,13,38
WAKE,house,41,mail,14,11
WAKE,house,41,mail,15,29
WAKE,house,41,mail,16,101
WAKE,house,41,mail,17,146
WAKE,house,41,mail,18,157
WAKE,house,41,mail,19,182
WAKE,house,41,mail,20,15
WAKE,house,41,mail,22,18
WAKE,house,41,mail,24,53
WAKE,house,41,mail,25,206
WAKE,house,41,mail,26,9
WAKE,house,41,mail,27,88
WAKE,house,41,mail,28,28
WAKE,house,41,mail,29,117
WAKE,house,41,mail,31,53
WAKE,house,41,mail,32,53
WAKE,house,41,mail,33,83
WAKE,house,41,mail,34,38
WAKE,house,41,mail,35,22
WAKE,house,41,mail,36,11
WAKE,house,41,mail,38,12
WAKE,house,41,mail,39,20
WAKE,house,41,mail,41,61
WAKE,house,41,mail,43,12
WAKE,house,49,inperson,3,1891
WAKE,house,49,inperson,4,2665
WAKE,house,49,inperson,5,2109
WAKE,house,49,inperson,6,2121
WAKE,house,49,inperson,7,2106
WAKE,house,49,inperson,8,2051
WAKE,house,49,inperson,9,818
WAKE,house,49,inperson,10,1038
WAKE,house,49,inperson,11,1994
WAKE,house,49,inperson,12,1925
WAKE,house,49,inperson,13,1953
WAKE,house,49,inperson,14,1960
WAKE,house,49,inperson,15,1889
WAKE,house,49,inperson,16,873
WAKE,house,49,inperson,17,1225
WAKE,house,49,inperson,18,2050
WAKE,house,49,inperson,19,2069
WAKE,house,49,mail,0,347
WAKE,house,49,mail,1,188
WAKE,house,49,mail,2,13
WAKE,house,49,mail,3,450
WAKE,house,49,mail,4,123
WAKE,house,49,mail,5,125
WAKE,house,49,mail,6,78
WAKE,house,49,mail,7,37
WAKE,house,49,mail,8,15
WAKE,house,49,mail,9,112
WAKE,house,49,mail,10,164
WAKE,house,49,mail,11,116
WAKE,house,49,mail,12,207
WAKE,house,49,mail,13,21
WAKE,house,49,mail,14,8
WAKE,house,49,mail,15,18
WAKE,house,49,mail,16,61
WAKE,house,49,mail,17,150
WAKE,house,49,mail,18,76
WAKE,house,49,mail,19,91
WAKE,house,49,mail,20,17
WAKE,house,49,mail,22,13
WAKE,house,49,mail,24,41
WAKE,house,49,mail,25,94
WAKE,house,49,mail,26,7
WAKE,house,49,mail,27,71
WAKE,house,49,mail,28,32
WAKE,house,49,mail,29,53
WAKE,house,49,mail,31,32
WAKE,house,49,mail,32,36
WAKE,house,49,mail,33,48
WAKE,house,49,mail,34,33
WAKE,house,49,mail,35,17
WAKE,house,49,mail,36,11
WAKE,house,49,mail,38,3
WAKE,house,49,mail,39,12
WAKE,house,49,mail,41,86
WAKE,house,49,mail,42,1
WAKE,house,49,mail,43,16
WAKE,house,66,inperson,3,2238
WAKE,house,66,inperson,4,3017
WAKE,house,66,inperson,5,2095
WAKE,house,66,inperson,6,2243
WAKE,house,66,inperson,7,2208
WAKE,house,66,inperson,8,2297
WAKE,house,66,inperson,9,1125
WAKE,house,66,inperson,10,1495
WAKE,house,66,inperson,11,2471
WAKE,house,66,inperson,12,2247
WAKE,house,66,inperson,13,2258
WAKE,house,66,inperson,14,2487
WAKE,house,66,inperson,15,2433
WAKE,house,66,inperson,16,1214
WAKE,house,66,inperson,17,1603
WAKE,house,66,inperson,18,2588
WAKE,house,66,inperson,19,2408
WAKE,house,66,mail,0,348
WAKE,house,66,mail,1,209
WAKE,house,66,mail,2,12
WAKE,house,66,mail,3,554
WAKE,house,66,mail,4,178
WAKE,house,66,mail,5,157
WAKE,house,66,mail,6,76
WAKE,house,66,mail,7,47
WAKE,house,66,mail,8,9
WAKE,house,66,mail,9,156
WAKE,house,66,mail,10,161
WAKE,house,66,mail,11,172
WAKE,house,66,mail,12,321
WAKE,house,66,mail,13,28
WAKE,house,66,mail,14,19
WAKE,house,66,mail,15,7
WAKE,house,66,mail,16,83
WAKE,house,66,mail,17,135
WAKE,house,66,mail,18,153
WAKE,house,66,mail,19,105
WAKE,house,66,mail,20,8
WAKE,house,66,mail,22,11
WAKE,house,66,mail,24,34
WAKE,house,66,mail,25,158
WAKE,house,66,mail,26,8
WAKE,house,66,mail,27,103
WAKE,house,66,mail,28,32
WAKE,house,66,mail,29,70
WAKE,house,66,mail,31,22
WAKE,house,66,mail,32,32
WAKE,house,66,mail,33,41
WAKE,house,66,mail,34,16
WAKE,house,66,mail,35,14
WAKE,house,66,mail,36,5
WAKE,house,66,mail,38,3
WAKE,house,66,mail,39,5
WAKE,house,66,mail,41,31
WAKE,house,66,mail,43,6
WAKE,senate,13,inperson,3,4876
WAKE,senate,13,inperson,4,7247
WAKE,senate,13,inperson,5,5445
WAKE,senate,13,inperson,6,5980
WAKE,senate,13,inperson,7,6129
WAKE,senate,13,inperson,8,6398
WAKE,senate,13,inperson,9,2623
WAKE,senate,13,inperson,10,3531
WAKE,senate,13,inperson,11,6275
WAKE,senate,13,inperson,12,6150
WAKE,senate,13,inperson,13,6469
WAKE,senate,13,inperson,14,6543
WAKE,senate,13,inperson,15,6465
WAKE,senate,13,inperson,16,2752
WAKE,senate,13,inperson,17,3972
WAKE,senate,13,inperson,18,6249
WAKE,senate,13,inperson,19,5887
WAKE,senate,13,mail,0,901
WAKE,senate,13,mail,1,547
WAKE,senate,13,mail,2,22
WAKE,senate,13,mail,3,1502
WAKE,senate,13,mail,4,474
WAKE,senate,13,mail,5,454
WAKE,senate,13,mail,6,222
WAKE,senate,13,mail,7,120
WAKE,senate,13,mail,8,38
WAKE,senate,13,mail,9,413
WAKE,senate,13,mail,10,563
WAKE,senate,13,mail,11,325
WAKE,senate,13,mail,12,810
WAKE,senate,13,mail,13,25
WAKE,senate,13,mail,14,36
WAKE,senate,13,mail,15,18
WAKE,senate,13,mail,16,180
WAKE,senate,13,mail,17,413
WAKE,senate,13,mail,18,436
WAKE,senate,13,mail,19,408
WAKE,senate,13,mail,20,36
WAKE,senate,13,mail,22,29
WAKE,senate,13,mail,24,147
WAKE,senate,13,mail,25,457
WAKE,senate,13,mail,26,16
WAKE,senate,13,mail,27,225
WAKE,senate,13,mail,28,81
WAKE,senate,13,mail,29,263
WAKE,senate,13,mail,31,100
WAKE,senate,13,mail,32,109
WAKE,senate,13,mail,33,132
WAKE,senate,13,mail,34,77
WAKE,senate,13,mail,35,36
WAKE,senate,13,mail,36,10
WAKE,senate,13,mail,38,4
WAKE,senate,13,mail,39,12
WAKE,senate,13,mail,41,113
WAKE,senate,13,mail,42,3
WAKE,senate,13,mail,43,30
WAKE,senate,14,inperson,3,5466
WAKE,senate,14,inperson,4,6442
WAKE,senate,14,inperson,5,4314
WAKE,senate,14,inperson,6,4498
WAKE,senate,14,inperson,7,4559
WAKE,senate,14,inperson,8,4961
WAKE,senate,14,inperson,9,2351
WAKE,senate,14,inperson,10,2983
WAKE,senate,14,inperson,11,4918
WAKE,senate,14,inperson,12,4456
WAKE,senate,14,inperson,13,4653
WAKE,senate,14,inperson,14,4996
WAKE,senate,14,inperson,15,5724
WAKE,senate,14,inperson,16,2705
WAKE,senate,14,inperson,17,3415
WAKE,senate,14,inperson,18,5887
WAKE,senate,14,inperson,19,6497
WAKE,senate,14,mail,0,626
WAKE,senate,14,mail,1,399
WAKE,senate,14,mail,2,16
WAKE,senate,14,mail,3,744
WAKE,senate,14,mail,4,257
WAKE,senate,14,mail,5,264
WAKE,senate,14,mail,6,95
WAKE,senate,14,mail,7,86
WAKE,senate,14,mail,8,25
WAKE,senate,14,mail,9,200
WAKE,senate,14,mail,10,234
WAKE,senate,14,mail,11,235
WAKE,senate,14,mail,12,319
WAKE,senate,14,mail,13,33
WAKE,senate,14,mail,14,24
WAKE,senate,14,mail,15,11
WAKE,senate,14,mail,16,109
WAKE,senate,14,mail,17,193
WAKE,senate,14,mail,18,180
WAKE,senate,14,mail,19,164
WAKE,senate,14,mail,20,21
WAKE,senate,14,mail,22,14
WAKE,senate,14,mail,24,48
WAKE,senate,14,mail,25,219
WAKE,senate,14,mail,26,7
WAKE,senate,14,mail,27,121
WAKE,senate,14,mail,28,47
WAKE,senate,14,mail,29,94
WAKE,senate,14,mail,31,50
WAKE,senate,14,mail,32,55
WAKE,senate,14,mail,33,63
WAKE,senate,14,mail,34,38
WAKE,senate,14,mail,35,17
WAKE,senate,14,mail,36,13
WAKE,senate,14,mail,38,6
WAKE,senate,14,mail,39,15
WAKE,senate,14,mail,41,67
WAKE,senate,14,mail,42,1
WAKE,senate,14,mail,43,12
WAKE,senate,15,inperson,3,4518
WAKE,senate,15,inperson,4,6299
WAKE,senate,15,inperson,5,4574
WAKE,senate,15,inperson,6,4691
WAKE,senate,15,inperson,7,4845
WAKE,senate,15,inperson,8,4846
WAKE,senate,15,inperson,9,2029
WAKE,senate,15,inperson,10,2563
WAKE,senate,15,inperson,11,4809
WAKE,senate,15,inperson,12,4584
WAKE,senate,15,inperson,13,4653
WAKE,senate,15,inperson,14,5055
WAKE,senate,15,inperson,15,5045
WAKE,senate,15,inperson,16,2248
WAKE,senate,15,inperson,17,2956
WAKE,senate,15,inperson,18,5208
WAKE,senate,15,inperson,19,5354
WAKE,senate,15,mail,0,790
WAKE,senate,15,mail,1,416
WAKE,senate,15,mail,2,24
WAKE,senate,15,mail,3,1036
WAKE,senate,15,mail,4,292
WAKE,senate,15,mail,5,333
WAKE,senate,15,mail,6,154
WAKE,senate,15,mail,7,111
WAKE,senate,15,mail,8,31
WAKE,senate,15,mail,9,355
WAKE,senate,15,mail,10,362
WAKE,senate,15,mail,11,304
WAKE,senate,15,mail,12,496
WAKE,senate,15,mail,13,55
WAKE,senate,15,mail,14,26
WAKE,senate,15,mail,15,38
WAKE,senate,15,mail,16,151
WAKE,senate,15,mail,17,342
WAKE,senate,15,mail,18,229
WAKE,senate,15,mail,19,239
WAKE,senate,15,mail,20,33
WAKE,senate,15,mail,22,37
WAKE,senate,15,mail,24,100
WAKE,senate,15,mail,25,326
WAKE,senate,15,mail,26,18
WAKE,senate,15,mail,27,171
WAKE,senate,15,mail,28,56
WAKE,senate,15,mail,29,140
WAKE,senate,15,mail,31,71
WAKE,senate,15,mail,32,92
WAKE,senate,15,mail,33,102
WAKE,senate,15,mail,34,90
WAKE,senate,15,mail,35,26
WAKE,senate,15,mail,36,23
WAKE,senate,15,mail,38,4
WAKE,senate,15,mail,39,24
WAKE,senate,15,mail,40,1
WAKE,senate,15,mail,41,156
WAKE,senate,15,mail,42,2
WAKE,senate,15,mail,43,35
WAKE,senate,16,inperson,3,4177
WAKE,senate,16,inperson,4,6065
WAKE,senate,16,inperson,5,5068
WAKE,senate,16,inperson,6,5321
WAKE,senate,16,inperson,7,5327
WAKE,senate,16,inperson,8,5289
WAKE,senate,16,inperson,9,2154
WAKE,senate,16,inperson,10,2887
WAKE,senate,16,inperson,11,5432
WAKE,senate,16,inperson,12,5456
WAKE,senate,16,inperson,13,5383
WAKE,senate,16,inperson,14,5471
WAKE,senate,16,inperson,15,5347
WAKE,senate,16,inperson,16,2200
WAKE,senate,16,inperson,17,3122
WAKE,senate,16,inperson,18,5070
WAKE,senate,16,inperson,19,4801
WAKE,senate,16,mail,0,825
WAKE,senate,16,mail,1,531
WAKE,senate,16,mail,2,23
WAKE,senate,16,mail,3,1302
WAKE,senate,16,mail,4,403
WAKE,senate,16,mail,5,414
WAKE,senate,16,mail,6,185
WAKE,senate,16,mail,7,110
WAKE,senate,16,mail,8,47
WAKE,senate,16,mail,9,384
WAKE,senate,16,mail,10,420
WAKE,senate,16,mail,11,350
WAKE,senate,16,mail,12,743
WAKE,senate,16,mail,13,57
WAKE,senate,16,mail,14,32
WAKE,senate,16,mail,15,43
WAKE,senate,16,mail,16,152
WAKE,senate,16,mail,17,423
WAKE,senate,16,mail,18,358
WAKE,senate,16,mail,19,332
WAKE,senate,16,mail,20,39
WAKE,senate,16,mail,22,32
WAKE,senate,16,mail,24,94
WAKE,senate,16,mail,25,395
WAKE,senate,16,mail,26,23
WAKE,senate,16,mail,27,220
WAKE,senate,16,mail,28,77
WAKE,senate,16,mail,29,205
WAKE,senate,16,mail,31,112
WAKE,senate,16,mail,32,106
WAKE,senate,16,mail,33,148
WAKE,senate,16,mail,34,102
WAKE,senate,16,mail,35,41
WAKE,senate,16,mail,36,35
WAKE,senate,16,mail,38,15
WAKE,senate,16,mail,39,28
WAKE,senate,16,mail,41,200
WAKE,senate,16,mail,42,2
WAKE,senate,16,mail,43,34
WAKE,senate,17,inperson,3,4712
WAKE,senate,17,inperson,4,5784
WAKE,senate,17,inperson,5,4732
WAKE,senate,17,inperson,6,5151
WAKE,senate,17,inperson,7,4902
WAKE,senate,17,inperson,8,5021
WAKE,senate,17,inperson,9,2459
WAKE,senate,17,inperson,10,3497
WAKE,senate,17,inperson,11,5049
WAKE,senate,17,inperson,12,4696
WAKE,senate,17,inperson,13,4623
WAKE,senate,17,inperson,14,4581
WAKE,senate,17,inperson,15,4344
WAKE,senate,17,inperson,16,2101
WAKE,senate,17,inperson,17,3319
WAKE,senate,17,inperson,18,4367
WAKE,senate,17,inperson,19,3892
WAKE,senate,17,mail,0,993
WAKE,senate,17,mail,1,603
WAKE,senate,17,mail,2,23
WAKE,senate,17,mail,3,1577
WAKE,senate,17,mail,4,482
WAKE,senate,17,mail,5,479
WAKE,senate,17,mail,6,262
WAKE,senate,17,mail,7,132
WAKE,senate,17,mail,8,35
WAKE,senate,17,mail,9,447
WAKE,senate,17,mail,10,515
WAKE,senate,17,mail,11,311
WAKE,senate,17,mail,12,883
WAKE,senate,17,mail,13,68
WAKE,senate,17,mail,14,24
WAKE,senate,17,mail,15,49
WAKE,senate,17,mail,16,209
WAKE,senate,17,mail,17,327
WAKE,senate,17,mail,18,353
WAKE,senate,17,mail,19,404
WAKE,senate,17,mail,20,36
WAKE,senate,17,mail,22,34
WAKE,senate,17,mail,24,99
WAKE,senate,17,mail,25,394
WAKE,senate,17,mail,26,20
WAKE,senate,17,mail,27,208
WAKE,senate,17,mail,28,67
WAKE,senate,17,mail,29,224
WAKE,senate,17,mail,31,96
WAKE,senate,17,mail,32,114
WAKE,senate,17,mail,33,149
WAKE,senate,17,mail,34,112
WAKE,senate,17,mail,35,40
WAKE,senate,17,mail,36,20
WAKE,senate,17,mail,38,18
WAKE,senate,17,mail,39,61
WAKE,senate,17,mail,41,99
WAKE,senate,17,mail,42,1
WAKE,senate,17,mail,43,35
WAKE,senate,18,inperson,3,3490
WAKE,senate,18,inperson,4,5204
WAKE,senate,18,inperson,5,3835
WAKE,senate,18,inperson,6,4186
WAKE,senate,18,inperson,7,4420
WAKE,senate,18,inperson,8,4622
WAKE,senate,18,inperson,9,1872
WAKE,senate,18,inperson,10,2378
WAKE,senate,18,inperson,11,4718
WAKE,senate,18,inperson,12,4601
WAKE,senate,18,inperson,13,4746
WAKE,senate,18,inperson,14,5002
WAKE,senate,18,inperson,15,4839
WAKE,senate,18,inperson,16,2139
WAKE,senate,18,inperson,17,2756
WAKE,senate,18,inperson,18,4641
WAKE,senate,18,inperson,19,4378
WAKE,senate,18,mail,0,669
WAKE,senate,18,mail,1,439
WAKE,senate,18,mail,2,18
WAKE,senate,18,mail,3,1116
WAKE,senate,18,mail,4,350
WAKE,senate,18,mail,5,341
WAKE,senate,18,mail,6,183
WAKE,senate,18,mail,7,97
WAKE,senate,18,mail,8,30
WAKE,senate,18,mail,9,388
WAKE,senate,18,mail,10,356
WAKE,senate,18,mail,11,281
WAKE,senate,18,mail,12,654
WAKE,senate,18,mail,13,38
WAKE,senate,18,mail,14,43
WAKE,senate,18,mail,15,19
WAKE,senate,18,mail,16,158
WAKE,senate,18,mail,17,308
WAKE,senate,18,mail,18,273
WAKE,senate,18,mail,19,307
WAKE,senate,18,mail,20,29
WAKE,senate,18,mail,22,12
WAKE,senate,18,mail,24,108
WAKE,senate,18,mail,25,316
WAKE,senate,18,mail,26,15
WAKE,senate,18,mail,27,165
WAKE,senate,18,mail,28,39
WAKE,senate,18,mail,29,194
WAKE,senate,18,mail,31,84
WAKE,senate,18,mail,32,82
WAKE,senate,18,mail,33,140
WAKE,senate,18,mail,34,92
WAKE,senate,18,mail,35,22
WAKE,senate,18,mail,36,10
WAKE,senate,18,mail,38,9
WAKE,senate,18,mail,39,21
WAKE,senate,18,mail,41,93
WAKE,senate,18,mail,43,25
WARREN,house,27,inperson,3,435
WARREN,house,27,inperson,4,467
WARREN,house,27,inperson,5,316
WARREN,house,27,inperson,6,296
WARREN,house,27,inperson,7,370
WARREN,house,27,inperson,8,489
WARREN,house,27,inperson,10,186
WARREN,house,27,inperson,11,416
WARREN,house,27,inperson,12,459
WARREN,house,27,inperson,13,462
WARREN,house,27,inperson,14,588
WARREN,house,27,inperson,15,719
WARREN,house,27,inperson,17,207
WARREN,house,27,inperson,18,620
WARREN,house,27,inperson,19,870
WARREN,house,27,mail,0,18
WARREN,house,27,mail,1,11
WARREN,house,27,mail,3,8
WARREN,house,27,mail,4,26
WARREN,house,27,mail,5,22
WARREN,house,27,mail,6,31
WARREN,house,27,mail,7,6
WARREN,house,27,mail,8,14
WARREN,house,27,mail,10,14
WARREN,house,27,mail,11,5
WARREN,house,27,mail,12,22
WARREN,house,27,mail,13,18
WARREN,house,27,mail,14,15
WARREN,house,27,mail,15,29
WARREN,house,27,mail,18,16
WARREN,house,27,mail,19,13
WARREN,house,27,mail,20,1
WARREN,house,27,mail,21,8
WARREN,house,27,mail,22,12
WARREN,house,27,mail,25,11
WARREN,house,27,mail,26,1
WARREN,house,27,mail,27,7
WARREN,house,27,mail,28,4
WARREN,house,27,mail,29,3
WARREN,house,27,mail,32,1
WARREN,house,27,mail,33,11
WARREN,house,27,mail,34,6
WARREN,house,27,mail,35,2
WARREN,house,27,mail,36,5
WARREN,house,27,mail,39,1
WARREN,senate,2,inperson,3,435
WARREN,senate,2,inperson,4,467
WARREN,senate,2,inperson,5,316
WARREN,senate,2,inperson,6,296
WARREN,senate,2,inperson,7,370
WARREN,senate,2,inperson,8,489
WARREN,senate,2,inperson,10,186
WARREN,senate,2,inperson,11,416
WARREN,senate,2,inperson,12,459
WARREN,senate,2,inperson,13,462
WARREN,senate,2,inperson,14,588
WARREN,senate,2,inperson,15,719
WARREN,senate,2,inperson,17,207
WARREN,senate,2,inperson,18,620
WARREN,senate,2,inperson,19,870
WARREN,senate,2,mail,0,18
WARREN,senate,2,mail,1,11
WARREN,senate,2,mail,3,8
WARREN,senate,2,mail,4,26
WARREN,senate,2,mail,5,22
WARREN,senate,2,mail,6,31
WARREN,senate,2,mail,7,6
WARREN,senate,2,mail,8,14
WARREN,senate,2,mail,10,14
WARREN,senate,2,mail,11,5
WARREN,senate,2,mail,12,22
WARREN,senate,2,mail,13,18
WARREN,senate,2,mail,14,15
WARREN,senate,2,mail,15,29
WARREN,senate,2,mail,18,16
WARREN,senate,2,mail,19,13
WARREN,senate,2,mail,20,1
WARREN,senate,2,mail,21,8
WARREN,senate,2,mail,22,12
WARREN,senate,2,mail,25,11
WARREN,senate,2,mail,26,1
WARREN,senate,2,mail,27,7
WARREN,senate,2,mail,28,4
WARREN,senate,2,mail,29,3
WARREN,senate,2,mail,32,1
WARREN,senate,2,mail,33,11
WARREN,senate,2,mail,34,6
WARREN,senate,2,mail,35,2
WARREN,senate,2,mail,36,5
WARREN,senate,2,mail,39,1
WASHINGTON,house,1,inperson,3,211
WASHINGTON,house,1,inperson,4,237
WASHINGTON,house,1,inperson,5,181
WASHINGTON,house,1,inperson,6,224
WASHINGTON,house,1,inperson,7,200
WASHINGTON,house,1,inperson,8,263
WASHINGTON,house,1,inperson,10,120
WASHINGTON,house,1,inperson,11,243
WASHINGTON,house,1,inperson,12,247
WASHINGTON,house,1,inperson,13,273
WASHINGTON,house,1,inperson,14,313
WASHINGTON,house,1,inperson,15,397
WASHINGTON,house,1,inperson,17,156
WASHINGTON,house,1,inperson,18,426
WASHINGTON,house,1,inperson,19,682
WASHINGTON,house,1,mail,0,14
WASHINGTON,house,1,mail,1,5
WASHINGTON,house,1,mail,2,5
WASHINGTON,house,1,mail,3,2
WASHINGTON,house,1,mail,4,9
WASHINGTON,house,1,mail,5,21
WASHINGTON,house,1,mail,6,2
WASHINGTON,house,1,mail,7,19
WASHINGTON,house,1,mail,8,13
WASHINGTON,house,1,mail,10,2
WASHINGTON,house,1,mail,11,5
WASHINGTON,house,1,mail,12,1
WASHINGTON,house,1,mail,13,1
WASHINGTON,house,1,mail,14,9
WASHINGTON,house,1,mail,15,9
WASHINGTON,house,1,mail,17,4
WASHINGTON,house,1,mail,18,5
WASHINGTON,house,1,mail,19,4
WASHINGTON,house,1,mail,20,1
WASHINGTON,house,1,mail,21,3
WASHINGTON,house,1,mail,22,7
WASHINGTON,house,1,mail,26,5
WASHINGTON,house,1,mail,28,2
WASHINGTON,house,1,mail,29,4
WASHINGTON,house,1,mail,33,3
WASHINGTON,house,1,mail,35,1
WASHINGTON,senate,2,inperson,3,211
WASHINGTON,senate,2,inperson,4,237
WASHINGTON,senate,2,inperson,5,181
WASHINGTON,senate,2,inperson,6,224
WASHINGTON,senate,2,inperson,7,200
WASHINGTON,senate,2,inperson,8,263
WASHINGTON,senate,2,inperson,10,120
WASHINGTON,senate,2,inperson,11,243
WASHINGTON,senate,2,inperson,12,247
WASHINGTON,senate,2,inperson,13,273
WASHINGTON,senate,2,inperson,14,313
WASHINGTON,senate,2,inperson,15,397
WASHINGTON,senate,2,inperson,17,156
WASHINGTON,senate,2,inperson,18,426
WASHINGTON,senate,2,inperson,19,682
WASHINGTON,senate,2,mail,0,14
WASHINGTON,senate,2,mail,1,5
WASHINGTON,senate,2,mail,2,5
WASHINGTON,senate,2,mail,3,2
WASHINGTON,senate,2,mail,4,9
WASHINGTON,senate,2,mail,5,21
WASHINGTON,senate,2,mail,6,2
WASHINGTON,senate,2,mail,7,19
WASHINGTON,senate,2,mail,8,13
WASHINGTON,senate,2,mail,10,2
WASHINGTON,senate,2,mail,11,5
WASHINGTON,senate,2,mail,12,1
WASHINGTON,senate,2,mail,13,1
WASHINGTON,senate,2,mail,14,9
WASHINGTON,senate,2,mail,15,9
WASHINGTON,senate,2,mail,17,4
WASHINGTON,senate,2,mail,18,5
WASHINGTON,senate,2,mail,19,4
WASHINGTON,senate,2,mail,20,1
WASHINGTON,senate,2,mail,21,3
WASHINGTON,senate,2,mail,22,7
WASHINGTON,senate,2,mail,26,5
WASHINGTON,senate,2,mail,28,2
WASHINGTON,senate,2,mail,29,4
WASHINGTON,senate,2,mail,33,3
WASHINGTON,senate,2,mail,35,1
WATAUGA,house,87,inperson,3,146
WATAUGA,house,87,inperson,4,105
WATAUGA,house,87,inperson,5,130
WATAUGA,house,87,inperson,6,135
WATAUGA,house,87,inperson,7,113
WATAUGA,house,87,inperson,8,132
WATAUGA,house,87,inperson,9,54
WATAUGA,house,87,inperson,10,80
WATAUGA,house,87,inperson,11,138
WATAUGA,house,87,inperson,12,145
WATAUGA,house,87,inperson,13,169
WATAUGA,house,87,inperson,14,178
WATAUGA,house,87,inperson,15,177
WATAUGA,house,87,inperson,16,82
WATAUGA,house,87,inperson,17,143
WATAUGA,house,87,inperson,18,192
WATAUGA,house,87,inperson,19,251
WATAUGA,house,87,mail,0,14
WATAUGA,house,87,mail,1,22
WATAUGA,house,87,mail,3,2
WATAUGA,house,87,mail,4,12
WATAUGA,house,87,mail,5,24
WATAUGA,house,87,mail,6,5
WATAUGA,house,87,mail,7,5
WATAUGA,house,87,mail,8,15
WATAUGA,house,87,mail,9,1
WATAUGA,house,87,mail,10,2
WATAUGA,house,87,mail,11,5
WATAUGA,house,87,mail,12,8
WATAUGA,house,87,mail,13,5
WATAUGA,house,87,mail,14,5
WATAUGA,house,87,mail,15,20
WATAUGA,house,87,mail,17,2
WATAUGA,house,87,mail,18,4
WATAUGA,house,87,mail,19,19
WATAUGA,house,87,mail,20,19
WATAUGA,house,87,mail,21,6
WATAUGA,house,87,mail,22,10
WATAUGA,house,87,mail,26,21
WATAUGA,house,87,mail,27,2
WATAUGA,house,87,mail,28,10
WATAUGA,house,87,mail,33,7
WATAUGA,house,87,mail,35,1
WATAUGA,house,87,mail,43,3
WATAUGA,house,93,inperson,3,1347
WATAUGA,house,93,inperson,4,1711
WATAUGA,house,93,inperson,5,1255
WATAUGA,house,93,inperson,6,1412
WATAUGA,house,93,inperson,7,1396
WATAUGA,house,93,inperson,8,1381
WATAUGA,house,93,inperson,9,534
WATAUGA,house,93,inperson,10,705
WATAUGA,house,93,inperson,11,1377
WATAUGA,house,93,inperson,12,1430
WATAUGA,house,93,inperson,13,1476
WATAUGA,house,93,inperson,14,1595
WATAUGA,house,93,inperson,15,1806
WATAUGA,house,93,inperson,16,562
WATAUGA,house,93,inperson,17,1044
WATAUGA,house,93,inperson,18,2101
WATAUGA,house,93,inperson,19,2265
WATAUGA,house,93,mail,0,74
WATAUGA,house,93,mail,1,97
WATAUGA,house,93,mail,2,2
WATAUGA,house,93,mail,3,39
WATAUGA,house,93,mail,4,100
WATAUGA,house,93,mail,5,97
WATAUGA,house,93,mail,6,41
WATAUGA,house,93,mail,7,25
WATAUGA,house,93,mail,8,94
WATAUGA,house,93,mail,9,27
WATAUGA,house,93,mail,10,8
WATAUGA,house,93,mail,11,44
WATAUGA,house,93,mail,12,50
WATAUGA,house,93,mail,13,46
WATAUGA,house,93,mail,14,27
WATAUGA,house,93,mail,15,68
WATAUGA,house,93,mail,16,5
WATAUGA,house,93,mail,17,10
WATAUGA,house,93,mail,18,41
WATAUGA,house,93,mail,19,51
WATAUGA,house,93,mail,20,31
WATAUGA,house,93,mail,21,6
WATAUGA,house,93,mail,22,56
WATAUGA,house,93,mail,25,1
WATAUGA,house,93,mail,26,76
WATAUGA,house,93,mail,28,53
WATAUGA,house,93,mail,33,15
WATAUGA,house,93,mail,35,3
WATAUGA,house,93,mail,41,7
WATAUGA,house,93,mail,42,5
WATAUGA,house,93,mail,43,7
WATAUGA,senate,47,inperson,3,1493
WATAUGA,senate,47,inperson,4,1816
WATAUGA,senate,47,inperson,5,1385
WATAUGA,senate,47,inperson,6,1547
WATAUGA,senate,47,inperson,7,1509
WATAUGA,senate,47,inperson,8,1513
WATAUGA,senate,47,inperson,9,588
WATAUGA,senate,47,inperson,10,785
WATAUGA,senate,47,inperson,11,1515
WATAUGA,senate,47,inperson,12,1575
WATAUGA,senate,47,inperson,13,1645
WATAUGA,senate,47,inperson,14,1773
WATAUGA,senate,47,inperson,15,1983
WATAUGA,senate,47,inperson,16,644
WATAUGA,senate,47,inperson,17,1187
WATAUGA,senate,47,inperson,18,2293
WATAUGA,senate,47,inperson,19,2516
WATAUGA,senate,47,mail,0,88
WATAUGA,senate,47,mail,1,119
WATAUGA,senate,47,mail,2,2
WATAUGA,senate,47,mail,3,41
WATAUGA,senate,47,mail,4,112
WATAUGA,senate,47,mail,5,121
WATAUGA,senate,47,mail,6,46
WATAUGA,senate,47,mail,7,30
WATAUGA,senate,47,mail,8,109
WATAUGA,senate,47,mail,9,28
WATAUGA,senate,47,mail,10,10
WATAUGA,senate,47,mail,11,49
WATAUGA,senate,47,mail,12,58
WATAUGA,senate,47,mail,13,51
WATAUGA,senate,47,mail,14,32
WATAUGA,senate,47,mail,15,88
WATAUGA,senate,47,mail,16,5
WATAUGA,senate,47,mail,17,12
WATAUGA,senate,47,mail,18,45
WATAUGA,senate,47,mail,19,70
WATAUGA,senate,47,mail,20,50
WATAUGA,senate,47,mail,21,12
WATAUGA,senate,47,mail,22,66
WATAUGA,senate,47,mail,25,1
WATAUGA,senate,47,mail,26,97
WATAUGA,senate,47,mail,27,2
WATAUGA,senate,47,mail,28,63
WATAUGA,senate,47,mail,33,22
WATAUGA,senate,47,mail,35,4
WATAUGA,senate,47,mail,41,7
WATAUGA,senate,47,mail,42,5
WATAUGA,senate,47,mail,43,10
WAYNE,house,10,inperson,3,1787
WAYNE,house,10,inperson,4,2087
WAYNE,house,10,inperson,5,1487
WAYNE,house,10,inperson,6,1500
WAYNE,house,10,inperson,7,1603
WAYNE,house,10,inperson,8,1882
WAYNE,house,10,inperson,9,686
WAYNE,house,10,inperson,10,1016
WAYNE,house,10,inperson,11,2148
WAYNE,house,10,inperson,12,1915
WAYNE,house,10,inperson,13,2175
WAYNE,house,10,inperson,14,2590
WAYNE,house,10,inperson,15,2840
WAYNE,house,10,inperson,16,1044
WAYNE,house,10,inperson,17,1492
WAYNE,house,10,inperson,18,2987
WAYNE,house,10,inperson,19,3516
WAYNE,house,10,mail,0,120
WAYNE,house,10,mail,1,74
WAYNE,house,10,mail,2,33
WAYNE,house,10,mail,3,35
WAYNE,house,10,mail,4,82
WAYNE,house,10,mail,5,72
WAYNE,house,10,mail,6,95
WAYNE,house,10,mail,7,49
WAYNE,house,10,mail,8,96
WAYNE,house,10,mail,9,10
WAYNE,house,10,mail,10,54
WAYNE,house,10,mail,11,65
WAYNE,house,10,mail,12,45
WAYNE,house,10,mail,13,66
WAYNE,house,10,mail,14,44
WAYNE,house,10,mail,15,53
WAYNE,house,10,mail,16,2
WAYNE,house,10,mail,17,74
WAYNE,house,10,mail,18,51
WAYNE,house,10,mail,19,30
WAYNE,house,10,mail,20,13
WAYNE,house,10,mail,21,38
WAYNE,house,10,mail,22,5
WAYNE,house,10,mail,25,26
WAYNE,house,10,mail,26,40
WAYNE,house,10,mail,27,28
WAYNE,house,10,mail,28,18
WAYNE,house,10,mail,29,26
WAYNE,house,10,mail,32,15
WAYNE,house,10,mail,33,34
WAYNE,house,10,mail,34,25
WAYNE,house,10,mail,35,12
WAYNE,house,10,mail,36,20
WAYNE,house,10,mail,39,3
WAYNE,house,10,mail,40,4
WAYNE,house,10,mail,41,3
WAYNE,house,10,mail,42,2
WAYNE,house,10,mail,43,9
WAYNE,house,10,mail,45,4
WAYNE,house,4,inperson,3,602
WAYNE,house,4,inperson,4,667
WAYNE,house,4,inperson,5,458
WAYNE,house,4,inperson,6,572
WAYNE,house,4,inperson,7,517
WAYNE,house,4,inperson,8,659
WAYNE,house,4,inperson,9,213
WAYNE,house,4,inperson,10,275
WAYNE,house,4,inperson,11,610
WAYNE,house,4,inperson,12,590
WAYNE,house,4,inperson,13,663
WAYNE,house,4,inperson,14,760
WAYNE,house,4,inperson,15,856
WAYNE,house,4,inperson,16,255
WAYNE,house,4,inperson,17,423
WAYNE,house,4,inperson,18,883
WAYNE,house,4,inperson,19,1033
WAYNE,house,4,mail,0,24
WAYNE,house,4,mail,1,25
WAYNE,house,4,mail,2,2
WAYNE,house,4,mail,3,9
WAYNE,house,4,mail,4,25
WAYNE,house,4,mail,5,14
WAYNE,house,4,mail,6,17
WAYNE,house,4,mail,7,13
WAYNE,house,4,mail,8,18
WAYNE,house,4,mail,9,1
WAYNE,house,4,mail,10,4
WAYNE,house,4,mail,11,13
WAYNE,house,4,mail,12,11
WAYNE,house,4,mail,13,18
WAYNE,house,4,mail,14,10
WAYNE,house,4,mail,15,18
WAYNE,house,4,mail,17,10
WAYNE,house,4,mail,18,13
WAYNE,house,4,mail,19,13
WAYNE,house,4,mail,20,4
WAYNE,house,4,mail,21,14
WAYNE,house,4,mail,22,1
WAYNE,house,4,mail,25,40
WAYNE,house,4,mail,26,8
WAYNE,house,4,mail,27,7
WAYNE,house,4,mail,28,3
WAYNE,house,4,mail,29,8
WAYNE,house,4,mail,32,4
WAYNE,house,4,mail,33,5
WAYNE,house,4,mail,34,3
WAYNE,house,4,mail,35,4
WAYNE,house,4,mail,36,4
WAYNE,house,4,mail,39,1
WAYNE,house,4,mail,42,1
WAYNE,house,4,mail,45,1
WAYNE,senate,4,inperson,3,2389
WAYNE,senate,4,inperson,4,2754
WAYNE,senate,4,inperson,5,1945
WAYNE,senate,4,inperson,6,2072
WAYNE,senate,4,inperson,7,2120
WAYNE,senate,4,inperson,8,2541
WAYNE,senate,4,inperson,9,899
WAYNE,senate,4,inperson,10,1291
WAYNE,senate,4,inperson,11,2758
WAYNE,senate,4,inperson,12,2505
WAYNE,senate,4,inperson,13,2838
WAYNE,senate,4,inperson,14,3350
WAYNE,senate,4,inperson,15,3696
WAYNE,senate,4,inperson,16,1299
WAYNE,senate,4,inperson,17,1915
WAYNE,senate,4,inperson,18,3870
WAYNE,senate,4,inperson,19,4549
WAYNE,senate,4,mail,0,144
WAYNE,senate,4,mail,1,99
WAYNE,senate,4,mail,2,35
WAYNE,senate,4,mail,3,44
WAYNE,senate,4,mail,4,107
WAYNE,senate,4,mail,5,86
WAYNE,senate,4,mail,6,112
WAYNE,senate,4,mail,7,62
WAYNE,senate,4,mail,8,114
WAYNE,senate,4,mail,9,11
WAYNE,senate,4,mail,10,58
WAYNE,senate,4,mail,11,78
WAYNE,senate,4,mail,12,56
WAYNE,senate,4,mail,13,84
WAYNE,senate,4,mail,14,54
WAYNE,senate,4,mail,15,71
WAYNE,senate,4,mail,16,2
WAYNE,senate,4,mail,17,84
WAYNE,senate,4,mail,18,64
WAYNE,senate,4,mail,19,43
WAYNE,senate,4,mail,20,17
WAYNE,senate,4,mail,21,52
WAYNE,senate,4,mail,22,6
WAYNE,senate,4,mail,25,66
WAYNE,senate,4,mail,26,48
WAYNE,senate,4,mail,27,35
WAYNE,senate,4,mail,28,21
WAYNE,senate,4,mail,29,34
WAYNE,senate,4,mail,32,19
WAYNE,senate,4,mail,33,39
WAYNE,senate,4,mail,34,28
WAYNE,senate,4,mail,35,16
WAYNE,senate,4,mail,36,24
WAYNE,senate,4,mail,39,4
WAYNE,senate,4,mail,40,4
WAYNE,senate,4,mail,41,3
WAYNE,senate,4,mail,42,3
WAYNE,senate,4,mail,43,9
WAYNE,senate,4,mail,45,5
WILKES,house,90,inperson,3,388
WILKES,house,90,inperson,4,474
WILKES,house,90,inperson,5,367
WILKES,house,90,inperson,6,388
WILKES,house,90,inperson,7,477
WILKES,house,90,inperson,8,499
WILKES,house,90,inperson,11,524
WILKES,house,90,inperson,12,422
WILKES,house,90,inperson,13,443
WILKES,house,90,inperson,14,483
WILKES,house,90,inperson,15,482
WILKES,house,90,inperson,18,521
WILKES,house,90,inperson,19,657
WILKES,house,90,mail,0,7
WILKES,house,90,mail,1,12
WILKES,house,90,mail,2,6
WILKES,house,90,mail,3,10
WILKES,house,90,mail,4,23
WILKES,house,90,mail,5,21
WILKES,house,90,mail,6,6
WILKES,house,90,mail,7,13
WILKES,house,90,mail,8,17
WILKES,house,90,mail,11,8
WILKES,house,90,mail,12,8
WILKES,house,90,mail,13,16
WILKES,house,90,mail,15,16
WILKES,house,90,mail,18,23
WILKES,house,90,mail,19,1
WILKES,house,90,mail,20,25
WILKES,house,90,mail,22,4
WILKES,house,90,mail,25,12
WILKES,house,90,mail,26,11
WILKES,house,90,mail,27,6
WILKES,house,90,mail,28,9
WILKES,house,90,mail,29,11
WILKES,house,90,mail,32,6
WILKES,house,90,mail,33,2
WILKES,house,90,mail,35,4
WILKES,house,90,mail,36,1
WILKES,house,90,mail,38,1
WILKES,house,94,inperson,3,1016
WILKES,house,94,inperson,4,1382
WILKES,house,94,inperson,5,998
WILKES,house,94,inperson,6,1191
WILKES,house,94,inperson,7,1174
WILKES,house,94,inperson,8,1395
WILKES,house,94,inperson,11,1486
WILKES,house,94,inperson,12,1260
WILKES,house,94,inperson,13,1481
WILKES,house,94,inperson,14,1344
WILKES,house,94,inperson,15,1708
WILKES,house,94,inperson,18,1666
WILKES,house,94,inperson,19,1507
WILKES,house,94,mail,0,58
WILKES,house,94,mail,1,56
WILKES,house,94,mail,2,6
WILKES,house,94,mail,3,30
WILKES,house,94,mail,4,73
WILKES,house,94,mail,5,64
WILKES,house,94,mail,6,39
WILKES,house,94,mail,7,70
WILKES,house,94,mail,8,71
WILKES,house,94,mail,11,40
WILKES,house,94,mail,12,42
WILKES,house,94,mail,13,64
WILKES,house,94,mail,14,10
WILKES,house,94,mail,15,63
WILKES,house,94,mail,18,73
WILKES,house,94,mail,19,9
WILKES,house,94,mail,20,39
WILKES,house,94,mail,21,18
WILKES,house,94,mail,22,18
WILKES,house,94,mail,25,41
WILKES,house,94,mail,26,41
WILKES,house,94,mail,27,46
WILKES,house,94,mail,28,19
WILKES,house,94,mail,29,47
WILKES,house,94,mail,32,31
WILKES,house,94,mail,33,10
WILKES,house,94,mail,34,20
WILKES,house,94,mail,35,11
WILKES,house,94,mail,36,16
WILKES,house,94,mail,38,2
WILKES,house,94,mail,39,1
WILKES,house,94,mail,41,2
WILKES,house,94,mail,42,1
WILKES,senate,36,inperson,3,1404
WILKES,senate,36,inperson,4,1856
WILKES,senate,36,inperson,5,1365
WILKES,senate,36,inperson,6,1579
WILKES,senate,36,inperson,7,1651
WILKES,senate,36,inperson,8,1894
WILKES,senate,36,inperson,11,2010
WILKES,senate,36,inperson,12,1682
WILKES,senate,36,inperson,13,1924
WILKES,senate,36,inperson,14,1827
WILKES,senate,36,inperson,15,2190
WILKES,senate,36,inperson,18,2187
WILKES,senate,36,inperson,19,2164
WILKES,senate,36,mail,0,65
WILKES,senate,36,mail,1,68
WILKES,senate,36,mail,2,12
WILKES,senate,36,mail,3,40
WILKES,senate,36,mail,4,96
WILKES,senate,36,mail,5,85
WILKES,senate,36,mail,6,45
WILKES,senate,36,mail,7,83
WILKES,senate,36,mail,8,88
WILKES,senate,36,mail,11,48
WILKES,senate,36,mail,12,50
WILKES,senate,36,mail,13,80
WILKES,senate,36,mail,14,10
WILKES,senate,36,mail,15,79
WILKES,senate,36,mail,18,96
WILKES,senate,36,mail,19,10
WILKES,senate,36,mail,20,64
WILKES,senate,36,mail,21,18
WILKES,senate,36,mail,22,22
WILKES,senate,36,mail,25,53
WILKES,senate,36,mail,26,52
WILKES,senate,36,mail,27,52
WILKES,senate,36,mail,28,28
WILKES,senate,36,mail,29,58
WILKES,senate,36,mail,32,37
WILKES,senate,36,mail,33,12
WILKES,senate,36,mail,34,20
WILKES,senate,36,mail,35,15
WILKES,senate,36,mail,36,17
WILKES,senate,36,mail,38,3
WILKES,senate,36,mail,39,1
WILKES,senate,36,mail,41,2
WILKES,senate,36,mail,42,1
WILSON,house,24,inperson,3,1663
WILSON,house,24,inperson,4,2243
WILSON,house,24,inperson,5,1554
WILSON,house,24,inperson,6,1576
WILSON,house,24,inperson,7,1790
WILSON,house,24,inperson,8,2046
WILSON,house,24,inperson,9,829
WILSON,house,24,inperson,11,2160
WILSON,house,24,inperson,12,2102
WILSON,house,24,inperson,13,2229
WILSON,house,24,inperson,14,2572
WILSON,house,24,inperson,15,2805
WILSON,house,24,inperson,17,1321
WILSON,house,24,inperson,18,2678
WILSON,house,24,inperson,19,2608
WILSON,house,24,mail,0,92
WILSON,house,24,mail,1,87
WILSON,house,24,mail,3,55
WILSON,house,24,mail,4,181
WILSON,house,24,mail,5,6
WILSON,house,24,mail,6,54
WILSON,house,24,mail,7,62
WILSON,house,24,mail,8,102
WILSON,house,24,mail,9,3
WILSON,house,24,mail,10,1
WILSON,house,24,mail,11,63
WILSON,house,24,mail,12,29
WILSON,house,24,mail,13,97
WILSON,house,24,mail,14,33
WILSON,house,24,mail,15,92
WILSON,house,24,mail,17,9
WILSON,house,24,mail,18,43
WILSON,house,24,mail,19,17
WILSON,house,24,mail,20,20
WILSON,house,24,mail,21,33
WILSON,house,24,mail,22,14
WILSON,house,24,mail,23,1
WILSON,house,24,mail,25,7
WILSON,house,24,mail,26,57
WILSON,house,24,mail,27,19
WILSON,house,24,mail,28,11
WILSON,house,24,mail,29,59
WILSON,house,24,mail,32,13
WILSON,house,24,mail,33,5
WILSON,house,24,mail,34,8
WILSON,house,24,mail,35,11
WILSON,house,24,mail,36,12
WILSON,house,24,mail,39,3
WILSON,house,24,mail,40,1
WILSON,house,24,mail,43,2
WILSON,house,24,mail,45,1
WILSON,senate,4,inperson,3,1663
WILSON,senate,4,inperson,4,2243
WILSON,senate,4,inperson,5,1554
WILSON,senate,4,inperson,6,1576
WILSON,senate,4,inperson,7,1790
WILSON,senate,4,inperson,8,2046
WILSON,senate,4,inperson,9,829
WILSON,senate,4,inperson,11,2160
WILSON,senate,4,inperson,12,2102
WILSON,senate,4,inperson,13,2229
WILSON,senate,4,inperson,14,2572
WILSON,senate,4,inperson,15,2805
WILSON,senate,4,inperson,17,1321
WILSON,senate,4,inperson,18,2678
WILSON,senate,4,inperson,19,2608
WILSON,senate,4,mail,0,92
WILSON,senate,4,mail,1,87
WILSON,senate,4,mail,3,55
WILSON,senate,4,mail,4,181
WILSON,senate,4,mail,5,6
WILSON,senate,4,mail,6,54
WILSON,senate,4,mail,7,62
WILSON,senate,4,mail,8,102
WILSON,senate,4,mail,9,3
WILSON,senate,4,mail,10,1
WILSON,senate,4,mail,11,63
WILSON,senate,4,mail,12,29
WILSON,senate,4,mail,13,97
WILSON,senate,4,mail,14,33
WILSON,senate,4,mail,15,92
WILSON,senate,4,mail,17,9
WILSON,senate,4,mail,18,43
WILSON,senate,4,mail,19,17
WILSON,senate,4,mail,20,20
WILSON,senate,4,mail,21,33
WILSON,senate,4,mail,22,14
WILSON,senate,4,mail,23,1
WILSON,senate,4,mail,25,7
WILSON,senate,4,mail,26,57
WILSON,senate,4,mail,27,19
WILSON,senate,4,mail,28,11
WILSON,senate,4,mail,29,59
WILSON,senate,4,mail,32,13
WILSON,senate,4,mail,33,5
WILSON,senate,4,mail,34,8
WILSON,senate,4,mail,35,11
WILSON,senate,4,mail,36,12
WILSON,senate,4,mail,39,3
WILSON,senate,4,mail,40,1
WILSON,senate,4,mail,43,2
WILSON,senate,4,mail,45,1
YADKIN,house,77,inperson,3,678
YADKIN,house,77,inperson,4,972
YADKIN,house,77,inperson,5,748
YADKIN,house,77,inperson,6,819
YADKIN,house,77,inperson,7,807
YADKIN,house,77,inperson,8,883
YADKIN,house,77,inperson,10,681
YADKIN,house,77,inperson,11,978
YADKIN,house,77,inperson,12,956
YADKIN,house,77,inperson,13,959
YADKIN,house,77,inperson,14,965
YADKIN,house,77,inperson,15,931
YADKIN,house,77,inperson,17,782
YADKIN,house,77,inperson,18,929
YADKIN,house,77,inperson,19,818
YADKIN,house,77,mail,0,45
YADKIN,house,77,mail,1,45
YADKIN,house,77,mail,3,25
YADKIN,house,77,mail,4,43
YADKIN,house,77,mail,5,21
YADKIN,house,77,mail,6,33
YADKIN,house,77,mail,7,25
YADKIN,house,77,mail,8,29
YADKIN,house,77,mail,10,14
YADKIN,house,77,mail,11,15
YADKIN,house,77,mail,12,37
YADKIN,house,77,mail,13,29
YADKIN,house,77,mail,14,39
YADKIN,house,77,mail,15,7
YADKIN,house,77,mail,17,12
YADKIN,house,77,mail,18,23
YADKIN,house,77,mail,19,27
YADKIN,house,77,mail,20,12
YADKIN,house,77,mail,21,22
YADKIN,house,77,mail,22,14
YADKIN,house,77,mail,25,8
YADKIN,house,77,mail,26,17
YADKIN,house,77,mail,27,12
YADKIN,house,77,mail,28,15
YADKIN,house,77,mail,29,32
YADKIN,house,77,mail,32,13
YADKIN,house,77,mail,33,7
YADKIN,house,77,mail,34,9
YADKIN,house,77,mail,35,14
YADKIN,house,77,mail,36,17
YADKIN,house,77,mail,39,3
YADKIN,house,77,mail,42,2
YADKIN,house,77,mail,43,1
YADKIN,senate,36,inperson,3,678
YADKIN,senate,36,inperson,4,972
YADKIN,senate,36,inperson,5,748
YADKIN,senate,36,inperson,6,819
YADKIN,senate,36,inperson,7,807
YADKIN,senate,36,inperson,8,883
YADKIN,senate,36,inperson,10,681
YADKIN,senate,36,inperson,11,978
YADKIN,senate,36,inperson,12,956
YADKIN,senate,36,inperson,13,959
YADKIN,senate,36,inperson,14,965
YADKIN,senate,36,inperson,15,931
YADKIN,senate,36,inperson,17,782
YADKIN,senate,36,inperson,18,929
YADKIN,senate,36,inperson,19,818
YADKIN,senate,36,mail,0,45
YADKIN,senate,36,mail,1,45
YADKIN,senate,36,mail,3,25
YADKIN,senate,36,mail,4,43
YADKIN,senate,36,mail,5,21
YADKIN,senate,36,mail,6,33
YADKIN,senate,36,mail,7,25
YADKIN,senate,36,mail,8,29
YADKIN,senate,36,mail,10,14
YADKIN,senate,36,mail,11,15
YADKIN,senate,36,mail,12,37
YADKIN,senate,36,mail,13,29
YADKIN,senate,36,mail,14,39
YADKIN,senate,36,mail,15,7
YADKIN,senate,36,mail,17,12
YADKIN,senate,36,mail,18,23
YADKIN,senate,36,mail,19,27
YADKIN,senate,36,mail,20,12
YADKIN,senate,36,mail,21,22
YADKIN,senate,36,mail,22,14
YADKIN,senate,36,mail,25,8
YADKIN,senate,36,mail,26,17
YADKIN,senate,36,mail,27,12
YADKIN,senate,36,mail,28,15
YADKIN,senate,36,mail,29,32
YADKIN,senate,36,mail,32,13
YADKIN,senate,36,mail,33,7
YADKIN,senate,36,mail,34,9
YADKIN,senate,36,mail,35,14
YADKIN,senate,36,mail,36,17
YADKIN,senate,36,mail,39,3
YADKIN,senate,36,mail,42,2
YADKIN,senate,36,mail,43,1
YANCEY,house,85,inperson,3,510
YANCEY,house,85,inperson,4,628
YANCEY,house,85,inperson,5,452
YANCEY,house,85,inperson,6,533
YANCEY,house,85,inperson,7,551
YANCEY,house,85,inperson,8,589
YANCEY,house,85,inperson,10,224
YANCEY,house,85,inperson,11,645
YANCEY,house,85,inperson,12,649
YANCEY,house,85,inperson,13,641
YANCEY,house,85,inperson,14,771
YANCEY,house,85,inperson,15,807
YANCEY,house,85,inperson,18,697
YANCEY,house,85,inperson,19,744
YANCEY,house,85,mail,0,45
YANCEY,house,85,mail,1,74
YANCEY,house,85,mail,3,54
YANCEY,house,85,mail,4,9
YANCEY,house,85,mail,5,83
YANCEY,house,85,mail,6,8
YANCEY,house,85,mail,7,72
YANCEY,house,85,mail,8,38
YANCEY,house,85,mail,10,2
YANCEY,house,85,mail,11,70
YANCEY,house,85,mail,12,32
YANCEY,house,85,mail,13,55
YANCEY,house,85,mail,14,29
YANCEY,house,85,mail,15,43
YANCEY,house,85,mail,19,6
YANCEY,house,85,mail,20,13
YANCEY,house,85,mail,21,5
YANCEY,house,85,mail,22,13
YANCEY,house,85,mail,25,23
YANCEY,house,85,mail,28,3
YANCEY,house,85,mail,33,1
YANCEY,house,85,mail,35,1
YANCEY,house,85,mail,40,1
YANCEY,house,85,mail,45,1
YANCEY,senate,47,inperson,3,510
YANCEY,senate,47,inperson,4,628
YANCEY,senate,47,inperson,5,452
YANCEY,senate,47,inperson,6,533
YANCEY,senate,47,inperson,7,551
YANCEY,senate,47,inperson,8,589
YANCEY,senate,47,inperson,10,224
YANCEY,senate,47,inperson,11,645
YANCEY,senate,47,inperson,12,649
YANCEY,senate,47,inperson,13,641
YANCEY,senate,47,inperson,14,771
YANCEY,senate,47,inperson,15,807
YANCEY,senate,47,inperson,18,697
YANCEY,senate,47,inperson,19,744
YANCEY,senate,47,mail,0,45
YANCEY,senate,47,mail,1,74
YANCEY,senate,47,mail,3,54
YANCEY,senate,47,mail,4,9
YANCEY,senate,47,mail,5,83
YANCEY,senate,47,mail,6,8
YANCEY,senate,47,mail,7,72
YANCEY,senate,47,mail,8,38
YANCEY,senate,47,mail,10,2
YANCEY,senate,47,mail,11,70
YANCEY,senate,47,mail,12,32
YANCEY,senate,47,mail,13,55
YANCEY,senate,47,mail,14,29
YANCEY,senate,47,mail,15,43
YANCEY,senate,47,mail,19,6
YANCEY,senate,47,mail,20,13
YANCEY,senate,47,mail,21,5
YANCEY,senate,47,mail,22,13
YANCEY,senate,47,mail,25,23
YANCEY,senate,47,mail,28,3
YANCEY,senate,47,mail,33,1
YANCEY,senate,47,mail,35,1
YANCEY,senate,47,mail,40,1
YANCEY,senate,47,mail,45,1
